image_id,PredictionString
CCTV01^20260318-110000-20260318-120000_000061,10 0.895996 0.775 0.729167 0.148438 0.355556 3 0.844727 0.524219 0.876389 0.067187 0.188889 2 0.743164 0.192578 0.732639 0.053906 0.104167 10 0.742188 0.192578 0.616667 0.163281 0.25 10 0.611328 0.4125 0.389583 0.109375 0.120833 0 0.554688 0.303906 0.945833 0.042188 0.091667 0 0.517578 0.142187 0.855556 0.059375 0.102778 3 0.445557 0.422266 0.504167 0.052344 0.063889 0 0.424316 0.317969 0.482639 0.025 0.059722 4 0.422607 0.964453 0.640278 0.063281 0.125 0 0.332764 0.782422 0.938889 0.052344 0.102778 10 0.300781 0.021094 0.665278 0.042188 0.213889 0 0.256836 0.865234 0.543056 0.028906 0.077778 3 0.250977 0.641406 0.438889 0.0375 0.077778 0 0.217285 0.927734 0.661806 0.039844 0.0875 11 0.163452 0.019922 0.6625 0.039844 0.191667 1 0.147583 0.883203 0.707639 0.036719 0.0875 2 0.104126 0.282813 0.429861 0.021875 0.051389 10 0.059204 0.197656 0.446528 0.107813 0.145833 2 0.05899 0.059766 0.688194 0.057031 0.098611 9 0.042877 0.020703 0.659722 0.041406 0.183333 3 0.042084 0.515625 0.384028 0.03125 0.043056 0 0.020096 0.790234 0.48125 0.027344 0.070833 0 0.018127 0.230078 0.961806 0.049219 0.070833 3 0.016724 0.648828 0.402083 0.033594 0.048611 8 0.016464 0.019141 0.647917 0.038281 0.159722 0 0.015129 0.907031 0.576389 0.029687 0.069444 10 0.012428 0.671094 0.322917 0.045312 0.104167 0 0.011467 0.811719 0.449306 0.023438 0.056944 1 0.007965 0.860156 0.745139 0.025 0.073611 0 0.006641 0.882422 0.491667 0.022656 0.055556 3 0.006615 0.646484 0.415972 0.033594 0.054167 7 0.004982 0.060547 0.688889 0.055469 0.1 0 0.004181 0.258203 0.442361 0.025781 0.054167 3 0.003622 0.008594 0.255556 0.017188 0.033333 0 0.003376 0.901172 0.544444 0.027344 0.069444 2 0.002737 0.994922 0.659028 0.010156 0.090278 0 0.002714 0.309375 0.452778 0.01875 0.044444 10 0.002672 0.977344 0.596528 0.045312 0.173611 10 0.002443 0.987891 0.538889 0.022656 0.127778 10 0.002209 0.994531 0.536111 0.010937 0.122222 11 0.002115 0.960156 0.622917 0.075 0.1625 0 0.001972 0.954688 0.625 0.0875 0.152778 3 0.001897 0.841797 0.956944 0.078906 0.075 0 0.001782 0.322266 0.485417 0.039844 0.073611 5 0.0017 0.792969 0.999306 0.129688 0.001389 9 0.001235 0.963672 0.63125 0.067969 0.134722 12 0.001225 0.907422 0.998611 0.147656 0.002778 0 0.001112 0.149219 0.853472 0.090625 0.145833
CCTV01^20260318-110000-20260318-120000_000065,3 0.872559 0.525 0.877083 0.065625 0.1875 10 0.768555 0.384375 0.4375 0.115625 0.138889 3 0.743164 0.730078 0.627778 0.057031 0.1 0 0.609375 0.313281 0.802083 0.039062 0.109722 10 0.601074 0.254688 0.495139 0.153125 0.176389 3 0.546875 0.642188 0.404167 0.028125 0.055556 2 0.546875 0.243359 0.68125 0.049219 0.101389 10 0.53125 0.7 0.443056 0.0625 0.158333 4 0.474609 0.964063 0.643056 0.0625 0.113889 0 0.413086 0.897266 0.561806 0.039844 0.081944 0 0.368408 0.937891 0.675 0.039844 0.088889 2 0.354004 0.467969 0.45 0.03125 0.061111 10 0.245117 0.491797 0.336806 0.077344 0.098611 1 0.245117 0.750781 0.472222 0.01875 0.055556 1 0.236572 0.220312 0.804861 0.0375 0.101389 0 0.19812 0.295312 0.541667 0.032813 0.072222 1 0.190674 0.388281 0.552083 0.025 0.059722 2 0.103394 0.790234 0.459722 0.027344 0.052778 1 0.052246 0.719922 0.76875 0.027344 0.0875 5 0.039185 0.526172 0.369444 0.032031 0.055556 10 0.038025 0.065234 0.856944 0.130469 0.286111 4 0.027374 0.101172 0.704167 0.102344 0.113889 0 0.026657 0.139844 0.641667 0.035937 0.066667 3 0.014114 0.008594 0.255556 0.017188 0.033333 0 0.012871 0.807813 0.436806 0.025 0.051389 3 0.010208 0.098437 0.697222 0.092188 0.116667 5 0.008217 0.099219 0.695833 0.09375 0.1 1 0.007694 0.226172 0.802083 0.066406 0.109722 1 0.00639 0.755469 0.469444 0.03125 0.063889 0 0.005981 0.46875 0.449306 0.029687 0.065278 7 0.005554 0.102734 0.704167 0.103906 0.119444 0 0.005428 0.782813 0.461806 0.03125 0.056944 1 0.004848 0.767578 0.460417 0.014844 0.054167 0 0.004719 0.877734 0.504861 0.027344 0.0625 0 0.004574 0.790234 0.465278 0.027344 0.063889 0 0.004265 0.938672 0.6625 0.030469 0.080556 0 0.00316 0.905078 0.572222 0.035156 0.080556 2 0.002935 0.778516 0.458333 0.022656 0.05 1 0.002867 0.640625 0.566667 0.021875 0.077778 10 0.002823 0.202344 0.452083 0.1125 0.154167 2 0.002621 0.994922 0.657639 0.010156 0.093056 0 0.00259 0.024609 0.733333 0.042969 0.077778 0 0.002398 0.863672 0.475 0.017969 0.055556 0 0.002398 0.957422 0.629167 0.077344 0.147222 2 0.002306 0.993359 0.638889 0.013281 0.094444 2 0.002216 0.966406 0.644444 0.054688 0.105556 0 0.002115 0.467578 0.400694 0.022656 0.045833 1 0.001972 0.742969 0.424306 0.017188 0.048611 0 0.001867 0.858594 0.478472 0.025 0.0625 0 0.001714 0.992969 0.640972 0.014063 0.101389 9 0.001636 0.200391 0.449306 0.113281 0.148611 12 0.001536 0.107031 0.999306 0.148438 0.001389 10 0.001507 0.014844 0.811111 0.029687 0.302778 1 0.001444 0.751563 0.478472 0.025 0.070833 0 0.001399 0.901172 0.551389 0.061719 0.088889 0 0.001389 0.102734 0.697917 0.105469 0.134722 1 0.001279 0.995313 0.922222 0.009375 0.155556 1 0.001274 0.378906 0.577083 0.023438 0.059722 12 0.001249 0.625391 0.348611 0.027344 0.058333 3 0.001235 0.107813 0.307639 0.021875 0.034722 1 0.001188 0.639844 0.584028 0.025 0.054167 0 0.001156 0.201172 0.475694 0.111719 0.201389 9 0.001081 0.102344 0.698611 0.104688 0.130556 10 0.001065 0.992969 0.538194 0.014063 0.129167
CCTV01^20260318-110000-20260318-120000_000069,10 0.856445 0.346484 0.429167 0.116406 0.141667 3 0.845703 0.524219 0.876389 0.067187 0.188889 10 0.843262 0.810547 0.794444 0.149219 0.386111 3 0.767578 0.705469 0.666667 0.048438 0.119444 10 0.712891 0.191406 0.641667 0.175 0.275 2 0.615234 0.337891 0.50625 0.033594 0.065278 5 0.584961 0.351562 0.611111 0.06875 0.105556 10 0.488281 0.453125 0.377778 0.090625 0.111111 3 0.486328 0.755078 0.594444 0.052344 0.077778 7 0.457031 0.202344 0.763889 0.120313 0.152778 0 0.449463 0.897656 0.6875 0.0375 0.091667 2 0.424316 0.298828 0.60625 0.036719 0.070833 1 0.424316 0.291797 0.658333 0.032031 0.072222 0 0.271973 0.928125 0.663889 0.034375 0.094444 2 0.258301 0.971094 0.661111 0.057813 0.127778 0 0.210083 0.866016 0.549306 0.028906 0.0625 4 0.193115 0.971094 0.661111 0.057813 0.127778 9 0.137085 0.7 0.432639 0.04375 0.081944 1 0.104858 0.294141 0.640972 0.033594 0.081944 0 0.092041 0.316406 0.560417 0.026562 0.059722 10 0.083313 0.198047 0.444444 0.110156 0.138889 3 0.066833 0.878125 0.781944 0.0625 0.136111 0 0.058563 0.303516 0.513889 0.030469 0.058333 7 0.051086 0.7 0.434028 0.042188 0.081944 4 0.048676 0.700781 0.433333 0.045312 0.083333 4 0.045685 0.205078 0.767361 0.122656 0.154167 1 0.040375 0.633984 0.4125 0.016406 0.052778 0 0.037903 0.405469 0.470833 0.026562 0.069444 0 0.033478 0.098437 0.8875 0.040625 0.094444 0 0.027588 0.825 0.497222 0.028125 0.069444 0 0.027267 0.069531 0.663889 0.1375 0.263889 10 0.016785 0.059766 0.676389 0.117969 0.230556 10 0.013634 0.517969 0.303472 0.048438 0.0875 0 0.010292 0.91875 0.675 0.0375 0.1 0 0.01001 0.958984 0.651389 0.077344 0.158333 1 0.00885 0.483984 0.426389 0.032031 0.058333 0 0.00629 0.928906 0.648611 0.092188 0.155556 0 0.006073 0.88125 0.489583 0.028125 0.0625 0 0.005753 0.928516 0.561111 0.028906 0.072222 0 0.003824 0.626172 0.802083 0.035156 0.0875 0 0.003197 0.898828 0.6625 0.080469 0.141667 3 0.00316 0.008594 0.254861 0.017188 0.031944 3 0.002253 0.241406 0.497222 0.046875 0.047222 0 0.002182 0.869922 0.549306 0.047656 0.079167 2 0.00202 0.995313 0.9125 0.009375 0.163889 3 0.001957 0.107031 0.309028 0.021875 0.034722 10 0.001934 0.757812 0.350694 0.05 0.1125 10 0.001675 0.977344 0.590278 0.045312 0.158333 1 0.001597 0.653906 0.423611 0.025 0.052778 1 0.001592 0.297266 0.654167 0.052344 0.077778 10 0.001525 0.010937 0.723611 0.021875 0.283333 0 0.001455 0.278125 0.513194 0.020313 0.054167 10 0.001444 0.975 0.629861 0.05 0.209722 1 0.001305 0.664062 0.428472 0.025 0.054167 10 0.001274 0.989453 0.539583 0.019531 0.120833 2 0.001235 0.9875 0.911111 0.025 0.175 4 0.001143 0.86875 0.780556 0.075 0.152778 12 0.001134 0.1125 0.944444 0.2 0.111111 9 0.001107 0.353125 0.613889 0.067187 0.1
CCTV01^20260318-110000-20260318-120000_000073,3 0.841797 0.524219 0.876389 0.067187 0.188889 10 0.808594 0.100391 0.7125 0.200781 0.297222 10 0.671387 0.375 0.525 0.13125 0.194444 0 0.663574 0.321094 0.790972 0.034375 0.095833 3 0.552734 0.258984 0.696528 0.072656 0.109722 6 0.466797 0.872656 0.6 0.125 0.258333 10 0.458008 0.239063 0.872222 0.11875 0.247222 1 0.434082 0.135937 0.800694 0.0375 0.076389 1 0.40918 0.776172 0.658333 0.027344 0.077778 4 0.373779 0.698828 0.44375 0.035156 0.068056 2 0.332764 0.80625 0.485417 0.029687 0.059722 10 0.327637 0.872266 0.602083 0.127344 0.259722 1 0.269043 0.202734 0.716667 0.028906 0.072222 1 0.262939 0.664844 0.45 0.01875 0.055556 0 0.256836 0.944922 0.681944 0.036719 0.091667 0 0.160278 0.332031 0.852778 0.025 0.077778 1 0.133911 0.739844 0.470833 0.020313 0.055556 10 0.096375 0.462891 0.371528 0.085156 0.1125 0 0.088501 0.317578 0.71875 0.028906 0.0625 1 0.082397 0.259766 0.629167 0.027344 0.05 0 0.061188 0.312891 0.707639 0.028906 0.073611 1 0.051086 0.271875 0.552778 0.028125 0.061111 7 0.036346 0.699609 0.444444 0.035156 0.066667 1 0.031494 0.778516 0.655556 0.047656 0.083333 10 0.02298 0.246094 0.495139 0.132812 0.170833 10 0.022461 0.857422 0.885417 0.157031 0.223611 0 0.019867 0.308203 0.693056 0.027344 0.069444 0 0.019272 0.994531 0.768056 0.010937 0.175 1 0.017914 0.760156 0.474306 0.023438 0.051389 9 0.013123 0.994922 0.759722 0.010156 0.155556 3 0.013069 0.008594 0.258333 0.017188 0.027778 0 0.010986 0.363672 0.906944 0.038281 0.108333 0 0.01033 0.247656 0.490278 0.1375 0.172222 10 0.009636 0.988672 0.746528 0.022656 0.384722 2 0.0093 0.784766 0.445833 0.027344 0.052778 9 0.007374 0.343359 0.465972 0.128906 0.156944 1 0.007149 0.308594 0.692361 0.026562 0.068056 10 0.007149 0.342969 0.475694 0.126562 0.173611 11 0.006462 0.991406 0.767361 0.017188 0.220833 10 0.006313 0.379297 0.386111 0.096094 0.102778 1 0.005867 0.364063 0.904861 0.0375 0.106944 3 0.005642 0.995703 0.750694 0.008594 0.140278 0 0.005138 0.197656 0.477778 0.101562 0.188889 9 0.004505 0.991406 0.759722 0.017188 0.205556 10 0.0042 0.98125 0.759722 0.0375 0.444444 0 0.003809 0.94375 0.68125 0.057813 0.101389 1 0.003622 0.767578 0.475 0.027344 0.05 0 0.003429 0.784766 0.447222 0.027344 0.055556 6 0.003027 0.240234 0.869444 0.121094 0.244444 8 0.002737 0.990625 0.76875 0.01875 0.234722 10 0.002512 0.978906 0.579861 0.042188 0.165278 1 0.002481 0.322656 0.725 0.03125 0.075 3 0.00227 0.75 0.377778 0.028125 0.055556 6 0.00226 0.995703 0.732639 0.008594 0.148611 10 0.001972 0.383594 0.436806 0.098437 0.123611 1 0.001687 0.7375 0.468056 0.029687 0.063889 10 0.001597 0.197656 0.455556 0.107813 0.161111 0 0.001585 0.995313 0.804861 0.009375 0.140278 8 0.001495 0.875 0.88125 0.203125 0.2375 1 0.001467 0.752344 0.966667 0.042188 0.061111 0 0.00141 0.319531 0.825 0.028125 0.077778 0 0.00141 0.34375 0.481944 0.126562 0.177778 10 0.00141 0.985547 0.684028 0.028906 0.293056 2 0.001399 0.989844 0.771528 0.020313 0.220833 1 0.001202 0.189844 0.692361 0.0375 0.093056 7 0.001008 0.642188 0.305556 0.025 0.05
CCTV01^20260318-110000-20260318-120000_000077,7 0.862305 0.926172 0.738889 0.072656 0.113889 3 0.811523 0.524219 0.876389 0.06875 0.191667 3 0.754883 0.694922 0.53125 0.039844 0.076389 3 0.729492 0.75625 0.617361 0.046875 0.115278 2 0.729492 0.977344 0.672917 0.042188 0.084722 2 0.672363 0.985938 0.872222 0.028125 0.116667 10 0.662598 0.235547 0.623611 0.224219 0.255556 0 0.658203 0.319141 0.800694 0.042969 0.118056 1 0.65332 0.903906 0.836806 0.029687 0.104167 4 0.629883 0.828906 0.740972 0.09375 0.165278 9 0.59082 0.828125 0.742361 0.096875 0.165278 10 0.543945 0.128125 0.828472 0.21875 0.340278 1 0.484375 0.770703 0.540972 0.019531 0.059722 1 0.386719 0.743359 0.476389 0.022656 0.052778 0 0.343262 0.304297 0.711806 0.036719 0.0875 2 0.273682 0.984766 0.780556 0.030469 0.105556 0 0.193726 0.878906 0.507639 0.03125 0.079167 1 0.188354 0.889453 0.961111 0.032031 0.077778 11 0.108582 0.827344 0.740278 0.095312 0.163889 3 0.091736 0.989844 0.949306 0.020313 0.101389 9 0.085999 0.441016 0.451389 0.088281 0.102778 9 0.063721 0.3875 0.4375 0.121875 0.161111 10 0.053009 0.386719 0.436806 0.120313 0.159722 0 0.023331 0.789062 0.410417 0.025 0.0625 6 0.019562 0.441406 0.450694 0.085938 0.104167 0 0.018478 0.871484 0.511806 0.035156 0.073611 0 0.013794 0.882422 0.521528 0.027344 0.0625 2 0.012573 0.992578 0.649306 0.014844 0.106944 0 0.010696 0.992969 0.640972 0.014063 0.098611 4 0.009598 0.441406 0.45 0.0875 0.1 1 0.009338 0.984766 0.945833 0.028906 0.108333 4 0.008255 0.985156 0.89375 0.029687 0.2125 3 0.008064 0.008594 0.254167 0.017188 0.036111 0 0.005554 0.859766 0.522222 0.022656 0.061111 1 0.004719 0.738672 0.475 0.035156 0.061111 1 0.004719 0.772656 0.540972 0.029687 0.070833 10 0.004383 0.005078 0.638194 0.010156 0.120833 1 0.004364 0.764844 0.547917 0.03125 0.076389 0 0.00433 0.309766 0.750694 0.083594 0.170833 1 0.003914 0.908984 0.842361 0.060156 0.1125 10 0.003593 0.992969 0.536806 0.014063 0.104167 1 0.003298 0.931641 0.56875 0.022656 0.0625 4 0.003124 0.051953 0.632639 0.041406 0.076389 10 0.002684 0.98125 0.595833 0.0375 0.152778 10 0.002472 0.201172 0.444444 0.110156 0.147222 0 0.00227 0.302734 0.716667 0.088281 0.152778 0 0.002165 0.861328 0.510417 0.028906 0.076389 0 0.001987 0.005078 0.64375 0.010156 0.1125 0 0.001942 0.325 0.724306 0.071875 0.181944 0 0.001912 0.875 0.494444 0.03125 0.077778 3 0.001818 0.107031 0.309028 0.021875 0.0375 12 0.001796 0.008594 0.253472 0.017188 0.040278 0 0.001655 0.305859 0.713194 0.055469 0.101389 2 0.001513 0.994922 0.731944 0.010156 0.1 0 0.001192 0.9 0.478472 0.021875 0.056944 0 0.001095 0.932813 0.574306 0.025 0.070833 0 0.00109 0.201563 0.445833 0.109375 0.152778 2 0.001065 0.479687 0.368056 0.04375 0.05 10 0.00104 0.988281 0.607639 0.023438 0.134722
CCTV01^20260318-110000-20260318-120000_000081,12 0.849121 0.816016 0.720833 0.060156 0.175 10 0.844238 0.226562 0.708333 0.175 0.366667 3 0.82666 0.771484 0.879861 0.066406 0.1625 3 0.792969 0.524219 0.876389 0.06875 0.191667 0 0.640625 0.278125 0.91875 0.053125 0.1125 0 0.602051 0.91875 0.734028 0.040625 0.095833 3 0.460938 0.305078 0.747917 0.061719 0.1125 7 0.375732 0.349609 0.929861 0.082031 0.131944 12 0.37207 0.348438 0.929167 0.08125 0.130556 1 0.329346 0.74375 0.678472 0.025 0.084722 3 0.327637 0.848828 0.640972 0.049219 0.1125 2 0.29248 0.363672 0.56875 0.047656 0.095833 3 0.284668 0.169531 0.960417 0.078125 0.079167 3 0.252441 0.021875 0.916667 0.04375 0.161111 0 0.246582 0.903906 0.542361 0.029687 0.073611 0 0.185303 0.869922 0.518056 0.022656 0.063889 3 0.138428 0.10625 0.891667 0.1 0.177778 4 0.117554 0.021875 0.909722 0.04375 0.147222 9 0.113586 0.395703 0.470833 0.122656 0.152778 2 0.103027 0.046875 0.709028 0.071875 0.1125 0 0.053986 0.898047 0.554167 0.032031 0.072222 9 0.052826 0.484766 0.433333 0.096094 0.138889 10 0.049042 0.483984 0.432639 0.097656 0.140278 10 0.039948 0.216016 0.428472 0.117969 0.134722 9 0.030792 0.215234 0.43125 0.116406 0.1375 10 0.025467 0.021484 0.913889 0.042969 0.172222 3 0.013847 0.995313 0.814583 0.009375 0.156944 10 0.013023 0.393359 0.46875 0.116406 0.154167 1 0.010986 0.747266 0.676389 0.053906 0.1 9 0.007668 0.10625 0.89375 0.1 0.170833 0 0.006241 0.994531 0.870139 0.010937 0.195833 0 0.005798 0.990625 0.847222 0.01875 0.2 0 0.005302 0.267188 0.4875 0.03125 0.058333 0 0.005161 0.810937 0.461111 0.01875 0.055556 1 0.004925 0.747656 0.688889 0.039062 0.097222 9 0.004025 0.168359 0.627083 0.185156 0.243056 10 0.004005 0.988672 0.795833 0.022656 0.4 3 0.003914 0.019531 0.88125 0.039062 0.109722 10 0.003708 0.173437 0.624306 0.18125 0.245833 7 0.003456 0.019922 0.911111 0.039844 0.155556 3 0.003403 0.990625 0.81875 0.01875 0.195833 4 0.003338 0.763672 0.404861 0.035156 0.073611 12 0.002947 0.223047 0.998611 0.139844 0.002778 6 0.002855 0.393359 0.472222 0.117969 0.15 0 0.002855 0.327734 0.577778 0.028906 0.072222 1 0.002758 0.89375 0.554167 0.028125 0.061111 0 0.00259 0.405078 0.460417 0.135156 0.156944 1 0.002443 0.811328 0.461806 0.017969 0.056944 5 0.002405 0.217188 0.999306 0.1375 0.001389 3 0.002035 0.007812 0.878472 0.015625 0.115278 2 0.001649 0.993359 0.649306 0.013281 0.115278 0 0.001611 0.994531 0.664583 0.010937 0.140278 2 0.001554 0.763672 0.404167 0.035156 0.077778 0 0.001444 0.996094 0.779167 0.007812 0.138889 9 0.001341 0.353516 0.427083 0.119531 0.134722 10 0.001206 0.977344 0.585417 0.045312 0.1375
CCTV01^20260318-110000-20260318-120000_000085,3 0.854004 0.524219 0.876389 0.067187 0.188889 10 0.719238 0.369922 0.481944 0.138281 0.155556 2 0.697754 0.092578 0.8 0.049219 0.105556 0 0.675781 0.264453 0.891667 0.047656 0.091667 12 0.673828 0.30625 0.811111 0.09375 0.116667 2 0.672363 0.016797 0.858333 0.033594 0.122222 10 0.610352 0.240234 0.672917 0.169531 0.326389 0 0.529297 0.345313 0.911806 0.05 0.095833 3 0.519531 0.832422 0.931944 0.067969 0.125 3 0.488281 0.178516 0.938889 0.077344 0.116667 3 0.42627 0.100391 0.930556 0.088281 0.122222 0 0.40918 0.7875 0.657639 0.040625 0.093056 10 0.359375 0.489453 0.430556 0.085156 0.147222 2 0.359375 0.098828 0.724306 0.049219 0.090278 2 0.343262 0.697656 0.477083 0.029687 0.0625 1 0.313965 0.842969 0.784028 0.039062 0.093056 0 0.23938 0.005859 0.732639 0.011719 0.081944 0 0.181274 0.015625 0.66875 0.03125 0.070833 10 0.161865 0.24375 0.415972 0.129688 0.140278 2 0.127686 0.988281 0.901389 0.023438 0.197222 0 0.097412 0.840234 0.491667 0.027344 0.075 3 0.096375 0.305469 0.73125 0.059375 0.076389 3 0.059204 0.28125 0.96875 0.109375 0.059722 3 0.049408 0.986719 0.901389 0.026562 0.197222 4 0.043213 0.054297 0.631944 0.042969 0.069444 1 0.037903 0.845313 0.781944 0.0625 0.102778 0 0.028015 0.010156 0.954167 0.020313 0.091667 0 0.027374 0.990234 0.916667 0.019531 0.166667 5 0.020569 0.280078 0.970833 0.132031 0.058333 1 0.02002 0.207031 0.573611 0.028125 0.063889 10 0.018234 0.980078 0.800694 0.039844 0.398611 0 0.015488 0.368359 0.947917 0.047656 0.070833 0 0.011642 0.957812 0.615972 0.0375 0.093056 3 0.011246 0.008594 0.255556 0.017188 0.033333 0 0.010857 0.008594 0.731944 0.017188 0.091667 4 0.01078 0.767188 0.431944 0.0375 0.072222 0 0.01033 0.377344 0.961111 0.048438 0.058333 2 0.008415 0.980078 0.897222 0.039844 0.158333 10 0.005688 0.3875 0.400694 0.109375 0.129167 5 0.004452 0.282031 0.999306 0.154688 0.001389 0 0.00399 0.751172 0.450694 0.027344 0.059722 2 0.003736 0.767578 0.43125 0.036719 0.070833 4 0.003525 0.015234 0.873611 0.030469 0.166667 0 0.002424 0.994141 0.663889 0.011719 0.133333 2 0.002216 0.007812 0.952778 0.015625 0.094444 0 0.001995 0.99375 0.943056 0.0125 0.113889 0 0.001629 0.992578 0.647222 0.014844 0.091667 3 0.001629 0.264844 0.972222 0.0875 0.05 0 0.001623 0.021484 0.661111 0.042969 0.088889 3 0.001549 0.148047 0.761111 0.035156 0.094444 12 0.001467 0.008594 0.254861 0.017188 0.0375 0 0.00145 0.357422 0.926389 0.064844 0.091667 3 0.001335 0.992578 0.857639 0.014844 0.184722 3 0.001255 0.107031 0.308333 0.021875 0.036111 6 0.001169 0.013281 0.890278 0.026562 0.213889 0 0.001129 0.80625 0.426389 0.026562 0.058333 10 0.001081 0.992578 0.609722 0.014844 0.133333 0 0.001004 0.890625 0.533333 0.1 0.138889
CCTV01^20260318-110000-20260318-120000_000089,3 0.851074 0.524219 0.876389 0.067187 0.188889 10 0.758301 0.286719 0.609722 0.1625 0.286111 10 0.67041 0.448828 0.405556 0.086719 0.116667 0 0.592773 0.85625 0.552083 0.029687 0.076389 2 0.569824 0.875 0.90625 0.060937 0.170833 12 0.527344 0.29375 0.792361 0.078125 0.098611 3 0.478516 0.207422 0.836111 0.066406 0.122222 3 0.474609 0.500391 0.440278 0.036719 0.052778 0 0.470703 0.077344 0.836806 0.059375 0.106944 2 0.445557 0.805859 0.471528 0.027344 0.065278 0 0.375732 0.888672 0.544444 0.027344 0.066667 2 0.363037 0.035547 0.727778 0.053906 0.1 0 0.354004 0.300391 0.872917 0.061719 0.093056 3 0.327637 0.455859 0.479861 0.064844 0.059722 1 0.230957 0.726172 0.54375 0.022656 0.068056 1 0.226807 0.167578 0.775 0.032031 0.083333 10 0.169922 0.291797 0.394444 0.138281 0.127778 1 0.162964 0.141016 0.823611 0.030469 0.086111 3 0.162354 0.1 0.963889 0.067187 0.069444 0 0.152588 0.319531 0.956944 0.05 0.080556 0 0.151489 0.75 0.456944 0.028125 0.055556 3 0.151489 0.148047 0.707639 0.077344 0.090278 3 0.122498 0.305859 0.73125 0.058594 0.076389 0 0.105957 0.263281 0.893056 0.040625 0.077778 2 0.093994 0.374609 0.403472 0.027344 0.051389 1 0.065613 0.985156 0.670833 0.029687 0.075 5 0.064209 0.234375 0.944444 0.11875 0.105556 3 0.062561 0.3875 0.490278 0.051562 0.052778 1 0.05835 0.903906 0.629167 0.029687 0.066667 0 0.054413 0.353125 0.9 0.040625 0.088889 0 0.045532 0.141797 0.827778 0.030469 0.094444 0 0.045013 0.771094 0.440278 0.020313 0.05 3 0.037598 0.236719 0.943056 0.115625 0.102778 10 0.029419 0.240234 0.547222 0.158594 0.2 9 0.025757 0.239063 0.547917 0.153125 0.198611 0 0.019562 0.172266 0.959028 0.055469 0.070833 2 0.017639 0.396094 0.434028 0.029687 0.054167 0 0.016586 0.928125 0.591667 0.032813 0.072222 3 0.015305 0.507422 0.403472 0.027344 0.034722 0 0.012238 0.740625 0.454861 0.023438 0.054167 1 0.01178 0.73125 0.543056 0.042188 0.077778 1 0.011551 0.928906 0.593056 0.03125 0.072222 0 0.009712 0.247266 0.871528 0.033594 0.068056 3 0.008949 0.008594 0.252778 0.017188 0.038889 2 0.005688 0.345703 0.429167 0.030469 0.05 4 0.005665 0.133594 0.616667 0.064062 0.094444 2 0.005119 0.351172 0.420139 0.022656 0.048611 0 0.004829 0.35625 0.929167 0.048438 0.119444 10 0.004791 0.989453 0.540278 0.019531 0.125 12 0.003855 0.175391 0.997917 0.127344 0.004167 3 0.003456 0.985156 0.672222 0.029687 0.083333 0 0.003429 0.869141 0.535417 0.097656 0.106944 0 0.003338 0.373828 0.931944 0.088281 0.113889 10 0.003273 0.992969 0.536111 0.014063 0.122222 4 0.002913 0.225 0.694444 0.082812 0.102778 10 0.002653 0.977344 0.58125 0.045312 0.145833 3 0.002571 0.995703 0.707639 0.008594 0.118056 1 0.002359 0.921484 0.608333 0.035156 0.088889 0 0.002359 0.078906 0.785417 0.035937 0.056944 11 0.002342 0.401953 0.940972 0.222656 0.118056 0 0.002306 0.769922 0.445139 0.025781 0.070833 2 0.001942 0.387891 0.418056 0.021094 0.063889 1 0.001867 0.913672 0.6125 0.055469 0.091667 1 0.001839 0.892969 0.538194 0.026562 0.065278 0 0.001727 0.985547 0.663194 0.027344 0.090278 0 0.00172 0.069922 0.802083 0.049219 0.081944 3 0.001597 0.204297 0.689583 0.039844 0.073611 0 0.001585 0.392969 0.940972 0.107813 0.104167 1 0.001513 0.994922 0.929167 0.010156 0.141667 2 0.001455 0.9875 0.920833 0.025 0.158333 11 0.001399 0.133203 0.623611 0.083594 0.155556 2 0.001356 0.993359 0.655556 0.013281 0.108333 2 0.001206 0.994922 0.923611 0.010156 0.152778 12 0.001188 0.008594 0.249306 0.017188 0.048611 0 0.001129 0.275781 0.873611 0.048438 0.080556 2 0.001065 0.012109 0.679861 0.024219 0.093056 3 0.001065 0.095312 0.9625 0.082812 0.075
CCTV01^20260318-110000-20260318-120000_000126,10 0.913086 0.353906 0.448611 0.117188 0.147222 3 0.889648 0.524609 0.877778 0.066406 0.186111 2 0.839844 0.936719 0.861111 0.060937 0.108333 2 0.830078 0.848828 0.483333 0.038281 0.077778 3 0.81543 0.299219 0.607639 0.085938 0.073611 2 0.805664 0.317578 0.531944 0.033594 0.072222 3 0.800781 0.210547 0.858333 0.080469 0.144444 0 0.799316 0.763281 0.91875 0.035937 0.104167 2 0.796875 0.300391 0.648611 0.033594 0.088889 0 0.794434 0.222266 0.690278 0.028906 0.080556 0 0.773438 0.305859 0.892361 0.039844 0.109722 0 0.751953 0.274219 0.505556 0.026562 0.061111 0 0.73584 0.188672 0.611806 0.025781 0.0625 0 0.690918 0.796875 0.547917 0.021875 0.068056 1 0.679199 0.263281 0.668056 0.020313 0.063889 1 0.672363 0.151562 0.801389 0.029687 0.086111 1 0.65332 0.192188 0.734722 0.023438 0.072222 1 0.65332 0.396094 0.929167 0.035937 0.097222 1 0.651367 0.169922 0.7125 0.022656 0.066667 1 0.581543 0.652344 0.466667 0.01875 0.052778 0 0.577637 0.015234 0.872917 0.030469 0.118056 1 0.558105 0.942187 0.685417 0.025 0.073611 0 0.44751 0.196094 0.561111 0.026562 0.052778 1 0.418701 0.957812 0.790278 0.0375 0.091667 0 0.381104 0.852734 0.593056 0.033594 0.080556 0 0.346924 0.376563 0.579167 0.025 0.058333 3 0.346924 0.147266 0.967361 0.083594 0.059722 0 0.32251 0.896094 0.525694 0.020313 0.056944 0 0.218628 0.819922 0.473611 0.019531 0.061111 4 0.193115 0.074219 0.696528 0.057813 0.081944 3 0.191895 0.791797 0.488194 0.032031 0.076389 0 0.183594 0.396484 0.927083 0.035156 0.093056 1 0.176636 0.925 0.964583 0.032813 0.065278 4 0.171021 0.791797 0.488194 0.033594 0.076389 7 0.139404 0.792578 0.488889 0.032031 0.075 1 0.136108 0.7625 0.470833 0.017188 0.05 0 0.103027 0.957812 0.788194 0.0375 0.093056 0 0.073181 0.073828 0.696528 0.057031 0.081944 0 0.06076 0.261328 0.438194 0.022656 0.048611 1 0.056458 0.825 0.56875 0.017188 0.056944 10 0.047089 0.672266 0.332639 0.047656 0.118056 0 0.041779 0.475781 0.396528 0.017188 0.056944 0 0.035675 0.76875 0.441667 0.020313 0.05 0 0.035278 0.9 0.579861 0.021875 0.059722 0 0.035278 0.005078 0.736111 0.010156 0.111111 0 0.033081 0.983594 0.659028 0.025 0.070833 0 0.029648 0.977344 0.6625 0.026562 0.069444 1 0.028015 0.766406 0.452778 0.020313 0.063889 0 0.027176 0.166797 0.504861 0.027344 0.056944 0 0.015717 0.988672 0.654861 0.022656 0.095833 1 0.015366 0.973437 0.663889 0.025 0.069444 5 0.014839 0.519141 0.338194 0.030469 0.051389 1 0.011917 0.730078 0.441667 0.021094 0.05 0 0.011505 0.197656 0.548611 0.026562 0.061111 1 0.011032 0.716016 0.961111 0.035156 0.058333 1 0.010612 0.225391 0.459722 0.017969 0.047222 6 0.00927 0.766016 0.384722 0.052344 0.091667 10 0.008675 0.008984 0.745833 0.017969 0.275 1 0.008575 0.494922 0.397917 0.014844 0.048611 0 0.008545 0.20625 0.579861 0.021875 0.0625 0 0.008186 0.04375 0.688889 0.020313 0.058333 1 0.008095 0.507812 0.384722 0.017188 0.038889 0 0.006668 0.992188 0.647917 0.015625 0.090278 3 0.006462 0.312109 0.603472 0.064844 0.0625 1 0.005913 0.853516 0.657639 0.027344 0.079167 1 0.005302 0.503125 0.389583 0.01875 0.043056 1 0.005138 0.721484 0.972222 0.047656 0.05 0 0.003885 0.910156 0.582639 0.023438 0.059722 0 0.003416 0.912109 0.533333 0.016406 0.055556 1 0.003376 0.829297 0.566667 0.016406 0.055556 10 0.00326 0.009766 0.719444 0.019531 0.133333 5 0.003136 0.145703 0.998611 0.108594 0.002778 7 0.00297 0.348047 0.38125 0.028906 0.051389 0 0.002737 0.008594 0.736806 0.017188 0.1125 1 0.002737 0.927344 0.969444 0.045312 0.061111 10 0.002581 0.013672 0.903472 0.027344 0.193056 6 0.002531 0.015625 0.904861 0.03125 0.190278 3 0.002453 0.008203 0.254861 0.016406 0.031944 0 0.002253 0.875 0.505556 0.017188 0.047222 10 0.002216 0.005859 0.703472 0.011719 0.131944 1 0.002182 0.647266 0.465278 0.030469 0.058333 0 0.002165 0.024219 0.665278 0.03125 0.069444 1 0.00202 0.5125 0.388889 0.017188 0.038889 3 0.001934 0.521094 0.338889 0.032813 0.05 5 0.001734 0.208203 0.999306 0.133594 0.001389 10 0.001727 0.010937 0.8 0.021875 0.333333 0 0.00172 0.995703 0.693056 0.008594 0.1 0 0.001604 0.933984 0.588889 0.027344 0.066667 1 0.001597 0.734766 0.441667 0.022656 0.052778 1 0.001597 0.400781 0.458333 0.017188 0.036111 0 0.001561 0.289844 0.440972 0.01875 0.045833 1 0.001549 0.655078 0.4625 0.027344 0.058333 1 0.001543 0.176953 0.7125 0.028906 0.072222 10 0.001525 0.007422 0.671528 0.014844 0.223611 0 0.001501 0.996094 0.765278 0.007812 0.097222 1 0.001416 0.95625 0.770139 0.021875 0.070833 1 0.001325 0.182812 0.729861 0.035937 0.081944 0 0.001255 0.539844 0.4375 0.020313 0.047222 2 0.001235 0.978125 0.577083 0.04375 0.123611 10 0.001206 0.99375 0.535417 0.0125 0.098611 1 0.001197 0.744922 0.440972 0.019531 0.051389 1 0.001174 0.475 0.390972 0.01875 0.054167 0 0.001143 0.874219 0.471528 0.020313 0.051389 1 0.001143 0.963281 0.800694 0.03125 0.081944 2 0.001124 0.987109 0.609028 0.025781 0.1125 0 0.001032 0.977734 0.563194 0.039844 0.090278
CCTV01^20260318-110000-20260318-120000_000130,6 0.950684 0.928906 0.797917 0.120313 0.293056 10 0.927734 0.2125 0.652083 0.15625 0.254167 3 0.88623 0.524609 0.877778 0.066406 0.186111 2 0.830078 0.848047 0.482639 0.038281 0.079167 3 0.825684 0.443359 0.454167 0.046094 0.063889 2 0.819824 0.209766 0.919444 0.063281 0.122222 7 0.78125 0.230859 0.8 0.064844 0.133333 3 0.770508 0.501953 0.404861 0.038281 0.054167 2 0.762207 0.788672 0.932639 0.053906 0.118056 2 0.753418 0.1125 0.953472 0.05625 0.079167 3 0.737305 0.386328 0.572222 0.050781 0.072222 0 0.702637 0.803516 0.573611 0.022656 0.072222 0 0.694336 0.271094 0.448611 0.025 0.055556 1 0.618652 0.130469 0.838889 0.029687 0.083333 1 0.609375 0.827344 0.698611 0.025 0.080556 1 0.600098 0.727344 0.645833 0.025 0.072222 2 0.556641 0.193359 0.536806 0.027344 0.0625 0 0.546875 0.982812 0.685417 0.03125 0.090278 0 0.472656 0.285938 0.532639 0.025 0.059722 10 0.397949 0.685156 0.36875 0.05625 0.131944 0 0.279785 0.796094 0.528472 0.025 0.0625 0 0.23938 0.245312 0.715972 0.029687 0.068056 0 0.223999 0.394141 0.390278 0.016406 0.038889 0 0.218628 0.848047 0.567361 0.027344 0.065278 10 0.209473 0.492578 0.3375 0.074219 0.1 1 0.19812 0.88125 0.640278 0.021875 0.055556 0 0.193115 0.367578 0.377083 0.024219 0.045833 0 0.154053 0.775 0.467361 0.028125 0.056944 0 0.123352 0.334375 0.397222 0.015625 0.044444 0 0.088196 0.815234 0.495833 0.022656 0.058333 1 0.079773 0.698438 0.931944 0.025 0.091667 1 0.066345 0.838672 0.566667 0.019531 0.063889 0 0.045013 0.769531 0.461111 0.025 0.061111 1 0.03891 0.851562 0.564583 0.025 0.065278 0 0.035278 0.165234 0.525 0.022656 0.063889 0 0.029877 0.322656 0.402778 0.025 0.047222 2 0.027069 0.748828 0.398611 0.021094 0.05 0 0.022537 0.8125 0.509722 0.025 0.061111 0 0.020889 0.204297 0.480556 0.016406 0.041667 0 0.014229 0.230078 0.467361 0.021094 0.056944 3 0.013741 0.008594 0.256944 0.017188 0.033333 0 0.011162 0.072266 0.683333 0.038281 0.055556 1 0.008514 0.315625 0.405556 0.017188 0.044444 1 0.007874 0.877344 0.640278 0.032813 0.066667 0 0.006641 0.854297 0.560417 0.027344 0.0625 4 0.006565 0.072266 0.681944 0.038281 0.052778 1 0.00589 0.532422 0.363889 0.017969 0.047222 1 0.005753 0.3625 0.389583 0.020313 0.048611 0 0.00573 0.088281 0.634028 0.020313 0.051389 10 0.005642 0.006641 0.710417 0.013281 0.140278 4 0.004982 0.402344 0.357639 0.029687 0.045833 1 0.004555 0.883594 0.628472 0.032813 0.070833 0 0.003929 0.807422 0.517361 0.027344 0.056944 0 0.003736 0.117188 0.709028 0.023438 0.070833 0 0.003483 0.336719 0.4 0.023438 0.05 6 0.003443 0.005859 0.714583 0.011719 0.134722 0 0.003325 0.796094 0.541667 0.029687 0.072222 0 0.003197 0.994922 0.727778 0.010156 0.072222 1 0.003124 0.137109 0.839583 0.063281 0.106944 0 0.002472 0.799219 0.520139 0.023438 0.0625 0 0.002415 0.833984 0.567361 0.022656 0.068056 2 0.002165 0.978516 0.581944 0.042969 0.127778 1 0.001803 0.74375 0.722222 0.021875 0.077778 3 0.001782 0.005859 0.711111 0.011719 0.111111 0 0.001668 0.107813 0.720833 0.03125 0.088889 10 0.001616 0.971094 0.7875 0.05625 0.302778 10 0.001604 0.995313 0.532639 0.009375 0.090278 2 0.001549 0.9875 0.590972 0.025 0.115278 5 0.00149 0.259375 0.999306 0.128125 0.001389 2 0.001467 0.00625 0.715972 0.0125 0.095833 0 0.001467 0.984766 0.710417 0.027344 0.073611 10 0.00141 0.008594 0.738889 0.017188 0.266667 0 0.001389 0.79375 0.449306 0.017188 0.048611 2 0.001367 0.769922 0.4125 0.021094 0.047222 0 0.00132 0.8 0.573611 0.0375 0.080556 2 0.001315 0.401172 0.357639 0.028906 0.045833 1 0.001309 0.658594 0.440972 0.017188 0.051389 6 0.001192 0.677344 0.217361 0.025 0.0625 0 0.001169 0.987891 0.657639 0.022656 0.109722 2 0.001017 0.994922 0.645139 0.010156 0.104167 0 0.001008 0.541797 0.436111 0.021094 0.047222
CCTV01^20260318-110000-20260318-120000_000134,10 0.850586 0.816406 0.6 0.145313 0.263889 2 0.833496 0.326172 0.822222 0.046094 0.113889 3 0.833496 0.524609 0.878472 0.066406 0.1875 11 0.825684 0.409766 0.49375 0.083594 0.123611 10 0.816406 0.482422 0.354861 0.077344 0.104167 2 0.816406 0.321484 0.516667 0.036719 0.063889 4 0.790527 0.307422 0.716667 0.050781 0.113889 2 0.790527 0.273828 0.825694 0.044531 0.1125 10 0.780762 0.045703 0.872917 0.091406 0.251389 0 0.777344 0.187109 0.642361 0.036719 0.070833 3 0.771973 0.158594 0.89375 0.078125 0.140278 2 0.766113 0.902344 0.575694 0.05 0.101389 0 0.756348 0.864453 0.923611 0.044531 0.119444 0 0.746094 0.134766 0.65 0.032031 0.072222 0 0.546875 0.376172 0.4375 0.019531 0.05 7 0.395996 0.308203 0.477778 0.035156 0.072222 2 0.310791 0.2875 0.441667 0.021875 0.05 0 0.282959 0.219141 0.517361 0.035156 0.059722 0 0.27832 0.421875 0.950694 0.046875 0.084722 2 0.275146 0.785156 0.438194 0.023438 0.045833 0 0.201172 0.84375 0.511111 0.025 0.055556 0 0.061646 0.145703 0.598611 0.036719 0.069444 1 0.046021 0.091406 0.944444 0.028125 0.086111 0 0.041473 0.285938 0.447917 0.021875 0.059722 11 0.036224 0.257812 0.9125 0.164062 0.175 9 0.017715 0.259375 0.915278 0.165625 0.169444 0 0.014954 0.021484 0.704861 0.028906 0.073611 0 0.013901 0.844922 0.479167 0.021094 0.052778 4 0.011246 0.052344 0.635417 0.0375 0.068056 12 0.010696 0.420312 0.999306 0.109375 0.001389 6 0.00927 0.262891 0.9125 0.149219 0.166667 3 0.009125 0.008203 0.255556 0.016406 0.033333 1 0.00639 0.282422 0.463194 0.017969 0.051389 10 0.00629 0.252734 0.915278 0.153906 0.166667 1 0.004791 0.090234 0.961806 0.032031 0.0625 0 0.004299 0.365234 0.874306 0.032031 0.106944 0 0.003651 0.406641 0.346528 0.027344 0.045833 2 0.003248 0.307031 0.471528 0.034375 0.076389 10 0.003027 0.988672 0.665278 0.022656 0.122222 1 0.0028 0.688672 0.770833 0.022656 0.072222 10 0.002253 0.976562 0.599306 0.046875 0.173611 7 0.002182 0.258203 0.913889 0.149219 0.166667 0 0.001675 0.253906 0.438194 0.01875 0.048611 12 0.001661 0.008203 0.254167 0.016406 0.041667 3 0.001561 0.107031 0.308333 0.021875 0.036111 0 0.001399 0.423047 0.96875 0.046094 0.051389 1 0.001367 0.084375 0.943056 0.0375 0.097222 3 0.001325 0.991797 0.681944 0.016406 0.158333 0 0.001165 0.017188 0.728472 0.029687 0.073611 0 0.001129 0.264844 0.428472 0.017188 0.045833 5 0.001116 0.872656 0.999306 0.132812 0.001389 2 0.00109 0.995313 0.925694 0.009375 0.148611 1 0.001053 0.090625 0.913194 0.025 0.106944
CCTV01^20260318-110000-20260318-120000_000138,6 0.922852 0.403906 0.486806 0.101562 0.129167 3 0.875977 0.524609 0.877778 0.066406 0.186111 3 0.845703 0.782813 0.778472 0.0625 0.134722 3 0.831055 0.216016 0.783333 0.060156 0.108333 0 0.81543 0.223438 0.68125 0.034375 0.081944 0 0.792969 0.141406 0.726389 0.03125 0.088889 3 0.790527 0.7125 0.529861 0.042188 0.076389 0 0.785156 0.227344 0.572917 0.026562 0.070833 2 0.779785 0.915625 0.740278 0.034375 0.1 0 0.764648 0.880078 0.711806 0.030469 0.0875 0 0.743164 0.958594 0.792361 0.042188 0.1125 10 0.742188 0.394531 0.417361 0.109375 0.134722 0 0.737305 0.853125 0.6375 0.034375 0.080556 9 0.723145 0.303125 0.838194 0.09375 0.1875 1 0.675781 0.283203 0.618056 0.028906 0.066667 1 0.638672 0.929297 0.823611 0.030469 0.086111 1 0.633301 0.335156 0.620833 0.026562 0.063889 0 0.529297 0.900391 0.598611 0.033594 0.080556 0 0.297363 0.210547 0.527083 0.027344 0.0625 0 0.282959 0.990625 0.768056 0.01875 0.102778 0 0.136108 0.313672 0.409028 0.019531 0.043056 0 0.133423 0.7875 0.441667 0.020313 0.05 9 0.12854 0.812891 0.489583 0.053906 0.118056 0 0.114746 0.911328 0.554861 0.022656 0.073611 3 0.108582 0.525391 0.363194 0.027344 0.043056 0 0.107056 0.016406 0.915972 0.032813 0.120833 0 0.100525 0.007812 0.822222 0.015625 0.091667 3 0.064636 0.392578 0.569444 0.046094 0.061111 0 0.042389 0.104688 0.572222 0.021875 0.05 1 0.026962 0.664453 0.434722 0.021094 0.052778 0 0.022461 0.126172 0.966667 0.052344 0.058333 0 0.021454 0.110937 0.576389 0.029687 0.058333 0 0.020798 0.010156 0.894444 0.020313 0.091667 0 0.019562 0.191406 0.496528 0.021875 0.054167 0 0.018188 0.90625 0.582639 0.028125 0.070833 3 0.014282 0.992188 0.783333 0.015625 0.116667 3 0.014114 0.992969 0.710417 0.014063 0.129167 1 0.013329 0.01875 0.917361 0.0375 0.123611 0 0.01078 0.915234 0.567361 0.027344 0.076389 0 0.010208 0.770703 0.415278 0.017969 0.047222 0 0.01017 0.254688 0.43125 0.021875 0.0375 1 0.00927 0.629297 0.355556 0.014844 0.044444 0 0.008812 0.125 0.574306 0.025 0.054167 3 0.008514 0.008203 0.256944 0.016406 0.030556 0 0.007122 0.052734 0.652083 0.041406 0.081944 0 0.00634 0.309375 0.413194 0.028125 0.054167 0 0.006218 0.775 0.426389 0.021875 0.05 1 0.00526 0.932422 0.838194 0.032031 0.076389 0 0.005219 0.141797 0.747917 0.030469 0.070833 1 0.00407 0.282031 0.408333 0.021875 0.044444 0 0.003736 0.020703 0.677778 0.025781 0.066667 10 0.003622 0.005469 0.704167 0.010937 0.125 3 0.00297 0.71875 0.316667 0.021875 0.044444 0 0.002758 0.066016 0.672917 0.022656 0.0625 0 0.002571 0.00625 0.805556 0.0125 0.094444 3 0.00215 0.107031 0.308333 0.021875 0.036111 10 0.001995 0.009375 0.753472 0.01875 0.298611 0 0.001867 0.752344 0.434722 0.020313 0.05 0 0.001727 0.196094 0.5 0.028125 0.063889 0 0.0017 0.291797 0.410417 0.017969 0.045833 2 0.001675 0.391797 0.575 0.047656 0.069444 0 0.001636 0.057813 0.670139 0.0375 0.070833 10 0.001427 0.007812 0.677083 0.015625 0.226389 0 0.00141 0.010937 0.805556 0.021875 0.083333 0 0.001315 0.00625 0.717361 0.0125 0.115278 6 0.001265 0.978906 0.579167 0.042188 0.122222 1 0.001216 0.296484 0.956944 0.038281 0.055556 10 0.001197 0.012109 0.820139 0.024219 0.320833 10 0.00109 0.978906 0.577778 0.042188 0.127778 10 0.001081 0.397656 0.452778 0.107813 0.094444 10 0.001032 0.010156 0.708333 0.020313 0.144444 1 0.001008 0.016016 0.827083 0.032031 0.106944
CCTV01^20260318-110000-20260318-120000_000142,10 0.922852 0.342578 0.535417 0.124219 0.1875 3 0.884766 0.524609 0.877778 0.066406 0.188889 3 0.877441 0.251953 0.778472 0.055469 0.1125 2 0.856934 0.308594 0.756944 0.040625 0.1 9 0.832031 0.448828 0.460417 0.058594 0.081944 3 0.808105 0.314453 0.682639 0.058594 0.093056 3 0.777344 0.898828 0.814583 0.097656 0.176389 0 0.774414 0.817578 0.602083 0.027344 0.084722 0 0.773438 0.321875 0.843056 0.0375 0.105556 0 0.744629 0.177734 0.643056 0.028906 0.086111 3 0.737305 0.870313 0.677083 0.05 0.118056 0 0.692871 0.323047 0.952778 0.060156 0.088889 1 0.675781 0.720313 0.664583 0.025 0.081944 0 0.660156 0.89375 0.563194 0.029687 0.068056 1 0.62793 0.719922 0.572222 0.019531 0.063889 3 0.620605 0.510938 0.396528 0.03125 0.043056 0 0.567871 0.852344 0.491667 0.025 0.061111 0 0.544922 0.7875 0.46875 0.021875 0.056944 0 0.525391 0.978906 0.652083 0.032813 0.081944 0 0.519531 0.266797 0.882639 0.036719 0.093056 2 0.505859 0.030078 0.738889 0.058594 0.091667 1 0.488281 0.80625 0.513889 0.017188 0.055556 0 0.443604 0.219141 0.954861 0.044531 0.076389 0 0.432129 0.299219 0.425694 0.020313 0.051389 0 0.381104 0.363672 0.39375 0.019531 0.045833 3 0.300781 0.480469 0.425694 0.032813 0.048611 0 0.252441 0.011719 0.922222 0.023438 0.138889 9 0.161377 0.747656 0.859028 0.075 0.248611 1 0.157104 0.423828 0.418056 0.017969 0.041667 0 0.113953 0.264844 0.859722 0.0375 0.111111 0 0.080383 0.392578 0.368056 0.019531 0.041667 12 0.073975 0.747266 0.884722 0.072656 0.211111 9 0.046021 0.664844 0.348611 0.035937 0.080556 0 0.041626 0.242969 0.453472 0.025 0.054167 0 0.039337 0.245312 0.441667 0.026562 0.055556 0 0.038452 0.830078 0.459722 0.017969 0.05 0 0.025558 0.986328 0.638194 0.027344 0.098611 1 0.021866 0.823047 0.479167 0.017969 0.058333 10 0.019501 0.664453 0.347917 0.036719 0.079167 0 0.018982 0.328906 0.402083 0.023438 0.045833 0 0.016403 0.758203 0.419444 0.021094 0.05 0 0.010948 0.891016 0.515278 0.022656 0.058333 4 0.010132 0.030469 0.746528 0.060937 0.134722 3 0.009193 0.514844 0.404167 0.026562 0.052778 3 0.008781 0.008594 0.255556 0.017188 0.033333 0 0.008781 0.375391 0.569444 0.027344 0.066667 0 0.006615 0.892188 0.530556 0.025 0.077778 0 0.005981 0.35625 0.366667 0.015625 0.033333 0 0.004433 0.263672 0.833333 0.036719 0.083333 9 0.004314 0.011328 0.921528 0.022656 0.140278 0 0.004101 0.067187 0.671528 0.020313 0.059722 0 0.00407 0.824219 0.476389 0.01875 0.061111 4 0.003809 0.747266 0.863889 0.072656 0.244444 3 0.003456 0.664844 0.348611 0.0375 0.080556 0 0.003075 0.994922 0.690278 0.010156 0.125 3 0.00289 0.988672 0.623611 0.022656 0.080556 1 0.002768 0.067187 0.672222 0.021875 0.061111 1 0.002758 0.726953 0.672917 0.041406 0.093056 7 0.002453 0.747656 0.859722 0.073438 0.252778 0 0.002296 0.319531 0.397917 0.026562 0.045833 1 0.00227 0.426953 0.411806 0.022656 0.048611 1 0.0021 0.514844 0.420139 0.017188 0.043056 0 0.001904 0.133984 0.969444 0.055469 0.05 0 0.001768 0.837109 0.482639 0.035156 0.065278 2 0.001714 0.018359 0.733333 0.036719 0.094444 1 0.001636 0.690625 0.866667 0.028125 0.108333 0 0.001611 0.426172 0.416667 0.022656 0.044444 0 0.001543 0.822266 0.607639 0.039844 0.098611 0 0.001513 0.433203 0.392361 0.017969 0.034722 6 0.001444 0.982422 0.570833 0.035156 0.144444 3 0.001432 0.512891 0.421528 0.021094 0.043056 0 0.001335 0.303125 0.425 0.03125 0.058333 0 0.001265 0.008984 0.892361 0.017969 0.084722 1 0.001245 0.995703 0.933333 0.008594 0.133333 0 0.001179 0.805078 0.465972 0.019531 0.059722 1 0.001151 0.722656 0.572917 0.032813 0.076389 10 0.001129 0.914453 0.807639 0.127344 0.218056 2 0.001121 0.986328 0.6125 0.027344 0.080556 1 0.001121 0.81875 0.611111 0.029687 0.088889
CCTV01^20260318-110000-20260318-120000_000146,3 0.884277 0.524609 0.877778 0.066406 0.186111 10 0.870605 0.15625 0.527778 0.090625 0.175 5 0.833496 0.341406 0.609028 0.070312 0.101389 0 0.810547 0.123047 0.76875 0.044531 0.101389 0 0.809082 0.354297 0.881944 0.058594 0.111111 7 0.806641 0.957422 0.934028 0.085156 0.126389 0 0.804199 0.062891 0.861111 0.038281 0.1 0 0.803223 0.310937 0.519444 0.023438 0.066667 3 0.791992 0.148828 0.854861 0.088281 0.1375 10 0.789062 0.432812 0.418056 0.08125 0.125 3 0.78125 0.239453 0.688194 0.053906 0.093056 4 0.771973 0.683594 0.509722 0.035937 0.063889 2 0.767578 0.280078 0.588194 0.035156 0.076389 0 0.754883 0.363672 0.520833 0.022656 0.058333 3 0.751953 0.465234 0.467361 0.039844 0.054167 0 0.749023 0.8875 0.866667 0.0375 0.125 7 0.747559 0.297656 0.756944 0.060937 0.158333 0 0.741699 0.236719 0.866667 0.039062 0.119444 3 0.737305 0.495312 0.427083 0.03125 0.048611 2 0.705566 0.322266 0.422917 0.027344 0.048611 0 0.651367 0.797266 0.510417 0.022656 0.0625 0 0.640625 0.821875 0.502083 0.021875 0.059722 10 0.620605 0.677734 0.401389 0.052344 0.144444 2 0.607422 0.284375 0.436111 0.020313 0.047222 0 0.588867 0.356641 0.418056 0.021094 0.052778 0 0.577637 0.266406 0.456944 0.020313 0.052778 1 0.575684 0.386719 0.5125 0.020313 0.055556 1 0.424316 0.770312 0.453472 0.01875 0.048611 1 0.394287 0.707422 0.955556 0.032031 0.080556 0 0.361084 0.892578 0.592361 0.032031 0.081944 0 0.339844 0.977344 0.858333 0.045312 0.125 1 0.248047 0.601172 0.445833 0.017969 0.052778 0 0.181274 0.042188 0.927083 0.040625 0.093056 1 0.167725 0.783203 0.56875 0.019531 0.0625 1 0.094666 0.015234 0.86875 0.028906 0.076389 1 0.069519 0.603516 0.436111 0.016406 0.052778 1 0.064392 0.364844 0.519444 0.023438 0.061111 0 0.057495 0.821875 0.463194 0.01875 0.040278 8 0.055817 0.957422 0.929861 0.083594 0.129167 3 0.047089 0.632031 0.284722 0.01875 0.036111 0 0.046021 0.344922 0.406944 0.013281 0.041667 9 0.03595 0.977734 0.888889 0.044531 0.186111 0 0.027267 0.034766 0.709722 0.057031 0.086111 11 0.024887 0.941406 0.933333 0.117188 0.133333 0 0.024796 0.933984 0.590972 0.033594 0.076389 4 0.024139 0.522656 0.354167 0.035937 0.066667 2 0.017105 0.301563 0.383333 0.028125 0.044444 9 0.017044 0.522656 0.354167 0.035937 0.063889 0 0.010986 0.025391 0.715278 0.044531 0.075 0 0.010529 0.354687 0.404861 0.021875 0.045833 2 0.009972 0.685156 0.513194 0.0375 0.070833 1 0.009781 0.011719 0.820139 0.023438 0.079167 0 0.008675 0.976953 0.836806 0.038281 0.0875 3 0.007874 0.522656 0.354167 0.035937 0.063889 3 0.007725 0.008203 0.253472 0.016406 0.0375 0 0.006512 0.065234 0.790972 0.025781 0.073611 0 0.006363 0.76875 0.408333 0.021875 0.05 9 0.005844 0.297656 0.755556 0.060937 0.155556 1 0.005642 0.533203 0.410417 0.022656 0.054167 1 0.005241 0.605078 0.404861 0.014844 0.045833 3 0.00502 0.63125 0.290972 0.021875 0.054167 12 0.004265 0.456641 0.2875 0.035156 0.058333 12 0.004181 0.981641 0.897917 0.036719 0.201389 1 0.004135 0.391406 0.509722 0.032813 0.063889 0 0.003679 0.855859 0.538194 0.016406 0.059722 0 0.003483 0.009375 0.811111 0.01875 0.113889 0 0.003016 0.897656 0.863194 0.070312 0.134722 10 0.002958 0.010156 0.829167 0.020313 0.294444 1 0.002758 0.587109 0.43125 0.013281 0.048611 1 0.002714 0.405469 0.566667 0.017188 0.055556 0 0.002531 0.907422 0.556944 0.017969 0.058333 1 0.002398 0.630078 0.388889 0.014844 0.05 2 0.002306 0.933594 0.590278 0.035937 0.069444 2 0.00202 0.007031 0.790972 0.014063 0.145833 2 0.001775 0.307422 0.391667 0.024219 0.044444 1 0.00172 0.886328 0.886806 0.036719 0.101389 1 0.001687 0.585156 0.421528 0.014063 0.048611 0 0.001675 0.924219 0.589583 0.042188 0.081944 1 0.001636 0.062109 0.903472 0.033594 0.065278 11 0.001561 0.957031 0.934722 0.085938 0.130556 0 0.001531 0.823828 0.493056 0.027344 0.069444 0 0.001467 0.237109 0.894444 0.038281 0.088889 9 0.001432 0.967187 0.918056 0.0625 0.144444 12 0.00141 0.008203 0.254167 0.016406 0.038889 1 0.001405 0.766406 0.452083 0.032813 0.056944 1 0.001169 0.882812 0.906944 0.03125 0.075 6 0.001151 0.45625 0.286111 0.034375 0.061111 10 0.001095 0.010156 0.792361 0.020313 0.154167
CCTV01^20260318-110000-20260318-120000_000150,3 0.893066 0.525 0.877778 0.065625 0.186111 10 0.878418 0.192578 0.451389 0.083594 0.138889 3 0.825684 0.729297 0.638194 0.066406 0.1125 0 0.817383 0.276562 0.552083 0.025 0.068056 3 0.817383 0.046875 0.940972 0.09375 0.104167 3 0.816406 0.440234 0.421528 0.039844 0.048611 0 0.816406 0.296094 0.499306 0.020313 0.054167 3 0.810547 0.899219 0.78125 0.08125 0.131944 3 0.799316 0.285938 0.64375 0.065625 0.084722 10 0.769531 0.832422 0.841667 0.146094 0.305556 3 0.756348 0.484766 0.409028 0.036719 0.045833 10 0.745605 0.057031 0.740972 0.114062 0.234722 0 0.741699 0.953906 0.651389 0.032813 0.077778 0 0.723145 0.819922 0.510417 0.022656 0.065278 0 0.72168 0.860938 0.560417 0.025 0.068056 0 0.71875 0.299609 0.448611 0.022656 0.055556 1 0.649414 0.688672 0.701389 0.022656 0.075 0 0.642578 0.223438 0.503472 0.025 0.056944 0 0.625977 0.914062 0.630556 0.03125 0.075 0 0.575684 0.340625 0.405556 0.021875 0.05 0 0.523438 0.778516 0.457639 0.022656 0.054167 0 0.505859 0.9875 0.672222 0.025 0.083333 1 0.478516 0.717969 0.881944 0.03125 0.108333 0 0.443604 0.270703 0.450694 0.019531 0.051389 1 0.334473 0.829688 0.636111 0.025 0.061111 0 0.313965 0.382422 0.403472 0.017969 0.045833 1 0.229492 0.678125 0.394444 0.015625 0.05 0 0.087891 0.298438 0.477083 0.021875 0.059722 1 0.035156 0.520703 0.364583 0.014844 0.040278 3 0.027267 0.63125 0.29375 0.021875 0.045833 1 0.026062 0.892578 0.540972 0.019531 0.0625 0 0.020798 0.103906 0.570833 0.023438 0.052778 0 0.015541 0.93125 0.584722 0.034375 0.063889 0 0.013168 0.891016 0.542361 0.022656 0.059722 1 0.0112 0.106641 0.75 0.024219 0.069444 0 0.010948 0.816406 0.500694 0.032813 0.0875 0 0.009743 0.817578 0.452778 0.019531 0.044444 4 0.009018 0.400391 0.379861 0.036719 0.048611 3 0.008881 0.400391 0.379861 0.038281 0.048611 1 0.007694 0.691016 0.700694 0.035156 0.084722 0 0.007488 0.865625 0.56875 0.029687 0.079167 3 0.007233 0.008203 0.254861 0.016406 0.031944 0 0.005577 0.985156 0.661806 0.029687 0.115278 2 0.004982 0.400781 0.380556 0.0375 0.05 0 0.003651 0.780078 0.415972 0.019531 0.045833 2 0.003429 0.932813 0.584722 0.0375 0.061111 2 0.003075 0.988281 0.641667 0.023438 0.122222 1 0.003052 0.507031 0.3375 0.01875 0.038889 3 0.002846 0.320312 0.351389 0.020313 0.036111 1 0.002779 0.100781 0.959028 0.023438 0.0625 0 0.002684 0.88125 0.520833 0.017188 0.061111 0 0.002472 0.994922 0.727778 0.010156 0.105556 0 0.002398 0.876172 0.564583 0.032031 0.093056 1 0.002398 0.716406 0.868056 0.023438 0.086111 1 0.001995 0.721094 0.9 0.029687 0.086111 0 0.001796 0.248828 0.435417 0.017969 0.043056 0 0.001661 0.505469 0.341667 0.01875 0.041667 3 0.001623 0.107422 0.308333 0.021094 0.036111 1 0.001585 0.51875 0.397222 0.015625 0.038889 2 0.001574 0.995703 0.926389 0.008594 0.147222 2 0.001478 0.372266 0.345139 0.021094 0.0375 0 0.001478 0.878906 0.536111 0.017188 0.069444 12 0.001383 0.008203 0.252778 0.016406 0.041667 2 0.001356 0.910937 0.63125 0.0375 0.081944 1 0.001188 0.610156 0.346528 0.017188 0.043056 0 0.001151 0.216406 0.502083 0.03125 0.056944 0 0.001081 0.029297 0.911111 0.057031 0.077778 0 0.001073 0.110156 0.576389 0.029687 0.063889 0 0.00104 0.3375 0.409722 0.029687 0.061111
CCTV01^20260318-110000-20260318-120000_000154,10 0.92627 0.210156 0.433333 0.104688 0.133333 10 0.897949 0.375781 0.449306 0.123438 0.140278 3 0.891602 0.525 0.877778 0.065625 0.186111 0 0.830078 0.232422 0.776389 0.038281 0.097222 0 0.822266 0.128125 0.720139 0.040625 0.079167 0 0.81543 0.202734 0.633333 0.035156 0.069444 0 0.803223 0.276562 0.870139 0.039062 0.115278 7 0.766113 0.267188 0.654167 0.075 0.113889 0 0.766113 0.739844 0.703472 0.029687 0.098611 0 0.759277 0.308984 0.686806 0.028906 0.084722 3 0.733887 0.388281 0.553472 0.054688 0.070833 0 0.729492 0.922656 0.667361 0.042188 0.104167 0 0.725098 0.321484 0.5375 0.022656 0.063889 2 0.689453 0.149219 0.903472 0.059375 0.123611 1 0.682617 0.149609 0.802778 0.035156 0.077778 0 0.679199 0.276953 0.497917 0.027344 0.059722 0 0.666992 0.860156 0.631944 0.032813 0.088889 1 0.625977 0.471094 0.467361 0.01875 0.051389 0 0.586914 0.860938 0.509028 0.025 0.065278 0 0.577637 0.149609 0.908333 0.060156 0.133333 0 0.44751 0.877344 0.58125 0.025 0.0625 0 0.439697 0.177734 0.579861 0.032031 0.065278 6 0.437744 0.821094 0.870833 0.104688 0.25 0 0.435791 0.191797 0.5375 0.027344 0.061111 0 0.435791 0.95625 0.649306 0.029687 0.076389 0 0.364746 0.990234 0.676389 0.019531 0.094444 1 0.284668 0.072266 0.694444 0.022656 0.069444 1 0.262939 0.628125 0.505556 0.025 0.061111 1 0.240723 0.896875 0.538889 0.026562 0.055556 5 0.228149 0.266016 0.654861 0.074219 0.115278 0 0.195557 0.021875 0.703472 0.0375 0.076389 0 0.194946 0.359766 0.525 0.017969 0.055556 2 0.161865 0.508984 0.351389 0.022656 0.05 1 0.144653 0.691406 0.861111 0.023438 0.094444 0 0.108215 0.628516 0.505556 0.024219 0.061111 1 0.092712 0.876953 0.880556 0.024219 0.1 0 0.074219 0.023438 0.720139 0.034375 0.070833 1 0.073425 0.023438 0.720139 0.034375 0.070833 1 0.050903 0.074219 0.682639 0.029687 0.084722 0 0.036072 0.074609 0.669444 0.027344 0.077778 10 0.023773 0.009375 0.623611 0.01875 0.133333 1 0.019501 0.176953 0.584028 0.036719 0.070833 1 0.017181 0.003516 0.850694 0.007031 0.093056 0 0.015488 0.993359 0.694444 0.013281 0.125 3 0.015427 0.008594 0.254861 0.017188 0.031944 1 0.013069 0.967969 0.69375 0.020313 0.0625 0 0.009743 0.933203 0.585417 0.036719 0.0625 2 0.007519 0.130859 0.593056 0.036719 0.066667 1 0.007347 0.473828 0.46875 0.030469 0.059722 0 0.007149 0.089063 0.627778 0.021875 0.061111 0 0.007122 0.126953 0.590278 0.033594 0.066667 1 0.006588 0.882422 0.88125 0.044531 0.109722 0 0.006123 0.882422 0.589583 0.030469 0.073611 6 0.00526 0.939063 0.513194 0.05 0.0875 1 0.00526 0.957031 0.654861 0.032813 0.081944 0 0.004772 0.274609 0.435417 0.019531 0.043056 1 0.004467 0.741406 0.729861 0.025 0.076389 10 0.004398 0.977344 0.613194 0.045312 0.209722 0 0.00425 0.926172 0.590278 0.030469 0.066667 0 0.004135 0.013672 0.697917 0.027344 0.073611 2 0.00404 0.933594 0.588194 0.039062 0.0625 0 0.003708 0.91875 0.644444 0.029687 0.075 0 0.003124 0.877344 0.56875 0.020313 0.056944 0 0.003027 0.183594 0.563194 0.028125 0.059722 1 0.002981 0.029687 0.732639 0.03125 0.0625 0 0.002935 0.133594 0.598611 0.032813 0.061111 4 0.002901 0.9375 0.5125 0.05 0.091667 1 0.0028 0.8 0.480556 0.017188 0.061111 10 0.002602 0.896875 0.790972 0.20625 0.390278 1 0.002512 0.466797 0.465278 0.032031 0.052778 1 0.00227 0.125 0.676389 0.020313 0.052778 0 0.002108 0.971484 0.680556 0.027344 0.088889 1 0.001897 0.995703 0.930556 0.008594 0.138889 0 0.001796 0.919922 0.602083 0.022656 0.0625 10 0.001782 0.012109 0.645833 0.024219 0.1 0 0.001661 0.269141 0.45 0.019531 0.05 0 0.001574 0.559766 0.422917 0.024219 0.051389 0 0.001543 0.948047 0.640972 0.085156 0.143056 10 0.001513 0.986328 0.660417 0.027344 0.159722 0 0.001399 0.272656 0.459722 0.023438 0.05 1 0.001367 0.132812 0.952083 0.03125 0.073611 0 0.001225 0.105078 0.572222 0.022656 0.052778 10 0.001197 0.007422 0.594444 0.014844 0.155556 0 0.001081 0.544922 0.436111 0.022656 0.047222 3 0.001017 0.107813 0.309722 0.021875 0.036111
CCTV01^20260318-110000-20260318-120000_000158,10 0.895508 0.208203 0.431944 0.100781 0.130556 3 0.895508 0.324219 0.5875 0.065625 0.072222 3 0.893066 0.525391 0.877778 0.064844 0.186111 3 0.856934 0.198437 0.744444 0.084375 0.116667 0 0.835449 0.282422 0.542361 0.024219 0.068056 7 0.831055 0.803906 0.861111 0.064062 0.163889 0 0.820801 0.2375 0.660417 0.034375 0.084722 0 0.812988 0.896094 0.786806 0.042188 0.104167 0 0.804199 0.310937 0.927083 0.053125 0.118056 0 0.79834 0.300781 0.763194 0.03125 0.095833 10 0.793945 0.060547 0.730556 0.121094 0.266667 0 0.789062 0.817187 0.539583 0.025 0.068056 0 0.788086 0.705078 0.7875 0.039844 0.102778 2 0.730957 0.796875 0.466667 0.026562 0.052778 0 0.729492 0.296484 0.465278 0.021094 0.052778 0 0.726562 0.246484 0.519444 0.022656 0.061111 0 0.663574 0.826172 0.495833 0.022656 0.058333 1 0.662109 0.733984 0.634722 0.022656 0.075 0 0.563965 0.89375 0.572917 0.025 0.070833 1 0.422607 0.110937 0.754167 0.028125 0.080556 0 0.399902 0.298438 0.415972 0.021875 0.048611 1 0.345215 0.7875 0.7625 0.028125 0.086111 0 0.264404 0.930078 0.588194 0.030469 0.073611 0 0.169434 0.388672 0.9625 0.041406 0.055556 10 0.125122 0.148438 0.911111 0.292187 0.175 0 0.101562 0.270313 0.429167 0.023438 0.052778 0 0.029312 0.785547 0.427083 0.014844 0.043056 0 0.024048 0.391406 0.372917 0.01875 0.0375 1 0.022293 0.650781 0.4375 0.01875 0.047222 3 0.018478 0.008594 0.255556 0.017188 0.030556 3 0.018478 0.535547 0.347222 0.027344 0.047222 0 0.018478 0.390625 0.948611 0.039062 0.072222 7 0.016281 0.011328 0.818056 0.022656 0.080556 0 0.01519 0.297656 0.436111 0.021875 0.058333 2 0.012146 0.773828 0.404861 0.022656 0.045833 1 0.011734 0.407422 0.403472 0.014844 0.040278 1 0.010696 0.694922 0.88125 0.022656 0.079167 4 0.009819 0.009766 0.817361 0.019531 0.084722 1 0.009636 0.133984 0.734722 0.022656 0.075 1 0.008125 0.673828 0.358333 0.013281 0.044444 0 0.007149 0.790625 0.765278 0.0375 0.091667 3 0.005001 0.010547 0.822222 0.021094 0.086111 1 0.004848 0.783594 0.527083 0.017188 0.059722 1 0.004086 0.110547 0.705556 0.021094 0.061111 0 0.003944 0.559766 0.425 0.021094 0.044444 10 0.003839 0.012891 0.788889 0.025781 0.35 1 0.003679 0.128906 0.736806 0.021875 0.068056 0 0.003376 0.823828 0.511111 0.028906 0.066667 1 0.003273 0.729688 0.633333 0.0375 0.077778 1 0.002779 0.742578 0.636806 0.047656 0.093056 10 0.002714 0.980078 0.638889 0.039844 0.144444 3 0.002512 0.107031 0.307639 0.021875 0.0375 0 0.00214 0.917188 0.619444 0.03125 0.077778 0 0.001942 0.291016 0.44375 0.019531 0.048611 0 0.001796 0.541016 0.436806 0.021094 0.045833 6 0.001694 0.111328 0.913194 0.217969 0.173611 1 0.001675 0.971875 0.60625 0.028125 0.070833 0 0.001346 0.15 0.715278 0.020313 0.066667 1 0.001265 0.121875 0.725694 0.015625 0.065278 1 0.001265 0.890625 0.819444 0.03125 0.066667 1 0.001225 0.907422 0.621528 0.030469 0.070833 2 0.001221 0.98125 0.65625 0.0375 0.176389 0 0.001216 0.852344 0.519444 0.017188 0.052778 0 0.001206 0.286328 0.422917 0.017969 0.054167 1 0.001206 0.995313 0.93125 0.009375 0.1375 0 0.001073 0.892578 0.586806 0.032031 0.076389 0 0.001065 0.835938 0.498611 0.025 0.063889 0 0.00104 0.930469 0.604861 0.029687 0.070833
CCTV01^20260318-110000-20260318-120000_000162,10 0.898926 0.207813 0.428472 0.101562 0.123611 3 0.894043 0.525 0.877778 0.065625 0.186111 10 0.87793 0.151953 0.577083 0.147656 0.206944 3 0.85791 0.258203 0.845833 0.064844 0.125 2 0.85498 0.85 0.490972 0.042188 0.081944 2 0.816406 0.926172 0.720139 0.042969 0.093056 0 0.810547 0.80625 0.852083 0.034375 0.115278 0 0.79834 0.894531 0.736806 0.04375 0.101389 10 0.762695 0.037891 0.747222 0.075781 0.288889 0 0.759277 0.767578 0.850694 0.035156 0.118056 0 0.713867 0.815625 0.506944 0.021875 0.058333 0 0.705566 0.335547 0.471528 0.021094 0.051389 0 0.704102 0.309766 0.890972 0.046094 0.115278 0 0.662109 0.840234 0.927083 0.039844 0.109722 0 0.656738 0.875 0.588889 0.032813 0.069444 0 0.635254 0.848828 0.639583 0.030469 0.081944 5 0.631836 0.675 0.445139 0.0375 0.079167 1 0.609375 0.778906 0.563194 0.020313 0.056944 1 0.552734 0.344141 0.560417 0.022656 0.051389 4 0.476562 0.291016 0.659722 0.046094 0.125 0 0.437744 0.335156 0.527083 0.026562 0.065278 0 0.354004 0.326953 0.428472 0.017969 0.048611 0 0.339844 0.332031 0.385417 0.017188 0.043056 1 0.325928 0.332813 0.627778 0.025 0.066667 0 0.287842 0.290234 0.432639 0.017969 0.056944 0 0.269043 0.894922 0.56875 0.019531 0.059722 0 0.217285 0.928906 0.588889 0.029687 0.072222 0 0.174927 0.291406 0.659028 0.046875 0.120833 0 0.135254 0.798438 0.478472 0.01875 0.056944 1 0.112 0.300781 0.605556 0.01875 0.061111 0 0.07782 0.334375 0.626389 0.025 0.066667 1 0.036072 0.336719 0.642361 0.020313 0.070833 0 0.026352 0.792578 0.45 0.017969 0.047222 1 0.023773 0.291797 0.449306 0.017969 0.056944 0 0.022888 0.787891 0.440972 0.014844 0.040278 0 0.019348 0.779687 0.419444 0.01875 0.047222 0 0.013901 0.761328 0.438889 0.017969 0.05 1 0.012482 0.054297 0.646528 0.035156 0.070833 1 0.011505 0.348438 0.432639 0.0125 0.043056 1 0.009163 0.063672 0.665278 0.027344 0.058333 3 0.009087 0.008594 0.254167 0.017188 0.036111 1 0.008881 0.380078 0.368056 0.016406 0.038889 1 0.006363 0.18125 0.938194 0.039062 0.098611 1 0.005753 0.761328 0.440278 0.017969 0.05 0 0.005302 0.897266 0.577083 0.028906 0.076389 1 0.004135 0.782031 0.563889 0.03125 0.063889 0 0.003124 0.049609 0.6375 0.039844 0.066667 10 0.002226 0.022656 0.68125 0.045312 0.156944 1 0.001782 0.932031 0.593056 0.032813 0.080556 6 0.001775 0.038672 0.741667 0.077344 0.313889 1 0.001761 0.336719 0.5375 0.028125 0.063889 0 0.001549 0.76875 0.828472 0.028125 0.081944 10 0.001507 0.978125 0.598611 0.04375 0.175 0 0.001378 0.30625 0.868056 0.035937 0.080556 12 0.001289 0.008203 0.251389 0.016406 0.047222 1 0.001078 0.852734 0.644444 0.035156 0.088889
CCTV01^20260318-110000-20260318-120000_000166,10 0.899902 0.207031 0.502083 0.11875 0.156944 3 0.881836 0.524609 0.877778 0.066406 0.186111 2 0.853027 0.771484 0.874306 0.047656 0.131944 2 0.851074 0.863281 0.552083 0.035937 0.093056 10 0.843262 0.217578 0.705556 0.082031 0.288889 3 0.835449 0.323047 0.492361 0.044531 0.059722 3 0.835449 0.401172 0.506944 0.052344 0.072222 0 0.803223 0.310547 0.896528 0.047656 0.104167 5 0.771973 0.678125 0.554861 0.048438 0.109722 0 0.767578 0.366797 0.452083 0.019531 0.054167 0 0.766113 0.153516 0.686806 0.030469 0.0875 0 0.763672 0.942578 0.703472 0.032031 0.084722 10 0.734863 0.208984 0.434028 0.108594 0.1375 1 0.713867 0.855078 0.690972 0.025781 0.079167 3 0.700684 0.6375 0.424306 0.029687 0.059722 10 0.696777 0.032813 0.721528 0.065625 0.279167 0 0.694336 0.262891 0.936111 0.044531 0.094444 5 0.600098 0.735156 0.723611 0.067187 0.152778 0 0.588867 0.321875 0.439583 0.01875 0.045833 1 0.586914 0.103516 0.859028 0.027344 0.0875 0 0.507812 0.912109 0.659722 0.033594 0.080556 0 0.420654 0.89375 0.570833 0.021875 0.066667 1 0.416748 0.863672 0.631944 0.027344 0.069444 0 0.399902 0.825 0.482639 0.021875 0.059722 1 0.357666 0.260937 0.575 0.026562 0.061111 0 0.264404 0.298047 0.429861 0.017969 0.043056 0 0.217285 0.789844 0.429167 0.020313 0.05 0 0.174927 0.928906 0.586111 0.029687 0.066667 0 0.172729 0.848828 0.502778 0.019531 0.058333 0 0.104492 0.069922 0.642361 0.027344 0.059722 1 0.101257 0.297656 0.429167 0.017188 0.041667 1 0.100891 0.9125 0.661806 0.034375 0.084722 10 0.07782 0.671875 0.332639 0.046875 0.1125 1 0.063721 0.360547 0.366667 0.019531 0.041667 1 0.058563 0.863672 0.65 0.035156 0.083333 3 0.051086 0.995313 0.907639 0.009375 0.159722 1 0.045685 0.970703 0.604167 0.024219 0.058333 0 0.029419 0.828906 0.489583 0.025 0.0625 0 0.028107 0.821094 0.472917 0.020313 0.059722 0 0.024994 0.776563 0.402083 0.01875 0.048611 1 0.018127 0.994922 0.922917 0.010156 0.1375 0 0.016098 0.360547 0.365972 0.017969 0.040278 0 0.014114 0.907422 0.604167 0.022656 0.063889 1 0.013901 0.754297 0.393056 0.014844 0.041667 2 0.010948 0.110937 0.597222 0.04375 0.075 0 0.010056 0.257422 0.574306 0.032031 0.065278 3 0.009636 0.991406 0.921528 0.017188 0.156944 2 0.008347 0.996094 0.8875 0.007812 0.15 1 0.008003 0.856641 0.690972 0.046094 0.0875 0 0.007519 0.295703 0.44375 0.022656 0.056944 1 0.005913 0.857422 0.6375 0.030469 0.075 1 0.005642 0.976172 0.604861 0.035156 0.065278 3 0.004299 0.008594 0.253472 0.017188 0.0375 0 0.00407 0.924219 0.596528 0.029687 0.076389 0 0.003855 0.887109 0.554861 0.091406 0.101389 0 0.003197 0.048828 0.65 0.028906 0.061111 12 0.003172 0.008203 0.250694 0.016406 0.048611 0 0.003124 0.971484 0.601389 0.027344 0.063889 0 0.003004 0.86875 0.550694 0.075 0.1125 0 0.002993 0.840625 0.505556 0.03125 0.063889 10 0.002846 0.980078 0.582639 0.039844 0.140278 1 0.0028 0.991406 0.915972 0.017188 0.168056 1 0.00279 0.753516 0.403472 0.014844 0.040278 0 0.002512 0.916797 0.639583 0.028906 0.081944 10 0.002323 0.023438 0.661111 0.046875 0.15 1 0.002216 0.853125 0.674306 0.021875 0.0875 2 0.001942 0.93125 0.585417 0.035937 0.068056 11 0.001853 0.008594 0.252778 0.017188 0.041667 5 0.00172 0.182422 0.994444 0.135156 0.011111 6 0.001597 0.9375 0.515278 0.05 0.091667 3 0.001579 0.107031 0.310417 0.021875 0.034722 0 0.00145 0.367578 0.461806 0.024219 0.0625 1 0.001367 0.739844 0.447222 0.020313 0.047222 0 0.001356 0.559766 0.423611 0.021094 0.047222 3 0.001294 0.187109 0.994444 0.139844 0.011111 0 0.001197 0.978906 0.579861 0.042188 0.123611 0 0.001179 0.303516 0.453472 0.017969 0.0375 1 0.001169 0.867578 0.635417 0.044531 0.081944 3 0.001165 0.988672 0.888194 0.022656 0.173611 3 0.001156 0.980078 0.588889 0.039844 0.130556 0 0.001048 0.808203 0.465278 0.022656 0.058333 0 0.00104 0.055078 0.643056 0.039844 0.069444 3 0.001037 0.621484 0.290278 0.021094 0.041667
CCTV01^20260318-110000-20260318-120000_000170,10 0.918457 0.742578 0.483333 0.088281 0.188889 10 0.917969 0.238672 0.465278 0.100781 0.144444 3 0.891113 0.525 0.877778 0.065625 0.186111 10 0.879883 0.361719 0.397222 0.076563 0.119444 3 0.859863 0.462109 0.447222 0.038281 0.052778 5 0.858887 0.204297 0.8 0.075781 0.15 3 0.827637 0.4 0.497917 0.051562 0.059722 3 0.812988 0.23125 0.645139 0.060937 0.084722 2 0.799316 0.320703 0.769444 0.038281 0.105556 2 0.790527 0.325781 0.579861 0.029687 0.076389 3 0.788086 0.278516 0.65625 0.063281 0.098611 0 0.775879 0.290625 0.579167 0.026562 0.069444 0 0.757812 0.271875 0.760417 0.032813 0.095833 10 0.754883 0.207031 0.434722 0.096875 0.136111 3 0.747559 0.766797 0.928472 0.058594 0.129167 1 0.737305 0.353906 0.952083 0.029687 0.081944 0 0.726562 0.872266 0.735417 0.035156 0.101389 0 0.705566 0.936328 0.696528 0.032031 0.090278 0 0.695801 0.272656 0.516667 0.028125 0.061111 1 0.679199 0.71875 0.593056 0.021875 0.063889 0 0.649414 0.821094 0.5 0.020313 0.061111 1 0.640625 0.9125 0.742361 0.025 0.079167 1 0.620605 0.763672 0.745833 0.027344 0.088889 1 0.607422 0.663281 0.536111 0.01875 0.061111 0 0.598145 0.974219 0.816667 0.05 0.108333 0 0.59082 0.982422 0.718056 0.035156 0.088889 0 0.583008 0.85625 0.555556 0.025 0.072222 1 0.569824 0.655469 0.484028 0.01875 0.054167 0 0.498047 0.914062 0.629861 0.0375 0.070833 0 0.492188 0.233984 0.540278 0.030469 0.058333 0 0.484375 0.155859 0.628472 0.028906 0.068056 3 0.464844 0.521094 0.371528 0.03125 0.043056 0 0.430176 0.857031 0.485417 0.026562 0.068056 1 0.386719 0.488281 0.410417 0.020313 0.0375 10 0.377441 0.019531 0.665972 0.039062 0.240278 1 0.368408 0.337891 0.654861 0.021094 0.068056 1 0.366699 0.443359 0.397917 0.014844 0.0375 1 0.325928 0.801172 0.490972 0.013281 0.054167 0 0.287842 0.895703 0.576389 0.022656 0.066667 1 0.226807 0.690625 0.802083 0.021875 0.079167 6 0.137573 0.01875 0.655556 0.0375 0.261111 1 0.134277 0.84375 0.602778 0.032813 0.069444 0 0.099792 0.840234 0.601389 0.027344 0.063889 1 0.088501 0.477344 0.4 0.020313 0.038889 0 0.076965 0.244922 0.514583 0.021094 0.059722 0 0.065613 0.076953 0.644444 0.030469 0.066667 7 0.048676 0.007812 0.857639 0.015625 0.170833 9 0.026657 0.007422 0.847917 0.014844 0.198611 0 0.02655 0.008203 0.86875 0.016406 0.129167 10 0.017776 0.011328 0.829167 0.022656 0.341667 10 0.0159 0.772656 0.371528 0.05 0.104167 1 0.014336 0.3125 0.454167 0.015625 0.047222 0 0.013535 0.930078 0.588889 0.030469 0.069444 1 0.013023 0.600391 0.419444 0.017969 0.05 0 0.012383 0.16875 0.514583 0.035937 0.0625 2 0.009933 0.169922 0.5125 0.035156 0.061111 6 0.009598 0.772656 0.372222 0.051562 0.108333 0 0.009598 0.925 0.650694 0.028125 0.073611 1 0.008949 0.492188 0.363194 0.015625 0.0375 0 0.007317 0.277344 0.542361 0.026562 0.065278 1 0.006958 0.598828 0.409722 0.017969 0.052778 0 0.006958 0.986719 0.758333 0.026562 0.144444 2 0.006771 0.995313 0.926389 0.009375 0.136111 1 0.006413 0.463672 0.444444 0.038281 0.052778 3 0.00634 0.111719 0.592361 0.042188 0.068056 1 0.006073 0.936719 0.705556 0.029687 0.088889 3 0.005913 0.008594 0.254861 0.017188 0.034722 1 0.005775 0.170313 0.514583 0.034375 0.065278 9 0.005619 0.982422 0.790278 0.035156 0.136111 1 0.005302 0.721094 0.59375 0.032813 0.073611 2 0.005138 0.986328 0.788889 0.027344 0.136111 1 0.00433 0.524219 0.400694 0.01875 0.040278 1 0.004314 0.971875 0.609028 0.025 0.0625 0 0.004135 0.994531 0.688889 0.010937 0.088889 1 0.004135 0.065625 0.824306 0.023438 0.076389 1 0.00404 0.766016 0.745833 0.053906 0.102778 1 0.003901 0.481641 0.402778 0.024219 0.044444 1 0.003885 0.978906 0.611111 0.035937 0.072222 1 0.003248 0.873047 0.736806 0.035156 0.104167 3 0.003099 0.985156 0.616667 0.029687 0.080556 1 0.003004 0.883594 0.745833 0.0375 0.102778 1 0.00289 0.933984 0.594444 0.033594 0.077778 10 0.002878 0.006641 0.816667 0.013281 0.152778 0 0.002846 0.811719 0.499306 0.029687 0.065278 0 0.002663 0.992578 0.708333 0.014844 0.111111 1 0.002512 0.922656 0.740972 0.054688 0.095833 0 0.002199 0.924219 0.58125 0.03125 0.070833 1 0.001987 0.489063 0.398611 0.025 0.052778 3 0.001972 0.988672 0.913194 0.022656 0.159722 5 0.001883 0.171094 0.511806 0.035937 0.0625 11 0.001883 0.005469 0.80625 0.010937 0.134722 1 0.001861 0.995703 0.934028 0.008594 0.131944 1 0.001741 0.65625 0.532639 0.029687 0.056944 10 0.001727 0.980078 0.590278 0.039844 0.158333 1 0.001597 0.5 0.40625 0.01875 0.040278 0 0.001536 0.323828 0.429861 0.011719 0.040278 0 0.001525 0.946484 0.684028 0.097656 0.151389 0 0.001472 0.446094 0.397917 0.023438 0.043056 0 0.001472 0.257031 0.506944 0.0375 0.055556 1 0.001179 0.986719 0.615972 0.026562 0.079167 1 0.001179 0.944531 0.71875 0.029687 0.081944 0 0.001151 0.891406 0.570139 0.026562 0.065278 4 0.001143 0.980469 0.823611 0.039062 0.208333 10 0.00109 0.019141 0.818056 0.038281 0.363889 3 0.001065 0.994531 0.677083 0.010937 0.081944 10 0.00106 0.989844 0.666667 0.020313 0.105556
CCTV01^20260318-110000-20260318-120000_000174,6 0.915527 0.828125 0.471528 0.06875 0.148611 3 0.888184 0.524609 0.877778 0.066406 0.186111 10 0.885254 0.254688 0.446528 0.1125 0.129167 10 0.847656 0.188281 0.604861 0.171875 0.2375 3 0.831055 0.339453 0.577083 0.046094 0.073611 2 0.831055 0.922656 0.791667 0.067187 0.097222 0 0.791992 0.248828 0.873611 0.039844 0.108333 0 0.788086 0.037109 0.919444 0.046094 0.113889 3 0.785156 0.276562 0.661806 0.067187 0.084722 0 0.778809 0.983594 0.734722 0.029687 0.094444 0 0.764648 0.767188 0.603472 0.025 0.073611 0 0.749023 0.333594 0.520833 0.025 0.055556 0 0.728027 0.953906 0.863194 0.0375 0.1125 10 0.716309 0.053906 0.816667 0.107813 0.269444 0 0.708984 0.324219 0.450694 0.023438 0.056944 1 0.697754 0.299609 0.732639 0.024219 0.073611 0 0.686035 0.355469 0.413194 0.01875 0.045833 3 0.684082 0.767969 0.460417 0.03125 0.056944 0 0.672363 0.289844 0.515972 0.025 0.0625 1 0.645996 0.708594 0.820139 0.029687 0.101389 1 0.631836 0.760156 0.749306 0.025 0.081944 1 0.560059 0.714063 0.554861 0.01875 0.059722 1 0.556641 0.294531 0.585417 0.020313 0.056944 10 0.552734 0.207422 0.436111 0.094531 0.133333 0 0.552734 0.36875 0.457639 0.021875 0.056944 0 0.546875 0.376953 0.425694 0.017969 0.048611 2 0.546875 0.991797 0.925694 0.016406 0.1375 0 0.541016 0.191016 0.877083 0.035156 0.081944 2 0.535156 0.368359 0.457639 0.022656 0.056944 5 0.519531 0.473047 0.380556 0.036719 0.055556 1 0.513672 0.79375 0.529861 0.01875 0.059722 1 0.470703 0.476172 0.455556 0.017969 0.05 2 0.449463 0.489063 0.422917 0.021875 0.051389 10 0.44751 0.019141 0.646528 0.038281 0.215278 1 0.403564 0.403516 0.959722 0.035156 0.069444 3 0.394287 0.507422 0.392361 0.035156 0.048611 0 0.300781 0.894922 0.522917 0.022656 0.0625 1 0.29248 0.596094 0.463889 0.017188 0.044444 0 0.279785 0.741406 0.577083 0.025 0.070833 1 0.279785 0.741406 0.577083 0.025 0.070833 0 0.177246 0.185156 0.829861 0.035937 0.090278 0 0.127686 0.930078 0.589583 0.030469 0.073611 0 0.105591 0.899219 0.581944 0.025 0.072222 0 0.093689 0.941797 0.75625 0.036719 0.0875 1 0.058563 0.191016 0.877778 0.035156 0.088889 3 0.053589 0.526953 0.3625 0.028906 0.038889 3 0.051849 0.490234 0.422917 0.022656 0.048611 1 0.046021 0.591406 0.429861 0.01875 0.043056 1 0.045349 0.523438 0.409722 0.01875 0.038889 1 0.039948 0.433203 0.4 0.021094 0.041667 3 0.033081 0.989062 0.924306 0.021875 0.143056 3 0.032837 0.526172 0.329861 0.027344 0.0375 4 0.02626 0.640234 0.390278 0.027344 0.058333 0 0.026062 0.994531 0.896528 0.010937 0.118056 1 0.019943 0.595703 0.419444 0.021094 0.05 0 0.016922 0.432422 0.4 0.021094 0.041667 0 0.014618 0.360547 0.36875 0.014844 0.0375 0 0.014229 0.9375 0.738889 0.032813 0.083333 10 0.012238 0.980078 0.584722 0.039844 0.141667 1 0.009819 0.59375 0.447222 0.020313 0.05 1 0.00956 0.971094 0.606944 0.025 0.061111 0 0.008514 0.903125 0.59375 0.028125 0.070833 0 0.007095 0.3625 0.426389 0.026562 0.052778 1 0.006565 0.325 0.868056 0.035937 0.102778 0 0.006218 0.973828 0.602083 0.030469 0.065278 0 0.006123 0.414453 0.351389 0.019531 0.038889 0 0.006096 0.934375 0.720139 0.029687 0.079167 0 0.006027 0.991797 0.725694 0.016406 0.095833 1 0.00589 0.932422 0.590972 0.035156 0.081944 1 0.005753 0.71875 0.561111 0.028125 0.066667 1 0.005554 0.763672 0.753472 0.039844 0.095833 1 0.005428 0.285938 0.585417 0.034375 0.0625 0 0.005428 0.916406 0.594444 0.0375 0.077778 3 0.005344 0.640234 0.389583 0.027344 0.056944 7 0.004608 0.638672 0.390278 0.030469 0.058333 3 0.004505 0.514844 0.389583 0.03125 0.031944 3 0.003298 0.984375 0.947222 0.029687 0.102778 1 0.003273 0.596875 0.455556 0.021875 0.055556 0 0.002958 0.9875 0.883333 0.025 0.161111 0 0.002913 0.488672 0.427778 0.024219 0.061111 0 0.002867 0.373047 0.44375 0.028906 0.059722 3 0.002642 0.008594 0.25625 0.017188 0.031944 0 0.002453 0.072656 0.6375 0.0375 0.072222 0 0.002115 0.891406 0.571528 0.032813 0.076389 1 0.002035 0.301953 0.879861 0.025781 0.101389 1 0.00202 0.436719 0.39375 0.023438 0.048611 1 0.001942 0.276172 0.604861 0.050781 0.0625 1 0.001926 0.713672 0.83125 0.042969 0.106944 1 0.001904 0.74375 0.445139 0.0125 0.043056 4 0.001853 0.986719 0.920833 0.026562 0.158333 1 0.001661 0.186719 0.890278 0.035937 0.086111 1 0.001649 0.539062 0.43125 0.01875 0.045833 0 0.001549 0.995703 0.814583 0.008594 0.090278 2 0.001501 0.981641 0.926389 0.033594 0.144444 12 0.001351 0.407031 0.997917 0.107813 0.004167 1 0.001346 0.535547 0.425 0.016406 0.044444 10 0.00133 0.986328 0.923611 0.027344 0.152778 1 0.001315 0.939844 0.680556 0.020313 0.066667 1 0.001315 0.952734 0.770139 0.022656 0.073611 1 0.001305 0.589063 0.416667 0.020313 0.055556 0 0.001265 0.996094 0.834028 0.007812 0.1375 1 0.001216 0.18125 0.805556 0.025 0.072222 1 0.001161 0.295312 0.717361 0.03125 0.068056 6 0.001143 0.938281 0.514583 0.05 0.0875 1 0.00106 0.952734 0.884722 0.035156 0.097222 0 0.001044 0.314844 0.445833 0.025 0.055556
CCTV01^20260318-110000-20260318-120000_000178,6 0.976074 0.884375 0.593056 0.103125 0.211111 10 0.921875 0.208594 0.430556 0.098437 0.127778 3 0.892578 0.525 0.877778 0.065625 0.186111 10 0.888184 0.367188 0.497917 0.123438 0.170833 7 0.874023 0.099609 0.719444 0.113281 0.116667 10 0.871582 0.308984 0.474306 0.105469 0.173611 2 0.865234 0.314063 0.804167 0.046875 0.111111 10 0.86084 0.038672 0.604861 0.077344 0.209722 2 0.85791 0.894922 0.725 0.055469 0.088889 3 0.849121 0.244141 0.771528 0.071094 0.109722 9 0.835449 0.248047 0.609028 0.107031 0.123611 2 0.808105 0.046094 0.816667 0.057813 0.105556 0 0.800781 0.801172 0.624306 0.027344 0.081944 0 0.789062 0.275 0.902083 0.05 0.120833 7 0.782715 0.771094 0.915278 0.057813 0.155556 0 0.78125 0.928906 0.820139 0.05 0.1125 0 0.737305 0.81875 0.798611 0.032813 0.105556 0 0.733887 0.033594 0.913194 0.040625 0.109722 1 0.663574 0.15625 0.827778 0.03125 0.083333 4 0.654785 0.771484 0.915278 0.058594 0.155556 10 0.632324 0.440234 0.369444 0.122656 0.105556 1 0.609375 0.647266 0.439583 0.027344 0.045833 0 0.542969 0.305469 0.727778 0.03125 0.080556 3 0.541016 0.371094 0.597222 0.064062 0.066667 0 0.507812 0.244922 0.684722 0.030469 0.066667 1 0.476562 0.345313 0.76875 0.025 0.070833 2 0.44165 0.7625 0.448611 0.025 0.055556 1 0.338135 0.810156 0.734722 0.032813 0.066667 1 0.173828 0.600781 0.428472 0.01875 0.045833 0 0.17334 0.785156 0.427083 0.020313 0.051389 0 0.130737 0.358203 0.957639 0.044531 0.070833 12 0.089478 0.094141 0.716667 0.097656 0.113889 0 0.083862 0.308594 0.761806 0.035937 0.093056 7 0.068542 0.248828 0.611806 0.107031 0.129167 4 0.060089 0.247656 0.611111 0.109375 0.127778 0 0.048859 0.203906 0.543056 0.029687 0.055556 0 0.037903 0.814453 0.761111 0.035156 0.105556 0 0.034363 0.150781 0.613889 0.04375 0.077778 1 0.034363 0.076953 0.647917 0.027344 0.059722 11 0.028763 0.445312 0.370139 0.1125 0.101389 0 0.024994 0.244922 0.502083 0.030469 0.073611 3 0.02002 0.430859 0.399306 0.050781 0.045833 10 0.015717 0.979297 0.584722 0.041406 0.15 0 0.015602 0.076172 0.648611 0.028906 0.058333 2 0.012772 0.93125 0.584028 0.026562 0.059722 2 0.012238 0.151172 0.616667 0.046094 0.083333 1 0.011917 0.192578 0.946528 0.030469 0.079167 0 0.01133 0.813672 0.740972 0.032031 0.079167 1 0.010948 0.971094 0.604167 0.025 0.058333 0 0.01001 0.346484 0.767361 0.028906 0.073611 0 0.008575 0.932422 0.584722 0.030469 0.061111 3 0.007175 0.008594 0.252778 0.017188 0.038889 1 0.006668 0.738672 0.430556 0.017969 0.044444 0 0.006363 0.78125 0.433333 0.020313 0.058333 0 0.005447 0.202734 0.568056 0.027344 0.066667 1 0.0042 0.350391 0.771528 0.039844 0.084722 0 0.003622 0.789844 0.445833 0.017188 0.038889 7 0.003338 0.098047 0.961111 0.192969 0.077778 0 0.003197 0.292187 0.954167 0.0375 0.063889 1 0.003004 0.355859 0.957639 0.046094 0.076389 12 0.00259 0.041016 0.999306 0.080469 0.001389 0 0.002083 0.836328 0.490972 0.017969 0.054167 12 0.001824 0.008594 0.252083 0.017188 0.043056 2 0.001727 0.129688 0.58125 0.040625 0.070833 0 0.001478 0.240625 0.473611 0.026562 0.038889 0 0.001421 0.973047 0.595833 0.030469 0.069444 6 0.00141 0.085938 0.961111 0.167187 0.077778 1 0.001269 0.758594 0.442361 0.032813 0.056944 0 0.001216 0.033984 0.890278 0.036719 0.075 11 0.001169 0.008594 0.252778 0.017188 0.041667 0 0.001073 0.235547 0.677778 0.036719 0.058333
CCTV01^20260318-110000-20260318-120000_000182,6 0.947266 0.934766 0.677778 0.127344 0.261111 10 0.928223 0.0625 0.563194 0.125 0.193056 10 0.927246 0.710156 0.461806 0.079687 0.176389 10 0.922852 0.208984 0.430556 0.099219 0.127778 10 0.918945 0.173047 0.786111 0.164844 0.347222 3 0.895508 0.525391 0.877778 0.063281 0.186111 0 0.829102 0.394141 0.910417 0.052344 0.118056 2 0.803223 0.328906 0.608333 0.040625 0.077778 3 0.773438 0.5 0.415278 0.034375 0.05 0 0.769043 0.808594 0.554167 0.025 0.075 0 0.766113 0.338672 0.914583 0.049219 0.1125 2 0.760742 0.339844 0.538889 0.059375 0.083333 0 0.754883 0.859766 0.701389 0.035156 0.091667 0 0.726562 0.274219 0.526389 0.021875 0.063889 2 0.72168 0.41875 0.506944 0.032813 0.063889 0 0.708984 0.905078 0.734722 0.038281 0.1 0 0.705566 0.135547 0.661111 0.035156 0.077778 4 0.697754 0.317969 0.742361 0.054688 0.123611 0 0.649414 0.295703 0.540972 0.024219 0.056944 0 0.598145 0.246484 0.597917 0.027344 0.065278 1 0.558105 0.787109 0.502778 0.016406 0.052778 0 0.535156 0.253125 0.495139 0.026562 0.056944 0 0.53125 0.220703 0.591667 0.025781 0.052778 0 0.513672 0.354297 0.566667 0.024219 0.058333 0 0.455078 0.839844 0.617361 0.029687 0.081944 1 0.414795 0.189844 0.590278 0.021875 0.058333 0 0.392334 0.0125 0.927778 0.025 0.125 0 0.375732 0.291406 0.431944 0.020313 0.047222 1 0.354004 0.777734 0.466667 0.014844 0.044444 0 0.352295 0.807422 0.48125 0.022656 0.059722 0 0.336426 0.304297 0.499306 0.019531 0.048611 0 0.294189 0.833984 0.449306 0.022656 0.056944 1 0.29248 0.28125 0.670139 0.023438 0.065278 0 0.246582 0.292578 0.668056 0.038281 0.069444 10 0.213379 0.410547 0.345833 0.067969 0.102778 0 0.205566 0.008203 0.920139 0.016406 0.126389 0 0.186523 0.184766 0.51875 0.025781 0.056944 1 0.166138 0.76875 0.429861 0.017188 0.045833 0 0.11554 0.290234 0.536111 0.017969 0.058333 10 0.103027 0.029297 0.841667 0.058594 0.244444 6 0.088806 0.030078 0.845833 0.060156 0.252778 3 0.080383 0.029687 0.813889 0.059375 0.191667 2 0.069275 0.834375 0.450694 0.026562 0.059722 2 0.063232 0.274609 0.410417 0.019531 0.045833 0 0.056458 0.253125 0.453472 0.026562 0.045833 0 0.051666 0.803906 0.430556 0.020313 0.044444 5 0.049591 0.029687 0.813194 0.059375 0.193056 9 0.046906 0.029687 0.820833 0.059375 0.205556 11 0.034882 0.029687 0.822222 0.059375 0.202778 0 0.031021 0.354687 0.486806 0.020313 0.043056 1 0.027481 0.304297 0.502083 0.022656 0.054167 0 0.027374 0.076953 0.652778 0.028906 0.061111 0 0.026962 0.338672 0.545833 0.057031 0.088889 0 0.025558 0.013281 0.95625 0.026562 0.084722 1 0.023331 0.257812 0.532639 0.015625 0.051389 10 0.022034 0.5125 0.314583 0.051562 0.0875 1 0.021118 0.078125 0.655556 0.029687 0.063889 0 0.021042 0.299609 0.659028 0.025781 0.059722 1 0.013901 0.184766 0.577778 0.033594 0.069444 0 0.012825 0.885547 0.534028 0.028906 0.068056 0 0.012527 0.257031 0.4625 0.025 0.041667 4 0.010246 0.029687 0.813194 0.059375 0.190278 0 0.008713 0.561328 0.428472 0.019531 0.045833 5 0.008255 0.134766 0.575694 0.049219 0.079167 1 0.008064 0.354687 0.486806 0.01875 0.043056 1 0.007122 0.782422 0.488194 0.019531 0.070833 1 0.007122 0.172266 0.554167 0.013281 0.052778 0 0.005913 0.360547 0.584722 0.021094 0.058333 2 0.005798 0.135156 0.574306 0.045312 0.076389 1 0.005665 0.755469 0.436111 0.01875 0.05 1 0.004574 0.316016 0.952083 0.030469 0.0875 0 0.004539 0.007422 0.705556 0.014844 0.097222 3 0.004116 0.135547 0.575694 0.044531 0.079167 3 0.004005 0.018359 0.767361 0.036719 0.104167 1 0.003885 0.771875 0.44375 0.021875 0.056944 0 0.00358 0.800391 0.413889 0.022656 0.055556 1 0.003565 0.057813 0.690278 0.01875 0.058333 1 0.003511 0.883594 0.538194 0.026562 0.070833 1 0.003099 0.448047 0.36875 0.022656 0.043056 12 0.003099 0.032422 0.998611 0.064844 0.002778 0 0.002913 0.844922 0.630556 0.032031 0.075 1 0.002811 0.250781 0.451389 0.023438 0.047222 0 0.0028 0.357422 0.545833 0.025781 0.069444 3 0.002779 0.009375 0.764583 0.01875 0.098611 1 0.002737 0.007422 0.699306 0.014844 0.090278 0 0.002714 0.788672 0.504167 0.019531 0.055556 0 0.002663 0.373437 0.592361 0.025 0.056944 0 0.002571 0.319141 0.543056 0.022656 0.069444 1 0.00255 0.903125 0.719444 0.032813 0.077778 0 0.002359 0.541797 0.4375 0.027344 0.055556 1 0.002199 0.803516 0.490972 0.027344 0.068056 1 0.00215 0.452344 0.36875 0.01875 0.0375 11 0.001611 0.021875 0.840278 0.04375 0.144444 1 0.001455 0.085547 0.665278 0.025781 0.069444 0 0.001265 0.004687 0.892361 0.009375 0.081944 0 0.001202 0.326562 0.538194 0.035937 0.070833 1 0.001138 0.811328 0.602083 0.017969 0.059722 1 0.001134 0.20625 0.515278 0.015625 0.055556 2 0.00104 0.417187 0.998611 0.125 0.002778 10 0.001032 0.051953 0.492361 0.103906 0.306944
CCTV01^20260318-110000-20260318-120000_000186,10 0.92627 0.090234 0.527778 0.142969 0.172222 4 0.922852 0.316797 0.801389 0.061719 0.130556 10 0.912598 0.208594 0.432639 0.098437 0.129167 10 0.896973 0.410156 0.45 0.107813 0.144444 3 0.890137 0.524609 0.877778 0.064844 0.186111 2 0.888672 0.205859 0.684722 0.033594 0.088889 10 0.843262 0.332031 0.463194 0.11875 0.145833 2 0.823242 0.238281 0.736111 0.04375 0.1 0 0.819824 0.232422 0.629861 0.027344 0.073611 0 0.790527 0.147266 0.7 0.030469 0.080556 0 0.774414 0.776953 0.555556 0.024219 0.072222 0 0.770508 0.037891 0.755556 0.041406 0.094444 0 0.762207 0.262891 0.588194 0.025781 0.070833 1 0.73877 0.267578 0.901389 0.032031 0.080556 0 0.733887 0.191797 0.614583 0.035156 0.073611 0 0.730957 0.916797 0.669444 0.033594 0.083333 3 0.680664 0.141406 0.942361 0.075 0.109722 2 0.645996 0.862109 0.547917 0.027344 0.059722 0 0.644043 0.053516 0.6875 0.036719 0.080556 1 0.616699 0.042969 0.894444 0.035937 0.105556 0 0.583008 0.783203 0.952083 0.039844 0.0875 1 0.569824 0.75 0.529167 0.017188 0.063889 0 0.507812 0.243359 0.545833 0.025781 0.061111 0 0.501953 0.869531 0.640972 0.032813 0.084722 1 0.460938 0.638281 0.468056 0.023438 0.052778 0 0.42627 0.258594 0.826389 0.0375 0.097222 1 0.399902 0.210156 0.566667 0.025 0.052778 1 0.383057 0.495703 0.438194 0.014844 0.048611 2 0.363037 0.891406 0.529167 0.025 0.063889 0 0.317383 0.891016 0.529861 0.027344 0.065278 3 0.275146 0.517578 0.375 0.030469 0.047222 1 0.155029 0.003906 0.70625 0.007812 0.084722 0 0.144165 0.007031 0.920139 0.014063 0.093056 1 0.132935 0.461719 0.480556 0.017188 0.041667 3 0.118774 0.658203 0.370139 0.027344 0.051389 1 0.095703 0.008594 0.920139 0.017188 0.093056 0 0.091064 0.892578 0.572222 0.027344 0.061111 5 0.05481 0.39375 0.956944 0.123438 0.086111 0 0.0401 0.892578 0.595833 0.032031 0.072222 0 0.034882 0.461719 0.477778 0.017188 0.05 10 0.033325 0.988281 0.806944 0.023438 0.361111 1 0.031372 0.009766 0.595833 0.019531 0.066667 1 0.028214 0.820703 0.533333 0.016406 0.061111 3 0.028214 0.991797 0.803472 0.016406 0.215278 1 0.025269 0.078516 0.636111 0.032031 0.055556 0 0.02121 0.903906 0.581944 0.017188 0.058333 2 0.021118 0.992188 0.806944 0.015625 0.155556 0 0.01445 0.93125 0.585417 0.028125 0.065278 2 0.014229 0.227734 0.488889 0.032031 0.058333 0 0.012054 0.989453 0.642361 0.021094 0.101389 0 0.011467 0.260547 0.5125 0.019531 0.047222 1 0.011421 0.776563 0.554167 0.025 0.072222 0 0.010452 0.259375 0.575 0.026562 0.077778 2 0.010406 0.288672 0.415972 0.019531 0.0375 0 0.009636 0.241797 0.500694 0.021094 0.043056 2 0.008476 0.992969 0.834028 0.014063 0.129167 1 0.007755 0.008984 0.704861 0.016406 0.093056 1 0.007637 0.142578 0.578472 0.028906 0.070833 11 0.007374 0.991016 0.779167 0.017969 0.230556 10 0.007149 0.436719 0.322917 0.070312 0.090278 10 0.006439 0.989453 0.722222 0.021094 0.355556 0 0.00573 0.005078 0.736806 0.010156 0.098611 1 0.005428 0.140625 0.595833 0.03125 0.075 1 0.004829 0.953516 0.608333 0.022656 0.066667 10 0.004433 0.982031 0.783333 0.035937 0.419444 2 0.004364 0.994531 0.753472 0.010937 0.159722 0 0.004055 0.232422 0.491667 0.036719 0.058333 0 0.00399 0.561328 0.431944 0.021094 0.052778 1 0.003824 0.202734 0.549306 0.028906 0.059722 0 0.003736 0.004687 0.688889 0.007812 0.1 1 0.003622 0.260937 0.511806 0.020313 0.045833 10 0.00358 0.988281 0.641667 0.023438 0.125 1 0.003565 0.128906 0.63125 0.01875 0.056944 3 0.003403 0.995703 0.729861 0.008594 0.115278 1 0.002947 0.747656 0.528472 0.029687 0.070833 0 0.002846 0.819922 0.41875 0.017969 0.040278 11 0.002672 0.007812 0.573611 0.015625 0.111111 0 0.002512 0.288672 0.416667 0.019531 0.038889 9 0.002415 0.989453 0.834028 0.021094 0.140278 0 0.002306 0.076953 0.636806 0.030469 0.054167 0 0.00227 0.995313 0.709028 0.009375 0.084722 0 0.002243 0.838672 0.454861 0.017969 0.048611 1 0.002234 0.213281 0.557639 0.03125 0.056944 10 0.002192 0.3875 0.438194 0.076563 0.151389 1 0.002083 0.007812 0.60625 0.015625 0.073611 3 0.001912 0.990625 0.753472 0.01875 0.173611 10 0.001861 0.989453 0.543056 0.019531 0.105556 0 0.001675 0.885938 0.602083 0.0375 0.076389 10 0.001649 0.994141 0.536111 0.011719 0.097222 1 0.001611 0.045312 0.896528 0.0625 0.118056 1 0.001501 0.028125 0.720833 0.01875 0.058333 1 0.001472 0.014063 0.627778 0.021875 0.066667 0 0.001346 0.256641 0.60625 0.033594 0.073611 0 0.001161 0.539453 0.435417 0.019531 0.043056 0 0.001151 0.004297 0.879861 0.008594 0.134722 0 0.001112 0.137891 0.613194 0.028906 0.065278 0 0.001069 0.003906 0.84375 0.007812 0.106944 1 0.001032 0.959766 0.619444 0.027344 0.077778 1 0.001028 0.961719 0.65 0.020313 0.066667 10 0.001012 0.98125 0.611111 0.0375 0.180556 3 0.001008 0.394141 0.951389 0.108594 0.097222
CCTV01^20260318-110000-20260318-120000_000190,10 0.933105 0.103125 0.517361 0.151562 0.170833 3 0.910645 0.330078 0.6 0.058594 0.080556 7 0.898438 0.348828 0.516667 0.036719 0.077778 10 0.896484 0.365625 0.396528 0.078125 0.123611 3 0.890137 0.524609 0.877778 0.066406 0.186111 10 0.870605 0.208203 0.429861 0.100781 0.126389 3 0.822266 0.260547 0.763194 0.071094 0.115278 0 0.801758 0.121484 0.718056 0.036719 0.091667 0 0.779785 0.162109 0.675694 0.033594 0.081944 10 0.774414 0.453516 0.371528 0.083594 0.1125 0 0.770508 0.221875 0.671528 0.032813 0.079167 0 0.746094 0.246484 0.936806 0.060156 0.101389 2 0.71875 0.955859 0.690278 0.047656 0.086111 3 0.679199 0.492188 0.401389 0.040625 0.05 0 0.658203 0.278516 0.469444 0.024219 0.055556 1 0.560059 0.317578 0.492361 0.016406 0.045833 1 0.548828 0.902344 0.736111 0.029687 0.086111 2 0.544922 0.314453 0.439583 0.024219 0.051389 0 0.535156 0.226172 0.509722 0.028906 0.058333 1 0.5 0.266406 0.527778 0.020313 0.052778 0 0.472656 0.819922 0.480556 0.022656 0.058333 9 0.416748 0.76875 0.427083 0.045312 0.076389 0 0.297363 0.051562 0.685417 0.04375 0.0875 0 0.23938 0.382812 0.564583 0.028125 0.065278 0 0.208862 0.923047 0.641667 0.036719 0.088889 2 0.199341 0.923047 0.643056 0.036719 0.088889 10 0.191895 0.057813 0.902778 0.115625 0.194444 0 0.156616 0.809766 0.461806 0.022656 0.059722 0 0.135254 0.814844 0.472917 0.029687 0.0625 0 0.131226 0.916406 0.571528 0.039062 0.070833 0 0.083008 0.062109 0.767361 0.053906 0.084722 7 0.049225 0.767969 0.427778 0.042188 0.075 0 0.044342 0.523438 0.419444 0.021875 0.047222 6 0.039795 0.058984 0.902083 0.117969 0.195833 1 0.029419 0.649219 0.428472 0.023438 0.056944 0 0.028763 0.03125 0.629167 0.029687 0.069444 0 0.025864 0.385547 0.551389 0.024219 0.069444 3 0.02298 0.744922 0.376389 0.030469 0.041667 2 0.021942 0.381641 0.574306 0.028906 0.056944 0 0.020798 0.003906 0.716667 0.007812 0.083333 0 0.020721 0.285938 0.430556 0.015625 0.038889 1 0.018982 0.188672 0.886806 0.036719 0.104167 0 0.016785 0.994922 0.702778 0.010156 0.077778 0 0.0121 0.536719 0.429861 0.026562 0.054167 0 0.010986 0.919531 0.586806 0.039062 0.0875 1 0.009933 0.128906 0.658333 0.017188 0.055556 0 0.005535 0.305859 0.415278 0.017969 0.038889 1 0.00547 0.064844 0.638889 0.029687 0.063889 1 0.004757 0.175391 0.713889 0.017969 0.044444 0 0.004116 0.005859 0.730556 0.011719 0.094444 0 0.004101 0.007422 0.850694 0.014844 0.070833 1 0.00378 0.388281 0.540278 0.015625 0.047222 3 0.003679 0.008203 0.254167 0.016406 0.033333 0 0.003511 0.262109 0.434028 0.022656 0.045833 1 0.003325 0.921094 0.65625 0.029687 0.068056 0 0.003273 0.8375 0.431944 0.020313 0.041667 0 0.003016 0.012109 0.597917 0.022656 0.104167 0 0.002913 0.028906 0.645139 0.029687 0.068056 2 0.00289 0.916406 0.569444 0.0375 0.066667 0 0.00279 0.055469 0.644444 0.028125 0.072222 0 0.002758 0.017969 0.704861 0.021875 0.0625 1 0.002493 0.314453 0.489583 0.024219 0.048611 1 0.002415 0.016406 0.704167 0.01875 0.058333 0 0.002359 0.823047 0.485417 0.033594 0.065278 1 0.002359 0.184766 0.90625 0.032031 0.104167 0 0.00235 0.559375 0.423611 0.021875 0.047222 1 0.002287 0.093359 0.685417 0.027344 0.068056 0 0.002253 0.013672 0.615972 0.022656 0.095833 0 0.002253 0.1375 0.613194 0.029687 0.059722 10 0.002003 0.994531 0.535417 0.010937 0.095833 10 0.001972 0.532813 0.305556 0.045312 0.083333 0 0.001949 0.995703 0.840972 0.008594 0.148611 0 0.001942 0.064844 0.694444 0.029687 0.080556 1 0.001734 0.069531 0.7375 0.029687 0.072222 0 0.00172 0.010156 0.718056 0.020313 0.088889 0 0.0017 0.011719 0.848611 0.023438 0.066667 2 0.001642 0.308984 0.425694 0.024219 0.056944 0 0.001597 0.828906 0.454861 0.029687 0.051389 2 0.001519 0.134375 0.999306 0.125 0.001389 0 0.001467 0.00625 0.613194 0.0125 0.093056 0 0.001372 0.266406 0.449306 0.023438 0.0625 1 0.00133 0.904687 0.734722 0.05625 0.097222 0 0.001265 0.147266 0.5625 0.038281 0.086111 0 0.001235 0.996094 0.807639 0.007812 0.109722 1 0.00123 0.161719 0.66875 0.029687 0.079167 1 0.001143 0.317188 0.501389 0.020313 0.058333 10 0.00109 0.989844 0.536806 0.01875 0.093056 1 0.001017 0.098828 0.678472 0.025781 0.070833
CCTV01^20260318-110000-20260318-120000_000194,10 0.917969 0.18125 0.639583 0.142187 0.248611 10 0.915039 0.102734 0.515972 0.152344 0.165278 10 0.908203 0.208203 0.429167 0.100781 0.125 3 0.892578 0.524609 0.877778 0.066406 0.186111 10 0.888184 0.224609 0.777083 0.135156 0.334722 3 0.84082 0.727344 0.722917 0.054688 0.118056 3 0.831055 0.798438 0.913194 0.075 0.1625 3 0.81543 0.665625 0.496528 0.035937 0.076389 0 0.808105 0.316406 0.508333 0.021875 0.063889 2 0.777344 0.269531 0.950694 0.051562 0.090278 0 0.760742 0.373828 0.922917 0.057031 0.126389 2 0.744629 0.367188 0.413889 0.025 0.05 0 0.744629 0.263281 0.494444 0.026562 0.061111 3 0.728027 0.905078 0.719444 0.061719 0.113889 9 0.715332 0.796484 0.665278 0.060156 0.144444 5 0.675781 0.783594 0.478472 0.035937 0.084722 2 0.665527 0.840234 0.572222 0.041406 0.105556 0 0.658203 0.341797 0.463194 0.030469 0.054167 1 0.654785 0.842578 0.661111 0.022656 0.066667 0 0.563965 0.278906 0.596528 0.026562 0.065278 0 0.562012 0.379688 0.436806 0.01875 0.043056 1 0.554688 0.745703 0.645139 0.022656 0.070833 0 0.53125 0.973828 0.669444 0.036719 0.086111 1 0.507812 0.9 0.634028 0.021875 0.059722 1 0.507812 0.326953 0.659722 0.021094 0.066667 0 0.439697 0.294141 0.64375 0.022656 0.073611 1 0.434082 0.648828 0.429861 0.017969 0.048611 1 0.405518 0.708203 0.484722 0.017969 0.052778 2 0.327637 0.973828 0.670139 0.036719 0.0875 0 0.291016 0.840625 0.571528 0.040625 0.106944 1 0.226807 0.430078 0.484028 0.016406 0.040278 0 0.162354 0.021484 0.688194 0.039844 0.081944 0 0.151489 0.810156 0.464583 0.020313 0.051389 7 0.13208 0.350781 0.374306 0.032813 0.051389 1 0.086609 0.033203 0.76875 0.025781 0.081944 6 0.07782 0.350391 0.373611 0.032031 0.052778 3 0.061432 0.662109 0.372917 0.028906 0.056944 0 0.043213 0.535156 0.420833 0.020313 0.055556 0 0.042389 0.808984 0.439583 0.021094 0.054167 0 0.036072 0.995313 0.900694 0.009375 0.151389 1 0.028976 0.077734 0.64375 0.027344 0.0625 0 0.024429 0.007812 0.698611 0.015625 0.075 0 0.022034 0.487109 0.484028 0.022656 0.045833 1 0.018768 0.996094 0.880556 0.007812 0.133333 2 0.015717 0.495312 0.364583 0.026562 0.054167 1 0.014336 0.343359 0.466667 0.028906 0.055556 0 0.012009 0.494922 0.367361 0.025781 0.0625 0 0.010696 0.023438 0.659028 0.035937 0.098611 1 0.010292 0.897656 0.631944 0.032813 0.075 0 0.009972 0.907422 0.572222 0.024219 0.069444 3 0.008743 0.008203 0.255556 0.016406 0.033333 0 0.007904 0.994531 0.7125 0.010937 0.097222 0 0.007549 0.296094 0.657639 0.025 0.068056 1 0.006027 0.989844 0.9 0.020313 0.177778 0 0.005363 0.255469 0.45625 0.017188 0.040278 1 0.004757 0.898828 0.660417 0.027344 0.054167 0 0.004265 0.501953 0.394444 0.017969 0.05 0 0.00407 0.839844 0.440972 0.017188 0.045833 10 0.003855 0.986328 0.638194 0.027344 0.134722 1 0.003721 0.939453 0.646528 0.019531 0.065278 2 0.003511 0.996094 0.86875 0.007812 0.140278 1 0.003483 0.705469 0.486806 0.026562 0.059722 1 0.003197 0.501953 0.397917 0.017969 0.045833 0 0.003027 0.995313 0.742361 0.009375 0.123611 1 0.003004 0.902734 0.672222 0.035156 0.063889 2 0.002981 0.250391 0.999306 0.130469 0.001389 1 0.002726 0.735156 0.640278 0.0375 0.083333 0 0.002684 0.020703 0.641667 0.032031 0.072222 0 0.002388 0.992969 0.664583 0.014063 0.081944 10 0.002226 0.982422 0.646528 0.035156 0.218056 1 0.002216 0.7125 0.484722 0.029687 0.061111 12 0.002165 0.35 0.374306 0.034375 0.054167 10 0.002132 0.525781 0.298611 0.045312 0.086111 9 0.001934 0.991406 0.738889 0.017188 0.141667 1 0.001853 0.211328 0.484722 0.021094 0.044444 1 0.001755 0.848047 0.675694 0.027344 0.079167 0 0.001727 0.039844 0.659722 0.032813 0.066667 1 0.001687 0.493359 0.390278 0.022656 0.055556 0 0.001675 0.278125 0.613194 0.028125 0.079167 0 0.001549 0.008984 0.647222 0.017969 0.116667 0 0.001543 0.41875 0.353472 0.01875 0.034722 0 0.001501 0.976172 0.654861 0.047656 0.184722 0 0.001432 0.561328 0.425694 0.019531 0.048611 2 0.001372 0.261328 0.993056 0.121094 0.013889 1 0.001315 0.838672 0.672222 0.027344 0.077778 0 0.001116 0.253906 0.4625 0.023438 0.047222 9 0.001112 0.986328 0.645833 0.027344 0.202778 3 0.001028 0.988672 0.905556 0.022656 0.183333 0 0.001017 0.538672 0.407639 0.021094 0.051389 0 0.001017 0.539844 0.43125 0.021875 0.051389 1 0.001017 0.653906 0.429167 0.029687 0.058333
CCTV01^20260318-110000-20260318-120000_000198,10 0.921875 0.103516 0.516667 0.152344 0.166667 10 0.909668 0.292187 0.503472 0.128125 0.173611 3 0.895508 0.525 0.877778 0.065625 0.186111 10 0.888184 0.208594 0.428472 0.1 0.123611 3 0.849121 0.420703 0.466667 0.046094 0.055556 0 0.79834 0.064062 0.829861 0.035937 0.106944 3 0.791992 0.24375 0.740972 0.065625 0.098611 0 0.786621 0.903906 0.888889 0.05 0.111111 0 0.78418 0.76875 0.676389 0.034375 0.088889 1 0.782715 0.296484 0.71875 0.022656 0.068056 0 0.774414 0.869922 0.659028 0.030469 0.084722 0 0.760742 0.257422 0.645139 0.028906 0.081944 2 0.750488 0.939844 0.733333 0.0625 0.086111 1 0.744629 0.827344 0.920833 0.032813 0.097222 2 0.743164 0.476562 0.420139 0.025 0.051389 0 0.728027 0.390625 0.5125 0.023438 0.063889 3 0.716797 0.621484 0.390972 0.027344 0.0625 0 0.715332 0.851562 0.559722 0.025 0.063889 1 0.70752 0.315234 0.627778 0.019531 0.061111 0 0.668945 0.9125 0.622917 0.029687 0.081944 0 0.59082 0.359375 0.425 0.021875 0.052778 1 0.577637 0.715625 0.556944 0.020313 0.058333 0 0.567871 0.344922 0.634722 0.035156 0.069444 1 0.567871 0.23125 0.642361 0.021875 0.065278 0 0.542969 0.214062 0.603472 0.026562 0.065278 0 0.407227 0.172266 0.578472 0.024219 0.059722 4 0.390381 0.308594 0.932639 0.1 0.109722 0 0.363037 0.955078 0.686806 0.042969 0.076389 10 0.256836 0.692187 0.370833 0.05 0.125 0 0.192505 0.578906 0.547917 0.026562 0.054167 0 0.118774 0.030859 0.634722 0.033594 0.063889 1 0.078918 0.580469 0.549306 0.029687 0.054167 0 0.043365 0.323437 0.384028 0.023438 0.040278 1 0.039185 0.173828 0.582639 0.024219 0.0625 1 0.037476 0.323437 0.385417 0.023438 0.040278 0 0.034607 0.217969 0.569444 0.029687 0.066667 0 0.033844 0.20625 0.501389 0.026562 0.058333 0 0.029877 0.533203 0.4125 0.017969 0.047222 1 0.02626 0.194531 0.580556 0.015625 0.058333 0 0.026062 0.995703 0.759722 0.008594 0.091667 0 0.019272 0.374609 0.372917 0.021094 0.043056 1 0.018982 0.075781 0.644444 0.026562 0.061111 6 0.018768 0.771094 0.370139 0.042188 0.093056 11 0.016846 0.375781 0.944444 0.298438 0.111111 2 0.01622 0.1375 0.613889 0.029687 0.058333 1 0.013374 0.671484 0.436806 0.021094 0.056944 0 0.012291 0.254688 0.448611 0.021875 0.041667 0 0.012054 0.484766 0.484028 0.022656 0.045833 3 0.011032 0.008594 0.25625 0.017188 0.031944 10 0.010986 0.771094 0.370833 0.042188 0.097222 10 0.009483 0.648828 0.324306 0.039844 0.104167 1 0.008156 0.245703 0.448611 0.019531 0.041667 1 0.007874 0.218359 0.565278 0.027344 0.055556 2 0.007694 0.308203 0.934722 0.097656 0.113889 0 0.007668 0.355078 0.402778 0.022656 0.05 1 0.006958 0.680078 0.433333 0.022656 0.055556 1 0.005775 0.667188 0.445833 0.01875 0.061111 1 0.0051 0.261719 0.440278 0.015625 0.033333 3 0.0051 0.329297 0.955556 0.082031 0.075 1 0.00502 0.341406 0.643056 0.029687 0.083333 2 0.004505 0.717578 0.310417 0.017969 0.034722 1 0.003809 0.916016 0.93125 0.047656 0.076389 1 0.003708 0.596484 0.422222 0.011719 0.047222 2 0.003565 0.089844 0.623611 0.05 0.080556 1 0.003376 0.307812 0.630556 0.0375 0.077778 0 0.003248 0.021484 0.638194 0.027344 0.070833 1 0.002779 0.991406 0.759028 0.017188 0.101389 0 0.002714 0.0125 0.647917 0.021875 0.084722 0 0.00255 0.991406 0.758333 0.017188 0.1 1 0.002434 0.722266 0.554861 0.035156 0.073611 0 0.002378 0.1375 0.615972 0.029687 0.059722 1 0.002287 0.326953 0.640278 0.025781 0.083333 0 0.002165 0.967578 0.652083 0.024219 0.073611 3 0.00214 0.491406 0.480556 0.03125 0.05 0 0.002043 0.167969 0.571528 0.028125 0.068056 1 0.001853 0.338281 0.661806 0.020313 0.0625 1 0.001782 0.573828 0.54375 0.022656 0.056944 1 0.001727 0.307031 0.639583 0.020313 0.070833 1 0.001649 0.079687 0.635417 0.029687 0.0625 1 0.001636 0.225 0.640278 0.028125 0.061111 0 0.001597 0.916016 0.61875 0.047656 0.0875 0 0.001574 0.891797 0.520139 0.019531 0.0625 0 0.001531 0.146094 0.554861 0.039062 0.073611 0 0.001285 0.254297 0.459028 0.032031 0.0625 1 0.001265 0.135937 0.626389 0.028125 0.058333 3 0.001197 0.616016 0.3125 0.021094 0.036111 12 0.001099 0.008203 0.255556 0.016406 0.038889 10 0.001057 0.988672 0.545833 0.019531 0.105556 10 0.001057 0.978125 0.581944 0.04375 0.130556 0 0.001048 0.994531 0.629861 0.010937 0.076389
CCTV01^20260318-110000-20260318-120000_000202,10 0.921875 0.103516 0.513889 0.150781 0.161111 9 0.913574 0.654297 0.55 0.067969 0.144444 10 0.900391 0.208594 0.43125 0.101562 0.129167 10 0.900391 0.73125 0.527778 0.1125 0.211111 3 0.881836 0.524219 0.879167 0.065625 0.186111 3 0.878418 0.7625 0.911111 0.075 0.161111 0 0.819824 0.296875 0.529861 0.026562 0.065278 0 0.78125 0.073047 0.939583 0.060156 0.104167 0 0.777344 0.891016 0.678472 0.035156 0.090278 3 0.760742 0.625 0.452083 0.03125 0.059722 2 0.759277 0.8125 0.504167 0.028125 0.063889 0 0.754883 0.417578 0.446528 0.022656 0.054167 1 0.695801 0.704297 0.936806 0.028906 0.0875 10 0.693359 0.967969 0.813194 0.064062 0.340278 1 0.633301 0.335547 0.497917 0.016406 0.051389 10 0.569824 0.492578 0.349306 0.083594 0.106944 9 0.562012 0.364844 0.430556 0.05 0.075 0 0.533203 0.792578 0.452083 0.019531 0.051389 1 0.320801 0.008984 0.918056 0.017969 0.091667 1 0.217285 0.759375 0.441667 0.015625 0.038889 0 0.210083 0.009375 0.918056 0.01875 0.091667 10 0.196777 0.692187 0.369444 0.05 0.122222 11 0.195557 0.654297 0.547917 0.067969 0.145833 3 0.065613 0.528516 0.375 0.030469 0.041667 2 0.024887 0.656641 0.397917 0.021094 0.051389 0 0.020889 0.394531 0.379167 0.020313 0.041667 1 0.020798 0.910156 0.575694 0.020313 0.059722 1 0.018051 0.761328 0.420139 0.017969 0.048611 7 0.016403 0.617188 0.381944 0.03125 0.061111 1 0.016098 0.016406 0.715972 0.032813 0.106944 0 0.010056 0.137891 0.617361 0.028906 0.056944 1 0.006004 0.5875 0.420139 0.01875 0.051389 3 0.004574 0.008203 0.255556 0.016406 0.030556 1 0.004467 0.077344 0.646528 0.028125 0.059722 0 0.004364 0.264453 0.438194 0.017969 0.045833 1 0.003975 0.008594 0.710417 0.017188 0.118056 0 0.003593 0.015234 0.719444 0.030469 0.1 10 0.003483 0.974219 0.711806 0.051562 0.381944 0 0.002913 0.780078 0.402778 0.021094 0.044444 12 0.001623 0.143359 0.001389 0.271094 0.002778 3 0.001525 0.65625 0.397222 0.023438 0.052778 0 0.001444 0.388281 0.386111 0.01875 0.047222 11 0.001444 0.009766 0.661111 0.019531 0.238889 10 0.001416 0.994141 0.539583 0.011719 0.0875 3 0.001346 0.719141 0.311806 0.021094 0.048611 12 0.001325 0.456641 0.283333 0.032031 0.052778 1 0.001274 0.035156 0.678472 0.025 0.0625 3 0.001245 0.008594 0.722917 0.017188 0.098611 0 0.001235 0.533594 0.407639 0.01875 0.048611 10 0.001225 0.976172 0.577083 0.047656 0.126389 0 0.001134 0.847656 0.521528 0.017188 0.059722 1 0.001065 0.345703 0.5 0.028906 0.061111 10 0.001044 0.983594 0.599306 0.032813 0.198611 0 0.001024 0.760156 0.411111 0.017188 0.044444
CCTV01^20260318-110000-20260318-120000_000206,10 0.92334 0.102734 0.514583 0.149219 0.165278 9 0.912598 0.763281 0.886806 0.092188 0.206944 3 0.888672 0.524609 0.878472 0.066406 0.1875 10 0.884277 0.208203 0.43125 0.100781 0.126389 3 0.868164 0.463672 0.440278 0.042969 0.055556 3 0.845703 0.84375 0.508333 0.045312 0.063889 2 0.836426 0.244141 0.932639 0.064844 0.123611 3 0.832031 0.277344 0.719444 0.070312 0.111111 2 0.792969 0.828516 0.738889 0.039844 0.105556 3 0.766113 0.626172 0.425 0.028906 0.052778 0 0.746094 0.6875 0.732639 0.029687 0.104167 0 0.744629 0.822656 0.529167 0.025 0.058333 2 0.729492 0.858203 0.951389 0.066406 0.091667 1 0.642578 0.707812 0.55 0.01875 0.063889 10 0.640625 0.701562 0.398611 0.05625 0.141667 0 0.592773 0.287109 0.484028 0.022656 0.054167 1 0.59082 0.765234 0.686806 0.022656 0.0875 1 0.575684 0.014063 0.879861 0.028125 0.090278 1 0.533203 0.235547 0.585417 0.022656 0.0625 10 0.448486 0.925 0.836806 0.15 0.309722 2 0.403564 0.920703 0.665278 0.080469 0.108333 5 0.375732 0.919922 0.665972 0.083594 0.1125 0 0.223999 0.267969 0.473611 0.01875 0.058333 1 0.188965 0.005078 0.770833 0.010156 0.086111 0 0.175537 0.013281 0.879167 0.026562 0.086111 0 0.165039 0.790234 0.425 0.022656 0.05 0 0.062805 0.365625 0.377083 0.021875 0.045833 0 0.060974 0.208984 0.496528 0.024219 0.054167 0 0.040375 0.004687 0.677083 0.009375 0.093056 3 0.032593 0.652344 0.405556 0.020313 0.047222 1 0.032349 0.660156 0.440972 0.020313 0.051389 2 0.025558 0.652344 0.404861 0.020313 0.048611 0 0.021118 0.994531 0.685417 0.010937 0.123611 1 0.020493 0.488672 0.391667 0.013281 0.038889 1 0.018341 0.008594 0.765278 0.017188 0.102778 0 0.018188 0.005078 0.750694 0.010156 0.115278 0 0.017914 0.00625 0.701389 0.0125 0.088889 1 0.017776 0.995313 0.705556 0.009375 0.102778 0 0.017715 0.53125 0.410417 0.020313 0.048611 1 0.015488 0.077344 0.644444 0.032813 0.061111 3 0.015366 0.008594 0.257639 0.017188 0.031944 0 0.014008 0.251953 0.454167 0.014844 0.044444 0 0.013687 0.83125 0.518056 0.034375 0.063889 0 0.010452 0.139453 0.617361 0.025781 0.0625 0 0.009193 0.009375 0.685417 0.01875 0.106944 0 0.007607 0.227344 0.51875 0.020313 0.056944 1 0.006439 0.027734 0.668056 0.032031 0.075 2 0.006073 0.771094 0.390278 0.023438 0.047222 0 0.005619 0.023438 0.655556 0.028125 0.088889 1 0.005138 0.425781 0.424306 0.0125 0.040278 0 0.00502 0.991406 0.684722 0.017188 0.136111 1 0.004505 0.663672 0.4375 0.017969 0.05 11 0.004433 0.628906 0.346528 0.03125 0.0875 0 0.003736 0.010156 0.743056 0.020313 0.113889 0 0.003708 0.141797 0.565972 0.028906 0.070833 3 0.003622 0.651172 0.332639 0.019531 0.043056 0 0.003124 0.005859 0.639583 0.011719 0.115278 1 0.00259 0.771094 0.685417 0.042188 0.101389 1 0.002453 0.017578 0.665972 0.024219 0.090278 1 0.002359 0.991406 0.708333 0.017188 0.1 11 0.002323 0.017578 0.535417 0.035156 0.156944 10 0.002287 0.014453 0.543056 0.028906 0.180556 5 0.001995 0.940625 0.517361 0.045312 0.081944 1 0.001934 0.7125 0.548611 0.032813 0.069444 10 0.001883 0.994141 0.535417 0.011719 0.084722 2 0.001867 0.007031 0.850694 0.014063 0.095833 10 0.001861 0.985156 0.772222 0.029687 0.422222 4 0.00181 0.914062 0.675694 0.1 0.148611 10 0.001597 0.989453 0.536111 0.019531 0.080556 1 0.001461 0.226953 0.538194 0.022656 0.056944 1 0.001421 0.007812 0.9 0.015625 0.111111 12 0.001346 0.146094 0.001389 0.278125 0.002778 0 0.001325 0.2125 0.510417 0.025 0.068056 1 0.001325 0.229687 0.554167 0.025 0.069444 3 0.00126 0.621094 0.454861 0.01875 0.034722 4 0.00126 0.019141 0.535417 0.036719 0.143056 0 0.001206 0.228125 0.538194 0.021875 0.056944 0 0.001179 0.192969 0.511111 0.017188 0.047222 0 0.001147 0.025 0.636111 0.026562 0.055556 0 0.001138 0.26875 0.444444 0.017188 0.055556 0 0.001099 0.271094 0.44375 0.015625 0.043056 0 0.001048 0.225391 0.507639 0.016406 0.043056 3 0.001032 0.994141 0.657639 0.011719 0.118056
CCTV01^20260318-110000-20260318-120000_000210,9 0.978027 0.744922 0.636806 0.097656 0.2125 9 0.928223 0.324219 0.486806 0.042188 0.101389 10 0.922363 0.102734 0.515972 0.150781 0.1625 10 0.915527 0.208594 0.43125 0.1 0.129167 3 0.885742 0.524609 0.877778 0.066406 0.186111 9 0.871582 0.230078 0.627778 0.061719 0.125 2 0.845703 0.730078 0.861111 0.046094 0.127778 1 0.82666 0.267578 0.895139 0.032031 0.0875 3 0.819824 0.377344 0.570833 0.057813 0.075 3 0.812988 0.701562 0.507639 0.04375 0.068056 3 0.803223 0.215625 0.864583 0.078125 0.1375 0 0.747559 0.252344 0.51875 0.021875 0.054167 0 0.713867 0.282422 0.504167 0.021094 0.058333 2 0.710449 0.815234 0.536111 0.027344 0.066667 2 0.6875 0.902734 0.544444 0.035156 0.066667 1 0.680664 0.072656 0.711806 0.035937 0.070833 3 0.586914 0.978906 0.877083 0.042188 0.126389 1 0.581543 0.358203 0.440972 0.017969 0.045833 0 0.449463 0.257812 0.475 0.01875 0.047222 2 0.338135 0.333203 0.3875 0.021094 0.038889 0 0.313965 0.011719 0.754167 0.023438 0.108333 1 0.287842 0.796484 0.461806 0.014844 0.043056 0 0.275146 0.307031 0.436806 0.01875 0.048611 0 0.24939 0.826172 0.479167 0.021094 0.044444 0 0.240723 0.341406 0.95 0.054688 0.075 0 0.166626 0.277734 0.495833 0.016406 0.061111 0 0.139893 0.988672 0.958333 0.022656 0.072222 0 0.119995 0.184766 0.559028 0.035156 0.070833 0 0.100525 0.531641 0.4125 0.021094 0.047222 1 0.085083 0.758984 0.4375 0.016406 0.05 1 0.082397 0.344141 0.436806 0.014844 0.043056 1 0.079468 0.224609 0.5 0.016406 0.05 3 0.075317 0.782031 0.413889 0.03125 0.05 0 0.071045 0.010156 0.879861 0.020313 0.101389 0 0.062317 0.282031 0.409028 0.023438 0.051389 1 0.050903 0.348828 0.439583 0.019531 0.043056 1 0.048309 0.765234 0.445833 0.014844 0.05 1 0.047424 0.771094 0.45 0.014063 0.047222 0 0.046906 0.828906 0.472222 0.020313 0.052778 1 0.039948 0.629687 0.409722 0.021875 0.047222 1 0.038452 0.228516 0.507639 0.014844 0.054167 10 0.036072 0.873828 0.875 0.142969 0.244444 0 0.035553 0.253125 0.452083 0.015625 0.045833 1 0.030334 0.988672 0.957639 0.022656 0.076389 0 0.02655 0.853516 0.741667 0.035156 0.055556 1 0.024429 0.337891 0.436111 0.014844 0.038889 0 0.023514 0.211719 0.492361 0.023438 0.054167 3 0.016281 0.010156 0.892361 0.020313 0.126389 7 0.016098 0.0125 0.746528 0.025 0.115278 1 0.013687 0.207031 0.497222 0.023438 0.055556 3 0.013275 0.008594 0.256944 0.017188 0.033333 7 0.012192 0.010547 0.892361 0.021094 0.123611 1 0.011467 0.128516 0.977083 0.030469 0.0375 0 0.010696 0.207031 0.497222 0.023438 0.052778 1 0.009933 0.680078 0.432639 0.021094 0.048611 0 0.009857 0.385937 0.359028 0.021875 0.043056 1 0.009338 0.079687 0.635417 0.029687 0.054167 0 0.008217 0.078906 0.635417 0.03125 0.056944 0 0.007149 0.004687 0.65625 0.009375 0.073611 0 0.007038 0.015625 0.76875 0.029687 0.079167 0 0.006668 0.271484 0.470139 0.011719 0.045833 0 0.006538 0.561328 0.429167 0.019531 0.044444 0 0.005039 0.31875 0.959722 0.090625 0.075 1 0.005001 0.328125 0.434028 0.014063 0.034722 0 0.004719 0.148047 0.556944 0.041406 0.080556 0 0.004398 0.037109 0.676389 0.036719 0.075 1 0.00428 0.732812 0.777083 0.025 0.065278 11 0.004135 0.38125 0.949306 0.284375 0.101389 0 0.004101 0.296875 0.409722 0.01875 0.041667 0 0.00326 0.006641 0.661806 0.013281 0.090278 7 0.003248 0.635156 0.295139 0.026562 0.059722 0 0.003075 0.254688 0.461806 0.021875 0.054167 1 0.00297 0.217969 0.488889 0.023438 0.05 0 0.002958 0.013281 0.661806 0.023438 0.076389 1 0.002846 0.792578 0.469444 0.017969 0.05 11 0.002758 0.010937 0.761806 0.021875 0.229167 1 0.002714 0.578516 0.440972 0.014844 0.048611 3 0.002632 0.011719 0.736111 0.023438 0.1 1 0.002481 0.304688 0.438194 0.021875 0.048611 1 0.002388 0.259375 0.408333 0.0125 0.044444 11 0.002216 0.007422 0.615972 0.014844 0.148611 0 0.002115 0.557031 0.435417 0.020313 0.054167 1 0.0021 0.357422 0.367361 0.014844 0.0375 2 0.002058 0.758984 0.434722 0.016406 0.047222 0 0.001912 0.027344 0.647222 0.029687 0.077778 0 0.001867 0.012891 0.73125 0.024219 0.090278 1 0.001824 0.037109 0.673611 0.035156 0.077778 0 0.001755 0.200781 0.498611 0.025 0.05 1 0.001531 0.072656 0.689583 0.03125 0.059722 0 0.00149 0.007812 0.907639 0.015625 0.154167 2 0.001432 0.3875 0.358333 0.023438 0.044444 2 0.001235 0.009375 0.784722 0.017188 0.091667 0 0.001225 0.007031 0.859722 0.014063 0.083333 6 0.001143 0.009766 0.910417 0.019531 0.179167 1 0.001017 0.751172 0.438889 0.017969 0.041667
CCTV01^20260318-110000-20260318-120000_000214,10 0.924805 0.101953 0.516667 0.150781 0.166667 10 0.908691 0.207422 0.43125 0.099219 0.131944 10 0.900391 0.782422 0.7625 0.147656 0.386111 3 0.881836 0.524609 0.879167 0.064844 0.186111 9 0.874023 0.9375 0.8375 0.117188 0.252778 2 0.854004 0.284375 0.782639 0.040625 0.104167 0 0.84375 0.173437 0.678472 0.034375 0.0875 3 0.833496 0.661328 0.534722 0.039844 0.075 2 0.817383 0.285547 0.654167 0.033594 0.088889 2 0.816406 0.969922 0.684028 0.039844 0.081944 0 0.790527 0.275391 0.496528 0.027344 0.056944 0 0.790527 0.084375 0.836111 0.045312 0.088889 3 0.789062 0.702344 0.453472 0.035937 0.059722 0 0.78418 0.833594 0.499306 0.025 0.0625 10 0.782227 0.048828 0.783333 0.097656 0.311111 0 0.716797 0.929297 0.685417 0.032031 0.068056 0 0.689453 0.332422 0.456944 0.021094 0.055556 1 0.689453 0.372656 0.519444 0.017188 0.052778 1 0.672363 0.356641 0.465278 0.016406 0.047222 1 0.607422 0.80625 0.593056 0.020313 0.066667 1 0.583008 0.397656 0.509722 0.01875 0.05 2 0.577637 0.825 0.446528 0.028125 0.051389 10 0.541016 0.639844 0.408333 0.045312 0.119444 9 0.507812 0.309375 0.432639 0.035937 0.068056 0 0.474609 0.761328 0.43125 0.019531 0.054167 0 0.430176 0.429688 0.489583 0.034375 0.056944 2 0.357666 0.878906 0.615278 0.029687 0.069444 2 0.352295 0.501172 0.374306 0.022656 0.045833 0 0.294189 0.878906 0.614583 0.029687 0.070833 11 0.2323 0.9375 0.8375 0.117188 0.252778 11 0.163452 0.419141 0.358333 0.046094 0.1 2 0.151489 0.833594 0.498611 0.025 0.061111 1 0.093994 0.597266 0.415972 0.016406 0.056944 1 0.078064 0.230469 0.51875 0.021875 0.0625 0 0.047424 0.517969 0.40625 0.026562 0.054167 2 0.032471 0.450391 0.380556 0.021094 0.047222 2 0.031494 0.517578 0.404861 0.027344 0.051389 0 0.02211 0.173437 0.531944 0.028125 0.058333 0 0.019562 0.45 0.38125 0.021875 0.045833 0 0.01133 0.142969 0.561806 0.029687 0.059722 3 0.01001 0.008594 0.25625 0.017188 0.034722 1 0.008781 0.335156 0.461806 0.023438 0.051389 1 0.008255 0.814844 0.594444 0.042188 0.075 10 0.006145 0.977344 0.579167 0.045312 0.136111 0 0.005344 0.38125 0.357639 0.020313 0.040278 1 0.00502 0.173047 0.533333 0.025781 0.055556 0 0.004608 0.273438 0.444444 0.028125 0.052778 6 0.004452 0.977344 0.576389 0.045312 0.133333 1 0.004166 0.676172 0.434028 0.014844 0.051389 10 0.00404 0.011719 0.213194 0.023438 0.106944 1 0.00404 0.125391 0.616667 0.027344 0.063889 6 0.003363 0.986719 0.570139 0.026562 0.154167 1 0.003172 0.441797 0.411111 0.017969 0.033333 1 0.003147 0.702344 0.56875 0.020313 0.059722 3 0.00297 0.991797 0.615972 0.016406 0.076389 1 0.002958 0.741016 0.43125 0.014844 0.045833 0 0.002924 0.004687 0.915278 0.009375 0.136111 0 0.002913 0.444922 0.39375 0.017969 0.034722 0 0.002512 0.771875 0.385417 0.01875 0.043056 2 0.002462 0.380469 0.355556 0.020313 0.038889 1 0.002398 0.366406 0.518056 0.020313 0.058333 2 0.002199 0.004297 0.923611 0.008594 0.125 4 0.001883 0.310156 0.427778 0.035937 0.069444 2 0.001675 0.010156 0.608333 0.020313 0.088889 0 0.001661 0.437891 0.395833 0.014844 0.044444 0 0.001574 0.763672 0.434028 0.030469 0.0625 3 0.001574 0.9875 0.609028 0.025 0.081944 11 0.001501 0.298828 0.399306 0.053906 0.106944 10 0.001325 0.009375 0.609722 0.01875 0.263889 1 0.001315 0.400391 0.521528 0.021094 0.068056 2 0.001235 0.004687 0.610417 0.009375 0.079167 0 0.00123 0.996094 0.754167 0.007812 0.086111 1 0.001179 0.344922 0.466667 0.024219 0.055556 1 0.001078 0.392578 0.515278 0.024219 0.055556 1 0.00104 0.583203 0.419444 0.011719 0.052778 1 0.001004 0.005078 0.94375 0.010156 0.101389
CCTV01^20260318-110000-20260318-120000_000218,10 0.918945 0.209766 0.43125 0.103906 0.131944 10 0.907227 0.098047 0.661111 0.189844 0.277778 10 0.904297 0.103125 0.523611 0.15625 0.180556 3 0.889648 0.524609 0.877083 0.066406 0.184722 3 0.863281 0.664844 0.478472 0.039062 0.0625 3 0.862305 0.80625 0.780556 0.05 0.133333 3 0.823242 0.686719 0.639583 0.042188 0.095833 3 0.81543 0.772656 0.582639 0.05 0.084722 0 0.805664 0.314844 0.93125 0.039062 0.109722 0 0.795898 0.249219 0.922917 0.048438 0.115278 0 0.78125 0.857422 0.767361 0.041406 0.095833 0 0.775879 0.339844 0.463889 0.020313 0.05 10 0.775391 0.751563 0.770139 0.1 0.320833 3 0.769043 0.853516 0.946528 0.071094 0.101389 2 0.763672 0.96875 0.652778 0.042188 0.083333 0 0.726562 0.659375 0.538889 0.028125 0.072222 1 0.702637 0.895312 0.759028 0.025 0.081944 0 0.702637 0.258594 0.790972 0.039062 0.098611 6 0.6875 0.751172 0.786111 0.097656 0.294444 1 0.673828 0.266797 0.65 0.022656 0.066667 1 0.640625 0.386328 0.903472 0.036719 0.090278 3 0.635254 0.505859 0.379861 0.035156 0.048611 0 0.611328 0.6 0.468056 0.028125 0.058333 1 0.199341 0.653906 0.4375 0.025 0.044444 0 0.124207 0.312891 0.420139 0.025781 0.045833 0 0.11554 0.886328 0.58125 0.025781 0.059722 1 0.104126 0.667188 0.429167 0.025 0.047222 0 0.098755 0.520703 0.4 0.021094 0.055556 1 0.095703 0.884375 0.580556 0.025 0.055556 0 0.093689 0.374609 0.399306 0.017969 0.045833 1 0.063232 0.648828 0.44375 0.017969 0.048611 0 0.056641 0.253906 0.454167 0.026562 0.055556 0 0.05542 0.785547 0.440278 0.019531 0.052778 1 0.034607 0.228516 0.50625 0.013281 0.040278 0 0.028214 0.330859 0.431944 0.021094 0.047222 4 0.02298 0.414844 0.384722 0.035937 0.058333 2 0.022888 0.344922 0.405556 0.021094 0.038889 3 0.021362 0.989844 0.93125 0.020313 0.1375 1 0.02002 0.671094 0.421528 0.025 0.056944 10 0.01297 0.978906 0.583333 0.042188 0.136111 2 0.012672 0.53125 0.318056 0.01875 0.041667 0 0.010246 0.782422 0.430556 0.019531 0.058333 10 0.009712 0.989453 0.561111 0.021094 0.15 3 0.009521 0.008594 0.257639 0.017188 0.034722 2 0.0093 0.510156 0.389583 0.0375 0.054167 0 0.007011 0.292187 0.426389 0.015625 0.036111 6 0.006073 0.982031 0.572917 0.035937 0.159722 0 0.005428 0.336328 0.430556 0.019531 0.044444 10 0.004467 0.009766 0.643056 0.019531 0.302778 1 0.004265 0.236328 0.465278 0.010156 0.033333 0 0.003736 0.004687 0.765972 0.009375 0.090278 1 0.003111 0.940234 0.649306 0.014844 0.0625 10 0.003075 0.99375 0.553472 0.0125 0.1375 1 0.00304 0.219141 0.505556 0.016406 0.044444 0 0.002693 0.66875 0.690972 0.017188 0.0625 0 0.002323 0.800781 0.4125 0.01875 0.044444 2 0.002068 0.005859 0.620833 0.011719 0.1 3 0.00201 0.744922 0.977778 0.055469 0.044444 0 0.001912 0.281641 0.419444 0.019531 0.038889 1 0.00181 0.246094 0.509722 0.014063 0.047222 0 0.001501 0.996094 0.730556 0.007812 0.1 2 0.001346 0.991016 0.634722 0.014844 0.097222 2 0.001274 0.35 0.999306 0.115625 0.001389 1 0.001245 0.279297 0.477083 0.016406 0.048611 5 0.001188 0.2625 0.999306 0.123438 0.001389 3 0.001134 0.734375 0.978472 0.11875 0.043056 2 0.001116 0.994531 0.921528 0.010937 0.151389 12 0.001073 0.575391 0.999306 0.144531 0.001389 1 0.001044 0.445703 0.375694 0.016406 0.040278 0 0.00104 0.592969 0.463194 0.026562 0.059722
CCTV01^20260318-110000-20260318-120000_000222,10 0.932129 0.123047 0.625 0.177344 0.247222 10 0.915039 0.103906 0.520139 0.154688 0.176389 10 0.910645 0.208984 0.432639 0.102344 0.131944 7 0.888672 0.851172 0.843056 0.055469 0.141667 3 0.888184 0.524609 0.878472 0.064844 0.184722 3 0.849121 0.268359 0.6375 0.047656 0.080556 3 0.842773 0.414844 0.509028 0.05 0.059722 2 0.809082 0.336719 0.629167 0.039062 0.086111 0 0.749023 0.127734 0.800694 0.038281 0.090278 0 0.73877 0.138281 0.888194 0.042188 0.109722 1 0.720215 0.235547 0.756944 0.028906 0.075 0 0.686035 0.884766 0.5625 0.022656 0.061111 0 0.656738 0.325 0.457639 0.020313 0.045833 0 0.638672 0.796094 0.509722 0.020313 0.066667 0 0.62793 0.9125 0.640278 0.028125 0.075 1 0.594727 0.822266 0.693056 0.022656 0.075 0 0.411133 0.366016 0.409028 0.027344 0.0625 1 0.375732 0.686328 0.452778 0.017969 0.055556 1 0.355713 0.122266 0.729167 0.035156 0.066667 2 0.327637 0.366016 0.409028 0.027344 0.0625 0 0.294189 0.517969 0.360417 0.017188 0.048611 0 0.20813 0.316797 0.434722 0.019531 0.05 0 0.194946 0.804297 0.465972 0.019531 0.048611 0 0.193115 0.796094 0.660417 0.017188 0.059722 4 0.155029 0.851172 0.843056 0.055469 0.141667 0 0.153564 0.816016 0.470833 0.021094 0.047222 1 0.150513 0.725 0.529861 0.017188 0.059722 9 0.14563 0.448047 0.379861 0.049219 0.056944 0 0.135254 0.569141 0.427778 0.022656 0.058333 1 0.125488 0.81875 0.473611 0.01875 0.044444 1 0.123779 0.717969 0.665972 0.023438 0.076389 4 0.108215 0.452734 0.379861 0.039844 0.056944 0 0.101562 0.235547 0.754861 0.028906 0.073611 0 0.05072 0.005469 0.696528 0.010937 0.090278 0 0.05014 0.801172 0.472222 0.017969 0.052778 9 0.04303 0.425 0.3875 0.048438 0.058333 1 0.029877 0.353125 0.458333 0.017188 0.038889 1 0.024704 0.795703 0.516667 0.019531 0.063889 0 0.02211 0.790234 0.509722 0.016406 0.063889 1 0.020721 0.796094 0.659722 0.020313 0.061111 4 0.020172 0.423828 0.388194 0.044531 0.056944 0 0.019119 0.528906 0.402083 0.01875 0.045833 0 0.014618 0.783984 0.507639 0.014844 0.0625 0 0.013123 0.255469 0.445139 0.023438 0.0625 6 0.010986 0.978125 0.571528 0.04375 0.1375 0 0.01017 0.220312 0.480556 0.015625 0.047222 1 0.009781 0.003906 0.933333 0.007812 0.111111 3 0.009056 0.008594 0.255556 0.017188 0.036111 0 0.008415 0.352734 0.457639 0.019531 0.040278 1 0.005688 0.779687 0.509722 0.0125 0.058333 0 0.004982 0.819922 0.579167 0.022656 0.058333 0 0.00423 0.383594 0.395833 0.017188 0.05 1 0.003824 0.019922 0.638194 0.024219 0.0625 3 0.003298 0.978906 0.575694 0.042188 0.123611 0 0.003223 0.019922 0.634722 0.024219 0.063889 0 0.00316 0.898047 0.520139 0.017969 0.054167 0 0.003004 0.027734 0.697222 0.024219 0.077778 1 0.00289 0.022656 0.699306 0.026562 0.076389 1 0.002758 0.819922 0.705556 0.022656 0.080556 10 0.002693 0.989844 0.563194 0.020313 0.148611 3 0.002415 0.053906 0.238889 0.025 0.036111 2 0.002359 0.977344 0.575 0.045312 0.130556 0 0.002359 0.9875 0.585417 0.025 0.109722 0 0.002323 0.994922 0.614583 0.010156 0.065278 1 0.002287 0.995313 0.918056 0.009375 0.152778 10 0.00205 0.011719 0.216667 0.023438 0.116667 1 0.002035 0.81875 0.58125 0.021875 0.056944 1 0.001926 0.723437 0.667361 0.0375 0.0875 1 0.001889 0.596875 0.4125 0.009375 0.038889 2 0.001839 0.995703 0.909028 0.008594 0.159722 10 0.001585 0.982422 0.571528 0.035156 0.156944 1 0.001513 0.008984 0.929861 0.017969 0.1375 1 0.001216 0.692187 0.455556 0.03125 0.063889 0 0.001179 0.004297 0.9125 0.008594 0.152778 4 0.00104 0.455078 0.365278 0.033594 0.05 1 0.001017 0.027734 0.709722 0.027344 0.080556
CCTV01^20260318-110000-20260318-120000_000226,10 0.917969 0.142187 0.590972 0.16875 0.204167 10 0.907715 0.101953 0.520139 0.150781 0.176389 10 0.895508 0.208203 0.433333 0.100781 0.133333 3 0.884277 0.523828 0.878472 0.064844 0.184722 4 0.879883 0.305469 0.577778 0.051562 0.088889 6 0.861328 0.080078 0.785417 0.160156 0.268056 3 0.825684 0.440234 0.460417 0.041406 0.054167 0 0.794434 0.803906 0.519444 0.026562 0.061111 0 0.782715 0.802734 0.672917 0.027344 0.0875 0 0.779785 0.713672 0.636806 0.027344 0.081944 0 0.774414 0.335547 0.856944 0.035156 0.097222 0 0.73877 0.379297 0.427778 0.019531 0.05 0 0.708984 0.234766 0.589583 0.030469 0.068056 2 0.697754 0.827344 0.510417 0.025 0.059722 0 0.638672 0.517188 0.43125 0.01875 0.054167 0 0.638672 0.833594 0.616667 0.029687 0.088889 1 0.598145 0.713672 0.469444 0.014844 0.05 0 0.586914 0.850391 0.490278 0.022656 0.052778 1 0.57373 0.368359 0.938889 0.033594 0.094444 0 0.501953 0.30625 0.409722 0.01875 0.047222 0 0.445557 0.255078 0.49375 0.024219 0.0625 1 0.352295 0.673438 0.46875 0.01875 0.054167 1 0.324219 0.267188 0.759722 0.028125 0.066667 0 0.320801 0.282813 0.450694 0.021875 0.065278 3 0.2323 0.404297 0.390278 0.032031 0.041667 1 0.100159 0.678516 0.390278 0.014844 0.047222 0 0.091064 0.569141 0.427083 0.021094 0.056944 0 0.073975 0.912109 0.553472 0.021094 0.065278 1 0.071045 0.811328 0.442361 0.016406 0.040278 3 0.061646 0.630859 0.322917 0.022656 0.048611 1 0.049042 0.823828 0.975694 0.032031 0.048611 1 0.044861 0.9125 0.55625 0.020313 0.059722 1 0.043365 0.467187 0.449306 0.0125 0.043056 0 0.032959 0.823828 0.475694 0.022656 0.054167 0 0.026764 0.811328 0.445139 0.017969 0.043056 2 0.023331 0.833984 0.613194 0.027344 0.084722 3 0.02298 0.008594 0.255556 0.017188 0.036111 1 0.018906 0.952344 0.661806 0.020313 0.0625 1 0.017181 0.225391 0.49375 0.017969 0.054167 1 0.00605 0.921484 0.560417 0.027344 0.0625 0 0.005775 0.578516 0.420139 0.022656 0.043056 6 0.005489 0.98125 0.570139 0.0375 0.143056 1 0.005447 0.930078 0.565972 0.022656 0.0625 0 0.005302 0.020313 0.65 0.0375 0.083333 0 0.004574 0.994531 0.609028 0.010937 0.073611 2 0.00428 0.990625 0.592361 0.01875 0.098611 0 0.003855 0.861328 0.495833 0.016406 0.047222 2 0.003765 0.995313 0.907639 0.009375 0.1625 0 0.003298 0.285156 0.465278 0.01875 0.055556 0 0.002958 0.854688 0.495139 0.025 0.048611 1 0.002913 0.995313 0.920139 0.009375 0.145833 10 0.002672 0.994141 0.560417 0.011719 0.145833 0 0.002653 0.539453 0.434722 0.019531 0.047222 4 0.002424 0.978906 0.577083 0.042188 0.123611 10 0.002398 0.989453 0.559722 0.021094 0.147222 0 0.002323 0.382812 0.426389 0.029687 0.055556 0 0.002323 0.991406 0.613889 0.017188 0.061111 10 0.002035 0.011719 0.215278 0.023438 0.113889 3 0.002028 0.980469 0.577778 0.039062 0.122222 0 0.001965 0.15 0.676389 0.028125 0.058333 1 0.001687 0.835156 0.61875 0.029687 0.0875 1 0.001604 0.048828 0.676389 0.024219 0.058333 0 0.001543 0.996094 0.683333 0.007812 0.094444 0 0.001501 0.995703 0.661111 0.008594 0.105556 0 0.001478 0.825391 0.515278 0.022656 0.063889 0 0.001455 0.562109 0.433333 0.021094 0.052778 1 0.001399 0.230469 0.470139 0.015625 0.045833 0 0.001372 0.832031 0.490972 0.029687 0.065278 0 0.001179 0.905859 0.575694 0.022656 0.0625 1 0.001151 0.022266 0.653472 0.038281 0.090278 10 0.001151 0.983594 0.579167 0.032813 0.166667 1 0.001143 0.692578 0.472222 0.035156 0.066667 12 0.001143 0.576562 0.999306 0.14375 0.001389 2 0.00104 0.988281 0.904861 0.023438 0.181944
CCTV01^20260318-110000-20260318-120000_000230,10 0.919922 0.100781 0.516667 0.148438 0.166667 10 0.911621 0.233984 0.494444 0.136719 0.163889 10 0.899414 0.149219 0.665972 0.185938 0.265278 10 0.894043 0.210156 0.434028 0.103125 0.134722 3 0.884277 0.524609 0.878472 0.064844 0.184722 6 0.863281 0.345703 0.469444 0.089844 0.130556 0 0.773438 0.251953 0.863194 0.044531 0.101389 0 0.767578 0.85 0.550694 0.025 0.065278 2 0.751953 0.975 0.804167 0.05 0.125 0 0.730957 0.310937 0.564583 0.023438 0.065278 0 0.729492 0.292578 0.609028 0.030469 0.068056 10 0.728516 0.03125 0.788889 0.0625 0.3 0 0.700684 0.094531 0.830556 0.045312 0.083333 0 0.690918 0.874219 0.523611 0.023438 0.069444 1 0.680664 0.861328 0.805556 0.025781 0.097222 0 0.65332 0.808203 0.454861 0.021094 0.056944 5 0.642578 0.776172 0.897222 0.075781 0.2 1 0.635254 0.814844 0.729861 0.025 0.081944 9 0.53125 0.685156 0.433333 0.05 0.105556 0 0.470703 0.510938 0.443056 0.01875 0.052778 1 0.422607 0.821875 0.883333 0.026562 0.083333 0 0.407227 0.267969 0.5375 0.034375 0.063889 0 0.383057 0.982422 0.718056 0.032031 0.086111 0 0.312256 0.284766 0.547222 0.021094 0.058333 1 0.217285 0.500391 0.390278 0.017969 0.055556 2 0.217285 0.776172 0.897222 0.077344 0.2 0 0.128052 0.986328 0.739583 0.027344 0.123611 0 0.107422 0.275781 0.54375 0.034375 0.0625 9 0.099487 0.660547 0.340278 0.036719 0.077778 0 0.092041 0.987891 0.918056 0.024219 0.1 11 0.091064 0.661328 0.3375 0.035156 0.080556 0 0.070068 0.213672 0.964583 0.057031 0.059722 6 0.046387 0.685156 0.434028 0.05 0.106944 7 0.042084 0.625391 0.373611 0.028906 0.066667 10 0.035278 0.660937 0.338194 0.0375 0.081944 3 0.024231 0.628125 0.306944 0.01875 0.038889 1 0.023071 0.932422 0.590972 0.019531 0.056944 0 0.020416 0.866406 0.539583 0.01875 0.068056 0 0.018906 0.958203 0.592361 0.021094 0.056944 3 0.018478 0.008594 0.255556 0.017188 0.036111 0 0.018478 0.989062 0.763889 0.021875 0.161111 0 0.017639 0.291406 0.559028 0.026562 0.070833 0 0.01622 0.569922 0.427083 0.022656 0.0625 9 0.009483 0.028516 0.733333 0.057031 0.2 1 0.006512 0.937891 0.589583 0.035156 0.059722 9 0.006363 0.625391 0.372917 0.028906 0.068056 10 0.004772 0.022266 0.734722 0.044531 0.241667 0 0.004398 0.8125 0.455556 0.032813 0.063889 3 0.00407 0.978906 0.578472 0.042188 0.131944 2 0.003403 0.98125 0.78125 0.0375 0.145833 2 0.0028 0.989844 0.586111 0.020313 0.116667 6 0.002693 0.027344 0.705556 0.054688 0.144444 2 0.002342 0.008594 0.604167 0.017188 0.091667 0 0.002199 0.395703 0.361111 0.030469 0.058333 1 0.002182 0.868359 0.803472 0.064844 0.1125 2 0.002115 0.980469 0.580556 0.039062 0.127778 0 0.00202 0.515625 0.44375 0.025 0.068056 0 0.00202 0.994531 0.614583 0.010937 0.070833 1 0.001987 0.008594 0.598611 0.017188 0.075 0 0.001942 0.995703 0.934722 0.008594 0.130556 0 0.001853 0.502734 0.397222 0.021094 0.055556 0 0.001655 0.876953 0.534722 0.024219 0.066667 2 0.001484 0.977344 0.780556 0.04375 0.088889 10 0.001455 0.989453 0.55 0.021094 0.152778 1 0.001245 0.811328 0.742361 0.025781 0.084722 0 0.001216 0.991406 0.609028 0.017188 0.070833 1 0.001165 0.988281 0.911806 0.023438 0.093056 1 0.001037 0.804297 0.740972 0.027344 0.090278
CCTV01^20260318-110000-20260318-120000_000234,10 0.92041 0.101953 0.519444 0.153906 0.172222 10 0.912598 0.3 0.451389 0.14375 0.15 10 0.911621 0.201563 0.5875 0.123438 0.216667 10 0.894531 0.810156 0.803472 0.15 0.379167 3 0.879883 0.524609 0.879167 0.064844 0.186111 10 0.873047 0.209375 0.431944 0.103125 0.130556 3 0.848145 0.342187 0.608333 0.054688 0.077778 10 0.84375 0.478125 0.381944 0.08125 0.119444 7 0.834473 0.944922 0.822222 0.088281 0.180556 3 0.829102 0.71875 0.602778 0.05 0.088889 3 0.824219 0.66875 0.509722 0.0375 0.069444 0 0.818848 0.801172 0.577083 0.030469 0.081944 0 0.767578 0.855469 0.536111 0.025 0.066667 1 0.763672 0.303516 0.665278 0.024219 0.066667 3 0.760742 0.692578 0.447917 0.032031 0.056944 0 0.747559 0.166016 0.946528 0.042969 0.095833 3 0.715332 0.251953 0.695139 0.061719 0.076389 1 0.699219 0.474609 0.46875 0.019531 0.045833 6 0.65332 0.069922 0.817361 0.139844 0.290278 1 0.592773 0.289844 0.575 0.020313 0.055556 6 0.577637 0.270313 0.859722 0.145313 0.277778 3 0.53125 0.777734 0.48125 0.035156 0.070833 7 0.445557 0.655078 0.404861 0.030469 0.068056 0 0.435791 0.807422 0.516667 0.022656 0.055556 0 0.432129 0.127344 0.682639 0.029687 0.073611 10 0.373779 0.052344 0.701389 0.104688 0.208333 0 0.359375 0.810547 0.477778 0.024219 0.052778 10 0.352295 0.26875 0.856944 0.146875 0.280556 10 0.345947 0.069922 0.820139 0.139844 0.298611 6 0.112793 0.416797 0.394444 0.066406 0.1 1 0.10968 0.157031 0.5375 0.023438 0.041667 0 0.063232 0.569531 0.428472 0.023438 0.059722 0 0.057495 0.383594 0.429167 0.020313 0.052778 0 0.045868 0.799219 0.429167 0.020313 0.041667 0 0.027069 0.751563 0.399306 0.01875 0.048611 0 0.017639 0.995703 0.714583 0.008594 0.084722 1 0.016586 0.857812 0.754861 0.025 0.059722 1 0.013123 0.287891 0.577778 0.030469 0.063889 1 0.012726 0.988672 0.615972 0.022656 0.059722 12 0.01033 0.736328 0.944444 0.069531 0.111111 3 0.01017 0.995313 0.722222 0.009375 0.105556 8 0.01001 0.735547 0.943056 0.077344 0.113889 2 0.006641 0.779297 0.440278 0.019531 0.033333 1 0.005665 0.156641 0.545833 0.028906 0.052778 3 0.005405 0.990234 0.613889 0.019531 0.066667 1 0.004467 0.632422 0.373611 0.013281 0.041667 3 0.004265 0.658594 0.3625 0.025 0.044444 0 0.00404 0.989844 0.613889 0.020313 0.063889 3 0.003944 0.008594 0.254167 0.017188 0.036111 12 0.003839 0.164844 0.998611 0.121875 0.002778 11 0.003824 0.269531 0.854167 0.145313 0.280556 0 0.003721 0.995703 0.738194 0.008594 0.118056 1 0.003403 0.330078 0.807639 0.022656 0.076389 1 0.003376 0.161719 0.528472 0.028125 0.054167 0 0.002502 0.971094 0.6625 0.020313 0.063889 6 0.002359 0.989062 0.56875 0.021875 0.145833 1 0.002068 0.290234 0.590278 0.022656 0.069444 2 0.00205 0.9875 0.606944 0.025 0.075 12 0.001636 0.576172 0.999306 0.142969 0.001389 1 0.001378 0.723828 0.409722 0.027344 0.063889 0 0.001269 0.554688 0.435417 0.0125 0.054167 11 0.001188 0.013672 0.55 0.027344 0.180556 7 0.001134 0.739453 0.943056 0.083594 0.113889 1 0.001065 0.127344 0.69375 0.029687 0.070833 2 0.001048 0.995703 0.933333 0.008594 0.127778
CCTV01^20260318-110000-20260318-120000_000238,6 0.96875 0.289062 0.544444 0.053125 0.158333 6 0.956543 0.173437 0.676389 0.19375 0.241667 10 0.908203 0.208984 0.43125 0.100781 0.129167 10 0.904297 0.101953 0.517361 0.153906 0.170833 10 0.894531 0.342187 0.436806 0.15625 0.134722 3 0.879883 0.523828 0.877778 0.064844 0.186111 3 0.867188 0.264844 0.831944 0.064062 0.119444 3 0.830078 0.282422 0.710417 0.067969 0.095833 7 0.824219 0.324609 0.916667 0.078906 0.163889 3 0.808105 0.914844 0.820139 0.095312 0.143056 0 0.78125 0.804688 0.579167 0.025 0.063889 0 0.78125 0.771484 0.855556 0.035156 0.111111 0 0.726562 0.338672 0.586806 0.032031 0.076389 0 0.715332 0.783594 0.5375 0.023438 0.069444 10 0.684082 0.207813 0.538194 0.06875 0.168056 0 0.682617 0.858594 0.597222 0.029687 0.077778 0 0.666992 0.356641 0.529861 0.025781 0.068056 0 0.651367 0.866797 0.51875 0.024219 0.065278 1 0.645996 0.182812 0.8 0.03125 0.075 6 0.609375 0.443359 0.379167 0.088281 0.094444 0 0.596191 0.894922 0.573611 0.027344 0.097222 1 0.583008 0.237109 0.724306 0.024219 0.0625 0 0.556641 0.4625 0.463889 0.025 0.063889 1 0.554688 0.395703 0.546528 0.017969 0.054167 1 0.533203 0.690625 0.536806 0.01875 0.059722 2 0.490234 0.829297 0.457639 0.028906 0.051389 10 0.430176 0.075391 0.730556 0.150781 0.308333 2 0.346924 0.780078 0.453472 0.019531 0.054167 0 0.346924 0.835938 0.482639 0.01875 0.054167 0 0.23938 0.780078 0.453472 0.019531 0.054167 1 0.151489 0.432422 0.478472 0.019531 0.051389 0 0.11438 0.834375 0.474306 0.025 0.065278 3 0.099487 0.151172 0.966667 0.080469 0.061111 0 0.087585 0.365625 0.599306 0.039062 0.065278 10 0.026459 0.44375 0.38125 0.085938 0.095833 0 0.024139 0.569531 0.427083 0.023438 0.0625 1 0.022293 0.655469 0.436806 0.017188 0.048611 10 0.015076 0.99375 0.542361 0.0125 0.168056 1 0.013954 0.259766 0.517361 0.016406 0.054167 3 0.009933 0.808203 0.973611 0.061719 0.052778 10 0.009819 0.989844 0.540972 0.020313 0.193056 1 0.009163 0.89375 0.586806 0.028125 0.0875 1 0.008377 0.029297 0.824306 0.036719 0.0875 3 0.006798 0.008203 0.253472 0.016406 0.034722 3 0.006615 0.146484 0.967361 0.100781 0.065278 5 0.006413 0.153125 0.998611 0.098437 0.002778 1 0.005554 0.767578 0.425 0.014844 0.05 0 0.005119 0.436328 0.475 0.024219 0.063889 1 0.00502 0.397266 0.552083 0.022656 0.070833 2 0.003273 0.364844 0.6 0.039062 0.066667 1 0.003197 0.6875 0.535417 0.03125 0.065278 2 0.003075 0.808984 0.974306 0.064844 0.051389 1 0.00255 0.994531 0.969444 0.010937 0.061111 2 0.002369 0.047656 0.986806 0.092188 0.026389 0 0.00209 0.81875 0.424306 0.015625 0.0375 2 0.001623 0.990625 0.619444 0.01875 0.080556 10 0.001478 0.979297 0.580556 0.041406 0.136111 1 0.00145 0.192578 0.8125 0.052344 0.097222 1 0.001325 0.035547 0.813194 0.039844 0.079167 1 0.001255 0.805859 0.833333 0.021094 0.083333 0 0.001197 0.583984 0.420833 0.021094 0.05 3 0.001197 0.365234 0.602083 0.041406 0.070833 2 0.001134 0.65 0.302778 0.017188 0.038889
CCTV01^20260318-110000-20260318-120000_000242,6 0.969727 0.308203 0.533333 0.113281 0.166667 10 0.924805 0.137891 0.628472 0.219531 0.2375 10 0.910156 0.102734 0.522222 0.152344 0.177778 10 0.904785 0.414453 0.402778 0.125781 0.127778 5 0.895508 0.274609 0.654167 0.067969 0.113889 10 0.88623 0.673438 0.494444 0.08125 0.188889 3 0.881836 0.524609 0.877778 0.064844 0.186111 5 0.852051 0.339453 0.629861 0.060156 0.106944 2 0.844727 0.876172 0.578472 0.047656 0.098611 10 0.839844 0.244531 0.474306 0.098437 0.143056 3 0.837402 0.240625 0.93125 0.071875 0.131944 3 0.835449 0.177344 0.827083 0.076563 0.118056 2 0.830078 0.199219 0.713194 0.048438 0.0875 0 0.819824 0.341797 0.875 0.050781 0.116667 7 0.803223 0.388672 0.486111 0.035156 0.077778 2 0.795898 0.83125 0.628472 0.034375 0.084722 0 0.785156 0.807422 0.807639 0.035156 0.098611 0 0.770508 0.963672 0.691667 0.030469 0.088889 10 0.769043 0.208984 0.434722 0.102344 0.136111 0 0.757812 0.757812 0.904167 0.0375 0.097222 0 0.746094 0.309375 0.805556 0.032813 0.086111 2 0.73877 0.822656 0.471528 0.025 0.054167 0 0.733887 0.796094 0.486111 0.025 0.058333 0 0.710449 0.139063 0.747917 0.04375 0.084722 1 0.705566 0.229687 0.775694 0.028125 0.070833 0 0.692871 0.275 0.781944 0.03125 0.075 0 0.665527 0.039844 0.890972 0.06875 0.118056 1 0.663574 0.316016 0.716667 0.022656 0.061111 2 0.660156 0.986328 0.797917 0.027344 0.109722 10 0.532227 0.044141 0.822917 0.088281 0.284722 1 0.486328 0.292187 0.707639 0.023438 0.0625 0 0.458984 0.993359 0.711806 0.013281 0.073611 0 0.399902 0.309375 0.963194 0.054688 0.065278 1 0.30249 0.401562 0.521528 0.01875 0.048611 10 0.273682 0.673438 0.338194 0.04375 0.106944 4 0.204346 0.041016 0.890972 0.069531 0.1125 0 0.179565 0.233594 0.6375 0.029687 0.066667 0 0.158691 0.85 0.479861 0.015625 0.048611 0 0.131226 0.910937 0.579167 0.025 0.058333 0 0.113159 0.251563 0.727778 0.034375 0.072222 0 0.110107 0.296484 0.954167 0.030469 0.075 1 0.09436 0.250391 0.73125 0.033594 0.073611 0 0.090393 0.494922 0.397917 0.021094 0.048611 1 0.079773 0.276172 0.76875 0.024219 0.073611 2 0.043365 0.495703 0.397222 0.022656 0.05 0 0.036621 0.867578 0.503472 0.017969 0.048611 1 0.025375 0.245312 0.745833 0.029687 0.077778 0 0.024429 0.989844 0.714583 0.020313 0.095833 6 0.024048 0.316797 0.454167 0.069531 0.125 3 0.023514 0.523828 0.379861 0.027344 0.045833 0 0.022888 0.594922 0.420833 0.032031 0.058333 3 0.021042 0.008594 0.25625 0.017188 0.031944 1 0.018341 0.006641 0.614583 0.013281 0.076389 1 0.015671 0.29375 0.945833 0.025 0.072222 11 0.015366 0.046094 0.786806 0.090625 0.204167 10 0.013901 0.484375 0.349306 0.065625 0.090278 0 0.01297 0.757422 0.389583 0.017969 0.045833 1 0.011917 0.915625 0.590278 0.028125 0.069444 0 0.011032 0.915625 0.585417 0.032813 0.070833 0 0.009338 0.994922 0.701389 0.010156 0.086111 1 0.008881 0.285938 0.700694 0.040625 0.084722 1 0.008575 0.778125 0.436111 0.015625 0.038889 1 0.008286 0.005078 0.622917 0.010156 0.065278 1 0.007374 0.280859 0.754167 0.024219 0.052778 1 0.007259 0.285938 0.714583 0.034375 0.073611 11 0.006985 0.00625 0.563889 0.0125 0.138889 12 0.006851 0.278906 0.998611 0.146875 0.002778 1 0.006413 0.332422 0.380556 0.014844 0.033333 2 0.00629 0.008984 0.619444 0.017969 0.072222 10 0.005642 0.978906 0.577778 0.042188 0.133333 1 0.004681 0.323437 0.920139 0.026562 0.073611 0 0.004608 0.403516 0.943056 0.047656 0.088889 3 0.003456 0.989453 0.588889 0.021094 0.105556 3 0.003099 0.979688 0.575694 0.040625 0.131944 10 0.003075 0.317578 0.454167 0.071094 0.127778 6 0.002823 0.483594 0.350694 0.067187 0.090278 0 0.002758 0.99375 0.609722 0.0125 0.066667 0 0.002714 0.226562 0.645139 0.03125 0.070833 2 0.002653 0.739453 0.375 0.019531 0.044444 1 0.00259 0.008203 0.589583 0.016406 0.123611 0 0.00255 0.389844 0.490972 0.035937 0.081944 0 0.002388 0.300781 0.375 0.017188 0.036111 3 0.002306 0.054297 0.238194 0.025781 0.0375 0 0.002216 0.333203 0.575 0.033594 0.055556 0 0.002132 0.789844 0.481944 0.025 0.061111 6 0.00202 0.982812 0.568056 0.034375 0.155556 1 0.001796 0.991406 0.607639 0.017188 0.068056 0 0.001741 0.251563 0.704861 0.025 0.059722 0 0.001694 0.819922 0.447917 0.017969 0.045833 2 0.001675 0.338281 0.595139 0.045312 0.068056 6 0.001668 0.043359 0.831944 0.086719 0.308333 10 0.001611 0.988672 0.5625 0.021094 0.147222 0 0.001597 0.337109 0.914583 0.050781 0.081944 0 0.001513 0.220703 0.653472 0.028906 0.070833 1 0.001513 0.312891 0.74375 0.027344 0.056944 1 0.001367 0.316797 0.674306 0.019531 0.048611 10 0.001285 0.99375 0.555556 0.0125 0.136111 0 0.001265 0.048047 0.8125 0.072656 0.102778 1 0.001225 0.818359 0.427083 0.014844 0.043056 1 0.001188 0.879297 0.516667 0.021094 0.055556 10 0.001151 0.022656 0.547917 0.04375 0.143056 1 0.00102 0.316016 0.734722 0.030469 0.080556
CCTV01^20260318-110000-20260318-120000_000246,10 0.910156 0.102344 0.522917 0.154688 0.181944 10 0.900391 0.207813 0.432639 0.1 0.134722 10 0.897461 0.186719 0.59375 0.203125 0.215278 2 0.891113 0.919922 0.636111 0.060156 0.111111 3 0.882324 0.523828 0.877083 0.064844 0.184722 3 0.854004 0.230469 0.725 0.065625 0.105556 6 0.853027 0.351562 0.480556 0.096875 0.144444 2 0.850098 0.133594 0.857639 0.046875 0.120833 3 0.847168 0.275781 0.759028 0.057813 0.109722 3 0.844727 0.291406 0.631944 0.060937 0.080556 7 0.812988 0.355859 0.865972 0.080469 0.148611 0 0.792969 0.314063 0.918056 0.045312 0.108333 2 0.78418 0.676172 0.475 0.028906 0.061111 0 0.756348 0.930078 0.721528 0.044531 0.093056 10 0.75 0.064453 0.815972 0.128906 0.351389 10 0.740234 0.462891 0.368056 0.089844 0.116667 10 0.730957 0.307422 0.399306 0.064844 0.118056 2 0.726562 0.989062 0.825694 0.021875 0.115278 3 0.725098 0.241016 0.929861 0.071094 0.131944 0 0.710449 0.171484 0.730556 0.038281 0.088889 0 0.635254 0.350391 0.554167 0.028906 0.069444 0 0.629883 0.394531 0.541667 0.029687 0.061111 0 0.622559 0.241406 0.81875 0.035937 0.081944 1 0.604004 0.185547 0.884028 0.030469 0.081944 0 0.588867 0.323047 0.692361 0.032031 0.079167 0 0.575684 0.289453 0.815278 0.033594 0.091667 2 0.554688 0.406641 0.436806 0.022656 0.056944 0 0.529297 0.325 0.645833 0.032813 0.086111 1 0.517578 0.832422 0.665278 0.024219 0.075 2 0.498047 0.468359 0.431944 0.028906 0.052778 1 0.476562 0.492188 0.4625 0.01875 0.05 1 0.457031 0.320703 0.564583 0.019531 0.048611 0 0.44165 0.83125 0.463194 0.021875 0.059722 0 0.352295 0.421094 0.497222 0.020313 0.058333 5 0.273682 0.523438 0.371528 0.032813 0.056944 0 0.265869 0.282813 0.5875 0.035937 0.063889 3 0.206909 0.523828 0.371528 0.033594 0.056944 10 0.171631 0.673438 0.338889 0.04375 0.105556 1 0.146118 0.704297 0.394444 0.016406 0.044444 4 0.126831 0.354297 0.866667 0.083594 0.155556 0 0.090393 0.446875 0.476389 0.01875 0.047222 0 0.085999 0.367969 0.589583 0.03125 0.059722 1 0.049774 0.188281 0.815972 0.032813 0.095833 1 0.044678 0.369531 0.590278 0.03125 0.058333 0 0.042084 0.784375 0.963194 0.040625 0.068056 0 0.031021 0.372266 0.581944 0.027344 0.058333 0 0.023148 0.444531 0.433333 0.017188 0.055556 0 0.019196 0.277344 0.765972 0.051562 0.115278 0 0.013954 0.996094 0.703472 0.007812 0.101389 0 0.012871 0.361719 0.384722 0.020313 0.036111 6 0.010651 0.064453 0.79375 0.128906 0.304167 1 0.010612 0.067969 0.632639 0.028125 0.059722 1 0.01049 0.317969 0.561111 0.029687 0.058333 0 0.010056 0.436719 0.486111 0.021875 0.058333 1 0.007965 0.953125 0.671528 0.015625 0.059722 0 0.007549 0.276562 0.593056 0.035937 0.066667 3 0.007404 0.008594 0.25625 0.017188 0.034722 1 0.006958 0.826953 0.6625 0.035156 0.086111 0 0.006668 0.298828 0.847917 0.024219 0.073611 0 0.005322 0.3625 0.403472 0.028125 0.040278 0 0.005138 0.996094 0.736806 0.007812 0.106944 0 0.004364 0.98125 0.661111 0.025 0.083333 2 0.003736 0.994922 0.866667 0.010156 0.158333 1 0.003635 0.327344 0.621528 0.026562 0.065278 2 0.003456 0.9875 0.611111 0.025 0.072222 4 0.003351 0.9375 0.513889 0.048438 0.088889 0 0.003124 0.313281 0.453472 0.032813 0.056944 2 0.003099 0.9875 0.6375 0.025 0.122222 0 0.003027 0.894141 0.588889 0.022656 0.055556 1 0.002913 0.698828 0.413889 0.014844 0.044444 2 0.0028 0.995703 0.920833 0.008594 0.111111 0 0.002747 0.986328 0.675694 0.019531 0.093056 0 0.002512 0.333203 0.616667 0.025781 0.063889 0 0.002512 0.304297 0.869444 0.025781 0.077778 1 0.002472 0.30625 0.570833 0.040625 0.058333 2 0.002398 0.9875 0.851389 0.021875 0.130556 0 0.002342 0.416016 0.528472 0.024219 0.070833 1 0.002132 0.835547 0.677083 0.036719 0.084722 0 0.00205 0.330078 0.630556 0.033594 0.066667 0 0.002028 0.471875 0.44375 0.034375 0.056944 0 0.001965 0.347656 0.575694 0.029687 0.054167 0 0.001926 0.345313 0.545139 0.03125 0.059722 0 0.001904 0.944141 0.622222 0.027344 0.080556 3 0.001867 0.73125 0.252778 0.017188 0.033333 0 0.001789 0.291406 0.835417 0.03125 0.079167 2 0.001782 0.004687 0.614583 0.009375 0.093056 0 0.001734 0.385156 0.521528 0.0375 0.068056 10 0.001714 0.989844 0.552778 0.020313 0.144444 0 0.001675 0.472266 0.406944 0.032031 0.058333 1 0.001623 0.499609 0.467361 0.030469 0.0625 0 0.001616 0.951172 0.668056 0.017969 0.058333 1 0.001574 0.187109 0.886806 0.049219 0.090278 10 0.001421 0.994531 0.543056 0.010937 0.122222 0 0.001378 0.913281 0.642361 0.085938 0.1625 10 0.001245 0.419922 0.352083 0.063281 0.104167 1 0.001211 0.711328 0.397222 0.017969 0.044444 1 0.001129 0.841016 0.665278 0.052344 0.094444 0 0.001107 0.005078 0.634028 0.010156 0.095833 2 0.001103 0.992578 0.565278 0.014844 0.147222 0 0.00109 0.989062 0.704861 0.01875 0.118056 1 0.00106 0.995313 0.936111 0.009375 0.127778
CCTV01^20260318-110000-20260318-120000_000250,6 0.944824 0.1 0.83125 0.2 0.298611 10 0.922363 0.844531 0.649306 0.164062 0.279167 10 0.916992 0.102734 0.518056 0.152344 0.172222 10 0.897461 0.302734 0.509028 0.166406 0.168056 10 0.883301 0.207031 0.434028 0.098437 0.134722 3 0.883301 0.524609 0.877778 0.064844 0.186111 3 0.845703 0.266406 0.754167 0.060937 0.113889 10 0.845215 0.100391 0.702083 0.200781 0.276389 3 0.841797 0.489453 0.45 0.035156 0.055556 3 0.841797 0.271094 0.888889 0.076563 0.155556 2 0.835449 0.297266 0.652083 0.042969 0.079167 2 0.829102 0.242188 0.694444 0.045312 0.083333 0 0.775879 0.400391 0.495833 0.028906 0.061111 6 0.756348 0.408594 0.409722 0.076563 0.113889 0 0.708984 0.324609 0.658333 0.028906 0.077778 0 0.6875 0.164844 0.874306 0.04375 0.106944 0 0.680664 0.335156 0.848611 0.0375 0.097222 0 0.635254 0.320703 0.736111 0.030469 0.072222 0 0.600098 0.798828 0.452083 0.022656 0.056944 1 0.571777 0.454688 0.444444 0.01875 0.05 2 0.5 0.229687 0.613194 0.029687 0.079167 0 0.379395 0.265625 0.6125 0.028125 0.063889 5 0.341553 0.083203 0.944444 0.088281 0.105556 7 0.339844 0.312891 0.588889 0.039844 0.083333 1 0.188354 0.646094 0.470139 0.015625 0.056944 10 0.164551 0.484375 0.349306 0.075 0.109722 0 0.108948 0.212109 0.579167 0.025781 0.058333 0 0.050323 0.98125 0.672222 0.025 0.077778 0 0.041321 0.217969 0.595139 0.032813 0.081944 1 0.04068 0.995703 0.75 0.008594 0.088889 2 0.034088 0.927734 0.65 0.052344 0.122222 10 0.03067 0.291406 0.376389 0.076563 0.116667 1 0.027695 0.74375 0.429861 0.017188 0.040278 4 0.025757 0.312891 0.586111 0.041406 0.083333 1 0.02153 0.840234 0.460417 0.014844 0.048611 0 0.020966 0.99375 0.668056 0.0125 0.111111 5 0.020569 0.401172 0.988889 0.164844 0.022222 3 0.019501 0.008594 0.257639 0.017188 0.031944 0 0.018539 0.959766 0.638889 0.027344 0.075 3 0.017578 0.082812 0.945833 0.0875 0.102778 1 0.017441 0.753516 0.3875 0.014844 0.041667 0 0.013847 0.223828 0.609722 0.039844 0.088889 3 0.012825 0.532422 0.365972 0.024219 0.043056 0 0.0121 0.991406 0.679861 0.017188 0.098611 0 0.011963 0.666797 0.385417 0.019531 0.048611 0 0.011246 0.930078 0.652778 0.047656 0.111111 0 0.010612 0.994922 0.688194 0.010156 0.095833 0 0.009453 0.230078 0.616667 0.028906 0.080556 0 0.008286 0.342187 0.394444 0.020313 0.041667 0 0.007065 0.211328 0.549306 0.024219 0.0625 9 0.005405 0.926953 0.649306 0.053906 0.120833 0 0.004539 0.996094 0.717361 0.007812 0.115278 1 0.004433 0.174219 0.55 0.021875 0.047222 1 0.00433 0.696484 0.432639 0.014844 0.051389 1 0.004135 0.191406 0.518056 0.017188 0.038889 0 0.003975 0.995313 0.763889 0.009375 0.1 10 0.003351 0.989844 0.546528 0.020313 0.151389 0 0.002562 0.994141 0.634028 0.011719 0.084722 2 0.002443 0.667578 0.385417 0.019531 0.048611 0 0.002434 0.190234 0.51875 0.017969 0.040278 1 0.002359 0.1625 0.528472 0.021875 0.043056 0 0.002132 0.175 0.549306 0.023438 0.048611 10 0.002108 0.994141 0.540278 0.011719 0.141667 3 0.00202 0.401953 0.980556 0.158594 0.038889 1 0.001972 0.169531 0.540278 0.021875 0.044444 0 0.001942 0.802734 0.454167 0.033594 0.066667 0 0.001926 0.989844 0.650694 0.020313 0.090278 0 0.001912 0.167187 0.536111 0.028125 0.055556 1 0.001861 0.991406 0.75 0.017188 0.105556 2 0.0017 0.798438 0.449306 0.025 0.0625 1 0.001585 0.2625 0.604167 0.029687 0.069444 0 0.001549 0.942578 0.568056 0.030469 0.075 10 0.001549 0.983203 0.577778 0.033594 0.144444 2 0.00149 0.995703 0.911111 0.008594 0.161111 2 0.001367 0.988672 0.908333 0.022656 0.183333 0 0.001255 0.205469 0.581944 0.029687 0.061111 1 0.001221 0.991406 0.627778 0.017188 0.077778 1 0.001179 0.600391 0.420139 0.016406 0.051389 12 0.001169 0.039062 0.995833 0.078125 0.008333 12 0.001169 0.576562 0.999306 0.14375 0.001389 10 0.001012 0.009766 0.670833 0.019531 0.305556
CCTV01^20260318-110000-20260318-120000_000255,5 0.923828 0.300391 0.60625 0.082031 0.098611 10 0.923828 0.101953 0.518056 0.150781 0.169444 2 0.921875 0.920312 0.645139 0.0625 0.123611 10 0.908691 0.207422 0.431944 0.100781 0.130556 10 0.890625 0.267578 0.541667 0.153906 0.188889 3 0.887207 0.524219 0.876389 0.065625 0.186111 3 0.872559 0.308203 0.813194 0.063281 0.118056 3 0.851074 0.301563 0.697222 0.054688 0.111111 2 0.849121 0.198828 0.840278 0.046094 0.105556 6 0.841797 0.395313 0.493056 0.1 0.133333 2 0.833496 0.25 0.693056 0.034375 0.088889 3 0.825684 0.736328 0.564583 0.055469 0.106944 0 0.763672 0.772656 0.488194 0.026562 0.054167 0 0.750488 0.219531 0.734028 0.032813 0.090278 0 0.749023 0.253125 0.885417 0.0375 0.093056 1 0.737305 0.908203 0.727083 0.039844 0.0625 3 0.686035 0.353516 0.947222 0.107031 0.105556 1 0.684082 0.247266 0.798611 0.025781 0.080556 1 0.662109 0.380078 0.845833 0.033594 0.075 10 0.618652 0.419531 0.401389 0.095312 0.116667 1 0.571777 0.621094 0.472917 0.017188 0.054167 2 0.571777 0.850781 0.628472 0.048438 0.118056 0 0.560059 0.034766 0.696528 0.055469 0.0875 0 0.525391 0.182812 0.777083 0.034375 0.093056 10 0.485352 0.053125 0.857639 0.10625 0.276389 1 0.445557 0.125 0.772917 0.034375 0.070833 3 0.420654 0.489063 0.441667 0.040625 0.055556 4 0.341553 0.851172 0.628472 0.047656 0.118056 9 0.309082 0.205078 0.940278 0.083594 0.111111 0 0.279785 0.338281 0.617361 0.028125 0.059722 0 0.267334 0.994531 0.706944 0.010937 0.088889 2 0.262939 0.470313 0.477083 0.03125 0.051389 0 0.202393 0.110547 0.711111 0.049219 0.094444 0 0.175537 0.993359 0.638889 0.013281 0.077778 1 0.165649 0.994531 0.909722 0.010937 0.136111 1 0.093994 0.134375 0.966667 0.034375 0.058333 2 0.066589 0.512109 0.370833 0.021094 0.044444 2 0.053589 0.994922 0.9 0.010156 0.155556 1 0.044006 0.996094 0.777083 0.007812 0.095833 2 0.03833 0.349219 0.419444 0.025 0.05 0 0.038177 0.99375 0.676389 0.0125 0.144444 1 0.037598 0.990625 0.924306 0.01875 0.123611 0 0.037048 0.994531 0.928472 0.010937 0.115278 0 0.035675 0.991406 0.644444 0.017188 0.094444 0 0.03476 0.450391 0.421528 0.022656 0.054167 10 0.032715 0.292187 0.375694 0.073438 0.109722 1 0.021774 0.068359 0.636806 0.044531 0.076389 0 0.021622 0.995313 0.746528 0.009375 0.143056 3 0.020172 0.008594 0.256944 0.017188 0.033333 0 0.018982 0.991406 0.70625 0.017188 0.098611 10 0.016464 0.481641 0.354167 0.064844 0.091667 0 0.015717 0.470313 0.415972 0.01875 0.048611 0 0.013634 0.906641 0.550694 0.021094 0.070833 3 0.01078 0.979297 0.572222 0.041406 0.113889 4 0.010368 0.978906 0.574306 0.042188 0.115278 4 0.008743 0.205078 0.938889 0.083594 0.108333 1 0.006512 0.623828 0.473611 0.028906 0.063889 1 0.00629 0.615625 0.474306 0.029687 0.059722 0 0.00573 0.106641 0.73125 0.053906 0.095833 0 0.00547 0.125 0.771528 0.034375 0.073611 2 0.004719 0.988672 0.879167 0.022656 0.169444 10 0.00396 0.993359 0.547917 0.013281 0.118056 10 0.003796 0.978906 0.572917 0.042188 0.1125 1 0.003796 0.794922 0.7875 0.027344 0.105556 0 0.003511 0.955078 0.65 0.025781 0.080556 1 0.003456 0.989844 0.741667 0.01875 0.138889 10 0.003248 0.989844 0.553472 0.020313 0.123611 1 0.002693 0.917969 0.95625 0.03125 0.073611 4 0.002653 0.936328 0.520833 0.052344 0.097222 1 0.002611 0.989844 0.775694 0.020313 0.109722 2 0.00255 0.067187 0.631944 0.046875 0.083333 1 0.002522 0.16875 0.547917 0.01875 0.051389 1 0.002512 0.217188 0.484722 0.020313 0.047222 0 0.002296 0.323828 0.417361 0.024219 0.048611 1 0.00227 0.540234 0.436806 0.019531 0.045833 0 0.002253 0.539844 0.436111 0.020313 0.044444 0 0.002199 0.333203 0.627083 0.035156 0.068056 6 0.002132 0.982422 0.569444 0.035156 0.133333 10 0.00201 0.986328 0.578472 0.027344 0.170833 0 0.001926 0.468359 0.425 0.022656 0.055556 1 0.001853 0.375 0.588194 0.023438 0.059722 1 0.001755 0.239063 0.463889 0.015625 0.044444 0 0.00172 0.996094 0.840278 0.007812 0.130556 12 0.0017 0.062109 0.999306 0.124219 0.001389 0 0.001649 0.672266 0.38125 0.027344 0.051389 0 0.001611 0.032422 0.680556 0.063281 0.138889 0 0.001561 0.205469 0.504861 0.035937 0.056944 2 0.001501 0.008594 0.585417 0.017188 0.084722 2 0.001367 0.300781 0.594444 0.076563 0.086111 2 0.001305 0.996094 0.866667 0.007812 0.138889 4 0.001099 0.986719 0.934722 0.026562 0.130556 0 0.001053 0.772656 0.497222 0.032813 0.066667 0 0.001032 0.772266 0.46875 0.022656 0.054167 1 0.001032 0.910156 0.711111 0.032813 0.072222 2 0.001017 0.538672 0.36875 0.022656 0.043056 0 0.001017 0.960547 0.65625 0.021094 0.065278
CCTV01^20260318-110000-20260318-120000_000259,10 0.930664 0.101953 0.515278 0.150781 0.166667 10 0.915039 0.078125 0.73125 0.140625 0.3125 10 0.912598 0.206641 0.433333 0.097656 0.133333 10 0.888672 0.41875 0.411806 0.101562 0.126389 3 0.888184 0.266406 0.840278 0.057813 0.122222 2 0.884766 0.921094 0.65 0.060937 0.116667 3 0.884277 0.524219 0.876389 0.064062 0.186111 3 0.861328 0.295703 0.633333 0.061719 0.083333 3 0.853027 0.201563 0.767361 0.060937 0.123611 2 0.82666 0.283203 0.713194 0.038281 0.090278 2 0.82666 0.330859 0.757639 0.038281 0.095833 0 0.800781 0.2375 0.615278 0.029687 0.075 2 0.785156 0.809766 0.551389 0.027344 0.066667 3 0.775879 0.507031 0.440972 0.035937 0.0625 0 0.775879 0.757031 0.49375 0.023438 0.065278 3 0.771973 0.453516 0.481944 0.042969 0.052778 2 0.771973 0.81875 0.720139 0.034375 0.098611 2 0.749023 0.432422 0.460417 0.038281 0.065278 1 0.749023 0.345313 0.552083 0.025 0.054167 3 0.705566 0.375 0.591667 0.060937 0.066667 1 0.677246 0.346484 0.826389 0.028906 0.069444 1 0.663574 0.058984 0.934722 0.052344 0.077778 0 0.62793 0.218359 0.581944 0.025781 0.066667 0 0.605957 0.321484 0.480556 0.022656 0.055556 1 0.544922 0.320703 0.661806 0.017969 0.059722 8 0.519531 0.303125 0.938889 0.126562 0.122222 0 0.498047 0.978906 0.842361 0.042188 0.123611 9 0.399902 0.256641 0.540278 0.042969 0.075 7 0.359375 0.256641 0.540972 0.042969 0.076389 1 0.338135 0.908594 0.83125 0.029687 0.095833 0 0.324219 0.825 0.450694 0.021875 0.054167 1 0.300781 0.291797 0.488889 0.014844 0.047222 4 0.27832 0.978906 0.842361 0.042188 0.120833 1 0.252441 0.817578 0.502778 0.017969 0.044444 0 0.223999 0.876953 0.529861 0.021094 0.059722 1 0.221313 0.877344 0.530556 0.020313 0.061111 6 0.201782 0.505859 0.377778 0.058594 0.088889 3 0.153076 0.010547 0.741667 0.021094 0.122222 0 0.126343 0.348828 0.422917 0.021094 0.045833 1 0.120422 0.364453 0.444444 0.016406 0.044444 0 0.107422 0.96875 0.960417 0.0625 0.070833 0 0.097412 0.817578 0.503472 0.017969 0.045833 4 0.085388 0.969922 0.961111 0.060156 0.072222 0 0.073975 0.628125 0.570139 0.025 0.073611 1 0.070312 0.171484 0.595833 0.025781 0.069444 0 0.065369 0.171484 0.593056 0.025781 0.069444 2 0.065125 0.289844 0.436111 0.025 0.047222 0 0.061188 0.275391 0.455556 0.017969 0.038889 7 0.046722 0.639453 0.377778 0.025781 0.058333 0 0.042877 0.440625 0.449306 0.032813 0.056944 1 0.04068 0.255859 0.4875 0.021094 0.047222 1 0.035156 0.539844 0.435417 0.01875 0.045833 0 0.031021 0.207813 0.524306 0.032813 0.054167 2 0.029984 0.451562 0.475694 0.04375 0.048611 5 0.028656 0.089453 0.984722 0.153906 0.030556 6 0.025558 0.071484 0.981944 0.139844 0.036111 3 0.02153 0.660156 0.34375 0.025 0.054167 3 0.020966 0.639453 0.377083 0.025781 0.059722 3 0.020798 0.008594 0.257639 0.017188 0.034722 3 0.019424 0.995313 0.725 0.009375 0.144444 5 0.019058 0.505469 0.377778 0.059375 0.086111 0 0.018982 0.211719 0.507639 0.021875 0.040278 10 0.017044 0.978906 0.578472 0.042188 0.123611 0 0.015717 0.995703 0.696528 0.008594 0.073611 12 0.015366 0.290234 0.938194 0.085156 0.118056 4 0.013847 0.639062 0.377083 0.025 0.059722 1 0.013428 0.996094 0.736806 0.007812 0.126389 0 0.012726 0.994531 0.804861 0.010937 0.131944 3 0.012573 0.979297 0.577083 0.041406 0.126389 5 0.010902 0.101562 0.997222 0.171875 0.005556 0 0.010406 0.214844 0.55625 0.028125 0.0625 10 0.009018 0.492969 0.340972 0.067187 0.1125 0 0.008881 0.25625 0.538889 0.039062 0.075 0 0.008812 0.25625 0.4875 0.021875 0.047222 7 0.008644 0.305078 0.938194 0.122656 0.123611 0 0.007404 0.994531 0.707639 0.010937 0.0875 1 0.006931 0.973828 0.675 0.016406 0.063889 10 0.006905 0.010156 0.738194 0.020313 0.290278 0 0.005535 0.14375 0.551389 0.03125 0.058333 1 0.0047 0.322656 0.6625 0.026562 0.069444 0 0.004681 0.290234 0.435417 0.024219 0.045833 1 0.004364 0.7875 0.461111 0.020313 0.055556 0 0.003914 0.189062 0.525694 0.017188 0.048611 10 0.003622 0.297656 0.377083 0.0625 0.109722 1 0.003403 0.323437 0.479861 0.026562 0.056944 0 0.003235 0.982422 0.825694 0.033594 0.095833 3 0.003197 0.989844 0.595833 0.020313 0.091667 1 0.003172 0.147266 0.558333 0.027344 0.066667 0 0.003052 0.995703 0.6125 0.008594 0.069444 0 0.002562 0.778125 0.408333 0.015625 0.044444 1 0.002531 0.14375 0.548611 0.029687 0.058333 5 0.002342 0.991406 0.717361 0.017188 0.159722 1 0.002115 0.340625 0.470833 0.0125 0.047222 0 0.001987 0.360938 0.436111 0.017188 0.05 12 0.001687 0.071484 0.982639 0.135156 0.034722 3 0.001661 0.087891 0.98125 0.086719 0.0375 0 0.001543 0.276562 0.446528 0.017188 0.051389 2 0.00141 0.812891 0.540278 0.027344 0.063889 0 0.001399 0.200391 0.524306 0.027344 0.051389 0 0.001383 0.791016 0.575694 0.014844 0.054167 8 0.001378 0.359375 0.9375 0.245312 0.125 0 0.001315 0.272266 0.446528 0.021094 0.045833 9 0.001265 0.969922 0.956944 0.060156 0.086111 1 0.001245 0.3375 0.475694 0.015625 0.051389 4 0.001069 0.275781 0.4 0.032813 0.05 3 0.00106 0.991406 0.724306 0.017188 0.145833
CCTV01^20260318-110000-20260318-120000_000263,10 0.928223 0.155469 0.588889 0.128125 0.216667 6 0.925781 0.4 0.457639 0.065625 0.093056 10 0.905762 0.103125 0.518056 0.15 0.172222 10 0.902832 0.207422 0.429167 0.099219 0.125 3 0.888184 0.524219 0.876389 0.065625 0.186111 3 0.864258 0.254688 0.804167 0.0625 0.119444 3 0.86084 0.177734 0.8 0.069531 0.116667 9 0.859863 0.278516 0.640972 0.069531 0.140278 4 0.805664 0.398438 0.534722 0.05625 0.086111 4 0.792969 0.332813 0.915972 0.067187 0.148611 3 0.790527 0.443359 0.480556 0.042969 0.05 0 0.788086 0.7875 0.618056 0.026562 0.075 0 0.774414 0.7875 0.71875 0.028125 0.093056 0 0.773438 0.735938 0.615972 0.025 0.076389 0 0.770508 0.857422 0.633333 0.030469 0.083333 0 0.730957 0.307422 0.486111 0.022656 0.058333 0 0.716797 0.329688 0.650694 0.026562 0.073611 0 0.715332 0.264062 0.547917 0.028125 0.059722 9 0.715332 0.925781 0.89375 0.13125 0.2125 5 0.710449 0.471484 0.413889 0.042969 0.052778 3 0.708984 0.511719 0.411111 0.029687 0.047222 10 0.708008 0.020313 0.655556 0.040625 0.261111 2 0.700684 0.484766 0.445833 0.028906 0.052778 1 0.697754 0.215625 0.654167 0.023438 0.063889 1 0.695801 0.353125 0.497222 0.01875 0.05 10 0.651367 0.494531 0.350694 0.079687 0.101389 3 0.59082 0.289062 0.571528 0.053125 0.059722 3 0.482422 0.121094 0.951389 0.095312 0.097222 10 0.40918 0.045312 0.655556 0.090625 0.236111 4 0.399902 0.926953 0.894444 0.130469 0.205556 1 0.32251 0.902344 0.654861 0.025 0.073611 0 0.286133 0.626953 0.572222 0.027344 0.077778 0 0.284668 0.906641 0.634722 0.027344 0.080556 1 0.258301 0.242188 0.605556 0.021875 0.055556 4 0.217285 0.292187 0.446528 0.032813 0.065278 3 0.214722 0.217188 0.957639 0.075 0.079167 0 0.195557 0.994141 0.720139 0.011719 0.0875 0 0.194336 0.257812 0.466667 0.025 0.063889 0 0.150513 0.903516 0.65 0.027344 0.077778 1 0.135254 0.994531 0.719444 0.010937 0.088889 6 0.095703 0.046875 0.684028 0.09375 0.170833 3 0.089783 0.925 0.894444 0.128125 0.211111 1 0.085999 0.991406 0.719444 0.017188 0.094444 4 0.071838 0.048438 0.6625 0.096875 0.133333 11 0.071045 0.016016 0.841667 0.032031 0.316667 10 0.065369 0.016016 0.845139 0.032031 0.301389 0 0.057709 0.992969 0.631944 0.014063 0.077778 0 0.057495 0.289844 0.566667 0.051562 0.061111 7 0.057495 0.016797 0.820139 0.033594 0.168056 0 0.053802 0.769531 0.409028 0.01875 0.048611 1 0.05127 0.742188 0.451389 0.01875 0.05 3 0.046906 0.529297 0.375694 0.028906 0.0375 2 0.043854 0.989844 0.723611 0.020313 0.091667 3 0.042725 0.734766 0.384722 0.028906 0.047222 1 0.041931 0.395703 0.392361 0.017969 0.040278 1 0.041321 0.248438 0.872917 0.021875 0.079167 0 0.039337 0.29375 0.445833 0.032813 0.063889 9 0.037323 0.016797 0.823611 0.033594 0.180556 1 0.034241 0.370703 0.394444 0.013281 0.036111 1 0.031738 0.990625 0.630556 0.01875 0.069444 3 0.026764 0.008594 0.258333 0.017188 0.030556 10 0.025665 0.658594 0.327778 0.042188 0.111111 7 0.025085 0.292187 0.445833 0.03125 0.061111 10 0.023956 0.300391 0.379167 0.057031 0.108333 7 0.021774 0.926953 0.893056 0.132031 0.208333 1 0.020493 0.373047 0.425 0.013281 0.033333 3 0.019501 0.500781 0.386111 0.042188 0.044444 11 0.017914 0.015234 0.815972 0.030469 0.181944 1 0.016586 0.738281 0.952083 0.023438 0.068056 3 0.015717 0.484375 0.440278 0.026562 0.05 0 0.014732 0.347266 0.388194 0.016406 0.0375 3 0.012146 0.469531 0.416667 0.045312 0.052778 1 0.008575 0.023828 0.721528 0.038281 0.079167 1 0.008095 0.979688 0.713889 0.01875 0.077778 9 0.006123 0.047266 0.661806 0.092969 0.129167 0 0.006073 0.375391 0.590972 0.021094 0.051389 1 0.006027 0.978516 0.697917 0.014844 0.0875 1 0.005913 0.235156 0.596528 0.028125 0.059722 3 0.005688 0.749219 0.363889 0.025 0.044444 1 0.00528 0.710156 0.775694 0.023438 0.081944 0 0.004364 0.249609 0.59375 0.032031 0.068056 3 0.003975 0.742188 0.378472 0.025 0.043056 5 0.00378 0.923828 0.894444 0.130469 0.211111 10 0.003607 0.275391 0.401389 0.032031 0.058333 12 0.003136 0.275 0.4 0.03125 0.058333 10 0.003027 0.978906 0.580556 0.042188 0.133333 0 0.002981 0.243359 0.605556 0.025781 0.061111 5 0.002737 0.938672 0.520833 0.049219 0.083333 6 0.002737 0.979688 0.570833 0.040625 0.144444 1 0.002571 0.225 0.581944 0.0125 0.055556 1 0.002493 0.985156 0.668056 0.020313 0.077778 1 0.002434 0.823828 0.502778 0.014844 0.055556 10 0.002415 0.020703 0.790278 0.041406 0.377778 1 0.002398 0.036328 0.716667 0.038281 0.083333 10 0.002287 0.989453 0.550694 0.021094 0.126389 0 0.002253 0.995703 0.693056 0.008594 0.108333 1 0.002192 0.9 0.648611 0.034375 0.088889 1 0.002165 0.392578 0.4 0.019531 0.041667 4 0.002132 0.978906 0.575694 0.042188 0.131944 0 0.001942 0.025 0.719444 0.04375 0.077778 1 0.001846 0.437109 0.411806 0.022656 0.040278 1 0.0017 0.829688 0.711111 0.025 0.080556 0 0.001592 0.628125 0.586111 0.034375 0.102778 10 0.001561 0.014453 0.584028 0.028906 0.118056 0 0.00149 0.307031 0.497917 0.026562 0.065278 3 0.001478 0.014844 0.831944 0.029687 0.141667 2 0.001378 0.4375 0.411111 0.023438 0.044444 9 0.001255 0.019531 0.720833 0.0375 0.1 11 0.001245 0.010156 0.8 0.020313 0.172222 2 0.001179 0.995313 0.913889 0.009375 0.138889 9 0.001151 0.0125 0.761111 0.025 0.122222 11 0.001134 0.017188 0.730556 0.034375 0.111111 10 0.001107 0.99375 0.547222 0.0125 0.122222 4 0.001057 0.9375 0.520139 0.05 0.081944 0 0.00104 0.996094 0.782639 0.007812 0.104167 4 0.00102 0.295703 0.436111 0.036719 0.055556
CCTV01^20260318-110000-20260318-120000_000267,5 0.920898 0.304297 0.582639 0.061719 0.095833 10 0.913574 0.767969 0.596528 0.123438 0.245833 10 0.90625 0.102344 0.514583 0.15 0.168056 10 0.89209 0.253516 0.485417 0.138281 0.1625 3 0.883301 0.524609 0.877083 0.066406 0.184722 10 0.871094 0.091797 0.725694 0.183594 0.3125 4 0.868164 0.361328 0.567361 0.046094 0.093056 10 0.852051 0.208594 0.436111 0.101562 0.138889 3 0.837402 0.310937 0.667361 0.064062 0.0875 3 0.829102 0.364453 0.439583 0.030469 0.048611 7 0.819824 0.744922 0.872917 0.064844 0.2125 3 0.813965 0.366406 0.509722 0.059375 0.058333 0 0.753418 0.348047 0.922222 0.046094 0.105556 0 0.751953 0.234375 0.742361 0.032813 0.0875 0 0.751953 0.25 0.839583 0.034375 0.093056 3 0.749023 0.419141 0.461111 0.038281 0.05 0 0.740234 0.207031 0.677083 0.032813 0.070833 10 0.730469 0.024219 0.654167 0.048438 0.25 4 0.720215 0.456641 0.477778 0.047656 0.066667 2 0.705566 0.108984 0.815278 0.108594 0.136111 0 0.694336 0.859766 0.515278 0.022656 0.063889 0 0.67041 0.794922 0.75 0.032031 0.088889 1 0.651367 0.684375 0.611111 0.020313 0.069444 2 0.645996 0.980078 0.725694 0.039844 0.093056 3 0.642578 0.399219 0.533333 0.042188 0.061111 3 0.600098 0.480078 0.436111 0.035156 0.05 1 0.583008 0.819141 0.929861 0.028906 0.090278 12 0.57959 0.744922 0.874306 0.064844 0.209722 0 0.552734 0.175781 0.73125 0.040625 0.0875 0 0.453369 0.236328 0.631944 0.033594 0.069444 3 0.437744 0.623437 0.404861 0.03125 0.068056 2 0.435791 0.029687 0.906944 0.059375 0.125 0 0.364746 0.304297 0.504861 0.028906 0.056944 10 0.346924 0.775781 0.398611 0.070312 0.113889 3 0.286133 0.764844 0.479167 0.029687 0.052778 9 0.27832 0.390625 0.384028 0.04375 0.070833 4 0.218628 0.108203 0.815972 0.108594 0.1375 10 0.196777 0.672656 0.388194 0.057813 0.131944 12 0.193115 0.389844 0.383333 0.04375 0.072222 9 0.153564 0.455469 0.475 0.045312 0.072222 2 0.128052 0.51875 0.379861 0.023438 0.045833 3 0.106323 0.389062 0.522222 0.035937 0.061111 1 0.097046 0.275 0.958333 0.025 0.066667 7 0.093994 0.389844 0.383333 0.04375 0.072222 0 0.085083 0.847656 0.605556 0.032813 0.083333 10 0.075317 0.291016 0.375694 0.071094 0.109722 2 0.042084 0.017578 0.917361 0.035156 0.126389 0 0.041321 0.340625 0.421528 0.021875 0.051389 0 0.037903 0.626953 0.570139 0.025781 0.068056 1 0.012924 0.719922 0.438889 0.019531 0.047222 1 0.009933 0.432812 0.423611 0.01875 0.036111 4 0.008644 0.03125 0.905556 0.0625 0.188889 3 0.007011 0.980078 0.577778 0.039844 0.119444 3 0.006168 0.008594 0.256944 0.017188 0.036111 1 0.005642 0.691406 0.609722 0.039062 0.080556 6 0.004944 0.508203 0.359722 0.046094 0.075 1 0.004791 0.342187 0.574306 0.01875 0.070833 10 0.004539 0.020313 0.60625 0.040625 0.1625 2 0.004116 0.995313 0.91875 0.009375 0.1625 4 0.00387 0.845703 0.602083 0.035156 0.079167 10 0.003796 0.508594 0.359722 0.04375 0.072222 0 0.003099 0.424219 0.450694 0.032813 0.051389 0 0.003099 0.98125 0.723611 0.0375 0.091667 10 0.003088 0.980078 0.577083 0.039844 0.118056 2 0.003027 0.00625 0.874306 0.0125 0.140278 3 0.002981 0.647656 0.279167 0.01875 0.036111 2 0.002823 0.514453 0.367361 0.032031 0.065278 0 0.002758 0.248047 0.822222 0.028906 0.077778 0 0.002083 0.29375 0.516667 0.029687 0.058333 6 0.002043 0.980078 0.579167 0.039844 0.119444 4 0.001995 0.979297 0.578472 0.041406 0.123611 10 0.001761 0.039062 0.703472 0.078125 0.354167 2 0.001405 0.846094 0.605556 0.032813 0.083333 2 0.00124 0.989062 0.9125 0.021875 0.175 1 0.001073 0.341406 0.591667 0.017188 0.055556
CCTV01^20260318-110000-20260318-120000_000271,10 0.916504 0.145313 0.645833 0.190625 0.258333 10 0.908691 0.207422 0.432639 0.099219 0.134722 10 0.907227 0.103516 0.517361 0.150781 0.170833 10 0.901367 0.818359 0.649306 0.153906 0.279167 3 0.88623 0.524609 0.877778 0.064844 0.186111 3 0.881836 0.7375 0.892361 0.060937 0.154167 10 0.859375 0.344531 0.430556 0.134375 0.138889 2 0.830078 0.347266 0.497917 0.046094 0.076389 10 0.82373 0.025391 0.651389 0.050781 0.233333 3 0.811523 0.389453 0.565972 0.052344 0.073611 3 0.804199 0.711328 0.605556 0.052344 0.088889 3 0.800781 0.728906 0.495139 0.0375 0.070833 6 0.79834 0.863281 0.541667 0.089063 0.183333 1 0.789062 0.305078 0.620833 0.028906 0.061111 2 0.779785 0.438672 0.4625 0.027344 0.055556 0 0.774414 0.305859 0.848611 0.036719 0.105556 0 0.771973 0.257812 0.877778 0.039062 0.097222 0 0.757812 0.265625 0.575 0.023438 0.055556 1 0.726562 0.316016 0.960417 0.033594 0.073611 9 0.725098 0.63125 0.419444 0.0375 0.1 3 0.723145 0.471094 0.479861 0.039062 0.054167 0 0.723145 0.905078 0.940972 0.044531 0.095833 3 0.710449 0.473047 0.434028 0.033594 0.045833 0 0.695801 0.307031 0.539583 0.023438 0.059722 2 0.656738 0.980078 0.726389 0.039844 0.086111 1 0.644043 0.896484 0.859722 0.027344 0.086111 2 0.594727 0.021094 0.952083 0.042188 0.095833 0 0.567871 0.259375 0.522917 0.021875 0.0625 0 0.554688 0.630078 0.573611 0.024219 0.066667 7 0.546875 0.230859 0.75 0.052344 0.130556 2 0.535156 0.809375 0.488889 0.023438 0.055556 9 0.509766 0.230859 0.75 0.052344 0.133333 9 0.482422 0.019922 0.799306 0.039844 0.206944 4 0.445557 0.509375 0.395833 0.03125 0.052778 7 0.289307 0.509375 0.395139 0.03125 0.054167 1 0.289307 0.383203 0.517361 0.019531 0.040278 2 0.271973 0.789844 0.453472 0.025 0.054167 3 0.237915 0.439844 0.385417 0.05 0.045833 1 0.212036 0.996094 0.795833 0.007812 0.072222 0 0.194336 0.764844 0.444444 0.020313 0.055556 11 0.177856 0.019922 0.809722 0.039844 0.225 10 0.15564 0.019922 0.835417 0.039844 0.284722 0 0.1427 0.789844 0.454167 0.025 0.052778 1 0.141724 0.690234 0.403472 0.016406 0.048611 3 0.129395 0.529297 0.365278 0.024219 0.038889 10 0.121704 0.865234 0.542361 0.089844 0.1875 0 0.078369 0.953906 0.610417 0.035937 0.076389 0 0.056641 0.614453 0.577778 0.038281 0.069444 2 0.052032 0.423828 0.441667 0.035156 0.063889 1 0.046387 0.707422 0.415972 0.017969 0.048611 10 0.035156 0.021484 0.697917 0.042969 0.343056 0 0.035004 0.419922 0.441667 0.030469 0.061111 3 0.033203 0.510938 0.391667 0.03125 0.055556 1 0.027267 0.663281 0.424306 0.01875 0.051389 0 0.020966 0.267969 0.514583 0.017188 0.0625 0 0.020248 0.276953 0.491667 0.025781 0.055556 5 0.01799 0.055469 0.984028 0.110937 0.031944 12 0.01622 0.066797 0.983333 0.133594 0.033333 1 0.015541 0.76875 0.464583 0.017188 0.045833 6 0.015541 0.060547 0.984028 0.121094 0.031944 2 0.012482 0.6625 0.425694 0.020313 0.054167 1 0.012482 0.771484 0.470833 0.014844 0.041667 1 0.011871 0.024609 0.661111 0.035156 0.088889 1 0.010902 0.601172 0.413889 0.013281 0.044444 10 0.01001 0.040234 0.650694 0.071094 0.248611 2 0.008949 0.019141 0.777778 0.038281 0.158333 1 0.008812 0.021875 0.688889 0.032813 0.083333 1 0.008255 0.991406 0.791667 0.017188 0.088889 0 0.007935 0.604297 0.577083 0.021094 0.0625 4 0.007488 0.421094 0.429167 0.029687 0.063889 4 0.005386 0.510938 0.346528 0.03125 0.048611 1 0.00502 0.775 0.4875 0.017188 0.041667 1 0.004868 0.41875 0.449306 0.03125 0.048611 1 0.004829 0.603906 0.576389 0.020313 0.061111 3 0.004608 0.008594 0.253472 0.017188 0.040278 1 0.004574 0.539062 0.430556 0.01875 0.044444 1 0.004417 0.658984 0.443056 0.014844 0.052778 10 0.003796 0.983594 0.585417 0.032813 0.131944 10 0.003765 0.258594 0.368056 0.10625 0.113889 3 0.003338 0.989844 0.596528 0.020313 0.109722 0 0.002632 0.994531 0.621528 0.010937 0.070833 1 0.002571 0.903516 0.922222 0.035156 0.094444 3 0.00255 0.085547 0.984722 0.171094 0.030556 2 0.002481 0.763672 0.444444 0.022656 0.055556 2 0.002472 0.016797 0.740278 0.032031 0.091667 2 0.002359 0.995703 0.910417 0.008594 0.156944 4 0.002287 0.019531 0.793056 0.039062 0.188889 0 0.002234 0.419531 0.422222 0.025 0.052778 0 0.00215 0.629297 0.584722 0.033594 0.088889 4 0.0021 0.067969 0.984722 0.135937 0.030556 1 0.002083 0.9 0.85625 0.045312 0.095833 3 0.001957 0.633203 0.35625 0.024219 0.034722 1 0.001755 0.772266 0.477778 0.021094 0.044444 1 0.001687 0.704688 0.397917 0.0125 0.048611 12 0.001668 0.73125 0.996528 0.153125 0.006944 1 0.001525 0.020703 0.711806 0.036719 0.081944 1 0.001478 0.782422 0.496528 0.019531 0.051389 10 0.001432 0.012891 0.217361 0.025781 0.120833 0 0.001378 0.265625 0.586806 0.026562 0.068056 0 0.001289 0.996094 0.686806 0.007812 0.0875 0 0.001221 0.226172 0.517361 0.022656 0.051389 11 0.001147 0.632031 0.420139 0.039062 0.098611 2 0.001134 0.007422 0.8875 0.014844 0.091667 2 0.001099 0.008594 0.744444 0.017188 0.094444 1 0.001057 0.676562 0.38125 0.0125 0.0375 3 0.001053 0.991406 0.616667 0.017188 0.066667
CCTV01^20260318-110000-20260318-120000_000275,6 0.973145 0.910156 0.634028 0.120313 0.234722 9 0.94043 0.722266 0.623611 0.077344 0.169444 10 0.910645 0.230859 0.566667 0.175781 0.208333 10 0.909668 0.250391 0.799306 0.125781 0.370833 10 0.905762 0.208594 0.432639 0.101562 0.131944 10 0.898926 0.101953 0.51875 0.150781 0.173611 10 0.890137 0.410547 0.392361 0.119531 0.123611 3 0.878418 0.524609 0.877778 0.066406 0.186111 2 0.838867 0.862891 0.884722 0.047656 0.122222 3 0.837402 0.667969 0.579861 0.039062 0.084722 2 0.795898 0.360547 0.465972 0.032031 0.070833 2 0.790527 0.921094 0.826389 0.042188 0.111111 2 0.78125 0.85625 0.50625 0.040625 0.073611 0 0.774414 0.3375 0.831944 0.035937 0.108333 3 0.773438 0.658984 0.519444 0.046094 0.066667 0 0.744629 0.339844 0.613889 0.026562 0.072222 10 0.744141 0.069531 0.773611 0.139063 0.319444 6 0.704102 0.801172 0.714583 0.069531 0.218056 2 0.654785 0.982422 0.803472 0.035156 0.090278 0 0.651367 0.8875 0.709722 0.04375 0.091667 0 0.609375 0.323047 0.488889 0.021094 0.05 3 0.607422 0.429688 0.471528 0.05 0.0625 0 0.604004 0.883594 0.821528 0.0375 0.098611 1 0.602051 0.326172 0.677778 0.019531 0.066667 3 0.588867 0.489844 0.426389 0.0375 0.052778 1 0.565918 0.691016 0.733333 0.022656 0.072222 1 0.558105 0.394531 0.547917 0.020313 0.054167 10 0.551758 0.104688 0.843056 0.204687 0.311111 1 0.517578 0.307812 0.904861 0.025 0.079167 10 0.510742 0.025391 0.670139 0.050781 0.240278 1 0.501953 0.753125 0.523611 0.020313 0.061111 1 0.350342 0.779297 0.586806 0.021094 0.0625 3 0.336426 0.816797 0.594444 0.038281 0.072222 1 0.332764 0.316406 0.959028 0.034375 0.068056 0 0.19873 0.98125 0.656944 0.029687 0.075 2 0.195557 0.83125 0.446528 0.026562 0.059722 10 0.138916 0.982422 0.907639 0.035156 0.184722 0 0.128906 0.327344 0.440278 0.01875 0.047222 6 0.119995 0.982422 0.909722 0.035156 0.180556 3 0.088196 0.632031 0.311111 0.021875 0.047222 3 0.085388 0.514844 0.377083 0.028125 0.045833 5 0.068298 0.983203 0.909722 0.033594 0.180556 0 0.038177 0.991797 0.722917 0.016406 0.104167 2 0.020096 0.008984 0.863889 0.017969 0.088889 0 0.017914 0.871094 0.779167 0.032813 0.091667 0 0.016983 0.876172 0.790972 0.035156 0.081944 0 0.015488 0.992578 0.668056 0.014844 0.083333 2 0.013634 0.985156 0.910417 0.029687 0.179167 0 0.012672 0.772656 0.399306 0.020313 0.048611 2 0.008987 0.992188 0.757639 0.015625 0.143056 1 0.007175 0.828516 0.647917 0.022656 0.070833 3 0.006851 0.51875 0.340972 0.028125 0.0375 2 0.006641 0.012891 0.854167 0.025781 0.102778 2 0.006413 0.989844 0.890278 0.020313 0.141667 1 0.005844 0.313672 0.922222 0.030469 0.091667 10 0.005512 0.0125 0.813889 0.025 0.366667 10 0.00528 0.021484 0.636806 0.042969 0.168056 11 0.005081 0.295703 0.447222 0.032031 0.072222 0 0.003185 0.325391 0.396528 0.016406 0.040278 3 0.003063 0.846875 0.973611 0.070312 0.052778 1 0.003004 0.565625 0.486111 0.014063 0.041667 10 0.002693 0.019141 0.603472 0.038281 0.101389 10 0.002642 0.99375 0.534722 0.0125 0.080556 0 0.002611 0.876953 0.747917 0.038281 0.098611 10 0.00205 0.988672 0.534722 0.019531 0.080556 1 0.002035 0.748047 0.525 0.033594 0.066667 3 0.002003 0.008594 0.254167 0.017188 0.036111 3 0.002003 0.627734 0.315278 0.028906 0.055556 2 0.001839 0.01875 0.838889 0.0375 0.127778 6 0.001741 0.985156 0.820139 0.029687 0.329167 0 0.001623 0.201953 0.488194 0.025781 0.051389 2 0.001623 0.119531 0.659028 0.046875 0.079167 6 0.001611 0.069531 0.747222 0.135937 0.263889 0 0.00149 0.988672 0.775694 0.022656 0.118056 10 0.00149 0.016406 0.578472 0.032813 0.204167 2 0.001389 0.029687 0.820139 0.057813 0.1125 0 0.001151 0.347266 0.411806 0.014844 0.048611 1 0.001099 0.748828 0.5375 0.025781 0.077778 1 0.001012 0.688672 0.734028 0.033594 0.081944
CCTV01^20260318-110000-20260318-120000_000279,10 0.907227 0.165625 0.779167 0.16875 0.355556 10 0.901855 0.208594 0.430556 0.101562 0.130556 10 0.893555 0.364453 0.457639 0.128906 0.151389 10 0.888184 0.102734 0.527083 0.153906 0.1875 10 0.886719 0.3 0.642361 0.121875 0.265278 10 0.87207 0.174609 0.6125 0.194531 0.244444 3 0.849121 0.524609 0.877778 0.064844 0.186111 11 0.842773 0.746094 0.534028 0.1 0.190278 3 0.817383 0.731641 0.702778 0.052344 0.116667 3 0.81543 0.76875 0.838889 0.057813 0.15 10 0.803711 0.957422 0.768056 0.085156 0.297222 3 0.788086 0.238672 0.918056 0.077344 0.147222 3 0.770508 0.930469 0.875694 0.095312 0.159722 10 0.754883 0.487891 0.347917 0.082031 0.106944 0 0.744629 0.060156 0.747917 0.039062 0.095833 3 0.704102 0.379688 0.945833 0.104688 0.105556 3 0.663574 0.751172 0.944444 0.064844 0.105556 0 0.611328 0.329688 0.773611 0.034375 0.094444 1 0.598145 0.306641 0.829861 0.027344 0.079167 2 0.57373 0.013672 0.80625 0.027344 0.118056 2 0.550781 0.810937 0.457639 0.025 0.059722 0 0.5 0.335156 0.870139 0.035937 0.076389 0 0.375732 0.90625 0.628472 0.0375 0.084722 10 0.352295 0.680469 0.381944 0.054688 0.133333 9 0.345215 0.837891 0.899306 0.097656 0.195833 1 0.256836 0.253125 0.809722 0.03125 0.080556 1 0.181274 0.634375 0.415972 0.015625 0.051389 10 0.178345 0.014063 0.707639 0.028125 0.301389 1 0.156128 0.224609 0.81875 0.028906 0.084722 12 0.111267 0.838672 0.897917 0.094531 0.201389 11 0.091064 0.838672 0.898611 0.094531 0.202778 1 0.043701 0.235937 0.813194 0.05 0.101389 0 0.041321 0.286719 0.957639 0.065625 0.073611 8 0.033478 0.838672 0.897917 0.094531 0.204167 3 0.023148 0.013672 0.678472 0.027344 0.193056 10 0.01799 0.014453 0.861111 0.028906 0.255556 1 0.015076 0.044531 0.677778 0.029687 0.066667 6 0.014503 0.014844 0.854167 0.029687 0.269444 10 0.014008 0.978906 0.623611 0.042188 0.219444 1 0.012291 0.881641 0.528472 0.022656 0.068056 4 0.011871 0.012891 0.814583 0.025781 0.140278 0 0.011688 0.882422 0.531944 0.019531 0.072222 10 0.010948 0.976953 0.683333 0.046094 0.327778 2 0.0047 0.744922 0.35 0.022656 0.044444 1 0.004681 0.016016 0.740972 0.028906 0.0875 1 0.004574 0.43125 0.414583 0.021875 0.045833 10 0.00415 0.009766 0.644444 0.019531 0.238889 0 0.004135 0.332422 0.891667 0.036719 0.077778 0 0.004116 0.105469 0.75 0.04375 0.1 0 0.004005 0.016406 0.738889 0.029687 0.083333 2 0.003651 0.105469 0.749306 0.042188 0.095833 3 0.003456 0.7125 0.291667 0.020313 0.036111 1 0.003403 0.220312 0.836111 0.029687 0.072222 6 0.003111 0.955469 0.747917 0.085938 0.268056 10 0.002846 0.977344 0.579861 0.045312 0.134722 10 0.002378 0.134766 0.620833 0.114844 0.225 10 0.002296 0.013672 0.697222 0.027344 0.166667 0 0.002209 0.342578 0.883333 0.036719 0.072222 12 0.002115 0.948828 0.999306 0.102344 0.001389 0 0.00181 0.109766 0.730556 0.046094 0.088889 1 0.001543 0.246484 0.813889 0.047656 0.088889 0 0.001455 0.857422 0.495139 0.019531 0.056944 10 0.001394 0.983594 0.679167 0.032813 0.197222 1 0.001335 0.323828 0.847222 0.024219 0.066667 0 0.001269 0.016406 0.698611 0.03125 0.147222 10 0.001206 0.989453 0.676389 0.021094 0.180556 10 0.001032 0.986719 0.593056 0.026562 0.191667
CCTV01^20260318-110000-20260318-120000_000283,10 0.915039 0.814844 0.690972 0.142187 0.304167 10 0.910156 0.361328 0.45625 0.125781 0.156944 10 0.90918 0.208594 0.43125 0.103125 0.131944 10 0.90918 0.264844 0.598611 0.142187 0.233333 3 0.884277 0.271875 0.7625 0.075 0.111111 3 0.881836 0.525 0.877778 0.067187 0.186111 10 0.879395 0.101562 0.51875 0.15 0.173611 3 0.866211 0.326953 0.841667 0.067969 0.122222 3 0.823242 0.801953 0.503472 0.036719 0.070833 10 0.811035 0.086719 0.780556 0.173437 0.377778 11 0.799316 0.671094 0.467361 0.05 0.120833 2 0.778809 0.948828 0.847917 0.047656 0.115278 3 0.72168 0.366406 0.6 0.067187 0.083333 3 0.71875 0.162109 0.938889 0.085156 0.116667 2 0.715332 0.951172 0.661806 0.042969 0.084722 0 0.712402 0.253125 0.893056 0.040625 0.102778 1 0.699219 0.392969 0.85 0.029687 0.077778 10 0.663574 0.485547 0.403472 0.082031 0.129167 3 0.645996 0.835547 0.927778 0.060156 0.125 0 0.611328 0.985547 0.886111 0.028906 0.122222 2 0.453369 0.703516 0.472222 0.022656 0.061111 0 0.449463 0.992188 0.736806 0.015625 0.084722 1 0.437744 0.21875 0.838889 0.028125 0.077778 1 0.383057 0.432422 0.472222 0.019531 0.05 2 0.366699 0.902344 0.59375 0.042188 0.073611 1 0.32251 0.719531 0.429167 0.020313 0.041667 0 0.317383 0.309375 0.681944 0.028125 0.069444 5 0.315674 0.372656 0.93125 0.121875 0.126389 3 0.217285 0.374219 0.928472 0.123438 0.126389 3 0.194336 0.992578 0.949306 0.014844 0.101389 2 0.167236 0.227734 0.954167 0.053906 0.080556 0 0.148071 0.353906 0.534722 0.025 0.058333 3 0.118774 0.759766 0.968056 0.060156 0.058333 2 0.082092 0.366016 0.486111 0.044531 0.061111 0 0.07666 0.989844 0.907639 0.020313 0.1375 1 0.0401 0.659766 0.393056 0.014844 0.041667 0 0.03067 0.280078 0.939583 0.024219 0.056944 1 0.028976 0.003906 0.843056 0.007812 0.111111 1 0.028214 0.307422 0.674306 0.024219 0.059722 2 0.023697 0.199219 0.564583 0.03125 0.070833 0 0.023514 0.009375 0.674306 0.01875 0.098611 0 0.016785 0.803906 0.427778 0.020313 0.05 4 0.016785 0.374219 0.932639 0.126562 0.126389 1 0.016281 0.798828 0.447222 0.016406 0.044444 0 0.015015 0.352344 0.55 0.03125 0.061111 3 0.015015 0.228516 0.954167 0.052344 0.077778 0 0.0149 0.342969 0.513194 0.021875 0.054167 1 0.013329 0.214844 0.88125 0.029687 0.056944 1 0.011917 0.716016 0.822222 0.022656 0.077778 10 0.011421 0.458594 0.384028 0.082812 0.126389 0 0.011116 0.311719 0.697917 0.029687 0.073611 1 0.010406 0.337109 0.65 0.016406 0.052778 1 0.010246 0.2125 0.894444 0.029687 0.061111 0 0.010094 0.801953 0.443056 0.021094 0.052778 0 0.008781 0.983984 0.91875 0.027344 0.090278 0 0.007462 0.994531 0.70625 0.010937 0.140278 10 0.00528 0.009766 0.697917 0.019531 0.140278 0 0.004608 0.769922 0.436806 0.022656 0.048611 7 0.003809 0.396484 0.9375 0.178906 0.125 1 0.00375 0.31875 0.750694 0.03125 0.073611 1 0.003679 0.645312 0.398611 0.0125 0.041667 1 0.003136 0.7375 0.435417 0.01875 0.031944 3 0.003027 0.005469 0.863194 0.010937 0.106944 0 0.003004 0.989844 0.704167 0.020313 0.152778 4 0.00289 0.299219 0.420833 0.029687 0.058333 10 0.00289 0.012891 0.704167 0.025781 0.344444 1 0.002768 0.397266 0.847917 0.053906 0.093056 8 0.002737 0.863672 0.966667 0.272656 0.066667 0 0.002693 0.011328 0.642361 0.022656 0.140278 8 0.00255 0.882422 0.964583 0.152344 0.070833 0 0.002314 0.279687 0.946528 0.034375 0.065278 12 0.002216 0.866406 0.968056 0.154688 0.063889 0 0.002108 0.995703 0.785417 0.008594 0.115278 1 0.002003 0.344531 0.6 0.026562 0.072222 10 0.001839 0.989844 0.915972 0.020313 0.168056 1 0.001803 0.339844 0.638889 0.01875 0.063889 0 0.001755 0.984375 0.731944 0.03125 0.088889 0 0.001661 0.99375 0.858333 0.0125 0.097222 0 0.001649 0.310937 0.716667 0.03125 0.077778 4 0.001567 0.989844 0.904861 0.020313 0.190278 0 0.001543 0.217578 0.546528 0.033594 0.068056 11 0.001346 0.861719 0.965972 0.276562 0.068056 1 0.001305 0.423828 0.4625 0.024219 0.047222 1 0.001305 0.316406 0.670139 0.03125 0.073611 1 0.001255 0.335547 0.653472 0.024219 0.065278 2 0.00124 0.994531 0.674306 0.010937 0.118056 0 0.001156 0.988672 0.667361 0.022656 0.1625 11 0.001143 0.286328 0.977083 0.316406 0.045833 10 0.001048 0.994531 0.536111 0.010937 0.086111
CCTV01^20260318-110000-20260318-120000_000287,11 0.91748 0.741016 0.865278 0.114844 0.255556 10 0.916016 0.171094 0.727778 0.1875 0.327778 10 0.905762 0.460938 0.41875 0.103125 0.143056 10 0.898926 0.208594 0.431944 0.101562 0.130556 10 0.887695 0.303906 0.529861 0.16875 0.168056 3 0.872559 0.524219 0.877778 0.065625 0.186111 2 0.869629 0.230078 0.86875 0.041406 0.118056 10 0.859375 0.101953 0.516667 0.152344 0.166667 3 0.845703 0.314844 0.676389 0.048438 0.091667 3 0.84375 0.248828 0.775694 0.074219 0.109722 3 0.830078 0.760156 0.679167 0.05 0.116667 0 0.764648 0.426172 0.891667 0.058594 0.111111 3 0.730957 0.69375 0.470139 0.040625 0.065278 10 0.716309 0.066406 0.675694 0.132812 0.245833 0 0.6875 0.95625 0.794444 0.0375 0.105556 0 0.644043 0.796484 0.467361 0.022656 0.0625 5 0.640625 0.312109 0.825 0.067969 0.152778 10 0.633301 0.409375 0.418056 0.107813 0.138889 2 0.613281 0.989453 0.740278 0.021094 0.1 2 0.567871 0.927734 0.609028 0.047656 0.076389 0 0.542969 0.785937 0.842361 0.03125 0.093056 2 0.541016 0.9 0.713194 0.059375 0.134722 1 0.539062 0.634375 0.425 0.015625 0.052778 5 0.509766 0.091016 0.938194 0.113281 0.115278 0 0.464844 0.273438 0.628472 0.025 0.059722 0 0.449463 0.370703 0.8375 0.036719 0.086111 1 0.325928 0.199609 0.863889 0.028906 0.1 0 0.305664 0.305859 0.422917 0.022656 0.051389 3 0.294189 0.046484 0.879167 0.086719 0.147222 3 0.259766 0.311328 0.824306 0.069531 0.148611 5 0.250977 0.045703 0.877083 0.083594 0.143056 0 0.226807 0.372266 0.855556 0.035156 0.066667 3 0.20813 0.161719 0.960417 0.0875 0.076389 1 0.166138 0.614453 0.425 0.019531 0.052778 7 0.149048 0.899609 0.711111 0.058594 0.133333 0 0.108582 0.844922 0.472917 0.017969 0.048611 12 0.100159 0.115625 0.671528 0.103125 0.151389 1 0.095703 0.620313 0.424306 0.025 0.054167 0 0.068542 0.407031 0.540278 0.025 0.058333 2 0.066345 0.341016 0.399306 0.021094 0.045833 10 0.063477 0.926172 0.890278 0.147656 0.219444 12 0.058777 0.898828 0.711806 0.057031 0.131944 0 0.047089 0.994141 0.656944 0.011719 0.091667 1 0.042877 0.407422 0.498611 0.019531 0.047222 1 0.03949 0.609375 0.433333 0.01875 0.055556 0 0.033203 0.376563 0.895833 0.0375 0.080556 10 0.028656 0.017578 0.625694 0.035156 0.181944 9 0.028442 0.115234 0.672222 0.105469 0.15 0 0.023422 0.3875 0.941667 0.065625 0.1 10 0.022293 0.020703 0.663889 0.041406 0.25 3 0.013634 0.407422 0.543056 0.028906 0.063889 0 0.013329 0.012109 0.842361 0.022656 0.090278 10 0.010368 0.017969 0.770139 0.035937 0.415278 0 0.009781 0.873437 0.480556 0.025 0.061111 1 0.008949 0.201563 0.83125 0.032813 0.131944 0 0.008781 0.373437 0.880556 0.0375 0.077778 1 0.008415 0.406641 0.542361 0.027344 0.0625 0 0.007755 0.016406 0.816667 0.032813 0.108333 10 0.007122 0.262891 0.394444 0.022656 0.05 0 0.006718 0.364063 0.829167 0.025 0.077778 0 0.006512 0.408594 0.522222 0.023438 0.069444 3 0.005981 0.394141 0.461806 0.027344 0.048611 0 0.005119 0.991406 0.650694 0.017188 0.1125 10 0.004646 0.060156 0.747222 0.120313 0.4 3 0.004364 0.642578 0.353472 0.024219 0.045833 5 0.00358 0.940625 0.519444 0.045312 0.077778 6 0.003429 0.338281 0.934028 0.1875 0.129167 10 0.00316 0.985547 0.834722 0.028906 0.330556 3 0.003004 0.008594 0.256944 0.017188 0.036111 1 0.002434 0.399219 0.811111 0.025 0.066667 1 0.002296 0.364063 0.825694 0.025 0.076389 7 0.002075 0.641797 0.352778 0.024219 0.047222 3 0.00205 0.624219 0.240972 0.017188 0.0375 10 0.001926 0.369141 0.9375 0.261719 0.125 10 0.001839 0.029297 0.826389 0.058594 0.330556 3 0.001661 0.395703 0.945833 0.086719 0.097222 0 0.001623 0.383203 0.833333 0.047656 0.083333 0 0.001513 0.372266 0.933333 0.039844 0.080556 5 0.001484 0.308203 0.931944 0.125781 0.125 10 0.001378 0.989844 0.552778 0.020313 0.122222 0 0.001346 0.388281 0.901389 0.04375 0.097222 1 0.001289 0.301563 0.438889 0.01875 0.05 1 0.001225 0.991406 0.640278 0.017188 0.097222 0 0.001179 0.022266 0.795833 0.044531 0.119444 11 0.001169 0.021875 0.796528 0.04375 0.143056 0 0.001156 0.403125 0.454861 0.03125 0.059722 5 0.001143 0.439453 0.999306 0.136719 0.001389 10 0.001121 0.994531 0.544444 0.010937 0.108333 10 0.001044 0.979297 0.578472 0.041406 0.126389 0 0.001024 0.415234 0.449306 0.022656 0.065278 0 0.001012 0.194531 0.547917 0.023438 0.0625
CCTV01^20260318-110000-20260318-120000_000291,5 0.924316 0.219141 0.706944 0.064844 0.122222 6 0.921875 0.283984 0.895833 0.124219 0.202778 10 0.910645 0.303516 0.565972 0.150781 0.206944 10 0.908691 0.208203 0.433333 0.102344 0.136111 10 0.902832 0.429688 0.444444 0.117188 0.144444 10 0.890625 0.1125 0.622222 0.214062 0.247222 3 0.890137 0.315625 0.834028 0.065625 0.118056 3 0.885742 0.524609 0.877778 0.066406 0.183333 10 0.880371 0.101953 0.517361 0.152344 0.170833 3 0.835449 0.217578 0.849306 0.072656 0.129167 3 0.81543 0.84375 0.839583 0.090625 0.148611 0 0.778809 0.651953 0.836111 0.035156 0.122222 10 0.776855 0.050781 0.872917 0.101562 0.251389 0 0.764648 0.311719 0.704861 0.032813 0.090278 0 0.760742 0.89375 0.657639 0.034375 0.084722 0 0.751953 0.961328 0.670833 0.032031 0.091667 5 0.743164 0.677344 0.445139 0.039062 0.079167 0 0.729492 0.344922 0.765278 0.035156 0.086111 0 0.726562 0.272266 0.746528 0.030469 0.076389 3 0.694336 0.476953 0.472917 0.042969 0.054167 2 0.622559 0.260156 0.704861 0.039062 0.095833 3 0.594727 0.14375 0.95 0.073438 0.094444 10 0.59375 0.024219 0.634722 0.046875 0.213889 1 0.542969 0.841016 0.659028 0.022656 0.076389 5 0.535156 0.376172 0.575 0.061719 0.088889 10 0.53125 0.459766 0.3625 0.078906 0.091667 3 0.513672 0.408594 0.945833 0.098437 0.102778 1 0.470703 0.238672 0.747917 0.025781 0.068056 0 0.354004 0.262891 0.718056 0.038281 0.102778 0 0.331055 0.187891 0.636111 0.033594 0.066667 3 0.26123 0.677344 0.445139 0.0375 0.079167 0 0.26123 0.79375 0.471528 0.020313 0.051389 2 0.2323 0.258984 0.479861 0.022656 0.054167 3 0.161865 0.497656 0.414583 0.029687 0.048611 1 0.144165 0.330469 0.619444 0.032813 0.066667 1 0.114746 0.813672 0.452778 0.017969 0.047222 1 0.113159 0.659766 0.39375 0.014844 0.045833 3 0.108948 0.375391 0.575 0.061719 0.088889 1 0.057495 0.747266 0.478472 0.022656 0.051389 10 0.040253 0.010937 0.704861 0.021875 0.326389 0 0.037323 0.258984 0.480556 0.022656 0.058333 0 0.021774 0.8125 0.457639 0.01875 0.045833 0 0.018265 0.318359 0.643056 0.021094 0.058333 1 0.016586 0.385937 0.397917 0.01875 0.0375 1 0.010612 0.323437 0.627083 0.026562 0.070833 1 0.01033 0.74375 0.468056 0.023438 0.063889 10 0.009125 0.017188 0.795833 0.034375 0.35 0 0.006615 0.220703 0.632639 0.027344 0.0625 0 0.006489 0.005078 0.709028 0.010156 0.134722 1 0.00573 0.995313 0.927083 0.009375 0.145833 1 0.005619 0.837891 0.658333 0.033594 0.088889 1 0.005577 0.278906 0.420833 0.01875 0.041667 9 0.004719 0.322266 0.478472 0.071094 0.076389 1 0.004505 0.989844 0.593056 0.020313 0.094444 0 0.00433 0.217969 0.659722 0.04375 0.058333 5 0.003809 0.004297 0.668056 0.008594 0.119444 10 0.003593 0.978125 0.575 0.04375 0.122222 1 0.003273 0.337109 0.611111 0.027344 0.072222 3 0.00304 0.008594 0.256944 0.017188 0.036111 2 0.0028 0.995313 0.921528 0.009375 0.156944 2 0.002758 0.498047 0.409028 0.028906 0.056944 3 0.002531 0.978906 0.576389 0.042188 0.125 12 0.002453 0.053125 0.996528 0.10625 0.006944 2 0.002378 0.99375 0.613889 0.0125 0.066667 10 0.00226 0.105859 0.563889 0.182031 0.233333 0 0.002043 0.245312 0.452083 0.017188 0.043056 10 0.001796 0.511328 0.322917 0.050781 0.098611 0 0.001444 0.251172 0.470139 0.019531 0.043056 0 0.00133 0.817578 0.45625 0.019531 0.054167 0 0.001274 0.009766 0.711806 0.019531 0.151389 3 0.00126 0.006641 0.7625 0.013281 0.177778 10 0.001225 0.259766 0.395139 0.016406 0.051389 1 0.001188 0.99375 0.607639 0.0125 0.073611 0 0.001065 0.255469 0.488889 0.025 0.052778 10 0.001048 0.994531 0.534028 0.010937 0.106944
CCTV01^20260318-110000-20260318-120000_000295,6 0.959473 0.261719 0.865278 0.115625 0.247222 10 0.928711 0.349609 0.521528 0.132031 0.193056 5 0.913574 0.284375 0.620833 0.076563 0.094444 10 0.911621 0.240234 0.518056 0.164844 0.169444 10 0.90625 0.139844 0.706944 0.176563 0.286111 6 0.892578 0.821875 0.6375 0.073438 0.227778 3 0.890137 0.523828 0.876389 0.067969 0.186111 10 0.885254 0.101172 0.51875 0.149219 0.173611 10 0.883301 0.208594 0.430556 0.101562 0.130556 10 0.876465 0.448828 0.426389 0.103906 0.127778 3 0.862305 0.302344 0.751389 0.051562 0.102778 3 0.86084 0.154297 0.884028 0.066406 0.140278 3 0.839844 0.347266 0.859028 0.080469 0.1125 2 0.805664 0.354297 0.940972 0.050781 0.098611 2 0.796875 0.261328 0.681944 0.035156 0.091667 3 0.790527 0.049609 0.926389 0.099219 0.130556 0 0.788086 0.653125 0.835417 0.0375 0.115278 3 0.769043 0.482812 0.464583 0.040625 0.054167 0 0.747559 0.757031 0.608333 0.026562 0.083333 0 0.716797 0.301563 0.6625 0.028125 0.072222 10 0.681641 0.028906 0.655556 0.057813 0.238889 5 0.658203 0.401953 0.543056 0.050781 0.091667 0 0.656738 0.228125 0.691667 0.028125 0.077778 10 0.608398 0.03125 0.826389 0.0625 0.3 0 0.560059 0.815234 0.466667 0.022656 0.055556 3 0.529297 0.9875 0.89375 0.025 0.145833 0 0.397949 0.836719 0.50625 0.026562 0.059722 10 0.128906 0.494531 0.335417 0.06875 0.093056 0 0.073181 0.354297 0.597222 0.028906 0.066667 1 0.064392 0.686328 0.442361 0.022656 0.054167 10 0.046906 0.044922 0.692361 0.088281 0.329167 0 0.039795 0.79375 0.427083 0.020313 0.048611 0 0.03595 0.260937 0.681944 0.0375 0.091667 3 0.027481 0.117969 0.979167 0.070312 0.041667 3 0.025955 0.991797 0.875694 0.016406 0.123611 3 0.025467 0.632422 0.326389 0.022656 0.05 0 0.024994 0.673828 0.389583 0.022656 0.051389 2 0.020721 0.989062 0.625694 0.021875 0.0875 1 0.019196 0.344141 0.771528 0.022656 0.065278 0 0.016846 0.296094 0.670139 0.03125 0.079167 2 0.015541 0.673047 0.388889 0.022656 0.05 3 0.015427 0.525 0.377083 0.028125 0.045833 0 0.013329 0.823828 0.476389 0.025781 0.066667 2 0.012672 0.294141 0.654861 0.047656 0.073611 3 0.012482 0.448828 0.498611 0.050781 0.047222 0 0.010529 0.361328 0.586806 0.041406 0.084722 3 0.009163 0.451953 0.970139 0.083594 0.056944 1 0.008217 0.678125 0.613889 0.020313 0.066667 2 0.006512 0.988672 0.655556 0.022656 0.152778 3 0.006168 0.462891 0.969444 0.119531 0.061111 0 0.005138 0.369141 0.56875 0.028906 0.070833 6 0.0047 0.028906 0.784028 0.057813 0.223611 5 0.003721 0.0875 0.989583 0.146875 0.020833 10 0.003664 0.647656 0.117361 0.339062 0.234722 2 0.003456 0.525 0.377778 0.028125 0.047222 3 0.003273 0.985547 0.904167 0.028906 0.191667 1 0.003111 0.449609 0.429167 0.083594 0.133333 10 0.003016 0.024609 0.615972 0.049219 0.159722 0 0.002867 0.8375 0.541667 0.023438 0.052778 0 0.002846 0.351953 0.6125 0.025781 0.055556 3 0.002663 0.097266 0.979167 0.119531 0.041667 0 0.002531 0.240234 0.705556 0.033594 0.066667 5 0.002472 0.212109 0.992361 0.171094 0.015278 0 0.002388 0.361328 0.577778 0.027344 0.075 2 0.002378 0.283594 0.6125 0.075 0.083333 3 0.002165 0.4375 0.465972 0.032813 0.054167 1 0.00214 0.604297 0.403472 0.014844 0.043056 5 0.0021 0.458984 0.998611 0.128906 0.002778 5 0.001987 0.396484 0.999306 0.150781 0.001389 10 0.001803 0.06875 0.679861 0.128125 0.273611 1 0.001585 0.386328 0.581944 0.022656 0.052778 0 0.001421 0.234766 0.759028 0.044531 0.070833 0 0.001057 0.841406 0.491667 0.020313 0.058333 2 0.001048 0.073828 0.6625 0.039844 0.091667 3 0.001004 0.008203 0.251389 0.016406 0.038889
CCTV01^20260318-110000-20260318-120000_000299,6 0.957031 0.258984 0.859028 0.113281 0.243056 5 0.932129 0.370312 0.520833 0.05625 0.080556 10 0.910645 0.208594 0.434028 0.103125 0.134722 10 0.907227 0.423828 0.434722 0.097656 0.136111 10 0.904785 0.101953 0.518056 0.149219 0.172222 10 0.894531 0.235156 0.579861 0.145313 0.2125 3 0.888184 0.524609 0.877778 0.066406 0.183333 3 0.875 0.74375 0.809028 0.054688 0.140278 5 0.870605 0.066016 0.85 0.124219 0.172222 3 0.866211 0.300391 0.721528 0.044531 0.098611 3 0.850098 0.158203 0.733333 0.080469 0.1 3 0.849121 0.164844 0.839583 0.0625 0.126389 3 0.834473 0.328125 0.811806 0.073438 0.106944 2 0.818848 0.257812 0.652083 0.032813 0.084722 10 0.818359 0.077734 0.740972 0.155469 0.331944 0 0.786621 0.930078 0.916667 0.052344 0.122222 3 0.786621 0.421484 0.929167 0.091406 0.122222 0 0.78125 0.790625 0.568056 0.025 0.080556 3 0.779785 0.479297 0.466667 0.041406 0.055556 2 0.760742 0.359375 0.951389 0.054688 0.086111 10 0.754395 0.353516 0.439583 0.124219 0.145833 0 0.753418 0.648438 0.833333 0.0375 0.113889 2 0.741699 0.333984 0.886806 0.050781 0.098611 3 0.73584 0.504687 0.429861 0.032813 0.048611 3 0.728027 0.957031 0.866667 0.085938 0.15 0 0.716797 0.870703 0.579167 0.025781 0.066667 0 0.712402 0.300781 0.639583 0.028125 0.079167 0 0.672363 0.772656 0.684028 0.029687 0.095833 0 0.67041 0.228906 0.675 0.029687 0.077778 1 0.658203 0.688672 0.805556 0.027344 0.091667 3 0.552734 0.118359 0.945833 0.066406 0.105556 0 0.513672 0.861328 0.538889 0.030469 0.058333 1 0.5 0.890625 0.636806 0.021875 0.065278 0 0.403564 0.385156 0.543056 0.032813 0.066667 0 0.38501 0.786328 0.444444 0.022656 0.055556 5 0.352295 0.428906 0.502083 0.048438 0.076389 0 0.289307 0.984375 0.8 0.03125 0.119444 0 0.23938 0.325 0.605556 0.025 0.086111 1 0.175537 0.359375 0.588889 0.026562 0.061111 10 0.153076 0.521875 0.350694 0.060937 0.095833 4 0.096375 0.984375 0.805556 0.03125 0.133333 3 0.075562 0.848828 0.902778 0.085156 0.177778 1 0.071594 0.326172 0.608333 0.024219 0.083333 1 0.060974 0.774219 0.645833 0.026562 0.094444 0 0.058777 0.825 0.467361 0.020313 0.054167 6 0.056854 0.847266 0.902778 0.089844 0.177778 0 0.049774 0.967578 0.673611 0.027344 0.069444 0 0.0401 0.865234 0.559028 0.028906 0.076389 1 0.039795 0.985938 0.783333 0.028125 0.086111 5 0.036499 0.848047 0.902778 0.086719 0.177778 1 0.026855 0.680078 0.434722 0.017969 0.055556 2 0.022293 0.771875 0.394444 0.032813 0.058333 2 0.019424 0.129688 0.574306 0.039062 0.051389 1 0.016022 0.776563 0.629861 0.025 0.065278 0 0.015541 0.358203 0.585417 0.025781 0.059722 1 0.013794 0.025 0.935417 0.048438 0.093056 11 0.012054 0.985547 0.828472 0.028906 0.226389 1 0.011688 0.354687 0.579861 0.025 0.0625 1 0.010818 0.875781 0.590972 0.029687 0.073611 2 0.009193 0.340625 0.998611 0.145313 0.002778 1 0.008987 0.938672 0.722222 0.032031 0.116667 0 0.008125 0.235937 0.746528 0.046875 0.065278 0 0.007812 0.938281 0.722917 0.0375 0.106944 0 0.006958 0.021875 0.93125 0.042188 0.095833 1 0.006718 0.825781 0.468056 0.01875 0.05 0 0.006004 0.39375 0.5625 0.021875 0.069444 0 0.00547 0.673828 0.872222 0.036719 0.083333 4 0.005386 0.847266 0.9 0.085156 0.183333 2 0.004963 0.295312 0.381944 0.021875 0.041667 4 0.004757 0.770312 0.394444 0.03125 0.058333 10 0.0047 0.010547 0.633333 0.021094 0.252778 1 0.004398 0.353906 0.596528 0.025 0.081944 10 0.00404 0.012109 0.684028 0.024219 0.265278 0 0.003721 0.226562 0.651389 0.032813 0.086111 6 0.002981 0.067969 0.847917 0.128125 0.170833 0 0.002924 0.938672 0.688889 0.032031 0.069444 1 0.002855 0.653125 0.485417 0.020313 0.051389 0 0.002714 0.394531 0.522222 0.020313 0.066667 1 0.002653 0.969141 0.681944 0.027344 0.083333 0 0.002405 0.992969 0.698611 0.014063 0.086111 5 0.002342 0.770312 0.395139 0.03125 0.059722 3 0.002115 0.770312 0.395139 0.03125 0.059722 1 0.002115 0.939453 0.753472 0.027344 0.076389 0 0.002068 0.986328 0.691667 0.027344 0.094444 1 0.001883 0.676562 0.854167 0.025 0.061111 1 0.001818 0.988672 0.697917 0.022656 0.081944 1 0.001768 0.676172 0.871528 0.032031 0.084722 0 0.001687 0.978516 0.679861 0.039844 0.101389 0 0.001661 0.773828 0.622222 0.019531 0.058333 0 0.001611 0.865234 0.528472 0.028906 0.056944 3 0.001597 0.983984 0.848611 0.032031 0.163889 3 0.001549 0.008594 0.25625 0.017188 0.034722 0 0.001536 0.367188 0.576389 0.039062 0.086111 1 0.001525 0.525391 0.393056 0.019531 0.038889 0 0.00149 0.391406 0.551389 0.03125 0.069444 1 0.001389 0.992188 0.772222 0.015625 0.077778 0 0.001356 0.994141 0.720139 0.011719 0.098611 1 0.0013 0.978125 0.715972 0.026562 0.070833 0 0.001197 0.526563 0.395139 0.01875 0.034722 0 0.001169 0.011328 0.925 0.022656 0.1 2 0.001165 0.945703 0.999306 0.108594 0.001389 0 0.001143 0.985938 0.713194 0.025 0.070833 11 0.001112 0.976562 0.838889 0.046875 0.222222 5 0.001099 0.475 0.377083 0.032813 0.051389 3 0.001081 0.009375 0.656944 0.01875 0.186111 6 0.001073 0.771094 0.395833 0.032813 0.058333 0 0.001032 0.888672 0.627778 0.027344 0.075
CCTV01^20260318-110000-20260318-120000_000303,6 0.941406 0.244531 0.765278 0.070312 0.2 10 0.927734 0.153125 0.625 0.196875 0.244444 10 0.92041 0.101953 0.522222 0.150781 0.177778 10 0.90918 0.309375 0.498611 0.125 0.175 10 0.908203 0.208984 0.433333 0.102344 0.133333 3 0.88623 0.525 0.875694 0.065625 0.181944 5 0.866211 0.128906 0.754167 0.092188 0.130556 3 0.841797 0.207422 0.674306 0.078906 0.093056 3 0.838867 0.124609 0.914583 0.064844 0.134722 2 0.837402 0.328125 0.623611 0.034375 0.083333 2 0.832031 0.309375 0.680556 0.0375 0.086111 3 0.827637 0.177734 0.788194 0.061719 0.118056 3 0.819824 0.756641 0.927778 0.060156 0.130556 0 0.817383 0.692578 0.854167 0.032031 0.130556 3 0.812988 0.353516 0.820833 0.077344 0.113889 10 0.810059 0.408594 0.397222 0.104688 0.122222 0 0.800781 0.905078 0.700694 0.035156 0.095833 3 0.79834 0.38125 0.513889 0.048438 0.061111 0 0.78125 0.651172 0.8375 0.032031 0.125 3 0.71875 0.400391 0.543056 0.041406 0.066667 2 0.697754 0.26875 0.597917 0.032813 0.059722 0 0.695801 0.410156 0.903472 0.039062 0.1125 10 0.688477 0.021484 0.650694 0.042969 0.240278 3 0.677246 0.26875 0.665972 0.059375 0.081944 5 0.663574 0.491406 0.427778 0.039062 0.061111 1 0.642578 0.857422 0.792361 0.027344 0.093056 0 0.633301 0.306641 0.90625 0.036719 0.0875 0 0.624512 0.830078 0.488889 0.022656 0.058333 10 0.60498 0.023828 0.86875 0.047656 0.2625 0 0.604004 0.3375 0.872917 0.040625 0.106944 5 0.586914 0.482031 0.39375 0.0375 0.056944 3 0.562012 0.227734 0.940972 0.067969 0.106944 0 0.470703 0.847656 0.477778 0.020313 0.055556 1 0.416748 0.127734 0.813194 0.033594 0.065278 2 0.373779 0.982031 0.922917 0.035937 0.154167 0 0.359375 0.302344 0.849306 0.029687 0.076389 3 0.334473 0.633203 0.379861 0.030469 0.065278 0 0.313965 0.889844 0.594444 0.032813 0.077778 0 0.184814 0.053516 0.702083 0.032031 0.073611 1 0.169922 0.626172 0.421528 0.016406 0.040278 1 0.151978 0.022656 0.68125 0.028125 0.073611 9 0.124634 0.245312 0.764583 0.070312 0.198611 0 0.119202 0.982031 0.922222 0.035937 0.152778 0 0.11438 0.809375 0.479861 0.017188 0.059722 10 0.102295 0.66875 0.341667 0.045312 0.111111 0 0.100159 0.389453 0.464583 0.033594 0.045833 0 0.096008 0.842578 0.483333 0.028906 0.061111 6 0.092041 0.023438 0.868056 0.046875 0.252778 0 0.088806 0.634375 0.557639 0.021875 0.076389 5 0.08728 0.508984 0.411806 0.030469 0.051389 10 0.081787 0.01875 0.613889 0.0375 0.166667 0 0.078918 0.236719 0.607639 0.029687 0.051389 3 0.074768 0.467969 0.970833 0.132812 0.058333 5 0.071594 0.467578 0.975 0.144531 0.05 0 0.069275 0.982422 0.633333 0.035156 0.091667 10 0.067566 0.514062 0.343056 0.075 0.097222 0 0.047607 0.302344 0.816667 0.028125 0.077778 1 0.037201 0.066406 0.7875 0.039062 0.088889 5 0.030334 0.5125 0.403472 0.028125 0.043056 1 0.025467 0.809375 0.477778 0.017188 0.055556 0 0.023605 0.310937 0.958333 0.035937 0.066667 1 0.021454 0.633594 0.557639 0.021875 0.079167 0 0.019714 0.817578 0.938889 0.033594 0.069444 3 0.019424 0.512891 0.402778 0.027344 0.041667 1 0.018539 0.025391 0.665972 0.035156 0.093056 1 0.017776 0.701562 0.777778 0.01875 0.066667 0 0.017242 0.815625 0.485417 0.025 0.0625 3 0.016159 0.167187 0.661111 0.090625 0.105556 3 0.015251 0.489844 0.477778 0.048438 0.066667 0 0.013023 0.270703 0.967361 0.036719 0.056944 0 0.012924 0.749219 0.390972 0.01875 0.048611 2 0.011917 0.488672 0.477778 0.047656 0.063889 3 0.011734 0.015625 0.8 0.03125 0.122222 10 0.01133 0.029687 0.619444 0.057813 0.211111 2 0.010529 0.78125 0.4 0.021875 0.047222 1 0.010246 0.064062 0.809028 0.032813 0.076389 1 0.006691 0.434375 0.438889 0.017188 0.044444 0 0.005554 0.24375 0.600694 0.021875 0.054167 2 0.005322 0.982031 0.634028 0.035937 0.093056 0 0.004868 0.852734 0.477778 0.035156 0.066667 1 0.004101 0.479297 0.478472 0.030469 0.056944 2 0.003651 0.490234 0.458333 0.042969 0.075 1 0.003651 0.301953 0.802083 0.021094 0.0625 0 0.003622 0.344531 0.902778 0.039062 0.094444 3 0.00316 0.130078 0.751389 0.085156 0.133333 0 0.003147 0.992188 0.642361 0.015625 0.104167 0 0.003075 0.848828 0.419444 0.027344 0.05 2 0.002472 0.847266 0.41875 0.027344 0.051389 1 0.002415 0.605859 0.409028 0.011719 0.0375 0 0.002359 0.408203 0.864583 0.035156 0.073611 5 0.00227 0.159766 0.997917 0.142969 0.004167 5 0.002216 0.457813 0.996528 0.16875 0.006944 0 0.00205 0.380859 0.453472 0.022656 0.048611 0 0.001875 0.050391 0.719444 0.030469 0.077778 3 0.001741 0.633984 0.259722 0.019531 0.038889 0 0.001714 0.046094 0.718056 0.028125 0.061111 1 0.001687 0.038281 0.65 0.034375 0.077778 5 0.001675 0.127734 0.995833 0.146094 0.008333 1 0.001611 0.003906 0.718056 0.007812 0.091667 1 0.001597 0.607812 0.327778 0.0125 0.038889 10 0.001531 0.012109 0.672222 0.024219 0.275 10 0.001427 0.994531 0.536111 0.010937 0.105556 2 0.001372 0.263281 0.553472 0.032813 0.054167 2 0.001341 0.475781 0.477778 0.023438 0.055556 1 0.001294 0.132812 0.8 0.035937 0.072222 10 0.001235 0.988672 0.540278 0.021094 0.105556 0 0.001211 0.071875 0.765278 0.028125 0.080556 1 0.00109 0.6375 0.569444 0.026562 0.077778 0 0.00109 0.307812 0.928472 0.040625 0.090278 0 0.001069 0.848828 0.95 0.103906 0.066667 0 0.001053 0.411719 0.927778 0.039062 0.080556 10 0.001017 0.010547 0.206944 0.021094 0.1 10 0.001017 0.013672 0.540278 0.027344 0.247222
CCTV01^20260318-110000-20260318-120000_000307,10 0.902344 0.20625 0.582639 0.18125 0.218056 10 0.898926 0.207813 0.431944 0.1 0.133333 10 0.89502 0.103125 0.519444 0.151562 0.172222 5 0.890137 0.239063 0.6375 0.0875 0.108333 10 0.888184 0.335547 0.475 0.125781 0.161111 3 0.878418 0.525 0.877778 0.065625 0.186111 3 0.862305 0.25625 0.68125 0.08125 0.090278 10 0.852539 0.821094 0.663194 0.142187 0.301389 3 0.848145 0.816406 0.845833 0.0875 0.161111 3 0.841797 0.216797 0.885417 0.067969 0.168056 3 0.833496 0.254688 0.765278 0.059375 0.108333 2 0.832031 0.097266 0.759722 0.044531 0.097222 3 0.827637 0.157422 0.799306 0.071094 0.1125 3 0.82666 0.139063 0.927778 0.075 0.133333 3 0.822266 0.382031 0.872222 0.090625 0.147222 3 0.816406 0.414062 0.48125 0.048438 0.056944 0 0.803223 0.308594 0.836806 0.040625 0.095833 3 0.786621 0.331641 0.646528 0.050781 0.081944 10 0.782227 0.043359 0.78125 0.086719 0.3375 9 0.754883 0.659375 0.444444 0.053125 0.102778 0 0.751953 0.274219 0.857639 0.035937 0.109722 3 0.72168 0.389062 0.563194 0.0625 0.073611 0 0.712402 0.735156 0.877083 0.075 0.118056 1 0.710449 0.707422 0.554861 0.019531 0.0625 0 0.697754 0.334375 0.745139 0.035937 0.084722 1 0.684082 0.157422 0.703472 0.041406 0.070833 10 0.617676 0.021875 0.65625 0.04375 0.251389 2 0.598145 0.887891 0.565278 0.035156 0.069444 1 0.588867 0.194922 0.7125 0.027344 0.063889 0 0.575684 0.305469 0.709722 0.03125 0.075 2 0.57373 0.331641 0.538194 0.036719 0.0625 1 0.486328 0.70625 0.502778 0.020313 0.055556 0 0.482422 0.316797 0.580556 0.035156 0.055556 0 0.480469 0.903516 0.636111 0.033594 0.083333 0 0.405518 0.308594 0.922222 0.035937 0.086111 10 0.338135 0.465234 0.359028 0.092969 0.106944 0 0.320801 0.827734 0.461806 0.022656 0.059722 9 0.307373 0.454297 0.419444 0.038281 0.088889 1 0.303955 0.777344 0.461111 0.020313 0.066667 6 0.281494 0.454297 0.419444 0.038281 0.091667 0 0.218628 0.36875 0.949306 0.046875 0.0875 0 0.214722 0.282813 0.786806 0.03125 0.084722 1 0.151489 0.707422 0.522222 0.019531 0.083333 1 0.149536 0.384766 0.505556 0.021094 0.047222 1 0.1427 0.761328 0.4125 0.016406 0.047222 3 0.139404 0.63125 0.377083 0.028125 0.059722 1 0.138428 0.455859 0.902778 0.038281 0.086111 0 0.129395 0.326172 0.549306 0.039844 0.070833 0 0.126343 0.904297 0.536111 0.032031 0.066667 0 0.112793 0.332422 0.725694 0.030469 0.068056 0 0.112793 0.341797 0.903472 0.032031 0.090278 0 0.086609 0.466406 0.943056 0.045312 0.091667 0 0.085388 0.428125 0.961111 0.04375 0.058333 1 0.081543 0.68125 0.371528 0.0125 0.040278 10 0.073181 0.027344 0.697917 0.054688 0.343056 0 0.069824 0.33125 0.694444 0.025 0.061111 2 0.065857 0.454688 0.41875 0.0375 0.090278 1 0.050323 0.453516 0.892361 0.027344 0.070833 1 0.042877 0.385156 0.515278 0.025 0.044444 0 0.038177 0.454688 0.903472 0.034375 0.0875 0 0.038025 0.348828 0.911806 0.039844 0.095833 0 0.028214 0.457813 0.915278 0.05 0.108333 0 0.025757 0.333203 0.965972 0.041406 0.0625 10 0.022202 0.018359 0.61875 0.036719 0.173611 0 0.018188 0.329297 0.534028 0.038281 0.0625 0 0.017715 0.323047 0.754861 0.022656 0.065278 0 0.017181 0.421094 0.943056 0.032813 0.088889 0 0.016922 0.333984 0.705556 0.032031 0.077778 0 0.016281 0.323047 0.904861 0.030469 0.0875 10 0.016159 0.029297 0.623611 0.057031 0.216667 0 0.016098 0.285938 0.774306 0.025 0.065278 3 0.012924 0.008594 0.25625 0.017188 0.031944 1 0.012482 0.196484 0.691667 0.025781 0.077778 0 0.008881 0.3375 0.881944 0.023438 0.066667 0 0.006985 0.364844 0.929167 0.048438 0.094444 3 0.006439 0.748828 0.963194 0.060156 0.068056 0 0.006027 0.305469 0.7375 0.032813 0.063889 0 0.004925 0.306641 0.694444 0.024219 0.061111 1 0.004868 0.089063 0.638889 0.028125 0.072222 2 0.004829 0.163672 0.654861 0.046094 0.070833 0 0.004539 0.324609 0.777083 0.030469 0.0625 1 0.004467 0.712109 0.555556 0.033594 0.075 0 0.003885 0.292969 0.740972 0.025 0.0625 1 0.003736 0.435937 0.908333 0.034375 0.088889 2 0.003679 0.748828 0.963194 0.060156 0.068056 1 0.003088 0.104688 0.642361 0.026562 0.073611 0 0.002878 0.33125 0.884722 0.021875 0.063889 3 0.002705 0.020703 0.618056 0.041406 0.175 10 0.002611 0.265234 0.408333 0.024219 0.055556 0 0.002182 0.332031 0.769444 0.035937 0.063889 0 0.002165 0.159375 0.66875 0.0375 0.076389 0 0.001883 0.301563 0.761111 0.032813 0.063889 0 0.001775 0.832422 0.459722 0.032031 0.072222 12 0.001629 0.307812 0.998611 0.140625 0.002778 8 0.001623 0.021484 0.870833 0.042969 0.169444 7 0.001467 0.020313 0.872917 0.040625 0.176389 0 0.001455 0.316016 0.733333 0.014844 0.075 0 0.001378 0.51875 0.409028 0.01875 0.051389 12 0.001245 0.410156 0.995833 0.1375 0.008333 12 0.001235 0.175391 0.999306 0.139844 0.001389 0 0.001156 0.419922 0.925694 0.028906 0.079167 10 0.001129 0.977344 0.576389 0.045312 0.125 0 0.001124 0.307031 0.861806 0.039062 0.118056 1 0.001065 0.713672 0.522222 0.035156 0.1 0 0.00106 0.272656 0.900694 0.028125 0.0625 1 0.001004 0.170313 0.715278 0.0375 0.063889
CCTV01^20260318-110000-20260318-120000_000311,10 0.911133 0.208594 0.432639 0.103125 0.131944 10 0.910645 0.092578 0.655556 0.180469 0.255556 10 0.904785 0.309766 0.496528 0.136719 0.173611 10 0.896484 0.102734 0.522917 0.150781 0.181944 10 0.888672 0.400391 0.419444 0.097656 0.138889 3 0.88623 0.525 0.877778 0.067187 0.186111 3 0.872559 0.258984 0.661806 0.085156 0.104167 3 0.871582 0.246484 0.761806 0.067969 0.129167 3 0.866211 0.171094 0.777778 0.06875 0.111111 3 0.866211 0.761328 0.851389 0.074219 0.163889 11 0.818848 0.862891 0.635417 0.128906 0.206944 3 0.800781 0.308594 0.589583 0.070312 0.070833 2 0.791992 0.745703 0.604167 0.035156 0.080556 0 0.790527 0.265234 0.825694 0.039844 0.106944 0 0.78125 0.300781 0.802083 0.039062 0.093056 0 0.749023 0.349219 0.90625 0.048438 0.104167 0 0.737305 0.764062 0.534028 0.025 0.068056 0 0.697754 0.310156 0.910417 0.05 0.115278 1 0.680664 0.833594 0.793056 0.026562 0.091667 10 0.67334 0.021094 0.652778 0.042188 0.244444 1 0.649414 0.8375 0.909722 0.029687 0.097222 0 0.644043 0.325391 0.6625 0.028906 0.075 0 0.642578 0.979297 0.706944 0.035156 0.077778 0 0.613281 0.362109 0.536806 0.030469 0.065278 0 0.602051 0.825 0.466667 0.021875 0.055556 1 0.594727 0.4 0.525 0.028125 0.055556 3 0.577637 0.487109 0.427778 0.033594 0.044444 3 0.57373 0.323828 0.748611 0.069531 0.094444 5 0.529297 0.465625 0.461806 0.042188 0.065278 3 0.472656 0.35625 0.609722 0.05 0.063889 0 0.445557 0.775391 0.445833 0.022656 0.055556 0 0.435791 0.362109 0.836111 0.036719 0.086111 0 0.42627 0.878125 0.543056 0.026562 0.055556 0 0.422607 0.401562 0.916667 0.042188 0.1 0 0.388672 0.847656 0.527778 0.020313 0.058333 0 0.38501 0.361719 0.516667 0.028125 0.066667 6 0.334473 0.032422 0.909028 0.064844 0.179167 0 0.324219 0.416406 0.477778 0.023438 0.05 9 0.305664 0.936719 0.934722 0.123438 0.130556 0 0.294189 0.4 0.888889 0.04375 0.130556 0 0.284668 0.992188 0.71875 0.015625 0.090278 3 0.243652 0.466406 0.463194 0.042188 0.068056 11 0.225464 0.936328 0.933333 0.122656 0.133333 10 0.204346 0.510156 0.334722 0.085938 0.1 1 0.189575 0.7125 0.779167 0.026562 0.088889 6 0.187744 0.038281 0.836806 0.076563 0.2625 0 0.146606 0.395313 0.849306 0.042188 0.090278 0 0.143677 0.394141 0.480556 0.021094 0.05 0 0.135254 0.758984 0.409028 0.022656 0.048611 3 0.124207 0.9875 0.939583 0.025 0.120833 1 0.109314 0.25 0.588194 0.028125 0.059722 3 0.108948 0.425 0.463194 0.034375 0.048611 0 0.105957 0.512891 0.439583 0.019531 0.054167 1 0.097412 0.191406 0.696528 0.023438 0.059722 0 0.078613 0.332813 0.844444 0.03125 0.077778 2 0.072632 0.361719 0.504167 0.026562 0.061111 0 0.041138 0.875 0.554167 0.028125 0.061111 1 0.037903 0.376563 0.577083 0.023438 0.056944 3 0.032104 0.499219 0.435417 0.039062 0.045833 10 0.029419 0.032813 0.909028 0.064062 0.176389 0 0.029083 0.353125 0.844444 0.04375 0.088889 3 0.028656 0.308203 0.386806 0.032031 0.040278 7 0.025864 0.933594 0.933333 0.132812 0.133333 0 0.024338 0.341797 0.868056 0.036719 0.080556 1 0.020721 0.373047 0.565972 0.021094 0.051389 1 0.020416 0.359375 0.539583 0.03125 0.059722 0 0.015427 0.375781 0.583333 0.025 0.055556 10 0.014282 0.017188 0.618056 0.034375 0.172222 9 0.012871 0.863672 0.636111 0.127344 0.205556 0 0.011292 0.304297 0.889583 0.039844 0.079167 0 0.010948 0.360547 0.806944 0.030469 0.066667 0 0.010948 0.392969 0.831944 0.0375 0.066667 0 0.010567 0.337109 0.813194 0.028906 0.065278 0 0.01001 0.349219 0.817361 0.029687 0.070833 0 0.009636 0.346875 0.835417 0.034375 0.0875 0 0.008675 0.317188 0.777083 0.05625 0.115278 3 0.008476 0.0375 0.798611 0.075 0.180556 0 0.008446 0.409766 0.4875 0.021094 0.05 5 0.007935 0.031641 0.909722 0.063281 0.180556 0 0.007404 0.337109 0.794444 0.042969 0.072222 0 0.006824 0.9875 0.720139 0.021875 0.101389 0 0.00634 0.325 0.819444 0.021875 0.066667 0 0.006027 0.425 0.476389 0.034375 0.058333 10 0.005798 0.977344 0.577083 0.045312 0.120833 0 0.005688 0.346875 0.803472 0.028125 0.056944 0 0.005001 0.878906 0.564583 0.029687 0.059722 0 0.00415 0.359375 0.604861 0.054688 0.070833 3 0.00407 0.008594 0.25625 0.017188 0.034722 3 0.003914 0.747656 0.972222 0.057813 0.05 0 0.003622 0.994922 0.688194 0.010156 0.104167 12 0.003607 0.012109 0.206944 0.024219 0.097222 0 0.003351 0.321094 0.842361 0.021875 0.0625 0 0.002913 0.3375 0.372222 0.017188 0.041667 6 0.002502 0.978125 0.576389 0.04375 0.119444 10 0.002493 0.458594 0.372917 0.039062 0.073611 0 0.002493 0.261719 0.861806 0.029687 0.070833 0 0.002481 0.746484 0.422917 0.022656 0.048611 10 0.002378 0.035937 0.868056 0.071875 0.263889 10 0.002279 0.009375 0.215972 0.01875 0.118056 0 0.0021 0.407422 0.504167 0.028906 0.052778 9 0.001995 0.036328 0.810417 0.072656 0.206944 0 0.001957 0.995703 0.770139 0.008594 0.131944 0 0.001748 0.322266 0.967361 0.052344 0.051389 2 0.001661 0.986328 0.588889 0.027344 0.1 5 0.001636 0.230469 0.988889 0.145313 0.022222 8 0.001611 0.942578 0.934722 0.114844 0.130556 1 0.001592 0.8375 0.791667 0.054688 0.105556 0 0.001579 0.484375 0.39375 0.01875 0.0375 0 0.001549 0.835156 0.570139 0.0625 0.081944 2 0.001383 0.992578 0.624306 0.014844 0.076389 0 0.001341 0.340625 0.660417 0.021875 0.073611 0 0.001294 0.367969 0.374306 0.025 0.034722 2 0.001285 0.514453 0.439583 0.024219 0.0625 1 0.001235 0.607031 0.415972 0.021875 0.054167 0 0.001206 0.316406 0.886806 0.039062 0.090278 10 0.001169 0.988672 0.545833 0.022656 0.102778 0 0.001124 0.379297 0.48125 0.016406 0.045833 0 0.001116 0.779687 0.445139 0.0375 0.065278 10 0.001116 0.034766 0.770833 0.069531 0.269444 0 0.001081 0.841406 0.503472 0.029687 0.054167 1 0.001073 0.058203 0.809722 0.041406 0.1 0 0.001048 0.309375 0.872917 0.0375 0.073611 0 0.00104 0.311719 0.934722 0.045312 0.1
CCTV01^20260318-110000-20260318-120000_000315,10 0.919434 0.121875 0.793056 0.226562 0.366667 10 0.916504 0.368359 0.440278 0.110156 0.147222 10 0.913574 0.207813 0.43125 0.101562 0.131944 10 0.897949 0.102344 0.522917 0.151562 0.184722 3 0.89502 0.339453 0.606944 0.071094 0.088889 10 0.890137 0.134375 0.596528 0.148438 0.2125 3 0.883301 0.524219 0.877778 0.067187 0.186111 3 0.879883 0.305469 0.579861 0.06875 0.068056 3 0.85791 0.252344 0.916667 0.071875 0.141667 3 0.831055 0.230859 0.8 0.066406 0.111111 3 0.800781 0.657422 0.466667 0.032031 0.069444 0 0.788086 0.309375 0.936806 0.046875 0.106944 2 0.779785 0.811328 0.677083 0.035156 0.093056 3 0.763672 0.307812 0.692361 0.046875 0.104167 0 0.756348 0.976172 0.768056 0.042969 0.1 10 0.741699 0.444531 0.376389 0.08125 0.116667 10 0.712891 0.021094 0.655556 0.042188 0.238889 3 0.70752 0.448047 0.479861 0.042969 0.0625 3 0.680664 0.484375 0.485417 0.046875 0.048611 0 0.662109 0.807422 0.474306 0.022656 0.059722 0 0.662109 0.236719 0.631944 0.029687 0.075 0 0.645996 0.878125 0.888889 0.039062 0.113889 0 0.638672 0.913672 0.602778 0.030469 0.077778 0 0.633301 0.865234 0.8 0.047656 0.1 3 0.629883 0.494922 0.443056 0.035156 0.044444 1 0.625977 0.75 0.486806 0.021875 0.056944 0 0.622559 0.351562 0.786806 0.05 0.084722 2 0.602051 0.855078 0.590972 0.035156 0.081944 0 0.588867 0.35625 0.940972 0.0375 0.081944 0 0.563965 0.253125 0.601389 0.026562 0.058333 0 0.562012 0.986328 0.714583 0.027344 0.081944 3 0.552734 0.178906 0.946528 0.059375 0.106944 0 0.503906 0.28125 0.797917 0.03125 0.068056 0 0.449463 0.360547 0.533333 0.028906 0.055556 1 0.405518 0.28125 0.736806 0.032813 0.081944 3 0.399902 0.425 0.457639 0.034375 0.051389 3 0.373779 0.405859 0.540278 0.047656 0.075 3 0.284668 0.495312 0.406944 0.0375 0.058333 0 0.27832 0.282031 0.53125 0.021875 0.054167 0 0.235107 0.416797 0.476389 0.022656 0.05 0 0.215332 0.395313 0.473611 0.020313 0.05 0 0.17334 0.288672 0.45625 0.021094 0.054167 0 0.172119 0.421484 0.460417 0.030469 0.054167 0 0.171631 0.854297 0.588889 0.036719 0.086111 5 0.153076 0.495312 0.404167 0.0375 0.052778 0 0.150513 0.981641 0.734722 0.028906 0.091667 3 0.14856 0.523438 0.3625 0.029687 0.044444 0 0.143677 0.245703 0.576389 0.025781 0.066667 10 0.130249 0.066797 0.784722 0.133594 0.308333 0 0.125488 0.270313 0.493056 0.026562 0.055556 3 0.096375 0.651172 0.380556 0.028906 0.05 0 0.083008 0.778516 0.416667 0.022656 0.05 0 0.063049 0.872656 0.828472 0.042188 0.115278 0 0.047241 0.25 0.613194 0.028125 0.059722 1 0.043701 0.280469 0.729167 0.025 0.066667 0 0.037323 0.253906 0.531944 0.020313 0.05 2 0.020493 0.360547 0.490972 0.028906 0.054167 0 0.016525 0.251172 0.548611 0.025781 0.052778 1 0.012726 0.705078 0.484722 0.022656 0.061111 0 0.011597 0.291406 0.972222 0.05 0.044444 0 0.011505 0.360156 0.493056 0.029687 0.052778 3 0.011467 0.657422 0.39375 0.025781 0.045833 1 0.010818 0.667578 0.402083 0.017969 0.045833 3 0.010368 0.008594 0.257639 0.017188 0.031944 0 0.01017 0.278516 0.810417 0.030469 0.073611 1 0.007607 0.995313 0.928472 0.009375 0.143056 0 0.006958 0.28125 0.969444 0.0375 0.05 3 0.00629 0.464453 0.481944 0.050781 0.055556 0 0.005405 0.88125 0.83125 0.040625 0.104167 0 0.005302 0.225 0.536806 0.025 0.0625 0 0.004757 0.280078 0.779167 0.038281 0.091667 0 0.004299 0.364063 0.484028 0.03125 0.059722 0 0.003736 0.253125 0.580556 0.032813 0.072222 1 0.003363 0.222266 0.534722 0.025781 0.063889 2 0.003124 0.367188 0.48125 0.034375 0.059722 0 0.002737 0.279297 0.959028 0.032031 0.0625 3 0.002632 0.3125 0.390972 0.023438 0.040278 7 0.002581 0.739844 0.357639 0.029687 0.068056 5 0.002323 0.403516 0.541667 0.044531 0.072222 3 0.002306 0.51875 0.369444 0.032813 0.047222 1 0.002296 0.988672 0.922222 0.022656 0.155556 10 0.002132 0.017578 0.611111 0.035156 0.161111 0 0.002068 0.989844 0.79375 0.020313 0.118056 0 0.001789 0.283984 0.555556 0.027344 0.063889 5 0.001782 0.163281 0.999306 0.125 0.001389 2 0.001775 0.995313 0.9375 0.009375 0.125 3 0.001687 0.542578 0.311806 0.035156 0.056944 12 0.001611 0.739844 0.356944 0.029687 0.066667 1 0.001495 0.810156 0.68125 0.032813 0.093056 1 0.001478 0.883984 0.911806 0.046094 0.104167 2 0.001389 0.989844 0.609722 0.020313 0.069444 0 0.001389 0.972656 0.754861 0.032813 0.093056 0 0.001305 0.006641 0.902083 0.013281 0.104167 11 0.00126 0.382031 0.946528 0.289062 0.106944 10 0.001099 0.013672 0.55 0.027344 0.238889
CCTV01^20260318-110000-20260318-120000_000319,10 0.922363 0.236328 0.638194 0.172656 0.2625 10 0.908203 0.796094 0.744444 0.129688 0.352778 10 0.884766 0.20625 0.430556 0.096875 0.127778 3 0.873047 0.135547 0.839583 0.086719 0.129167 10 0.87207 0.102344 0.520139 0.151562 0.179167 3 0.870605 0.523438 0.877083 0.06875 0.184722 3 0.853027 0.301563 0.68125 0.071875 0.095833 10 0.847656 0.160156 0.564583 0.134375 0.198611 3 0.847168 0.185938 0.879167 0.059375 0.133333 3 0.827637 0.248828 0.807639 0.055469 0.118056 10 0.796387 0.051562 0.733333 0.103125 0.247222 3 0.788086 0.698828 0.727083 0.055469 0.126389 10 0.763672 0.466406 0.361111 0.089063 0.111111 3 0.756348 0.421094 0.436111 0.03125 0.047222 0 0.749023 0.867578 0.565972 0.027344 0.073611 0 0.733887 0.932422 0.659722 0.032031 0.080556 3 0.702637 0.411328 0.479861 0.044531 0.054167 0 0.702637 0.982422 0.797917 0.035156 0.101389 0 0.700684 0.228516 0.926389 0.042969 0.111111 3 0.673828 0.509766 0.398611 0.033594 0.047222 1 0.616699 0.645312 0.467361 0.025 0.048611 3 0.609375 0.447656 0.479861 0.045312 0.065278 10 0.60498 0.232031 0.552083 0.153125 0.193056 0 0.571777 0.142578 0.736111 0.035156 0.077778 3 0.552734 0.483203 0.436806 0.036719 0.051389 2 0.548828 0.072656 0.852083 0.057813 0.109722 0 0.511719 0.290234 0.815972 0.030469 0.073611 0 0.488281 0.308203 0.714583 0.030469 0.073611 10 0.472656 0.021484 0.651389 0.042969 0.241667 0 0.462891 0.267578 0.874306 0.027344 0.095833 1 0.451416 0.322656 0.436111 0.017188 0.044444 0 0.397949 0.314844 0.78125 0.042188 0.076389 1 0.395996 0.922656 0.755556 0.026562 0.083333 0 0.390381 0.379297 0.413194 0.019531 0.051389 3 0.300781 0.415625 0.450694 0.040625 0.048611 0 0.27832 0.231641 0.889583 0.033594 0.084722 0 0.204346 0.090234 0.774306 0.046094 0.079167 0 0.199951 0.35 0.610417 0.026562 0.0625 3 0.19812 0.129688 0.958333 0.082812 0.077778 3 0.182373 0.532422 0.361111 0.027344 0.038889 1 0.169434 0.363672 0.522222 0.021094 0.05 1 0.151001 0.026172 0.941667 0.052344 0.1 0 0.120422 0.323047 0.677778 0.032031 0.075 0 0.07135 0.780859 0.410417 0.022656 0.059722 2 0.060974 0.025391 0.864583 0.050781 0.145833 2 0.040253 0.011719 0.906944 0.023438 0.086111 0 0.03833 0.304688 0.688194 0.060937 0.081944 1 0.032593 0.653125 0.418056 0.014063 0.041667 10 0.031143 0.019141 0.609722 0.038281 0.158333 0 0.027908 0.348438 0.411806 0.01875 0.040278 0 0.026764 0.373437 0.581944 0.0375 0.058333 0 0.02655 0.376953 0.530556 0.032031 0.055556 0 0.025177 0.354687 0.599306 0.025 0.0625 0 0.020248 0.481641 0.471528 0.024219 0.051389 1 0.019424 0.482031 0.473611 0.023438 0.05 0 0.011734 0.301563 0.419444 0.021875 0.044444 1 0.010986 0.369141 0.527778 0.022656 0.055556 2 0.009483 0.019922 0.911111 0.039844 0.116667 0 0.008743 0.532422 0.404861 0.019531 0.051389 3 0.006744 0.008203 0.257639 0.016406 0.031944 1 0.006744 0.267969 0.915278 0.021875 0.063889 1 0.006168 0.091797 0.778472 0.046094 0.084722 3 0.005959 0.428125 0.447222 0.028125 0.041667 9 0.005913 0.745313 0.923611 0.06875 0.144444 0 0.00589 0.033203 0.834722 0.041406 0.088889 12 0.004848 0.746094 0.925 0.070312 0.144444 0 0.003809 0.357422 0.604861 0.035156 0.079167 3 0.003635 0.501563 0.373611 0.01875 0.025 2 0.003593 0.301953 0.419444 0.021094 0.044444 0 0.003403 0.295703 0.835417 0.032031 0.079167 4 0.003172 0.033594 0.89375 0.067187 0.206944 10 0.00297 0.010937 0.209722 0.021875 0.102778 0 0.002958 0.098437 0.755556 0.021875 0.061111 0 0.00289 0.089453 0.788889 0.055469 0.097222 5 0.002672 0.827344 0.994444 0.15 0.011111 10 0.002415 0.395313 0.913889 0.254688 0.172222 0 0.002253 0.314453 0.690278 0.038281 0.066667 3 0.002108 0.300391 0.695139 0.055469 0.0875 10 0.001949 0.978906 0.577083 0.042188 0.123611 1 0.001867 0.10625 0.799306 0.029687 0.084722 0 0.001649 0.271484 0.875694 0.039844 0.1125 0 0.001305 0.389453 0.540972 0.019531 0.065278 0 0.001225 0.310937 0.813889 0.048438 0.088889 0 0.001206 0.226953 0.970833 0.046094 0.047222 1 0.001143 0.648828 0.466667 0.038281 0.055556 0 0.001081 0.157812 0.74375 0.03125 0.070833 5 0.001073 0.114062 0.964583 0.128125 0.070833 3 0.001048 0.324609 0.395139 0.021094 0.031944 0 0.001008 0.399609 0.547917 0.021094 0.070833
CCTV01^20260318-110000-20260318-120000_000323,5 0.904785 0.75 0.820139 0.071875 0.184722 10 0.89502 0.335938 0.524306 0.129688 0.190278 3 0.867188 0.260937 0.650694 0.06875 0.081944 3 0.852051 0.524219 0.877778 0.067187 0.186111 3 0.830078 0.20625 0.748611 0.057813 0.102778 2 0.817383 0.894922 0.913194 0.060156 0.126389 3 0.812988 0.261719 0.721528 0.053125 0.084722 3 0.806641 0.208594 0.929861 0.070312 0.123611 10 0.803711 0.433594 0.409722 0.110937 0.130556 10 0.803711 0.186719 0.522917 0.120313 0.159722 10 0.795898 0.208594 0.429861 0.101562 0.126389 10 0.733887 0.684766 0.470833 0.078906 0.186111 1 0.730957 0.816797 0.929861 0.028906 0.093056 10 0.676758 0.077344 0.822222 0.154688 0.355556 0 0.665527 0.832422 0.575 0.027344 0.080556 2 0.656738 0.2625 0.5375 0.028125 0.069444 3 0.645996 0.449609 0.483333 0.044531 0.047222 10 0.639648 0.351172 0.880556 0.182031 0.233333 0 0.575684 0.234766 0.595139 0.028906 0.070833 0 0.509766 0.300391 0.634722 0.025781 0.075 1 0.488281 0.792578 0.440278 0.017969 0.047222 0 0.44751 0.248828 0.820139 0.032031 0.081944 0 0.445557 0.207031 0.815278 0.034375 0.086111 3 0.413086 0.149609 0.868056 0.069531 0.147222 0 0.390381 0.196875 0.674306 0.040625 0.070833 3 0.386719 0.498828 0.440278 0.039844 0.058333 6 0.38501 0.684766 0.470833 0.077344 0.186111 0 0.363037 0.329297 0.640278 0.027344 0.066667 5 0.305664 0.15 0.86875 0.070312 0.148611 10 0.244385 0.102344 0.518056 0.151562 0.175 10 0.225464 0.096094 0.7625 0.192188 0.4 10 0.219971 0.104688 0.6375 0.198437 0.191667 10 0.171021 0.020313 0.670833 0.040625 0.283333 8 0.080383 0.734375 0.951389 0.089063 0.097222 0 0.072388 0.420312 0.484028 0.025 0.043056 0 0.063232 0.239844 0.794444 0.034375 0.080556 0 0.057281 0.471875 0.432639 0.01875 0.045833 5 0.049591 0.299609 0.394444 0.049219 0.061111 0 0.046722 0.208984 0.836111 0.035156 0.069444 0 0.043365 0.233984 0.779167 0.033594 0.069444 0 0.041779 0.258594 0.775694 0.032813 0.070833 0 0.032593 0.252734 0.963194 0.039844 0.059722 1 0.032471 0.011719 0.967361 0.023438 0.065278 2 0.023697 0.516016 0.376389 0.025781 0.047222 10 0.02272 0.019922 0.614583 0.039844 0.173611 0 0.021454 0.202344 0.688889 0.048438 0.088889 0 0.014618 0.425781 0.469444 0.029687 0.05 0 0.013954 0.323828 0.636111 0.032031 0.077778 0 0.011688 0.463281 0.452083 0.026562 0.054167 0 0.008575 0.249219 0.840278 0.029687 0.086111 1 0.008217 0.632031 0.336111 0.014063 0.038889 3 0.008125 0.516016 0.347917 0.025781 0.029167 10 0.007233 0.067578 0.697222 0.135156 0.319444 11 0.006905 0.729297 0.951389 0.125781 0.097222 1 0.005867 0.817578 0.929861 0.047656 0.104167 0 0.00415 0.25 0.776389 0.042188 0.066667 3 0.003635 0.441016 0.459722 0.053906 0.055556 12 0.003511 0.233203 0.998611 0.155469 0.002778 3 0.003235 0.498828 0.472222 0.028906 0.052778 1 0.002993 0.790234 0.445139 0.022656 0.0625 1 0.002758 0.73125 0.451389 0.021875 0.058333 3 0.002253 0.491406 0.480556 0.025 0.05 10 0.00209 0.363672 0.396528 0.055469 0.084722 1 0.002035 0.248047 0.856944 0.028906 0.069444 1 0.002003 0.009375 0.949306 0.01875 0.0875 10 0.001883 0.011719 0.219444 0.021875 0.127778 1 0.001727 0.770703 0.425694 0.013281 0.045833 1 0.001694 0.825391 0.943056 0.047656 0.091667 4 0.001405 0.014844 0.965972 0.029687 0.068056 12 0.001399 0.452734 0.999306 0.128906 0.001389 11 0.001394 0.351562 0.875694 0.175 0.248611 1 0.001245 0.995703 0.929167 0.008594 0.141667 10 0.001044 0.978125 0.577778 0.04375 0.122222
CCTV01^20260318-110000-20260318-120000_000327,10 0.88916 0.250781 0.538889 0.178125 0.2 10 0.885254 0.782813 0.740278 0.15 0.363889 3 0.850098 0.220312 0.884722 0.073438 0.138889 3 0.811523 0.524219 0.876389 0.06875 0.191667 2 0.764648 0.909375 0.920833 0.059375 0.133333 10 0.728516 0.401953 0.452778 0.105469 0.163889 10 0.724121 0.323437 0.789583 0.107813 0.293056 3 0.716797 0.06875 0.941667 0.092188 0.111111 3 0.713867 0.140234 0.945139 0.066406 0.104167 10 0.683594 0.100391 0.782639 0.200781 0.373611 3 0.663574 0.29375 0.589583 0.067187 0.065278 0 0.596191 0.258594 0.904861 0.039062 0.098611 0 0.567871 0.925781 0.727778 0.045312 0.105556 3 0.541016 0.178125 0.782639 0.079687 0.143056 0 0.53125 0.282813 0.934028 0.042188 0.106944 3 0.437744 0.460547 0.479167 0.047656 0.05 0 0.430176 0.248828 0.731944 0.035156 0.086111 0 0.42627 0.224219 0.671528 0.028125 0.081944 2 0.422607 0.952344 0.653472 0.042188 0.0875 0 0.422607 0.235156 0.772222 0.035937 0.083333 1 0.394287 0.842187 0.684722 0.025 0.080556 2 0.370117 0.798828 0.465278 0.035156 0.077778 10 0.354004 0.021484 0.659722 0.042969 0.263889 1 0.2323 0.702344 0.881944 0.032813 0.108333 3 0.225464 0.261719 0.682639 0.035937 0.084722 10 0.203125 0.210547 0.434028 0.105469 0.134722 10 0.200562 0.102344 0.519444 0.153125 0.177778 0 0.184204 0.242578 0.750694 0.032031 0.095833 0 0.174438 0.836719 0.505556 0.026562 0.066667 6 0.12085 0.322266 0.788889 0.107031 0.288889 1 0.096375 0.697656 0.461111 0.029687 0.061111 0 0.073975 0.203516 0.959028 0.052344 0.076389 5 0.049408 0.785547 0.939583 0.075781 0.115278 0 0.046204 0.328516 0.603472 0.024219 0.0625 9 0.044342 0.278125 0.451389 0.129688 0.133333 3 0.038757 0.785156 0.940972 0.075 0.115278 0 0.036346 0.853516 0.495833 0.028906 0.066667 1 0.028015 0.779297 0.490972 0.019531 0.059722 10 0.020172 0.273828 0.45 0.122656 0.130556 10 0.019943 0.017969 0.6125 0.035937 0.186111 3 0.01738 0.004687 0.869444 0.009375 0.147222 0 0.013954 0.786328 0.481944 0.019531 0.066667 0 0.011963 0.844922 0.5 0.042969 0.080556 10 0.011421 0.016406 0.7375 0.032813 0.525 0 0.01001 0.747266 0.534028 0.027344 0.054167 0 0.008987 0.296875 0.615278 0.029687 0.052778 0 0.008446 0.932422 0.679167 0.042969 0.075 1 0.007904 0.848047 0.685417 0.055469 0.095833 1 0.007786 0.705078 0.88125 0.064844 0.120833 1 0.006771 0.296875 0.616667 0.028125 0.055556 12 0.005844 0.245703 0.998611 0.141406 0.002778 5 0.005344 0.771094 0.999306 0.129688 0.001389 2 0.004681 0.946094 0.663194 0.0375 0.079167 1 0.004608 0.005078 0.883333 0.010156 0.172222 1 0.00378 0.880078 0.960417 0.035156 0.073611 2 0.003651 0.504297 0.397917 0.028906 0.048611 0 0.003651 0.265234 0.918056 0.044531 0.102778 0 0.003273 0.927344 0.688194 0.075 0.170833 1 0.003147 0.255078 0.924306 0.036719 0.093056 0 0.003124 0.321484 0.613889 0.032031 0.066667 0 0.003099 0.228516 0.686111 0.027344 0.072222 10 0.002867 0.013281 0.836806 0.026562 0.326389 0 0.002758 0.464844 0.420833 0.021875 0.047222 3 0.00227 0.008594 0.254861 0.017188 0.034722 9 0.002216 0.366406 0.431944 0.10625 0.15 3 0.002199 0.504297 0.397917 0.028906 0.048611 1 0.002182 0.611328 0.419444 0.019531 0.055556 0 0.001789 0.94375 0.672222 0.090625 0.175 0 0.001507 0.222266 0.675694 0.078906 0.143056 6 0.001501 0.507812 0.348611 0.035937 0.061111 3 0.001421 0.029297 0.889583 0.058594 0.140278 10 0.001362 0.019922 0.872222 0.039844 0.25 0 0.001255 0.221094 0.643056 0.03125 0.055556 2 0.001235 0.914453 0.999306 0.127344 0.001389 0 0.001138 0.258984 0.677778 0.035156 0.083333 10 0.001124 0.991406 0.652778 0.017188 0.15 3 0.001073 0.019531 0.871528 0.039062 0.184722 2 0.001069 0.298828 0.606944 0.041406 0.061111 0 0.001017 0.794141 0.477778 0.041406 0.083333 2 0.001012 0.988672 0.624306 0.022656 0.093056 10 0.001012 0.016797 0.527083 0.033594 0.323611
CCTV01^20260318-110000-20260318-120000_000331,8 0.899902 0.350781 0.88125 0.085938 0.165278 10 0.893066 0.788672 0.749306 0.164844 0.381944 10 0.862793 0.160938 0.68125 0.209375 0.2875 3 0.827637 0.323047 0.6375 0.064844 0.080556 3 0.825684 0.525 0.876389 0.06875 0.191667 3 0.79834 0.221875 0.725 0.090625 0.111111 0 0.740234 0.224219 0.802778 0.04375 0.105556 3 0.73877 0.312109 0.804167 0.055469 0.108333 10 0.721191 0.102344 0.522222 0.151562 0.180556 0 0.684082 0.286328 0.886111 0.041406 0.105556 3 0.651367 0.169531 0.876389 0.070312 0.144444 10 0.638672 0.215234 0.427778 0.111719 0.133333 0 0.631836 0.247266 0.847917 0.033594 0.093056 10 0.599121 0.020703 0.653472 0.041406 0.245833 2 0.571777 0.449609 0.965972 0.072656 0.065278 10 0.552734 0.448437 0.471528 0.1 0.131944 3 0.546875 0.114062 0.871528 0.067187 0.120833 10 0.540039 0.368359 0.469444 0.149219 0.158333 2 0.503906 0.376563 0.818056 0.05625 0.097222 0 0.474609 0.257031 0.748611 0.032813 0.091667 0 0.462891 0.700391 0.941667 0.046094 0.108333 0 0.399902 0.027344 0.756944 0.051562 0.1 0 0.199951 0.329688 0.672222 0.03125 0.075 3 0.188354 0.666016 0.436806 0.035156 0.0625 4 0.157104 0.027734 0.760417 0.055469 0.115278 10 0.140869 0.296094 0.443056 0.13125 0.144444 0 0.125488 0.866797 0.577778 0.039844 0.091667 0 0.120422 0.891406 0.664583 0.0375 0.090278 10 0.071045 0.942578 0.8625 0.114844 0.275 0 0.068787 0.326953 0.654861 0.046094 0.073611 5 0.06076 0.7875 0.946528 0.078125 0.106944 3 0.036346 0.786328 0.945139 0.077344 0.104167 0 0.033081 0.907422 0.640972 0.032031 0.093056 1 0.026657 0.010937 0.814583 0.021875 0.081944 3 0.024429 0.275391 0.972222 0.074219 0.055556 0 0.021454 0.238281 0.835417 0.039062 0.093056 10 0.021042 0.025781 0.613194 0.051562 0.218056 10 0.020721 0.465625 0.390278 0.090625 0.113889 0 0.020493 0.983594 0.705556 0.032813 0.102778 3 0.019196 0.523438 0.363194 0.025 0.043056 1 0.017776 0.603125 0.422917 0.021875 0.059722 0 0.015717 0.012109 0.8125 0.024219 0.080556 5 0.013023 0.780078 0.986806 0.110156 0.026389 0 0.012825 0.80625 0.507639 0.029687 0.076389 5 0.012482 0.771875 0.999306 0.128125 0.001389 1 0.008949 0.028516 0.751389 0.049219 0.088889 0 0.008743 0.280859 0.864583 0.028906 0.084722 3 0.007755 0.010156 0.836806 0.020313 0.131944 6 0.006771 0.038672 0.914583 0.077344 0.170833 4 0.006744 0.011719 0.822222 0.023438 0.102778 1 0.005981 0.278125 0.85625 0.021875 0.068056 3 0.005707 0.29375 0.973611 0.125 0.052778 10 0.0056 0.039062 0.914583 0.078125 0.170833 2 0.005428 0.439453 0.966667 0.114844 0.066667 3 0.004791 0.293359 0.999306 0.125781 0.001389 2 0.004719 0.891406 0.761806 0.0375 0.095833 0 0.004135 0.008984 0.747222 0.017969 0.094444 10 0.003796 0.013672 0.674306 0.027344 0.3125 4 0.003765 0.018359 0.802083 0.036719 0.2125 0 0.003736 0.9125 0.629861 0.034375 0.093056 10 0.002935 0.016016 0.827778 0.032031 0.261111 0 0.002621 0.246094 0.872222 0.034375 0.083333 1 0.002388 0.164844 0.926389 0.054688 0.088889 10 0.002388 0.974219 0.781944 0.051562 0.413889 5 0.002342 0.282813 0.999306 0.132812 0.001389 10 0.002253 0.985156 0.756944 0.029687 0.208333 0 0.002115 0.255078 0.851389 0.035156 0.091667 0 0.0021 0.2625 0.852083 0.029687 0.0875 3 0.001942 0.039844 0.915278 0.079687 0.169444 10 0.001926 0.026562 0.831944 0.053125 0.275 10 0.001875 0.014063 0.75 0.028125 0.288889 3 0.001714 0.035156 0.870139 0.06875 0.081944 2 0.001597 0.984375 0.702778 0.03125 0.1 9 0.001501 0.983594 0.759028 0.032813 0.220833 0 0.00141 0.906641 0.629861 0.097656 0.140278 4 0.001269 0.192578 0.531944 0.063281 0.077778 10 0.001099 0.979297 0.720139 0.041406 0.359722 2 0.001057 0.431641 0.986111 0.130469 0.027778 3 0.001048 0.020313 0.874306 0.040625 0.093056 10 0.00104 0.994141 0.517361 0.011719 0.109722 5 0.001032 0.789062 0.959722 0.1 0.080556
CCTV01^20260318-110000-20260318-120000_000335,8 0.936523 0.302344 0.913194 0.126562 0.159722 10 0.908203 0.809766 0.786111 0.189844 0.408333 11 0.900391 0.396094 0.898611 0.14375 0.191667 8 0.823242 0.29375 0.672222 0.048438 0.105556 3 0.819824 0.524219 0.877083 0.067187 0.190278 3 0.813965 0.236328 0.870139 0.060156 0.134722 10 0.803711 0.952344 0.821528 0.095312 0.326389 2 0.774414 0.338281 0.75 0.053125 0.094444 3 0.767578 0.210938 0.759028 0.071875 0.101389 3 0.764648 0.167578 0.745833 0.071094 0.108333 2 0.665527 0.290625 0.7625 0.045312 0.1 3 0.515625 0.887109 0.686806 0.058594 0.115278 10 0.5 0.062891 0.858333 0.125781 0.277778 2 0.498047 0.708594 0.561111 0.032813 0.080556 10 0.458984 0.673047 0.382639 0.052344 0.129167 10 0.410156 0.35625 0.503472 0.14375 0.184722 10 0.314941 0.090234 0.667361 0.180469 0.2625 9 0.29248 0.398047 0.896528 0.155469 0.193056 0 0.287842 0.253125 0.699306 0.03125 0.076389 0 0.26123 0.218359 0.656944 0.036719 0.091667 7 0.175537 0.151562 0.656944 0.101562 0.111111 3 0.172119 0.480859 0.459722 0.038281 0.044444 7 0.157104 0.250781 0.595833 0.096875 0.1 2 0.151489 0.174609 0.814583 0.060156 0.081944 10 0.112 0.296094 0.441667 0.134375 0.144444 3 0.107788 0.317969 0.631944 0.048438 0.086111 3 0.086914 0.463672 0.486111 0.047656 0.044444 0 0.07666 0.194531 0.883333 0.04375 0.113889 1 0.073669 0.708984 0.563194 0.035156 0.084722 0 0.06781 0.321875 0.813889 0.040625 0.075 2 0.064392 0.219141 0.658333 0.036719 0.088889 4 0.063232 0.249219 0.592361 0.098437 0.093056 0 0.032104 0.452734 0.909722 0.053906 0.111111 0 0.025375 0.822656 0.504167 0.029687 0.072222 0 0.017242 0.253906 0.645833 0.029687 0.072222 10 0.01519 0.506641 0.391667 0.053906 0.105556 9 0.014114 0.157422 0.65625 0.088281 0.115278 3 0.013481 0.630078 0.356944 0.024219 0.058333 3 0.011642 0.121484 0.585417 0.092969 0.076389 10 0.010529 0.222656 0.428472 0.120313 0.131944 10 0.010406 0.01875 0.611806 0.0375 0.373611 10 0.00956 0.021484 0.685417 0.042969 0.334722 4 0.009453 0.143359 0.673611 0.114844 0.172222 7 0.009415 0.263672 0.584722 0.072656 0.086111 10 0.008255 0.102734 0.522222 0.153906 0.183333 12 0.007206 0.451562 0.998611 0.121875 0.002778 5 0.007175 0.021875 0.6125 0.04375 0.175 6 0.007095 0.119531 0.915972 0.129688 0.1625 3 0.006241 0.244141 0.590278 0.086719 0.097222 6 0.006145 0.506641 0.392361 0.053906 0.104167 10 0.005821 0.964844 0.7 0.070312 0.327778 12 0.005535 0.064062 0.999306 0.128125 0.001389 4 0.005363 0.111719 0.682639 0.182812 0.184722 3 0.003376 0.963672 0.965972 0.067969 0.0625 10 0.003172 0.465625 0.393056 0.084375 0.125 10 0.003147 0.0625 0.761806 0.125 0.434722 0 0.003124 0.192969 0.523611 0.039062 0.083333 4 0.002653 0.266406 0.579861 0.0625 0.084722 3 0.002398 0.9625 0.964583 0.075 0.070833 2 0.002378 0.761328 0.40625 0.022656 0.048611 2 0.002157 0.265234 0.528472 0.041406 0.068056 3 0.00205 0.016797 0.613889 0.033594 0.166667 3 0.002028 0.031641 0.892361 0.063281 0.209722 7 0.001942 0.190234 0.646528 0.035156 0.093056 10 0.001768 0.028125 0.61875 0.05625 0.181944 10 0.001501 0.99375 0.533333 0.0125 0.119444 4 0.001362 0.19375 0.523611 0.0375 0.080556 0 0.001265 0.101953 0.519444 0.155469 0.180556 3 0.001134 0.988281 0.95 0.023438 0.086111 3 0.001116 0.174219 0.813194 0.057813 0.081944 3 0.00109 0.007031 0.839583 0.014063 0.181944 3 0.001065 0.142187 0.582639 0.06875 0.084722
CCTV01^20260318-110000-20260318-120000_000339,8 0.945312 0.301172 0.913194 0.124219 0.159722 11 0.901367 0.373437 0.852083 0.13125 0.204167 10 0.872559 0.905469 0.744444 0.1875 0.352778 7 0.863281 0.363672 0.520833 0.078906 0.083333 3 0.817383 0.199219 0.704167 0.070312 0.1 3 0.816406 0.524219 0.877778 0.06875 0.188889 3 0.810547 0.235547 0.852778 0.058594 0.127778 3 0.806641 0.738281 0.731944 0.0625 0.158333 10 0.756836 0.179688 0.570139 0.221875 0.2125 8 0.743164 0.163672 0.638889 0.110156 0.122222 8 0.729492 0.296484 0.648611 0.049219 0.1 3 0.697754 0.219531 0.746528 0.073438 0.101389 7 0.633301 0.291016 0.561806 0.083594 0.090278 2 0.515625 0.28125 0.732639 0.042188 0.070833 0 0.470703 0.279297 0.784722 0.042969 0.080556 2 0.453369 0.321484 0.716667 0.047656 0.072222 1 0.44751 0.7875 0.672222 0.028125 0.080556 10 0.321777 0.086719 0.825694 0.170313 0.3375 0 0.284668 0.685547 0.699306 0.027344 0.090278 2 0.213379 0.902344 0.876389 0.05625 0.119444 3 0.201782 0.477344 0.472917 0.04375 0.056944 3 0.140869 0.325781 0.614583 0.048438 0.0875 10 0.11554 0.022266 0.666667 0.044531 0.283333 10 0.087585 0.84375 0.859722 0.157812 0.277778 12 0.074524 0.3625 0.994444 0.132812 0.011111 10 0.073425 0.016016 0.795139 0.032031 0.3125 1 0.073181 0.686328 0.7 0.027344 0.094444 0 0.069275 0.848828 0.529167 0.027344 0.075 0 0.064392 0.827344 0.557639 0.029687 0.081944 0 0.055206 0.321094 0.761111 0.032813 0.061111 0 0.054413 0.810156 0.492361 0.025 0.065278 8 0.052246 0.015234 0.796528 0.030469 0.2125 10 0.048859 0.320703 0.425694 0.139844 0.140278 10 0.045532 0.435156 0.431944 0.104688 0.147222 1 0.045197 0.648828 0.454167 0.019531 0.058333 1 0.041931 0.742578 0.475 0.022656 0.063889 10 0.0354 0.021484 0.610417 0.042969 0.184722 0 0.030792 0.776172 0.463889 0.027344 0.066667 0 0.029419 0.417578 0.853472 0.055469 0.098611 0 0.028336 0.252734 0.675694 0.030469 0.059722 2 0.026459 0.321094 0.759722 0.035937 0.066667 10 0.020096 0.025781 0.588889 0.051562 0.286111 10 0.01799 0.021484 0.793056 0.042969 0.413889 5 0.016785 0.021094 0.605556 0.042188 0.183333 10 0.014557 0.976172 0.575694 0.047656 0.129167 3 0.014389 0.500781 0.433333 0.035937 0.05 5 0.013687 0.477344 0.471528 0.04375 0.059722 0 0.010246 0.821094 0.45625 0.020313 0.051389 6 0.007519 0.121875 0.907639 0.16875 0.179167 9 0.007374 0.294531 0.5625 0.078125 0.091667 3 0.007149 0.021875 0.6125 0.04375 0.172222 3 0.005447 0.016016 0.775694 0.032031 0.195833 6 0.005322 0.842578 0.859028 0.157031 0.268056 0 0.005062 0.257812 0.633333 0.032813 0.077778 5 0.00425 0.121094 0.909028 0.170313 0.181944 4 0.004025 0.246094 0.613194 0.053125 0.0875 10 0.003975 0.520703 0.3625 0.047656 0.091667 2 0.003975 0.279297 0.770833 0.042969 0.077778 12 0.003901 0.935547 0.998611 0.128906 0.002778 10 0.003796 0.966406 0.715278 0.067187 0.380556 0 0.003483 0.31875 0.428472 0.140625 0.143056 0 0.003469 0.815234 0.503472 0.027344 0.068056 3 0.002672 0.010547 0.739583 0.021094 0.206944 10 0.002405 0.100781 0.526389 0.148438 0.191667 2 0.002234 0.175391 0.800694 0.046094 0.070833 10 0.002234 0.020703 0.51875 0.041406 0.348611 3 0.00209 0.010937 0.827778 0.021875 0.255556 0 0.002035 0.767578 0.417361 0.021094 0.051389 12 0.001942 0.063672 0.998611 0.127344 0.002778 0 0.001325 0.630469 0.797917 0.023438 0.079167 10 0.001249 0.989844 0.561111 0.020313 0.166667 11 0.001235 0.284766 0.564583 0.061719 0.106944 3 0.001197 0.021094 0.809722 0.042188 0.219444 4 0.001197 0.012891 0.834722 0.025781 0.297222 0 0.001197 0.035547 0.520139 0.069531 0.359722
CCTV01^20260318-110000-20260318-120000_000343,8 0.969238 0.300781 0.90625 0.125 0.170833 11 0.927734 0.362891 0.840972 0.125781 0.193056 10 0.917969 0.248828 0.535417 0.197656 0.204167 3 0.85791 0.240234 0.70625 0.069531 0.109722 8 0.830078 0.172266 0.63125 0.117969 0.140278 3 0.82666 0.525 0.876389 0.071875 0.191667 8 0.803223 0.317578 0.609722 0.069531 0.113889 3 0.729492 0.236328 0.841667 0.060156 0.122222 3 0.71875 0.756641 0.802083 0.078906 0.181944 10 0.44751 0.089453 0.824306 0.177344 0.345833 8 0.445557 0.051562 0.709722 0.103125 0.2 0 0.432129 0.975 0.8875 0.05 0.141667 10 0.430176 0.345313 0.4125 0.146875 0.133333 2 0.352295 0.318359 0.681944 0.038281 0.086111 2 0.252441 0.190234 0.765278 0.050781 0.1 10 0.23938 0.021484 0.7 0.042969 0.361111 3 0.204346 0.220703 0.679167 0.069531 0.097222 2 0.136108 0.281641 0.699306 0.042969 0.093056 10 0.060974 0.021094 0.615972 0.042188 0.320833 1 0.045532 0.822266 0.629861 0.035156 0.081944 0 0.042877 0.780859 0.515972 0.033594 0.076389 7 0.042084 0.418359 0.483333 0.069531 0.1 3 0.03833 0.419531 0.478472 0.06875 0.095833 10 0.035675 0.021875 0.6125 0.04375 0.197222 10 0.034607 0.494531 0.379861 0.092188 0.120833 0 0.032227 0.75 0.952083 0.053125 0.084722 0 0.032104 0.267578 0.771528 0.044531 0.095833 3 0.027908 0.798438 0.486806 0.0375 0.065278 4 0.02626 0.252344 0.621528 0.042188 0.068056 0 0.024048 0.309766 0.738194 0.036719 0.073611 5 0.020645 0.022656 0.615278 0.045312 0.2 0 0.014839 0.219141 0.952083 0.047656 0.0875 0 0.014732 0.899219 0.579167 0.035937 0.069444 10 0.013168 0.100391 0.519444 0.150781 0.183333 12 0.0121 0.751172 0.961111 0.052344 0.069444 5 0.011116 0.460938 0.995833 0.154688 0.008333 12 0.010246 0.385156 0.988194 0.175 0.023611 1 0.008987 0.74375 0.445833 0.029687 0.05 1 0.007576 0.318359 0.679861 0.041406 0.090278 0 0.007206 0.100781 0.515278 0.153125 0.180556 12 0.005707 0.377734 0.998611 0.167969 0.002778 10 0.004433 0.976172 0.66875 0.047656 0.318056 11 0.003901 0.048828 0.718056 0.097656 0.213889 1 0.003651 0.769922 0.442361 0.017969 0.051389 3 0.003622 0.105469 0.734722 0.107813 0.166667 4 0.00358 0.244141 0.602778 0.050781 0.077778 0 0.003538 0.896094 0.555556 0.0375 0.083333 0 0.003416 0.836328 0.495139 0.030469 0.070833 12 0.003223 0.062891 0.998611 0.125781 0.002778 9 0.003004 0.398438 0.373611 0.10625 0.108333 10 0.002779 0.989453 0.702083 0.021094 0.226389 8 0.002581 0.8625 0.902778 0.178125 0.194444 10 0.002571 0.858594 0.899306 0.170313 0.193056 3 0.00255 0.976953 0.573611 0.046094 0.141667 1 0.002481 0.259375 0.751389 0.0375 0.077778 0 0.002216 0.226953 0.929167 0.038281 0.088889 0 0.002209 0.252344 0.613194 0.04375 0.065278 10 0.002083 0.985156 0.684722 0.029687 0.336111 10 0.002068 0.975781 0.575 0.048438 0.133333 11 0.00205 0.016016 0.772917 0.032031 0.384722 6 0.001926 0.123438 0.902083 0.165625 0.190278 12 0.001867 0.764062 0.998611 0.14375 0.002778 10 0.001867 0.019922 0.504167 0.039844 0.380556 3 0.001755 0.994141 0.702778 0.011719 0.177778 9 0.001661 0.983594 0.584722 0.032813 0.136111 3 0.001549 0.335547 0.568056 0.050781 0.069444 9 0.001294 0.989844 0.697222 0.020313 0.211111 4 0.001274 0.976953 0.575694 0.046094 0.1375 0 0.001225 0.231641 0.909028 0.033594 0.076389 0 0.001221 0.283984 0.5875 0.027344 0.080556 3 0.001206 0.994531 0.930556 0.010937 0.138889 2 0.001197 0.719141 0.977083 0.047656 0.043056 10 0.001197 0.974219 0.585417 0.051562 0.215278 0 0.001143 0.876563 0.528472 0.1125 0.1375 4 0.001099 0.977734 0.88125 0.044531 0.176389 8 0.001099 0.330469 0.9125 0.196875 0.175 9 0.001065 0.49375 0.379167 0.092188 0.119444 8 0.001065 0.341797 0.931944 0.235156 0.136111 0 0.001004 0.902734 0.56875 0.052344 0.093056
CCTV01^20260318-110000-20260318-120000_000347,8 0.956543 0.298828 0.898611 0.128906 0.186111 11 0.887207 0.361719 0.8375 0.128125 0.194444 8 0.881836 0.28125 0.547222 0.096875 0.125 3 0.819824 0.525 0.875694 0.071875 0.193056 8 0.811523 0.2 0.546528 0.09375 0.1375 10 0.779297 0.105078 0.794444 0.210156 0.394444 3 0.778809 0.842578 0.914583 0.074219 0.165278 3 0.774414 0.250781 0.753472 0.060937 0.115278 10 0.765625 0.422656 0.426389 0.129688 0.152778 10 0.764648 0.75 0.509028 0.107813 0.209722 7 0.712402 0.9625 0.8875 0.075 0.163889 3 0.689453 0.305469 0.602083 0.084375 0.081944 3 0.668945 0.832031 0.640972 0.05625 0.115278 7 0.638672 0.689844 0.585417 0.0625 0.118056 2 0.615234 0.233203 0.661806 0.041406 0.084722 3 0.57959 0.346875 0.529861 0.040625 0.070833 4 0.523438 0.690625 0.586111 0.0625 0.122222 4 0.377441 0.962109 0.886806 0.075781 0.165278 0 0.375732 0.871484 0.717361 0.052344 0.106944 0 0.242188 0.952344 0.74375 0.042188 0.101389 0 0.165039 0.301172 0.661111 0.032031 0.080556 0 0.123352 0.270313 0.659722 0.03125 0.086111 10 0.104126 0.066797 0.690972 0.133594 0.301389 10 0.09668 0.498047 0.34375 0.091406 0.104167 0 0.093994 0.992969 0.795139 0.014063 0.126389 10 0.07666 0.142187 0.865278 0.184375 0.261111 2 0.045197 0.513672 0.392361 0.024219 0.051389 10 0.03476 0.025781 0.617361 0.051562 0.201389 12 0.034485 0.271094 0.6625 0.034375 0.080556 1 0.026459 0.811328 0.564583 0.022656 0.065278 0 0.026352 0.989844 0.797222 0.020313 0.155556 10 0.023773 0.039844 0.772222 0.079687 0.444444 7 0.018402 0.630469 0.383333 0.03125 0.072222 9 0.018265 0.365234 0.410417 0.133594 0.126389 10 0.016724 0.101953 0.508333 0.155469 0.163889 0 0.012527 0.217578 0.961111 0.044531 0.072222 0 0.011246 0.317969 0.469444 0.026562 0.055556 0 0.010246 0.208594 0.723611 0.048438 0.086111 12 0.009338 0.384766 0.997917 0.171094 0.004167 3 0.008781 0.988672 0.813194 0.022656 0.190278 3 0.008614 0.975781 0.574306 0.048438 0.140278 3 0.007549 0.990234 0.865972 0.019531 0.218056 10 0.007404 0.020313 0.628472 0.040625 0.290278 4 0.006615 0.228125 0.605556 0.046875 0.080556 10 0.00404 0.961328 0.68125 0.077344 0.304167 10 0.00399 0.975781 0.577083 0.048438 0.131944 11 0.003124 0.976172 0.832639 0.047656 0.315278 5 0.002855 0.453125 0.986111 0.1625 0.027778 12 0.002823 0.367188 0.990278 0.15625 0.019444 2 0.002378 0.534375 0.36875 0.020313 0.048611 12 0.0021 0.963281 0.890278 0.073438 0.169444 12 0.001957 0.630469 0.383333 0.03125 0.072222 1 0.001897 0.814844 0.545833 0.029687 0.075 10 0.001889 0.366406 0.410417 0.134375 0.140278 0 0.001796 0.309375 0.606944 0.076563 0.075 10 0.001543 0.993359 0.516667 0.013281 0.116667 3 0.001536 0.977344 0.913889 0.045312 0.136111 9 0.001519 0.982422 0.583333 0.035156 0.133333 10 0.001478 0.012891 0.65 0.025781 0.172222 0 0.001378 0.217969 0.940972 0.035937 0.079167 10 0.001367 0.9875 0.793056 0.025 0.377778 9 0.001356 0.960547 0.863194 0.078906 0.256944 0 0.00133 0.995313 0.760417 0.009375 0.151389 0 0.001294 0.818359 0.53125 0.027344 0.065278 2 0.001107 0.287109 0.459028 0.033594 0.068056 0 0.001103 0.953516 0.741667 0.064844 0.122222 8 0.001073 0.331641 0.909722 0.205469 0.180556
CCTV01^20260318-110000-20260318-120000_000351,8 0.931641 0.300781 0.903472 0.123438 0.176389 11 0.908203 0.360938 0.836111 0.125 0.180556 7 0.883301 0.744141 0.910417 0.071094 0.168056 10 0.857422 0.15625 0.704167 0.196875 0.336111 8 0.823242 0.728125 0.752083 0.059375 0.1625 10 0.822754 0.744531 0.5625 0.125 0.236111 3 0.804199 0.524609 0.876389 0.069531 0.191667 10 0.787109 0.304688 0.635417 0.14375 0.251389 7 0.562012 0.030078 0.911806 0.060156 0.1625 3 0.562012 0.072266 0.938194 0.111719 0.123611 1 0.5 0.919922 0.863889 0.030469 0.097222 1 0.466797 0.893359 0.805556 0.033594 0.1 4 0.315674 0.029687 0.915972 0.059375 0.168056 3 0.300781 0.48125 0.461111 0.04375 0.058333 0 0.282959 0.917969 0.686111 0.04375 0.094444 8 0.279785 0.450781 0.422917 0.0625 0.093056 10 0.258301 0.021875 0.650694 0.04375 0.240278 0 0.222656 0.223047 0.918056 0.042969 0.097222 10 0.210815 0.417578 0.389583 0.119531 0.134722 0 0.168823 0.183594 0.876389 0.04375 0.111111 3 0.151001 0.984375 0.9125 0.03125 0.175 10 0.133911 0.213672 0.490278 0.144531 0.144444 3 0.132568 0.028125 0.911806 0.05625 0.1625 2 0.122131 0.90625 0.9625 0.078125 0.075 4 0.093018 0.03125 0.81875 0.0625 0.120833 0 0.06189 0.782422 0.505556 0.027344 0.066667 0 0.058563 0.178516 0.899306 0.041406 0.093056 10 0.036774 0.983984 0.884722 0.032031 0.230556 0 0.036072 0.839453 0.530556 0.027344 0.069444 0 0.024994 0.176563 0.920833 0.046875 0.088889 0 0.023331 0.030078 0.807639 0.057031 0.093056 3 0.02153 0.505469 0.410417 0.03125 0.048611 3 0.020966 0.299609 0.516667 0.058594 0.069444 1 0.020248 0.648047 0.467361 0.021094 0.059722 0 0.015305 0.942578 0.765278 0.047656 0.086111 12 0.014008 0.385547 0.988194 0.169531 0.023611 1 0.011421 0.945312 0.770833 0.04375 0.1 0 0.009712 0.174609 0.952083 0.049219 0.079167 0 0.009483 0.221875 0.944444 0.046875 0.094444 0 0.009377 0.215625 0.75625 0.046875 0.073611 1 0.009232 0.983594 0.9125 0.032813 0.169444 2 0.008675 0.34375 0.466667 0.03125 0.05 0 0.008644 0.891016 0.615278 0.035156 0.102778 0 0.007668 0.801172 0.491667 0.027344 0.052778 10 0.007233 0.016016 0.6625 0.032031 0.355556 10 0.007095 0.018359 0.607639 0.036719 0.179167 0 0.006413 0.891406 0.636111 0.032813 0.077778 3 0.006363 0.663672 0.388194 0.027344 0.051389 1 0.005688 0.925781 0.861111 0.06875 0.122222 10 0.005688 0.98125 0.817361 0.0375 0.365278 0 0.005344 0.888672 0.521528 0.030469 0.068056 10 0.00518 0.732812 0.3125 0.0375 0.086111 1 0.004829 0.85 0.598611 0.032813 0.091667 5 0.00481 0.452344 0.988194 0.154688 0.023611 8 0.004665 0.326953 0.404167 0.058594 0.091667 3 0.004467 0.014844 0.747917 0.029687 0.143056 1 0.004349 0.385547 0.5125 0.032031 0.058333 12 0.004055 0.766797 0.416667 0.039844 0.083333 0 0.003914 0.18125 0.89375 0.08125 0.170833 3 0.003708 0.34375 0.46875 0.032813 0.054167 0 0.003708 0.85 0.599306 0.034375 0.0875 12 0.003708 0.392969 0.998611 0.170313 0.002778 10 0.003538 0.983203 0.667361 0.033594 0.270833 3 0.003403 0.989453 0.902083 0.021094 0.195833 0 0.003298 0.8625 0.506944 0.032813 0.080556 12 0.003273 0.114453 0.998611 0.141406 0.002778 4 0.003172 0.025781 0.836806 0.051562 0.295833 10 0.002855 0.091406 0.652778 0.142187 0.261111 0 0.002823 0.223047 0.9 0.033594 0.088889 12 0.002726 0.028906 0.888194 0.057813 0.126389 4 0.002562 0.505859 0.409722 0.032031 0.052778 10 0.002512 0.642188 0.278472 0.032813 0.093056 6 0.002502 0.766016 0.417361 0.039844 0.084722 0 0.002453 0.778516 0.490278 0.027344 0.058333 4 0.002434 0.028906 0.854167 0.057813 0.169444 0 0.002342 0.187109 0.856944 0.044531 0.108333 10 0.002323 0.986328 0.663194 0.027344 0.193056 1 0.002199 0.894531 0.815972 0.064062 0.126389 0 0.0021 0.377344 0.473611 0.023438 0.058333 0 0.0021 0.832812 0.466667 0.025 0.072222 0 0.002075 0.89375 0.592361 0.0375 0.090278 10 0.001942 0.121094 0.594444 0.192188 0.180556 0 0.001912 0.789062 0.5 0.0375 0.077778 2 0.001748 0.012891 0.768056 0.025781 0.175 5 0.001567 0.020703 0.602778 0.041406 0.180556 2 0.001536 0.011719 0.7375 0.023438 0.113889 12 0.001513 0.448437 0.997222 0.148438 0.005556 0 0.001507 0.866016 0.519444 0.027344 0.072222 10 0.001455 0.041797 0.664583 0.078906 0.345833 10 0.001427 0.016016 0.546528 0.032031 0.276389 2 0.001351 0.031641 0.844444 0.063281 0.152778 10 0.001294 0.986328 0.60625 0.027344 0.256944 1 0.001279 0.696875 0.429861 0.021875 0.059722 3 0.00123 0.907813 0.961111 0.075 0.072222 12 0.001216 0.230469 0.997917 0.145313 0.004167 4 0.001197 0.766016 0.418056 0.039844 0.086111 5 0.001143 0.107813 0.998611 0.13125 0.002778 10 0.00109 0.994141 0.538889 0.011719 0.127778 0 0.00109 0.921094 0.675 0.107813 0.172222 2 0.001048 0.314844 0.464583 0.026562 0.051389
CCTV01^20260318-110000-20260318-120000_000355,11 0.90918 0.308984 0.657639 0.057031 0.145833 8 0.900391 0.729297 0.770139 0.061719 0.173611 3 0.878418 0.164453 0.920139 0.096094 0.145833 10 0.841309 0.740234 0.561806 0.114844 0.251389 3 0.823242 0.525 0.876389 0.071875 0.194444 11 0.795898 0.873437 0.779861 0.1 0.209722 10 0.79248 0.333203 0.513194 0.144531 0.193056 3 0.777344 0.817969 0.846528 0.085938 0.168056 7 0.770508 0.245312 0.619444 0.078125 0.111111 3 0.766113 0.091016 0.914583 0.099219 0.151389 7 0.750488 0.742188 0.920833 0.075 0.152778 3 0.749023 0.186328 0.777778 0.080469 0.127778 8 0.744629 0.258594 0.744444 0.073438 0.169444 3 0.5 0.35 0.81875 0.084375 0.129167 7 0.494141 0.049219 0.825 0.098437 0.161111 0 0.416748 0.964844 0.828472 0.057813 0.126389 9 0.352295 0.874609 0.78125 0.097656 0.204167 4 0.27832 0.047266 0.823611 0.094531 0.155556 7 0.264404 0.317578 0.881944 0.177344 0.236111 10 0.220703 0.022266 0.643056 0.044531 0.241667 3 0.161377 0.667969 0.502778 0.04375 0.080556 8 0.143188 0.873437 0.784722 0.1 0.208333 2 0.07135 0.667969 0.502083 0.042188 0.079167 6 0.068787 0.798828 0.45625 0.067969 0.143056 10 0.059204 0.455469 0.420139 0.076563 0.131944 1 0.042389 0.026953 0.917361 0.047656 0.106944 0 0.039948 0.419141 0.892361 0.058594 0.123611 0 0.037903 0.932422 0.652083 0.044531 0.093056 10 0.03067 0.027344 0.576389 0.054688 0.313889 0 0.015961 0.967969 0.631944 0.039062 0.080556 2 0.0159 0.637891 0.404861 0.022656 0.054167 11 0.012627 0.316406 0.875 0.178125 0.25 10 0.011963 0.101953 0.523611 0.153906 0.188889 4 0.010208 0.049609 0.775 0.099219 0.283333 5 0.0093 0.021875 0.597917 0.04375 0.184722 0 0.009163 0.135547 0.705556 0.047656 0.083333 0 0.008919 0.894922 0.579167 0.032031 0.077778 1 0.007786 0.807422 0.188889 0.061719 0.158333 2 0.007374 0.666016 0.389583 0.022656 0.051389 0 0.007317 0.269922 0.49375 0.132031 0.176389 0 0.007038 0.101172 0.519444 0.157031 0.188889 10 0.00589 0.017188 0.682639 0.034375 0.423611 1 0.005707 0.136719 0.705556 0.048438 0.088889 12 0.004963 0.473828 0.998611 0.132031 0.002778 9 0.004719 0.274219 0.497222 0.135937 0.163889 1 0.004719 0.194922 0.652778 0.046094 0.091667 10 0.004265 0.270313 0.495833 0.129688 0.180556 4 0.004005 0.020703 0.765278 0.041406 0.311111 3 0.003708 0.213672 0.953472 0.066406 0.093056 12 0.003088 0.059766 0.997917 0.119531 0.004167 3 0.002415 0.9875 0.900694 0.025 0.198611 3 0.002398 0.516406 0.395833 0.029687 0.052778 12 0.002398 0.301563 0.999306 0.15625 0.001389 12 0.002342 0.896094 0.997222 0.1375 0.005556 0 0.002287 0.107813 0.690972 0.042188 0.095833 3 0.002216 0.994141 0.909722 0.011719 0.180556 2 0.001768 0.653906 0.345139 0.025 0.048611 10 0.001478 0.016797 0.509722 0.033594 0.377778 1 0.001427 0.854688 0.641667 0.05 0.077778 1 0.001378 0.212109 0.956944 0.067969 0.086111 2 0.001285 0.994922 0.919444 0.010156 0.161111 0 0.001269 0.836328 0.543056 0.032031 0.063889 0 0.001265 0.9 0.945833 0.053125 0.102778 0 0.001124 0.407031 0.472222 0.023438 0.061111 0 0.001057 0.853906 0.970139 0.045312 0.056944
CCTV01^20260318-110000-20260318-120000_000359,3 0.880859 0.179297 0.752083 0.085156 0.126389 10 0.847656 0.808203 0.725 0.161719 0.366667 3 0.824219 0.250391 0.670833 0.074219 0.091667 3 0.822266 0.523828 0.875694 0.071094 0.190278 8 0.744629 0.320703 0.594444 0.080469 0.15 8 0.732422 0.731641 0.820139 0.064844 0.1875 7 0.692871 0.298047 0.85 0.138281 0.283333 3 0.649414 0.093359 0.866667 0.091406 0.161111 4 0.644043 0.201953 0.864583 0.063281 0.165278 10 0.619629 0.374609 0.442361 0.147656 0.1625 10 0.526367 0.099219 0.764583 0.198437 0.381944 12 0.507812 0.38125 0.830556 0.042188 0.102778 2 0.501953 0.427344 0.916667 0.070312 0.138889 10 0.432129 0.960156 0.852083 0.079687 0.290278 6 0.424316 0.298047 0.854167 0.139844 0.286111 2 0.206909 0.710156 0.684028 0.0375 0.093056 3 0.139893 0.032422 0.959028 0.064844 0.081944 3 0.138916 0.187891 0.629167 0.088281 0.125 10 0.134277 0.021484 0.602083 0.042969 0.201389 1 0.11438 0.710156 0.683333 0.039062 0.094444 6 0.111633 0.959375 0.854167 0.08125 0.291667 9 0.108948 0.299219 0.855556 0.139063 0.283333 0 0.099121 0.698828 0.607639 0.032031 0.0875 10 0.083008 0.021875 0.690972 0.04375 0.376389 9 0.059204 0.258203 0.463889 0.127344 0.169444 3 0.037598 0.305078 0.695139 0.055469 0.068056 0 0.037201 0.134375 0.879167 0.051562 0.108333 10 0.036896 0.262109 0.460417 0.122656 0.159722 12 0.035278 0.051172 0.998611 0.102344 0.002778 9 0.032104 0.810937 0.476389 0.075 0.158333 9 0.024231 0.358203 0.51875 0.055469 0.109722 2 0.020248 0.88125 0.594444 0.0375 0.086111 5 0.018341 0.021094 0.595139 0.042188 0.190278 6 0.017853 0.810937 0.475694 0.075 0.156944 10 0.016022 0.023438 0.60625 0.046875 0.351389 10 0.015839 0.028125 0.740972 0.05625 0.518056 10 0.012238 0.019141 0.794444 0.038281 0.386111 9 0.009674 0.807813 0.721528 0.1625 0.370833 0 0.00956 0.3875 0.938889 0.054688 0.116667 3 0.009415 0.222266 0.759722 0.049219 0.130556 0 0.00927 0.261719 0.465278 0.125 0.163889 12 0.009125 0.153125 0.941667 0.057813 0.088889 11 0.007904 0.357031 0.520139 0.054688 0.106944 12 0.006691 0.131641 0.888889 0.049219 0.108333 12 0.006168 0.385937 0.998611 0.128125 0.002778 7 0.005913 0.257031 0.596528 0.05625 0.095833 8 0.004364 0.257812 0.595139 0.054688 0.093056 10 0.00423 0.977344 0.669444 0.045312 0.297222 12 0.00399 0.159766 0.984722 0.146094 0.030556 4 0.003693 0.740234 0.952083 0.072656 0.095833 10 0.00326 0.976172 0.574306 0.047656 0.145833 12 0.00297 0.387109 0.942361 0.057031 0.1125 3 0.002935 0.861328 0.9625 0.072656 0.066667 4 0.002855 0.241016 0.597222 0.078906 0.102778 12 0.002779 0.257031 0.993056 0.11875 0.013889 10 0.002632 0.983203 0.756944 0.033594 0.463889 3 0.002562 0.744922 0.545139 0.053906 0.073611 4 0.002541 0.359375 0.520833 0.05 0.108333 9 0.002522 0.975 0.586806 0.05 0.190278 1 0.002434 0.811719 0.186111 0.060937 0.169444 2 0.002199 0.038281 0.95625 0.076563 0.0875 4 0.002108 0.257422 0.596528 0.058594 0.098611 3 0.001942 0.811328 0.477083 0.074219 0.154167 11 0.001831 0.1875 0.634722 0.08125 0.113889 10 0.001755 0.101953 0.522222 0.153906 0.194444 3 0.001741 0.766406 0.43125 0.032813 0.059722 0 0.001714 0.101953 0.520833 0.153906 0.188889 3 0.001687 0.046875 0.998611 0.09375 0.002778 10 0.001681 0.975 0.838889 0.05 0.322222 10 0.001574 0.99375 0.670139 0.0125 0.159722 9 0.001461 0.017578 0.717361 0.035156 0.240278 2 0.001315 0.860547 0.963194 0.074219 0.070833 11 0.001305 0.341016 0.552083 0.085156 0.173611 3 0.001274 0.2 0.754167 0.053125 0.119444 0 0.001255 0.952734 0.651389 0.039844 0.091667 10 0.001255 0.984375 0.6625 0.03125 0.186111 1 0.001245 0.426953 0.46875 0.030469 0.056944 8 0.001165 0.152344 0.941667 0.059375 0.094444 11 0.001048 0.592578 0.490278 0.058594 0.15 10 0.00104 0.992969 0.534722 0.014063 0.141667 10 0.001024 0.017578 0.544444 0.035156 0.380556
CCTV01^20260318-110000-20260318-120000_000363,6 0.957031 0.282422 0.785417 0.091406 0.276389 3 0.831055 0.091797 0.840278 0.100781 0.133333 10 0.82959 0.708594 0.529861 0.107813 0.220833 3 0.824219 0.525 0.876389 0.071875 0.194444 10 0.791016 0.189844 0.617361 0.209375 0.270833 10 0.748535 0.882422 0.817361 0.217969 0.365278 3 0.733887 0.167578 0.73125 0.078906 0.115278 8 0.728027 0.738281 0.869444 0.06875 0.180556 2 0.72168 0.179688 0.875 0.0625 0.147222 3 0.694336 0.760156 0.688889 0.05 0.116667 7 0.633301 0.830078 0.559028 0.060156 0.0875 2 0.575684 0.68125 0.927778 0.05625 0.130556 0 0.509766 0.357031 0.913889 0.067187 0.122222 10 0.398926 0.033203 0.75625 0.066406 0.259722 0 0.364746 0.678125 0.822222 0.0375 0.105556 0 0.245117 0.014453 0.880556 0.028906 0.091667 3 0.222656 0.249219 0.655556 0.067187 0.088889 4 0.201782 0.067187 0.796528 0.090625 0.120833 2 0.125122 0.763672 0.811111 0.053906 0.111111 8 0.121704 0.368359 0.461806 0.052344 0.090278 10 0.097717 0.023438 0.65 0.046875 0.275 0 0.084778 0.310156 0.597917 0.032813 0.0875 1 0.084778 0.671875 0.647222 0.025 0.077778 3 0.082703 0.464062 0.459722 0.042188 0.058333 2 0.082397 0.464453 0.461111 0.041406 0.061111 1 0.07666 0.762891 0.809722 0.052344 0.108333 2 0.06781 0.5 0.416667 0.039062 0.055556 7 0.046539 0.371875 0.520139 0.067187 0.081944 10 0.045868 0.021094 0.582639 0.042188 0.329167 0 0.043518 0.246875 0.9375 0.05625 0.088889 10 0.04303 0.029687 0.700694 0.059375 0.4375 3 0.042572 0.500391 0.417361 0.038281 0.056944 1 0.038605 0.348047 0.780556 0.033594 0.083333 2 0.031616 0.320312 0.686111 0.046875 0.102778 3 0.030212 0.991406 0.943056 0.017188 0.113889 10 0.025085 0.519922 0.341667 0.072656 0.108333 8 0.023071 0.369922 0.480556 0.066406 0.144444 5 0.020721 0.033984 0.734028 0.067969 0.226389 1 0.020645 0.33125 0.729167 0.028125 0.080556 12 0.019943 0.342969 0.584722 0.028125 0.083333 12 0.019562 0.192969 0.995833 0.132812 0.008333 3 0.019058 0.371484 0.516667 0.066406 0.088889 4 0.018478 0.369531 0.520833 0.064062 0.080556 0 0.018402 0.237891 0.914583 0.047656 0.093056 0 0.017578 0.219922 0.818056 0.042969 0.091667 5 0.015541 0.774219 0.430556 0.039062 0.072222 0 0.014839 0.075781 0.925694 0.070312 0.120833 7 0.01133 0.205469 0.744444 0.048438 0.127778 12 0.01078 0.310937 0.595833 0.034375 0.091667 4 0.009521 0.207813 0.738889 0.053125 0.136111 3 0.008377 0.977344 0.574306 0.045312 0.134722 0 0.008003 0.229297 0.886806 0.041406 0.095833 0 0.007935 0.223438 0.865972 0.034375 0.0625 12 0.007519 0.219922 0.815972 0.041406 0.084722 0 0.007519 0.103125 0.524306 0.160938 0.201389 9 0.007317 0.989453 0.939583 0.021094 0.109722 4 0.007149 0.071094 0.766667 0.1125 0.183333 3 0.007095 0.9875 0.936806 0.025 0.123611 5 0.006824 0.022266 0.595139 0.044531 0.184722 10 0.006771 0.019141 0.597917 0.038281 0.201389 3 0.006588 0.066406 0.809722 0.089063 0.097222 4 0.00634 0.069141 0.755556 0.091406 0.116667 5 0.006123 0.296094 0.988194 0.157812 0.023611 3 0.005821 0.024609 0.611111 0.049219 0.205556 12 0.005489 0.123438 0.872917 0.05 0.104167 4 0.004848 0.087891 0.733333 0.069531 0.105556 0 0.004574 0.343359 0.586806 0.030469 0.079167 3 0.004299 0.005469 0.930556 0.010937 0.138889 10 0.003839 0.350781 0.386111 0.098437 0.122222 1 0.003693 0.329297 0.703472 0.030469 0.118056 12 0.003389 0.232031 0.997222 0.151562 0.005556 1 0.003351 0.66875 0.6375 0.035937 0.102778 5 0.002924 0.360547 0.986806 0.166406 0.026389 3 0.00289 0.213672 0.736111 0.066406 0.133333 12 0.002823 0.720313 0.997917 0.15625 0.004167 4 0.002747 0.201563 0.763194 0.039062 0.090278 10 0.002571 0.101953 0.521528 0.152344 0.190278 10 0.002493 0.992188 0.536111 0.015625 0.15 3 0.002182 0.004297 0.845833 0.008594 0.125 12 0.002125 0.1625 0.970139 0.05625 0.054167 0 0.001987 0.160156 0.954861 0.051562 0.073611 4 0.001904 0.982031 0.565972 0.035937 0.156944 0 0.001897 0.221484 0.729861 0.049219 0.118056 3 0.001867 0.773828 0.430556 0.039844 0.075 8 0.001818 0.127734 0.963194 0.255469 0.073611 12 0.001768 0.160547 0.952778 0.049219 0.077778 1 0.001649 0.826172 0.611111 0.030469 0.063889 10 0.001378 0.9875 0.538194 0.025 0.148611 0 0.001285 0.251953 0.952778 0.050781 0.077778 12 0.001274 0.146094 0.999306 0.129688 0.001389 12 0.001129 0.254688 0.989583 0.146875 0.020833 10 0.001124 0.016016 0.507639 0.032031 0.3875 1 0.001086 0.808203 0.189583 0.064844 0.159722 7 0.001065 0.091797 0.899306 0.161719 0.181944 0 0.001024 0.796094 0.486806 0.025 0.059722
CCTV01^20260318-110000-20260318-120000_000367,6 0.901367 0.279687 0.706944 0.0875 0.247222 3 0.854004 0.367969 0.883333 0.101562 0.138889 3 0.806641 0.523438 0.875694 0.073438 0.193056 8 0.740234 0.741406 0.874306 0.075 0.190278 3 0.680664 0.751172 0.657639 0.064844 0.118056 2 0.592773 0.682031 0.93125 0.054688 0.131944 3 0.586914 0.042969 0.911806 0.076563 0.1375 4 0.445557 0.189062 0.642361 0.089063 0.106944 10 0.353027 0.878516 0.840972 0.214844 0.315278 7 0.345215 0.189062 0.638889 0.090625 0.111111 0 0.297363 0.081641 0.770139 0.041406 0.101389 2 0.286133 0.819531 0.61875 0.060937 0.129167 0 0.246582 0.678516 0.819444 0.041406 0.111111 10 0.208862 0.022656 0.652778 0.045312 0.266667 5 0.172119 0.819531 0.61875 0.060937 0.129167 2 0.15564 0.185156 0.736806 0.059375 0.126389 9 0.144165 0.022266 0.648611 0.044531 0.272222 9 0.129883 0.984375 0.931944 0.03125 0.122222 0 0.127686 0.100781 0.731944 0.040625 0.097222 3 0.111267 0.185156 0.738194 0.057813 0.126389 3 0.100525 0.819141 0.620139 0.060156 0.129167 6 0.099121 0.248828 0.525694 0.141406 0.173611 3 0.098083 0.507422 0.391667 0.035156 0.052778 3 0.078064 0.985156 0.932639 0.029687 0.126389 5 0.074219 0.985156 0.930556 0.029687 0.122222 4 0.072388 0.985547 0.933333 0.028906 0.122222 2 0.069824 0.978906 0.900694 0.042188 0.179167 0 0.067322 0.175391 0.850694 0.041406 0.093056 9 0.062561 0.410156 0.44375 0.1125 0.145833 2 0.061646 0.986719 0.932639 0.026562 0.126389 0 0.059662 0.225781 0.753472 0.034375 0.095833 8 0.049957 0.051172 0.739583 0.046094 0.109722 11 0.046387 0.969922 0.883333 0.060156 0.163889 7 0.046021 0.317578 0.533333 0.061719 0.116667 0 0.03891 0.261719 0.881944 0.046875 0.097222 1 0.038757 0.638281 0.871528 0.029687 0.090278 2 0.03775 0.012891 0.886806 0.025781 0.140278 10 0.0354 0.101562 0.521528 0.153125 0.184722 0 0.035156 0.00625 0.720833 0.0125 0.130556 9 0.034241 0.971094 0.897222 0.057813 0.177778 2 0.029648 0.253125 0.940972 0.065625 0.101389 10 0.027588 0.026953 0.594444 0.053906 0.327778 0 0.025757 0.212891 0.822222 0.036719 0.077778 2 0.025467 0.389453 0.53125 0.033594 0.073611 0 0.025467 0.637109 0.872222 0.032031 0.094444 3 0.024139 0.013672 0.889583 0.027344 0.1375 4 0.022034 0.018359 0.875694 0.036719 0.240278 2 0.021698 0.009375 0.870833 0.01875 0.15 5 0.020493 0.021875 0.599306 0.04375 0.193056 1 0.02002 0.69375 0.513889 0.025 0.066667 10 0.018051 0.020313 0.605556 0.040625 0.211111 3 0.015488 0.022656 0.608333 0.045312 0.177778 10 0.013741 0.018359 0.680556 0.036719 0.383333 3 0.013374 0.341016 0.961111 0.103906 0.077778 4 0.012825 0.242969 0.870139 0.0625 0.0875 8 0.012054 0.348828 0.420139 0.049219 0.0875 0 0.011688 0.215234 0.842361 0.036719 0.079167 2 0.010696 0.00625 0.699306 0.0125 0.145833 4 0.009895 0.314844 0.563194 0.064062 0.095833 3 0.007812 0.023047 0.888194 0.046094 0.223611 3 0.00634 0.484375 0.486111 0.05625 0.047222 2 0.00629 0.871875 0.536111 0.0375 0.072222 0 0.005707 0.101953 0.520139 0.155469 0.1875 0 0.005577 0.323437 0.616667 0.03125 0.080556 0 0.005405 0.009766 0.716667 0.019531 0.158333 0 0.005241 0.066016 0.726389 0.113281 0.191667 10 0.0051 0.410156 0.442361 0.114062 0.148611 0 0.004982 0.241797 0.870833 0.063281 0.091667 11 0.004925 0.101953 0.904167 0.119531 0.180556 1 0.004608 0.678516 0.484028 0.022656 0.065278 9 0.003147 0.971094 0.855556 0.057813 0.288889 2 0.003075 0.216797 0.948611 0.057031 0.091667 3 0.002935 0.010156 0.711111 0.020313 0.152778 4 0.002878 0.103125 0.901389 0.117188 0.177778 3 0.002867 0.007031 0.738889 0.014063 0.116667 10 0.002823 0.248438 0.529167 0.145313 0.172222 9 0.002737 0.248438 0.530556 0.14375 0.172222 3 0.002424 0.008203 0.809722 0.016406 0.122222 0 0.002378 0.173828 0.68125 0.114844 0.229167 1 0.002359 0.351953 0.602083 0.028906 0.070833 10 0.002323 0.969922 0.829861 0.060156 0.340278 7 0.002323 0.101953 0.903472 0.121094 0.184722 0 0.002279 0.01875 0.805556 0.034375 0.088889 12 0.002234 0.721875 0.998611 0.15 0.002778 0 0.002157 0.864844 0.627778 0.039062 0.083333 0 0.001904 0.030078 0.824306 0.044531 0.090278 0 0.001904 0.028516 0.727778 0.057031 0.294444 12 0.001897 0.842187 0.999306 0.1375 0.001389 3 0.001897 0.339062 0.999306 0.1 0.001389 3 0.001616 0.008984 0.915972 0.017969 0.168056 0 0.001574 0.204687 0.815278 0.096875 0.15 11 0.001536 0.247266 0.530556 0.150781 0.172222 2 0.001438 0.440234 0.477083 0.055469 0.056944 10 0.001335 0.016016 0.519444 0.032031 0.358333 0 0.001325 0.663672 0.829167 0.032031 0.108333 0 0.00126 0.202734 0.85 0.102344 0.138889 2 0.001255 0.95 0.720833 0.053125 0.108333 10 0.001225 0.926172 0.8 0.144531 0.35 9 0.001169 0.186328 0.643056 0.086719 0.102778 3 0.001151 0.023047 0.705556 0.046094 0.161111 3 0.001124 0.015625 0.789583 0.03125 0.329167 1 0.001081 0.650391 0.5 0.022656 0.061111 10 0.001004 0.953125 0.811806 0.09375 0.376389
CCTV01^20260318-110000-20260318-120000_000371,8 0.933594 0.332422 0.772917 0.091406 0.170833 3 0.842773 0.525 0.875694 0.071875 0.193056 10 0.80127 0.150391 0.8 0.169531 0.383333 3 0.743164 0.321094 0.642361 0.0625 0.093056 0 0.730957 0.255469 0.913194 0.051562 0.129167 5 0.708984 0.85625 0.866667 0.082812 0.216667 3 0.57373 0.246875 0.598611 0.05625 0.091667 0 0.560059 0.694531 0.875 0.048438 0.122222 5 0.505859 0.2625 0.788889 0.08125 0.155556 3 0.359375 0.476172 0.456944 0.060156 0.055556 3 0.291016 0.055469 0.902778 0.06875 0.152778 9 0.256836 0.263672 0.786111 0.082031 0.155556 9 0.206909 0.947656 0.690278 0.104688 0.225 3 0.17334 0.659766 0.469444 0.039844 0.072222 10 0.148071 0.023828 0.613889 0.047656 0.2 6 0.097412 0.324219 0.498611 0.073438 0.15 2 0.073975 0.305078 0.944444 0.057031 0.108333 4 0.062317 0.948828 0.694444 0.102344 0.233333 3 0.057068 0.251172 0.538889 0.060156 0.077778 0 0.057068 0.226953 0.847917 0.039844 0.1125 1 0.049957 0.661328 0.93125 0.032031 0.0875 3 0.044525 0.304688 0.941667 0.053125 0.111111 10 0.043518 0.023047 0.647917 0.046094 0.351389 0 0.042725 0.360938 0.923611 0.05 0.136111 9 0.040833 0.408984 0.414583 0.102344 0.118056 4 0.037903 0.766406 0.386111 0.032813 0.066667 5 0.037201 0.022656 0.597917 0.045312 0.179167 12 0.036774 0.216406 0.954167 0.051562 0.088889 1 0.033478 0.696094 0.566667 0.025 0.072222 0 0.032715 0.807422 0.49375 0.027344 0.065278 0 0.030563 0.213281 0.950694 0.048438 0.090278 0 0.019638 0.301563 0.845833 0.04375 0.080556 8 0.017578 0.950781 0.700694 0.098437 0.218056 1 0.015366 0.725 0.550694 0.028125 0.076389 9 0.013954 0.323828 0.497917 0.072656 0.145833 10 0.013374 0.415234 0.415972 0.116406 0.126389 6 0.012924 0.946094 0.691667 0.107813 0.244444 2 0.012291 0.753906 0.934028 0.075 0.123611 11 0.011642 0.948828 0.695833 0.102344 0.233333 3 0.008446 0.023438 0.596528 0.046875 0.143056 1 0.006512 0.802344 0.961806 0.0375 0.070833 0 0.006462 0.069922 0.741667 0.082031 0.119444 2 0.006363 0.696094 0.399306 0.025 0.054167 12 0.006313 0.753125 0.933333 0.078125 0.125 12 0.006145 0.401953 0.998611 0.155469 0.002778 3 0.005867 0.324609 0.497917 0.072656 0.148611 8 0.0056 0.753125 0.934722 0.078125 0.125 0 0.004539 0.018359 0.677778 0.036719 0.102778 2 0.004215 0.203516 0.558333 0.039844 0.083333 1 0.00415 0.328125 0.585417 0.020313 0.048611 4 0.003975 0.110547 0.661806 0.119531 0.176389 0 0.003885 0.103516 0.517361 0.155469 0.184722 3 0.003635 0.995703 0.859028 0.008594 0.159722 11 0.003607 0.103906 0.661111 0.10625 0.172222 12 0.003593 0.730078 0.997917 0.152344 0.004167 10 0.003376 0.102344 0.523611 0.153125 0.194444 2 0.00297 0.005859 0.734028 0.011719 0.159722 6 0.002846 0.41875 0.414583 0.121875 0.126389 9 0.002541 0.457813 0.415278 0.05625 0.091667 4 0.002502 0.094531 0.735417 0.165625 0.268056 2 0.002323 0.689063 0.973611 0.05625 0.052778 2 0.002216 0.994922 0.9125 0.010156 0.175 12 0.001972 0.048828 0.995833 0.096094 0.008333 4 0.001957 0.083594 0.747917 0.098437 0.148611 12 0.001755 0.834375 0.998611 0.15 0.002778 3 0.001675 0.989844 0.852778 0.020313 0.205556 10 0.001661 0.978906 0.583333 0.042188 0.144444 2 0.001611 0.988281 0.905556 0.023438 0.188889 10 0.001597 0.016406 0.526389 0.032813 0.341667 3 0.001444 0.977344 0.579167 0.045312 0.141667 12 0.001399 0.341406 0.999306 0.151562 0.001389 8 0.001305 0.102734 0.657639 0.100781 0.148611 4 0.001255 0.009766 0.738889 0.019531 0.175 2 0.001206 0.011328 0.725694 0.022656 0.181944 10 0.001078 0.989844 0.778472 0.01875 0.406944
CCTV01^20260318-110000-20260318-120000_000375,3 0.835449 0.525 0.875694 0.073438 0.195833 4 0.830078 0.367188 0.882639 0.104688 0.195833 3 0.808105 0.118359 0.920833 0.116406 0.147222 3 0.729492 0.122266 0.747222 0.091406 0.122222 10 0.70166 0.361719 0.49375 0.142187 0.179167 5 0.586914 0.276562 0.7125 0.070312 0.141667 0 0.571777 0.229687 0.8 0.048438 0.125 10 0.52832 0.063281 0.720139 0.126562 0.251389 2 0.46875 0.288672 0.81875 0.042969 0.118056 1 0.37207 0.288672 0.818056 0.044531 0.119444 0 0.294189 0.182422 0.784028 0.041406 0.1125 5 0.29248 0.677344 0.520139 0.05 0.1125 0 0.226807 0.141797 0.781944 0.041406 0.108333 2 0.221313 0.316016 0.606944 0.044531 0.102778 1 0.190674 0.303125 0.882639 0.035937 0.090278 2 0.188354 0.224609 0.69375 0.055469 0.093056 3 0.138916 0.271094 0.945139 0.071875 0.104167 1 0.137939 0.729297 0.596528 0.030469 0.079167 5 0.127686 0.031641 0.89375 0.063281 0.2125 4 0.112427 0.033203 0.893056 0.066406 0.213889 0 0.100159 0.802734 0.697917 0.047656 0.115278 1 0.087585 0.204297 0.879167 0.033594 0.097222 10 0.074219 0.023047 0.657639 0.046094 0.284722 10 0.059418 0.101953 0.520139 0.155469 0.1875 1 0.051453 0.716016 0.876389 0.035156 0.1 7 0.047607 0.480469 0.432639 0.051562 0.081944 9 0.04303 0.270703 0.530556 0.066406 0.097222 4 0.034607 0.271094 0.53125 0.067187 0.098611 10 0.0336 0.020703 0.586111 0.041406 0.311111 9 0.033478 0.480078 0.431944 0.050781 0.083333 1 0.032227 0.76875 0.879861 0.034375 0.090278 1 0.030914 0.773828 0.642361 0.032031 0.079167 0 0.029419 0.307812 0.754167 0.04375 0.1 0 0.022888 0.828516 0.538194 0.033594 0.079167 4 0.014618 0.902344 0.598611 0.151562 0.141667 9 0.012825 0.064062 0.7125 0.128125 0.236111 2 0.011917 0.841797 0.4625 0.041406 0.075 9 0.011375 0.455859 0.382639 0.085156 0.109722 10 0.011292 0.455469 0.383333 0.085938 0.111111 0 0.009018 0.101562 0.520139 0.15625 0.1875 0 0.00885 0.317969 0.761111 0.045312 0.088889 3 0.007038 0.630078 0.322917 0.022656 0.045833 10 0.006691 0.035547 0.889583 0.071094 0.220833 12 0.005665 0.067187 0.998611 0.134375 0.002778 9 0.005363 0.275 0.711111 0.06875 0.138889 9 0.005344 0.033594 0.892361 0.067187 0.215278 5 0.00528 0.022656 0.601389 0.045312 0.191667 12 0.004314 0.360547 0.997222 0.127344 0.005556 4 0.00425 0.398438 0.364583 0.05625 0.0875 2 0.004215 0.994531 0.90625 0.010937 0.181944 2 0.004135 0.130469 0.575 0.045312 0.091667 3 0.004116 0.026172 0.621528 0.052344 0.195833 1 0.00358 0.298828 0.865278 0.035156 0.080556 8 0.003223 0.027734 0.631944 0.055469 0.233333 2 0.003147 0.988672 0.901389 0.022656 0.197222 2 0.002958 0.363672 0.997222 0.132031 0.005556 10 0.002705 0.989453 0.529861 0.021094 0.1375 0 0.002434 0.715234 0.873611 0.052344 0.108333 3 0.002359 0.027344 0.882639 0.054688 0.190278 0 0.002342 0.791797 0.471528 0.025781 0.065278 10 0.00227 0.99375 0.525694 0.0125 0.140278 10 0.001972 0.016797 0.525694 0.033594 0.351389 12 0.001897 0.889844 0.588194 0.129688 0.140278 0 0.0017 0.908594 0.627083 0.042188 0.095833 10 0.001592 0.988672 0.688194 0.022656 0.204167 1 0.001574 0.804297 0.706944 0.042969 0.102778 1 0.001472 0.633203 0.453472 0.022656 0.065278 4 0.001378 0.094922 0.813889 0.108594 0.252778 12 0.001367 0.322656 0.977778 0.128125 0.044444 10 0.001315 0.018359 0.59375 0.036719 0.206944 12 0.00123 0.335938 0.995139 0.132812 0.009722 2 0.001202 0.8625 0.603472 0.05 0.101389 0 0.001197 0.727734 0.964583 0.047656 0.0625 12 0.001197 0.733984 0.997917 0.135156 0.004167 7 0.001179 0.034375 0.888194 0.06875 0.223611 1 0.001179 0.76875 0.88125 0.053125 0.1125 11 0.001151 0.270313 0.522222 0.06875 0.102778 0 0.001081 0.207813 0.758333 0.121875 0.202778 2 0.001073 0.994922 0.874306 0.010156 0.173611 5 0.001073 0.141406 0.996528 0.135937 0.006944 0 0.001065 0.80625 0.468056 0.025 0.061111 10 0.00102 0.9875 0.640278 0.025 0.125
CCTV01^20260318-110000-20260318-120000_000379,3 0.875977 0.239453 0.727778 0.082031 0.105556 10 0.86377 0.149609 0.602778 0.217969 0.238889 3 0.848145 0.307422 0.586806 0.072656 0.093056 3 0.836426 0.523828 0.876389 0.071094 0.194444 4 0.830078 0.324609 0.7375 0.078906 0.163889 3 0.820801 0.142187 0.885417 0.096875 0.165278 3 0.809082 0.327734 0.918056 0.074219 0.15 10 0.807617 0.077344 0.825694 0.154688 0.348611 3 0.713867 0.9 0.820833 0.115625 0.169444 3 0.673828 0.754687 0.6625 0.06875 0.125 2 0.629883 0.803906 0.911111 0.057813 0.147222 0 0.449463 0.229687 0.86875 0.046875 0.129167 0 0.294189 0.249609 0.798611 0.036719 0.102778 0 0.221313 0.282813 0.826389 0.034375 0.091667 5 0.180054 0.5 0.406944 0.042188 0.066667 3 0.098083 0.985156 0.866667 0.029687 0.194444 5 0.088806 0.023047 0.597222 0.046094 0.169444 10 0.080627 0.023047 0.604861 0.046094 0.179167 0 0.058563 0.85 0.54375 0.034375 0.079167 1 0.057281 0.255859 0.642361 0.042969 0.073611 3 0.053406 0.023438 0.601389 0.046875 0.166667 9 0.047241 0.023047 0.679861 0.046094 0.395833 0 0.039185 0.255078 0.64375 0.041406 0.070833 8 0.025467 0.059375 0.975 0.11875 0.05 1 0.021866 0.214062 0.804861 0.029687 0.084722 3 0.020416 0.311328 0.420139 0.032031 0.051389 0 0.019058 0.985156 0.84375 0.029687 0.165278 10 0.017242 0.103906 0.525694 0.15625 0.195833 3 0.015305 0.176563 0.964583 0.084375 0.070833 2 0.014786 0.469922 0.459722 0.032031 0.063889 10 0.014061 0.022266 0.665278 0.044531 0.372222 2 0.013794 0.841016 0.4625 0.039844 0.072222 0 0.008514 0.214062 0.803472 0.03125 0.084722 3 0.007725 0.055469 0.973611 0.110937 0.052778 3 0.005039 0.282031 0.517361 0.042188 0.068056 12 0.004417 0.066016 0.997222 0.132031 0.005556 3 0.004299 0.069141 0.965278 0.132031 0.069444 4 0.00428 0.841797 0.461806 0.041406 0.073611 0 0.004265 0.019141 0.686806 0.038281 0.118056 4 0.00407 0.299219 0.522917 0.05625 0.084722 3 0.003651 0.991016 0.880556 0.017969 0.211111 10 0.003235 0.025 0.725 0.05 0.55 0 0.003075 0.354297 0.473611 0.027344 0.069444 10 0.003075 0.985156 0.822917 0.029687 0.354167 5 0.003016 0.237109 0.999306 0.136719 0.001389 2 0.002935 0.988672 0.830556 0.022656 0.163889 10 0.002714 0.980469 0.873611 0.039062 0.252778 5 0.002672 0.983594 0.869444 0.032813 0.261111 5 0.002562 0.059766 0.969444 0.119531 0.061111 1 0.00255 0.210938 0.796528 0.04375 0.104167 3 0.002306 0.064844 0.970833 0.084375 0.052778 12 0.002157 0.738672 0.997917 0.142969 0.004167 1 0.001727 0.348438 0.588889 0.03125 0.072222 0 0.001668 0.330078 0.465972 0.036719 0.070833 10 0.001623 0.980078 0.793056 0.039844 0.413889 2 0.001501 0.330078 0.465972 0.036719 0.068056 0 0.001421 0.230859 0.834028 0.035156 0.068056 2 0.001399 0.991797 0.793056 0.016406 0.213889 10 0.001274 0.99375 0.672222 0.0125 0.161111 10 0.001245 0.017188 0.531944 0.034375 0.355556 10 0.001151 0.985547 0.640278 0.028906 0.161111 11 0.001121 0.911719 0.689583 0.175 0.270833 10 0.001107 0.980078 0.577083 0.039844 0.151389 12 0.001048 0.229687 0.870139 0.048438 0.129167
CCTV01^20260318-110000-20260318-120000_000383,10 0.885254 0.159375 0.668056 0.185938 0.291667 3 0.854004 0.253906 0.753472 0.078125 0.101389 3 0.838867 0.525 0.876389 0.071875 0.194444 5 0.813965 0.239063 0.678472 0.089063 0.118056 3 0.789062 0.321094 0.665278 0.060937 0.088889 3 0.730957 0.303125 0.59375 0.071875 0.095833 2 0.710449 0.332422 0.727778 0.057031 0.102778 3 0.689453 0.304297 0.813889 0.058594 0.102778 5 0.521484 0.184766 0.877778 0.100781 0.183333 0 0.390381 0.296094 0.882639 0.054688 0.115278 10 0.368408 0.40625 0.443056 0.129688 0.15 3 0.196777 0.812109 0.514583 0.047656 0.076389 3 0.169922 0.01875 0.859028 0.0375 0.165278 10 0.168823 0.020313 0.864583 0.040625 0.270833 3 0.15918 0.250391 0.963889 0.069531 0.072222 0 0.115967 0.878516 0.631944 0.039844 0.1 10 0.09436 0.022656 0.608333 0.045312 0.183333 1 0.072632 0.254688 0.822917 0.032813 0.084722 1 0.06781 0.065625 0.917361 0.05 0.106944 5 0.047943 0.022656 0.598611 0.045312 0.169444 10 0.027176 0.022266 0.647917 0.044531 0.326389 3 0.021698 0.496875 0.413194 0.035937 0.051389 1 0.019867 0.239063 0.875694 0.0375 0.098611 12 0.018051 0.067578 0.997222 0.135156 0.005556 0 0.016983 0.358203 0.557639 0.035156 0.081944 2 0.01033 0.84375 0.467361 0.0375 0.076389 1 0.008781 0.16875 0.764583 0.078125 0.1125 0 0.008545 0.102734 0.519444 0.155469 0.186111 3 0.008034 0.487891 0.372917 0.041406 0.043056 9 0.007694 0.01875 0.825 0.0375 0.227778 10 0.006691 0.102734 0.525694 0.153906 0.195833 3 0.006538 0.023438 0.596528 0.046875 0.140278 10 0.006264 0.992578 0.534028 0.014844 0.140278 3 0.005913 0.844141 0.468056 0.041406 0.080556 1 0.004299 0.116797 0.879861 0.041406 0.104167 10 0.00396 0.019922 0.768056 0.039844 0.4 10 0.003765 0.040234 0.833333 0.077344 0.333333 10 0.003136 0.988672 0.663194 0.022656 0.156944 4 0.003016 0.84375 0.466667 0.040625 0.077778 1 0.002714 0.058203 0.806944 0.041406 0.102778 1 0.002672 0.389844 0.522917 0.026562 0.056944 1 0.002502 0.024609 0.965972 0.044531 0.068056 9 0.002342 0.187109 0.877778 0.100781 0.180556 0 0.002115 0.389062 0.523611 0.025 0.055556 12 0.002108 0.357812 0.55625 0.034375 0.079167 10 0.00205 0.017188 0.678472 0.034375 0.104167 0 0.001796 0.992969 0.659028 0.014063 0.1125 1 0.0017 0.087891 0.84375 0.039844 0.084722 10 0.001604 0.975781 0.622222 0.048438 0.25 10 0.001367 0.983594 0.624306 0.032813 0.223611 9 0.0013 0.402734 0.44375 0.121094 0.143056 4 0.001255 0.165234 0.755556 0.071094 0.125 9 0.001197 0.022656 0.702778 0.045312 0.402778 0 0.001151 0.102734 0.861111 0.135156 0.194444 0 0.001147 0.291797 0.572917 0.108594 0.140278 0 0.001116 0.057031 0.806944 0.035937 0.102778 1 0.00109 0.142578 0.841667 0.052344 0.116667
CCTV01^20260318-110000-20260318-120000_000387,3 0.837402 0.317578 0.694444 0.057031 0.1 3 0.832031 0.525 0.876389 0.071875 0.194444 3 0.825684 0.261328 0.909722 0.071094 0.152778 3 0.809082 0.31875 0.619444 0.059375 0.083333 3 0.801758 0.173828 0.811806 0.078906 0.118056 5 0.78125 0.251172 0.704861 0.077344 0.134722 3 0.704102 0.272266 0.536111 0.061719 0.080556 3 0.677246 0.165625 0.933333 0.1 0.133333 3 0.583008 0.086719 0.935417 0.101562 0.126389 4 0.482422 0.953516 0.869444 0.092969 0.183333 0 0.478516 0.349609 0.803472 0.052344 0.115278 10 0.452393 0.058203 0.800694 0.116406 0.326389 10 0.355713 0.35625 0.475694 0.126562 0.168056 2 0.248047 0.373828 0.532639 0.036719 0.084722 1 0.214722 0.730078 0.840278 0.035156 0.105556 3 0.182373 0.474609 0.477083 0.049219 0.059722 2 0.1427 0.969531 0.752083 0.060937 0.159722 0 0.099792 0.277344 0.791667 0.0375 0.1 1 0.085388 0.227734 0.788889 0.033594 0.077778 2 0.084473 0.474609 0.475694 0.047656 0.056944 4 0.065125 0.969531 0.752083 0.060937 0.156944 10 0.055603 0.102734 0.522222 0.155469 0.188889 3 0.039948 0.671875 0.475 0.046875 0.097222 1 0.038757 0.154297 0.727778 0.036719 0.086111 10 0.034485 0.022656 0.668056 0.045312 0.305556 5 0.031494 0.433203 0.467361 0.058594 0.070833 0 0.03067 0.438281 0.967361 0.067187 0.065278 5 0.017441 0.020703 0.59375 0.041406 0.1625 3 0.016785 0.432812 0.467361 0.057813 0.070833 1 0.015015 0.344531 0.551389 0.029687 0.075 10 0.014839 0.019531 0.604167 0.039062 0.286111 12 0.013222 0.064844 0.997917 0.129688 0.004167 0 0.011642 0.96875 0.629167 0.05 0.088889 0 0.010529 0.875 0.577778 0.045312 0.083333 10 0.010056 0.030469 0.721528 0.060937 0.418056 10 0.006191 0.955078 0.85 0.089844 0.277778 10 0.006004 0.864844 0.851389 0.201563 0.297222 1 0.005302 0.200391 0.66875 0.038281 0.081944 9 0.00502 0.101953 0.521528 0.155469 0.190278 10 0.004364 0.017969 0.604861 0.035937 0.176389 4 0.003944 0.960156 0.818056 0.079687 0.336111 12 0.003901 0.951953 0.998611 0.096094 0.002778 2 0.003796 0.021484 0.604861 0.042969 0.184722 2 0.003429 0.875 0.580556 0.05 0.088889 1 0.003403 0.275391 0.613889 0.028906 0.066667 12 0.003298 0.444922 0.993056 0.127344 0.013889 3 0.003273 0.473438 0.428472 0.05 0.056944 1 0.003172 0.304688 0.572222 0.048438 0.083333 9 0.003099 0.024219 0.818056 0.048438 0.363889 1 0.002415 0.187891 0.561111 0.032031 0.075 0 0.002378 0.344531 0.546528 0.032813 0.076389 12 0.002342 0.316797 0.950694 0.132031 0.098611 0 0.002243 0.258203 0.772917 0.022656 0.095833 3 0.00205 0.133203 0.574306 0.050781 0.098611 0 0.001824 0.210156 0.645139 0.045312 0.106944 1 0.001748 0.20625 0.653472 0.04375 0.104167 9 0.001574 0.966797 0.747917 0.066406 0.204167 3 0.001549 0.992578 0.603472 0.014844 0.109722 1 0.001536 0.80625 0.188889 0.070312 0.180556 2 0.001335 0.303906 0.426389 0.03125 0.055556 2 0.001325 0.133203 0.576389 0.053906 0.1 10 0.001309 0.016016 0.525 0.032031 0.361111 0 0.001274 0.246875 0.599306 0.034375 0.070833 0 0.001235 0.278906 0.476389 0.03125 0.058333 1 0.001134 0.734375 0.8375 0.067187 0.122222 0 0.001081 0.234375 0.471528 0.028125 0.059722
CCTV01^20260318-110000-20260318-120000_000391,3 0.84375 0.523828 0.877083 0.071094 0.193056 5 0.841797 0.314063 0.615972 0.084375 0.106944 3 0.836426 0.271094 0.831944 0.06875 0.125 10 0.770996 0.170703 0.595833 0.178906 0.258333 3 0.766113 0.235937 0.635417 0.070312 0.109722 3 0.708984 0.225 0.766667 0.078125 0.133333 3 0.702637 0.166797 0.923611 0.089844 0.141667 3 0.575684 0.7875 0.606944 0.070312 0.119444 5 0.542969 0.169141 0.746528 0.089844 0.143056 0 0.472656 0.308984 0.73125 0.032031 0.095833 3 0.437744 0.307812 0.538194 0.053125 0.068056 3 0.428223 0.224219 0.95 0.076563 0.1 0 0.258301 0.277734 0.735417 0.033594 0.093056 4 0.209473 0.68125 0.442361 0.045312 0.084722 8 0.206909 0.308203 0.925 0.085156 0.141667 10 0.150024 0.058984 0.802083 0.117969 0.290278 3 0.139893 0.339844 0.554167 0.048438 0.063889 7 0.118408 0.68125 0.442361 0.045312 0.0875 9 0.080078 0.059766 0.7875 0.119531 0.269444 10 0.074219 0.471094 0.372222 0.079687 0.111111 10 0.066101 0.023438 0.663889 0.046875 0.288889 0 0.064636 0.31875 0.686806 0.040625 0.095833 1 0.052246 0.836328 0.715972 0.032031 0.093056 2 0.045685 0.358984 0.486806 0.039844 0.068056 3 0.029312 0.514453 0.409028 0.035156 0.054167 0 0.026352 0.857422 0.561111 0.035156 0.077778 1 0.02626 0.839063 0.715972 0.0625 0.104167 10 0.026062 0.040234 0.709028 0.080469 0.3125 10 0.017776 0.017969 0.630556 0.035937 0.216667 3 0.016922 0.404687 0.421528 0.039062 0.054167 10 0.016281 0.101172 0.521528 0.160156 0.184722 7 0.012337 0.404687 0.421528 0.039062 0.054167 9 0.011032 0.04375 0.911806 0.0875 0.176389 0 0.009636 0.600391 0.449306 0.024219 0.068056 5 0.007786 0.020313 0.604167 0.040625 0.177778 1 0.006771 0.253906 0.6625 0.032813 0.080556 9 0.005775 0.047656 0.702083 0.095312 0.220833 1 0.004982 0.6 0.45 0.023438 0.069444 1 0.0042 0.454297 0.447222 0.019531 0.055556 2 0.003651 0.296484 0.418056 0.024219 0.052778 12 0.002935 0.305859 0.924306 0.080469 0.1375 12 0.002846 0.049219 0.909722 0.098437 0.180556 0 0.002323 0.951562 0.629167 0.0375 0.080556 1 0.002253 0.319922 0.488194 0.021094 0.051389 11 0.002234 0.047266 0.910417 0.094531 0.179167 0 0.002108 0.891797 0.534028 0.039844 0.073611 10 0.001748 0.972656 0.677778 0.054688 0.288889 0 0.001513 0.860938 0.538194 0.1 0.134722 10 0.001279 0.016797 0.51875 0.033594 0.356944 0 0.001188 0.328125 0.439583 0.023438 0.048611 0 0.001169 0.854297 0.5 0.025781 0.058333 10 0.001161 0.053516 0.908333 0.107031 0.183333 7 0.001143 0.048438 0.910417 0.095312 0.179167 10 0.001099 0.989844 0.661111 0.020313 0.158333
CCTV01^20260318-110000-20260318-120000_000395,8 0.872559 0.304688 0.805556 0.0625 0.147222 3 0.868164 0.267578 0.756944 0.077344 0.133333 3 0.832031 0.525 0.875 0.071875 0.194444 3 0.818848 0.241797 0.91875 0.075781 0.151389 10 0.802734 0.165234 0.742361 0.225781 0.356944 3 0.782715 0.323047 0.650694 0.061719 0.093056 0 0.583008 0.822266 0.805556 0.039844 0.116667 3 0.569824 0.151953 0.9375 0.094531 0.119444 4 0.537109 0.716016 0.606944 0.064844 0.147222 4 0.455078 0.952734 0.786111 0.094531 0.15 3 0.383057 0.953906 0.786806 0.092188 0.151389 2 0.258301 0.807031 0.511806 0.029687 0.068056 3 0.172119 0.716016 0.607639 0.064844 0.145833 5 0.151978 0.441016 0.451389 0.057031 0.075 3 0.117554 0.371484 0.450694 0.035156 0.070833 10 0.106689 0.078125 0.677778 0.15625 0.288889 2 0.092041 0.783984 0.477778 0.027344 0.063889 0 0.075867 0.345703 0.579861 0.035156 0.079167 10 0.070801 0.224219 0.573611 0.189062 0.213889 0 0.053589 0.754297 0.559028 0.030469 0.0625 10 0.029541 0.280078 0.463889 0.133594 0.127778 0 0.025269 0.990234 0.700694 0.019531 0.079167 5 0.02211 0.355859 0.949306 0.132031 0.101389 10 0.019119 0.017969 0.725 0.035937 0.422222 10 0.013741 0.022656 0.616667 0.045312 0.194444 10 0.012527 0.035937 0.677778 0.071875 0.311111 9 0.011162 0.287891 0.465278 0.116406 0.127778 3 0.011116 0.401172 0.383333 0.032031 0.047222 10 0.010902 0.019141 0.629167 0.038281 0.316667 3 0.010406 0.355859 0.949306 0.135156 0.101389 11 0.008987 0.278516 0.472222 0.136719 0.138889 1 0.008713 0.326562 0.718056 0.028125 0.066667 3 0.008545 0.485547 0.422917 0.044531 0.065278 2 0.007786 0.520703 0.376389 0.035156 0.05 12 0.007374 0.276953 0.46875 0.136719 0.1375 0 0.007175 0.103516 0.511806 0.160156 0.173611 0 0.006413 0.403125 0.489583 0.028125 0.070833 5 0.005322 0.486328 0.423611 0.044531 0.063889 0 0.005001 0.988281 0.65 0.023438 0.083333 12 0.004467 0.290625 0.999306 0.134375 0.001389 4 0.004181 0.371094 0.449306 0.035937 0.068056 7 0.003885 0.020313 0.777778 0.040625 0.141667 10 0.003456 0.26875 0.567361 0.11875 0.204167 12 0.003273 0.346875 0.584722 0.035937 0.075 1 0.003172 0.353906 0.773611 0.039062 0.086111 3 0.002747 0.014844 0.842361 0.029687 0.2375 2 0.002323 0.791406 0.488194 0.025 0.073611 9 0.00215 0.9875 0.7375 0.025 0.175 0 0.002003 0.990625 0.734722 0.01875 0.15 9 0.001912 0.241016 0.552083 0.149219 0.156944 11 0.001839 0.603516 0.49375 0.085156 0.165278 9 0.001831 0.988281 0.892361 0.023438 0.215278 2 0.001741 0.994531 0.913194 0.010937 0.173611 3 0.00172 0.994922 0.908333 0.010156 0.177778 10 0.001714 0.978906 0.700694 0.042188 0.3375 3 0.001561 0.520703 0.372222 0.036719 0.05 9 0.001561 0.020703 0.755556 0.041406 0.15 3 0.001461 0.008203 0.835417 0.016406 0.209722 10 0.001335 0.647656 0.314583 0.039062 0.104167 3 0.00132 0.979297 0.81875 0.041406 0.123611 4 0.001285 0.021484 0.809722 0.042969 0.177778 3 0.001156 0.273047 0.724306 0.063281 0.098611 3 0.001124 0.026953 0.827083 0.053906 0.176389 10 0.001116 0.952344 0.783333 0.095312 0.194444 10 0.001069 0.966406 0.715972 0.067187 0.376389
CCTV01^20260318-110000-20260318-120000_000399,10 0.843262 0.921875 0.821528 0.15625 0.356944 3 0.842773 0.523828 0.875694 0.071094 0.193056 3 0.830078 0.76875 0.845139 0.075 0.1625 3 0.728027 0.217969 0.766667 0.070312 0.125 5 0.645996 0.307031 0.909028 0.114062 0.170833 2 0.592773 0.808984 0.769444 0.046094 0.122222 2 0.488281 0.360156 0.816667 0.060937 0.122222 8 0.478516 0.302344 0.777778 0.060937 0.133333 10 0.449463 0.357422 0.529167 0.144531 0.225 10 0.438721 0.130078 0.603472 0.197656 0.254167 2 0.343262 0.273828 0.722917 0.049219 0.104167 2 0.29248 0.471094 0.473611 0.048438 0.063889 3 0.218628 0.345703 0.627778 0.055469 0.083333 3 0.191895 0.170703 0.952778 0.100781 0.094444 2 0.15918 0.864844 0.55 0.042188 0.075 10 0.156128 0.020703 0.60625 0.041406 0.190278 2 0.134277 0.505859 0.418056 0.036719 0.055556 0 0.117554 0.395703 0.902083 0.060156 0.098611 10 0.080078 0.076563 0.866667 0.151562 0.266667 6 0.052429 0.127734 0.603472 0.200781 0.254167 3 0.046021 0.470313 0.474306 0.05 0.0625 3 0.045013 0.50625 0.420139 0.040625 0.059722 9 0.042725 0.020703 0.629861 0.041406 0.240278 10 0.040253 0.282031 0.5125 0.145313 0.225 1 0.035828 0.195312 0.872222 0.0375 0.077778 10 0.0354 0.429688 0.420833 0.107813 0.136111 1 0.034363 0.160156 0.861111 0.035937 0.105556 5 0.030914 0.020703 0.593056 0.041406 0.175 9 0.023239 0.428906 0.417361 0.10625 0.131944 10 0.018723 0.024219 0.652778 0.048438 0.4 0 0.016403 0.194922 0.875 0.036719 0.077778 10 0.008003 0.976172 0.575 0.047656 0.138889 1 0.00729 0.198437 0.840278 0.035937 0.097222 3 0.005428 0.324609 0.595139 0.080469 0.093056 4 0.004906 0.029687 0.794444 0.059375 0.144444 1 0.004646 0.228906 0.645139 0.040625 0.076389 0 0.004433 0.019531 0.690972 0.039062 0.1375 0 0.00423 0.196484 0.843056 0.035156 0.108333 4 0.004166 0.029297 0.798611 0.058594 0.352778 0 0.003824 0.161719 0.856944 0.039062 0.108333 0 0.003483 0.825 0.479861 0.029687 0.068056 1 0.003429 0.284375 0.724306 0.04375 0.098611 0 0.003273 0.016406 0.677778 0.032813 0.097222 10 0.003172 0.029687 0.816667 0.059375 0.352778 10 0.002226 0.1 0.527778 0.15 0.197222 10 0.002035 0.598047 0.490972 0.067969 0.148611 10 0.001987 0.951172 0.766667 0.097656 0.466667 9 0.001803 0.980078 0.584722 0.039844 0.136111 12 0.001775 0.221875 0.998611 0.134375 0.002778 10 0.001755 0.016406 0.523611 0.032813 0.322222 0 0.001574 0.273438 0.722917 0.107813 0.206944 0 0.001394 0.189062 0.841667 0.084375 0.138889 1 0.001249 0.813672 0.19375 0.060156 0.168056 4 0.001235 0.050781 0.79375 0.101562 0.356944 11 0.001188 0.024609 0.749306 0.049219 0.334722 10 0.001151 0.964844 0.697917 0.070312 0.3625 0 0.001121 0.298047 0.738194 0.092969 0.204167 3 0.001078 0.523828 0.372917 0.030469 0.045833 0 0.001065 0.888672 0.549306 0.121094 0.159722 0 0.001024 0.750391 0.448611 0.028906 0.063889 10 0.001017 0.994141 0.515972 0.011719 0.109722 9 0.001004 0.028125 0.736806 0.05625 0.195833
CCTV01^20260318-110000-20260318-120000_000403,3 0.833496 0.525 0.875694 0.071875 0.193056 10 0.82959 0.233203 0.636806 0.191406 0.276389 3 0.792969 0.148047 0.931944 0.075781 0.130556 3 0.788086 0.313281 0.654861 0.073438 0.095833 5 0.775879 0.264453 0.786806 0.082031 0.145833 3 0.764648 0.740234 0.69375 0.064844 0.118056 5 0.740234 0.760156 0.855556 0.082812 0.213889 5 0.611328 0.259375 0.909028 0.109375 0.170833 0 0.607422 0.365234 0.925 0.050781 0.122222 10 0.52832 0.946875 0.865972 0.10625 0.268056 0 0.42627 0.832812 0.8625 0.05 0.147222 3 0.388672 0.723828 0.525694 0.052344 0.0875 2 0.361084 0.054688 0.865278 0.073438 0.133333 10 0.348633 0.076953 0.761111 0.153906 0.311111 3 0.300781 0.78125 0.572222 0.045312 0.088889 10 0.283691 0.285547 0.474306 0.146094 0.168056 3 0.248047 0.846094 0.717361 0.057813 0.129167 4 0.245117 0.846484 0.717361 0.058594 0.129167 10 0.158203 0.061328 0.683333 0.122656 0.302778 2 0.147583 0.503125 0.444444 0.035937 0.061111 3 0.140381 0.260547 0.914583 0.108594 0.165278 0 0.086609 0.166016 0.808333 0.064844 0.116667 5 0.075317 0.078125 0.768056 0.15625 0.258333 6 0.072876 0.076953 0.770833 0.152344 0.269444 10 0.068298 0.035547 0.677083 0.071094 0.301389 3 0.060974 0.031641 0.963194 0.063281 0.073611 0 0.050323 0.294531 0.725694 0.042188 0.084722 0 0.034241 0.989844 0.75625 0.020313 0.1125 10 0.032593 0.026172 0.627778 0.052344 0.225 9 0.025375 0.46875 0.404861 0.090625 0.140278 4 0.023956 0.077344 0.759722 0.154688 0.247222 10 0.016022 0.46875 0.40625 0.090625 0.140278 8 0.01519 0.787109 0.46875 0.033594 0.079167 10 0.013741 0.018359 0.606944 0.036719 0.188889 10 0.012054 0.983594 0.771528 0.032813 0.451389 12 0.011642 0.040625 0.999306 0.08125 0.001389 9 0.01133 0.982031 0.8125 0.035937 0.211111 4 0.011292 0.988672 0.776389 0.022656 0.163889 5 0.010208 0.0625 0.998611 0.125 0.002778 11 0.009857 0.078516 0.761806 0.155469 0.259722 1 0.008156 0.341797 0.520139 0.024219 0.0625 0 0.007694 0.103125 0.515278 0.159375 0.183333 0 0.007374 0.877344 0.529167 0.03125 0.075 10 0.006241 0.963281 0.770833 0.073438 0.458333 4 0.006145 0.971094 0.751389 0.057813 0.130556 0 0.006027 0.413672 0.409722 0.117969 0.155556 0 0.005981 0.183203 0.966667 0.044531 0.058333 10 0.005821 0.408203 0.4125 0.107031 0.152778 10 0.005642 0.96875 0.702083 0.0625 0.340278 2 0.005386 0.7875 0.468056 0.032813 0.077778 0 0.004467 0.851953 0.535417 0.036719 0.073611 3 0.003693 0.991797 0.740972 0.016406 0.131944 3 0.003298 0.027344 0.906944 0.054688 0.186111 2 0.002901 0.748437 0.455556 0.025 0.063889 12 0.002726 0.366797 0.928472 0.060156 0.120833 0 0.002512 0.828125 0.849306 0.084375 0.184722 1 0.002279 0.228125 0.975694 0.040625 0.045833 12 0.0021 0.358984 0.998611 0.114844 0.002778 4 0.00209 0.983594 0.740278 0.032813 0.119444 10 0.002083 0.986328 0.584722 0.027344 0.141667 1 0.001987 0.382031 0.5 0.026562 0.058333 10 0.001912 0.988672 0.814583 0.022656 0.204167 3 0.001824 0.9875 0.822917 0.025 0.193056 10 0.001531 0.982031 0.564583 0.035937 0.176389 12 0.001455 0.327344 0.999306 0.134375 0.001389 9 0.001416 0.405078 0.417361 0.099219 0.145833 3 0.00141 0.011719 0.95 0.023438 0.1 3 0.001335 0.988281 0.738889 0.023438 0.144444 10 0.001211 0.016016 0.540278 0.032031 0.333333 10 0.001206 0.101953 0.518056 0.153906 0.183333 3 0.001107 0.502344 0.444444 0.040625 0.063889 10 0.001065 0.992969 0.666667 0.014063 0.141667 1 0.001017 0.2875 0.702778 0.025 0.055556 3 0.001008 0.974219 0.822917 0.051562 0.204167
CCTV01^20260318-110000-20260318-120000_000407,3 0.866211 0.062891 0.901389 0.107031 0.163889 3 0.861328 0.167969 0.84375 0.078125 0.131944 3 0.849121 0.525 0.875694 0.071875 0.193056 8 0.848145 0.298828 0.729861 0.066406 0.129167 11 0.769043 0.147656 0.675 0.135937 0.166667 3 0.747559 0.683594 0.586806 0.054688 0.109722 4 0.65332 0.288672 0.876389 0.094531 0.202778 5 0.647949 0.233984 0.765972 0.060156 0.151389 5 0.581543 0.285547 0.64375 0.071094 0.123611 0 0.492188 0.751172 0.797917 0.042969 0.1125 0 0.470703 0.754687 0.699306 0.0375 0.093056 5 0.383057 0.974609 0.906944 0.050781 0.186111 3 0.329346 0.289062 0.877778 0.1 0.205556 3 0.313965 0.790234 0.527083 0.039844 0.0875 8 0.289307 0.795312 0.925 0.0625 0.144444 0 0.262939 0.782422 0.677778 0.030469 0.094444 3 0.226807 0.904297 0.94375 0.077344 0.109722 10 0.218628 0.410938 0.473611 0.120313 0.169444 3 0.172729 0.095312 0.949306 0.096875 0.101389 9 0.155029 0.410547 0.471528 0.119531 0.181944 0 0.150024 0.175391 0.929861 0.050781 0.120833 10 0.14856 0.086719 0.664583 0.173437 0.281944 2 0.122131 0.091016 0.783333 0.053906 0.108333 3 0.096008 0.410547 0.933333 0.125781 0.133333 11 0.080627 0.2625 0.570139 0.129688 0.165278 10 0.065857 0.975 0.910417 0.05 0.179167 2 0.060303 0.513672 0.411806 0.032031 0.051389 6 0.051453 0.975781 0.907639 0.048438 0.176389 4 0.036499 0.260547 0.570833 0.128906 0.158333 0 0.036072 0.007031 0.938889 0.014063 0.108333 3 0.035828 0.260547 0.574306 0.128906 0.156944 1 0.030212 0.005859 0.933333 0.011719 0.111111 1 0.029419 0.798828 0.626389 0.030469 0.077778 0 0.028442 0.965625 0.7 0.05 0.105556 1 0.026062 0.092188 0.785417 0.051562 0.109722 11 0.023865 0.795312 0.927083 0.0625 0.140278 1 0.023422 0.9125 0.680556 0.05 0.1 10 0.019791 0.020313 0.657639 0.040625 0.273611 8 0.018051 0.257812 0.568056 0.125 0.152778 3 0.017517 0.975781 0.909722 0.048438 0.175 3 0.016464 0.004687 0.829167 0.009375 0.155556 9 0.015427 0.254297 0.569444 0.117969 0.147222 0 0.012871 0.486328 0.460417 0.028906 0.0625 3 0.011734 0.006641 0.85 0.013281 0.15 4 0.011551 0.221484 0.949306 0.067969 0.101389 0 0.010368 0.757422 0.488194 0.032031 0.073611 2 0.008881 0.532422 0.367361 0.025781 0.051389 8 0.008881 0.3125 0.493056 0.040625 0.083333 1 0.008881 0.844531 0.570833 0.035937 0.086111 12 0.008614 0.487109 0.460417 0.027344 0.0625 0 0.008377 0.148047 0.768056 0.047656 0.102778 0 0.008347 0.991406 0.673611 0.017188 0.102778 0 0.007206 0.01875 0.893056 0.0375 0.102778 12 0.007038 0.219922 0.947917 0.064844 0.104167 3 0.006931 0.223438 0.535417 0.05625 0.073611 2 0.006538 0.004687 0.831944 0.009375 0.163889 1 0.006073 0.015234 0.899306 0.030469 0.1125 10 0.005844 0.015625 0.620833 0.03125 0.191667 10 0.004681 0.394922 0.403472 0.127344 0.1375 4 0.004665 0.010937 0.828472 0.021875 0.193056 0 0.00423 0.911328 0.679861 0.052344 0.109722 0 0.003914 0.098047 0.541667 0.164844 0.169444 10 0.003736 0.026172 0.597917 0.052344 0.356944 2 0.003607 0.286328 0.456944 0.028906 0.061111 9 0.003538 0.985156 0.752083 0.029687 0.168056 10 0.003363 0.495312 0.3375 0.071875 0.097222 4 0.003351 0.147656 0.674306 0.134375 0.195833 2 0.003027 0.844531 0.568056 0.035937 0.083333 3 0.002747 0.032813 0.813194 0.065625 0.270833 12 0.002502 0.340234 0.996528 0.132031 0.006944 12 0.002388 0.776172 0.999306 0.135156 0.001389 0 0.002253 0.844141 0.568056 0.033594 0.080556 3 0.002209 0.012891 0.842361 0.025781 0.268056 12 0.00215 0.007422 0.947222 0.014844 0.105556 5 0.00205 0.119531 0.584028 0.114062 0.1125 3 0.002035 0.986328 0.757639 0.027344 0.176389 0 0.001957 0.85625 0.51875 0.032813 0.068056 0 0.001912 0.922266 0.65 0.110156 0.177778 2 0.001897 0.808203 0.208333 0.074219 0.208333 12 0.001867 0.229687 0.988194 0.115625 0.023611 5 0.001782 0.020703 0.601389 0.041406 0.169444 12 0.001561 0.147266 0.999306 0.136719 0.001389 9 0.001531 0.392969 0.407639 0.123438 0.134722 10 0.001501 0.988672 0.534722 0.022656 0.125 3 0.001501 0.993359 0.75 0.013281 0.147222 12 0.001461 0.682422 0.998611 0.157031 0.002778 0 0.001444 0.798828 0.635417 0.035156 0.084722 0 0.001389 0.986328 0.676389 0.027344 0.116667 0 0.001356 0.963672 0.673611 0.069531 0.213889 9 0.001279 0.036719 0.705556 0.073438 0.35 10 0.001184 0.019922 0.763194 0.039844 0.359722 2 0.001032 0.119141 0.582639 0.110156 0.104167 10 0.001012 0.047266 0.702083 0.094531 0.345833
CCTV01^20260318-110000-20260318-120000_000412,3 0.873047 0.139844 0.876389 0.09375 0.141667 3 0.851074 0.135937 0.774306 0.082812 0.123611 10 0.845215 0.746484 0.657639 0.127344 0.304167 3 0.822266 0.525 0.875694 0.071875 0.193056 5 0.778809 0.335547 0.813889 0.088281 0.166667 3 0.769043 0.196094 0.768056 0.075 0.125 3 0.751953 0.034766 0.899306 0.069531 0.140278 8 0.645996 0.291406 0.63125 0.051562 0.115278 4 0.581543 0.260937 0.724306 0.064062 0.159722 5 0.541016 0.322656 0.568056 0.06875 0.102778 10 0.458008 0.086719 0.663889 0.173437 0.283333 0 0.428223 0.175781 0.913194 0.046875 0.118056 4 0.377441 0.164062 0.667361 0.085938 0.118056 0 0.270508 0.437891 0.907639 0.063281 0.106944 2 0.19812 0.289453 0.877778 0.050781 0.125 4 0.167725 0.241016 0.845139 0.066406 0.159722 9 0.160278 0.164453 0.66875 0.085156 0.118056 5 0.155029 0.232422 0.652083 0.047656 0.118056 2 0.134277 0.333203 0.9375 0.066406 0.108333 9 0.124207 0.232813 0.648611 0.046875 0.122222 1 0.099487 0.654687 0.513194 0.025 0.073611 9 0.091736 0.322656 0.565972 0.067187 0.101389 9 0.086304 0.294922 0.527083 0.088281 0.115278 3 0.085388 0.296875 0.526389 0.09375 0.113889 2 0.082397 0.227344 0.486111 0.034375 0.066667 11 0.070557 0.397656 0.470833 0.098437 0.130556 1 0.067566 0.75625 0.895833 0.042188 0.111111 3 0.045685 0.808984 0.657639 0.047656 0.120833 8 0.034088 0.395703 0.472917 0.097656 0.129167 1 0.034088 0.241797 0.84375 0.064844 0.148611 4 0.033325 0.231641 0.651389 0.046094 0.122222 0 0.027588 0.375 0.924306 0.071875 0.123611 9 0.026459 0.919531 0.847917 0.160938 0.304167 9 0.02272 0.397656 0.474306 0.095312 0.120833 2 0.019272 0.648828 0.388194 0.032031 0.070833 11 0.017441 0.296484 0.529167 0.089844 0.119444 10 0.017242 0.510547 0.360417 0.075781 0.115278 3 0.01622 0.095312 0.961806 0.101562 0.076389 10 0.015427 0.022266 0.606944 0.044531 0.177778 10 0.014282 0.91875 0.85 0.1625 0.3 2 0.01001 0.333984 0.995833 0.138281 0.008333 1 0.009933 0.091406 0.795139 0.04375 0.081944 0 0.009743 0.344922 0.452083 0.028906 0.0625 1 0.008125 0.098828 0.751389 0.047656 0.1 10 0.006641 0.01875 0.617361 0.0375 0.284722 12 0.006313 0.83125 0.459722 0.0375 0.080556 12 0.006218 0.939844 0.999306 0.120313 0.001389 2 0.005798 0.665234 0.332639 0.022656 0.043056 2 0.005062 0.194922 0.511111 0.035156 0.061111 0 0.004181 0.499219 0.4375 0.023438 0.061111 0 0.003809 0.378516 0.943056 0.057031 0.088889 10 0.003679 0.024219 0.777083 0.048438 0.418056 5 0.003664 0.423828 0.986806 0.152344 0.026389 10 0.003248 0.102734 0.508333 0.153906 0.166667 11 0.003248 0.919922 0.875 0.160156 0.25 4 0.002846 0.234766 0.779861 0.035156 0.095833 3 0.0028 0.015625 0.623611 0.03125 0.191667 10 0.002779 0.027734 0.603472 0.055469 0.3375 0 0.002493 0.098047 0.531944 0.164844 0.172222 3 0.002434 0.03125 0.8375 0.0625 0.325 5 0.00235 0.021094 0.599306 0.042188 0.170833 9 0.00227 0.510156 0.359722 0.075 0.116667 10 0.00226 0.043359 0.692361 0.086719 0.326389 0 0.002253 0.883984 0.5625 0.035156 0.080556 3 0.002165 0.008203 0.898611 0.016406 0.155556 3 0.00205 0.016406 0.754861 0.032813 0.1125 1 0.001942 0.083984 0.764583 0.060156 0.1125 0 0.001897 0.223047 0.613889 0.083594 0.166667 0 0.001755 0.992578 0.677778 0.014844 0.125 10 0.001636 0.046094 0.784028 0.092188 0.359722 2 0.001579 0.612891 0.151389 0.016406 0.030556 3 0.001501 0.649219 0.390278 0.032813 0.069444 12 0.001341 0.165625 0.997222 0.15 0.005556 5 0.001192 0.116797 0.590278 0.121094 0.113889 3 0.001124 0.010156 0.78125 0.020313 0.120833 3 0.001086 0.027344 0.925694 0.054688 0.148611 2 0.001065 0.192578 0.527083 0.036719 0.0875
CCTV01^20260318-110000-20260318-120000_000420,3 0.849121 0.524609 0.877083 0.071094 0.193056 3 0.809082 0.252734 0.843056 0.061719 0.136111 10 0.808594 0.925391 0.796528 0.146094 0.404167 5 0.770508 0.16875 0.763194 0.098437 0.131944 2 0.700684 0.105469 0.855556 0.071875 0.133333 2 0.525391 0.320312 0.649306 0.059375 0.104167 10 0.514648 0.291406 0.511806 0.148438 0.201389 0 0.478516 0.170313 0.835417 0.042188 0.098611 3 0.338135 0.167969 0.708333 0.089063 0.094444 0 0.282959 0.297656 0.909722 0.057813 0.136111 2 0.270508 0.076953 0.801389 0.080469 0.127778 3 0.233765 0.172266 0.944444 0.069531 0.108333 0 0.203735 0.300781 0.738889 0.039062 0.1 0 0.199341 0.261719 0.711806 0.0375 0.095833 10 0.199341 0.021875 0.652778 0.04375 0.25 1 0.196167 0.8 0.679861 0.032813 0.090278 0 0.132935 0.228125 0.734028 0.04375 0.104167 3 0.121704 0.648438 0.402083 0.03125 0.054167 2 0.121277 0.373828 0.507639 0.055469 0.090278 10 0.086914 0.128125 0.597917 0.189062 0.226389 0 0.054596 0.616797 0.435417 0.035156 0.0625 3 0.053406 0.479297 0.413194 0.042969 0.054167 0 0.042389 0.105078 0.7 0.055469 0.080556 2 0.041321 0.798047 0.4875 0.030469 0.061111 5 0.036774 0.021094 0.615278 0.042188 0.202778 0 0.036224 0.815234 0.529861 0.027344 0.070833 6 0.023331 0.128906 0.595833 0.190625 0.230556 3 0.019638 0.007031 0.876389 0.014063 0.208333 10 0.018539 0.669922 0.340278 0.032031 0.091667 3 0.014114 0.375 0.506944 0.057813 0.091667 2 0.013222 0.006641 0.861111 0.013281 0.197222 10 0.012146 0.032813 0.884722 0.065625 0.230556 6 0.011597 0.669922 0.340972 0.033594 0.093056 12 0.010132 0.066797 0.999306 0.133594 0.001389 3 0.009193 0.010547 0.878472 0.021094 0.240278 0 0.009056 0.226953 0.627778 0.033594 0.077778 10 0.008316 0.017969 0.670139 0.035937 0.415278 3 0.008186 0.032422 0.890278 0.064844 0.219444 3 0.007935 0.449219 0.490278 0.05625 0.044444 2 0.007725 0.827734 0.478472 0.027344 0.059722 3 0.007065 0.51875 0.368056 0.034375 0.061111 3 0.005936 0.167187 0.716667 0.114062 0.183333 0 0.005867 0.239453 0.659722 0.032031 0.069444 3 0.005554 0.019531 0.696528 0.039062 0.101389 4 0.004868 0.373437 0.507639 0.059375 0.095833 3 0.004593 0.634375 0.254861 0.017188 0.0375 10 0.004398 0.017969 0.606944 0.035937 0.197222 3 0.003622 0.021484 0.617361 0.042969 0.1875 4 0.003338 0.010937 0.855556 0.021875 0.227778 10 0.00326 0.100391 0.526389 0.149219 0.194444 2 0.003197 0.016016 0.690972 0.032031 0.118056 8 0.002846 0.010937 0.834028 0.021875 0.240278 3 0.002653 0.009375 0.705556 0.01875 0.1 10 0.002453 0.021875 0.859028 0.04375 0.281944 2 0.002415 0.880078 0.549306 0.039844 0.073611 9 0.002132 0.107422 0.610417 0.144531 0.195833 3 0.002058 0.991016 0.720833 0.017969 0.169444 12 0.001741 0.282813 0.997222 0.14375 0.005556 0 0.001714 0.018359 0.690278 0.036719 0.119444 3 0.001636 0.281641 0.629861 0.042969 0.095833 10 0.001561 0.966797 0.763889 0.066406 0.433333 0 0.001378 0.262891 0.706944 0.108594 0.144444 8 0.001346 0.005078 0.815972 0.010156 0.193056 3 0.001265 0.984766 0.725 0.030469 0.186111 0 0.001225 0.174609 0.832639 0.064844 0.118056 0 0.001147 0.298047 0.70625 0.089844 0.156944 10 0.001124 0.014844 0.530556 0.029687 0.338889 3 0.001116 0.9875 0.938889 0.025 0.122222 6 0.001069 0.289844 0.509028 0.15 0.204167 0 0.001057 0.260156 0.733333 0.035937 0.088889 0 0.001048 0.249609 0.681944 0.127344 0.169444 8 0.001024 0.414844 0.970833 0.160938 0.058333
CCTV01^20260318-110000-20260318-120000_000424,11 0.923828 0.163281 0.629861 0.195312 0.231944 3 0.839844 0.272656 0.702778 0.085938 0.1 3 0.836426 0.323047 0.816667 0.075781 0.136111 3 0.834473 0.525 0.876389 0.071875 0.194444 3 0.779785 0.773438 0.840972 0.075 0.1625 3 0.757812 0.177734 0.845833 0.066406 0.141667 3 0.720215 0.683984 0.575694 0.052344 0.095833 3 0.708984 0.776953 0.686111 0.078906 0.119444 5 0.692871 0.268359 0.627778 0.080469 0.1 10 0.619629 0.775781 0.55625 0.120313 0.206944 7 0.546875 0.247266 0.781944 0.060156 0.133333 10 0.521484 0.023047 0.65625 0.046094 0.265278 10 0.475586 0.237109 0.5 0.166406 0.147222 2 0.437744 0.975 0.79375 0.05 0.115278 4 0.40918 0.248438 0.783333 0.059375 0.138889 8 0.270508 0.391406 0.549306 0.054688 0.095833 3 0.216064 0.421875 0.490278 0.05625 0.052778 0 0.176636 0.89375 0.713194 0.045312 0.109722 1 0.171021 0.966016 0.935417 0.039844 0.109722 5 0.128906 0.032031 0.850694 0.064062 0.284722 2 0.125488 0.332813 0.588194 0.045312 0.081944 0 0.093994 0.9 0.945139 0.051562 0.106944 0 0.092041 0.282031 0.872917 0.064062 0.123611 0 0.091064 0.371094 0.942361 0.067187 0.101389 6 0.090759 0.033203 0.841667 0.066406 0.302778 0 0.089478 0.103906 0.783333 0.046875 0.116667 10 0.043518 0.026562 0.604861 0.053125 0.270833 0 0.038025 0.846484 0.551389 0.033594 0.080556 4 0.038025 0.280469 0.874306 0.0625 0.120833 10 0.034485 0.033594 0.852083 0.067187 0.2875 1 0.026657 0.328125 0.640278 0.028125 0.069444 8 0.024429 0.177734 0.616667 0.146094 0.197222 3 0.022461 0.030078 0.85 0.060156 0.291667 10 0.008575 0.102734 0.526389 0.153906 0.197222 10 0.008255 0.019922 0.604167 0.039844 0.197222 1 0.008034 0.96875 0.917361 0.0625 0.165278 9 0.006538 0.033594 0.8375 0.067187 0.319444 11 0.006462 0.192578 0.60625 0.136719 0.176389 10 0.00547 0.720313 0.309722 0.0375 0.094444 9 0.0047 0.195312 0.608333 0.140625 0.180556 12 0.003796 0.066016 0.998611 0.132031 0.002778 3 0.003538 0.014453 0.678472 0.028906 0.148611 3 0.003298 0.995313 0.9 0.009375 0.163889 4 0.003063 0.963281 0.670139 0.070312 0.1125 2 0.002737 0.442188 0.407639 0.032813 0.068056 5 0.002737 0.021875 0.602083 0.04375 0.181944 1 0.002714 0.901172 0.950694 0.052344 0.095833 0 0.002434 0.246875 0.770139 0.10625 0.176389 0 0.002378 0.994922 0.884028 0.010156 0.129167 3 0.002359 0.015625 0.63125 0.03125 0.170833 2 0.002243 0.34375 0.520833 0.045312 0.069444 12 0.001727 0.955469 0.998611 0.089063 0.002778 4 0.001714 0.978906 0.677778 0.042188 0.113889 0 0.001655 0.442188 0.407639 0.032813 0.068056 2 0.001636 0.913672 0.998611 0.132031 0.002778 12 0.001478 0.929297 0.998611 0.141406 0.002778 10 0.00145 0.016406 0.530556 0.032813 0.325 2 0.001315 0.99375 0.756944 0.0125 0.125 0 0.001184 0.677734 0.836806 0.039844 0.118056 0 0.001169 0.102734 0.524306 0.155469 0.195833 3 0.001124 0.994141 0.716667 0.011719 0.136111 4 0.001065 0.985156 0.688889 0.029687 0.116667 0 0.001024 0.205469 0.7875 0.110937 0.180556
CCTV01^20260318-110000-20260318-120000_000428,3 0.833496 0.525 0.875694 0.070312 0.193056 3 0.803223 0.241797 0.694444 0.067969 0.108333 3 0.792969 0.268359 0.905556 0.072656 0.15 3 0.675781 0.174219 0.90625 0.090625 0.1625 10 0.608398 0.120703 0.628472 0.200781 0.229167 5 0.567871 0.28125 0.743056 0.076563 0.147222 3 0.507812 0.336719 0.563194 0.06875 0.076389 1 0.445557 0.715234 0.832639 0.027344 0.095833 0 0.295898 0.337891 0.761806 0.039844 0.104167 0 0.282959 0.74375 0.76875 0.0375 0.104167 3 0.281494 0.259375 0.536806 0.042188 0.081944 1 0.230957 0.972266 0.952083 0.052344 0.090278 10 0.228149 0.021484 0.654861 0.042969 0.248611 6 0.202393 0.032813 0.836806 0.065625 0.326389 1 0.177246 0.167969 0.672222 0.045312 0.075 10 0.168823 0.340234 0.446528 0.132031 0.148611 3 0.147095 0.494141 0.44375 0.039844 0.059722 0 0.102661 0.216016 0.915278 0.036719 0.097222 1 0.092712 0.195312 0.709028 0.03125 0.079167 9 0.091064 0.022266 0.652778 0.044531 0.258333 12 0.068542 0.471094 0.384722 0.070312 0.122222 10 0.066345 0.033984 0.836111 0.067969 0.322222 5 0.059662 0.029687 0.8375 0.059375 0.322222 1 0.024231 0.249219 0.621528 0.029687 0.0625 0 0.022537 0.340234 0.618056 0.041406 0.088889 5 0.017853 0.021094 0.602778 0.042188 0.177778 1 0.015839 0.175 0.688194 0.057813 0.093056 8 0.015671 0.470703 0.383333 0.071094 0.119444 10 0.015671 0.025781 0.605556 0.051562 0.238889 0 0.015366 0.228516 0.569444 0.030469 0.066667 0 0.01297 0.301953 0.640972 0.039844 0.081944 1 0.008575 0.716797 0.833333 0.060156 0.108333 12 0.007488 0.064453 0.998611 0.128906 0.002778 4 0.006168 0.933984 0.606944 0.064844 0.119444 0 0.005688 0.747656 0.767361 0.067187 0.123611 10 0.00518 0.102734 0.523611 0.153906 0.191667 3 0.0047 0.933984 0.606944 0.064844 0.119444 0 0.00415 0.89375 0.544444 0.045312 0.094444 1 0.004086 0.602344 0.425 0.021875 0.05 3 0.003855 0.414062 0.528472 0.034375 0.073611 1 0.003099 0.683594 0.828472 0.048438 0.106944 10 0.003075 0.017188 0.683333 0.034375 0.402778 9 0.002935 0.032422 0.878472 0.064844 0.243056 4 0.002493 0.228906 0.568056 0.034375 0.069444 12 0.002462 0.205469 0.998611 0.145313 0.002778 10 0.002323 0.017969 0.605556 0.035937 0.194444 4 0.00227 0.167969 0.590972 0.109375 0.1375 1 0.002035 0.728516 0.827778 0.047656 0.108333 10 0.001875 0.016016 0.527778 0.032031 0.327778 6 0.001824 0.783594 0.392361 0.051562 0.115278 11 0.001768 0.023438 0.8125 0.046875 0.305556 9 0.001768 0.030859 0.686111 0.058594 0.413889 3 0.001484 0.022656 0.607639 0.045312 0.159722 3 0.00141 0.251563 0.459028 0.046875 0.070833 2 0.001315 0.330078 0.577778 0.057031 0.083333 0 0.001245 0.4125 0.529167 0.032813 0.069444 5 0.001211 0.416406 0.391667 0.0375 0.058333 2 0.001107 0.994922 0.876389 0.010156 0.169444 6 0.001099 0.123828 0.628472 0.199219 0.226389
CCTV01^20260318-110000-20260318-120000_000432,3 0.863281 0.258984 0.821528 0.066406 0.126389 3 0.836426 0.525391 0.875694 0.071094 0.193056 3 0.813965 0.290234 0.699306 0.071094 0.131944 3 0.79834 0.242188 0.688889 0.067187 0.105556 10 0.79248 0.130859 0.693056 0.177344 0.319444 9 0.782715 0.441406 0.425694 0.096875 0.123611 3 0.760742 0.325391 0.559028 0.061719 0.079167 0 0.637207 0.309375 0.860417 0.057813 0.118056 3 0.600098 0.222656 0.9375 0.079687 0.122222 6 0.571777 0.865625 0.603472 0.1 0.226389 3 0.291016 0.357422 0.604861 0.058594 0.081944 0 0.24939 0.79375 0.602083 0.03125 0.093056 4 0.23938 0.848828 0.720139 0.074219 0.159722 2 0.187134 0.498047 0.442361 0.039844 0.0625 3 0.176147 0.401172 0.513194 0.060156 0.076389 3 0.155029 0.017578 0.854861 0.035156 0.240278 1 0.124207 0.175 0.790278 0.035937 0.086111 3 0.123352 0.498437 0.44375 0.040625 0.0625 10 0.083862 0.017969 0.83125 0.035937 0.3375 10 0.082092 0.042188 0.66875 0.084375 0.290278 11 0.081543 0.039453 0.692361 0.078906 0.231944 1 0.066345 0.710156 0.495833 0.020313 0.063889 3 0.053589 0.125 0.964583 0.089063 0.070833 2 0.050507 0.847266 0.720833 0.072656 0.158333 10 0.043854 0.025781 0.664583 0.051562 0.284722 9 0.038025 0.470313 0.35 0.0875 0.094444 1 0.031143 0.319531 0.729861 0.029687 0.084722 3 0.024887 0.020313 0.6125 0.040625 0.183333 10 0.024704 0.864844 0.602083 0.098437 0.226389 5 0.023071 0.019922 0.605556 0.039844 0.172222 2 0.021042 0.401172 0.514583 0.058594 0.076389 0 0.013794 0.777734 0.484722 0.027344 0.061111 0 0.011162 0.274609 0.497917 0.033594 0.068056 0 0.010056 0.275 0.959722 0.032813 0.075 12 0.009819 0.317188 0.953472 0.05 0.084722 1 0.008949 0.275 0.958333 0.034375 0.077778 0 0.008415 0.376953 0.475 0.028906 0.063889 1 0.008186 0.708203 0.495833 0.033594 0.072222 3 0.007404 0.105859 0.961111 0.136719 0.077778 12 0.007011 0.295703 0.997917 0.125781 0.004167 1 0.006905 0.328125 0.505556 0.026562 0.05 3 0.00518 0.645312 0.39375 0.029687 0.054167 10 0.00502 0.016406 0.866667 0.032813 0.227778 0 0.004433 0.320703 0.727083 0.038281 0.093056 0 0.004433 0.103906 0.514583 0.160938 0.176389 1 0.004299 0.266016 0.594444 0.033594 0.072222 3 0.00428 0.527734 0.366667 0.028906 0.047222 9 0.004135 0.019922 0.727778 0.039844 0.444444 10 0.003651 0.026172 0.75625 0.052344 0.4875 1 0.003147 0.348047 0.48125 0.021094 0.056944 10 0.003124 0.103516 0.515278 0.155469 0.175 10 0.002958 0.017578 0.609028 0.035156 0.184722 0 0.0028 0.880078 0.49375 0.027344 0.059722 4 0.002453 0.951172 0.627778 0.042969 0.088889 10 0.002192 0.078906 0.65625 0.148438 0.273611 3 0.00215 0.95 0.627083 0.040625 0.081944 2 0.001926 0.008594 0.825694 0.017188 0.173611 0 0.001649 0.316406 0.95625 0.04375 0.081944 9 0.001574 0.039062 0.725694 0.078125 0.451389 12 0.00141 0.337109 0.999306 0.125781 0.001389 1 0.001249 0.677344 0.828472 0.0375 0.115278 2 0.001235 0.994531 0.904861 0.010937 0.173611 1 0.001202 0.333203 0.496528 0.027344 0.059722 10 0.001134 0.732812 0.343056 0.05 0.116667 0 0.001116 0.313672 0.475694 0.035156 0.065278
CCTV01^20260318-110000-20260318-120000_000605,5 0.950195 0.524219 0.877778 0.065625 0.188889 10 0.908203 0.75 0.804167 0.159375 0.380556 10 0.89502 0.630469 0.472222 0.0625 0.183333 10 0.863281 0.317578 0.565278 0.111719 0.202778 2 0.823242 0.294141 0.771528 0.041406 0.104167 3 0.809082 0.258594 0.711806 0.064062 0.095833 10 0.788574 0.246875 0.560417 0.129688 0.204167 10 0.722656 0.122266 0.557639 0.155469 0.201389 3 0.715332 0.398828 0.498611 0.046094 0.058333 3 0.6875 0.313281 0.709722 0.04375 0.091667 1 0.663574 0.2 0.794444 0.028125 0.080556 3 0.656738 0.469141 0.477083 0.042969 0.051389 0 0.654785 0.150781 0.692361 0.03125 0.084722 10 0.650391 0.059766 0.764583 0.119531 0.248611 2 0.649414 0.916016 0.700694 0.064844 0.140278 1 0.620605 0.241797 0.772917 0.024219 0.073611 10 0.582031 0.796094 0.684722 0.170313 0.319444 3 0.503906 0.440625 0.459028 0.04375 0.048611 10 0.456055 0.020703 0.652083 0.041406 0.243056 2 0.414795 0.86875 0.952778 0.053125 0.094444 1 0.388672 0.921875 0.936806 0.034375 0.090278 3 0.370117 0.489453 0.4375 0.038281 0.05 3 0.303955 0.659375 0.581944 0.046875 0.075 7 0.27832 0.698828 0.565278 0.044531 0.083333 3 0.226807 0.467578 0.427778 0.033594 0.044444 9 0.218018 0.797656 0.6875 0.170313 0.327778 3 0.206909 0.331641 0.444444 0.033594 0.038889 3 0.196777 0.428906 0.505556 0.046875 0.055556 3 0.176636 0.505469 0.403472 0.035937 0.043056 2 0.109314 0.368359 0.429167 0.022656 0.05 6 0.097046 0.059766 0.760417 0.119531 0.243056 10 0.088196 0.01875 0.610417 0.0375 0.165278 10 0.087585 0.027734 0.713889 0.055469 0.361111 10 0.083618 0.716797 0.466667 0.074219 0.141667 1 0.049042 0.908984 0.880556 0.027344 0.080556 2 0.048492 0.671094 0.522222 0.025 0.055556 10 0.046204 0.117578 0.896528 0.177344 0.206944 1 0.043213 0.921094 0.829167 0.0375 0.086111 2 0.029083 0.949609 0.861111 0.058594 0.105556 3 0.027481 0.332031 0.409028 0.0375 0.045833 3 0.020569 0.460547 0.448611 0.039844 0.041667 0 0.019196 0.982031 0.793056 0.035937 0.1 10 0.018616 0.971875 0.883333 0.05625 0.233333 1 0.018539 0.98125 0.79375 0.034375 0.095833 10 0.014557 0.913281 0.583333 0.154688 0.252778 11 0.013687 0.107813 0.894444 0.185938 0.211111 3 0.013428 0.448828 0.408333 0.033594 0.041667 9 0.013168 0.975781 0.850694 0.048438 0.298611 10 0.012924 0.803125 0.563889 0.139063 0.211111 9 0.012383 0.975 0.900694 0.05 0.181944 3 0.011871 0.673828 0.484722 0.030469 0.063889 2 0.011551 0.974219 0.913194 0.051562 0.1625 10 0.011467 0.100391 0.525694 0.147656 0.184722 3 0.010529 0.976953 0.890278 0.046094 0.205556 0 0.009895 0.13125 0.647222 0.039062 0.055556 0 0.008614 0.913672 0.581944 0.155469 0.252778 4 0.008446 0.699219 0.564583 0.045312 0.084722 0 0.007637 0.150781 0.709722 0.029687 0.069444 0 0.007011 0.99375 0.831944 0.0125 0.113889 11 0.006851 0.661328 0.401389 0.042969 0.097222 10 0.006439 0.673047 0.6625 0.044531 0.133333 3 0.005798 0.646094 0.338889 0.023438 0.044444 0 0.005344 0.367969 0.426389 0.023438 0.055556 3 0.00518 0.008594 0.254167 0.017188 0.036111 3 0.004906 0.989062 0.875 0.021875 0.177778 3 0.004791 0.672266 0.659722 0.047656 0.130556 9 0.004757 0.9875 0.856944 0.025 0.208333 10 0.004757 0.980078 0.848611 0.039844 0.302778 2 0.004593 0.830078 0.484722 0.028906 0.058333 3 0.004383 0.661719 0.279167 0.020313 0.038889 10 0.003885 0.478125 0.351389 0.1125 0.1 5 0.003469 0.971875 0.914583 0.05625 0.168056 2 0.00326 0.767578 0.393056 0.024219 0.047222 0 0.003147 0.394922 0.391667 0.019531 0.047222 3 0.00289 0.99375 0.863194 0.0125 0.154167 2 0.002823 0.961328 0.855556 0.069531 0.127778 5 0.002737 0.661719 0.399306 0.04375 0.095833 1 0.002611 0.238281 0.777083 0.032813 0.090278 2 0.002424 0.364453 0.436111 0.028906 0.055556 0 0.002323 0.922656 0.829861 0.039062 0.090278 4 0.00227 0.982422 0.796528 0.033594 0.106944 10 0.002075 0.966797 0.918056 0.066406 0.163889 2 0.002043 0.131641 0.647917 0.041406 0.056944 10 0.001957 0.9875 0.75625 0.025 0.3375 5 0.001867 0.925 0.997222 0.15 0.005556 5 0.001789 0.672656 0.661111 0.045312 0.130556 12 0.001755 0.914844 0.997222 0.15 0.005556 10 0.001734 0.017188 0.713889 0.034375 0.211111 10 0.001655 0.979297 0.579167 0.039844 0.263889 10 0.001549 0.985938 0.569444 0.025 0.258333 2 0.001309 0.674609 0.509722 0.027344 0.052778 10 0.001265 0.621484 0.380556 0.036719 0.116667 0 0.001073 0.157031 0.686111 0.05625 0.1 0 0.001032 0.951562 0.866667 0.0875 0.222222 0 0.001008 0.929297 0.872917 0.100781 0.206944
CCTV01^20260318-110000-20260318-120000_000609,11 0.944336 0.275781 0.768056 0.090625 0.211111 5 0.924805 0.523828 0.879167 0.064844 0.186111 10 0.912598 0.820703 0.596528 0.141406 0.234722 10 0.903809 0.691016 0.634722 0.122656 0.291667 10 0.897461 0.417187 0.446528 0.10625 0.154167 10 0.897461 0.225781 0.694444 0.142187 0.288889 10 0.885742 0.727344 0.486111 0.075 0.161111 10 0.836426 0.614453 0.339583 0.038281 0.101389 3 0.835449 0.734375 0.872917 0.071875 0.159722 3 0.788086 0.353906 0.560417 0.0625 0.0625 5 0.771973 0.324609 0.927083 0.074219 0.143056 2 0.767578 0.335938 0.629167 0.040625 0.083333 0 0.73877 0.342969 0.761111 0.032813 0.072222 10 0.728027 0.633203 0.481944 0.069531 0.191667 10 0.698242 0.186328 0.607639 0.149219 0.1875 3 0.622559 0.504297 0.413889 0.032031 0.055556 10 0.614258 0.070703 0.859028 0.141406 0.281944 4 0.605957 0.789844 0.727778 0.070312 0.119444 1 0.59082 0.182031 0.952778 0.03125 0.088889 7 0.562012 0.791406 0.729167 0.070312 0.125 1 0.548828 0.217578 0.890278 0.030469 0.088889 10 0.455078 0.910156 0.839583 0.179688 0.309722 10 0.391357 0.975781 0.794444 0.048438 0.361111 10 0.385742 0.021094 0.661806 0.042188 0.265278 6 0.383057 0.301563 0.492361 0.098437 0.123611 1 0.329346 0.136328 0.941667 0.038281 0.088889 3 0.289307 0.324219 0.927778 0.073438 0.141667 3 0.284668 0.236719 0.9625 0.0625 0.075 3 0.245117 0.753906 0.401389 0.032813 0.05 10 0.240723 0.301953 0.493056 0.097656 0.125 10 0.194946 0.123828 0.559028 0.166406 0.206944 3 0.132568 0.478516 0.409028 0.027344 0.043056 2 0.078918 0.842187 0.509722 0.025 0.047222 5 0.074768 0.729297 0.963889 0.072656 0.072222 6 0.069031 0.678516 0.368056 0.035156 0.077778 10 0.054993 0.017578 0.6125 0.035156 0.169444 0 0.052826 0.793359 0.433333 0.021094 0.05 3 0.049408 0.3875 0.380556 0.028125 0.041667 0 0.041626 0.803906 0.461111 0.020313 0.05 6 0.030914 0.664844 0.429861 0.042188 0.101389 5 0.024231 0.504687 0.411111 0.032813 0.061111 10 0.022202 0.678516 0.367361 0.033594 0.076389 5 0.021454 0.723828 0.9625 0.097656 0.075 10 0.016403 0.975 0.726389 0.05 0.219444 10 0.016342 0.664844 0.431944 0.042188 0.102778 3 0.015366 0.644531 0.364583 0.026562 0.051389 3 0.013847 0.507422 0.35625 0.030469 0.043056 10 0.010094 0.099219 0.520833 0.146875 0.186111 0 0.007259 0.8 0.456944 0.021875 0.047222 4 0.00573 0.667578 0.315278 0.021094 0.041667 3 0.00481 0.664844 0.429861 0.042188 0.101389 2 0.004215 0.853906 0.463194 0.029687 0.054167 11 0.00407 0.666406 0.429167 0.042188 0.1 2 0.003839 0.4 0.563889 0.026562 0.05 1 0.003511 0.125781 0.944444 0.05625 0.1 3 0.00279 0.008594 0.248611 0.017188 0.05 9 0.002779 0.289062 0.418056 0.045312 0.075 10 0.002653 0.922656 0.902083 0.154688 0.195833 4 0.002434 0.017578 0.64375 0.035156 0.084722 11 0.00205 0.289062 0.417361 0.045312 0.073611 1 0.001867 0.226953 0.893056 0.046094 0.097222 10 0.001824 0.444922 0.379167 0.086719 0.097222 10 0.001225 0.284766 0.440278 0.055469 0.125 10 0.001197 0.254688 0.638194 0.089063 0.181944 1 0.001024 0.210938 0.909028 0.034375 0.098611 10 0.001017 0.024219 0.6125 0.046875 0.208333
CCTV01^20260318-110000-20260318-120000_000613,10 0.943359 0.619922 0.427083 0.050781 0.148611 10 0.930176 0.354687 0.525694 0.123438 0.179167 11 0.922852 0.276953 0.755556 0.086719 0.205556 6 0.917969 0.69375 0.5875 0.084375 0.175 10 0.915039 0.747656 0.518056 0.0875 0.183333 10 0.88916 0.133203 0.716667 0.178906 0.305556 10 0.886719 0.848828 0.668056 0.139844 0.302778 6 0.875 0.761328 0.329861 0.035156 0.076389 5 0.875 0.322656 0.9125 0.065625 0.158333 10 0.872559 0.298828 0.510417 0.130469 0.168056 3 0.842773 0.197656 0.814583 0.060937 0.115278 10 0.832031 0.431641 0.396528 0.072656 0.098611 3 0.796875 0.237891 0.947222 0.063281 0.1 3 0.788086 0.634375 0.516667 0.035937 0.077778 10 0.777832 0.070312 0.7 0.140625 0.283333 0 0.763672 0.344531 0.765972 0.032813 0.070833 5 0.763672 0.523828 0.877778 0.064844 0.186111 2 0.740234 0.953906 0.850694 0.0625 0.1625 3 0.592773 0.796875 0.784722 0.078125 0.147222 2 0.581543 0.107031 0.89375 0.060937 0.106944 1 0.521484 0.21875 0.709722 0.03125 0.066667 3 0.474609 0.523828 0.877778 0.064844 0.186111 1 0.451416 0.682422 0.805556 0.027344 0.102778 3 0.443604 0.480469 0.420833 0.029687 0.047222 1 0.422607 0.7625 0.628472 0.023438 0.065278 6 0.363037 0.683984 0.447917 0.039844 0.098611 3 0.329346 0.826562 0.497222 0.05 0.063889 1 0.329346 0.708594 0.747222 0.025 0.072222 10 0.310791 0.780469 0.880556 0.160938 0.233333 2 0.305664 0.498047 0.433333 0.022656 0.05 0 0.305664 0.683594 0.805556 0.029687 0.097222 10 0.287842 0.684375 0.45 0.040625 0.094444 11 0.264404 0.683984 0.446528 0.039844 0.098611 10 0.250977 0.978906 0.790972 0.042188 0.331944 10 0.233032 0.126172 0.538194 0.164844 0.165278 5 0.20813 0.653125 0.419444 0.028125 0.080556 2 0.190674 0.7625 0.417361 0.023438 0.048611 9 0.162354 0.980078 0.804861 0.039844 0.354167 7 0.15918 0.957812 0.955556 0.08125 0.086111 10 0.153564 0.020703 0.68125 0.041406 0.290278 10 0.119629 0.523828 0.329861 0.063281 0.095833 5 0.083862 0.678516 0.357639 0.027344 0.056944 3 0.081787 0.055469 0.953472 0.110937 0.0875 7 0.077209 0.932422 0.729861 0.035156 0.093056 12 0.048309 0.954297 0.854861 0.064844 0.170833 10 0.044678 0.661719 0.308333 0.029687 0.086111 10 0.041321 0.018359 0.625694 0.036719 0.195833 3 0.03833 0.652344 0.420139 0.026562 0.081944 0 0.036072 0.7625 0.627778 0.021875 0.072222 0 0.033966 0.049609 0.886806 0.049219 0.065278 1 0.033966 0.047656 0.895139 0.045312 0.0625 10 0.031494 0.986719 0.797917 0.026562 0.318056 3 0.025665 0.678516 0.359028 0.027344 0.054167 1 0.023865 0.289453 0.652778 0.024219 0.055556 6 0.018768 0.973828 0.805556 0.052344 0.372222 2 0.015602 0.516016 0.402083 0.022656 0.051389 2 0.0149 0.902344 0.5125 0.029687 0.063889 11 0.009193 0.964063 0.834722 0.071875 0.330556 4 0.007812 0.932422 0.727083 0.035156 0.093056 1 0.007668 0.786719 0.454861 0.020313 0.045833 6 0.007404 0.653906 0.425 0.026562 0.072222 11 0.006691 0.982422 0.821528 0.035156 0.356944 10 0.005363 0.245703 0.38125 0.055469 0.090278 12 0.00526 0.058594 0.95625 0.117188 0.0875 1 0.005062 0.705078 0.759722 0.027344 0.080556 1 0.004868 0.376953 0.585417 0.024219 0.056944 10 0.004314 0.980469 0.728472 0.039062 0.204167 0 0.004299 0.376953 0.579861 0.022656 0.059722 11 0.003363 0.986719 0.8625 0.026562 0.275 3 0.003351 0.980469 0.581944 0.039062 0.102778 1 0.003298 0.760156 0.625694 0.035937 0.079167 10 0.002958 0.991016 0.823611 0.017969 0.255556 10 0.00255 0.980078 0.578472 0.039844 0.115278 0 0.002493 0.7875 0.453472 0.020313 0.045833 3 0.002472 0.008594 0.247917 0.017188 0.048611 3 0.002453 0.79375 0.754167 0.067187 0.091667 3 0.0021 0.495312 0.436806 0.025 0.056944 5 0.001824 0.935547 0.999306 0.128906 0.001389 2 0.001461 0.734766 0.359028 0.022656 0.043056 10 0.001389 0.098047 0.51875 0.147656 0.181944 4 0.001216 0.058203 0.95625 0.114844 0.084722 3 0.001211 0.982422 0.938194 0.035156 0.123611 0 0.001124 0.803906 0.436111 0.017188 0.055556 2 0.001057 0.110937 0.873611 0.054688 0.083333 2 0.001032 0.327734 0.3875 0.022656 0.038889 5 0.001008 0.458594 0.331944 0.026562 0.041667
CCTV01^20260318-110000-20260318-120000_000617,6 0.949219 0.74375 0.594444 0.078125 0.155556 5 0.940918 0.524609 0.878472 0.064844 0.184722 5 0.920898 0.314453 0.664583 0.057031 0.120833 10 0.909668 0.128125 0.809028 0.1625 0.356944 10 0.90918 0.658594 0.545139 0.09375 0.218056 10 0.908203 0.853125 0.678472 0.14375 0.309722 2 0.898438 0.957422 0.895139 0.063281 0.181944 10 0.890137 0.258594 0.508333 0.148438 0.166667 10 0.88623 0.397656 0.426389 0.095312 0.133333 6 0.866211 0.760547 0.328472 0.035156 0.076389 3 0.825684 0.323437 0.897917 0.0875 0.131944 2 0.813965 0.245312 0.779167 0.040625 0.097222 10 0.788086 0.617578 0.425 0.047656 0.155556 3 0.775879 0.723437 0.713889 0.0625 0.122222 11 0.740234 0.469141 0.413889 0.052344 0.083333 12 0.740234 0.255469 0.664583 0.05625 0.129167 3 0.729492 0.783984 0.840278 0.064844 0.119444 3 0.697754 0.416797 0.49375 0.055469 0.051389 12 0.675781 0.221484 0.911806 0.089844 0.170833 3 0.672363 0.396484 0.551389 0.046094 0.072222 2 0.67041 0.307031 0.961806 0.057813 0.070833 0 0.666992 0.351562 0.594444 0.025 0.061111 10 0.660156 0.676172 0.363889 0.042969 0.113889 2 0.600098 0.065234 0.754167 0.036719 0.088889 10 0.569824 0.753906 0.520833 0.082812 0.158333 10 0.568848 0.120703 0.556944 0.153906 0.2 2 0.563965 0.345313 0.493056 0.029687 0.058333 10 0.561035 0.01875 0.658333 0.0375 0.244444 1 0.480469 0.322656 0.733333 0.025 0.072222 0 0.470703 0.330469 0.530556 0.029687 0.061111 5 0.383057 0.697656 0.425694 0.032813 0.070833 1 0.383057 0.311719 0.572917 0.029687 0.059722 12 0.352295 0.975 0.7375 0.05 0.161111 4 0.300781 0.697656 0.425694 0.032813 0.068056 1 0.184814 0.032031 0.819444 0.028125 0.077778 9 0.175537 0.46875 0.413889 0.053125 0.083333 3 0.175537 0.841016 0.525 0.047656 0.075 3 0.162964 0.697656 0.425 0.032813 0.072222 10 0.125488 0.467187 0.359028 0.076563 0.095833 0 0.108215 0.335547 0.520139 0.027344 0.048611 10 0.082703 0.635156 0.340972 0.039062 0.1125 7 0.081238 0.221094 0.9125 0.090625 0.169444 2 0.057495 0.010547 0.911111 0.021094 0.141667 0 0.049591 0.044531 0.672222 0.05 0.091667 10 0.047607 0.016406 0.613194 0.032813 0.168056 1 0.046722 0.511719 0.397917 0.014063 0.043056 0 0.046021 0.99375 0.855556 0.0125 0.116667 0 0.040375 0.35 0.579861 0.020313 0.0625 1 0.038177 0.044531 0.677083 0.045312 0.084722 11 0.035004 0.976172 0.734028 0.047656 0.159722 3 0.031143 0.721094 0.415972 0.020313 0.048611 8 0.027374 0.975391 0.733333 0.049219 0.158333 2 0.022369 0.297656 0.963194 0.09375 0.073611 9 0.02153 0.220703 0.911111 0.091406 0.169444 1 0.020416 0.227734 0.609722 0.024219 0.058333 5 0.019196 0.801172 0.927083 0.089844 0.140278 0 0.01738 0.010156 0.918056 0.020313 0.125 0 0.015129 0.318359 0.566667 0.024219 0.055556 2 0.014557 0.721094 0.415972 0.020313 0.045833 1 0.014061 0.788281 0.465278 0.01875 0.05 10 0.014061 0.012109 0.86875 0.024219 0.2625 3 0.013741 0.661328 0.439583 0.030469 0.054167 1 0.012482 0.389062 0.490972 0.017188 0.043056 3 0.012009 0.99375 0.845833 0.0125 0.119444 0 0.011642 0.415234 0.492361 0.052344 0.051389 10 0.010902 0.102734 0.523611 0.152344 0.180556 1 0.010208 0.003125 0.788889 0.00625 0.077778 1 0.009781 0.01875 0.89375 0.032813 0.118056 7 0.009598 0.255078 0.663889 0.060156 0.130556 0 0.009125 0.8375 0.454861 0.021875 0.051389 0 0.009125 0.325391 0.525694 0.027344 0.056944 0 0.008575 0.377734 0.586111 0.024219 0.055556 9 0.008034 0.934766 0.736806 0.027344 0.081944 0 0.007175 0.898047 0.557639 0.022656 0.0625 9 0.006489 0.802734 0.927778 0.089844 0.138889 3 0.00605 0.003516 0.790972 0.007031 0.079167 0 0.00518 0.103516 0.677778 0.035156 0.075 7 0.00502 0.934766 0.735417 0.027344 0.084722 1 0.005001 0.102734 0.676389 0.036719 0.075 6 0.004982 0.764844 0.340972 0.029687 0.0625 2 0.004116 0.288281 0.979167 0.117188 0.041667 0 0.004005 0.686719 0.734028 0.020313 0.073611 10 0.003975 0.009766 0.809722 0.019531 0.338889 11 0.003593 0.803125 0.929167 0.090625 0.136111 6 0.003511 0.802734 0.926389 0.091406 0.141667 1 0.003456 0.351172 0.556944 0.017969 0.055556 0 0.003403 0.991406 0.854167 0.017188 0.138889 3 0.003147 0.801172 0.928472 0.089844 0.140278 0 0.002602 0.347266 0.603472 0.028906 0.068056 0 0.002571 0.530469 0.390972 0.017188 0.043056 1 0.002571 0.038672 0.694444 0.035156 0.063889 1 0.002398 0.710156 0.498611 0.017188 0.044444 1 0.002378 0.329297 0.475694 0.016406 0.056944 1 0.002306 0.686328 0.742361 0.022656 0.0875 1 0.002216 0.346875 0.78125 0.021875 0.056944 3 0.002125 0.727344 0.352778 0.025 0.041667 11 0.002083 0.991406 0.849306 0.017188 0.1375 0 0.00205 0.016797 0.881944 0.027344 0.094444 3 0.002028 0.008203 0.927778 0.016406 0.133333 0 0.00181 0.361328 0.590972 0.036719 0.0625 3 0.0017 0.005859 0.835417 0.011719 0.129167 2 0.001623 0.877344 0.536806 0.029687 0.0625 0 0.001543 0.764844 0.395833 0.020313 0.05 0 0.001531 0.7875 0.470139 0.017188 0.054167 2 0.001513 0.986328 0.672222 0.027344 0.138889 4 0.001495 0.801172 0.927778 0.091406 0.138889 3 0.001421 0.008594 0.248611 0.017188 0.044444 3 0.001335 0.802734 0.504861 0.028906 0.0375 1 0.00133 0.603125 0.486111 0.020313 0.052778 11 0.001285 0.983594 0.795139 0.03125 0.293056 0 0.001265 0.994922 0.885417 0.010156 0.154167 1 0.001192 0.297656 0.626389 0.023438 0.058333 10 0.001192 0.017578 0.844444 0.035156 0.311111 10 0.001095 0.978125 0.581944 0.04375 0.136111 0 0.001053 0.054297 0.669444 0.044531 0.077778 10 0.00104 0.982031 0.686111 0.035937 0.280556
CCTV01^20260318-110000-20260318-120000_000621,5 0.967285 0.523828 0.878472 0.066406 0.184722 10 0.94873 0.629297 0.480556 0.064844 0.188889 12 0.944824 0.307812 0.634722 0.073438 0.141667 6 0.917969 0.791797 0.706944 0.091406 0.202778 10 0.914062 0.707031 0.672222 0.123438 0.3 10 0.908203 0.884375 0.723611 0.164062 0.341667 5 0.854004 0.502344 0.396528 0.035937 0.056944 10 0.852539 0.309766 0.530556 0.150781 0.188889 3 0.851074 0.301172 0.869444 0.061719 0.133333 2 0.825684 0.964453 0.91875 0.067969 0.159722 10 0.801758 0.767578 0.549306 0.088281 0.190278 6 0.788086 0.761328 0.327778 0.035156 0.077778 3 0.779785 0.142187 0.76875 0.075 0.109722 2 0.778809 0.286719 0.754861 0.039062 0.095833 10 0.749023 0.452734 0.375 0.078906 0.108333 5 0.749023 0.209375 0.836111 0.076563 0.163889 3 0.743164 0.13125 0.886806 0.076563 0.131944 2 0.728027 0.401172 0.469444 0.032031 0.058333 5 0.713867 0.706641 0.452778 0.033594 0.075 10 0.676758 0.040234 0.866667 0.080469 0.266667 2 0.662109 0.24375 0.742361 0.0375 0.0875 3 0.635254 0.84375 0.527083 0.046875 0.070833 10 0.625 0.3375 0.439583 0.115625 0.134722 10 0.60498 0.020313 0.654167 0.040625 0.244444 3 0.575684 0.248828 0.677083 0.049219 0.084722 12 0.437744 0.457813 0.41875 0.046875 0.068056 3 0.401611 0.357031 0.585417 0.042188 0.0625 3 0.361084 0.70625 0.453472 0.034375 0.073611 1 0.354004 0.108984 0.740972 0.027344 0.070833 10 0.341553 0.616797 0.311806 0.033594 0.095833 1 0.32251 0.055469 0.967361 0.035937 0.059722 2 0.30249 0.974219 0.735417 0.039062 0.0875 0 0.246582 0.14375 0.643056 0.048438 0.080556 2 0.166626 0.907422 0.544444 0.027344 0.055556 1 0.137085 0.189844 0.661111 0.026562 0.066667 9 0.107056 0.457813 0.421528 0.046875 0.076389 3 0.101257 0.919922 0.615972 0.052344 0.081944 5 0.082703 0.796875 0.9375 0.079687 0.113889 10 0.078369 0.512891 0.318056 0.064844 0.086111 10 0.073669 0.125 0.557639 0.160938 0.204167 3 0.057495 0.878125 0.952778 0.078125 0.088889 10 0.054993 0.658594 0.284028 0.029687 0.081944 10 0.052032 0.655078 0.402778 0.057031 0.138889 3 0.049042 0.185156 0.972917 0.078125 0.054167 1 0.046204 0.201172 0.723611 0.027344 0.069444 0 0.03775 0.201563 0.722917 0.026562 0.068056 1 0.031982 0.196094 0.66875 0.039062 0.079167 10 0.028214 0.791016 0.70625 0.089844 0.201389 6 0.027695 0.788672 0.480556 0.042969 0.102778 2 0.020721 0.990234 0.679861 0.019531 0.090278 2 0.019791 0.99375 0.695139 0.0125 0.084722 1 0.018478 0.207031 0.680556 0.028125 0.072222 3 0.018265 0.990625 0.685417 0.01875 0.095833 2 0.012573 0.970703 0.686806 0.049219 0.079167 10 0.012337 0.016406 0.613194 0.032813 0.176389 0 0.012192 0.101953 0.65 0.039844 0.061111 10 0.009636 0.012109 0.685417 0.024219 0.334722 3 0.009125 0.99375 0.805556 0.0125 0.116667 3 0.008675 0.9875 0.81875 0.021875 0.168056 10 0.007607 0.332031 0.461806 0.101562 0.090278 3 0.007259 0.211719 0.597917 0.060937 0.095833 5 0.007095 0.9875 0.68125 0.025 0.081944 10 0.006851 0.985156 0.833333 0.029687 0.333333 3 0.00639 0.008594 0.256944 0.017188 0.033333 2 0.00639 0.789453 0.481944 0.041406 0.108333 0 0.006363 0.098828 0.661111 0.033594 0.061111 10 0.005619 0.690234 0.377083 0.047656 0.101389 3 0.005161 0.003906 0.739583 0.007812 0.1125 3 0.005062 0.994531 0.899306 0.010937 0.154167 0 0.005039 0.287109 0.415972 0.021094 0.043056 6 0.005001 0.983594 0.850694 0.032813 0.298611 6 0.00452 0.973047 0.904167 0.053906 0.191667 3 0.004265 0.992969 0.827778 0.014063 0.172222 10 0.003721 0.988672 0.739583 0.022656 0.284722 10 0.003325 0.104297 0.527778 0.153906 0.188889 1 0.003273 0.028125 0.640972 0.040625 0.073611 2 0.003197 0.994922 0.717361 0.010156 0.073611 3 0.003016 0.987891 0.672222 0.022656 0.094444 0 0.002993 0.953906 0.611111 0.025 0.063889 3 0.002981 0.995313 0.840972 0.009375 0.173611 0 0.00297 0.204687 0.707639 0.029687 0.0875 0 0.002855 0.103516 0.632639 0.044531 0.090278 10 0.002714 0.982422 0.582639 0.035156 0.126389 2 0.00259 0.878125 0.952083 0.08125 0.090278 2 0.002472 0.99375 0.665278 0.0125 0.108333 10 0.002453 0.011328 0.76875 0.022656 0.365278 3 0.00226 0.006641 0.748611 0.013281 0.130556 3 0.002199 0.90625 0.592361 0.057813 0.0625 0 0.002115 0.125391 0.555556 0.161719 0.202778 2 0.001965 0.39375 0.448611 0.028125 0.052778 0 0.001707 0.880078 0.502083 0.025781 0.054167 4 0.001495 0.211719 0.598611 0.060937 0.1 0 0.001421 0.034766 0.640278 0.027344 0.069444 0 0.001389 0.408203 0.413194 0.019531 0.045833 3 0.001356 0.794922 0.936806 0.067969 0.1125 8 0.001143 0.789062 0.480556 0.04375 0.097222 0 0.001048 0.003906 0.727083 0.007812 0.098611
CCTV01^20260318-110000-20260318-120000_000625,5 0.953613 0.524219 0.879167 0.065625 0.186111 12 0.939453 0.352344 0.590278 0.092188 0.130556 10 0.919434 0.757422 0.818056 0.152344 0.35 10 0.908203 0.775 0.570139 0.092188 0.206944 10 0.904785 0.665234 0.319444 0.039844 0.116667 10 0.899414 0.408984 0.44375 0.116406 0.148611 10 0.882812 0.898828 0.738889 0.196094 0.327778 10 0.878906 0.097656 0.732639 0.195312 0.318056 10 0.873535 0.660547 0.565278 0.107031 0.247222 6 0.852051 0.761328 0.327778 0.035156 0.075 3 0.851074 0.307422 0.699306 0.053906 0.095833 10 0.848145 0.617578 0.34375 0.041406 0.1125 3 0.816406 0.182812 0.797917 0.070312 0.1125 3 0.806641 0.279297 0.895833 0.069531 0.147222 3 0.775879 0.228906 0.833333 0.073438 0.141667 10 0.747559 0.680469 0.465278 0.075 0.177778 2 0.743164 0.120703 0.810417 0.053906 0.104167 5 0.710449 0.257422 0.673611 0.061719 0.119444 3 0.708984 0.100781 0.946528 0.090625 0.104167 3 0.6875 0.303516 0.516667 0.049219 0.061111 1 0.680664 0.291406 0.763889 0.026562 0.077778 2 0.663574 0.280078 0.566667 0.028906 0.069444 3 0.46875 0.237109 0.629861 0.053906 0.076389 10 0.35498 0.020703 0.703472 0.041406 0.365278 10 0.332764 0.447266 0.366667 0.097656 0.088889 1 0.329346 0.331641 0.727083 0.022656 0.076389 1 0.305664 0.597656 0.523611 0.017188 0.052778 2 0.299072 0.846094 0.561111 0.032813 0.061111 3 0.291016 0.165234 0.959028 0.082031 0.079167 1 0.27832 0.579688 0.491667 0.015625 0.052778 1 0.210815 0.205469 0.676389 0.025 0.063889 1 0.194336 0.189062 0.7125 0.03125 0.063889 10 0.166626 0.126562 0.547222 0.159375 0.180556 5 0.135742 0.353516 0.590972 0.096094 0.131944 10 0.106689 0.019922 0.624306 0.039844 0.1875 0 0.102661 0.273047 0.488194 0.027344 0.059722 2 0.100159 0.328125 0.4375 0.021875 0.047222 6 0.097412 0.353125 0.589583 0.09375 0.131944 0 0.095337 0.205859 0.674306 0.024219 0.059722 5 0.086914 0.972656 0.940972 0.054688 0.1125 10 0.063232 0.732812 0.442361 0.1 0.1625 0 0.033722 0.993359 0.707639 0.013281 0.0875 0 0.031982 0.301953 0.420139 0.030469 0.0625 3 0.031982 0.993359 0.888889 0.013281 0.161111 3 0.030106 0.986328 0.742361 0.027344 0.104167 0 0.024429 0.33125 0.723611 0.021875 0.069444 3 0.017715 0.727344 0.598611 0.032813 0.058333 1 0.017639 0.587109 0.445139 0.014844 0.045833 3 0.015251 0.993359 0.725694 0.013281 0.118056 2 0.015015 0.302734 0.421528 0.030469 0.0625 3 0.012924 0.990625 0.888889 0.01875 0.191667 10 0.010612 0.976172 0.741667 0.047656 0.327778 1 0.010056 0.2875 0.747222 0.029687 0.069444 0 0.009521 0.187109 0.713194 0.030469 0.068056 10 0.009453 0.524609 0.315972 0.058594 0.084722 7 0.009056 0.96875 0.939583 0.0625 0.120833 0 0.007904 0.914844 0.5375 0.026562 0.063889 4 0.007488 0.639453 0.404167 0.019531 0.058333 12 0.007095 0.953125 0.999306 0.09375 0.001389 0 0.006512 0.171094 0.5875 0.026562 0.063889 10 0.004646 0.9 0.908333 0.159375 0.177778 10 0.004215 0.721484 0.483333 0.052344 0.083333 2 0.004166 0.971094 0.939583 0.057813 0.115278 1 0.003622 0.570312 0.494444 0.014063 0.066667 6 0.003325 0.969922 0.939583 0.060156 0.120833 3 0.003147 0.751953 0.665278 0.060156 0.119444 11 0.003124 0.89375 0.911806 0.146875 0.176389 3 0.002981 0.979688 0.738889 0.0375 0.083333 10 0.002693 0.978906 0.579167 0.042188 0.133333 0 0.002192 0.614844 0.414583 0.017188 0.045833 3 0.0021 0.259766 0.976389 0.064844 0.041667 1 0.002075 0.573828 0.488889 0.021094 0.058333 1 0.001957 0.592578 0.515972 0.019531 0.051389 9 0.001897 0.723828 0.48125 0.024219 0.070833 10 0.001796 0.726172 0.485417 0.027344 0.076389 2 0.001796 0.2875 0.547917 0.039062 0.070833 1 0.001661 0.294531 0.741667 0.032813 0.088889 3 0.001623 0.261719 0.978472 0.129688 0.043056 5 0.001554 0.726172 0.486111 0.024219 0.077778 7 0.001554 0.915625 0.920139 0.16875 0.156944 0 0.001525 0.265625 0.48125 0.03125 0.065278 0 0.001444 0.276953 0.4375 0.017969 0.044444 10 0.001315 0.977344 0.649306 0.045312 0.256944 1 0.001245 0.33125 0.745833 0.025 0.066667 0 0.001225 0.120313 0.547917 0.165625 0.190278 12 0.001116 0.639453 0.404167 0.019531 0.058333 2 0.001053 0.727344 0.345139 0.020313 0.045833
CCTV01^20260318-110000-20260318-120000_000629,5 0.960449 0.524609 0.879167 0.064844 0.186111 9 0.947266 0.345703 0.9 0.071094 0.147222 10 0.90625 0.775781 0.844444 0.164062 0.305556 10 0.905273 0.621094 0.375 0.045312 0.122222 10 0.891602 0.66875 0.583333 0.109375 0.252778 5 0.889648 0.294922 0.760417 0.058594 0.134722 10 0.88916 0.9 0.748611 0.196875 0.341667 10 0.88623 0.298828 0.504861 0.138281 0.168056 3 0.859863 0.213672 0.857639 0.078906 0.1375 6 0.842773 0.794531 0.414583 0.051562 0.115278 12 0.839844 0.486719 0.431944 0.048438 0.086111 3 0.838867 0.271875 0.915278 0.065625 0.152778 3 0.833496 0.326172 0.655556 0.057031 0.091667 3 0.827637 0.373828 0.547917 0.046094 0.065278 10 0.827148 0.776953 0.580556 0.088281 0.211111 3 0.81543 0.253125 0.727778 0.065625 0.122222 10 0.794922 0.124609 0.553472 0.158594 0.193056 3 0.792969 0.323828 0.564583 0.057031 0.065278 3 0.751953 0.210938 0.708333 0.065625 0.094444 3 0.746094 0.148828 0.835417 0.078906 0.1125 2 0.740234 0.214844 0.611806 0.032813 0.076389 2 0.725098 0.174609 0.675 0.042969 0.088889 10 0.674805 0.019531 0.6625 0.039062 0.258333 10 0.618652 0.682422 0.375694 0.057031 0.129167 5 0.613281 0.410156 0.469444 0.060937 0.075 10 0.397949 0.498047 0.361806 0.077344 0.101389 1 0.368408 0.574219 0.533333 0.017188 0.055556 3 0.32251 0.462109 0.488889 0.042969 0.038889 1 0.303955 0.508984 0.465278 0.019531 0.05 10 0.141724 0.695312 0.4875 0.0875 0.180556 3 0.131592 0.436328 0.433333 0.033594 0.036111 10 0.128906 0.017969 0.616667 0.035937 0.172222 0 0.108215 0.167187 0.602083 0.0375 0.084722 5 0.100525 0.969922 0.940972 0.060156 0.115278 0 0.094666 0.006641 0.859722 0.013281 0.166667 0 0.075317 0.574609 0.530556 0.016406 0.052778 3 0.050903 0.760156 0.692361 0.060937 0.115278 1 0.046722 0.588672 0.519444 0.016406 0.05 10 0.043213 0.012109 0.861111 0.024219 0.277778 3 0.041931 0.403516 0.55625 0.033594 0.076389 1 0.040985 0.369141 0.498611 0.022656 0.041667 0 0.038177 0.894922 0.568056 0.035156 0.075 1 0.029419 0.057813 0.770139 0.021875 0.073611 0 0.028549 0.345703 0.398611 0.022656 0.05 8 0.024429 0.008594 0.874306 0.017188 0.140278 3 0.02298 0.759375 0.666667 0.053125 0.061111 0 0.019424 0.84375 0.559028 0.025 0.056944 0 0.018051 0.441797 0.397917 0.017969 0.034722 1 0.017639 0.442188 0.396528 0.01875 0.034722 10 0.017303 0.961328 0.751389 0.077344 0.325 1 0.014336 0.592578 0.520833 0.019531 0.058333 3 0.013847 0.006641 0.817361 0.013281 0.129167 3 0.013741 0.008594 0.256944 0.017188 0.033333 0 0.011917 0.589844 0.511111 0.017188 0.052778 10 0.010948 0.103906 0.527083 0.154688 0.184722 2 0.0093 0.96875 0.941667 0.059375 0.113889 3 0.008675 0.738672 0.625 0.035156 0.072222 0 0.007374 0.846094 0.878472 0.0375 0.084722 3 0.007347 0.385156 0.378472 0.025 0.040278 1 0.007065 0.602734 0.536111 0.017969 0.058333 7 0.006615 0.964063 0.943056 0.071875 0.113889 2 0.006264 0.991797 0.895833 0.016406 0.175 0 0.005821 0.604297 0.540972 0.016406 0.054167 2 0.0056 0.986328 0.896528 0.027344 0.179167 3 0.0056 0.907422 0.955556 0.097656 0.086111 2 0.005138 0.009375 0.838889 0.01875 0.183333 3 0.004539 0.140234 0.939583 0.136719 0.104167 0 0.003273 0.54375 0.384722 0.017188 0.041667 10 0.003075 0.978125 0.573611 0.04375 0.136111 8 0.002958 0.008984 0.825694 0.017969 0.151389 0 0.0028 0.006641 0.909028 0.013281 0.134722 10 0.002115 0.663672 0.317361 0.035156 0.095833 3 0.001912 0.011719 0.655556 0.023438 0.066667 0 0.001839 0.597656 0.504861 0.01875 0.051389 10 0.00149 0.020313 0.847222 0.040625 0.305556 0 0.001461 0.836328 0.475 0.022656 0.05 5 0.001356 0.993359 0.536806 0.013281 0.090278 2 0.001351 0.989844 0.85625 0.020313 0.154167 12 0.001335 0.951172 0.999306 0.097656 0.001389 5 0.001305 0.907813 0.95625 0.1 0.084722 2 0.001294 0.990234 0.932639 0.019531 0.120833 10 0.001124 0.977344 0.664583 0.045312 0.298611 5 0.001107 0.141016 0.944444 0.125781 0.105556 0 0.001057 0.456641 0.422222 0.016406 0.047222
CCTV01^20260318-110000-20260318-120000_000633,5 0.970215 0.523828 0.878472 0.066406 0.184722 9 0.923828 0.294922 0.780556 0.067969 0.122222 10 0.911621 0.9 0.764583 0.196875 0.359722 5 0.890137 0.464453 0.422222 0.044531 0.061111 10 0.882324 0.625781 0.397917 0.05 0.1375 10 0.874512 0.698438 0.686111 0.128125 0.322222 3 0.869629 0.246094 0.891667 0.0625 0.141667 5 0.859863 0.744922 0.920139 0.066406 0.156944 10 0.856445 0.124609 0.846528 0.169531 0.304167 3 0.836426 0.344141 0.472222 0.041406 0.052778 3 0.827637 0.311328 0.535417 0.052344 0.059722 6 0.827637 0.859766 0.528472 0.085156 0.165278 12 0.822266 0.248828 0.655556 0.085156 0.144444 10 0.818359 0.069531 0.727778 0.139063 0.297222 3 0.817383 0.39375 0.446528 0.028125 0.048611 3 0.805664 0.379297 0.501389 0.044531 0.058333 3 0.786621 0.86875 0.898611 0.0875 0.158333 3 0.782715 0.333203 0.574306 0.061719 0.073611 2 0.78125 0.819922 0.946528 0.052344 0.104167 3 0.777344 0.313672 0.689583 0.057031 0.104167 10 0.772461 0.719141 0.563194 0.097656 0.243056 3 0.769043 0.494922 0.443056 0.035156 0.047222 5 0.743164 0.375 0.586111 0.071875 0.088889 0 0.658203 0.258594 0.5125 0.023438 0.055556 10 0.639648 0.725 0.433333 0.109375 0.166667 3 0.638672 0.419922 0.484722 0.041406 0.058333 3 0.625977 0.469141 0.479167 0.044531 0.058333 3 0.616699 0.628125 0.521528 0.029687 0.059722 10 0.580566 0.123828 0.547917 0.155469 0.181944 10 0.548828 0.465234 0.370833 0.085156 0.105556 10 0.363037 0.7875 0.577083 0.071875 0.2125 12 0.350342 0.661328 0.46875 0.030469 0.084722 10 0.269043 0.673828 0.358333 0.042969 0.111111 0 0.259766 0.9875 0.652778 0.025 0.077778 10 0.231567 0.020313 0.65625 0.040625 0.2375 0 0.200562 0.60625 0.534028 0.01875 0.056944 1 0.101562 0.334766 0.388194 0.017969 0.048611 0 0.061432 0.185156 0.554167 0.0375 0.069444 0 0.045349 0.609766 0.543056 0.021094 0.075 0 0.042572 0.361328 0.384722 0.021094 0.055556 10 0.040833 0.017969 0.615972 0.035937 0.168056 2 0.037323 0.978516 0.963889 0.039844 0.066667 10 0.029419 0.532031 0.327778 0.051562 0.1 5 0.026855 0.980078 0.964583 0.039844 0.068056 2 0.024612 0.361328 0.380556 0.021094 0.052778 1 0.024048 0.612109 0.5625 0.022656 0.063889 11 0.020721 0.507422 0.391667 0.038281 0.072222 10 0.018265 0.508594 0.392361 0.039062 0.070833 12 0.014229 0.507031 0.391667 0.039062 0.072222 10 0.011505 0.1 0.522917 0.145313 0.179167 5 0.01107 0.971094 0.964583 0.057813 0.070833 6 0.009895 0.508203 0.391667 0.038281 0.072222 3 0.008987 0.008594 0.25625 0.017188 0.034722 10 0.008644 0.759766 0.56875 0.128906 0.240278 10 0.004887 0.976172 0.733333 0.047656 0.319444 3 0.004738 0.507422 0.39375 0.036719 0.076389 2 0.004646 0.9875 0.65 0.025 0.086111 1 0.003885 0.363281 0.413194 0.017188 0.0375 1 0.003824 0.384766 0.418056 0.014844 0.038889 12 0.003708 0.057422 0.998611 0.108594 0.002778 2 0.003456 0.738672 0.339583 0.017969 0.0375 2 0.003248 0.71875 0.31875 0.017188 0.034722 5 0.003063 0.930078 0.999306 0.122656 0.001389 10 0.002684 0.978906 0.586806 0.042188 0.1375 1 0.002472 0.04375 0.945833 0.026562 0.075 2 0.002279 0.983594 0.879861 0.032813 0.151389 0 0.002253 0.257031 0.494444 0.020313 0.069444 10 0.002209 0.015625 0.770833 0.03125 0.325 10 0.001987 0.855078 0.720833 0.102344 0.277778 3 0.001965 0.377734 0.456944 0.060156 0.063889 5 0.001478 0.853516 0.999306 0.122656 0.001389 3 0.001274 0.640234 0.300694 0.016406 0.031944 3 0.00126 0.487109 0.480556 0.046094 0.055556 10 0.001107 0.692578 0.581944 0.044531 0.119444 1 0.001069 0.615625 0.579167 0.023438 0.058333 3 0.001065 0.388281 0.447222 0.035937 0.061111
CCTV01^20260318-110000-20260318-120000_000637,5 0.944336 0.524219 0.878472 0.065625 0.1875 10 0.92041 0.653906 0.502083 0.073438 0.193056 10 0.914062 0.826172 0.775694 0.185156 0.379167 12 0.876465 0.331641 0.521528 0.071094 0.095833 3 0.848145 0.278516 0.713194 0.055469 0.101389 10 0.845703 0.330859 0.439583 0.103906 0.131944 5 0.786621 0.751172 0.539583 0.047656 0.090278 3 0.771973 0.708203 0.729167 0.055469 0.1 5 0.767578 0.486719 0.390278 0.032813 0.052778 12 0.766113 0.722266 0.61875 0.047656 0.126389 3 0.762207 0.436719 0.454167 0.039062 0.058333 3 0.762207 0.489453 0.444444 0.038281 0.058333 3 0.757812 0.266016 0.895833 0.077344 0.158333 3 0.753418 0.391406 0.495833 0.046875 0.058333 10 0.74707 0.113672 0.852778 0.211719 0.294444 3 0.710449 0.513672 0.404167 0.028906 0.041667 12 0.663574 0.716406 0.8375 0.05625 0.152778 10 0.653809 0.149609 0.725694 0.196094 0.259722 10 0.643555 0.946094 0.843056 0.107813 0.313889 3 0.635254 0.344922 0.624306 0.049219 0.084722 3 0.622559 0.39375 0.455556 0.045312 0.044444 1 0.542969 0.671094 0.897917 0.029687 0.095833 2 0.535156 0.255859 0.527778 0.028906 0.063889 0 0.513672 0.659766 0.8 0.027344 0.094444 1 0.470703 0.261719 0.786806 0.03125 0.065278 10 0.401611 0.732422 0.448611 0.111719 0.15 3 0.363037 0.441797 0.415972 0.038281 0.034722 3 0.299072 0.446484 0.390972 0.038281 0.034722 10 0.290283 0.022266 0.879861 0.044531 0.240278 3 0.26123 0.454688 0.493056 0.04375 0.041667 3 0.188354 0.444922 0.403472 0.041406 0.040278 1 0.188354 0.665234 0.690972 0.022656 0.076389 0 0.180664 0.262109 0.784722 0.032031 0.066667 1 0.179565 0.651953 0.95 0.024219 0.058333 7 0.176636 0.722656 0.620139 0.045312 0.126389 10 0.164551 0.132812 0.616667 0.175 0.238889 10 0.128906 0.021094 0.640278 0.042188 0.211111 9 0.124634 0.299219 0.604167 0.057813 0.094444 1 0.11438 0.2625 0.640972 0.029687 0.059722 3 0.099792 0.612109 0.396528 0.024219 0.051389 10 0.083862 0.898047 0.620139 0.147656 0.2625 2 0.06076 0.260156 0.588889 0.025 0.066667 0 0.046021 0.260156 0.588889 0.026562 0.063889 7 0.042389 0.301953 0.604861 0.061719 0.093056 1 0.040527 0.657422 0.931944 0.019531 0.066667 10 0.030334 0.032813 0.865972 0.0625 0.268056 3 0.020172 0.641797 0.347917 0.022656 0.048611 5 0.018539 0.407422 0.541667 0.049219 0.083333 1 0.016922 0.6875 0.974306 0.028125 0.048611 11 0.013123 0.299219 0.604861 0.057813 0.095833 1 0.010612 0.260937 0.622917 0.028125 0.084722 1 0.010452 0.657813 0.800694 0.03125 0.093056 10 0.010246 0.50625 0.328472 0.06875 0.084722 2 0.008575 0.98125 0.969444 0.0375 0.061111 10 0.008514 0.677734 0.358333 0.052344 0.116667 6 0.007122 0.772656 0.940278 0.120313 0.119444 3 0.006798 0.676172 0.450694 0.030469 0.073611 10 0.006439 0.122266 0.54375 0.177344 0.181944 3 0.005867 0.455469 0.357639 0.032813 0.045833 10 0.005844 0.017188 0.604167 0.034375 0.147222 3 0.005535 0.407031 0.540972 0.048438 0.081944 11 0.005119 0.015625 0.7 0.03125 0.127778 1 0.004574 0.539844 0.434722 0.01875 0.041667 1 0.00387 0.667578 0.88125 0.030469 0.0875 1 0.00375 0.674219 0.943056 0.035937 0.05 11 0.003483 0.677734 0.356944 0.052344 0.113889 11 0.003416 0.525391 0.356944 0.035156 0.066667 3 0.003197 0.619922 0.359028 0.022656 0.048611 2 0.002855 0.964844 0.998611 0.070312 0.002778 1 0.00279 0.260547 0.6 0.027344 0.086111 10 0.002653 0.014453 0.865278 0.028906 0.269444 10 0.002581 0.992188 0.759028 0.015625 0.145833 1 0.002378 0.328125 0.674306 0.015625 0.056944 10 0.002068 0.020703 0.811111 0.041406 0.355556 3 0.00202 0.410938 0.525694 0.05 0.054167 5 0.001942 0.873828 0.995833 0.144531 0.008333 3 0.001604 0.463672 0.422222 0.016406 0.044444 10 0.001585 0.966406 0.851389 0.067187 0.297222 10 0.001536 0.985156 0.759028 0.029687 0.148611 3 0.001495 0.013672 0.832639 0.027344 0.151389 2 0.001416 0.967969 0.970139 0.064062 0.059722 3 0.001285 0.008594 0.25 0.017188 0.044444 3 0.001255 0.334766 0.495833 0.055469 0.052778 2 0.001143 0.009375 0.911806 0.01875 0.115278 10 0.001086 0.016406 0.73125 0.032813 0.245833 3 0.001065 0.895703 0.997222 0.141406 0.005556
CCTV01^20260318-110000-20260318-120000_000641,5 0.950195 0.523828 0.878472 0.066406 0.184722 10 0.91748 0.701172 0.686806 0.107031 0.309722 10 0.916016 0.8375 0.786111 0.192188 0.388889 12 0.90918 0.392578 0.463194 0.063281 0.0875 10 0.898926 0.222266 0.707639 0.157031 0.298611 10 0.823242 0.695312 0.413194 0.0625 0.151389 5 0.790527 0.292578 0.734028 0.071094 0.1375 5 0.766113 0.479297 0.455556 0.039844 0.066667 5 0.766113 0.344922 0.622222 0.053906 0.094444 10 0.70166 0.071484 0.820833 0.142969 0.341667 3 0.692871 0.63125 0.486806 0.034375 0.070833 1 0.631836 0.361328 0.914583 0.033594 0.095833 3 0.620605 0.667188 0.482639 0.0375 0.065278 10 0.601074 0.421484 0.375694 0.102344 0.106944 10 0.598145 0.323047 0.5 0.078906 0.133333 3 0.584961 0.440625 0.445833 0.040625 0.05 1 0.414795 0.323828 0.796528 0.028906 0.084722 3 0.394287 0.515625 0.393056 0.034375 0.047222 6 0.331055 0.241406 0.904861 0.107813 0.1875 10 0.272705 0.021094 0.640972 0.042188 0.2125 3 0.193115 0.499219 0.422917 0.029687 0.043056 5 0.188354 0.728125 0.511111 0.057813 0.083333 10 0.181274 0.629687 0.309722 0.03125 0.091667 3 0.160278 0.727344 0.511806 0.057813 0.084722 3 0.125977 0.765234 0.577778 0.047656 0.086111 11 0.117554 0.358984 0.536111 0.053906 0.080556 1 0.11438 0.503516 0.46875 0.017969 0.040278 3 0.110107 0.435937 0.413889 0.034375 0.033333 3 0.096375 0.470313 0.409722 0.0375 0.036111 10 0.07666 0.819922 0.534028 0.119531 0.184722 5 0.074524 0.242578 0.90625 0.100781 0.181944 3 0.072876 0.632422 0.453472 0.030469 0.029167 3 0.068787 0.632031 0.463194 0.029687 0.048611 11 0.068298 0.014063 0.710417 0.028125 0.168056 10 0.06488 0.020313 0.599306 0.040625 0.143056 10 0.05603 0.017188 0.681944 0.034375 0.313889 9 0.05014 0.358984 0.536111 0.052344 0.083333 3 0.049225 0.631641 0.443056 0.027344 0.041667 3 0.044006 0.664844 0.54375 0.0375 0.081944 3 0.043701 0.748828 0.396528 0.030469 0.054167 10 0.041779 0.927734 0.771528 0.139844 0.3625 3 0.039948 0.4875 0.384722 0.028125 0.036111 3 0.036346 0.620703 0.409722 0.027344 0.052778 3 0.035004 0.24375 0.905556 0.101562 0.183333 10 0.031982 0.424609 0.395139 0.085156 0.070833 3 0.031372 0.453125 0.491667 0.032813 0.038889 7 0.031143 0.013672 0.694444 0.027344 0.133333 3 0.029541 0.399609 0.560417 0.039844 0.0625 10 0.022537 0.216797 0.608333 0.171094 0.241667 4 0.016724 0.358984 0.534722 0.053906 0.080556 3 0.01445 0.534766 0.368056 0.021094 0.036111 3 0.012009 0.619922 0.369444 0.024219 0.038889 10 0.011292 0.104688 0.897917 0.18125 0.204167 1 0.009415 0.326953 0.792361 0.049219 0.095833 4 0.008476 0.014844 0.6875 0.029687 0.119444 1 0.007965 0.270313 0.788889 0.028125 0.05 3 0.007206 0.667578 0.333333 0.022656 0.041667 3 0.006313 0.514062 0.356944 0.029687 0.036111 3 0.006218 0.489844 0.421528 0.025 0.034722 3 0.005936 0.008594 0.255556 0.017188 0.036111 3 0.005199 0.484375 0.367361 0.026562 0.034722 1 0.004791 0.274609 0.805556 0.030469 0.072222 3 0.004627 0.653125 0.417361 0.026562 0.056944 3 0.004383 0.666406 0.500694 0.032813 0.056944 5 0.004101 0.976172 0.969444 0.047656 0.061111 10 0.003765 0.213672 0.527083 0.155469 0.184722 1 0.003172 0.364844 0.914583 0.057813 0.109722 10 0.002823 0.055078 0.865278 0.108594 0.269444 0 0.002737 0.120313 0.559722 0.151562 0.202778 5 0.00205 0.982422 0.969444 0.035156 0.061111 3 0.00202 0.647266 0.384722 0.021094 0.041667 10 0.002003 0.992578 0.824306 0.014844 0.220833 4 0.001942 0.780078 0.381944 0.027344 0.058333 10 0.001734 0.010937 0.859722 0.021875 0.280556 3 0.00172 0.489063 0.377083 0.028125 0.031944 10 0.001655 0.099609 0.527778 0.146094 0.188889 10 0.001616 0.014453 0.760417 0.028906 0.273611 1 0.001432 0.510156 0.470139 0.020313 0.043056 3 0.001294 0.533203 0.377083 0.024219 0.043056 3 0.001285 0.011719 0.718056 0.023438 0.180556 4 0.001124 0.9875 0.909028 0.025 0.1375 5 0.001032 0.988672 0.923611 0.022656 0.116667
CCTV01^20260318-110000-20260318-120000_000645,10 0.94043 0.698047 0.436111 0.052344 0.169444 5 0.936035 0.523047 0.878472 0.067969 0.184722 10 0.92627 0.837109 0.789583 0.196094 0.393056 6 0.914062 0.253516 0.863889 0.094531 0.263889 10 0.897949 0.263281 0.636806 0.145313 0.245833 10 0.882324 0.627734 0.376389 0.041406 0.147222 12 0.856934 0.344531 0.836806 0.0625 0.143056 3 0.834473 0.65 0.554167 0.046875 0.080556 5 0.820801 0.485547 0.438194 0.036719 0.0625 12 0.809082 0.423828 0.431944 0.060156 0.083333 3 0.805664 0.715625 0.835417 0.065625 0.154167 10 0.805176 0.132422 0.835417 0.185156 0.315278 3 0.804199 0.709766 0.666667 0.047656 0.122222 3 0.803223 0.667578 0.625694 0.044531 0.090278 3 0.775879 0.707812 0.567361 0.05 0.081944 5 0.728027 0.330469 0.649306 0.064062 0.115278 10 0.715332 0.489453 0.329861 0.071094 0.0875 3 0.697754 0.642969 0.502083 0.035937 0.059722 10 0.654785 0.333984 0.469444 0.102344 0.158333 3 0.544922 0.464062 0.483333 0.05 0.052778 3 0.478516 0.744531 0.527778 0.048438 0.083333 10 0.435791 0.020313 0.592361 0.040625 0.129167 5 0.390381 0.369531 0.561111 0.046875 0.080556 3 0.346924 0.369922 0.560417 0.046094 0.079167 10 0.325195 0.021484 0.632639 0.042969 0.193056 10 0.313965 0.835547 0.557639 0.124219 0.2125 1 0.245117 0.507422 0.467361 0.019531 0.045833 3 0.212036 0.765625 0.479861 0.028125 0.059722 0 0.196777 0.313672 0.938889 0.028906 0.080556 10 0.133911 0.158203 0.642361 0.194531 0.245833 3 0.125122 0.507031 0.414583 0.025 0.045833 10 0.125122 0.939844 0.775694 0.11875 0.398611 3 0.107056 0.525391 0.378472 0.033594 0.043056 12 0.089478 0.040625 0.830556 0.079687 0.177778 5 0.082397 0.251172 0.884722 0.089844 0.222222 1 0.078613 0.313672 0.936111 0.030469 0.077778 9 0.066589 0.383984 0.497917 0.047656 0.070833 2 0.049225 0.648438 0.466667 0.03125 0.058333 3 0.048859 0.767578 0.575694 0.044531 0.070833 4 0.042084 0.013672 0.672917 0.027344 0.093056 10 0.04068 0.122656 0.556944 0.15 0.205556 11 0.04068 0.039062 0.854167 0.078125 0.236111 3 0.032227 0.648438 0.463889 0.03125 0.058333 7 0.027267 0.384766 0.498611 0.046094 0.069444 1 0.024887 0.317578 0.754167 0.025781 0.069444 3 0.024231 0.478125 0.397222 0.045312 0.047222 3 0.016525 0.66875 0.339583 0.021875 0.040278 5 0.016022 0.66875 0.339583 0.020313 0.040278 5 0.015671 0.650781 0.326389 0.025 0.047222 10 0.009857 0.251172 0.486111 0.128906 0.161111 4 0.009743 0.650781 0.325694 0.023438 0.048611 10 0.006191 0.0125 0.694444 0.025 0.183333 2 0.006123 0.753125 0.336111 0.020313 0.038889 1 0.006073 0.308203 0.863889 0.021094 0.075 10 0.005821 0.101953 0.528472 0.150781 0.1875 9 0.005512 0.039062 0.827778 0.078125 0.175 0 0.005219 0.015234 0.673611 0.028906 0.091667 1 0.004364 0.315625 0.740278 0.026562 0.075 10 0.00428 0.203125 0.624306 0.109375 0.193056 12 0.004181 0.798828 0.429861 0.030469 0.056944 1 0.004166 0.294141 0.715972 0.032031 0.090278 5 0.00399 0.479297 0.395833 0.047656 0.05 3 0.003679 0.489453 0.410417 0.058594 0.048611 10 0.003004 0.391797 0.398611 0.049219 0.094444 5 0.002779 0.973047 0.972222 0.053906 0.055556 2 0.002243 0.738281 0.372917 0.020313 0.0375 3 0.002199 0.669922 0.36875 0.017969 0.048611 0 0.002108 0.308984 0.863889 0.019531 0.077778 11 0.001883 0.384766 0.497222 0.047656 0.072222 3 0.001734 0.008594 0.252083 0.017188 0.040278 10 0.001604 0.660156 0.276389 0.032813 0.066667 2 0.001513 0.008203 0.9125 0.016406 0.088889 0 0.001335 0.773438 0.388889 0.01875 0.05 1 0.001255 0.307812 0.734722 0.03125 0.080556 1 0.001202 0.01875 0.947917 0.035937 0.084722 10 0.001103 0.025 0.855556 0.048438 0.283333 0 0.00109 0.309766 0.745139 0.032031 0.079167 0 0.001032 0.728906 0.340972 0.017188 0.0375 11 0.001017 0.046094 0.800694 0.092188 0.1125
CCTV01^20260318-110000-20260318-120000_000649,5 0.956055 0.523828 0.878472 0.064844 0.184722 10 0.936035 0.635938 0.500694 0.057813 0.201389 6 0.936035 0.295312 0.694444 0.082812 0.194444 10 0.91748 0.837109 0.790278 0.196094 0.391667 10 0.909668 0.69375 0.495833 0.053125 0.208333 10 0.903809 0.196094 0.715278 0.142187 0.319444 10 0.896484 0.384375 0.497222 0.120313 0.177778 12 0.863281 0.331641 0.811111 0.077344 0.127778 3 0.778809 0.727344 0.848611 0.070312 0.152778 3 0.762207 0.25 0.940972 0.064062 0.115278 3 0.708984 0.683594 0.677778 0.05 0.116667 0 0.625977 0.3125 0.902083 0.040625 0.0875 3 0.607422 0.465625 0.484028 0.042188 0.045833 3 0.583008 0.728125 0.640972 0.039062 0.101389 3 0.550781 0.169531 0.949306 0.075 0.095833 2 0.455078 0.039844 0.796528 0.060937 0.106944 3 0.373779 0.489063 0.44375 0.0375 0.054167 5 0.275146 0.503906 0.405556 0.032813 0.055556 5 0.233765 0.468359 0.423611 0.035156 0.061111 5 0.216064 0.489453 0.445139 0.038281 0.056944 10 0.212769 0.021484 0.65625 0.042969 0.243056 3 0.206909 0.746094 0.528472 0.05 0.081944 1 0.206299 0.274609 0.816667 0.027344 0.083333 1 0.129395 0.092969 0.751389 0.028125 0.069444 10 0.099487 0.938281 0.820139 0.123438 0.340278 10 0.096008 0.314453 0.497917 0.139844 0.168056 5 0.089783 0.746094 0.527778 0.05 0.083333 0 0.076416 0.064844 0.897222 0.032813 0.086111 11 0.070557 0.012109 0.678472 0.024219 0.106944 10 0.069031 0.967578 0.816667 0.064844 0.344444 3 0.062103 0.767578 0.576389 0.042969 0.063889 10 0.038025 0.019141 0.60625 0.038281 0.148611 3 0.037201 0.764844 0.484722 0.029687 0.063889 9 0.037201 0.0125 0.680556 0.025 0.111111 3 0.036072 0.371484 0.965278 0.064844 0.069444 1 0.032837 0.117578 0.738194 0.030469 0.081944 0 0.028549 0.007031 0.968056 0.014063 0.063889 10 0.023773 0.843359 0.577083 0.121094 0.215278 10 0.019867 0.015625 0.704861 0.03125 0.2375 1 0.018616 0.298828 0.852083 0.022656 0.056944 1 0.0149 0.105078 0.745139 0.044531 0.084722 1 0.012383 0.081641 0.7375 0.035156 0.086111 3 0.011871 0.66875 0.380556 0.025 0.055556 1 0.009483 0.076172 0.734722 0.024219 0.075 10 0.0093 0.414844 0.397222 0.08125 0.105556 12 0.008743 0.509375 0.336111 0.042188 0.061111 3 0.008575 0.645703 0.368056 0.017969 0.038889 1 0.007404 0.341797 0.6 0.022656 0.055556 3 0.004646 0.1 0.670139 0.0875 0.115278 1 0.004608 0.265234 0.8 0.028906 0.072222 5 0.004574 0.740625 0.382639 0.03125 0.051389 11 0.004314 0.624219 0.372222 0.032813 0.077778 10 0.004101 0.7375 0.325694 0.053125 0.076389 0 0.004005 0.117969 0.552778 0.154688 0.194444 11 0.003944 0.205078 0.589583 0.077344 0.095833 0 0.003855 0.957422 0.616667 0.042969 0.075 1 0.003273 0.283203 0.842361 0.032031 0.068056 0 0.003124 0.030078 0.721528 0.028906 0.070833 1 0.003111 0.296094 0.840972 0.021875 0.059722 1 0.003052 0.729688 0.683333 0.025 0.075 3 0.002823 0.466406 0.463889 0.042188 0.044444 10 0.002779 0.625 0.369444 0.03125 0.066667 10 0.002493 0.664453 0.305556 0.035156 0.091667 3 0.00227 0.008594 0.254167 0.017188 0.038889 6 0.002108 0.100781 0.669444 0.085938 0.116667 4 0.001995 0.101953 0.668056 0.086719 0.116667 10 0.00172 0.109375 0.523611 0.159375 0.2 5 0.001325 0.372266 0.963194 0.078906 0.073611 0 0.001265 0.739453 0.468056 0.022656 0.05 5 0.001116 0.101953 0.670139 0.086719 0.115278 10 0.001116 0.330078 0.464583 0.111719 0.184722 3 0.001057 0.739844 0.382639 0.03125 0.054167 3 0.001024 0.759766 0.563889 0.035156 0.063889 0 0.001017 0.024219 0.70625 0.040625 0.084722
CCTV01^20260318-110000-20260318-120000_000654,10 0.960938 0.703906 0.509722 0.067187 0.208333 5 0.958984 0.523438 0.878472 0.065625 0.184722 10 0.901367 0.288672 0.590972 0.160156 0.220833 10 0.894531 0.842578 0.792361 0.194531 0.395833 10 0.894531 0.74375 0.809028 0.15625 0.379167 3 0.832031 0.25625 0.86875 0.05625 0.129167 10 0.749023 0.641406 0.467361 0.046875 0.1375 3 0.747559 0.329297 0.835417 0.069531 0.131944 12 0.72168 0.292969 0.728472 0.060937 0.115278 5 0.695801 0.484766 0.448611 0.039844 0.066667 3 0.645996 0.222656 0.764583 0.05625 0.101389 3 0.511719 0.161719 0.9 0.070312 0.147222 10 0.392334 0.455859 0.411111 0.083594 0.125 0 0.368408 0.155078 0.680556 0.052344 0.088889 11 0.182373 0.640625 0.466667 0.046875 0.136111 10 0.158691 0.402734 0.420139 0.091406 0.1375 10 0.151489 0.967578 0.893056 0.064844 0.213889 9 0.121704 0.058594 0.819444 0.117188 0.211111 11 0.11676 0.060156 0.820139 0.11875 0.215278 3 0.113953 0.75625 0.51875 0.034375 0.065278 5 0.078064 0.220703 0.957639 0.074219 0.084722 3 0.053009 0.507812 0.41875 0.025 0.043056 6 0.048309 0.411719 0.504167 0.082812 0.122222 10 0.045013 0.289062 0.482639 0.13125 0.159722 10 0.044525 0.9125 0.713194 0.159375 0.318056 3 0.032227 0.219922 0.95625 0.072656 0.081944 3 0.027481 0.766797 0.574306 0.042969 0.065278 10 0.025665 0.018359 0.611806 0.036719 0.1625 10 0.016525 0.020313 0.660417 0.040625 0.293056 3 0.015778 0.675781 0.397222 0.025 0.041667 9 0.015778 0.914062 0.708333 0.1625 0.311111 5 0.014839 0.769922 0.469444 0.030469 0.069444 11 0.014061 0.014063 0.694444 0.028125 0.144444 0 0.013847 0.9875 0.663194 0.025 0.090278 9 0.013847 0.014453 0.691667 0.028906 0.133333 2 0.01297 0.979688 0.701389 0.0375 0.077778 5 0.011963 0.517969 0.3875 0.029687 0.047222 10 0.010948 0.125391 0.561806 0.160156 0.209722 5 0.010567 0.521094 0.345139 0.035937 0.043056 5 0.00956 0.199609 0.545139 0.047656 0.073611 10 0.007935 0.664062 0.339583 0.0375 0.106944 2 0.007431 0.154297 0.681944 0.052344 0.086111 10 0.007095 0.973828 0.715278 0.050781 0.308333 3 0.006004 0.008594 0.253472 0.017188 0.040278 11 0.005554 0.610156 0.422222 0.028125 0.069444 3 0.003736 0.623828 0.241667 0.014844 0.030556 2 0.003565 0.989844 0.672222 0.020313 0.102778 0 0.003538 0.125 0.55625 0.160938 0.204167 2 0.002823 0.073438 0.704861 0.053125 0.084722 10 0.00259 0.982422 0.696528 0.035156 0.290278 3 0.002493 0.769922 0.470139 0.032031 0.070833 5 0.002415 0.410938 0.503472 0.08125 0.123611 10 0.002253 0.971094 0.794444 0.057813 0.386111 8 0.002192 0.342578 0.472917 0.060156 0.076389 0 0.00215 0.198828 0.634028 0.025781 0.0625 12 0.001867 0.725 0.999306 0.142187 0.001389 10 0.001846 0.012891 0.746528 0.025781 0.306944 11 0.001824 0.057813 0.792361 0.115625 0.143056 7 0.00145 0.058203 0.817361 0.116406 0.206944 10 0.001389 0.466797 0.34375 0.063281 0.081944 10 0.001346 0.769922 0.384028 0.052344 0.106944 3 0.001225 0.010156 0.722917 0.020313 0.184722 10 0.001116 0.432812 0.411806 0.040625 0.120833 11 0.001116 0.342578 0.469444 0.061719 0.066667 2 0.001081 0.980078 0.724306 0.039844 0.131944 3 0.001032 0.199609 0.54375 0.046094 0.073611
CCTV01^20260318-110000-20260318-120000_000658,10 0.956543 0.701953 0.519444 0.058594 0.219444 5 0.956055 0.524609 0.879167 0.066406 0.186111 10 0.917969 0.836328 0.788194 0.199219 0.3875 10 0.87793 0.386328 0.495139 0.125781 0.170833 5 0.865234 0.234375 0.900694 0.076563 0.173611 3 0.78418 0.258203 0.777083 0.049219 0.106944 0 0.73584 0.358203 0.943056 0.047656 0.1 10 0.714844 0.102344 0.786111 0.204687 0.355556 10 0.704102 0.640625 0.467361 0.046875 0.1375 3 0.666992 0.249219 0.683333 0.057813 0.083333 1 0.637207 0.785937 0.9625 0.0375 0.069444 10 0.559082 0.93125 0.804167 0.135937 0.380556 3 0.320801 0.185938 0.805556 0.071875 0.125 5 0.255371 0.493359 0.434028 0.039844 0.065278 11 0.237915 0.640234 0.467361 0.047656 0.134722 3 0.233765 0.493359 0.434028 0.041406 0.065278 11 0.228149 0.255469 0.566667 0.107813 0.130556 2 0.180054 0.315234 0.723611 0.044531 0.111111 3 0.160278 0.315234 0.723611 0.046094 0.113889 3 0.15918 0.767578 0.575694 0.044531 0.070833 12 0.11554 0.302734 0.621528 0.041406 0.093056 5 0.106323 0.315234 0.724306 0.046094 0.115278 10 0.103027 0.8125 0.470139 0.065625 0.143056 3 0.079224 0.1375 0.93125 0.095312 0.123611 10 0.078613 0.305469 0.458333 0.128125 0.136111 3 0.043518 0.517969 0.399306 0.023438 0.043056 3 0.042236 0.755078 0.517361 0.030469 0.056944 10 0.030563 0.022266 0.665278 0.044531 0.275 11 0.030106 0.010156 0.704861 0.020313 0.201389 10 0.022461 0.6625 0.340972 0.039062 0.1125 7 0.020966 0.138281 0.93125 0.09375 0.123611 3 0.015251 0.73125 0.647917 0.040625 0.104167 5 0.014839 0.061328 0.974306 0.122656 0.051389 3 0.014336 0.675 0.398611 0.025 0.044444 3 0.010368 0.839453 0.627083 0.066406 0.129167 5 0.010132 0.518359 0.4 0.022656 0.044444 10 0.008713 0.985156 0.7375 0.029687 0.180556 4 0.008003 0.76875 0.479861 0.029687 0.073611 11 0.005489 0.609766 0.413889 0.030469 0.1 5 0.004887 0.755078 0.517361 0.030469 0.059722 1 0.004757 0.695312 0.374306 0.0125 0.031944 10 0.004719 0.992188 0.759028 0.015625 0.179167 10 0.004467 0.126953 0.552083 0.157031 0.195833 0 0.003885 0.917188 0.555556 0.025 0.066667 9 0.003839 0.051953 0.975 0.103906 0.05 0 0.003824 0.783984 0.545139 0.027344 0.051389 0 0.003796 0.126172 0.553472 0.157031 0.201389 3 0.003429 0.76875 0.479861 0.032813 0.070833 4 0.002306 0.127734 0.932639 0.113281 0.126389 3 0.002174 0.008594 0.252083 0.017188 0.040278 10 0.002165 0.537109 0.326389 0.067969 0.097222 3 0.001965 0.61875 0.326389 0.021875 0.041667 3 0.001883 0.78125 0.549306 0.026562 0.051389 10 0.001867 0.610156 0.404861 0.03125 0.115278 5 0.001768 0.673828 0.398611 0.022656 0.044444 10 0.001761 0.01875 0.73125 0.0375 0.429167 12 0.001597 0.063281 0.977778 0.126562 0.044444 10 0.001567 0.203516 0.458333 0.150781 0.147222 10 0.001432 0.020313 0.609028 0.040625 0.1625 3 0.001378 0.054297 0.240278 0.025781 0.038889 7 0.001255 0.092578 0.938889 0.185156 0.122222 10 0.001206 0.95625 0.854861 0.0875 0.290278 3 0.001197 0.767969 0.398611 0.026562 0.047222 0 0.001179 0.860938 0.509722 0.025 0.058333
CCTV01^20260318-110000-20260318-120000_000662,5 0.946777 0.523828 0.879167 0.066406 0.186111 10 0.931152 0.701172 0.521528 0.060156 0.223611 10 0.879395 0.886719 0.825 0.226562 0.344444 10 0.855469 0.182422 0.679167 0.241406 0.286111 5 0.816406 0.771094 0.599306 0.05 0.109722 3 0.73584 0.362891 0.859028 0.096094 0.120833 5 0.723145 0.257812 0.797917 0.0625 0.151389 10 0.694336 0.639844 0.468056 0.048438 0.138889 3 0.640625 0.747656 0.6625 0.0625 0.102778 3 0.62793 0.335156 0.639583 0.060937 0.084722 10 0.476562 0.451562 0.424306 0.1 0.1375 9 0.37207 0.304688 0.925694 0.126562 0.143056 3 0.361084 0.380078 0.566667 0.058594 0.066667 0 0.286133 0.3125 0.748611 0.034375 0.088889 6 0.262207 0.879297 0.589583 0.111719 0.193056 7 0.238647 0.303906 0.925694 0.123438 0.1375 1 0.180054 0.298438 0.822917 0.028125 0.073611 4 0.174438 0.303125 0.926389 0.125 0.136111 1 0.168823 0.811328 0.604167 0.022656 0.066667 4 0.14563 0.036328 0.9 0.072656 0.2 4 0.125488 0.147266 0.920833 0.096094 0.141667 1 0.084473 0.161328 0.823611 0.028906 0.066667 11 0.069824 0.639844 0.468056 0.048438 0.136111 3 0.057709 0.805078 0.527083 0.035156 0.070833 11 0.057281 0.353125 0.484722 0.0875 0.113889 0 0.057281 0.425781 0.920139 0.039062 0.076389 1 0.045685 0.637109 0.579167 0.019531 0.052778 3 0.042572 0.146094 0.920139 0.098437 0.143056 10 0.042572 0.953906 0.831944 0.092188 0.302778 3 0.040253 0.240234 0.732639 0.082031 0.1125 9 0.035156 0.14375 0.920833 0.104688 0.144444 0 0.031738 0.392578 0.911111 0.041406 0.080556 10 0.026855 0.021875 0.613889 0.04375 0.172222 11 0.020798 0.011328 0.711806 0.022656 0.215278 1 0.020172 0.748437 0.730556 0.025 0.077778 3 0.020096 0.883203 0.697222 0.055469 0.094444 3 0.016159 0.755469 0.522222 0.032813 0.063889 10 0.013847 0.612891 0.397222 0.038281 0.133333 10 0.013741 0.019141 0.669444 0.038281 0.305556 10 0.013023 0.389844 0.386111 0.098437 0.119444 11 0.011642 0.30625 0.924306 0.13125 0.143056 3 0.011375 0.676562 0.4 0.025 0.044444 2 0.010651 0.977734 0.720833 0.044531 0.180556 3 0.009636 0.433984 0.504861 0.041406 0.043056 5 0.008919 0.526953 0.374306 0.032031 0.051389 10 0.008713 0.308594 0.463889 0.129688 0.144444 10 0.006851 0.663281 0.3375 0.0375 0.108333 0 0.006744 0.058203 0.734722 0.030469 0.080556 5 0.006565 0.241797 0.997917 0.160156 0.004167 10 0.006241 0.036328 0.895139 0.072656 0.209722 6 0.005798 0.058984 0.960417 0.117969 0.079167 1 0.00573 0.170703 0.823611 0.044531 0.069444 12 0.005447 0.100781 0.938194 0.201563 0.123611 2 0.005344 0.978906 0.688194 0.042188 0.106944 0 0.004848 0.416406 0.935417 0.060937 0.095833 9 0.004608 0.015625 0.705556 0.03125 0.186111 10 0.0042 0.0125 0.736111 0.025 0.294444 1 0.004166 0.805078 0.602083 0.027344 0.076389 1 0.003944 0.161719 0.817361 0.04375 0.084722 10 0.003325 0.125391 0.556944 0.158594 0.205556 0 0.002981 0.432812 0.939583 0.045312 0.0875 10 0.002935 0.027344 0.613194 0.054688 0.254167 5 0.002737 0.675 0.402083 0.025 0.045833 0 0.002693 0.300781 0.720833 0.060937 0.130556 10 0.002611 0.008594 0.719444 0.017188 0.191667 0 0.002531 0.308984 0.727083 0.030469 0.081944 5 0.002512 0.678125 0.410417 0.023438 0.043056 12 0.002415 0.142969 0.922222 0.104688 0.147222 10 0.002323 0.060547 0.905556 0.121094 0.188889 5 0.002226 0.515234 0.349306 0.047656 0.068056 10 0.00215 0.98125 0.720833 0.0375 0.286111 3 0.00201 0.211328 0.977778 0.072656 0.033333 1 0.002003 0.580078 0.527778 0.013281 0.044444 10 0.001926 0.988672 0.76875 0.022656 0.176389 0 0.001897 0.324219 0.723611 0.064062 0.125 1 0.0017 0.83125 0.650694 0.020313 0.045833 3 0.001567 0.617188 0.155556 0.0125 0.030556 0 0.001274 0.007422 0.729861 0.014844 0.154167 5 0.001255 0.74375 0.401389 0.0375 0.080556 0 0.001255 0.391797 0.936806 0.047656 0.098611 1 0.001245 0.181641 0.822222 0.030469 0.077778 5 0.001174 0.769531 0.484028 0.032813 0.076389 1 0.001116 0.769141 0.753472 0.021094 0.079167 1 0.00109 0.826172 0.597917 0.019531 0.0625 3 0.001081 0.76875 0.485417 0.03125 0.070833 3 0.00106 0.053125 0.961806 0.10625 0.073611 3 0.001057 0.008594 0.25 0.017188 0.044444 12 0.001048 0.177344 0.999306 0.140625 0.001389
CCTV01^20260318-110000-20260318-120000_000666,5 0.960449 0.523828 0.878472 0.066406 0.184722 10 0.910645 0.723437 0.679861 0.1 0.3375 10 0.878906 0.334375 0.547917 0.159375 0.201389 5 0.726562 0.267578 0.759028 0.060156 0.1375 3 0.726562 0.342187 0.827083 0.085938 0.1125 3 0.673828 0.485156 0.458333 0.0375 0.052778 5 0.527344 0.785156 0.6625 0.057813 0.136111 3 0.42627 0.044531 0.845833 0.089063 0.130556 6 0.390381 0.648828 0.513194 0.052344 0.148611 0 0.357666 0.400391 0.896528 0.035156 0.079167 5 0.237915 0.503906 0.40625 0.032813 0.051389 9 0.237915 0.277344 0.894444 0.120313 0.144444 6 0.184814 0.878906 0.6 0.104688 0.197222 5 0.176636 0.882812 0.703472 0.0625 0.106944 3 0.157104 0.503516 0.40625 0.032031 0.051389 1 0.140381 0.311719 0.733333 0.025 0.069444 10 0.131592 0.9125 0.870139 0.175 0.259722 7 0.130249 0.276172 0.897222 0.119531 0.15 10 0.128906 0.321875 0.461111 0.134375 0.155556 2 0.09436 0.1875 0.814583 0.089063 0.143056 4 0.093994 0.187891 0.811806 0.089844 0.148611 7 0.092041 0.1875 0.813194 0.089063 0.145833 11 0.089783 0.4375 0.428472 0.0625 0.098611 3 0.078918 0.757031 0.509722 0.04375 0.080556 0 0.073425 0.319922 0.692361 0.030469 0.070833 10 0.070557 0.953906 0.841667 0.092188 0.316667 9 0.070068 0.212109 0.675 0.097656 0.122222 11 0.06189 0.278906 0.893056 0.117188 0.138889 0 0.052032 0.368359 0.870139 0.035156 0.073611 10 0.047791 0.021875 0.611806 0.04375 0.173611 2 0.044525 0.786328 0.531944 0.030469 0.063889 10 0.043854 0.664844 0.340972 0.0375 0.106944 3 0.032471 0.691406 0.477083 0.032813 0.056944 3 0.02887 0.81875 0.635417 0.040625 0.090278 3 0.028656 0.689844 0.463194 0.032813 0.059722 9 0.027374 0.187109 0.810417 0.089844 0.143056 3 0.026962 0.644922 0.417361 0.028906 0.051389 0 0.022797 0.315234 0.717361 0.027344 0.079167 0 0.022293 0.344531 0.893056 0.032813 0.075 1 0.021118 0.667188 0.75 0.025 0.061111 1 0.02002 0.835938 0.683333 0.025 0.072222 10 0.018646 0.405078 0.390972 0.113281 0.129167 2 0.016724 0.797656 0.474306 0.025 0.054167 7 0.015778 0.017969 0.677778 0.035937 0.116667 7 0.015717 0.312109 0.656944 0.069531 0.091667 0 0.015305 0.153906 0.644444 0.032813 0.072222 3 0.01445 0.1875 0.813194 0.0875 0.151389 3 0.013687 0.201563 0.943056 0.073438 0.102778 10 0.013634 0.126562 0.554167 0.159375 0.2 1 0.013168 0.515625 0.4625 0.015625 0.047222 2 0.013168 0.76875 0.452778 0.029687 0.063889 11 0.011642 0.613281 0.442361 0.029687 0.079167 3 0.011551 0.6875 0.44375 0.029687 0.051389 10 0.011032 0.020703 0.664583 0.041406 0.2625 0 0.010612 0.369141 0.927778 0.032031 0.069444 10 0.01033 0.986328 0.761111 0.027344 0.172222 0 0.009819 0.426172 0.929167 0.030469 0.069444 5 0.009483 0.644922 0.416667 0.028906 0.05 11 0.009193 0.210938 0.677083 0.09375 0.126389 8 0.008713 0.016406 0.683333 0.032813 0.138889 3 0.008514 0.772656 0.524306 0.0375 0.065278 10 0.007755 0.023047 0.590278 0.046094 0.280556 10 0.007095 0.076172 0.898611 0.152344 0.194444 0 0.00634 0.425391 0.954167 0.033594 0.063889 11 0.005535 0.187109 0.8125 0.086719 0.152778 0 0.00547 0.385547 0.874306 0.030469 0.079167 3 0.005405 0.309375 0.656944 0.065625 0.086111 0 0.003824 0.205859 0.552778 0.036719 0.066667 1 0.003824 0.367969 0.925694 0.032813 0.070833 1 0.003525 0.66875 0.725694 0.025 0.095833 1 0.003469 0.030469 0.716667 0.039062 0.088889 1 0.002981 0.371875 0.966667 0.039062 0.058333 10 0.002823 0.049219 0.850694 0.098437 0.145833 11 0.002632 0.075781 0.902083 0.148438 0.195833 10 0.002522 0.980078 0.720833 0.039844 0.269444 4 0.002398 0.614453 0.443056 0.028906 0.075 3 0.002306 0.614062 0.442361 0.03125 0.081944 0 0.002234 0.322266 0.851389 0.033594 0.063889 0 0.002234 0.365625 0.7 0.059375 0.211111 2 0.002174 0.259766 0.870833 0.066406 0.1 0 0.002132 0.022266 0.709028 0.042969 0.131944 3 0.002083 0.616406 0.334722 0.023438 0.041667 10 0.00205 0.010937 0.885417 0.021875 0.223611 10 0.002043 0.012891 0.727083 0.025781 0.268056 0 0.00202 0.029297 0.709722 0.039844 0.091667 10 0.00198 0.613672 0.441667 0.033594 0.086111 0 0.001831 0.126562 0.554167 0.159375 0.197222 1 0.001824 0.417187 0.815972 0.03125 0.073611 0 0.001714 0.242969 0.557639 0.025 0.065278 0 0.001655 0.451172 0.972222 0.053906 0.05 3 0.001623 0.746094 0.572222 0.025 0.061111 10 0.001585 0.988672 0.696528 0.022656 0.173611 0 0.00149 0.322266 0.675694 0.060156 0.145833 0 0.001399 0.8125 0.529861 0.025 0.059722 2 0.001362 0.005078 0.721528 0.010156 0.104167 1 0.001335 0.484375 0.665278 0.017188 0.030556 0 0.001269 0.441406 0.955556 0.064062 0.072222 4 0.00124 0.210938 0.675694 0.096875 0.131944 3 0.001134 0.767578 0.451389 0.030469 0.063889 4 0.001134 0.310156 0.663889 0.064062 0.1 2 0.001099 0.246094 0.509028 0.026562 0.056944 1 0.001078 0.807813 0.574306 0.025 0.059722 4 0.001057 0.278516 0.893056 0.111719 0.136111 1 0.001032 0.145703 0.758333 0.033594 0.088889
CCTV01^20260318-110000-20260318-120000_000670,5 0.951172 0.523828 0.878472 0.066406 0.184722 6 0.878418 0.673047 0.584028 0.077344 0.1875 10 0.791016 0.783594 0.825 0.195312 0.344444 10 0.685059 0.163672 0.715278 0.164844 0.3 5 0.663574 0.314844 0.635417 0.075 0.1125 0 0.437744 0.686328 0.938889 0.042969 0.108333 2 0.38501 0.417578 0.904167 0.072656 0.130556 8 0.284668 0.309375 0.501389 0.08125 0.091667 10 0.253906 0.664844 0.354167 0.042188 0.119444 10 0.218018 0.671484 0.583333 0.077344 0.188889 3 0.196777 0.301563 0.723611 0.051562 0.075 1 0.181885 0.678516 0.866667 0.035156 0.091667 11 0.119629 0.947656 0.806944 0.054688 0.155556 10 0.112427 0.453516 0.426389 0.097656 0.136111 9 0.105591 0.241016 0.827083 0.075781 0.140278 3 0.069031 0.887109 0.728472 0.066406 0.148611 5 0.065369 0.807422 0.738889 0.058594 0.144444 10 0.063232 0.022656 0.608333 0.045312 0.166667 0 0.061432 0.26875 0.953472 0.0625 0.090278 6 0.051849 0.88125 0.605556 0.1125 0.211111 12 0.051849 0.947656 0.805556 0.05625 0.155556 5 0.047943 0.886719 0.727778 0.067187 0.15 3 0.044678 0.778906 0.629167 0.032813 0.072222 0 0.04068 0.292578 0.897917 0.046094 0.109722 3 0.036072 0.689844 0.463194 0.029687 0.048611 11 0.032471 0.614062 0.446528 0.0375 0.093056 3 0.027588 0.516016 0.393056 0.028906 0.044444 0 0.026657 0.362109 0.772917 0.039844 0.081944 2 0.025269 0.301563 0.725 0.05 0.077778 7 0.017914 0.73125 0.496528 0.032813 0.068056 4 0.016724 0.240625 0.825 0.071875 0.133333 6 0.015541 0.946875 0.805556 0.05625 0.155556 7 0.015488 0.067969 0.930556 0.089063 0.133333 4 0.015305 0.068359 0.929861 0.089844 0.134722 0 0.015076 0.020703 0.717361 0.041406 0.106944 3 0.014557 0.382031 0.585417 0.057813 0.059722 10 0.013634 0.958594 0.922917 0.082812 0.154167 0 0.011642 0.288281 0.802778 0.045312 0.1 10 0.010651 0.9875 0.860417 0.025 0.279167 3 0.009483 0.691406 0.504861 0.032813 0.059722 7 0.00927 0.242578 0.825 0.074219 0.133333 3 0.008919 0.200391 0.93125 0.072656 0.126389 0 0.008781 0.8625 0.4625 0.021875 0.044444 3 0.008514 0.745313 0.602083 0.03125 0.054167 7 0.007519 0.017188 0.692361 0.034375 0.140278 4 0.007404 0.776172 0.53125 0.035156 0.090278 10 0.007175 0.989844 0.888194 0.020313 0.2125 3 0.006958 0.742969 0.556944 0.03125 0.058333 4 0.006413 0.74375 0.558333 0.032813 0.058333 0 0.00634 0.332422 0.909028 0.032031 0.070833 4 0.006218 0.73125 0.497917 0.032813 0.068056 0 0.005821 0.135156 0.906944 0.0375 0.097222 3 0.005512 0.612891 0.445139 0.038281 0.0875 6 0.005241 0.783203 0.358333 0.027344 0.052778 0 0.00518 0.003906 0.88125 0.007812 0.1125 2 0.005119 0.432812 0.917361 0.04375 0.101389 12 0.004906 0.35625 0.88125 0.053125 0.098611 0 0.004887 0.15625 0.590972 0.142187 0.193056 0 0.004398 0.344141 0.896528 0.052344 0.090278 3 0.004101 0.30625 0.572917 0.08125 0.081944 10 0.00396 0.158594 0.601389 0.148438 0.2 0 0.003855 0.993359 0.878472 0.013281 0.181944 10 0.003796 0.7375 0.814583 0.096875 0.318056 4 0.00378 0.306641 0.577083 0.077344 0.090278 0 0.003651 0.35625 0.879861 0.05625 0.098611 3 0.003622 0.650781 0.450694 0.032813 0.068056 3 0.003538 0.6125 0.428472 0.032813 0.0625 7 0.003338 0.307422 0.573611 0.080469 0.086111 5 0.003248 0.614453 0.36875 0.028906 0.0625 2 0.003248 0.994531 0.813889 0.010937 0.122222 10 0.002935 0.989844 0.794444 0.01875 0.283333 3 0.002867 0.615234 0.368056 0.028906 0.061111 1 0.002758 0.7125 0.550694 0.021875 0.059722 10 0.002758 0.021875 0.743056 0.04375 0.277778 12 0.002653 0.269141 0.960417 0.061719 0.073611 0 0.002611 0.825 0.5 0.025 0.061111 12 0.002502 0.069531 0.930556 0.090625 0.133333 12 0.002462 0.464062 0.972917 0.05625 0.051389 5 0.002405 0.65 0.450694 0.032813 0.070833 2 0.002398 0.994922 0.795139 0.010156 0.104167 6 0.002359 0.776172 0.53125 0.035156 0.090278 2 0.002279 0.776172 0.53125 0.035156 0.090278 0 0.00227 0.854688 0.471528 0.025 0.054167 0 0.001853 0.791797 0.459028 0.025781 0.054167 4 0.00181 0.018359 0.701389 0.036719 0.163889 3 0.001768 0.331641 0.561806 0.038281 0.056944 10 0.001741 0.994531 0.534028 0.010937 0.145833 0 0.001668 0.878516 0.484028 0.022656 0.048611 0 0.001661 0.810156 0.593056 0.023438 0.063889 0 0.001543 0.141406 0.920833 0.042188 0.102778 8 0.001507 0.308594 0.568056 0.082812 0.088889 1 0.001467 0.677344 0.858333 0.023438 0.077778 12 0.001378 0.284766 0.998611 0.132031 0.002778 0 0.001341 0.990625 0.813889 0.01875 0.155556 9 0.001305 0.960156 0.926389 0.079687 0.147222 0 0.001235 0.274219 0.790972 0.089063 0.159722 0 0.00123 0.123438 0.560417 0.160938 0.190278 4 0.001225 0.613672 0.445139 0.036719 0.084722 1 0.001099 0.062891 0.790972 0.032031 0.081944 1 0.001099 0.130078 0.945833 0.038281 0.088889 12 0.001073 0.951172 0.999306 0.097656 0.001389
CCTV01^20260318-110000-20260318-120000_000674,5 0.911133 0.523828 0.879167 0.064844 0.186111 5 0.78125 0.31875 0.632639 0.071875 0.109722 6 0.78125 0.697656 0.641667 0.089063 0.205556 10 0.769531 0.201563 0.654861 0.160938 0.254167 10 0.732422 0.471875 0.40625 0.090625 0.129167 3 0.620605 0.721094 0.88125 0.0625 0.168056 3 0.521484 0.878906 0.853472 0.070312 0.154167 6 0.517578 0.946875 0.728472 0.10625 0.256944 10 0.401611 0.696094 0.643056 0.089063 0.208333 0 0.397949 0.959375 0.824306 0.046875 0.120833 2 0.324219 0.761719 0.768056 0.035937 0.1 7 0.259766 0.885547 0.711806 0.046094 0.098611 0 0.228149 0.353125 0.761111 0.0375 0.077778 3 0.189575 0.066797 0.952778 0.063281 0.094444 3 0.155029 0.321484 0.5625 0.077344 0.063889 4 0.144165 0.236328 0.800694 0.063281 0.126389 4 0.136597 0.884766 0.711111 0.047656 0.1 3 0.132935 0.797266 0.599306 0.047656 0.104167 2 0.11554 0.819922 0.467361 0.035156 0.079167 0 0.100891 0.823438 0.676389 0.05 0.072222 10 0.088501 0.666406 0.361806 0.042188 0.131944 1 0.083618 0.73125 0.780556 0.020313 0.055556 9 0.081238 0.373828 0.46875 0.064844 0.084722 0 0.075317 0.389844 0.515972 0.032813 0.059722 9 0.075317 0.236719 0.803472 0.0625 0.126389 0 0.06488 0.61875 0.556944 0.021875 0.058333 2 0.05835 0.398828 0.867361 0.063281 0.098611 0 0.054596 0.851172 0.56875 0.027344 0.065278 0 0.05072 0.285547 0.879167 0.039844 0.1 1 0.05014 0.155859 0.931944 0.039844 0.102778 4 0.043701 0.797656 0.599306 0.045312 0.104167 9 0.040985 0.946875 0.725694 0.10625 0.254167 11 0.036072 0.101562 0.811111 0.065625 0.138889 3 0.034241 0.81875 0.79375 0.0625 0.104167 3 0.029648 0.740625 0.590278 0.042188 0.125 3 0.029312 0.301953 0.71875 0.047656 0.076389 4 0.027695 0.785547 0.527083 0.038281 0.090278 5 0.027481 0.784766 0.528472 0.039844 0.090278 10 0.026855 0.825 0.906944 0.164062 0.186111 0 0.026352 0.28125 0.783333 0.039062 0.097222 12 0.024338 0.819922 0.467361 0.035156 0.079167 1 0.021454 0.832812 0.675694 0.03125 0.068056 11 0.02121 0.819922 0.467361 0.035156 0.079167 1 0.018692 0.618359 0.555556 0.019531 0.055556 0 0.018616 0.835156 0.676389 0.029687 0.066667 1 0.018188 0.915625 0.825 0.040625 0.111111 12 0.017853 0.353906 0.761111 0.039062 0.083333 10 0.017303 0.946875 0.721528 0.104688 0.245833 0 0.016663 0.913672 0.819444 0.042969 0.113889 0 0.015427 0.858594 0.734722 0.0375 0.075 2 0.015129 0.798047 0.598611 0.046094 0.105556 3 0.013123 0.785547 0.529167 0.038281 0.091667 6 0.012726 0.438281 0.466667 0.057813 0.075 0 0.012337 0.248438 0.927778 0.053125 0.111111 10 0.010529 0.022656 0.611806 0.045312 0.1625 3 0.01049 0.614062 0.386111 0.03125 0.055556 2 0.010056 0.851172 0.520833 0.030469 0.058333 1 0.009972 0.50625 0.441667 0.015625 0.05 2 0.009857 0.982031 0.794444 0.035937 0.2 0 0.009781 0.884766 0.611111 0.035156 0.072222 2 0.009674 0.8125 0.727778 0.045312 0.063889 0 0.00956 0.31875 0.772222 0.032813 0.072222 2 0.00885 0.390234 0.575 0.044531 0.058333 0 0.008377 0.8125 0.674306 0.034375 0.068056 10 0.007812 0.9875 0.676389 0.025 0.152778 10 0.007347 0.058594 0.736111 0.117188 0.255556 3 0.007206 0.694922 0.479167 0.035156 0.052778 5 0.007175 0.741016 0.588194 0.041406 0.129167 3 0.006851 0.696094 0.523611 0.0375 0.063889 0 0.006489 0.302344 0.721528 0.048438 0.081944 2 0.005688 0.729688 0.351389 0.01875 0.041667 12 0.004398 0.102344 0.808333 0.065625 0.138889 4 0.00428 0.616016 0.454861 0.033594 0.093056 2 0.004215 0.344531 0.943056 0.067187 0.091667 10 0.00396 0.0125 0.215278 0.025 0.127778 8 0.003914 0.375 0.467361 0.065625 0.084722 0 0.003885 0.892578 0.58125 0.038281 0.104167 10 0.003765 0.027344 0.64375 0.054688 0.240278 1 0.003538 0.154297 0.952778 0.038281 0.077778 9 0.003456 0.989453 0.6625 0.021094 0.130556 11 0.003351 0.616406 0.454861 0.032813 0.090278 10 0.003325 0.498828 0.34375 0.078906 0.084722 7 0.00321 0.616406 0.453472 0.032813 0.090278 4 0.003111 0.860938 0.729167 0.0375 0.083333 0 0.003111 0.994531 0.845833 0.010937 0.125 2 0.003099 0.989453 0.814583 0.021094 0.1625 4 0.002846 0.438281 0.467361 0.057813 0.079167 0 0.002846 0.061328 0.750694 0.122656 0.315278 2 0.002611 0.96875 0.802778 0.057813 0.133333 3 0.002571 0.616016 0.453472 0.033594 0.090278 0 0.002512 0.342187 0.869444 0.075 0.1 10 0.002378 0.994141 0.533333 0.011719 0.161111 3 0.002342 0.991797 0.822222 0.016406 0.152778 5 0.002333 0.819922 0.813194 0.064844 0.143056 11 0.00227 0.644141 0.511806 0.047656 0.079167 1 0.002083 0.964063 0.833333 0.04375 0.119444 0 0.002003 0.642188 0.575694 0.028125 0.068056 12 0.001987 0.419531 0.970139 0.054688 0.059722 10 0.001949 0.23125 0.534722 0.13125 0.175 0 0.001942 0.451953 0.945139 0.046094 0.081944 2 0.001926 0.714453 0.429861 0.030469 0.0625 0 0.001897 0.506641 0.443056 0.016406 0.05 2 0.001831 0.436719 0.467361 0.057813 0.076389 3 0.001824 0.4375 0.465972 0.059375 0.079167 10 0.001796 0.012891 0.783333 0.025781 0.330556 0 0.001755 0.919531 0.83125 0.03125 0.098611 1 0.001741 0.128906 0.889583 0.04375 0.095833 3 0.001687 0.288672 0.972222 0.044531 0.05 10 0.001611 0.022656 0.696528 0.045312 0.279167 9 0.001604 0.740234 0.586806 0.041406 0.131944 12 0.001592 0.432422 0.967361 0.071094 0.0625 0 0.001585 0.991406 0.645139 0.017188 0.095833 2 0.001513 0.592578 0.441667 0.021094 0.052778 10 0.001513 0.025391 0.777083 0.050781 0.315278 0 0.001444 0.244922 0.902778 0.049219 0.088889 0 0.001432 0.122266 0.553472 0.158594 0.1875 0 0.001399 0.98125 0.838889 0.032813 0.127778 12 0.001367 0.346094 0.929861 0.070312 0.115278 2 0.001356 0.191797 0.901389 0.058594 0.130556 3 0.00133 0.626953 0.332639 0.019531 0.034722 10 0.00132 0.980078 0.6625 0.039844 0.313889 3 0.001285 0.826172 0.811806 0.071094 0.134722 0 0.001188 0.318359 0.883333 0.032031 0.075 1 0.001161 0.528125 0.43125 0.017188 0.048611 3 0.001161 0.991016 0.668056 0.017969 0.136111 4 0.001116 0.249609 0.943056 0.053906 0.091667 10 0.001081 0.984375 0.596528 0.03125 0.265278 0 0.001078 0.882031 0.625 0.032813 0.066667 10 0.00106 0.010156 0.705556 0.020313 0.175 0 0.001044 0.895312 0.561806 0.03125 0.070833 10 0.001024 0.839063 0.839583 0.10625 0.193056
CCTV01^20260318-110000-20260318-120000_000725,10 0.888184 0.333594 0.475 0.140625 0.152778 3 0.865234 0.686328 0.651389 0.050781 0.097222 3 0.852051 0.713281 0.870139 0.067187 0.156944 10 0.849121 0.428125 0.406944 0.096875 0.125 3 0.849121 0.243359 0.745833 0.078906 0.113889 10 0.842285 0.060937 0.833333 0.121875 0.330556 3 0.835449 0.523047 0.870833 0.069531 0.186111 10 0.818359 0.233594 0.611111 0.176563 0.238889 3 0.817383 0.257422 0.920139 0.075781 0.145833 3 0.805664 0.742969 0.673611 0.057813 0.111111 10 0.803223 0.625 0.31875 0.034375 0.095833 3 0.774414 0.315625 0.671528 0.059375 0.090278 4 0.773438 0.783594 0.646528 0.05 0.104167 3 0.73584 0.732422 0.583333 0.044531 0.083333 3 0.723145 0.187109 0.89375 0.082031 0.134722 2 0.708984 0.653906 0.559722 0.032813 0.077778 0 0.694336 0.305078 0.786111 0.039844 0.091667 3 0.692871 0.357031 0.590972 0.070312 0.073611 0 0.682617 0.925 0.696528 0.040625 0.098611 2 0.592773 0.703516 0.729167 0.047656 0.105556 10 0.586914 0.675391 0.352778 0.046094 0.119444 3 0.501953 0.732422 0.509028 0.041406 0.084722 0 0.488281 0.760156 0.805556 0.032813 0.127778 2 0.464844 0.865625 0.544444 0.032813 0.077778 1 0.392334 0.248438 0.810417 0.028125 0.081944 5 0.37207 0.690234 0.5125 0.052344 0.097222 0 0.361084 0.791016 0.738889 0.035156 0.077778 2 0.329346 0.885156 0.528472 0.032813 0.065278 0 0.317383 0.788672 0.522222 0.024219 0.069444 0 0.300781 0.164453 0.777083 0.035156 0.081944 0 0.287842 0.973828 0.9125 0.052344 0.130556 3 0.267334 0.691016 0.513194 0.052344 0.098611 10 0.238647 0.0375 0.702778 0.075 0.255556 4 0.216064 0.690234 0.513889 0.052344 0.094444 0 0.193115 0.807422 0.494444 0.021094 0.063889 1 0.173828 0.373437 0.959028 0.035937 0.073611 1 0.163452 0.988672 0.824306 0.022656 0.070833 3 0.14856 0.421875 0.497222 0.042188 0.052778 1 0.125488 0.4 0.917361 0.034375 0.090278 0 0.122498 0.986719 0.850694 0.026562 0.123611 3 0.103394 0.490625 0.41875 0.03125 0.040278 3 0.102661 0.478906 0.454167 0.045312 0.05 11 0.082092 0.877344 0.847222 0.145313 0.305556 0 0.079468 0.401172 0.527778 0.024219 0.055556 6 0.073181 0.878906 0.861111 0.14375 0.272222 1 0.068787 0.992969 0.711806 0.014063 0.079167 2 0.058777 0.520703 0.395833 0.022656 0.047222 9 0.052429 0.876172 0.863194 0.142969 0.270833 3 0.046539 0.453906 0.44375 0.042188 0.043056 0 0.042877 0.373047 0.958333 0.036719 0.077778 10 0.036774 0.986328 0.569444 0.027344 0.180556 10 0.030792 0.978906 0.58125 0.042188 0.126389 1 0.028336 0.939844 0.841667 0.029687 0.088889 0 0.025467 0.835156 0.4625 0.025 0.063889 3 0.025269 0.980078 0.586111 0.039844 0.116667 10 0.017853 0.880859 0.839583 0.146094 0.315278 12 0.016022 0.880078 0.847222 0.144531 0.3 10 0.015717 0.018359 0.622222 0.036719 0.191667 3 0.015366 0.466797 0.448611 0.063281 0.044444 3 0.015366 0.990625 0.592361 0.01875 0.109722 10 0.014839 0.989844 0.54375 0.020313 0.206944 10 0.012428 0.992969 0.541667 0.014063 0.166667 0 0.009972 0.772656 0.419444 0.020313 0.052778 3 0.009453 0.460547 0.484028 0.049219 0.045833 0 0.009338 0.983594 0.895139 0.032813 0.134722 0 0.009193 0.207813 0.726389 0.040625 0.088889 0 0.007874 0.994531 0.744444 0.010937 0.138889 6 0.007519 0.990234 0.5625 0.019531 0.166667 3 0.006512 0.883984 0.898611 0.122656 0.197222 0 0.005867 0.753906 0.400694 0.01875 0.048611 3 0.005405 0.989844 0.704167 0.020313 0.088889 3 0.00528 0.054688 0.238889 0.028125 0.038889 3 0.004982 0.494531 0.390972 0.026562 0.040278 0 0.003765 0.791797 0.515972 0.035156 0.0875 0 0.003679 0.201563 0.732639 0.028125 0.076389 0 0.003593 0.399219 0.916667 0.035937 0.088889 1 0.003298 0.973047 0.917361 0.050781 0.118056 2 0.003004 0.732422 0.509028 0.042969 0.0875 2 0.002924 0.333203 0.536111 0.032031 0.058333 4 0.002913 0.876172 0.869444 0.142969 0.255556 1 0.002823 0.399609 0.528472 0.032031 0.0625 0 0.0028 0.994922 0.692361 0.010156 0.093056 10 0.002571 0.0125 0.61875 0.025 0.165278 3 0.00205 0.791406 0.983333 0.057813 0.033333 3 0.001883 0.725 0.977778 0.057813 0.044444 1 0.001839 0.9875 0.733333 0.021875 0.119444 0 0.001734 0.994922 0.800694 0.010156 0.115278 0 0.001727 0.791016 0.413889 0.022656 0.05 0 0.001714 0.976953 0.890278 0.044531 0.1 1 0.001687 0.989844 0.605556 0.020313 0.088889 10 0.001649 0.976172 0.532639 0.044531 0.184722 2 0.001536 0.796094 0.992361 0.120313 0.015278 2 0.001531 0.717187 0.318056 0.01875 0.038889 4 0.001455 0.988672 0.686806 0.019531 0.104167 1 0.001341 0.903906 0.759028 0.020313 0.059722 2 0.001116 0.873828 0.536806 0.044531 0.076389 0 0.001048 0.960156 0.870833 0.070312 0.119444 2 0.001048 0.082031 0.999306 0.142187 0.001389 0 0.00102 0.736328 0.359028 0.017969 0.043056 10 0.001017 0.988672 0.636806 0.021094 0.273611
CCTV01^20260318-110000-20260318-120000_000729,10 0.912598 0.074219 0.802778 0.148438 0.377778 10 0.885742 0.632422 0.370139 0.053906 0.123611 3 0.869629 0.284375 0.805556 0.064062 0.111111 3 0.86084 0.735938 0.91875 0.075 0.156944 3 0.855957 0.190234 0.778472 0.069531 0.118056 3 0.850098 0.522266 0.870833 0.071094 0.188889 10 0.847656 0.385547 0.4375 0.116406 0.147222 3 0.84375 0.277734 0.926389 0.072656 0.144444 3 0.842773 0.149609 0.93125 0.085156 0.131944 10 0.838379 0.270313 0.58125 0.178125 0.229167 10 0.831055 0.686328 0.378472 0.055469 0.134722 3 0.829102 0.834766 0.911111 0.097656 0.158333 3 0.81543 0.913281 0.839583 0.095312 0.148611 3 0.79834 0.267969 0.705556 0.070312 0.1 5 0.78418 0.757422 0.679167 0.069531 0.147222 2 0.782715 0.7 0.790972 0.045312 0.1125 2 0.778809 0.227734 0.819444 0.047656 0.111111 3 0.773438 0.822656 0.688194 0.079687 0.1375 2 0.760742 0.882812 0.703472 0.05 0.090278 0 0.743164 0.705078 0.635417 0.030469 0.095833 10 0.730957 0.46875 0.370833 0.082812 0.108333 3 0.708984 0.34375 0.620139 0.059375 0.070833 2 0.575684 0.981641 0.675694 0.036719 0.0875 4 0.556641 0.820703 0.777778 0.050781 0.108333 3 0.434082 0.39375 0.561806 0.046875 0.0625 3 0.428223 0.465625 0.434722 0.034375 0.05 1 0.352295 0.963672 0.743056 0.035156 0.075 4 0.299072 0.757812 0.679167 0.06875 0.144444 5 0.210815 0.49375 0.457639 0.040625 0.068056 3 0.20813 0.492969 0.458333 0.042188 0.069444 0 0.185303 0.863672 0.520139 0.032031 0.0625 3 0.171631 0.819922 0.777778 0.052344 0.108333 0 0.15918 0.321094 0.709722 0.039062 0.097222 0 0.128052 0.940234 0.622917 0.035156 0.084722 3 0.124634 0.515625 0.381944 0.034375 0.041667 0 0.118408 0.992969 0.817361 0.014063 0.129167 3 0.113953 0.991406 0.8 0.017188 0.147222 0 0.108948 0.210938 0.916667 0.040625 0.1 0 0.106689 0.878125 0.599306 0.034375 0.081944 0 0.085388 0.807813 0.509722 0.025 0.058333 1 0.083008 0.433203 0.464583 0.027344 0.056944 1 0.080627 0.852344 0.625694 0.025 0.076389 1 0.069519 0.807813 0.511111 0.025 0.061111 0 0.05835 0.610156 0.420833 0.023438 0.063889 2 0.056458 0.989844 0.803472 0.020313 0.165278 10 0.05542 0.98125 0.565278 0.0375 0.197222 0 0.03949 0.853125 0.625694 0.025 0.076389 0 0.032471 0.992188 0.774306 0.015625 0.095833 10 0.030563 0.053906 0.6625 0.10625 0.277778 4 0.025665 0.736719 0.359722 0.026562 0.047222 3 0.025177 0.979297 0.578472 0.041406 0.1375 0 0.021454 0.772266 0.419444 0.022656 0.05 2 0.021286 0.994531 0.657639 0.010937 0.123611 6 0.017776 0.989844 0.816667 0.020313 0.211111 3 0.017715 0.535547 0.355556 0.021094 0.038889 1 0.016464 0.716797 0.493056 0.022656 0.058333 3 0.015717 0.501953 0.413889 0.032031 0.041667 2 0.011963 0.49375 0.458333 0.04375 0.072222 10 0.01178 0.988281 0.548611 0.023438 0.225 0 0.010056 0.619922 0.421528 0.033594 0.068056 1 0.009857 0.723828 0.445833 0.019531 0.052778 1 0.009743 0.878906 0.597222 0.042188 0.088889 10 0.009415 0.989844 0.835417 0.020313 0.251389 10 0.007038 0.016797 0.617361 0.033594 0.176389 2 0.006691 0.501953 0.413889 0.033594 0.044444 4 0.006168 0.989844 0.797917 0.020313 0.209722 3 0.005936 0.453906 0.496528 0.042188 0.034722 0 0.00547 0.994922 0.863889 0.010156 0.144444 0 0.005322 0.873047 0.580556 0.030469 0.077778 2 0.004757 0.363672 0.955556 0.102344 0.088889 10 0.004719 0.991016 0.563194 0.017969 0.168056 0 0.004681 0.994922 0.744444 0.010156 0.083333 10 0.004646 0.979688 0.840972 0.0375 0.259722 3 0.003796 0.054297 0.238194 0.027344 0.0375 10 0.003736 0.99375 0.541667 0.0125 0.15 8 0.003651 0.122266 0.544444 0.077344 0.088889 0 0.003511 0.632031 0.427778 0.021875 0.058333 3 0.003223 0.501172 0.4 0.027344 0.047222 12 0.002621 0.210938 0.934028 0.048438 0.115278 1 0.00227 0.538672 0.430556 0.019531 0.044444 10 0.002234 0.9875 0.644444 0.025 0.216667 0 0.002083 0.385547 0.932639 0.066406 0.095833 12 0.001942 0.30625 0.999306 0.139063 0.001389 10 0.001897 0.972656 0.534722 0.054688 0.219444 2 0.001883 0.494531 0.408333 0.029687 0.041667 3 0.001554 0.985547 0.591667 0.028906 0.133333 10 0.001519 0.031641 0.597917 0.063281 0.298611 3 0.001501 0.442969 0.488889 0.03125 0.025 0 0.001416 0.435937 0.450694 0.023438 0.056944 3 0.00141 0.008984 0.254861 0.017969 0.040278 0 0.001362 0.994531 0.615972 0.010937 0.109722 0 0.001315 0.988672 0.851389 0.022656 0.130556 1 0.001249 0.811328 0.511111 0.039844 0.072222
CCTV01^20260318-110000-20260318-120000_000733,3 0.902832 0.274609 0.627778 0.075781 0.088889 10 0.900391 0.288281 0.498611 0.14375 0.175 10 0.866699 0.735547 0.541667 0.138281 0.205556 10 0.862793 0.069531 0.627778 0.139063 0.247222 3 0.861328 0.177734 0.846528 0.089844 0.145833 3 0.849121 0.522656 0.870139 0.070312 0.190278 3 0.844727 0.240625 0.916667 0.06875 0.15 3 0.830078 0.214062 0.640972 0.071875 0.084722 2 0.810547 0.351562 0.920139 0.0625 0.126389 2 0.792969 0.330078 0.752778 0.055469 0.1 10 0.790527 0.451953 0.409722 0.086719 0.130556 0 0.788086 0.712109 0.796528 0.035156 0.120833 2 0.786621 0.721094 0.927083 0.05 0.126389 3 0.782715 0.397266 0.501389 0.057031 0.061111 3 0.769043 0.313281 0.686806 0.057813 0.076389 5 0.769043 0.821484 0.811806 0.102344 0.184722 2 0.754883 0.151562 0.697917 0.042188 0.093056 4 0.747559 0.777734 0.690972 0.064844 0.098611 3 0.72168 0.350781 0.60625 0.064062 0.079167 3 0.651367 0.922656 0.922222 0.079687 0.155556 10 0.640625 0.717578 0.422917 0.085156 0.1375 4 0.615234 0.797656 0.91875 0.067187 0.145833 0 0.550781 0.214453 0.705556 0.038281 0.097222 0 0.542969 0.982031 0.840972 0.035937 0.123611 0 0.470703 0.357031 0.841667 0.040625 0.088889 0 0.443604 0.645312 0.878472 0.029687 0.104167 3 0.386719 0.467969 0.477083 0.051562 0.056944 3 0.357666 0.492969 0.439583 0.035937 0.048611 3 0.275146 0.796094 0.915278 0.064062 0.147222 12 0.264404 0.293359 0.788889 0.060156 0.136111 0 0.24939 0.85 0.534028 0.028125 0.068056 7 0.23938 0.293359 0.788889 0.060156 0.133333 11 0.230957 0.633203 0.479167 0.042969 0.108333 9 0.217285 0.633594 0.480556 0.042188 0.102778 3 0.206909 0.108594 0.972222 0.078125 0.055556 0 0.156128 0.888672 0.592361 0.039844 0.0875 0 0.155029 0.305859 0.548611 0.030469 0.063889 2 0.137085 0.46875 0.477778 0.05 0.058333 3 0.105957 0.666016 0.405556 0.027344 0.05 0 0.086914 0.905859 0.677778 0.035156 0.075 0 0.086609 0.989844 0.693056 0.020313 0.1 10 0.079468 0.632812 0.478472 0.04375 0.1125 3 0.056854 0.516406 0.395139 0.029687 0.043056 0 0.051453 0.823438 0.515972 0.025 0.065278 1 0.049591 0.914062 0.683333 0.0375 0.080556 2 0.044861 0.376563 0.458333 0.025 0.055556 1 0.03775 0.644531 0.879167 0.029687 0.102778 8 0.036774 0.294141 0.788889 0.061719 0.136111 10 0.036621 0.480469 0.343056 0.073438 0.094444 10 0.023605 0.016406 0.625 0.032813 0.205556 0 0.021286 0.993359 0.686806 0.013281 0.106944 0 0.019943 0.828906 0.523611 0.029687 0.069444 1 0.018478 0.305859 0.549306 0.030469 0.0625 2 0.017105 0.771094 0.443056 0.025 0.05 1 0.015015 0.403125 0.547917 0.028125 0.059722 3 0.01178 0.671484 0.341667 0.022656 0.038889 1 0.0112 0.907422 0.676389 0.035156 0.077778 1 0.010292 0.992578 0.627778 0.014844 0.061111 10 0.008476 0.034375 0.602083 0.06875 0.290278 10 0.007755 0.977344 0.575 0.045312 0.177778 1 0.006905 0.049609 0.753472 0.027344 0.081944 3 0.005936 0.985156 0.586111 0.029687 0.138889 2 0.005707 0.992578 0.626389 0.014844 0.063889 10 0.005302 0.992969 0.540278 0.014063 0.175 0 0.004467 0.013281 0.879167 0.026562 0.102778 4 0.0042 0.989844 0.677778 0.020313 0.130556 0 0.00407 0.991406 0.625694 0.017188 0.0625 8 0.003664 0.2125 0.486111 0.051562 0.088889 12 0.003223 0.566797 0.998611 0.150781 0.002778 3 0.003075 0.293359 0.788194 0.061719 0.1375 3 0.00297 0.649219 0.3625 0.020313 0.041667 1 0.002913 0.012891 0.89375 0.025781 0.1375 3 0.002693 0.640234 0.326389 0.028906 0.041667 11 0.002684 0.629297 0.444444 0.046094 0.180556 0 0.002653 0.175 0.556944 0.034375 0.061111 5 0.002398 0.765625 0.998611 0.15 0.002778 10 0.002035 0.989453 0.54375 0.021094 0.231944 11 0.00202 0.628125 0.392361 0.040625 0.081944 1 0.00201 0.522266 0.422917 0.014844 0.045833 10 0.001926 0.986328 0.65 0.027344 0.238889 2 0.001867 0.404297 0.532639 0.033594 0.040278 10 0.001839 0.98125 0.615278 0.0375 0.236111 0 0.001531 0.983594 0.69375 0.032813 0.104167 3 0.001399 0.403906 0.547917 0.028125 0.065278 1 0.001378 0.214062 0.692361 0.045312 0.0875 1 0.001356 0.301563 0.629167 0.026562 0.072222 1 0.001315 0.743359 0.38125 0.014844 0.040278 1 0.001269 0.115234 0.809028 0.030469 0.101389 3 0.00126 0.521484 0.408333 0.019531 0.055556 10 0.001245 0.629297 0.393056 0.042969 0.091667 5 0.001134 0.357812 0.999306 0.123438 0.001389 4 0.001069 0.98125 0.859028 0.0375 0.209722 3 0.001057 0.505078 0.443056 0.032031 0.058333
CCTV01^20260318-110000-20260318-120000_000737,11 0.939941 0.744922 0.638889 0.114844 0.202778 10 0.893555 0.9 0.795139 0.176563 0.393056 3 0.887207 0.277734 0.633333 0.072656 0.094444 3 0.884277 0.311328 0.836111 0.078906 0.133333 3 0.866211 0.293359 0.7125 0.067969 0.102778 3 0.848145 0.523047 0.870139 0.069531 0.190278 10 0.847168 0.408594 0.402083 0.110937 0.1375 3 0.78125 0.082031 0.940972 0.089063 0.115278 10 0.762695 0.078906 0.582639 0.14375 0.195833 3 0.760742 0.655078 0.605556 0.053906 0.094444 10 0.745605 0.791406 0.561111 0.125 0.238889 3 0.680664 0.484766 0.447917 0.039844 0.056944 3 0.622559 0.360156 0.54375 0.060937 0.073611 0 0.616699 0.221484 0.895833 0.046094 0.1 2 0.607422 0.337891 0.632639 0.041406 0.081944 5 0.592773 0.234375 0.799306 0.071875 0.151389 0 0.567871 0.148438 0.909028 0.040625 0.098611 0 0.565918 0.701172 0.853472 0.030469 0.109722 0 0.563965 0.186719 0.846528 0.026562 0.090278 4 0.546875 0.633594 0.509722 0.039062 0.077778 4 0.537109 0.19375 0.738889 0.06875 0.147222 10 0.522461 0.074609 0.796528 0.149219 0.284722 3 0.44751 0.391406 0.475 0.05 0.055556 3 0.373779 0.463672 0.488194 0.049219 0.040278 4 0.334473 0.758984 0.829167 0.089844 0.219444 3 0.312256 0.510156 0.406944 0.032813 0.047222 1 0.312256 0.346875 0.772917 0.03125 0.073611 0 0.299072 0.141797 0.805556 0.033594 0.086111 1 0.246582 0.224609 0.616667 0.032031 0.066667 0 0.243652 0.287109 0.4875 0.022656 0.061111 9 0.229492 0.790625 0.5625 0.125 0.241667 3 0.228149 0.758594 0.822917 0.0875 0.2125 0 0.219971 0.215234 0.547222 0.030469 0.069444 11 0.214722 0.759375 0.825 0.085938 0.211111 11 0.205566 0.322656 0.456944 0.035937 0.069444 2 0.201782 0.413672 0.488194 0.036719 0.054167 3 0.199341 0.639453 0.466667 0.042969 0.058333 6 0.157104 0.322656 0.455556 0.035937 0.069444 1 0.129883 0.258594 0.56875 0.025 0.056944 3 0.128906 0.463672 0.423611 0.033594 0.044444 3 0.119995 0.434766 0.454861 0.033594 0.051389 1 0.100891 0.69375 0.473611 0.020313 0.058333 7 0.100159 0.322656 0.456944 0.035937 0.069444 0 0.097717 0.992969 0.820139 0.014063 0.0875 0 0.095337 0.286719 0.928472 0.060937 0.106944 3 0.095032 0.691406 0.426389 0.029687 0.055556 6 0.09137 0.075 0.783333 0.15 0.261111 0 0.090393 0.985156 0.742361 0.029687 0.090278 3 0.07782 0.71875 0.494444 0.034375 0.069444 2 0.063721 0.434766 0.453472 0.033594 0.051389 0 0.054413 0.276562 0.925 0.039062 0.1 2 0.053986 0.391406 0.477083 0.051562 0.056944 0 0.045532 0.263281 0.443056 0.020313 0.055556 10 0.03949 0.037109 0.702083 0.074219 0.293056 0 0.038452 0.297266 0.938889 0.053906 0.105556 8 0.037903 0.322656 0.456944 0.039062 0.072222 3 0.0336 0.404297 0.545833 0.036719 0.063889 10 0.030441 0.017969 0.652083 0.035937 0.284722 3 0.029877 0.169922 0.979167 0.107031 0.041667 4 0.029648 0.985547 0.746528 0.028906 0.098611 4 0.027481 0.787891 0.450694 0.033594 0.054167 0 0.016846 0.891797 0.579167 0.033594 0.1 0 0.013588 0.990625 0.834028 0.01875 0.118056 10 0.010986 0.983594 0.815278 0.029687 0.341667 10 0.010567 0.976172 0.836111 0.042969 0.327778 3 0.010529 0.991016 0.663194 0.017969 0.109722 3 0.010246 0.179297 0.990278 0.089844 0.019444 2 0.007637 0.330078 0.401389 0.022656 0.047222 3 0.007462 0.187891 0.977083 0.058594 0.045833 10 0.007404 0.019922 0.581944 0.039844 0.302778 12 0.007038 0.277734 0.999306 0.116406 0.001389 3 0.007011 0.677344 0.364583 0.025 0.048611 7 0.006413 0.991406 0.660417 0.017188 0.081944 3 0.006123 0.661328 0.336806 0.019531 0.034722 10 0.005386 0.016797 0.617361 0.033594 0.184722 12 0.005138 0.573047 0.998611 0.146094 0.002778 5 0.004719 0.608594 0.377778 0.03125 0.072222 0 0.004646 0.892188 0.604167 0.0375 0.097222 2 0.00433 0.989844 0.838889 0.020313 0.127778 5 0.003901 0.419141 0.990972 0.128906 0.018056 9 0.003593 0.989844 0.65625 0.020313 0.084722 10 0.003403 0.9875 0.555556 0.025 0.222222 10 0.00316 0.062109 0.677083 0.122656 0.240278 10 0.003099 0.609375 0.377778 0.03125 0.069444 1 0.003052 0.170703 0.55 0.027344 0.055556 5 0.00289 0.416406 0.966667 0.1125 0.066667 0 0.002779 0.170703 0.554861 0.028906 0.0625 0 0.002663 0.182031 0.834028 0.025 0.093056 9 0.002562 0.758594 0.823611 0.0875 0.213889 10 0.002531 0.051953 0.735417 0.103906 0.304167 2 0.002434 0.323828 0.458333 0.035156 0.075 2 0.002253 0.44375 0.452778 0.032813 0.047222 10 0.002209 0.635547 0.29375 0.030469 0.076389 12 0.002132 0.816406 0.999306 0.11875 0.001389 10 0.0021 0.986328 0.622222 0.027344 0.236111 0 0.002035 0.490625 0.390972 0.023438 0.045833 11 0.001972 0.989844 0.656944 0.020313 0.083333 1 0.001912 0.108203 0.629861 0.033594 0.0625 0 0.001796 0.292187 0.488194 0.042188 0.076389 0 0.001748 0.992969 0.852778 0.014063 0.105556 3 0.0017 0.775 0.974306 0.057813 0.051389 0 0.001636 0.702344 0.394444 0.017188 0.038889 2 0.001579 0.478906 0.44375 0.045312 0.054167 3 0.001536 0.375391 0.589583 0.053906 0.059722 2 0.00149 0.692187 0.453472 0.025 0.084722 0 0.001461 0.330078 0.400694 0.022656 0.045833 10 0.001389 0.993359 0.534028 0.013281 0.151389 0 0.001346 0.28125 0.411111 0.01875 0.047222 3 0.001341 0.185156 0.977778 0.075 0.044444 1 0.001265 0.198437 0.486111 0.021875 0.052778 10 0.001188 0.014063 0.579167 0.028125 0.222222 12 0.001138 0.337891 0.999306 0.127344 0.001389 0 0.001057 0.258594 0.448611 0.021875 0.055556 0 0.001017 0.175781 0.492361 0.025 0.051389 3 0.001017 0.417969 0.969444 0.09375 0.061111 2 0.001017 0.89375 0.998611 0.121875 0.002778 5 0.001017 0.899609 0.998611 0.128906 0.002778
CCTV01^20260318-110000-20260318-120000_000741,3 0.890137 0.199609 0.727083 0.083594 0.106944 10 0.879395 0.218359 0.526389 0.150781 0.202778 4 0.878906 0.696875 0.742361 0.053125 0.131944 4 0.869629 0.672656 0.586111 0.054688 0.111111 3 0.868652 0.068359 0.870833 0.107031 0.152778 3 0.866211 0.305859 0.809028 0.069531 0.129167 3 0.85791 0.384375 0.906944 0.101562 0.158333 3 0.852051 0.263672 0.616667 0.063281 0.080556 3 0.850098 0.769531 0.794444 0.064062 0.136111 10 0.848633 0.807422 0.597917 0.130469 0.2625 3 0.84082 0.523438 0.870833 0.070312 0.191667 10 0.826172 0.078125 0.589583 0.139063 0.220833 3 0.79834 0.751172 0.670833 0.057031 0.102778 3 0.763672 0.104297 0.946528 0.082031 0.104167 10 0.725098 0.476172 0.357639 0.103906 0.1125 1 0.697754 0.230078 0.779861 0.046094 0.109722 3 0.680664 0.301172 0.938889 0.072656 0.122222 2 0.569824 0.229297 0.780556 0.046094 0.111111 5 0.567871 0.284766 0.676389 0.078906 0.125 0 0.565918 0.162109 0.838194 0.061719 0.129167 10 0.527344 0.664062 0.354167 0.054688 0.111111 3 0.523438 0.475 0.474306 0.046875 0.054167 3 0.490234 0.188281 0.947917 0.070312 0.104167 2 0.484375 0.200391 0.6375 0.047656 0.075 9 0.478516 0.132812 0.668056 0.084375 0.113889 10 0.432129 0.357031 0.451389 0.092188 0.127778 10 0.38501 0.909375 0.809722 0.18125 0.325 3 0.343262 0.697656 0.949306 0.070312 0.101389 1 0.317383 0.329297 0.6 0.022656 0.069444 2 0.286133 0.85625 0.527083 0.040625 0.070833 3 0.275146 0.496484 0.425 0.033594 0.05 0 0.236572 0.096094 0.761111 0.045312 0.080556 12 0.230957 0.132031 0.667361 0.084375 0.115278 3 0.214722 0.4625 0.414583 0.04375 0.043056 2 0.206909 0.696875 0.464583 0.045312 0.065278 0 0.181274 0.04375 0.731944 0.060937 0.1 3 0.180664 0.620313 0.373611 0.025 0.05 3 0.180054 0.596094 0.41875 0.039062 0.056944 3 0.147095 0.449609 0.45625 0.046094 0.059722 2 0.127686 0.1875 0.948611 0.067187 0.102778 3 0.112427 0.614062 0.476389 0.04375 0.1 4 0.095337 0.964063 0.665972 0.05 0.093056 0 0.093323 0.155859 0.683333 0.044531 0.086111 10 0.076111 0.613672 0.476389 0.044531 0.1 10 0.073181 0.017578 0.625694 0.035156 0.320833 2 0.068298 0.447266 0.453472 0.042969 0.056944 2 0.061432 0.416797 0.501389 0.036719 0.063889 7 0.061432 0.964453 0.666667 0.049219 0.091667 1 0.054413 0.372656 0.511111 0.029687 0.069444 2 0.044189 0.697266 0.950694 0.072656 0.098611 10 0.040527 0.016797 0.604861 0.033594 0.181944 3 0.040527 0.986328 0.596528 0.027344 0.1375 0 0.036346 0.978516 0.753472 0.041406 0.068056 10 0.036072 0.978906 0.590278 0.042188 0.163889 0 0.031494 0.992969 0.744444 0.014063 0.086111 3 0.031372 0.696094 0.464583 0.045312 0.065278 4 0.030792 0.019922 0.795139 0.039844 0.104167 4 0.029541 0.614844 0.477778 0.042188 0.097222 10 0.028549 0.011328 0.632639 0.022656 0.1625 10 0.027374 0.022656 0.529861 0.045312 0.381944 2 0.026962 0.494922 0.424306 0.033594 0.054167 0 0.018341 0.990625 0.759722 0.01875 0.088889 3 0.018265 0.994141 0.727778 0.011719 0.113889 3 0.0159 0.385156 0.582639 0.057813 0.073611 11 0.012527 0.863672 0.911806 0.144531 0.176389 2 0.008614 0.420312 0.442361 0.0375 0.051389 4 0.008347 0.403125 0.477778 0.0375 0.075 3 0.007935 0.697266 0.424306 0.033594 0.043056 12 0.007812 0.7375 0.351389 0.028125 0.058333 8 0.007549 0.8625 0.910417 0.139063 0.170833 4 0.007011 0.016016 0.775694 0.032031 0.220833 0 0.006878 0.230469 0.593056 0.028125 0.075 3 0.006439 0.982422 0.724306 0.032031 0.126389 10 0.006264 0.976172 0.636806 0.044531 0.251389 0 0.005386 0.873828 0.477778 0.022656 0.055556 0 0.00526 0.020313 0.797917 0.040625 0.095833 1 0.004433 0.366797 0.499306 0.033594 0.068056 3 0.004005 0.019141 0.804861 0.038281 0.104167 7 0.003651 0.7375 0.350694 0.025 0.059722 12 0.003593 0.863672 0.910417 0.142969 0.170833 12 0.003429 0.567187 0.998611 0.145313 0.002778 3 0.003403 0.993359 0.856944 0.013281 0.175 2 0.003223 0.460938 0.413889 0.040625 0.041667 3 0.003088 0.988281 0.830556 0.023438 0.233333 4 0.003027 0.410156 0.488194 0.039062 0.070833 2 0.002924 0.515625 0.391667 0.021875 0.05 0 0.00289 0.903906 0.605556 0.042188 0.080556 4 0.002855 0.032031 0.754167 0.0625 0.163889 0 0.0028 0.402734 0.485417 0.035156 0.079167 6 0.002747 0.355469 0.45 0.089063 0.125 4 0.002737 0.979688 0.736806 0.0375 0.101389 10 0.002653 0.050391 0.510417 0.100781 0.379167 11 0.002611 0.019531 0.788889 0.039062 0.108333 3 0.002531 0.994531 0.822222 0.010937 0.2 0 0.00227 0.028516 0.760417 0.057031 0.226389 3 0.002182 0.612891 0.351389 0.027344 0.025 12 0.00209 0.992578 0.78125 0.014844 0.129167 6 0.001897 0.991797 0.5625 0.016406 0.172222 1 0.001782 0.229687 0.596528 0.026562 0.073611 11 0.001727 0.048828 0.495139 0.097656 0.356944 3 0.001405 0.763672 0.474306 0.042969 0.054167 4 0.001378 0.936328 0.511111 0.049219 0.094444 12 0.001356 0.0625 0.998611 0.125 0.002778 3 0.001335 0.003906 0.922222 0.007812 0.133333 9 0.001235 0.967187 0.71875 0.065625 0.218056 0 0.001225 0.300781 0.388889 0.021875 0.047222 11 0.001225 0.060937 0.638889 0.095312 0.122222 0 0.001161 0.136328 0.654861 0.097656 0.151389 2 0.001138 0.004297 0.954167 0.008594 0.091667 2 0.001121 0.982031 0.666667 0.035937 0.258333 4 0.001116 0.401953 0.468056 0.030469 0.061111 11 0.001116 0.98125 0.698611 0.0375 0.225 10 0.001008 0.032422 0.578472 0.064844 0.2625 0 0.001004 0.176563 0.654861 0.079687 0.098611
CCTV01^20260318-110000-20260318-120000_000745,3 0.913086 0.20625 0.736111 0.076563 0.111111 10 0.903809 0.895312 0.772917 0.1875 0.404167 10 0.886719 0.787109 0.522917 0.121094 0.204167 11 0.864258 0.335156 0.872222 0.117188 0.225 3 0.858887 0.308984 0.676389 0.074219 0.111111 3 0.854004 0.522656 0.870833 0.06875 0.188889 10 0.853516 0.083594 0.583333 0.146875 0.222222 3 0.848145 0.792578 0.872917 0.064844 0.154167 3 0.838867 0.295312 0.61875 0.06875 0.079167 10 0.820312 0.344922 0.4125 0.117969 0.130556 3 0.810547 0.682422 0.555556 0.047656 0.088889 3 0.809082 0.035937 0.781944 0.071875 0.108333 3 0.803223 0.028516 0.859028 0.057031 0.1125 4 0.795898 0.242969 0.791667 0.057813 0.136111 3 0.775879 0.374219 0.565278 0.064062 0.091667 3 0.73877 0.283984 0.568056 0.063281 0.083333 3 0.728027 0.697266 0.722222 0.060156 0.177778 5 0.668945 0.130469 0.852778 0.076563 0.188889 4 0.583008 0.335938 0.870139 0.115625 0.220833 10 0.552734 0.701172 0.399306 0.060156 0.134722 9 0.539062 0.335156 0.873611 0.117188 0.225 3 0.416748 0.367188 0.504167 0.05 0.063889 9 0.348633 0.646875 0.464583 0.053125 0.120833 1 0.336426 0.194531 0.660417 0.035937 0.070833 3 0.327637 0.475781 0.474306 0.045312 0.051389 2 0.282959 0.366406 0.504167 0.05 0.063889 0 0.275146 0.014063 0.927778 0.028125 0.105556 3 0.223999 0.046484 0.953472 0.083594 0.090278 3 0.187134 0.433203 0.476389 0.057031 0.072222 6 0.160278 0.644922 0.374306 0.052344 0.106944 7 0.143188 0.300781 0.495833 0.048438 0.075 3 0.1427 0.502344 0.43125 0.035937 0.051389 0 0.099487 0.187891 0.845833 0.041406 0.108333 1 0.089478 0.237891 0.63125 0.032031 0.070833 0 0.085999 0.080859 0.813194 0.046094 0.101389 11 0.067322 0.280469 0.486111 0.051562 0.083333 0 0.067078 0.2375 0.627778 0.034375 0.075 7 0.057281 0.289062 0.488194 0.065625 0.084722 4 0.054413 0.3125 0.49375 0.053125 0.076389 0 0.053986 0.233203 0.613889 0.033594 0.077778 3 0.052032 0.035547 0.793056 0.071094 0.191667 3 0.047943 0.419922 0.418056 0.044531 0.05 5 0.045532 0.967578 0.936806 0.064844 0.123611 3 0.045197 0.51875 0.382639 0.0375 0.048611 10 0.044342 0.017578 0.620833 0.035156 0.330556 10 0.037598 0.986328 0.794444 0.027344 0.35 2 0.035553 0.502344 0.43125 0.035937 0.051389 8 0.033478 0.28125 0.4875 0.053125 0.086111 12 0.032959 0.049609 0.997222 0.099219 0.005556 0 0.026657 0.227344 0.600694 0.03125 0.0625 0 0.026062 0.327344 0.485417 0.029687 0.068056 10 0.024887 0.644922 0.375 0.052344 0.108333 1 0.023773 0.793359 0.972222 0.046094 0.055556 10 0.02211 0.016797 0.609722 0.033594 0.183333 2 0.021942 0.517969 0.384722 0.034375 0.052778 0 0.021942 0.221484 0.559028 0.027344 0.070833 4 0.02002 0.307031 0.488194 0.032813 0.073611 4 0.019638 0.967578 0.934722 0.064844 0.130556 3 0.018539 0.567187 0.469444 0.03125 0.075 10 0.017578 0.021094 0.55625 0.042188 0.334722 0 0.016846 0.175781 0.584722 0.042188 0.088889 7 0.016663 0.965625 0.935417 0.067187 0.129167 4 0.01519 0.300781 0.496528 0.048438 0.073611 2 0.014732 0.238281 0.529167 0.035937 0.075 0 0.013634 0.034766 0.696528 0.060156 0.076389 3 0.013588 0.239453 0.526389 0.035156 0.069444 12 0.013168 0.566797 0.46875 0.030469 0.073611 10 0.012192 0.977344 0.577083 0.045312 0.145833 10 0.011917 0.037109 0.629861 0.072656 0.395833 11 0.011375 0.645703 0.374306 0.052344 0.104167 5 0.010651 0.432812 0.475694 0.05625 0.068056 3 0.01033 0.428125 0.445139 0.045312 0.040278 0 0.009933 0.223828 0.576389 0.030469 0.077778 2 0.00927 0.855078 0.484722 0.028906 0.061111 0 0.008743 0.971875 0.732639 0.046875 0.090278 2 0.007874 0.991797 0.822222 0.016406 0.177778 3 0.007233 0.992969 0.805556 0.014063 0.152778 12 0.007149 0.189062 0.999306 0.140625 0.001389 2 0.007011 0.994141 0.8 0.011719 0.138889 4 0.005981 0.6625 0.328472 0.021875 0.048611 2 0.005981 0.891797 0.547917 0.046094 0.073611 12 0.005753 0.028516 0.999306 0.055469 0.001389 2 0.005577 0.971484 0.734028 0.047656 0.090278 0 0.005138 0.044141 0.697222 0.039844 0.061111 3 0.005039 0.513281 0.391667 0.032813 0.044444 4 0.004887 0.567578 0.467361 0.028906 0.073611 2 0.004757 0.465234 0.434722 0.033594 0.044444 0 0.004417 0.171875 0.564583 0.034375 0.098611 9 0.004398 0.988672 0.804861 0.022656 0.215278 2 0.00433 0.992188 0.855556 0.015625 0.125 3 0.004299 0.00625 0.713194 0.0125 0.098611 3 0.003975 0.978516 0.581944 0.042969 0.133333 0 0.003708 0.234766 0.463889 0.033594 0.063889 3 0.003593 0.988281 0.818056 0.023438 0.211111 4 0.003469 0.325391 0.484722 0.033594 0.066667 0 0.003325 0.009375 0.696528 0.01875 0.079167 3 0.003273 0.989453 0.843056 0.021094 0.133333 4 0.003136 0.988672 0.861806 0.022656 0.123611 3 0.003124 0.992969 0.875694 0.014063 0.145833 3 0.002935 0.965625 0.936111 0.06875 0.127778 4 0.002924 0.014453 0.701389 0.028906 0.080556 3 0.002823 0.013672 0.90625 0.027344 0.173611 0 0.002653 0.246484 0.479167 0.025781 0.058333 10 0.002632 0.480469 0.357639 0.079687 0.093056 12 0.002415 0.798828 0.999306 0.119531 0.001389 10 0.002132 0.966797 0.901389 0.066406 0.197222 0 0.00202 0.9875 0.7125 0.025 0.111111 6 0.002003 0.991406 0.548611 0.017188 0.2 10 0.001942 0.992969 0.524306 0.014063 0.145833 12 0.001883 0.345703 0.998611 0.130469 0.002778 4 0.001727 0.240625 0.525694 0.0375 0.070833 3 0.001525 0.615234 0.350694 0.017969 0.054167 10 0.001484 0.036719 0.513194 0.073438 0.376389 2 0.001444 0.992188 0.736806 0.015625 0.115278 2 0.00141 0.142187 0.94375 0.08125 0.098611 2 0.001367 0.992969 0.594444 0.014063 0.122222 10 0.001341 0.965234 0.782639 0.064844 0.370833 0 0.001245 0.015234 0.684722 0.030469 0.091667 10 0.001225 0.98125 0.738889 0.0375 0.297222 4 0.001216 0.144141 0.946528 0.080469 0.104167 0 0.001188 0.238281 0.520139 0.035937 0.073611 12 0.001116 0.130078 0.998611 0.130469 0.002778 10 0.00109 0.020313 0.692361 0.040625 0.398611 3 0.001048 0.041406 0.916667 0.082812 0.158333 6 0.001008 0.966797 0.934722 0.066406 0.122222
CCTV01^20260318-110000-20260318-120000_000749,3 0.862305 0.127344 0.905556 0.104688 0.144444 3 0.850098 0.523047 0.870833 0.071094 0.191667 3 0.84082 0.117188 0.794444 0.08125 0.116667 3 0.838867 0.200391 0.915278 0.067969 0.152778 3 0.823242 0.143359 0.7 0.086719 0.094444 3 0.818848 0.241016 0.773611 0.072656 0.113889 10 0.791016 0.107422 0.561111 0.144531 0.216667 10 0.744141 0.775 0.796528 0.135937 0.393056 10 0.739258 0.042578 0.792361 0.085156 0.309722 3 0.728027 0.188281 0.736806 0.071875 0.126389 10 0.722656 0.917969 0.828472 0.1625 0.343056 3 0.71875 0.660547 0.534722 0.042969 0.075 10 0.676758 0.750391 0.511806 0.078906 0.198611 4 0.672363 0.26875 0.843056 0.0625 0.155556 0 0.666992 0.025391 0.891667 0.050781 0.122222 4 0.662109 0.669141 0.643056 0.060156 0.122222 4 0.645996 0.258203 0.619444 0.049219 0.1 5 0.625977 0.328125 0.534028 0.070312 0.090278 3 0.609375 0.633984 0.452083 0.035156 0.076389 10 0.589844 0.388281 0.385417 0.11875 0.123611 10 0.562988 0.878516 0.633333 0.172656 0.244444 3 0.552734 0.296875 0.697222 0.053125 0.094444 10 0.464844 0.632422 0.363194 0.039844 0.1125 3 0.458984 0.344531 0.594444 0.089063 0.133333 3 0.44165 0.384766 0.53125 0.064844 0.068056 3 0.413086 0.325 0.778472 0.067187 0.151389 3 0.332764 0.258594 0.619444 0.05 0.1 3 0.291016 0.682031 0.472222 0.032813 0.063889 4 0.276611 0.342969 0.598611 0.082812 0.130556 0 0.252441 0.216016 0.652778 0.036719 0.088889 3 0.24939 0.210156 0.500694 0.0375 0.068056 3 0.248047 0.439453 0.472917 0.047656 0.0625 9 0.223999 0.327344 0.534722 0.070312 0.091667 5 0.223999 0.324219 0.779167 0.067187 0.152778 4 0.203125 0.686719 0.407639 0.029687 0.059722 2 0.19812 0.494141 0.442361 0.035156 0.048611 4 0.169922 0.324609 0.780556 0.066406 0.15 3 0.141235 0.344141 0.952778 0.071094 0.094444 6 0.133911 0.751172 0.511806 0.080469 0.193056 2 0.119629 0.325 0.779861 0.067187 0.148611 9 0.104858 0.342187 0.599306 0.082812 0.131944 11 0.091736 0.776172 0.795833 0.132031 0.388889 10 0.084473 0.027734 0.659028 0.055469 0.309722 3 0.083862 0.686328 0.407639 0.030469 0.0625 4 0.067322 0.335547 0.461111 0.033594 0.061111 2 0.067078 0.473828 0.479167 0.046094 0.055556 3 0.064392 0.49375 0.441667 0.0375 0.05 2 0.063049 0.4625 0.429167 0.04375 0.055556 10 0.047943 0.026562 0.608333 0.053125 0.188889 1 0.047424 0.703906 0.525 0.017188 0.061111 2 0.044861 0.511719 0.40625 0.03125 0.051389 1 0.0354 0.401172 0.471528 0.030469 0.059722 2 0.033203 0.503516 0.421528 0.033594 0.051389 2 0.029984 0.686328 0.408333 0.030469 0.061111 10 0.029541 0.033594 0.701389 0.067187 0.475 7 0.027069 0.334766 0.461111 0.033594 0.061111 10 0.026855 0.030469 0.563889 0.060937 0.405556 0 0.025665 0.142578 0.625 0.036719 0.077778 0 0.020798 0.985156 0.740972 0.029687 0.118056 12 0.019638 0.686328 0.408333 0.030469 0.061111 2 0.019501 0.566797 0.469444 0.032031 0.077778 2 0.017441 0.393359 0.443056 0.038281 0.061111 3 0.017242 0.335547 0.4625 0.033594 0.061111 4 0.016983 0.567187 0.46875 0.03125 0.076389 3 0.016464 0.566797 0.46875 0.032031 0.079167 2 0.015076 0.776563 0.438194 0.025 0.051389 3 0.013901 0.026953 0.620139 0.053906 0.1875 0 0.013741 0.263672 0.485417 0.028906 0.068056 2 0.013168 0.344531 0.954167 0.070312 0.091667 3 0.013069 0.4625 0.427778 0.04375 0.055556 5 0.010857 0.566797 0.469444 0.033594 0.077778 4 0.010696 0.345703 0.446528 0.027344 0.059722 3 0.01033 0.475 0.478472 0.046875 0.054167 4 0.009781 0.39375 0.446528 0.0375 0.065278 3 0.009232 0.511328 0.40625 0.032031 0.051389 2 0.008446 0.445703 0.427778 0.044531 0.041667 0 0.008217 0.232813 0.553472 0.034375 0.065278 12 0.008217 0.142187 0.628472 0.040625 0.081944 5 0.006538 0.235937 0.998611 0.121875 0.002778 2 0.005665 0.475781 0.400694 0.0375 0.034722 2 0.005619 0.302734 0.502778 0.036719 0.077778 2 0.005039 0.13125 0.999306 0.11875 0.001389 3 0.004757 0.445703 0.427083 0.046094 0.045833 2 0.004116 0.360547 0.441667 0.025781 0.055556 10 0.003944 0.982422 0.843056 0.035156 0.222222 2 0.003855 0.804688 0.436111 0.025 0.052778 8 0.003839 0.316797 0.445139 0.055469 0.068056 1 0.003809 0.40625 0.476389 0.026562 0.055556 11 0.003351 0.077734 0.629167 0.058594 0.102778 3 0.003338 0.017969 0.616667 0.035937 0.161111 12 0.003063 0.574219 0.998611 0.146875 0.002778 11 0.003052 0.315234 0.444444 0.052344 0.066667 10 0.00304 0.675 0.347917 0.045312 0.118056 4 0.00289 0.350781 0.445833 0.05 0.086111 0 0.002737 0.990234 0.780556 0.019531 0.2 0 0.002714 0.359766 0.441667 0.027344 0.055556 10 0.002642 0.085156 0.545833 0.160938 0.408333 10 0.002602 0.983594 0.768056 0.032813 0.344444 10 0.002522 0.073047 0.618056 0.136719 0.363889 0 0.002512 0.238672 0.536111 0.028906 0.066667 4 0.002415 0.359375 0.442361 0.028125 0.059722 1 0.002199 0.144531 0.625 0.0375 0.077778 0 0.002003 0.226562 0.567361 0.034375 0.068056 2 0.001965 0.253906 0.998611 0.129688 0.002778 2 0.001957 0.208594 0.497917 0.039062 0.070833 10 0.001957 0.970703 0.810417 0.058594 0.348611 1 0.001853 0.212109 0.590972 0.030469 0.079167 0 0.001824 0.239453 0.4875 0.019531 0.058333 0 0.001768 0.994922 0.667361 0.010156 0.101389 1 0.001687 0.710156 0.449306 0.017188 0.056944 10 0.001394 0.9875 0.670833 0.025 0.291667 3 0.001294 0.439063 0.422222 0.03125 0.05 4 0.001078 0.328125 0.535417 0.070312 0.090278 10 0.001053 0.024219 0.556944 0.048438 0.280556 0 0.001017 0.214453 0.585417 0.032031 0.076389
CCTV01^20260318-110000-20260318-120000_000753,3 0.898438 0.130469 0.797917 0.085938 0.123611 3 0.891602 0.157812 0.863194 0.08125 0.134722 3 0.870605 0.316797 0.78125 0.060156 0.1125 3 0.868164 0.232031 0.795139 0.075 0.123611 3 0.864258 0.210547 0.656944 0.082031 0.097222 3 0.864258 0.266797 0.915972 0.080469 0.159722 10 0.857422 0.136328 0.623611 0.188281 0.252778 3 0.855957 0.7125 0.747917 0.067187 0.156944 3 0.823242 0.523047 0.870139 0.071094 0.190278 10 0.821777 0.808203 0.631944 0.146094 0.275 4 0.818848 0.272266 0.674306 0.049219 0.118056 0 0.78125 0.8 0.834722 0.029687 0.102778 3 0.767578 0.26875 0.580556 0.071875 0.077778 10 0.744141 0.917578 0.826389 0.164844 0.347222 10 0.722656 0.416797 0.373611 0.116406 0.116667 3 0.705566 0.290625 0.611806 0.065625 0.081944 1 0.672363 0.683594 0.640278 0.0375 0.086111 3 0.658203 0.342969 0.931944 0.075 0.133333 10 0.602051 0.665625 0.477778 0.071875 0.177778 3 0.596191 0.713672 0.572917 0.052344 0.0875 3 0.59082 0.173047 0.95 0.094531 0.091667 5 0.544922 0.339844 0.622917 0.065625 0.115278 9 0.527344 0.808203 0.634722 0.146094 0.272222 2 0.472656 0.683594 0.638889 0.0375 0.083333 3 0.413086 0.358203 0.532639 0.049219 0.068056 2 0.319092 0.491406 0.452778 0.035937 0.055556 10 0.313232 0.109766 0.590972 0.138281 0.270833 3 0.250977 0.359766 0.483333 0.042969 0.055556 3 0.2323 0.453125 0.450694 0.042188 0.059722 3 0.190674 0.376953 0.541667 0.083594 0.086111 10 0.188965 0.023828 0.648611 0.047656 0.280556 0 0.164551 0.165625 0.702778 0.0375 0.088889 3 0.141724 0.399219 0.4375 0.039062 0.066667 0 0.141235 0.025391 0.941667 0.050781 0.1 3 0.140869 0.391797 0.534028 0.074219 0.120833 0 0.138428 0.041797 0.85 0.052344 0.1 2 0.134277 0.453516 0.452778 0.044531 0.061111 7 0.115967 0.714063 0.572222 0.05 0.086111 4 0.105225 0.301563 0.470833 0.034375 0.075 1 0.103027 0.314453 0.538194 0.032031 0.059722 4 0.097046 0.387109 0.548611 0.071094 0.091667 2 0.086914 0.00625 0.833333 0.0125 0.116667 2 0.083008 0.507031 0.413889 0.032813 0.044444 2 0.073181 0.360156 0.484722 0.04375 0.055556 3 0.070312 0.491406 0.452083 0.035937 0.059722 2 0.060089 0.461328 0.486111 0.053906 0.041667 9 0.056854 0.392578 0.535417 0.075781 0.115278 3 0.054596 0.50625 0.417361 0.034375 0.048611 12 0.046539 0.042188 0.851389 0.051562 0.097222 2 0.046387 0.026562 0.944444 0.053125 0.1 10 0.045685 0.028125 0.571528 0.05625 0.3375 2 0.03775 0.474609 0.409028 0.036719 0.054167 2 0.033844 0.566797 0.467361 0.032031 0.079167 2 0.031494 0.010547 0.836806 0.021094 0.131944 0 0.029541 0.122266 0.719444 0.044531 0.072222 3 0.027588 0.229687 0.434028 0.034375 0.054167 2 0.026962 0.446094 0.420833 0.045312 0.069444 0 0.025269 0.026172 0.781944 0.039844 0.102778 3 0.025085 0.462891 0.488194 0.052344 0.048611 8 0.019424 0.342969 0.41875 0.051562 0.084722 9 0.01738 0.410547 0.507639 0.044531 0.070833 3 0.017181 0.024219 0.610417 0.048438 0.193056 3 0.016098 0.010156 0.850694 0.020313 0.1625 4 0.014503 0.88125 0.54375 0.053125 0.095833 4 0.010246 0.011719 0.866667 0.023438 0.15 5 0.009743 0.443359 0.416667 0.041406 0.063889 12 0.00927 0.025391 0.779167 0.039844 0.097222 3 0.008446 0.300781 0.470833 0.035937 0.075 4 0.008415 0.567969 0.468056 0.029687 0.077778 10 0.008217 0.992969 0.529167 0.014063 0.163889 12 0.007694 0.570703 0.999306 0.138281 0.001389 0 0.007065 0.078906 0.786806 0.053125 0.101389 4 0.006489 0.740234 0.490972 0.047656 0.0875 3 0.006439 0.740234 0.490278 0.047656 0.086111 3 0.006191 0.524609 0.378472 0.028906 0.043056 4 0.006191 0.340234 0.443056 0.041406 0.061111 3 0.005619 0.411719 0.500694 0.04375 0.056944 1 0.005535 0.010156 0.71875 0.020313 0.090278 2 0.00547 0.401172 0.442361 0.038281 0.059722 12 0.005428 0.740234 0.490278 0.047656 0.083333 4 0.00502 0.411719 0.503472 0.04375 0.0625 9 0.004738 0.301172 0.470139 0.035156 0.073611 6 0.00415 0.666016 0.477083 0.072656 0.173611 10 0.003914 0.69375 0.40625 0.059375 0.143056 2 0.003708 0.042969 0.995833 0.084375 0.008333 12 0.003679 0.780078 0.999306 0.127344 0.001389 12 0.003551 0.044922 0.998611 0.089844 0.002778 4 0.003403 0.0125 0.863889 0.025 0.244444 3 0.003147 0.251563 0.588889 0.0375 0.066667 10 0.003124 0.980469 0.591667 0.039062 0.155556 0 0.002935 0.266016 0.454861 0.035156 0.073611 2 0.002901 0.7375 0.979167 0.053125 0.041667 10 0.002846 0.9875 0.709028 0.025 0.243056 0 0.002779 0.014453 0.716667 0.028906 0.088889 4 0.002602 0.391406 0.527083 0.08125 0.145833 1 0.002462 0.015625 0.710417 0.03125 0.106944 2 0.002453 0.007031 0.727778 0.014063 0.088889 6 0.002405 0.342187 0.420833 0.05 0.086111 5 0.002378 0.474609 0.407639 0.036719 0.051389 4 0.00227 0.475 0.409722 0.0375 0.055556 4 0.002234 0.443359 0.41875 0.038281 0.065278 0 0.00209 0.034766 0.826389 0.060156 0.119444 0 0.002043 0.086328 0.766667 0.066406 0.127778 10 0.001987 0.963281 0.798611 0.073438 0.402778 0 0.001942 0.026172 0.820139 0.052344 0.204167 0 0.001912 0.018359 0.703472 0.036719 0.118056 3 0.001897 0.475 0.408333 0.0375 0.052778 2 0.001796 0.414062 0.497222 0.04375 0.055556 10 0.001668 0.989453 0.527083 0.021094 0.181944 2 0.001636 0.015625 0.691667 0.03125 0.144444 11 0.001623 0.640625 0.394444 0.035937 0.111111 2 0.001623 0.019922 0.811111 0.039844 0.15 2 0.001561 0.014453 0.909722 0.028906 0.133333 4 0.001549 0.09375 0.75 0.079687 0.116667 12 0.001432 0.035547 0.977083 0.071094 0.045833 4 0.001305 0.400391 0.436111 0.039844 0.066667 10 0.001289 0.076172 0.540278 0.144531 0.413889 2 0.001245 0.232031 0.438194 0.034375 0.0625 0 0.001235 0.989844 0.667361 0.020313 0.118056 0 0.001197 0.991406 0.646528 0.017188 0.0875 2 0.001188 0.36875 0.425 0.028125 0.061111 3 0.001188 0.013672 0.915972 0.027344 0.168056 10 0.001156 0.992188 0.711111 0.015625 0.213889 0 0.001048 0.779687 0.445139 0.025 0.0625 0 0.001017 0.034375 0.678472 0.035937 0.098611 0 0.001017 0.104297 0.734722 0.075781 0.097222
CCTV01^20260318-110000-20260318-120000_000757,10 0.914551 0.358594 0.442361 0.142187 0.159722 3 0.883301 0.232031 0.798611 0.067187 0.113889 3 0.882324 0.137109 0.78125 0.072656 0.120833 3 0.878418 0.259766 0.704861 0.064844 0.101389 3 0.872559 0.316016 0.800694 0.066406 0.129167 3 0.868164 0.203906 0.713194 0.064062 0.106944 3 0.86084 0.323437 0.665278 0.0625 0.102778 11 0.85791 0.644141 0.452778 0.046094 0.138889 3 0.848145 0.523047 0.870139 0.071094 0.190278 3 0.847168 0.244141 0.9125 0.078906 0.152778 10 0.844238 0.764844 0.81875 0.167187 0.351389 3 0.838867 0.160156 0.91875 0.075 0.151389 10 0.831543 0.836328 0.677778 0.167969 0.308333 10 0.826172 0.111328 0.543056 0.144531 0.180556 3 0.820801 0.214453 0.634028 0.055469 0.081944 10 0.811523 0.700781 0.533333 0.070312 0.222222 3 0.809082 0.317188 0.540972 0.067187 0.076389 3 0.753418 0.265234 0.590972 0.063281 0.084722 2 0.747559 0.046484 0.814583 0.063281 0.115278 10 0.685059 0.063672 0.709722 0.127344 0.263889 4 0.57959 0.289844 0.6125 0.051562 0.102778 3 0.388672 0.376172 0.574306 0.055469 0.081944 3 0.187134 0.43125 0.46875 0.046875 0.0625 1 0.181274 0.157422 0.811111 0.041406 0.075 2 0.176636 0.430859 0.46875 0.047656 0.059722 2 0.163452 0.375781 0.575694 0.05625 0.081944 2 0.103027 0.511328 0.404167 0.035156 0.058333 3 0.093323 0.457422 0.413194 0.046094 0.051389 10 0.086609 0.030469 0.639583 0.060937 0.2625 10 0.080627 0.938281 0.870833 0.123438 0.258333 2 0.078613 0.158984 0.649306 0.039844 0.081944 0 0.074219 0.265625 0.493056 0.029687 0.066667 1 0.07135 0.375781 0.577083 0.057813 0.084722 2 0.061646 0.566797 0.466667 0.033594 0.083333 11 0.053802 0.967578 0.763194 0.064844 0.240278 3 0.045532 0.511328 0.403472 0.035156 0.059722 2 0.031494 0.96875 0.754167 0.0625 0.183333 0 0.027908 0.096094 0.75 0.039062 0.088889 9 0.025467 0.967578 0.754861 0.064844 0.234722 1 0.024887 0.192969 0.777778 0.035937 0.072222 4 0.02034 0.96875 0.752083 0.0625 0.179167 10 0.016922 0.965625 0.819444 0.06875 0.316667 3 0.015839 0.475781 0.439583 0.059375 0.0875 11 0.014732 0.476953 0.442361 0.055469 0.084722 3 0.013168 0.150781 0.58125 0.048438 0.076389 10 0.012291 0.628906 0.375 0.04375 0.127778 0 0.011963 0.196094 0.586806 0.039062 0.070833 1 0.009674 0.567187 0.469444 0.03125 0.077778 2 0.009232 0.747266 0.583333 0.028906 0.075 4 0.007404 0.883594 0.549306 0.054688 0.098611 4 0.006798 0.203125 0.532639 0.039062 0.068056 2 0.00634 0.528516 0.360417 0.028906 0.051389 3 0.006191 0.504297 0.413889 0.033594 0.069444 9 0.005753 0.476953 0.443056 0.055469 0.083333 2 0.005535 0.484375 0.375 0.042188 0.05 10 0.00423 0.504687 0.322917 0.079687 0.095833 0 0.004135 0.91875 0.663889 0.042188 0.088889 0 0.003855 0.269531 0.448611 0.025 0.052778 3 0.00375 0.448828 0.488194 0.049219 0.043056 5 0.003593 0.697656 0.405556 0.057813 0.111111 4 0.003483 0.782813 0.372222 0.03125 0.058333 0 0.00321 0.125781 0.699306 0.060937 0.093056 1 0.003027 0.149219 0.802083 0.05625 0.0875 7 0.002714 0.468359 0.452083 0.061719 0.115278 4 0.002611 0.221875 0.500694 0.0375 0.076389 10 0.002581 0.710547 0.290278 0.036719 0.075 10 0.002562 0.982422 0.594444 0.035156 0.158333 10 0.002443 0.969922 0.720139 0.060156 0.301389 2 0.002003 0.504297 0.322917 0.080469 0.093056 10 0.002003 0.042969 0.627778 0.079687 0.327778 10 0.001987 0.980078 0.840972 0.039844 0.184722 0 0.001942 0.068359 0.961806 0.063281 0.0625 10 0.001912 0.989062 0.84375 0.021875 0.173611 0 0.001897 0.747656 0.584028 0.032813 0.084722 0 0.001846 0.203906 0.534028 0.0375 0.065278 3 0.001824 0.226172 0.425 0.038281 0.075 2 0.001796 0.457422 0.4125 0.044531 0.052778 0 0.0017 0.264453 0.411806 0.024219 0.048611 0 0.001675 0.136328 0.690972 0.044531 0.076389 12 0.001597 0.116797 0.998611 0.138281 0.002778 10 0.001531 0.980078 0.684028 0.039844 0.306944 3 0.00141 0.223828 0.498611 0.035156 0.075 10 0.001367 0.028125 0.5625 0.05625 0.236111 11 0.001362 0.085547 0.440972 0.163281 0.248611 12 0.001346 0.754687 0.999306 0.14375 0.001389 0 0.001309 0.116016 0.71875 0.064844 0.109722 3 0.001269 0.992969 0.729167 0.014063 0.169444 3 0.001265 0.439844 0.48125 0.059375 0.045833 5 0.001235 0.484375 0.375 0.042188 0.05 0 0.001216 0.811328 0.486806 0.027344 0.068056 12 0.001216 0.067187 0.99375 0.134375 0.0125 12 0.001086 0.308984 0.960417 0.138281 0.079167 10 0.001048 0.071875 0.550694 0.1375 0.4625
CCTV01^20260318-110000-20260318-120000_000761,11 0.902832 0.732812 0.695833 0.09375 0.244444 3 0.887207 0.262109 0.640278 0.071094 0.086111 3 0.880859 0.271094 0.827083 0.073438 0.1375 3 0.876465 0.257031 0.725694 0.067187 0.109722 10 0.875488 0.891797 0.755556 0.216406 0.366667 10 0.868652 0.432422 0.390972 0.111719 0.123611 3 0.852051 0.174219 0.797917 0.067187 0.120833 10 0.839355 0.158594 0.575694 0.16875 0.223611 10 0.830078 0.6625 0.515278 0.078125 0.208333 3 0.825684 0.324609 0.638889 0.061719 0.094444 3 0.795898 0.387109 0.534722 0.058594 0.075 2 0.774414 0.765234 0.944444 0.064844 0.111111 3 0.771973 0.262109 0.568056 0.055469 0.075 4 0.65332 0.317969 0.529167 0.048438 0.086111 0 0.651367 0.352344 0.784028 0.045312 0.106944 3 0.647949 0.357031 0.475694 0.0625 0.065278 3 0.647949 0.522266 0.871528 0.071094 0.193056 2 0.563965 0.6625 0.860417 0.04375 0.140278 0 0.537109 0.155078 0.891667 0.038281 0.1 0 0.505859 0.320703 0.713889 0.033594 0.088889 0 0.505859 0.096484 0.761111 0.060156 0.1 0 0.494141 0.175 0.697917 0.04375 0.084722 1 0.476562 0.8 0.852083 0.032813 0.101389 3 0.472656 0.219141 0.91875 0.067969 0.145833 4 0.422607 0.38125 0.9125 0.103125 0.155556 7 0.397949 0.017188 0.840278 0.034375 0.125 5 0.368408 0.477734 0.45625 0.047656 0.076389 10 0.346924 0.710156 0.419444 0.092188 0.133333 3 0.341553 0.382031 0.913889 0.103125 0.152778 3 0.315674 0.413281 0.469444 0.054688 0.058333 4 0.309082 0.019141 0.838889 0.038281 0.127778 0 0.294189 0.317578 0.86875 0.042969 0.101389 3 0.286133 0.301953 0.501389 0.044531 0.063889 3 0.281494 0.099219 0.9375 0.070312 0.122222 2 0.26123 0.151562 0.672917 0.05 0.095833 0 0.205566 0.8 0.851389 0.032813 0.102778 2 0.178955 0.044531 0.745833 0.065625 0.113889 4 0.177856 0.219922 0.919444 0.067969 0.144444 6 0.167725 0.738281 0.534028 0.075 0.1875 1 0.162354 0.599219 0.48125 0.01875 0.056944 3 0.151978 0.294531 0.934722 0.1 0.125 1 0.132935 0.339453 0.540972 0.022656 0.0625 10 0.101257 0.737891 0.5375 0.077344 0.197222 1 0.071594 0.612109 0.425 0.016406 0.052778 11 0.068542 0.738281 0.534028 0.075 0.181944 2 0.061432 0.566016 0.470139 0.033594 0.079167 2 0.05899 0.099219 0.9375 0.070312 0.122222 2 0.057068 0.266406 0.492361 0.039062 0.079167 6 0.048309 0.816016 0.488889 0.072656 0.155556 10 0.044678 0.031641 0.584028 0.063281 0.168056 10 0.042572 0.978906 0.915972 0.042188 0.168056 4 0.039185 0.016406 0.8375 0.032813 0.208333 10 0.029205 0.619531 0.313194 0.042188 0.106944 4 0.027802 0.295312 0.936806 0.104688 0.123611 5 0.024887 0.978906 0.925 0.042188 0.15 10 0.017578 0.017578 0.704861 0.035156 0.306944 10 0.015778 0.026562 0.633333 0.053125 0.311111 0 0.015129 0.592578 0.41875 0.014844 0.048611 7 0.013222 0.297266 0.934028 0.107031 0.123611 3 0.01107 0.501172 0.411111 0.038281 0.069444 5 0.010696 0.7375 0.520833 0.075 0.152778 9 0.009743 0.980078 0.920833 0.039844 0.158333 3 0.008545 0.014063 0.702083 0.028125 0.143056 2 0.008125 0.758984 0.395833 0.027344 0.047222 10 0.007694 0.963672 0.742361 0.072656 0.390278 9 0.007488 0.029297 0.617361 0.058594 0.240278 0 0.007347 0.267188 0.4875 0.034375 0.077778 12 0.00729 0.140625 0.998611 0.129688 0.002778 1 0.007206 0.567187 0.470139 0.03125 0.079167 0 0.007011 0.664844 0.643056 0.017188 0.061111 4 0.006027 0.014844 0.7 0.029687 0.158333 1 0.005405 0.217969 0.636806 0.028125 0.065278 9 0.00528 0.015234 0.683333 0.030469 0.205556 0 0.00502 0.196875 0.624306 0.03125 0.068056 12 0.003824 0.198047 0.998611 0.138281 0.002778 4 0.003416 0.495312 0.407639 0.05 0.073611 4 0.003403 0.333203 0.527083 0.044531 0.081944 10 0.003338 0.991797 0.513889 0.016406 0.133333 10 0.003273 0.110547 0.555556 0.142969 0.216667 4 0.003099 0.012891 0.822222 0.025781 0.15 3 0.003052 0.152344 0.66875 0.051562 0.090278 5 0.002993 0.985156 0.911111 0.029687 0.177778 4 0.002901 0.037109 0.696528 0.066406 0.129167 7 0.002768 0.380078 0.913889 0.105469 0.155556 6 0.002726 0.987109 0.563889 0.025781 0.155556 0 0.002663 0.303906 0.445139 0.029687 0.056944 0 0.00259 0.222656 0.574306 0.034375 0.070833 3 0.002453 0.503516 0.378472 0.039844 0.040278 10 0.002216 0.992969 0.547917 0.014063 0.159722 12 0.002083 0.948047 0.999306 0.103906 0.001389 10 0.002028 0.978906 0.579167 0.042188 0.127778 4 0.001972 0.016406 0.6375 0.032813 0.102778 10 0.001949 0.976953 0.807639 0.046094 0.384722 1 0.001919 0.6625 0.861111 0.045312 0.138889 11 0.001782 0.496875 0.409722 0.046875 0.072222 10 0.001668 0.026562 0.726389 0.053125 0.308333 12 0.001616 0.808984 0.999306 0.135156 0.001389 0 0.001574 0.218359 0.639583 0.027344 0.070833 12 0.001519 0.357031 0.997917 0.132812 0.004167 3 0.001513 0.370312 0.476389 0.045312 0.058333 2 0.00149 0.886719 0.550694 0.051562 0.093056 10 0.001467 0.978125 0.873611 0.04375 0.252778 0 0.001285 0.173437 0.670139 0.089063 0.145833 10 0.001235 0.031641 0.534722 0.063281 0.391667 3 0.001206 0.991797 0.902083 0.016406 0.195833 10 0.001192 0.101953 0.510417 0.174219 0.306944 3 0.001184 0.343359 0.465972 0.083594 0.123611 4 0.001134 0.022266 0.856944 0.044531 0.286111 0 0.001057 0.663281 0.855556 0.042188 0.133333
CCTV01^20260318-110000-20260318-120000_000765,10 0.860352 0.71875 0.720139 0.125 0.343056 10 0.84668 0.880078 0.827778 0.235156 0.338889 3 0.834473 0.289844 0.697917 0.060937 0.109722 10 0.765625 0.119141 0.545833 0.150781 0.2 3 0.751953 0.338281 0.609028 0.064062 0.081944 10 0.745605 0.267578 0.460417 0.119531 0.151389 3 0.716797 0.35625 0.525 0.053125 0.066667 3 0.697754 0.223047 0.645139 0.071094 0.084722 3 0.586914 0.523047 0.870139 0.072656 0.190278 9 0.57959 0.049609 0.886806 0.099219 0.209722 10 0.536133 0.03125 0.729167 0.0625 0.313889 7 0.513672 0.298047 0.586111 0.063281 0.1 4 0.503906 0.297656 0.584722 0.0625 0.1 3 0.501953 0.390234 0.552778 0.058594 0.066667 2 0.492188 0.523047 0.870833 0.071094 0.191667 10 0.472656 0.711328 0.505556 0.114844 0.205556 5 0.437744 0.489453 0.439583 0.044531 0.073611 3 0.411133 0.308594 0.821528 0.092188 0.145833 2 0.397949 0.426953 0.454861 0.050781 0.048611 4 0.386719 0.307812 0.81875 0.090625 0.140278 2 0.383057 0.409375 0.497917 0.046875 0.056944 2 0.361084 0.390234 0.553472 0.058594 0.065278 0 0.305664 0.226172 0.76875 0.061719 0.101389 0 0.287842 0.159375 0.706944 0.0375 0.102778 4 0.26123 0.283984 0.522222 0.058594 0.077778 4 0.256836 0.235156 0.697222 0.05625 0.1 7 0.240723 0.283984 0.520833 0.058594 0.080556 11 0.218018 0.767578 0.934722 0.130469 0.130556 10 0.188965 0.480859 0.358333 0.091406 0.108333 2 0.147095 0.23125 0.567361 0.065625 0.084722 4 0.141235 0.057422 0.738889 0.110156 0.138889 7 0.128052 0.05 0.886806 0.1 0.206944 3 0.109314 0.129297 0.958333 0.094531 0.083333 3 0.093018 0.428125 0.453472 0.048438 0.048611 10 0.086609 0.941406 0.7875 0.117188 0.336111 3 0.083008 0.296875 0.588889 0.059375 0.097222 12 0.078369 0.048828 0.88125 0.097656 0.195833 2 0.074219 0.464453 0.424306 0.035156 0.048611 6 0.073181 0.835547 0.552778 0.083594 0.188889 3 0.072632 0.453125 0.486111 0.054688 0.05 9 0.062561 0.058594 0.738194 0.107813 0.1375 5 0.058136 0.23125 0.569444 0.065625 0.088889 2 0.05014 0.566406 0.46875 0.034375 0.079167 4 0.047791 0.23125 0.569444 0.065625 0.088889 0 0.035553 0.339453 0.46875 0.028906 0.059722 3 0.035004 0.230859 0.568056 0.064844 0.086111 2 0.033844 0.3375 0.611111 0.0625 0.083333 10 0.028015 0.023828 0.59375 0.047656 0.195833 10 0.028015 0.042188 0.679861 0.08125 0.3125 8 0.027481 0.769531 0.934028 0.13125 0.131944 2 0.025085 0.786328 0.577778 0.035156 0.080556 10 0.023697 0.836328 0.552083 0.082031 0.190278 2 0.021454 0.396094 0.51875 0.060937 0.029167 4 0.019348 0.132031 0.665278 0.039062 0.077778 2 0.017715 0.353906 0.395139 0.032813 0.043056 0 0.017578 0.132031 0.665278 0.040625 0.080556 1 0.015129 0.371875 0.472222 0.025 0.05 2 0.015129 0.418359 0.474306 0.060156 0.043056 5 0.014229 0.058984 0.736111 0.110156 0.144444 3 0.013901 0.4 0.4375 0.039062 0.058333 1 0.012291 0.78125 0.621528 0.025 0.068056 3 0.011505 0.566797 0.470833 0.033594 0.077778 11 0.008415 0.511328 0.386806 0.036719 0.070833 3 0.006615 0.354297 0.395139 0.033594 0.043056 0 0.005913 0.172266 0.64375 0.038281 0.079167 10 0.00526 0.023438 0.680556 0.046875 0.222222 3 0.004982 0.005078 0.774306 0.010156 0.118056 12 0.004887 0.842578 0.999306 0.122656 0.001389 10 0.00407 0.025 0.560417 0.05 0.359722 10 0.004005 0.970703 0.817361 0.058594 0.198611 2 0.00358 0.401172 0.4375 0.038281 0.055556 2 0.003565 0.353906 0.533333 0.054688 0.072222 1 0.003565 0.642578 0.584028 0.027344 0.070833 9 0.003223 0.947656 0.847222 0.104688 0.305556 9 0.003197 0.010156 0.779861 0.020313 0.143056 0 0.003172 0.642969 0.583333 0.026562 0.069444 4 0.002855 0.5125 0.388889 0.034375 0.075 10 0.002737 0.721094 0.432639 0.095312 0.168056 3 0.002531 0.232813 0.695833 0.054688 0.097222 10 0.002405 0.978906 0.577778 0.042188 0.136111 0 0.002234 0.140234 0.670139 0.091406 0.151389 10 0.002226 0.053125 0.595139 0.096875 0.326389 3 0.002216 0.005859 0.820833 0.011719 0.102778 10 0.001867 0.022656 0.619444 0.045312 0.111111 12 0.001824 0.132812 0.6625 0.035937 0.077778 0 0.001623 0.615625 0.354167 0.020313 0.05 0 0.001561 0.371094 0.467361 0.023438 0.056944 2 0.001531 0.169141 0.638194 0.044531 0.084722 0 0.001478 0.36875 0.438889 0.021875 0.044444 0 0.001421 0.159766 0.634722 0.077344 0.138889 2 0.001165 0.351562 0.427778 0.025 0.044444 0 0.00109 0.156641 0.688194 0.032031 0.093056 10 0.001004 0.952344 0.843056 0.095312 0.313889
CCTV01^20260318-110000-20260318-120000_000769,1 0.956055 0.717578 0.834028 0.046094 0.109722 1 0.827637 0.723828 0.941667 0.052344 0.113889 10 0.820312 0.137109 0.53125 0.163281 0.1875 0 0.811523 0.677344 0.849306 0.032813 0.126389 3 0.785156 0.292578 0.71875 0.078906 0.106944 9 0.773438 0.204687 0.711806 0.120313 0.151389 1 0.769043 0.6875 0.679167 0.0375 0.102778 3 0.754883 0.272266 0.902083 0.074219 0.148611 7 0.749023 0.218359 0.536111 0.053906 0.088889 3 0.732422 0.272266 0.609028 0.072656 0.090278 9 0.726562 0.784766 0.590972 0.160156 0.251389 10 0.717773 0.879687 0.828472 0.240625 0.340278 3 0.695801 0.205469 0.868056 0.089063 0.147222 3 0.654785 0.523438 0.870139 0.073438 0.190278 2 0.647949 0.3 0.615278 0.040625 0.091667 3 0.609375 0.358984 0.602778 0.071094 0.088889 10 0.606934 0.057422 0.774306 0.114844 0.2875 10 0.601074 0.315234 0.417361 0.116406 0.129167 1 0.600098 0.671094 0.518056 0.032813 0.077778 4 0.476562 0.219141 0.535417 0.053906 0.090278 3 0.458984 0.754297 0.738194 0.038281 0.123611 3 0.40918 0.448437 0.485417 0.05625 0.048611 2 0.383057 0.754687 0.738889 0.0375 0.119444 10 0.371094 0.783984 0.590972 0.160156 0.254167 2 0.341553 0.724219 0.942361 0.05625 0.115278 3 0.331055 0.093359 0.948611 0.074219 0.1 11 0.300781 0.392578 0.941667 0.238281 0.116667 3 0.271973 0.402344 0.539583 0.04375 0.070833 2 0.246582 0.675 0.451389 0.03125 0.066667 10 0.187744 0.648438 0.363194 0.05 0.1375 2 0.17334 0.501172 0.425 0.041406 0.058333 3 0.137573 0.501172 0.423611 0.041406 0.058333 3 0.12085 0.673828 0.452083 0.033594 0.068056 2 0.117554 0.671875 0.519444 0.034375 0.077778 2 0.099487 0.403125 0.539583 0.045312 0.070833 2 0.079468 0.566016 0.469444 0.033594 0.077778 4 0.043854 0.315625 0.495833 0.039062 0.086111 2 0.038605 0.442188 0.452083 0.051562 0.043056 2 0.037903 0.388672 0.497222 0.058594 0.088889 11 0.035553 0.823828 0.911806 0.142969 0.176389 10 0.029648 0.027734 0.631944 0.055469 0.152778 0 0.02626 0.278516 0.530556 0.030469 0.072222 9 0.024231 0.760547 0.472222 0.128906 0.177778 8 0.018829 0.055078 0.7 0.110156 0.138889 2 0.01738 0.316016 0.495139 0.039844 0.0875 3 0.016724 0.438672 0.445139 0.050781 0.054167 2 0.016586 0.437109 0.44375 0.046094 0.051389 10 0.016281 0.759766 0.473611 0.127344 0.177778 3 0.016098 0.388281 0.497917 0.057813 0.0875 10 0.0149 0.030469 0.679861 0.060937 0.243056 9 0.011597 0.931641 0.730556 0.135156 0.258333 7 0.00956 0.822656 0.913889 0.1375 0.172222 10 0.008919 0.93125 0.736111 0.1375 0.288889 12 0.008064 0.305469 0.998611 0.145313 0.002778 2 0.006824 0.360938 0.478472 0.045312 0.056944 10 0.006641 0.98125 0.573611 0.0375 0.158333 2 0.005535 0.520703 0.384722 0.042969 0.061111 2 0.005081 0.476953 0.411806 0.032031 0.054167 6 0.005081 0.822266 0.913194 0.139844 0.173611 12 0.005039 0.076172 0.999306 0.125781 0.001389 4 0.004925 0.374219 0.423611 0.054688 0.058333 12 0.004719 0.146484 0.999306 0.130469 0.001389 0 0.003914 0.483594 0.444444 0.025 0.063889 12 0.003298 0.574219 0.998611 0.148438 0.002778 11 0.002611 0.971094 0.8125 0.057813 0.175 3 0.002512 0.008594 0.254167 0.017188 0.047222 10 0.002253 0.027734 0.590278 0.055469 0.180556 10 0.002226 0.9875 0.745833 0.025 0.191667 10 0.002182 0.966406 0.697222 0.067187 0.311111 3 0.002132 0.914844 0.820833 0.107813 0.133333 0 0.002035 0.289062 0.503472 0.026562 0.070833 0 0.001883 0.258594 0.480556 0.026562 0.058333 3 0.00181 0.38125 0.425 0.065625 0.061111 3 0.001741 0.360547 0.478472 0.044531 0.059722 9 0.001536 0.963672 0.748611 0.072656 0.211111 9 0.001501 0.983594 0.815278 0.032813 0.166667 1 0.001501 0.679297 0.859028 0.027344 0.109722 4 0.00149 0.387109 0.492361 0.058594 0.079167 10 0.001378 0.016797 0.6875 0.033594 0.247222 10 0.00123 0.990625 0.561111 0.01875 0.172222 10 0.001161 0.975 0.813194 0.05 0.176389
CCTV01^20260318-110000-20260318-120000_000773,11 0.965332 0.180469 0.729167 0.089063 0.213889 3 0.899902 0.269922 0.644444 0.080469 0.1 10 0.854492 0.246484 0.563194 0.185156 0.229167 10 0.833984 0.363281 0.393056 0.13125 0.130556 3 0.824219 0.71875 0.75 0.059375 0.141667 9 0.823242 0.344531 0.550694 0.076563 0.109722 10 0.8125 0.216016 0.479167 0.167969 0.166667 10 0.810059 0.783594 0.602083 0.157812 0.270833 3 0.791992 0.286328 0.746528 0.057031 0.120833 10 0.771973 0.676953 0.461806 0.083594 0.190278 3 0.760742 0.057422 0.875 0.114844 0.166667 3 0.715332 0.333594 0.644444 0.06875 0.088889 1 0.668945 0.779687 0.879861 0.05 0.134722 2 0.656738 0.779687 0.879167 0.05 0.133333 2 0.638672 0.248438 0.825 0.051562 0.122222 2 0.567871 0.523828 0.870833 0.071094 0.191667 3 0.556641 0.523047 0.870139 0.069531 0.190278 1 0.472656 0.130859 0.868056 0.046094 0.1 3 0.411133 0.490625 0.452778 0.04375 0.055556 1 0.390381 0.248047 0.826389 0.050781 0.119444 3 0.307373 0.241406 0.958333 0.071875 0.083333 9 0.262939 0.93125 0.675694 0.135937 0.298611 10 0.131592 0.958203 0.8875 0.083594 0.225 2 0.122131 0.508203 0.422222 0.032031 0.047222 10 0.111267 0.051953 0.64375 0.103906 0.234722 10 0.096375 0.93125 0.675 0.1375 0.3 2 0.081543 0.417578 0.469444 0.055469 0.077778 3 0.068054 0.460156 0.490972 0.053125 0.040278 2 0.06781 0.454688 0.446528 0.0375 0.048611 1 0.06781 0.613672 0.463889 0.017969 0.05 3 0.066345 0.455469 0.445833 0.035937 0.047222 10 0.066101 0.919141 0.894444 0.160156 0.211111 2 0.056244 0.480469 0.406944 0.042188 0.044444 2 0.035828 0.495312 0.450694 0.046875 0.059722 2 0.024887 0.382422 0.515278 0.041406 0.047222 3 0.022537 0.479687 0.407639 0.040625 0.043056 1 0.021774 0.113672 0.701389 0.028906 0.080556 5 0.02153 0.053906 0.877778 0.107813 0.161111 1 0.020645 0.103516 0.8625 0.055469 0.113889 9 0.014786 0.961328 0.880556 0.077344 0.238889 4 0.014114 0.417578 0.469444 0.053906 0.075 3 0.014114 0.383203 0.513194 0.039844 0.054167 3 0.013634 0.566797 0.470139 0.032031 0.070833 2 0.013535 0.567578 0.470139 0.032031 0.073611 10 0.013428 0.012109 0.690972 0.024219 0.365278 3 0.012726 0.526172 0.375694 0.035156 0.051389 1 0.012482 0.378125 0.791667 0.028125 0.072222 3 0.011734 0.615625 0.414583 0.028125 0.070833 9 0.011375 0.989453 0.811111 0.021094 0.194444 11 0.008545 0.348438 0.552778 0.082812 0.105556 1 0.007317 0.69375 0.557639 0.032813 0.068056 3 0.007317 0.921094 0.901389 0.157812 0.197222 3 0.006512 0.48125 0.396528 0.040625 0.045833 10 0.00639 0.023828 0.595139 0.047656 0.1375 10 0.005913 0.975 0.654861 0.05 0.248611 0 0.005554 0.842578 0.491667 0.030469 0.066667 1 0.005447 0.369922 0.573611 0.033594 0.066667 10 0.005219 0.011719 0.788889 0.023438 0.372222 0 0.004791 0.69375 0.559722 0.032813 0.069444 3 0.004593 0.760156 0.973611 0.067187 0.052778 3 0.004383 0.508203 0.422222 0.032031 0.047222 3 0.00415 0.473828 0.383333 0.036719 0.041667 3 0.003809 0.005469 0.861111 0.010937 0.133333 0 0.003416 0.8 0.499306 0.028125 0.054167 5 0.003416 0.044922 0.661806 0.089844 0.1375 9 0.003124 0.006641 0.75625 0.013281 0.165278 3 0.003099 0.457422 0.475694 0.041406 0.040278 10 0.00289 0.010547 0.763194 0.021094 0.181944 0 0.002714 0.114844 0.697222 0.032813 0.077778 2 0.002243 0.401953 0.559028 0.033594 0.0625 3 0.001957 0.007031 0.757639 0.014063 0.176389 7 0.001949 0.354297 0.556944 0.069531 0.097222 10 0.001904 0.986328 0.672222 0.027344 0.2 0 0.001611 0.121484 0.638194 0.039844 0.070833 3 0.001455 0.005078 0.827778 0.010156 0.15 2 0.001309 0.525391 0.375694 0.033594 0.051389 3 0.001294 0.498828 0.447917 0.046094 0.068056 10 0.001156 0.022656 0.840278 0.045312 0.247222 1 0.001129 0.377734 0.554167 0.036719 0.075 3 0.001121 0.008984 0.251389 0.017969 0.052778 10 0.001107 0.022656 0.738889 0.045312 0.458333 10 0.00104 0.960547 0.652778 0.078906 0.266667 10 0.00104 0.964844 0.829861 0.070312 0.340278 3 0.001028 0.991797 0.811806 0.016406 0.184722 3 0.001012 0.964844 0.829861 0.070312 0.165278
CCTV01^20260318-110000-20260318-120000_000777,11 0.941895 0.394531 0.511111 0.065625 0.094444 9 0.88623 0.423438 0.402778 0.1 0.130556 2 0.865234 0.523047 0.870833 0.071094 0.191667 3 0.833496 0.686328 0.668056 0.057031 0.125 9 0.833496 0.854297 0.686806 0.199219 0.323611 2 0.809082 0.260156 0.867361 0.070312 0.148611 2 0.803223 0.635156 0.527083 0.045312 0.081944 9 0.789062 0.713672 0.563194 0.102344 0.251389 2 0.751953 0.279297 0.741667 0.058594 0.108333 2 0.741699 0.495312 0.446528 0.04375 0.056944 1 0.732422 0.730859 0.883333 0.053906 0.138889 2 0.704102 0.34375 0.574306 0.070312 0.070833 2 0.660156 0.342578 0.626389 0.066406 0.091667 2 0.658203 0.630078 0.422917 0.032031 0.068056 9 0.592773 0.049219 0.793056 0.098437 0.230556 12 0.550781 0.359375 0.940972 0.054688 0.1125 9 0.476562 0.185156 0.610417 0.157812 0.193056 0 0.42627 0.049219 0.914583 0.059375 0.106944 10 0.420654 0.855078 0.686806 0.197656 0.318056 2 0.403564 0.197266 0.708333 0.094531 0.122222 2 0.397949 0.730859 0.883333 0.053906 0.138889 9 0.377441 0.324219 0.420833 0.135937 0.136111 3 0.368408 0.197266 0.707639 0.094531 0.120833 2 0.245117 0.477734 0.484722 0.046094 0.047222 10 0.185913 0.715625 0.560417 0.10625 0.254167 2 0.178955 0.566797 0.46875 0.033594 0.081944 1 0.166626 0.049219 0.914583 0.059375 0.109722 0 0.166138 0.360156 0.940972 0.05625 0.1125 1 0.158691 0.801172 0.952083 0.039844 0.090278 6 0.135742 0.185547 0.611111 0.155469 0.188889 1 0.126343 0.290234 0.582639 0.036719 0.079167 10 0.114746 0.982031 0.806944 0.035937 0.311111 9 0.110474 0.970703 0.825694 0.058594 0.348611 0 0.104858 0.289062 0.659028 0.03125 0.073611 12 0.103027 0.101172 0.803472 0.057031 0.123611 10 0.099487 0.050781 0.795833 0.1 0.236111 8 0.073669 0.241797 0.492361 0.066406 0.123611 12 0.070801 0.151953 0.791667 0.049219 0.088889 9 0.060974 0.969922 0.897222 0.060156 0.205556 6 0.055817 0.133984 0.915972 0.142969 0.165278 11 0.052032 0.241406 0.49375 0.067187 0.126389 10 0.05014 0.932422 0.909722 0.135156 0.180556 10 0.041779 0.963281 0.897222 0.073438 0.205556 0 0.040527 0.100781 0.804861 0.05625 0.118056 2 0.038757 0.289844 0.582639 0.035937 0.076389 4 0.033203 0.45 0.440972 0.045312 0.068056 9 0.026459 0.985156 0.765972 0.029687 0.220833 10 0.018265 0.189453 0.609028 0.150781 0.190278 0 0.013275 0.062109 0.622222 0.124219 0.241667 0 0.012238 0.801562 0.95 0.0375 0.094444 10 0.011917 0.986328 0.746528 0.027344 0.184722 10 0.011246 0.989844 0.776389 0.020313 0.297222 0 0.00927 0.151172 0.797917 0.049219 0.076389 1 0.008003 0.330859 0.515278 0.041406 0.063889 6 0.005642 0.922266 0.9125 0.152344 0.175 3 0.005428 0.923828 0.9125 0.152344 0.175 1 0.00481 0.288281 0.659722 0.032813 0.072222 12 0.003901 0.780469 0.997222 0.1375 0.005556 7 0.003708 0.130859 0.917361 0.146094 0.1625 10 0.003538 0.146094 0.916667 0.120313 0.161111 5 0.003185 0.058984 0.635417 0.107031 0.118056 1 0.003075 0.567187 0.469444 0.03125 0.077778 12 0.002684 0.075 0.998611 0.11875 0.002778 5 0.00227 0.071094 0.631944 0.0875 0.072222 1 0.001748 0.279297 0.740972 0.058594 0.106944 10 0.001649 0.027734 0.600694 0.055469 0.154167 2 0.001536 0.74375 0.471528 0.032813 0.065278 10 0.001525 0.425 0.40625 0.096875 0.131944 1 0.001455 0.332813 0.463889 0.03125 0.058333 10 0.001351 0.061328 0.624306 0.122656 0.201389 3 0.001274 0.972656 0.940278 0.054688 0.119444 2 0.00126 0.260156 0.967361 0.073438 0.065278 5 0.001225 0.138281 0.917361 0.134375 0.159722 2 0.001099 0.527734 0.361806 0.028906 0.040278 0 0.001073 0.332031 0.516667 0.039062 0.061111 0 0.001065 0.328516 0.727778 0.024219 0.086111 0 0.001017 0.782422 0.461806 0.027344 0.070833 12 0.001008 0.352344 0.997917 0.104688 0.004167
CCTV01^20260318-110000-20260318-120000_000781,11 0.972656 0.454688 0.447222 0.051562 0.072222 9 0.953125 0.813672 0.761806 0.192969 0.384722 9 0.939941 0.108984 0.740278 0.217969 0.266667 9 0.936523 0.152344 0.839583 0.171875 0.318056 1 0.931152 0.683594 0.8125 0.04375 0.119444 2 0.913574 0.342187 0.554861 0.06875 0.079167 1 0.88623 0.333594 0.815278 0.048438 0.105556 2 0.882324 0.727344 0.930556 0.06875 0.138889 9 0.878906 0.230859 0.579861 0.136719 0.170833 2 0.865234 0.522266 0.870833 0.071094 0.191667 2 0.829102 0.3 0.690278 0.06875 0.116667 2 0.827637 0.670312 0.583333 0.05 0.094444 0 0.806641 0.239453 0.860417 0.030469 0.101389 3 0.766113 0.38125 0.901389 0.11875 0.188889 2 0.751953 0.4125 0.504167 0.051562 0.061111 2 0.702637 0.488672 0.468056 0.042969 0.055556 1 0.565918 0.273828 0.7875 0.057031 0.158333 3 0.476562 0.801562 0.939583 0.0875 0.120833 9 0.462891 0.435156 0.390972 0.089063 0.126389 2 0.430176 0.273828 0.788194 0.057031 0.156944 9 0.414795 0.320703 0.492361 0.110156 0.140278 2 0.397949 0.267969 0.948611 0.067187 0.1 4 0.329346 0.273828 0.786806 0.057031 0.154167 0 0.240723 0.319141 0.727778 0.032031 0.1 2 0.151978 0.501172 0.432639 0.032031 0.043056 10 0.131592 0.320703 0.492361 0.110156 0.143056 9 0.103394 0.332422 0.413194 0.132031 0.123611 10 0.100525 0.434766 0.39375 0.091406 0.129167 2 0.093994 0.567187 0.472222 0.03125 0.077778 2 0.058136 0.473047 0.481944 0.052344 0.044444 1 0.055817 0.566016 0.472222 0.030469 0.077778 12 0.05127 0.328125 0.597222 0.0375 0.069444 0 0.049042 0.712109 0.761111 0.035156 0.116667 2 0.042725 0.466406 0.493056 0.05 0.038889 10 0.041473 0.957031 0.904167 0.085938 0.191667 9 0.039948 0.975 0.904167 0.05 0.191667 2 0.03833 0.011719 0.920139 0.023438 0.159722 0 0.037598 0.011719 0.930556 0.023438 0.138889 0 0.033478 0.328906 0.594444 0.039062 0.072222 0 0.032349 0.692187 0.706944 0.025 0.086111 12 0.030334 0.7125 0.759722 0.034375 0.113889 9 0.023071 0.859375 0.688889 0.198437 0.297222 10 0.022034 0.110547 0.738889 0.221094 0.272222 12 0.016403 0.277344 0.607639 0.045312 0.084722 10 0.015541 0.728906 0.305556 0.045312 0.116667 0 0.013428 0.275781 0.609722 0.04375 0.080556 10 0.010986 0.930078 0.906944 0.139844 0.186111 2 0.010208 0.511328 0.40625 0.033594 0.051389 10 0.007965 0.972656 0.902778 0.054688 0.194444 1 0.007549 0.7125 0.759028 0.034375 0.115278 2 0.00589 0.4 0.564583 0.034375 0.065278 3 0.00518 0.630469 0.274306 0.020313 0.048611 10 0.005119 0.027734 0.596528 0.055469 0.145833 0 0.00428 0.383594 0.529861 0.01875 0.056944 12 0.00425 0.701953 0.642361 0.032031 0.101389 3 0.003885 0.009375 0.930556 0.01875 0.138889 8 0.003607 0.012109 0.905556 0.024219 0.188889 0 0.003325 0.075391 0.592361 0.147656 0.209722 10 0.003223 0.989844 0.665278 0.020313 0.169444 0 0.003172 0.698828 0.691667 0.035156 0.111111 3 0.002846 0.975781 0.911806 0.048438 0.176389 2 0.002811 0.480078 0.41875 0.028906 0.040278 1 0.002581 0.421875 0.452083 0.025 0.054167 10 0.002226 0.994531 0.675694 0.010937 0.1625 6 0.002157 0.925391 0.911111 0.146094 0.177778 3 0.002132 0.925781 0.911806 0.148438 0.176389 9 0.001995 0.153906 0.710417 0.132812 0.2125 9 0.001761 0.967187 0.85 0.065625 0.3 10 0.001649 0.333203 0.416667 0.130469 0.127778 3 0.001478 0.983594 0.921528 0.032813 0.154167 0 0.00141 0.701172 0.64375 0.033594 0.104167 12 0.001378 0.31875 0.730556 0.03125 0.1 5 0.001335 0.483203 0.340972 0.063281 0.0875 9 0.001245 0.011719 0.796528 0.023438 0.376389 4 0.001179 0.011328 0.93125 0.022656 0.1375 10 0.001057 0.037891 0.636806 0.075781 0.176389 3 0.001032 0.008984 0.254861 0.017969 0.045833
CCTV01^20260318-110000-20260318-120000_000785,11 0.991699 0.675 0.545139 0.042188 0.109722 11 0.985352 0.473438 0.41875 0.04375 0.073611 9 0.954102 0.81875 0.769444 0.190625 0.388889 9 0.937012 0.157031 0.829861 0.167187 0.334722 9 0.888672 0.344922 0.473611 0.111719 0.119444 2 0.884766 0.269531 0.903472 0.0625 0.145833 9 0.883301 0.080469 0.751389 0.160938 0.277778 2 0.875977 0.492969 0.463194 0.042188 0.059722 2 0.867188 0.523828 0.870139 0.072656 0.190278 2 0.854004 0.691406 0.697222 0.054688 0.122222 9 0.823242 0.260937 0.6125 0.176563 0.186111 3 0.816406 0.345703 0.829861 0.100781 0.170833 2 0.771973 0.384766 0.5125 0.060156 0.069444 2 0.747559 0.444141 0.469444 0.053906 0.061111 0 0.71875 0.259766 0.779167 0.027344 0.097222 2 0.62793 0.283594 0.702778 0.059375 0.133333 2 0.464844 0.505859 0.430556 0.035156 0.044444 2 0.377441 0.566016 0.472917 0.032031 0.079167 2 0.281494 0.383594 0.577778 0.0625 0.075 1 0.194336 0.313672 0.748611 0.044531 0.080556 9 0.110474 0.466406 0.360417 0.08125 0.106944 9 0.083862 0.980078 0.90625 0.039844 0.1875 12 0.044189 0.336328 0.936111 0.060156 0.122222 12 0.043518 0.332813 0.638194 0.03125 0.093056 2 0.037476 0.510547 0.398611 0.028906 0.036111 0 0.025269 0.043359 0.839583 0.063281 0.123611 1 0.024994 0.282813 0.703472 0.059375 0.134722 10 0.024704 0.976172 0.904861 0.047656 0.190278 10 0.024612 0.935156 0.908333 0.129688 0.183333 10 0.020172 0.351172 0.404861 0.141406 0.118056 10 0.019119 0.465625 0.361806 0.08125 0.106944 10 0.019058 0.518359 0.307639 0.060156 0.093056 1 0.018982 0.042578 0.845833 0.066406 0.122222 12 0.016846 0.750391 0.935417 0.053906 0.126389 2 0.015129 0.042969 0.842361 0.065625 0.123611 9 0.012573 0.351953 0.400694 0.139844 0.1125 3 0.01049 0.008984 0.256944 0.017969 0.041667 0 0.00885 0.751172 0.936111 0.055469 0.127778 3 0.007175 0.979297 0.909722 0.041406 0.177778 12 0.006668 0.100781 0.792361 0.051562 0.098611 12 0.006489 0.223438 0.998611 0.146875 0.002778 10 0.006191 0.261719 0.611806 0.179688 0.190278 12 0.005665 0.233984 0.989583 0.150781 0.020833 2 0.004982 0.50625 0.380556 0.034375 0.05 8 0.004539 0.98125 0.779167 0.0375 0.158333 8 0.004265 0.983594 0.8375 0.032813 0.241667 12 0.003765 0.401953 0.997917 0.139844 0.004167 12 0.003693 0.040625 0.85 0.065625 0.122222 0 0.003565 0.332422 0.6375 0.030469 0.088889 9 0.003525 0.85625 0.69375 0.195312 0.284722 3 0.003376 0.925781 0.911111 0.148438 0.177778 12 0.003351 0.016797 0.956944 0.030469 0.086111 11 0.003111 0.979297 0.908333 0.041406 0.183333 1 0.002846 0.763672 0.445833 0.017969 0.052778 0 0.002737 0.074219 0.584028 0.142187 0.184722 10 0.002243 0.0125 0.809028 0.025 0.293056 10 0.002234 0.858984 0.690972 0.191406 0.298611 8 0.002199 0.987109 0.884722 0.025781 0.147222 3 0.002192 0.969922 0.763194 0.055469 0.131944 10 0.002165 0.344922 0.474306 0.108594 0.120833 4 0.001889 0.75625 0.349306 0.025 0.054167 3 0.001839 0.991016 0.744444 0.017969 0.116667 2 0.001824 0.98125 0.578472 0.0375 0.131944 3 0.001761 0.732422 0.411806 0.039844 0.079167 0 0.001755 0.698438 0.883333 0.025 0.097222 10 0.001567 0.846875 0.508333 0.10625 0.233333 10 0.001561 0.008203 0.727778 0.016406 0.202778 10 0.001561 0.073047 0.607639 0.144531 0.2375 0 0.001536 0.101172 0.7875 0.049219 0.097222 11 0.00149 0.982812 0.853472 0.034375 0.293056 8 0.001472 0.99375 0.813194 0.0125 0.1875 4 0.001367 0.972656 0.763194 0.054688 0.129167 8 0.001169 0.991016 0.846528 0.017969 0.198611 0 0.001065 0.991406 0.736806 0.017188 0.131944 12 0.00104 0.349609 0.954167 0.085156 0.091667 10 0.00102 0.030469 0.635417 0.060937 0.1625
CCTV01^20260318-110000-20260318-120000_000789,11 0.970703 0.701172 0.693056 0.055469 0.15 9 0.956543 0.819531 0.769444 0.189062 0.388889 9 0.944336 0.182812 0.778472 0.153125 0.329167 2 0.936523 0.478906 0.482639 0.046875 0.054167 1 0.922363 0.318359 0.746528 0.047656 0.095833 0 0.907227 0.289062 0.9 0.028125 0.105556 0 0.906738 0.316016 0.886806 0.030469 0.104167 9 0.900391 0.242578 0.573611 0.149219 0.180556 2 0.888672 0.273438 0.835417 0.057813 0.129167 2 0.887207 0.523047 0.871528 0.071094 0.195833 2 0.84375 0.505469 0.435417 0.035937 0.054167 2 0.804199 0.727344 0.849306 0.075 0.159722 3 0.796875 0.312891 0.664583 0.057031 0.129167 12 0.78125 0.35 0.866667 0.035937 0.125 9 0.751953 0.059375 0.750694 0.11875 0.254167 2 0.741699 0.690234 0.464583 0.033594 0.0625 9 0.666992 0.372656 0.502083 0.1125 0.145833 3 0.651367 0.655469 0.465278 0.039062 0.094444 9 0.638672 0.435937 0.398611 0.075 0.091667 2 0.609375 0.477344 0.422917 0.039062 0.0625 12 0.521484 0.319922 0.814583 0.036719 0.106944 4 0.424316 0.380078 0.584722 0.067969 0.086111 2 0.297363 0.439844 0.453472 0.042188 0.059722 2 0.281494 0.511719 0.404167 0.029687 0.044444 12 0.279785 0.429688 0.961111 0.05 0.075 0 0.259766 0.389062 0.847222 0.03125 0.1 10 0.245117 0.373828 0.503472 0.111719 0.148611 2 0.172119 0.566406 0.470833 0.032813 0.080556 1 0.117981 0.566797 0.470833 0.033594 0.080556 1 0.11554 0.326172 0.603472 0.035156 0.073611 11 0.078613 0.521094 0.352083 0.035937 0.0625 2 0.070312 0.380078 0.584722 0.067969 0.086111 12 0.063049 0.424219 0.943056 0.064062 0.108333 12 0.053589 0.389062 0.846528 0.03125 0.098611 1 0.020493 0.698047 0.411806 0.017969 0.051389 12 0.02002 0.404297 0.999306 0.108594 0.001389 12 0.016663 0.310156 0.998611 0.142187 0.002778 0 0.015427 0.698828 0.411806 0.017969 0.054167 2 0.014336 0.251953 0.9625 0.080469 0.075 3 0.013374 0.778906 0.51875 0.045312 0.0625 9 0.013168 0.855078 0.691667 0.205469 0.294444 1 0.012726 0.714844 0.964583 0.067187 0.070833 9 0.012627 0.456641 0.344444 0.096094 0.083333 12 0.011505 0.045703 0.999306 0.089844 0.001389 5 0.009781 0.815625 0.434722 0.0375 0.069444 0 0.008919 0.747266 0.497917 0.022656 0.0625 10 0.007549 0.435547 0.397222 0.074219 0.091667 10 0.007233 0.926172 0.911806 0.147656 0.176389 3 0.006878 0.979297 0.936111 0.041406 0.127778 0 0.006851 0.752734 0.964583 0.039844 0.068056 2 0.006413 0.814844 0.434722 0.039062 0.069444 10 0.006123 0.45625 0.345139 0.096875 0.079167 12 0.005959 0.4125 0.934722 0.040625 0.097222 1 0.005577 0.727344 0.847917 0.075 0.1625 2 0.00518 0.509766 0.415278 0.033594 0.066667 1 0.005138 0.330469 0.738194 0.026562 0.0875 3 0.004829 0.9875 0.923611 0.025 0.152778 3 0.004486 0.993359 0.931944 0.013281 0.136111 2 0.004265 0.434375 0.397917 0.075 0.090278 12 0.00423 0.776172 0.999306 0.132031 0.001389 1 0.004166 0.351172 0.776389 0.021094 0.063889 10 0.003885 0.860156 0.68125 0.192188 0.293056 1 0.003483 0.272656 0.613194 0.032813 0.079167 3 0.003075 0.014844 0.965278 0.029687 0.069444 3 0.003052 0.814844 0.434722 0.0375 0.069444 3 0.003027 0.925781 0.911111 0.148438 0.177778 2 0.002913 0.778125 0.520139 0.045312 0.068056 3 0.002867 0.742969 0.357639 0.03125 0.059722 1 0.002867 0.411719 0.933333 0.0375 0.094444 1 0.0028 0.748437 0.497917 0.025 0.0625 0 0.002726 0.413672 0.935417 0.042969 0.095833 10 0.002632 0.990625 0.694444 0.01875 0.183333 0 0.002453 0.351172 0.775 0.019531 0.066667 0 0.002306 0.345703 0.829167 0.022656 0.097222 0 0.002216 0.074609 0.576389 0.142969 0.177778 3 0.0021 0.986719 0.627778 0.026562 0.138889 12 0.00201 0.272656 0.613194 0.032813 0.084722 12 0.001727 0.004297 0.914583 0.008594 0.154167 0 0.001661 0.794141 0.458333 0.021094 0.055556 10 0.001611 0.058203 0.765972 0.116406 0.295833 2 0.001525 0.273438 0.6125 0.032813 0.075 12 0.001444 0.436719 0.997222 0.146875 0.005556 0 0.001394 0.349219 0.859028 0.032813 0.118056 10 0.001211 0.988672 0.672222 0.022656 0.272222 1 0.001165 0.542578 0.39375 0.022656 0.059722 10 0.001156 0.988281 0.602083 0.023438 0.156944 10 0.001124 0.985156 0.64375 0.029687 0.151389 4 0.001065 0.742969 0.359028 0.03125 0.059722 10 0.00104 0.994141 0.695139 0.011719 0.151389
CCTV01^20260318-110000-20260318-120000_000793,11 0.964844 0.719922 0.759028 0.066406 0.165278 9 0.953613 0.820703 0.769444 0.188281 0.388889 9 0.939453 0.194922 0.75 0.144531 0.316667 2 0.920898 0.276562 0.813889 0.059375 0.125 2 0.884766 0.522266 0.870833 0.071094 0.191667 2 0.85791 0.480859 0.465278 0.046094 0.063889 2 0.84082 0.747266 0.91875 0.083594 0.156944 1 0.834473 0.296875 0.648611 0.034375 0.088889 9 0.805664 0.231641 0.53125 0.152344 0.181944 2 0.801758 0.50625 0.430556 0.03125 0.05 1 0.747559 0.333984 0.565278 0.033594 0.075 3 0.713867 0.689453 0.592361 0.050781 0.126389 0 0.704102 0.298438 0.864583 0.028125 0.098611 9 0.640625 0.407813 0.467361 0.096875 0.129167 12 0.624512 0.342578 0.923611 0.064844 0.125 2 0.482422 0.477734 0.410417 0.041406 0.056944 2 0.476562 0.517188 0.3875 0.03125 0.047222 0 0.470703 0.308203 0.699306 0.027344 0.081944 4 0.416748 0.053516 0.809028 0.107031 0.184722 12 0.375732 0.298047 0.865278 0.027344 0.097222 12 0.352295 0.325 0.740972 0.034375 0.106944 7 0.341553 0.054297 0.807639 0.108594 0.193056 2 0.279785 0.259375 0.947917 0.06875 0.104167 2 0.190674 0.297266 0.646528 0.035156 0.095833 12 0.187134 0.371094 0.852778 0.05 0.127778 2 0.164551 0.723828 0.593056 0.032031 0.080556 10 0.133423 0.231641 0.53125 0.153906 0.1875 3 0.100891 0.276172 0.609028 0.042969 0.076389 9 0.062317 0.053125 0.814583 0.10625 0.220833 2 0.06076 0.566406 0.472222 0.03125 0.080556 9 0.054413 0.357031 0.466667 0.09375 0.138889 3 0.037201 0.854297 0.552778 0.060156 0.105556 12 0.037201 0.397266 0.930556 0.046094 0.125 12 0.036499 0.340625 0.815278 0.03125 0.097222 1 0.032104 0.307422 0.698611 0.027344 0.080556 1 0.028656 0.565625 0.472222 0.03125 0.080556 10 0.023865 0.407422 0.46875 0.096094 0.134722 0 0.023331 0.072656 0.607639 0.14375 0.240278 10 0.022537 0.053125 0.811111 0.10625 0.227778 11 0.021454 0.053516 0.816667 0.103906 0.2 10 0.019424 0.928906 0.909722 0.142187 0.180556 11 0.018127 0.041797 0.7125 0.083594 0.247222 0 0.017853 0.298438 0.538889 0.028125 0.075 3 0.017303 0.052734 0.819444 0.105469 0.158333 0 0.015366 0.314063 0.813194 0.025 0.090278 10 0.013069 0.032813 0.919444 0.065625 0.155556 1 0.012825 0.670312 0.707639 0.03125 0.1125 2 0.011597 0.276953 0.613194 0.041406 0.073611 10 0.011551 0.355859 0.46875 0.092969 0.1375 10 0.010651 0.519922 0.340278 0.061719 0.075 12 0.009377 0.317969 0.9625 0.04375 0.075 0 0.008949 0.671094 0.711806 0.032813 0.115278 12 0.007519 0.298828 0.542361 0.027344 0.079167 9 0.006851 0.854297 0.689583 0.208594 0.304167 7 0.00629 0.032422 0.915278 0.064844 0.158333 5 0.006096 0.51875 0.340972 0.059375 0.073611 5 0.006096 0.855078 0.550694 0.060156 0.104167 12 0.0056 0.670703 0.7125 0.030469 0.119444 6 0.005489 0.519922 0.340972 0.060156 0.073611 4 0.00526 0.980078 0.657639 0.039844 0.090278 3 0.004848 0.977344 0.936111 0.045312 0.127778 10 0.004665 0.025391 0.719444 0.050781 0.272222 12 0.004383 0.308203 0.984028 0.114844 0.031944 0 0.004101 0.316797 0.960417 0.038281 0.073611 3 0.003901 0.365625 0.595139 0.079687 0.120833 10 0.003607 0.130078 0.904167 0.163281 0.191667 11 0.003429 0.128125 0.904861 0.160938 0.190278 0 0.003325 0.342187 0.924306 0.067187 0.131944 2 0.003185 0.632422 0.205556 0.021094 0.041667 3 0.003027 0.992578 0.921528 0.014844 0.156944 3 0.002958 0.925781 0.911111 0.148438 0.177778 3 0.0028 0.986719 0.911806 0.026562 0.176389 8 0.002714 0.035937 0.761111 0.071875 0.138889 10 0.002472 0.039844 0.763889 0.079687 0.283333 4 0.002314 0.102734 0.7125 0.060156 0.097222 9 0.002306 0.132031 0.904167 0.160938 0.191667 12 0.00227 0.410156 0.997222 0.151562 0.005556 3 0.00202 0.776172 0.5125 0.058594 0.058333 0 0.001987 0.103125 0.713194 0.059375 0.098611 6 0.001768 0.925 0.910417 0.146875 0.179167 12 0.001734 0.329688 0.993056 0.11875 0.013889 0 0.001714 0.31875 0.713889 0.0375 0.111111 10 0.0017 0.952344 0.888194 0.095312 0.223611 12 0.001623 0.786328 0.999306 0.119531 0.001389 0 0.00149 0.98125 0.656944 0.0375 0.080556 10 0.001285 0.010547 0.718056 0.021094 0.247222 10 0.00124 0.026953 0.600694 0.053906 0.154167 2 0.001124 0.773047 0.524306 0.052344 0.065278 10 0.001099 0.976172 0.570139 0.047656 0.159722 0 0.00109 0.905859 0.535417 0.035156 0.090278 10 0.001073 0.035156 0.625694 0.070312 0.1625 10 0.001057 0.071094 0.617361 0.135937 0.226389 2 0.001032 0.773828 0.510417 0.055469 0.051389
CCTV01^20260318-110000-20260318-120000_000797,11 0.984375 0.723047 0.770833 0.067969 0.169444 9 0.954102 0.819922 0.769444 0.189844 0.388889 9 0.927734 0.228516 0.676389 0.138281 0.275 2 0.896484 0.75 0.927083 0.084375 0.145833 2 0.874023 0.522266 0.870833 0.071094 0.191667 2 0.830078 0.398047 0.511806 0.057031 0.0625 3 0.78418 0.689844 0.597222 0.057813 0.141667 2 0.740234 0.286719 0.753472 0.054688 0.098611 12 0.663574 0.325 0.952778 0.040625 0.094444 12 0.654785 0.365625 0.897917 0.0375 0.123611 2 0.602051 0.253125 0.931944 0.076563 0.136111 12 0.592773 0.313672 0.868056 0.038281 0.125 9 0.584961 0.775 0.48125 0.115625 0.143056 12 0.462891 0.386328 0.822917 0.036719 0.101389 3 0.428223 0.675 0.483333 0.048438 0.088889 2 0.377441 0.724609 0.596528 0.035156 0.081944 9 0.331055 0.248828 0.538194 0.160156 0.1875 3 0.300781 0.457813 0.472222 0.0625 0.072222 2 0.228149 0.566406 0.472222 0.03125 0.080556 0 0.225464 0.326172 0.595139 0.025781 0.068056 2 0.165039 0.399609 0.558333 0.050781 0.075 12 0.142212 0.324609 0.667361 0.028906 0.095833 10 0.133423 0.773438 0.477778 0.1125 0.138889 9 0.130737 0.461719 0.397917 0.073438 0.101389 10 0.121277 0.040625 0.875 0.08125 0.25 5 0.063721 0.497656 0.427083 0.039062 0.065278 10 0.052826 0.460938 0.4 0.071875 0.105556 9 0.049408 0.375391 0.404861 0.103906 0.123611 2 0.045349 0.498047 0.427778 0.038281 0.066667 9 0.037323 0.041406 0.875694 0.082812 0.248611 2 0.035553 0.378125 0.461111 0.028125 0.061111 12 0.035156 0.633203 0.774306 0.021094 0.081944 9 0.034882 0.144141 0.85625 0.183594 0.284722 3 0.031494 0.989844 0.83125 0.020313 0.165278 10 0.02887 0.146484 0.858333 0.177344 0.280556 12 0.028656 0.660547 0.761111 0.039844 0.116667 7 0.024994 0.108203 0.716667 0.114844 0.133333 2 0.023773 0.989453 0.836111 0.021094 0.177778 12 0.021362 0.289844 0.815972 0.046875 0.104167 2 0.02121 0.514453 0.390278 0.033594 0.055556 9 0.018906 0.107031 0.716667 0.114062 0.141667 9 0.018829 0.855078 0.694444 0.210156 0.294444 11 0.018341 0.107813 0.716667 0.114062 0.144444 10 0.017181 0.719141 0.302083 0.039844 0.093056 0 0.013954 0.074219 0.608333 0.146875 0.244444 1 0.013794 0.378125 0.4625 0.028125 0.063889 8 0.012192 0.107422 0.714583 0.114844 0.1375 10 0.011421 0.930078 0.911111 0.139844 0.177778 3 0.009415 0.975 0.940972 0.05 0.118056 10 0.008286 0.375 0.406944 0.104688 0.125 0 0.005775 0.661719 0.7625 0.0375 0.113889 10 0.005344 0.977344 0.866667 0.045312 0.266667 6 0.005138 0.71875 0.300694 0.040625 0.093056 6 0.004005 0.926172 0.911806 0.144531 0.176389 10 0.003824 0.027734 0.598611 0.055469 0.15 12 0.00375 0.575781 0.999306 0.15 0.001389 2 0.003429 0.98125 0.586806 0.0375 0.143056 10 0.003363 0.986328 0.856944 0.027344 0.266667 10 0.002581 0.034766 0.623611 0.069531 0.163889 2 0.002531 0.455078 0.469444 0.061719 0.066667 10 0.002453 0.025391 0.672222 0.050781 0.319444 0 0.002434 0.346875 0.861111 0.029687 0.094444 12 0.002359 0.654687 0.761111 0.025 0.111111 3 0.002192 0.926172 0.911806 0.147656 0.176389 0 0.002083 0.325 0.666667 0.028125 0.088889 0 0.002058 0.289453 0.814583 0.046094 0.101389 3 0.002003 0.991797 0.931944 0.016406 0.136111 12 0.00181 0.399609 0.447917 0.022656 0.065278 10 0.001796 0.022656 0.770833 0.045312 0.308333 11 0.001768 0.855078 0.681944 0.205469 0.297222 0 0.0017 0.399219 0.448611 0.026562 0.063889 8 0.001501 0.028125 0.765278 0.05625 0.144444 7 0.001495 0.927344 0.911806 0.142187 0.176389 3 0.001289 0.008984 0.257639 0.017969 0.040278 3 0.001265 0.986328 0.926389 0.027344 0.147222 12 0.001216 0.328906 0.577083 0.025 0.081944 3 0.001202 0.982422 0.594444 0.035156 0.127778 3 0.001169 0.985156 0.870139 0.029687 0.259722 0 0.001073 0.335156 0.791667 0.042188 0.116667 10 0.001073 0.038672 0.651389 0.075781 0.327778 10 0.00102 0.248828 0.541667 0.160156 0.2
CCTV01^20260318-110000-20260318-120000_000801,11 0.982422 0.722656 0.770139 0.070312 0.170833 9 0.95166 0.819922 0.76875 0.189844 0.3875 9 0.941406 0.267188 0.609722 0.140625 0.238889 9 0.940918 0.175781 0.816667 0.170313 0.355556 2 0.898926 0.75 0.926389 0.084375 0.147222 2 0.892578 0.523047 0.871528 0.069531 0.193056 2 0.875977 0.499219 0.438194 0.035937 0.054167 9 0.864258 0.426563 0.415972 0.10625 0.134722 2 0.836426 0.275 0.836806 0.08125 0.1625 3 0.823242 0.690234 0.594444 0.053906 0.130556 9 0.751953 0.080859 0.782639 0.161719 0.351389 12 0.712402 0.336328 0.827778 0.036719 0.1 12 0.665527 0.327734 0.935417 0.047656 0.1125 2 0.327637 0.567578 0.469444 0.033594 0.077778 12 0.312256 0.65625 0.766667 0.034375 0.127778 2 0.248047 0.509766 0.401389 0.028906 0.044444 3 0.243652 0.694922 0.513194 0.055469 0.098611 0 0.168335 0.300391 0.682639 0.033594 0.104167 12 0.167725 0.683984 0.697917 0.027344 0.0875 12 0.144165 0.301953 0.676389 0.036719 0.102778 3 0.132935 0.3375 0.484722 0.059375 0.063889 12 0.122925 0.321094 0.690972 0.028125 0.095833 0 0.087891 0.622266 0.788889 0.019531 0.083333 2 0.073669 0.694141 0.513889 0.053906 0.1 2 0.071838 0.723828 0.595833 0.032031 0.077778 12 0.042572 0.331641 0.747222 0.032031 0.111111 2 0.038177 0.516797 0.383333 0.035156 0.044444 4 0.037201 0.969141 0.629167 0.060156 0.111111 7 0.034882 0.969922 0.630556 0.058594 0.108333 3 0.032104 0.969531 0.629167 0.060937 0.108333 10 0.029312 0.927344 0.910417 0.145313 0.179167 5 0.023697 0.510156 0.324306 0.045312 0.076389 10 0.01017 0.769141 0.394444 0.072656 0.127778 9 0.009598 0.853906 0.689583 0.204687 0.293056 1 0.008514 0.567187 0.469444 0.03125 0.077778 0 0.008347 0.335938 0.836111 0.035937 0.111111 0 0.007095 0.247266 0.520833 0.028906 0.061111 3 0.005554 0.973047 0.9375 0.053906 0.125 3 0.005386 0.725 0.595833 0.029687 0.077778 0 0.004467 0.332422 0.75 0.032031 0.108333 2 0.004101 0.294141 0.456944 0.030469 0.063889 9 0.00407 0.441406 0.354861 0.095312 0.101389 0 0.004055 0.334375 0.436111 0.025 0.05 6 0.00375 0.925391 0.911806 0.146094 0.176389 0 0.003325 0.347656 0.524306 0.026562 0.065278 2 0.003099 0.510156 0.324306 0.045312 0.076389 0 0.0028 0.294141 0.456944 0.030469 0.063889 12 0.002737 0.347266 0.527778 0.024219 0.075 3 0.002602 0.992578 0.920833 0.014844 0.158333 12 0.002531 0.623047 0.791667 0.019531 0.077778 12 0.002434 0.575 0.999306 0.15 0.001389 3 0.002415 0.925781 0.911806 0.148438 0.176389 11 0.002359 0.609375 0.904861 0.085938 0.190278 3 0.001853 0.986328 0.910417 0.027344 0.179167 10 0.001839 0.037109 0.627778 0.074219 0.183333 12 0.001796 0.394922 0.999306 0.149219 0.001389 12 0.001789 0.3 0.966667 0.046875 0.066667 11 0.001768 0.601562 0.666667 0.096875 0.177778 12 0.001694 0.325391 0.723611 0.033594 0.152778 0 0.001561 0.685156 0.695833 0.029687 0.088889 12 0.001501 0.335547 0.634722 0.028906 0.077778 11 0.00149 0.053125 0.880556 0.10625 0.144444 0 0.001305 0.655078 0.80625 0.022656 0.093056 1 0.001255 0.218359 0.970833 0.049219 0.058333 2 0.001211 0.513281 0.406944 0.029687 0.061111 0 0.001112 0.65625 0.754861 0.034375 0.106944 5 0.00106 0.073438 0.9625 0.146875 0.075 10 0.00104 0.023047 0.663889 0.046094 0.194444
CCTV01^20260318-110000-20260318-120000_000805,11 0.986816 0.723828 0.770833 0.067969 0.169444 1 0.972656 0.211328 0.922917 0.049219 0.126389 9 0.955078 0.819922 0.769444 0.188281 0.388889 9 0.95166 0.152734 0.655556 0.194531 0.280556 9 0.936035 0.220703 0.728472 0.174219 0.329167 2 0.898438 0.523047 0.871528 0.069531 0.190278 9 0.890137 0.314063 0.552778 0.139063 0.2 2 0.869629 0.75 0.927083 0.084375 0.145833 2 0.839844 0.653125 0.5375 0.040625 0.075 0 0.79834 0.675 0.6875 0.025 0.094444 3 0.767578 0.691016 0.600694 0.052344 0.1375 2 0.598145 0.74375 0.453472 0.042188 0.073611 2 0.432129 0.460938 0.475694 0.05625 0.065278 12 0.403564 0.311328 0.707639 0.047656 0.115278 12 0.26123 0.661328 0.913194 0.039844 0.143056 12 0.252441 0.261719 0.885417 0.04375 0.115278 2 0.212036 0.664844 0.472222 0.042188 0.080556 3 0.212036 0.69375 0.5125 0.05625 0.108333 12 0.199341 0.319141 0.924306 0.064844 0.129167 0 0.19873 0.673047 0.784722 0.028906 0.108333 10 0.173828 0.269141 0.49375 0.161719 0.173611 2 0.124207 0.046094 0.786806 0.057813 0.118056 0 0.058136 0.260547 0.884722 0.042969 0.113889 1 0.057922 0.317188 0.926389 0.060937 0.125 3 0.053589 0.492969 0.4125 0.05625 0.066667 0 0.044678 0.319531 0.924306 0.065625 0.131944 2 0.044189 0.566797 0.470139 0.033594 0.079167 0 0.037598 0.64375 0.598611 0.025 0.066667 10 0.031372 0.928906 0.910417 0.142187 0.179167 1 0.030792 0.664844 0.470139 0.042188 0.079167 2 0.03067 0.725 0.596528 0.028125 0.079167 3 0.029648 0.96875 0.769444 0.0625 0.169444 12 0.029541 0.366406 0.583333 0.035937 0.083333 12 0.028214 0.696094 0.95 0.042188 0.1 3 0.027481 0.461328 0.476389 0.055469 0.063889 9 0.025467 0.501953 0.358333 0.091406 0.116667 3 0.016525 0.644531 0.291667 0.01875 0.041667 12 0.015541 0.404297 0.540972 0.025781 0.079167 0 0.014839 0.271094 0.936111 0.035937 0.088889 2 0.014618 0.69375 0.5125 0.054688 0.102778 0 0.014336 0.049609 0.636806 0.097656 0.295833 10 0.014008 0.824609 0.515972 0.097656 0.206944 1 0.006588 0.232813 0.959028 0.051562 0.070833 10 0.006191 0.013672 0.777778 0.027344 0.280556 10 0.006027 0.012891 0.695833 0.025781 0.286111 10 0.005119 0.960156 0.889583 0.079687 0.220833 12 0.0042 0.388672 0.983333 0.174219 0.033333 0 0.0042 0.075 0.611111 0.148438 0.255556 10 0.004101 0.973828 0.740972 0.052344 0.229167 10 0.00396 0.501172 0.359722 0.089844 0.119444 3 0.003651 0.972656 0.940278 0.054688 0.119444 6 0.003429 0.926172 0.9125 0.144531 0.175 3 0.003325 0.926562 0.911806 0.146875 0.176389 6 0.002993 0.76875 0.365278 0.054688 0.1 2 0.002924 0.011328 0.7875 0.022656 0.122222 0 0.002846 0.403516 0.540972 0.028906 0.076389 0 0.00259 0.697656 0.948611 0.045312 0.102778 12 0.002493 0.269531 0.997222 0.125 0.005556 5 0.002434 0.016797 0.786111 0.033594 0.122222 0 0.002415 0.365625 0.582639 0.034375 0.079167 3 0.002333 0.639844 0.24375 0.017188 0.0375 10 0.00215 0.946875 0.731944 0.101562 0.244444 4 0.002125 0.96875 0.770139 0.0625 0.173611 10 0.002068 0.984375 0.757639 0.03125 0.251389 10 0.001942 0.03125 0.666667 0.060937 0.333333 3 0.001782 0.99375 0.904167 0.0125 0.191667 12 0.001675 0.385937 0.998611 0.159375 0.002778 10 0.001507 0.008594 0.707639 0.017188 0.181944 3 0.001484 0.992188 0.928472 0.015625 0.143056 10 0.001405 0.026953 0.597222 0.053906 0.144444 4 0.001346 0.721875 0.329167 0.040625 0.097222 10 0.001346 0.094922 0.894444 0.183594 0.211111 12 0.001285 0.678906 0.997222 0.1375 0.005556 3 0.001269 0.9875 0.875694 0.025 0.248611 9 0.001255 0.967578 0.772222 0.064844 0.172222 10 0.001216 0.976172 0.838889 0.047656 0.322222 9 0.001169 0.85625 0.689583 0.195312 0.284722 10 0.001151 0.857422 0.690972 0.192969 0.2875 10 0.001073 0.021094 0.792361 0.040625 0.365278
CCTV01^20260318-110000-20260318-120000_000809,11 0.987793 0.723828 0.770833 0.067969 0.166667 9 0.953125 0.819922 0.770139 0.189844 0.390278 2 0.877441 0.750391 0.927083 0.083594 0.145833 2 0.872559 0.657422 0.548611 0.044531 0.080556 2 0.864258 0.522266 0.870833 0.072656 0.191667 3 0.854004 0.691016 0.600694 0.053906 0.134722 10 0.802734 0.165625 0.800694 0.18125 0.3625 2 0.769043 0.616797 0.510417 0.057031 0.095833 2 0.737305 0.670312 0.485417 0.0375 0.056944 2 0.708984 0.315234 0.774306 0.044531 0.106944 2 0.668945 0.734375 0.517361 0.0375 0.090278 0 0.658203 0.655078 0.922917 0.033594 0.115278 0 0.642578 0.690625 0.8875 0.03125 0.119444 10 0.561035 0.235547 0.536111 0.135156 0.183333 2 0.488281 0.695703 0.521528 0.049219 0.084722 1 0.46875 0.217188 0.888194 0.046875 0.120833 3 0.405518 0.696484 0.522222 0.047656 0.088889 9 0.352295 0.234766 0.536111 0.135156 0.186111 0 0.350342 0.066797 0.911806 0.047656 0.129167 10 0.184204 0.025781 0.790278 0.051562 0.327778 1 0.174438 0.027344 0.920833 0.039062 0.111111 2 0.15564 0.711328 0.434722 0.042969 0.05 4 0.124634 0.783984 0.479167 0.039844 0.080556 2 0.122498 0.217188 0.889583 0.045312 0.118056 3 0.115967 0.139063 0.672222 0.05 0.083333 3 0.114746 0.709766 0.436111 0.039844 0.047222 10 0.104492 0.417578 0.482639 0.102344 0.176389 0 0.097412 0.264453 0.868056 0.049219 0.116667 3 0.083008 0.315234 0.417361 0.036719 0.056944 2 0.076965 0.090234 0.73125 0.057031 0.095833 10 0.072632 0.444141 0.380556 0.103906 0.125 0 0.070068 0.235937 0.945833 0.053125 0.102778 2 0.068054 0.098828 0.761111 0.047656 0.072222 3 0.066101 0.784375 0.479167 0.040625 0.080556 2 0.052826 0.724219 0.595139 0.032813 0.081944 2 0.044342 0.264062 0.868056 0.05 0.113889 3 0.033325 0.725 0.596528 0.032813 0.079167 10 0.029205 0.928906 0.909722 0.142187 0.180556 12 0.027908 0.264453 0.868056 0.049219 0.113889 2 0.027481 0.180469 0.946528 0.051562 0.095833 1 0.02272 0.567578 0.470139 0.033594 0.076389 2 0.015717 0.567187 0.469444 0.034375 0.077778 0 0.010208 0.595313 0.419444 0.01875 0.052778 3 0.01017 0.969531 0.774306 0.060937 0.1625 10 0.009972 0.028125 0.59375 0.05625 0.1375 0 0.009712 0.075 0.596528 0.15 0.220833 0 0.008316 0.686328 0.906944 0.028906 0.125 12 0.007904 0.280078 0.692361 0.032031 0.0875 5 0.006824 0.969531 0.771528 0.060937 0.159722 3 0.006439 0.7125 0.479861 0.029687 0.059722 3 0.005577 0.022656 0.791667 0.045312 0.133333 3 0.004738 0.976172 0.922222 0.047656 0.155556 0 0.004627 0.005469 0.938194 0.010937 0.123611 10 0.004086 0.075 0.59375 0.15 0.220833 0 0.003469 0.315234 0.694444 0.038281 0.097222 4 0.003456 0.717578 0.328472 0.030469 0.065278 4 0.003429 0.96875 0.773611 0.0625 0.166667 0 0.003248 0.279687 0.690278 0.034375 0.086111 10 0.003235 0.027734 0.726389 0.055469 0.191667 4 0.003147 0.566797 0.469444 0.032031 0.077778 6 0.002705 0.926172 0.911806 0.144531 0.176389 11 0.002512 0.602734 0.670833 0.089844 0.163889 7 0.002287 0.472266 0.422222 0.024219 0.061111 0 0.00227 0.277344 0.670833 0.034375 0.097222 5 0.002132 0.026172 0.791667 0.052344 0.188889 0 0.00205 0.022266 0.869444 0.042969 0.255556 3 0.001957 0.735156 0.372222 0.025 0.05 0 0.001957 0.058203 0.647917 0.114844 0.281944 12 0.001883 0.576172 0.999306 0.147656 0.001389 10 0.001714 0.858203 0.690972 0.186719 0.306944 10 0.001611 0.971094 0.759722 0.057813 0.197222 4 0.001536 0.721094 0.338194 0.023438 0.048611 10 0.00149 0.039844 0.702778 0.079687 0.233333 0 0.001372 0.006641 0.954167 0.013281 0.091667 3 0.001351 0.926172 0.9125 0.147656 0.175 0 0.001325 0.324609 0.652778 0.022656 0.066667 0 0.001216 0.088672 0.736806 0.055469 0.095833 1 0.001216 0.034766 0.916667 0.060156 0.127778 3 0.001202 0.991797 0.928472 0.016406 0.140278 2 0.001179 0.729688 0.454861 0.025 0.048611 10 0.001024 0.786328 0.390278 0.069531 0.113889 12 0.001024 0.702344 0.959722 0.05 0.080556 11 0.001017 0.38125 0.945139 0.31875 0.109722
CCTV01^20260318-110000-20260318-120000_000954,11 0.96582 0.704688 0.65 0.0625 0.177778 11 0.788086 0.771094 0.752083 0.070312 0.218056 3 0.759277 0.289844 0.755556 0.064062 0.105556 7 0.729492 0.329297 0.805556 0.057031 0.138889 3 0.726562 0.244141 0.920833 0.072656 0.147222 3 0.656738 0.435937 0.479167 0.05625 0.052778 3 0.656738 0.694922 0.827083 0.052344 0.126389 0 0.645996 0.314063 0.6375 0.03125 0.066667 3 0.594727 0.827344 0.645833 0.042188 0.097222 11 0.563965 0.769922 0.527778 0.077344 0.125 0 0.562012 0.345703 0.573611 0.025781 0.063889 0 0.533203 0.380078 0.5375 0.025781 0.069444 3 0.53125 0.657422 0.597222 0.030469 0.083333 2 0.505859 0.487109 0.432639 0.025781 0.051389 3 0.501953 0.94375 0.647222 0.078125 0.094444 3 0.488281 0.132031 0.950694 0.079687 0.095833 11 0.486328 0.280469 0.567361 0.079687 0.104167 10 0.481445 0.222266 0.520139 0.141406 0.179167 0 0.44165 0.228906 0.678472 0.029687 0.070833 7 0.435791 0.354297 0.509722 0.033594 0.077778 0 0.435791 0.273828 0.647917 0.030469 0.070833 2 0.435791 0.248828 0.638889 0.032031 0.077778 3 0.394287 0.352344 0.954861 0.09375 0.084722 3 0.361084 0.206641 0.824306 0.075781 0.131944 11 0.324219 0.905078 0.731944 0.114844 0.230556 10 0.305664 0.048438 0.883333 0.096875 0.227778 3 0.297363 0.740234 0.922222 0.072656 0.15 5 0.216064 0.166406 0.753472 0.076563 0.134722 0 0.215332 0.008594 0.746528 0.017188 0.073611 5 0.214722 0.740625 0.922917 0.070312 0.148611 3 0.188354 0.566406 0.46875 0.029687 0.073611 3 0.182373 0.507031 0.392361 0.032813 0.051389 9 0.181885 0.905859 0.7375 0.108594 0.213889 3 0.176636 0.168359 0.652083 0.046094 0.073611 9 0.175537 0.064844 0.668056 0.070312 0.122222 0 0.161377 0.988672 0.748611 0.022656 0.097222 0 0.150513 0.200391 0.652083 0.025781 0.065278 11 0.144165 0.662891 0.475694 0.066406 0.151389 0 0.133423 0.316406 0.476389 0.026562 0.058333 3 0.126343 0.3625 0.466667 0.034375 0.05 0 0.123352 0.474609 0.941667 0.039844 0.083333 4 0.12085 0.166797 0.752778 0.077344 0.138889 1 0.115173 0.408203 0.816667 0.035156 0.072222 12 0.114746 0.278125 0.565972 0.078125 0.098611 0 0.091736 0.253125 0.696528 0.034375 0.070833 10 0.079224 0.828125 0.892361 0.095312 0.209722 3 0.060974 0.704688 0.44375 0.0375 0.059722 2 0.056641 0.228125 0.675694 0.028125 0.0625 0 0.049774 0.408984 0.814583 0.035156 0.070833 10 0.047943 0.482422 0.358333 0.083594 0.111111 2 0.047943 0.316406 0.475694 0.026562 0.056944 0 0.045349 0.396875 0.41875 0.017188 0.045833 3 0.044525 0.705078 0.503472 0.030469 0.0625 9 0.044006 0.280859 0.568056 0.080469 0.108333 0 0.042877 0.316406 0.624306 0.026562 0.070833 2 0.040527 0.264062 0.643056 0.05 0.080556 3 0.03775 0.961328 0.969444 0.067969 0.061111 3 0.037201 0.988672 0.744444 0.022656 0.091667 4 0.023422 0.988672 0.75 0.022656 0.1 1 0.023148 0.253125 0.7 0.034375 0.072222 7 0.02298 0.35625 0.492361 0.034375 0.076389 5 0.022629 0.506641 0.390972 0.032031 0.054167 1 0.01622 0.328516 0.515278 0.014844 0.041667 0 0.015488 0.242578 0.70625 0.033594 0.073611 6 0.014008 0.48125 0.360417 0.084375 0.1125 4 0.013588 0.333594 0.419444 0.032813 0.077778 0 0.012527 0.349609 0.526389 0.028906 0.05 0 0.012527 0.004297 0.672222 0.008594 0.061111 0 0.0112 0.276953 0.634028 0.030469 0.070833 10 0.01033 0.670312 0.369444 0.067187 0.102778 1 0.009056 0.676172 0.973611 0.025781 0.05 9 0.00885 0.333984 0.419444 0.033594 0.075 0 0.008415 0.973437 0.618056 0.025 0.063889 0 0.006588 0.214844 0.6125 0.028125 0.063889 4 0.005981 0.097656 0.73125 0.098437 0.148611 3 0.004868 0.6125 0.365278 0.028125 0.058333 0 0.004314 0.873828 0.582639 0.027344 0.070833 0 0.00423 0.123438 0.651389 0.028125 0.055556 2 0.003839 0.481641 0.421528 0.022656 0.045833 4 0.003809 0.758203 0.45625 0.050781 0.076389 0 0.003809 0.005859 0.645139 0.011719 0.115278 5 0.003796 0.960547 0.96875 0.077344 0.0625 0 0.003679 0.478516 0.961111 0.046094 0.063889 1 0.003651 0.246875 0.714583 0.035937 0.070833 10 0.003496 0.993359 0.565278 0.013281 0.113889 3 0.003273 0.959766 0.969444 0.080469 0.061111 4 0.002846 0.080078 0.735417 0.047656 0.106944 0 0.002747 0.326953 0.579167 0.016406 0.055556 1 0.002493 0.841406 0.565972 0.020313 0.054167 0 0.002453 0.322266 0.593056 0.016406 0.044444 10 0.002296 0.988672 0.547917 0.022656 0.104167 2 0.002234 0.819141 0.551389 0.028906 0.066667 2 0.002115 0.331641 0.425694 0.036719 0.070833 1 0.00205 0.271484 0.657639 0.032031 0.068056 0 0.001957 0.291406 0.633333 0.040625 0.075 0 0.001714 0.247656 0.642361 0.079687 0.1125 10 0.001416 0.009375 0.734722 0.01875 0.241667 10 0.001367 0.989844 0.731944 0.020313 0.211111 0 0.001362 0.861328 0.510417 0.027344 0.059722 11 0.001249 0.096094 0.727778 0.095312 0.155556 0 0.001245 0.006641 0.709722 0.013281 0.122222 10 0.00123 0.990625 0.583333 0.017188 0.180556 0 0.001216 0.376953 0.410417 0.017969 0.040278 8 0.001179 0.817578 0.452778 0.032031 0.069444 3 0.001151 0.008594 0.253472 0.017188 0.040278 2 0.001099 0.920312 0.568056 0.03125 0.047222 0 0.001048 0.284766 0.626389 0.033594 0.069444
CCTV01^20260318-110000-20260318-120000_000966,11 0.960449 0.709766 0.665972 0.066406 0.181944 11 0.773438 0.775391 0.786111 0.071094 0.238889 3 0.771973 0.698438 0.8375 0.05 0.133333 1 0.751953 0.671875 0.951389 0.032813 0.091667 10 0.629883 0.416016 0.425694 0.097656 0.134722 10 0.44165 0.809375 0.460417 0.053125 0.134722 2 0.416748 0.189062 0.739583 0.040625 0.095833 3 0.411133 0.649609 0.604861 0.053906 0.090278 9 0.361084 0.8 0.574306 0.054688 0.120833 3 0.357666 0.735938 0.929861 0.075 0.131944 2 0.345215 0.869531 0.75625 0.048438 0.0875 4 0.319092 0.478516 0.452778 0.044531 0.066667 3 0.309082 0.85 0.820139 0.082812 0.131944 5 0.295898 0.235547 0.735417 0.069531 0.131944 3 0.271973 0.265625 0.8375 0.067187 0.125 5 0.256836 0.511328 0.393056 0.032031 0.058333 3 0.256836 0.305469 0.6875 0.060937 0.102778 11 0.253906 0.8 0.574306 0.054688 0.123611 3 0.252441 0.741016 0.570139 0.047656 0.073611 9 0.252441 0.103516 0.717361 0.105469 0.145833 2 0.20813 0.341406 0.609028 0.04375 0.076389 0 0.201782 0.889844 0.710417 0.025 0.076389 0 0.19873 0.871875 0.659722 0.03125 0.077778 3 0.182373 0.74375 0.500694 0.040625 0.065278 11 0.172119 0.686328 0.538889 0.064844 0.083333 4 0.125122 0.103516 0.716667 0.105469 0.141667 3 0.102661 0.204687 0.670139 0.078125 0.084722 3 0.09668 0.478906 0.453472 0.04375 0.065278 10 0.096375 0.317578 0.544444 0.153906 0.194444 3 0.095337 0.624609 0.422222 0.028906 0.052778 3 0.094666 0.097656 0.85 0.09375 0.130556 0 0.093018 0.857422 0.691667 0.022656 0.055556 3 0.075317 0.511328 0.393056 0.032031 0.058333 7 0.063965 0.841406 0.926389 0.057813 0.113889 11 0.056458 0.955469 0.829167 0.089063 0.263889 3 0.05603 0.435937 0.497917 0.04375 0.034722 3 0.044006 0.023047 0.788889 0.046094 0.133333 6 0.043518 0.024609 0.827083 0.049219 0.215278 1 0.042084 0.855469 0.694444 0.025 0.055556 3 0.034241 0.757422 0.453472 0.027344 0.051389 3 0.023422 0.839844 0.927083 0.057813 0.109722 2 0.019272 0.020313 0.792361 0.040625 0.1375 4 0.017853 0.022656 0.785417 0.045312 0.131944 3 0.01738 0.209375 0.970833 0.079687 0.058333 3 0.013329 0.716016 0.434722 0.039844 0.072222 10 0.0112 0.023828 0.824306 0.047656 0.209722 12 0.010406 0.954688 0.828472 0.0875 0.259722 11 0.008514 0.954297 0.777778 0.091406 0.15 5 0.007755 0.397656 0.552083 0.060937 0.084722 1 0.007259 0.156641 0.749306 0.025781 0.070833 4 0.006641 0.940234 0.668056 0.077344 0.138889 1 0.005981 0.520312 0.429167 0.017188 0.038889 3 0.005981 0.396484 0.552083 0.057031 0.081944 0 0.00547 0.879297 0.545833 0.025781 0.061111 3 0.00547 0.85 0.788194 0.070312 0.068056 5 0.005302 0.716016 0.434028 0.039844 0.073611 12 0.005062 0.201953 0.997917 0.128906 0.004167 2 0.004738 0.848437 0.55 0.025 0.055556 10 0.004608 0.376953 0.373611 0.064844 0.102778 4 0.004349 0.763672 0.415278 0.027344 0.044444 2 0.0042 0.197656 0.739583 0.032813 0.104167 2 0.004055 0.917969 0.534722 0.039062 0.066667 4 0.00396 0.647266 0.506944 0.022656 0.052778 3 0.003708 0.74375 0.386806 0.025 0.040278 3 0.003622 0.6875 0.540972 0.0625 0.081944 11 0.00358 0.985156 0.848611 0.029687 0.211111 0 0.003403 0.179297 0.572222 0.150781 0.208333 10 0.003376 0.973828 0.797917 0.052344 0.184722 11 0.00321 0.682422 0.508333 0.074219 0.144444 3 0.003124 0.68125 0.403472 0.028125 0.054167 0 0.0028 0.973828 0.635417 0.030469 0.093056 0 0.002758 0.994141 0.693056 0.011719 0.086111 2 0.002714 0.864844 0.5875 0.032813 0.066667 11 0.002672 0.970703 0.810417 0.058594 0.1875 10 0.002632 0.672266 0.321528 0.039844 0.104167 0 0.002562 0.994531 0.611111 0.010937 0.077778 3 0.002415 0.715625 0.505556 0.034375 0.055556 4 0.002342 0.638281 0.455556 0.023438 0.055556 0 0.002323 0.975 0.622222 0.025 0.066667 0 0.002003 0.558203 0.434722 0.019531 0.047222 10 0.001897 0.016797 0.820833 0.033594 0.358333 0 0.001761 0.2375 0.553472 0.095312 0.201389 0 0.001655 0.99375 0.724306 0.0125 0.101389 11 0.001642 0.675 0.478472 0.0625 0.084722 4 0.001597 0.626172 0.382639 0.022656 0.045833 2 0.001567 0.646875 0.506944 0.021875 0.052778 10 0.001484 0.187109 0.572917 0.167969 0.204167 10 0.001444 0.483594 0.375694 0.039062 0.068056 5 0.001367 0.676172 0.477778 0.055469 0.077778 11 0.001367 0.930078 0.666667 0.094531 0.141667 3 0.001255 0.744922 0.556944 0.042969 0.05 11 0.001197 0.103125 0.71875 0.107813 0.148611 5 0.001107 0.715234 0.506944 0.035156 0.055556 10 0.001065 0.988672 0.74375 0.022656 0.143056 12 0.001017 0.672266 0.321528 0.039844 0.104167
CCTV01^20260318-110000-20260318-120000_000970,11 0.937012 0.710938 0.674306 0.0625 0.1875 11 0.915039 0.780078 0.797917 0.072656 0.259722 10 0.805664 0.819531 0.519444 0.05625 0.166667 10 0.790039 0.155859 0.727778 0.174219 0.319444 1 0.777344 0.671875 0.952083 0.032813 0.090278 3 0.757812 0.7 0.850694 0.048438 0.134722 3 0.700684 0.899219 0.885417 0.092188 0.145833 10 0.6875 0.480078 0.3875 0.080469 0.119444 4 0.662109 0.761328 0.473611 0.030469 0.052778 2 0.658203 0.876563 0.670139 0.0375 0.090278 3 0.637207 0.495703 0.45 0.035156 0.055556 2 0.583008 0.903125 0.786111 0.057813 0.080556 3 0.563965 0.737891 0.936111 0.064844 0.116667 3 0.541016 0.825 0.654861 0.054688 0.098611 3 0.535156 0.652344 0.616667 0.05 0.1 10 0.52832 0.026562 0.786806 0.053125 0.373611 3 0.519531 0.256641 0.819444 0.071094 0.127778 1 0.515625 0.844922 0.788889 0.027344 0.080556 3 0.418701 0.319922 0.655556 0.064844 0.108333 3 0.383057 0.271484 0.633333 0.038281 0.080556 3 0.37207 0.781641 0.644444 0.046094 0.058333 3 0.320801 0.626172 0.422222 0.030469 0.052778 3 0.307373 0.114453 0.965278 0.085156 0.066667 7 0.256836 0.973828 0.891667 0.052344 0.2 9 0.250977 0.973828 0.895833 0.052344 0.202778 10 0.225464 0.345703 0.45625 0.152344 0.143056 1 0.216064 0.600391 0.459028 0.016406 0.051389 10 0.173828 0.698438 0.388889 0.0625 0.133333 3 0.151489 0.428906 0.477083 0.048438 0.056944 11 0.129883 0.682422 0.509028 0.069531 0.145833 4 0.126831 0.278516 0.545139 0.100781 0.104167 2 0.11438 0.516797 0.411806 0.022656 0.051389 4 0.108948 0.773438 0.554861 0.05 0.1125 11 0.108215 0.973047 0.896528 0.053906 0.206944 2 0.096375 0.271484 0.634028 0.038281 0.079167 11 0.072388 0.943359 0.679167 0.102344 0.152778 1 0.065369 0.635547 0.558333 0.017969 0.05 3 0.055817 0.866797 0.970139 0.055469 0.056944 3 0.041321 0.724609 0.474306 0.035156 0.054167 9 0.029648 0.274609 0.544444 0.105469 0.105556 9 0.029648 0.942578 0.676389 0.102344 0.155556 0 0.024887 0.885938 0.586111 0.025 0.066667 4 0.02211 0.973828 0.888889 0.052344 0.194444 11 0.020721 0.725 0.521528 0.034375 0.090278 1 0.019943 0.575391 0.529861 0.014844 0.051389 3 0.019272 0.456641 0.478472 0.053906 0.059722 7 0.018341 0.275391 0.545139 0.103906 0.104167 3 0.017853 0.773438 0.555556 0.05 0.111111 4 0.017044 0.725 0.524306 0.034375 0.090278 3 0.016022 0.634766 0.443056 0.019531 0.05 6 0.013901 0.973437 0.895833 0.053125 0.208333 3 0.01017 0.992578 0.685417 0.014844 0.084722 3 0.009087 0.651953 0.395139 0.025781 0.043056 3 0.009056 0.724609 0.508333 0.035156 0.088889 0 0.007404 0.646094 0.506944 0.020313 0.052778 12 0.007374 0.725 0.522917 0.034375 0.0875 10 0.006958 0.976172 0.897222 0.047656 0.205556 11 0.006824 0.773438 0.555556 0.05 0.111111 0 0.005913 0.603516 0.40625 0.014844 0.043056 10 0.0051 0.013281 0.797222 0.026562 0.308333 5 0.004593 0.725 0.481944 0.0375 0.063889 1 0.004505 0.810547 0.965972 0.025781 0.0625 2 0.004299 0.992969 0.684722 0.014063 0.075 3 0.003416 0.636328 0.454167 0.019531 0.058333 4 0.003235 0.966016 0.696528 0.052344 0.120833 0 0.003111 0.011719 0.874306 0.023438 0.106944 2 0.003052 0.083203 0.608333 0.021094 0.052778 2 0.003027 0.515234 0.423611 0.021094 0.063889 2 0.002958 0.033984 0.984028 0.064844 0.031944 0 0.002768 0.158984 0.545833 0.025781 0.058333 4 0.002672 0.94375 0.677778 0.101562 0.158333 3 0.002398 0.863672 0.970139 0.069531 0.059722 5 0.00235 0.458203 0.480556 0.049219 0.063889 0 0.002306 0.975 0.620833 0.025 0.063889 0 0.002043 0.996094 0.6 0.007812 0.072222 0 0.00198 0.994531 0.676389 0.010937 0.086111 0 0.001636 0.971094 0.632639 0.032813 0.073611 2 0.001405 0.921484 0.543056 0.035156 0.077778 5 0.001383 0.469141 0.470833 0.041406 0.058333 12 0.001362 0.942578 0.676389 0.102344 0.161111 0 0.001346 0.557813 0.434722 0.020313 0.052778 0 0.001335 0.008984 0.891667 0.017969 0.116667 3 0.001245 0.759766 0.41875 0.027344 0.048611 4 0.001225 0.6375 0.454861 0.021875 0.059722 1 0.001202 0.709375 0.288889 0.010937 0.027778 4 0.001156 0.648047 0.507639 0.022656 0.068056 10 0.001151 0.989844 0.622917 0.017188 0.2375 2 0.001048 0.079687 0.597917 0.021875 0.0625 10 0.001008 0.516406 0.316667 0.057813 0.088889
CCTV01^20260318-110000-20260318-120000_000974,11 0.932129 0.711328 0.675 0.061719 0.188889 11 0.924316 0.780469 0.802083 0.06875 0.254167 6 0.836426 0.884375 0.648611 0.115625 0.244444 1 0.767578 0.673047 0.955556 0.032031 0.086111 3 0.747559 0.7 0.851389 0.048438 0.136111 4 0.679199 0.871875 0.921528 0.065625 0.151389 4 0.577637 0.783594 0.553472 0.0375 0.065278 0 0.567871 0.989062 0.806944 0.021875 0.086111 3 0.523438 0.737891 0.936806 0.066406 0.115278 3 0.515625 0.659375 0.621528 0.0375 0.084722 10 0.489258 0.029687 0.645139 0.059375 0.2375 10 0.478516 0.267969 0.583333 0.164062 0.227778 1 0.432129 0.626953 0.572222 0.024219 0.063889 3 0.414795 0.382812 0.576389 0.059375 0.075 1 0.399902 0.955859 0.801389 0.028906 0.077778 3 0.390381 0.977344 0.69375 0.045312 0.093056 3 0.379395 0.74375 0.558333 0.034375 0.083333 0 0.359375 0.051562 0.808333 0.054688 0.111111 3 0.339844 0.847266 0.802083 0.064844 0.134722 3 0.313965 0.298438 0.688889 0.06875 0.1 3 0.284668 0.625781 0.422222 0.029687 0.05 3 0.265869 0.246875 0.897917 0.078125 0.140278 3 0.24939 0.320312 0.44375 0.042188 0.051389 3 0.223999 0.226562 0.805556 0.082812 0.108333 5 0.219971 0.144922 0.705556 0.078906 0.113889 3 0.19812 0.131641 0.854861 0.078906 0.126389 10 0.162964 0.823438 0.475694 0.06875 0.184722 3 0.145142 0.144531 0.706944 0.078125 0.111111 2 0.137939 0.953906 0.609028 0.0375 0.0625 3 0.136597 0.173828 0.973611 0.074219 0.052778 5 0.104858 0.960547 0.918056 0.075781 0.158333 5 0.100525 0.5 0.400694 0.034375 0.056944 10 0.09137 0.4375 0.396528 0.103125 0.129167 1 0.088806 0.652734 0.558333 0.027344 0.061111 3 0.075012 0.961328 0.920139 0.077344 0.156944 0 0.072388 0.044531 0.825 0.039062 0.086111 0 0.071838 0.005469 0.831944 0.010937 0.091667 3 0.067322 0.500391 0.400694 0.035156 0.056944 11 0.065125 0.684375 0.539583 0.084375 0.134722 3 0.05481 0.796094 0.624306 0.05 0.076389 9 0.05072 0.961719 0.918056 0.076563 0.158333 6 0.034363 0.961328 0.91875 0.075781 0.156944 7 0.031494 0.782813 0.554861 0.0375 0.068056 11 0.030914 0.459375 0.423611 0.057813 0.086111 3 0.029541 0.795703 0.609722 0.039844 0.047222 4 0.019119 0.461719 0.425 0.054688 0.086111 3 0.018829 0.358594 0.390278 0.032813 0.041667 2 0.018539 0.00625 0.830556 0.0125 0.102778 1 0.017914 0.959375 0.753472 0.020313 0.056944 4 0.014282 0.637109 0.451389 0.022656 0.058333 1 0.013741 0.008203 0.829861 0.016406 0.101389 4 0.010818 0.791797 0.665972 0.069531 0.126389 2 0.010529 0.792188 0.663194 0.06875 0.129167 6 0.010094 0.791797 0.664583 0.071094 0.129167 11 0.009636 0.673828 0.480556 0.057031 0.077778 10 0.008713 0.992578 0.559028 0.014844 0.129167 10 0.007011 0.723828 0.427778 0.082031 0.15 0 0.006439 0.26875 0.46875 0.025 0.054167 2 0.006439 0.005078 0.855556 0.010156 0.108333 9 0.005535 0.461328 0.425 0.055469 0.086111 0 0.005241 0.994922 0.775694 0.010156 0.140278 0 0.005039 0.995703 0.731944 0.008594 0.077778 9 0.004982 0.983594 0.696528 0.032813 0.098611 10 0.004791 0.990625 0.563194 0.017188 0.190278 10 0.004505 0.640625 0.346528 0.04375 0.101389 2 0.004025 0.957812 0.59375 0.0375 0.068056 2 0.00399 0.648828 0.5125 0.024219 0.052778 0 0.003929 0.008594 0.8375 0.017188 0.105556 7 0.003901 0.637109 0.452083 0.022656 0.056944 3 0.003622 0.008984 0.253472 0.017969 0.043056 11 0.003063 0.028125 0.655556 0.05625 0.230556 3 0.003052 0.625391 0.402083 0.028906 0.0875 2 0.002811 0.669922 0.311806 0.017969 0.034722 0 0.002693 0.026562 0.733333 0.034375 0.072222 3 0.002434 0.666406 0.345833 0.020313 0.038889 4 0.002314 0.625391 0.394444 0.028906 0.072222 3 0.002287 0.996094 0.713889 0.007812 0.105556 0 0.002132 0.65625 0.554861 0.028125 0.068056 3 0.001741 0.675 0.389583 0.021875 0.043056 5 0.001536 0.689063 0.547917 0.075 0.104167 3 0.001525 0.772266 0.447222 0.022656 0.058333 1 0.001513 0.019922 0.777778 0.025781 0.066667 2 0.001478 0.65625 0.552778 0.028125 0.066667 0 0.001427 0.954688 0.7 0.025 0.063889 10 0.001356 0.008984 0.798611 0.017969 0.286111 10 0.001265 0.017969 0.650694 0.035937 0.248611 2 0.001151 0.099219 0.584028 0.023438 0.059722 0 0.001107 0.994531 0.570139 0.010937 0.104167 3 0.00109 0.843359 0.769444 0.052344 0.069444
CCTV01^20260318-110000-20260318-120000_000978,11 0.951172 0.710938 0.675694 0.0625 0.1875 11 0.90918 0.780078 0.804167 0.069531 0.258333 10 0.780762 0.907422 0.676389 0.139844 0.316667 1 0.762207 0.675 0.956944 0.034375 0.086111 3 0.704102 0.701562 0.854167 0.05 0.136111 4 0.609375 0.86875 0.920139 0.059375 0.154167 4 0.604004 0.828906 0.71875 0.042188 0.093056 3 0.59082 0.659375 0.620833 0.0375 0.086111 0 0.550781 0.107813 0.725 0.040625 0.086111 3 0.529297 0.632422 0.438889 0.032031 0.052778 2 0.498047 0.987891 0.701389 0.024219 0.088889 2 0.484375 0.220312 0.586111 0.0375 0.077778 3 0.484375 0.739062 0.936111 0.0625 0.116667 1 0.464844 0.670312 0.897917 0.03125 0.073611 3 0.453369 0.46875 0.470833 0.042188 0.05 3 0.44165 0.167578 0.727778 0.074219 0.097222 0 0.403564 0.164453 0.65625 0.039844 0.070833 3 0.325928 0.364453 0.476389 0.038281 0.052778 4 0.271973 0.670312 0.429167 0.0375 0.055556 3 0.270508 0.4 0.524306 0.05625 0.065278 1 0.252441 0.626953 0.572917 0.024219 0.0625 5 0.245117 0.240625 0.859028 0.078125 0.165278 3 0.20813 0.875391 0.823611 0.078906 0.097222 3 0.19812 0.060156 0.905556 0.096875 0.152778 3 0.193115 0.149219 0.892361 0.085938 0.151389 3 0.191895 0.347656 0.603472 0.067187 0.093056 3 0.179565 0.494531 0.436111 0.03125 0.05 3 0.176636 0.8 0.627778 0.045312 0.086111 3 0.174438 0.300391 0.4875 0.038281 0.055556 3 0.143677 0.283594 0.730556 0.060937 0.102778 2 0.142212 0.963672 0.577083 0.032031 0.070833 10 0.127686 0.052734 0.586806 0.105469 0.223611 2 0.093994 0.995313 0.93125 0.009375 0.109722 10 0.09137 0.765234 0.48125 0.102344 0.181944 10 0.060516 0.43125 0.426389 0.104688 0.141667 5 0.058563 0.204687 0.749306 0.076563 0.118056 3 0.054199 0.204297 0.748611 0.077344 0.119444 1 0.040375 0.647656 0.560417 0.020313 0.059722 3 0.030563 0.7375 0.354167 0.025 0.041667 1 0.016785 0.996094 0.790278 0.007812 0.080556 3 0.016281 0.504297 0.397917 0.032031 0.043056 0 0.015671 0.186328 0.583333 0.028906 0.063889 3 0.015541 0.319141 0.578472 0.071094 0.095833 3 0.014839 0.216016 0.979167 0.071094 0.041667 0 0.0121 0.996094 0.791667 0.007812 0.088889 2 0.010857 0.994922 0.684028 0.010156 0.118056 2 0.01078 0.152344 0.604167 0.048438 0.086111 1 0.010612 0.632031 0.566667 0.020313 0.055556 2 0.009636 0.989844 0.925694 0.020313 0.1375 10 0.007694 0.655859 0.364583 0.060156 0.109722 0 0.007576 0.825 0.524306 0.025 0.054167 9 0.007431 0.060937 0.90625 0.095312 0.154167 5 0.005753 0.31875 0.576389 0.06875 0.097222 0 0.003944 0.25625 0.514583 0.03125 0.056944 3 0.003429 0.989844 0.915278 0.020313 0.152778 1 0.003136 0.274219 0.525694 0.028125 0.051389 10 0.002306 0.99375 0.557639 0.0125 0.123611 0 0.002216 0.146875 0.611806 0.034375 0.081944 0 0.001965 0.996094 0.766667 0.007812 0.094444 3 0.001846 0.333203 0.429167 0.033594 0.052778 3 0.001796 0.644141 0.263194 0.016406 0.034722 0 0.001675 0.833203 0.561111 0.017969 0.055556 0 0.001501 0.230078 0.505556 0.027344 0.058333 2 0.001421 0.655469 0.563194 0.032813 0.068056 3 0.001188 0.627344 0.275 0.017188 0.038889 10 0.001179 0.986719 0.682639 0.025 0.251389 0 0.001116 0.270703 0.523611 0.028906 0.055556 11 0.001086 0.033984 0.638889 0.067969 0.119444
CCTV01^20260318-110000-20260318-120000_000982,11 0.939453 0.7125 0.675 0.0625 0.188889 11 0.911133 0.778516 0.805556 0.064844 0.255556 10 0.910156 0.948438 0.80625 0.1 0.370833 1 0.743164 0.674219 0.955556 0.035937 0.086111 4 0.728027 0.842187 0.839583 0.04375 0.118056 3 0.720215 0.701172 0.853472 0.047656 0.1375 2 0.647949 0.658594 0.546528 0.029687 0.059722 2 0.635254 0.159766 0.686806 0.047656 0.0875 3 0.631836 0.626563 0.509028 0.0375 0.065278 3 0.611328 0.658594 0.622222 0.0375 0.086111 3 0.542969 0.661328 0.495833 0.039844 0.052778 3 0.492188 0.7375 0.936806 0.065625 0.115278 3 0.480469 0.504687 0.420139 0.03125 0.051389 3 0.422607 0.373828 0.5125 0.050781 0.069444 3 0.320801 0.480469 0.451389 0.0375 0.041667 3 0.30249 0.623828 0.432639 0.028906 0.056944 3 0.281494 0.151953 0.783333 0.080469 0.111111 3 0.275146 0.428906 0.484028 0.042188 0.0375 3 0.250977 0.469531 0.486111 0.042188 0.033333 1 0.236572 0.628125 0.570833 0.025 0.063889 3 0.229492 0.298438 0.498611 0.05 0.069444 5 0.221313 0.283984 0.760417 0.064844 0.140278 3 0.221313 0.018359 0.840278 0.036719 0.161111 3 0.216064 0.083594 0.945833 0.0875 0.102778 3 0.20813 0.426172 0.421528 0.041406 0.045833 3 0.196777 0.173437 0.903472 0.08125 0.140278 3 0.183594 0.239844 0.931944 0.071875 0.130556 3 0.170532 0.684375 0.456944 0.035937 0.069444 4 0.160278 0.870313 0.919444 0.0625 0.155556 4 0.143188 0.683984 0.45625 0.035156 0.068056 3 0.100891 0.376172 0.5875 0.064844 0.058333 3 0.092041 0.705078 0.497917 0.032031 0.040278 3 0.088196 0.476172 0.465278 0.041406 0.036111 3 0.085083 0.232031 0.74375 0.06875 0.1125 1 0.063232 0.667578 0.892361 0.030469 0.081944 10 0.057068 0.664062 0.384722 0.0625 0.122222 3 0.049774 0.878516 0.663194 0.047656 0.090278 2 0.047791 0.018359 0.8375 0.036719 0.163889 0 0.034607 0.015234 0.764583 0.030469 0.0875 5 0.034241 0.4875 0.396528 0.040625 0.059722 3 0.02887 0.009375 0.719444 0.01875 0.102778 10 0.02887 0.016797 0.847917 0.033594 0.251389 3 0.025085 0.486328 0.398611 0.039844 0.052778 0 0.020248 0.221484 0.638889 0.027344 0.077778 5 0.019867 0.684375 0.45625 0.034375 0.065278 0 0.018768 0.008984 0.765972 0.017969 0.081944 10 0.017639 0.989844 0.751389 0.020313 0.255556 5 0.013741 0.283203 0.636111 0.067969 0.1 10 0.013428 0.058594 0.578472 0.117188 0.2125 3 0.012238 0.319922 0.656944 0.063281 0.111111 1 0.012009 0.220703 0.6375 0.027344 0.075 1 0.010056 0.642188 0.561111 0.025 0.069444 5 0.009415 0.494531 0.409722 0.039062 0.052778 1 0.00927 0.596875 0.428472 0.015625 0.045833 3 0.008919 0.333594 0.564583 0.059375 0.068056 5 0.008614 0.31875 0.657639 0.064062 0.106944 9 0.007668 0.841016 0.840972 0.039844 0.115278 5 0.007519 0.726562 0.454861 0.025 0.054167 3 0.007259 0.410156 0.525 0.035937 0.061111 3 0.006027 0.685547 0.541667 0.025781 0.05 3 0.005936 0.352344 0.477778 0.05625 0.091667 10 0.004719 0.015625 0.778472 0.03125 0.329167 3 0.004417 0.866406 0.709028 0.045312 0.101389 3 0.003975 0.284766 0.566667 0.063281 0.061111 10 0.003855 0.994141 0.795139 0.011719 0.204167 5 0.003679 0.333203 0.563889 0.058594 0.066667 10 0.003651 0.666406 0.311806 0.0375 0.081944 3 0.003622 0.878906 0.588889 0.032813 0.055556 3 0.003607 0.995703 0.709028 0.008594 0.134722 4 0.003496 0.610156 0.372222 0.029687 0.061111 3 0.003099 0.428516 0.467361 0.047656 0.051389 10 0.003004 0.010547 0.724306 0.021094 0.309722 3 0.002935 0.726562 0.454861 0.025 0.054167 1 0.0028 0.221484 0.659722 0.027344 0.069444 4 0.002434 0.352344 0.476389 0.057813 0.088889 10 0.00226 0.525 0.336806 0.067187 0.098611 5 0.002068 0.610156 0.370833 0.029687 0.061111 1 0.001597 0.401562 0.897917 0.03125 0.093056 1 0.001501 0.675 0.904861 0.035937 0.090278 3 0.001378 0.754297 0.402083 0.028906 0.040278 1 0.001356 0.667188 0.914583 0.0375 0.095833 3 0.001305 0.48125 0.486111 0.034375 0.036111 3 0.001245 0.692969 0.502778 0.026562 0.041667 2 0.001225 0.665625 0.545833 0.023438 0.058333 1 0.001202 0.594922 0.438194 0.016406 0.054167 7 0.001151 0.805078 0.426389 0.035156 0.069444 3 0.001103 0.418359 0.501389 0.049219 0.041667
CCTV01^20260318-110000-20260318-120000_000986,11 0.915527 0.782422 0.830556 0.074219 0.266667 10 0.911621 0.948438 0.807639 0.1 0.370833 11 0.868652 0.720313 0.692361 0.075 0.193056 3 0.730957 0.703906 0.86875 0.05 0.143056 1 0.418701 0.678125 0.967361 0.034375 0.059722 3 0.392334 0.629297 0.515278 0.038281 0.061111 4 0.373779 0.84375 0.844444 0.040625 0.105556 4 0.364746 0.684766 0.457639 0.035156 0.068056 3 0.336426 0.639844 0.459722 0.0375 0.05 3 0.324219 0.665234 0.506944 0.039844 0.058333 9 0.287842 0.191406 0.857639 0.075 0.129167 2 0.273682 0.6625 0.554861 0.029687 0.056944 1 0.273682 0.676172 0.915278 0.032031 0.080556 3 0.256836 0.659766 0.624306 0.047656 0.090278 3 0.214722 0.735156 0.954861 0.057813 0.0875 10 0.213379 0.034375 0.854167 0.06875 0.291667 5 0.163452 0.079297 0.958333 0.099219 0.083333 3 0.14856 0.708594 0.509722 0.032813 0.041667 3 0.12085 0.402734 0.483333 0.052344 0.069444 3 0.118408 0.098047 0.856944 0.094531 0.119444 3 0.106323 0.267578 0.8125 0.064844 0.113889 5 0.105591 0.097656 0.855556 0.092188 0.119444 3 0.099792 0.505859 0.438194 0.035156 0.048611 4 0.099487 0.871484 0.918056 0.060156 0.155556 0 0.089111 0.624609 0.568056 0.021094 0.063889 1 0.085388 0.624219 0.567361 0.023438 0.065278 6 0.077209 0.244531 0.931944 0.082812 0.133333 3 0.074524 0.464062 0.45625 0.0375 0.059722 3 0.073181 0.210547 0.685417 0.067969 0.084722 3 0.064392 0.252344 0.711111 0.067187 0.094444 3 0.063721 0.35625 0.552083 0.05625 0.070833 3 0.06189 0.267969 0.584028 0.053125 0.070833 3 0.04303 0.876172 0.588194 0.039844 0.0625 3 0.039062 0.382812 0.4625 0.046875 0.055556 3 0.031021 0.334375 0.520833 0.0625 0.075 10 0.029755 0.991406 0.782639 0.017188 0.204167 5 0.02887 0.244922 0.93125 0.080469 0.131944 3 0.027267 0.396875 0.556944 0.057813 0.080556 3 0.023148 0.726172 0.461806 0.030469 0.054167 3 0.022034 0.297266 0.625694 0.055469 0.076389 3 0.015129 0.686328 0.456944 0.035156 0.069444 5 0.013741 0.328906 0.646528 0.065625 0.115278 0 0.013275 0.994531 0.73125 0.010937 0.090278 3 0.01078 0.329297 0.647222 0.066406 0.111111 3 0.010567 0.462891 0.402083 0.038281 0.045833 0 0.010567 0.883984 0.664583 0.033594 0.070833 3 0.010132 0.420703 0.420139 0.035156 0.043056 0 0.009933 0.13125 0.645833 0.196875 0.269444 3 0.008034 0.426953 0.426389 0.042969 0.05 3 0.008034 0.4375 0.438194 0.034375 0.059722 3 0.007668 0.501172 0.359028 0.036719 0.048611 10 0.007576 0.132422 0.642361 0.197656 0.276389 10 0.007347 0.022266 0.761111 0.044531 0.3 10 0.007095 0.014063 0.858333 0.028125 0.283333 10 0.006668 0.99375 0.767361 0.0125 0.168056 3 0.006241 0.203516 0.795139 0.055469 0.095833 2 0.005688 0.99375 0.745139 0.0125 0.120833 2 0.005344 0.994922 0.71875 0.010156 0.090278 3 0.004005 0.619531 0.408333 0.029687 0.052778 3 0.003651 0.714844 0.504167 0.029687 0.036111 10 0.003027 0.016797 0.713889 0.033594 0.2 3 0.002811 0.692969 0.55 0.025 0.055556 2 0.002453 0.334766 0.402778 0.022656 0.047222 10 0.0021 0.010937 0.893056 0.021875 0.213889 10 0.001642 0.670312 0.399306 0.06875 0.143056 9 0.001405 0.842969 0.843056 0.039062 0.102778 3 0.001325 0.396094 0.382639 0.032813 0.048611 1 0.001245 0.658594 0.557639 0.032813 0.059722 1 0.001161 0.6125 0.44375 0.020313 0.043056 12 0.001095 0.494922 0.950694 0.138281 0.098611 10 0.001081 0.791406 0.527083 0.117188 0.206944 3 0.001008 0.48125 0.419444 0.023438 0.038889
CCTV01^20260318-110000-20260318-120000_000990,11 0.90332 0.782813 0.83125 0.075 0.268056 10 0.902832 0.950781 0.815972 0.095312 0.356944 11 0.845703 0.721875 0.692361 0.078125 0.193056 3 0.749023 0.70625 0.886111 0.053125 0.144444 2 0.699219 0.268359 0.909722 0.049219 0.125 2 0.554688 0.213281 0.915278 0.051562 0.125 1 0.525391 0.657422 0.854167 0.030469 0.097222 3 0.511719 0.660156 0.620139 0.045312 0.084722 4 0.505859 0.84375 0.844444 0.039062 0.105556 10 0.38208 0.023047 0.863194 0.046094 0.265278 1 0.327637 0.067578 0.910417 0.057031 0.0875 3 0.286133 0.736328 0.954167 0.057031 0.086111 1 0.282959 0.658984 0.795139 0.027344 0.079167 3 0.262939 0.634375 0.527778 0.040625 0.066667 3 0.262939 0.127734 0.955556 0.094531 0.086111 1 0.196167 0.678125 0.969444 0.03125 0.055556 3 0.195557 0.43125 0.454861 0.040625 0.043056 3 0.17334 0.267578 0.694444 0.063281 0.088889 2 0.172119 0.667578 0.559028 0.027344 0.051389 3 0.156128 0.666406 0.511111 0.039062 0.055556 5 0.129395 0.479297 0.45625 0.042969 0.068056 5 0.119202 0.332031 0.645139 0.060937 0.115278 4 0.113953 0.689453 0.463194 0.033594 0.068056 3 0.084473 0.370703 0.554167 0.052344 0.055556 3 0.078613 0.711328 0.509028 0.032031 0.040278 4 0.06189 0.871484 0.918056 0.060156 0.158333 3 0.059875 0.412891 0.427083 0.047656 0.048611 3 0.05542 0.283203 0.803472 0.064844 0.109722 1 0.048676 0.326953 0.963194 0.033594 0.070833 3 0.04303 0.480078 0.45625 0.042969 0.068056 5 0.037476 0.224609 0.683333 0.063281 0.086111 3 0.03595 0.138672 0.838889 0.080469 0.127778 3 0.035004 0.401562 0.501389 0.04375 0.052778 0 0.032471 0.064062 0.911111 0.05 0.083333 0 0.031143 0.994531 0.701389 0.010937 0.108333 12 0.029205 0.109766 0.998611 0.135156 0.002778 3 0.026062 0.332031 0.645139 0.060937 0.115278 3 0.024704 0.642188 0.463889 0.0375 0.055556 3 0.021866 0.219922 0.683333 0.052344 0.083333 3 0.020645 0.44375 0.493056 0.039062 0.044444 11 0.020416 0.871094 0.918056 0.060937 0.158333 4 0.017914 0.694922 0.555556 0.030469 0.061111 10 0.017517 0.017969 0.751389 0.035937 0.280556 10 0.016922 0.991406 0.788889 0.017188 0.213889 10 0.015541 0.153516 0.642361 0.189844 0.265278 10 0.011688 0.279297 0.513889 0.149219 0.194444 3 0.009972 0.460938 0.410417 0.0375 0.056944 3 0.009933 0.223438 0.784722 0.06875 0.091667 10 0.009743 0.994141 0.805556 0.011719 0.2 0 0.00956 0.153906 0.642361 0.189062 0.259722 3 0.009521 0.688672 0.463889 0.035156 0.069444 3 0.00927 0.389453 0.464583 0.041406 0.045833 11 0.008713 0.688672 0.461806 0.032031 0.068056 2 0.008347 0.995313 0.690972 0.009375 0.101389 5 0.007549 0.462109 0.411111 0.039844 0.058333 1 0.007065 0.166016 0.729167 0.030469 0.066667 1 0.006851 0.661328 0.66875 0.022656 0.065278 3 0.006615 0.732031 0.465278 0.032813 0.058333 10 0.006241 0.039062 0.861111 0.075 0.277778 3 0.005322 0.5 0.419444 0.03125 0.041667 7 0.004665 0.042969 0.709722 0.04375 0.080556 3 0.00407 0.395703 0.575 0.030469 0.047222 9 0.00396 0.842187 0.843056 0.0375 0.102778 4 0.003622 0.042969 0.709028 0.04375 0.079167 0 0.003483 0.99375 0.736111 0.0125 0.177778 0 0.002493 0.279687 0.515278 0.148438 0.186111 3 0.002415 0.351172 0.504861 0.061719 0.065278 0 0.002287 0.967578 0.617361 0.032031 0.076389 3 0.00215 0.379297 0.570833 0.041406 0.047222 10 0.00201 0.810547 0.554861 0.141406 0.234722 5 0.001824 0.5 0.383333 0.034375 0.061111 3 0.001741 0.694922 0.555556 0.030469 0.061111 3 0.001727 0.836328 0.725 0.080469 0.144444 3 0.001687 0.501172 0.379167 0.033594 0.052778 0 0.001438 0.995703 0.677778 0.008594 0.102778 3 0.001427 0.619141 0.425694 0.028906 0.065278 3 0.001421 0.412891 0.490972 0.033594 0.043056 3 0.001421 0.227734 0.751389 0.047656 0.044444 0 0.001188 0.043359 0.707639 0.042969 0.081944 3 0.001099 0.212109 0.697222 0.038281 0.066667 2 0.001048 0.704688 0.279861 0.01875 0.034722 2 0.00104 0.991406 0.727083 0.017188 0.170833 3 0.001028 0.392969 0.475 0.039062 0.033333 3 0.001024 0.362109 0.554167 0.039844 0.047222
CCTV01^20260318-110000-20260318-120000_000994,11 0.910645 0.783594 0.836111 0.075 0.266667 10 0.900391 0.952734 0.827778 0.085156 0.336111 3 0.740234 0.705859 0.885417 0.053906 0.145833 2 0.649414 0.3 0.693056 0.034375 0.091667 1 0.594727 0.650391 0.859722 0.033594 0.088889 2 0.480469 0.269141 0.75 0.038281 0.077778 2 0.455078 0.245312 0.701389 0.046875 0.091667 3 0.449463 0.484375 0.48125 0.0375 0.045833 11 0.413086 0.730078 0.697917 0.085156 0.190278 3 0.407227 0.269531 0.846528 0.073438 0.120833 1 0.313965 0.657422 0.799306 0.027344 0.073611 3 0.29248 0.38125 0.547222 0.051562 0.058333 1 0.267334 0.677344 0.967361 0.032813 0.059722 3 0.217285 0.641406 0.545139 0.042188 0.070833 3 0.212036 0.734375 0.955556 0.054688 0.086111 0 0.17334 0.212109 0.825 0.046094 0.077778 3 0.162354 0.233203 0.664583 0.069531 0.0875 4 0.154053 0.842187 0.846528 0.0375 0.101389 3 0.142212 0.668359 0.516667 0.041406 0.061111 1 0.137939 0.671094 0.749306 0.025 0.0625 1 0.12085 0.664844 0.788194 0.032813 0.073611 5 0.117188 0.112109 0.845139 0.107031 0.165278 3 0.113159 0.154688 0.921528 0.096875 0.1375 1 0.106689 0.180078 0.697222 0.022656 0.066667 3 0.098755 0.346094 0.628472 0.048438 0.073611 4 0.077515 0.688281 0.4625 0.032813 0.066667 3 0.075562 0.64375 0.470139 0.0375 0.059722 1 0.071594 0.328125 0.738194 0.028125 0.070833 1 0.070068 0.211328 0.825694 0.046094 0.081944 0 0.062317 0.328125 0.736111 0.028125 0.072222 3 0.06076 0.708984 0.510417 0.035156 0.040278 10 0.048309 0.991406 0.793056 0.017188 0.272222 10 0.039062 0.374609 0.427778 0.116406 0.138889 0 0.036621 0.180078 0.697917 0.022656 0.065278 10 0.031982 0.083203 0.765278 0.166406 0.302778 3 0.022461 0.732422 0.464583 0.035156 0.056944 9 0.021942 0.1125 0.844444 0.110937 0.166667 3 0.019196 0.666797 0.633333 0.038281 0.086111 1 0.018265 0.675 0.731944 0.028125 0.077778 1 0.017517 0.66875 0.774306 0.029687 0.081944 10 0.016403 0.279297 0.526389 0.147656 0.194444 0 0.015961 0.012109 0.941667 0.024219 0.111111 11 0.014954 0.871094 0.918056 0.0625 0.158333 4 0.0149 0.871875 0.919444 0.060937 0.155556 10 0.014336 0.994531 0.80625 0.010937 0.259722 3 0.012825 0.496094 0.427778 0.035937 0.061111 1 0.012337 0.678125 0.719444 0.023438 0.077778 3 0.009857 0.620313 0.424306 0.03125 0.068056 2 0.008675 0.009375 0.940278 0.01875 0.119444 1 0.008003 0.330469 0.68125 0.021875 0.059722 0 0.007122 0.081641 0.761806 0.163281 0.273611 3 0.005405 0.722656 0.494444 0.029687 0.025 1 0.005219 0.653906 0.838889 0.032813 0.088889 5 0.005199 0.495703 0.428472 0.036719 0.059722 3 0.004848 0.40625 0.473611 0.035937 0.047222 0 0.00481 0.277344 0.529167 0.154688 0.183333 5 0.004608 0.666797 0.635417 0.038281 0.090278 5 0.00404 0.421875 0.470833 0.067187 0.055556 3 0.003929 0.010937 0.945833 0.021875 0.108333 3 0.003721 0.436719 0.493056 0.05 0.033333 3 0.002913 0.835156 0.726389 0.079687 0.147222 3 0.00259 0.688672 0.464583 0.032031 0.065278 1 0.002462 0.642578 0.88125 0.025781 0.068056 1 0.00214 0.68125 0.785417 0.042188 0.076389 5 0.002132 0.834375 0.722917 0.079687 0.143056 3 0.001585 0.310156 0.602778 0.070312 0.075 1 0.001561 0.6625 0.814583 0.034375 0.081944 10 0.00149 0.026172 0.809722 0.052344 0.380556 10 0.001455 0.825781 0.56875 0.142187 0.234722 5 0.00145 0.458203 0.442361 0.025781 0.045833 5 0.001249 0.621875 0.422917 0.03125 0.065278 3 0.001143 0.426172 0.470833 0.074219 0.061111 10 0.001121 0.012891 0.838194 0.025781 0.323611 0 0.001107 0.971094 0.622917 0.032813 0.0625
CCTV01^20260318-110000-20260318-120000_000998,11 0.907227 0.783984 0.836806 0.072656 0.270833 10 0.902832 0.951953 0.827778 0.086719 0.336111 3 0.733887 0.70625 0.886806 0.053125 0.140278 2 0.663574 0.185938 0.698611 0.04375 0.091667 2 0.609375 0.257422 0.646528 0.044531 0.0875 1 0.537109 0.65 0.861806 0.032813 0.084722 3 0.517578 0.280469 0.814583 0.064062 0.129167 10 0.494141 0.029297 0.744444 0.058594 0.263889 3 0.443604 0.099609 0.818056 0.111719 0.122222 11 0.420654 0.729297 0.697917 0.083594 0.195833 1 0.37207 0.658594 0.800694 0.029687 0.084722 1 0.364746 0.698828 0.781944 0.030469 0.080556 3 0.359375 0.296484 0.693056 0.074219 0.088889 6 0.320801 0.219141 0.933333 0.096094 0.133333 5 0.315674 0.217969 0.933333 0.092188 0.130556 5 0.275146 0.357031 0.561111 0.073438 0.091667 4 0.256836 0.84375 0.845139 0.040625 0.104167 3 0.246582 0.735156 0.956944 0.057813 0.086111 0 0.193726 0.00625 0.835417 0.0125 0.101389 3 0.178955 0.640625 0.544444 0.040625 0.069444 0 0.172119 0.081641 0.730556 0.035156 0.083333 1 0.162964 0.677344 0.967361 0.032813 0.0625 1 0.157715 0.664844 0.790972 0.032813 0.084722 5 0.141235 0.494922 0.427778 0.036719 0.061111 3 0.130737 0.48125 0.467361 0.035937 0.040278 3 0.120422 0.668359 0.518056 0.041406 0.058333 0 0.073975 0.4375 0.830556 0.039062 0.088889 3 0.072083 0.193359 0.824306 0.078906 0.126389 6 0.071838 0.189062 0.616667 0.1625 0.222222 5 0.06189 0.602734 0.463889 0.033594 0.083333 3 0.061432 0.644531 0.470139 0.035937 0.059722 3 0.05481 0.602734 0.463889 0.033594 0.083333 3 0.051453 0.078125 0.980556 0.115625 0.038889 1 0.049591 0.675 0.752778 0.029687 0.077778 1 0.041138 0.671484 0.773611 0.027344 0.088889 3 0.036072 0.476172 0.473611 0.042969 0.044444 10 0.027374 0.991406 0.79375 0.017188 0.256944 1 0.024429 0.36875 0.942361 0.032813 0.0875 4 0.023697 0.872656 0.918056 0.0625 0.158333 10 0.023239 0.374609 0.447222 0.121094 0.147222 11 0.021118 0.872266 0.918056 0.064844 0.158333 1 0.021042 0.689844 0.770139 0.042188 0.101389 3 0.020493 0.492578 0.431944 0.035156 0.063889 10 0.019562 0.019141 0.777778 0.038281 0.35 3 0.016342 0.610938 0.413194 0.028125 0.045833 3 0.01519 0.670703 0.639583 0.035156 0.090278 3 0.015076 0.469141 0.488889 0.033594 0.030556 10 0.013428 0.994531 0.8125 0.010937 0.230556 3 0.013275 0.382031 0.511806 0.045312 0.043056 3 0.012291 0.092969 0.981944 0.075 0.036111 3 0.012238 0.777734 0.499306 0.035156 0.0625 2 0.011162 0.992969 0.704861 0.014063 0.093056 3 0.010208 0.711328 0.515972 0.032031 0.0375 3 0.009232 0.43125 0.472917 0.051562 0.054167 1 0.009125 0.653516 0.836806 0.030469 0.098611 1 0.007965 0.008594 0.834722 0.017188 0.102778 1 0.007755 0.297656 0.561111 0.020313 0.061111 10 0.007519 0.992188 0.75 0.015625 0.188889 4 0.007175 0.691406 0.472222 0.032813 0.072222 4 0.006168 0.696484 0.557639 0.027344 0.056944 12 0.00605 0.690625 0.472222 0.034375 0.072222 3 0.005062 0.740625 0.474306 0.040625 0.056944 5 0.004135 0.110156 0.998611 0.126562 0.002778 3 0.003708 0.7 0.509722 0.021875 0.025 10 0.003708 0.010547 0.798611 0.021094 0.402778 4 0.003525 0.776953 0.500694 0.035156 0.065278 10 0.003403 0.458594 0.369444 0.092188 0.105556 3 0.002935 0.458594 0.446528 0.032813 0.043056 1 0.002453 0.663672 0.8125 0.035156 0.091667 10 0.002378 0.670312 0.396528 0.06875 0.126389 3 0.00205 0.691016 0.472222 0.033594 0.072222 1 0.001861 0.660937 0.779167 0.025 0.058333 11 0.00181 0.842969 0.84375 0.035937 0.101389 1 0.001661 0.644922 0.878472 0.028906 0.070833 3 0.001179 0.73125 0.502778 0.032813 0.038889 2 0.001169 0.990625 0.722222 0.01875 0.133333 10 0.001073 0.206641 0.586806 0.125781 0.159722 3 0.001069 0.500781 0.479861 0.029687 0.051389 3 0.001057 0.469531 0.4125 0.028125 0.036111 10 0.001048 0.059375 0.563889 0.11875 0.177778
CCTV01^20260318-110000-20260318-120000_001002,11 0.908203 0.783594 0.836806 0.075 0.270833 10 0.907227 0.951172 0.827778 0.085156 0.336111 3 0.728027 0.70625 0.8875 0.054688 0.144444 10 0.683594 0.090234 0.805556 0.180469 0.380556 2 0.527344 0.169922 0.795833 0.049219 0.108333 1 0.527344 0.651172 0.859028 0.032031 0.093056 11 0.401611 0.726562 0.697222 0.08125 0.191667 1 0.38501 0.143359 0.902778 0.042969 0.088889 1 0.313965 0.657422 0.803472 0.027344 0.076389 1 0.287842 0.7 0.779861 0.029687 0.081944 1 0.282959 0.206641 0.7125 0.027344 0.077778 5 0.276611 0.285938 0.748611 0.065625 0.136111 1 0.267334 0.677344 0.969444 0.032813 0.061111 3 0.243652 0.245312 0.892361 0.079687 0.140278 10 0.226807 0.028516 0.756944 0.057031 0.297222 3 0.216064 0.369922 0.561806 0.057031 0.068056 3 0.20813 0.733594 0.95625 0.054688 0.084722 3 0.118408 0.991016 0.69375 0.017969 0.1125 3 0.097412 0.7125 0.515972 0.034375 0.040278 1 0.095703 0.667578 0.753472 0.030469 0.070833 1 0.083313 0.176172 0.968056 0.047656 0.058333 3 0.079224 0.328125 0.648611 0.05625 0.086111 3 0.077515 0.644922 0.555556 0.039844 0.072222 6 0.073975 0.267188 0.651389 0.092188 0.147222 3 0.063232 0.671094 0.520833 0.0375 0.058333 1 0.062561 0.663672 0.793056 0.035156 0.080556 10 0.061432 0.299219 0.507639 0.123438 0.154167 1 0.046387 0.319141 0.563889 0.024219 0.058333 3 0.044525 0.360547 0.522222 0.052344 0.05 3 0.041473 0.669922 0.636806 0.033594 0.081944 5 0.036224 0.611719 0.490278 0.042188 0.091667 1 0.035156 0.667578 0.778472 0.028906 0.084722 2 0.034485 0.358594 0.40625 0.025 0.051389 1 0.033325 0.669922 0.70625 0.022656 0.059722 3 0.016586 0.645703 0.474306 0.035156 0.0625 2 0.016464 0.489453 0.465278 0.025781 0.047222 0 0.015366 0.223047 0.529861 0.027344 0.059722 2 0.014618 0.265625 0.650694 0.090625 0.143056 3 0.012726 0.425781 0.488194 0.05625 0.068056 11 0.011162 0.776563 0.515972 0.0375 0.079167 4 0.010529 0.698438 0.5625 0.0375 0.063889 10 0.01049 0.994531 0.826389 0.010937 0.236111 10 0.010056 0.991406 0.800694 0.017188 0.248611 10 0.00956 0.443359 0.393056 0.103906 0.127778 9 0.009377 0.989844 0.696528 0.020313 0.131944 10 0.008987 0.989844 0.704167 0.020313 0.113889 3 0.00885 0.740234 0.477083 0.039844 0.056944 4 0.008675 0.691406 0.470833 0.032813 0.069444 4 0.008095 0.867578 0.932639 0.067969 0.134722 1 0.007668 0.207422 0.711111 0.047656 0.083333 11 0.007519 0.867969 0.933333 0.067187 0.130556 1 0.005775 0.680469 0.75 0.026562 0.066667 10 0.00518 0.06875 0.568056 0.1375 0.2 3 0.005161 0.626953 0.420139 0.025781 0.048611 5 0.005001 0.846094 0.738889 0.079687 0.147222 1 0.004791 0.653906 0.829861 0.032813 0.098611 1 0.004681 0.69375 0.771528 0.028125 0.084722 10 0.004505 0.675 0.40625 0.067187 0.134722 6 0.003511 0.297656 0.508333 0.121875 0.152778 1 0.003403 0.867578 0.931944 0.067969 0.136111 3 0.003124 0.844922 0.738889 0.078906 0.144444 3 0.002672 0.7 0.563194 0.034375 0.0625 3 0.002632 0.4 0.475694 0.034375 0.051389 5 0.00259 0.426172 0.489583 0.057031 0.070833 9 0.002398 0.298047 0.508333 0.122656 0.155556 1 0.002306 0.386719 0.965278 0.032813 0.069444 3 0.002226 0.613672 0.388889 0.027344 0.044444 10 0.00214 0.9875 0.722222 0.025 0.238889 4 0.001972 0.846094 0.877778 0.035937 0.102778 3 0.001957 0.99375 0.73125 0.0125 0.140278 10 0.001839 0.71875 0.304167 0.0375 0.080556 2 0.001681 0.499219 0.450694 0.023438 0.045833 3 0.001597 0.008594 0.253472 0.017188 0.040278 2 0.00141 0.501172 0.441667 0.024219 0.05 3 0.001356 0.867578 0.933333 0.067969 0.130556 3 0.00126 0.477734 0.490972 0.035156 0.029167 1 0.001143 0.157812 0.950694 0.03125 0.065278 1 0.001116 0.6625 0.814583 0.034375 0.084722 2 0.001081 0.473047 0.452778 0.027344 0.05 3 0.001081 0.707422 0.521528 0.030469 0.031944 3 0.001065 0.780078 0.503472 0.027344 0.065278 4 0.001037 0.777344 0.514583 0.0375 0.081944
CCTV01^20260318-110000-20260318-120000_001122,10 0.879883 0.661328 0.500694 0.094531 0.193056 10 0.870117 0.327344 0.518056 0.148438 0.186111 10 0.830566 0.197656 0.716667 0.16875 0.313889 5 0.825684 0.252344 0.8125 0.071875 0.15 5 0.809082 0.339844 0.825 0.070312 0.161111 3 0.808105 0.696094 0.8375 0.054688 0.147222 3 0.796875 0.304688 0.693056 0.059375 0.111111 5 0.756348 0.698828 0.703472 0.052344 0.1125 3 0.732422 0.923828 0.738194 0.089844 0.131944 2 0.732422 0.039844 0.851389 0.057813 0.113889 3 0.723145 0.853516 0.795139 0.077344 0.120833 3 0.716797 0.28125 0.946528 0.067187 0.101389 3 0.620605 0.675 0.633333 0.045312 0.097222 3 0.620605 0.755078 0.703472 0.055469 0.101389 3 0.613281 0.789844 0.802083 0.0625 0.115278 3 0.577637 0.369922 0.589583 0.063281 0.073611 2 0.525391 0.423828 0.490972 0.030469 0.0625 11 0.515625 0.74375 0.922917 0.120313 0.151389 12 0.486328 0.883594 0.922222 0.067187 0.15 3 0.476562 0.852734 0.655556 0.064844 0.097222 3 0.46875 0.196094 0.959722 0.064062 0.080556 3 0.464844 0.810937 0.680556 0.08125 0.133333 2 0.38501 0.474609 0.428472 0.025781 0.054167 0 0.355713 0.066016 0.736111 0.036719 0.083333 10 0.323486 0.025391 0.624306 0.050781 0.198611 1 0.313965 0.094141 0.863889 0.038281 0.077778 10 0.259766 0.198828 0.511111 0.114844 0.172222 0 0.248047 0.045312 0.954167 0.039062 0.077778 5 0.218628 0.810937 0.68125 0.08125 0.134722 3 0.180664 0.369531 0.394444 0.026562 0.05 1 0.180054 0.593359 0.46875 0.014844 0.054167 1 0.177246 0.044922 0.954861 0.039844 0.079167 2 0.166138 0.938672 0.623611 0.047656 0.077778 0 0.140381 0.746875 0.793056 0.034375 0.086111 0 0.110107 0.054297 0.674306 0.030469 0.065278 7 0.097046 0.742969 0.922222 0.11875 0.15 2 0.090088 0.91875 0.852778 0.045312 0.1 3 0.088806 0.819531 0.571528 0.04375 0.084722 9 0.086914 0.742578 0.920139 0.117969 0.154167 1 0.075867 0.986328 0.786806 0.027344 0.090278 10 0.075317 0.748828 0.5375 0.102344 0.222222 2 0.066833 0.899219 0.648611 0.039062 0.063889 1 0.06488 0.81875 0.956944 0.042188 0.080556 4 0.05603 0.977344 0.889583 0.045312 0.148611 0 0.053406 0.291797 0.447917 0.017969 0.043056 0 0.052826 0.330469 0.4125 0.020313 0.052778 1 0.050323 0.102344 0.751389 0.035937 0.088889 3 0.05014 0.518359 0.820833 0.057031 0.058333 1 0.044678 0.097266 0.775 0.030469 0.072222 0 0.044006 0.102734 0.748611 0.035156 0.086111 0 0.036499 0.029297 0.708333 0.027344 0.066667 0 0.034485 0.982422 0.890972 0.035156 0.134722 0 0.03186 0.974219 0.692361 0.035937 0.081944 2 0.023956 0.946094 0.697222 0.042188 0.083333 3 0.019867 0.883984 0.924306 0.072656 0.145833 0 0.019196 0.977344 0.871528 0.045312 0.118056 0 0.017242 0.469141 0.424306 0.033594 0.054167 1 0.016922 0.130859 0.675 0.030469 0.069444 0 0.015251 0.995703 0.703472 0.008594 0.070833 1 0.01445 0.810547 0.947222 0.044531 0.088889 0 0.013275 0.077734 0.672917 0.021094 0.054167 10 0.010986 0.011719 0.690972 0.023438 0.243056 10 0.010368 0.653516 0.388194 0.096094 0.140278 0 0.008644 0.076563 0.704167 0.026562 0.063889 10 0.008064 0.623437 0.411111 0.048438 0.147222 0 0.007404 0.137891 0.678472 0.042969 0.081944 2 0.007206 0.910937 0.56875 0.03125 0.056944 0 0.007175 0.986328 0.783333 0.027344 0.083333 9 0.006538 0.984766 0.902083 0.030469 0.148611 0 0.00639 0.990234 0.659722 0.019531 0.075 3 0.00605 0.991016 0.911111 0.017969 0.136111 10 0.005688 0.009766 0.740972 0.019531 0.234722 4 0.005447 0.985547 0.9 0.028906 0.136111 1 0.005119 0.628906 0.780556 0.032813 0.077778 2 0.004665 0.284766 0.402778 0.022656 0.044444 1 0.004646 0.808594 0.91875 0.042188 0.106944 0 0.004505 0.988672 0.8125 0.022656 0.122222 0 0.004505 0.09375 0.861111 0.04375 0.080556 0 0.004398 0.878516 0.518056 0.027344 0.061111 0 0.004265 0.004297 0.734028 0.008594 0.115278 12 0.004215 0.933203 0.999306 0.133594 0.001389 2 0.004101 0.996094 0.597917 0.007812 0.068056 0 0.003651 0.019922 0.708333 0.030469 0.080556 1 0.00358 0.747266 0.804861 0.035156 0.070833 0 0.003565 0.083984 0.663194 0.027344 0.056944 0 0.003403 0.990625 0.872222 0.01875 0.122222 10 0.003389 0.514844 0.350694 0.060937 0.098611 10 0.003273 0.776953 0.408333 0.060156 0.116667 0 0.002867 0.994531 0.686806 0.010937 0.079167 0 0.002621 0.836328 0.879861 0.033594 0.079167 1 0.002571 0.460156 0.419444 0.017188 0.05 0 0.002531 0.844922 0.871528 0.030469 0.079167 0 0.002443 0.059375 0.711806 0.064062 0.1375 0 0.002398 0.982422 0.66875 0.030469 0.068056 0 0.002306 0.996094 0.606944 0.007812 0.075 10 0.002234 0.989844 0.765972 0.020313 0.2375 0 0.00202 0.559375 0.434028 0.01875 0.054167 0 0.001926 0.414062 0.827778 0.0375 0.083333 3 0.001796 0.366797 0.397222 0.035156 0.063889 0 0.001782 0.079297 0.724306 0.057031 0.159722 2 0.001741 0.517578 0.406944 0.017969 0.036111 2 0.001636 0.995703 0.755556 0.008594 0.105556 10 0.001554 0.023828 0.635417 0.047656 0.120833 0 0.001501 0.00625 0.694444 0.0125 0.080556 0 0.001444 0.075781 0.663194 0.021875 0.054167 0 0.001421 0.821875 0.890972 0.039062 0.070833 2 0.001389 0.528125 0.442361 0.025 0.051389 10 0.001265 0.991406 0.718056 0.017188 0.197222 3 0.001255 0.959375 0.927778 0.071875 0.125 10 0.001169 0.989844 0.658333 0.020313 0.211111 1 0.001138 0.414062 0.828472 0.0375 0.084722 0 0.001099 0.98125 0.698611 0.021875 0.077778 1 0.001081 0.98125 0.799306 0.025 0.070833 3 0.001065 0.008984 0.25 0.017969 0.052778 10 0.001032 0.651953 0.265278 0.032031 0.075
CCTV02^20260511-140000-20260511-142440_002414,2 0.73877 0.180859 0.793056 0.058594 0.105556 2 0.729492 0.291406 0.672222 0.039062 0.091667 1 0.668945 0.547266 0.336806 0.014844 0.051389 11 0.458984 0.621094 0.6375 0.057813 0.133333 9 0.457031 0.621484 0.639583 0.060156 0.140278 2 0.439697 0.976953 0.68125 0.044531 0.093056 2 0.291016 0.292969 0.406944 0.034375 0.058333 10 0.233032 0.325781 0.261806 0.03125 0.081944 2 0.090759 0.354297 0.214583 0.014844 0.031944 2 0.086609 0.871484 0.547917 0.035156 0.070833 2 0.059204 0.376953 0.213889 0.016406 0.033333 1 0.05014 0.544141 0.336806 0.022656 0.056944 2 0.045685 0.772656 0.459028 0.032813 0.059722 2 0.042725 0.467187 0.238194 0.01875 0.043056 10 0.041138 0.030469 0.654861 0.060937 0.151389 1 0.038605 0.831641 0.550694 0.027344 0.070833 2 0.03067 0.994531 0.731944 0.010937 0.080556 1 0.015305 0.99375 0.963194 0.0125 0.070833 1 0.009674 0.717187 0.501389 0.025 0.061111 2 0.008675 0.764062 0.449306 0.0375 0.070833 3 0.008316 0.991406 0.904861 0.017188 0.1875 3 0.007431 0.9875 0.888889 0.025 0.211111 2 0.007095 0.494531 0.224306 0.014063 0.0375 2 0.003298 0.992188 0.642361 0.015625 0.118056 11 0.002611 0.030469 0.65625 0.060937 0.151389 2 0.002398 0.995313 0.533333 0.009375 0.061111 1 0.002253 0.989844 0.929861 0.020313 0.140278 10 0.002199 0.989453 0.650694 0.021094 0.1375 2 0.001824 0.917578 0.575 0.042969 0.075 2 0.00149 0.366797 0.215278 0.014844 0.033333 2 0.001467 0.990625 0.732639 0.01875 0.084722 2 0.00145 0.463672 0.217361 0.022656 0.0375 12 0.0013 0.561328 0.999306 0.132031 0.001389 2 0.001225 0.885156 0.736806 0.045312 0.106944 4 0.001188 0.972266 0.527083 0.047656 0.073611 10 0.001103 0.994531 0.135417 0.010937 0.1875 1 0.001024 0.886328 0.738194 0.042969 0.104167 2 0.001017 0.355078 0.225 0.019531 0.041667
CCTV02^20260511-140000-20260511-142440_002417,10 0.768555 0.211328 0.861806 0.144531 0.273611 9 0.754883 0.465625 0.431944 0.051562 0.138889 2 0.723145 0.614844 0.342361 0.023438 0.054167 10 0.694336 0.3875 0.386806 0.046875 0.123611 2 0.53125 0.366406 0.30625 0.020313 0.051389 0 0.332764 0.808984 0.505556 0.027344 0.077778 2 0.324219 0.776953 0.4625 0.025781 0.066667 2 0.30249 0.809375 0.504861 0.026562 0.073611 2 0.213379 0.977344 0.682639 0.045312 0.095833 10 0.187134 0.325 0.2625 0.03125 0.080556 2 0.126831 0.292969 0.407639 0.035937 0.0625 2 0.050507 0.848828 0.663889 0.052344 0.083333 2 0.042389 0.367578 0.217361 0.014844 0.0375 3 0.037598 0.986328 0.8875 0.027344 0.213889 10 0.024994 0.030078 0.655556 0.060156 0.144444 2 0.022293 0.994531 0.728472 0.010937 0.084722 2 0.018982 0.24375 0.583333 0.032813 0.080556 2 0.016724 0.008984 0.863889 0.017969 0.113889 2 0.009338 0.885156 0.561111 0.0375 0.066667 2 0.00629 0.994141 0.541667 0.011719 0.088889 2 0.005981 0.00625 0.85 0.0125 0.119444 2 0.004364 0.610938 0.341667 0.0375 0.063889 1 0.003538 0.717187 0.496528 0.025 0.056944 2 0.002823 0.622266 0.342361 0.035156 0.054167 2 0.002705 0.372266 0.307639 0.030469 0.056944 2 0.002653 0.75625 0.449306 0.01875 0.059722 11 0.002571 0.030078 0.659722 0.058594 0.133333 3 0.002541 0.992188 0.888194 0.015625 0.184722 12 0.00226 0.559375 0.999306 0.132812 0.001389 10 0.002108 0.987109 0.886806 0.025781 0.220833 2 0.001782 0.994531 0.710417 0.010937 0.090278 2 0.001755 0.347266 0.1875 0.011719 0.030556 2 0.001421 0.990625 0.730556 0.01875 0.083333 0 0.001285 0.994531 0.54375 0.010937 0.081944 2 0.001245 0.272656 0.748611 0.026562 0.086111 2 0.001037 0.335156 0.214583 0.014063 0.031944
CCTV02^20260511-140000-20260511-142440_002421,10 0.819824 0.411719 0.346528 0.039062 0.104167 2 0.708984 0.563281 0.322917 0.023438 0.051389 2 0.708984 0.721094 0.452083 0.032813 0.070833 2 0.581543 0.349219 0.467361 0.029687 0.073611 1 0.521484 0.749219 0.495139 0.03125 0.065278 10 0.505859 0.325391 0.261806 0.033594 0.0875 2 0.458984 0.374609 0.261806 0.016406 0.045833 3 0.432129 0.362891 0.563889 0.047656 0.094444 2 0.428223 0.337109 0.361111 0.021094 0.058333 9 0.397949 0.394531 0.2 0.029687 0.066667 4 0.373779 0.437109 0.309722 0.024219 0.05 2 0.363037 0.937109 0.663889 0.039844 0.088889 3 0.299072 0.710156 0.827778 0.075 0.177778 5 0.271973 0.363281 0.565972 0.048438 0.095833 2 0.190674 0.977344 0.679861 0.04375 0.095833 2 0.161865 0.501953 0.249306 0.019531 0.043056 10 0.140869 0.39375 0.200694 0.03125 0.065278 3 0.111633 0.437109 0.309722 0.024219 0.05 2 0.07782 0.498828 0.242361 0.022656 0.045833 10 0.048676 0.030469 0.659722 0.060937 0.141667 2 0.047791 0.471875 0.216667 0.015625 0.033333 2 0.039948 0.733203 0.475694 0.021094 0.073611 1 0.03775 0.890625 0.547917 0.028125 0.073611 3 0.034485 0.991016 0.903472 0.017969 0.181944 10 0.032471 0.257031 0.547917 0.103125 0.201389 3 0.020416 0.444922 0.226389 0.017969 0.030556 2 0.016525 0.99375 0.729167 0.0125 0.083333 3 0.011826 0.986328 0.915972 0.027344 0.1625 2 0.011246 0.658203 0.927778 0.075781 0.125 1 0.010567 0.739062 0.483333 0.025 0.072222 10 0.009338 0.988672 0.643056 0.022656 0.144444 11 0.006718 0.030469 0.663194 0.059375 0.131944 11 0.003975 0.989844 0.625 0.020313 0.108333 2 0.003824 0.773828 0.463889 0.027344 0.055556 3 0.003651 0.417578 0.311111 0.024219 0.05 2 0.003286 0.571484 0.302083 0.016406 0.0375 2 0.003016 0.557813 0.317361 0.034375 0.054167 2 0.002981 0.341797 0.3625 0.030469 0.066667 1 0.00259 0.989844 0.73125 0.020313 0.084722 4 0.002472 0.991406 0.626389 0.017188 0.108333 2 0.002314 0.446094 0.227778 0.01875 0.036111 1 0.002199 0.659375 0.929167 0.076563 0.125 2 0.002182 0.292187 0.40625 0.034375 0.059722 2 0.002115 0.873047 0.461806 0.041406 0.073611 1 0.002068 0.771484 0.471528 0.028906 0.065278 2 0.002035 0.995703 0.536111 0.008594 0.066667 0 0.00198 0.374219 0.268056 0.020313 0.063889 0 0.001839 0.349219 0.473611 0.032813 0.080556 5 0.001741 0.698047 0.999306 0.136719 0.001389 12 0.001554 0.560937 0.999306 0.140625 0.001389 2 0.001536 0.390234 0.224306 0.022656 0.056944 2 0.001536 0.569922 0.330556 0.035156 0.066667 2 0.00149 0.989844 0.734028 0.020313 0.104167 10 0.001421 0.9875 0.889583 0.025 0.215278 2 0.001184 0.551953 0.302778 0.033594 0.05 2 0.001169 0.469922 0.226389 0.016406 0.041667 12 0.001161 0.660156 0.931944 0.075 0.125 7 0.001138 0.659375 0.931944 0.075 0.122222 2 0.001103 0.005859 0.875694 0.011719 0.143056 2 0.001065 0.994922 0.550694 0.010156 0.084722
CCTV02^20260511-140000-20260511-142440_002425,9 0.894043 0.494141 0.291667 0.041406 0.1 2 0.747559 0.644531 0.373611 0.026562 0.055556 2 0.72168 0.596484 0.36875 0.022656 0.054167 2 0.710449 0.721875 0.449306 0.028125 0.0625 2 0.689453 0.327344 0.584722 0.039062 0.086111 2 0.662109 0.69375 0.434722 0.028125 0.058333 3 0.631836 0.372656 0.529167 0.035937 0.069444 2 0.618652 0.384766 0.270833 0.016406 0.044444 2 0.548828 0.351953 0.248611 0.013281 0.044444 1 0.484375 0.441797 0.486806 0.024219 0.073611 2 0.359375 0.559375 0.284028 0.025 0.048611 2 0.303955 0.360938 0.219444 0.0125 0.036111 2 0.256836 0.977344 0.683333 0.045312 0.097222 10 0.171021 0.323828 0.266667 0.032031 0.091667 2 0.083008 0.167187 0.667361 0.05625 0.084722 2 0.074524 0.376563 0.240278 0.0125 0.030556 10 0.065613 0.256641 0.548611 0.103906 0.202778 10 0.027069 0.029297 0.657639 0.057031 0.134722 2 0.024429 0.377344 0.225694 0.0125 0.034722 1 0.01107 0.969141 0.920139 0.058594 0.154167 2 0.01078 0.574219 0.352083 0.017188 0.059722 2 0.009972 0.994531 0.729167 0.010937 0.080556 0 0.009193 0.972656 0.915278 0.054688 0.147222 2 0.008156 0.374219 0.200694 0.014063 0.034722 10 0.007843 0.989844 0.647917 0.020313 0.1625 2 0.006851 0.291797 0.407639 0.035156 0.0625 1 0.006744 0.994531 0.734722 0.010937 0.086111 0 0.00605 0.291797 0.407639 0.036719 0.065278 11 0.00605 0.990625 0.636111 0.01875 0.144444 2 0.00526 0.361719 0.227778 0.014063 0.036111 2 0.00526 0.971094 0.523611 0.0375 0.063889 2 0.00518 0.553906 0.289583 0.032813 0.059722 2 0.003914 0.73125 0.447917 0.045312 0.073611 2 0.003147 0.571094 0.336806 0.0125 0.056944 0 0.003088 0.383984 0.273611 0.021094 0.055556 12 0.002415 0.561328 0.998611 0.139844 0.002778 2 0.002192 0.6 0.369444 0.034375 0.061111 12 0.002083 0.992578 0.625694 0.014844 0.118056 2 0.001926 0.995703 0.586111 0.008594 0.1 3 0.001818 0.996094 0.5625 0.007812 0.077778 2 0.00181 0.579297 0.36875 0.025781 0.059722 1 0.001796 0.438672 0.490972 0.035156 0.0875 2 0.001734 0.978125 0.909722 0.04375 0.163889 2 0.001549 0.915625 0.572222 0.048438 0.088889 2 0.001536 0.382422 0.252778 0.016406 0.044444 12 0.001513 0.994141 0.607639 0.011719 0.1125 2 0.001389 0.988672 0.476389 0.022656 0.061111 2 0.001346 0.638672 0.365278 0.041406 0.063889 2 0.001206 0.351562 0.252083 0.01875 0.059722 2 0.001121 0.63125 0.354861 0.032813 0.059722 2 0.001069 0.991406 0.66875 0.017188 0.173611
CCTV02^20260511-140000-20260511-142440_002429,2 0.789062 0.254688 0.815278 0.048438 0.113889 1 0.78418 0.59375 0.408333 0.01875 0.058333 10 0.747559 0.303125 0.470139 0.085938 0.159722 1 0.728027 0.533203 0.411111 0.016406 0.061111 2 0.695801 0.691016 0.41875 0.027344 0.056944 2 0.668945 0.650391 0.427778 0.028906 0.061111 2 0.666992 0.620313 0.404861 0.025 0.054167 2 0.658203 0.544531 0.3625 0.020313 0.05 2 0.62793 0.581641 0.358333 0.021094 0.047222 2 0.57373 0.716406 0.470833 0.029687 0.063889 2 0.458984 0.371094 0.264583 0.01875 0.043056 2 0.373779 0.50625 0.258333 0.01875 0.041667 2 0.345215 0.976953 0.684722 0.046094 0.097222 2 0.327637 0.770703 0.471528 0.041406 0.0625 2 0.229492 0.558203 0.284028 0.024219 0.045833 2 0.203125 0.566406 0.390972 0.014063 0.045833 1 0.185303 0.566016 0.393056 0.014844 0.047222 10 0.147583 0.451562 0.4 0.0375 0.080556 2 0.132935 0.813672 0.481944 0.032031 0.063889 1 0.10968 0.857422 0.560417 0.019531 0.048611 5 0.076416 0.451562 0.398611 0.0375 0.080556 2 0.068787 0.603125 0.352778 0.015625 0.044444 10 0.055603 0.029687 0.659028 0.059375 0.1375 3 0.046722 0.451562 0.399306 0.0375 0.081944 2 0.039185 0.534766 0.399306 0.014844 0.048611 10 0.0336 0.325781 0.256944 0.029687 0.066667 1 0.033478 0.597656 0.414583 0.025 0.068056 2 0.03125 0.46875 0.21875 0.01875 0.034722 1 0.030334 0.531641 0.424306 0.021094 0.070833 0 0.029984 0.371875 0.269444 0.025 0.058333 3 0.028442 0.317578 0.325 0.033594 0.044444 2 0.022034 0.585547 0.377778 0.019531 0.044444 12 0.02034 0.991797 0.624306 0.016406 0.109722 11 0.018906 0.989844 0.633333 0.020313 0.147222 2 0.018616 0.6 0.359028 0.015625 0.040278 2 0.016846 0.578906 0.365972 0.015625 0.051389 3 0.016663 0.992188 0.897917 0.015625 0.201389 1 0.015076 0.538281 0.3875 0.01875 0.061111 2 0.014732 0.89375 0.546528 0.028125 0.070833 2 0.013329 0.343359 0.2 0.013281 0.030556 0 0.012871 0.340234 0.303472 0.022656 0.048611 2 0.009598 0.645312 0.436806 0.025 0.0625 2 0.0093 0.569141 0.372222 0.011719 0.044444 2 0.008713 0.535937 0.367361 0.029687 0.056944 2 0.008713 0.994531 0.739583 0.010937 0.095833 1 0.008545 0.59375 0.428472 0.021875 0.065278 3 0.008347 0.986719 0.895139 0.026562 0.209722 1 0.007904 0.994531 0.736111 0.010937 0.088889 2 0.006798 0.916406 0.573611 0.042188 0.075 1 0.006615 0.567187 0.405556 0.01875 0.061111 3 0.006313 0.971094 0.525694 0.048438 0.073611 3 0.005753 0.994141 0.927083 0.011719 0.145833 2 0.005241 0.471094 0.227083 0.017188 0.0375 2 0.003765 0.4875 0.232639 0.014063 0.031944 0 0.003736 0.864453 0.489583 0.036719 0.065278 2 0.003565 0.338672 0.2125 0.013281 0.030556 1 0.003052 0.528125 0.406944 0.03125 0.075 2 0.002693 0.486719 0.224306 0.0125 0.026389 1 0.002531 0.337891 0.3 0.022656 0.047222 2 0.002378 0.344531 0.186111 0.017188 0.038889 12 0.002003 0.561328 0.998611 0.138281 0.002778 3 0.001965 0.206641 0.976389 0.050781 0.044444 2 0.001957 0.608594 0.355556 0.025 0.05 2 0.001768 0.205859 0.976389 0.050781 0.047222 2 0.001707 0.198047 0.988889 0.088281 0.022222 2 0.001561 0.765625 0.481944 0.032813 0.083333 2 0.001531 0.989844 0.729861 0.020313 0.081944 2 0.001421 0.544922 0.284722 0.028906 0.052778 10 0.001221 0.989062 0.893056 0.021875 0.211111 11 0.001211 0.029687 0.661806 0.057813 0.126389 2 0.001057 0.539844 0.297222 0.020313 0.041667 2 0.00104 0.612891 0.365972 0.027344 0.045833 1 0.001037 0.994141 0.465972 0.011719 0.048611
CCTV02^20260511-140000-20260511-142440_002433,2 0.750488 0.602734 0.359028 0.022656 0.048611 2 0.750488 0.673828 0.452083 0.032031 0.065278 2 0.686035 0.692187 0.41875 0.025 0.054167 3 0.654785 0.570703 0.563194 0.041406 0.084722 2 0.583008 0.539062 0.322222 0.021875 0.047222 2 0.560059 0.360547 0.33125 0.019531 0.051389 2 0.5 0.628906 0.355556 0.01875 0.047222 2 0.494141 0.923438 0.654861 0.05 0.093056 3 0.324219 0.4375 0.615278 0.040625 0.083333 2 0.303955 0.559766 0.283333 0.022656 0.038889 2 0.282959 0.297656 0.421528 0.023438 0.051389 2 0.26123 0.796094 0.500694 0.042188 0.065278 5 0.245117 0.421875 0.288194 0.021875 0.051389 5 0.23938 0.437891 0.615972 0.041406 0.084722 2 0.195557 0.378906 0.278472 0.017188 0.043056 2 0.17334 0.977344 0.686111 0.045312 0.1 2 0.135742 0.540234 0.306944 0.021094 0.036111 7 0.068054 0.729297 0.800694 0.078906 0.145833 10 0.031982 0.326172 0.260417 0.028906 0.079167 10 0.026352 0.029297 0.659722 0.057031 0.133333 3 0.025177 0.422656 0.288889 0.023438 0.055556 2 0.015671 0.561719 0.290278 0.025 0.055556 3 0.015305 0.986328 0.900694 0.027344 0.195833 4 0.012192 0.991406 0.628472 0.017188 0.106944 2 0.011642 0.994531 0.736806 0.010937 0.090278 2 0.010406 0.566406 0.291667 0.021875 0.038889 2 0.009415 0.633203 0.35625 0.027344 0.059722 2 0.008003 0.6875 0.434722 0.025 0.055556 11 0.006668 0.989844 0.632639 0.020313 0.115278 1 0.005753 0.717578 0.497222 0.024219 0.058333 3 0.005062 0.992578 0.905556 0.014844 0.177778 1 0.004963 0.994531 0.547222 0.010937 0.055556 3 0.004868 0.732422 0.795139 0.082031 0.148611 3 0.004646 0.319531 0.314583 0.020313 0.043056 2 0.004116 0.366016 0.31875 0.022656 0.045833 2 0.003538 0.802344 0.556944 0.026562 0.063889 0 0.003511 0.360938 0.336806 0.025 0.068056 2 0.003351 0.38125 0.286111 0.021875 0.061111 2 0.003172 0.864062 0.524306 0.025 0.065278 2 0.00289 0.85 0.638889 0.045312 0.097222 2 0.002684 0.55 0.295139 0.028125 0.048611 10 0.002611 0.371875 0.208333 0.025 0.061111 2 0.002611 0.488281 0.222917 0.017188 0.034722 2 0.002199 0.41875 0.286111 0.03125 0.055556 2 0.00205 0.8 0.545139 0.028125 0.0625 2 0.002003 0.705078 0.413194 0.027344 0.059722 6 0.001965 0.733594 0.934028 0.1125 0.123611 2 0.001957 0.597656 0.354861 0.032813 0.051389 2 0.001661 0.288672 0.411806 0.027344 0.054167 1 0.001597 0.314453 0.386111 0.013281 0.041667 2 0.001124 0.994531 0.473611 0.010937 0.058333 2 0.00109 0.880469 0.529861 0.023438 0.073611 12 0.001081 0.571484 0.999306 0.141406 0.001389 2 0.001057 0.989844 0.728472 0.020313 0.0875 2 0.001024 0.542578 0.31875 0.032031 0.056944 10 0.001017 0.994531 0.119444 0.010937 0.216667 2 0.001008 0.702344 0.421528 0.0375 0.068056
CCTV02^20260511-140000-20260511-142440_002437,2 0.695801 0.623437 0.358333 0.025 0.05 2 0.666992 0.526172 0.280556 0.017969 0.038889 2 0.65332 0.705078 0.493056 0.032031 0.066667 2 0.647949 0.741016 0.48125 0.035156 0.068056 2 0.644043 0.692187 0.415972 0.025 0.051389 2 0.616699 0.664844 0.416667 0.026562 0.052778 10 0.548828 0.569141 0.467361 0.072656 0.173611 2 0.507812 0.35 0.345833 0.01875 0.052778 2 0.472656 0.510547 0.256944 0.014844 0.036111 2 0.403564 0.923047 0.655556 0.050781 0.094444 2 0.348633 0.978516 0.776389 0.039844 0.097222 2 0.305664 0.801172 0.508333 0.027344 0.072222 0 0.305664 0.801172 0.508333 0.027344 0.072222 0 0.287842 0.946484 0.818056 0.052344 0.105556 0 0.233765 0.274219 0.497222 0.029687 0.072222 2 0.230957 0.273438 0.495833 0.028125 0.069444 10 0.21936 0.326172 0.259722 0.030469 0.075 2 0.200562 0.357031 0.315972 0.020313 0.051389 2 0.125488 0.977734 0.684722 0.044531 0.097222 2 0.065369 0.401562 0.232639 0.020313 0.045833 4 0.058777 0.505078 0.320833 0.027344 0.052778 4 0.057922 0.975 0.934722 0.05 0.119444 3 0.05481 0.505078 0.320833 0.027344 0.052778 9 0.053009 0.401953 0.232639 0.019531 0.045833 2 0.046387 0.292187 0.409028 0.034375 0.065278 2 0.0354 0.85625 0.538889 0.040625 0.077778 7 0.033966 0.505078 0.320833 0.027344 0.052778 10 0.032837 0.029297 0.659722 0.057031 0.136111 7 0.028107 0.469141 0.265278 0.022656 0.041667 2 0.025665 0.487891 0.221528 0.017969 0.034722 2 0.025085 0.353906 0.336111 0.026562 0.075 3 0.024704 0.469141 0.265278 0.022656 0.041667 2 0.020172 0.522656 0.272222 0.017188 0.033333 2 0.019562 0.449609 0.216667 0.011719 0.027778 2 0.017044 0.463672 0.218056 0.013281 0.030556 0 0.015541 0.974219 0.9375 0.051562 0.119444 0 0.014061 0.351172 0.354861 0.024219 0.070833 2 0.013123 0.945703 0.822222 0.052344 0.111111 3 0.010529 0.994141 0.884028 0.011719 0.126389 2 0.009743 0.633594 0.354861 0.032813 0.051389 1 0.007347 0.973828 0.939583 0.052344 0.118056 3 0.007175 0.319141 0.313194 0.021094 0.040278 4 0.00639 0.986328 0.916667 0.027344 0.130556 3 0.005936 0.856641 0.540278 0.041406 0.077778 2 0.00573 0.76875 0.456944 0.025 0.058333 2 0.0042 0.994531 0.859722 0.010937 0.091667 3 0.00378 0.989844 0.9 0.020313 0.147222 2 0.003429 0.333984 0.324306 0.011719 0.048611 10 0.003124 0.401562 0.229861 0.021875 0.051389 2 0.002935 0.239453 0.563889 0.021094 0.055556 2 0.002758 0.7625 0.454167 0.034375 0.063889 2 0.002705 0.825781 0.445833 0.032813 0.063889 10 0.002216 0.989844 0.642361 0.020313 0.143056 2 0.002108 0.512891 0.315278 0.021094 0.05 2 0.001839 0.480469 0.222917 0.017188 0.0375 2 0.001741 0.319141 0.314583 0.021094 0.043056 2 0.001623 0.142578 0.660417 0.050781 0.081944 3 0.001611 0.435547 0.221528 0.013281 0.026389 2 0.001513 0.99375 0.829861 0.0125 0.093056 2 0.001372 0.613672 0.365278 0.039844 0.063889 0 0.001265 0.292969 0.411806 0.035937 0.073611 2 0.001255 0.244531 0.560417 0.029687 0.068056 2 0.001245 0.346875 0.348611 0.028125 0.063889 2 0.001225 0.994922 0.723611 0.010156 0.105556 2 0.001188 0.274609 0.516667 0.033594 0.077778 2 0.001188 0.992188 0.622917 0.015625 0.098611 11 0.001151 0.029687 0.660417 0.057813 0.129167 2 0.001138 0.994531 0.552083 0.010937 0.076389 2 0.001048 0.534375 0.283333 0.025 0.044444 2 0.001008 0.396875 0.228472 0.028125 0.048611
CCTV02^20260511-140000-20260511-142440_002441,7 0.852051 0.428125 0.299306 0.028125 0.0625 2 0.753418 0.960156 0.78125 0.054688 0.101389 2 0.750488 0.257031 0.73125 0.042188 0.095833 5 0.73584 0.633984 0.563889 0.052344 0.116667 2 0.710449 0.297656 0.495833 0.026562 0.063889 1 0.668945 0.549609 0.320139 0.014844 0.048611 2 0.660156 0.603906 0.355556 0.025 0.05 2 0.644043 0.679297 0.498611 0.032031 0.063889 2 0.59082 0.708203 0.458333 0.035156 0.061111 2 0.59082 0.798828 0.527778 0.030469 0.069444 2 0.584961 0.676562 0.397917 0.025 0.051389 2 0.583008 0.75625 0.551389 0.039062 0.075 2 0.569824 0.907813 0.675694 0.05 0.090278 2 0.517578 0.374609 0.270139 0.017969 0.048611 2 0.355713 0.677344 0.452778 0.025 0.044444 2 0.354004 0.977344 0.685417 0.045312 0.093056 4 0.253906 0.554297 0.497222 0.035156 0.075 2 0.236572 0.482031 0.238889 0.014063 0.033333 2 0.204346 0.763672 0.455556 0.030469 0.055556 2 0.14856 0.467187 0.245139 0.015625 0.034722 3 0.135254 0.554297 0.497222 0.035156 0.075 2 0.11084 0.873047 0.514583 0.028906 0.068056 3 0.104492 0.672266 0.804861 0.066406 0.118056 10 0.093323 0.326953 0.259722 0.028906 0.077778 2 0.091064 0.49375 0.225 0.0125 0.030556 2 0.049042 0.517578 0.249306 0.016406 0.0375 2 0.019943 0.69375 0.418056 0.017188 0.036111 2 0.017853 0.994922 0.761111 0.010156 0.122222 2 0.012054 0.261719 0.4875 0.034375 0.066667 3 0.011467 0.994141 0.914583 0.011719 0.148611 3 0.011375 0.988672 0.911111 0.022656 0.161111 10 0.010406 0.029687 0.659028 0.057813 0.1375 1 0.007725 0.54375 0.320833 0.023438 0.052778 3 0.007095 0.319141 0.315278 0.021094 0.041667 2 0.006096 0.797266 0.501389 0.027344 0.063889 2 0.0056 0.66875 0.394444 0.0375 0.058333 2 0.004982 0.608984 0.354861 0.038281 0.059722 2 0.004829 0.235547 0.56875 0.035156 0.076389 11 0.0042 0.991406 0.644444 0.017188 0.133333 2 0.004181 0.794922 0.475694 0.025781 0.054167 2 0.004101 0.995313 0.926389 0.009375 0.136111 3 0.004005 0.685156 0.938194 0.070312 0.104167 10 0.003929 0.989844 0.636111 0.020313 0.122222 3 0.003914 0.986328 0.936806 0.027344 0.123611 2 0.003651 0.302344 0.505556 0.032813 0.077778 2 0.003456 0.991797 0.623611 0.016406 0.088889 2 0.002672 0.239844 0.561111 0.023438 0.055556 2 0.002028 0.711328 0.447222 0.032031 0.061111 2 0.002003 0.678125 0.481944 0.03125 0.072222 2 0.001942 0.599219 0.354167 0.039062 0.058333 7 0.001934 0.43125 0.291667 0.039062 0.066667 1 0.001904 0.8875 0.579167 0.028125 0.086111 2 0.001824 0.292969 0.372222 0.039062 0.069444 1 0.001629 0.821875 0.610417 0.035937 0.081944 10 0.001536 0.994531 0.115972 0.010937 0.223611 2 0.001467 0.570312 0.309028 0.0125 0.045833 0 0.001245 0.827344 0.50625 0.020313 0.056944 2 0.001206 0.516797 0.240278 0.017969 0.038889
CCTV02^20260511-140000-20260511-142440_002445,2 0.672363 0.553906 0.292361 0.01875 0.043056 2 0.658203 0.267188 0.557639 0.029687 0.070833 2 0.654785 0.723047 0.513889 0.032031 0.066667 2 0.647949 0.679297 0.434028 0.028906 0.051389 2 0.637207 0.577734 0.327083 0.019531 0.043056 2 0.624512 0.366406 0.371528 0.023438 0.059722 2 0.552734 0.704688 0.456944 0.025 0.055556 10 0.539062 0.414844 0.264583 0.035937 0.084722 2 0.494141 0.509375 0.26875 0.020313 0.043056 2 0.482422 0.808594 0.534028 0.026562 0.0625 2 0.458984 0.728516 0.452778 0.027344 0.055556 2 0.458984 0.853125 0.539583 0.023438 0.065278 2 0.388672 0.894531 0.684722 0.045312 0.088889 2 0.383057 0.677344 0.394444 0.025 0.044444 2 0.363037 0.357031 0.226389 0.014063 0.033333 12 0.329346 0.438672 0.502083 0.044531 0.106944 7 0.309082 0.439063 0.502083 0.045312 0.109722 2 0.237915 0.810156 0.474306 0.025 0.059722 1 0.217285 0.989844 0.910417 0.020313 0.118056 2 0.216064 0.438672 0.502083 0.044531 0.106944 10 0.199341 0.326172 0.261111 0.030469 0.075 2 0.154053 0.95 0.702083 0.051562 0.090278 1 0.122925 0.982422 0.901389 0.035156 0.141667 9 0.112427 0.438672 0.504167 0.044531 0.108333 9 0.099487 0.520312 0.35 0.045312 0.111111 2 0.090759 0.769922 0.450694 0.027344 0.056944 0 0.073669 0.992578 0.895139 0.014844 0.123611 2 0.070801 0.479297 0.24375 0.021094 0.040278 2 0.05835 0.576562 0.33125 0.025 0.056944 2 0.053192 0.76875 0.584722 0.034375 0.077778 0 0.049225 0.911328 0.81875 0.052344 0.101389 2 0.042877 0.239063 0.559722 0.021875 0.058333 0 0.041779 0.9875 0.89375 0.025 0.129167 2 0.03595 0.911328 0.817361 0.052344 0.101389 1 0.035828 0.76875 0.583333 0.034375 0.077778 1 0.031372 0.702344 0.465972 0.025 0.065278 2 0.025665 0.994531 0.877083 0.010937 0.1375 2 0.022369 0.546875 0.289583 0.03125 0.051389 1 0.021774 0.911328 0.822222 0.050781 0.1 2 0.015961 0.994531 0.731944 0.010937 0.094444 2 0.012627 0.345313 0.238194 0.009375 0.040278 2 0.012428 0.513672 0.26875 0.027344 0.054167 2 0.010132 0.573828 0.303472 0.014844 0.0375 10 0.010056 0.029687 0.655556 0.059375 0.138889 2 0.009712 0.988672 0.874306 0.022656 0.143056 2 0.009636 0.572656 0.311111 0.023438 0.044444 2 0.007122 0.759766 0.456944 0.027344 0.061111 2 0.005707 0.682422 0.448611 0.030469 0.063889 2 0.004593 0.702344 0.430556 0.025 0.038889 3 0.00404 0.319531 0.313889 0.020313 0.038889 0 0.003809 0.2625 0.484722 0.0375 0.061111 2 0.003075 0.991406 0.727083 0.017188 0.095833 2 0.002531 0.319141 0.315278 0.021094 0.041667 2 0.002502 0.351953 0.227778 0.017969 0.030556 2 0.002226 0.663672 0.393056 0.035156 0.058333 2 0.002035 0.292187 0.377083 0.040625 0.073611 2 0.001883 0.805469 0.466667 0.03125 0.061111 2 0.001803 0.505859 0.261111 0.025781 0.038889 2 0.001768 0.7375 0.467361 0.021875 0.054167 2 0.001694 0.584375 0.332639 0.03125 0.056944 2 0.001432 0.815625 0.455556 0.034375 0.066667 2 0.001399 0.728125 0.4 0.017188 0.038889 2 0.001399 0.992578 0.623611 0.014844 0.091667 2 0.001389 0.7125 0.433333 0.023438 0.047222 2 0.001372 0.521875 0.282639 0.026562 0.054167 10 0.00133 0.225 0.479167 0.045312 0.136111 2 0.001225 0.826172 0.443056 0.028906 0.061111 2 0.001211 0.141016 0.658333 0.052344 0.088889 1 0.001197 0.986328 0.929861 0.027344 0.120833 2 0.001081 0.996094 0.840278 0.007812 0.127778 12 0.001073 0.995703 0.113889 0.008594 0.163889 10 0.001065 0.994531 0.118056 0.010937 0.202778 10 0.001024 0.991406 0.118056 0.017188 0.236111 2 0.001017 0.714844 0.397917 0.017188 0.040278
CCTV02^20260511-140000-20260511-142440_002449,2 0.746094 0.330469 0.456944 0.026562 0.066667 2 0.741699 0.640234 0.385417 0.027344 0.054167 3 0.713867 0.553516 0.359028 0.033594 0.051389 3 0.70752 0.577344 0.440972 0.039062 0.0625 2 0.690918 0.707422 0.461806 0.032031 0.0625 2 0.684082 0.680469 0.469444 0.025 0.061111 2 0.663574 0.750781 0.46875 0.032813 0.056944 1 0.65332 0.647656 0.488194 0.01875 0.0625 3 0.613281 0.40625 0.313194 0.023438 0.043056 2 0.596191 0.751172 0.536111 0.032031 0.058333 2 0.596191 0.955859 0.83125 0.060156 0.1125 2 0.541016 0.95 0.704861 0.053125 0.084722 2 0.472656 0.285547 0.495833 0.036719 0.069444 2 0.418701 0.871094 0.53125 0.025 0.070833 2 0.332764 0.773828 0.525 0.027344 0.061111 4 0.29248 0.703906 0.552083 0.057813 0.090278 1 0.20752 0.835156 0.50625 0.017188 0.054167 2 0.143188 0.792578 0.486806 0.021094 0.054167 10 0.113586 0.326562 0.261111 0.03125 0.075 2 0.062561 0.241406 0.56875 0.029687 0.065278 9 0.059418 0.703125 0.550694 0.057813 0.090278 0 0.044678 0.792578 0.486111 0.022656 0.055556 2 0.042877 0.926172 0.657639 0.035156 0.073611 1 0.037048 0.807031 0.545139 0.01875 0.054167 2 0.025757 0.796094 0.479861 0.029687 0.056944 2 0.024231 0.994922 0.716667 0.010156 0.1 2 0.018692 0.692578 0.46875 0.028906 0.059722 11 0.018341 0.029687 0.657639 0.057813 0.140278 2 0.013222 0.89375 0.550694 0.026562 0.081944 2 0.012428 0.980469 0.684722 0.039062 0.1 2 0.012009 0.988672 0.702083 0.021094 0.106944 10 0.0112 0.990625 0.643056 0.01875 0.130556 2 0.009087 0.854688 0.456944 0.025 0.058333 2 0.008781 0.796094 0.58125 0.032813 0.070833 2 0.008781 0.991797 0.625694 0.016406 0.090278 2 0.008514 0.830469 0.975 0.054688 0.05 2 0.006905 0.345703 0.228472 0.014844 0.029167 2 0.006004 0.994922 0.740972 0.010156 0.095833 2 0.005981 0.990625 0.721528 0.01875 0.093056 3 0.004539 0.994141 0.925694 0.011719 0.148611 3 0.004101 0.9875 0.91875 0.025 0.1625 2 0.003565 0.5625 0.336111 0.021875 0.038889 2 0.002947 0.994531 0.545139 0.010937 0.059722 2 0.00289 0.989844 0.661806 0.020313 0.1625 2 0.002611 0.31875 0.314583 0.021875 0.040278 2 0.002493 0.809375 0.463889 0.020313 0.055556 2 0.002453 0.763672 0.506944 0.028906 0.061111 10 0.002333 0.026172 0.6375 0.052344 0.180556 10 0.002028 0.991406 0.119444 0.017188 0.238889 10 0.00202 0.994531 0.128472 0.010937 0.198611 3 0.001741 0.31875 0.313889 0.021875 0.038889 2 0.001687 0.775781 0.536806 0.020313 0.059722 2 0.001636 0.805078 0.543056 0.022656 0.052778 2 0.001579 0.649609 0.384028 0.041406 0.070833 2 0.001501 0.836328 0.507639 0.019531 0.056944 1 0.00132 0.994922 0.543056 0.010156 0.069444 2 0.001285 0.778906 0.468056 0.020313 0.058333 2 0.001245 0.248047 0.566667 0.042969 0.077778 2 0.001245 0.142187 0.658333 0.053125 0.1 2 0.001174 0.80625 0.561111 0.025 0.075 10 0.001078 0.989453 0.879861 0.021094 0.234722 2 0.001008 0.994922 0.768056 0.010156 0.108333
CCTV02^20260511-140000-20260511-142440_002453,2 0.773438 0.329297 0.56875 0.030469 0.073611 2 0.747559 0.116016 0.734722 0.050781 0.086111 10 0.686035 0.426953 0.274306 0.036719 0.079167 2 0.602051 0.705078 0.435417 0.030469 0.059722 2 0.486328 0.892578 0.756944 0.047656 0.108333 2 0.470703 0.862109 0.534028 0.033594 0.070833 3 0.449463 0.033984 0.743056 0.067969 0.091667 3 0.437744 0.779687 0.657639 0.0875 0.095833 2 0.424316 0.900781 0.677778 0.048438 0.088889 2 0.414795 0.986719 0.801389 0.026562 0.127778 2 0.383057 0.357422 0.322222 0.017969 0.05 2 0.354004 0.976953 0.684722 0.046094 0.097222 2 0.204346 0.379297 0.251389 0.016406 0.044444 1 0.154053 0.516797 0.285417 0.013281 0.040278 7 0.133911 0.4875 0.288194 0.025 0.056944 2 0.13208 0.7875 0.524306 0.029687 0.0625 9 0.131592 0.486719 0.288194 0.025 0.059722 2 0.103394 0.813672 0.490278 0.022656 0.052778 11 0.073425 0.580469 0.497222 0.076563 0.188889 4 0.066101 0.486719 0.289583 0.026562 0.065278 2 0.024796 0.478516 0.240972 0.014844 0.029167 2 0.023773 0.990234 0.622917 0.019531 0.084722 9 0.022797 0.580078 0.494444 0.075781 0.183333 10 0.017578 0.326562 0.260417 0.028125 0.073611 2 0.016846 0.772266 0.480556 0.035156 0.055556 4 0.016785 0.985547 0.809722 0.028906 0.141667 1 0.0159 0.517188 0.288889 0.017188 0.055556 2 0.015427 0.992969 0.768056 0.014063 0.119444 2 0.014061 0.486328 0.215972 0.014844 0.029167 10 0.013687 0.030469 0.658333 0.060937 0.15 2 0.0121 0.782422 0.505556 0.035156 0.066667 2 0.011505 0.328516 0.318056 0.016406 0.044444 2 0.011246 0.239453 0.564583 0.024219 0.0625 3 0.009598 0.9875 0.929861 0.025 0.140278 1 0.009163 0.995313 0.547917 0.009375 0.054167 2 0.008217 0.855078 0.65625 0.032031 0.073611 2 0.007637 0.319922 0.315278 0.021094 0.041667 2 0.007259 0.8 0.559722 0.040625 0.077778 1 0.006718 0.329688 0.363889 0.0125 0.044444 3 0.003944 0.021484 0.732639 0.042969 0.098611 2 0.003839 0.797656 0.441667 0.025 0.05 3 0.003593 0.31875 0.313194 0.021875 0.040278 2 0.003376 0.772656 0.457639 0.025 0.051389 2 0.003363 0.795703 0.536111 0.039844 0.066667 2 0.003197 0.291797 0.377778 0.039844 0.066667 11 0.003136 0.030078 0.657639 0.058594 0.131944 3 0.003063 0.991406 0.938889 0.017188 0.122222 3 0.003052 0.010547 0.721528 0.021094 0.106944 3 0.002758 0.995703 0.542361 0.008594 0.068056 10 0.002472 0.032813 0.738194 0.065625 0.156944 1 0.002434 0.802734 0.58125 0.035156 0.076389 2 0.002323 0.803516 0.577083 0.035156 0.076389 2 0.00214 0.3625 0.325 0.028125 0.063889 2 0.001768 0.892188 0.546528 0.025 0.070833 10 0.001636 0.991406 0.120833 0.017188 0.241667 2 0.001592 0.791016 0.455556 0.022656 0.055556 1 0.001561 0.335547 0.613889 0.025781 0.055556 10 0.001543 0.019531 0.326389 0.039062 0.144444 2 0.00141 0.296875 0.398611 0.032813 0.080556 10 0.001335 0.028906 0.78125 0.057813 0.243056 2 0.001325 0.994922 0.460417 0.010156 0.065278 10 0.001315 0.994531 0.114583 0.010937 0.218056 2 0.001315 0.703125 0.436806 0.040625 0.073611 10 0.001315 0.9875 0.797917 0.025 0.290278 2 0.001285 0.471094 0.202778 0.014063 0.027778 12 0.001274 0.128516 0.998611 0.147656 0.002778 3 0.001265 0.994531 0.922222 0.010937 0.155556 10 0.00124 0.030078 0.7 0.060156 0.188889 2 0.001225 0.988281 0.758333 0.023438 0.122222 1 0.001197 0.103125 0.914583 0.039062 0.109722 12 0.001188 0.772266 0.936806 0.108594 0.115278 1 0.001124 0.330078 0.346528 0.014844 0.059722 12 0.001124 0.59375 0.999306 0.157812 0.001389 2 0.001099 0.99375 0.607639 0.0125 0.093056 2 0.001048 0.316016 0.344444 0.014844 0.041667
CCTV02^20260511-140000-20260511-142440_002457,2 0.740234 0.333203 0.547917 0.030469 0.070833 3 0.725098 0.370703 0.464583 0.033594 0.059722 2 0.656738 0.578125 0.332639 0.021875 0.054167 2 0.642578 0.964063 0.8 0.05625 0.116667 2 0.635254 0.024609 0.872222 0.049219 0.116667 2 0.629883 0.705469 0.431944 0.025 0.052778 2 0.616699 0.528125 0.2875 0.020313 0.047222 2 0.600098 0.859766 0.534028 0.035156 0.073611 2 0.596191 0.389844 0.30625 0.01875 0.048611 7 0.596191 0.392578 0.611806 0.057031 0.123611 7 0.584961 0.453906 0.552083 0.039062 0.098611 10 0.567871 0.648828 0.403472 0.074219 0.123611 4 0.386719 0.453906 0.552083 0.039062 0.101389 2 0.341553 0.897656 0.7625 0.042188 0.102778 2 0.181274 0.973828 0.684028 0.052344 0.106944 2 0.161865 0.772266 0.473611 0.027344 0.047222 1 0.143677 0.304688 0.427778 0.025 0.066667 2 0.124634 0.503906 0.236111 0.017188 0.036111 2 0.077209 0.420312 0.270833 0.01875 0.036111 3 0.07666 0.420312 0.270139 0.01875 0.0375 2 0.065613 0.303516 0.426389 0.024219 0.066667 10 0.051666 0.326953 0.261111 0.028906 0.075 3 0.045349 0.991016 0.919444 0.017969 0.161111 2 0.043365 0.908594 0.645833 0.045312 0.091667 9 0.027069 0.399609 0.222222 0.021094 0.05 2 0.025375 0.991016 0.625694 0.017969 0.093056 10 0.025269 0.030078 0.659722 0.058594 0.141667 1 0.023148 0.992969 0.725694 0.014063 0.079167 2 0.019058 0.855078 0.457639 0.027344 0.056944 1 0.017639 0.774609 0.640972 0.028906 0.073611 11 0.017639 0.029687 0.659028 0.057813 0.140278 1 0.013535 0.990625 0.71875 0.01875 0.079167 2 0.01297 0.346094 0.200694 0.014063 0.031944 2 0.01297 0.239063 0.563194 0.025 0.065278 2 0.010208 0.992188 0.710417 0.015625 0.0875 2 0.008881 0.994141 0.747222 0.011719 0.122222 2 0.008614 0.572266 0.299306 0.014844 0.034722 2 0.008156 0.695312 0.423611 0.025 0.055556 2 0.007843 0.990625 0.666667 0.01875 0.158333 2 0.007374 0.775 0.644444 0.028125 0.066667 2 0.005821 0.994531 0.545833 0.010937 0.063889 2 0.005775 0.688672 0.404167 0.014844 0.047222 0 0.005707 0.994531 0.76875 0.010937 0.118056 2 0.005363 0.393359 0.304861 0.027344 0.054167 2 0.005241 0.575 0.342361 0.023438 0.068056 3 0.004166 0.31875 0.314583 0.021875 0.040278 2 0.003708 0.771094 0.485417 0.032813 0.068056 10 0.003622 0.4 0.222222 0.021875 0.052778 2 0.003456 0.712109 0.420833 0.021094 0.05 10 0.002714 0.988672 0.851389 0.022656 0.297222 2 0.002621 0.773828 0.461806 0.027344 0.0625 2 0.002571 0.751172 0.440972 0.019531 0.059722 3 0.002405 0.992969 0.945833 0.014063 0.108333 2 0.002333 0.141016 0.659722 0.053906 0.091667 4 0.002323 0.399609 0.222222 0.022656 0.052778 2 0.002253 0.696484 0.435417 0.027344 0.054167 2 0.002199 0.7625 0.461111 0.029687 0.061111 2 0.0021 0.296875 0.38125 0.03125 0.068056 0 0.001897 0.775 0.644444 0.028125 0.066667 10 0.001616 0.989844 0.755556 0.020313 0.252778 12 0.001604 0.678125 0.999306 0.140625 0.001389 0 0.001549 0.03125 0.93125 0.05 0.098611 2 0.001495 0.811719 0.451389 0.029687 0.063889 3 0.00149 0.9875 0.940972 0.025 0.1125 2 0.001351 0.242188 0.553472 0.034375 0.084722 3 0.001346 0.994531 0.865972 0.010937 0.106944 0 0.00133 0.995313 0.805556 0.009375 0.1 1 0.001216 0.989453 0.744444 0.021094 0.116667 10 0.001197 0.994531 0.117361 0.010937 0.223611 3 0.001103 0.985938 0.894444 0.025 0.161111 2 0.001073 0.99375 0.608333 0.0125 0.105556 2 0.001048 0.004687 0.902083 0.009375 0.1125 4 0.001028 0.989453 0.635417 0.021094 0.115278 12 0.001008 0.59375 0.999306 0.154688 0.001389
CCTV02^20260511-140000-20260511-142440_002461,4 0.78418 0.403125 0.568056 0.040625 0.105556 7 0.775879 0.422266 0.309028 0.028906 0.0625 2 0.760742 0.022656 0.875 0.045312 0.111111 2 0.756348 0.273828 0.632639 0.044531 0.084722 2 0.751953 0.357812 0.49375 0.026562 0.065278 2 0.740234 0.310547 0.497917 0.027344 0.0625 2 0.70752 0.293359 0.819444 0.047656 0.111111 2 0.575684 0.363281 0.248611 0.014063 0.033333 2 0.562012 0.977344 0.684028 0.045312 0.098611 2 0.509766 0.380078 0.260417 0.013281 0.034722 3 0.345215 0.516797 0.363194 0.027344 0.054167 9 0.332764 0.423047 0.310417 0.028906 0.068056 2 0.305664 0.860938 0.536806 0.0375 0.070833 2 0.196777 0.524219 0.270833 0.020313 0.044444 2 0.191895 0.782813 0.459028 0.0375 0.056944 10 0.153076 0.710156 0.497917 0.079687 0.168056 2 0.119202 0.683594 0.404167 0.025 0.036111 10 0.079224 0.326562 0.259722 0.028125 0.072222 2 0.07135 0.817578 0.547917 0.035156 0.0625 2 0.025864 0.415625 0.263194 0.01875 0.0375 3 0.02153 0.988672 0.907639 0.022656 0.184722 2 0.017639 0.826562 0.498611 0.025 0.058333 2 0.016724 0.570703 0.3 0.013281 0.033333 3 0.016281 0.31875 0.313194 0.021875 0.0375 2 0.01297 0.994922 0.540278 0.010156 0.069444 2 0.012573 0.789453 0.472917 0.025781 0.056944 2 0.012527 0.239844 0.561111 0.023438 0.055556 2 0.011292 0.144531 0.6625 0.048438 0.080556 2 0.010529 0.3875 0.225694 0.01875 0.048611 2 0.009163 0.991406 0.633333 0.017188 0.111111 2 0.008286 0.380469 0.252778 0.014063 0.030556 2 0.007843 0.994922 0.754167 0.010156 0.108333 2 0.006851 0.841406 0.566667 0.042188 0.080556 2 0.005665 0.89375 0.548611 0.028125 0.083333 0 0.005619 0.264844 0.520139 0.01875 0.048611 2 0.004025 0.266797 0.518056 0.022656 0.058333 2 0.003975 0.813672 0.45625 0.027344 0.051389 2 0.003351 0.848828 0.575 0.032031 0.077778 10 0.003235 0.029297 0.657639 0.057031 0.134722 3 0.003147 0.416797 0.259722 0.019531 0.041667 2 0.003099 0.3625 0.25625 0.01875 0.054167 2 0.002867 0.394531 0.251389 0.010937 0.030556 2 0.002493 0.38125 0.244444 0.015625 0.038889 11 0.002083 0.029687 0.65625 0.059375 0.143056 2 0.001883 0.672656 0.401389 0.042188 0.052778 0 0.001768 0.989844 0.629861 0.020313 0.106944 11 0.001755 0.989844 0.635417 0.020313 0.120833 2 0.001661 0.995313 0.725694 0.009375 0.079167 10 0.001636 0.986328 0.917361 0.027344 0.165278 10 0.001611 0.994531 0.116667 0.010937 0.211111 2 0.001597 0.917578 0.572917 0.038281 0.081944 0 0.001574 0.400391 0.570833 0.042969 0.111111 10 0.001561 0.991406 0.118056 0.017188 0.236111 2 0.001472 0.751172 0.431944 0.017969 0.047222 2 0.001432 0.993359 0.614583 0.013281 0.0875 2 0.001394 0.810547 0.557639 0.028906 0.076389 2 0.001249 0.989844 0.751389 0.020313 0.136111 2 0.001169 0.232422 0.565972 0.032031 0.0625 2 0.001161 0.292969 0.377778 0.0375 0.069444 2 0.001147 0.725 0.400694 0.015625 0.034722 4 0.001124 0.989844 0.620139 0.020313 0.084722 2 0.001107 0.989844 0.722917 0.017188 0.090278 2 0.001086 0.667578 0.393056 0.035156 0.05 3 0.001024 0.992969 0.89375 0.014063 0.145833
CCTV02^20260511-140000-20260511-142440_002465,2 0.740234 0.020703 0.874306 0.041406 0.1125 4 0.6875 0.408984 0.744444 0.050781 0.127778 2 0.680664 0.609766 0.382639 0.027344 0.054167 6 0.675781 0.738281 0.570833 0.085938 0.202778 7 0.647949 0.494531 0.308333 0.032813 0.072222 2 0.62793 0.403516 0.288889 0.016406 0.041667 2 0.602051 0.370703 0.369444 0.022656 0.055556 2 0.592773 0.8625 0.536111 0.034375 0.069444 2 0.562012 0.922656 0.659028 0.04375 0.090278 2 0.424316 0.388672 0.294444 0.014844 0.038889 2 0.375732 0.387109 0.255556 0.014844 0.036111 2 0.370117 0.703906 0.440278 0.029687 0.052778 2 0.312256 0.776172 0.454167 0.027344 0.052778 2 0.312256 0.977344 0.684028 0.045312 0.095833 2 0.299072 0.369531 0.253472 0.0125 0.0375 10 0.264404 0.738672 0.56875 0.089844 0.204167 1 0.262939 0.567187 0.365972 0.020313 0.054167 2 0.151978 0.387891 0.283333 0.014844 0.036111 2 0.14856 0.364063 0.216667 0.0125 0.027778 2 0.091064 0.568359 0.366667 0.022656 0.058333 2 0.054413 0.399219 0.291667 0.020313 0.041667 2 0.052826 0.371094 0.259028 0.0125 0.043056 9 0.047424 0.655859 0.445139 0.066406 0.101389 10 0.031616 0.325391 0.260417 0.027344 0.073611 2 0.03067 0.980078 0.859028 0.038281 0.131944 5 0.029419 0.98125 0.863889 0.0375 0.155556 3 0.028214 0.456641 0.250694 0.019531 0.040278 2 0.027374 0.142187 0.659722 0.05 0.091667 1 0.027267 0.569531 0.375694 0.025 0.068056 2 0.022888 0.239453 0.563889 0.024219 0.061111 2 0.021698 0.338281 0.20625 0.010937 0.029167 3 0.021454 0.98125 0.863889 0.0375 0.15 2 0.017914 0.994141 0.806944 0.011719 0.15 4 0.016159 0.985156 0.838194 0.029687 0.215278 2 0.013535 0.48125 0.222222 0.015625 0.036111 2 0.012726 0.994922 0.779861 0.010156 0.120833 2 0.011826 0.995313 0.751389 0.009375 0.102778 10 0.011116 0.986328 0.811111 0.027344 0.327778 2 0.010986 0.990625 0.838889 0.01875 0.205556 2 0.01049 0.573047 0.370833 0.027344 0.063889 2 0.010132 0.684766 0.404861 0.022656 0.0375 12 0.01001 0.992188 0.629861 0.015625 0.109722 11 0.008415 0.990625 0.634722 0.01875 0.119444 2 0.008095 0.667578 0.378472 0.022656 0.031944 3 0.007904 0.666016 0.379861 0.027344 0.040278 10 0.007374 0.029297 0.658333 0.057031 0.133333 2 0.006588 0.852344 0.468056 0.025 0.058333 2 0.006489 0.994531 0.54375 0.010937 0.0625 2 0.006363 0.991406 0.660417 0.017188 0.1625 2 0.006264 0.571484 0.299306 0.014844 0.0375 1 0.005913 0.995313 0.5375 0.009375 0.066667 2 0.0051 0.359375 0.198611 0.0125 0.027778 2 0.00452 0.388281 0.307639 0.01875 0.056944 4 0.00452 0.989844 0.821528 0.020313 0.215278 3 0.004215 0.319531 0.314583 0.020313 0.040278 2 0.003839 0.710547 0.440278 0.035156 0.063889 2 0.003622 0.989844 0.8 0.020313 0.183333 2 0.003052 0.898828 0.547917 0.032031 0.068056 4 0.002811 0.991406 0.620833 0.017188 0.088889 2 0.002779 0.340234 0.202083 0.011719 0.029167 4 0.002443 0.851562 0.46875 0.025 0.056944 2 0.002234 0.987891 0.732639 0.021094 0.101389 3 0.002199 0.459375 0.259028 0.020313 0.054167 1 0.001687 0.991016 0.874306 0.017969 0.143056 2 0.001597 0.994531 0.523611 0.010937 0.069444 2 0.001574 0.513281 0.238889 0.03125 0.061111 10 0.001235 0.023438 0.625694 0.046875 0.198611 1 0.001143 0.575 0.379167 0.026562 0.069444 10 0.001112 0.994531 0.114583 0.010937 0.229167 2 0.001099 0.233984 0.567361 0.032031 0.068056
CCTV02^20260511-140000-20260511-142440_002469,3 0.737305 0.544531 0.472917 0.0375 0.0875 2 0.690918 0.020313 0.873611 0.040625 0.113889 2 0.620605 0.8625 0.534722 0.034375 0.069444 0 0.604004 0.267969 0.640972 0.040625 0.090278 2 0.525391 0.922656 0.657639 0.042188 0.090278 2 0.449463 0.664062 0.384722 0.025 0.05 2 0.437744 0.684375 0.411806 0.023438 0.051389 2 0.343262 0.537109 0.301389 0.019531 0.05 2 0.269043 0.980469 0.758333 0.039062 0.111111 7 0.248047 0.51875 0.365278 0.032813 0.077778 2 0.206909 0.565625 0.316667 0.015625 0.044444 10 0.190674 0.607812 0.41875 0.075 0.143056 2 0.137573 0.165625 0.920139 0.0625 0.118056 9 0.091736 0.51875 0.365278 0.032813 0.077778 3 0.08728 0.165234 0.91875 0.061719 0.120833 2 0.047424 0.977344 0.675694 0.045312 0.084722 7 0.046539 0.835547 0.475694 0.038281 0.070833 2 0.03891 0.578906 0.334028 0.017188 0.034722 3 0.036896 0.986328 0.925694 0.027344 0.140278 10 0.035004 0.326953 0.259722 0.028906 0.075 1 0.033203 0.717187 0.495139 0.025 0.0625 4 0.03186 0.835547 0.475 0.039844 0.072222 2 0.029648 0.14375 0.664583 0.05 0.084722 2 0.022888 0.376563 0.232639 0.015625 0.040278 3 0.016785 0.319531 0.311806 0.020313 0.034722 2 0.016724 0.991797 0.647222 0.016406 0.133333 10 0.009018 0.029297 0.65625 0.058594 0.1375 1 0.008286 0.992188 0.930556 0.015625 0.133333 2 0.008125 0.992578 0.622222 0.014844 0.094444 2 0.007904 0.657422 0.384028 0.030469 0.051389 2 0.007668 0.695312 0.421528 0.025 0.056944 10 0.007488 0.990625 0.635417 0.01875 0.120833 2 0.006123 0.570312 0.323611 0.01875 0.05 11 0.0056 0.028906 0.657639 0.05625 0.134722 2 0.004608 0.835938 0.476389 0.0375 0.072222 1 0.00415 0.990234 0.963194 0.019531 0.070833 3 0.003809 0.45625 0.234028 0.009375 0.026389 2 0.003593 0.994922 0.540972 0.010156 0.0625 2 0.003538 0.571094 0.303472 0.014063 0.034722 2 0.003248 0.239453 0.561111 0.022656 0.061111 3 0.002512 0.993359 0.918056 0.013281 0.141667 2 0.002253 0.685547 0.426389 0.025781 0.066667 3 0.002068 0.578906 0.335417 0.017188 0.0375 2 0.001831 0.66875 0.398611 0.029687 0.052778 2 0.001394 0.654687 0.39375 0.025 0.051389 2 0.001356 0.561719 0.311806 0.020313 0.054167 2 0.001356 0.699219 0.430556 0.017188 0.05 2 0.001216 0.51875 0.364583 0.032813 0.076389 2 0.001103 0.314844 0.347222 0.0125 0.038889 10 0.001032 0.292578 0.371528 0.042969 0.068056
CCTV02^20260511-140000-20260511-142440_002473,2 0.750488 0.272266 0.584028 0.038281 0.076389 3 0.744629 0.714063 0.547917 0.05 0.079167 3 0.729492 0.401953 0.404167 0.025781 0.052778 2 0.704102 0.591797 0.369444 0.024219 0.05 2 0.704102 0.020703 0.873611 0.041406 0.111111 2 0.654785 0.649219 0.455556 0.029687 0.058333 1 0.618652 0.675 0.485417 0.017188 0.059722 2 0.558105 0.722656 0.454861 0.0375 0.056944 2 0.492188 0.665234 0.386806 0.027344 0.051389 2 0.416748 0.922656 0.659028 0.042188 0.090278 3 0.397949 0.385547 0.325 0.021094 0.044444 2 0.381104 0.776172 0.628472 0.044531 0.084722 2 0.357666 0.524609 0.334722 0.021094 0.047222 2 0.317383 0.305469 0.427778 0.021875 0.061111 5 0.313965 0.431641 0.326389 0.028906 0.058333 1 0.291016 0.398828 0.352778 0.016406 0.041667 2 0.209473 0.495703 0.263889 0.016406 0.036111 2 0.200562 0.748437 0.496528 0.0375 0.0625 2 0.195557 0.977344 0.684028 0.045312 0.095833 2 0.167236 0.355469 0.284722 0.017188 0.047222 1 0.166626 0.397656 0.346528 0.0125 0.043056 2 0.118408 0.778906 0.540278 0.032813 0.069444 2 0.092041 0.431641 0.327083 0.028906 0.059722 2 0.076111 0.529297 0.301389 0.017969 0.033333 3 0.051666 0.991406 0.911806 0.017188 0.170833 2 0.044861 0.863672 0.535417 0.032031 0.073611 2 0.041473 0.239063 0.565278 0.023438 0.069444 1 0.040253 0.604297 0.703472 0.025781 0.073611 0 0.025864 0.83125 0.55625 0.029687 0.073611 2 0.023071 0.655469 0.465278 0.032813 0.063889 2 0.022797 0.994922 0.729861 0.010156 0.084722 0 0.018341 0.748828 0.496528 0.035156 0.065278 3 0.017105 0.468359 0.263889 0.022656 0.044444 2 0.01519 0.522266 0.338889 0.025781 0.066667 3 0.014839 0.319531 0.314583 0.020313 0.040278 10 0.014732 0.028906 0.659722 0.05625 0.136111 1 0.013275 0.994531 0.736806 0.010937 0.093056 1 0.01297 0.675 0.502778 0.020313 0.058333 4 0.011963 0.826953 0.503472 0.033594 0.065278 2 0.011734 0.485938 0.224306 0.0125 0.031944 9 0.010735 0.637109 0.836111 0.111719 0.172222 2 0.010612 0.788672 0.569444 0.047656 0.097222 2 0.010452 0.804297 0.592361 0.036719 0.081944 2 0.009483 0.526563 0.284722 0.01875 0.041667 11 0.009453 0.989844 0.640972 0.020313 0.143056 3 0.008217 0.464844 0.258333 0.023438 0.044444 12 0.008217 0.992188 0.634028 0.015625 0.129167 3 0.008186 0.827734 0.502778 0.035156 0.063889 11 0.008156 0.028516 0.659028 0.055469 0.1375 2 0.007065 0.571094 0.302083 0.014063 0.040278 2 0.006145 0.848828 0.557639 0.019531 0.068056 3 0.0056 0.431641 0.323611 0.028906 0.058333 7 0.0056 0.75 0.495139 0.039062 0.070833 1 0.005039 0.670703 0.43125 0.017969 0.045833 2 0.004433 0.587891 0.365278 0.033594 0.058333 2 0.004417 0.523828 0.280556 0.019531 0.044444 2 0.003929 0.83125 0.557639 0.029687 0.076389 7 0.003929 0.804297 0.590278 0.036719 0.077778 2 0.003483 0.978125 0.525 0.04375 0.066667 2 0.002611 0.991797 0.663194 0.016406 0.1625 2 0.002333 0.669922 0.433333 0.017969 0.038889 2 0.00202 0.789062 0.602778 0.05 0.113889 2 0.001949 0.788672 0.540278 0.047656 0.080556 0 0.001942 0.80625 0.5875 0.034375 0.075 2 0.001926 0.990625 0.729167 0.01875 0.091667 2 0.001761 0.748828 0.456944 0.027344 0.061111 2 0.001727 0.306641 0.447917 0.024219 0.070833 10 0.001675 0.994531 0.115278 0.010937 0.222222 2 0.001597 0.778516 0.579167 0.039844 0.113889 2 0.001592 0.826953 0.504861 0.032031 0.065278 2 0.001592 0.993359 0.614583 0.013281 0.1125 12 0.001579 0.637109 0.840278 0.116406 0.175 2 0.001519 0.99375 0.536111 0.0125 0.080556 2 0.001478 0.511328 0.238194 0.014844 0.034722 2 0.001455 0.994922 0.590972 0.010156 0.120833 10 0.001309 0.991406 0.119444 0.017188 0.238889 2 0.001255 0.508984 0.242361 0.014844 0.031944 1 0.001156 0.675 0.475694 0.021875 0.0625 12 0.001151 0.683594 0.998611 0.135937 0.002778 12 0.001086 0.591797 0.999306 0.144531 0.001389 2 0.001081 0.473438 0.227083 0.0125 0.031944 2 0.001081 0.523828 0.297917 0.019531 0.043056 1 0.001073 0.9 0.886806 0.059375 0.120833 10 0.001065 0.9875 0.907639 0.025 0.184722
CCTV02^20260511-140000-20260511-142440_002476,2 0.774414 0.346484 0.484722 0.025781 0.061111 2 0.747559 0.648828 0.464583 0.032031 0.059722 2 0.743164 0.685156 0.511111 0.032813 0.066667 2 0.716797 0.635547 0.363889 0.024219 0.05 9 0.694336 0.390625 0.520833 0.05625 0.125 2 0.694336 0.285547 0.584028 0.035156 0.076389 2 0.675781 0.019531 0.872222 0.039062 0.113889 2 0.654785 0.955078 0.723611 0.055469 0.091667 0 0.629883 0.320312 0.438194 0.021875 0.059722 3 0.607422 0.571094 0.577778 0.042188 0.086111 2 0.602051 0.727344 0.458333 0.0375 0.061111 2 0.569824 0.358984 0.309028 0.016406 0.043056 2 0.562012 0.091016 0.738194 0.072656 0.081944 2 0.496094 0.860547 0.53125 0.030469 0.073611 2 0.478516 0.510547 0.315278 0.019531 0.041667 3 0.474609 0.525 0.378472 0.028125 0.059722 2 0.466797 0.539062 0.331944 0.01875 0.044444 2 0.414795 0.459375 0.444444 0.0375 0.091667 2 0.32251 0.320312 0.438194 0.021875 0.059722 2 0.317383 0.757422 0.607639 0.041406 0.109722 2 0.267334 0.542969 0.289583 0.017188 0.040278 2 0.210815 0.341406 0.309028 0.014063 0.0375 4 0.178955 0.459375 0.444444 0.0375 0.091667 4 0.155029 0.974219 0.942361 0.051562 0.106944 5 0.153076 0.459375 0.445139 0.0375 0.093056 7 0.102295 0.589453 0.377083 0.032031 0.068056 4 0.102295 0.825 0.510417 0.0375 0.076389 7 0.074768 0.825 0.509722 0.0375 0.075 9 0.073975 0.589453 0.376389 0.032031 0.066667 2 0.065857 0.89375 0.695833 0.042188 0.077778 2 0.059662 0.570703 0.297222 0.013281 0.033333 0 0.045197 0.654297 0.428472 0.027344 0.048611 7 0.041321 0.973828 0.942361 0.052344 0.109722 3 0.035553 0.319531 0.311806 0.020313 0.034722 5 0.0354 0.646484 0.840972 0.064844 0.181944 2 0.034363 0.653906 0.428472 0.025 0.051389 3 0.028015 0.980078 0.883333 0.039844 0.133333 10 0.024139 0.029297 0.654861 0.058594 0.126389 2 0.023773 0.783594 0.4625 0.0375 0.061111 1 0.022629 0.994531 0.735417 0.010937 0.095833 2 0.021454 0.994531 0.725694 0.010937 0.081944 3 0.019348 0.974219 0.942361 0.051562 0.109722 2 0.018402 0.973828 0.942361 0.052344 0.109722 1 0.018188 0.973828 0.943056 0.052344 0.108333 2 0.01799 0.239844 0.561806 0.021875 0.059722 2 0.01297 0.816406 0.547222 0.032813 0.075 7 0.012672 0.822656 0.527083 0.039062 0.068056 2 0.010056 0.740625 0.769444 0.040625 0.077778 2 0.009819 0.978906 0.686111 0.042188 0.1 2 0.008812 0.810156 0.565972 0.023438 0.073611 10 0.007694 0.326953 0.259722 0.028906 0.069444 1 0.007576 0.474219 0.270139 0.014063 0.0375 9 0.00729 0.4125 0.274306 0.034375 0.076389 2 0.006145 0.581641 0.339583 0.022656 0.040278 2 0.0051 0.822656 0.526389 0.039062 0.077778 4 0.004963 0.977344 0.9 0.045312 0.163889 2 0.004593 0.989844 0.725694 0.017188 0.079167 2 0.004055 0.628516 0.361806 0.036719 0.0625 2 0.003511 0.507812 0.315972 0.028125 0.048611 2 0.003456 0.994531 0.563194 0.010937 0.093056 10 0.003325 0.410938 0.272917 0.035937 0.076389 2 0.002958 0.760156 0.588194 0.039062 0.084722 2 0.002947 0.363281 0.307639 0.026562 0.051389 2 0.002642 0.979297 0.866667 0.039844 0.1 2 0.002502 0.535156 0.326389 0.025 0.044444 2 0.002192 0.991797 0.623611 0.016406 0.097222 3 0.002003 0.995313 0.543056 0.009375 0.069444 2 0.001734 0.992188 0.667361 0.015625 0.170833 2 0.001727 0.9875 0.736806 0.021875 0.104167 3 0.0017 0.646094 0.813889 0.060937 0.133333 2 0.001616 0.826562 0.50625 0.0375 0.073611 2 0.001501 0.244922 0.566667 0.027344 0.075 2 0.001478 0.483984 0.227083 0.019531 0.040278 0 0.001432 0.757422 0.602083 0.039844 0.109722 2 0.001389 0.326562 0.441667 0.03125 0.066667 2 0.001367 0.856641 0.609028 0.035156 0.076389 2 0.001325 0.8125 0.436111 0.028125 0.055556 2 0.001235 0.415625 0.301389 0.03125 0.077778 2 0.001211 0.312109 0.342361 0.016406 0.043056 2 0.001134 0.33125 0.473611 0.035937 0.061111 2 0.001116 0.569141 0.290278 0.014844 0.036111 10 0.00109 0.989844 0.639583 0.020313 0.131944 2 0.001069 0.995313 0.464583 0.009375 0.048611
CCTV02^20260511-140000-20260511-142440_002480,2 0.704102 0.01875 0.875 0.0375 0.111111 2 0.700684 0.355078 0.375694 0.021094 0.051389 1 0.677246 0.404297 0.338194 0.016406 0.054167 9 0.656738 0.798047 0.460417 0.050781 0.098611 2 0.624512 0.371875 0.324306 0.01875 0.048611 2 0.435791 0.89375 0.747917 0.051562 0.098611 1 0.379395 0.694922 0.4875 0.022656 0.061111 10 0.368408 0.304297 0.547917 0.061719 0.206944 2 0.346924 0.980078 0.686806 0.039844 0.093056 2 0.299072 0.714063 0.468056 0.0375 0.058333 2 0.299072 0.735547 0.457639 0.030469 0.054167 2 0.1427 0.703125 0.429167 0.023438 0.041667 2 0.118774 0.239844 0.560417 0.021875 0.056944 2 0.112793 0.773828 0.640278 0.039844 0.097222 9 0.111267 0.978906 0.872222 0.042188 0.205556 3 0.09845 0.979297 0.866667 0.041406 0.186111 1 0.086609 0.402734 0.340972 0.022656 0.065278 2 0.067078 0.979297 0.840972 0.041406 0.1375 7 0.057068 0.821094 0.545139 0.0375 0.073611 2 0.043365 0.698438 0.48125 0.025 0.065278 11 0.030106 0.028906 0.658333 0.05625 0.133333 2 0.025955 0.994531 0.7375 0.010937 0.091667 2 0.022369 0.704688 0.447917 0.025 0.059722 10 0.02211 0.980469 0.872222 0.039062 0.216667 2 0.022034 0.367188 0.340278 0.015625 0.058333 2 0.021286 0.764062 0.457639 0.025 0.054167 10 0.018692 0.029297 0.658333 0.058594 0.138889 4 0.0159 0.821094 0.547222 0.039062 0.077778 2 0.013222 0.951172 0.698611 0.025781 0.069444 2 0.007488 0.991406 0.725 0.017188 0.080556 2 0.005775 0.992188 0.623611 0.015625 0.091667 2 0.00573 0.821094 0.549306 0.039062 0.084722 3 0.005642 0.319141 0.3125 0.021094 0.036111 7 0.005489 0.838281 0.655556 0.075 0.116667 2 0.004417 0.777734 0.559028 0.027344 0.056944 2 0.004299 0.350391 0.377083 0.038281 0.0625 10 0.004025 0.326172 0.260417 0.030469 0.070833 10 0.003765 0.989844 0.633333 0.020313 0.113889 2 0.003456 0.336719 0.2125 0.010937 0.025 12 0.003389 0.678125 0.998611 0.15 0.002778 2 0.003223 0.995313 0.549306 0.009375 0.054167 2 0.003004 0.705078 0.4625 0.027344 0.063889 2 0.002993 0.235156 0.568056 0.03125 0.066667 2 0.002737 0.244531 0.5625 0.028125 0.069444 2 0.002333 0.994922 0.78125 0.010156 0.126389 4 0.0021 0.990625 0.622222 0.01875 0.088889 2 0.002068 0.758594 0.472917 0.023438 0.065278 1 0.00201 0.2125 0.572222 0.021875 0.055556 10 0.0017 0.023828 0.591667 0.047656 0.266667 2 0.001681 0.261719 0.483333 0.03125 0.061111 4 0.001675 0.978906 0.848611 0.042188 0.152778 2 0.001629 0.991406 0.663889 0.017188 0.155556 2 0.001554 0.994531 0.533333 0.010937 0.066667 2 0.001549 0.570703 0.3 0.013281 0.038889 1 0.001478 0.548828 0.916667 0.027344 0.083333 2 0.001421 0.369141 0.223611 0.014844 0.038889 4 0.001421 0.836328 0.651389 0.069531 0.105556 11 0.001383 0.983594 0.86875 0.032813 0.181944 0 0.001356 0.320312 0.709028 0.040625 0.065278 1 0.001235 0.995313 0.547917 0.009375 0.056944 2 0.001174 0.726953 0.46875 0.035156 0.0625 10 0.001124 0.994531 0.120139 0.010937 0.220833 2 0.001107 0.365625 0.350694 0.032813 0.059722 2 0.001032 0.698438 0.430556 0.03125 0.055556
CCTV02^20260511-140000-20260511-142440_002484,2 0.766113 0.20625 0.902778 0.059375 0.127778 3 0.73877 0.536719 0.410417 0.029687 0.0625 3 0.710449 0.465625 0.44375 0.028125 0.059722 2 0.680664 0.020313 0.875 0.040625 0.111111 2 0.647949 0.310937 0.531944 0.032813 0.069444 2 0.613281 0.7125 0.46875 0.034375 0.059722 3 0.550781 0.659766 0.464583 0.046094 0.079167 4 0.541016 0.776953 0.6875 0.049219 0.119444 2 0.458984 0.540625 0.298611 0.01875 0.041667 10 0.451416 0.435547 0.340972 0.036719 0.098611 2 0.401611 0.958594 0.726389 0.05 0.091667 2 0.381104 0.736328 0.461806 0.028906 0.056944 2 0.300781 0.764844 0.480556 0.023438 0.058333 2 0.246582 0.98125 0.788889 0.0375 0.102778 2 0.096008 0.791406 0.50625 0.025 0.059722 0 0.091064 0.98125 0.790278 0.0375 0.102778 7 0.063721 0.776953 0.686111 0.049219 0.122222 2 0.051849 0.239844 0.5625 0.025 0.063889 2 0.033203 0.571094 0.297917 0.014063 0.0375 10 0.029541 0.407813 0.243056 0.03125 0.069444 3 0.029419 0.318359 0.3125 0.022656 0.036111 2 0.021866 0.540234 0.304167 0.024219 0.061111 2 0.020096 0.34375 0.29375 0.015625 0.043056 10 0.014618 0.323047 0.407639 0.053906 0.140278 4 0.013588 0.858984 0.621528 0.041406 0.093056 10 0.013168 0.029297 0.656944 0.058594 0.141667 11 0.010818 0.028906 0.658333 0.05625 0.133333 2 0.010056 0.982031 0.684028 0.035937 0.098611 2 0.005688 0.88125 0.570139 0.034375 0.068056 2 0.005554 0.7625 0.497222 0.028125 0.080556 10 0.004982 0.325781 0.257639 0.028125 0.070833 2 0.003622 0.808594 0.479167 0.025 0.058333 2 0.003511 0.995313 0.547917 0.009375 0.059722 10 0.003376 0.025391 0.620833 0.050781 0.208333 2 0.003088 0.976953 0.721528 0.039844 0.109722 2 0.00304 0.235156 0.570139 0.034375 0.073611 2 0.002958 0.992578 0.667361 0.014844 0.148611 2 0.002913 0.994922 0.759722 0.010156 0.122222 2 0.00279 0.981641 0.763194 0.033594 0.126389 2 0.002493 0.993359 0.613194 0.013281 0.0875 2 0.002342 0.851953 0.54375 0.028906 0.056944 3 0.002342 0.9875 0.927778 0.025 0.144444 2 0.002043 0.991797 0.929167 0.016406 0.141667 2 0.001957 0.780078 0.505556 0.030469 0.072222 1 0.00181 0.210547 0.577083 0.024219 0.059722 7 0.001775 0.857812 0.622917 0.04375 0.098611 11 0.001179 0.990625 0.638889 0.01875 0.133333 1 0.001078 0.548047 0.916667 0.027344 0.083333
CCTV02^20260511-140000-20260511-142440_002488,2 0.764648 0.6875 0.513194 0.028125 0.068056 2 0.713867 0.087109 0.729167 0.072656 0.086111 2 0.6875 0.933594 0.827778 0.057813 0.113889 2 0.6875 0.020313 0.871528 0.040625 0.1125 3 0.537109 0.419531 0.300694 0.020313 0.0375 2 0.503906 0.285547 0.513889 0.027344 0.063889 4 0.492188 0.776172 0.697917 0.052344 0.120833 2 0.407227 0.617969 0.35 0.020313 0.052778 2 0.392334 0.378125 0.320139 0.01875 0.045833 2 0.357666 0.717969 0.468056 0.035937 0.052778 2 0.315674 0.722266 0.513194 0.035156 0.054167 2 0.313965 0.527344 0.284722 0.01875 0.038889 2 0.310791 0.976172 0.685417 0.047656 0.098611 10 0.29248 0.323047 0.406944 0.052344 0.136111 2 0.176636 0.755078 0.474306 0.030469 0.051389 2 0.149048 0.992969 0.790278 0.014063 0.108333 2 0.144165 0.79375 0.490972 0.021875 0.054167 3 0.142212 0.992578 0.790278 0.014844 0.108333 9 0.113586 0.752344 0.557639 0.08125 0.109722 2 0.09668 0.833203 0.520139 0.028906 0.068056 7 0.074524 0.867578 0.689583 0.072656 0.104167 2 0.063049 0.9125 0.642361 0.045312 0.090278 2 0.060974 0.99375 0.767361 0.0125 0.131944 4 0.05014 0.75 0.557639 0.075 0.109722 2 0.045197 0.239453 0.561806 0.024219 0.059722 2 0.040253 0.721094 0.496528 0.0375 0.054167 4 0.032349 0.867188 0.690972 0.075 0.104167 2 0.028107 0.773828 0.458333 0.019531 0.041667 4 0.025955 0.991016 0.788194 0.017969 0.123611 2 0.013901 0.994922 0.5375 0.010156 0.063889 10 0.010612 0.029297 0.655556 0.057031 0.127778 2 0.010529 0.505078 0.246528 0.016406 0.043056 3 0.007935 0.864844 0.688889 0.075 0.1 10 0.007462 0.989844 0.79375 0.020313 0.318056 1 0.006168 0.995313 0.546528 0.009375 0.056944 3 0.00605 0.980078 0.522222 0.039844 0.061111 9 0.005981 0.989844 0.803472 0.020313 0.134722 2 0.004887 0.819922 0.490278 0.027344 0.063889 4 0.004829 0.735547 0.561111 0.044531 0.1 11 0.004791 0.988672 0.640278 0.022656 0.136111 2 0.003736 0.613281 0.363194 0.03125 0.065278 2 0.003708 0.622266 0.352083 0.028906 0.0625 2 0.003456 0.733984 0.561806 0.039844 0.095833 10 0.003004 0.325781 0.259722 0.028125 0.072222 2 0.002296 0.24375 0.563194 0.029687 0.073611 2 0.00227 0.994531 0.718056 0.010937 0.080556 2 0.002243 0.989844 0.743056 0.020313 0.122222 1 0.001839 0.550391 0.918056 0.021094 0.075 2 0.00181 0.814844 0.479861 0.017188 0.054167 9 0.001461 0.989844 0.619444 0.020313 0.091667 2 0.001421 0.985156 0.782639 0.029687 0.118056 2 0.001305 0.99375 0.606944 0.0125 0.091667 2 0.001294 0.757031 0.528472 0.05 0.068056 2 0.001255 0.571875 0.295139 0.0125 0.031944 10 0.001188 0.994922 0.120833 0.010156 0.202778 2 0.001151 0.524609 0.295139 0.024219 0.051389 3 0.001099 0.334375 0.328472 0.01875 0.034722 2 0.001057 0.382422 0.31875 0.028906 0.056944 1 0.001004 0.208594 0.579167 0.026562 0.052778
CCTV02^20260511-140000-20260511-142440_002492,2 0.760742 0.380859 0.392361 0.021094 0.051389 2 0.756348 0.282031 0.688194 0.040625 0.084722 3 0.737305 0.437109 0.455556 0.028906 0.055556 2 0.712402 0.022656 0.875694 0.045312 0.1125 2 0.70752 0.717578 0.475 0.036719 0.066667 2 0.689453 0.360938 0.389583 0.01875 0.045833 2 0.665527 0.6875 0.443056 0.021875 0.055556 2 0.658203 0.884766 0.691667 0.039844 0.088889 2 0.642578 0.660156 0.477083 0.029687 0.059722 2 0.575684 0.757422 0.555556 0.039844 0.075 10 0.517578 0.599219 0.320139 0.0625 0.081944 2 0.424316 0.526172 0.288889 0.017969 0.038889 12 0.394287 0.589453 0.65 0.052344 0.136111 2 0.386719 0.933594 0.714583 0.045312 0.0875 2 0.332764 0.984766 0.738889 0.030469 0.111111 9 0.270508 0.557422 0.503472 0.046094 0.131944 7 0.203125 0.589453 0.648611 0.050781 0.130556 2 0.105957 0.925 0.651389 0.0375 0.075 2 0.068054 0.240234 0.565278 0.025781 0.061111 10 0.056854 0.324609 0.478472 0.052344 0.1375 3 0.054413 0.31875 0.313194 0.021875 0.034722 10 0.043213 0.029297 0.65625 0.058594 0.140278 1 0.031738 0.828906 0.548611 0.029687 0.075 10 0.031143 0.322266 0.406944 0.052344 0.136111 2 0.027374 0.766797 0.459028 0.027344 0.054167 11 0.025177 0.028906 0.658333 0.05625 0.133333 2 0.021698 0.989844 0.625 0.020313 0.088889 2 0.018982 0.685156 0.453472 0.025 0.068056 2 0.016403 0.372656 0.277083 0.017188 0.043056 0 0.011375 0.827344 0.548611 0.032813 0.077778 1 0.00885 0.767578 0.469444 0.027344 0.063889 10 0.008064 0.492578 0.277083 0.047656 0.093056 2 0.007812 0.791406 0.421528 0.025 0.045833 3 0.007206 0.988672 0.920139 0.022656 0.159722 2 0.006691 0.341797 0.4 0.017969 0.094444 2 0.006668 0.994922 0.461111 0.010156 0.058333 10 0.005959 0.326562 0.259722 0.029687 0.072222 2 0.005302 0.994922 0.55 0.010156 0.069444 2 0.005001 0.827344 0.548611 0.029687 0.075 2 0.004181 0.898828 0.568056 0.044531 0.105556 2 0.00396 0.995703 0.536111 0.008594 0.066667 2 0.002981 0.994141 0.6875 0.011719 0.113889 10 0.002867 0.655078 0.75 0.096094 0.213889 2 0.002747 0.993359 0.614583 0.013281 0.098611 1 0.002684 0.995703 0.544444 0.008594 0.061111 3 0.002323 0.994531 0.914583 0.010937 0.145833 2 0.002174 0.891406 0.561111 0.032813 0.088889 2 0.002068 0.763672 0.472917 0.027344 0.065278 2 0.001897 0.979297 0.681944 0.041406 0.091667 1 0.001897 0.55 0.920139 0.020313 0.073611 3 0.001883 0.326953 0.310417 0.024219 0.031944 3 0.001597 0.994922 0.497222 0.010156 0.088889 2 0.001513 0.989844 0.521528 0.020313 0.059722 2 0.001416 0.98125 0.710417 0.0375 0.140278 3 0.00132 0.441406 0.459722 0.039062 0.072222 1 0.001305 0.209766 0.576389 0.024219 0.055556 10 0.00109 0.994922 0.120833 0.010156 0.202778 2 0.001004 0.382812 0.397917 0.028125 0.068056
CCTV02^20260511-140000-20260511-142440_002496,9 0.882324 0.469531 0.457639 0.040625 0.1125 3 0.770508 0.436328 0.359722 0.027344 0.058333 2 0.756348 0.258594 0.847917 0.051562 0.126389 2 0.754883 0.588672 0.388889 0.024219 0.055556 2 0.71875 0.629297 0.415278 0.025781 0.052778 2 0.713867 0.288281 0.588194 0.039062 0.073611 2 0.708984 0.021484 0.874306 0.042969 0.109722 2 0.692871 0.720313 0.472222 0.0375 0.061111 2 0.682617 0.379688 0.413889 0.021875 0.055556 2 0.65332 0.966016 0.893056 0.064844 0.113889 2 0.613281 0.55625 0.38125 0.021875 0.051389 10 0.466797 0.667578 0.371528 0.069531 0.104167 2 0.414795 0.534375 0.31875 0.017188 0.040278 2 0.37207 0.927344 0.766667 0.05 0.111111 2 0.324219 0.511328 0.30625 0.016406 0.040278 2 0.273682 0.692187 0.432639 0.0375 0.051389 10 0.259033 0.661328 0.798611 0.149219 0.386111 2 0.256836 0.503906 0.290972 0.017188 0.0375 2 0.154541 0.905078 0.661806 0.047656 0.095833 2 0.146118 0.560156 0.334028 0.023438 0.045833 2 0.100525 0.936328 0.715278 0.047656 0.083333 2 0.097412 0.538672 0.313194 0.021094 0.040278 2 0.084167 0.564844 0.34375 0.017188 0.034722 2 0.079468 0.239844 0.563194 0.023438 0.068056 2 0.057068 0.992969 0.860417 0.014063 0.118056 2 0.05481 0.994531 0.834722 0.010937 0.108333 2 0.054413 0.803125 0.607639 0.04375 0.084722 2 0.029755 0.504687 0.296528 0.021875 0.048611 2 0.026459 0.977344 0.703472 0.045312 0.115278 10 0.026352 0.323437 0.40625 0.051562 0.134722 3 0.024338 0.658594 0.801389 0.145313 0.363889 3 0.024048 0.991406 0.876389 0.017188 0.130556 2 0.023331 0.989844 0.873611 0.020313 0.119444 2 0.018188 0.544141 0.30625 0.021094 0.034722 2 0.018127 0.534766 0.306944 0.017969 0.041667 3 0.016922 0.31875 0.311806 0.021875 0.034722 10 0.013123 0.028906 0.657639 0.057813 0.1375 2 0.012192 0.978906 0.523611 0.042188 0.063889 2 0.012009 0.558203 0.349306 0.021094 0.034722 2 0.011734 0.511328 0.289583 0.016406 0.031944 11 0.011734 0.028516 0.660417 0.055469 0.131944 10 0.007259 0.326953 0.259722 0.030469 0.072222 2 0.004719 0.994922 0.797917 0.010156 0.118056 4 0.002834 0.689453 0.431944 0.038281 0.055556 2 0.00255 0.242578 0.551389 0.030469 0.083333 2 0.00255 0.995703 0.542361 0.008594 0.068056 11 0.002512 0.988672 0.644444 0.022656 0.141667 2 0.002453 0.991406 0.840278 0.017188 0.125 1 0.002359 0.891016 0.549306 0.027344 0.070833 2 0.002182 0.523828 0.255556 0.016406 0.038889 12 0.002068 0.991406 0.627778 0.017188 0.105556 10 0.001853 0.024219 0.596528 0.048438 0.254167 4 0.001839 0.991406 0.638194 0.017188 0.126389 12 0.001597 0.994141 0.615278 0.011719 0.1 10 0.001554 0.986719 0.667361 0.026562 0.204167 1 0.001501 0.55 0.920833 0.020313 0.077778 2 0.001455 0.234766 0.569444 0.032031 0.069444 10 0.001389 0.992969 0.664583 0.014063 0.176389 2 0.001245 0.995703 0.754167 0.008594 0.086111 2 0.00124 0.996094 0.563889 0.007812 0.066667 2 0.001225 0.919922 0.586111 0.047656 0.083333 1 0.001188 0.55 0.913889 0.028125 0.088889 1 0.001057 0.209375 0.577778 0.025 0.061111
CCTV02^20260511-140000-20260511-142440_002500,10 0.813965 0.548828 0.373611 0.058594 0.130556 4 0.800781 0.430469 0.476389 0.039062 0.086111 10 0.747559 0.668359 0.371528 0.071094 0.101389 2 0.746094 0.345703 0.465278 0.027344 0.061111 2 0.726562 0.020703 0.874306 0.041406 0.109722 3 0.713867 0.421484 0.356944 0.024219 0.055556 2 0.690918 0.738672 0.558333 0.035156 0.069444 2 0.616699 0.974609 0.865278 0.050781 0.122222 3 0.615234 0.49375 0.317361 0.025 0.045833 2 0.544922 0.765234 0.534722 0.035156 0.063889 2 0.517578 0.705469 0.465972 0.0375 0.059722 2 0.422607 0.733594 0.452778 0.029687 0.052778 2 0.310791 0.533594 0.272222 0.01875 0.038889 2 0.273682 0.98125 0.715972 0.0375 0.098611 2 0.264404 0.936328 0.715278 0.047656 0.091667 1 0.217285 0.608984 0.408333 0.021094 0.063889 10 0.196167 0.356641 0.304861 0.039844 0.095833 2 0.152588 0.608594 0.408333 0.020313 0.061111 2 0.085083 0.878906 0.688889 0.042188 0.086111 2 0.042572 0.641016 0.404167 0.017969 0.058333 2 0.034088 0.326953 0.34375 0.019531 0.054167 2 0.029984 0.8125 0.465972 0.032813 0.059722 2 0.028336 0.696484 0.434028 0.027344 0.040278 3 0.01445 0.31875 0.311806 0.020313 0.0375 11 0.012726 0.028516 0.659722 0.055469 0.136111 10 0.011826 0.029297 0.657639 0.058594 0.140278 2 0.011162 0.239844 0.563889 0.023438 0.061111 2 0.01078 0.699219 0.454167 0.03125 0.061111 12 0.004681 0.640625 0.586806 0.146875 0.245833 2 0.004166 0.761328 0.484722 0.027344 0.05 2 0.003429 0.980078 0.850694 0.038281 0.090278 2 0.002935 0.9875 0.729861 0.025 0.093056 3 0.002342 0.321875 0.320139 0.021875 0.040278 2 0.002182 0.992969 0.836111 0.014063 0.077778 10 0.002132 0.023438 0.596528 0.046875 0.259722 2 0.001987 0.80625 0.572222 0.029687 0.061111 2 0.001949 0.994922 0.460417 0.010156 0.054167 2 0.001912 0.576953 0.418056 0.017969 0.047222 2 0.00181 0.294141 0.379167 0.033594 0.066667 2 0.00172 0.242188 0.556944 0.03125 0.080556 2 0.001661 0.817578 0.657639 0.044531 0.0875 2 0.001623 0.994922 0.552778 0.010156 0.075 1 0.00132 0.733594 0.59375 0.029687 0.065278 10 0.001305 0.99375 0.677083 0.0125 0.184722 2 0.00126 0.64375 0.413889 0.025 0.061111 1 0.001235 0.210156 0.577778 0.025 0.058333 12 0.001206 0.678125 0.998611 0.153125 0.002778 3 0.001169 0.995313 0.538889 0.009375 0.066667 2 0.001116 0.577344 0.403472 0.017188 0.065278 2 0.001116 0.992969 0.613889 0.014063 0.091667 10 0.001069 0.989453 0.675694 0.021094 0.2125
CCTV02^20260511-140000-20260511-142440_002504,10 0.808105 0.667578 0.372222 0.071094 0.102778 2 0.710449 0.022266 0.875 0.044531 0.111111 2 0.660156 0.735547 0.460417 0.033594 0.059722 2 0.588867 0.689063 0.441667 0.03125 0.055556 2 0.507812 0.535547 0.294444 0.019531 0.044444 3 0.42627 0.476172 0.275694 0.024219 0.040278 2 0.379395 0.905469 0.709722 0.054688 0.091667 2 0.317383 0.857422 0.465278 0.027344 0.061111 2 0.315674 0.299219 0.397222 0.023438 0.05 2 0.27832 0.978906 0.711111 0.042188 0.102778 2 0.243652 0.980469 0.929861 0.039062 0.134722 2 0.127197 0.925 0.65 0.0375 0.072222 0 0.124207 0.928906 0.846528 0.05 0.101389 3 0.123352 0.980469 0.93125 0.039062 0.1375 3 0.111267 0.317969 0.313194 0.020313 0.0375 1 0.047607 0.980078 0.93125 0.039844 0.1375 1 0.042877 0.994922 0.828472 0.010156 0.084722 2 0.03476 0.379688 0.216667 0.0125 0.030556 2 0.028015 0.803516 0.505556 0.022656 0.055556 2 0.027176 0.640625 0.411111 0.01875 0.05 10 0.026657 0.030078 0.656944 0.060156 0.144444 2 0.016464 0.995313 0.819444 0.009375 0.1 2 0.014114 0.239453 0.564583 0.025781 0.065278 1 0.012871 0.991406 0.833333 0.017188 0.094444 2 0.01178 0.346094 0.202778 0.0125 0.027778 2 0.009521 0.472656 0.217361 0.014063 0.029167 10 0.008217 0.326562 0.260417 0.028125 0.073611 2 0.006191 0.879687 0.766667 0.0375 0.088889 2 0.005081 0.990625 0.623611 0.01875 0.086111 3 0.004791 0.995313 0.536111 0.009375 0.066667 2 0.004646 0.485547 0.223611 0.011719 0.030556 2 0.004215 0.993359 0.664583 0.013281 0.145833 3 0.003651 0.976953 0.524306 0.044531 0.065278 2 0.003052 0.994922 0.553472 0.010156 0.070833 11 0.002672 0.030078 0.660417 0.058594 0.131944 1 0.002653 0.804688 0.505556 0.025 0.055556 1 0.002642 0.210156 0.575694 0.023438 0.059722 2 0.002571 0.983594 0.696528 0.032813 0.143056 10 0.002562 0.859375 0.882639 0.207813 0.226389 2 0.002378 0.916406 0.573611 0.045312 0.091667 2 0.002287 0.535937 0.302083 0.026562 0.065278 2 0.002115 0.453125 0.222917 0.01875 0.0375 12 0.001942 0.677734 0.998611 0.152344 0.002778 2 0.001824 0.571094 0.303472 0.014063 0.045833 2 0.001748 0.892969 0.545139 0.025 0.073611 0 0.001432 0.826562 0.467361 0.025 0.051389 10 0.00141 0.023828 0.598611 0.047656 0.25 2 0.001399 0.555078 0.302778 0.027344 0.055556 1 0.001294 0.9875 0.854861 0.025 0.0875 1 0.001206 0.533594 0.305556 0.025 0.063889 2 0.001188 0.969922 0.999306 0.057031 0.001389 2 0.001179 0.988672 0.784722 0.019531 0.122222 12 0.001179 0.633984 0.5875 0.135156 0.247222 2 0.001048 0.870313 0.777778 0.05 0.105556
CCTV02^20260511-140000-20260511-142440_002508,9 0.820801 0.603906 0.403472 0.05 0.081944 2 0.762207 0.619922 0.571528 0.032031 0.079167 2 0.737305 0.024609 0.875 0.049219 0.111111 2 0.705566 0.698047 0.470139 0.032031 0.0625 1 0.702637 0.54375 0.45625 0.015625 0.051389 2 0.679199 0.973828 0.792361 0.052344 0.109722 10 0.672363 0.668359 0.374306 0.072656 0.106944 2 0.618652 0.925 0.659028 0.040625 0.084722 2 0.496094 0.651953 0.409722 0.027344 0.044444 2 0.443604 0.858594 0.534028 0.042188 0.070833 1 0.416748 0.291406 0.695833 0.025 0.069444 2 0.414795 0.803906 0.522222 0.026562 0.061111 2 0.386719 0.7875 0.604167 0.046875 0.091667 3 0.354004 0.318359 0.311806 0.021094 0.0375 2 0.332764 0.568359 0.432639 0.021094 0.054167 2 0.191895 0.85625 0.465278 0.029687 0.058333 2 0.09137 0.978906 0.71875 0.042188 0.109722 0 0.086609 0.803906 0.522222 0.026562 0.061111 5 0.075012 0.580078 0.290972 0.028906 0.048611 0 0.035828 0.775391 0.460417 0.027344 0.065278 2 0.0354 0.989844 0.626389 0.020313 0.091667 2 0.03186 0.775 0.461111 0.029687 0.066667 3 0.018692 0.9875 0.931944 0.025 0.136111 10 0.018265 0.326172 0.259028 0.028906 0.076389 10 0.016724 0.029297 0.65625 0.058594 0.140278 1 0.015129 0.891406 0.914583 0.0875 0.159722 2 0.014229 0.239844 0.5625 0.023438 0.058333 11 0.013374 0.028906 0.659028 0.057813 0.143056 2 0.012573 0.578516 0.290972 0.030469 0.048611 1 0.011688 0.557031 0.442361 0.014063 0.054167 3 0.008644 0.980469 0.527778 0.039062 0.072222 1 0.008644 0.882031 0.919444 0.051562 0.133333 9 0.008614 0.395703 0.206944 0.028906 0.063889 2 0.007549 0.291406 0.379167 0.035937 0.066667 2 0.007149 0.573438 0.436806 0.025 0.056944 2 0.005577 0.7625 0.461806 0.0375 0.070833 1 0.004944 0.864844 0.602083 0.025 0.059722 3 0.004349 0.342578 0.161111 0.014844 0.022222 2 0.004215 0.473438 0.218056 0.014063 0.027778 1 0.003839 0.648438 0.411111 0.03125 0.05 1 0.003651 0.208984 0.577778 0.025781 0.055556 1 0.003607 0.994922 0.463889 0.010156 0.052778 2 0.003511 0.917578 0.577778 0.042969 0.072222 2 0.003248 0.995313 0.555556 0.009375 0.077778 3 0.002653 0.995703 0.547222 0.008594 0.061111 3 0.002512 0.325781 0.311806 0.023438 0.040278 1 0.002415 0.875 0.929861 0.0375 0.101389 2 0.002398 0.979297 0.677083 0.039844 0.081944 2 0.002287 0.2875 0.401389 0.028125 0.058333 2 0.002132 0.755859 0.459722 0.022656 0.066667 2 0.002003 0.605469 0.363194 0.021875 0.0375 7 0.001889 0.978125 0.521528 0.04375 0.068056 1 0.00181 0.564453 0.436806 0.021094 0.056944 1 0.001675 0.56875 0.444444 0.025 0.063889 2 0.001636 0.995313 0.739583 0.009375 0.129167 2 0.001554 0.242578 0.55625 0.032031 0.076389 10 0.001543 0.988672 0.863889 0.022656 0.272222 2 0.001367 0.99375 0.609028 0.0125 0.115278 2 0.001274 0.825 0.443056 0.028125 0.055556 12 0.001255 0.678516 0.998611 0.147656 0.002778 10 0.001245 0.395703 0.208333 0.028906 0.066667
CCTV02^20260511-140000-20260511-142440_002512,10 0.819824 0.435547 0.388889 0.041406 0.125 10 0.777344 0.672266 0.378472 0.060156 0.098611 5 0.771973 0.632031 0.347222 0.026562 0.055556 2 0.733887 0.35625 0.46875 0.028125 0.0625 2 0.720215 0.023047 0.874306 0.046094 0.1125 2 0.654785 0.747266 0.53125 0.035156 0.070833 2 0.613281 0.698828 0.445833 0.032031 0.058333 4 0.413086 0.941797 0.836806 0.116406 0.198611 2 0.390381 0.926172 0.656944 0.039844 0.086111 3 0.32251 0.318359 0.313194 0.021094 0.0375 2 0.312256 0.376172 0.283333 0.019531 0.044444 2 0.287842 0.8125 0.550694 0.028125 0.070833 9 0.174438 0.944531 0.836806 0.110937 0.190278 2 0.093994 0.979297 0.684722 0.041406 0.097222 2 0.085999 0.355469 0.296528 0.017188 0.048611 2 0.065613 0.963672 0.729167 0.053906 0.075 11 0.032471 0.028906 0.661806 0.05625 0.1375 1 0.031372 0.325 0.465278 0.017188 0.075 2 0.029877 0.240234 0.563889 0.024219 0.063889 3 0.022034 0.992188 0.926389 0.015625 0.147222 2 0.021286 0.847266 0.554861 0.028906 0.065278 2 0.020416 0.647266 0.415972 0.017969 0.043056 10 0.018265 0.029687 0.660417 0.059375 0.140278 2 0.017578 0.883594 0.645139 0.032813 0.070833 12 0.017441 0.914453 0.829167 0.171094 0.208333 2 0.014671 0.372266 0.288889 0.017969 0.044444 2 0.012009 0.876172 0.554167 0.032031 0.069444 2 0.011467 0.751172 0.491667 0.027344 0.05 2 0.01033 0.990234 0.625694 0.019531 0.093056 2 0.010246 0.994922 0.728472 0.010156 0.0875 0 0.00927 0.355859 0.296528 0.016406 0.048611 2 0.008545 0.988281 0.665278 0.023438 0.155556 0 0.007843 0.647656 0.41875 0.020313 0.051389 3 0.007607 0.988672 0.914583 0.022656 0.170833 2 0.006538 0.720313 0.490278 0.025 0.063889 2 0.006462 0.751172 0.506944 0.035156 0.072222 10 0.006218 0.326172 0.259028 0.028906 0.070833 2 0.003363 0.295312 0.378472 0.040625 0.076389 10 0.003298 0.899219 0.828472 0.201563 0.218056 3 0.003223 0.323828 0.306944 0.025781 0.047222 2 0.002672 0.995313 0.555556 0.009375 0.066667 2 0.002571 0.994141 0.600694 0.011719 0.123611 4 0.002493 0.988672 0.624306 0.022656 0.090278 2 0.002287 0.789844 0.4875 0.026562 0.063889 10 0.002234 0.963672 0.80625 0.072656 0.259722 1 0.002003 0.996094 0.548611 0.007812 0.061111 2 0.00198 0.977344 0.735417 0.042188 0.101389 2 0.001972 0.358203 0.46875 0.038281 0.073611 3 0.001957 0.98125 0.909722 0.0375 0.152778 2 0.001912 0.957812 0.711111 0.05 0.069444 10 0.001768 0.986328 0.766667 0.027344 0.3 11 0.0017 0.988281 0.634028 0.023438 0.1125 12 0.001623 0.678516 0.998611 0.146094 0.002778 2 0.001455 0.312109 0.380556 0.013281 0.044444 2 0.001367 0.860156 0.609028 0.032813 0.070833 12 0.001012 0.96875 0.995833 0.0625 0.008333 2 0.001008 0.773828 0.493056 0.032031 0.066667
CCTV02^20260511-140000-20260511-142440_002813,10 0.898926 0.295312 0.592361 0.098437 0.240278 10 0.872559 0.559375 0.365972 0.059375 0.118056 2 0.850098 0.159766 0.686111 0.042969 0.077778 2 0.834473 0.678906 0.486111 0.03125 0.061111 5 0.817383 0.636328 0.347222 0.035156 0.052778 3 0.770508 0.319141 0.3125 0.021094 0.036111 2 0.769043 0.63125 0.382639 0.025 0.048611 2 0.744629 0.737891 0.486111 0.033594 0.058333 2 0.726562 0.315625 0.3875 0.01875 0.05 2 0.637207 0.874609 0.548611 0.047656 0.066667 2 0.605957 0.923438 0.647917 0.04375 0.079167 3 0.592773 0.503125 0.339583 0.028125 0.048611 2 0.588867 0.978906 0.684722 0.042188 0.086111 3 0.569824 0.509375 0.299306 0.021875 0.034722 3 0.509766 0.977344 0.785417 0.045312 0.120833 3 0.355713 0.760547 0.692361 0.071094 0.115278 2 0.307373 0.808984 0.458333 0.027344 0.058333 3 0.289307 0.46875 0.270833 0.021875 0.038889 2 0.174438 0.633594 0.355556 0.03125 0.058333 2 0.165649 0.991406 0.623611 0.017188 0.086111 1 0.162354 0.994922 0.892361 0.010156 0.1125 2 0.070068 0.836328 0.54375 0.027344 0.073611 2 0.062103 0.994922 0.890278 0.010156 0.108333 2 0.05835 0.571875 0.296528 0.017188 0.040278 11 0.047089 0.029297 0.654167 0.057031 0.125 5 0.046722 0.759766 0.697917 0.072656 0.129167 1 0.040833 0.989844 0.902083 0.020313 0.126389 2 0.034607 0.310156 0.383333 0.01875 0.05 3 0.027069 0.491406 0.261111 0.01875 0.038889 2 0.025375 0.991016 0.668056 0.017969 0.122222 2 0.019348 0.829688 0.449306 0.025 0.054167 0 0.015961 0.571875 0.297222 0.01875 0.044444 2 0.014839 0.869531 0.506944 0.03125 0.041667 10 0.014503 0.978906 0.813889 0.042188 0.244444 1 0.013123 0.852734 0.647222 0.027344 0.066667 4 0.009521 0.982031 0.779167 0.035937 0.136111 2 0.006413 0.289453 0.384028 0.024219 0.048611 3 0.006191 0.994922 0.863889 0.010156 0.133333 0 0.004887 0.994141 0.919444 0.011719 0.119444 2 0.004738 0.321875 0.3875 0.028125 0.055556 1 0.004719 0.84375 0.648611 0.042188 0.069444 10 0.004215 0.025781 0.634028 0.051562 0.170833 1 0.00404 0.982422 0.902778 0.035156 0.122222 1 0.003511 0.852734 0.589583 0.027344 0.056944 2 0.003147 0.835547 0.557639 0.024219 0.070833 2 0.002867 0.853125 0.45625 0.023438 0.054167 2 0.002405 0.98125 0.620139 0.029687 0.076389 2 0.00209 0.994922 0.527778 0.010156 0.088889 1 0.001768 0.853516 0.614583 0.027344 0.0625 2 0.001741 0.803516 0.465278 0.027344 0.069444 0 0.001356 0.995703 0.538889 0.008594 0.072222 3 0.001057 0.324219 0.315972 0.029687 0.040278 1 0.001048 0.7125 0.390972 0.014063 0.0375 10 0.001032 0.986328 0.740278 0.027344 0.277778 2 0.001008 0.840625 0.565972 0.03125 0.070833
CCTV02^20260511-140000-20260511-142440_002817,10 0.897461 0.644922 0.573611 0.105469 0.227778 4 0.892578 0.551953 0.402083 0.030469 0.068056 10 0.85791 0.392188 0.295833 0.03125 0.091667 2 0.85498 0.160156 0.686111 0.042188 0.077778 2 0.809082 0.345703 0.563889 0.030469 0.066667 5 0.801758 0.636328 0.347222 0.035156 0.055556 2 0.791992 0.713672 0.44375 0.030469 0.056944 2 0.775879 0.930078 0.696528 0.049219 0.081944 2 0.762207 0.268359 0.570139 0.028906 0.0625 2 0.728027 0.315625 0.388194 0.020313 0.051389 3 0.708984 0.319141 0.311806 0.021094 0.034722 2 0.702637 0.980078 0.682639 0.039844 0.093056 2 0.690918 0.854297 0.53125 0.032031 0.0625 2 0.662109 0.883984 0.555556 0.033594 0.063889 2 0.640625 0.337109 0.505556 0.025781 0.058333 2 0.622559 0.173047 0.9375 0.058594 0.113889 3 0.492188 0.766797 0.432639 0.039844 0.048611 2 0.492188 0.294922 0.522917 0.038281 0.054167 3 0.480469 0.333984 0.91875 0.089844 0.134722 1 0.359375 0.046484 0.759028 0.050781 0.059722 2 0.325928 0.925 0.640972 0.042188 0.0625 2 0.303955 0.305859 0.491667 0.028906 0.044444 0 0.230957 0.304297 0.518056 0.032031 0.052778 7 0.136597 0.964844 0.920139 0.070312 0.145833 2 0.107056 0.304297 0.517361 0.030469 0.054167 2 0.093018 0.992188 0.626389 0.015625 0.086111 0 0.06781 0.046484 0.757639 0.047656 0.056944 3 0.062805 0.978906 0.776389 0.042188 0.097222 9 0.061646 0.980859 0.832639 0.038281 0.126389 4 0.048492 0.98125 0.83125 0.0375 0.123611 2 0.020096 0.8625 0.540278 0.020313 0.061111 2 0.019791 0.308594 0.382639 0.015625 0.051389 3 0.018188 0.9875 0.76875 0.025 0.098611 7 0.013588 0.991797 0.924306 0.016406 0.1375 11 0.01078 0.029687 0.651389 0.059375 0.130556 10 0.006824 0.026562 0.633333 0.053125 0.169444 9 0.006145 0.980078 0.859722 0.039844 0.241667 7 0.004417 0.986328 0.925 0.027344 0.138889 2 0.003796 0.915625 0.554861 0.03125 0.068056 1 0.003736 0.714844 0.396528 0.017188 0.034722 2 0.003429 0.238672 0.549306 0.027344 0.068056 2 0.003075 0.994531 0.614583 0.010937 0.095833 2 0.003027 0.290234 0.381944 0.025781 0.052778 2 0.00289 0.983984 0.625694 0.027344 0.0875 2 0.002779 0.303125 0.536111 0.03125 0.072222 0 0.002726 0.980469 0.829167 0.039062 0.119444 4 0.00255 0.963672 0.918056 0.072656 0.127778 10 0.002522 0.983594 0.813194 0.032813 0.270833 2 0.002434 0.233594 0.572917 0.034375 0.084722 10 0.002209 0.980078 0.870139 0.039844 0.243056 2 0.001972 0.853906 0.457639 0.023438 0.054167 2 0.001803 0.986328 0.675694 0.027344 0.120833 2 0.001748 0.322266 0.3875 0.028906 0.055556 1 0.001661 0.7125 0.390972 0.0125 0.034722 1 0.001543 0.992969 0.960417 0.014063 0.079167 2 0.001444 0.995703 0.557639 0.008594 0.0625 1 0.001399 0.725781 0.401389 0.014063 0.033333
CCTV02^20260511-140000-20260511-142440_002821,10 0.878418 0.65 0.489583 0.078125 0.151389 2 0.859863 0.159766 0.685417 0.042969 0.079167 5 0.808105 0.636719 0.347917 0.032813 0.054167 3 0.794434 0.773828 0.508333 0.049219 0.066667 2 0.792969 0.729297 0.548611 0.035156 0.075 2 0.791992 0.294531 0.525694 0.0375 0.059722 2 0.764648 0.714063 0.44375 0.03125 0.054167 2 0.763672 0.811328 0.527083 0.027344 0.059722 2 0.757812 0.268359 0.570833 0.028906 0.061111 2 0.728027 0.610547 0.368056 0.024219 0.047222 3 0.725098 0.319141 0.3125 0.021094 0.036111 2 0.723145 0.979297 0.682639 0.041406 0.090278 2 0.710449 0.883203 0.554167 0.035156 0.066667 2 0.656738 0.923828 0.651389 0.044531 0.080556 2 0.638672 0.315625 0.3875 0.01875 0.05 4 0.633301 0.434766 0.379861 0.022656 0.054167 2 0.550781 0.377734 0.338194 0.016406 0.040278 1 0.388672 0.349219 0.360417 0.014063 0.040278 2 0.361084 0.367578 0.314583 0.016406 0.031944 2 0.276611 0.851953 0.550694 0.025781 0.0625 3 0.216064 0.991406 0.808333 0.017188 0.094444 0 0.150513 0.851562 0.552083 0.025 0.0625 2 0.143188 0.853516 0.53125 0.027344 0.068056 2 0.058777 0.855078 0.515278 0.028906 0.058333 2 0.051453 0.991797 0.633333 0.016406 0.094444 2 0.027802 0.994922 0.775694 0.010156 0.129167 1 0.026764 0.994922 0.747222 0.010156 0.1 2 0.023148 0.50625 0.264583 0.015625 0.029167 2 0.017303 0.995313 0.911111 0.009375 0.113889 10 0.009483 0.989844 0.828472 0.020313 0.304167 11 0.008919 0.030859 0.651389 0.060156 0.127778 2 0.008614 0.273438 0.465278 0.035937 0.061111 0 0.006073 0.377734 0.343056 0.017969 0.052778 2 0.004906 0.238672 0.549306 0.027344 0.073611 2 0.004593 0.995703 0.570139 0.008594 0.101389 10 0.00425 0.025781 0.629167 0.051562 0.175 2 0.003855 0.232813 0.574306 0.0375 0.098611 1 0.003052 0.989844 0.727778 0.017188 0.072222 9 0.002958 0.030859 0.647222 0.061719 0.136111 0 0.002737 0.241016 0.544444 0.024219 0.072222 2 0.002737 0.995703 0.536111 0.008594 0.072222 2 0.002481 0.994531 0.603472 0.010937 0.101389 1 0.002434 0.711719 0.388889 0.0125 0.033333 1 0.002359 0.712891 0.395139 0.014844 0.031944 12 0.002306 0.705078 0.722222 0.155469 0.127778 2 0.00226 0.99375 0.922917 0.0125 0.154167 2 0.002068 0.25625 0.485417 0.026562 0.056944 0 0.001987 0.83125 0.459722 0.021875 0.044444 2 0.0017 0.760156 0.440972 0.017188 0.043056 2 0.001661 0.982812 0.623611 0.025 0.075 2 0.001478 0.289453 0.386806 0.022656 0.048611 2 0.001455 0.988672 0.91875 0.022656 0.1625 0 0.001389 0.982812 0.615972 0.025 0.070833 2 0.001351 0.509375 0.2625 0.015625 0.027778 10 0.001309 0.988672 0.9 0.022656 0.2 2 0.001294 0.83125 0.460417 0.021875 0.045833 2 0.001156 0.988672 0.666667 0.022656 0.130556 12 0.001081 0.995703 0.110417 0.008594 0.129167 4 0.001044 0.988672 0.766667 0.019531 0.141667 2 0.00104 0.916016 0.572222 0.028906 0.061111
CCTV02^20260511-140000-20260511-142440_002825,10 0.94043 0.538672 0.349306 0.053906 0.120833 9 0.906738 0.578125 0.504167 0.053125 0.105556 3 0.833496 0.142578 0.747917 0.107031 0.0875 3 0.827637 0.74375 0.515278 0.078125 0.058333 2 0.81543 0.163281 0.679167 0.046875 0.069444 5 0.804199 0.636328 0.348611 0.035156 0.058333 2 0.789062 0.294922 0.525 0.038281 0.055556 3 0.777344 0.319141 0.313194 0.021094 0.034722 2 0.763672 0.268359 0.571528 0.028906 0.059722 2 0.756348 0.667578 0.471528 0.030469 0.054167 2 0.733887 0.315625 0.3875 0.01875 0.05 2 0.663574 0.660156 0.403472 0.029687 0.048611 2 0.645996 0.978516 0.68125 0.039844 0.095833 2 0.644043 0.93125 0.663889 0.040625 0.088889 2 0.5 0.79375 0.486806 0.0375 0.051389 2 0.490234 0.883984 0.554861 0.041406 0.070833 2 0.399902 0.842969 0.570833 0.035937 0.066667 2 0.291016 0.972656 0.925694 0.054688 0.120833 0 0.253906 0.972656 0.923611 0.054688 0.113889 3 0.252441 0.992188 0.80625 0.015625 0.0875 2 0.154541 0.145313 0.744444 0.101562 0.083333 3 0.126831 0.498437 0.283333 0.021875 0.033333 2 0.05603 0.991797 0.626389 0.016406 0.091667 11 0.046021 0.030078 0.652083 0.058594 0.120833 2 0.044861 0.308594 0.382639 0.017188 0.045833 2 0.039062 0.733984 0.472222 0.035156 0.036111 2 0.03891 0.994922 0.777778 0.010156 0.127778 1 0.033478 0.994531 0.747222 0.010937 0.102778 2 0.026352 0.876172 0.510417 0.027344 0.054167 2 0.018982 0.9875 0.668056 0.025 0.136111 2 0.013794 0.804688 0.452083 0.025 0.045833 10 0.008575 0.990234 0.638194 0.019531 0.120833 2 0.007668 0.134375 0.7125 0.05 0.030556 2 0.007488 0.801172 0.489583 0.030469 0.056944 10 0.006668 0.026562 0.63125 0.053125 0.165278 1 0.006313 0.989844 0.724306 0.020313 0.068056 0 0.006027 0.660156 0.404167 0.032813 0.05 2 0.005775 0.801172 0.468056 0.030469 0.063889 2 0.005707 0.290625 0.384722 0.025 0.05 2 0.004963 0.85 0.463889 0.025 0.052778 2 0.004539 0.992969 0.820139 0.014063 0.120833 10 0.004135 0.990625 0.760417 0.017188 0.273611 9 0.003855 0.029297 0.648611 0.058594 0.116667 2 0.003736 0.995703 0.565972 0.008594 0.084722 2 0.003429 0.232422 0.579167 0.038281 0.097222 2 0.002531 0.321875 0.3875 0.029687 0.055556 2 0.002398 0.238672 0.552083 0.027344 0.073611 2 0.002333 0.994141 0.611111 0.011719 0.094444 2 0.001957 0.983984 0.620833 0.027344 0.083333 2 0.001883 0.995313 0.533333 0.009375 0.094444 2 0.001789 0.988672 0.700694 0.022656 0.081944 2 0.001761 0.783594 0.465278 0.020313 0.041667 0 0.001346 0.005859 0.695833 0.011719 0.072222 1 0.001249 0.99375 0.720833 0.0125 0.080556 2 0.001216 0.994922 0.894444 0.010156 0.094444 3 0.001206 0.989453 0.817361 0.019531 0.115278 12 0.00109 0.996094 0.0875 0.007812 0.130556 3 0.00109 0.494531 0.286806 0.021875 0.031944 0 0.001065 0.750391 0.450694 0.022656 0.0375
CCTV02^20260511-140000-20260511-142440_002829,4 0.891113 0.674609 0.465972 0.039844 0.081944 2 0.84375 0.160156 0.686806 0.042188 0.079167 3 0.842773 0.744922 0.513889 0.074219 0.058333 2 0.806641 0.294922 0.525 0.038281 0.055556 3 0.786621 0.319141 0.313889 0.021094 0.033333 5 0.775879 0.636328 0.348611 0.035156 0.055556 2 0.762207 0.268359 0.571528 0.028906 0.059722 2 0.73584 0.91875 0.652083 0.040625 0.084722 2 0.725098 0.828125 0.538194 0.026562 0.068056 2 0.705566 0.315625 0.3875 0.01875 0.05 2 0.594727 0.70625 0.448611 0.03125 0.055556 2 0.478516 0.564453 0.375694 0.019531 0.045833 1 0.357666 0.988672 0.95 0.022656 0.091667 2 0.352295 0.882812 0.556944 0.0375 0.063889 2 0.334473 0.980078 0.681944 0.039844 0.1 4 0.20752 0.735938 0.824306 0.0875 0.190278 2 0.191895 0.988281 0.952083 0.023438 0.0875 3 0.183594 0.992188 0.811806 0.015625 0.101389 9 0.101929 0.7375 0.818056 0.084375 0.208333 2 0.082092 0.859375 0.567361 0.025 0.056944 11 0.080627 0.030078 0.655556 0.058594 0.125 2 0.055603 0.994922 0.716667 0.010156 0.072222 7 0.047607 0.735156 0.829861 0.08125 0.184722 4 0.029877 0.835156 0.686111 0.075 0.105556 3 0.028336 0.383594 0.274306 0.01875 0.031944 2 0.022034 0.994922 0.78125 0.010156 0.131944 2 0.020569 0.308203 0.381944 0.016406 0.047222 2 0.020248 0.991797 0.629861 0.016406 0.093056 2 0.017914 0.990625 0.666667 0.01875 0.136111 2 0.01622 0.876172 0.5125 0.027344 0.052778 1 0.012192 0.994531 0.725694 0.010937 0.081944 2 0.010818 0.994922 0.922222 0.010156 0.138889 1 0.010208 0.990625 0.714583 0.017188 0.073611 2 0.008255 0.994922 0.747917 0.010156 0.1125 0 0.005936 0.564844 0.377778 0.020313 0.055556 10 0.005821 0.027344 0.636111 0.054688 0.166667 0 0.005821 0.836328 0.699306 0.069531 0.126389 2 0.005753 0.995703 0.89375 0.008594 0.098611 2 0.00452 0.878125 0.524306 0.029687 0.048611 12 0.004299 0.7375 0.822917 0.0875 0.195833 10 0.00326 0.989844 0.811806 0.020313 0.295833 0 0.003052 0.960156 0.70625 0.042188 0.0625 0 0.002981 0.966797 0.695833 0.036719 0.088889 2 0.002472 0.9875 0.926389 0.021875 0.136111 2 0.002234 0.916797 0.556944 0.033594 0.072222 2 0.002165 0.752344 0.429861 0.020313 0.043056 2 0.002132 0.990625 0.729167 0.017188 0.075 2 0.002028 0.322266 0.386111 0.028906 0.055556 2 0.00202 0.235547 0.571528 0.030469 0.079167 12 0.002003 0.995703 0.110417 0.008594 0.126389 2 0.001972 0.291016 0.386806 0.024219 0.048611 2 0.001897 0.989453 0.777083 0.019531 0.154167 1 0.001824 0.725781 0.400694 0.0125 0.0375 2 0.001775 0.995313 0.536806 0.009375 0.095833 2 0.001549 0.995703 0.569444 0.008594 0.088889 2 0.001525 0.240234 0.548611 0.022656 0.072222 3 0.00149 0.323828 0.317361 0.028906 0.0375 2 0.00141 0.994922 0.874306 0.010156 0.1125 2 0.001294 0.988672 0.886806 0.019531 0.106944 1 0.001255 0.982422 0.943056 0.035156 0.113889 0 0.001174 0.242188 0.540278 0.021875 0.066667 10 0.001103 0.994531 0.153472 0.010937 0.179167 2 0.001065 0.971094 0.760417 0.032813 0.081944
CCTV02^20260511-140000-20260511-142440_002833,4 0.937012 0.355859 0.522222 0.036719 0.072222 3 0.88623 0.74375 0.50625 0.071875 0.059722 2 0.878906 0.162109 0.685417 0.046094 0.079167 4 0.867188 0.642578 0.620139 0.055469 0.101389 5 0.816406 0.636328 0.348611 0.035156 0.058333 2 0.778809 0.682031 0.5 0.03125 0.063889 3 0.774414 0.319141 0.313194 0.021094 0.034722 2 0.769043 0.396484 0.377083 0.021094 0.048611 2 0.762207 0.268359 0.570139 0.028906 0.059722 2 0.754883 0.294922 0.524306 0.038281 0.056944 2 0.740234 0.811719 0.497917 0.026562 0.065278 2 0.723145 0.315625 0.388194 0.01875 0.051389 2 0.720215 0.896094 0.670139 0.045312 0.0875 2 0.689453 0.980078 0.683333 0.039844 0.094444 2 0.432129 0.926172 0.654861 0.035156 0.084722 3 0.19812 0.992188 0.8125 0.015625 0.102778 11 0.150024 0.035937 0.647222 0.071875 0.136111 2 0.126343 0.994141 0.911806 0.011719 0.129167 3 0.118408 0.778906 0.434722 0.04375 0.055556 5 0.036621 0.778906 0.434722 0.045312 0.055556 2 0.03595 0.994922 0.775694 0.010156 0.129167 2 0.029877 0.989453 0.915278 0.021094 0.169444 2 0.025864 0.310937 0.383333 0.020313 0.047222 1 0.014008 0.994922 0.744444 0.010156 0.1 2 0.011375 0.992188 0.634028 0.015625 0.098611 2 0.009056 0.88125 0.576389 0.034375 0.075 9 0.006798 0.035547 0.644444 0.071094 0.136111 10 0.005775 0.989844 0.865972 0.020313 0.2625 2 0.004433 0.289844 0.388194 0.023438 0.048611 2 0.0042 0.992188 0.929167 0.015625 0.141667 2 0.00407 0.231641 0.577083 0.038281 0.098611 10 0.003456 0.035937 0.641667 0.071875 0.144444 2 0.003248 0.882422 0.559028 0.039844 0.0875 2 0.003052 0.985938 0.688889 0.025 0.1 11 0.002834 0.989844 0.625694 0.020313 0.095833 10 0.002378 0.990625 0.630556 0.01875 0.1 2 0.002323 0.322656 0.388194 0.029687 0.056944 10 0.002174 0.990625 0.775694 0.017188 0.3125 0 0.002075 0.714844 0.390278 0.020313 0.041667 2 0.00205 0.877344 0.547917 0.029687 0.065278 2 0.001926 0.239063 0.55 0.026562 0.072222 1 0.001867 0.990625 0.722917 0.017188 0.070833 2 0.001513 0.778906 0.434722 0.042188 0.055556 0 0.001351 0.882812 0.56875 0.0375 0.090278 2 0.001192 0.994922 0.571528 0.010156 0.093056 2 0.001134 0.919531 0.579167 0.0375 0.080556 2 0.001107 0.995703 0.548611 0.008594 0.058333 0 0.001057 0.241406 0.54375 0.021875 0.070833
CCTV02^20260511-140000-20260511-142440_002836,2 0.85791 0.160547 0.685417 0.042969 0.081944 10 0.855469 0.325391 0.73125 0.116406 0.320833 3 0.837402 0.680859 0.525694 0.053906 0.068056 5 0.830078 0.636328 0.347917 0.035156 0.056944 2 0.818848 0.651172 0.413889 0.027344 0.05 3 0.785156 0.319141 0.313194 0.021094 0.034722 2 0.773438 0.294922 0.525694 0.038281 0.056944 2 0.760742 0.246094 0.751389 0.042188 0.091667 2 0.754883 0.268359 0.571528 0.028906 0.0625 3 0.751953 0.861328 0.548611 0.047656 0.088889 2 0.751953 0.896875 0.675694 0.040625 0.084722 2 0.690918 0.315625 0.388194 0.01875 0.051389 2 0.690918 0.979297 0.683333 0.039844 0.094444 2 0.611328 0.948438 0.748611 0.0375 0.091667 2 0.57373 0.983594 0.873611 0.032813 0.119444 2 0.439697 0.814844 0.516667 0.025 0.066667 2 0.115173 0.919531 0.578472 0.039062 0.073611 2 0.083618 0.991406 0.631944 0.017188 0.097222 2 0.083313 0.537891 0.284722 0.017969 0.036111 3 0.081787 0.990625 0.822222 0.01875 0.116667 2 0.079224 0.80625 0.475694 0.028125 0.054167 2 0.070801 0.987109 0.85 0.025781 0.175 2 0.057495 0.994922 0.757639 0.010156 0.120833 2 0.056641 0.991406 0.811111 0.017188 0.097222 2 0.042877 0.811328 0.501389 0.030469 0.083333 2 0.041321 0.309766 0.384028 0.017969 0.048611 11 0.031982 0.030469 0.652778 0.059375 0.125 2 0.027267 0.9875 0.690972 0.025 0.106944 9 0.022629 0.383984 0.292361 0.028906 0.0625 0 0.020416 0.995313 0.532639 0.009375 0.065278 10 0.013794 0.030469 0.65 0.060937 0.133333 9 0.012482 0.989844 0.624306 0.020313 0.090278 2 0.010696 0.878516 0.51875 0.022656 0.065278 3 0.010292 0.473047 0.263194 0.021094 0.0375 2 0.008919 0.290234 0.386806 0.024219 0.048611 0 0.007374 0.806641 0.477083 0.028906 0.054167 4 0.00589 0.383984 0.292361 0.028906 0.0625 7 0.005161 0.473047 0.263889 0.021094 0.038889 1 0.004791 0.711719 0.390972 0.0125 0.0375 2 0.004349 0.990625 0.725694 0.017188 0.079167 7 0.003622 0.383984 0.293056 0.028906 0.061111 2 0.003298 0.232813 0.571528 0.0375 0.084722 2 0.003172 0.383594 0.298611 0.03125 0.077778 2 0.002779 0.534375 0.290278 0.021875 0.033333 2 0.002714 0.236328 0.547222 0.032031 0.077778 2 0.00255 0.994922 0.538889 0.010156 0.066667 2 0.002434 0.994922 0.725694 0.010156 0.081944 1 0.001585 0.725781 0.398611 0.014063 0.038889 2 0.00149 0.958984 0.618056 0.035156 0.066667 3 0.001444 0.324609 0.316667 0.027344 0.041667 0 0.001289 0.994141 0.524306 0.011719 0.093056 1 0.001169 0.119531 0.716667 0.023438 0.047222 10 0.001156 0.988672 0.830556 0.022656 0.277778 2 0.00109 0.99375 0.615278 0.0125 0.091667 12 0.001073 0.996094 0.109722 0.007812 0.125 2 0.001073 0.989062 0.753472 0.01875 0.126389 2 0.001008 0.982812 0.621528 0.025 0.081944
CCTV02^20260511-140000-20260511-142440_002840,10 0.921387 0.348047 0.404861 0.044531 0.131944 10 0.881348 0.672266 0.609722 0.121094 0.269444 3 0.827637 0.319141 0.313194 0.021094 0.034722 2 0.823242 0.248047 0.656944 0.042969 0.075 2 0.808105 0.160547 0.686806 0.041406 0.076389 2 0.801758 0.307422 0.543056 0.028906 0.061111 3 0.796875 0.8625 0.5625 0.05 0.088889 3 0.773438 0.597266 0.363889 0.030469 0.047222 2 0.767578 0.268359 0.570139 0.027344 0.059722 2 0.757812 0.315234 0.386806 0.017969 0.048611 2 0.756348 0.978516 0.682639 0.039844 0.093056 5 0.747559 0.637109 0.348611 0.033594 0.055556 9 0.73877 0.538672 0.388889 0.047656 0.094444 2 0.73584 0.767578 0.455556 0.039844 0.055556 4 0.690918 0.577734 0.513194 0.050781 0.106944 2 0.527344 0.983203 0.893056 0.033594 0.136111 2 0.496094 0.782422 0.532639 0.030469 0.068056 0 0.273682 0.983203 0.891667 0.033594 0.133333 2 0.161865 0.989453 0.631944 0.021094 0.097222 2 0.15564 0.91875 0.578472 0.040625 0.073611 4 0.154053 0.7875 0.63125 0.059375 0.081944 7 0.146118 0.010937 0.872222 0.021875 0.127778 9 0.141235 0.105859 0.734028 0.103906 0.098611 2 0.139893 0.292969 0.522917 0.035937 0.054167 2 0.118774 0.852734 0.611111 0.027344 0.063889 7 0.10376 0.784766 0.632639 0.060156 0.079167 3 0.103027 0.991797 0.805556 0.016406 0.083333 2 0.102661 0.877344 0.515278 0.025 0.058333 12 0.089111 0.104688 0.733333 0.101562 0.105556 2 0.088806 0.299609 0.536111 0.033594 0.066667 2 0.088196 0.991406 0.811111 0.017188 0.105556 4 0.079224 0.983594 0.903472 0.032813 0.145833 2 0.07666 0.786719 0.635417 0.057813 0.073611 3 0.042877 0.8625 0.754167 0.090625 0.136111 4 0.042236 0.010937 0.864583 0.021875 0.131944 10 0.030334 0.029297 0.650694 0.058594 0.126389 2 0.028656 0.994922 0.770139 0.010156 0.120833 2 0.025864 0.105469 0.731944 0.101562 0.097222 3 0.025085 0.5875 0.472222 0.034375 0.058333 2 0.022797 0.696484 0.7875 0.052344 0.105556 11 0.02121 0.029297 0.652083 0.057031 0.120833 1 0.020889 0.994922 0.743056 0.010156 0.094444 2 0.018982 0.985547 0.619444 0.028906 0.094444 4 0.014557 0.023438 0.86875 0.046875 0.143056 2 0.011375 0.854688 0.488889 0.025 0.05 9 0.010292 0.028516 0.649306 0.057031 0.115278 0 0.009972 0.209375 0.655556 0.01875 0.061111 2 0.006718 0.289844 0.386111 0.026562 0.05 9 0.005707 0.0125 0.879861 0.025 0.148611 1 0.005554 0.838672 0.872917 0.039844 0.115278 2 0.004848 0.858203 0.586111 0.041406 0.088889 5 0.004364 0.901953 0.475 0.027344 0.041667 2 0.004265 0.986328 0.663194 0.027344 0.145833 9 0.00407 0.027344 0.876389 0.054688 0.152778 1 0.003855 0.833203 0.484722 0.017969 0.05 2 0.003565 0.833984 0.484722 0.016406 0.05 7 0.003223 0.105859 0.733333 0.103906 0.097222 2 0.002684 0.237109 0.545139 0.028906 0.076389 3 0.002663 0.483984 0.247917 0.022656 0.034722 2 0.002581 0.864453 0.552778 0.047656 0.080556 4 0.002342 0.8625 0.747917 0.09375 0.126389 0 0.002323 0.7 0.784722 0.046875 0.1 10 0.002314 0.990625 0.761111 0.017188 0.272222 1 0.002253 0.990625 0.727778 0.017188 0.072222 0 0.00209 0.855078 0.489583 0.025781 0.051389 2 0.00205 0.232031 0.577083 0.0375 0.095833 1 0.001853 0.571484 0.299306 0.011719 0.040278 2 0.001853 0.7875 0.529167 0.045312 0.075 0 0.001501 0.239844 0.536806 0.025 0.065278 4 0.001461 0.989062 0.7625 0.01875 0.130556 2 0.001305 0.312109 0.392361 0.022656 0.059722 2 0.001274 0.99375 0.495139 0.0125 0.065278 9 0.001225 0.974219 0.586806 0.05 0.106944 11 0.001008 0.991406 0.602778 0.017188 0.133333
CCTV02^20260511-140000-20260511-142440_002844,10 0.935059 0.347656 0.404167 0.04375 0.130556 10 0.865723 0.310156 0.672222 0.103125 0.272222 2 0.854004 0.160156 0.685417 0.04375 0.079167 4 0.827637 0.753906 0.561806 0.067187 0.095833 5 0.811523 0.637109 0.348611 0.033594 0.055556 3 0.795898 0.593359 0.592361 0.050781 0.090278 3 0.789062 0.928516 0.8125 0.072656 0.130556 2 0.788086 0.314453 0.389583 0.019531 0.048611 3 0.773438 0.319141 0.313889 0.021094 0.036111 2 0.766113 0.267969 0.570833 0.028125 0.061111 2 0.764648 0.933594 0.672222 0.042188 0.088889 2 0.751953 0.594922 0.361111 0.028906 0.05 2 0.712402 0.978516 0.681944 0.041406 0.091667 2 0.668945 0.235547 0.944444 0.061719 0.105556 2 0.625977 0.383984 0.327778 0.014844 0.038889 2 0.533203 0.397266 0.348611 0.021094 0.052778 2 0.430176 0.917969 0.58125 0.039062 0.073611 2 0.364746 0.292578 0.524306 0.035156 0.054167 3 0.24939 0.991016 0.80625 0.017969 0.095833 3 0.245117 0.425781 0.28125 0.01875 0.034722 0 0.192505 0.572266 0.327778 0.021094 0.044444 4 0.191895 0.396875 0.348611 0.021875 0.052778 2 0.155029 0.571875 0.328472 0.020313 0.043056 2 0.067078 0.389062 0.333333 0.025 0.044444 2 0.039185 0.30625 0.535417 0.025 0.051389 2 0.035278 0.310547 0.385417 0.017969 0.048611 2 0.028336 0.992578 0.635417 0.014844 0.093056 1 0.025177 0.191016 0.670833 0.017969 0.05 1 0.021454 0.994531 0.740278 0.010937 0.091667 1 0.016922 0.99375 0.725 0.0125 0.069444 2 0.015015 0.994922 0.777083 0.010156 0.129167 2 0.014839 0.257422 0.484722 0.024219 0.052778 2 0.013847 0.853516 0.475694 0.027344 0.068056 2 0.013023 0.995703 0.486806 0.008594 0.056944 1 0.009377 0.989844 0.721528 0.01875 0.059722 10 0.00927 0.030859 0.652778 0.061719 0.127778 10 0.008377 0.990625 0.833333 0.01875 0.25 2 0.008095 0.995703 0.55 0.008594 0.047222 2 0.006798 0.290234 0.384722 0.027344 0.052778 0 0.006489 0.294922 0.527778 0.038281 0.052778 4 0.005619 0.988672 0.765278 0.019531 0.144444 11 0.005489 0.030078 0.654167 0.058594 0.122222 2 0.005344 0.3 0.541667 0.034375 0.058333 2 0.005241 0.923828 0.509722 0.044531 0.075 2 0.004608 0.233594 0.569444 0.032813 0.086111 2 0.004574 0.996094 0.534722 0.007812 0.072222 0 0.00433 0.711328 0.386111 0.022656 0.044444 0 0.002779 0.571875 0.314583 0.01875 0.051389 10 0.002758 0.991406 0.776389 0.017188 0.241667 2 0.002415 0.981641 0.627778 0.027344 0.077778 2 0.00227 0.239063 0.549306 0.025 0.070833 12 0.002253 0.995703 0.106944 0.008594 0.125 2 0.002253 0.995703 0.882639 0.008594 0.104167 1 0.002165 0.710156 0.382639 0.01875 0.045833 10 0.001525 0.023828 0.625694 0.047656 0.1875 3 0.001444 0.466797 0.257639 0.021094 0.045833 1 0.001444 0.551172 0.9125 0.025781 0.086111 1 0.001399 0.550781 0.923611 0.01875 0.069444 2 0.001346 0.99375 0.604861 0.0125 0.106944 7 0.001335 0.466016 0.255556 0.021094 0.044444 10 0.001274 0.994922 0.134722 0.010156 0.194444 0 0.001197 0.978906 0.540972 0.020313 0.045833 0 0.001184 0.988672 0.627083 0.022656 0.090278 3 0.001143 0.540625 0.263194 0.021875 0.034722 0 0.001073 0.241016 0.540278 0.021094 0.063889
CCTV02^20260511-140000-20260511-142440_002848,10 0.911133 0.347266 0.402083 0.042969 0.126389 10 0.89209 0.342578 0.560417 0.088281 0.204167 9 0.86084 0.459766 0.377778 0.033594 0.077778 2 0.85498 0.159766 0.686111 0.041406 0.080556 5 0.84082 0.636328 0.347917 0.035156 0.056944 3 0.835449 0.457031 0.577778 0.039062 0.072222 2 0.805664 0.957812 0.708333 0.05 0.088889 2 0.800781 0.686719 0.466667 0.032813 0.055556 2 0.79834 0.657813 0.568056 0.03125 0.075 2 0.779785 0.314063 0.388889 0.020313 0.05 3 0.778809 0.319141 0.313194 0.021094 0.034722 2 0.769043 0.26875 0.570139 0.028125 0.0625 2 0.732422 0.639844 0.473611 0.029687 0.058333 2 0.726562 0.395313 0.336111 0.01875 0.041667 4 0.725098 0.633203 0.411806 0.036719 0.056944 0 0.605957 0.24375 0.636806 0.0375 0.073611 2 0.5 0.91875 0.579861 0.0375 0.073611 9 0.394287 0.965625 0.88125 0.06875 0.190278 7 0.275146 0.964844 0.879861 0.067187 0.1875 4 0.273682 0.965625 0.879861 0.067187 0.184722 2 0.182373 0.291016 0.522222 0.032031 0.05 2 0.139893 0.982031 0.6875 0.035937 0.105556 3 0.064636 0.989844 0.832639 0.020313 0.134722 5 0.049591 0.966016 0.88125 0.067969 0.190278 3 0.039062 0.993359 0.811111 0.013281 0.102778 11 0.034088 0.029297 0.654167 0.057031 0.119444 10 0.033325 0.029687 0.654167 0.059375 0.122222 2 0.022537 0.994922 0.772917 0.010156 0.1125 12 0.020645 0.965625 0.875694 0.06875 0.181944 2 0.019562 0.992188 0.635417 0.015625 0.093056 2 0.01519 0.994922 0.733333 0.010156 0.094444 0 0.014786 0.205078 0.659028 0.024219 0.065278 2 0.011734 0.995703 0.535417 0.008594 0.054167 1 0.010857 0.203125 0.657639 0.021875 0.0625 1 0.010735 0.935937 0.627778 0.025 0.066667 2 0.009232 0.995313 0.50625 0.009375 0.084722 10 0.007431 0.9875 0.833333 0.025 0.280556 2 0.004539 0.707812 0.393056 0.01875 0.038889 0 0.003885 0.989844 0.634028 0.020313 0.093056 2 0.003538 0.923828 0.5125 0.044531 0.069444 0 0.003525 0.639844 0.478472 0.03125 0.065278 2 0.003223 0.292578 0.395139 0.017969 0.043056 1 0.003172 0.94375 0.622222 0.039062 0.083333 2 0.003099 0.989844 0.720139 0.017188 0.079167 3 0.001926 0.966406 0.8625 0.067187 0.152778 1 0.001782 0.119531 0.717361 0.021875 0.043056 2 0.001675 0.241016 0.549306 0.025781 0.070833 1 0.001399 0.752734 0.424306 0.021094 0.040278 10 0.001367 0.991406 0.602778 0.017188 0.111111 2 0.001346 0.936328 0.620833 0.028906 0.080556 1 0.001305 0.95625 0.619444 0.0375 0.077778 2 0.00126 0.754687 0.4 0.025 0.044444 10 0.001081 0.994922 0.572222 0.010156 0.108333 2 0.001078 0.940625 0.533333 0.023438 0.052778 3 0.001032 0.295703 0.352778 0.028906 0.05 1 0.001028 0.549609 0.906944 0.030469 0.097222 2 0.001017 0.394531 0.343056 0.025 0.058333 10 0.001017 0.9875 0.578472 0.025 0.223611
CCTV02^20260511-140000-20260511-142440_002852,10 0.921875 0.346875 0.403472 0.04375 0.131944 2 0.839844 0.160156 0.684722 0.04375 0.080556 2 0.825684 0.957031 0.707639 0.05 0.090278 10 0.816406 0.414453 0.302083 0.032031 0.093056 5 0.804199 0.636328 0.347222 0.033594 0.055556 3 0.803223 0.289062 0.742361 0.096875 0.098611 3 0.792969 0.319141 0.313194 0.021094 0.034722 2 0.78418 0.273438 0.556944 0.03125 0.063889 3 0.775879 0.414062 0.675694 0.05 0.084722 2 0.771973 0.307812 0.542361 0.028125 0.0625 2 0.770508 0.314063 0.388889 0.01875 0.05 2 0.757812 0.384766 0.436806 0.024219 0.054167 2 0.715332 0.255078 0.665278 0.055469 0.080556 2 0.689453 0.376172 0.493056 0.027344 0.058333 2 0.507812 0.802344 0.461806 0.029687 0.056944 2 0.455078 0.919531 0.579167 0.039062 0.075 3 0.187134 0.991797 0.808333 0.016406 0.091667 9 0.180054 0.456641 0.375694 0.033594 0.073611 4 0.093689 0.480469 0.282639 0.021875 0.0375 2 0.081238 0.98125 0.684028 0.034375 0.095833 2 0.043213 0.291797 0.390972 0.019531 0.045833 2 0.03595 0.297266 0.51875 0.033594 0.043056 10 0.026154 0.029687 0.653472 0.059375 0.126389 2 0.025864 0.994922 0.784028 0.010156 0.115278 2 0.023514 0.991797 0.634722 0.016406 0.097222 3 0.02298 0.451953 0.240972 0.017969 0.048611 2 0.022369 0.991406 0.815972 0.017188 0.106944 3 0.018982 0.480469 0.281944 0.023438 0.038889 2 0.018616 0.994922 0.723611 0.010156 0.083333 2 0.010696 0.986328 0.675 0.027344 0.130556 11 0.010567 0.029687 0.654861 0.057813 0.123611 2 0.007519 0.994531 0.911806 0.010937 0.1375 1 0.007038 0.996094 0.54375 0.007812 0.048611 2 0.006691 0.26875 0.464583 0.03125 0.0625 2 0.006363 0.996094 0.536111 0.007812 0.061111 1 0.006027 0.935547 0.633333 0.022656 0.052778 9 0.004738 0.989453 0.9125 0.021094 0.175 2 0.00428 0.995313 0.483333 0.009375 0.072222 2 0.003593 0.995703 0.55625 0.008594 0.070833 10 0.003483 0.989844 0.83125 0.020313 0.301389 2 0.003286 0.479687 0.255556 0.025 0.041667 2 0.003099 0.936328 0.622222 0.027344 0.072222 2 0.002621 0.258594 0.490972 0.021875 0.048611 4 0.002443 0.989844 0.813889 0.020313 0.1 2 0.002182 0.995703 0.502083 0.008594 0.070833 10 0.001335 0.989844 0.7625 0.01875 0.275 3 0.001279 0.325391 0.317361 0.028906 0.0375 2 0.001265 0.988672 0.715278 0.017969 0.077778 1 0.001245 0.942578 0.627083 0.035156 0.070833 2 0.00109 0.99375 0.609722 0.0125 0.097222 3 0.00106 0.414844 0.302778 0.028125 0.091667 12 0.001032 0.996094 0.113194 0.007812 0.140278 2 0.00102 0.994531 0.697222 0.010937 0.111111
CCTV02^20260511-140000-20260511-142440_002856,10 0.918457 0.347656 0.404167 0.045312 0.130556 2 0.849121 0.159766 0.684722 0.042969 0.080556 5 0.834473 0.637109 0.348611 0.033594 0.055556 2 0.816406 0.95625 0.708333 0.05 0.088889 2 0.796875 0.341016 0.559028 0.033594 0.068056 2 0.789062 0.308594 0.539583 0.029687 0.059722 2 0.782715 0.314063 0.388194 0.01875 0.048611 3 0.777344 0.319141 0.313194 0.021094 0.034722 2 0.775879 0.275391 0.55625 0.035156 0.065278 3 0.72168 0.446484 0.408333 0.027344 0.05 2 0.67041 0.595703 0.345139 0.017969 0.045833 0 0.67041 0.237109 0.638889 0.038281 0.077778 10 0.53125 0.496875 0.277778 0.0375 0.075 2 0.511719 0.919922 0.579861 0.039844 0.073611 2 0.451416 0.785156 0.559028 0.0375 0.065278 2 0.339844 0.383984 0.302778 0.017969 0.036111 4 0.214722 0.418359 0.301389 0.022656 0.052778 3 0.195557 0.992188 0.811111 0.015625 0.097222 2 0.08728 0.980469 0.683333 0.035937 0.094444 2 0.073669 0.292578 0.397222 0.017969 0.041667 2 0.033966 0.991406 0.631944 0.017188 0.102778 11 0.029419 0.029297 0.655556 0.058594 0.127778 2 0.027481 0.99375 0.727083 0.0125 0.0875 2 0.027481 0.994922 0.781944 0.010156 0.125 10 0.022293 0.418359 0.302083 0.022656 0.051389 2 0.019791 0.278906 0.538889 0.0375 0.072222 2 0.018906 0.995703 0.488889 0.008594 0.052778 2 0.011688 0.996094 0.532639 0.007812 0.065278 2 0.01133 0.992578 0.820139 0.014844 0.118056 1 0.009125 0.996094 0.54375 0.007812 0.048611 2 0.008003 0.995703 0.552083 0.008594 0.059722 10 0.00729 0.989844 0.836806 0.020313 0.293056 1 0.007065 0.571484 0.300694 0.011719 0.0375 3 0.006363 0.278125 0.534028 0.0375 0.0625 2 0.005322 0.936328 0.622917 0.027344 0.070833 2 0.005161 0.986328 0.69375 0.027344 0.106944 9 0.005161 0.988281 0.926389 0.023438 0.147222 2 0.0047 0.573438 0.336806 0.0125 0.045833 1 0.004539 0.935156 0.627778 0.025 0.061111 2 0.004135 0.993359 0.925694 0.013281 0.143056 2 0.003839 0.416797 0.302083 0.025781 0.051389 2 0.003338 0.990625 0.716667 0.017188 0.072222 2 0.003004 0.466406 0.233333 0.0125 0.027778 10 0.002867 0.027344 0.638889 0.054688 0.166667 2 0.002693 0.994531 0.611111 0.010937 0.091667 2 0.002398 0.571875 0.322222 0.010937 0.055556 10 0.00215 0.989844 0.770139 0.01875 0.276389 2 0.002083 0.296094 0.535417 0.017188 0.059722 9 0.002068 0.989453 0.624306 0.021094 0.090278 2 0.001995 0.780859 0.477083 0.033594 0.048611 1 0.001839 0.941016 0.623611 0.033594 0.075 2 0.001796 0.996094 0.505556 0.007812 0.061111 12 0.00172 0.995703 0.109028 0.008594 0.129167 3 0.001642 0.988672 0.934722 0.022656 0.122222 9 0.00145 0.989844 0.817361 0.020313 0.115278 2 0.001378 0.982422 0.509028 0.019531 0.045833 3 0.001356 0.297656 0.345139 0.025 0.034722 12 0.001341 0.99375 0.939583 0.0125 0.118056 2 0.00133 0.977344 0.541667 0.020313 0.047222 1 0.001274 0.957422 0.619444 0.035156 0.075 2 0.001245 0.979297 0.526389 0.021094 0.047222 10 0.001192 0.989453 0.909722 0.021094 0.180556 10 0.001179 0.392578 0.129167 0.361719 0.258333 2 0.001112 0.983203 0.622917 0.025781 0.081944
CCTV02^20260511-140000-20260511-142440_002860,10 0.932129 0.346875 0.403472 0.04375 0.131944 5 0.84082 0.636328 0.347917 0.035156 0.056944 2 0.833496 0.159766 0.686111 0.042969 0.077778 3 0.822266 0.319141 0.313194 0.021094 0.034722 2 0.813965 0.957812 0.707639 0.05 0.0875 2 0.796875 0.314063 0.388889 0.01875 0.047222 2 0.785156 0.282813 0.631944 0.042188 0.080556 2 0.78125 0.614844 0.388889 0.023438 0.047222 2 0.777344 0.385547 0.390278 0.019531 0.047222 2 0.773438 0.413672 0.397917 0.019531 0.048611 2 0.773438 0.655078 0.456944 0.028906 0.055556 2 0.766113 0.254688 0.746528 0.046875 0.090278 2 0.764648 0.588281 0.391667 0.023438 0.05 2 0.762207 0.282422 0.534722 0.039844 0.063889 2 0.625977 0.552344 0.317361 0.01875 0.043056 2 0.59082 0.3875 0.323611 0.01875 0.038889 0 0.537109 0.239063 0.641667 0.0375 0.077778 2 0.460938 0.919531 0.579861 0.039062 0.076389 2 0.379395 0.794531 0.594444 0.039062 0.077778 2 0.291016 0.9 0.724306 0.040625 0.104167 2 0.205566 0.636328 0.347917 0.033594 0.054167 3 0.188354 0.991797 0.806944 0.016406 0.091667 2 0.158203 0.872656 0.640278 0.029687 0.075 0 0.132935 0.872656 0.640972 0.032813 0.079167 2 0.106323 0.98125 0.688194 0.0375 0.106944 2 0.046387 0.99375 0.728472 0.0125 0.093056 2 0.046021 0.994531 0.770139 0.010937 0.143056 11 0.02211 0.029297 0.654861 0.057031 0.123611 2 0.022034 0.290625 0.3875 0.021875 0.052778 2 0.021866 0.845703 0.577083 0.030469 0.059722 2 0.020721 0.992578 0.652083 0.014844 0.118056 0 0.012238 0.845703 0.577778 0.030469 0.061111 1 0.009819 0.319141 0.466667 0.013281 0.044444 2 0.006958 0.990625 0.716667 0.017188 0.072222 10 0.006851 0.029687 0.654861 0.059375 0.126389 2 0.006363 0.996094 0.535417 0.007812 0.065278 2 0.00589 0.994922 0.484028 0.010156 0.065278 2 0.005161 0.995703 0.902778 0.008594 0.102778 2 0.004135 0.989844 0.636111 0.020313 0.088889 2 0.004025 0.992578 0.827083 0.014844 0.129167 2 0.003088 0.934766 0.622222 0.027344 0.072222 2 0.002867 0.994922 0.91875 0.010156 0.145833 2 0.00259 0.270313 0.463889 0.03125 0.063889 1 0.002342 0.935937 0.63125 0.025 0.059722 0 0.002287 0.414844 0.408333 0.023438 0.066667 2 0.001912 0.995703 0.55625 0.008594 0.068056 3 0.001661 0.298047 0.341667 0.022656 0.027778 10 0.001567 0.989844 0.8125 0.020313 0.308333 3 0.001549 0.325 0.318056 0.028125 0.036111 2 0.001519 0.848047 0.589583 0.028906 0.065278 10 0.001279 0.3875 0.127083 0.376563 0.254167 2 0.001107 0.989844 0.917361 0.020313 0.156944
CCTV02^20260511-140000-20260511-142440_002864,10 0.907227 0.348047 0.404167 0.044531 0.130556 5 0.844727 0.637109 0.347917 0.033594 0.054167 2 0.817383 0.957422 0.708333 0.047656 0.088889 2 0.810547 0.952344 0.852083 0.054688 0.1125 2 0.809082 0.194922 0.686111 0.047656 0.075 3 0.806641 0.319141 0.3125 0.021094 0.036111 2 0.799316 0.311719 0.684722 0.039062 0.083333 2 0.773438 0.314453 0.388889 0.019531 0.05 2 0.757812 0.917188 0.745833 0.04375 0.097222 2 0.750488 0.621875 0.365972 0.021875 0.043056 2 0.733887 0.831641 0.507639 0.022656 0.065278 2 0.713867 0.160547 0.683333 0.042969 0.080556 3 0.708984 0.512891 0.334028 0.025781 0.040278 3 0.65332 0.577344 0.427778 0.035937 0.058333 3 0.527344 0.473828 0.275 0.021094 0.036111 2 0.439697 0.91875 0.579167 0.0375 0.075 2 0.375732 0.980469 0.818056 0.039062 0.111111 1 0.284668 0.777344 0.463889 0.020313 0.05 2 0.093018 0.530859 0.271528 0.017969 0.034722 11 0.064209 0.034375 0.653472 0.067187 0.123611 2 0.043854 0.98125 0.684722 0.0375 0.097222 2 0.031616 0.991797 0.626389 0.016406 0.086111 2 0.029984 0.291406 0.388194 0.020313 0.048611 0 0.025757 0.194922 0.683333 0.044531 0.075 2 0.020493 0.778906 0.466667 0.023438 0.055556 2 0.013481 0.507422 0.267361 0.017969 0.031944 1 0.010132 0.936328 0.633333 0.022656 0.055556 4 0.00526 0.033984 0.656944 0.066406 0.119444 2 0.004963 0.863281 0.629167 0.0375 0.088889 3 0.004486 0.509375 0.342361 0.028125 0.056944 2 0.003248 0.994531 0.528472 0.010937 0.065278 10 0.003172 0.025781 0.627778 0.051562 0.177778 0 0.003075 0.69375 0.369444 0.020313 0.038889 2 0.002958 0.994531 0.6125 0.010937 0.091667 1 0.002714 0.782813 0.464583 0.03125 0.059722 1 0.00259 0.939844 0.624306 0.029687 0.073611 1 0.002405 0.846484 0.874306 0.039844 0.095833 2 0.002253 0.994922 0.729861 0.010156 0.098611 2 0.002115 0.982422 0.771528 0.035156 0.173611 5 0.002068 0.992578 0.518056 0.014844 0.063889 12 0.002035 0.953516 0.999306 0.092969 0.001389 6 0.001867 0.989453 0.688889 0.019531 0.255556 10 0.001853 0.989844 0.634722 0.020313 0.105556 3 0.001668 0.475 0.290278 0.021875 0.058333 2 0.001604 0.922266 0.511806 0.046094 0.073611 3 0.00149 0.325391 0.318056 0.028906 0.038889 2 0.001346 0.995703 0.58125 0.008594 0.098611 0 0.001325 0.981641 0.625694 0.028906 0.084722 3 0.001305 0.992969 0.515278 0.014063 0.080556 0 0.001285 0.221484 0.672222 0.047656 0.105556 7 0.001265 0.992578 0.520139 0.014844 0.065278 10 0.001249 0.9875 0.718056 0.025 0.291667 2 0.001179 0.994531 0.766667 0.010937 0.158333 12 0.001078 0.996094 0.107639 0.007812 0.1375 3 0.001065 0.523828 0.336806 0.033594 0.054167
CCTV02^20260511-140000-20260511-142440_002868,10 0.937012 0.347656 0.404167 0.04375 0.130556 2 0.848145 0.160156 0.686806 0.04375 0.079167 2 0.84082 0.957031 0.708333 0.048438 0.088889 5 0.831055 0.636328 0.348611 0.033594 0.055556 2 0.794434 0.314063 0.388194 0.01875 0.048611 3 0.785156 0.319141 0.3125 0.021094 0.036111 3 0.757812 0.469141 0.559028 0.035156 0.065278 3 0.756348 0.5875 0.413889 0.034375 0.052778 2 0.756348 0.703125 0.433333 0.028125 0.047222 2 0.73877 0.394141 0.348611 0.019531 0.041667 2 0.733887 0.3 0.545139 0.028125 0.070833 2 0.624512 0.851953 0.548611 0.041406 0.063889 9 0.605957 0.510156 0.293056 0.035937 0.058333 7 0.581543 0.407031 0.431944 0.032813 0.072222 11 0.492188 0.510156 0.292361 0.035937 0.056944 3 0.443604 0.339453 0.916667 0.075781 0.15 1 0.407227 0.600391 0.371528 0.013281 0.0375 2 0.407227 0.919531 0.579861 0.039062 0.076389 9 0.307373 0.407031 0.431944 0.032813 0.072222 2 0.170532 0.292187 0.395139 0.020313 0.045833 3 0.168335 0.992188 0.807639 0.015625 0.090278 5 0.111267 0.339844 0.915278 0.079687 0.152778 2 0.079468 0.991797 0.80625 0.016406 0.093056 1 0.075317 0.596875 0.386111 0.01875 0.030556 2 0.071045 0.98125 0.684028 0.034375 0.095833 2 0.027802 0.878125 0.473611 0.029687 0.061111 11 0.027695 0.029687 0.650694 0.059375 0.129167 2 0.020569 0.994922 0.78125 0.010156 0.123611 2 0.01799 0.95625 0.597917 0.034375 0.076389 2 0.016098 0.991797 0.630556 0.016406 0.1 1 0.015778 0.995703 0.544444 0.008594 0.047222 4 0.013481 0.878906 0.472917 0.029687 0.0625 2 0.01178 0.994531 0.729167 0.010937 0.091667 9 0.010056 0.029687 0.652083 0.059375 0.126389 2 0.01001 0.996094 0.540278 0.007812 0.058333 2 0.009338 0.396094 0.360417 0.023438 0.056944 2 0.008347 0.988281 0.675 0.023438 0.127778 12 0.007347 0.992188 0.624306 0.015625 0.090278 9 0.00481 0.990625 0.622222 0.01875 0.086111 10 0.003944 0.989844 0.630556 0.020313 0.1 10 0.002174 0.989844 0.832639 0.020313 0.293056 1 0.002132 0.119922 0.718056 0.021094 0.044444 2 0.001912 0.944141 0.611111 0.046094 0.094444 10 0.001867 0.025781 0.628472 0.051562 0.184722 2 0.001741 0.99375 0.613194 0.0125 0.084722 4 0.001561 0.266406 0.468056 0.035937 0.072222 1 0.001478 0.550781 0.923611 0.01875 0.072222 9 0.001399 0.989453 0.815278 0.019531 0.108333 10 0.001346 0.989844 0.584722 0.020313 0.219444 2 0.001325 0.971875 0.541667 0.032813 0.058333 2 0.001265 0.753516 0.4 0.022656 0.05 10 0.001216 0.989844 0.764583 0.01875 0.276389 9 0.001147 0.634766 0.832639 0.103906 0.173611 2 0.001037 0.995313 0.45625 0.009375 0.0625
CCTV02^20260511-140000-20260511-142440_002872,10 0.907227 0.348047 0.404861 0.044531 0.131944 2 0.842773 0.159766 0.686111 0.042969 0.077778 5 0.835449 0.635938 0.347917 0.034375 0.056944 2 0.835449 0.957031 0.709028 0.05 0.0875 10 0.806152 0.6125 0.507639 0.085938 0.1875 2 0.803223 0.26875 0.584028 0.03125 0.070833 3 0.794434 0.319531 0.313194 0.021875 0.034722 2 0.779785 0.314063 0.388889 0.01875 0.05 2 0.747559 0.703125 0.432639 0.028125 0.048611 3 0.622559 0.022266 0.788889 0.044531 0.072222 2 0.618652 0.881641 0.527083 0.028906 0.065278 3 0.586914 0.524609 0.360417 0.027344 0.054167 5 0.315674 0.525 0.360417 0.028125 0.056944 2 0.291016 0.790625 0.459028 0.028125 0.051389 2 0.24939 0.919531 0.579167 0.0375 0.075 2 0.235107 0.993359 0.804167 0.013281 0.086111 3 0.210815 0.993359 0.802778 0.013281 0.088889 0 0.127197 0.203906 0.836806 0.04375 0.095833 2 0.095032 0.994922 0.785417 0.010156 0.106944 2 0.075867 0.291016 0.388194 0.021094 0.048611 2 0.058136 0.982031 0.686806 0.035937 0.101389 2 0.032349 0.994922 0.738889 0.010156 0.108333 2 0.029312 0.992188 0.647917 0.015625 0.115278 1 0.025375 0.204687 0.834028 0.04375 0.095833 2 0.025085 0.827734 0.469444 0.027344 0.061111 11 0.017517 0.030469 0.650694 0.059375 0.118056 2 0.016586 0.990625 0.815278 0.01875 0.086111 2 0.016403 0.482422 0.250694 0.017969 0.034722 2 0.013123 0.990625 0.672917 0.01875 0.131944 9 0.012825 0.030859 0.650694 0.061719 0.118056 2 0.01078 0.785547 0.452778 0.041406 0.066667 2 0.008286 0.996094 0.541667 0.007812 0.055556 1 0.005753 0.996094 0.544444 0.007812 0.05 3 0.005535 0.328125 0.316667 0.01875 0.033333 2 0.004772 0.994922 0.713889 0.010156 0.077778 1 0.004433 0.939063 0.630556 0.025 0.061111 1 0.003635 0.207813 0.822222 0.03125 0.075 1 0.003363 0.550781 0.923611 0.017188 0.063889 2 0.002867 0.995703 0.911806 0.008594 0.109722 1 0.002867 0.096094 0.952083 0.040625 0.084722 2 0.002693 0.994531 0.461111 0.010937 0.061111 2 0.002693 0.996094 0.521528 0.007812 0.076389 2 0.002621 0.938672 0.622917 0.030469 0.079167 1 0.002314 0.119531 0.716667 0.021875 0.044444 2 0.002058 0.772266 0.459028 0.033594 0.068056 2 0.00202 0.351562 0.268056 0.014063 0.033333 2 0.001883 0.957422 0.599306 0.032031 0.084722 10 0.001775 0.989844 0.814583 0.017188 0.323611 1 0.001636 0.550781 0.911806 0.026562 0.081944 9 0.001636 0.988672 0.921528 0.022656 0.151389 3 0.001467 0.299219 0.340972 0.020313 0.026389
CCTV02^20260511-140000-20260511-142440_002876,10 0.930664 0.347656 0.404167 0.04375 0.130556 10 0.86084 0.571094 0.327083 0.0625 0.101389 2 0.845703 0.160156 0.686111 0.042188 0.077778 2 0.842773 0.957812 0.70625 0.05 0.084722 3 0.839844 0.319141 0.313194 0.021094 0.034722 5 0.820801 0.636328 0.347917 0.033594 0.056944 2 0.816406 0.270313 0.584722 0.034375 0.069444 2 0.79834 0.314063 0.388889 0.01875 0.047222 2 0.79834 0.391797 0.438194 0.025781 0.054167 2 0.779785 0.908594 0.653472 0.042188 0.0875 2 0.760742 0.703516 0.433333 0.027344 0.05 2 0.70752 0.88125 0.527778 0.028125 0.063889 2 0.67041 0.803516 0.50625 0.022656 0.0625 3 0.418701 0.416406 0.292361 0.020313 0.034722 3 0.265869 0.993359 0.8 0.013281 0.088889 2 0.217285 0.91875 0.58125 0.035937 0.070833 2 0.205566 0.98125 0.685417 0.0375 0.098611 2 0.184814 0.99375 0.805556 0.0125 0.088889 0 0.184204 0.359766 0.315972 0.014844 0.0375 2 0.076965 0.994922 0.786806 0.010156 0.104167 2 0.055603 0.291016 0.388889 0.021094 0.047222 2 0.052032 0.991406 0.627778 0.017188 0.086111 2 0.025757 0.994922 0.738889 0.010156 0.108333 1 0.010292 0.996094 0.542361 0.007812 0.054167 2 0.007874 0.996094 0.538889 0.007812 0.061111 1 0.007812 0.119531 0.717361 0.021875 0.043056 11 0.006958 0.030078 0.652083 0.058594 0.126389 2 0.004349 0.794141 0.498611 0.041406 0.066667 2 0.003975 0.957422 0.601389 0.030469 0.080556 2 0.003429 0.990625 0.815278 0.01875 0.088889 10 0.003273 0.989844 0.813194 0.017188 0.326389 2 0.003172 0.994922 0.714583 0.010156 0.081944 10 0.002493 0.023828 0.625694 0.047656 0.184722 3 0.001846 0.323047 0.309722 0.027344 0.036111 2 0.001775 0.785156 0.486806 0.029687 0.059722 2 0.001741 0.996094 0.51875 0.007812 0.079167 2 0.001585 0.873828 0.470139 0.032031 0.056944 2 0.001455 0.99375 0.6125 0.0125 0.091667 2 0.001455 0.989062 0.783333 0.01875 0.108333 2 0.001455 0.995703 0.864583 0.008594 0.109722 2 0.001356 0.262891 0.477083 0.032031 0.0625 2 0.001305 0.798828 0.509028 0.035156 0.070833 2 0.001179 0.989453 0.717361 0.017969 0.070833
CCTV02^20260511-140000-20260511-142440_002880,9 0.958008 0.467187 0.409028 0.034375 0.090278 10 0.94043 0.347656 0.404167 0.04375 0.130556 3 0.837402 0.179688 0.751389 0.104688 0.086111 5 0.806641 0.636328 0.348611 0.035156 0.055556 2 0.806641 0.160547 0.679861 0.042969 0.065278 2 0.785156 0.314063 0.388889 0.01875 0.05 2 0.782715 0.911328 0.654167 0.047656 0.091667 3 0.775879 0.420312 0.390278 0.025 0.044444 3 0.771973 0.319141 0.313889 0.021094 0.036111 2 0.760742 0.386328 0.372222 0.021094 0.047222 11 0.740234 0.3375 0.848611 0.171875 0.286111 2 0.710449 0.978516 0.683333 0.039844 0.094444 2 0.550781 0.779297 0.464583 0.033594 0.054167 10 0.389648 0.335156 0.848611 0.175 0.286111 2 0.341553 0.917969 0.58125 0.0375 0.073611 2 0.286133 0.807422 0.4625 0.035156 0.055556 3 0.205566 0.99375 0.797917 0.0125 0.093056 2 0.175537 0.99375 0.80625 0.0125 0.090278 2 0.137939 0.794922 0.463889 0.055469 0.055556 10 0.083008 0.029687 0.649306 0.059375 0.126389 2 0.075867 0.994531 0.777083 0.010937 0.126389 2 0.049957 0.874219 0.471528 0.03125 0.059722 2 0.049225 0.291797 0.396528 0.017969 0.043056 2 0.042389 0.991016 0.632639 0.017969 0.104167 1 0.031738 0.994922 0.755556 0.010156 0.122222 11 0.02626 0.029687 0.65 0.057813 0.119444 2 0.013023 0.958984 0.588194 0.027344 0.070833 2 0.012337 0.982422 0.623611 0.027344 0.083333 2 0.010696 0.989844 0.817361 0.020313 0.095833 1 0.009674 0.996094 0.540972 0.007812 0.054167 1 0.007843 0.990625 0.729861 0.017188 0.076389 10 0.006985 0.990625 0.780556 0.017188 0.3 2 0.006145 0.994922 0.459028 0.010156 0.059722 0 0.005447 0.995313 0.546528 0.009375 0.0625 2 0.004791 0.996094 0.536806 0.007812 0.065278 1 0.003338 0.989844 0.769444 0.01875 0.147222 9 0.003111 0.028906 0.648611 0.057813 0.119444 1 0.002981 0.994922 0.727778 0.010156 0.077778 5 0.002913 0.875 0.471528 0.03125 0.059722 2 0.002684 0.994531 0.613194 0.010937 0.0875 9 0.002462 0.376953 0.766667 0.091406 0.133333 2 0.001416 0.995703 0.474306 0.008594 0.065278 1 0.001225 0.550781 0.923611 0.01875 0.069444 1 0.001134 0.120313 0.713889 0.021875 0.044444 11 0.001073 0.472656 0.442361 0.035937 0.145833
CCTV02^20260511-140000-20260511-142440_002884,10 0.908691 0.347656 0.404167 0.045312 0.130556 4 0.855957 0.412109 0.397917 0.027344 0.054167 2 0.831055 0.159375 0.685417 0.042188 0.079167 10 0.82373 0.681641 0.699306 0.132031 0.306944 3 0.809082 0.319141 0.313889 0.021094 0.036111 5 0.806641 0.636328 0.347222 0.033594 0.055556 2 0.771973 0.314063 0.388889 0.01875 0.05 2 0.754883 0.978906 0.683333 0.042188 0.094444 2 0.716797 0.216797 0.690278 0.055469 0.075 0 0.672363 0.323828 0.664583 0.035156 0.0875 2 0.457031 0.768359 0.436806 0.022656 0.043056 2 0.449463 0.91875 0.580556 0.0375 0.072222 2 0.388672 0.79375 0.468056 0.032813 0.058333 1 0.381104 0.988281 0.903472 0.023438 0.084722 3 0.299072 0.99375 0.8 0.0125 0.083333 2 0.213379 0.993359 0.803472 0.013281 0.084722 2 0.206909 0.877344 0.481944 0.039062 0.063889 2 0.135254 0.875781 0.7 0.0375 0.072222 0 0.093689 0.989844 0.897222 0.020313 0.077778 0 0.082092 0.876563 0.7 0.0375 0.072222 2 0.079224 0.994922 0.772917 0.010156 0.126389 2 0.070557 0.991797 0.633333 0.016406 0.1 2 0.038177 0.996094 0.540278 0.007812 0.058333 1 0.037598 0.994922 0.753472 0.010156 0.1125 2 0.033844 0.292187 0.399306 0.01875 0.040278 1 0.018539 0.995703 0.543056 0.008594 0.05 11 0.016785 0.030469 0.653472 0.059375 0.123611 2 0.016281 0.992969 0.830556 0.014063 0.116667 10 0.015541 0.030859 0.652083 0.061719 0.129167 2 0.009018 0.990625 0.659722 0.01875 0.144444 2 0.007549 0.951953 0.605556 0.044531 0.091667 1 0.007038 0.989844 0.729861 0.017188 0.070833 10 0.006931 0.990625 0.770833 0.017188 0.269444 12 0.005386 0.630078 0.845139 0.102344 0.170833 9 0.00518 0.990625 0.625694 0.01875 0.090278 1 0.00518 0.985156 0.916667 0.029687 0.105556 2 0.005081 0.978125 0.534722 0.023438 0.061111 2 0.005001 0.994531 0.456944 0.010937 0.058333 2 0.003429 0.99375 0.610417 0.0125 0.093056 3 0.003124 0.421875 0.261111 0.01875 0.036111 0 0.002913 0.990625 0.925694 0.01875 0.126389 2 0.00289 0.996094 0.517361 0.007812 0.073611 2 0.002693 0.973047 0.516667 0.033594 0.061111 1 0.002502 0.989062 0.764583 0.01875 0.1375 2 0.002043 0.983203 0.620833 0.025781 0.083333 2 0.001942 0.944922 0.53125 0.027344 0.051389 3 0.001912 0.390234 0.277083 0.019531 0.043056 2 0.001755 0.996094 0.48125 0.007812 0.059722 2 0.001714 0.994922 0.729167 0.010156 0.077778 2 0.001455 0.957422 0.590972 0.030469 0.073611 5 0.001255 0.411719 0.394444 0.028125 0.058333 2 0.001143 0.9875 0.829861 0.021875 0.101389 3 0.001024 0.752344 0.817361 0.079687 0.118056
CCTV02^20260511-140000-20260511-142440_002888,10 0.905762 0.347656 0.405556 0.045312 0.130556 10 0.879395 0.7125 0.698611 0.146875 0.311111 2 0.84375 0.160156 0.685417 0.042188 0.079167 3 0.811523 0.601172 0.579167 0.049219 0.083333 3 0.805664 0.319141 0.313194 0.021094 0.034722 5 0.799316 0.636328 0.347917 0.035156 0.054167 3 0.785156 0.578906 0.485417 0.0375 0.065278 2 0.782715 0.357812 0.585417 0.03125 0.068056 2 0.757812 0.314063 0.388194 0.01875 0.048611 2 0.740234 0.978906 0.684028 0.042188 0.095833 3 0.672363 0.53125 0.365278 0.028125 0.044444 2 0.542969 0.917969 0.579861 0.039062 0.070833 0 0.537109 0.754687 0.465972 0.025 0.059722 2 0.307373 0.99375 0.805556 0.0125 0.086111 2 0.259766 0.380859 0.294444 0.014844 0.036111 2 0.11084 0.95625 0.601389 0.035937 0.080556 2 0.099792 0.994922 0.778472 0.010156 0.115278 2 0.080078 0.365625 0.279861 0.014063 0.029167 2 0.075317 0.991406 0.646528 0.017188 0.109722 2 0.072388 0.754687 0.464583 0.025 0.056944 1 0.045685 0.991406 0.806944 0.017188 0.091667 2 0.045532 0.292187 0.395139 0.01875 0.043056 2 0.04303 0.852344 0.474306 0.025 0.054167 3 0.039185 0.991406 0.804167 0.017188 0.091667 3 0.038025 0.8875 0.465278 0.054688 0.055556 1 0.03476 0.994922 0.75 0.010156 0.105556 2 0.031372 0.95 0.609722 0.05 0.088889 10 0.021942 0.030469 0.647917 0.060937 0.1375 1 0.020248 0.996094 0.538889 0.007812 0.052778 0 0.013329 0.753516 0.479861 0.027344 0.073611 2 0.008377 0.990625 0.815278 0.01875 0.102778 1 0.008125 0.885156 0.507639 0.01875 0.051389 2 0.007519 0.996094 0.536806 0.007812 0.059722 10 0.007149 0.990625 0.779861 0.017188 0.298611 2 0.005642 0.839844 0.475694 0.025 0.048611 2 0.00425 0.995313 0.545833 0.009375 0.061111 1 0.003839 0.989844 0.725 0.017188 0.063889 0 0.003796 0.853906 0.472917 0.025 0.056944 2 0.003443 0.526563 0.263889 0.01875 0.033333 1 0.002981 0.550391 0.920833 0.017969 0.069444 3 0.002571 0.298047 0.339583 0.022656 0.026389 2 0.002115 0.794922 0.704167 0.036719 0.055556 2 0.002108 0.995703 0.909028 0.008594 0.106944 9 0.001912 0.989844 0.629167 0.020313 0.086111 3 0.001839 0.297656 0.360417 0.025 0.040278 2 0.001782 0.989062 0.764583 0.01875 0.129167 2 0.001611 0.977344 0.619444 0.017188 0.077778 10 0.001554 0.989844 0.570139 0.020313 0.220833 11 0.001501 0.030469 0.652083 0.059375 0.120833 2 0.001478 0.995703 0.877778 0.008594 0.116667 1 0.001394 0.977734 0.540278 0.022656 0.055556 10 0.001309 0.99375 0.604167 0.0125 0.097222 1 0.001294 0.550781 0.9125 0.026562 0.086111 2 0.001285 0.989453 0.669444 0.021094 0.138889 2 0.001188 0.925 0.513194 0.045312 0.070833
CCTV02^20260511-140000-20260511-142440_002892,10 0.924316 0.347656 0.403472 0.04375 0.131944 2 0.820801 0.160938 0.684722 0.042188 0.077778 5 0.809082 0.636328 0.348611 0.033594 0.058333 2 0.791992 0.711328 0.447917 0.028906 0.056944 2 0.785156 0.314063 0.388889 0.01875 0.05 3 0.785156 0.445703 0.55 0.035156 0.063889 2 0.749023 0.403516 0.398611 0.021094 0.047222 3 0.749023 0.537109 0.406944 0.033594 0.061111 3 0.705566 0.318359 0.313889 0.021094 0.036111 2 0.705566 0.978516 0.683333 0.039844 0.094444 2 0.695801 0.389062 0.372222 0.01875 0.044444 2 0.684082 0.784766 0.465972 0.022656 0.054167 6 0.67041 0.622656 0.472222 0.0625 0.111111 5 0.616699 0.622656 0.472222 0.0625 0.111111 2 0.609375 0.814844 0.475 0.025 0.055556 3 0.583008 0.5 0.314583 0.028125 0.048611 2 0.517578 0.91875 0.579861 0.0375 0.073611 2 0.501953 0.755078 0.463194 0.024219 0.054167 3 0.496094 0.457031 0.386806 0.026562 0.059722 10 0.437744 0.425 0.296528 0.032813 0.073611 0 0.287842 0.755078 0.463194 0.024219 0.054167 2 0.26123 0.993359 0.803472 0.013281 0.090278 3 0.222656 0.99375 0.8 0.0125 0.088889 3 0.195557 0.107031 0.749306 0.121875 0.104167 2 0.127197 0.994922 0.779167 0.010156 0.113889 2 0.10376 0.991406 0.631944 0.017188 0.102778 2 0.082397 0.300781 0.429861 0.015625 0.045833 1 0.059875 0.991406 0.805556 0.017188 0.091667 1 0.046722 0.994922 0.756944 0.010156 0.113889 2 0.036346 0.291797 0.395833 0.019531 0.044444 2 0.036224 0.954297 0.602778 0.038281 0.088889 10 0.031494 0.030859 0.646528 0.061719 0.140278 11 0.03067 0.030078 0.652083 0.058594 0.126389 2 0.013535 0.996094 0.534028 0.007812 0.059722 1 0.013069 0.996094 0.539583 0.007812 0.054167 0 0.012825 0.00625 0.698611 0.0125 0.080556 9 0.009232 0.990234 0.623611 0.019531 0.086111 2 0.008255 0.990625 0.814583 0.01875 0.101389 2 0.007812 0.940625 0.611806 0.040625 0.0875 2 0.007175 0.995313 0.546528 0.009375 0.059722 10 0.006363 0.990625 0.770833 0.017188 0.277778 1 0.00629 0.334766 0.316667 0.013281 0.033333 0 0.005753 0.753516 0.478472 0.027344 0.079167 2 0.005363 0.995313 0.880556 0.009375 0.111111 1 0.004593 0.989844 0.728472 0.017188 0.073611 4 0.003736 0.108984 0.749306 0.119531 0.104167 1 0.003027 0.122656 0.704167 0.020313 0.041667 2 0.002758 0.994531 0.919444 0.010937 0.138889 2 0.002737 0.99375 0.6125 0.0125 0.091667 1 0.002737 0.989062 0.767361 0.01875 0.140278 9 0.00215 0.108594 0.747917 0.121875 0.101389 2 0.0021 0.391797 0.380556 0.024219 0.055556 2 0.00181 0.983984 0.620139 0.027344 0.0875 5 0.001768 0.886328 0.468056 0.057031 0.055556 12 0.0017 0.995703 0.100694 0.008594 0.123611 0 0.001687 0.975 0.542361 0.028125 0.051389 2 0.001513 0.976562 0.538889 0.025 0.05 2 0.001472 0.946484 0.529167 0.027344 0.058333 3 0.001432 0.883984 0.463889 0.053906 0.047222 2 0.001378 0.995313 0.463889 0.009375 0.05 1 0.001285 0.404687 0.410417 0.023438 0.070833 0 0.001216 0.301172 0.433333 0.016406 0.055556 1 0.001165 0.728516 0.402778 0.016406 0.033333 2 0.001124 0.008594 0.698611 0.017188 0.077778
CCTV02^20260511-140000-20260511-142440_002896,10 0.914062 0.347656 0.404167 0.04375 0.130556 2 0.845703 0.160156 0.685417 0.04375 0.079167 5 0.825684 0.636328 0.347917 0.035156 0.056944 0 0.791992 0.324609 0.620833 0.030469 0.075 3 0.785156 0.319141 0.313194 0.021094 0.034722 3 0.782715 0.436719 0.393056 0.025 0.044444 2 0.753418 0.391797 0.4 0.022656 0.05 2 0.743164 0.314453 0.3875 0.019531 0.052778 2 0.741699 0.596875 0.361806 0.021875 0.045833 2 0.700684 0.922656 0.675 0.032813 0.077778 2 0.679199 0.978516 0.681944 0.039844 0.091667 2 0.660156 0.822266 0.503472 0.027344 0.070833 2 0.618652 0.920703 0.764583 0.042969 0.093056 2 0.507812 0.858984 0.584722 0.035156 0.080556 2 0.325928 0.99375 0.803472 0.0125 0.084722 0 0.299072 0.284375 0.484722 0.017188 0.05 2 0.297363 0.766797 0.479861 0.046094 0.059722 4 0.258301 0.766406 0.478472 0.045312 0.059722 2 0.223999 0.917969 0.580556 0.0375 0.077778 2 0.107422 0.994922 0.777083 0.010156 0.118056 2 0.088196 0.414062 0.296528 0.021875 0.0375 3 0.076965 0.414062 0.296528 0.021875 0.0375 10 0.043854 0.030078 0.648611 0.060156 0.130556 2 0.037903 0.994922 0.728472 0.010156 0.081944 11 0.031738 0.030078 0.651389 0.058594 0.122222 2 0.029419 0.991797 0.631944 0.016406 0.086111 2 0.021042 0.273828 0.48125 0.030469 0.056944 2 0.016663 0.291016 0.388889 0.021094 0.05 2 0.015778 0.958594 0.5875 0.029687 0.066667 2 0.012146 0.279687 0.486111 0.026562 0.058333 0 0.009453 0.996094 0.540278 0.007812 0.055556 2 0.008812 0.989453 0.646528 0.021094 0.115278 2 0.008545 0.264844 0.465278 0.035937 0.066667 2 0.007668 0.993359 0.693056 0.013281 0.102778 2 0.007549 0.995703 0.459028 0.008594 0.054167 2 0.006931 0.996094 0.536806 0.007812 0.0625 3 0.006218 0.991406 0.802083 0.017188 0.090278 2 0.005775 0.858594 0.466667 0.029687 0.055556 1 0.0056 0.990625 0.73125 0.017188 0.079167 2 0.004627 0.990625 0.815278 0.01875 0.091667 1 0.004135 0.060156 0.692361 0.025 0.0625 2 0.003052 0.983984 0.625 0.027344 0.077778 2 0.002779 0.989844 0.76875 0.017188 0.140278 5 0.002714 0.890234 0.46875 0.047656 0.054167 3 0.001912 0.325781 0.31875 0.028125 0.0375 2 0.001768 0.316406 0.379167 0.01875 0.055556 0 0.001642 0.242969 0.536111 0.025 0.061111 3 0.001399 0.296094 0.342361 0.025 0.029167 2 0.001399 0.996094 0.521528 0.007812 0.076389 10 0.001367 0.990625 0.747917 0.017188 0.2625 2 0.001356 0.996094 0.492361 0.007812 0.079167 2 0.001197 0.90625 0.581944 0.034375 0.077778 1 0.00109 0.094531 0.95 0.0375 0.077778
CCTV07^20260116-060000-20260116-065959_003584,12 0.849121 0.139844 0.766667 0.051562 0.177778 12 0.71875 0.128125 0.649306 0.032813 0.056944 3 0.686035 0.794141 0.850694 0.096094 0.126389 3 0.668945 0.634375 0.747917 0.0625 0.070833 11 0.270508 0.291406 0.46875 0.023438 0.045833 3 0.223999 0.405469 0.556944 0.026562 0.036111 1 0.01519 0.164844 0.574306 0.009375 0.023611 10 0.012238 0.013281 0.88125 0.026562 0.2375 1 0.008949 0.1625 0.571528 0.009375 0.023611 10 0.005913 0.008594 0.861111 0.017188 0.211111 11 0.003429 0.825 0.925 0.126562 0.144444 12 0.002512 0.360156 0.925694 0.085938 0.126389 4 0.00202 0.794922 0.847222 0.094531 0.119444 5 0.001949 0.009375 0.624306 0.01875 0.059722 10 0.001734 0.021484 0.877778 0.042969 0.227778 3 0.001574 0.008984 0.625 0.017969 0.058333 2 0.001235 0.042969 0.7 0.025 0.052778 11 0.001179 0.826172 0.95625 0.102344 0.076389 12 0.001107 0.832422 0.960417 0.107031 0.079167 12 0.001044 0.381641 0.947917 0.091406 0.101389
CCTV07^20260116-060000-20260116-065959_003588,12 0.863281 0.139844 0.766667 0.051562 0.177778 11 0.73877 0.6375 0.736111 0.14375 0.2 12 0.716797 0.128125 0.65 0.032813 0.055556 12 0.668945 0.256641 0.555556 0.021094 0.044444 9 0.256836 0.633594 0.733333 0.132812 0.194444 12 0.013222 0.194141 0.422222 0.013281 0.022222 10 0.009087 0.013281 0.880556 0.026562 0.233333 10 0.003679 0.008203 0.860417 0.016406 0.204167 5 0.002768 0.009375 0.623611 0.01875 0.058333 12 0.001972 0.632812 0.733333 0.13125 0.188889 12 0.001897 0.3625 0.925694 0.079687 0.126389 12 0.001768 0.196094 0.428472 0.009375 0.020833 3 0.001755 0.008984 0.625 0.017969 0.061111
CCTV07^20260116-060000-20260116-065959_003592,12 0.854004 0.140234 0.766667 0.050781 0.175 12 0.712402 0.128516 0.65 0.032031 0.055556 3 0.329346 0.375391 0.551389 0.025781 0.041667 5 0.286133 0.411719 0.556944 0.026562 0.036111 3 0.275146 0.411719 0.55625 0.026562 0.0375 5 0.210815 0.376172 0.550694 0.025781 0.040278 12 0.11676 0.189453 0.442361 0.011719 0.020833 10 0.016403 0.013672 0.879861 0.027344 0.240278 5 0.013374 0.490234 0.793056 0.097656 0.130556 10 0.007404 0.008984 0.861111 0.017969 0.211111 12 0.006004 0.189062 0.433333 0.0125 0.030556 2 0.005867 0.189062 0.449306 0.010937 0.018056 10 0.004887 0.489844 0.804861 0.098437 0.159722 12 0.004646 0.591016 0.949306 0.188281 0.101389 12 0.00387 0.490625 0.804167 0.096875 0.130556 3 0.003511 0.401953 0.552778 0.030469 0.033333 5 0.003027 0.008984 0.623611 0.017969 0.058333 12 0.002581 0.360938 0.922917 0.082812 0.131944 4 0.002216 0.492969 0.804861 0.098437 0.140278 5 0.001775 0.936719 0.997917 0.126562 0.004167 12 0.001536 0.020703 0.659722 0.039844 0.052778 3 0.001367 0.008984 0.625694 0.017969 0.0625 2 0.001107 0.191016 0.449306 0.010156 0.015278
CCTV07^20260116-060000-20260116-065959_003596,12 0.859863 0.140234 0.766667 0.050781 0.177778 12 0.720215 0.128516 0.65 0.032031 0.055556 12 0.697754 0.212109 0.466667 0.021094 0.047222 3 0.041779 0.321875 0.505556 0.01875 0.033333 12 0.036621 0.215234 0.457639 0.019531 0.043056 3 0.020889 0.23125 0.479167 0.010937 0.016667 10 0.010986 0.013672 0.88125 0.027344 0.234722 12 0.009087 0.222656 0.471528 0.009375 0.029167 10 0.00573 0.008594 0.860417 0.017188 0.204167 4 0.005344 0.322656 0.504861 0.01875 0.034722 12 0.003351 0.363672 0.924306 0.078906 0.126389 5 0.002726 0.008984 0.622917 0.017969 0.056944 3 0.002493 0.008984 0.624306 0.017969 0.059722 2 0.002182 0.185547 0.59375 0.021094 0.040278 2 0.001649 0.454688 0.504167 0.01875 0.027778 5 0.001421 0.936328 0.997917 0.127344 0.004167 2 0.001346 0.163672 0.434722 0.007031 0.016667 12 0.001143 0.383203 0.946528 0.094531 0.104167 12 0.001124 0.018359 0.661111 0.035156 0.052778 3 0.001107 0.326172 0.509722 0.019531 0.033333 12 0.00104 0.21875 0.451389 0.015625 0.033333 2 0.001024 0.174609 0.589583 0.014844 0.0375
CCTV07^20260116-060000-20260116-065959_003600,11 0.915527 0.227344 0.4875 0.026562 0.052778 12 0.863281 0.139844 0.765972 0.051562 0.176389 10 0.754883 0.650781 0.697222 0.101562 0.144444 12 0.704102 0.128516 0.649306 0.032031 0.056944 4 0.665527 0.446484 0.530556 0.030469 0.044444 3 0.62793 0.496484 0.652083 0.039844 0.048611 4 0.087585 0.45 0.545833 0.032813 0.041667 2 0.034363 0.453516 0.55 0.027344 0.033333 2 0.015778 0.453125 0.509028 0.017188 0.026389 4 0.01178 0.452734 0.535417 0.028906 0.0375 1 0.007317 0.254688 0.436111 0.0125 0.025 10 0.005913 0.013281 0.877778 0.026562 0.230556 3 0.005001 0.276953 0.459028 0.011719 0.023611 2 0.003824 0.453516 0.501389 0.014844 0.025 10 0.003052 0.008594 0.856944 0.017188 0.2 5 0.001867 0.009375 0.622222 0.01875 0.055556
CCTV07^20260116-060000-20260116-065959_003604,12 0.855957 0.140234 0.765278 0.050781 0.177778 12 0.853027 0.310937 0.567361 0.04375 0.084722 12 0.716797 0.128125 0.65 0.032813 0.055556 3 0.684082 0.345313 0.714583 0.0375 0.054167 11 0.607422 0.205859 0.454167 0.014844 0.030556 9 0.403564 0.416797 0.559028 0.046094 0.079167 11 0.303955 0.416406 0.559028 0.04375 0.079167 2 0.300781 0.169531 0.535417 0.0125 0.026389 11 0.213379 0.311328 0.567361 0.042969 0.0875 12 0.051849 0.181641 0.41875 0.013281 0.026389 3 0.041473 0.353125 0.478472 0.015625 0.023611 9 0.024612 0.421875 0.574306 0.040625 0.0625 11 0.014336 0.181641 0.414583 0.014844 0.031944 11 0.010696 0.408203 0.575 0.027344 0.044444 10 0.006744 0.012891 0.879167 0.025781 0.233333 5 0.004433 0.009375 0.622917 0.01875 0.056944 10 0.003708 0.008203 0.856944 0.016406 0.197222 11 0.002726 0.206641 0.461111 0.013281 0.025 3 0.002434 0.008984 0.623611 0.017969 0.058333 3 0.002182 0.266797 0.447222 0.011719 0.022222 2 0.00202 0.173828 0.477083 0.007031 0.018056 3 0.002003 0.26875 0.452083 0.0125 0.020833 11 0.001926 0.127734 0.420139 0.044531 0.098611 12 0.001525 0.362109 0.925 0.077344 0.127778 4 0.00124 0.009766 0.622222 0.019531 0.055556 12 0.001174 0.01875 0.661111 0.035937 0.05 3 0.001143 0.269922 0.457639 0.014844 0.026389
CCTV07^20260116-060000-20260116-065959_003608,12 0.863281 0.139844 0.765972 0.051562 0.176389 3 0.778809 0.355469 0.651389 0.032813 0.044444 3 0.754883 0.319922 0.60625 0.028906 0.034722 9 0.749023 0.624219 0.744444 0.085938 0.091667 12 0.700684 0.128125 0.648611 0.032813 0.055556 11 0.437744 0.315625 0.660417 0.040625 0.070833 9 0.359375 0.315234 0.661111 0.039844 0.072222 12 0.258301 0.201563 0.425 0.014063 0.033333 9 0.206909 0.608594 0.739583 0.053125 0.081944 12 0.099487 0.205469 0.463194 0.014063 0.026389 12 0.009056 0.200391 0.422222 0.019531 0.044444 9 0.007874 0.639844 0.770139 0.115625 0.143056 10 0.004608 0.012891 0.877778 0.025781 0.233333 10 0.002672 0.008203 0.855556 0.016406 0.2 12 0.00202 0.360547 0.922917 0.080469 0.131944 12 0.001995 0.019531 0.661111 0.0375 0.05 0 0.001782 0.188672 0.523611 0.010156 0.022222 5 0.001782 0.008984 0.622222 0.017969 0.058333
CCTV07^20260116-060000-20260116-065959_003612,12 0.854004 0.140234 0.766667 0.050781 0.177778 3 0.73877 0.254688 0.550694 0.01875 0.026389 12 0.710449 0.128516 0.65 0.032031 0.055556 11 0.12854 0.279687 0.54375 0.025 0.034722 10 0.0159 0.013672 0.877778 0.027344 0.233333 12 0.015541 0.187109 0.434722 0.013281 0.025 10 0.00927 0.008984 0.859722 0.017969 0.2 11 0.008286 0.185938 0.429167 0.014063 0.027778 5 0.007935 0.279687 0.545833 0.025 0.036111 5 0.005241 0.15625 0.483333 0.014063 0.025 5 0.003325 0.009375 0.624306 0.01875 0.059722 12 0.002493 0.189062 0.4375 0.0125 0.019444 3 0.002115 0.008984 0.625694 0.017969 0.0625 1 0.001536 0.351953 0.490972 0.011719 0.018056 12 0.001325 0.364063 0.922917 0.06875 0.129167 2 0.001279 0.188281 0.448611 0.010937 0.019444 10 0.00109 0.990625 0.602083 0.015625 0.179167 2 0.001024 0.454688 0.504167 0.01875 0.025
CCTV07^20260116-060000-20260116-065959_003627,12 0.853027 0.139844 0.766667 0.051562 0.180556 12 0.712402 0.128516 0.65 0.032031 0.055556 12 0.054413 0.203125 0.465278 0.0125 0.025 10 0.010948 0.016406 0.893056 0.032813 0.213889 10 0.004364 0.007422 0.858333 0.014844 0.2 5 0.003338 0.009375 0.623611 0.01875 0.058333 3 0.001501 0.008984 0.625 0.017969 0.055556
CCTV07^20260116-060000-20260116-065959_003631,12 0.868652 0.275391 0.568056 0.039844 0.072222 12 0.852051 0.139844 0.765278 0.051562 0.177778 10 0.820312 0.401172 0.777083 0.105469 0.195833 12 0.71875 0.128516 0.648611 0.032031 0.055556 2 0.644043 0.200391 0.704861 0.019531 0.056944 3 0.505859 0.571875 0.720139 0.053125 0.068056 4 0.07135 0.349219 0.511111 0.020313 0.030556 0 0.024521 0.201953 0.708333 0.021094 0.066667 10 0.010902 0.016797 0.890972 0.033594 0.218056 4 0.007904 0.350781 0.519444 0.020313 0.033333 12 0.007206 0.347656 0.506944 0.023438 0.036111 3 0.005161 0.571484 0.705556 0.046094 0.052778 12 0.004364 0.357812 0.927778 0.095312 0.125 3 0.003088 0.344531 0.502778 0.023438 0.033333 10 0.002182 0.007812 0.859028 0.015625 0.201389 1 0.001853 0.358203 0.548611 0.014844 0.022222 12 0.001455 0.376172 0.947222 0.091406 0.102778 10 0.001121 0.023828 0.877083 0.047656 0.226389 10 0.001103 0.414453 0.734722 0.114844 0.177778 2 0.001099 0.197656 0.707639 0.029687 0.0625 3 0.001099 0.435547 0.731944 0.060156 0.083333 10 0.001081 0.011719 0.909028 0.023438 0.181944 5 0.001073 0.009375 0.620833 0.01875 0.055556
CCTV07^20260116-060000-20260116-065959_003635,12 0.845703 0.139844 0.765972 0.051562 0.179167 12 0.716797 0.128516 0.648611 0.032031 0.055556 12 0.596191 0.191797 0.432639 0.021094 0.045833 1 0.363037 0.278516 0.541667 0.010156 0.027778 9 0.250977 0.254688 0.547222 0.03125 0.058333 6 0.163452 0.254688 0.547222 0.03125 0.058333 11 0.15918 0.254688 0.547222 0.03125 0.058333 1 0.079224 0.221875 0.468056 0.009375 0.013889 10 0.009636 0.013281 0.877083 0.026562 0.240278 10 0.00573 0.008984 0.857639 0.017969 0.209722 3 0.003063 0.008984 0.625 0.017969 0.058333 5 0.00304 0.009375 0.624306 0.01875 0.059722 10 0.001579 0.254297 0.55 0.032031 0.066667 5 0.001525 0.936719 0.998611 0.126562 0.002778 1 0.001507 0.222266 0.464583 0.008594 0.020833 1 0.00149 0.271094 0.547222 0.01875 0.038889 1 0.001444 0.369922 0.480556 0.013281 0.022222 2 0.001405 0.157031 0.482639 0.0125 0.023611 12 0.001249 0.361719 0.925694 0.076563 0.126389 12 0.001073 0.155859 0.481944 0.013281 0.025
CCTV07^20260116-060000-20260116-065959_003639,12 0.851074 0.139844 0.766667 0.051562 0.177778 12 0.841797 0.308203 0.632639 0.046094 0.095833 12 0.720215 0.128516 0.648611 0.032031 0.055556 11 0.320801 0.404297 0.699306 0.047656 0.070833 9 0.140381 0.404297 0.700694 0.047656 0.070833 2 0.138428 0.611719 0.617361 0.03125 0.045833 2 0.134766 0.177734 0.499306 0.010156 0.020833 0 0.104492 0.611719 0.616667 0.029687 0.044444 7 0.074768 0.405078 0.700694 0.049219 0.070833 3 0.052032 0.312109 0.48125 0.011719 0.020833 1 0.023422 0.312891 0.486111 0.010156 0.016667 2 0.014954 0.183984 0.432639 0.010156 0.018056 10 0.009712 0.013281 0.88125 0.026562 0.234722 0 0.008034 0.179688 0.502083 0.0125 0.020833 12 0.007011 0.183984 0.428472 0.011719 0.020833 10 0.005428 0.008203 0.859028 0.016406 0.201389 3 0.003403 0.009375 0.623611 0.01875 0.058333 12 0.001818 0.353906 0.925694 0.098437 0.129167 10 0.001611 0.991406 0.6 0.017188 0.177778 4 0.001416 0.405469 0.703472 0.048438 0.068056 12 0.001037 0.994531 0.613889 0.010937 0.125 10 0.001032 0.021875 0.873611 0.04375 0.222222
CCTV07^20260116-060000-20260116-065959_003688,11 0.871582 0.304297 0.555556 0.033594 0.069444 12 0.851074 0.140234 0.765278 0.050781 0.177778 12 0.728027 0.128125 0.65 0.03125 0.055556 12 0.563965 0.553516 0.926389 0.166406 0.136111 12 0.476562 0.154297 0.448611 0.014844 0.030556 3 0.17334 0.218359 0.486806 0.013281 0.020833 10 0.033844 0.553906 0.926389 0.16875 0.141667 2 0.004433 0.151953 0.483333 0.008594 0.016667 5 0.003235 0.009375 0.625694 0.01875 0.0625 3 0.003063 0.151562 0.479167 0.010937 0.019444 10 0.002342 0.011719 0.877083 0.023438 0.218056 10 0.0021 0.007031 0.849306 0.014063 0.179167 3 0.001919 0.008984 0.625 0.017969 0.061111 12 0.001867 0.467969 0.998611 0.134375 0.002778 11 0.001741 0.548828 0.924306 0.158594 0.151389 12 0.001549 0.60625 0.945139 0.189062 0.109722 3 0.001427 0.19375 0.431944 0.00625 0.013889 3 0.001285 0.189844 0.424306 0.010937 0.020833
CCTV07^20260116-060000-20260116-065959_003692,12 0.919434 0.217969 0.478472 0.023438 0.048611 12 0.879883 0.321094 0.661806 0.048438 0.093056 12 0.875977 0.489453 0.779167 0.117969 0.175 12 0.855957 0.140234 0.766667 0.050781 0.177778 12 0.705566 0.128906 0.65 0.03125 0.052778 1 0.631836 0.366797 0.690972 0.016406 0.040278 2 0.457031 0.162109 0.513889 0.010156 0.022222 11 0.343262 0.417969 0.586806 0.0375 0.054167 4 0.132935 0.419922 0.586806 0.033594 0.051389 3 0.028442 0.299219 0.479167 0.014063 0.025 12 0.016846 0.203125 0.431944 0.010937 0.019444 11 0.011734 0.203516 0.427778 0.013281 0.025 1 0.00634 0.364844 0.690278 0.023438 0.047222 2 0.003824 0.454297 0.504167 0.017969 0.025 5 0.002737 0.009375 0.625 0.01875 0.061111 12 0.002398 0.365625 0.925694 0.078125 0.126389 2 0.002342 0.159375 0.516667 0.010937 0.025 10 0.00202 0.012109 0.874306 0.024219 0.215278 2 0.001965 0.139453 0.553472 0.016406 0.029167 3 0.001501 0.008984 0.624306 0.017969 0.059722 10 0.001285 0.007422 0.85 0.014844 0.183333 2 0.001225 0.201172 0.435417 0.013281 0.018056 2 0.00104 0.143359 0.510417 0.010156 0.015278
CCTV07^20260116-060000-20260116-065959_003696,12 0.875977 0.235156 0.469444 0.023438 0.044444 12 0.864258 0.140234 0.766667 0.050781 0.180556 3 0.751953 0.43125 0.56875 0.028125 0.034722 12 0.710449 0.128906 0.65 0.03125 0.052778 2 0.613281 0.167969 0.536111 0.0125 0.025 12 0.256836 0.201563 0.459028 0.015625 0.029167 12 0.041626 0.182031 0.420139 0.014063 0.026389 2 0.009933 0.1625 0.465972 0.007812 0.018056 2 0.006168 0.163672 0.461806 0.008594 0.018056 10 0.003389 0.007031 0.847222 0.014063 0.177778 10 0.003376 0.010547 0.874306 0.021094 0.220833 5 0.002306 0.009375 0.624306 0.01875 0.0625 3 0.002165 0.008984 0.625 0.017969 0.058333 2 0.001912 0.187891 0.591667 0.016406 0.038889 11 0.001623 0.181641 0.414583 0.016406 0.034722 2 0.001124 0.455078 0.503472 0.017969 0.026389
CCTV07^20260116-060000-20260116-065959_003700,12 0.869629 0.140234 0.766667 0.050781 0.177778 2 0.805664 0.188281 0.680556 0.020313 0.044444 12 0.743164 0.128125 0.65 0.03125 0.055556 12 0.507812 0.223828 0.670139 0.028906 0.070833 2 0.125122 0.222656 0.670139 0.029687 0.070833 2 0.056641 0.362891 0.483333 0.022656 0.027778 4 0.038025 0.3625 0.483333 0.021875 0.027778 1 0.013954 0.198437 0.570139 0.010937 0.023611 9 0.012871 0.223047 0.668056 0.030469 0.075 8 0.011826 0.223828 0.671528 0.030469 0.070833 3 0.003416 0.150391 0.480556 0.011719 0.022222 2 0.0028 0.139453 0.554861 0.016406 0.029167 5 0.002287 0.009375 0.624306 0.01875 0.0625 10 0.002209 0.010547 0.875694 0.021094 0.218056 0 0.002125 0.199219 0.573611 0.014063 0.033333 10 0.001987 0.006641 0.844444 0.013281 0.172222 1 0.001687 0.198437 0.577778 0.014063 0.033333 3 0.001574 0.008984 0.624306 0.017969 0.059722 12 0.001467 0.19375 0.4125 0.015625 0.036111 3 0.001124 0.289062 0.477778 0.0125 0.025 1 0.001004 0.291016 0.478472 0.011719 0.023611
CCTV07^20260116-060000-20260116-065959_003704,12 0.858887 0.140234 0.766667 0.050781 0.177778 12 0.725098 0.128906 0.65 0.03125 0.055556 1 0.596191 0.636719 0.747917 0.026562 0.043056 2 0.010056 0.727734 0.697917 0.035156 0.051389 4 0.009483 0.685156 0.661111 0.029687 0.047222 10 0.004982 0.007031 0.849306 0.014063 0.181944 10 0.004719 0.010937 0.875694 0.021875 0.223611 3 0.004555 0.317969 0.470833 0.010937 0.019444 2 0.004181 0.139844 0.553472 0.015625 0.029167 2 0.00259 0.721484 0.689583 0.047656 0.0625 2 0.00215 0.140625 0.527778 0.014063 0.025 5 0.002108 0.009375 0.626389 0.01875 0.066667 3 0.00202 0.008984 0.627083 0.017969 0.0625 2 0.001405 0.144141 0.511111 0.010156 0.016667 10 0.001012 0.005469 0.791667 0.010937 0.138889
CCTV07^20260116-060000-20260116-065959_003708,12 0.858887 0.140234 0.766667 0.050781 0.177778 12 0.733887 0.128906 0.65 0.03125 0.052778 2 0.15979 0.577344 0.622222 0.025 0.038889 3 0.09436 0.3125 0.479861 0.009375 0.018056 3 0.008713 0.309766 0.477778 0.011719 0.022222 2 0.00729 0.158203 0.486806 0.011719 0.018056 2 0.003708 0.139063 0.552083 0.017188 0.029167 2 0.003197 0.571484 0.616667 0.035156 0.044444 1 0.002522 0.413281 0.508333 0.014063 0.016667 10 0.002472 0.010156 0.875694 0.020313 0.2125 5 0.002165 0.009375 0.624306 0.01875 0.059722 10 0.001965 0.015625 0.896528 0.03125 0.193056 4 0.001934 0.581641 0.623611 0.032031 0.041667 3 0.001831 0.313672 0.484028 0.008594 0.018056 10 0.001831 0.00625 0.841667 0.0125 0.166667 2 0.001525 0.139453 0.529167 0.016406 0.030556 3 0.001432 0.333984 0.484722 0.010156 0.019444 5 0.001399 0.935547 0.998611 0.128906 0.002778 10 0.001265 0.991016 0.645833 0.014844 0.177778 2 0.001211 0.454297 0.504861 0.017969 0.023611 2 0.001184 0.144531 0.511111 0.009375 0.019444
CCTV07^20260116-060000-20260116-065959_003712,12 0.855957 0.140234 0.766667 0.050781 0.177778 12 0.726562 0.128906 0.65 0.03125 0.052778 1 0.399902 0.405469 0.555556 0.0125 0.022222 3 0.018906 0.348828 0.491667 0.013281 0.022222 1 0.006615 0.403906 0.550694 0.020313 0.031944 10 0.003376 0.011328 0.875694 0.022656 0.220833 5 0.002993 0.009375 0.623611 0.01875 0.061111 10 0.002705 0.006641 0.845833 0.013281 0.177778 3 0.001405 0.008984 0.624306 0.017969 0.059722 2 0.001389 0.136719 0.514583 0.014063 0.020833 2 0.001367 0.139844 0.552083 0.017188 0.031944 2 0.001279 0.145703 0.509722 0.010156 0.019444 3 0.001274 0.150781 0.480556 0.010937 0.022222 2 0.001169 0.139844 0.527778 0.015625 0.025
CCTV07^20260116-060000-20260116-065959_003716,12 0.890137 0.296875 0.55 0.0375 0.077778 12 0.866211 0.140234 0.766667 0.050781 0.177778 12 0.710449 0.128516 0.65 0.030469 0.052778 3 0.604004 0.397656 0.564583 0.026562 0.031944 2 0.594727 0.170313 0.55 0.0125 0.027778 3 0.162964 0.321094 0.492361 0.020313 0.026389 3 0.079468 0.68125 0.769444 0.059375 0.066667 3 0.045349 0.319922 0.486806 0.019531 0.029167 2 0.029083 0.171875 0.576389 0.0125 0.022222 2 0.018692 0.171484 0.475 0.008594 0.016667 2 0.013901 0.681641 0.765972 0.058594 0.068056 3 0.009895 0.379688 0.510417 0.015625 0.020833 4 0.008545 0.323437 0.495139 0.020313 0.031944 0 0.003622 0.170313 0.568056 0.0125 0.036111 2 0.002823 0.16875 0.474306 0.009375 0.018056 1 0.002581 0.173047 0.486806 0.007031 0.015278 3 0.002083 0.313672 0.478472 0.019531 0.026389 5 0.00172 0.009375 0.625694 0.01875 0.065278 10 0.001655 0.010547 0.873611 0.021094 0.208333 2 0.001636 0.145313 0.510417 0.009375 0.018056 3 0.001427 0.008984 0.626389 0.017969 0.063889 2 0.001346 0.187891 0.590278 0.014844 0.036111 10 0.001211 0.015625 0.892361 0.03125 0.195833 10 0.001197 0.990625 0.602083 0.015625 0.179167 10 0.001156 0.006641 0.8375 0.013281 0.163889
CCTV07^20260116-060000-20260116-065959_003720,12 0.859863 0.140234 0.766667 0.050781 0.177778 12 0.72168 0.128516 0.65 0.032031 0.052778 2 0.394287 0.18125 0.652778 0.01875 0.044444 0 0.368408 0.181641 0.652778 0.019531 0.044444 3 0.09845 0.224219 0.467361 0.010937 0.015278 11 0.079468 0.195703 0.448611 0.017969 0.030556 2 0.070557 0.267188 0.796528 0.028125 0.056944 3 0.040833 0.196094 0.449306 0.017188 0.029167 10 0.003483 0.011719 0.875694 0.023438 0.218056 2 0.003004 0.229687 0.415972 0.0125 0.020833 10 0.001972 0.007422 0.846528 0.014844 0.176389 2 0.001853 0.451953 0.520139 0.022656 0.026389 5 0.001649 0.009375 0.623611 0.01875 0.058333 4 0.001151 0.454688 0.507639 0.01875 0.026389 2 0.001116 0.139453 0.553472 0.016406 0.031944 12 0.001078 0.363281 0.925694 0.064062 0.123611 2 0.001048 0.140234 0.529167 0.014844 0.027778 2 0.001024 0.145313 0.509722 0.009375 0.019444
CCTV07^20260116-060000-20260116-065959_003724,12 0.864258 0.140234 0.766667 0.050781 0.177778 12 0.725098 0.128906 0.650694 0.03125 0.054167 3 0.435791 0.249609 0.500694 0.014844 0.020833 1 0.29248 0.384375 0.538889 0.0125 0.019444 11 0.218628 0.380469 0.743056 0.06875 0.152778 12 0.155029 0.282813 0.45 0.020313 0.038889 1 0.145142 0.23125 0.5125 0.009375 0.016667 4 0.100159 0.380469 0.740972 0.070312 0.151389 1 0.089478 0.23125 0.519444 0.009375 0.016667 12 0.057281 0.215234 0.48125 0.013281 0.023611 10 0.05542 0.380859 0.740972 0.067969 0.145833 1 0.031372 0.398438 0.789583 0.028125 0.0625 1 0.008514 0.229297 0.522222 0.010156 0.013889 12 0.00404 0.217578 0.463889 0.011719 0.022222 3 0.002472 0.434375 0.552083 0.021875 0.023611 11 0.002306 0.217188 0.476389 0.015625 0.019444 2 0.001687 0.139844 0.553472 0.015625 0.029167 10 0.001642 0.010937 0.875 0.021875 0.211111 10 0.001525 0.006641 0.846528 0.013281 0.176389 2 0.00149 0.154688 0.482639 0.010937 0.023611 5 0.001367 0.008984 0.624306 0.017969 0.0625 2 0.001024 0.145703 0.509722 0.008594 0.019444
CCTV07^20260116-060000-20260116-065959_003728,12 0.864258 0.140234 0.766667 0.050781 0.177778 12 0.851074 0.489063 0.594444 0.060937 0.091667 12 0.732422 0.128906 0.651389 0.03125 0.052778 2 0.594727 0.171484 0.572222 0.014844 0.033333 1 0.240723 0.459375 0.616667 0.015625 0.030556 3 0.121704 0.303516 0.479167 0.017969 0.027778 11 0.068054 0.195703 0.446528 0.013281 0.026389 2 0.005081 0.186328 0.5875 0.013281 0.036111 3 0.004181 0.307812 0.485417 0.017188 0.026389 2 0.004086 0.173828 0.58125 0.019531 0.045833 2 0.002632 0.1875 0.59375 0.01875 0.040278 10 0.001934 0.009375 0.872917 0.01875 0.204167 10 0.001853 0.00625 0.839583 0.0125 0.1625 12 0.00181 0.128906 0.638889 0.029687 0.052778 2 0.001432 0.139844 0.553472 0.015625 0.029167 3 0.001356 0.290625 0.476389 0.014063 0.025 10 0.001335 0.015234 0.894444 0.030469 0.194444 2 0.0013 0.146094 0.511111 0.009375 0.019444 2 0.001017 0.167969 0.580556 0.017188 0.044444
CCTV07^20260116-060000-20260116-065959_003732,12 0.855957 0.140234 0.765278 0.050781 0.177778 12 0.725098 0.128516 0.65 0.030469 0.052778 3 0.003197 0.150781 0.480556 0.010937 0.022222 1 0.002472 0.552734 0.622917 0.016406 0.026389 5 0.002234 0.009766 0.627778 0.019531 0.066667 2 0.001957 0.139453 0.552778 0.016406 0.030556 10 0.001694 0.011328 0.875 0.022656 0.216667 10 0.001604 0.006641 0.845139 0.013281 0.173611
CCTV07^20260116-060000-20260116-065959_003736,12 0.863281 0.140234 0.766667 0.050781 0.177778 7 0.757812 0.628125 0.720139 0.0625 0.073611 12 0.72168 0.128906 0.65 0.03125 0.052778 1 0.642578 0.310937 0.726389 0.014063 0.030556 12 0.363037 0.627344 0.720139 0.064062 0.076389 1 0.287842 0.237891 0.518056 0.010156 0.019444 1 0.212036 0.197656 0.673611 0.0125 0.038889 3 0.185913 0.49375 0.802083 0.098437 0.126389 5 0.073669 0.49375 0.802083 0.098437 0.129167 1 0.072388 0.4 0.502778 0.0125 0.022222 1 0.049591 0.239844 0.515972 0.010937 0.020833 11 0.018829 0.49375 0.801389 0.096875 0.127778 10 0.009743 0.496094 0.8125 0.1125 0.202778 2 0.009125 0.139453 0.553472 0.016406 0.029167 1 0.006123 0.310156 0.719444 0.014063 0.033333 10 0.005913 0.0125 0.874306 0.025 0.215278 12 0.004791 0.523047 0.813889 0.171094 0.202778 11 0.003824 0.521875 0.813194 0.171875 0.179167 10 0.003403 0.007422 0.848611 0.014844 0.180556 3 0.003136 0.150781 0.480556 0.010937 0.022222 5 0.002125 0.009375 0.627083 0.01875 0.065278 2 0.001995 0.140234 0.527083 0.014844 0.026389 1 0.001942 0.301953 0.727778 0.021094 0.033333 2 0.001399 0.016406 0.881944 0.032813 0.077778 9 0.001305 0.628906 0.718056 0.064062 0.077778 2 0.001081 0.144922 0.511806 0.010156 0.020833 3 0.001065 0.008984 0.625694 0.017969 0.0625
CCTV07^20260116-060000-20260116-065959_003740,12 0.864258 0.140234 0.766667 0.050781 0.177778 12 0.725098 0.128516 0.65 0.030469 0.052778 1 0.67041 0.310547 0.726389 0.014844 0.030556 2 0.395996 0.776563 0.713889 0.0375 0.066667 3 0.095032 0.216016 0.452778 0.014844 0.022222 3 0.074219 0.389844 0.742361 0.0375 0.056944 1 0.038177 0.394531 0.743056 0.035937 0.058333 3 0.030563 0.187109 0.436806 0.010156 0.018056 2 0.028214 0.173437 0.477778 0.00625 0.016667 3 0.016525 0.278516 0.458333 0.011719 0.022222 2 0.009972 0.173437 0.485417 0.00625 0.015278 0 0.007011 0.771875 0.711806 0.048438 0.070833 5 0.006691 0.388672 0.745139 0.039844 0.0625 3 0.003325 0.187891 0.429861 0.010156 0.023611 3 0.00259 0.189453 0.436111 0.011719 0.013889 1 0.002234 0.316016 0.732639 0.021094 0.0375 1 0.002199 0.302344 0.727083 0.020313 0.031944 10 0.001912 0.007031 0.845139 0.014063 0.173611 10 0.001912 0.011328 0.876389 0.022656 0.213889 5 0.001549 0.009375 0.624306 0.01875 0.0625 3 0.001073 0.151562 0.480556 0.009375 0.022222
CCTV07^20260116-060000-20260116-065959_003744,12 0.895508 0.140625 0.757639 0.05 0.173611 12 0.710449 0.128125 0.647917 0.029687 0.051389 10 0.700684 0.2625 0.545833 0.0375 0.069444 11 0.689453 0.551562 0.680556 0.08125 0.116667 1 0.642578 0.310547 0.726389 0.014844 0.030556 9 0.523438 0.551562 0.68125 0.08125 0.115278 3 0.141235 0.216797 0.458333 0.011719 0.019444 9 0.087585 0.2625 0.546528 0.0375 0.070833 3 0.013901 0.216797 0.464583 0.010156 0.018056 2 0.013794 0.138672 0.554861 0.016406 0.029167 1 0.011292 0.310156 0.71875 0.014063 0.031944 1 0.01001 0.198437 0.569444 0.010937 0.022222 10 0.008781 0.617578 0.914583 0.150781 0.170833 2 0.003765 0.140625 0.527778 0.014063 0.025 1 0.003708 0.303906 0.726389 0.021875 0.030556 10 0.003273 0.006641 0.847917 0.013281 0.173611 10 0.003172 0.011328 0.877083 0.022656 0.215278 2 0.002768 0.2 0.578472 0.014063 0.031944 5 0.002522 0.009375 0.625694 0.01875 0.065278 2 0.002132 0.165234 0.456944 0.007031 0.016667 2 0.001846 0.146484 0.509028 0.008594 0.018056 1 0.001796 0.316406 0.733333 0.020313 0.033333 3 0.001294 0.151172 0.480556 0.010156 0.022222 2 0.001294 0.151562 0.484028 0.009375 0.018056 2 0.001169 0.136719 0.514583 0.014063 0.020833 3 0.001099 0.008984 0.625694 0.017969 0.0625 3 0.001008 0.212891 0.459722 0.016406 0.019444
CCTV07^20260116-060000-20260116-065959_003748,12 0.868652 0.142969 0.729861 0.057813 0.154167 7 0.782715 0.332813 0.672917 0.032813 0.079167 1 0.697754 0.310937 0.726389 0.014063 0.033333 12 0.635254 0.127344 0.638889 0.029687 0.038889 11 0.305664 0.210547 0.438889 0.014844 0.033333 12 0.27832 0.332422 0.672222 0.033594 0.080556 12 0.258301 0.210547 0.438889 0.013281 0.030556 3 0.112 0.211328 0.475694 0.013281 0.023611 3 0.060303 0.272266 0.451389 0.013281 0.019444 12 0.054993 0.210938 0.476389 0.0125 0.025 1 0.006413 0.301953 0.726389 0.017969 0.033333 2 0.003483 0.138672 0.554167 0.017969 0.030556 5 0.002398 0.009375 0.624306 0.01875 0.0625 12 0.002058 0.167578 0.389583 0.024219 0.054167 1 0.001867 0.316797 0.730556 0.019531 0.038889 10 0.001554 0.012109 0.878472 0.024219 0.215278 12 0.001531 0.210156 0.454861 0.014063 0.015278 3 0.001346 0.008984 0.624306 0.017969 0.059722 10 0.001169 0.006641 0.848611 0.013281 0.180556
CCTV07^20260116-060000-20260116-065959_003752,12 0.890137 0.142969 0.722222 0.064062 0.144444 1 0.605957 0.310547 0.727778 0.014844 0.030556 2 0.519531 0.164062 0.525 0.010937 0.022222 12 0.357666 0.127344 0.638194 0.029687 0.0375 3 0.230957 0.228906 0.479167 0.010937 0.019444 4 0.125977 0.722656 0.709028 0.048438 0.068056 9 0.01078 0.722656 0.709722 0.05 0.075 1 0.009781 0.399219 0.509028 0.014063 0.020833 11 0.006027 0.191406 0.445139 0.010937 0.023611 12 0.004539 0.723047 0.704861 0.049219 0.073611 2 0.003839 0.189844 0.448611 0.0125 0.022222 10 0.003679 0.010547 0.879167 0.021094 0.208333 1 0.003496 0.310156 0.720139 0.014063 0.034722 10 0.003351 0.016016 0.904861 0.032031 0.190278 1 0.003273 0.401562 0.505556 0.0125 0.019444 2 0.003248 0.159766 0.525 0.011719 0.022222 12 0.002981 0.189844 0.445139 0.0125 0.026389 1 0.002333 0.401953 0.498611 0.013281 0.019444 10 0.002174 0.00625 0.843056 0.0125 0.166667 12 0.001934 0.271484 0.980556 0.160156 0.038889 1 0.001495 0.302734 0.727083 0.021094 0.031944 1 0.001405 0.316406 0.734722 0.020313 0.033333 3 0.001294 0.009375 0.625 0.01875 0.061111 3 0.001065 0.451953 0.520139 0.022656 0.023611
CCTV07^20260116-060000-20260116-065959_003756,12 0.855957 0.205469 0.791667 0.060937 0.166667 12 0.833496 0.133594 0.696528 0.089063 0.126389 10 0.679199 0.298047 0.570833 0.050781 0.086111 1 0.654785 0.310156 0.722917 0.014063 0.026389 3 0.635254 0.264062 0.520833 0.015625 0.022222 2 0.395996 0.948047 0.806944 0.052344 0.080556 11 0.386719 0.298438 0.570139 0.05 0.0875 2 0.329346 0.167187 0.505556 0.010937 0.022222 1 0.161865 0.234766 0.533333 0.010156 0.022222 3 0.146606 0.365625 0.491667 0.020313 0.022222 3 0.052429 0.326172 0.454167 0.013281 0.019444 1 0.044678 0.473828 0.564583 0.017969 0.031944 3 0.04303 0.204687 0.442361 0.010937 0.018056 12 0.017105 0.596094 0.948611 0.2 0.102778 3 0.012383 0.205078 0.447222 0.008594 0.016667 2 0.008713 0.476562 0.563194 0.021875 0.031944 10 0.0056 0.010937 0.877083 0.021875 0.218056 10 0.005039 0.006641 0.846528 0.013281 0.173611 2 0.004608 0.185547 0.591667 0.017969 0.038889 1 0.00375 0.300391 0.727778 0.016406 0.027778 3 0.002846 0.151172 0.48125 0.010156 0.020833 12 0.001972 0.167578 0.503472 0.010156 0.026389 2 0.001561 0.171875 0.589583 0.0125 0.0375 2 0.001513 0.138672 0.554167 0.017969 0.030556 3 0.001444 0.328906 0.45625 0.014063 0.015278 3 0.001416 0.201172 0.443056 0.013281 0.019444 3 0.001335 0.009375 0.624306 0.01875 0.059722 2 0.001008 0.144922 0.509028 0.008594 0.015278
CCTV07^20260116-060000-20260116-065959_003760,12 0.885742 0.214453 0.475 0.022656 0.047222 11 0.877441 0.247656 0.490972 0.020313 0.043056 12 0.853027 0.141797 0.854167 0.083594 0.197222 12 0.839844 0.203516 0.784028 0.063281 0.159722 12 0.832031 0.203906 0.652083 0.029687 0.059722 12 0.830078 0.128125 0.694444 0.090625 0.119444 2 0.073669 0.841016 0.752778 0.066406 0.088889 2 0.053406 0.217969 0.524306 0.010937 0.020833 5 0.046539 0.841016 0.751389 0.066406 0.088889 3 0.019943 0.839844 0.75 0.070312 0.088889 2 0.005821 0.217188 0.51875 0.0125 0.023611 10 0.003565 0.011719 0.877778 0.023438 0.227778 10 0.002758 0.007031 0.846528 0.014063 0.1875 1 0.002747 0.219922 0.527778 0.011719 0.022222 5 0.002378 0.009766 0.628472 0.019531 0.070833 12 0.002115 0.246094 0.488889 0.025 0.041667 3 0.001782 0.009375 0.627778 0.01875 0.066667 2 0.001389 0.188281 0.593056 0.020313 0.041667 2 0.00133 0.182812 0.436806 0.009375 0.020833 2 0.001315 0.216797 0.54375 0.011719 0.018056
CCTV07^20260116-060000-20260116-065959_003764,12 0.85791 0.136328 0.797222 0.060156 0.166667 12 0.811523 0.204687 0.78125 0.059375 0.165278 3 0.760742 0.253906 0.545139 0.01875 0.029167 3 0.715332 0.782422 0.842361 0.080469 0.093056 3 0.583008 0.368359 0.551389 0.024219 0.033333 12 0.501953 0.153906 0.694444 0.120313 0.116667 2 0.370117 0.819922 0.747222 0.047656 0.066667 3 0.345215 0.336328 0.5 0.022656 0.033333 2 0.058136 0.159766 0.494444 0.013281 0.030556 12 0.055206 0.136719 0.681944 0.089063 0.091667 3 0.005199 0.354297 0.541667 0.032031 0.044444 2 0.001086 0.144141 0.510417 0.008594 0.018056 10 0.001028 0.010156 0.870139 0.020313 0.201389
CCTV10^20251112-170000-20251112-175959_004127,12 0.786621 0.357031 0.715278 0.084375 0.130556 11 0.770508 0.830078 0.663889 0.080469 0.105556 2 0.430176 0.106641 0.714583 0.027344 0.059722 3 0.416748 0.332422 0.617361 0.027344 0.051389 2 0.269043 0.130078 0.666667 0.024219 0.055556 3 0.023071 0.371875 0.576389 0.020313 0.036111 2 0.006123 0.99375 0.652083 0.0125 0.079167 2 0.004086 0.993359 0.801389 0.013281 0.055556 1 0.003944 0.798047 0.681944 0.022656 0.05 3 0.003363 0.348047 0.607639 0.019531 0.043056 1 0.0017 0.3875 0.892361 0.03125 0.0875 2 0.001531 0.029687 0.985417 0.059375 0.029167 12 0.001216 0.135156 0.998611 0.1375 0.002778 2 0.001073 0.994531 0.833333 0.010937 0.133333
CCTV10^20251112-170000-20251112-175959_004130,11 0.789062 0.830078 0.661111 0.080469 0.105556 3 0.769043 0.589063 0.933333 0.084375 0.105556 1 0.5 0.842187 0.744444 0.03125 0.063889 5 0.171021 0.544531 0.572222 0.03125 0.05 2 0.028107 0.124609 0.667361 0.025781 0.0625 1 0.009521 0.703516 0.668056 0.022656 0.052778 12 0.003721 0.037891 0.999306 0.074219 0.001389 12 0.002378 0.1375 0.997917 0.129688 0.004167 2 0.002125 0.033594 0.985417 0.067187 0.029167 2 0.001926 0.99375 0.654167 0.0125 0.077778 12 0.001796 0.461328 0.998611 0.153906 0.002778 0 0.001525 0.348047 0.598611 0.019531 0.055556 12 0.001478 0.675391 0.998611 0.157031 0.002778 4 0.001325 0.990625 0.644444 0.01875 0.072222 2 0.001081 0.011328 0.972222 0.022656 0.055556 12 0.001044 0.251563 0.998611 0.157812 0.002778
CCTV10^20251112-170000-20251112-175959_004134,10 0.871094 0.466406 0.834028 0.148438 0.215278 2 0.750488 0.193359 0.936806 0.049219 0.098611 11 0.749023 0.829688 0.663194 0.08125 0.106944 2 0.713867 0.136328 0.88125 0.038281 0.081944 0 0.662109 0.166406 0.810417 0.034375 0.070833 2 0.660156 0.138281 0.825694 0.034375 0.059722 2 0.654785 0.105078 0.803472 0.033594 0.070833 2 0.359375 0.138281 0.65625 0.023438 0.051389 2 0.147095 0.107031 0.743056 0.042188 0.080556 11 0.090759 0.106641 0.743056 0.042969 0.080556 9 0.090088 0.107031 0.74375 0.042188 0.081944 12 0.078613 0.107031 0.74375 0.042188 0.081944 6 0.054993 0.107422 0.742361 0.042969 0.081944 1 0.034882 0.079297 0.738889 0.022656 0.055556 1 0.017105 0.573047 0.646528 0.022656 0.051389 0 0.001904 0.161719 0.799306 0.029687 0.056944 2 0.00141 0.993359 0.652778 0.013281 0.077778 4 0.001206 0.989844 0.644444 0.020313 0.072222 5 0.001169 0.470313 0.998611 0.145313 0.002778
CCTV10^20251112-170000-20251112-175959_004138,5 0.820801 0.841797 0.838889 0.085156 0.116667 11 0.785156 0.830078 0.6625 0.082031 0.108333 2 0.620605 0.124219 0.722222 0.032813 0.066667 3 0.474609 0.398047 0.6375 0.035156 0.055556 1 0.004646 0.677344 0.661806 0.025 0.054167 2 0.0021 0.13125 0.724306 0.034375 0.073611 12 0.001942 0.037109 0.999306 0.072656 0.001389 4 0.001549 0.985156 0.761806 0.029687 0.126389 0 0.001536 0.399219 0.622222 0.032813 0.061111 12 0.001467 0.461328 0.998611 0.155469 0.002778 2 0.001285 0.99375 0.657639 0.0125 0.084722 12 0.001081 0.136719 0.997917 0.129688 0.004167 12 0.001008 0.251563 0.998611 0.159375 0.002778
CCTV10^20251112-170000-20251112-175959_004142,10 0.875977 0.709375 0.642361 0.075 0.118056 11 0.777344 0.83125 0.661806 0.076563 0.106944 2 0.723145 0.153906 0.852083 0.040625 0.076389 2 0.554688 0.114062 0.761111 0.029687 0.061111 2 0.542969 0.107031 0.815972 0.032813 0.073611 2 0.537109 0.122656 0.708333 0.026562 0.066667 5 0.474609 0.664844 0.945833 0.0875 0.108333 3 0.413086 0.664453 0.947222 0.086719 0.105556 2 0.313965 0.09375 0.717361 0.025 0.056944 4 0.03186 0.980078 0.704861 0.039844 0.073611 10 0.01799 0.752734 0.6375 0.072656 0.113889 10 0.017853 0.76875 0.642361 0.0375 0.104167 5 0.003607 0.978906 0.703472 0.0375 0.070833 6 0.002571 0.769531 0.64375 0.035937 0.106944 4 0.002398 0.977344 0.633333 0.0375 0.055556 7 0.001649 0.980078 0.711111 0.039844 0.088889 2 0.001444 0.103516 0.713194 0.042969 0.073611 7 0.001378 0.978516 0.746528 0.042969 0.173611 9 0.001165 0.980078 0.70625 0.039844 0.081944 11 0.001151 0.978906 0.754167 0.042188 0.186111
CCTV10^20251112-170000-20251112-175959_004146,10 0.893066 0.457422 0.76875 0.116406 0.176389 11 0.785156 0.830078 0.661806 0.080469 0.106944 0 0.740234 0.171875 0.920833 0.045312 0.091667 2 0.629883 0.129688 0.722917 0.028125 0.065278 3 0.46875 0.607422 0.645139 0.046094 0.059722 2 0.137939 0.115234 0.738889 0.022656 0.055556 1 0.074524 0.113672 0.738889 0.021094 0.052778 0 0.058563 0.114062 0.740278 0.025 0.055556 1 0.038605 0.8 0.702083 0.021875 0.051389 2 0.006771 0.973828 0.700694 0.030469 0.059722 10 0.002342 0.992578 0.625694 0.014844 0.109722 2 0.001853 0.993359 0.652778 0.013281 0.086111 3 0.00172 0.993359 0.655556 0.013281 0.083333 0 0.001649 0.116406 0.726389 0.03125 0.069444 1 0.001574 0.682422 0.659722 0.022656 0.044444 2 0.001335 0.030469 0.989583 0.060937 0.020833 12 0.001169 0.4625 0.998611 0.153125 0.002778 3 0.001008 0.99375 0.711111 0.0125 0.072222
CCTV10^20251112-170000-20251112-175959_004150,11 0.779785 0.830469 0.663194 0.082812 0.104167 2 0.616699 0.123828 0.781944 0.041406 0.075 1 0.560059 0.378125 0.660417 0.025 0.054167 3 0.458984 0.594922 0.597222 0.035156 0.05 1 0.455078 0.398828 0.909722 0.032031 0.063889 3 0.363037 0.812891 0.779861 0.071094 0.098611 1 0.286133 0.249219 0.699306 0.025 0.054167 5 0.236572 0.8125 0.779861 0.070312 0.098611 4 0.162354 0.685156 0.905556 0.09375 0.105556 4 0.124207 0.811328 0.779861 0.064844 0.095833 1 0.082092 0.99375 0.840972 0.0125 0.079167 5 0.063721 0.683984 0.906944 0.097656 0.113889 2 0.046021 0.685547 0.902083 0.091406 0.106944 1 0.044006 0.989844 0.840972 0.020313 0.081944 1 0.0401 0.394531 0.897917 0.039062 0.081944 3 0.028656 0.684375 0.90625 0.096875 0.115278 0 0.024521 0.124219 0.674306 0.029687 0.065278 2 0.023773 0.122656 0.679167 0.029687 0.063889 0 0.005554 0.127734 0.657639 0.035156 0.065278 2 0.004265 0.994531 0.872222 0.010937 0.133333 2 0.004025 0.99375 0.650694 0.0125 0.081944 2 0.001942 0.129297 0.659028 0.039844 0.076389 3 0.001919 0.988672 0.863194 0.022656 0.120833 4 0.0017 0.990625 0.64375 0.01875 0.079167 12 0.001549 0.701953 0.999306 0.139844 0.001389 0 0.001335 0.348438 0.604861 0.01875 0.043056
CCTV10^20251112-170000-20251112-175959_004153,11 0.769043 0.830078 0.661806 0.080469 0.104167 1 0.715332 0.142187 0.85 0.028125 0.063889 5 0.656738 0.598047 0.594444 0.036719 0.055556 2 0.647949 0.116797 0.772917 0.036719 0.073611 3 0.397949 0.561719 0.6625 0.04375 0.055556 9 0.114746 0.393359 0.625 0.052344 0.088889 12 0.093018 0.392969 0.625 0.053125 0.088889 1 0.005867 0.994922 0.822917 0.010156 0.084722 1 0.003538 0.346875 0.6 0.015625 0.05 2 0.002672 0.993359 0.653472 0.013281 0.073611 3 0.001216 0.398047 0.530556 0.021094 0.038889 1 0.001081 0.082031 0.789583 0.020313 0.051389
CCTV10^20251112-170000-20251112-175959_004157,11 0.808105 0.830078 0.663194 0.080469 0.106944 0 0.805664 0.2 0.863889 0.0375 0.077778 2 0.751953 0.150391 0.800694 0.042969 0.079167 3 0.67041 0.854688 0.897222 0.09375 0.113889 4 0.654785 0.555078 0.660417 0.047656 0.079167 0 0.527344 0.253516 0.918056 0.047656 0.119444 4 0.243652 0.627734 0.602083 0.047656 0.056944 1 0.219971 0.088672 0.709722 0.016406 0.041667 3 0.044861 0.626953 0.602083 0.049219 0.059722 1 0.040985 0.626953 0.602083 0.046094 0.056944 7 0.025467 0.955078 0.677083 0.038281 0.0625 10 0.023773 0.316406 0.575694 0.042188 0.148611 4 0.021042 0.954688 0.677778 0.0375 0.061111 2 0.017776 0.129297 0.661806 0.024219 0.0625 3 0.012054 0.953906 0.677083 0.0375 0.059722 2 0.011597 0.257422 0.93125 0.057031 0.106944 1 0.004505 0.084375 0.709028 0.021875 0.045833 2 0.003975 0.209375 0.863889 0.05 0.083333 1 0.003351 0.35 0.604861 0.015625 0.051389 4 0.00227 0.985156 0.772222 0.029687 0.127778 4 0.001432 0.976172 0.740278 0.047656 0.119444 12 0.001325 0.460156 0.998611 0.157812 0.002778 0 0.001235 0.255078 0.945833 0.044531 0.075 3 0.00123 0.99375 0.654861 0.0125 0.0875 1 0.001211 0.258203 0.941667 0.050781 0.088889
CCTV10^20251112-170000-20251112-175959_004161,5 0.862305 0.767578 0.763194 0.072656 0.101389 11 0.774414 0.828906 0.661806 0.079687 0.106944 2 0.705566 0.13125 0.869444 0.046875 0.091667 1 0.339844 0.248828 0.7 0.022656 0.05 3 0.129395 0.433594 0.625 0.03125 0.044444 3 0.040833 0.973437 0.7 0.0375 0.052778 3 0.008743 0.992969 0.688889 0.014063 0.061111 3 0.004848 0.99375 0.659028 0.0125 0.084722 11 0.004608 0.9875 0.764583 0.025 0.134722 2 0.003016 0.434375 0.622222 0.034375 0.055556 3 0.002981 0.991016 0.700694 0.014844 0.059722 2 0.002541 0.99375 0.656944 0.0125 0.088889 10 0.001926 0.319141 0.546528 0.036719 0.120833 4 0.001904 0.982422 0.695139 0.032031 0.070833 12 0.001782 0.135156 0.998611 0.134375 0.002778 3 0.001629 0.975781 0.713194 0.045312 0.098611 4 0.001134 0.677734 0.584028 0.047656 0.054167
CCTV10^20251112-170000-20251112-175959_004165,10 0.855957 0.692578 0.621528 0.069531 0.1125 11 0.810547 0.828906 0.661806 0.079687 0.106944 2 0.757812 0.209375 0.870833 0.053125 0.097222 5 0.494141 0.625 0.597222 0.032813 0.055556 2 0.007576 0.994531 0.938194 0.010937 0.123611 11 0.007149 0.991406 0.71875 0.017188 0.106944 2 0.003248 0.033203 0.9875 0.066406 0.025 9 0.002672 0.989062 0.926389 0.021875 0.147222 12 0.002199 0.037109 0.999306 0.072656 0.001389 12 0.001987 0.135156 0.997917 0.13125 0.004167 12 0.001484 0.460938 0.998611 0.15625 0.002778 12 0.001367 0.258594 0.998611 0.15625 0.002778 12 0.001351 0.196484 0.997917 0.142969 0.004167 2 0.00104 0.012109 0.973611 0.022656 0.052778 10 0.001032 0.991406 0.746528 0.017188 0.168056 3 0.001008 0.0125 0.172917 0.025 0.345833
CCTV10^20251112-170000-20251112-175959_004431,10 0.779297 0.866797 0.791667 0.152344 0.222222 1 0.604004 0.233984 0.694444 0.027344 0.061111 2 0.346924 0.995313 0.9 0.009375 0.113889 4 0.188354 0.299219 0.651389 0.048438 0.075 12 0.136597 0.299609 0.650694 0.050781 0.076389 1 0.102661 0.989453 0.906944 0.021094 0.113889 2 0.097046 0.99375 0.888194 0.0125 0.126389 2 0.038757 0.988672 0.894444 0.022656 0.130556 1 0.033478 0.239844 0.695139 0.045312 0.0625 9 0.028763 0.298828 0.652083 0.050781 0.079167 2 0.028442 0.948828 0.664583 0.030469 0.059722 2 0.015251 0.993359 0.926389 0.013281 0.105556 10 0.00404 0.988672 0.845833 0.022656 0.255556 6 0.003914 0.865234 0.791667 0.152344 0.222222 9 0.003483 0.866016 0.786111 0.139844 0.208333 12 0.003004 0.038281 0.999306 0.076563 0.001389 2 0.002642 0.988672 0.922917 0.022656 0.095833 12 0.002493 0.1375 0.997222 0.13125 0.005556 12 0.001044 0.196484 0.997222 0.142969 0.005556
CCTV10^20251112-170000-20251112-175959_004435,2 0.684082 0.135937 0.770139 0.039062 0.070833 1 0.672363 0.238281 0.697917 0.028125 0.056944 3 0.373779 0.960547 0.936806 0.078906 0.126389 1 0.32251 0.803906 0.692361 0.025 0.0625 1 0.32251 0.399609 0.897917 0.041406 0.090278 1 0.086304 0.405469 0.910417 0.039062 0.070833 2 0.067566 0.142187 0.677778 0.025 0.061111 1 0.018127 0.798438 0.691667 0.0375 0.072222 1 0.014175 0.223047 0.653472 0.016406 0.040278 10 0.013069 0.957031 0.93125 0.085938 0.131944 2 0.004433 0.971484 0.685417 0.039844 0.059722 2 0.003351 0.135937 0.681944 0.029687 0.063889 12 0.002216 0.257422 0.998611 0.158594 0.002778 2 0.001623 0.128125 0.777778 0.028125 0.077778 1 0.001611 0.247266 0.7 0.036719 0.061111 1 0.00141 0.414453 0.909028 0.057031 0.084722 2 0.001346 0.958203 0.999306 0.083594 0.001389 12 0.001325 0.038281 0.999306 0.075 0.001389 12 0.00132 0.135156 0.997917 0.135937 0.004167 5 0.001206 0.951172 0.998611 0.097656 0.002778 12 0.001147 0.214062 0.998611 0.154688 0.002778 1 0.001069 0.344531 0.683333 0.017188 0.038889
CCTV10^20251112-170000-20251112-175959_004439,10 0.895508 0.29375 0.7 0.090625 0.138889 2 0.760742 0.134766 0.869444 0.041406 0.088889 4 0.498047 0.649219 0.593056 0.042188 0.063889 11 0.430176 0.23125 0.929861 0.13125 0.140278 0 0.375732 0.112109 0.697917 0.022656 0.056944 10 0.075562 0.229687 0.927778 0.128125 0.141667 11 0.044342 0.648438 0.59375 0.045312 0.065278 12 0.037323 0.227734 0.925694 0.122656 0.140278 0 0.003975 0.114453 0.6875 0.030469 0.063889 1 0.002502 0.386328 0.902083 0.028906 0.068056
CCTV10^20251112-170000-20251112-175959_004442,2 0.679199 0.126953 0.725694 0.032031 0.0625 1 0.645996 0.121875 0.79375 0.025 0.056944 0 0.556641 0.096875 0.71875 0.025 0.059722 11 0.521484 0.964453 0.897222 0.071094 0.166667 2 0.236572 0.142578 0.659028 0.022656 0.045833 4 0.100891 0.963672 0.889583 0.072656 0.154167 10 0.060974 0.960938 0.901389 0.078125 0.197222 1 0.009232 0.73125 0.609722 0.020313 0.044444 1 0.006691 0.117188 0.800694 0.025 0.068056 9 0.004829 0.966797 0.898611 0.066406 0.163889 1 0.002342 0.386719 0.898611 0.029687 0.075 1 0.001755 0.727734 0.611111 0.027344 0.055556 9 0.001579 0.960156 0.89375 0.079687 0.2125 1 0.001467 0.34375 0.684722 0.017188 0.036111 12 0.001216 0.258203 0.998611 0.161719 0.002778 2 0.00109 0.137109 0.661111 0.030469 0.052778
CCTV10^20251112-170000-20251112-175959_004447,3 0.813965 0.655078 0.9375 0.083594 0.108333 3 0.733887 0.805078 0.840972 0.082031 0.109722 2 0.642578 0.178125 0.951389 0.046875 0.086111 4 0.529297 0.175 0.834722 0.065625 0.102778 2 0.480469 0.126172 0.867361 0.039844 0.0875 1 0.46875 0.0875 0.765278 0.025 0.058333 2 0.44165 0.11875 0.81875 0.0375 0.065278 1 0.368408 0.803906 0.725 0.029687 0.066667 11 0.315674 0.392969 0.713194 0.076563 0.123611 9 0.309082 0.392578 0.713889 0.080469 0.122222 5 0.174438 0.117188 0.683333 0.039062 0.061111 3 0.143188 0.116797 0.682639 0.039844 0.059722 2 0.015671 0.122266 0.834028 0.041406 0.093056 1 0.003429 0.094531 0.761111 0.028125 0.055556 0 0.003027 0.123047 0.814583 0.035156 0.0625 0 0.00172 0.140625 0.635417 0.017188 0.0375 5 0.001623 0.219141 0.999306 0.141406 0.001389 0 0.001592 0.347266 0.599306 0.021094 0.054167 12 0.001531 0.392578 0.714583 0.077344 0.120833 1 0.001405 0.386719 0.897222 0.029687 0.077778 1 0.001378 0.141016 0.636806 0.017969 0.034722 12 0.001279 0.259375 0.998611 0.15625 0.002778
CCTV10^20251112-170000-20251112-175959_004452,11 0.963867 0.459766 0.757639 0.085156 0.134722 1 0.763672 0.248828 0.714583 0.032031 0.051389 1 0.649414 0.300391 0.843056 0.035156 0.069444 3 0.414795 0.632031 0.593056 0.03125 0.044444 3 0.37207 0.576953 0.609722 0.035156 0.05 1 0.095703 0.923828 0.71875 0.030469 0.0625 6 0.042084 0.563672 0.538889 0.039844 0.072222 4 0.019943 0.976953 0.688889 0.046094 0.105556 7 0.012291 0.975781 0.7 0.048438 0.127778 2 0.01033 0.132812 0.65 0.025 0.061111 3 0.003469 0.626172 0.597222 0.036719 0.058333 12 0.00326 0.0375 0.999306 0.075 0.001389 2 0.003124 0.035937 0.993056 0.071875 0.013889 1 0.002323 0.258984 0.720833 0.032031 0.055556 2 0.002234 0.065625 0.428472 0.08125 0.143056 12 0.002234 0.250781 0.998611 0.1625 0.002778 5 0.002157 0.132812 0.649306 0.025 0.056944 1 0.0021 0.254297 0.708333 0.032031 0.055556 3 0.001972 0.014063 0.304861 0.028125 0.326389 12 0.001525 0.137109 0.998611 0.127344 0.002778 1 0.001444 0.348828 0.605556 0.016406 0.038889 3 0.001156 0.585156 0.614583 0.042188 0.0625 11 0.001134 0.133594 0.647222 0.03125 0.066667 12 0.001008 0.473047 0.998611 0.144531 0.002778
CCTV10^20251112-170000-20251112-175959_004456,10 0.847656 0.497656 0.885417 0.18125 0.223611 10 0.634277 0.934375 0.870833 0.13125 0.258333 3 0.57373 0.596875 0.63125 0.046875 0.068056 1 0.038452 0.922656 0.714583 0.029687 0.056944 12 0.004593 0.039453 0.999306 0.078906 0.001389 12 0.002571 0.1375 0.997222 0.13125 0.005556 12 0.00214 0.250781 0.998611 0.160938 0.002778 5 0.002068 0.6125 0.998611 0.140625 0.002778 2 0.001289 0.036719 0.9875 0.073438 0.025 12 0.001057 0.197266 0.997917 0.141406 0.004167 1 0.001032 0.386328 0.895833 0.028906 0.080556
CCTV10^20251112-170000-20251112-175959_004461,0 0.806641 0.170703 0.835417 0.038281 0.081944 0 0.78418 0.119141 0.854167 0.035156 0.075 0 0.430176 0.133203 0.724306 0.024219 0.0625 2 0.219971 0.133594 0.724306 0.023438 0.059722 1 0.218628 0.258984 0.939583 0.041406 0.076389 1 0.117188 0.922266 0.715278 0.027344 0.058333 2 0.115967 0.258594 0.938889 0.039062 0.077778 0 0.093994 0.1125 0.677778 0.01875 0.047222 0 0.045197 0.25625 0.936111 0.0375 0.077778 2 0.003248 0.114453 0.677083 0.024219 0.048611 2 0.0028 0.178125 0.836806 0.051562 0.081944 4 0.001926 0.989453 0.645833 0.021094 0.080556 1 0.001748 0.386328 0.899306 0.028906 0.073611 12 0.001727 0.134766 0.997917 0.138281 0.004167 5 0.00124 0.146094 0.63125 0.028125 0.048611 10 0.00123 0.860547 0.394444 0.074219 0.091667 1 0.001134 0.151953 0.655556 0.016406 0.038889 11 0.001121 0.983594 0.627778 0.032813 0.105556 2 0.001065 0.10625 0.679861 0.028125 0.054167
CCTV10^20251112-170000-20251112-175959_004465,0 0.490234 0.142578 0.773611 0.025781 0.063889 0 0.46875 0.229687 0.9 0.054688 0.088889 4 0.422607 0.104297 0.772222 0.041406 0.086111 1 0.265869 0.351562 0.831944 0.032813 0.05 1 0.054199 0.922656 0.714583 0.029687 0.059722 2 0.042084 0.103125 0.711111 0.042188 0.083333 4 0.04068 0.104297 0.746528 0.042969 0.1375 0 0.028549 0.136719 0.716667 0.021875 0.055556 0 0.005981 0.139063 0.726389 0.025 0.055556 2 0.004829 0.103516 0.772917 0.046094 0.084722 1 0.003483 0.355469 0.840278 0.032813 0.069444 12 0.002935 0.213281 0.998611 0.157812 0.002778 12 0.002378 0.038281 0.999306 0.075 0.001389 12 0.001775 0.134766 0.997222 0.135156 0.005556 1 0.001629 0.359766 0.836806 0.052344 0.0625 1 0.001399 0.386719 0.897222 0.029687 0.077778 0 0.001378 0.138672 0.70625 0.021094 0.054167 1 0.001184 0.344922 0.813889 0.036719 0.033333
CCTV10^20251112-170000-20251112-175959_004468,10 0.905762 0.354297 0.727083 0.108594 0.1625 2 0.226807 0.10625 0.697222 0.029687 0.066667 0 0.070068 0.189062 0.965972 0.04375 0.065278 1 0.060516 0.921484 0.716667 0.027344 0.055556 12 0.023773 0.189844 0.965972 0.046875 0.068056 12 0.009674 0.279687 0.998611 0.1375 0.002778 12 0.006096 0.213672 0.997917 0.125781 0.004167 12 0.002028 0.038672 0.999306 0.075781 0.001389 1 0.001675 0.386719 0.899306 0.029687 0.073611 2 0.001169 0.035156 0.988194 0.070312 0.023611
CCTV10^20251112-170000-20251112-175959_004476,1 0.539062 0.123828 0.86875 0.030469 0.068056 2 0.203125 0.137109 0.680556 0.025781 0.063889 10 0.09668 0.642578 0.557639 0.038281 0.065278 1 0.031616 0.922656 0.717361 0.029687 0.059722 12 0.003376 0.038672 0.999306 0.077344 0.001389 12 0.002935 0.1375 0.997917 0.126562 0.004167 12 0.00289 0.258203 0.998611 0.157031 0.002778 2 0.002378 0.140234 0.675694 0.036719 0.073611 2 0.002035 0.035547 0.984722 0.071094 0.030556 10 0.001294 0.860156 0.394444 0.075 0.094444 12 0.001004 0.2 0.997917 0.132812 0.004167
CCTV10^20251112-170000-20251112-175959_004480,2 0.37207 0.1125 0.69375 0.032813 0.0625 1 0.088196 0.922656 0.714583 0.03125 0.065278 12 0.003839 0.135937 0.997917 0.13125 0.004167 2 0.002216 0.066016 0.426389 0.082031 0.141667 12 0.001987 0.257812 0.998611 0.157812 0.002778 1 0.001861 0.386719 0.900694 0.029687 0.070833 12 0.001741 0.039844 0.999306 0.078125 0.001389 12 0.001024 0.214844 0.998611 0.151562 0.002778 2 0.001008 0.037109 0.989583 0.074219 0.020833
CCTV10^20251112-170000-20251112-175959_004484,10 0.904785 0.4125 0.670833 0.079687 0.141667 2 0.71875 0.161719 0.909722 0.051562 0.091667 0 0.29248 0.133203 0.7125 0.025781 0.063889 2 0.151001 0.133984 0.711806 0.027344 0.0625 1 0.14563 0.922656 0.713889 0.03125 0.061111 2 0.042084 0.148828 0.664583 0.022656 0.045833 12 0.001549 0.135547 0.998611 0.121094 0.002778 12 0.00133 0.258203 0.998611 0.157031 0.002778 12 0.001325 0.039062 0.999306 0.076563 0.001389 2 0.001245 0.993359 0.653472 0.013281 0.0875 1 0.001245 0.386328 0.899306 0.028906 0.073611
CCTV10^20251112-170000-20251112-175959_004488,10 0.777344 0.337891 0.645833 0.061719 0.113889 3 0.695801 0.503125 0.7125 0.04375 0.069444 3 0.620605 0.437109 0.700694 0.046094 0.059722 1 0.616699 0.266797 0.754861 0.022656 0.051389 1 0.334473 0.114453 0.719444 0.017969 0.044444 1 0.329346 0.239453 0.709722 0.028906 0.047222 1 0.188354 0.116016 0.709028 0.022656 0.065278 2 0.166138 0.125 0.680556 0.023438 0.055556 1 0.0401 0.144141 0.681944 0.016406 0.044444 1 0.038757 0.921094 0.713194 0.029687 0.065278 1 0.030792 0.269922 0.751389 0.036719 0.052778 1 0.005535 0.245703 0.7125 0.027344 0.041667 1 0.005001 0.263672 0.747222 0.030469 0.055556 3 0.004314 0.423828 0.591667 0.030469 0.055556 2 0.00399 0.123828 0.68125 0.030469 0.076389 1 0.003325 0.254297 0.722917 0.022656 0.029167 12 0.002323 0.038281 0.999306 0.075 0.001389 1 0.001134 0.386328 0.899306 0.028906 0.073611
CCTV10^20251112-170000-20251112-175959_004492,1 0.424316 0.212891 0.713194 0.024219 0.059722 1 0.150024 0.922656 0.714583 0.029687 0.059722 3 0.085083 0.427734 0.605556 0.025781 0.038889 5 0.026764 0.985938 0.709028 0.028125 0.068056 1 0.024994 0.208203 0.715278 0.035156 0.069444 3 0.018616 0.985547 0.710417 0.028906 0.070833 12 0.004383 0.1375 0.997917 0.13125 0.004167 12 0.003185 0.039844 0.999306 0.079687 0.001389 1 0.002453 0.219922 0.705556 0.042969 0.058333 12 0.002415 0.257812 0.998611 0.159375 0.002778 1 0.002405 0.344531 0.682639 0.017188 0.0375 11 0.001761 0.985156 0.761111 0.029687 0.15 2 0.001265 0.037109 0.988194 0.074219 0.023611 12 0.001086 0.181641 0.995833 0.155469 0.008333 4 0.001048 0.984766 0.705556 0.028906 0.083333 1 0.00104 0.386328 0.900694 0.028906 0.070833
CCTV10^20251112-170000-20251112-175959_004497,2 0.616699 0.127344 0.856944 0.034375 0.080556 2 0.552734 0.089453 0.743056 0.027344 0.063889 2 0.513672 0.136719 0.765972 0.032813 0.070833 2 0.414795 0.1 0.794444 0.029687 0.066667 0 0.24939 0.098828 0.79375 0.028906 0.065278 1 0.184204 0.945312 0.75 0.025 0.061111 2 0.147095 0.282031 0.954861 0.048438 0.079167 2 0.056854 0.992969 0.718056 0.014063 0.052778 2 0.040985 0.096484 0.779861 0.032031 0.068056 10 0.029541 0.275391 0.609028 0.035156 0.093056 0 0.005001 0.288672 0.9625 0.057031 0.069444 12 0.004681 0.286719 0.960417 0.053125 0.073611 10 0.002846 0.99375 0.671528 0.0125 0.126389 2 0.002323 0.990625 0.7375 0.01875 0.113889 1 0.002199 0.948828 0.750694 0.038281 0.070833 1 0.002115 0.386328 0.9 0.028906 0.072222 2 0.002035 0.994531 0.707639 0.010937 0.076389 10 0.001623 0.992969 0.646528 0.014063 0.118056 0 0.001467 0.128125 0.855556 0.035937 0.077778 1 0.00141 0.597656 0.579167 0.014063 0.030556 2 0.001151 0.027344 0.9875 0.054688 0.025 2 0.001095 0.092578 0.8 0.027344 0.072222
CCTV10^20251112-170000-20251112-175959_004500,10 0.789062 0.633594 0.619444 0.06875 0.102778 10 0.726562 0.327344 0.586111 0.057813 0.186111 3 0.694336 0.836328 0.874306 0.082031 0.104167 1 0.550781 0.264453 0.755556 0.027344 0.052778 3 0.44165 0.852344 0.781944 0.08125 0.1 5 0.383057 0.851953 0.78125 0.080469 0.095833 2 0.028976 0.98125 0.706944 0.029687 0.052778 11 0.016342 0.988672 0.761111 0.022656 0.138889 1 0.010567 0.267578 0.754167 0.041406 0.058333 2 0.00885 0.033984 0.985417 0.067969 0.029167 2 0.008743 0.066016 0.429861 0.082031 0.154167 2 0.004829 0.986328 0.746528 0.027344 0.118056 2 0.004738 0.993359 0.770139 0.013281 0.109722 10 0.003944 0.984375 0.7375 0.03125 0.175 12 0.003607 0.992969 0.774306 0.014063 0.109722 1 0.003538 0.267969 0.764583 0.032813 0.068056 12 0.002935 0.201953 0.998611 0.132031 0.002778 12 0.002747 0.257031 0.998611 0.157812 0.002778 2 0.002571 0.980859 0.708333 0.033594 0.077778 2 0.002398 0.994922 0.66875 0.010156 0.098611 12 0.002323 0.135156 0.998611 0.126562 0.002778 2 0.001853 0.012891 0.970833 0.024219 0.058333 4 0.00181 0.026953 0.05 0.052344 0.1 10 0.001655 0.975 0.747917 0.05 0.168056 8 0.001478 0.992188 0.781944 0.015625 0.122222 11 0.001315 0.992578 0.792361 0.014844 0.156944 1 0.001156 0.386719 0.899306 0.029687 0.073611
CCTV10^20251112-170000-20251112-175959_004504,10 0.847656 0.820312 0.747222 0.13125 0.194444 0 0.185913 0.183594 0.955556 0.051562 0.083333 2 0.153564 0.183984 0.955556 0.050781 0.083333 12 0.004772 0.039453 0.999306 0.078906 0.001389 12 0.001875 0.257422 0.998611 0.153906 0.002778 12 0.001714 0.139453 0.997917 0.124219 0.004167 5 0.001611 0.228906 0.998611 0.142187 0.002778 1 0.00123 0.386328 0.9 0.030469 0.072222 2 0.001017 0.0375 0.991667 0.075 0.016667
CCTV10^20251112-170000-20251112-175959_004509,0 0.598145 0.241406 0.9125 0.04375 0.080556 3 0.569824 0.578906 0.613194 0.042188 0.059722 2 0.552734 0.131641 0.711111 0.025781 0.058333 2 0.071838 0.108984 0.693056 0.021094 0.058333 6 0.017776 0.989844 0.723611 0.020313 0.102778 5 0.014557 0.991406 0.743056 0.017188 0.141667 2 0.011421 0.117188 0.705556 0.026562 0.063889 2 0.007694 0.991406 0.718056 0.017188 0.088889 0 0.005512 0.107031 0.696528 0.021875 0.0625 3 0.003824 0.588281 0.611111 0.054688 0.072222 4 0.003027 0.991406 0.718056 0.017188 0.088889 12 0.001995 0.038672 0.999306 0.075781 0.001389 2 0.001875 0.106641 0.688194 0.030469 0.0625 1 0.00181 0.386719 0.899306 0.029687 0.073611 12 0.00181 0.25 0.998611 0.1625 0.002778 12 0.001661 0.136719 0.997917 0.132812 0.004167 5 0.001346 0.232031 0.998611 0.160938 0.002778 2 0.001221 0.119922 0.715972 0.022656 0.059722
CCTV10^20251112-170000-20251112-175959_004513,1 0.67041 0.294922 0.803472 0.032031 0.065278 1 0.645996 0.332813 0.783333 0.029687 0.052778 0 0.377441 0.104297 0.716667 0.025781 0.055556 1 0.022369 0.312109 0.792361 0.050781 0.0625 5 0.008003 0.255859 0.997917 0.146094 0.004167 1 0.006878 0.338281 0.782639 0.045312 0.059722 0 0.0051 0.107813 0.716667 0.039062 0.061111 12 0.00205 0.135156 0.998611 0.13125 0.002778 1 0.001372 0.386328 0.9 0.028906 0.072222 2 0.001095 0.108984 0.713194 0.036719 0.059722 12 0.001057 0.039453 0.999306 0.077344 0.001389
CCTV10^20251112-170000-20251112-175959_004517,10 0.728027 0.432031 0.596528 0.046875 0.093056 10 0.692871 0.470703 0.776389 0.107031 0.180556 3 0.672363 0.725 0.747917 0.071875 0.0875 1 0.359375 0.85 0.746528 0.032813 0.070833 2 0.074524 0.144531 0.677778 0.023438 0.055556 1 0.03595 0.357422 0.8375 0.028906 0.047222 12 0.005642 0.471094 0.777083 0.107813 0.179167 12 0.002035 0.136328 0.997917 0.133594 0.004167 1 0.001714 0.353906 0.829861 0.0375 0.045833 1 0.001694 0.365625 0.841667 0.03125 0.044444 12 0.001661 0.039844 0.999306 0.079687 0.001389 1 0.001269 0.386719 0.897222 0.029687 0.077778
CCTV10^20251112-170000-20251112-175959_004521,10 0.867188 0.298828 0.675694 0.069531 0.120833 2 0.432129 0.117578 0.700694 0.030469 0.065278 6 0.15918 0.117578 0.701389 0.033594 0.066667 0 0.024429 0.138281 0.641667 0.01875 0.044444 12 0.007694 0.185938 0.995833 0.139063 0.008333 3 0.004829 0.323047 0.598611 0.022656 0.047222 12 0.004398 0.135547 0.997917 0.130469 0.004167 12 0.00423 0.253516 0.998611 0.155469 0.002778 2 0.003635 0.322656 0.598611 0.023438 0.047222 12 0.003075 0.039062 0.999306 0.078125 0.001389 2 0.002359 0.139453 0.647222 0.019531 0.05 1 0.001926 0.348828 0.602083 0.017969 0.045833 1 0.001461 0.386328 0.901389 0.028906 0.069444 2 0.001081 0.109375 0.710417 0.023438 0.070833
CCTV10^20251112-170000-20251112-175959_004524,3 0.644043 0.786328 0.761111 0.072656 0.091667 3 0.548828 0.660156 0.616667 0.0375 0.052778 0 0.282959 0.114844 0.722222 0.032813 0.066667 2 0.147583 0.113281 0.723611 0.03125 0.063889 2 0.011162 0.986328 0.710417 0.027344 0.059722 1 0.004383 0.6875 0.586806 0.017188 0.0375 12 0.003052 0.137109 0.997222 0.128906 0.005556 12 0.002693 0.039062 0.999306 0.078125 0.001389 1 0.002611 0.115625 0.715278 0.03125 0.063889 4 0.002182 0.986328 0.710417 0.027344 0.059722 12 0.002132 0.257812 0.998611 0.157812 0.002778 2 0.002003 0.992969 0.750694 0.014063 0.1375 2 0.001341 0.037109 0.990972 0.074219 0.018056 1 0.001294 0.386328 0.902083 0.028906 0.068056 12 0.001143 0.198047 0.997917 0.138281 0.004167
CCTV10^20251112-170000-20251112-175959_004528,10 0.827637 0.334766 0.65625 0.061719 0.118056 1 0.704102 0.175781 0.922917 0.034375 0.070833 1 0.654785 0.358594 0.784028 0.029687 0.056944 0 0.373779 0.114453 0.716667 0.032031 0.075 1 0.089111 0.351953 0.786111 0.044531 0.075 1 0.042572 0.435937 0.972222 0.04375 0.055556 12 0.015778 0.465625 0.998611 0.14375 0.002778 1 0.003351 0.385937 0.896528 0.028125 0.079167 12 0.002714 0.133984 0.998611 0.121094 0.002778 12 0.001661 0.259375 0.998611 0.15625 0.002778 1 0.001134 0.170703 0.927083 0.047656 0.093056
CCTV10^20251112-170000-20251112-175959_004532,3 0.730957 0.560547 0.956944 0.077344 0.086111 3 0.65332 0.640625 0.919444 0.0875 0.122222 10 0.478516 0.628125 0.566667 0.048438 0.088889 2 0.451416 0.14375 0.788194 0.03125 0.070833 2 0.401611 0.097266 0.781944 0.033594 0.080556 1 0.237915 0.791797 0.653472 0.019531 0.043056 0 0.15918 0.097266 0.783333 0.033594 0.077778 0 0.147583 0.143359 0.788889 0.032031 0.072222 1 0.11676 0.133984 0.749306 0.022656 0.051389 2 0.092041 0.098828 0.727778 0.028906 0.058333 0 0.029205 0.138281 0.75 0.028125 0.05 2 0.0159 0.135937 0.686111 0.023438 0.066667 6 0.014282 0.109375 0.683333 0.039062 0.061111 5 0.008034 0.619922 0.999306 0.124219 0.001389 12 0.007607 0.108984 0.684028 0.038281 0.059722 1 0.006931 0.786719 0.650694 0.029687 0.048611 2 0.00634 0.108203 0.68125 0.038281 0.0625 0 0.003651 0.152734 0.784722 0.036719 0.063889 1 0.003124 0.796484 0.654167 0.028906 0.052778 12 0.002653 0.133203 0.998611 0.136719 0.002778 9 0.002562 0.108984 0.683333 0.039844 0.061111 12 0.002199 0.257812 0.998611 0.157812 0.002778 1 0.001755 0.101172 0.721528 0.033594 0.065278 4 0.00149 0.948828 0.670833 0.042969 0.066667 1 0.001346 0.106641 0.734028 0.024219 0.054167 1 0.001225 0.386328 0.900694 0.030469 0.070833 2 0.001048 0.034375 0.9875 0.06875 0.025 12 0.001032 0.472656 0.998611 0.148438 0.002778
CCTV10^20251112-170000-20251112-175959_004536,5 0.790527 0.882422 0.832639 0.097656 0.129167 1 0.635254 0.238281 0.696528 0.026562 0.056944 6 0.496094 0.704688 0.615972 0.05 0.084722 2 0.282959 0.183594 0.961806 0.051562 0.068056 0 0.197388 0.087891 0.813889 0.022656 0.055556 1 0.1427 0.088281 0.814583 0.023438 0.056944 2 0.105957 0.139453 0.681944 0.022656 0.055556 2 0.02655 0.971875 0.695139 0.028125 0.059722 2 0.009232 0.127344 0.648611 0.020313 0.044444 5 0.002502 0.376953 0.589583 0.028906 0.059722 5 0.00215 0.228125 0.998611 0.145313 0.002778 12 0.001867 0.258594 0.998611 0.157812 0.002778 2 0.001846 0.994531 0.661111 0.010937 0.094444 2 0.001839 0.982422 0.699306 0.030469 0.073611 1 0.001501 0.386719 0.898611 0.029687 0.072222 1 0.00149 0.247266 0.681944 0.030469 0.066667 10 0.001438 0.988672 0.729861 0.022656 0.1875 12 0.00141 0.039844 0.999306 0.078125 0.001389 12 0.001315 0.162109 0.998611 0.149219 0.002778 2 0.001225 0.147266 0.65625 0.025781 0.0625 3 0.001024 0.377344 0.590278 0.026562 0.055556 1 0.001008 0.246484 0.7 0.036719 0.061111
CCTV10^20251112-170000-20251112-175959_004540,2 0.629883 0.140625 0.782639 0.035937 0.070833 10 0.602051 0.581641 0.555556 0.047656 0.077778 0 0.11084 0.135937 0.766667 0.034375 0.091667 0 0.025375 0.135547 0.747222 0.030469 0.055556 3 0.02211 0.994141 0.727778 0.011719 0.05 12 0.003376 0.135937 0.997917 0.134375 0.004167 2 0.002878 0.991406 0.724306 0.017188 0.059722 3 0.002398 0.991406 0.732639 0.017188 0.073611 2 0.00227 0.994531 0.761111 0.010937 0.136111 12 0.002216 0.258203 0.998611 0.158594 0.002778 12 0.001623 0.039844 0.999306 0.079687 0.001389 1 0.001525 0.387109 0.899306 0.028906 0.073611 10 0.00124 0.9875 0.759722 0.025 0.147222 12 0.001037 0.181641 0.995833 0.153906 0.008333
CCTV10^20251112-170000-20251112-175959_004544,3 0.569824 0.591797 0.647917 0.052344 0.056944 3 0.470703 0.559375 0.5875 0.029687 0.047222 3 0.453369 0.683203 0.631944 0.038281 0.055556 12 0.004848 0.1375 0.997917 0.129688 0.004167 12 0.00375 0.039062 0.999306 0.078125 0.001389 12 0.001926 0.258594 0.998611 0.154688 0.002778 1 0.001741 0.386328 0.9 0.028906 0.072222 2 0.001325 0.036719 0.988889 0.073438 0.022222
CCTV10^20251112-170000-20251112-175959_004548,0 0.583008 0.132031 0.720139 0.025 0.059722 12 0.002279 0.135937 0.998611 0.13125 0.002778 12 0.001796 0.251172 0.998611 0.160156 0.002778 1 0.001585 0.386328 0.899306 0.028906 0.073611 12 0.001378 0.007031 0.415972 0.014063 0.095833
CCTV10^20251112-170000-20251112-175959_004551,10 0.836914 0.311719 0.782639 0.126562 0.170833 4 0.069275 0.730078 0.930556 0.130469 0.133333 5 0.024338 0.728516 0.933333 0.128906 0.127778 3 0.023956 0.730078 0.933333 0.132031 0.127778 7 0.009415 0.729688 0.931944 0.125 0.136111 11 0.004963 0.729688 0.93125 0.13125 0.134722 12 0.00415 0.136328 0.998611 0.128906 0.002778 12 0.003124 0.007422 0.4125 0.014844 0.111111 12 0.002611 0.258203 0.998611 0.157031 0.002778 12 0.002512 0.039453 0.999306 0.077344 0.001389 2 0.001623 0.036328 0.988194 0.072656 0.023611 12 0.001467 0.798438 0.998611 0.1375 0.002778 12 0.001073 0.209375 0.998611 0.140625 0.002778
CCTV10^20251112-170000-20251112-175959_004555,10 0.896973 0.337109 0.702778 0.097656 0.133333 10 0.737305 0.56875 0.583333 0.05 0.094444 1 0.609375 0.177734 0.829861 0.030469 0.0625 2 0.602051 0.116797 0.834028 0.036719 0.081944 1 0.560059 0.273438 0.958333 0.040625 0.066667 1 0.368408 0.327344 0.885417 0.028125 0.065278 0 0.142212 0.327734 0.885417 0.025781 0.065278 0 0.084778 0.120703 0.672222 0.022656 0.058333 10 0.044189 0.655078 0.561111 0.044531 0.072222 1 0.008614 0.282031 0.966667 0.060937 0.055556 2 0.007206 0.123438 0.672222 0.029687 0.061111 11 0.002684 0.336328 0.701389 0.097656 0.133333 5 0.002653 0.374219 0.579861 0.0375 0.076389 11 0.002226 0.320312 0.591667 0.029687 0.077778 1 0.00202 0.336328 0.893056 0.044531 0.086111 12 0.001926 0.135156 0.997917 0.1375 0.004167 1 0.001904 0.386328 0.899306 0.028906 0.073611 2 0.001604 0.116406 0.670833 0.029687 0.061111 0 0.001531 0.323047 0.892361 0.035156 0.084722 2 0.001086 0.035937 0.990278 0.071875 0.019444
CCTV10^20251112-170000-20251112-175959_004559,5 0.853027 0.49375 0.747222 0.053125 0.086111 1 0.602051 0.371875 0.765278 0.025 0.058333 1 0.556641 0.233203 0.684722 0.036719 0.052778 1 0.217285 0.458984 0.663889 0.033594 0.044444 5 0.214722 0.417187 0.575 0.025 0.044444 1 0.020966 0.457422 0.663889 0.044531 0.055556 1 0.01738 0.364453 0.768056 0.036719 0.066667 3 0.016785 0.372656 0.588889 0.021875 0.041667 2 0.010292 0.371875 0.588889 0.021875 0.041667 1 0.006771 0.380078 0.763889 0.046094 0.066667 12 0.004135 0.136719 0.997917 0.129688 0.004167 3 0.003885 0.416406 0.575 0.026562 0.047222 12 0.00205 0.040234 0.999306 0.080469 0.001389 1 0.001455 0.242969 0.68125 0.039062 0.059722 1 0.001444 0.349609 0.604861 0.016406 0.043056 1 0.001269 0.230078 0.702778 0.027344 0.05 12 0.001255 0.258984 0.998611 0.157031 0.002778 1 0.001188 0.387109 0.9 0.028906 0.072222 2 0.001032 0.038281 0.990278 0.076563 0.019444 3 0.001008 0.044141 0.999306 0.086719 0.001389
CCTV10^20251112-170000-20251112-175959_004563,10 0.847168 0.289453 0.629167 0.061719 0.097222 5 0.817383 0.632031 0.620139 0.042188 0.065278 2 0.704102 0.119141 0.818056 0.042969 0.077778 0 0.692871 0.176563 0.825694 0.0375 0.076389 2 0.098083 0.135937 0.680556 0.021875 0.066667 3 0.021286 0.637109 0.620139 0.055469 0.081944 2 0.003809 0.178906 0.829167 0.046875 0.077778 1 0.001585 0.386328 0.897917 0.028906 0.076389
CCTV10^20251112-170000-20251112-175959_004568,4 0.689453 0.410156 0.661806 0.045312 0.065278 2 0.637207 0.164453 0.925 0.055469 0.1 1 0.558105 0.398438 0.933333 0.0375 0.072222 1 0.307373 0.137891 0.746528 0.022656 0.056944 3 0.276611 0.616797 0.582639 0.036719 0.045833 1 0.004005 0.145703 0.747917 0.024219 0.056944 12 0.003651 0.133984 0.998611 0.107031 0.002778 1 0.003351 0.407422 0.946528 0.052344 0.079167 12 0.002378 0.039453 0.999306 0.078906 0.001389 1 0.002342 0.393359 0.947222 0.039844 0.077778 2 0.002234 0.994531 0.722222 0.010937 0.052778 3 0.001883 0.610547 0.595139 0.036719 0.056944 12 0.001649 0.207031 0.998611 0.11875 0.002778 12 0.001484 0.251953 0.998611 0.158594 0.002778 2 0.001455 0.035937 0.9875 0.071875 0.025 3 0.001444 0.994531 0.725694 0.010937 0.076389 3 0.001346 0.04375 0.999306 0.0875 0.001389
CCTV10^20251112-170000-20251112-175959_004572,3 0.338135 0.83125 0.675 0.046875 0.066667 1 0.225464 0.215234 0.6625 0.019531 0.047222 2 0.019058 0.977734 0.692361 0.033594 0.054167 2 0.00428 0.994922 0.665972 0.010156 0.0875 12 0.003456 0.136719 0.998611 0.132812 0.002778 2 0.002855 0.99375 0.691667 0.0125 0.055556 1 0.002174 0.210938 0.658333 0.028125 0.058333 2 0.00215 0.992578 0.702778 0.014844 0.055556 12 0.0021 0.040234 0.999306 0.078906 0.001389 1 0.00202 0.386719 0.896528 0.029687 0.076389 2 0.001949 0.037109 0.989583 0.074219 0.020833 12 0.001694 0.258984 0.998611 0.158594 0.002778 0 0.001116 0.348438 0.603472 0.01875 0.045833
CCTV10^20251112-170000-20251112-175959_004575,2 0.673828 0.133203 0.877778 0.042969 0.086111 3 0.620605 0.657031 0.688889 0.048438 0.063889 3 0.350342 0.83125 0.675 0.046875 0.066667 2 0.075562 0.278516 0.977083 0.049219 0.045833 12 0.001972 0.135937 0.998611 0.13125 0.002778 1 0.001143 0.386328 0.898611 0.028906 0.075 2 0.001065 0.037891 0.990278 0.075781 0.019444
CCTV10^20251112-170000-20251112-175959_004579,1 0.416748 0.1 0.73125 0.01875 0.051389 3 0.341553 0.83125 0.675 0.046875 0.066667 2 0.046722 0.126562 0.676389 0.023438 0.063889 2 0.008644 0.15 0.672222 0.021875 0.061111 2 0.00425 0.118359 0.6875 0.017969 0.055556 12 0.003063 0.135156 0.998611 0.13125 0.002778 10 0.001897 0.603125 0.544444 0.040625 0.066667 12 0.001623 0.251172 0.998611 0.160156 0.002778 12 0.001467 0.041016 0.999306 0.082031 0.001389 1 0.001143 0.386719 0.897917 0.029687 0.076389 2 0.00109 0.157031 0.677083 0.029687 0.073611 12 0.001048 0.470313 0.998611 0.15 0.002778
CCTV10^20251112-170000-20251112-175959_004583,2 0.675781 0.097266 0.777083 0.039844 0.081944 3 0.259766 0.830078 0.675 0.047656 0.066667 1 0.102661 0.686328 0.584722 0.019531 0.041667 1 0.005302 0.688281 0.595139 0.026562 0.059722 12 0.00235 0.133984 0.998611 0.130469 0.002778 12 0.002132 0.007031 0.422917 0.014063 0.115278 12 0.001597 0.252734 0.998611 0.155469 0.002778 1 0.001305 0.386328 0.899306 0.028906 0.070833 12 0.001143 0.201172 0.997917 0.127344 0.004167
CCTV10^20251112-170000-20251112-175959_004587,10 0.870605 0.677734 0.620833 0.072656 0.108333 5 0.851074 0.451172 0.742361 0.053906 0.081944 2 0.607422 0.273047 0.949306 0.049219 0.084722 2 0.604004 0.132422 0.728472 0.025781 0.059722 2 0.521484 0.219531 0.959028 0.05625 0.076389 3 0.258301 0.830859 0.675 0.047656 0.066667 1 0.135254 0.121094 0.688889 0.021875 0.044444 0 0.032593 0.104688 0.675694 0.01875 0.045833 1 0.011734 0.116016 0.683333 0.025781 0.05 0 0.008575 0.106641 0.685417 0.021094 0.054167 2 0.003052 0.058594 0.424306 0.064062 0.118056 12 0.002642 0.135156 0.998611 0.134375 0.002778 12 0.001972 0.007422 0.422222 0.014844 0.108333 1 0.001579 0.387109 0.9 0.028906 0.072222 1 0.001211 0.108984 0.670833 0.027344 0.052778 0 0.001165 0.126172 0.691667 0.028906 0.055556
CCTV10^20251112-170000-20251112-175959_004591,2 0.73877 0.129297 0.827083 0.042969 0.076389 1 0.498047 0.714453 0.614583 0.019531 0.043056 2 0.455078 0.110937 0.697222 0.034375 0.072222 3 0.375732 0.284375 0.660417 0.03125 0.048611 3 0.26123 0.830078 0.675 0.047656 0.066667 3 0.057281 0.584766 0.565972 0.027344 0.040278 4 0.00518 0.977344 0.965972 0.045312 0.068056 5 0.005138 0.285938 0.659028 0.034375 0.059722 1 0.003443 0.705859 0.610417 0.033594 0.054167 12 0.003185 0.975 0.965278 0.05 0.069444 12 0.002823 0.007422 0.425 0.014844 0.119444 3 0.002571 0.323828 0.597917 0.021094 0.043056 12 0.002287 0.930469 0.998611 0.139063 0.002778 4 0.002083 0.141797 0.6625 0.022656 0.052778 3 0.001867 0.291797 0.661111 0.038281 0.061111 12 0.001675 0.209375 0.998611 0.134375 0.002778 12 0.001531 0.134375 0.998611 0.13125 0.002778 12 0.001216 0.966016 0.99375 0.064844 0.0125 1 0.001179 0.386719 0.896528 0.029687 0.076389 1 0.001069 0.715234 0.60625 0.028906 0.0625
CCTV10^20251112-170000-20251112-175959_004595,5 0.78125 0.587109 0.613889 0.042969 0.066667 2 0.571777 0.184766 0.922222 0.050781 0.094444 3 0.281494 0.83125 0.675 0.046875 0.066667 3 0.177246 0.183984 0.920139 0.050781 0.0875 5 0.062561 0.697656 0.592361 0.048438 0.070833 10 0.01078 0.696484 0.592361 0.047656 0.073611 12 0.005138 0.133203 0.998611 0.114844 0.002778 2 0.002493 0.065234 0.426389 0.080469 0.136111 1 0.001649 0.387109 0.9 0.028906 0.072222 0 0.001255 0.348438 0.605556 0.01875 0.041667 1 0.001216 0.399219 0.603472 0.017188 0.029167 4 0.001179 0.986328 0.708333 0.025781 0.063889
CCTV10^20251112-170000-20251112-175959_004599,2 0.686035 0.139844 0.7625 0.03125 0.063889 0 0.680664 0.103125 0.80625 0.03125 0.068056 2 0.642578 0.108594 0.760417 0.03125 0.059722 3 0.348633 0.590625 0.579861 0.029687 0.043056 3 0.287842 0.830859 0.675 0.046094 0.066667 0 0.281494 0.095312 0.750694 0.028125 0.0625 2 0.218628 0.100391 0.754861 0.033594 0.059722 0 0.15564 0.101562 0.757639 0.034375 0.0625 0 0.139404 0.139844 0.691667 0.01875 0.044444 2 0.049408 0.134766 0.65 0.025781 0.05 1 0.046204 0.678125 0.585417 0.01875 0.034722 3 0.006905 0.589844 0.586806 0.035937 0.070833 2 0.00547 0.134766 0.695833 0.024219 0.044444 0 0.003721 0.092578 0.741667 0.022656 0.05 2 0.002226 0.139063 0.685417 0.021875 0.040278 1 0.001611 0.386328 0.899306 0.028906 0.073611 12 0.001543 0.132422 0.998611 0.133594 0.002778 12 0.001285 0.251563 0.998611 0.159375 0.002778
CCTV10^20251112-170000-20251112-175959_004602,10 0.880859 0.692187 0.624306 0.075 0.1125 2 0.756348 0.101172 0.761111 0.035156 0.063889 0 0.70752 0.144141 0.895139 0.038281 0.081944 3 0.660156 0.405859 0.643056 0.038281 0.052778 9 0.470703 0.595313 0.904861 0.0875 0.148611 4 0.388672 0.60625 0.633333 0.046875 0.063889 3 0.291016 0.830859 0.675694 0.046094 0.065278 3 0.163452 0.607422 0.634722 0.042969 0.061111 12 0.139893 0.59375 0.904861 0.096875 0.151389 3 0.004314 0.570312 0.852083 0.05625 0.073611 12 0.002611 0.144141 0.9 0.038281 0.086111 1 0.00201 0.387109 0.9 0.028906 0.072222 12 0.001782 0.133594 0.998611 0.123438 0.002778 12 0.001611 0.250781 0.998611 0.160938 0.002778 0 0.001225 0.348047 0.603472 0.017969 0.043056 0 0.001225 0.08125 0.670139 0.028125 0.051389 12 0.00109 0.007031 0.422917 0.014063 0.123611 2 0.001078 0.036719 0.99375 0.073438 0.0125
CCTV10^20251112-170000-20251112-175959_004606,10 0.918457 0.355469 0.698611 0.08125 0.136111 11 0.819824 0.445703 0.635417 0.044531 0.070833 2 0.753418 0.233203 0.916667 0.049219 0.088889 2 0.750488 0.169531 0.834028 0.046875 0.076389 3 0.699219 0.483203 0.680556 0.038281 0.055556 3 0.660156 0.685156 0.704167 0.048438 0.066667 0 0.519531 0.101953 0.7125 0.025781 0.063889 3 0.30249 0.830859 0.675 0.046094 0.066667 2 0.007175 0.300391 0.972917 0.055469 0.054167 12 0.004101 0.135547 0.998611 0.125781 0.002778 2 0.002253 0.036328 0.992361 0.072656 0.015278 0 0.002182 0.052344 0.73125 0.026562 0.065278 1 0.001818 0.348047 0.605556 0.016406 0.038889 1 0.001294 0.387109 0.9 0.028906 0.072222 2 0.001274 0.066016 0.424306 0.080469 0.134722 5 0.001057 0.221875 0.999306 0.15625 0.001389 12 0.001024 0.007422 0.420139 0.014844 0.120833
CCTV10^20251112-170000-20251112-175959_004610,3 0.620605 0.667969 0.633333 0.0375 0.055556 0 0.515625 0.246094 0.925 0.046875 0.088889 3 0.286133 0.830859 0.675 0.046094 0.066667 0 0.012573 0.053125 0.788889 0.023438 0.061111 1 0.009193 0.053516 0.789583 0.022656 0.0625 11 0.00518 0.369141 0.572222 0.033594 0.077778 12 0.003538 0.040234 0.999306 0.080469 0.001389 0 0.003496 0.241406 0.911806 0.040625 0.070833 3 0.003416 0.04375 0.999306 0.0875 0.001389 12 0.003052 0.135156 0.998611 0.126562 0.002778 2 0.002287 0.065625 0.425 0.08125 0.136111 1 0.001867 0.386328 0.899306 0.028906 0.073611
CCTV10^20251112-170000-20251112-175959_004614,5 0.832031 0.7125 0.655556 0.040625 0.063889 3 0.430176 0.615234 0.599306 0.033594 0.045833 0 0.422607 0.236328 0.909028 0.042969 0.0875 3 0.317383 0.83125 0.675694 0.046875 0.065278 3 0.012871 0.6125 0.606944 0.040625 0.066667 0 0.006264 0.053906 0.794444 0.025 0.055556 12 0.004215 0.135156 0.998611 0.125 0.002778 12 0.002758 0.249609 0.998611 0.163281 0.002778 1 0.002306 0.055469 0.792361 0.026562 0.056944 5 0.00215 0.233203 0.998611 0.158594 0.002778 12 0.001554 0.200781 0.998611 0.129688 0.002778 1 0.00141 0.386328 0.9 0.028906 0.072222 5 0.001265 0.052734 0.999306 0.105469 0.001389
CCTV10^20251112-170000-20251112-175959_004618,10 0.82959 0.845703 0.766667 0.132031 0.194444 5 0.38501 0.124609 0.68125 0.033594 0.059722 2 0.090759 0.124609 0.681944 0.035156 0.058333 3 0.059418 0.832422 0.676389 0.044531 0.058333 1 0.016098 0.215625 0.773611 0.01875 0.047222 3 0.00629 0.043359 0.999306 0.086719 0.001389 12 0.005775 0.135547 0.998611 0.128906 0.002778 2 0.005386 0.038281 0.991667 0.076563 0.016667 2 0.003172 0.066016 0.424306 0.082031 0.134722 12 0.001957 0.007422 0.423611 0.014844 0.116667 5 0.001957 0.053125 0.999306 0.10625 0.001389 12 0.001629 0.259375 0.998611 0.157812 0.002778 6 0.001549 0.122656 0.679167 0.042188 0.061111
CCTV10^20251112-170000-20251112-175959_004622,3 0.523438 0.703906 0.723611 0.05 0.080556 3 0.270508 0.830859 0.674306 0.046094 0.065278 1 0.26123 0.726172 0.618056 0.021094 0.041667 4 0.26123 0.719922 0.689583 0.044531 0.0625 2 0.180054 0.126953 0.695139 0.025781 0.065278 3 0.140381 0.719922 0.690278 0.044531 0.063889 0 0.051453 0.127734 0.694444 0.027344 0.063889 12 0.008644 0.135156 0.997917 0.123438 0.004167 2 0.003099 0.037891 0.988889 0.075781 0.022222 3 0.003075 0.044141 0.999306 0.086719 0.001389 1 0.001846 0.386328 0.9 0.028906 0.072222 12 0.001525 0.203125 0.998611 0.128125 0.002778 12 0.00141 0.259766 0.998611 0.153906 0.002778
CCTV10^20251112-170000-20251112-175959_004626,10 0.654785 0.79375 0.736111 0.103125 0.147222 5 0.550781 0.565625 0.596528 0.040625 0.0625 2 0.537109 0.104297 0.692361 0.030469 0.056944 3 0.443604 0.682422 0.709028 0.055469 0.081944 0 0.42627 0.189062 0.9625 0.048438 0.069444 4 0.29248 0.380078 0.616667 0.027344 0.052778 5 0.279785 0.68125 0.706944 0.053125 0.080556 1 0.181274 0.851172 0.727083 0.022656 0.051389 3 0.042084 0.380078 0.617361 0.027344 0.051389 1 0.029877 0.132031 0.661806 0.014063 0.040278 11 0.027802 0.794531 0.729861 0.1 0.134722 7 0.019867 0.378516 0.618056 0.032031 0.052778 3 0.012146 0.833203 0.671528 0.038281 0.048611 1 0.003538 0.686328 0.580556 0.017969 0.033333 10 0.003099 0.789844 0.672222 0.095312 0.116667 2 0.002981 0.035547 0.988889 0.071094 0.022222 1 0.002287 0.347266 0.603472 0.014844 0.040278 12 0.001987 0.136328 0.998611 0.127344 0.002778 2 0.001714 0.138672 0.640972 0.019531 0.043056 12 0.001289 0.259375 0.998611 0.153125 0.002778 1 0.001032 0.826953 0.325694 0.022656 0.065278 11 0.001032 0.796875 0.66875 0.103125 0.106944
CCTV10^20251112-220000-20251112-225959_006480,3 0.569824 0.194531 0.944444 0.075 0.1 1 0.343262 0.232031 0.807639 0.025 0.054167 12 0.320801 0.514062 0.820139 0.125 0.165278 11 0.209473 0.514453 0.827083 0.135156 0.193056 12 0.070557 0.903516 0.785417 0.191406 0.345833 12 0.040375 0.839844 0.846528 0.320312 0.306944 8 0.018341 0.88125 0.708333 0.146875 0.155556 11 0.017517 0.839453 0.843056 0.321094 0.313889 12 0.013588 0.933203 0.885417 0.133594 0.229167 8 0.011688 0.896094 0.765278 0.207813 0.305556 12 0.0112 0.064062 0.999306 0.128125 0.001389 0 0.00433 0.385547 0.608333 0.035156 0.061111 12 0.002653 0.919922 0.739583 0.144531 0.148611 10 0.002323 0.826953 0.846528 0.346094 0.304167 11 0.001949 0.385547 0.607639 0.033594 0.059722 12 0.001824 0.951172 0.813889 0.097656 0.372222 9 0.001629 0.520312 0.845139 0.15625 0.229167 12 0.001525 0.385156 0.608333 0.03125 0.061111 12 0.001501 0.008203 0.5 0.016406 0.333333 1 0.001372 0.223438 0.815972 0.035937 0.073611 12 0.001161 0.124219 0.999306 0.117188 0.001389 1 0.001048 0.385937 0.901389 0.028125 0.066667
CCTV10^20251112-220000-20251112-225959_006481,12 0.865234 0.395313 0.685417 0.060937 0.104167 1 0.405518 0.23125 0.807639 0.026562 0.056944 12 0.246582 0.885938 0.794444 0.225 0.372222 5 0.101562 0.112891 0.717361 0.033594 0.059722 3 0.045868 0.1125 0.718056 0.0375 0.066667 8 0.032715 0.892578 0.776389 0.214844 0.330556 12 0.026352 0.063672 0.998611 0.127344 0.002778 2 0.005119 0.110937 0.715278 0.035937 0.063889 8 0.004086 0.88125 0.705556 0.146875 0.161111 1 0.003443 0.225 0.809722 0.0375 0.069444 12 0.002653 0.922656 0.744444 0.142187 0.15 11 0.002653 0.409766 0.700694 0.092969 0.115278 1 0.002571 0.386328 0.900694 0.028906 0.070833 11 0.002472 0.424219 0.713194 0.08125 0.115278 9 0.002028 0.414844 0.702083 0.092188 0.106944 12 0.001889 0.928906 0.954861 0.142187 0.090278 12 0.001151 0.340625 0.999306 0.121875 0.001389 12 0.001024 0.007422 0.488889 0.014844 0.319444
CCTV10^20251112-220000-20251112-225959_006482,1 0.430176 0.231641 0.807639 0.025781 0.056944 4 0.392334 0.44375 0.829167 0.065625 0.088889 12 0.095337 0.854297 0.847222 0.291406 0.305556 12 0.073181 0.919141 0.774306 0.158594 0.309722 12 0.016663 0.934375 0.886806 0.13125 0.226389 12 0.016586 0.064062 0.998611 0.128125 0.002778 8 0.007149 0.9125 0.716667 0.115625 0.144444 8 0.006168 0.919922 0.752083 0.158594 0.265278 11 0.005981 0.446484 0.840972 0.071094 0.101389 1 0.005665 0.225 0.810417 0.0375 0.070833 12 0.004963 0.925781 0.733333 0.13125 0.138889 12 0.004772 0.951172 0.816667 0.097656 0.366667 12 0.001942 0.465625 0.998611 0.139063 0.002778 12 0.001831 0.366797 0.586806 0.038281 0.115278 0 0.001432 0.437109 0.822222 0.052344 0.077778
CCTV10^20251112-220000-20251112-225959_006483,1 0.407227 0.232031 0.805556 0.026562 0.055556 4 0.162354 0.342969 0.711806 0.0375 0.0625 12 0.077209 0.904687 0.778472 0.1875 0.340278 0 0.063965 0.342969 0.709722 0.0375 0.058333 12 0.049042 0.84375 0.863194 0.307812 0.273611 12 0.019424 0.063672 0.998611 0.127344 0.002778 3 0.011375 0.342187 0.709028 0.0375 0.059722 8 0.009743 0.891797 0.757639 0.216406 0.306944 12 0.008949 0.932031 0.884722 0.135937 0.230556 10 0.008644 0.818359 0.783333 0.363281 0.433333 12 0.0051 0.944922 0.809722 0.110156 0.380556 12 0.005039 0.008594 0.500694 0.017188 0.331944 1 0.003944 0.223047 0.811806 0.036719 0.073611 12 0.003565 0.340234 0.707639 0.039844 0.0625 7 0.002443 0.789844 0.889583 0.1625 0.220833 8 0.001987 0.880078 0.70625 0.147656 0.173611 11 0.001549 0.923828 0.799306 0.152344 0.370833 11 0.001378 0.815234 0.863889 0.369531 0.272222
CCTV10^20251112-220000-20251112-225959_006484,1 0.403564 0.231641 0.806944 0.025781 0.052778 8 0.019562 0.903906 0.71875 0.1125 0.159722 12 0.017578 0.064062 0.998611 0.128125 0.002778 12 0.010246 0.007812 0.504167 0.015625 0.325 11 0.006851 0.893359 0.714583 0.133594 0.173611 8 0.005119 0.865625 0.850694 0.26875 0.293056 1 0.004982 0.224609 0.811111 0.036719 0.072222 12 0.004593 0.939453 0.999306 0.121094 0.001389 0 0.00387 0.2875 0.65 0.03125 0.072222 2 0.003338 0.288281 0.65 0.032813 0.077778 10 0.003136 0.897266 0.715278 0.122656 0.166667 12 0.002234 0.008984 0.433333 0.017969 0.325 12 0.001796 0.975 0.94375 0.05 0.1125 11 0.001661 0.839844 0.813889 0.317188 0.372222 12 0.001536 0.4625 0.999306 0.146875 0.001389 10 0.001416 0.933594 0.794444 0.132812 0.366667 1 0.0013 0.386328 0.902778 0.028906 0.066667 12 0.001161 0.042188 0.999306 0.084375 0.001389 12 0.001024 0.126172 0.999306 0.119531 0.001389
CCTV10^20251112-220000-20251112-225959_006485,1 0.418701 0.231641 0.807639 0.025781 0.054167 12 0.06781 0.838672 0.81875 0.322656 0.3625 8 0.032715 0.903906 0.722917 0.107813 0.159722 12 0.016525 0.064062 0.998611 0.128125 0.002778 7 0.012825 0.907813 0.733333 0.1 0.15 4 0.008675 0.932031 0.9 0.135937 0.197222 1 0.007874 0.223438 0.813194 0.0375 0.073611 3 0.004627 0.702734 0.658333 0.027344 0.044444 10 0.003273 0.960547 0.804167 0.078906 0.375 3 0.002714 0.738672 0.686111 0.032031 0.044444 12 0.001904 0.008203 0.5 0.016406 0.333333 12 0.0017 0.042188 0.999306 0.084375 0.001389 12 0.001536 0.903906 0.730556 0.104688 0.155556 11 0.001501 0.75 0.811806 0.332813 0.348611 0 0.001367 0.295703 0.61875 0.014844 0.034722 10 0.0013 0.98125 0.79375 0.0375 0.4125
CCTV10^20251112-220000-20251112-225959_006486,1 0.338135 0.232031 0.808333 0.026562 0.055556 10 0.046906 0.841797 0.811111 0.316406 0.377778 12 0.036621 0.055859 0.998611 0.111719 0.002778 12 0.012924 0.911719 0.807639 0.175 0.348611 1 0.009232 0.3875 0.788889 0.026562 0.05 10 0.008575 0.913672 0.803472 0.171094 0.3375 1 0.005554 0.226172 0.811111 0.036719 0.072222 4 0.003679 0.820703 0.9125 0.353906 0.175 12 0.001636 0.842578 0.910417 0.302344 0.179167 11 0.001274 0.930078 0.88125 0.139844 0.226389 10 0.001151 0.832812 0.744444 0.2625 0.233333 11 0.001078 0.951953 0.811111 0.096094 0.313889 11 0.001008 0.909766 0.8125 0.178906 0.363889
CCTV10^20251112-220000-20251112-225959_006487,12 0.46875 0.142969 0.825694 0.079687 0.129167 1 0.424316 0.321875 0.735417 0.028125 0.051389 1 0.403564 0.23125 0.808333 0.025 0.055556 5 0.248047 0.142969 0.826389 0.08125 0.130556 10 0.028763 0.969531 0.809028 0.060937 0.301389 12 0.013687 0.056641 0.998611 0.113281 0.002778 1 0.007462 0.226953 0.813889 0.038281 0.072222 12 0.004791 0.588281 0.931944 0.33125 0.136111 12 0.00433 0.159766 0.923611 0.096094 0.083333 12 0.00425 0.157031 0.913889 0.20625 0.161111 12 0.003651 0.153125 0.93125 0.146875 0.101389 1 0.002672 0.261719 0.676389 0.023438 0.055556 5 0.002472 0.899219 0.690972 0.057813 0.106944 12 0.002434 0.159766 0.906944 0.077344 0.055556 12 0.002415 0.158984 0.910417 0.121094 0.0625 12 0.002398 0.270313 0.999306 0.121875 0.001389 3 0.001995 0.212109 0.952083 0.088281 0.084722 12 0.001675 0.163281 0.948611 0.185938 0.091667 10 0.001597 0.009375 0.670139 0.01875 0.298611 0 0.00149 0.243359 0.538194 0.064844 0.195833 1 0.00149 0.316406 0.736806 0.032813 0.0625 4 0.00141 0.8625 0.69375 0.042188 0.090278 12 0.001394 0.891406 0.689583 0.075 0.1125 1 0.001269 0.322266 0.74375 0.036719 0.076389 1 0.001107 0.386328 0.902778 0.028906 0.066667
CCTV10^20251112-220000-20251112-225959_006488,1 0.428223 0.231641 0.805556 0.027344 0.055556 5 0.414795 0.485938 0.779167 0.05 0.086111 12 0.140381 0.105859 0.704861 0.055469 0.1125 2 0.033966 0.133203 0.716667 0.022656 0.058333 4 0.031372 0.1125 0.780556 0.05625 0.1 2 0.027802 0.107813 0.704167 0.059375 0.105556 1 0.016403 0.160156 0.922917 0.032813 0.0625 12 0.016022 0.063672 0.998611 0.127344 0.002778 4 0.013634 0.107422 0.716667 0.052344 0.1 1 0.011871 0.158203 0.917361 0.042969 0.079167 11 0.01133 0.108203 0.70625 0.057031 0.106944 2 0.008987 0.145313 0.715972 0.020313 0.059722 5 0.008644 0.901172 0.692361 0.052344 0.104167 1 0.005405 0.224609 0.809028 0.039844 0.070833 2 0.005081 0.094531 0.755556 0.046875 0.088889 10 0.004906 0.128516 0.663194 0.114844 0.190278 3 0.003914 0.116016 0.786806 0.046094 0.081944 1 0.00387 0.178516 0.931944 0.077344 0.097222 5 0.003796 0.107422 0.707639 0.055469 0.109722 2 0.003429 0.115625 0.785417 0.046875 0.079167 11 0.00316 0.129297 0.667361 0.113281 0.181944 2 0.002398 0.114453 0.71875 0.046094 0.0875 0 0.001734 0.153516 0.719444 0.017969 0.05 4 0.001687 0.106641 0.748611 0.060156 0.086111 12 0.001399 0.008203 0.488889 0.016406 0.322222 12 0.001367 0.465234 0.998611 0.139844 0.002778 12 0.001305 0.891016 0.690278 0.072656 0.108333
CCTV10^20251112-220000-20251112-225959_006489,1 0.379395 0.231641 0.806944 0.027344 0.055556 5 0.203125 0.439844 0.651389 0.035937 0.055556 4 0.125977 0.143359 0.696528 0.060156 0.098611 3 0.092346 0.440625 0.652083 0.039062 0.059722 1 0.02655 0.103516 0.748611 0.025781 0.058333 12 0.018188 0.055859 0.998611 0.111719 0.002778 3 0.014175 0.138281 0.686806 0.054688 0.068056 1 0.007843 0.225 0.811111 0.0375 0.072222 2 0.006004 0.438672 0.651389 0.035156 0.058333 5 0.004593 0.897266 0.691667 0.060156 0.105556 12 0.004005 0.888672 0.688889 0.077344 0.111111 4 0.002405 0.892578 0.688889 0.069531 0.111111 0 0.001531 0.137109 0.686806 0.086719 0.104167 4 0.001513 0.863281 0.69375 0.048438 0.095833 0 0.001341 0.017578 0.903472 0.035156 0.126389 1 0.001315 0.223828 0.822917 0.028906 0.079167 1 0.001255 0.1125 0.723611 0.029687 0.102778 12 0.001197 0.465625 0.998611 0.140625 0.002778 2 0.001057 0.995313 0.859028 0.009375 0.123611
CCTV10^20251112-220000-20251112-225959_006490,1 0.381104 0.23125 0.807639 0.026562 0.059722 12 0.016403 0.063672 0.998611 0.127344 0.002778 1 0.010612 0.225 0.8125 0.0375 0.075 11 0.006123 0.873437 0.9 0.25 0.194444 11 0.00502 0.825 0.674306 0.225 0.234722 10 0.003855 0.814844 0.894444 0.370312 0.205556 7 0.0028 0.748437 0.844444 0.1625 0.219444 12 0.001032 0.878906 0.9 0.242188 0.2
CCTV10^20251112-220000-20251112-225959_006491,10 0.570801 0.404297 0.760417 0.117969 0.179167 1 0.395996 0.231641 0.80625 0.027344 0.059722 10 0.045685 0.910156 0.763194 0.179688 0.295833 12 0.024231 0.063672 0.998611 0.127344 0.002778 1 0.007038 0.224609 0.811806 0.038281 0.073611 4 0.0042 0.769531 0.835417 0.164062 0.245833 8 0.003511 0.879297 0.71875 0.150781 0.170833 3 0.002453 0.246094 0.527083 0.065625 0.1875 12 0.002199 0.821094 0.909028 0.167187 0.179167 11 0.001942 0.816406 0.849306 0.367188 0.301389 0 0.001755 0.246094 0.526389 0.065625 0.186111 8 0.001134 0.864453 0.684722 0.141406 0.163889 12 0.001129 0.755078 0.836111 0.399219 0.327778 11 0.001065 0.246094 0.526389 0.065625 0.186111
CCTV10^20251112-220000-20251112-225959_006492,1 0.390381 0.232031 0.806944 0.028125 0.058333 10 0.023331 0.855469 0.83125 0.289062 0.318056 12 0.021774 0.064844 0.998611 0.129688 0.002778 11 0.021454 0.864844 0.828472 0.270313 0.320833 5 0.019714 0.883594 0.688889 0.085938 0.105556 12 0.013481 0.324219 0.618056 0.079687 0.194444 4 0.008377 0.323047 0.6125 0.080469 0.2 2 0.004982 0.889062 0.688889 0.075 0.105556 9 0.004982 0.323828 0.617361 0.080469 0.198611 1 0.004757 0.224219 0.811111 0.039062 0.072222 11 0.00404 0.907422 0.904167 0.182031 0.188889 12 0.003172 0.889062 0.688889 0.075 0.105556 0 0.001839 0.243359 0.51875 0.064844 0.173611 4 0.001623 0.889062 0.688889 0.075 0.108333 12 0.001455 0.24375 0.520139 0.0625 0.176389 6 0.001037 0.888672 0.688889 0.075781 0.105556 10 0.001037 0.982422 0.880556 0.035156 0.238889
CCTV10^20251112-220000-20251112-225959_006493,1 0.346924 0.232031 0.806944 0.026562 0.055556 9 0.016983 0.314453 0.620139 0.072656 0.179167 11 0.015488 0.248438 0.525694 0.05625 0.176389 12 0.013123 0.064453 0.999306 0.128906 0.001389 5 0.007095 0.888672 0.690972 0.077344 0.106944 3 0.006668 0.248047 0.516667 0.060156 0.163889 0 0.004906 0.249219 0.521528 0.0625 0.176389 12 0.002693 0.889062 0.690278 0.075 0.108333 1 0.001897 0.226172 0.8125 0.036719 0.075 10 0.001748 0.009375 0.6625 0.01875 0.258333
CCTV10^20251112-220000-20251112-225959_006494,1 0.366699 0.231641 0.806944 0.027344 0.055556 1 0.258301 0.244141 0.934722 0.035156 0.075 12 0.02034 0.063672 0.998611 0.127344 0.002778 5 0.017441 0.897656 0.692361 0.05625 0.101389 1 0.007874 0.232813 0.934722 0.05625 0.094444 1 0.00407 0.225391 0.811111 0.039844 0.072222 12 0.00316 0.889844 0.690278 0.070312 0.108333 11 0.001965 0.243359 0.528472 0.064844 0.184722 10 0.001949 0.319141 0.59375 0.028906 0.095833 10 0.001755 0.009375 0.664583 0.01875 0.2875
CCTV10^20251112-220000-20251112-225959_006495,1 0.325928 0.23125 0.807639 0.028125 0.056944 12 0.030212 0.055859 0.998611 0.111719 0.002778 12 0.012009 0.888672 0.690972 0.072656 0.106944 5 0.006878 0.888672 0.689583 0.074219 0.106944 1 0.0047 0.226562 0.8125 0.039062 0.075 12 0.003456 0.319531 0.925 0.098437 0.133333 10 0.003172 0.890234 0.690972 0.072656 0.106944 0 0.00172 0.018359 0.904167 0.036719 0.141667 0 0.0017 0.346094 0.940278 0.035937 0.061111 12 0.001065 0.339844 0.941667 0.120313 0.116667
CCTV10^20251112-220000-20251112-225959_006496,12 0.399902 0.203125 0.894444 0.1375 0.202778 1 0.350342 0.232031 0.808333 0.029687 0.061111 3 0.05603 0.467578 0.807639 0.071094 0.084722 1 0.045197 0.466406 0.809028 0.067187 0.081944 9 0.036896 0.20625 0.897917 0.1375 0.195833 11 0.035156 0.198828 0.901389 0.124219 0.197222 1 0.023239 0.333594 0.923611 0.028125 0.055556 10 0.022797 0.199219 0.871528 0.13125 0.240278 12 0.01078 0.057031 0.998611 0.114062 0.002778 5 0.00885 0.896094 0.692361 0.057813 0.101389 12 0.007668 0.341016 0.931944 0.042969 0.086111 1 0.007149 0.227344 0.810417 0.042188 0.070833 0 0.004646 0.340234 0.932639 0.035156 0.070833 10 0.004265 0.890625 0.692361 0.070312 0.104167 0 0.003273 0.018359 0.902778 0.036719 0.122222 12 0.002653 0.3375 0.927778 0.034375 0.061111 10 0.002424 0.008984 0.672917 0.017969 0.306944 12 0.001839 0.274609 0.998611 0.144531 0.002778 5 0.001478 0.268359 0.998611 0.135156 0.002778 4 0.00141 0.017578 0.903472 0.035156 0.120833
CCTV10^20251112-220000-20251112-225959_006497,12 0.741699 0.116406 0.707639 0.057813 0.126389 1 0.281494 0.230859 0.80625 0.027344 0.059722 9 0.199951 0.214844 0.927778 0.115625 0.138889 12 0.092041 0.216016 0.927778 0.117969 0.138889 3 0.086304 0.372656 0.609722 0.082812 0.152778 12 0.043213 0.057031 0.998611 0.114062 0.002778 4 0.00927 0.215625 0.929167 0.117188 0.136111 11 0.006744 0.216016 0.929167 0.117969 0.141667 12 0.006313 0.386719 0.921528 0.221875 0.1375 12 0.005447 0.891406 0.690278 0.070312 0.108333 5 0.001972 0.898828 0.692361 0.055469 0.101389 12 0.001926 0.340625 0.919444 0.120313 0.133333 2 0.001727 0.118359 0.725694 0.057031 0.104167 11 0.001235 0.305078 0.977083 0.124219 0.045833
CCTV10^20251112-220000-20251112-225959_006498,12 0.605957 0.164453 0.870139 0.091406 0.156944 1 0.470703 0.272266 0.814583 0.035156 0.059722 3 0.428223 0.531641 0.774306 0.047656 0.059722 5 0.414795 0.532031 0.773611 0.048438 0.066667 1 0.075317 0.229687 0.80625 0.025 0.0625 12 0.016724 0.05625 0.999306 0.1125 0.001389 5 0.005119 0.902734 0.693056 0.047656 0.1 4 0.00481 0.110937 0.789583 0.045312 0.070833 9 0.003824 0.155859 0.859722 0.113281 0.180556 12 0.001942 0.463672 0.998611 0.146094 0.002778 1 0.001383 0.233203 0.806944 0.039844 0.069444 12 0.001356 0.892578 0.690278 0.067969 0.108333 1 0.001143 0.386328 0.902778 0.027344 0.066667 1 0.001138 0.334375 0.920139 0.028125 0.054167
CCTV10^20251112-220000-20251112-225959_006499,3 0.558105 0.45625 0.663194 0.034375 0.048611 12 0.386719 0.191797 0.930556 0.110156 0.130556 12 0.361084 0.114453 0.697222 0.053906 0.094444 1 0.256836 0.255859 0.805556 0.032031 0.058333 1 0.225464 0.228516 0.804167 0.022656 0.058333 9 0.137085 0.192578 0.923611 0.110156 0.144444 12 0.016525 0.065234 0.998611 0.130469 0.002778 12 0.015671 0.114062 0.714583 0.045312 0.081944 1 0.013687 0.334766 0.925 0.028906 0.055556 11 0.006958 0.451172 0.664583 0.072656 0.079167 10 0.005219 0.896484 0.688194 0.060156 0.109722 1 0.003376 0.223047 0.810417 0.035156 0.073611 11 0.003286 0.120703 0.683333 0.067969 0.127778 12 0.001549 0.888672 0.688889 0.077344 0.111111 12 0.001184 0.463672 0.999306 0.147656 0.001389 11 0.001151 0.246875 0.522222 0.0625 0.172222 1 0.001081 0.386328 0.902778 0.027344 0.066667
CCTV10^20251112-220000-20251112-225959_006500,1 0.297363 0.253516 0.804167 0.028906 0.058333 1 0.279785 0.229297 0.803472 0.022656 0.056944 1 0.265869 0.330078 0.911806 0.021094 0.051389 1 0.076111 0.141016 0.88125 0.028906 0.056944 12 0.021118 0.064062 0.998611 0.128125 0.002778 1 0.021042 0.227344 0.805556 0.032813 0.066667 1 0.016159 0.236328 0.802083 0.042969 0.0625 11 0.006413 0.933203 0.676389 0.100781 0.158333 1 0.005619 0.1375 0.877778 0.0375 0.075 11 0.004539 0.963281 0.791667 0.073438 0.188889 1 0.004539 0.335938 0.903472 0.039062 0.0875 1 0.0042 0.331641 0.902778 0.027344 0.066667 11 0.003496 0.10625 0.751389 0.051562 0.102778 2 0.003248 0.109766 0.770139 0.057031 0.079167 11 0.003099 0.244922 0.519444 0.063281 0.169444 0 0.002935 0.109375 0.775694 0.05625 0.090278 11 0.002758 0.842578 0.83125 0.314844 0.323611 1 0.002279 0.221484 0.815278 0.033594 0.080556 8 0.00181 0.964844 0.786111 0.070312 0.177778 4 0.001636 0.8875 0.6875 0.073438 0.108333 8 0.001455 0.939063 0.679167 0.0875 0.158333 10 0.001438 0.81875 0.165972 0.3625 0.331944 12 0.001165 0.462891 0.998611 0.147656 0.002778 10 0.001037 0.967578 0.789583 0.064844 0.329167
CCTV10^20251112-220000-20251112-225959_006501,1 0.457031 0.105859 0.816667 0.027344 0.063889 1 0.324219 0.254297 0.804167 0.028906 0.058333 1 0.202393 0.229297 0.802778 0.022656 0.055556 1 0.149536 0.364453 0.840278 0.022656 0.041667 1 0.090088 0.092578 0.740278 0.022656 0.047222 5 0.041138 0.575 0.607639 0.042188 0.065278 4 0.030106 0.575 0.606944 0.04375 0.069444 1 0.029312 0.225781 0.803472 0.032813 0.065278 12 0.026352 0.064844 0.998611 0.129688 0.002778 9 0.025558 0.574219 0.605556 0.042188 0.066667 1 0.023773 0.235937 0.801389 0.040625 0.061111 12 0.003765 0.889844 0.688889 0.076563 0.111111 1 0.002958 0.220312 0.814583 0.035937 0.081944 1 0.002737 0.35625 0.849306 0.020313 0.040278 1 0.002632 0.352344 0.835417 0.045312 0.043056 1 0.002541 0.386328 0.9 0.028906 0.072222 1 0.002415 0.098437 0.733333 0.028125 0.055556 1 0.002192 0.354297 0.848611 0.032031 0.041667 11 0.002083 0.576562 0.606944 0.04375 0.066667 12 0.001655 0.042969 0.999306 0.085938 0.001389 12 0.001636 0.463281 0.999306 0.146875 0.001389 5 0.001543 0.883594 0.689583 0.0875 0.106944 1 0.001378 0.371875 0.844444 0.029687 0.05 1 0.001138 0.101562 0.809722 0.040625 0.069444 12 0.001078 0.125391 0.999306 0.124219 0.001389
CCTV10^20251112-220000-20251112-225959_006502,1 0.668945 0.467578 0.75 0.025781 0.044444 1 0.354004 0.254297 0.803472 0.030469 0.056944 1 0.253906 0.228906 0.802083 0.021875 0.056944 1 0.162964 0.110156 0.706944 0.017188 0.044444 9 0.107422 0.630078 0.655556 0.060156 0.086111 11 0.035675 0.628125 0.657639 0.059375 0.076389 5 0.03186 0.628906 0.658333 0.05625 0.072222 1 0.030563 0.225781 0.802778 0.032813 0.066667 12 0.024338 0.064453 0.998611 0.128906 0.002778 12 0.0042 0.890234 0.688889 0.077344 0.108333 1 0.003124 0.220312 0.8125 0.035937 0.083333 11 0.002453 0.244141 0.521528 0.066406 0.173611 3 0.00202 0.24375 0.520833 0.06875 0.169444 12 0.001655 0.042969 0.999306 0.085938 0.001389 12 0.001289 0.464453 0.998611 0.144531 0.002778 1 0.001069 0.386328 0.902083 0.027344 0.065278
CCTV10^20251112-220000-20251112-225959_006503,1 0.291016 0.228906 0.801389 0.023438 0.061111 1 0.27832 0.253906 0.804167 0.029687 0.058333 11 0.023239 0.731641 0.761111 0.077344 0.130556 12 0.018127 0.063672 0.998611 0.127344 0.002778 1 0.008217 0.220703 0.811111 0.035156 0.083333 12 0.001714 0.888672 0.685417 0.077344 0.118056 11 0.001687 0.84375 0.899306 0.3125 0.201389 12 0.001432 0.463672 0.998611 0.146094 0.002778 9 0.001285 0.733203 0.754861 0.077344 0.126389 12 0.001048 0.340625 0.999306 0.125 0.001389
CCTV10^20251112-220000-20251112-225959_006504,1 0.312256 0.253906 0.804167 0.029687 0.058333 1 0.279785 0.228906 0.804167 0.021875 0.058333 12 0.02034 0.064062 0.998611 0.128125 0.002778 1 0.016022 0.233984 0.801389 0.036719 0.063889 11 0.012573 0.835547 0.83125 0.328906 0.323611 1 0.006878 0.627344 0.696528 0.023438 0.051389 1 0.005039 0.221484 0.809722 0.033594 0.075 10 0.004539 0.913672 0.754167 0.172656 0.430556 11 0.003099 0.916406 0.777778 0.167187 0.391667 10 0.002003 0.886719 0.688889 0.079687 0.108333 11 0.001611 0.885156 0.6875 0.082812 0.108333 4 0.001389 0.012109 0.114583 0.024219 0.229167 7 0.001255 0.948047 0.756944 0.103906 0.236111 12 0.001069 0.464062 0.998611 0.14375 0.002778
CCTV10^20251112-220000-20251112-225959_006505,1 0.291016 0.228516 0.804167 0.021094 0.055556 1 0.262939 0.253906 0.805556 0.028125 0.055556 1 0.03833 0.225391 0.803472 0.030469 0.065278 8 0.018478 0.952344 0.788194 0.095312 0.2125 12 0.018051 0.064062 0.998611 0.128125 0.002778 11 0.015488 0.828125 0.797222 0.34375 0.397222 12 0.012009 0.886328 0.685417 0.080469 0.109722 4 0.006824 0.885156 0.686111 0.079687 0.108333 11 0.003016 0.933203 0.792361 0.133594 0.381944 11 0.001926 0.246484 0.520139 0.063281 0.170833 11 0.001378 0.953125 0.813889 0.09375 0.261111 11 0.001143 0.964453 0.640972 0.071094 0.1875
CCTV10^20251112-220000-20251112-225959_006506,1 0.270508 0.230469 0.802778 0.023438 0.055556 1 0.176636 0.253125 0.804861 0.028125 0.056944 12 0.05072 0.889062 0.688194 0.075 0.109722 1 0.031616 0.237891 0.800694 0.042969 0.059722 12 0.015015 0.063672 0.998611 0.127344 0.002778 1 0.0149 0.226953 0.803472 0.035156 0.065278 11 0.010529 0.951172 0.777778 0.097656 0.252778 2 0.0028 0.885156 0.688194 0.082812 0.104167 11 0.002115 0.9875 0.73125 0.025 0.151389 4 0.001846 0.955078 0.754861 0.089844 0.206944 11 0.001824 0.9125 0.79375 0.175 0.406944 12 0.001235 0.988281 0.763889 0.023438 0.205556 1 0.001161 0.220703 0.811806 0.036719 0.076389 12 0.001099 0.957422 0.808333 0.085156 0.322222
CCTV10^20251112-220000-20251112-225959_006507,1 0.343262 0.253906 0.804167 0.029687 0.058333 1 0.320801 0.228906 0.802083 0.023438 0.059722 12 0.082397 0.891016 0.69375 0.072656 0.118056 12 0.015076 0.064453 0.998611 0.128906 0.002778 11 0.011871 0.833203 0.749306 0.102344 0.176389 1 0.009163 0.221875 0.809028 0.034375 0.079167 10 0.006615 0.886328 0.848611 0.227344 0.288889 2 0.004166 0.890234 0.692361 0.072656 0.109722 5 0.002531 0.892969 0.692361 0.067187 0.106944 4 0.001867 0.892578 0.691667 0.069531 0.113889 12 0.001305 0.8625 0.910417 0.117188 0.170833 12 0.001134 0.464062 0.998611 0.14375 0.002778 11 0.001048 0.888281 0.795139 0.2125 0.259722 1 0.001037 0.386328 0.9 0.028906 0.069444
CCTV10^20251112-220000-20251112-225959_006508,1 0.392334 0.253906 0.804167 0.03125 0.058333 1 0.281494 0.228906 0.804167 0.023438 0.058333 1 0.2323 0.5625 0.899306 0.040625 0.0875 12 0.017776 0.890234 0.689583 0.072656 0.109722 12 0.014114 0.064062 0.998611 0.128125 0.002778 1 0.01178 0.222656 0.809722 0.034375 0.075 2 0.005821 0.889844 0.689583 0.070312 0.106944 1 0.002993 0.386328 0.900694 0.028906 0.068056 4 0.0028 0.886328 0.6875 0.072656 0.111111 5 0.002493 0.896484 0.690972 0.060156 0.104167 12 0.002405 0.463672 0.998611 0.147656 0.002778 12 0.001107 0.340625 0.999306 0.121875 0.001389
CCTV10^20251112-220000-20251112-225959_006509,2 0.546875 0.110937 0.747917 0.032813 0.059722 1 0.383057 0.254688 0.802778 0.028125 0.058333 3 0.346924 0.421875 0.683333 0.0375 0.05 1 0.300781 0.228516 0.804167 0.021094 0.055556 12 0.03949 0.888672 0.690278 0.077344 0.111111 5 0.026764 0.896875 0.690972 0.059375 0.101389 10 0.017044 0.591016 0.614583 0.047656 0.093056 12 0.01622 0.064844 0.998611 0.129688 0.002778 4 0.0159 0.889062 0.6875 0.075 0.108333 2 0.012192 0.890234 0.689583 0.072656 0.106944 1 0.01107 0.232422 0.800694 0.035156 0.0625 11 0.009483 0.592187 0.6125 0.046875 0.088889 1 0.006027 0.221484 0.811111 0.033594 0.072222 9 0.00425 0.591797 0.614583 0.049219 0.090278 11 0.001741 0.245312 0.519444 0.0625 0.169444 1 0.001124 0.385937 0.900694 0.028125 0.068056 12 0.001032 0.464453 0.998611 0.144531 0.002778
CCTV10^20251112-220000-20251112-225959_006510,1 0.407227 0.254688 0.803472 0.028125 0.056944 2 0.329346 0.148828 0.919444 0.046094 0.088889 1 0.313965 0.228906 0.804861 0.021875 0.056944 12 0.151978 0.148828 0.918056 0.046094 0.088889 12 0.036621 0.852344 0.911111 0.145313 0.166667 9 0.02626 0.669922 0.698611 0.144531 0.191667 12 0.019562 0.064844 0.998611 0.129688 0.002778 10 0.011917 0.891406 0.693056 0.070312 0.105556 9 0.009453 0.8125 0.7125 0.121875 0.125 10 0.008812 0.772266 0.838889 0.283594 0.305556 1 0.007576 0.232813 0.802083 0.034375 0.0625 1 0.005798 0.223438 0.810417 0.034375 0.073611 10 0.005344 0.813281 0.717361 0.117188 0.126389 11 0.00528 0.760938 0.789583 0.2625 0.370833 3 0.005081 0.684766 0.623611 0.035156 0.052778 12 0.003593 0.890234 0.691667 0.072656 0.111111 12 0.003147 0.672266 0.694444 0.135156 0.186111 12 0.002157 0.784375 0.836111 0.303125 0.325 2 0.001861 0.346484 0.611111 0.019531 0.038889 2 0.001484 0.374219 0.603472 0.023438 0.040278 11 0.001335 0.929688 0.743056 0.1375 0.202778 11 0.001315 0.814844 0.720139 0.139063 0.140278 9 0.001315 0.934375 0.760417 0.13125 0.243056 12 0.0013 0.461719 0.999306 0.151562 0.001389 1 0.001116 0.386328 0.901389 0.028906 0.069444 10 0.00104 0.919531 0.741667 0.160938 0.211111 6 0.001037 0.892578 0.693056 0.067969 0.108333
CCTV10^20251112-220000-20251112-225959_006511,1 0.37207 0.255078 0.802778 0.028906 0.055556 1 0.189575 0.228906 0.804167 0.021875 0.052778 0 0.063232 0.086719 0.753472 0.03125 0.070833 12 0.037903 0.085547 0.750694 0.028906 0.068056 1 0.025375 0.227344 0.805556 0.032813 0.066667 12 0.020798 0.064453 0.998611 0.128906 0.002778 12 0.020798 0.254297 0.999306 0.132031 0.001389 2 0.019058 0.086328 0.751389 0.027344 0.066667 1 0.017853 0.233594 0.8 0.035937 0.058333 3 0.01001 0.136719 0.86875 0.05625 0.079167 2 0.006462 0.932813 0.686111 0.0375 0.083333 9 0.005344 0.772266 0.695139 0.039844 0.051389 2 0.005344 0.089063 0.75625 0.042188 0.076389 12 0.0051 0.902344 0.90625 0.195312 0.179167 11 0.003273 0.811328 0.741667 0.139844 0.188889 2 0.003099 0.8875 0.690278 0.071875 0.102778 1 0.00255 0.386328 0.901389 0.028906 0.066667 4 0.002388 0.888672 0.690278 0.069531 0.102778 12 0.00227 0.460547 0.998611 0.153906 0.002778 12 0.002083 0.8875 0.691667 0.073438 0.111111 1 0.001965 0.221875 0.814583 0.0375 0.076389 5 0.0017 0.934375 0.688889 0.040625 0.091667
CCTV10^20251112-220000-20251112-225959_006512,1 0.397949 0.254688 0.803472 0.03125 0.056944 1 0.295898 0.229297 0.804167 0.022656 0.058333 1 0.136108 0.125391 0.822222 0.024219 0.052778 1 0.046906 0.124219 0.818056 0.03125 0.069444 12 0.015366 0.065234 0.998611 0.130469 0.002778 2 0.011963 0.120703 0.808333 0.036719 0.088889 12 0.011826 0.889062 0.690972 0.075 0.106944 2 0.011688 0.113672 0.786806 0.044531 0.101389 2 0.010292 0.114062 0.764583 0.035937 0.065278 2 0.008415 0.104688 0.766667 0.03125 0.063889 5 0.007404 0.9 0.691667 0.051562 0.1 1 0.006668 0.222266 0.810417 0.035156 0.076389 1 0.00375 0.119531 0.805556 0.046875 0.097222 0 0.00304 0.103516 0.7625 0.027344 0.058333 2 0.001796 0.888672 0.689583 0.072656 0.104167 12 0.00149 0.459766 0.998611 0.153906 0.002778 1 0.001455 0.387109 0.901389 0.027344 0.063889 12 0.001012 0.123438 0.657639 0.023438 0.054167
CCTV10^20251112-220000-20251112-225959_006513,1 0.282959 0.226562 0.796528 0.023438 0.056944 1 0.258301 0.254297 0.802083 0.030469 0.059722 12 0.0149 0.063672 0.998611 0.127344 0.002778 10 0.004166 0.888672 0.691667 0.077344 0.105556 5 0.004166 0.886328 0.690278 0.080469 0.105556 1 0.004005 0.217188 0.814583 0.029687 0.090278 2 0.002581 0.150391 0.668056 0.030469 0.069444 12 0.001561 0.461328 0.998611 0.150781 0.002778 2 0.001225 0.005859 0.090278 0.011719 0.180556
CCTV10^20251112-220000-20251112-225959_006514,1 0.083618 0.2375 0.786806 0.032813 0.065278 11 0.030212 0.873828 0.827083 0.252344 0.293056 10 0.028442 0.874219 0.826389 0.251563 0.291667 12 0.020966 0.064453 0.998611 0.128906 0.002778 5 0.009415 0.9 0.692361 0.053125 0.101389 10 0.008881 0.892188 0.691667 0.06875 0.102778 12 0.005798 0.890234 0.690972 0.072656 0.106944 10 0.002333 0.8125 0.784028 0.132812 0.198611 10 0.001796 0.819141 0.165972 0.361719 0.331944 12 0.001768 0.8875 0.933333 0.217188 0.127778
CCTV10^20251112-220000-20251112-225959_006515,1 0.27832 0.208984 0.715278 0.024219 0.069444 12 0.015251 0.063281 0.998611 0.126562 0.002778 5 0.004772 0.897266 0.691667 0.060156 0.102778 1 0.003172 0.215625 0.716667 0.0375 0.075 12 0.002571 0.890234 0.690278 0.072656 0.108333 11 0.001525 0.247266 0.520139 0.061719 0.168056 12 0.001501 0.041797 0.999306 0.083594 0.001389 12 0.001124 0.246875 0.51875 0.0625 0.1625 12 0.00109 0.125781 0.999306 0.11875 0.001389 1 0.001073 0.386328 0.902778 0.027344 0.066667
CCTV10^20251112-220000-20251112-225959_006516,12 0.016785 0.064062 0.998611 0.128125 0.002778 11 0.016159 0.548438 0.579167 0.04375 0.080556 12 0.011734 0.889844 0.690278 0.075 0.108333 5 0.003855 0.897266 0.690972 0.060156 0.104167 10 0.003338 0.889844 0.690972 0.075 0.106944 1 0.001934 0.386328 0.902083 0.027344 0.065278 4 0.001455 0.863281 0.694444 0.042188 0.088889 10 0.001225 0.548438 0.580556 0.04375 0.077778
CCTV10^20251112-220000-20251112-225959_006517,11 0.233765 0.593359 0.622222 0.053906 0.086111 10 0.113953 0.746094 0.657639 0.092188 0.109722 11 0.059418 0.753125 0.818056 0.273438 0.363889 12 0.01738 0.063672 0.998611 0.127344 0.002778 10 0.014671 0.745703 0.81875 0.288281 0.356944 5 0.008644 0.901953 0.692361 0.052344 0.104167 10 0.004925 0.904297 0.692361 0.046094 0.101389 12 0.004135 0.801172 0.877778 0.157031 0.244444 12 0.003708 0.4625 0.998611 0.146875 0.002778 4 0.003693 0.9 0.689583 0.054688 0.106944 11 0.003403 0.755078 0.760417 0.210156 0.243056 10 0.002913 0.750781 0.761111 0.232813 0.238889 12 0.00227 0.891406 0.689583 0.075 0.109722 3 0.001803 0.746094 0.65625 0.092188 0.104167 1 0.001687 0.385547 0.902083 0.028906 0.068056 11 0.001399 0.752734 0.772917 0.127344 0.165278
CCTV10^20251112-220000-20251112-225959_006518,11 0.740234 0.446094 0.792361 0.092188 0.118056 11 0.581543 0.675781 0.7 0.098437 0.127778 9 0.366699 0.676172 0.695833 0.094531 0.127778 9 0.120422 0.944922 0.888194 0.110156 0.223611 12 0.02121 0.064062 0.998611 0.128125 0.002778 5 0.012291 0.903125 0.69375 0.048438 0.104167 10 0.010651 0.946094 0.884028 0.107813 0.231944 1 0.004791 0.473828 0.889583 0.042969 0.095833 12 0.002434 0.78125 0.847917 0.290625 0.273611 10 0.001675 0.904297 0.693056 0.046094 0.102778 12 0.001416 0.4625 0.998611 0.145313 0.002778 10 0.001351 0.79375 0.813889 0.292187 0.333333 12 0.001225 0.245703 0.524306 0.064844 0.179167 11 0.001216 0.703125 0.766667 0.126562 0.15 11 0.001188 0.700781 0.725694 0.11875 0.076389 4 0.001179 0.902734 0.690972 0.047656 0.106944 12 0.00109 0.182031 0.997917 0.146875 0.004167
CCTV10^20251112-220000-20251112-225959_006519,11 0.236572 0.371094 0.711111 0.070312 0.141667 11 0.060303 0.902344 0.906944 0.1125 0.15 12 0.016785 0.063672 0.998611 0.127344 0.002778 10 0.014389 0.379688 0.719444 0.090625 0.152778 10 0.011292 0.869922 0.890972 0.247656 0.209722 9 0.009018 0.376953 0.707639 0.082031 0.131944 5 0.007607 0.901172 0.691667 0.050781 0.105556 11 0.006004 0.385937 0.723611 0.1 0.158333 9 0.003124 0.385937 0.728472 0.10625 0.173611 10 0.003004 0.8625 0.866667 0.175 0.2 1 0.002502 0.386328 0.902778 0.028906 0.066667 11 0.001949 0.871094 0.875 0.192188 0.211111 11 0.001942 0.932031 0.945139 0.135937 0.109722 12 0.001934 0.326172 0.999306 0.130469 0.001389 10 0.001623 0.902734 0.690278 0.047656 0.105556 10 0.001531 0.882031 0.927778 0.235937 0.144444 12 0.001305 0.463672 0.998611 0.144531 0.002778 4 0.001134 0.897656 0.689583 0.057813 0.109722 5 0.001134 0.066797 0.998611 0.133594 0.002778 12 0.001017 0.382812 0.730556 0.0625 0.105556
CCTV10^20251112-220000-20251112-225959_006520,2 0.026459 0.157422 0.684028 0.035156 0.081944 12 0.019562 0.064453 0.998611 0.128906 0.002778 12 0.00528 0.330469 0.636806 0.054688 0.093056 5 0.003147 0.901563 0.690972 0.05 0.104167 12 0.002028 0.042969 0.999306 0.085938 0.001389 1 0.0017 0.386328 0.901389 0.028906 0.066667 12 0.001636 0.462891 0.998611 0.147656 0.002778 1 0.001592 0.156641 0.688889 0.032031 0.088889 12 0.001432 0.325391 0.999306 0.132031 0.001389
CCTV10^20251112-220000-20251112-225959_006521,2 0.6875 0.144922 0.902778 0.049219 0.086111 3 0.162964 0.707422 0.614583 0.055469 0.068056 12 0.015251 0.063672 0.998611 0.127344 0.002778 12 0.005844 0.888281 0.688194 0.08125 0.1125 4 0.005535 0.892188 0.686806 0.06875 0.1125 2 0.004539 0.994531 0.872222 0.010937 0.138889 12 0.00259 0.314063 0.584028 0.045312 0.154167 5 0.002434 0.897656 0.690972 0.0625 0.106944 12 0.001513 0.324219 0.999306 0.134375 0.001389 2 0.001325 0.994141 0.902778 0.011719 0.144444 12 0.001255 0.171484 0.996528 0.155469 0.006944 12 0.001095 0.463672 0.998611 0.144531 0.002778 1 0.001057 0.386328 0.901389 0.028906 0.069444 5 0.001057 0.68125 0.999306 0.160938 0.001389 1 0.001028 0.347266 0.610417 0.014844 0.043056
CCTV10^20251112-220000-20251112-225959_006522,2 0.437744 0.096875 0.74375 0.034375 0.0625 0 0.022537 0.095703 0.746528 0.030469 0.073611 10 0.02034 0.841016 0.805556 0.247656 0.361111 12 0.017181 0.064062 0.998611 0.128125 0.002778 10 0.016586 0.817578 0.770833 0.191406 0.258333 12 0.004925 0.864844 0.684722 0.13125 0.130556 7 0.004166 0.821484 0.910417 0.127344 0.173611 1 0.003027 0.386328 0.901389 0.028906 0.066667 4 0.001741 0.883594 0.688194 0.0875 0.118056 8 0.001727 0.817578 0.910417 0.122656 0.173611 12 0.001346 0.324219 0.999306 0.132812 0.001389 1 0.001289 0.296875 0.611111 0.015625 0.055556 12 0.001225 0.463672 0.998611 0.144531 0.002778 2 0.001086 0.877344 0.6875 0.1 0.116667 5 0.001024 0.066797 0.998611 0.133594 0.002778
CCTV10^20251112-220000-20251112-225959_006523,10 0.603027 0.946094 0.895833 0.107813 0.208333 0 0.370117 0.23125 0.904167 0.0375 0.083333 12 0.0112 0.064062 0.999306 0.128125 0.001389 1 0.007122 0.228125 0.903472 0.0375 0.0875 2 0.002132 0.89375 0.688194 0.067187 0.115278 12 0.002125 0.888672 0.688889 0.080469 0.116667 4 0.001585 0.885156 0.685417 0.0875 0.123611 0 0.001585 0.235937 0.920139 0.051562 0.109722 12 0.001501 0.246094 0.519444 0.064062 0.172222 1 0.001367 0.386328 0.901389 0.028906 0.066667 12 0.001346 0.463672 0.999306 0.144531 0.001389 10 0.001069 0.948828 0.833333 0.102344 0.333333
CCTV10^20251112-220000-20251112-225959_006524,12 0.013275 0.063672 0.998611 0.127344 0.002778 12 0.0051 0.88125 0.684028 0.096875 0.126389 1 0.00481 0.336719 0.853472 0.025 0.051389 2 0.003027 0.778516 0.803472 0.060156 0.098611 1 0.002993 0.386328 0.900694 0.028906 0.068056 4 0.002611 0.883594 0.685417 0.0875 0.120833 2 0.002323 0.8875 0.6875 0.078125 0.113889 2 0.001824 0.773828 0.836111 0.085156 0.166667 11 0.00181 0.346484 0.611806 0.016406 0.040278 12 0.001245 0.4625 0.998611 0.15 0.002778
CCTV10^20251112-220000-20251112-225959_006525,1 0.265869 0.234766 0.70625 0.030469 0.0625 12 0.017441 0.064453 0.998611 0.128906 0.002778 12 0.008217 0.890234 0.690278 0.072656 0.111111 5 0.006027 0.9 0.692361 0.053125 0.106944 7 0.002846 0.703906 0.7 0.073438 0.158333 11 0.00227 0.346484 0.611806 0.016406 0.0375 4 0.001687 0.887891 0.685417 0.077344 0.120833 1 0.001536 0.386328 0.900694 0.028906 0.068056 12 0.001427 0.70625 0.721528 0.078125 0.206944 12 0.001206 0.181641 0.998611 0.149219 0.002778
CCTV10^20251112-220000-20251112-225959_006526,10 0.029419 0.897656 0.85625 0.204687 0.248611 12 0.015488 0.882422 0.686111 0.089844 0.113889 3 0.015251 0.766406 0.66875 0.04375 0.0625 12 0.014389 0.064453 0.998611 0.128906 0.002778 9 0.009018 0.896094 0.859028 0.207813 0.248611 12 0.00481 0.897656 0.690972 0.05625 0.106944 2 0.004505 0.894531 0.689583 0.0625 0.104167 1 0.004364 0.386719 0.900694 0.028125 0.065278 4 0.003389 0.875781 0.690278 0.06875 0.094444 5 0.001687 0.902734 0.692361 0.047656 0.101389 12 0.001455 0.4625 0.998611 0.146875 0.002778 10 0.001274 0.008203 0.500694 0.016406 0.315278 10 0.001081 0.008984 0.653472 0.017969 0.273611
CCTV10^20251112-220000-20251112-225959_006527,5 0.03476 0.903516 0.69375 0.047656 0.104167 12 0.0159 0.063672 0.998611 0.127344 0.002778 9 0.012337 0.910547 0.821528 0.172656 0.259722 12 0.010246 0.897656 0.692361 0.057813 0.109722 10 0.008919 0.912109 0.813889 0.171094 0.275 2 0.00526 0.901172 0.692361 0.049219 0.106944 3 0.005081 0.904687 0.69375 0.04375 0.101389 3 0.003708 0.952734 0.952778 0.089844 0.094444 1 0.002901 0.386719 0.902083 0.028125 0.065278 10 0.001949 0.009375 0.654167 0.01875 0.258333 1 0.00149 0.947266 0.950694 0.085156 0.093056 12 0.001151 0.18125 0.997917 0.15 0.004167
CCTV10^20251112-220000-20251112-225959_006528,12 0.018539 0.063281 0.998611 0.126562 0.002778 5 0.007843 0.89375 0.690972 0.067187 0.104167 12 0.003286 0.698828 0.551389 0.053906 0.075 12 0.002958 0.891016 0.689583 0.072656 0.109722 12 0.001897 0.042188 0.999306 0.084375 0.001389 1 0.001455 0.385937 0.902778 0.028125 0.066667 11 0.001341 0.244531 0.522917 0.064062 0.179167
CCTV10^20251112-220000-20251112-225959_006529,11 0.031372 0.532031 0.891667 0.225 0.211111 12 0.023071 0.063672 0.998611 0.127344 0.002778 10 0.021362 0.528516 0.890972 0.227344 0.209722 12 0.011421 0.557422 0.897917 0.172656 0.193056 4 0.010948 0.125 0.788889 0.053125 0.094444 5 0.010452 0.89375 0.691667 0.065625 0.105556 12 0.006565 0.889844 0.690278 0.075 0.111111 11 0.003298 0.245312 0.526389 0.064062 0.183333 5 0.002378 0.660547 0.998611 0.136719 0.002778 2 0.002068 0.13125 0.801389 0.057813 0.119444 12 0.00126 0.682813 0.999306 0.14375 0.001389 1 0.001008 0.385547 0.902778 0.027344 0.066667
CCTV10^20251112-220000-20251112-225959_006530,11 0.690918 0.4 0.761111 0.08125 0.127778 9 0.181274 0.399609 0.7625 0.077344 0.122222 12 0.140869 0.399219 0.7625 0.079687 0.122222 10 0.100525 0.399609 0.761111 0.078906 0.122222 12 0.010735 0.063672 0.999306 0.127344 0.001389 2 0.009193 0.222656 0.934722 0.095312 0.122222 12 0.007812 0.888672 0.689583 0.077344 0.109722 5 0.006027 0.8875 0.690972 0.078125 0.106944 3 0.00428 0.496875 0.770139 0.053125 0.068056 12 0.002115 0.464453 0.998611 0.142969 0.002778 12 0.001761 0.566016 0.999306 0.117969 0.001389 1 0.001394 0.385937 0.901389 0.028125 0.066667 4 0.001372 0.885156 0.6875 0.079687 0.113889 11 0.00133 0.196094 0.894444 0.135937 0.172222 4 0.001255 0.863672 0.696528 0.042969 0.0875
