image_id,PredictionString
CCTV01^20260318-110000-20260318-120000_000061,10 0.86377 0.775781 0.728472 0.146875 0.356944 3 0.862305 0.525 0.877083 0.067187 0.193056 10 0.793945 0.192188 0.614583 0.1625 0.243056 10 0.682617 0.411328 0.388889 0.103906 0.119444 2 0.662109 0.191406 0.734722 0.051562 0.102778 0 0.594727 0.141797 0.856944 0.055469 0.1 0 0.57959 0.302344 0.945833 0.040625 0.091667 3 0.474609 0.421875 0.504861 0.053125 0.068056 0 0.44165 0.864453 0.543056 0.025781 0.075 0 0.435791 0.926953 0.661111 0.041406 0.088889 0 0.40918 0.783203 0.934722 0.047656 0.111111 1 0.343262 0.882422 0.708333 0.033594 0.086111 0 0.32251 0.316797 0.481944 0.024219 0.055556 4 0.32251 0.967578 0.639583 0.058594 0.120833 3 0.253906 0.641406 0.438194 0.034375 0.073611 11 0.181274 0.021094 0.663889 0.042188 0.2 3 0.17334 0.514844 0.385417 0.03125 0.045833 0 0.162354 0.789453 0.479861 0.022656 0.065278 10 0.134766 0.020703 0.671528 0.041406 0.223611 10 0.132568 0.199219 0.447222 0.107813 0.15 2 0.096375 0.060156 0.686806 0.054688 0.098611 2 0.08728 0.283594 0.428472 0.023438 0.051389 0 0.06781 0.060547 0.686806 0.052344 0.095833 0 0.048126 0.907422 0.578472 0.025781 0.0625 0 0.042389 0.813672 0.451389 0.024219 0.063889 3 0.0336 0.008594 0.259722 0.017188 0.038889 3 0.026459 0.649219 0.402083 0.032813 0.048611 1 0.019196 0.695703 0.455556 0.021094 0.058333 10 0.016022 0.671875 0.322222 0.042188 0.105556 0 0.016022 0.313281 0.468056 0.021875 0.058333 1 0.01519 0.857812 0.747917 0.028125 0.073611 0 0.012924 0.229687 0.963194 0.045312 0.070833 0 0.012527 0.91875 0.598611 0.023438 0.055556 4 0.007874 0.060547 0.686806 0.052344 0.095833 0 0.005363 0.882031 0.488194 0.025 0.0625 0 0.005219 0.199219 0.452778 0.109375 0.155556 2 0.003885 0.994922 0.663889 0.010156 0.088889 3 0.003679 0.846094 0.956944 0.073438 0.086111 10 0.003651 0.994922 0.513889 0.010156 0.122222 2 0.003389 0.630859 0.097222 0.041406 0.072222 2 0.003351 0.969922 0.649306 0.050781 0.104167 1 0.002779 0.877344 0.735417 0.028125 0.070833 11 0.002747 0.961719 0.626389 0.071875 0.155556 10 0.00259 0.990234 0.536111 0.017969 0.130556 0 0.002453 0.926172 0.579861 0.028906 0.0625 0 0.002398 0.258594 0.440972 0.026562 0.056944 11 0.00227 0.013672 0.640972 0.027344 0.143056 10 0.002234 0.989453 0.584028 0.021094 0.220833 0 0.002157 0.919531 0.572222 0.039062 0.061111 2 0.001926 0.980469 0.615278 0.039062 0.180556 1 0.001912 0.489844 0.393056 0.021875 0.047222 0 0.001853 0.9125 0.593056 0.028125 0.055556 0 0.001768 0.896875 0.530556 0.023438 0.061111 1 0.001444 0.83125 0.707639 0.026562 0.081944 1 0.001151 0.896875 0.533333 0.021875 0.061111 12 0.001124 0.332813 0.996528 0.129688 0.006944 0 0.00106 0.942969 0.6375 0.03125 0.102778 1 0.001004 0.307812 0.454861 0.017188 0.045833 10 0.000883 0.975781 0.609028 0.048438 0.198611 2 0.000839 0.988281 0.618056 0.023438 0.166667 3 0.000773 0.053516 0.241667 0.025781 0.036111 0 0.000755 0.892578 0.540278 0.025781 0.075 2 0.000732 0.984766 0.654167 0.030469 0.1 1 0.000693 0.908203 0.583333 0.028906 0.069444 3 0.000672 0.991406 0.624306 0.017188 0.1375 0 0.000659 0.930469 0.569444 0.020313 0.052778 3 0.000597 0.665625 0.397222 0.01875 0.047222 10 0.000562 0.994922 0.34375 0.010156 0.151389 3 0.000553 0.99375 0.640278 0.0125 0.111111 2 0.000527 0.192188 0.695833 0.05 0.069444 0 0.000524 0.057422 0.688889 0.089844 0.119444 0 0.000504 0.148438 0.873611 0.084375 0.158333
CCTV01^20260318-110000-20260318-120000_000065,3 0.881836 0.524609 0.878472 0.066406 0.190278 3 0.790527 0.730078 0.628472 0.055469 0.095833 10 0.676758 0.255078 0.496528 0.152344 0.168056 10 0.643555 0.38125 0.4375 0.11875 0.141667 2 0.629883 0.243359 0.682639 0.049219 0.104167 0 0.482422 0.313672 0.802083 0.039844 0.109722 0 0.480469 0.938672 0.673611 0.039844 0.088889 10 0.416748 0.492578 0.335417 0.075781 0.095833 3 0.375732 0.642188 0.404167 0.028125 0.055556 10 0.350342 0.699219 0.441667 0.0625 0.163889 2 0.325928 0.467969 0.450694 0.03125 0.059722 4 0.32251 0.964844 0.639583 0.0625 0.120833 1 0.30249 0.220703 0.803472 0.036719 0.098611 2 0.250977 0.789453 0.459722 0.027344 0.058333 5 0.233765 0.526172 0.370139 0.032031 0.056944 0 0.221313 0.896875 0.563889 0.0375 0.075 1 0.187134 0.75 0.472222 0.01875 0.055556 1 0.183594 0.388281 0.552083 0.025 0.059722 10 0.183594 0.069922 0.854861 0.139844 0.290278 0 0.143188 0.294531 0.536806 0.029687 0.070833 9 0.092041 0.201172 0.445833 0.110156 0.144444 0 0.064636 0.140234 0.640972 0.036719 0.076389 12 0.059418 0.625391 0.347917 0.025781 0.0625 3 0.059204 0.008594 0.259028 0.017188 0.0375 9 0.054413 0.964453 0.634028 0.064844 0.123611 9 0.047089 0.098437 0.691667 0.09375 0.094444 1 0.029419 0.719141 0.769444 0.025781 0.083333 1 0.017776 0.745313 0.805556 0.032813 0.086111 3 0.013222 0.098828 0.698611 0.094531 0.108333 7 0.008217 0.098437 0.697222 0.1 0.108333 3 0.008095 0.525391 0.370139 0.032031 0.056944 10 0.005688 0.202344 0.451389 0.1125 0.152778 0 0.005302 0.027344 0.726389 0.046875 0.086111 4 0.004963 0.939844 0.5125 0.04375 0.094444 0 0.004944 0.808594 0.438194 0.021875 0.048611 0 0.00423 0.721094 0.777083 0.029687 0.081944 4 0.003901 0.098828 0.697222 0.100781 0.105556 7 0.003765 0.625 0.348611 0.025 0.061111 1 0.003429 0.767578 0.459028 0.016406 0.051389 1 0.003223 0.381641 0.561111 0.028906 0.075 0 0.00304 0.789453 0.463889 0.030469 0.063889 1 0.002935 0.727734 0.786111 0.042969 0.097222 1 0.002901 0.747656 0.473611 0.029687 0.066667 2 0.002737 0.994922 0.663194 0.010156 0.093056 0 0.002434 0.203125 0.475694 0.115625 0.204167 0 0.002174 0.005469 0.645139 0.010937 0.093056 0 0.002083 0.958984 0.628472 0.078906 0.143056 5 0.001934 0.099609 0.697222 0.096094 0.108333 1 0.001818 0.755859 0.469444 0.032031 0.066667 6 0.001755 0.710547 0.222222 0.024219 0.055556 0 0.001755 0.879687 0.5 0.028125 0.063889 1 0.001432 0.640625 0.572222 0.025 0.077778 0 0.001294 0.468359 0.401389 0.022656 0.047222 10 0.001274 0.99375 0.513194 0.0125 0.129167 1 0.00104 0.741797 0.427083 0.021094 0.051389 5 0.000993 0.992969 0.536806 0.014063 0.134722 0 0.00094 0.976953 0.568056 0.046094 0.1 0 0.000904 0.907813 0.568056 0.032813 0.072222 1 0.000897 0.876563 0.502083 0.028125 0.0625 3 0.000894 0.229297 0.543056 0.097656 0.091667 6 0.000883 0.016016 0.888889 0.032031 0.222222 10 0.00083 0.989453 0.520833 0.019531 0.127778 0 0.000789 0.944922 0.641667 0.033594 0.094444 0 0.000773 0.857812 0.478472 0.023438 0.051389 10 0.000732 0.989453 0.579861 0.021094 0.218056 0 0.000727 0.741797 0.426389 0.017969 0.052778 0 0.00069 0.771094 0.4625 0.01875 0.058333 12 0.000667 0.961719 0.627083 0.071875 0.154167 2 0.000636 0.984375 0.652778 0.03125 0.1 10 0.000619 0.995313 0.348611 0.009375 0.141667 3 0.000617 0.625 0.303472 0.020313 0.0375 8 0.000593 0.097656 0.684028 0.092188 0.0875 1 0.000551 0.632422 0.56875 0.039844 0.0875 0 0.000532 0.900391 0.484722 0.022656 0.063889 0 0.000527 0.948047 0.65625 0.050781 0.098611 1 0.000509 0.75625 0.804167 0.070312 0.108333 4 0.000505 0.373828 0.472222 0.053906 0.080556
CCTV01^20260318-110000-20260318-120000_000069,3 0.859863 0.524609 0.877083 0.067969 0.193056 10 0.854492 0.811328 0.795833 0.146094 0.388889 3 0.825684 0.705469 0.668056 0.051562 0.116667 10 0.791016 0.346484 0.427083 0.121094 0.131944 10 0.623535 0.189062 0.639583 0.18125 0.279167 3 0.57373 0.754687 0.595139 0.053125 0.076389 2 0.552734 0.337891 0.50625 0.035156 0.068056 2 0.478516 0.297656 0.602778 0.039062 0.075 0 0.478516 0.926953 0.663194 0.032031 0.093056 0 0.474609 0.898047 0.688194 0.036719 0.093056 5 0.455078 0.351562 0.6125 0.070312 0.108333 2 0.428223 0.971094 0.661806 0.057813 0.123611 1 0.355713 0.292578 0.657639 0.032031 0.076389 10 0.238647 0.452344 0.377083 0.092188 0.1125 4 0.196167 0.202734 0.765972 0.127344 0.165278 9 0.188354 0.201953 0.765278 0.122656 0.161111 0 0.171631 0.866016 0.549306 0.028906 0.068056 9 0.153564 0.2 0.445833 0.107813 0.144444 10 0.130737 0.200391 0.447917 0.107031 0.148611 10 0.113586 0.073047 0.66875 0.144531 0.251389 0 0.112427 0.405859 0.472222 0.025781 0.063889 4 0.099487 0.971094 0.661111 0.057813 0.122222 9 0.088196 0.700781 0.436111 0.042188 0.077778 0 0.072876 0.824219 0.495833 0.025 0.058333 4 0.055603 0.700391 0.436806 0.041406 0.079167 3 0.045197 0.876953 0.784028 0.060156 0.129167 7 0.038757 0.205078 0.767361 0.125781 0.1625 4 0.03833 0.876172 0.782639 0.060156 0.1375 11 0.033203 0.204297 0.767361 0.125781 0.1625 0 0.025467 0.316016 0.55625 0.025781 0.059722 3 0.022369 0.008594 0.258333 0.017188 0.038889 0 0.017776 0.302734 0.513889 0.030469 0.058333 1 0.012192 0.485156 0.430556 0.03125 0.047222 0 0.012009 0.099609 0.89375 0.039844 0.098611 0 0.01017 0.077734 0.661806 0.153906 0.279167 0 0.008064 0.926953 0.563889 0.030469 0.069444 1 0.007149 0.635547 0.414583 0.021094 0.054167 10 0.006931 0.51875 0.302778 0.048438 0.086111 0 0.005447 0.200781 0.451389 0.109375 0.15 1 0.004314 0.295312 0.959722 0.029687 0.077778 3 0.004101 0.982812 0.615972 0.034375 0.206944 2 0.00399 0.987891 0.586111 0.024219 0.141667 10 0.003721 0.758203 0.348611 0.050781 0.113889 0 0.003664 0.919141 0.559028 0.036719 0.073611 3 0.002846 0.242578 0.495833 0.046094 0.047222 11 0.002758 0.974609 0.63125 0.050781 0.209722 0 0.002672 0.880859 0.489583 0.027344 0.068056 10 0.002323 0.983984 0.608333 0.032031 0.222222 0 0.002182 0.974609 0.560417 0.044531 0.090278 10 0.001611 0.109375 0.939583 0.2125 0.120833 0 0.001513 0.923438 0.580556 0.029687 0.080556 10 0.001461 0.989453 0.575 0.021094 0.208333 10 0.001362 0.010156 0.622917 0.020313 0.318056 3 0.001274 0.991406 0.632639 0.017188 0.176389 0 0.001161 0.966406 0.651389 0.067187 0.152778 10 0.001156 0.989844 0.532639 0.01875 0.123611 0 0.001112 0.790625 0.407639 0.020313 0.051389 0 0.001069 0.321094 0.508333 0.053125 0.069444 1 0.001048 0.824219 0.494444 0.032813 0.061111 0 0.000811 0.869922 0.555556 0.047656 0.083333 4 0.000785 0.938672 0.513889 0.047656 0.094444 0 0.000758 0.277344 0.514583 0.01875 0.051389 1 0.000659 0.28125 0.640278 0.023438 0.061111 11 0.000627 0.28125 0.392361 0.045312 0.070833 0 0.000612 0.920703 0.629167 0.025781 0.075 11 0.000551 0.980469 0.670833 0.039062 0.191667 10 0.000525 0.014844 0.722917 0.029687 0.348611
CCTV01^20260318-110000-20260318-120000_000073,3 0.869629 0.525 0.877083 0.067187 0.193056 10 0.819336 0.102344 0.709028 0.204687 0.2875 6 0.713867 0.872656 0.599306 0.125 0.259722 10 0.652344 0.375 0.523611 0.129688 0.191667 0 0.631836 0.321094 0.790972 0.034375 0.090278 6 0.577637 0.241406 0.872917 0.117188 0.248611 1 0.46875 0.136328 0.801389 0.036719 0.075 3 0.40918 0.258984 0.696528 0.074219 0.109722 1 0.363037 0.776172 0.65625 0.030469 0.076389 1 0.350342 0.202344 0.716667 0.028125 0.072222 10 0.270508 0.463281 0.36875 0.084375 0.106944 10 0.23938 0.873047 0.600694 0.127344 0.2625 4 0.19812 0.699219 0.44375 0.0375 0.070833 2 0.175537 0.805859 0.486806 0.028906 0.059722 11 0.17334 0.240625 0.872222 0.117188 0.247222 1 0.15918 0.259766 0.627778 0.027344 0.047222 0 0.157104 0.314844 0.715972 0.034375 0.073611 1 0.11084 0.665625 0.449306 0.01875 0.056944 0 0.072388 0.944531 0.681944 0.034375 0.086111 10 0.05899 0.34375 0.471528 0.126562 0.165278 0 0.042725 0.366016 0.909722 0.039844 0.105556 1 0.034882 0.364063 0.904861 0.039062 0.106944 1 0.033203 0.739453 0.470139 0.021094 0.059722 1 0.02002 0.269922 0.554861 0.028906 0.056944 10 0.018768 0.857812 0.884028 0.154688 0.231944 5 0.014954 0.258594 0.696528 0.073438 0.109722 0 0.0149 0.246484 0.495139 0.138281 0.173611 0 0.014229 0.203906 0.474306 0.096875 0.195833 0 0.012383 0.331641 0.856944 0.022656 0.077778 10 0.010567 0.245703 0.49375 0.138281 0.173611 3 0.009743 0.994922 0.752778 0.010156 0.169444 10 0.008743 0.199609 0.445139 0.105469 0.145833 9 0.007576 0.345313 0.461806 0.126562 0.148611 0 0.007549 0.994922 0.761111 0.010156 0.172222 3 0.007519 0.991406 0.744444 0.017188 0.205556 1 0.006798 0.310547 0.698611 0.030469 0.077778 10 0.006691 0.990234 0.783333 0.019531 0.325 3 0.006565 0.008594 0.259722 0.017188 0.036111 1 0.006264 0.359375 0.832639 0.025 0.081944 0 0.005707 0.310547 0.7 0.033594 0.080556 3 0.00255 0.75 0.377083 0.029687 0.056944 10 0.002493 0.994922 0.343056 0.010156 0.161111 0 0.001912 0.995703 0.721528 0.008594 0.165278 3 0.001748 0.983203 0.590278 0.033594 0.158333 4 0.001681 0.785937 0.407639 0.029687 0.054167 10 0.001536 0.983984 0.632639 0.032031 0.248611 0 0.001501 0.785937 0.448611 0.025 0.055556 1 0.001235 0.758203 0.473611 0.022656 0.052778 10 0.001095 0.990234 0.686111 0.019531 0.288889 1 0.00097 0.330078 0.857639 0.025781 0.079167 0 0.000955 0.975 0.563889 0.045312 0.091667 1 0.000933 0.318359 0.818056 0.027344 0.063889 3 0.000886 0.004297 0.914583 0.008594 0.151389 1 0.000801 0.723437 0.359028 0.015625 0.0375 7 0.000779 0.699219 0.440972 0.034375 0.070833 0 0.000773 0.760547 0.477083 0.022656 0.054167 0 0.000688 0.995313 0.661806 0.009375 0.118056 10 0.000664 0.990625 0.345139 0.01875 0.159722 0 0.000661 0.314844 0.702778 0.0625 0.1 3 0.000627 0.00625 0.272222 0.0125 0.063889 10 0.000617 0.380078 0.385417 0.094531 0.095833 3 0.000593 0.013281 0.365972 0.026562 0.056944 4 0.000548 0.945703 0.515972 0.039844 0.084722 3 0.000519 0.003906 0.94375 0.007812 0.1125 10 0.000501 0.988281 0.577083 0.023438 0.223611
CCTV01^20260318-110000-20260318-120000_000077,3 0.861328 0.524219 0.877778 0.067187 0.191667 7 0.72168 0.925781 0.739583 0.075 0.118056 3 0.658203 0.757031 0.617361 0.048438 0.118056 3 0.654785 0.695703 0.534028 0.044531 0.081944 2 0.602051 0.978125 0.674306 0.04375 0.084722 10 0.591797 0.237891 0.619444 0.225781 0.236111 2 0.57373 0.985938 0.872917 0.028125 0.115278 1 0.525391 0.903125 0.835417 0.03125 0.104167 10 0.521484 0.129688 0.827083 0.220312 0.343056 4 0.492188 0.925781 0.739583 0.076563 0.118056 0 0.490234 0.319141 0.802083 0.042969 0.118056 9 0.482422 0.828516 0.740278 0.099219 0.166667 4 0.381104 0.828125 0.738889 0.096875 0.166667 0 0.300781 0.303516 0.713194 0.033594 0.101389 1 0.273682 0.769531 0.538889 0.023438 0.061111 1 0.216064 0.742969 0.477778 0.023438 0.055556 1 0.208862 0.890234 0.960417 0.032031 0.079167 6 0.147095 0.442188 0.450694 0.085938 0.101389 2 0.101929 0.983984 0.779167 0.032031 0.102778 3 0.085388 0.987109 0.909722 0.025781 0.180556 3 0.057922 0.987891 0.949306 0.024219 0.101389 0 0.056458 0.878516 0.5125 0.030469 0.072222 4 0.052246 0.442578 0.450694 0.083594 0.098611 9 0.0354 0.441406 0.45 0.0875 0.1 10 0.028442 0.202344 0.447222 0.10625 0.15 7 0.02298 0.827344 0.736111 0.101562 0.175 9 0.019348 0.202734 0.445139 0.105469 0.145833 3 0.017044 0.008594 0.25625 0.017188 0.043056 4 0.017044 0.985938 0.89375 0.028125 0.2125 0 0.013329 0.983984 0.775 0.032031 0.1 0 0.013069 0.863281 0.527778 0.023438 0.055556 0 0.012383 0.385937 0.436806 0.117188 0.1625 3 0.01033 0.522656 0.377083 0.03125 0.051389 10 0.008713 0.441016 0.45 0.088281 0.102778 1 0.006905 0.903125 0.838194 0.057813 0.115278 4 0.006489 0.053516 0.627778 0.041406 0.075 3 0.006462 0.480859 0.36875 0.038281 0.043056 2 0.00573 0.990625 0.85 0.01875 0.163889 1 0.00526 0.985156 0.946528 0.028125 0.106944 11 0.004608 0.827734 0.722917 0.103906 0.204167 2 0.00433 0.523047 0.376389 0.030469 0.05 9 0.00358 0.005078 0.638194 0.010156 0.098611 1 0.003565 0.739453 0.465972 0.033594 0.070833 9 0.003511 0.240625 0.625 0.226562 0.247222 10 0.003483 0.984766 0.604861 0.030469 0.154167 6 0.003338 0.710547 0.296528 0.025781 0.056944 0 0.002981 0.201953 0.447917 0.107031 0.151389 0 0.002306 0.788281 0.40625 0.020313 0.051389 10 0.002035 0.385937 0.436111 0.114062 0.147222 11 0.001972 0.987109 0.803472 0.025781 0.2375 10 0.001755 0.986719 0.863194 0.026562 0.273611 10 0.001714 0.991406 0.534028 0.017188 0.193056 0 0.001675 0.005078 0.648611 0.010156 0.094444 9 0.001543 0.386328 0.434028 0.116406 0.148611 10 0.001467 0.99375 0.519444 0.0125 0.105556 2 0.001461 0.367969 0.553472 0.03125 0.054167 3 0.001455 0.142969 0.592361 0.057813 0.073611 4 0.001455 0.985938 0.774306 0.028125 0.104167 10 0.001405 0.279297 0.473611 0.142969 0.166667 3 0.001335 0.987109 0.586806 0.025781 0.129167 0 0.001315 0.974219 0.559028 0.040625 0.081944 4 0.001285 0.994141 0.758333 0.011719 0.138889 11 0.001225 0.987109 0.584722 0.025781 0.194444 0 0.001099 0.280078 0.475 0.139844 0.169444 12 0.001065 0.319141 0.804167 0.042969 0.127778 0 0.001017 0.367969 0.589583 0.0375 0.0625 1 0.000958 0.901172 0.951389 0.066406 0.097222 0 0.000915 0.932813 0.572917 0.025 0.065278 0 0.000863 0.884375 0.524306 0.029687 0.065278 3 0.00083 0.012891 0.36875 0.025781 0.0625 4 0.00083 0.941016 0.513194 0.044531 0.081944 0 0.000707 0.858594 0.534028 0.021875 0.043056 11 0.000699 0.977344 0.85 0.045312 0.297222 8 0.000693 0.304688 0.5125 0.1 0.125 3 0.000646 0.626172 0.263889 0.017969 0.036111 2 0.000612 0.995313 0.726389 0.009375 0.1 1 0.000602 0.775391 0.549306 0.032031 0.079167 1 0.000593 0.757031 0.819444 0.034375 0.102778 10 0.000548 0.990625 0.484028 0.01875 0.1625 1 0.000515 0.738672 0.435417 0.028906 0.051389
CCTV01^20260318-110000-20260318-120000_000081,10 0.882812 0.226172 0.705556 0.171094 0.369444 3 0.86084 0.525 0.878472 0.06875 0.193056 3 0.854004 0.771094 0.88125 0.067187 0.170833 12 0.726562 0.817187 0.720139 0.0625 0.181944 12 0.600098 0.348047 0.927083 0.082031 0.143056 3 0.541016 0.304688 0.75 0.0625 0.116667 7 0.519531 0.347656 0.927083 0.08125 0.143056 0 0.486328 0.91875 0.736111 0.04375 0.105556 0 0.453369 0.279297 0.920833 0.052344 0.116667 2 0.42627 0.364063 0.56875 0.05 0.090278 1 0.407227 0.742969 0.679861 0.026562 0.081944 3 0.299072 0.023047 0.90625 0.046094 0.145833 3 0.223999 0.103906 0.892361 0.098437 0.173611 3 0.180054 0.849609 0.640972 0.050781 0.118056 9 0.168823 0.169922 0.63125 0.189844 0.243056 3 0.132568 0.169531 0.959028 0.076563 0.081944 10 0.121277 0.214844 0.431944 0.115625 0.138889 4 0.12085 0.022656 0.90625 0.045312 0.143056 0 0.072632 0.902734 0.543056 0.032031 0.077778 10 0.063477 0.485938 0.430556 0.090625 0.136111 0 0.049957 0.869141 0.520139 0.022656 0.068056 10 0.034241 0.388672 0.46875 0.113281 0.148611 2 0.033081 0.047656 0.709722 0.076563 0.122222 6 0.03125 0.046875 0.709028 0.073438 0.120833 9 0.029205 0.391406 0.472917 0.114062 0.154167 5 0.026657 0.022266 0.917361 0.044531 0.165278 1 0.016525 0.746484 0.68125 0.053906 0.098611 3 0.014061 0.008594 0.258333 0.017188 0.041667 4 0.012146 0.046875 0.709722 0.075 0.119444 10 0.007404 0.022266 0.913889 0.044531 0.172222 10 0.004944 0.990234 0.83125 0.019531 0.326389 0 0.004791 0.326953 0.584722 0.030469 0.063889 3 0.004539 0.990625 0.8375 0.01875 0.216667 6 0.003839 0.024219 0.914583 0.048438 0.170833 11 0.003651 0.6 0.072222 0.075 0.119444 1 0.003429 0.326562 0.584722 0.03125 0.063889 3 0.003389 0.99375 0.835417 0.0125 0.184722 1 0.003197 0.994531 0.844444 0.010937 0.188889 0 0.003124 0.393359 0.466667 0.122656 0.152778 11 0.0028 0.990625 0.786806 0.01875 0.301389 9 0.002737 0.354687 0.420833 0.11875 0.133333 2 0.002493 0.983984 0.596528 0.032031 0.168056 4 0.002083 0.764062 0.403472 0.032813 0.070833 3 0.00198 0.008203 0.899306 0.016406 0.143056 0 0.001904 0.333594 0.542361 0.032813 0.054167 1 0.001495 0.811328 0.465972 0.021094 0.056944 0 0.001467 0.854688 0.552083 0.01875 0.059722 9 0.001432 0.631641 0.270833 0.028906 0.069444 0 0.001341 0.994922 0.786806 0.010156 0.145833 3 0.001325 0.985938 0.599306 0.028125 0.1625 0 0.00132 0.974609 0.5625 0.044531 0.088889 0 0.001265 0.266016 0.490278 0.028906 0.063889 11 0.001225 0.961328 0.488889 0.064844 0.113889 0 0.001012 0.354687 0.421528 0.11875 0.1375 10 0.001004 0.502344 0.328472 0.082812 0.095833 9 0.000978 0.214844 0.429167 0.114062 0.133333 10 0.000944 0.990625 0.579167 0.01875 0.205556 10 0.000926 0.980859 0.818056 0.038281 0.363889 3 0.000883 0.00625 0.270139 0.0125 0.065278 10 0.000856 0.986719 0.611806 0.026562 0.209722 0 0.00083 0.892578 0.538194 0.036719 0.0875 10 0.000779 0.355078 0.422222 0.119531 0.144444 4 0.000693 0.849609 0.636806 0.049219 0.115278 11 0.000619 0.987109 0.598611 0.025781 0.202778 0 0.0006 0.501172 0.331944 0.078906 0.094444 2 0.000548 0.992969 0.513889 0.014063 0.113889 11 0.000536 0.015234 0.852083 0.030469 0.295833 2 0.000524 0.486328 0.483333 0.025781 0.041667 10 0.000519 0.173828 0.623611 0.183594 0.241667
CCTV01^20260318-110000-20260318-120000_000085,3 0.875 0.524219 0.878472 0.065625 0.190278 10 0.833008 0.242578 0.678472 0.167969 0.3375 2 0.778809 0.092969 0.802083 0.046875 0.106944 12 0.778809 0.300391 0.819444 0.083594 0.138889 2 0.666992 0.016016 0.857639 0.032031 0.115278 3 0.625977 0.832422 0.934722 0.069531 0.127778 0 0.605957 0.787109 0.65625 0.036719 0.0875 10 0.591797 0.369531 0.484722 0.142187 0.161111 0 0.575684 0.263281 0.890972 0.045312 0.093056 0 0.567871 0.346484 0.913194 0.050781 0.106944 1 0.562012 0.842578 0.785417 0.035156 0.090278 3 0.537109 0.178516 0.938194 0.071094 0.118056 3 0.519531 0.101562 0.931944 0.089063 0.125 2 0.480469 0.098437 0.724306 0.046875 0.0875 2 0.401611 0.696875 0.476389 0.029687 0.063889 0 0.355713 0.014453 0.66875 0.028906 0.070833 0 0.336426 0.005469 0.729167 0.010937 0.077778 10 0.295898 0.489453 0.428472 0.083594 0.140278 10 0.134277 0.243359 0.415278 0.128906 0.133333 3 0.11676 0.305469 0.734722 0.057813 0.083333 1 0.097046 0.207031 0.572917 0.026562 0.0625 0 0.093994 0.839063 0.492361 0.028125 0.070833 4 0.085388 0.054297 0.629167 0.039844 0.066667 7 0.06076 0.054688 0.629861 0.040625 0.065278 3 0.058777 0.989062 0.901389 0.021875 0.175 2 0.053589 0.988672 0.904167 0.022656 0.183333 3 0.044342 0.008594 0.256944 0.017188 0.036111 0 0.036072 0.989453 0.909028 0.021094 0.154167 3 0.034485 0.282031 0.967361 0.110937 0.065278 2 0.021622 0.148047 0.765278 0.035156 0.091667 0 0.01622 0.95625 0.617361 0.039062 0.095833 10 0.0159 0.987109 0.845139 0.025781 0.309722 1 0.013275 0.846875 0.784028 0.057813 0.106944 0 0.009819 0.009375 0.954861 0.01875 0.090278 0 0.007786 0.378516 0.965972 0.047656 0.0625 0 0.007462 0.75 0.449306 0.023438 0.056944 4 0.006718 0.014063 0.894444 0.028125 0.191667 3 0.005386 0.283984 0.985417 0.127344 0.029167 2 0.00502 0.769141 0.432639 0.033594 0.073611 1 0.003855 0.010547 0.959028 0.021094 0.081944 10 0.003809 0.390234 0.395139 0.107031 0.120833 2 0.003565 0.007422 0.824306 0.014844 0.0625 0 0.003325 0.939844 0.622917 0.028125 0.076389 1 0.002867 0.9375 0.622222 0.025 0.069444 0 0.002737 0.99375 0.920833 0.0125 0.15 12 0.002642 0.768359 0.432639 0.035156 0.073611 7 0.002125 0.767969 0.432639 0.034375 0.073611 0 0.00202 0.994922 0.654167 0.010156 0.091667 10 0.001604 0.00625 0.625694 0.0125 0.090278 1 0.001346 0.992969 0.649306 0.014063 0.079167 2 0.001335 0.014063 0.822917 0.028125 0.051389 10 0.001315 0.990625 0.555556 0.01875 0.205556 1 0.001151 0.983203 0.895833 0.033594 0.15 3 0.001134 0.466406 0.468056 0.039062 0.066667 1 0.001116 0.735156 0.361806 0.014063 0.040278 0 0.000897 0.805859 0.427083 0.024219 0.051389 2 0.000883 0.992969 0.868056 0.014063 0.169444 10 0.000849 0.994922 0.346528 0.010156 0.143056 10 0.00083 0.992969 0.529861 0.014063 0.104167 0 0.000773 0.916797 0.590972 0.027344 0.0875 1 0.000651 0.792969 0.447222 0.01875 0.044444 10 0.000624 0.018359 0.900694 0.036719 0.198611 0 0.000621 0.369922 0.946528 0.044531 0.079167 0 0.000579 0.390625 0.39375 0.107813 0.123611 0 0.000573 0.329297 0.873611 0.036719 0.080556 2 0.00057 0.667188 0.325694 0.017188 0.040278 5 0.000532 0.284766 0.997917 0.127344 0.004167 6 0.000527 0.012109 0.899306 0.024219 0.201389
CCTV01^20260318-110000-20260318-120000_000089,3 0.869629 0.524219 0.877083 0.06875 0.193056 10 0.783203 0.286328 0.611111 0.163281 0.291667 12 0.760742 0.294531 0.792361 0.08125 0.101389 2 0.542969 0.875391 0.90625 0.063281 0.168056 0 0.484375 0.076953 0.838889 0.058594 0.111111 10 0.470703 0.448437 0.404861 0.085938 0.118056 3 0.443604 0.148828 0.707639 0.080469 0.095833 3 0.413086 0.207813 0.834722 0.067187 0.130556 3 0.37207 0.455078 0.476389 0.064844 0.055556 2 0.338135 0.034375 0.728472 0.053125 0.098611 9 0.331055 0.450391 0.402083 0.083594 0.1125 0 0.282959 0.300391 0.872917 0.055469 0.098611 1 0.252441 0.167187 0.775 0.029687 0.080556 1 0.237915 0.141016 0.824306 0.032031 0.090278 10 0.223999 0.292969 0.395139 0.139063 0.126389 3 0.218628 0.500391 0.439583 0.036719 0.054167 0 0.217285 0.855469 0.55 0.03125 0.075 5 0.217285 0.241016 0.945139 0.102344 0.109722 1 0.213379 0.726562 0.54375 0.026562 0.070833 3 0.212036 0.307422 0.732639 0.061719 0.079167 1 0.178345 0.983984 0.667361 0.032031 0.065278 2 0.154053 0.805469 0.470833 0.028125 0.063889 2 0.153076 0.500391 0.439583 0.038281 0.054167 0 0.138916 0.141406 0.825 0.03125 0.091667 3 0.120422 0.387109 0.490972 0.052344 0.056944 0 0.117981 0.353125 0.904861 0.04375 0.106944 3 0.087585 0.099609 0.963194 0.064844 0.073611 3 0.08728 0.236328 0.944444 0.111719 0.108333 9 0.074524 0.241406 0.543056 0.1625 0.197222 1 0.064392 0.903906 0.629167 0.029687 0.066667 0 0.060974 0.319922 0.954167 0.049219 0.088889 0 0.053802 0.259766 0.88125 0.039844 0.073611 0 0.052429 0.889453 0.54375 0.028906 0.068056 2 0.036499 0.508203 0.403472 0.027344 0.0375 2 0.035675 0.373828 0.404861 0.027344 0.051389 10 0.029312 0.240234 0.541667 0.161719 0.191667 2 0.027802 0.395703 0.434028 0.030469 0.059722 0 0.021622 0.251563 0.871528 0.039062 0.070833 7 0.021286 0.235156 0.704861 0.0625 0.106944 1 0.020172 0.729297 0.544444 0.046094 0.080556 0 0.019196 0.746484 0.457639 0.032031 0.059722 3 0.017776 0.008594 0.25625 0.017188 0.040278 1 0.016846 0.992969 0.659722 0.014063 0.086111 3 0.015961 0.508203 0.403472 0.027344 0.0375 0 0.014175 0.930859 0.592361 0.033594 0.076389 11 0.008034 0.140625 0.618056 0.085938 0.141667 0 0.007607 0.769922 0.442361 0.019531 0.054167 0 0.003824 0.243359 0.867361 0.022656 0.065278 10 0.003099 0.989844 0.535417 0.01875 0.173611 4 0.002924 0.345703 0.429167 0.028906 0.047222 0 0.002621 0.171484 0.95625 0.053906 0.068056 9 0.002493 0.136328 0.618056 0.071094 0.094444 0 0.002342 0.358203 0.925 0.061719 0.127778 0 0.002132 0.074609 0.79375 0.041406 0.076389 10 0.002108 0.452344 0.361111 0.09375 0.094444 10 0.001942 0.992969 0.510417 0.014063 0.145833 6 0.00181 0.138281 0.613194 0.075 0.106944 2 0.001734 0.332422 0.448611 0.033594 0.036111 3 0.00172 0.203516 0.688194 0.038281 0.076389 2 0.001623 0.014063 0.682639 0.028125 0.0875 3 0.001611 0.086719 0.961111 0.098437 0.077778 3 0.001513 0.094531 0.997222 0.085938 0.005556 3 0.001467 0.398438 0.94375 0.084375 0.1125 12 0.001432 0.375781 0.999306 0.14375 0.001389 0 0.001351 0.269531 0.86875 0.029687 0.076389 4 0.00133 0.137109 0.619444 0.069531 0.091667 1 0.001325 0.142969 0.827083 0.054688 0.109722 11 0.001221 0.985547 0.578472 0.028906 0.206944 4 0.001197 0.223828 0.69375 0.078906 0.098611 10 0.001179 0.984766 0.573611 0.030469 0.166667 12 0.00097 0.169141 0.985417 0.114844 0.029167 1 0.000955 0.933984 0.595833 0.032031 0.080556 10 0.000897 0.524609 0.341667 0.055469 0.102778 4 0.000843 0.014844 0.679167 0.029687 0.083333 3 0.000823 0.981641 0.586111 0.036719 0.158333 0 0.000762 0.396875 0.940972 0.071875 0.109722 10 0.000755 0.987109 0.679167 0.025781 0.286111 6 0.000752 0.723437 0.286806 0.034375 0.070833 12 0.000744 0.403125 0.939583 0.151562 0.120833 1 0.000738 0.907422 0.616667 0.049219 0.097222 0 0.000735 0.923438 0.584028 0.032813 0.081944 0 0.000715 0.771094 0.406944 0.01875 0.047222 12 0.000682 0.308984 0.993056 0.116406 0.013889 1 0.000677 0.080469 0.785417 0.032813 0.0625 1 0.000646 0.169531 0.961806 0.053125 0.068056 1 0.000638 0.1625 0.798611 0.029687 0.086111 3 0.000634 0.121094 0.999306 0.1 0.001389 9 0.000624 0.404297 0.944444 0.121094 0.111111 3 0.000584 0.014453 0.680556 0.028906 0.086111 11 0.000536 0.393359 0.942361 0.180469 0.115278 3 0.000511 0.989453 0.5875 0.021094 0.15 1 0.000507 0.005469 0.577083 0.010937 0.095833
CCTV01^20260318-110000-20260318-120000_000126,3 0.894043 0.524609 0.879167 0.064844 0.188889 10 0.858398 0.354297 0.447917 0.116406 0.143056 3 0.844727 0.3 0.604861 0.085938 0.076389 2 0.773438 0.300391 0.649306 0.033594 0.0875 2 0.756348 0.9375 0.861111 0.0625 0.113889 0 0.740234 0.7625 0.920833 0.039062 0.108333 0 0.728027 0.305469 0.89375 0.042188 0.1125 3 0.726562 0.208984 0.860417 0.080469 0.148611 0 0.71875 0.222656 0.690278 0.029687 0.083333 1 0.710449 0.169922 0.714583 0.022656 0.068056 2 0.702637 0.848437 0.482639 0.039062 0.076389 2 0.682617 0.317578 0.533333 0.033594 0.075 1 0.679199 0.151562 0.799306 0.029687 0.0875 1 0.651367 0.192188 0.732639 0.023438 0.073611 0 0.640625 0.796875 0.549306 0.023438 0.068056 0 0.635254 0.188672 0.610417 0.024219 0.065278 0 0.598145 0.275 0.504861 0.025 0.0625 1 0.584961 0.942187 0.686111 0.025 0.072222 1 0.560059 0.651953 0.466667 0.021094 0.055556 1 0.537109 0.958203 0.788889 0.036719 0.094444 1 0.533203 0.263281 0.66875 0.020313 0.0625 0 0.533203 0.396484 0.926389 0.035156 0.094444 0 0.5 0.015625 0.870139 0.03125 0.118056 0 0.420654 0.851953 0.59375 0.035156 0.079167 0 0.363037 0.375781 0.578472 0.026562 0.056944 7 0.312256 0.791797 0.486806 0.032031 0.079167 0 0.309082 0.197266 0.561111 0.028906 0.058333 6 0.250977 0.767188 0.384028 0.053125 0.093056 1 0.214722 0.396484 0.926389 0.035156 0.094444 4 0.190674 0.792188 0.4875 0.032813 0.077778 1 0.172119 0.762891 0.473611 0.014844 0.041667 3 0.168823 0.142969 0.96875 0.079687 0.0625 0 0.153564 0.895703 0.527778 0.022656 0.061111 0 0.139404 0.819922 0.470139 0.019531 0.059722 0 0.129395 0.075391 0.697222 0.053906 0.083333 1 0.107056 0.825 0.568056 0.01875 0.055556 0 0.083008 0.209375 0.581944 0.017188 0.055556 4 0.067078 0.075391 0.695139 0.053906 0.081944 10 0.059875 0.672656 0.33125 0.04375 0.118056 0 0.056458 0.005469 0.740278 0.010937 0.1 0 0.051666 0.475391 0.400694 0.017969 0.056944 0 0.045013 0.769531 0.440278 0.01875 0.05 1 0.03775 0.924219 0.965278 0.029687 0.069444 0 0.035675 0.026953 0.665972 0.028906 0.065278 1 0.02272 0.853516 0.664583 0.024219 0.079167 0 0.022202 0.260547 0.438889 0.022656 0.052778 0 0.021454 0.915625 0.589583 0.023438 0.056944 5 0.019943 0.520312 0.338889 0.029687 0.05 1 0.016525 0.225391 0.459028 0.017969 0.048611 3 0.016159 0.520312 0.339583 0.03125 0.048611 0 0.013794 0.958203 0.793056 0.038281 0.091667 1 0.01033 0.759375 0.4625 0.01875 0.055556 2 0.009018 0.989062 0.604861 0.021875 0.1125 1 0.008377 0.71875 0.959722 0.042188 0.066667 0 0.008064 0.898828 0.572222 0.017969 0.055556 0 0.007637 0.979297 0.660417 0.027344 0.070833 0 0.007233 0.005859 0.684722 0.011719 0.086111 0 0.007175 0.912109 0.534028 0.016406 0.051389 2 0.007065 0.16875 0.504861 0.029687 0.059722 0 0.006878 0.046484 0.686111 0.024219 0.052778 10 0.006489 0.009375 0.769444 0.01875 0.269444 0 0.006145 0.009375 0.850694 0.01875 0.079167 2 0.006004 0.025391 0.664583 0.028906 0.0625 1 0.005688 0.192969 0.729167 0.040625 0.080556 3 0.004868 0.142969 0.997222 0.098437 0.005556 6 0.004829 0.987109 0.590972 0.025781 0.195833 2 0.0047 0.005859 0.69375 0.011719 0.101389 0 0.004627 0.975781 0.563194 0.042188 0.0875 1 0.004299 0.657422 0.467361 0.041406 0.068056 1 0.004166 0.737109 0.439583 0.021094 0.054167 1 0.003824 0.151562 0.799306 0.051562 0.095833 0 0.003622 0.735938 0.440278 0.023438 0.055556 0 0.003456 0.746484 0.442361 0.019531 0.051389 1 0.003429 0.731641 0.440972 0.021094 0.054167 3 0.003416 0.314453 0.602083 0.057031 0.059722 3 0.003338 0.008594 0.255556 0.017188 0.038889 0 0.003298 0.16875 0.504167 0.029687 0.061111 0 0.003223 0.008984 0.738889 0.017969 0.113889 1 0.003099 0.976953 0.661806 0.027344 0.068056 0 0.003063 0.994922 0.65625 0.010156 0.081944 5 0.003063 0.014453 0.903472 0.028906 0.193056 6 0.002913 0.51875 0.341667 0.03125 0.052778 0 0.002913 0.938672 0.592361 0.027344 0.059722 1 0.002737 0.161328 0.732639 0.021094 0.079167 1 0.002611 0.914453 0.592361 0.022656 0.056944 2 0.002378 0.992578 0.579167 0.014844 0.127778 0 0.002359 0.791797 0.513194 0.035156 0.076389 10 0.002342 0.989453 0.569444 0.021094 0.188889 1 0.002333 0.645703 0.463889 0.035156 0.061111 1 0.002165 0.507812 0.384028 0.017188 0.034722 0 0.0021 0.190625 0.580556 0.026562 0.063889 0 0.001965 0.286719 0.438889 0.017188 0.044444 2 0.001853 0.0125 0.891667 0.025 0.216667 1 0.00181 0.494922 0.4 0.014844 0.047222 1 0.001714 0.017578 0.897917 0.033594 0.073611 0 0.001513 0.051953 0.684028 0.032031 0.068056 1 0.001455 0.745313 0.444444 0.023438 0.052778 0 0.001444 0.875 0.478472 0.01875 0.059722 1 0.001367 0.942578 0.685417 0.041406 0.084722 3 0.001315 0.012891 0.363194 0.025781 0.054167 2 0.00124 0.977734 0.58125 0.042969 0.126389 0 0.001235 0.172656 0.599306 0.028125 0.059722 1 0.00123 0.711719 0.972222 0.028125 0.05 1 0.001124 0.376172 0.58125 0.027344 0.065278 3 0.001044 0.053125 0.242361 0.025 0.0375 2 0.001032 0.627734 0.095139 0.035156 0.065278 1 0.001032 0.996484 0.75625 0.007031 0.076389 4 0.000894 0.942187 0.519444 0.0375 0.072222 10 0.000876 0.994141 0.5125 0.011719 0.111111 11 0.000853 0.590234 0.064583 0.049219 0.093056 6 0.000849 0.013281 0.903472 0.026562 0.193056 0 0.000817 0.197266 0.538889 0.025781 0.05 1 0.000804 0.986719 0.654861 0.021875 0.068056 12 0.000785 0.348438 0.376389 0.028125 0.047222 0 0.000779 0.482422 0.402778 0.030469 0.058333 10 0.000755 0.009375 0.661806 0.01875 0.195833 1 0.000744 0.15 0.827083 0.03125 0.068056 3 0.000721 0.105469 0.311806 0.021875 0.031944 1 0.000688 0.185938 0.715278 0.025 0.072222 0 0.000682 0.166406 0.588889 0.01875 0.055556 10 0.000677 0.961328 0.909722 0.077344 0.180556 10 0.000675 0.005859 0.650694 0.011719 0.106944 4 0.000627 0.348828 0.379861 0.027344 0.045833 10 0.000593 0.990234 0.53125 0.017969 0.095833 6 0.000584 0.977344 0.588194 0.045312 0.1625 2 0.000557 0.511328 0.372222 0.019531 0.036111 10 0.000555 0.990234 0.634722 0.019531 0.202778 1 0.00054 0.833203 0.558333 0.021094 0.058333 1 0.000532 0.020703 0.86875 0.041406 0.115278
CCTV01^20260318-110000-20260318-120000_000130,6 0.935059 0.929297 0.801389 0.122656 0.305556 10 0.895996 0.2125 0.652083 0.154688 0.259722 3 0.893066 0.524609 0.878472 0.066406 0.190278 2 0.795898 0.210156 0.920139 0.0625 0.123611 3 0.774414 0.442578 0.454861 0.046094 0.065278 2 0.720215 0.788672 0.929861 0.061719 0.129167 7 0.690918 0.23125 0.800694 0.065625 0.140278 3 0.6875 0.385937 0.570139 0.05 0.070833 3 0.656738 0.501953 0.404861 0.038281 0.054167 2 0.651367 0.113281 0.954861 0.05625 0.084722 1 0.649414 0.130469 0.840278 0.029687 0.086111 2 0.647949 0.193359 0.536806 0.027344 0.065278 0 0.638672 0.285938 0.533333 0.025 0.063889 0 0.586914 0.271094 0.449306 0.026562 0.056944 1 0.348633 0.728125 0.644444 0.028125 0.075 1 0.295898 0.826562 0.700694 0.029687 0.084722 0 0.273682 0.803125 0.573611 0.025 0.075 0 0.248047 0.244141 0.717361 0.032031 0.068056 0 0.216064 0.366406 0.379861 0.025 0.048611 0 0.179565 0.334375 0.397222 0.017188 0.047222 0 0.174927 0.982422 0.688889 0.033594 0.088889 2 0.123352 0.848437 0.482639 0.039062 0.076389 0 0.106689 0.394531 0.391667 0.017188 0.044444 0 0.100159 0.165234 0.525 0.022656 0.061111 10 0.070801 0.492188 0.338889 0.075 0.097222 0 0.070312 0.775391 0.466667 0.025781 0.058333 0 0.05014 0.795703 0.525 0.025781 0.063889 10 0.048492 0.685547 0.366667 0.055469 0.130556 1 0.032227 0.244922 0.7125 0.028906 0.063889 0 0.030106 0.203516 0.480556 0.016406 0.041667 1 0.028214 0.828906 0.701389 0.053125 0.094444 1 0.025558 0.880859 0.640972 0.025781 0.0625 2 0.020416 0.749609 0.395833 0.021094 0.047222 0 0.018906 0.072656 0.679861 0.0375 0.0625 4 0.018341 0.072656 0.68125 0.0375 0.056944 1 0.016922 0.363281 0.389583 0.021875 0.051389 3 0.013794 0.008594 0.259722 0.017188 0.036111 1 0.013222 0.316406 0.407639 0.017188 0.045833 1 0.012192 0.838281 0.565972 0.021875 0.073611 0 0.012192 0.088672 0.629167 0.017969 0.047222 3 0.011642 0.005859 0.724306 0.011719 0.0875 0 0.008644 0.994141 0.706944 0.011719 0.069444 0 0.008545 0.851953 0.561806 0.030469 0.068056 0 0.006615 0.228125 0.464583 0.020313 0.054167 1 0.006538 0.850781 0.5625 0.028125 0.066667 0 0.00639 0.329297 0.401389 0.028906 0.058333 1 0.005081 0.134766 0.84375 0.053906 0.098611 0 0.005001 0.116406 0.7125 0.026562 0.080556 0 0.004467 0.804297 0.573611 0.042969 0.091667 0 0.002993 0.077344 0.65625 0.028125 0.079167 0 0.002182 0.103125 0.657639 0.01875 0.048611 1 0.002165 0.103906 0.65625 0.017188 0.048611 10 0.002165 0.981641 0.774306 0.036719 0.3125 2 0.001942 0.006641 0.709028 0.013281 0.123611 4 0.001861 0.939453 0.513889 0.047656 0.091667 0 0.001761 0.339844 0.395139 0.03125 0.051389 10 0.001761 0.009766 0.738889 0.019531 0.236111 1 0.001755 0.698047 0.934722 0.035156 0.102778 0 0.001687 0.995313 0.740972 0.009375 0.118056 10 0.001399 0.977344 0.621528 0.045312 0.218056 0 0.001346 0.1 0.650694 0.014063 0.043056 10 0.001294 0.008594 0.723611 0.017188 0.116667 1 0.001255 0.283984 0.531944 0.028906 0.061111 0 0.001245 0.803125 0.517361 0.034375 0.068056 2 0.001211 0.769922 0.409722 0.021094 0.047222 12 0.001081 0.232422 0.801389 0.064844 0.138889 1 0.001081 0.227734 0.965972 0.039844 0.0625 1 0.00106 0.533203 0.359722 0.014844 0.038889 2 0.001032 0.985547 0.581944 0.028906 0.125 10 0.000993 0.983984 0.588889 0.032031 0.175 0 0.000947 0.984766 0.711806 0.028906 0.0875 1 0.000907 0.744141 0.722222 0.025781 0.083333 0 0.000886 0.657813 0.441667 0.01875 0.052778 10 0.00082 0.994922 0.361111 0.010156 0.130556 0 0.00082 0.106641 0.678472 0.021094 0.059722 0 0.000817 0.188672 0.531944 0.025781 0.061111 0 0.000762 0.212109 0.474306 0.030469 0.054167 3 0.000699 0.983984 0.585417 0.032031 0.129167 0 0.000682 0.791797 0.453472 0.016406 0.051389 11 0.000675 0.983984 0.722222 0.032031 0.258333 11 0.000659 0.955859 0.783333 0.088281 0.325 1 0.000651 0.025 0.902778 0.028125 0.094444 3 0.000597 0.99375 0.38125 0.0125 0.093056 0 0.000591 0.541016 0.434028 0.021094 0.043056 0 0.000586 0.110156 0.708333 0.03125 0.094444 0 0.000559 0.35 0.388889 0.023438 0.05 10 0.000542 0.969922 0.660417 0.060156 0.220833 10 0.00053 0.994531 0.515972 0.010937 0.104167 6 0.000521 0.679688 0.231944 0.021875 0.030556 0 0.000513 0.813672 0.500694 0.025781 0.059722
CCTV01^20260318-110000-20260318-120000_000134,3 0.881836 0.525 0.878472 0.065625 0.190278 2 0.849121 0.325781 0.822917 0.048438 0.115278 2 0.819824 0.321484 0.516667 0.038281 0.066667 11 0.809082 0.408594 0.490278 0.078125 0.122222 10 0.777832 0.816016 0.598611 0.147656 0.277778 2 0.764648 0.274219 0.826389 0.045312 0.116667 3 0.753418 0.159375 0.891667 0.079687 0.144444 10 0.740234 0.482031 0.354861 0.076563 0.104167 4 0.73877 0.306641 0.716667 0.050781 0.111111 0 0.6875 0.186328 0.64375 0.038281 0.073611 0 0.654785 0.135156 0.651389 0.032813 0.077778 0 0.631836 0.376172 0.438889 0.019531 0.05 0 0.604004 0.864062 0.921528 0.045312 0.115278 10 0.553711 0.049219 0.872222 0.098437 0.255556 2 0.44165 0.902734 0.575 0.053906 0.105556 7 0.348633 0.308594 0.476389 0.0375 0.075 0 0.320801 0.421094 0.954167 0.046875 0.086111 0 0.226807 0.219922 0.519444 0.032031 0.061111 2 0.203125 0.2875 0.441667 0.023438 0.055556 2 0.172119 0.307812 0.475694 0.035937 0.073611 0 0.082703 0.020703 0.709722 0.028906 0.075 6 0.041321 0.255859 0.913889 0.149219 0.172222 10 0.025864 0.25625 0.911111 0.148438 0.177778 2 0.023071 0.146484 0.596528 0.044531 0.068056 0 0.020569 0.287109 0.44375 0.024219 0.056944 0 0.017105 0.84375 0.5125 0.025 0.058333 2 0.015961 0.785547 0.439583 0.024219 0.048611 3 0.015305 0.322266 0.384722 0.044531 0.044444 1 0.01519 0.091797 0.930556 0.027344 0.105556 1 0.014114 0.282422 0.459722 0.017969 0.05 0 0.012527 0.364453 0.881944 0.027344 0.105556 0 0.011871 0.146875 0.599306 0.045312 0.068056 3 0.00547 0.008203 0.257639 0.016406 0.040278 0 0.004398 0.255078 0.440972 0.021094 0.051389 0 0.004025 0.018359 0.671528 0.033594 0.076389 1 0.003855 0.091797 0.960417 0.028906 0.0625 0 0.002653 0.558984 0.433333 0.025781 0.061111 11 0.002611 0.252734 0.911806 0.163281 0.176389 1 0.00205 0.276172 0.4875 0.016406 0.047222 12 0.001768 0.421875 0.999306 0.11875 0.001389 3 0.001549 0.991797 0.686111 0.016406 0.152778 4 0.001507 0.051562 0.633333 0.040625 0.069444 11 0.001335 0.600391 0.070139 0.074219 0.109722 12 0.001335 0.410938 0.986806 0.101562 0.026389 10 0.001179 0.994922 0.344444 0.010156 0.144444 10 0.001073 0.989453 0.693056 0.021094 0.325 0 0.001048 0.366406 0.917361 0.03125 0.054167 11 0.000951 0.949219 0.465972 0.089063 0.179167 3 0.00094 0.99375 0.720139 0.0125 0.131944 10 0.000883 0.985938 0.622222 0.028125 0.247222 0 0.000869 0.013281 0.722917 0.026562 0.115278 0 0.000863 0.9875 0.666667 0.023438 0.130556 0 0.000856 0.283984 0.453472 0.024219 0.054167 4 0.000839 0.941016 0.516667 0.044531 0.088889 0 0.000779 0.003906 0.672917 0.007812 0.073611 10 0.000773 0.012109 0.840278 0.024219 0.319444 3 0.000755 0.99375 0.380556 0.0125 0.091667 0 0.000738 0.006641 0.702778 0.013281 0.1 0 0.000701 0.269141 0.422917 0.019531 0.045833 0 0.000682 0.832812 0.506944 0.023438 0.058333 0 0.000657 0.376563 0.586806 0.023438 0.048611 10 0.000641 0.990625 0.583333 0.01875 0.233333 0 0.000586 0.378125 0.927083 0.053125 0.084722 0 0.00057 0.372266 0.904167 0.047656 0.088889 0 0.000551 0.005859 0.755556 0.011719 0.119444 0 0.000542 0.991797 0.688194 0.016406 0.143056 2 0.000519 0.870313 0.999306 0.135937 0.001389 4 0.000515 0.454688 0.311111 0.028125 0.044444
CCTV01^20260318-110000-20260318-120000_000138,6 0.884277 0.405469 0.485417 0.101562 0.120833 3 0.884277 0.524609 0.878472 0.066406 0.190278 3 0.848145 0.216016 0.784028 0.058594 0.106944 3 0.818848 0.781641 0.779861 0.063281 0.140278 0 0.792969 0.223047 0.681944 0.035156 0.083333 9 0.774414 0.303125 0.842361 0.090625 0.184722 0 0.747559 0.141406 0.724306 0.032813 0.095833 1 0.743164 0.335156 0.622222 0.028125 0.066667 0 0.723145 0.226562 0.572222 0.026562 0.069444 3 0.720215 0.712891 0.529861 0.041406 0.076389 1 0.712402 0.282813 0.617361 0.028125 0.065278 2 0.702637 0.914844 0.740972 0.035937 0.101389 0 0.666992 0.880859 0.711111 0.032031 0.086111 0 0.665527 0.851953 0.638889 0.035156 0.083333 9 0.644043 0.813672 0.495139 0.055469 0.109722 0 0.644043 0.958203 0.788889 0.041406 0.113889 1 0.556641 0.929297 0.823611 0.030469 0.088889 10 0.532227 0.394531 0.416667 0.109375 0.136111 1 0.388672 0.664453 0.436111 0.021094 0.052778 0 0.377441 0.900391 0.595833 0.033594 0.077778 0 0.364746 0.989453 0.763194 0.021094 0.093056 0 0.253906 0.210156 0.527778 0.026562 0.061111 3 0.160767 0.392578 0.569444 0.042969 0.061111 0 0.119202 0.010937 0.829167 0.021875 0.1 0 0.111267 0.016016 0.910417 0.032031 0.115278 0 0.087891 0.787109 0.443056 0.021094 0.05 3 0.057281 0.015625 0.920139 0.03125 0.131944 3 0.056641 0.525391 0.363889 0.027344 0.041667 0 0.046387 0.127734 0.967361 0.053906 0.059722 3 0.043213 0.991797 0.706944 0.016406 0.138889 0 0.041138 0.126953 0.575694 0.027344 0.059722 0 0.032227 0.111328 0.576389 0.036719 0.061111 0 0.031738 0.913281 0.557639 0.025 0.068056 0 0.028336 0.008594 0.895833 0.017188 0.1 0 0.022202 0.909375 0.574306 0.023438 0.076389 0 0.021042 0.770312 0.415278 0.01875 0.047222 0 0.020248 0.105078 0.572222 0.024219 0.047222 3 0.0149 0.008203 0.259028 0.016406 0.0375 1 0.012726 0.017969 0.913194 0.035937 0.115278 0 0.012428 0.84375 0.478472 0.01875 0.051389 0 0.011375 0.190234 0.495139 0.021094 0.054167 0 0.010292 0.314063 0.409722 0.021875 0.044444 0 0.009338 0.063281 0.66875 0.025 0.0625 0 0.007935 0.053516 0.661806 0.036719 0.068056 1 0.007668 0.29375 0.957639 0.034375 0.056944 0 0.006851 0.990234 0.704861 0.019531 0.143056 0 0.00634 0.75 0.433333 0.021875 0.055556 0 0.003565 0.005859 0.722917 0.011719 0.106944 4 0.003088 0.754687 0.382639 0.039062 0.0625 4 0.002993 0.939844 0.516667 0.042188 0.086111 4 0.002672 0.988281 0.797222 0.023438 0.186111 0 0.002512 0.019141 0.686111 0.027344 0.091667 2 0.002453 0.627344 0.095139 0.032813 0.065278 0 0.002306 0.00625 0.814583 0.0125 0.101389 2 0.002306 0.990234 0.784722 0.019531 0.191667 1 0.00215 0.628906 0.354861 0.014063 0.040278 0 0.0021 0.255469 0.432639 0.021875 0.0375 1 0.00205 0.669531 0.439583 0.0375 0.0625 1 0.002043 0.022656 0.673611 0.025 0.058333 10 0.00198 0.005469 0.705556 0.010937 0.127778 0 0.001755 0.978125 0.567361 0.042188 0.098611 0 0.001623 0.295312 0.413194 0.021875 0.048611 6 0.001416 0.010937 0.872222 0.021875 0.255556 0 0.001346 0.228906 0.571528 0.042188 0.081944 0 0.001315 0.022266 0.673611 0.025781 0.061111 10 0.001107 0.009766 0.772222 0.019531 0.302778 0 0.001057 0.992969 0.684028 0.014063 0.109722 10 0.001037 0.990625 0.75 0.01875 0.241667 3 0.001017 0.005859 0.944444 0.011719 0.111111 0 0.000985 0.774219 0.426389 0.023438 0.052778 1 0.000947 0.910937 0.547917 0.020313 0.065278 3 0.000944 0.71875 0.315278 0.023438 0.047222 10 0.00094 0.994922 0.514583 0.010156 0.1125 0 0.000933 0.004687 0.790278 0.009375 0.080556 0 0.000918 0.966406 0.786806 0.065625 0.156944 11 0.000849 0.988281 0.822222 0.023438 0.225 3 0.000704 0.0125 0.368056 0.025 0.061111 10 0.000704 0.990234 0.645139 0.019531 0.248611 6 0.00069 0.990625 0.677083 0.01875 0.259722 0 0.000651 0.872656 0.467361 0.020313 0.059722 3 0.000636 0.010547 0.919444 0.021094 0.161111 0 0.000634 0.760938 0.429861 0.023438 0.068056 3 0.00057 0.623828 0.229861 0.017969 0.034722 1 0.000548 0.931641 0.834028 0.050781 0.093056 0 0.00054 0.121484 0.96875 0.083594 0.0625 0 0.000524 0.005469 0.673611 0.010937 0.113889 10 0.000521 0.989453 0.576389 0.021094 0.208333
CCTV01^20260318-110000-20260318-120000_000142,3 0.898926 0.525 0.878472 0.064062 0.190278 3 0.865234 0.251953 0.778472 0.057031 0.109722 10 0.841309 0.344141 0.536111 0.125781 0.186111 2 0.833496 0.308594 0.756944 0.039062 0.1 3 0.788086 0.314453 0.68125 0.057031 0.084722 3 0.766113 0.870313 0.677778 0.048438 0.119444 0 0.71875 0.321094 0.840278 0.0375 0.111111 0 0.715332 0.817187 0.602083 0.025 0.084722 0 0.712402 0.178125 0.644444 0.028125 0.083333 1 0.6875 0.719922 0.570833 0.017969 0.061111 1 0.67041 0.720703 0.6625 0.024219 0.077778 0 0.624512 0.323437 0.952083 0.059375 0.090278 3 0.613281 0.900391 0.813194 0.097656 0.179167 0 0.592773 0.852734 0.491667 0.024219 0.061111 1 0.565918 0.806641 0.5125 0.017969 0.055556 9 0.563965 0.449609 0.458333 0.057031 0.080556 0 0.535156 0.979297 0.653472 0.032031 0.081944 0 0.535156 0.266016 0.883333 0.036719 0.094444 2 0.517578 0.029297 0.740278 0.055469 0.083333 0 0.480469 0.893359 0.559722 0.027344 0.063889 0 0.44751 0.7875 0.469444 0.020313 0.061111 0 0.422607 0.363281 0.393056 0.020313 0.047222 5 0.363037 0.898047 0.813889 0.097656 0.175 3 0.359375 0.510156 0.396528 0.03125 0.043056 7 0.345215 0.746875 0.870139 0.075 0.248611 3 0.303955 0.479297 0.427083 0.033594 0.045833 0 0.264404 0.299219 0.425 0.020313 0.05 1 0.172729 0.424219 0.418056 0.015625 0.038889 0 0.149048 0.219922 0.95625 0.046094 0.076389 0 0.145142 0.011328 0.927083 0.022656 0.140278 9 0.113953 0.747656 0.865972 0.073438 0.248611 0 0.098755 0.83125 0.4625 0.023438 0.055556 2 0.098083 0.011328 0.927083 0.022656 0.140278 0 0.07782 0.328906 0.404861 0.020313 0.043056 0 0.047943 0.759375 0.419444 0.020313 0.05 4 0.040985 0.746484 0.863889 0.071094 0.263889 12 0.040985 0.747656 0.866667 0.071875 0.255556 0 0.036499 0.392578 0.367361 0.017969 0.043056 0 0.027695 0.263672 0.843056 0.033594 0.091667 10 0.014175 0.664062 0.347917 0.035937 0.079167 3 0.013634 0.491016 0.420833 0.024219 0.044444 0 0.013588 0.128125 0.579167 0.028125 0.061111 1 0.010857 0.820312 0.484028 0.014063 0.043056 0 0.010735 0.892578 0.527778 0.025781 0.066667 0 0.010567 0.244922 0.445139 0.027344 0.068056 9 0.008713 0.664453 0.347222 0.036719 0.080556 0 0.007874 0.890625 0.513889 0.023438 0.055556 1 0.007374 0.010937 0.890278 0.021875 0.072222 0 0.007233 0.821484 0.602778 0.050781 0.091667 1 0.006718 0.724609 0.571528 0.032031 0.070833 1 0.005775 0.799219 0.507639 0.029687 0.056944 0 0.005577 0.375 0.572222 0.025 0.066667 0 0.00518 0.107422 0.574306 0.028906 0.056944 0 0.005062 0.119141 0.579167 0.041406 0.066667 0 0.004486 0.977344 0.56875 0.045312 0.101389 3 0.004467 0.008594 0.256944 0.017188 0.041667 1 0.00423 0.514453 0.424306 0.014844 0.0375 0 0.004101 0.214844 0.965278 0.08125 0.069444 0 0.003607 0.994922 0.642361 0.010156 0.0875 1 0.003376 0.421484 0.417361 0.025781 0.045833 4 0.00326 0.029687 0.740972 0.059375 0.123611 2 0.002867 0.985938 0.59375 0.028125 0.106944 1 0.002779 0.414844 0.488194 0.015625 0.048611 0 0.002663 0.009375 0.895139 0.01875 0.0875 10 0.002581 0.920703 0.792361 0.142969 0.2625 0 0.002388 0.777734 0.410417 0.019531 0.051389 0 0.002323 0.397266 0.369444 0.019531 0.044444 5 0.002132 0.994141 0.542361 0.011719 0.118056 2 0.00198 0.979297 0.577778 0.041406 0.127778 2 0.001867 0.991797 0.6 0.016406 0.111111 0 0.001831 0.048828 0.677778 0.027344 0.066667 2 0.001782 0.255078 0.997222 0.107031 0.005556 2 0.001755 0.616797 0.188889 0.011719 0.025 2 0.001579 0.008984 0.725694 0.017969 0.098611 0 0.001561 0.357031 0.36875 0.015625 0.031944 0 0.001478 0.99375 0.61875 0.0125 0.093056 1 0.001432 0.724609 0.666667 0.041406 0.094444 1 0.001378 0.810156 0.519444 0.029687 0.061111 0 0.001356 0.738672 0.401389 0.024219 0.083333 0 0.001346 0.742969 0.371528 0.01875 0.051389 10 0.001315 0.990625 0.536111 0.01875 0.208333 0 0.001235 0.129297 0.970833 0.047656 0.05 6 0.001188 0.987109 0.572222 0.025781 0.166667 0 0.001179 0.224219 0.999306 0.104688 0.001389 4 0.001151 0.941016 0.517361 0.039844 0.081944 1 0.001147 0.823047 0.477778 0.021094 0.058333 10 0.001143 0.011328 0.924306 0.022656 0.151389 1 0.001134 0.453125 0.4125 0.020313 0.038889 10 0.001116 0.569141 0.324306 0.077344 0.165278 0 0.001103 0.996094 0.661111 0.007812 0.091667 0 0.001099 0.748828 0.865278 0.071094 0.252778 0 0.001065 0.996094 0.686111 0.007812 0.091667 0 0.001053 0.007812 0.628472 0.015625 0.079167 0 0.001048 0.021484 0.684722 0.033594 0.058333 1 0.001032 0.429688 0.400694 0.021875 0.040278 0 0.001032 0.005078 0.865972 0.010156 0.106944 2 0.000922 0.017969 0.740972 0.035937 0.206944 1 0.0009 0.8125 0.459722 0.010937 0.044444 3 0.00089 0.003906 0.840278 0.007812 0.108333 1 0.00088 0.4375 0.395833 0.017188 0.038889 1 0.000856 0.014453 0.913889 0.028906 0.125 0 0.000843 0.824219 0.458333 0.025 0.052778 2 0.000843 0.899219 0.815278 0.1 0.177778 0 0.000826 0.354297 0.390972 0.024219 0.043056 0 0.000823 0.740234 0.422917 0.027344 0.059722 2 0.000817 0.005859 0.691667 0.011719 0.088889 10 0.000782 0.992969 0.524306 0.014063 0.115278 0 0.000779 0.799609 0.4625 0.019531 0.061111 4 0.000755 0.976953 0.577083 0.044531 0.123611 0 0.000744 0.010547 0.675694 0.021094 0.070833 0 0.000727 0.032813 0.684722 0.045312 0.066667 0 0.000721 0.811328 0.609722 0.057031 0.119444 0 0.000693 0.745313 0.395833 0.01875 0.038889 0 0.000685 0.310547 0.392361 0.016406 0.034722 10 0.000641 0.976562 0.575 0.045312 0.125 0 0.000641 0.274609 0.863194 0.066406 0.1375 6 0.000641 0.010937 0.925 0.021875 0.15 0 0.000621 0.426172 0.371528 0.019531 0.051389 0 0.000617 0.384375 0.375694 0.028125 0.056944 0 0.000607 0.894531 0.561806 0.04375 0.073611 1 0.000597 0.45 0.405556 0.01875 0.038889 0 0.000568 0.360156 0.380556 0.021875 0.047222 0 0.000513 0.782813 0.470139 0.034375 0.068056 10 0.000507 0.010547 0.221528 0.021094 0.120833 0 0.000504 0.337109 0.392361 0.016406 0.040278
CCTV01^20260318-110000-20260318-120000_000146,3 0.896973 0.525 0.878472 0.065625 0.190278 10 0.819824 0.156641 0.528472 0.091406 0.184722 3 0.799316 0.239063 0.689583 0.054688 0.093056 3 0.794434 0.148438 0.850694 0.084375 0.134722 4 0.786621 0.683594 0.509722 0.035937 0.066667 2 0.762207 0.280469 0.588194 0.035937 0.076389 0 0.759277 0.352734 0.882639 0.060156 0.115278 4 0.754883 0.297656 0.755556 0.0625 0.163889 0 0.747559 0.363672 0.522222 0.022656 0.063889 0 0.740234 0.236328 0.863194 0.039844 0.118056 0 0.73584 0.310937 0.51875 0.023438 0.068056 10 0.725098 0.432812 0.418056 0.079687 0.125 10 0.705566 0.677734 0.399306 0.050781 0.145833 5 0.704102 0.339453 0.609028 0.067969 0.104167 0 0.704102 0.8875 0.865972 0.039062 0.123611 0 0.697754 0.123828 0.76875 0.044531 0.104167 0 0.690918 0.797656 0.510417 0.021875 0.0625 0 0.6875 0.0625 0.863194 0.039062 0.106944 1 0.662109 0.387109 0.511111 0.019531 0.052778 7 0.656738 0.957031 0.935417 0.084375 0.129167 3 0.647949 0.465234 0.466667 0.039844 0.055556 0 0.640625 0.821875 0.501389 0.020313 0.055556 2 0.635254 0.284766 0.435417 0.021094 0.048611 0 0.592773 0.35625 0.419444 0.021875 0.052778 2 0.562012 0.322656 0.422917 0.026562 0.048611 7 0.556641 0.296484 0.754861 0.061719 0.168056 3 0.529297 0.494141 0.426389 0.032031 0.047222 1 0.478516 0.770312 0.454861 0.017188 0.045833 0 0.392334 0.891016 0.590972 0.030469 0.079167 0 0.377441 0.266406 0.458333 0.020313 0.052778 1 0.366699 0.041406 0.926389 0.040625 0.094444 0 0.305664 0.821484 0.461111 0.019531 0.041667 1 0.236572 0.782422 0.567361 0.019531 0.059722 0 0.228149 0.978125 0.852778 0.04375 0.116667 1 0.210815 0.707031 0.95625 0.029687 0.079167 0 0.153076 0.040625 0.700694 0.042188 0.073611 0 0.14856 0.930469 0.589583 0.029687 0.070833 4 0.130249 0.956641 0.936806 0.085156 0.126389 9 0.108948 0.296094 0.754861 0.060937 0.1625 0 0.107788 0.351562 0.406944 0.023438 0.044444 1 0.090759 0.015234 0.868056 0.028906 0.069444 1 0.071838 0.600781 0.447222 0.01875 0.05 0 0.07135 0.021875 0.713194 0.0375 0.076389 0 0.042725 0.768359 0.407639 0.021094 0.051389 6 0.033722 0.010547 0.847917 0.021094 0.304167 9 0.032104 0.978125 0.898611 0.04375 0.202778 1 0.030212 0.013672 0.838194 0.027344 0.090278 3 0.028656 0.632031 0.283333 0.01875 0.036111 0 0.023514 0.804297 0.506944 0.036719 0.066667 1 0.016342 0.855078 0.538194 0.016406 0.056944 1 0.015961 0.629687 0.388889 0.014063 0.044444 0 0.015488 0.855859 0.5375 0.014844 0.055556 7 0.014282 0.980859 0.899306 0.038281 0.1875 2 0.014114 0.301563 0.386806 0.028125 0.043056 0 0.013535 0.054297 0.672222 0.033594 0.075 2 0.012146 0.007031 0.801389 0.014063 0.147222 0 0.012146 0.008594 0.805556 0.017188 0.138889 10 0.011551 0.009766 0.827083 0.019531 0.276389 4 0.010529 0.979297 0.897917 0.041406 0.204167 3 0.010208 0.008594 0.254861 0.017188 0.043056 0 0.010056 0.906641 0.552083 0.019531 0.0625 1 0.009056 0.365234 0.519444 0.025781 0.061111 1 0.008095 0.765625 0.453472 0.03125 0.048611 3 0.007576 0.619141 0.204167 0.011719 0.025 10 0.007576 0.018359 0.841667 0.036719 0.308333 1 0.006691 0.389844 0.507639 0.03125 0.059722 0 0.006313 0.903906 0.566667 0.020313 0.069444 1 0.006096 0.064844 0.791667 0.028125 0.072222 6 0.005302 0.019141 0.856944 0.038281 0.286111 0 0.004848 0.341797 0.404167 0.014844 0.038889 6 0.004791 0.521875 0.359722 0.040625 0.069444 0 0.004791 0.876172 0.495833 0.022656 0.061111 0 0.0042 0.990234 0.836806 0.019531 0.098611 0 0.00407 0.682813 0.513889 0.035937 0.072222 1 0.003483 0.712109 0.953472 0.050781 0.084722 12 0.003483 0.978125 0.898611 0.04375 0.202778 4 0.003416 0.009375 0.784722 0.01875 0.244444 1 0.003338 0.791797 0.526389 0.021094 0.05 1 0.003027 0.605469 0.405556 0.014063 0.047222 0 0.003004 0.901563 0.586806 0.046875 0.081944 3 0.002405 0.633203 0.249306 0.016406 0.029167 0 0.002378 0.016406 0.695833 0.03125 0.083333 1 0.002216 0.403125 0.570139 0.014063 0.045833 0 0.002125 0.061719 0.838194 0.034375 0.090278 7 0.002035 0.988281 0.916667 0.023438 0.163889 10 0.001831 0.978125 0.597917 0.04375 0.195833 9 0.001824 0.522266 0.35625 0.036719 0.068056 2 0.001727 0.009375 0.7375 0.01875 0.238889 10 0.001687 0.522656 0.35625 0.0375 0.068056 0 0.001661 0.0125 0.672222 0.025 0.063889 9 0.001661 0.957031 0.9375 0.085938 0.125 0 0.001604 0.024609 0.713889 0.049219 0.152778 5 0.001341 0.99375 0.523611 0.0125 0.111111 8 0.001335 0.939063 0.936111 0.121875 0.127778 1 0.00124 0.89375 0.898611 0.048438 0.102778 0 0.001216 0.236328 0.840972 0.028906 0.073611 1 0.001147 0.885547 0.911806 0.036719 0.073611 4 0.001134 0.9375 0.513194 0.046875 0.095833 0 0.00109 0.035156 0.699306 0.065625 0.109722 2 0.001017 0.613672 0.245833 0.011719 0.027778 2 0.000993 0.632422 0.249306 0.016406 0.029167 6 0.000993 0.937891 0.5125 0.046094 0.097222 11 0.000947 0.008594 0.254167 0.017188 0.044444 0 0.000926 0.018359 0.7625 0.036719 0.208333 10 0.000897 0.995313 0.345139 0.009375 0.129167 1 0.000897 0.585938 0.434028 0.0125 0.045833 0 0.000876 0.980469 0.831944 0.034375 0.080556 3 0.000798 0.995313 0.689583 0.009375 0.101389 0 0.000792 0.759766 0.370139 0.017969 0.043056 0 0.000779 0.947266 0.602083 0.033594 0.068056 2 0.000776 0.00625 0.763889 0.0125 0.108333 0 0.000752 0.005859 0.677778 0.011719 0.069444 1 0.00075 0.5375 0.406944 0.025 0.055556 1 0.000744 0.120313 0.799306 0.034375 0.065278 1 0.000727 0.394531 0.489583 0.028125 0.059722 1 0.00071 0.594922 0.442361 0.021094 0.048611 1 0.000693 0.010156 0.886806 0.020313 0.104167 3 0.00069 0.540625 0.180556 0.01875 0.030556 1 0.00069 0.974609 0.842361 0.044531 0.095833 10 0.000685 0.988281 0.590972 0.023438 0.215278 2 0.000641 0.057813 0.665278 0.029687 0.072222 0 0.000617 0.684766 0.507639 0.046094 0.101389 0 0.000609 0.235547 0.905556 0.036719 0.069444 11 0.000605 0.026562 0.538889 0.051562 0.122222 1 0.000597 0.898047 0.919444 0.044531 0.086111 1 0.000596 0.340234 0.409722 0.014844 0.041667 1 0.000586 0.903516 0.503472 0.019531 0.059722 0 0.000575 0.004687 0.633333 0.009375 0.080556 10 0.000548 0.994141 0.5125 0.011719 0.111111 0 0.00053 0.307812 0.413889 0.021875 0.041667 0 0.000509 0.9375 0.596528 0.046875 0.076389 0 0.000509 0.024609 0.730556 0.035156 0.069444 3 0.000507 0.012891 0.36875 0.025781 0.0625
CCTV01^20260318-110000-20260318-120000_000150,3 0.89502 0.525 0.878472 0.065625 0.190278 10 0.852051 0.191797 0.45 0.083594 0.141667 3 0.838867 0.285156 0.644444 0.064062 0.086111 3 0.825684 0.729688 0.639583 0.067187 0.1125 3 0.789062 0.439453 0.420139 0.039844 0.048611 0 0.789062 0.276172 0.552778 0.025781 0.069444 3 0.747559 0.899219 0.782639 0.082812 0.134722 0 0.729492 0.820312 0.508333 0.021875 0.063889 3 0.720215 0.045312 0.938889 0.090625 0.108333 10 0.717773 0.832812 0.84375 0.145313 0.3125 0 0.700684 0.296094 0.497917 0.020313 0.051389 0 0.686035 0.862109 0.561806 0.025781 0.065278 10 0.643555 0.057031 0.738889 0.114062 0.247222 3 0.638672 0.484766 0.409722 0.036719 0.047222 0 0.596191 0.299219 0.445833 0.023438 0.055556 1 0.594727 0.71875 0.884028 0.03125 0.109722 1 0.59082 0.688672 0.702778 0.022656 0.075 0 0.57959 0.914453 0.628472 0.030469 0.084722 0 0.569824 0.953516 0.649306 0.032031 0.076389 0 0.523438 0.223438 0.504167 0.025 0.055556 0 0.498047 0.778125 0.456944 0.023438 0.055556 0 0.407227 0.985938 0.669444 0.028125 0.077778 5 0.30249 0.044531 0.941667 0.0875 0.105556 0 0.258301 0.341016 0.405556 0.021094 0.05 0 0.2323 0.270313 0.449306 0.020313 0.048611 0 0.163452 0.830469 0.636111 0.025 0.058333 0 0.15918 0.382422 0.401389 0.017969 0.047222 0 0.156128 0.929297 0.586806 0.032031 0.065278 1 0.147583 0.678516 0.39375 0.016406 0.045833 1 0.136108 0.830469 0.636806 0.025 0.059722 2 0.108582 0.341016 0.406944 0.021094 0.052778 6 0.082092 0.057422 0.736806 0.114844 0.240278 0 0.036072 0.818359 0.450694 0.016406 0.0375 1 0.020416 0.522266 0.360417 0.014844 0.040278 3 0.019119 0.630859 0.288889 0.017969 0.036111 0 0.017242 0.124609 0.570833 0.022656 0.058333 3 0.016586 0.401172 0.380556 0.036719 0.047222 0 0.01445 0.779297 0.420833 0.019531 0.041667 1 0.011871 0.892578 0.546528 0.016406 0.054167 0 0.009819 0.103906 0.568056 0.021875 0.047222 2 0.007786 0.032031 0.968056 0.0625 0.058333 2 0.006641 0.04375 0.94375 0.085938 0.104167 1 0.00634 0.107813 0.753472 0.023438 0.073611 4 0.005554 0.401953 0.381944 0.035156 0.044444 2 0.00526 0.401562 0.386806 0.0375 0.045833 4 0.004539 0.938281 0.514583 0.045312 0.084722 3 0.00423 0.319922 0.350694 0.021094 0.0375 3 0.003855 0.008594 0.254861 0.017188 0.043056 10 0.003235 0.979297 0.60625 0.041406 0.193056 1 0.003197 0.384375 0.404167 0.023438 0.055556 6 0.003147 0.938281 0.513889 0.045312 0.086111 1 0.003052 0.099609 0.9625 0.027344 0.063889 1 0.002935 0.691016 0.704861 0.046094 0.0875 3 0.002462 0.984766 0.604167 0.030469 0.127778 0 0.002369 0.298828 0.464583 0.028906 0.070833 2 0.002003 0.045312 0.975 0.089063 0.05 2 0.001942 0.628516 0.095833 0.035156 0.069444 0 0.001675 0.995313 0.71875 0.009375 0.115278 0 0.001661 0.891406 0.547222 0.01875 0.055556 0 0.001549 0.953906 0.63125 0.028125 0.070833 0 0.001525 0.248438 0.432639 0.017188 0.048611 1 0.001513 0.716406 0.865278 0.023438 0.077778 3 0.001389 0.995313 0.736111 0.009375 0.105556 0 0.001346 0.883984 0.525 0.019531 0.061111 2 0.001305 0.051172 0.988194 0.102344 0.023611 0 0.0013 0.879687 0.514583 0.015625 0.051389 1 0.001289 0.295312 0.405556 0.0125 0.030556 10 0.001235 0.995313 0.347222 0.009375 0.15 2 0.001216 0.987109 0.5875 0.025781 0.141667 0 0.001206 0.977344 0.63125 0.04375 0.170833 5 0.001169 0.99375 0.53125 0.0125 0.118056 1 0.001143 0.148047 0.561111 0.021094 0.061111 2 0.000985 0.005469 0.913194 0.010937 0.084722 1 0.000955 0.673828 0.400694 0.021094 0.065278 0 0.000911 0.909766 0.613194 0.027344 0.070833 1 0.000911 0.686328 0.956944 0.027344 0.083333 3 0.000876 0.990625 0.734722 0.01875 0.113889 2 0.000869 0.983984 0.625 0.032031 0.197222 11 0.000843 0.055859 0.819444 0.111719 0.361111 11 0.000839 0.026953 0.543056 0.052344 0.122222 2 0.000823 0.053125 0.997222 0.10625 0.005556 10 0.000823 0.989453 0.577778 0.021094 0.213889 2 0.000823 0.988281 0.679861 0.023438 0.254167 0 0.000764 0.148438 0.565972 0.021875 0.0625 10 0.000672 0.990234 0.7625 0.019531 0.341667 0 0.000657 0.291016 0.490278 0.024219 0.044444 0 0.000651 0.755859 0.379861 0.017969 0.048611 0 0.000636 0.8125 0.491667 0.021875 0.069444 1 0.000629 0.564844 0.506944 0.015625 0.052778 0 0.000607 0.879687 0.484028 0.017188 0.051389 10 0.000551 0.994141 0.513889 0.011719 0.108333 0 0.000551 0.436328 0.965972 0.036719 0.059722 2 0.000544 0.372266 0.343056 0.019531 0.036111 2 0.000527 0.939453 0.515972 0.042969 0.081944 3 0.000515 0.00625 0.265278 0.0125 0.061111 0 0.000513 0.866016 0.470139 0.016406 0.051389 1 0.000504 0.689063 0.934722 0.021875 0.077778
CCTV01^20260318-110000-20260318-120000_000154,3 0.901855 0.524609 0.878472 0.064844 0.190278 10 0.875488 0.375 0.452083 0.123438 0.140278 10 0.850098 0.209766 0.431944 0.102344 0.133333 0 0.790527 0.739453 0.700694 0.027344 0.0875 3 0.774414 0.3875 0.554167 0.053125 0.072222 0 0.762207 0.308984 0.685417 0.028906 0.090278 0 0.756348 0.128516 0.722222 0.041406 0.083333 0 0.754883 0.203125 0.634028 0.035937 0.068056 0 0.740234 0.233203 0.777778 0.038281 0.097222 0 0.710449 0.276172 0.868056 0.038281 0.116667 0 0.702637 0.321484 0.538194 0.022656 0.065278 1 0.680664 0.15 0.802083 0.034375 0.079167 0 0.660156 0.276172 0.497222 0.027344 0.061111 0 0.625977 0.923828 0.668056 0.041406 0.1 0 0.592773 0.860938 0.511806 0.023438 0.065278 0 0.581543 0.859766 0.631944 0.032031 0.086111 1 0.558105 0.471094 0.468056 0.020313 0.05 4 0.503906 0.267188 0.657639 0.075 0.1125 7 0.498047 0.267188 0.656944 0.075 0.113889 0 0.457031 0.15 0.911111 0.060937 0.141667 6 0.422607 0.824219 0.871528 0.110937 0.248611 0 0.418701 0.955859 0.647222 0.032031 0.075 0 0.379395 0.022656 0.701389 0.0375 0.080556 2 0.336426 0.150391 0.902083 0.060156 0.126389 1 0.299072 0.876172 0.88125 0.022656 0.093056 1 0.276611 0.627344 0.504861 0.025 0.0625 0 0.267334 0.360156 0.526389 0.01875 0.055556 5 0.265869 0.266797 0.657639 0.074219 0.1125 0 0.258301 0.989453 0.678472 0.021094 0.090278 0 0.253906 0.627344 0.505556 0.025 0.061111 0 0.240723 0.177734 0.579861 0.033594 0.065278 1 0.217285 0.896875 0.538194 0.026562 0.051389 1 0.186523 0.070703 0.692361 0.021094 0.070833 0 0.185303 0.075 0.675 0.028125 0.083333 10 0.184204 0.822656 0.873611 0.10625 0.25 1 0.145142 0.875391 0.576389 0.021094 0.055556 0 0.133911 0.875781 0.578472 0.021875 0.056944 2 0.130249 0.131641 0.598611 0.035156 0.063889 1 0.112793 0.691016 0.861111 0.024219 0.091667 0 0.102661 0.192578 0.536806 0.025781 0.059722 1 0.06781 0.074219 0.679167 0.029687 0.088889 0 0.062103 0.928125 0.5875 0.029687 0.066667 1 0.036774 0.133203 0.963194 0.033594 0.065278 1 0.028976 0.359375 0.532639 0.021875 0.059722 0 0.024704 0.129688 0.595139 0.035937 0.068056 1 0.024231 0.023438 0.722222 0.0375 0.069444 2 0.016922 0.508594 0.352083 0.021875 0.045833 1 0.015541 0.879687 0.882639 0.04375 0.104167 0 0.013794 0.992969 0.692361 0.014063 0.123611 1 0.012337 0.124609 0.671528 0.019531 0.054167 0 0.008743 0.008594 0.630556 0.017188 0.102778 3 0.008644 0.008203 0.259028 0.016406 0.034722 0 0.008415 0.184375 0.559028 0.028125 0.059722 4 0.007668 0.9375 0.513194 0.046875 0.090278 1 0.007607 0.741797 0.744444 0.022656 0.05 1 0.007038 0.003125 0.858333 0.00625 0.086111 0 0.00589 0.915625 0.601389 0.023438 0.055556 0 0.005665 0.972656 0.689583 0.028125 0.073611 2 0.005219 0.630859 0.1 0.032031 0.072222 1 0.004452 0.96875 0.698611 0.021875 0.066667 0 0.00425 0.873828 0.502083 0.021094 0.054167 1 0.003796 0.801172 0.480556 0.016406 0.058333 1 0.003622 0.476172 0.471528 0.036719 0.0625 0 0.003565 0.203516 0.488194 0.022656 0.051389 0 0.003389 0.953516 0.625 0.025781 0.072222 0 0.002867 0.103906 0.570139 0.021875 0.045833 6 0.002779 0.9375 0.511806 0.046875 0.090278 0 0.002705 0.959375 0.615278 0.032813 0.080556 0 0.002415 0.124219 0.675694 0.020313 0.056944 10 0.002234 0.979297 0.606944 0.041406 0.194444 0 0.002216 0.935156 0.597222 0.029687 0.072222 1 0.00215 0.836719 0.740278 0.020313 0.055556 0 0.0021 0.005859 0.682639 0.011719 0.076389 1 0.002003 0.861328 0.635417 0.036719 0.0875 0 0.001853 0.088672 0.625694 0.021094 0.059722 0 0.001839 0.900391 0.540972 0.027344 0.056944 0 0.001839 0.010937 0.698611 0.021875 0.083333 0 0.001755 0.175391 0.556944 0.030469 0.061111 1 0.001668 0.932813 0.698611 0.029687 0.063889 10 0.001661 0.008594 0.613194 0.017188 0.140278 0 0.001636 0.274219 0.436806 0.020313 0.048611 10 0.001592 0.988281 0.643056 0.023438 0.216667 1 0.001536 0.752734 0.483333 0.019531 0.052778 5 0.001531 0.994141 0.531944 0.011719 0.105556 0 0.001525 0.870313 0.545833 0.028125 0.047222 2 0.001513 0.989453 0.679167 0.021094 0.169444 1 0.001305 0.28125 0.925694 0.035937 0.073611 0 0.001274 0.917969 0.649306 0.032813 0.079167 1 0.001188 0.877344 0.614583 0.029687 0.065278 10 0.001174 0.989453 0.702778 0.021094 0.208333 0 0.000993 0.851562 0.459028 0.017188 0.043056 0 0.000985 0.865625 0.502083 0.023438 0.068056 0 0.000962 0.847266 0.461806 0.021094 0.051389 2 0.000937 0.982812 0.596528 0.034375 0.154167 0 0.000926 0.254297 0.4375 0.017969 0.044444 3 0.0009 0.006641 0.266667 0.013281 0.052778 1 0.000883 0.032031 0.729167 0.03125 0.066667 0 0.000836 0.270313 0.444444 0.020313 0.052778 10 0.00083 0.989453 0.586806 0.021094 0.215278 10 0.000811 0.579688 0.486806 0.040625 0.134722 1 0.000785 0.745313 0.739583 0.032813 0.070833 1 0.000779 0.372266 0.585417 0.021094 0.045833 0 0.000721 0.003516 0.840278 0.007031 0.097222 0 0.000704 0.976562 0.671528 0.045312 0.1375 0 0.000699 0.950391 0.639583 0.074219 0.131944 7 0.000672 0.740625 0.348611 0.028125 0.055556 0 0.000667 0.953125 0.600694 0.025 0.068056 1 0.000614 0.928125 0.682639 0.0375 0.084722 1 0.000607 0.630859 0.495139 0.035156 0.065278 10 0.000597 0.009766 0.659722 0.019531 0.233333 2 0.000562 0.994141 0.522222 0.011719 0.108333 1 0.000562 0.963281 0.6 0.03125 0.066667 0 0.000542 0.926172 0.643056 0.055469 0.130556
CCTV01^20260318-110000-20260318-120000_000158,3 0.891113 0.525 0.878472 0.064062 0.190278 3 0.868164 0.324609 0.5875 0.064844 0.072222 10 0.838867 0.208984 0.432639 0.100781 0.131944 3 0.836426 0.198437 0.74375 0.084375 0.118056 0 0.820801 0.235937 0.659722 0.034375 0.080556 0 0.775879 0.282031 0.543056 0.023438 0.069444 0 0.774414 0.300781 0.7625 0.03125 0.094444 0 0.754883 0.896484 0.788194 0.041406 0.106944 0 0.753418 0.311328 0.927083 0.055469 0.120833 0 0.744629 0.817187 0.538889 0.025 0.069444 0 0.730957 0.704688 0.7875 0.039062 0.102778 0 0.72168 0.296875 0.464583 0.020313 0.051389 1 0.710449 0.733594 0.636111 0.023438 0.075 0 0.686035 0.246484 0.519444 0.022656 0.063889 2 0.663574 0.797266 0.467361 0.025781 0.054167 0 0.645996 0.825781 0.495139 0.021875 0.056944 10 0.614258 0.060156 0.738889 0.120313 0.280556 4 0.607422 0.801953 0.859028 0.063281 0.170833 7 0.588867 0.801953 0.857639 0.064844 0.170833 1 0.546875 0.787109 0.7625 0.028906 0.083333 0 0.492188 0.894531 0.569444 0.023438 0.063889 0 0.366699 0.823047 0.515972 0.021094 0.051389 1 0.258301 0.111719 0.755556 0.028125 0.077778 1 0.242188 0.69375 0.882639 0.025 0.084722 0 0.169434 0.297656 0.416667 0.020313 0.044444 0 0.168335 0.930078 0.590278 0.030469 0.072222 10 0.164551 0.143359 0.910417 0.282031 0.179167 0 0.146118 0.802344 0.856944 0.0625 0.163889 0 0.075317 0.787109 0.427778 0.017969 0.044444 0 0.062805 0.390234 0.375 0.019531 0.044444 0 0.058563 0.387891 0.965278 0.041406 0.058333 2 0.057068 0.629687 0.096528 0.032813 0.068056 2 0.053406 0.774219 0.40625 0.020313 0.045833 0 0.043518 0.270313 0.430556 0.021875 0.05 0 0.043365 0.915625 0.618056 0.029687 0.069444 0 0.028656 0.110937 0.738194 0.026562 0.098611 1 0.024231 0.674219 0.359028 0.0125 0.040278 6 0.022461 0.123047 0.910417 0.241406 0.179167 0 0.01297 0.110156 0.709722 0.025 0.061111 2 0.012627 0.110156 0.709028 0.023438 0.0625 1 0.012527 0.133594 0.732639 0.020313 0.076389 3 0.009933 0.533594 0.348611 0.025 0.044444 3 0.008743 0.983984 0.598611 0.032031 0.105556 0 0.007965 0.774219 0.406944 0.023438 0.047222 0 0.007874 0.389844 0.946528 0.039062 0.073611 3 0.007637 0.008594 0.254861 0.017188 0.040278 6 0.007549 0.751172 0.348611 0.027344 0.052778 1 0.007206 0.932813 0.597222 0.029687 0.072222 1 0.006691 0.785156 0.525 0.017188 0.055556 0 0.006462 0.130469 0.736111 0.021875 0.072222 1 0.005707 0.978125 0.60625 0.040625 0.084722 3 0.005489 0.011328 0.825 0.022656 0.091667 0 0.003765 0.921875 0.606944 0.0375 0.072222 2 0.00375 0.984766 0.591667 0.030469 0.133333 1 0.003565 0.489063 0.395833 0.01875 0.047222 4 0.00321 0.937891 0.513194 0.046094 0.076389 0 0.002947 0.918359 0.579167 0.022656 0.063889 1 0.002924 0.739453 0.638194 0.050781 0.093056 1 0.00289 0.971094 0.605556 0.028125 0.066667 7 0.002823 0.011328 0.819444 0.022656 0.083333 1 0.002811 0.407031 0.399306 0.014063 0.043056 1 0.00279 0.412891 0.474306 0.014844 0.054167 0 0.002758 0.974609 0.570833 0.041406 0.105556 3 0.002531 0.751172 0.349306 0.027344 0.054167 0 0.002243 0.896875 0.765278 0.032813 0.069444 1 0.001867 0.889844 0.816667 0.03125 0.069444 0 0.001789 0.886719 0.576389 0.034375 0.069444 10 0.001768 0.010156 0.815972 0.020313 0.354167 0 0.0017 0.851562 0.521528 0.014063 0.051389 10 0.001478 0.995313 0.346528 0.009375 0.131944 0 0.001405 0.146875 0.719444 0.026562 0.080556 1 0.00123 0.141016 0.724306 0.027344 0.081944 5 0.001225 0.991797 0.520833 0.016406 0.108333 1 0.001197 0.108984 0.709722 0.027344 0.061111 0 0.001073 0.368359 0.357639 0.017969 0.0375 1 0.000962 0.119922 0.725 0.022656 0.072222 10 0.00088 0.991797 0.535417 0.016406 0.198611 10 0.000843 0.989062 0.647222 0.021875 0.236111 0 0.000817 0.276172 0.438889 0.017969 0.05 1 0.000804 0.015625 0.944444 0.029687 0.094444 0 0.000773 0.301563 0.901389 0.035937 0.072222 0 0.000738 0.379688 0.947917 0.059375 0.090278 10 0.000718 0.989453 0.575 0.021094 0.186111 1 0.00071 0.853125 0.522222 0.01875 0.055556 1 0.000693 0.014063 0.816667 0.028125 0.086111 3 0.000634 0.00625 0.265972 0.0125 0.059722 11 0.000634 0.984766 0.597917 0.030469 0.181944 0 0.000627 0.907813 0.573611 0.023438 0.055556 0 0.000602 0.826172 0.476389 0.021094 0.052778 0 0.0006 0.978125 0.595833 0.04375 0.102778 2 0.000597 0.992969 0.579167 0.014063 0.130556 10 0.000579 0.994141 0.383333 0.011719 0.091667 10 0.000566 0.994141 0.514583 0.011719 0.118056 1 0.000559 0.696875 0.859028 0.023438 0.065278
CCTV01^20260318-110000-20260318-120000_000162,3 0.903809 0.524609 0.879167 0.064844 0.188889 3 0.879883 0.258203 0.845833 0.064844 0.127778 10 0.850586 0.151172 0.573611 0.147656 0.205556 2 0.84082 0.849609 0.491667 0.041406 0.083333 10 0.838379 0.208984 0.428472 0.099219 0.123611 0 0.741699 0.806641 0.852083 0.035156 0.1125 0 0.732422 0.894531 0.735417 0.04375 0.101389 10 0.728516 0.039062 0.745833 0.078125 0.294444 0 0.72168 0.334766 0.471528 0.022656 0.054167 0 0.695801 0.767188 0.852083 0.035937 0.118056 0 0.690918 0.849609 0.638194 0.030469 0.081944 0 0.689453 0.816016 0.506944 0.022656 0.058333 0 0.689453 0.334766 0.525694 0.027344 0.0625 1 0.6875 0.34375 0.560417 0.021875 0.048611 0 0.679199 0.310156 0.890972 0.045312 0.115278 2 0.673828 0.925781 0.722222 0.04375 0.097222 1 0.629883 0.778906 0.561806 0.020313 0.056944 0 0.625977 0.839063 0.926389 0.042188 0.111111 5 0.552734 0.674609 0.445833 0.038281 0.080556 0 0.521484 0.326562 0.427083 0.01875 0.048611 0 0.515625 0.873047 0.584028 0.028906 0.065278 1 0.507812 0.333203 0.628472 0.024219 0.065278 0 0.424316 0.292187 0.661111 0.045312 0.122222 0 0.422607 0.894922 0.56875 0.021094 0.059722 0 0.38501 0.798438 0.477778 0.01875 0.055556 1 0.270508 0.185938 0.935417 0.03125 0.095833 9 0.201782 0.292187 0.6625 0.046875 0.130556 0 0.200562 0.289453 0.429861 0.017969 0.056944 4 0.193115 0.292187 0.663194 0.046875 0.129167 3 0.169434 0.674609 0.445139 0.036719 0.079167 0 0.153076 0.929297 0.592361 0.032031 0.076389 0 0.147583 0.331641 0.384722 0.017969 0.044444 1 0.097412 0.290625 0.443056 0.01875 0.061111 0 0.076416 0.885547 0.577778 0.027344 0.063889 1 0.074524 0.301953 0.602083 0.017969 0.054167 0 0.0401 0.791797 0.445833 0.016406 0.047222 1 0.023239 0.3375 0.535417 0.029687 0.068056 0 0.02211 0.780078 0.417361 0.017969 0.045833 2 0.021866 0.628516 0.09375 0.030469 0.065278 1 0.016098 0.348438 0.431944 0.014063 0.044444 0 0.015129 0.292969 0.621528 0.035937 0.068056 1 0.01445 0.336328 0.647917 0.021094 0.073611 0 0.01078 0.802344 0.490278 0.021875 0.069444 3 0.010612 0.616797 0.414583 0.041406 0.051389 0 0.010094 0.052344 0.639583 0.04375 0.073611 0 0.009636 0.330469 0.448611 0.023438 0.058333 1 0.008034 0.379297 0.368056 0.013281 0.033333 1 0.00518 0.875 0.599306 0.029687 0.068056 1 0.004486 0.051172 0.647917 0.041406 0.073611 3 0.004101 0.008594 0.257639 0.017188 0.043056 0 0.00407 0.335156 0.632639 0.028125 0.070833 1 0.00396 0.635547 0.465278 0.016406 0.058333 1 0.002913 0.768359 0.881944 0.032031 0.080556 0 0.002287 0.810547 0.499306 0.028906 0.054167 1 0.002157 0.78125 0.504861 0.015625 0.054167 0 0.0021 0.8625 0.597222 0.023438 0.063889 1 0.001427 0.438672 0.375694 0.017969 0.043056 0 0.001399 0.804297 0.881944 0.030469 0.075 0 0.001346 0.969922 0.603472 0.025781 0.065278 0 0.001107 0.760938 0.440278 0.017188 0.055556 0 0.001069 0.793359 0.45625 0.021094 0.054167 1 0.001032 0.969922 0.602778 0.025781 0.061111 0 0.000978 0.975781 0.575 0.039062 0.111111 10 0.000926 0.979297 0.611111 0.041406 0.2 0 0.000897 0.905859 0.573611 0.025781 0.055556 0 0.000897 0.915625 0.582639 0.01875 0.065278 5 0.00083 0.994141 0.534722 0.011719 0.1 2 0.000738 0.988281 0.597222 0.023438 0.166667 2 0.000732 0.994141 0.522917 0.011719 0.109722 10 0.000715 0.987891 0.656944 0.024219 0.252778 10 0.000654 0.991406 0.544444 0.017188 0.225 0 0.000631 0.891016 0.718056 0.030469 0.069444 4 0.000617 0.938281 0.518056 0.045312 0.080556 3 0.000588 0.979297 0.608333 0.041406 0.161111 1 0.000579 0.930859 0.597917 0.033594 0.081944 0 0.000564 0.329688 0.474306 0.034375 0.068056 11 0.000557 0.025391 0.543056 0.049219 0.125 0 0.000557 0.879297 0.601389 0.028906 0.066667 0 0.000555 0.768359 0.829861 0.030469 0.084722 10 0.000548 0.988281 0.592361 0.023438 0.215278 2 0.00053 0.6375 0.109722 0.04375 0.083333 1 0.00053 0.837891 0.965972 0.041406 0.059722 0 0.000504 0.30625 0.852083 0.029687 0.051389
CCTV01^20260318-110000-20260318-120000_000166,3 0.884277 0.525 0.878472 0.065625 0.190278 3 0.833496 0.401172 0.50625 0.052344 0.070833 3 0.831055 0.323437 0.490278 0.042188 0.058333 5 0.825684 0.735938 0.721528 0.067187 0.156944 2 0.806641 0.770703 0.874306 0.047656 0.1375 10 0.806152 0.209375 0.503472 0.11875 0.1625 5 0.803223 0.677734 0.554861 0.049219 0.109722 10 0.782227 0.217188 0.703472 0.079687 0.2875 3 0.741699 0.637109 0.422917 0.030469 0.056944 0 0.729492 0.366797 0.452778 0.017969 0.052778 10 0.725586 0.035156 0.725 0.070312 0.275 2 0.71875 0.862891 0.553472 0.039844 0.095833 0 0.695801 0.310156 0.895833 0.048438 0.105556 0 0.666992 0.153125 0.684028 0.029687 0.0875 0 0.645996 0.942969 0.70625 0.03125 0.090278 1 0.642578 0.855469 0.689583 0.028125 0.081944 1 0.613281 0.103516 0.860417 0.028906 0.084722 0 0.602051 0.2625 0.936806 0.045312 0.098611 0 0.59082 0.322266 0.440278 0.017969 0.047222 0 0.583008 0.825 0.484722 0.021875 0.058333 0 0.453369 0.912109 0.663194 0.035156 0.079167 0 0.418701 0.894531 0.568056 0.021875 0.061111 10 0.351318 0.209766 0.431944 0.108594 0.130556 1 0.320801 0.262109 0.577083 0.024219 0.059722 0 0.315674 0.929297 0.589583 0.030469 0.070833 0 0.310791 0.789453 0.427778 0.021094 0.05 0 0.201782 0.847266 0.505556 0.021094 0.055556 1 0.133423 0.969922 0.602083 0.025781 0.0625 1 0.125977 0.863281 0.636806 0.028125 0.0625 0 0.115967 0.775781 0.400694 0.017188 0.048611 0 0.101562 0.068359 0.645833 0.028906 0.052778 10 0.100525 0.671875 0.330556 0.04375 0.113889 1 0.093689 0.297656 0.429861 0.017188 0.045833 1 0.09137 0.754297 0.395139 0.014844 0.043056 0 0.082092 0.297656 0.429861 0.01875 0.045833 1 0.05542 0.856641 0.645833 0.025781 0.066667 3 0.053406 0.980859 0.594444 0.038281 0.1 0 0.03891 0.916797 0.61875 0.028906 0.076389 1 0.032349 0.360156 0.365972 0.01875 0.0375 2 0.027481 0.111719 0.597917 0.042188 0.073611 1 0.025558 0.994922 0.924306 0.010156 0.129167 0 0.022369 0.915625 0.643056 0.032813 0.091667 0 0.021286 0.995313 0.90625 0.009375 0.159722 0 0.017715 0.052344 0.640972 0.040625 0.068056 3 0.015541 0.621484 0.290278 0.017969 0.041667 0 0.013275 0.829688 0.494444 0.028125 0.063889 1 0.012192 0.857812 0.694444 0.048438 0.086111 4 0.009972 0.9375 0.511111 0.048438 0.094444 3 0.008377 0.990625 0.9 0.01875 0.183333 0 0.007404 0.921094 0.604167 0.028125 0.063889 0 0.007347 0.429297 0.372917 0.021094 0.045833 2 0.005554 0.984375 0.585417 0.03125 0.1375 0 0.00528 0.909766 0.615278 0.027344 0.066667 1 0.004791 0.991797 0.918056 0.016406 0.158333 0 0.004681 0.360156 0.366667 0.01875 0.036111 1 0.004364 0.996094 0.886111 0.007812 0.15 1 0.004055 0.739453 0.445833 0.021094 0.047222 1 0.003736 0.914062 0.659028 0.040625 0.090278 2 0.003622 0.629687 0.095833 0.032813 0.066667 1 0.003376 0.8625 0.663889 0.039062 0.094444 0 0.003273 0.815234 0.457639 0.021094 0.045833 1 0.002958 0.907031 0.925 0.04375 0.105556 1 0.00259 0.759375 0.396528 0.01875 0.045833 0 0.002253 0.972266 0.592361 0.032031 0.081944 0 0.002253 0.257031 0.579167 0.035937 0.063889 3 0.002226 0.008594 0.257639 0.017188 0.043056 6 0.002043 0.9375 0.508333 0.048438 0.097222 0 0.001867 0.3 0.466667 0.01875 0.041667 1 0.001839 0.154688 0.669444 0.020313 0.072222 6 0.001761 0.989453 0.579861 0.021094 0.184722 0 0.001567 0.977734 0.58125 0.042969 0.126389 2 0.001519 0.992578 0.520833 0.014844 0.097222 0 0.001501 0.26875 0.968056 0.042188 0.058333 10 0.001478 0.979297 0.58125 0.041406 0.154167 1 0.001367 0.107422 0.8625 0.055469 0.097222 2 0.001346 0.992969 0.579167 0.014063 0.133333 0 0.001269 0.294141 0.460417 0.019531 0.040278 10 0.001151 0.989453 0.636806 0.021094 0.223611 0 0.001147 0.852344 0.495139 0.017188 0.048611 1 0.001124 0.254688 0.570139 0.026562 0.056944 1 0.000911 0.849609 0.670833 0.035156 0.083333 1 0.000897 0.899219 0.904861 0.042188 0.131944 1 0.000894 0.751563 0.357639 0.01875 0.031944 11 0.00089 0.030859 0.540972 0.060156 0.131944 12 0.000807 0.3 0.995833 0.1125 0.008333 0 0.000792 0.920703 0.582639 0.025781 0.070833 10 0.000735 0.991406 0.533333 0.017188 0.2 1 0.000727 0.752344 0.415278 0.020313 0.047222 0 0.00071 0.225 0.555556 0.034375 0.058333 10 0.000661 0.995313 0.365972 0.009375 0.118056 0 0.000648 0.767969 0.404861 0.029687 0.0625 3 0.000609 0.994141 0.380556 0.011719 0.091667 0 0.000602 0.841406 0.522917 0.032813 0.073611 0 0.000588 0.989453 0.525694 0.021094 0.093056 0 0.000555 0.376563 0.586111 0.021875 0.041667 1 0.000553 0.847266 0.650694 0.035156 0.070833 3 0.000548 0.006641 0.26875 0.013281 0.0625
CCTV01^20260318-110000-20260318-120000_000170,3 0.896973 0.524609 0.879167 0.064844 0.188889 10 0.861328 0.742969 0.48125 0.090625 0.195833 3 0.855957 0.399609 0.498611 0.050781 0.058333 3 0.852051 0.461719 0.446528 0.0375 0.051389 10 0.848633 0.238672 0.461806 0.100781 0.143056 3 0.832031 0.230469 0.646528 0.060937 0.084722 2 0.811523 0.325781 0.579861 0.029687 0.073611 10 0.796875 0.3625 0.397917 0.075 0.120833 3 0.794434 0.767188 0.929167 0.059375 0.130556 2 0.792969 0.320312 0.770139 0.039062 0.106944 0 0.720215 0.820703 0.501389 0.021094 0.061111 0 0.720215 0.271875 0.761111 0.032813 0.094444 5 0.71875 0.203125 0.8 0.073438 0.152778 3 0.716797 0.278516 0.658333 0.064844 0.1 0 0.704102 0.872656 0.734028 0.034375 0.098611 0 0.697754 0.289844 0.577778 0.025 0.063889 1 0.695801 0.353516 0.95625 0.028906 0.076389 1 0.692871 0.71875 0.592361 0.020313 0.0625 1 0.654785 0.764062 0.746528 0.028125 0.0875 0 0.651367 0.273047 0.515972 0.028906 0.0625 0 0.645996 0.936719 0.696528 0.03125 0.093056 10 0.612305 0.208594 0.438889 0.104688 0.141667 1 0.609375 0.663281 0.534722 0.020313 0.061111 1 0.556641 0.655078 0.482639 0.019531 0.054167 1 0.546875 0.338281 0.653472 0.020313 0.065278 1 0.537109 0.913281 0.741667 0.025 0.083333 0 0.535156 0.914062 0.627083 0.035937 0.070833 0 0.535156 0.982812 0.71875 0.034375 0.0875 0 0.517578 0.974609 0.816667 0.049219 0.113889 0 0.460938 0.234375 0.541667 0.029687 0.058333 0 0.458984 0.155469 0.627778 0.028125 0.075 0 0.451416 0.855078 0.552778 0.024219 0.061111 1 0.375732 0.800781 0.490972 0.014063 0.048611 0 0.359375 0.856641 0.486806 0.025781 0.0625 1 0.331055 0.442969 0.397917 0.015625 0.0375 0 0.320801 0.895703 0.575 0.021094 0.063889 3 0.319092 0.520703 0.370833 0.032031 0.041667 10 0.301514 0.01875 0.664583 0.0375 0.245833 0 0.225464 0.93125 0.590278 0.028125 0.069444 1 0.197388 0.489844 0.4125 0.021875 0.038889 6 0.162354 0.019922 0.657639 0.039844 0.2875 1 0.114746 0.483203 0.406944 0.022656 0.041667 1 0.085999 0.523047 0.4 0.016406 0.038889 1 0.068787 0.971094 0.604861 0.025 0.059722 1 0.068542 0.690625 0.800694 0.021875 0.081944 7 0.050903 0.009766 0.855556 0.019531 0.183333 0 0.04303 0.851953 0.565972 0.022656 0.073611 0 0.038757 0.840234 0.598611 0.030469 0.061111 10 0.037476 0.772266 0.371528 0.050781 0.106944 0 0.036774 0.077734 0.644444 0.028906 0.072222 1 0.032837 0.844922 0.602083 0.032031 0.070833 0 0.032104 0.007422 0.871528 0.014844 0.1125 1 0.031616 0.310937 0.454167 0.014063 0.044444 2 0.026459 0.007422 0.867361 0.014844 0.126389 0 0.024796 0.169922 0.5125 0.035156 0.063889 9 0.022537 0.007422 0.840278 0.014844 0.191667 1 0.01445 0.764453 0.747222 0.049219 0.1 1 0.012825 0.914453 0.740972 0.046094 0.095833 4 0.01133 0.978125 0.85 0.04375 0.230556 3 0.010735 0.008594 0.257639 0.017188 0.040278 2 0.01017 0.114062 0.597222 0.039062 0.072222 6 0.009743 0.009375 0.820139 0.01875 0.206944 1 0.007786 0.667188 0.534722 0.035937 0.072222 0 0.007175 0.153125 0.607639 0.039062 0.095833 10 0.006824 0.010156 0.820139 0.020313 0.359722 1 0.006413 0.50625 0.405556 0.014063 0.036111 1 0.005001 0.534375 0.411806 0.023438 0.054167 1 0.004738 0.658594 0.48125 0.034375 0.0625 1 0.0047 0.321094 0.443056 0.014063 0.041667 0 0.004608 0.90625 0.579167 0.034375 0.083333 0 0.0042 0.910937 0.565278 0.023438 0.069444 1 0.003824 0.8125 0.497222 0.023438 0.058333 1 0.003622 0.475781 0.398611 0.020313 0.047222 0 0.003565 0.307422 0.453472 0.019531 0.048611 3 0.003363 0.99375 0.680556 0.0125 0.122222 2 0.003351 0.992969 0.788194 0.014063 0.148611 3 0.003273 0.719922 0.292361 0.017969 0.034722 0 0.002947 0.981641 0.784722 0.036719 0.166667 3 0.002867 0.980469 0.601389 0.039062 0.102778 1 0.002823 0.517969 0.38125 0.03125 0.054167 2 0.002714 0.990234 0.591667 0.019531 0.133333 0 0.002611 0.915625 0.543056 0.020313 0.063889 1 0.002581 0.722266 0.592361 0.039844 0.070833 11 0.002541 0.984766 0.7875 0.030469 0.255556 0 0.002398 0.925781 0.578472 0.029687 0.065278 10 0.002388 0.00625 0.819444 0.0125 0.158333 0 0.00227 0.246484 0.504861 0.017969 0.051389 0 0.001883 0.847656 0.585417 0.029687 0.073611 1 0.001839 0.471484 0.405556 0.025781 0.044444 1 0.001824 0.873437 0.736806 0.034375 0.101389 3 0.001796 0.602344 0.122917 0.034375 0.073611 2 0.001755 0.980469 0.6 0.039062 0.116667 1 0.001755 0.329297 0.654167 0.036719 0.072222 2 0.001741 0.989453 0.734722 0.021094 0.230556 0 0.001694 0.989062 0.711806 0.021875 0.115278 0 0.001367 0.451562 0.359722 0.020313 0.047222 1 0.001362 0.5375 0.427083 0.020313 0.051389 0 0.001216 0.050391 0.632639 0.032031 0.070833 10 0.001095 0.983984 0.868056 0.032031 0.263889 2 0.001081 0.170313 0.511111 0.034375 0.063889 1 0.001081 0.850781 0.614583 0.029687 0.068056 0 0.001032 0.253125 0.502778 0.023438 0.055556 10 0.001028 0.980469 0.604167 0.039062 0.183333 10 0.001008 0.995313 0.347917 0.009375 0.129167 0 0.000966 0.990625 0.678472 0.01875 0.106944 1 0.000944 0.438281 0.398611 0.028125 0.044444 10 0.000944 0.989453 0.638194 0.021094 0.218056 3 0.00089 0.994141 0.615972 0.011719 0.115278 4 0.000836 0.965234 0.865278 0.069531 0.269444 2 0.000779 0.994922 0.911111 0.010156 0.122222 1 0.000764 0.599609 0.415278 0.016406 0.041667 1 0.000744 0.454688 0.376389 0.023438 0.047222 2 0.000738 0.528516 0.398611 0.019531 0.044444 1 0.000696 0.600781 0.425 0.01875 0.041667 1 0.000677 0.492188 0.365278 0.015625 0.036111 1 0.000669 0.322656 0.432639 0.014063 0.040278 1 0.000667 0.710547 0.591667 0.039844 0.066667 0 0.000664 0.457422 0.356944 0.025781 0.052778 1 0.000612 0.879687 0.75 0.0375 0.091667 1 0.000602 0.99375 0.850694 0.0125 0.115278 11 0.000602 0.990625 0.684722 0.01875 0.238889 0 0.000553 0.445312 0.368056 0.017188 0.044444 10 0.00053 0.019141 0.796528 0.038281 0.406944 10 0.000513 0.014063 0.750694 0.028125 0.190278
CCTV01^20260318-110000-20260318-120000_000174,6 0.954102 0.827734 0.470833 0.069531 0.15 3 0.896484 0.524609 0.878472 0.064844 0.190278 10 0.840332 0.251172 0.449306 0.114844 0.123611 3 0.837402 0.276172 0.661111 0.066406 0.083333 10 0.831543 0.1875 0.604167 0.173437 0.236111 3 0.831055 0.339062 0.577083 0.046875 0.070833 0 0.767578 0.248438 0.873611 0.040625 0.113889 0 0.744629 0.333594 0.520833 0.026562 0.055556 0 0.725098 0.767578 0.603472 0.025781 0.076389 0 0.70752 0.036719 0.919444 0.046875 0.113889 2 0.702637 0.919531 0.79375 0.064062 0.098611 0 0.692871 0.952344 0.864583 0.039062 0.1125 0 0.686035 0.983984 0.734028 0.030469 0.090278 1 0.673828 0.3 0.731944 0.021875 0.072222 0 0.666992 0.324219 0.45 0.021875 0.055556 3 0.637207 0.768359 0.459028 0.030469 0.059722 1 0.633301 0.758984 0.747917 0.024219 0.079167 0 0.620605 0.289844 0.515278 0.025 0.061111 1 0.616699 0.708203 0.81875 0.027344 0.095833 1 0.604004 0.476172 0.454861 0.016406 0.051389 1 0.592773 0.294531 0.583333 0.021875 0.058333 1 0.563965 0.79375 0.529167 0.01875 0.055556 10 0.562988 0.055469 0.813194 0.110937 0.279167 5 0.519531 0.473438 0.38125 0.0375 0.056944 0 0.509766 0.355078 0.413194 0.019531 0.045833 0 0.507812 0.377344 0.425 0.01875 0.047222 1 0.496094 0.714063 0.554167 0.01875 0.061111 1 0.488281 0.191797 0.884028 0.033594 0.081944 10 0.472656 0.019531 0.645833 0.039062 0.211111 2 0.462891 0.36875 0.456944 0.021875 0.055556 0 0.451416 0.186328 0.834028 0.038281 0.101389 1 0.443604 0.740625 0.575 0.025 0.069444 1 0.377441 0.403906 0.958333 0.035937 0.072222 0 0.370117 0.36875 0.456944 0.021875 0.055556 1 0.334473 0.596094 0.464583 0.015625 0.043056 0 0.297363 0.929297 0.592361 0.032031 0.079167 2 0.262939 0.991406 0.920833 0.017188 0.130556 2 0.26123 0.489844 0.423611 0.021875 0.05 0 0.246582 0.740625 0.574306 0.025 0.070833 10 0.241455 0.207813 0.434028 0.096875 0.134722 0 0.181274 0.895703 0.521528 0.021094 0.0625 3 0.139893 0.509375 0.391667 0.034375 0.05 0 0.108215 0.933984 0.723611 0.035156 0.083333 4 0.095703 0.639453 0.388889 0.027344 0.058333 0 0.086914 0.189844 0.872222 0.0375 0.097222 0 0.075317 0.489844 0.425694 0.021875 0.051389 1 0.065613 0.592578 0.429861 0.017969 0.043056 3 0.058563 0.525391 0.363194 0.027344 0.040278 1 0.042389 0.972266 0.602083 0.027344 0.065278 0 0.040375 0.898047 0.578472 0.022656 0.070833 2 0.038177 0.994141 0.904167 0.011719 0.108333 0 0.033081 0.944922 0.758333 0.033594 0.080556 6 0.03125 0.055078 0.817361 0.110156 0.281944 0 0.028107 0.886719 0.534722 0.023438 0.058333 1 0.025558 0.330078 0.86875 0.022656 0.090278 1 0.020966 0.433594 0.402083 0.021875 0.0375 3 0.020248 0.987891 0.936806 0.024219 0.126389 3 0.015778 0.526563 0.327778 0.025 0.036111 0 0.015717 0.072266 0.638889 0.038281 0.072222 1 0.012924 0.709766 0.819444 0.050781 0.108333 1 0.011467 0.764062 0.754167 0.040625 0.1 3 0.009933 0.979297 0.601389 0.041406 0.094444 0 0.00927 0.991797 0.911806 0.016406 0.120833 0 0.008713 0.360938 0.369444 0.014063 0.036111 1 0.008446 0.524219 0.409722 0.01875 0.038889 1 0.008003 0.596875 0.419444 0.01875 0.047222 0 0.007874 0.971094 0.604167 0.025 0.066667 4 0.007755 0.971094 0.896528 0.057813 0.206944 0 0.007404 0.879687 0.541667 0.014063 0.05 4 0.007404 0.988281 0.899306 0.023438 0.201389 2 0.007038 0.526563 0.327778 0.025 0.033333 1 0.00634 0.184766 0.870833 0.039844 0.091667 1 0.005619 0.361328 0.370833 0.014844 0.036111 4 0.005322 0.9375 0.511806 0.046875 0.0875 2 0.005219 0.517578 0.404861 0.025781 0.040278 1 0.004829 0.291406 0.574306 0.03125 0.070833 3 0.004593 0.639844 0.390972 0.028125 0.059722 10 0.003147 0.979297 0.899306 0.041406 0.201389 0 0.00304 0.909766 0.579167 0.021094 0.063889 1 0.003016 0.597266 0.459722 0.022656 0.055556 1 0.002779 0.475391 0.463889 0.024219 0.066667 3 0.00259 0.008594 0.256944 0.017188 0.038889 1 0.002378 0.302734 0.73125 0.044531 0.081944 1 0.002306 0.797656 0.527778 0.034375 0.066667 0 0.0021 0.992969 0.724306 0.014063 0.090278 10 0.001987 0.989453 0.577778 0.021094 0.202778 1 0.001926 0.982812 0.929167 0.032813 0.138889 0 0.001867 0.759375 0.413194 0.01875 0.045833 10 0.001853 0.991797 0.534028 0.016406 0.198611 3 0.001525 0.996094 0.806944 0.007812 0.119444 1 0.001421 0.755859 0.59375 0.042969 0.0875 5 0.001399 0.992969 0.540972 0.014063 0.1125 1 0.001335 0.466797 0.452083 0.033594 0.056944 1 0.001325 0.298047 0.586111 0.035156 0.069444 10 0.001285 0.994141 0.515972 0.011719 0.118056 1 0.001274 0.304688 0.8875 0.025 0.088889 0 0.00124 0.978125 0.589583 0.042188 0.1125 0 0.001197 0.965234 0.889583 0.069531 0.220833 2 0.001151 0.634375 0.102083 0.039062 0.079167 10 0.001124 0.989062 0.639583 0.021875 0.229167 10 0.001116 0.978516 0.588194 0.041406 0.159722 11 0.001095 0.990625 0.670833 0.01875 0.238889 1 0.001032 0.320312 0.869444 0.04375 0.097222 2 0.001017 0.979297 0.91875 0.038281 0.143056 2 0.000947 0.990625 0.838889 0.01875 0.277778 3 0.000933 0.982812 0.963194 0.032813 0.073611 11 0.000863 0.984766 0.609722 0.030469 0.2 0 0.000856 0.882031 0.555556 0.017188 0.055556 2 0.00083 0.729688 0.326389 0.017188 0.041667 2 0.000755 0.990625 0.738194 0.01875 0.176389 0 0.000732 0.5625 0.427083 0.020313 0.051389 0 0.000727 0.917578 0.585417 0.021094 0.070833 0 0.000667 0.751953 0.401389 0.021094 0.047222 3 0.000627 0.990625 0.798611 0.01875 0.163889 1 0.0006 0.789453 0.534722 0.022656 0.066667 10 0.0006 0.991406 0.811806 0.017188 0.268056 1 0.000596 0.932813 0.715972 0.025 0.068056 6 0.00057 0.9375 0.5125 0.046875 0.088889 5 0.000568 0.117969 0.588889 0.040625 0.080556 4 0.000564 0.11875 0.588194 0.040625 0.079167 0 0.000559 0.007422 0.897222 0.014844 0.113889 0 0.000544 0.923438 0.784722 0.0625 0.097222 2 0.000536 0.119531 0.589583 0.040625 0.079167 0 0.000504 0.976953 0.560417 0.039844 0.081944
CCTV01^20260318-110000-20260318-120000_000178,6 0.92041 0.884375 0.590278 0.104688 0.205556 3 0.888184 0.525391 0.879167 0.064844 0.188889 2 0.86084 0.315234 0.80625 0.046094 0.1125 10 0.858887 0.208984 0.431944 0.099219 0.130556 3 0.839844 0.244922 0.772917 0.072656 0.109722 10 0.835938 0.366406 0.496528 0.121875 0.168056 10 0.82959 0.040625 0.60625 0.08125 0.2125 4 0.819824 0.771094 0.914583 0.057813 0.159722 2 0.791992 0.895312 0.726389 0.054688 0.091667 2 0.785156 0.044922 0.820833 0.058594 0.111111 0 0.754883 0.800781 0.623611 0.026562 0.083333 0 0.753418 0.275391 0.902778 0.049219 0.119444 10 0.740723 0.441016 0.370139 0.122656 0.104167 0 0.73584 0.817187 0.797917 0.032813 0.106944 0 0.726562 0.928125 0.819444 0.048438 0.113889 0 0.699219 0.033594 0.915278 0.042188 0.116667 1 0.695801 0.155469 0.826389 0.03125 0.080556 10 0.690918 0.308594 0.472917 0.10625 0.170833 7 0.680664 0.101172 0.722222 0.111719 0.122222 3 0.57959 0.371484 0.598611 0.063281 0.063889 1 0.565918 0.809766 0.733333 0.033594 0.063889 0 0.563965 0.244531 0.684722 0.029687 0.066667 0 0.546875 0.304297 0.727778 0.032031 0.077778 1 0.533203 0.647656 0.441667 0.025 0.047222 9 0.523438 0.247266 0.6125 0.105469 0.133333 1 0.503906 0.344922 0.771528 0.024219 0.070833 7 0.346924 0.248828 0.613194 0.107031 0.131944 2 0.341553 0.762891 0.449306 0.024219 0.054167 12 0.160278 0.092969 0.717361 0.095312 0.115278 4 0.146118 0.1 0.720139 0.109375 0.123611 2 0.137939 0.244141 0.502083 0.030469 0.073611 0 0.135742 0.783984 0.428472 0.019531 0.051389 1 0.101562 0.150781 0.61875 0.046875 0.076389 1 0.098755 0.357422 0.957639 0.044531 0.076389 0 0.097046 0.203516 0.547222 0.028906 0.063889 0 0.090759 0.076563 0.640278 0.03125 0.069444 4 0.071838 0.247266 0.611806 0.107031 0.129167 0 0.068542 0.151172 0.61875 0.046094 0.076389 1 0.05481 0.600391 0.427083 0.019531 0.045833 1 0.047424 0.193359 0.950694 0.032031 0.081944 0 0.044342 0.357031 0.954167 0.045312 0.086111 11 0.030563 0.075781 0.959722 0.15 0.080556 3 0.027908 0.008594 0.254167 0.017188 0.044444 11 0.025864 0.588672 0.068056 0.052344 0.091667 0 0.02298 0.931641 0.588194 0.025781 0.065278 2 0.022888 0.247656 0.611806 0.104688 0.134722 0 0.021774 0.202344 0.565278 0.026562 0.063889 1 0.021362 0.971094 0.601389 0.025 0.063889 7 0.021042 0.072656 0.960417 0.142187 0.079167 3 0.014671 0.979297 0.595139 0.041406 0.1125 0 0.008514 0.836719 0.4875 0.01875 0.05 0 0.007904 0.969922 0.601389 0.022656 0.063889 0 0.006905 0.197656 0.539583 0.032813 0.059722 4 0.00502 0.073828 0.959722 0.144531 0.080556 4 0.004906 0.9375 0.515972 0.046875 0.0875 0 0.004829 0.754687 0.435417 0.032813 0.059722 0 0.004364 0.813281 0.745139 0.034375 0.081944 3 0.003538 0.074219 0.961111 0.109375 0.077778 0 0.002779 0.976172 0.598611 0.038281 0.083333 1 0.002453 0.258203 0.959722 0.033594 0.075 2 0.002192 0.125 0.579861 0.039062 0.073611 10 0.00215 0.983984 0.610417 0.032031 0.218056 1 0.002083 0.30625 0.714583 0.021875 0.068056 1 0.002003 0.836328 0.486806 0.017969 0.048611 0 0.001934 0.290234 0.9625 0.041406 0.063889 1 0.001912 0.441797 0.950694 0.042969 0.0875 0 0.001875 0.896875 0.516667 0.01875 0.052778 11 0.001636 0.446875 0.368056 0.110937 0.1 0 0.001597 0.203125 0.588889 0.029687 0.072222 0 0.00133 0.199609 0.521528 0.032031 0.079167 0 0.001305 0.758594 0.446528 0.032813 0.059722 1 0.001305 0.800781 0.747917 0.032813 0.070833 10 0.001235 0.990625 0.5375 0.01875 0.202778 1 0.001211 0.856641 0.470139 0.016406 0.040278 10 0.001179 0.987891 0.664583 0.024219 0.284722 12 0.001179 0.073828 0.959028 0.147656 0.081944 5 0.001134 0.994141 0.533333 0.011719 0.108333 1 0.001065 0.644531 0.453472 0.03125 0.0625 0 0.001028 0.084375 0.617361 0.042188 0.084722 12 0.001004 0.456641 0.286111 0.035156 0.058333 10 0.000978 0.99375 0.521528 0.0125 0.1125 1 0.000918 0.433203 0.976389 0.024219 0.038889 0 0.000894 0.975781 0.559722 0.039062 0.080556 0 0.000849 0.155859 0.577778 0.039844 0.097222 3 0.000779 0.432812 0.270139 0.01875 0.029167 0 0.000773 0.926953 0.578472 0.025781 0.056944 3 0.000755 0.560156 0.286806 0.020313 0.034722 0 0.000738 0.719922 0.307639 0.013281 0.040278 10 0.000704 0.978125 0.671528 0.04375 0.281944 10 0.000677 0.989062 0.527778 0.020313 0.119444 1 0.000669 0.347266 0.772222 0.049219 0.080556 0 0.000657 0.646875 0.59375 0.039062 0.068056 1 0.000629 0.44375 0.978472 0.054688 0.043056 0 0.000602 0.361328 0.93125 0.036719 0.079167 0 0.00057 0.759766 0.380556 0.017969 0.044444 5 0.000553 0.164844 0.961111 0.070312 0.077778 0 0.000544 0.803125 0.621528 0.04375 0.093056 10 0.000527 0.994141 0.577778 0.011719 0.138889 3 0.000524 0.757031 0.301389 0.020313 0.036111 1 0.000507 0.7375 0.430556 0.017188 0.047222 3 0.000504 0.603516 0.116667 0.033594 0.063889
CCTV01^20260318-110000-20260318-120000_000182,10 0.902832 0.173828 0.786806 0.166406 0.348611 3 0.901367 0.525391 0.878472 0.063281 0.190278 6 0.888672 0.935547 0.679861 0.127344 0.268056 10 0.863281 0.208594 0.431944 0.1 0.133333 10 0.859863 0.710547 0.459028 0.078906 0.179167 10 0.842285 0.062109 0.561806 0.124219 0.193056 2 0.819824 0.328906 0.609722 0.040625 0.077778 0 0.756348 0.395313 0.914583 0.053125 0.118056 0 0.749023 0.274219 0.527083 0.021875 0.059722 2 0.741699 0.340234 0.54375 0.060156 0.090278 0 0.741699 0.859375 0.699306 0.035937 0.090278 3 0.73584 0.5 0.415278 0.032813 0.05 0 0.729492 0.808594 0.553472 0.023438 0.073611 0 0.682617 0.339062 0.916667 0.046875 0.111111 0 0.679199 0.295703 0.539583 0.024219 0.059722 2 0.662109 0.418359 0.504861 0.032031 0.059722 0 0.656738 0.904687 0.733333 0.039062 0.1 0 0.651367 0.246875 0.596528 0.026562 0.065278 4 0.59082 0.320312 0.743056 0.051562 0.127778 0 0.562012 0.353906 0.56875 0.021875 0.059722 1 0.548828 0.787109 0.502778 0.016406 0.05 0 0.53125 0.253125 0.49375 0.026562 0.056944 0 0.53125 0.134766 0.663889 0.035156 0.077778 0 0.513672 0.221094 0.592361 0.026562 0.054167 0 0.462891 0.291797 0.66875 0.042969 0.068056 0 0.42627 0.839844 0.622222 0.028125 0.072222 1 0.377441 0.189844 0.588889 0.021875 0.055556 1 0.373779 0.777734 0.465972 0.014844 0.043056 0 0.27832 0.807813 0.48125 0.020313 0.054167 0 0.273682 0.291406 0.429861 0.020313 0.048611 0 0.24939 0.014063 0.935417 0.028125 0.129167 0 0.221313 0.833203 0.448611 0.022656 0.055556 1 0.201782 0.769922 0.432639 0.016406 0.043056 0 0.183594 0.304297 0.5 0.021094 0.047222 3 0.151001 0.028516 0.806944 0.057031 0.175 10 0.129395 0.936328 0.680556 0.127344 0.269444 2 0.124207 0.833203 0.447917 0.022656 0.054167 0 0.117188 0.183984 0.519444 0.025781 0.058333 2 0.112793 0.274609 0.409722 0.019531 0.044444 1 0.10968 0.304297 0.5 0.021094 0.047222 1 0.086609 0.290234 0.669444 0.039844 0.069444 0 0.085693 0.354297 0.485417 0.019531 0.040278 10 0.084473 0.410938 0.345139 0.067187 0.104167 5 0.057709 0.029297 0.845833 0.058594 0.247222 0 0.057495 0.075781 0.647917 0.028125 0.0625 1 0.053802 0.257031 0.538194 0.014063 0.043056 0 0.053406 0.787109 0.503472 0.016406 0.054167 1 0.051086 0.354297 0.485417 0.019531 0.040278 4 0.046204 0.029297 0.846528 0.058594 0.248611 10 0.042572 0.030078 0.835417 0.060156 0.229167 6 0.042572 0.029297 0.840972 0.058594 0.240278 2 0.036896 0.135156 0.575694 0.048438 0.081944 11 0.031372 0.029297 0.822917 0.058594 0.206944 0 0.031143 0.00625 0.919444 0.0125 0.119444 10 0.030441 0.512891 0.314583 0.052344 0.0875 9 0.028763 0.028906 0.818056 0.057813 0.2 0 0.028107 0.885547 0.529861 0.027344 0.0625 0 0.025665 0.287891 0.535417 0.022656 0.059722 0 0.023514 0.803125 0.433333 0.020313 0.044444 0 0.021942 0.252734 0.457639 0.027344 0.040278 0 0.019638 0.807813 0.5125 0.020313 0.044444 1 0.019424 0.28125 0.670833 0.021875 0.066667 5 0.016586 0.135156 0.577083 0.046875 0.081944 1 0.016098 0.751172 0.434028 0.014844 0.045833 0 0.015129 0.298828 0.527778 0.028906 0.055556 2 0.011505 0.2875 0.419444 0.017188 0.052778 0 0.010902 0.282031 0.66875 0.025 0.065278 1 0.010696 0.885938 0.529167 0.025 0.058333 1 0.0093 0.082422 0.654861 0.024219 0.068056 0 0.008514 0.818359 0.469444 0.028906 0.061111 1 0.007488 0.780078 0.475 0.021094 0.058333 1 0.006145 0.007422 0.697917 0.014844 0.073611 1 0.005512 0.255078 0.457639 0.027344 0.045833 1 0.005512 0.075391 0.652083 0.027344 0.059722 0 0.004757 0.800781 0.418056 0.023438 0.063889 3 0.004265 0.007422 0.779861 0.014844 0.120833 2 0.00423 0.769141 0.370833 0.021094 0.041667 1 0.004101 0.180078 0.572222 0.021094 0.061111 1 0.00399 0.171875 0.563194 0.015625 0.051389 1 0.003765 0.8125 0.606944 0.020313 0.058333 1 0.003511 0.480859 0.397222 0.013281 0.041667 1 0.003004 0.0875 0.666667 0.017188 0.055556 1 0.002981 0.805859 0.511111 0.019531 0.05 1 0.002632 0.772266 0.455556 0.024219 0.058333 0 0.002611 0.007031 0.708333 0.014063 0.102778 2 0.002453 0.034375 0.999306 0.067187 0.001389 0 0.002306 0.35625 0.585417 0.01875 0.054167 0 0.001912 0.442969 0.365278 0.020313 0.047222 1 0.001867 0.783984 0.500694 0.027344 0.059722 1 0.001853 0.323828 0.370833 0.011719 0.033333 3 0.0017 0.00625 0.753472 0.0125 0.084722 0 0.001681 0.450391 0.363889 0.025781 0.047222 3 0.001661 0.016016 0.761111 0.032031 0.094444 0 0.001543 0.839063 0.601389 0.023438 0.069444 1 0.001478 0.903906 0.720833 0.032813 0.077778 2 0.001432 0.990625 0.771528 0.01875 0.090278 0 0.001399 0.562109 0.428472 0.017969 0.045833 2 0.001294 0.029297 0.805556 0.057031 0.169444 1 0.001188 0.757031 0.429861 0.015625 0.045833 1 0.001161 0.311719 0.952778 0.023438 0.083333 2 0.001112 0.99375 0.759722 0.0125 0.102778 2 0.001017 0.292969 0.402083 0.01875 0.040278 1 0.000989 0.139063 0.621528 0.028125 0.0625 3 0.000978 0.008203 0.258333 0.016406 0.036111 1 0.000978 0.058203 0.690972 0.017969 0.0625 10 0.000966 0.974609 0.690972 0.050781 0.3375 0 0.000886 0.389062 0.881944 0.032813 0.061111 0 0.000843 0.016406 0.963889 0.03125 0.072222 2 0.00075 0.022266 0.813889 0.044531 0.305556 1 0.000741 0.407422 0.442361 0.013281 0.045833 0 0.000721 0.330469 0.949306 0.042188 0.081944 0 0.000701 0.810156 0.499306 0.025 0.073611 0 0.000693 0.137891 0.620833 0.030469 0.063889 0 0.000659 0.292969 0.404167 0.020313 0.044444 1 0.000654 0.299219 0.708333 0.029687 0.063889 0 0.000619 0.908594 0.623611 0.06875 0.155556 4 0.000612 0.041406 0.994444 0.08125 0.011111 1 0.000593 0.186328 0.602778 0.028906 0.066667 4 0.000566 0.938672 0.51875 0.044531 0.090278 10 0.000557 0.99375 0.523611 0.0125 0.122222 0 0.000555 0.337109 0.540278 0.055469 0.083333 0 0.000555 0.004297 0.895139 0.008594 0.079167 10 0.000542 0.984766 0.650694 0.030469 0.293056 0 0.000532 0.333984 0.380556 0.013281 0.041667
CCTV01^20260318-110000-20260318-120000_000186,4 0.925781 0.317188 0.801389 0.065625 0.136111 10 0.912109 0.090234 0.527778 0.144531 0.180556 3 0.890137 0.524609 0.878472 0.064844 0.190278 10 0.841797 0.208203 0.432639 0.100781 0.131944 10 0.837402 0.410547 0.448611 0.108594 0.144444 2 0.833496 0.20625 0.684722 0.032813 0.086111 2 0.813965 0.238281 0.736111 0.04375 0.102778 0 0.766113 0.038281 0.75625 0.040625 0.093056 3 0.743164 0.141797 0.942361 0.074219 0.109722 0 0.741699 0.232031 0.630556 0.026562 0.075 0 0.740234 0.776563 0.554861 0.023438 0.070833 0 0.715332 0.146875 0.702083 0.029687 0.076389 0 0.692871 0.191406 0.614583 0.035937 0.076389 0 0.672363 0.263281 0.586111 0.025 0.072222 0 0.640625 0.053516 0.688889 0.035156 0.080556 2 0.637207 0.861719 0.547222 0.028125 0.061111 1 0.613281 0.267188 0.9 0.032813 0.080556 1 0.609375 0.637891 0.472222 0.025781 0.05 10 0.608398 0.335156 0.463889 0.121875 0.147222 0 0.604004 0.916797 0.670833 0.032031 0.083333 0 0.57373 0.242969 0.546528 0.025 0.0625 0 0.57373 0.869141 0.640972 0.032031 0.0875 1 0.556641 0.75 0.527778 0.01875 0.061111 1 0.556641 0.042188 0.898611 0.035937 0.108333 0 0.484375 0.782422 0.952778 0.041406 0.088889 1 0.464844 0.210156 0.566667 0.023438 0.052778 0 0.40918 0.889844 0.530556 0.026562 0.066667 1 0.392334 0.495312 0.438889 0.014063 0.047222 1 0.269043 0.008984 0.920833 0.017969 0.088889 0 0.246582 0.258594 0.825694 0.0375 0.095833 0 0.195557 0.820703 0.53125 0.016406 0.056944 3 0.154541 0.517578 0.375 0.028906 0.044444 1 0.141235 0.004687 0.711806 0.009375 0.079167 3 0.140381 0.657422 0.369444 0.025781 0.05 0 0.127197 0.007422 0.916667 0.014844 0.091667 0 0.122498 0.004297 0.708333 0.008594 0.080556 1 0.096375 0.462109 0.479861 0.017969 0.040278 3 0.07666 0.991797 0.803472 0.016406 0.201389 5 0.063965 0.393359 0.945139 0.108594 0.109722 0 0.05899 0.929297 0.589583 0.027344 0.068056 10 0.046906 0.988281 0.834028 0.023438 0.331944 2 0.038177 0.288281 0.415278 0.01875 0.038889 1 0.035156 0.008203 0.604167 0.016406 0.058333 0 0.030563 0.209766 0.566667 0.024219 0.055556 0 0.030106 0.076172 0.6375 0.030469 0.058333 0 0.023071 0.136328 0.615972 0.030469 0.068056 1 0.022537 0.008203 0.709028 0.016406 0.0875 3 0.015076 0.394141 0.945833 0.105469 0.108333 5 0.013123 0.990625 0.799306 0.01875 0.198611 0 0.012627 0.241016 0.504861 0.022656 0.045833 1 0.010651 0.026953 0.718056 0.017969 0.055556 0 0.00927 0.894531 0.5625 0.025 0.058333 1 0.008286 0.262109 0.515278 0.019531 0.044444 2 0.007576 0.990625 0.795139 0.01875 0.170833 0 0.006668 0.258594 0.515972 0.020313 0.048611 0 0.006096 0.988281 0.649306 0.023438 0.098611 1 0.005936 0.135937 0.617361 0.034375 0.070833 10 0.00526 0.744531 0.306944 0.053125 0.075 1 0.004681 0.130078 0.634722 0.019531 0.061111 0 0.004608 0.005469 0.732639 0.010937 0.095833 1 0.003975 0.894922 0.604861 0.028906 0.070833 2 0.003551 0.229687 0.489583 0.035937 0.0625 4 0.003298 0.938672 0.518056 0.044531 0.080556 1 0.002913 0.961719 0.619444 0.023438 0.077778 0 0.002653 0.896875 0.586806 0.025 0.065278 0 0.002642 0.85 0.554167 0.020313 0.061111 10 0.002522 0.4375 0.325 0.070312 0.102778 1 0.002287 0.818359 0.532639 0.021094 0.0625 2 0.00226 0.009375 0.914583 0.01875 0.170833 0 0.002199 0.862891 0.545139 0.028906 0.0625 1 0.002083 0.148828 0.681944 0.022656 0.061111 10 0.001926 0.987891 0.643056 0.022656 0.138889 0 0.001839 0.235156 0.496528 0.034375 0.056944 0 0.00181 0.99375 0.838889 0.0125 0.111111 1 0.001623 0.955859 0.613889 0.025781 0.072222 5 0.001567 0.994141 0.538194 0.011719 0.109722 0 0.001484 0.562109 0.429167 0.019531 0.047222 1 0.001455 0.774219 0.549306 0.028125 0.079167 1 0.001399 0.962109 0.639583 0.019531 0.073611 0 0.001274 0.253906 0.508333 0.021875 0.05 1 0.001225 0.714063 0.327083 0.014063 0.0375 10 0.001188 0.990625 0.720139 0.01875 0.295833 2 0.001174 0.994531 0.744444 0.010937 0.172222 2 0.001129 0.99375 0.525 0.0125 0.111111 10 0.00102 0.360938 0.440972 0.071875 0.145833 1 0.001008 0.223828 0.552083 0.030469 0.065278 10 0.000993 0.989453 0.533333 0.021094 0.119444 0 0.000993 0.004687 0.897222 0.009375 0.116667 10 0.000955 0.978125 0.583333 0.04375 0.219444 0 0.000863 0.257031 0.552083 0.028125 0.065278 0 0.000843 0.540625 0.434722 0.020313 0.041667 10 0.000817 0.98125 0.81875 0.0375 0.3625 0 0.000798 0.1375 0.590278 0.034375 0.097222 2 0.000795 0.011328 0.595139 0.022656 0.081944 0 0.000767 0.916797 0.583333 0.025781 0.066667 0 0.000767 0.201172 0.623611 0.024219 0.072222 10 0.000767 0.990625 0.547222 0.01875 0.25 1 0.000758 0.844531 0.552083 0.01875 0.0625 1 0.000752 0.083203 0.618056 0.046094 0.083333 2 0.000744 0.629687 0.102778 0.029687 0.069444 1 0.000744 0.933594 0.6 0.029687 0.077778 1 0.000715 0.321484 0.660417 0.024219 0.079167 0 0.00071 0.832812 0.434722 0.025 0.052778 1 0.000704 0.333594 0.638889 0.035937 0.069444 3 0.000661 0.008594 0.259722 0.017188 0.041667 1 0.000629 0.013672 0.603472 0.025781 0.068056 0 0.000602 0.840234 0.45625 0.017969 0.045833 1 0.000597 0.486719 0.402083 0.009375 0.034722 2 0.000596 0.008984 0.729861 0.017969 0.265278 10 0.000588 0.010547 0.5625 0.021094 0.141667 4 0.000584 0.39375 0.945833 0.101562 0.108333 2 0.000582 0.090625 0.606944 0.048438 0.069444 0 0.000579 0.823438 0.421528 0.023438 0.045833 10 0.000562 0.051172 0.473611 0.100781 0.291667 1 0.000559 0.639062 0.486111 0.029687 0.063889 1 0.000542 0.745313 0.530556 0.029687 0.069444 1 0.000542 0.230469 0.622222 0.023438 0.069444 0 0.000538 0.995313 0.697917 0.009375 0.131944 2 0.000519 0.889453 0.520833 0.025781 0.066667 0 0.000511 0.913281 0.660417 0.092188 0.126389
CCTV01^20260318-110000-20260318-120000_000190,3 0.898926 0.524609 0.878472 0.064844 0.190278 3 0.88623 0.330469 0.598611 0.057813 0.077778 10 0.87793 0.103516 0.520833 0.153906 0.177778 7 0.875977 0.349219 0.516667 0.035937 0.080556 10 0.834961 0.206641 0.43125 0.102344 0.129167 3 0.805664 0.260547 0.759722 0.069531 0.111111 10 0.801758 0.366406 0.396528 0.075 0.123611 0 0.785156 0.121094 0.718056 0.0375 0.091667 10 0.729492 0.453906 0.369444 0.08125 0.108333 0 0.729492 0.221484 0.671528 0.033594 0.076389 0 0.723145 0.162109 0.676389 0.033594 0.083333 1 0.699219 0.317188 0.492361 0.015625 0.043056 1 0.692871 0.266406 0.527778 0.020313 0.055556 2 0.690918 0.314844 0.438889 0.025 0.052778 0 0.660156 0.243359 0.933333 0.061719 0.102778 0 0.598145 0.278125 0.470833 0.023438 0.055556 0 0.586914 0.819922 0.48125 0.021094 0.056944 3 0.560059 0.492188 0.401389 0.040625 0.052778 2 0.558105 0.956641 0.691667 0.049219 0.088889 0 0.507812 0.226953 0.509028 0.027344 0.056944 1 0.498047 0.902344 0.734722 0.028125 0.083333 0 0.430176 0.923438 0.640278 0.035937 0.088889 0 0.219971 0.808594 0.454861 0.01875 0.051389 10 0.215332 0.059375 0.902778 0.11875 0.194444 0 0.20752 0.918359 0.574306 0.039844 0.079167 2 0.195557 0.923438 0.640972 0.034375 0.0875 0 0.194946 0.382422 0.574306 0.027344 0.056944 0 0.151489 0.050391 0.688194 0.042969 0.0875 9 0.136108 0.76875 0.426389 0.04375 0.075 4 0.130249 0.76875 0.426389 0.04375 0.075 3 0.105591 0.744922 0.377083 0.027344 0.040278 7 0.092041 0.76875 0.426389 0.04375 0.075 1 0.089478 0.648828 0.430556 0.017969 0.052778 0 0.084167 0.286328 0.430556 0.016406 0.044444 0 0.079468 0.8125 0.469444 0.021875 0.063889 2 0.074524 0.38125 0.574306 0.028125 0.056944 0 0.06076 0.304688 0.413889 0.017188 0.036111 0 0.050323 0.060937 0.767361 0.054688 0.0875 0 0.034241 0.031641 0.629167 0.032031 0.072222 1 0.026459 0.3875 0.536111 0.014063 0.041667 1 0.025375 0.1875 0.892361 0.032813 0.106944 0 0.023422 0.004297 0.713889 0.008594 0.091667 0 0.020172 0.310156 0.431944 0.023438 0.052778 0 0.019638 0.522656 0.421528 0.020313 0.048611 0 0.018127 0.281641 0.454167 0.022656 0.055556 0 0.015839 0.136328 0.616667 0.028906 0.063889 0 0.015602 0.994922 0.700694 0.010156 0.084722 0 0.015488 0.387109 0.542361 0.017969 0.054167 1 0.01107 0.061719 0.765972 0.053125 0.084722 1 0.010735 0.640234 0.361111 0.016406 0.041667 3 0.00956 0.622656 0.245833 0.015625 0.030556 2 0.008949 0.296484 0.381944 0.032031 0.044444 1 0.008949 0.007812 0.853472 0.015625 0.065278 6 0.00639 0.936328 0.510417 0.049219 0.093056 0 0.00605 0.271094 0.463194 0.025 0.0625 1 0.0056 0.009375 0.578472 0.01875 0.076389 0 0.005241 0.262891 0.434722 0.022656 0.044444 0 0.005219 0.010937 0.713194 0.021875 0.079167 1 0.004925 0.128516 0.657639 0.017969 0.051389 3 0.004608 0.008594 0.254861 0.017188 0.040278 0 0.004166 0.835547 0.432639 0.021094 0.043056 4 0.00415 0.936328 0.510417 0.049219 0.093056 1 0.003824 0.902734 0.734722 0.049219 0.094444 1 0.003483 0.133984 0.629861 0.024219 0.054167 3 0.003286 0.620313 0.215972 0.0125 0.026389 0 0.00259 0.527344 0.427778 0.026562 0.061111 0 0.002531 0.380469 0.551389 0.026562 0.061111 0 0.002512 0.122656 0.66875 0.028125 0.065278 0 0.002512 0.09375 0.6875 0.025 0.069444 0 0.002209 0.011719 0.589583 0.021875 0.084722 1 0.002199 0.316797 0.502083 0.021094 0.056944 0 0.002132 0.011328 0.855556 0.022656 0.072222 1 0.002068 0.013281 0.711111 0.021875 0.069444 2 0.00201 0.046484 0.795833 0.089844 0.158333 0 0.001972 0.016016 0.630556 0.021094 0.066667 10 0.001889 0.755859 0.315972 0.041406 0.079167 3 0.001687 0.005469 0.731944 0.010937 0.097222 1 0.001455 0.077344 0.640972 0.021875 0.051389 2 0.001421 0.995313 0.686806 0.009375 0.115278 0 0.00141 0.990625 0.695833 0.01875 0.108333 2 0.001394 0.010156 0.579167 0.020313 0.083333 0 0.001378 0.909766 0.557639 0.022656 0.054167 4 0.001221 0.296875 0.382639 0.03125 0.045833 0 0.001124 0.971875 0.611806 0.040625 0.084722 1 0.001099 0.007422 0.624306 0.014844 0.068056 1 0.00104 0.099219 0.681944 0.021875 0.069444 0 0.001024 0.230859 0.917361 0.039844 0.076389 0 0.001008 0.560547 0.428472 0.022656 0.048611 1 0.000955 0.307422 0.493056 0.035156 0.058333 10 0.000764 0.995313 0.342361 0.009375 0.129167 0 0.000744 0.022266 0.850694 0.042969 0.070833 1 0.000699 0.116406 0.657639 0.021875 0.056944 0 0.000685 0.049219 0.654167 0.032813 0.066667 0 0.000682 0.253125 0.970833 0.05625 0.047222 1 0.000644 0.322656 0.498611 0.026562 0.055556 2 0.000636 0.302734 0.40625 0.022656 0.043056 2 0.000636 0.992969 0.526389 0.014063 0.111111 3 0.000624 0.994141 0.379861 0.011719 0.101389 10 0.000602 0.533594 0.304861 0.045312 0.079167 10 0.000597 0.991406 0.54375 0.017188 0.234722 12 0.000584 0.049609 0.849306 0.096094 0.256944 1 0.000515 0.145313 0.554167 0.03125 0.069444 0 0.000507 0.096484 0.700694 0.033594 0.079167 0 0.000505 0.125781 0.697917 0.053125 0.104167
CCTV01^20260318-110000-20260318-120000_000194,10 0.912598 0.181641 0.639583 0.146094 0.251389 3 0.890137 0.524609 0.879167 0.064844 0.188889 10 0.879395 0.223828 0.779167 0.136719 0.338889 10 0.873535 0.103125 0.523611 0.154688 0.186111 10 0.849609 0.207031 0.430556 0.103125 0.127778 3 0.844727 0.726953 0.722222 0.055469 0.122222 3 0.832031 0.799219 0.913194 0.078125 0.1625 0 0.78418 0.316016 0.506944 0.022656 0.061111 3 0.767578 0.665625 0.496528 0.0375 0.076389 0 0.751953 0.374219 0.924306 0.057813 0.131944 9 0.680664 0.795703 0.664583 0.063281 0.151389 3 0.677246 0.905078 0.71875 0.060156 0.115278 0 0.663574 0.263281 0.49375 0.026562 0.059722 2 0.662109 0.367188 0.413889 0.026562 0.047222 0 0.660156 0.342187 0.463194 0.029687 0.054167 2 0.654785 0.269531 0.951389 0.051562 0.094444 1 0.620605 0.746484 0.646528 0.022656 0.068056 1 0.613281 0.327344 0.659722 0.020313 0.066667 0 0.575684 0.277734 0.594444 0.025781 0.061111 0 0.569824 0.294531 0.644444 0.021875 0.069444 5 0.525391 0.784375 0.479861 0.035937 0.084722 0 0.523438 0.972266 0.669444 0.036719 0.086111 2 0.513672 0.841016 0.570833 0.041406 0.102778 1 0.503906 0.842578 0.659722 0.022656 0.066667 1 0.501953 0.429297 0.483333 0.016406 0.041667 0 0.460938 0.379688 0.435417 0.020313 0.045833 1 0.414795 0.900391 0.635417 0.022656 0.059722 1 0.392334 0.648438 0.429167 0.017188 0.05 1 0.295898 0.707422 0.485417 0.016406 0.054167 0 0.284668 0.810156 0.465972 0.01875 0.043056 3 0.228149 0.662109 0.371528 0.027344 0.054167 0 0.194336 0.807813 0.438194 0.020313 0.056944 0 0.146606 0.010937 0.7 0.021875 0.080556 0 0.113953 0.021484 0.684722 0.035156 0.072222 7 0.073669 0.351172 0.375 0.032031 0.055556 1 0.05072 0.996094 0.872222 0.007812 0.108333 1 0.042389 0.033594 0.768056 0.025 0.083333 0 0.0336 0.840234 0.570833 0.039844 0.1 3 0.032959 0.351562 0.375 0.03125 0.055556 0 0.023514 0.840234 0.445139 0.016406 0.048611 0 0.020645 0.906641 0.565278 0.021094 0.063889 1 0.012726 0.847266 0.625 0.032031 0.086111 0 0.012238 0.501172 0.397917 0.017969 0.045833 0 0.01078 0.996094 0.869444 0.007812 0.125 0 0.0093 0.372266 0.424306 0.032031 0.051389 0 0.006985 0.994531 0.693056 0.010937 0.088889 0 0.006565 0.006641 0.632639 0.013281 0.095833 10 0.006241 0.983203 0.635417 0.033594 0.151389 2 0.005688 0.495312 0.361806 0.026562 0.056944 2 0.005577 0.353906 0.375694 0.03125 0.054167 1 0.005386 0.990625 0.875694 0.01875 0.1375 0 0.005363 0.994922 0.728472 0.010156 0.118056 1 0.0051 0.425391 0.489583 0.022656 0.054167 1 0.004467 0.485938 0.486111 0.021875 0.041667 0 0.00433 0.011719 0.635417 0.021875 0.098611 0 0.004299 0.5375 0.413889 0.025 0.063889 0 0.003363 0.296484 0.3875 0.016406 0.036111 3 0.003298 0.983203 0.61875 0.033594 0.151389 0 0.003298 0.005469 0.711806 0.010937 0.090278 0 0.003273 0.492578 0.396528 0.022656 0.048611 0 0.003197 0.079297 0.635417 0.025781 0.0625 10 0.003147 0.757031 0.315972 0.042188 0.079167 3 0.003124 0.060156 0.979167 0.120313 0.041667 1 0.003075 0.938672 0.650694 0.022656 0.068056 10 0.003004 0.642578 0.254861 0.036719 0.076389 0 0.002653 0.027344 0.636806 0.032813 0.070833 0 0.002493 0.021094 0.641667 0.032813 0.097222 1 0.002415 0.769531 0.645833 0.028125 0.097222 9 0.002388 0.991406 0.738194 0.017188 0.151389 1 0.0021 0.078125 0.6375 0.026562 0.063889 0 0.001957 0.994141 0.667361 0.011719 0.084722 0 0.001883 0.495312 0.364583 0.026562 0.059722 11 0.001867 0.980469 0.657639 0.039062 0.240278 1 0.001839 0.737109 0.641667 0.036719 0.077778 10 0.001803 0.991406 0.738889 0.017188 0.169444 0 0.001789 0.255078 0.452083 0.016406 0.040278 0 0.001782 0.979688 0.663194 0.040625 0.226389 4 0.001585 0.940234 0.519444 0.042969 0.080556 2 0.001549 0.080078 0.636111 0.025781 0.061111 2 0.001513 0.987891 0.599306 0.024219 0.168056 4 0.001484 0.988281 0.683333 0.023438 0.255556 1 0.00141 0.653906 0.422917 0.028125 0.059722 3 0.00133 0.073438 0.979861 0.079687 0.040278 3 0.001315 0.008203 0.254861 0.016406 0.043056 10 0.001081 0.990625 0.755556 0.01875 0.3 1 0.001044 0.501953 0.4 0.017969 0.044444 5 0.001028 0.060937 0.986806 0.120313 0.026389 0 0.000974 0.758203 0.438194 0.017969 0.065278 2 0.00088 0.990625 0.71875 0.01875 0.259722 10 0.000876 0.526172 0.297222 0.047656 0.083333 1 0.000859 0.895312 0.638889 0.034375 0.075 1 0.000779 0.033984 0.741667 0.025781 0.075 0 0.000744 0.841406 0.470833 0.01875 0.05 2 0.000672 0.994141 0.579167 0.011719 0.147222 0 0.000631 0.813672 0.481944 0.017969 0.041667 2 0.000597 0.290234 0.999306 0.088281 0.001389 1 0.000575 0.008594 0.611806 0.017188 0.090278 1 0.000573 0.382812 0.438194 0.026562 0.054167 1 0.000568 0.325781 0.673611 0.026562 0.077778
CCTV01^20260318-110000-20260318-120000_000198,10 0.910156 0.103906 0.520139 0.153125 0.176389 10 0.895996 0.292187 0.504861 0.128125 0.176389 3 0.894043 0.525391 0.879861 0.064844 0.1875 3 0.858887 0.419922 0.466667 0.044531 0.052778 3 0.824219 0.24375 0.740972 0.065625 0.098611 1 0.817383 0.827734 0.922917 0.032031 0.098611 10 0.805664 0.207422 0.43125 0.099219 0.129167 1 0.786621 0.296484 0.718056 0.021094 0.063889 0 0.777344 0.869141 0.658333 0.030469 0.083333 0 0.769043 0.769531 0.676389 0.034375 0.088889 2 0.760742 0.476172 0.420139 0.024219 0.051389 0 0.756348 0.063281 0.83125 0.0375 0.109722 0 0.754883 0.389844 0.511806 0.021875 0.0625 0 0.741699 0.257422 0.64375 0.028906 0.079167 0 0.73877 0.902734 0.892361 0.050781 0.115278 1 0.720215 0.315625 0.627083 0.01875 0.059722 3 0.673828 0.621484 0.390972 0.027344 0.0625 2 0.656738 0.942969 0.732639 0.067187 0.0875 0 0.638672 0.359375 0.424306 0.020313 0.051389 1 0.631836 0.23125 0.640972 0.021875 0.0625 0 0.62793 0.913281 0.621528 0.029687 0.079167 1 0.620605 0.715234 0.55625 0.017969 0.059722 0 0.609375 0.214062 0.600694 0.026562 0.068056 0 0.598145 0.851953 0.558333 0.025781 0.061111 0 0.537109 0.345703 0.636806 0.036719 0.068056 10 0.523438 0.692187 0.370833 0.05 0.127778 0 0.509766 0.173047 0.579861 0.024219 0.059722 4 0.341553 0.304297 0.933333 0.089844 0.116667 5 0.307373 0.308984 0.934722 0.103906 0.119444 3 0.273682 0.310547 0.934028 0.105469 0.118056 1 0.15979 0.323828 0.385417 0.022656 0.043056 0 0.140381 0.954688 0.690278 0.04375 0.080556 10 0.138916 0.648828 0.323611 0.041406 0.105556 0 0.135254 0.034375 0.632639 0.039062 0.070833 1 0.132568 0.579297 0.547222 0.027344 0.055556 10 0.125122 0.770703 0.369444 0.041406 0.097222 0 0.101929 0.214453 0.572917 0.024219 0.059722 0 0.097046 0.137891 0.618056 0.027344 0.055556 0 0.092712 0.483984 0.482639 0.019531 0.040278 0 0.084778 0.195703 0.578472 0.014844 0.054167 6 0.074524 0.770703 0.370139 0.041406 0.095833 2 0.067322 0.307422 0.931944 0.100781 0.113889 1 0.057495 0.697266 0.618056 0.017969 0.066667 2 0.050323 0.173047 0.580556 0.025781 0.061111 11 0.037476 0.387109 0.941667 0.266406 0.116667 0 0.028442 0.079297 0.634722 0.028906 0.063889 1 0.027374 0.996094 0.747917 0.007812 0.093056 0 0.018265 0.996094 0.744444 0.007812 0.097222 0 0.018188 0.144141 0.561111 0.035156 0.063889 1 0.016525 0.667578 0.438889 0.019531 0.061111 1 0.015015 0.675 0.436111 0.023438 0.058333 0 0.014336 0.374219 0.373611 0.021875 0.041667 0 0.014008 0.891406 0.524306 0.01875 0.056944 3 0.012527 0.008594 0.258333 0.017188 0.036111 1 0.011963 0.341406 0.648611 0.026562 0.083333 9 0.010094 0.394531 0.94375 0.254688 0.1125 0 0.01001 0.579688 0.549306 0.029687 0.0625 0 0.008949 0.40625 0.397917 0.015625 0.043056 0 0.008125 0.219922 0.564583 0.025781 0.056944 0 0.007694 0.206641 0.502083 0.025781 0.059722 0 0.007549 0.323047 0.388889 0.025781 0.055556 1 0.007233 0.990625 0.75 0.01875 0.102778 2 0.006668 0.71875 0.310417 0.015625 0.0375 2 0.005344 0.037109 0.629167 0.038281 0.080556 4 0.005302 0.939063 0.515972 0.045312 0.090278 3 0.005241 0.333594 0.956944 0.092188 0.083333 0 0.004364 0.355469 0.404167 0.020313 0.044444 3 0.004005 0.757031 0.3 0.020313 0.036111 2 0.00378 0.630859 0.097222 0.027344 0.066667 1 0.003736 0.711719 0.565278 0.023438 0.063889 3 0.003664 0.615625 0.3125 0.020313 0.041667 1 0.003403 0.352734 0.395139 0.016406 0.0375 0 0.003147 0.9125 0.539583 0.021875 0.0625 1 0.003099 0.711719 0.554167 0.032813 0.061111 1 0.003027 0.701172 0.623611 0.028906 0.080556 1 0.002958 0.079297 0.632639 0.032031 0.065278 1 0.002935 0.260937 0.445833 0.01875 0.038889 1 0.002913 0.913281 0.927083 0.046875 0.084722 0 0.002867 0.142969 0.588889 0.0375 0.094444 7 0.002867 0.397656 0.945139 0.260937 0.109722 1 0.002571 0.722266 0.557639 0.041406 0.079167 1 0.002522 0.338281 0.66875 0.01875 0.054167 1 0.002405 0.225 0.63125 0.03125 0.0625 1 0.002216 0.813281 0.475694 0.014063 0.043056 1 0.002174 0.009766 0.609722 0.019531 0.077778 1 0.00202 0.719922 0.550694 0.025781 0.065278 0 0.001867 0.901563 0.531944 0.028125 0.066667 1 0.001839 0.244922 0.451389 0.019531 0.044444 0 0.001796 0.932813 0.743056 0.051562 0.077778 1 0.001782 0.075781 0.646528 0.026562 0.068056 0 0.001727 0.451953 0.359722 0.021094 0.044444 1 0.001681 0.311328 0.631944 0.032031 0.069444 0 0.001561 0.534766 0.415278 0.022656 0.058333 0 0.001432 0.441406 0.380556 0.017188 0.036111 10 0.001432 0.390234 0.943056 0.246094 0.113889 0 0.001405 0.945703 0.681944 0.027344 0.063889 1 0.001315 0.496094 0.464583 0.014063 0.051389 1 0.001116 0.104688 0.753472 0.01875 0.068056 0 0.001044 0.009375 0.665278 0.01875 0.083333 1 0.001037 0.351953 0.384722 0.014844 0.044444 1 0.000955 0.585938 0.556944 0.028125 0.058333 10 0.000915 0.979688 0.626389 0.040625 0.236111 5 0.000894 0.994141 0.539583 0.011719 0.115278 10 0.00089 0.994141 0.526389 0.011719 0.119444 0 0.000886 0.447266 0.373611 0.019531 0.036111 0 0.000883 0.370312 0.938194 0.060937 0.095833 10 0.000856 0.989844 0.536806 0.01875 0.129167 0 0.000782 0.250781 0.466667 0.034375 0.069444 0 0.000758 0.154688 0.5375 0.026562 0.052778 10 0.000747 0.989062 0.581944 0.021875 0.222222 0 0.000744 0.364453 0.40625 0.027344 0.0625 2 0.000741 0.996094 0.710417 0.007812 0.131944 0 0.000693 0.967578 0.655556 0.027344 0.075 0 0.000644 0.011719 0.626389 0.021875 0.091667 3 0.000627 0.996094 0.690278 0.007812 0.105556 0 0.000624 0.975391 0.572917 0.049219 0.109722 4 0.000588 0.976562 0.583333 0.045312 0.138889 0 0.000586 0.458203 0.352778 0.028906 0.055556 3 0.00057 0.981641 0.585417 0.036719 0.131944 1 0.000566 0.187891 0.585417 0.025781 0.0625 1 0.000559 0.344922 0.633333 0.035156 0.066667 0 0.000534 0.246875 0.458333 0.026562 0.05 2 0.000527 0.982812 0.584722 0.034375 0.133333 1 0.000505 0.912109 0.948611 0.049219 0.063889
CCTV01^20260318-110000-20260318-120000_000202,9 0.932129 0.655078 0.549306 0.066406 0.143056 10 0.894531 0.103906 0.519444 0.154688 0.172222 3 0.891602 0.524609 0.879861 0.064844 0.1875 3 0.877441 0.763672 0.911111 0.074219 0.166667 10 0.86084 0.731641 0.527778 0.113281 0.216667 10 0.856445 0.206641 0.431944 0.103906 0.127778 0 0.792969 0.296484 0.529167 0.025781 0.063889 0 0.770508 0.417578 0.447222 0.022656 0.052778 0 0.759277 0.890625 0.677778 0.032813 0.088889 1 0.725098 0.704688 0.9375 0.028125 0.094444 0 0.71875 0.072656 0.940972 0.060937 0.106944 2 0.694336 0.811719 0.504167 0.028125 0.063889 1 0.680664 0.335547 0.495833 0.014844 0.05 3 0.679199 0.625 0.452083 0.029687 0.0625 10 0.570801 0.967578 0.817361 0.064844 0.348611 9 0.527344 0.364844 0.432639 0.05 0.070833 6 0.525391 0.968359 0.802083 0.063281 0.320833 1 0.466797 0.009766 0.915972 0.019531 0.090278 0 0.315674 0.793359 0.452778 0.021094 0.052778 1 0.149536 0.759766 0.439583 0.016406 0.043056 0 0.125488 0.138281 0.618056 0.028125 0.058333 10 0.115967 0.692187 0.366667 0.048438 0.116667 10 0.099121 0.492969 0.349306 0.08125 0.109722 3 0.060516 0.528516 0.377083 0.027344 0.040278 0 0.034241 0.394141 0.379167 0.021094 0.047222 0 0.027695 0.078906 0.639583 0.028125 0.068056 7 0.02272 0.617969 0.38125 0.029687 0.059722 2 0.020889 0.65625 0.397222 0.020313 0.047222 11 0.018906 0.655859 0.547917 0.067969 0.145833 1 0.01622 0.846094 0.525694 0.01875 0.056944 1 0.015129 0.078516 0.640972 0.027344 0.068056 0 0.009232 0.910937 0.582639 0.025 0.065278 1 0.008186 0.024219 0.700694 0.03125 0.0875 0 0.007122 0.760156 0.4125 0.017188 0.041667 10 0.006798 0.978125 0.638194 0.04375 0.265278 0 0.006718 0.871094 0.583333 0.025 0.063889 2 0.006691 0.629687 0.096528 0.029687 0.068056 0 0.006641 0.00625 0.713889 0.0125 0.102778 3 0.006512 0.008203 0.255556 0.016406 0.036111 0 0.006439 0.846094 0.523611 0.01875 0.058333 10 0.006027 0.921094 0.813889 0.153125 0.363889 1 0.00547 0.015234 0.914583 0.030469 0.098611 1 0.005241 0.667969 0.425 0.014063 0.036111 1 0.00502 0.011328 0.715972 0.022656 0.109722 3 0.00452 0.521484 0.373611 0.022656 0.041667 1 0.004299 0.00625 0.716667 0.0125 0.1 0 0.003885 0.778906 0.401389 0.020313 0.041667 0 0.003809 0.265625 0.44375 0.017188 0.045833 0 0.003538 0.011719 0.704861 0.023438 0.123611 0 0.003483 0.535547 0.4125 0.021094 0.055556 3 0.003311 0.630859 0.270833 0.017969 0.033333 1 0.00326 0.909766 0.577778 0.021094 0.063889 0 0.003248 0.141016 0.557639 0.027344 0.065278 3 0.003099 0.762891 0.336806 0.021094 0.040278 4 0.003075 0.010156 0.689583 0.020313 0.126389 3 0.002562 0.980469 0.581944 0.039062 0.127778 0 0.002541 0.007422 0.686806 0.014844 0.123611 1 0.0021 0.339844 0.502778 0.025 0.061111 1 0.001789 0.028516 0.689583 0.024219 0.065278 10 0.001507 0.988281 0.584722 0.023438 0.222222 2 0.001432 0.6375 0.107639 0.04375 0.0875 2 0.00132 0.533594 0.402778 0.021875 0.038889 2 0.00126 0.742969 0.307639 0.015625 0.034722 10 0.001249 0.992969 0.529861 0.014063 0.101389 2 0.001129 0.982812 0.58125 0.034375 0.118056 3 0.001107 0.053125 0.244444 0.025 0.036111 2 0.001103 0.062109 0.994444 0.124219 0.011111 1 0.001073 0.745313 0.434722 0.020313 0.036111 1 0.001057 0.270313 0.486111 0.015625 0.052778 3 0.000966 0.994141 0.379167 0.011719 0.091667 1 0.000962 0.327734 0.496528 0.027344 0.051389 10 0.000933 0.994922 0.347222 0.010156 0.127778 10 0.000886 0.974609 0.707639 0.050781 0.343056 1 0.000883 0.765234 0.44375 0.030469 0.054167 1 0.000856 0.707422 0.91875 0.021094 0.070833 5 0.000849 0.992969 0.543056 0.014063 0.102778 4 0.000823 0.617578 0.380556 0.028906 0.058333 0 0.000792 0.041797 0.656944 0.024219 0.072222 0 0.000755 0.142187 0.594444 0.032813 0.075 2 0.00075 0.719922 0.311111 0.021094 0.044444 0 0.000727 0.030469 0.636806 0.0375 0.079167 0 0.000664 0.976172 0.571528 0.046094 0.106944 6 0.000661 0.719922 0.991667 0.127344 0.016667 0 0.000651 0.848437 0.46875 0.015625 0.043056 1 0.000646 0.040234 0.660417 0.021094 0.065278 0 0.000624 0.995313 0.873611 0.009375 0.130556 0 0.000575 0.535937 0.427778 0.020313 0.052778 0 0.000575 0.208203 0.495139 0.025781 0.056944 10 0.000534 0.976172 0.579167 0.046094 0.130556 4 0.000515 0.941797 0.520833 0.038281 0.075 2 0.000513 0.733984 0.278472 0.011719 0.029167 10 0.000509 0.665234 0.997222 0.127344 0.005556
CCTV01^20260318-110000-20260318-120000_000206,10 0.89502 0.103906 0.520833 0.153125 0.177778 3 0.891602 0.524609 0.879167 0.064844 0.188889 10 0.853516 0.207031 0.430556 0.101562 0.127778 2 0.841797 0.244141 0.932639 0.064844 0.123611 3 0.831055 0.463672 0.440278 0.042969 0.058333 3 0.820801 0.276953 0.720139 0.069531 0.109722 9 0.812988 0.762891 0.889583 0.092969 0.209722 2 0.769043 0.827344 0.739583 0.039062 0.101389 3 0.767578 0.84375 0.509722 0.04375 0.066667 0 0.712402 0.686328 0.732639 0.030469 0.101389 3 0.690918 0.626172 0.424306 0.028906 0.054167 10 0.681641 0.924609 0.838194 0.150781 0.3125 0 0.67041 0.285547 0.483333 0.019531 0.055556 1 0.662109 0.014844 0.88125 0.029687 0.090278 0 0.651367 0.821875 0.527778 0.025 0.055556 1 0.647949 0.764844 0.686111 0.023438 0.086111 1 0.625977 0.235547 0.584028 0.021094 0.059722 1 0.616699 0.708594 0.55 0.01875 0.061111 2 0.615234 0.857422 0.952083 0.064844 0.095833 2 0.453369 0.921875 0.666667 0.079687 0.111111 0 0.348633 0.267969 0.473611 0.01875 0.055556 10 0.315674 0.701172 0.396528 0.055469 0.140278 5 0.300781 0.922266 0.666667 0.078906 0.111111 0 0.172729 0.139063 0.624306 0.026562 0.068056 2 0.128906 0.652734 0.404861 0.017969 0.048611 0 0.115173 0.789453 0.425 0.022656 0.05 0 0.105591 0.005859 0.779167 0.011719 0.1 0 0.102661 0.364844 0.379167 0.021875 0.044444 0 0.070557 0.208203 0.497222 0.025781 0.058333 1 0.070557 0.230078 0.554861 0.024219 0.065278 7 0.063965 0.764062 0.884722 0.096875 0.205556 0 0.03833 0.005078 0.697222 0.010156 0.077778 1 0.035553 0.995313 0.704861 0.009375 0.0875 0 0.029205 0.004687 0.672222 0.009375 0.080556 1 0.024521 0.425781 0.426389 0.014063 0.041667 0 0.021286 0.141016 0.569444 0.028906 0.075 3 0.02121 0.650781 0.332639 0.01875 0.040278 0 0.0159 0.005469 0.739583 0.010937 0.131944 0 0.012726 0.994141 0.672917 0.011719 0.106944 1 0.011467 0.226562 0.543056 0.023438 0.061111 0 0.011162 0.008594 0.704167 0.017188 0.091667 0 0.01033 0.017578 0.663194 0.022656 0.095833 0 0.009087 0.275391 0.483333 0.025781 0.061111 0 0.008919 0.530078 0.411806 0.017969 0.048611 0 0.008675 0.026953 0.663194 0.030469 0.081944 2 0.008614 0.770312 0.389583 0.023438 0.045833 0 0.008575 0.291797 0.486806 0.027344 0.056944 0 0.007431 0.078125 0.640972 0.032813 0.065278 1 0.007038 0.76875 0.688194 0.04375 0.098611 1 0.006489 0.010156 0.867361 0.020313 0.070833 3 0.006413 0.008594 0.259722 0.017188 0.036111 11 0.005447 0.628906 0.347917 0.03125 0.081944 0 0.004772 0.008984 0.76875 0.017969 0.123611 0 0.004608 0.251172 0.455556 0.013281 0.041667 0 0.004574 0.228906 0.504167 0.015625 0.044444 0 0.00452 0.228906 0.518056 0.017188 0.05 6 0.004005 0.9375 0.513889 0.046875 0.086111 1 0.00399 0.008594 0.772917 0.017188 0.118056 1 0.003765 0.714063 0.550694 0.039062 0.073611 0 0.003511 0.021484 0.644444 0.028906 0.075 0 0.003429 0.228516 0.545139 0.022656 0.059722 3 0.003311 0.651563 0.407639 0.020313 0.045833 0 0.002924 0.0125 0.671528 0.017188 0.093056 4 0.00202 0.9375 0.514583 0.046875 0.0875 1 0.00201 0.698438 0.545139 0.035937 0.065278 2 0.00172 0.291016 0.995833 0.111719 0.008333 1 0.001714 0.991797 0.710417 0.016406 0.079167 10 0.001623 0.992969 0.529861 0.014063 0.104167 10 0.001616 0.979297 0.634028 0.041406 0.243056 3 0.001394 0.630078 0.247917 0.016406 0.029167 10 0.001383 0.988281 0.584722 0.023438 0.236111 10 0.001383 0.987109 0.750694 0.025781 0.381944 5 0.001315 0.992969 0.541667 0.014063 0.102778 0 0.001147 0.686328 0.7125 0.027344 0.069444 1 0.001129 0.230078 0.580556 0.038281 0.069444 1 0.001099 0.1375 0.627778 0.029687 0.069444 1 0.000985 0.075391 0.648611 0.027344 0.063889 10 0.000929 0.009375 0.735417 0.01875 0.281944 10 0.000926 0.955469 0.796528 0.089063 0.406944 0 0.000732 0.659766 0.440972 0.021094 0.054167 12 0.000657 0.888281 0.997222 0.11875 0.005556 10 0.000644 0.989453 0.541667 0.019531 0.119444 1 0.000641 0.229687 0.508333 0.017188 0.047222 0 0.0006 0.975781 0.565972 0.04375 0.093056 0 0.00057 0.264062 0.424306 0.015625 0.045833 0 0.00054 0.271484 0.45 0.014844 0.036111 1 0.000511 0.005469 0.9125 0.010937 0.113889
CCTV01^20260318-110000-20260318-120000_000210,9 0.937012 0.745313 0.638889 0.092188 0.216667 3 0.901855 0.524219 0.879167 0.064062 0.188889 10 0.891602 0.103125 0.520139 0.154688 0.176389 10 0.858398 0.207422 0.43125 0.102344 0.129167 2 0.84375 0.730469 0.861111 0.04375 0.125 3 0.835449 0.376953 0.569444 0.055469 0.072222 3 0.823242 0.701172 0.507639 0.041406 0.065278 9 0.823242 0.229687 0.629167 0.0625 0.127778 3 0.818848 0.215234 0.865278 0.077344 0.138889 1 0.796875 0.267188 0.897222 0.03125 0.088889 9 0.762207 0.323828 0.488889 0.042969 0.1 0 0.757812 0.251953 0.517361 0.021094 0.054167 2 0.732422 0.814063 0.536111 0.026562 0.063889 0 0.728027 0.282031 0.504167 0.020313 0.061111 1 0.665527 0.358203 0.440278 0.016406 0.044444 3 0.629883 0.979297 0.877778 0.041406 0.125 1 0.609375 0.072656 0.714583 0.035937 0.068056 2 0.602051 0.901563 0.545833 0.034375 0.066667 0 0.458984 0.825391 0.479861 0.019531 0.043056 1 0.357666 0.794922 0.461111 0.014844 0.044444 0 0.329346 0.009766 0.75625 0.019531 0.093056 0 0.324219 0.30625 0.435417 0.017188 0.048611 2 0.307373 0.333984 0.388194 0.017969 0.043056 0 0.29248 0.257422 0.476389 0.017969 0.047222 0 0.24939 0.182031 0.566667 0.03125 0.061111 0 0.222656 0.989453 0.959028 0.021094 0.073611 0 0.196167 0.010156 0.882639 0.020313 0.109722 10 0.165039 0.875 0.876389 0.14375 0.244444 0 0.161377 0.333203 0.948611 0.039844 0.075 1 0.13208 0.226953 0.503472 0.016406 0.051389 11 0.113586 0.745313 0.639583 0.092188 0.2125 1 0.111633 0.988281 0.958333 0.023438 0.080556 6 0.104858 0.873828 0.875694 0.139844 0.240278 3 0.101929 0.78125 0.414583 0.029687 0.051389 0 0.094666 0.296875 0.406944 0.015625 0.044444 1 0.093689 0.758203 0.439583 0.016406 0.051389 1 0.075867 0.628906 0.409028 0.023438 0.048611 0 0.069031 0.853125 0.739583 0.034375 0.054167 0 0.057922 0.315234 0.956944 0.085156 0.083333 1 0.052429 0.130078 0.980556 0.032031 0.038889 1 0.044678 0.771094 0.452083 0.014063 0.045833 0 0.043854 0.280859 0.411111 0.021094 0.047222 1 0.042389 0.766016 0.446528 0.016406 0.048611 0 0.036072 0.204297 0.497222 0.028906 0.052778 0 0.033081 0.010547 0.659028 0.021094 0.079167 1 0.030914 0.785937 0.480556 0.010937 0.038889 1 0.030212 0.733594 0.777778 0.023438 0.066667 0 0.027481 0.53125 0.411806 0.020313 0.048611 0 0.027481 0.358984 0.970139 0.032031 0.051389 0 0.026352 0.385937 0.356944 0.020313 0.044444 0 0.025665 0.253125 0.454167 0.015625 0.041667 1 0.024704 0.341016 0.439583 0.013281 0.045833 0 0.023697 0.035937 0.674306 0.03125 0.073611 1 0.016159 0.680469 0.433333 0.023438 0.05 0 0.01445 0.014063 0.748611 0.028125 0.116667 0 0.013535 0.00625 0.657639 0.0125 0.073611 2 0.013481 0.629687 0.097222 0.029687 0.066667 0 0.013023 0.025781 0.642361 0.029687 0.076389 0 0.012238 0.561719 0.428472 0.01875 0.045833 3 0.010292 0.008594 0.259028 0.017188 0.0375 0 0.008781 0.273047 0.468056 0.011719 0.041667 4 0.008095 0.010156 0.908333 0.020313 0.183333 7 0.007374 0.012891 0.744444 0.024219 0.111111 1 0.007175 0.53125 0.414583 0.020313 0.048611 1 0.006565 0.232422 0.515972 0.011719 0.051389 1 0.006462 0.330078 0.435417 0.014844 0.034722 0 0.005936 0.080078 0.636111 0.027344 0.055556 0 0.00589 0.14375 0.559722 0.03125 0.069444 1 0.00528 0.500391 0.370139 0.013281 0.040278 7 0.00481 0.635547 0.294444 0.024219 0.058333 6 0.004135 0.010547 0.784722 0.021094 0.233333 1 0.004005 0.033203 0.675 0.035156 0.080556 1 0.003593 0.601562 0.4125 0.014063 0.047222 3 0.003565 0.981641 0.584722 0.036719 0.116667 3 0.003443 0.619141 0.220139 0.013281 0.031944 0 0.003363 0.007031 0.948611 0.014063 0.102778 2 0.003136 0.979297 0.903472 0.041406 0.193056 0 0.002481 0.253906 0.467361 0.020313 0.048611 1 0.002434 0.266016 0.880556 0.021094 0.061111 2 0.002398 0.982031 0.582639 0.035937 0.120833 1 0.002323 0.130859 0.979167 0.052344 0.041667 6 0.002287 0.9375 0.511111 0.046875 0.088889 9 0.002068 0.009766 0.609722 0.019531 0.130556 3 0.001883 0.985938 0.896528 0.028125 0.151389 0 0.001796 0.349609 0.940278 0.049219 0.077778 0 0.001741 0.007812 0.775694 0.014063 0.0875 0 0.00149 0.358203 0.367361 0.014844 0.0375 3 0.001432 0.006641 0.947222 0.013281 0.105556 0 0.001394 0.014453 0.64375 0.027344 0.104167 0 0.001362 0.975781 0.568056 0.046875 0.102778 4 0.001356 0.430859 0.347917 0.033594 0.051389 1 0.001356 0.239453 0.520833 0.024219 0.052778 3 0.001274 0.621484 0.20625 0.011719 0.026389 10 0.001274 0.981641 0.602083 0.036719 0.193056 1 0.001206 0.147656 0.982639 0.1 0.034722 1 0.001169 0.5375 0.427778 0.020313 0.05 0 0.001161 0.853125 0.757639 0.035937 0.073611 0 0.001121 0.327734 0.386806 0.019531 0.040278 1 0.001099 0.783984 0.489583 0.011719 0.043056 1 0.001086 0.566406 0.436806 0.023438 0.059722 1 0.001086 0.355469 0.451389 0.028125 0.061111 2 0.001078 0.009766 0.864583 0.019531 0.270833 0 0.001057 0.015234 0.886806 0.030469 0.140278 11 0.001053 0.387891 0.944444 0.258594 0.111111 2 0.001048 0.742969 0.324306 0.014063 0.034722 6 0.001037 0.009766 0.909028 0.019531 0.181944 0 0.001032 0.537891 0.428472 0.019531 0.045833 3 0.000993 0.011719 0.735417 0.023438 0.098611 1 0.000974 0.367969 0.445139 0.034375 0.059722 10 0.000876 0.994141 0.530556 0.011719 0.111111 0 0.000876 0.363672 0.922917 0.024219 0.056944 1 0.000859 0.075 0.64375 0.023438 0.048611 1 0.000836 0.747656 0.4375 0.017188 0.038889 0 0.000823 0.313672 0.438194 0.028906 0.048611 10 0.000813 0.048828 0.472917 0.096094 0.284722 1 0.000764 0.121875 0.968056 0.029687 0.047222 1 0.000755 0.061719 0.675 0.025 0.063889 0 0.000727 0.332422 0.366667 0.016406 0.033333 0 0.000712 0.149609 0.545833 0.032031 0.072222 1 0.00071 0.785937 0.446528 0.025 0.043056 1 0.000704 0.273438 0.897222 0.053125 0.097222 1 0.000688 0.752344 0.439583 0.025 0.048611 1 0.000661 0.266406 0.925 0.028125 0.072222 10 0.000648 0.009766 0.828472 0.019531 0.306944 3 0.000646 0.996094 0.834722 0.007812 0.094444 1 0.000593 0.58125 0.426389 0.0125 0.044444 1 0.000566 0.440234 0.382639 0.016406 0.034722 3 0.000566 0.987109 0.600694 0.025781 0.081944 0 0.000562 0.976172 0.997917 0.046094 0.004167 2 0.000555 0.010156 0.751389 0.020313 0.269444 10 0.000548 0.988281 0.584028 0.023438 0.179167 1 0.000544 0.221875 0.49375 0.023438 0.056944 1 0.000521 0.014063 0.736111 0.025 0.097222
CCTV01^20260318-110000-20260318-120000_000214,10 0.903809 0.103125 0.520833 0.154688 0.177778 10 0.890137 0.783594 0.763889 0.148438 0.388889 10 0.879395 0.206641 0.43125 0.102344 0.131944 3 0.867188 0.525 0.879167 0.064062 0.191667 3 0.847168 0.660937 0.534028 0.039062 0.076389 2 0.817383 0.284766 0.78125 0.038281 0.104167 2 0.810547 0.285156 0.654167 0.034375 0.088889 0 0.779785 0.173437 0.679167 0.0375 0.088889 3 0.775879 0.702734 0.454861 0.036719 0.0625 0 0.741699 0.275781 0.496528 0.026562 0.059722 2 0.732422 0.970313 0.684722 0.039062 0.086111 0 0.723145 0.332422 0.456944 0.021094 0.055556 1 0.700684 0.372656 0.519444 0.015625 0.05 0 0.697754 0.833594 0.500694 0.026562 0.065278 0 0.684082 0.084375 0.838889 0.048438 0.091667 1 0.677246 0.805469 0.590972 0.01875 0.065278 1 0.673828 0.397656 0.510417 0.01875 0.051389 10 0.671387 0.049219 0.782639 0.098437 0.309722 1 0.654785 0.356641 0.465278 0.016406 0.044444 0 0.577637 0.930078 0.688194 0.032031 0.070833 2 0.565918 0.825391 0.446528 0.025781 0.048611 9 0.449463 0.938672 0.8375 0.116406 0.258333 0 0.420654 0.878125 0.611806 0.03125 0.081944 0 0.366699 0.760547 0.43125 0.019531 0.056944 11 0.361084 0.933984 0.820833 0.107031 0.225 10 0.354004 0.640234 0.406944 0.046094 0.119444 9 0.237915 0.639844 0.406944 0.045312 0.119444 9 0.15918 0.310547 0.429861 0.036719 0.070833 0 0.151001 0.424219 0.488194 0.025 0.051389 7 0.143188 0.310547 0.428472 0.036719 0.070833 4 0.141235 0.310547 0.429167 0.036719 0.072222 2 0.138916 0.500781 0.375 0.021875 0.047222 11 0.131226 0.420312 0.371528 0.046875 0.084722 0 0.051086 0.641406 0.60625 0.028125 0.051389 0 0.041473 0.517969 0.404167 0.026562 0.052778 1 0.041473 0.596484 0.415278 0.014844 0.058333 0 0.036621 0.429297 0.489583 0.035156 0.065278 1 0.036072 0.230469 0.515278 0.01875 0.055556 0 0.020721 0.176172 0.530556 0.033594 0.061111 4 0.016983 0.934766 0.819444 0.108594 0.222222 0 0.016525 0.273438 0.445833 0.028125 0.052778 1 0.014175 0.420312 0.489583 0.020313 0.051389 0 0.013481 0.892969 0.510417 0.025 0.059722 1 0.013329 0.674609 0.434028 0.016406 0.051389 1 0.011642 0.123438 0.619444 0.025 0.058333 0 0.01078 0.317578 0.446528 0.035156 0.059722 2 0.010651 0.45 0.379167 0.01875 0.044444 1 0.010056 0.413672 0.497222 0.022656 0.058333 3 0.008255 0.987109 0.602083 0.025781 0.090278 1 0.006851 0.391016 0.510417 0.024219 0.054167 1 0.005959 0.374609 0.520139 0.025781 0.059722 3 0.0056 0.008203 0.259722 0.016406 0.036111 1 0.005001 0.742969 0.43125 0.020313 0.051389 0 0.004574 0.141016 0.565278 0.032031 0.063889 5 0.004314 0.987109 0.597917 0.025781 0.101389 0 0.004101 0.771875 0.38125 0.01875 0.043056 10 0.003172 0.011719 0.220833 0.023438 0.119444 2 0.002958 0.641406 0.605556 0.028125 0.052778 1 0.002705 0.347656 0.464583 0.025 0.051389 3 0.002642 0.627344 0.248611 0.015625 0.030556 1 0.002253 0.003906 0.943056 0.007812 0.094444 1 0.00205 0.171875 0.53125 0.026562 0.059722 1 0.001768 0.801953 0.591667 0.030469 0.075 7 0.001714 0.942187 0.850694 0.110937 0.248611 1 0.001687 0.367578 0.517361 0.019531 0.054167 1 0.001478 0.403906 0.511111 0.034375 0.063889 1 0.001389 0.516406 0.404861 0.028125 0.054167 10 0.001341 0.988281 0.588194 0.023438 0.173611 0 0.001188 0.562109 0.427083 0.019531 0.048611 11 0.001161 0.988281 0.620139 0.023438 0.209722 0 0.001099 0.008594 0.577083 0.017188 0.081944 12 0.001 0.667578 0.997917 0.136719 0.004167 11 0.000947 0.427734 0.378472 0.039844 0.0625 2 0.000849 0.010156 0.599306 0.020313 0.076389 0 0.000811 0.876172 0.6125 0.053906 0.111111 3 0.000804 0.005859 0.269444 0.011719 0.058333 1 0.000804 0.983984 0.6125 0.024219 0.063889 0 0.000792 0.923047 0.613889 0.021094 0.063889 1 0.000779 0.923438 0.621528 0.01875 0.056944 0 0.000758 0.973437 0.558333 0.039062 0.080556 4 0.000732 0.990625 0.667361 0.01875 0.184722 1 0.000715 0.144531 0.636111 0.014063 0.052778 1 0.00071 0.141016 0.628472 0.017969 0.059722 0 0.000682 0.004297 0.922917 0.008594 0.118056 2 0.000638 0.004687 0.616667 0.009375 0.080556 3 0.000634 0.632422 0.222222 0.014844 0.025 2 0.000631 0.504297 0.390972 0.024219 0.045833 2 0.000631 0.990234 0.697222 0.019531 0.166667 1 0.000629 0.591797 0.413194 0.014844 0.0625 0 0.000557 0.7625 0.436806 0.03125 0.0625 1 0.000536 0.467578 0.404167 0.011719 0.041667 1 0.000532 0.833203 0.588889 0.016406 0.055556 1 0.000527 0.005469 0.60625 0.010937 0.079167 1 0.000519 0.004297 0.908333 0.008594 0.116667 2 0.000513 0.630078 0.100694 0.028906 0.070833 10 0.000504 0.020703 0.606944 0.039844 0.266667 10 0.000501 0.048828 0.484028 0.096094 0.306944
CCTV01^20260318-110000-20260318-120000_000218,10 0.9375 0.103125 0.524306 0.15625 0.181944 10 0.900879 0.208203 0.431944 0.105469 0.133333 3 0.878418 0.524609 0.879167 0.064844 0.188889 3 0.873047 0.687109 0.639583 0.042969 0.098611 3 0.863281 0.805859 0.780556 0.050781 0.136111 10 0.854492 0.097656 0.661111 0.189062 0.272222 3 0.803223 0.773047 0.581944 0.050781 0.086111 3 0.796875 0.665234 0.478472 0.038281 0.0625 0 0.754883 0.315234 0.934722 0.041406 0.111111 0 0.743164 0.658984 0.538194 0.027344 0.068056 3 0.73877 0.853125 0.947222 0.071875 0.105556 0 0.723145 0.248828 0.921528 0.049219 0.120833 0 0.72168 0.857812 0.764583 0.039062 0.090278 0 0.712402 0.338672 0.463889 0.021094 0.052778 1 0.710449 0.894922 0.758333 0.024219 0.080556 6 0.700684 0.752344 0.770833 0.101562 0.316667 10 0.700195 0.751563 0.770139 0.101562 0.320833 1 0.695801 0.266406 0.65 0.021875 0.066667 2 0.690918 0.969141 0.652083 0.042969 0.081944 0 0.663574 0.258594 0.792361 0.039062 0.098611 0 0.629883 0.598047 0.46875 0.033594 0.0625 0 0.615234 0.385547 0.906944 0.036719 0.094444 1 0.181274 0.650391 0.442361 0.022656 0.048611 3 0.162354 0.505078 0.379861 0.035156 0.048611 1 0.151489 0.666797 0.428472 0.035156 0.0625 0 0.139404 0.786328 0.439583 0.021094 0.054167 2 0.107056 0.504687 0.379861 0.034375 0.048611 1 0.102295 0.386328 0.904861 0.035156 0.090278 0 0.096375 0.519922 0.405556 0.019531 0.047222 1 0.075562 0.279297 0.476389 0.014844 0.044444 2 0.066833 0.344531 0.405556 0.021875 0.041667 0 0.065857 0.255469 0.459028 0.026562 0.059722 0 0.061646 0.374219 0.4 0.01875 0.05 1 0.041321 0.887891 0.582639 0.027344 0.059722 7 0.039062 0.414062 0.386806 0.035937 0.059722 4 0.036499 0.413672 0.386111 0.036719 0.061111 1 0.033081 0.228516 0.504167 0.011719 0.038889 5 0.032349 0.751172 0.792361 0.094531 0.270833 0 0.022888 0.312109 0.420833 0.022656 0.047222 0 0.022537 0.799609 0.414583 0.016406 0.043056 12 0.019501 0.413672 0.385417 0.036719 0.059722 3 0.016983 0.989062 0.935417 0.021875 0.129167 1 0.013168 0.691016 0.474306 0.013281 0.045833 0 0.01297 0.667969 0.692361 0.01875 0.059722 2 0.011871 0.630859 0.1 0.030469 0.072222 1 0.010406 0.246875 0.509722 0.015625 0.044444 0 0.007011 0.290234 0.425 0.016406 0.038889 3 0.00634 0.746094 0.977778 0.053125 0.044444 10 0.005138 0.978125 0.584028 0.04375 0.145833 10 0.004681 0.010547 0.654167 0.021094 0.297222 10 0.004166 0.051562 0.48125 0.101562 0.304167 0 0.004101 0.890625 0.583333 0.032813 0.063889 3 0.003885 0.008594 0.260417 0.017188 0.0375 0 0.003172 0.898047 0.468056 0.022656 0.055556 2 0.0028 0.00625 0.616667 0.0125 0.091667 1 0.002632 0.290234 0.428472 0.016406 0.040278 0 0.002493 0.010547 0.607639 0.021094 0.093056 10 0.002398 0.986719 0.583333 0.026562 0.186111 0 0.002253 0.333984 0.427083 0.019531 0.048611 1 0.002199 0.219141 0.50625 0.014844 0.043056 10 0.001926 0.990234 0.54375 0.017969 0.154167 1 0.001846 0.782031 0.426389 0.021875 0.055556 0 0.001782 0.978125 0.570139 0.04375 0.101389 1 0.001642 0.880469 0.578472 0.021875 0.051389 0 0.001616 0.00625 0.613194 0.0125 0.090278 0 0.001579 0.338672 0.417361 0.019531 0.040278 10 0.001478 0.994141 0.547917 0.011719 0.129167 10 0.001438 0.019531 0.625 0.039062 0.305556 0 0.00141 0.994141 0.922917 0.011719 0.154167 0 0.001389 0.371484 0.388889 0.017969 0.041667 12 0.001378 0.345703 0.997222 0.105469 0.005556 4 0.001356 0.9375 0.513889 0.046875 0.088889 0 0.001346 0.023828 0.627778 0.035156 0.063889 11 0.001274 0.980859 0.602083 0.038281 0.195833 2 0.001216 0.530469 0.319444 0.01875 0.041667 0 0.001174 0.780078 0.425694 0.019531 0.054167 0 0.001116 0.876172 0.444444 0.022656 0.047222 1 0.001065 0.636328 0.445833 0.024219 0.047222 1 0.001048 0.238672 0.507639 0.024219 0.045833 10 0.001 0.994922 0.513889 0.010156 0.125 0 0.001 0.560547 0.795833 0.024219 0.058333 0 0.000911 0.276953 0.418056 0.016406 0.041667 0 0.00083 0.004687 0.771528 0.009375 0.084722 2 0.000764 0.986719 0.6 0.026562 0.155556 2 0.000718 0.990625 0.660417 0.01875 0.168056 2 0.000688 0.996094 0.890972 0.007812 0.159722 0 0.000677 0.996484 0.713889 0.007031 0.111111 1 0.000667 0.558594 0.801389 0.028125 0.066667 4 0.000636 0.977344 0.574306 0.045312 0.1125 3 0.000621 0.005859 0.271528 0.011719 0.0625 0 0.000619 0.248047 0.506944 0.017969 0.044444 2 0.000588 0.982422 0.660417 0.025781 0.079167 3 0.000536 0.768359 0.999306 0.099219 0.001389 0 0.00053 0.25625 0.444444 0.020313 0.052778 0 0.000524 0.236719 0.468056 0.0125 0.036111
CCTV01^20260318-110000-20260318-120000_000222,10 0.964844 0.104297 0.526389 0.155469 0.188889 10 0.916992 0.123047 0.625694 0.180469 0.248611 10 0.909668 0.207031 0.431944 0.103125 0.130556 3 0.890137 0.525 0.879861 0.064062 0.1875 3 0.859863 0.268359 0.638194 0.047656 0.079167 3 0.841797 0.415234 0.508333 0.049219 0.058333 0 0.79834 0.128516 0.80625 0.041406 0.101389 2 0.789062 0.336719 0.629861 0.0375 0.084722 7 0.766113 0.850781 0.819444 0.057813 0.194444 1 0.759277 0.235547 0.755556 0.028906 0.075 0 0.677246 0.796484 0.508333 0.021094 0.058333 0 0.666992 0.913281 0.636806 0.029687 0.084722 1 0.666992 0.821875 0.694444 0.020313 0.077778 0 0.654785 0.138281 0.8875 0.040625 0.105556 0 0.65332 0.325 0.459028 0.020313 0.045833 0 0.605957 0.885156 0.563889 0.021875 0.063889 2 0.525391 0.366406 0.413194 0.028125 0.059722 1 0.464844 0.686328 0.452083 0.016406 0.051389 1 0.437744 0.725 0.528472 0.017188 0.056944 1 0.319092 0.123828 0.729861 0.033594 0.059722 0 0.265869 0.314844 0.433333 0.020313 0.052778 0 0.240723 0.810547 0.470139 0.028906 0.051389 4 0.142212 0.850391 0.83125 0.055469 0.170833 0 0.127197 0.796094 0.659028 0.017188 0.059722 0 0.11554 0.517969 0.361111 0.017188 0.044444 0 0.107788 0.528516 0.404167 0.017969 0.047222 1 0.080933 0.717578 0.665278 0.022656 0.069444 9 0.078918 0.435937 0.381944 0.071875 0.063889 0 0.071594 0.005859 0.700694 0.011719 0.079167 0 0.069275 0.570312 0.428472 0.021875 0.059722 0 0.064392 0.816016 0.475 0.021094 0.044444 1 0.052032 0.352344 0.461111 0.017188 0.038889 1 0.042725 0.796484 0.659028 0.016406 0.059722 0 0.031021 0.365234 0.414583 0.030469 0.065278 1 0.027069 0.004297 0.947222 0.008594 0.091667 2 0.024521 0.978125 0.579167 0.04375 0.122222 0 0.017105 0.25625 0.449306 0.025 0.068056 1 0.012337 0.818359 0.477083 0.022656 0.043056 9 0.011116 0.452734 0.379167 0.038281 0.058333 0 0.009338 0.798438 0.495833 0.01875 0.061111 1 0.008545 0.009375 0.938194 0.01875 0.123611 0 0.008034 0.023047 0.634722 0.025781 0.066667 1 0.008003 0.78125 0.492361 0.010937 0.048611 0 0.007175 0.434375 0.384722 0.067187 0.063889 1 0.005913 0.8125 0.684722 0.028125 0.094444 0 0.005821 0.010547 0.704861 0.019531 0.081944 1 0.00573 0.689844 0.45625 0.029687 0.0625 1 0.005039 0.824609 0.695139 0.038281 0.0875 3 0.004738 0.004297 0.9375 0.008594 0.116667 0 0.004135 0.005469 0.575 0.010937 0.075 1 0.004086 0.682422 0.451389 0.030469 0.055556 0 0.00404 0.319922 0.444444 0.024219 0.055556 0 0.003736 0.739453 0.351389 0.014844 0.044444 1 0.003248 0.005859 0.620139 0.011719 0.059722 10 0.002913 0.421094 0.386111 0.040625 0.063889 3 0.002672 0.008594 0.259028 0.017188 0.0375 0 0.002602 0.778906 0.508333 0.010937 0.055556 0 0.002323 0.453906 0.379167 0.035937 0.058333 0 0.002132 0.770703 0.383333 0.016406 0.052778 0 0.001867 0.782422 0.510417 0.013281 0.056944 0 0.001755 0.820703 0.586111 0.030469 0.066667 1 0.001714 0.310547 0.431944 0.024219 0.052778 10 0.001549 0.048047 0.484028 0.094531 0.301389 0 0.001513 0.76875 0.406944 0.01875 0.041667 2 0.001432 0.630078 0.100694 0.030469 0.070833 3 0.00141 0.455859 0.342361 0.027344 0.043056 1 0.001235 0.017188 0.630556 0.025 0.063889 0 0.001216 0.535937 0.419444 0.021875 0.05 0 0.001206 0.025391 0.700694 0.025781 0.079167 1 0.001206 0.024609 0.707639 0.025781 0.081944 6 0.001188 0.981641 0.580556 0.036719 0.158333 1 0.001037 0.777734 0.509028 0.013281 0.054167 10 0.001 0.987109 0.573611 0.025781 0.183333 0 0.000993 0.977344 0.574306 0.045312 0.106944 0 0.000955 0.421484 0.3875 0.039844 0.058333 1 0.000897 0.285156 0.45625 0.014063 0.048611 0 0.000863 0.769141 0.39375 0.017969 0.048611 0 0.000836 0.306641 0.429167 0.017969 0.05 1 0.000782 0.355469 0.461806 0.026562 0.048611 1 0.00077 0.817187 0.581944 0.023438 0.058333 0 0.000762 0.352344 0.4 0.015625 0.047222 4 0.000755 0.939063 0.51875 0.045312 0.081944 4 0.000721 0.453516 0.379861 0.036719 0.0625 10 0.000721 0.979297 0.569444 0.041406 0.138889 12 0.00071 0.049219 0.481944 0.098437 0.3 10 0.000688 0.994141 0.548611 0.011719 0.125 0 0.000677 0.522266 0.39375 0.024219 0.045833 0 0.000672 0.541016 0.430556 0.017969 0.047222 6 0.000667 0.434766 0.385417 0.069531 0.076389 10 0.000661 0.990625 0.5375 0.01875 0.211111 1 0.000657 0.724609 0.664583 0.039844 0.084722 2 0.000646 0.007422 0.669444 0.013281 0.136111 0 0.000614 0.010937 0.620139 0.021875 0.059722 0 0.000609 0.723828 0.338889 0.014844 0.038889 10 0.000605 0.009375 0.70625 0.01875 0.265278 0 0.000602 0.003906 0.920833 0.007812 0.133333 3 0.000588 0.0125 0.372222 0.025 0.063889 0 0.000586 0.534375 0.405556 0.023438 0.05 1 0.00057 0.794141 0.659722 0.028906 0.066667 0 0.000511 0.514453 0.361806 0.027344 0.054167
CCTV01^20260318-110000-20260318-120000_000226,10 0.944336 0.102734 0.522222 0.153906 0.183333 10 0.912598 0.207422 0.432639 0.102344 0.131944 3 0.892578 0.525 0.879861 0.064062 0.1875 10 0.872559 0.142187 0.588889 0.167187 0.202778 4 0.859863 0.305469 0.577083 0.051562 0.090278 6 0.851074 0.081641 0.788194 0.163281 0.273611 3 0.837402 0.439844 0.460417 0.040625 0.051389 0 0.763672 0.713281 0.635417 0.026562 0.079167 0 0.762207 0.803125 0.672222 0.028125 0.091667 0 0.744629 0.803125 0.520139 0.025 0.0625 0 0.723145 0.335156 0.861806 0.034375 0.098611 0 0.702637 0.379688 0.427083 0.020313 0.051389 0 0.700684 0.834375 0.615278 0.028125 0.088889 2 0.695801 0.827734 0.509028 0.025781 0.056944 1 0.620605 0.713672 0.46875 0.016406 0.048611 0 0.620605 0.234375 0.590278 0.03125 0.066667 0 0.594727 0.85 0.492361 0.021875 0.051389 0 0.535156 0.517578 0.430556 0.017969 0.052778 1 0.535156 0.673438 0.46875 0.01875 0.051389 0 0.501953 0.254688 0.492361 0.023438 0.0625 1 0.466797 0.267188 0.759722 0.025 0.061111 1 0.354004 0.367578 0.938889 0.032031 0.091667 0 0.267334 0.367969 0.939583 0.03125 0.090278 0 0.226807 0.823438 0.469444 0.020313 0.041667 0 0.221313 0.305859 0.409722 0.019531 0.047222 2 0.218628 0.833984 0.6125 0.027344 0.088889 1 0.192505 0.678906 0.389583 0.014063 0.045833 3 0.187134 0.405078 0.393056 0.033594 0.044444 0 0.181885 0.282813 0.445833 0.023438 0.061111 1 0.153564 0.811328 0.441667 0.016406 0.041667 0 0.146606 0.826953 0.508333 0.027344 0.055556 0 0.132935 0.811328 0.441667 0.016406 0.041667 1 0.123779 0.951562 0.660417 0.01875 0.056944 0 0.118408 0.834375 0.634028 0.025 0.056944 3 0.072083 0.630859 0.322917 0.021094 0.048611 1 0.060516 0.835547 0.626389 0.027344 0.069444 0 0.055206 0.911719 0.554861 0.017188 0.056944 0 0.05481 0.285156 0.457639 0.01875 0.056944 1 0.026855 0.821875 0.974306 0.03125 0.051389 3 0.019119 0.008594 0.259028 0.017188 0.0375 0 0.018616 0.569531 0.429861 0.021875 0.056944 3 0.014008 0.980469 0.58125 0.039062 0.120833 2 0.010246 0.979297 0.579861 0.041406 0.123611 3 0.008217 0.158594 0.638889 0.064062 0.058333 4 0.007488 0.978125 0.579167 0.04375 0.122222 1 0.006313 0.269922 0.768056 0.036719 0.080556 1 0.005981 0.467187 0.452083 0.0125 0.045833 1 0.004868 0.666016 0.326389 0.013281 0.038889 0 0.004665 0.152344 0.674306 0.023438 0.051389 1 0.003824 0.910937 0.552778 0.020313 0.063889 1 0.003736 0.717578 0.472917 0.030469 0.065278 0 0.003496 0.842578 0.477083 0.014844 0.054167 0 0.003429 0.01875 0.666667 0.0375 0.102778 1 0.003197 0.710156 0.46875 0.028125 0.054167 0 0.003016 0.908594 0.570833 0.023438 0.069444 0 0.00289 0.149609 0.654167 0.036719 0.061111 0 0.002855 0.011328 0.696528 0.022656 0.0875 0 0.002714 0.866016 0.494444 0.011719 0.044444 2 0.002693 0.7625 0.361111 0.023438 0.047222 6 0.00259 0.982812 0.590972 0.034375 0.168056 0 0.002472 0.585156 0.420833 0.017188 0.038889 0 0.0021 0.253906 0.445833 0.025 0.055556 0 0.002035 0.234766 0.466667 0.013281 0.047222 0 0.001987 0.40625 0.39375 0.032813 0.045833 0 0.001912 0.538672 0.434722 0.019531 0.047222 3 0.001867 0.639844 0.280556 0.01875 0.038889 12 0.001675 0.010937 0.728472 0.021875 0.2625 2 0.001655 0.014063 0.602083 0.028125 0.070833 1 0.001649 0.675781 0.701389 0.023438 0.069444 3 0.001597 0.00625 0.268056 0.0125 0.055556 0 0.001585 0.159766 0.641667 0.050781 0.061111 1 0.001549 0.676953 0.467361 0.030469 0.059722 10 0.001444 0.983984 0.601389 0.032031 0.188889 0 0.001378 0.00625 0.702778 0.0125 0.083333 1 0.001356 0.434375 0.366667 0.014063 0.033333 0 0.001305 0.857812 0.497917 0.023438 0.048611 1 0.001143 0.838672 0.625694 0.046094 0.0875 0 0.001057 0.332813 0.895833 0.028125 0.061111 1 0.000947 0.988281 0.595833 0.023438 0.091667 1 0.00075 0.948047 0.6625 0.027344 0.069444 1 0.000661 0.826562 0.980556 0.070312 0.038889 0 0.000634 0.454688 0.359722 0.020313 0.044444 10 0.000575 0.994922 0.544444 0.010156 0.127778 0 0.000562 0.996484 0.661806 0.007031 0.093056 1 0.000548 0.010547 0.600694 0.021094 0.065278 10 0.000544 0.995703 0.35 0.008594 0.152778 1 0.000532 0.534375 0.359028 0.0125 0.034722 2 0.000521 0.01875 0.640278 0.035937 0.072222 10 0.000519 0.048438 0.479861 0.095312 0.284722
CCTV01^20260318-110000-20260318-120000_000230,6 0.925293 0.346484 0.46875 0.088281 0.129167 10 0.917969 0.208203 0.431944 0.105469 0.133333 10 0.897461 0.234375 0.494444 0.140625 0.158333 10 0.897461 0.149219 0.663889 0.185938 0.263889 10 0.875488 0.101562 0.520139 0.153125 0.179167 3 0.875 0.525 0.879861 0.064062 0.1875 0 0.73877 0.292578 0.609028 0.028906 0.068056 0 0.716797 0.850391 0.549306 0.024219 0.0625 0 0.710449 0.252344 0.863889 0.046875 0.105556 2 0.686035 0.975 0.807639 0.05 0.129167 0 0.67041 0.310937 0.565278 0.021875 0.066667 1 0.663574 0.814844 0.729167 0.025 0.077778 0 0.651367 0.874219 0.526389 0.021875 0.066667 0 0.647949 0.807813 0.454167 0.020313 0.052778 0 0.644043 0.511328 0.443056 0.017969 0.052778 0 0.638672 0.095703 0.834722 0.044531 0.091667 1 0.622559 0.860938 0.805556 0.026562 0.094444 9 0.533203 0.685156 0.436111 0.048438 0.108333 2 0.494141 0.776953 0.897917 0.078906 0.204167 5 0.364746 0.778906 0.895833 0.08125 0.197222 0 0.327637 0.285547 0.548611 0.024219 0.05 10 0.325195 0.030078 0.778472 0.060156 0.290278 1 0.320801 0.820703 0.884028 0.025781 0.084722 0 0.295898 0.266406 0.536111 0.028125 0.058333 10 0.256836 0.345703 0.470139 0.089844 0.131944 1 0.23938 0.5 0.389583 0.017188 0.056944 0 0.217285 0.982812 0.720139 0.032813 0.0875 11 0.201782 0.660937 0.339583 0.034375 0.081944 9 0.156128 0.660937 0.338889 0.034375 0.083333 0 0.133911 0.991797 0.729167 0.016406 0.102778 0 0.089111 0.987891 0.913889 0.024219 0.113889 7 0.077209 0.625 0.373611 0.028125 0.069444 3 0.070801 0.628125 0.306944 0.01875 0.038889 0 0.037598 0.203125 0.963889 0.078125 0.066667 3 0.029312 0.980469 0.582639 0.039062 0.123611 1 0.028442 0.987891 0.911111 0.024219 0.102778 0 0.028107 0.933203 0.592361 0.024219 0.059722 2 0.017242 0.980469 0.580556 0.039062 0.119444 9 0.017242 0.028906 0.733333 0.057813 0.205556 3 0.016785 0.008203 0.259028 0.016406 0.0375 10 0.010612 0.628906 0.253472 0.028125 0.073611 1 0.01017 0.932813 0.591667 0.020313 0.052778 0 0.010132 0.569922 0.429861 0.022656 0.059722 0 0.008881 0.863672 0.544444 0.016406 0.061111 4 0.007206 0.977344 0.845139 0.04375 0.234722 0 0.006588 0.992188 0.765972 0.015625 0.154167 1 0.00605 0.007812 0.604167 0.015625 0.063889 11 0.005039 0.685156 0.436806 0.051562 0.106944 1 0.004791 0.86875 0.805556 0.057813 0.111111 3 0.004166 0.614844 0.208333 0.014063 0.030556 6 0.003708 0.026562 0.711111 0.053125 0.158333 1 0.003622 0.192969 0.965972 0.076563 0.068056 3 0.002924 0.630859 0.204167 0.011719 0.022222 0 0.002653 0.762891 0.373611 0.016406 0.047222 2 0.00259 0.007031 0.60625 0.014063 0.068056 0 0.002571 0.995313 0.923611 0.009375 0.152778 6 0.00255 0.981641 0.588194 0.036719 0.154167 1 0.002287 0.825391 0.890278 0.042969 0.102778 1 0.002132 0.01875 0.967361 0.035937 0.065278 1 0.002035 0.957422 0.597222 0.021094 0.061111 1 0.00202 0.494531 0.3875 0.026562 0.061111 11 0.00198 0.989062 0.734722 0.021875 0.266667 10 0.001824 0.987891 0.579167 0.024219 0.172222 1 0.001803 0.962891 0.661806 0.016406 0.054167 0 0.001687 0.99375 0.895139 0.0125 0.126389 0 0.001604 0.009375 0.604861 0.01875 0.068056 1 0.001585 0.434375 0.372917 0.017188 0.043056 0 0.001421 0.278516 0.550694 0.027344 0.0625 0 0.001346 0.782422 0.388194 0.017969 0.043056 10 0.001346 0.984766 0.854167 0.030469 0.261111 10 0.001309 0.981641 0.599306 0.036719 0.179167 0 0.001225 0.957812 0.594444 0.020313 0.061111 10 0.001134 0.013281 0.219444 0.025 0.111111 0 0.001116 0.316406 0.557639 0.029687 0.0625 0 0.001112 0.935156 0.513889 0.042188 0.077778 0 0.001112 0.014063 0.615972 0.026562 0.065278 1 0.001032 0.821484 0.722917 0.050781 0.0875 3 0.000915 0.989453 0.597222 0.021094 0.094444 10 0.000876 0.048828 0.477778 0.096094 0.294444 0 0.000836 0.996094 0.707639 0.007812 0.090278 2 0.000798 0.976953 0.770139 0.044531 0.068056 1 0.000779 0.427344 0.379167 0.01875 0.041667 4 0.00073 0.395313 0.361806 0.03125 0.0625 3 0.000648 0.731641 0.415972 0.035156 0.065278 2 0.000573 0.632031 0.103472 0.03125 0.076389 0 0.000542 0.996484 0.663194 0.007031 0.090278 0 0.000532 0.928516 0.521528 0.024219 0.065278 10 0.000532 0.988281 0.640278 0.023438 0.247222 0 0.000511 0.898438 0.45625 0.026562 0.054167 10 0.000511 0.991406 0.5375 0.017188 0.2 1 0.000509 0.591406 0.447917 0.0125 0.045833
CCTV01^20260318-110000-20260318-120000_000234,6 0.924316 0.270703 0.85625 0.142969 0.279167 10 0.891602 0.103125 0.520833 0.154688 0.175 10 0.881348 0.298047 0.454861 0.147656 0.148611 10 0.869141 0.201953 0.586111 0.124219 0.213889 10 0.866699 0.811328 0.803472 0.150781 0.381944 3 0.849121 0.717969 0.601389 0.048438 0.088889 3 0.838867 0.344531 0.609028 0.0625 0.079167 3 0.82666 0.524609 0.879167 0.064844 0.188889 10 0.821777 0.208984 0.43125 0.105469 0.129167 3 0.808105 0.668359 0.510417 0.038281 0.070833 3 0.808105 0.251563 0.696528 0.0625 0.076389 10 0.799316 0.478125 0.383333 0.08125 0.119444 0 0.767578 0.855859 0.535417 0.024219 0.068056 0 0.763672 0.802344 0.575694 0.03125 0.079167 7 0.741699 0.944531 0.820139 0.0875 0.181944 6 0.737305 0.070703 0.820833 0.141406 0.297222 3 0.730957 0.692187 0.448611 0.032813 0.058333 1 0.684082 0.303125 0.666667 0.023438 0.066667 1 0.677246 0.289844 0.575 0.020313 0.058333 0 0.672363 0.166406 0.946528 0.04375 0.101389 1 0.62793 0.473438 0.467361 0.020313 0.045833 10 0.559082 0.054688 0.711806 0.109375 0.2375 0 0.556641 0.127734 0.679861 0.028906 0.079167 6 0.521484 0.417187 0.393056 0.067187 0.097222 7 0.507812 0.653906 0.404861 0.029687 0.070833 3 0.503906 0.778516 0.484028 0.035156 0.070833 0 0.394287 0.808984 0.511806 0.022656 0.054167 10 0.293457 0.071484 0.833333 0.142969 0.319444 0 0.253906 0.811328 0.475 0.022656 0.05 10 0.199951 0.416797 0.393056 0.066406 0.1 12 0.15918 0.735938 0.941667 0.067187 0.116667 1 0.104492 0.85625 0.75625 0.023438 0.0625 1 0.055603 0.156641 0.536111 0.021094 0.047222 7 0.045013 0.735156 0.940972 0.067187 0.118056 0 0.041626 0.382422 0.432639 0.019531 0.048611 0 0.034485 0.995313 0.713194 0.009375 0.084722 2 0.032471 0.778906 0.4375 0.01875 0.038889 0 0.026962 0.798828 0.427083 0.021094 0.043056 0 0.024139 0.568359 0.430556 0.025781 0.066667 0 0.022293 0.751563 0.399306 0.01875 0.045833 1 0.018616 0.632812 0.375694 0.014063 0.0375 2 0.010948 0.987109 0.589583 0.025781 0.118056 1 0.0093 0.285547 0.576389 0.035156 0.066667 1 0.009232 0.742969 0.461806 0.015625 0.054167 3 0.008614 0.658594 0.361806 0.023438 0.040278 1 0.00729 0.470313 0.465278 0.029687 0.055556 3 0.006615 0.008203 0.259028 0.016406 0.034722 10 0.004757 0.05 0.479861 0.098437 0.301389 1 0.004627 0.128125 0.671528 0.023438 0.068056 1 0.004005 0.858984 0.764583 0.032031 0.081944 2 0.003809 0.979688 0.580556 0.040625 0.125 1 0.003376 0.476953 0.471528 0.028906 0.056944 0 0.002068 0.802344 0.435417 0.021875 0.045833 1 0.001623 0.298828 0.678472 0.028906 0.068056 0 0.00141 0.991016 0.720833 0.016406 0.097222 4 0.001265 0.7375 0.941667 0.067187 0.116667 12 0.001249 0.457422 0.286806 0.033594 0.059722 3 0.001245 0.990234 0.605556 0.019531 0.083333 1 0.001235 0.629687 0.380556 0.014063 0.041667 10 0.001188 0.994141 0.547917 0.011719 0.126389 11 0.00104 0.011328 0.553472 0.022656 0.165278 0 0.001032 0.901563 0.459722 0.025 0.055556 4 0.001024 0.976953 0.579167 0.046094 0.125 12 0.001024 0.945703 0.822917 0.088281 0.179167 10 0.000955 0.995703 0.347917 0.008594 0.151389 0 0.000947 0.977344 0.570833 0.045312 0.102778 9 0.000911 0.944531 0.820139 0.090625 0.184722 0 0.000897 0.769531 0.379861 0.01875 0.043056 3 0.000856 0.005469 0.270139 0.010937 0.056944 0 0.000856 0.771875 0.370139 0.01875 0.059722 4 0.00082 0.941016 0.515972 0.039844 0.079167 0 0.000779 0.971875 0.663194 0.021875 0.065278 1 0.000738 0.988281 0.611806 0.023438 0.070833 10 0.00073 0.991797 0.725 0.016406 0.130556 10 0.000688 0.991406 0.540972 0.017188 0.215278 10 0.000682 0.983984 0.581944 0.032031 0.172222 10 0.000614 0.990625 0.747917 0.01875 0.284722 1 0.000602 0.625781 0.488194 0.023438 0.070833 0 0.000573 0.733984 0.411111 0.030469 0.066667 10 0.000536 0.020703 0.66875 0.041406 0.293056 1 0.000534 0.771094 0.374306 0.01875 0.054167
CCTV01^20260318-110000-20260318-120000_000238,6 0.937012 0.173047 0.674306 0.196094 0.234722 7 0.917969 0.323828 0.915278 0.078906 0.161111 10 0.891602 0.103125 0.521528 0.154688 0.179167 3 0.883301 0.264844 0.83125 0.0625 0.118056 10 0.875977 0.342969 0.431944 0.153125 0.133333 3 0.869629 0.525 0.879861 0.064062 0.1875 3 0.858887 0.28125 0.710417 0.067187 0.095833 6 0.837402 0.444531 0.378472 0.085938 0.093056 10 0.832031 0.208984 0.429861 0.102344 0.129167 6 0.831055 0.289453 0.547222 0.052344 0.161111 3 0.775879 0.915625 0.822222 0.096875 0.141667 0 0.754883 0.770703 0.854861 0.036719 0.115278 0 0.741699 0.804688 0.580556 0.026562 0.063889 10 0.71875 0.207422 0.542361 0.071094 0.181944 0 0.700684 0.3375 0.586111 0.029687 0.069444 1 0.689453 0.183203 0.799306 0.030469 0.079167 0 0.686035 0.356641 0.527778 0.024219 0.063889 0 0.665527 0.857812 0.595833 0.029687 0.077778 1 0.647949 0.396094 0.547917 0.017188 0.051389 0 0.618652 0.866797 0.516667 0.022656 0.063889 1 0.584961 0.237891 0.723611 0.024219 0.063889 0 0.583008 0.4625 0.461806 0.023438 0.065278 1 0.577637 0.689844 0.534722 0.01875 0.058333 0 0.575684 0.784375 0.533333 0.026562 0.072222 10 0.536133 0.075 0.730556 0.15 0.294444 0 0.527344 0.894531 0.575694 0.028125 0.098611 0 0.515625 0.836328 0.485417 0.017969 0.051389 2 0.40918 0.829688 0.45625 0.028125 0.051389 1 0.40918 0.431641 0.477083 0.017969 0.045833 0 0.30249 0.779297 0.453472 0.019531 0.054167 1 0.279785 0.655078 0.4375 0.019531 0.052778 3 0.179565 0.366797 0.598611 0.041406 0.061111 3 0.141724 0.150781 0.967361 0.0875 0.065278 0 0.140381 0.830859 0.463889 0.027344 0.063889 10 0.076965 0.443359 0.379167 0.086719 0.094444 0 0.036499 0.896094 0.557639 0.021875 0.070833 3 0.026962 0.805859 0.975 0.060156 0.05 1 0.026855 0.783984 0.532639 0.027344 0.070833 1 0.018692 0.260156 0.519444 0.015625 0.05 3 0.010292 0.150781 0.977083 0.096875 0.045833 10 0.009712 0.99375 0.511111 0.0125 0.144444 0 0.008919 0.048438 0.997222 0.096875 0.005556 10 0.008514 0.990625 0.534028 0.01875 0.159722 1 0.00729 0.76875 0.427083 0.01875 0.054167 3 0.006905 0.008594 0.256944 0.017188 0.038889 2 0.006096 0.366406 0.603472 0.045312 0.068056 4 0.005753 0.9375 0.515278 0.046875 0.094444 0 0.004627 0.569922 0.428472 0.022656 0.0625 2 0.004349 0.780859 0.454861 0.024219 0.059722 0 0.004265 0.771094 0.441667 0.014063 0.063889 3 0.003914 0.153125 0.996528 0.098437 0.006944 10 0.003651 0.013281 0.219444 0.026562 0.122222 1 0.003593 0.696875 0.536806 0.034375 0.073611 3 0.003593 0.988281 0.604861 0.023438 0.101389 1 0.003124 0.670703 0.43125 0.017969 0.048611 2 0.002758 0.989453 0.589583 0.021094 0.140278 2 0.002571 0.006641 0.630556 0.013281 0.072222 1 0.002333 0.662891 0.438194 0.033594 0.065278 1 0.00205 0.173828 0.801389 0.046094 0.088889 0 0.001926 0.975781 0.995139 0.046875 0.009722 0 0.001853 0.819531 0.426389 0.014063 0.033333 3 0.001796 0.803516 0.978472 0.082031 0.043056 0 0.001741 0.790234 0.544444 0.033594 0.083333 10 0.001616 0.989062 0.60625 0.021875 0.206944 3 0.001597 0.040234 0.750694 0.080469 0.1375 1 0.001597 0.794922 0.809722 0.025781 0.091667 10 0.001536 0.048828 0.477778 0.096094 0.294444 6 0.001525 0.936719 0.514583 0.048438 0.095833 1 0.001372 0.896875 0.6 0.025 0.061111 1 0.001206 0.994922 0.968056 0.010156 0.063889 2 0.001197 0.937891 0.5125 0.047656 0.088889 1 0.001179 0.231641 0.722222 0.039844 0.075 0 0.001156 0.352344 0.60625 0.028125 0.068056 1 0.001138 0.390234 0.552778 0.021094 0.061111 2 0.001099 0.024609 0.988194 0.047656 0.023611 0 0.000955 0.975 0.561111 0.039062 0.088889 2 0.000937 0.649219 0.302778 0.01875 0.038889 1 0.000804 0.818359 0.423611 0.014844 0.041667 3 0.00075 0.00625 0.268056 0.0125 0.061111 3 0.000747 0.792188 0.995139 0.104688 0.009722 1 0.000744 0.432422 0.488194 0.025781 0.056944 0 0.000727 0.034375 0.983333 0.067187 0.033333 1 0.000696 0.032813 0.815972 0.035937 0.073611 0 0.000629 0.005078 0.822917 0.010156 0.093056 12 0.000588 0.456641 0.285417 0.033594 0.059722 1 0.000562 0.003906 0.932639 0.007812 0.106944 1 0.000548 0.678906 0.53125 0.04375 0.068056 1 0.000546 0.408203 0.545833 0.019531 0.063889
CCTV01^20260318-110000-20260318-120000_000242,10 0.952637 0.103516 0.523611 0.153906 0.186111 6 0.945312 0.308984 0.531944 0.111719 0.166667 10 0.902832 0.139453 0.629167 0.222656 0.238889 3 0.859863 0.176563 0.827778 0.076563 0.122222 3 0.853027 0.524609 0.877778 0.066406 0.191667 3 0.847168 0.240625 0.93125 0.070312 0.129167 10 0.841797 0.672266 0.492361 0.083594 0.193056 10 0.836914 0.208203 0.434028 0.105469 0.134722 5 0.830078 0.275391 0.652778 0.067969 0.111111 10 0.827148 0.4125 0.402778 0.128125 0.127778 2 0.82666 0.878125 0.579167 0.05 0.1 2 0.782715 0.83125 0.627083 0.035937 0.090278 2 0.767578 0.199219 0.713889 0.048438 0.088889 0 0.754883 0.808984 0.804861 0.039844 0.095833 7 0.73584 0.387891 0.485417 0.032031 0.076389 0 0.729492 0.309375 0.805556 0.032813 0.083333 5 0.723145 0.339453 0.627778 0.060156 0.105556 0 0.6875 0.757422 0.90625 0.039844 0.098611 0 0.686035 0.964063 0.690972 0.03125 0.090278 2 0.677246 0.821875 0.471528 0.025 0.054167 10 0.67041 0.245312 0.472222 0.098437 0.15 0 0.660156 0.138672 0.749306 0.042969 0.090278 0 0.651367 0.341406 0.875 0.051562 0.122222 2 0.642578 0.985938 0.790972 0.028125 0.106944 0 0.640625 0.274609 0.784722 0.032031 0.077778 0 0.620605 0.796094 0.486111 0.023438 0.058333 0 0.618652 0.039844 0.893056 0.067187 0.119444 1 0.611328 0.230078 0.777083 0.027344 0.073611 1 0.602051 0.316016 0.714583 0.022656 0.0625 1 0.449463 0.292578 0.710417 0.024219 0.0625 0 0.388672 0.992969 0.710417 0.014063 0.076389 1 0.343262 0.401562 0.521528 0.020313 0.045833 6 0.332764 0.045312 0.813194 0.090625 0.281944 10 0.29248 0.674609 0.3375 0.042969 0.108333 10 0.284668 0.045703 0.813194 0.091406 0.281944 0 0.271973 0.232813 0.638889 0.028125 0.063889 0 0.237915 0.403906 0.946528 0.046875 0.095833 6 0.205566 0.315625 0.452083 0.06875 0.118056 0 0.156128 0.310937 0.960417 0.05625 0.076389 1 0.143677 0.251953 0.727083 0.035156 0.068056 0 0.134277 0.911719 0.579167 0.026562 0.061111 0 0.076965 0.594922 0.420833 0.033594 0.061111 1 0.065613 0.294141 0.948611 0.024219 0.080556 1 0.055206 0.275391 0.783333 0.030469 0.075 0 0.049225 0.495312 0.397222 0.023438 0.05 2 0.047424 0.992578 0.710417 0.014844 0.084722 0 0.03949 0.250781 0.724306 0.034375 0.070833 1 0.037323 0.275781 0.747222 0.01875 0.044444 3 0.0354 0.984766 0.588889 0.030469 0.102778 0 0.025864 0.802734 0.477778 0.032031 0.061111 0 0.015778 0.850391 0.480556 0.014844 0.047222 0 0.015427 0.90625 0.528472 0.015625 0.048611 0 0.011917 0.758203 0.391667 0.017969 0.05 3 0.011505 0.523047 0.379167 0.025781 0.041667 1 0.009819 0.005859 0.624306 0.011719 0.0625 2 0.009232 0.739844 0.374306 0.01875 0.043056 3 0.008575 0.008594 0.259028 0.017188 0.034722 1 0.008095 0.331641 0.38125 0.014844 0.029167 0 0.007965 0.867969 0.508333 0.01875 0.055556 2 0.007786 0.981641 0.586806 0.036719 0.115278 6 0.007637 0.483984 0.352083 0.069531 0.090278 2 0.006878 0.523047 0.377778 0.025781 0.041667 2 0.006851 0.332422 0.579167 0.033594 0.063889 10 0.006718 0.985938 0.819444 0.026562 0.319444 2 0.006073 0.004687 0.627778 0.009375 0.063889 2 0.005039 0.008203 0.627083 0.016406 0.068056 1 0.003855 0.017969 0.595833 0.026562 0.063889 2 0.003796 0.989453 0.727083 0.021094 0.115278 0 0.003664 0.389844 0.491667 0.034375 0.080556 3 0.003664 0.990625 0.597222 0.01875 0.091667 0 0.003136 0.008203 0.625 0.016406 0.063889 0 0.003099 0.339062 0.915278 0.051562 0.086111 2 0.003075 0.496875 0.395833 0.026562 0.052778 10 0.002958 0.483203 0.350694 0.067969 0.0875 6 0.002672 0.981641 0.59375 0.036719 0.170833 0 0.002611 0.225781 0.646528 0.034375 0.068056 10 0.002405 0.973828 0.815278 0.052344 0.369444 10 0.00235 0.05 0.477778 0.098437 0.297222 10 0.002323 0.981641 0.599306 0.036719 0.179167 0 0.002234 0.213672 0.654861 0.027344 0.068056 1 0.00202 0.282813 0.7125 0.034375 0.072222 12 0.001675 0.444922 0.995139 0.133594 0.009722 0 0.001472 0.776563 0.383333 0.017188 0.05 2 0.001467 0.990625 0.71875 0.01875 0.2125 5 0.001421 0.994141 0.540278 0.011719 0.105556 10 0.001305 0.317188 0.457639 0.070312 0.120833 2 0.001305 0.991406 0.573611 0.017188 0.144444 3 0.001179 0.0125 0.371528 0.025 0.065278 12 0.000978 0.40625 0.996528 0.117188 0.006944 3 0.000947 0.005859 0.270139 0.011719 0.056944 1 0.000869 0.009766 0.616667 0.019531 0.069444 1 0.000843 0.333594 0.376389 0.021875 0.038889 10 0.000843 0.994141 0.527083 0.011719 0.104167 0 0.000773 0.996484 0.671528 0.007031 0.104167 0 0.00077 0.300391 0.372222 0.016406 0.044444 1 0.000767 0.308203 0.826389 0.028906 0.072222 4 0.000755 0.9375 0.515972 0.048438 0.098611 1 0.000661 0.294922 0.686111 0.021094 0.055556 0 0.000659 0.300391 0.965278 0.089844 0.069444 0 0.000641 0.739062 0.375 0.020313 0.047222 0 0.000634 0.333594 0.572222 0.03125 0.052778 1 0.000627 0.287891 0.944444 0.024219 0.080556 10 0.000607 0.019922 0.806944 0.039844 0.327778 0 0.0006 0.996094 0.811806 0.007812 0.1375 12 0.000538 0.282031 0.995139 0.15 0.009722 10 0.000521 0.989844 0.531944 0.01875 0.105556 1 0.000511 0.523828 0.402778 0.017969 0.041667
CCTV01^20260318-110000-20260318-120000_000246,7 0.935059 0.353516 0.867361 0.082031 0.154167 6 0.919434 0.351953 0.479167 0.094531 0.144444 10 0.919434 0.103516 0.522222 0.155469 0.183333 3 0.889648 0.525 0.879861 0.064062 0.1875 10 0.884277 0.207031 0.432639 0.101562 0.134722 10 0.87793 0.187891 0.595833 0.202344 0.222222 3 0.876465 0.23125 0.724306 0.064062 0.098611 3 0.867188 0.291406 0.632639 0.0625 0.079167 3 0.864258 0.275781 0.758333 0.05625 0.105556 2 0.841797 0.133203 0.858333 0.047656 0.119444 2 0.800781 0.920703 0.643056 0.061719 0.122222 3 0.779785 0.240625 0.93125 0.071875 0.134722 2 0.778809 0.675781 0.475 0.028125 0.061111 2 0.697754 0.988281 0.826389 0.023438 0.113889 0 0.697754 0.314453 0.917361 0.044531 0.1125 0 0.682617 0.323047 0.693056 0.028906 0.080556 0 0.680664 0.929688 0.722222 0.045312 0.091667 0 0.672363 0.171484 0.730556 0.038281 0.088889 0 0.672363 0.289453 0.815972 0.035156 0.093056 1 0.666992 0.185938 0.884028 0.029687 0.081944 2 0.609375 0.467969 0.431944 0.028125 0.052778 1 0.602051 0.832031 0.66875 0.021875 0.076389 0 0.596191 0.35 0.553472 0.028125 0.068056 0 0.594727 0.395313 0.540972 0.029687 0.0625 10 0.591797 0.065234 0.820139 0.130469 0.359722 1 0.537109 0.319922 0.564583 0.021094 0.051389 0 0.527344 0.327344 0.636111 0.03125 0.072222 0 0.521484 0.240625 0.815972 0.0375 0.084722 2 0.496094 0.406641 0.440278 0.021094 0.052778 0 0.492188 0.830859 0.461111 0.021094 0.058333 0 0.364746 0.421484 0.491667 0.017969 0.047222 10 0.317383 0.466016 0.365278 0.089844 0.113889 1 0.312256 0.367969 0.586806 0.026562 0.051389 1 0.289307 0.491406 0.461111 0.01875 0.047222 10 0.275146 0.674609 0.336806 0.041406 0.106944 0 0.267334 0.444922 0.475 0.019531 0.05 10 0.255371 0.306641 0.397222 0.064844 0.119444 0 0.184204 0.280469 0.5875 0.039062 0.066667 0 0.09845 0.444141 0.434028 0.019531 0.051389 5 0.041779 0.523047 0.372222 0.033594 0.058333 0 0.033722 0.982031 0.669444 0.025 0.077778 0 0.027481 0.996094 0.681944 0.007812 0.094444 1 0.025955 0.189453 0.813889 0.033594 0.086111 3 0.020416 0.986719 0.598611 0.026562 0.094444 1 0.010651 0.071094 0.622917 0.029687 0.054167 1 0.01017 0.955859 0.674306 0.016406 0.059722 2 0.009781 0.985938 0.592361 0.028125 0.098611 1 0.009483 0.704297 0.394444 0.019531 0.047222 4 0.008514 0.9375 0.514583 0.046875 0.093056 2 0.008415 0.995313 0.804861 0.009375 0.1375 3 0.007065 0.008203 0.259722 0.016406 0.038889 0 0.006744 0.783594 0.963889 0.042188 0.069444 0 0.006668 0.421094 0.504167 0.021875 0.058333 0 0.006615 0.319922 0.641667 0.024219 0.072222 2 0.00629 0.523047 0.371528 0.033594 0.056944 1 0.005775 0.1875 0.85625 0.032813 0.118056 0 0.005428 0.954688 0.683333 0.01875 0.061111 1 0.004906 0.494141 0.4625 0.028906 0.055556 2 0.004383 0.992578 0.58125 0.014844 0.126389 0 0.00433 0.921094 0.642361 0.0625 0.115278 0 0.004299 0.415234 0.520833 0.016406 0.052778 10 0.004265 0.050391 0.476389 0.100781 0.3 3 0.004215 0.730859 0.254861 0.016406 0.031944 1 0.003944 0.836328 0.669444 0.036719 0.088889 2 0.003929 0.010937 0.581944 0.021875 0.080556 1 0.003796 0.007422 0.590972 0.014844 0.095833 0 0.002512 0.894531 0.589583 0.023438 0.056944 10 0.002512 0.987109 0.598611 0.025781 0.219444 2 0.002306 0.317578 0.454167 0.035156 0.063889 0 0.002216 0.996094 0.727778 0.007812 0.111111 0 0.002115 0.976562 0.561806 0.040625 0.0875 1 0.00201 0.286719 0.582639 0.04375 0.059722 0 0.001883 0.372656 0.570139 0.025 0.051389 10 0.001867 0.980469 0.624306 0.039062 0.204167 0 0.001846 0.004297 0.627778 0.008594 0.066667 3 0.00181 0.995313 0.644444 0.009375 0.125 0 0.001734 0.9375 0.511806 0.046875 0.090278 0 0.001681 0.834766 0.461806 0.033594 0.065278 5 0.001579 0.994141 0.535417 0.011719 0.123611 0 0.001549 0.361328 0.391667 0.022656 0.041667 1 0.001536 0.784766 0.963194 0.039844 0.068056 0 0.001513 0.46875 0.434722 0.029687 0.055556 0 0.00149 0.824609 0.479167 0.019531 0.061111 3 0.001455 0.00625 0.26875 0.0125 0.059722 10 0.001335 0.989453 0.529167 0.019531 0.155556 10 0.001315 0.99375 0.519444 0.0125 0.138889 4 0.001285 0.317188 0.45625 0.035937 0.065278 0 0.001184 0.944531 0.625 0.025 0.075 0 0.001161 0.010937 0.579167 0.021875 0.083333 10 0.001086 0.990234 0.852083 0.019531 0.270833 1 0.001028 0.979297 0.671528 0.030469 0.081944 3 0.000978 0.0125 0.371528 0.025 0.065278 0 0.000978 0.940234 0.647917 0.030469 0.095833 2 0.000962 0.989453 0.874306 0.021094 0.251389 10 0.000876 0.011328 0.21875 0.022656 0.109722 0 0.000843 0.898047 0.458333 0.025781 0.052778 10 0.000767 0.573438 0.3375 0.065625 0.147222 1 0.00075 0.184766 0.905556 0.028906 0.077778 2 0.000721 0.978125 0.580556 0.042188 0.122222 6 0.000661 0.065234 0.789583 0.130469 0.309722 0 0.000638 0.952734 0.66875 0.019531 0.0625 1 0.000634 0.996094 0.925 0.007812 0.122222 1 0.000588 0.307031 0.56875 0.035937 0.054167 0 0.000588 0.274219 0.608333 0.032813 0.077778 12 0.000588 0.813672 0.994444 0.128906 0.011111 11 0.000588 0.990625 0.776389 0.01875 0.277778 0 0.00057 0.996094 0.757639 0.007812 0.084722 0 0.000559 0.989453 0.69375 0.019531 0.1375 3 0.000544 0.46875 0.506944 0.035937 0.041667 10 0.000527 0.991406 0.706944 0.017188 0.263889
CCTV01^20260318-110000-20260318-120000_000250,10 0.894531 0.102734 0.520139 0.155469 0.179167 10 0.887695 0.302344 0.508333 0.165625 0.175 3 0.875977 0.524609 0.879167 0.064844 0.188889 6 0.872559 0.103125 0.834722 0.204687 0.3 10 0.868164 0.844922 0.652083 0.164844 0.279167 6 0.850098 0.408203 0.411111 0.075781 0.113889 10 0.844238 0.103125 0.7 0.20625 0.266667 3 0.841797 0.266797 0.752778 0.061719 0.113889 10 0.821777 0.20625 0.433333 0.101562 0.133333 3 0.806641 0.489453 0.450694 0.035156 0.054167 2 0.796875 0.242578 0.694444 0.044531 0.086111 3 0.792969 0.271094 0.890972 0.075 0.159722 2 0.778809 0.297656 0.650694 0.042188 0.081944 0 0.699219 0.323437 0.661111 0.029687 0.075 0 0.694336 0.335547 0.858333 0.038281 0.105556 7 0.622559 0.313281 0.584722 0.040625 0.080556 2 0.613281 0.229687 0.613889 0.029687 0.077778 0 0.596191 0.399609 0.495833 0.028906 0.063889 0 0.57959 0.320703 0.73125 0.030469 0.076389 0 0.562012 0.798047 0.451389 0.022656 0.058333 0 0.548828 0.164453 0.874306 0.042969 0.109722 1 0.394287 0.455078 0.445833 0.016406 0.047222 1 0.312256 0.645703 0.471528 0.016406 0.054167 2 0.312256 0.924609 0.64375 0.055469 0.129167 5 0.2323 0.083203 0.945139 0.091406 0.109722 1 0.223999 0.265625 0.611806 0.026562 0.0625 10 0.132568 0.291016 0.375694 0.075781 0.115278 0 0.130249 0.210938 0.577778 0.025 0.055556 0 0.071838 0.959375 0.64375 0.028125 0.065278 3 0.064636 0.082031 0.946528 0.08125 0.106944 10 0.063049 0.483594 0.347917 0.071875 0.109722 0 0.057068 0.981641 0.673611 0.024219 0.077778 10 0.052826 0.407422 0.4125 0.075781 0.111111 3 0.032349 0.532422 0.363194 0.022656 0.040278 1 0.020889 0.840234 0.461111 0.014844 0.044444 0 0.018478 0.995313 0.733333 0.009375 0.108333 1 0.01445 0.995313 0.745833 0.009375 0.094444 1 0.014061 0.753516 0.3875 0.014844 0.041667 0 0.013588 0.994922 0.676389 0.010156 0.1 0 0.011963 0.667969 0.385417 0.01875 0.045833 3 0.009087 0.008203 0.258333 0.016406 0.036111 0 0.007965 0.211328 0.541667 0.021094 0.044444 4 0.007668 0.9375 0.513194 0.048438 0.093056 0 0.005959 0.954688 0.594444 0.023438 0.061111 5 0.005619 0.405078 0.98125 0.125781 0.0375 0 0.004925 0.996094 0.702083 0.007812 0.131944 6 0.004829 0.9375 0.513194 0.048438 0.093056 0 0.004314 0.173047 0.547222 0.019531 0.047222 1 0.004299 0.744141 0.427778 0.016406 0.041667 1 0.004215 0.171094 0.545833 0.017188 0.044444 3 0.003538 0.394531 0.977778 0.120313 0.044444 3 0.003325 0.982031 0.585417 0.035937 0.126389 10 0.003185 0.050391 0.481944 0.099219 0.297222 1 0.003147 0.188281 0.51875 0.020313 0.043056 1 0.002602 0.696875 0.43125 0.014063 0.048611 1 0.002531 0.180859 0.54375 0.021094 0.048611 0 0.002342 0.989453 0.726389 0.021094 0.130556 1 0.002296 0.630469 0.318056 0.014063 0.047222 6 0.002192 0.085547 0.945833 0.102344 0.108333 0 0.001987 0.177344 0.591667 0.0375 0.055556 1 0.001926 0.980469 0.664583 0.028125 0.079167 1 0.001861 0.007031 0.626389 0.014063 0.066667 1 0.001853 0.1625 0.534028 0.025 0.043056 2 0.00172 0.938281 0.511111 0.048438 0.088889 1 0.001675 0.512891 0.420139 0.014844 0.040278 10 0.001675 0.992969 0.536806 0.014063 0.126389 0 0.001636 0.219922 0.597917 0.033594 0.084722 1 0.001604 0.653906 0.474306 0.034375 0.076389 1 0.00126 0.991797 0.746528 0.016406 0.106944 0 0.001192 0.341406 0.397222 0.021875 0.047222 10 0.001129 0.059375 0.775694 0.11875 0.404167 10 0.001099 0.978125 0.616667 0.04375 0.222222 0 0.000966 0.189844 0.520139 0.020313 0.043056 10 0.000966 0.010156 0.696528 0.020313 0.309722 0 0.000962 0.229297 0.616667 0.028906 0.077778 0 0.000922 0.784766 0.449306 0.025781 0.054167 0 0.000876 0.380469 0.361806 0.021875 0.043056 10 0.000826 0.985938 0.595139 0.028125 0.218056 0 0.000789 0.202734 0.586806 0.028906 0.065278 0 0.000785 0.207031 0.535417 0.023438 0.048611 4 0.000755 0.457813 0.282639 0.03125 0.056944 1 0.00075 0.955859 0.586806 0.021094 0.059722 1 0.000738 0.0125 0.635417 0.023438 0.076389 1 0.000727 0.263672 0.594444 0.025781 0.052778 0 0.000701 0.488281 0.386806 0.023438 0.056944 0 0.000664 0.947266 0.650694 0.025781 0.090278 0 0.000659 0.163281 0.907639 0.04375 0.081944 3 0.000657 0.005469 0.270833 0.010937 0.063889 1 0.000621 0.448047 0.44375 0.028906 0.056944 10 0.000566 0.990625 0.702778 0.01875 0.258333 1 0.000555 0.441797 0.429861 0.010156 0.043056 2 0.000555 0.010547 0.583333 0.021094 0.066667
CCTV01^20260318-110000-20260318-120000_000255,3 0.890137 0.308203 0.813194 0.061719 0.118056 10 0.888184 0.103516 0.520139 0.153906 0.176389 6 0.880859 0.395313 0.494444 0.096875 0.133333 10 0.87207 0.267578 0.542361 0.153906 0.190278 3 0.868164 0.524609 0.879167 0.064844 0.188889 2 0.864258 0.921094 0.646528 0.0625 0.123611 3 0.858887 0.301953 0.695833 0.055469 0.111111 2 0.848145 0.198047 0.842361 0.046094 0.109722 5 0.84375 0.3 0.606944 0.078125 0.1 10 0.84082 0.207031 0.431944 0.1 0.133333 2 0.835449 0.249609 0.693056 0.035156 0.088889 2 0.804199 0.851953 0.629861 0.047656 0.123611 3 0.759277 0.353516 0.946528 0.103906 0.106944 3 0.751953 0.736719 0.564583 0.05625 0.106944 0 0.729492 0.219531 0.738194 0.034375 0.095833 1 0.705566 0.380078 0.847222 0.032031 0.075 0 0.699219 0.773047 0.4875 0.027344 0.058333 0 0.694336 0.252344 0.888889 0.0375 0.094444 1 0.677246 0.246875 0.797917 0.023438 0.079167 1 0.665527 0.907813 0.726389 0.039062 0.063889 10 0.626953 0.053125 0.860417 0.10625 0.279167 1 0.57959 0.620313 0.472222 0.015625 0.052778 0 0.577637 0.035156 0.695139 0.051562 0.090278 1 0.451416 0.124219 0.773611 0.034375 0.072222 0 0.40918 0.181641 0.779861 0.028906 0.0875 10 0.381104 0.420703 0.398611 0.092969 0.111111 0 0.381104 0.108594 0.711111 0.053125 0.086111 7 0.377441 0.204297 0.942361 0.085156 0.115278 2 0.352295 0.469922 0.477778 0.030469 0.05 3 0.341553 0.490234 0.441667 0.038281 0.058333 4 0.291016 0.851953 0.629861 0.046094 0.118056 9 0.262939 0.204687 0.941667 0.085938 0.116667 1 0.23938 0.994531 0.909722 0.010937 0.108333 0 0.237915 0.994141 0.708333 0.011719 0.086111 0 0.221313 0.3375 0.617361 0.029687 0.056944 0 0.169922 0.992188 0.646528 0.015625 0.068056 1 0.124634 0.990625 0.915278 0.01875 0.111111 10 0.106689 0.292187 0.371528 0.071875 0.109722 1 0.068054 0.996484 0.775 0.007031 0.088889 0 0.064636 0.448437 0.423611 0.020313 0.05 1 0.063965 0.18125 0.779167 0.028125 0.088889 0 0.054413 0.992969 0.677083 0.014063 0.134722 0 0.044189 0.994141 0.925694 0.011719 0.104167 10 0.037323 0.481641 0.354167 0.066406 0.088889 2 0.03125 0.511719 0.372222 0.020313 0.044444 0 0.024338 0.470313 0.417361 0.01875 0.048611 3 0.018341 0.979688 0.578472 0.040625 0.115278 0 0.018265 0.991406 0.704861 0.017188 0.120833 0 0.014732 0.959375 0.652083 0.023438 0.073611 1 0.013687 0.794531 0.7875 0.026562 0.105556 0 0.013123 0.238672 0.464583 0.016406 0.040278 0 0.013123 0.994922 0.736806 0.010156 0.131944 2 0.01178 0.978516 0.575694 0.042969 0.115278 3 0.01107 0.008203 0.259028 0.016406 0.034722 2 0.01033 0.066016 0.629861 0.047656 0.081944 1 0.009819 0.616797 0.472222 0.027344 0.058333 1 0.00956 0.133984 0.969444 0.035156 0.058333 4 0.009087 0.978125 0.576389 0.04375 0.116667 0 0.008644 0.671875 0.38125 0.026562 0.051389 1 0.007462 0.066797 0.633333 0.044531 0.077778 2 0.007431 0.995703 0.886806 0.008594 0.129167 1 0.006363 0.621484 0.483333 0.021094 0.063889 2 0.005512 0.348828 0.420139 0.024219 0.051389 0 0.004539 0.926172 0.539583 0.019531 0.059722 10 0.003824 0.988281 0.575694 0.023438 0.179167 0 0.003376 0.348828 0.420833 0.024219 0.052778 1 0.003052 0.990625 0.779167 0.01875 0.088889 6 0.002947 0.983984 0.589583 0.032031 0.168056 10 0.00289 0.994141 0.510417 0.011719 0.129167 2 0.00289 0.008594 0.5875 0.017188 0.083333 0 0.002502 0.989453 0.925 0.021094 0.113889 0 0.002462 0.005469 0.578472 0.010937 0.093056 4 0.002226 0.938672 0.522222 0.049219 0.091667 0 0.002199 0.146484 0.997222 0.116406 0.005556 2 0.002165 0.989453 0.888194 0.021094 0.140278 1 0.002108 0.209766 0.504167 0.027344 0.047222 0 0.001867 0.977734 0.56875 0.042969 0.098611 5 0.001861 0.992969 0.543056 0.014063 0.119444 2 0.001839 0.748828 0.364583 0.017969 0.043056 10 0.001789 0.991406 0.538194 0.017188 0.198611 1 0.001768 0.167578 0.545139 0.017969 0.051389 0 0.001714 0.142187 0.552778 0.020313 0.061111 0 0.001707 0.167969 0.546528 0.017188 0.054167 3 0.001592 0.007031 0.595833 0.014063 0.086111 1 0.001561 0.916797 0.961806 0.027344 0.073611 0 0.001501 0.107031 0.74375 0.051562 0.095833 1 0.001472 0.181641 0.765278 0.021094 0.069444 0 0.001383 0.207422 0.511806 0.032031 0.065278 0 0.001372 0.817187 0.439583 0.015625 0.043056 1 0.001372 0.982812 0.90625 0.034375 0.115278 0 0.001305 0.905078 0.555556 0.022656 0.072222 1 0.001285 0.004297 0.701389 0.008594 0.080556 0 0.001274 0.035937 0.673611 0.039062 0.080556 1 0.001274 0.990625 0.730556 0.01875 0.113889 0 0.001265 0.762109 0.3875 0.017969 0.047222 2 0.001249 0.938672 0.523611 0.044531 0.088889 1 0.001116 0.375781 0.590278 0.023438 0.052778 1 0.001107 0.016797 0.723611 0.027344 0.052778 1 0.001057 0.005078 0.719444 0.010156 0.080556 10 0.001 0.990625 0.704167 0.01875 0.238889 12 0.000989 0.050391 0.478472 0.100781 0.298611 10 0.000947 0.048438 0.479861 0.095312 0.290278 0 0.000911 0.9375 0.522222 0.048438 0.091667 0 0.000897 0.123438 0.584722 0.035937 0.061111 11 0.000883 0.016406 0.540278 0.032813 0.113889 1 0.000849 0.805078 0.469444 0.014844 0.044444 0 0.000849 0.805469 0.46875 0.015625 0.045833 0 0.000779 0.133203 0.970139 0.033594 0.059722 0 0.00075 0.473047 0.408333 0.019531 0.047222 0 0.000747 0.996484 0.8125 0.007031 0.113889 2 0.000732 0.709766 0.285417 0.016406 0.031944 2 0.000721 0.537109 0.36875 0.017969 0.040278 1 0.00071 0.009766 0.586806 0.019531 0.084722 1 0.000701 0.003906 0.734722 0.007812 0.075 0 0.000682 0.003516 0.680556 0.007031 0.072222 0 0.000659 0.323828 0.418056 0.021094 0.047222 2 0.000636 0.990625 0.675 0.01875 0.225 2 0.000607 0.992969 0.559722 0.014063 0.144444 10 0.000607 0.010547 0.554861 0.021094 0.154167 0 0.000607 0.009766 0.5875 0.019531 0.083333 3 0.0006 0.730078 0.257639 0.016406 0.031944 10 0.000577 0.979297 0.577778 0.041406 0.147222 0 0.000538 0.909766 0.545833 0.019531 0.066667 0 0.000527 0.3 0.427083 0.025 0.045833 0 0.000509 0.899219 0.459722 0.025 0.055556 0 0.000504 0.045312 0.667361 0.073438 0.129167
CCTV01^20260318-110000-20260318-120000_000259,10 0.907227 0.078906 0.733333 0.140625 0.308333 10 0.905762 0.103125 0.518056 0.154688 0.175 2 0.891113 0.922266 0.649306 0.061719 0.118056 10 0.882812 0.206641 0.432639 0.100781 0.131944 3 0.878418 0.266406 0.840972 0.05625 0.123611 3 0.868652 0.524609 0.878472 0.063281 0.190278 3 0.867188 0.295703 0.633333 0.061719 0.077778 7 0.82666 0.25625 0.540972 0.04375 0.076389 2 0.820801 0.330859 0.758333 0.038281 0.1 2 0.81543 0.283594 0.7125 0.0375 0.091667 3 0.813965 0.201953 0.76875 0.060156 0.123611 10 0.796875 0.417969 0.410417 0.098437 0.126389 2 0.789062 0.810156 0.550694 0.028125 0.065278 3 0.779785 0.375 0.590972 0.0625 0.068056 3 0.764648 0.50625 0.442361 0.034375 0.0625 0 0.762207 0.757031 0.49375 0.023438 0.0625 2 0.753418 0.433203 0.459722 0.038281 0.063889 2 0.740234 0.819531 0.720833 0.0375 0.097222 3 0.732422 0.453125 0.480556 0.042188 0.05 0 0.702637 0.236719 0.614583 0.029687 0.073611 1 0.673828 0.345313 0.552083 0.023438 0.054167 0 0.642578 0.321094 0.48125 0.023438 0.054167 0 0.642578 0.217969 0.579861 0.023438 0.0625 1 0.618652 0.345703 0.826389 0.027344 0.069444 1 0.588867 0.321094 0.659722 0.017188 0.058333 8 0.577637 0.305078 0.938194 0.119531 0.123611 1 0.57373 0.055859 0.9375 0.047656 0.077778 1 0.550781 0.291797 0.488194 0.014844 0.048611 0 0.46875 0.825391 0.45 0.021094 0.052778 0 0.464844 0.979297 0.838194 0.041406 0.118056 1 0.375732 0.907422 0.833333 0.027344 0.094444 0 0.310791 0.628516 0.56875 0.025781 0.070833 2 0.299072 0.290625 0.436111 0.023438 0.047222 1 0.256836 0.877344 0.529167 0.020313 0.055556 0 0.222656 0.172656 0.6 0.023438 0.061111 0 0.20752 0.348047 0.422222 0.022656 0.047222 1 0.146606 0.364063 0.44375 0.017188 0.045833 4 0.113953 0.96875 0.961111 0.060937 0.077778 6 0.083313 0.505469 0.376389 0.059375 0.088889 0 0.082397 0.818359 0.503472 0.016406 0.045833 0 0.082092 0.208203 0.523611 0.030469 0.055556 1 0.078369 0.818359 0.502778 0.016406 0.044444 2 0.075867 0.024609 0.649306 0.046094 0.079167 3 0.072388 0.008594 0.7375 0.017188 0.113889 0 0.066833 0.876172 0.534028 0.021094 0.059722 0 0.063721 0.96875 0.961806 0.060937 0.076389 0 0.062805 0.994922 0.695139 0.010156 0.076389 1 0.046387 0.25625 0.4875 0.01875 0.044444 3 0.035278 0.090234 0.980556 0.089844 0.038889 1 0.035004 0.7875 0.4625 0.01875 0.055556 3 0.034088 0.659766 0.34375 0.022656 0.056944 4 0.031143 0.638672 0.375694 0.025781 0.059722 0 0.026657 0.275781 0.457639 0.01875 0.0375 1 0.020172 0.171094 0.596528 0.025 0.065278 0 0.019714 0.778125 0.409722 0.017188 0.044444 3 0.01799 0.008203 0.261111 0.016406 0.036111 3 0.016785 0.987109 0.588889 0.025781 0.108333 0 0.016464 0.751563 0.390972 0.017188 0.043056 1 0.015541 0.341406 0.472917 0.0125 0.043056 0 0.014008 0.189062 0.526389 0.017188 0.05 1 0.013428 0.996094 0.75 0.007812 0.094444 0 0.012871 0.996094 0.728472 0.007812 0.131944 0 0.012627 0.237891 0.595833 0.024219 0.055556 1 0.011467 0.252344 0.49375 0.023438 0.043056 3 0.010406 0.995313 0.71875 0.009375 0.148611 1 0.008781 0.317969 0.645833 0.021875 0.080556 2 0.007259 0.659766 0.34375 0.025781 0.056944 1 0.006439 0.347266 0.424306 0.022656 0.051389 3 0.005642 0.483984 0.820139 0.063281 0.095833 0 0.005386 0.349609 0.385417 0.017969 0.0375 0 0.00502 0.995703 0.779861 0.008594 0.1125 10 0.00502 0.048438 0.661806 0.096875 0.304167 1 0.004791 0.014844 0.594444 0.028125 0.066667 0 0.004383 0.631641 0.575 0.038281 0.091667 3 0.004215 0.094141 0.979861 0.067969 0.040278 10 0.003027 0.493359 0.338889 0.064844 0.102778 2 0.003004 0.014844 0.59375 0.028125 0.065278 5 0.002947 0.991797 0.714583 0.016406 0.176389 4 0.002602 0.983594 0.858333 0.03125 0.180556 1 0.002571 0.052344 0.957639 0.040625 0.070833 4 0.002512 0.977734 0.579861 0.042969 0.123611 1 0.002453 0.539062 0.433333 0.017188 0.044444 10 0.002398 0.008984 0.731944 0.017969 0.311111 0 0.002323 0.976953 0.566667 0.041406 0.097222 0 0.002296 0.259766 0.427778 0.017969 0.041667 7 0.002226 0.287109 0.941667 0.080469 0.116667 0 0.002132 0.751953 0.4125 0.014844 0.036111 10 0.00205 0.994531 0.349306 0.010937 0.154167 3 0.00205 0.991797 0.722222 0.016406 0.163889 1 0.00202 0.966797 0.961806 0.060156 0.076389 0 0.001942 0.776563 0.419444 0.015625 0.041667 7 0.001897 0.637891 0.376389 0.027344 0.061111 10 0.001861 0.296875 0.373611 0.0625 0.105556 1 0.001824 0.290625 0.5 0.020313 0.063889 1 0.001636 0.971094 0.671528 0.01875 0.0625 9 0.001585 0.256641 0.540972 0.042969 0.076389 2 0.001574 0.276562 0.452083 0.017188 0.040278 1 0.001574 0.144922 0.552778 0.025781 0.055556 0 0.001346 0.996094 0.675 0.007812 0.108333 4 0.001202 0.9375 0.515972 0.048438 0.098611 0 0.001073 0.144141 0.552778 0.025781 0.055556 10 0.000978 0.991797 0.580556 0.016406 0.125 3 0.00097 0.994141 0.604167 0.011719 0.083333 7 0.00088 0.275 0.402083 0.028125 0.048611 10 0.000779 0.986719 0.607639 0.026562 0.193056 1 0.000764 0.724609 0.470833 0.013281 0.052778 4 0.000755 0.479297 0.815972 0.071094 0.101389 7 0.000752 0.075781 0.98125 0.13125 0.0375 1 0.000732 0.335156 0.659028 0.017188 0.068056 2 0.00073 0.296875 0.424306 0.021875 0.043056 1 0.00069 0.790234 0.584028 0.019531 0.056944 0 0.000688 0.996094 0.63125 0.007812 0.098611 10 0.000612 0.048438 0.486111 0.095312 0.313889 0 0.000591 0.725781 0.329861 0.015625 0.043056 1 0.000586 0.730469 0.475694 0.025 0.0625 10 0.000579 0.992969 0.533333 0.014063 0.102778 1 0.000579 0.914844 0.834028 0.054688 0.106944 0 0.000577 0.951562 0.618056 0.01875 0.061111 2 0.000542 0.988281 0.835417 0.023438 0.2375 0 0.00054 0.215234 0.536111 0.030469 0.066667 10 0.000525 0.990625 0.346528 0.01875 0.1625
CCTV01^20260318-110000-20260318-120000_000263,10 0.922852 0.104297 0.523611 0.152344 0.183333 9 0.909668 0.278906 0.645139 0.071875 0.1375 10 0.902344 0.207031 0.428472 0.101562 0.123611 10 0.895996 0.155078 0.5875 0.127344 0.219444 6 0.891113 0.401172 0.455556 0.064844 0.091667 4 0.888184 0.332813 0.916667 0.06875 0.15 3 0.85498 0.177344 0.802083 0.070312 0.115278 3 0.854004 0.254297 0.802778 0.061719 0.119444 3 0.833496 0.524609 0.879861 0.064844 0.190278 0 0.775879 0.736328 0.615972 0.025781 0.076389 0 0.760742 0.787109 0.615278 0.025781 0.072222 3 0.756348 0.444141 0.479167 0.042969 0.05 4 0.756348 0.394922 0.531944 0.047656 0.080556 0 0.747559 0.307422 0.486111 0.022656 0.058333 3 0.732422 0.289453 0.572222 0.052344 0.058333 0 0.730957 0.857422 0.628472 0.028906 0.090278 0 0.730957 0.788281 0.717361 0.029687 0.090278 0 0.723145 0.330078 0.652083 0.025781 0.073611 2 0.72168 0.484766 0.444444 0.028906 0.052778 1 0.715332 0.215234 0.655556 0.022656 0.063889 0 0.702637 0.264062 0.547917 0.026562 0.059722 5 0.695801 0.471875 0.413889 0.040625 0.055556 1 0.660156 0.353516 0.496528 0.017969 0.048611 0 0.577637 0.626172 0.569444 0.027344 0.072222 0 0.550781 0.904297 0.648611 0.028906 0.083333 3 0.539062 0.217188 0.959028 0.073438 0.081944 10 0.538086 0.01875 0.655556 0.0375 0.255556 3 0.523438 0.510938 0.4125 0.029687 0.044444 3 0.466797 0.119922 0.951389 0.089844 0.097222 4 0.458984 0.926172 0.892361 0.132031 0.2125 1 0.455078 0.241016 0.604861 0.021094 0.059722 10 0.24939 0.492969 0.348611 0.079687 0.097222 0 0.192505 0.258984 0.475694 0.022656 0.048611 3 0.171021 0.471875 0.413194 0.040625 0.054167 1 0.131226 0.99375 0.720833 0.0125 0.094444 1 0.128052 0.395703 0.392361 0.016406 0.040278 1 0.124634 0.7375 0.947222 0.023438 0.063889 10 0.116333 0.01875 0.845139 0.0375 0.309722 0 0.105591 0.769531 0.409722 0.01875 0.05 4 0.105591 0.293359 0.448611 0.032031 0.063889 0 0.101929 0.994922 0.719444 0.010156 0.094444 1 0.098755 0.902734 0.653472 0.024219 0.076389 7 0.075012 0.016797 0.820833 0.033594 0.161111 3 0.071594 0.529687 0.377083 0.029687 0.040278 10 0.068787 0.047266 0.671528 0.094531 0.195833 9 0.063721 0.017188 0.816667 0.034375 0.180556 9 0.05481 0.919141 0.892361 0.117969 0.215278 2 0.044189 0.294141 0.45 0.032031 0.061111 0 0.037903 0.991797 0.727778 0.016406 0.088889 10 0.037201 0.659766 0.326389 0.039844 0.108333 1 0.033844 0.742188 0.452778 0.017188 0.047222 1 0.030334 0.989453 0.634722 0.019531 0.061111 1 0.027588 0.710547 0.777778 0.022656 0.086111 4 0.017441 0.015625 0.818056 0.03125 0.202778 2 0.013428 0.91875 0.888194 0.120313 0.209722 0 0.013168 0.830469 0.711806 0.025 0.079167 3 0.012527 0.735156 0.386111 0.028125 0.05 0 0.011292 0.90625 0.619444 0.028125 0.075 0 0.010529 0.373437 0.425 0.014063 0.033333 3 0.010246 0.75 0.365972 0.023438 0.0375 10 0.009743 0.016016 0.601389 0.032031 0.147222 0 0.00927 0.992578 0.636806 0.014844 0.073611 6 0.008377 0.047266 0.670833 0.094531 0.186111 1 0.007233 0.979297 0.696528 0.016406 0.090278 10 0.006905 0.012891 0.715278 0.025781 0.322222 0 0.006771 0.272656 0.444444 0.014063 0.047222 3 0.006718 0.008203 0.2625 0.016406 0.033333 1 0.006168 0.224219 0.583333 0.014063 0.055556 10 0.005981 0.301563 0.377083 0.054688 0.104167 0 0.005386 0.266016 0.451389 0.025781 0.052778 2 0.005322 0.978516 0.581944 0.042969 0.130556 3 0.00528 0.517188 0.388889 0.026562 0.027778 4 0.00502 0.9375 0.518056 0.046875 0.086111 0 0.004963 0.985547 0.604167 0.028906 0.155556 2 0.004944 0.991406 0.611111 0.017188 0.122222 1 0.004868 0.371875 0.422917 0.014063 0.0375 1 0.004539 0.983984 0.709722 0.021094 0.127778 1 0.00423 0.348438 0.494444 0.032813 0.058333 3 0.004166 0.013672 0.8125 0.027344 0.191667 4 0.00407 0.047266 0.665278 0.094531 0.127778 1 0.00387 0.831641 0.7125 0.027344 0.083333 10 0.003622 0.994141 0.5125 0.011719 0.116667 7 0.003351 0.927344 0.889583 0.134375 0.2125 0 0.003273 0.347266 0.3875 0.016406 0.041667 0 0.002823 0.996094 0.699306 0.007812 0.104167 0 0.002823 0.995313 0.752083 0.009375 0.109722 10 0.002768 0.982031 0.604861 0.035937 0.198611 12 0.002611 0.274219 0.401389 0.034375 0.058333 10 0.00255 0.988281 0.586111 0.023438 0.183333 1 0.002462 0.370312 0.395139 0.0125 0.031944 1 0.002314 0.4375 0.411111 0.020313 0.038889 1 0.002287 0.981641 0.722917 0.024219 0.073611 1 0.002199 0.740234 0.944444 0.041406 0.086111 0 0.00215 0.376953 0.436806 0.021094 0.056944 1 0.002115 0.246875 0.872222 0.023438 0.072222 1 0.001972 0.383203 0.409722 0.022656 0.041667 1 0.001957 0.023047 0.726389 0.035156 0.075 10 0.001904 0.047266 0.511806 0.094531 0.354167 2 0.001623 0.938281 0.518056 0.045312 0.088889 1 0.001536 0.522656 0.445139 0.014063 0.043056 10 0.001501 0.990234 0.661806 0.019531 0.240278 0 0.001484 0.023438 0.7 0.045312 0.113889 3 0.001444 0.738281 0.310417 0.01875 0.034722 1 0.001444 0.738281 0.447222 0.023438 0.05 7 0.001346 0.274609 0.401389 0.033594 0.058333 1 0.001341 0.538281 0.434722 0.017188 0.038889 4 0.00133 0.011719 0.778472 0.023438 0.140278 0 0.00123 0.255078 0.456944 0.024219 0.055556 8 0.001206 0.274219 0.401389 0.032813 0.058333 4 0.001121 0.007031 0.800694 0.014063 0.173611 3 0.001103 0.519141 0.376389 0.022656 0.036111 0 0.001103 0.980469 0.691667 0.01875 0.097222 12 0.001099 0.384766 0.996528 0.124219 0.006944 1 0.001008 0.825391 0.498611 0.016406 0.052778 1 0.001 0.983984 0.675 0.021094 0.088889 10 0.000849 0.009766 0.215278 0.019531 0.108333 3 0.00083 0.00625 0.271528 0.0125 0.054167 10 0.000804 0.990625 0.529861 0.01875 0.109722 1 0.000779 0.341406 0.4875 0.026562 0.052778 0 0.000744 0.758594 0.491667 0.023438 0.052778 0 0.000732 0.451953 0.448611 0.024219 0.044444 1 0.000721 0.357422 0.503472 0.033594 0.065278 6 0.000664 0.979297 0.604167 0.041406 0.183333 10 0.000646 0.991797 0.543056 0.016406 0.194444 1 0.000634 0.36875 0.389583 0.014063 0.0375 10 0.000627 0.698438 0.254861 0.025 0.0625 1 0.000612 0.896875 0.647917 0.039062 0.0875 1 0.00057 0.481641 0.446528 0.030469 0.051389 1 0.00057 0.736719 0.960417 0.03125 0.068056 1 0.000566 0.348828 0.388194 0.019531 0.043056 3 0.000515 0.439844 0.507639 0.046875 0.045833
CCTV01^20260318-110000-20260318-120000_000267,10 0.893066 0.253516 0.489583 0.138281 0.1625 3 0.892578 0.524609 0.879167 0.064844 0.191667 10 0.890625 0.770703 0.596528 0.124219 0.245833 10 0.881836 0.208203 0.431944 0.105469 0.133333 10 0.872559 0.103516 0.520833 0.153906 0.180556 4 0.867188 0.360547 0.566667 0.042969 0.091667 3 0.854004 0.310547 0.66875 0.061719 0.0875 5 0.84375 0.303906 0.583333 0.060937 0.094444 10 0.818359 0.092969 0.729861 0.184375 0.290278 3 0.810547 0.364453 0.440278 0.030469 0.05 3 0.764648 0.420312 0.463194 0.040625 0.051389 3 0.744629 0.366797 0.510417 0.058594 0.059722 0 0.740234 0.249609 0.838889 0.035156 0.094444 0 0.737305 0.234766 0.744444 0.032031 0.091667 0 0.730957 0.348438 0.925694 0.045312 0.101389 1 0.723145 0.683984 0.611111 0.021094 0.066667 2 0.705566 0.03125 0.911806 0.0625 0.115278 0 0.702637 0.860156 0.514583 0.023438 0.0625 0 0.702637 0.207031 0.677083 0.032813 0.076389 7 0.690918 0.744922 0.872222 0.061719 0.213889 0 0.686035 0.795312 0.750694 0.032813 0.095833 3 0.668945 0.4 0.536111 0.042188 0.063889 3 0.638672 0.764062 0.478472 0.029687 0.051389 2 0.631836 0.109766 0.81875 0.110156 0.143056 10 0.628906 0.025391 0.671528 0.050781 0.2875 1 0.625977 0.818359 0.929861 0.027344 0.0875 0 0.620605 0.175391 0.732639 0.039844 0.0875 2 0.613281 0.980469 0.725694 0.039062 0.093056 3 0.584961 0.622656 0.404167 0.029687 0.066667 10 0.533203 0.671875 0.386806 0.054688 0.131944 0 0.490234 0.235937 0.632639 0.032813 0.068056 10 0.424316 0.776953 0.398611 0.069531 0.113889 3 0.390381 0.480859 0.435417 0.033594 0.048611 0 0.364746 0.626953 0.574306 0.028906 0.076389 12 0.345215 0.744531 0.873611 0.0625 0.222222 0 0.276611 0.303125 0.509722 0.028125 0.063889 9 0.237915 0.456641 0.472222 0.049219 0.072222 12 0.212036 0.389844 0.384028 0.04375 0.073611 9 0.151489 0.390625 0.384028 0.042188 0.070833 4 0.151001 0.456641 0.472222 0.049219 0.072222 2 0.143188 0.846094 0.601389 0.032813 0.077778 10 0.133911 0.291406 0.370139 0.071875 0.106944 5 0.105957 0.109766 0.819444 0.113281 0.141667 1 0.05899 0.275 0.95625 0.021875 0.0625 4 0.050903 0.030469 0.919444 0.060937 0.161111 0 0.04068 0.846875 0.602778 0.03125 0.080556 10 0.035278 0.023828 0.611111 0.047656 0.172222 2 0.033478 0.51875 0.382639 0.021875 0.048611 4 0.021866 0.109375 0.819444 0.1125 0.141667 1 0.013535 0.432812 0.423611 0.01875 0.038889 3 0.011421 0.979297 0.58125 0.041406 0.120833 0 0.011375 0.340234 0.419444 0.019531 0.05 3 0.010651 0.008203 0.259028 0.016406 0.0375 6 0.01001 0.50625 0.356944 0.04375 0.072222 1 0.006958 0.720703 0.439583 0.021094 0.056944 0 0.004574 0.300781 0.526389 0.04375 0.063889 1 0.00423 0.820703 0.933333 0.050781 0.102778 3 0.00387 0.646875 0.278472 0.01875 0.034722 4 0.003389 0.978125 0.579167 0.04375 0.122222 10 0.003325 0.979297 0.579167 0.041406 0.119444 6 0.002958 0.981641 0.593056 0.036719 0.166667 0 0.00255 0.360156 0.561111 0.04375 0.077778 2 0.002453 0.004687 0.886806 0.009375 0.1125 10 0.002216 0.505469 0.35625 0.040625 0.070833 0 0.00202 0.995313 0.704167 0.009375 0.094444 0 0.002003 0.432812 0.426389 0.020313 0.041667 1 0.001987 0.6875 0.613889 0.034375 0.077778 0 0.001831 0.992969 0.735417 0.014063 0.101389 0 0.001585 0.979688 0.738194 0.039062 0.081944 2 0.001394 0.981641 0.579861 0.036719 0.129167 10 0.001372 0.988281 0.586806 0.023438 0.170833 0 0.001356 0.976953 0.570139 0.041406 0.101389 1 0.00124 0.422656 0.440972 0.0375 0.051389 4 0.001112 0.9375 0.519444 0.048438 0.1 3 0.000989 0.349609 0.430556 0.027344 0.052778 4 0.000978 0.701562 0.264583 0.023438 0.045833 1 0.00094 0.269531 0.961111 0.039062 0.069444 5 0.000886 0.992969 0.540278 0.014063 0.113889 3 0.00088 0.007031 0.996528 0.0125 0.006944 0 0.000813 0.912109 0.556944 0.016406 0.063889 10 0.000807 0.992578 0.527778 0.014844 0.113889 10 0.000792 0.028125 0.527778 0.05625 0.313889 3 0.000789 0.725781 0.359722 0.025 0.044444 1 0.000779 0.922266 0.974306 0.036719 0.045833 3 0.000767 0.003906 0.977083 0.007812 0.045833 2 0.000762 0.30625 0.554167 0.046875 0.05 10 0.000732 0.018359 0.579167 0.036719 0.116667 4 0.000591 0.50625 0.354861 0.042188 0.068056 3 0.000579 0.488281 0.443056 0.025 0.058333 0 0.00054 0.171094 0.620139 0.026562 0.065278
CCTV01^20260318-110000-20260318-120000_000271,10 0.914551 0.104297 0.527778 0.153906 0.194444 10 0.888184 0.144531 0.644444 0.189062 0.255556 10 0.883789 0.207031 0.43125 0.103125 0.134722 3 0.875 0.737891 0.893056 0.061719 0.158333 3 0.866211 0.525 0.878472 0.065625 0.190278 10 0.857422 0.819141 0.647917 0.153906 0.281944 3 0.841797 0.711719 0.60625 0.051562 0.090278 6 0.838867 0.864453 0.541667 0.092969 0.186111 10 0.838379 0.345313 0.429861 0.1375 0.140278 2 0.829102 0.347266 0.498611 0.046094 0.075 3 0.790527 0.388672 0.563889 0.050781 0.072222 1 0.773438 0.304297 0.621528 0.027344 0.0625 7 0.771973 0.230859 0.750694 0.053906 0.1375 0 0.720215 0.265625 0.574306 0.023438 0.059722 1 0.715332 0.896484 0.861111 0.027344 0.086111 0 0.713867 0.306641 0.538194 0.022656 0.059722 1 0.712402 0.316016 0.961111 0.033594 0.075 2 0.708984 0.438281 0.461806 0.026562 0.056944 3 0.708984 0.729297 0.494444 0.036719 0.072222 0 0.704102 0.305078 0.850694 0.035156 0.109722 0 0.697754 0.257422 0.877083 0.039844 0.104167 3 0.680664 0.473438 0.432639 0.034375 0.045833 10 0.655762 0.025781 0.641667 0.051562 0.216667 9 0.644043 0.630859 0.421528 0.036719 0.101389 0 0.618652 0.630078 0.574306 0.025781 0.068056 3 0.59082 0.471094 0.479167 0.039062 0.052778 2 0.59082 0.980469 0.728472 0.039062 0.0875 0 0.57959 0.905078 0.942361 0.044531 0.098611 0 0.552734 0.258594 0.522917 0.021875 0.0625 2 0.53125 0.021484 0.952083 0.042969 0.095833 2 0.519531 0.809375 0.489583 0.023438 0.054167 2 0.343262 0.789453 0.454167 0.022656 0.055556 1 0.305664 0.383203 0.516667 0.017969 0.038889 8 0.217285 0.230469 0.751389 0.053125 0.138889 0 0.197388 0.951953 0.609722 0.036719 0.077778 1 0.136597 0.996094 0.790972 0.007812 0.079167 0 0.128052 0.765234 0.441667 0.019531 0.052778 4 0.120422 0.509766 0.39375 0.032031 0.054167 1 0.113159 0.689844 0.40625 0.010937 0.043056 3 0.109314 0.440234 0.386111 0.047656 0.047222 6 0.103394 0.019141 0.839583 0.038281 0.315278 10 0.092346 0.019141 0.833333 0.038281 0.288889 7 0.078613 0.509766 0.39375 0.032031 0.054167 0 0.059418 0.996094 0.7875 0.007812 0.077778 9 0.037476 0.019531 0.789583 0.039062 0.190278 0 0.037048 0.617969 0.574306 0.046875 0.068056 0 0.036621 0.275 0.494444 0.021875 0.05 2 0.032837 0.01875 0.78125 0.0375 0.170833 1 0.025757 0.417187 0.448611 0.023438 0.047222 11 0.025375 0.01875 0.821528 0.0375 0.190278 2 0.024796 0.951172 0.608333 0.036719 0.080556 1 0.020798 0.771484 0.475694 0.016406 0.0375 4 0.019562 0.422266 0.430556 0.030469 0.069444 1 0.018188 0.707422 0.419444 0.016406 0.044444 1 0.017639 0.601953 0.4125 0.016406 0.047222 2 0.014389 0.988281 0.595833 0.023438 0.097222 3 0.013481 0.988281 0.594444 0.023438 0.102778 3 0.012573 0.509766 0.394444 0.032031 0.055556 2 0.012573 0.011328 0.756944 0.022656 0.116667 0 0.01178 0.418359 0.444444 0.024219 0.052778 3 0.01017 0.529687 0.365278 0.025 0.038889 1 0.008034 0.991797 0.790278 0.016406 0.086111 2 0.007843 0.051172 0.98125 0.102344 0.0375 0 0.007549 0.022266 0.680556 0.032031 0.086111 1 0.007462 0.663281 0.425 0.01875 0.05 3 0.006565 0.632422 0.360417 0.024219 0.0375 0 0.005577 0.263281 0.561111 0.026562 0.055556 3 0.005512 0.627344 0.236806 0.015625 0.029167 10 0.00528 0.261719 0.363889 0.101562 0.102778 0 0.005039 0.419141 0.418056 0.024219 0.052778 0 0.004906 0.663281 0.426389 0.01875 0.05 3 0.004791 0.008594 0.256944 0.017188 0.041667 0 0.004791 0.429688 0.425694 0.029687 0.056944 3 0.003914 0.525391 0.372222 0.017969 0.038889 1 0.003651 0.989453 0.600694 0.021094 0.093056 1 0.003483 0.700391 0.402083 0.016406 0.051389 3 0.003273 0.082422 0.981944 0.164844 0.036111 2 0.00321 0.004297 0.865278 0.008594 0.083333 0 0.003172 0.326172 0.998611 0.102344 0.002778 2 0.003099 0.425391 0.426389 0.035156 0.058333 1 0.003075 0.70625 0.404861 0.014063 0.056944 2 0.003052 0.631641 0.09375 0.028906 0.0625 1 0.00304 0.677734 0.377083 0.013281 0.040278 1 0.002935 0.605078 0.574306 0.021094 0.056944 0 0.002653 0.226172 0.514583 0.021094 0.051389 0 0.002632 0.017969 0.704861 0.032813 0.101389 2 0.002453 0.008984 0.735417 0.017969 0.084722 2 0.002424 0.018359 0.745833 0.036719 0.094444 1 0.002398 0.314453 0.964583 0.057031 0.070833 5 0.002287 0.055469 0.98125 0.110937 0.0375 11 0.002043 0.015625 0.834028 0.03125 0.331944 1 0.00202 0.023828 0.677778 0.027344 0.080556 1 0.001987 0.778906 0.502083 0.01875 0.045833 1 0.001824 0.6875 0.393056 0.014063 0.052778 0 0.001824 0.790625 0.440278 0.023438 0.061111 9 0.001741 0.060937 0.98125 0.121875 0.0375 1 0.0017 0.902734 0.868056 0.041406 0.108333 4 0.001649 0.073438 0.98125 0.146875 0.0375 10 0.001642 0.010547 0.218056 0.021094 0.122222 0 0.001536 0.791797 0.422222 0.022656 0.041667 10 0.001461 0.990234 0.569444 0.019531 0.175 10 0.001367 0.021094 0.604167 0.042188 0.144444 0 0.001285 0.996484 0.820833 0.007031 0.116667 0 0.001216 0.634375 0.584028 0.034375 0.090278 2 0.001206 0.334375 0.999306 0.110937 0.001389 1 0.001174 0.332031 0.986111 0.092188 0.027778 0 0.001134 0.979297 0.740278 0.036719 0.077778 1 0.001057 0.309375 0.632639 0.034375 0.076389 1 0.001024 0.585156 0.483333 0.01875 0.052778 0 0.001017 0.842578 0.432639 0.022656 0.045833 1 0.000985 0.995313 0.630556 0.009375 0.077778 0 0.000958 0.201953 0.494444 0.030469 0.063889 0 0.000926 0.996484 0.664583 0.007031 0.0875 1 0.000918 0.375781 0.510417 0.025 0.051389 2 0.000918 0.008203 0.847222 0.016406 0.111111 1 0.000894 0.384766 0.50625 0.024219 0.048611 1 0.000839 0.428906 0.459028 0.035937 0.051389 12 0.00075 0.060156 0.98125 0.120313 0.0375 1 0.000696 0.350391 0.502778 0.042969 0.075 10 0.000682 0.021094 0.524306 0.042188 0.320833 10 0.000664 0.992969 0.513889 0.014063 0.116667 0 0.000659 0.019922 0.818056 0.039844 0.161111 1 0.000641 0.775391 0.508333 0.027344 0.052778 12 0.000607 0.735156 0.990278 0.146875 0.019444 10 0.000586 0.039062 0.51875 0.078125 0.334722 0 0.000555 0.707031 0.420833 0.01875 0.052778 1 0.000532 0.376563 0.5875 0.028125 0.05 11 0.00053 0.012109 0.21875 0.024219 0.120833 1 0.000501 0.537891 0.427778 0.017969 0.044444
CCTV01^20260318-110000-20260318-120000_000275,6 0.96582 0.908594 0.63125 0.11875 0.234722 10 0.911621 0.228516 0.565278 0.174219 0.211111 9 0.894043 0.723437 0.622222 0.078125 0.172222 10 0.890137 0.249609 0.802778 0.127344 0.375 3 0.842773 0.524609 0.878472 0.066406 0.190278 3 0.833496 0.667578 0.582639 0.038281 0.084722 10 0.821777 0.207031 0.429167 0.103125 0.127778 10 0.796387 0.102734 0.520833 0.153906 0.180556 2 0.782715 0.862891 0.885417 0.047656 0.123611 2 0.774414 0.359375 0.466667 0.032813 0.069444 10 0.75 0.411328 0.393056 0.121094 0.125 3 0.733887 0.658984 0.519444 0.046094 0.069444 0 0.720215 0.3375 0.836111 0.035937 0.111111 2 0.720215 0.922656 0.827778 0.04375 0.111111 2 0.70752 0.85625 0.508333 0.039062 0.075 0 0.668945 0.339453 0.615278 0.025781 0.069444 1 0.637207 0.395313 0.548611 0.021875 0.055556 1 0.615234 0.326562 0.677083 0.01875 0.065278 0 0.613281 0.8875 0.710417 0.04375 0.090278 3 0.592773 0.430078 0.470833 0.049219 0.063889 0 0.57959 0.881641 0.816667 0.042969 0.102778 10 0.524414 0.024609 0.680556 0.049219 0.252778 0 0.523438 0.322656 0.488889 0.021875 0.052778 1 0.521484 0.752344 0.524306 0.01875 0.059722 10 0.516602 0.067969 0.786111 0.135937 0.338889 1 0.507812 0.317578 0.963194 0.035156 0.070833 6 0.505859 0.801953 0.718056 0.071094 0.222222 1 0.492188 0.691016 0.734722 0.022656 0.075 1 0.439697 0.307812 0.905556 0.026562 0.086111 1 0.437744 0.779297 0.585417 0.021094 0.056944 10 0.431152 0.104297 0.844444 0.208594 0.311111 2 0.405518 0.982031 0.807639 0.035937 0.101389 3 0.341553 0.816016 0.593056 0.036719 0.072222 2 0.320801 0.830859 0.447222 0.024219 0.052778 3 0.275146 0.489844 0.427778 0.035937 0.052778 0 0.230957 0.982031 0.658333 0.032813 0.075 5 0.176636 0.982031 0.905556 0.035937 0.188889 6 0.129883 0.982031 0.905556 0.035937 0.188889 10 0.09436 0.982031 0.903472 0.035937 0.193056 3 0.038177 0.982812 0.907639 0.034375 0.184722 3 0.036774 0.848828 0.971528 0.058594 0.056944 0 0.034882 0.99375 0.711806 0.0125 0.104167 0 0.033966 0.773047 0.399306 0.019531 0.045833 2 0.030914 0.007422 0.861111 0.014844 0.091667 2 0.030212 0.984375 0.909028 0.03125 0.181944 0 0.024521 0.327734 0.438194 0.016406 0.045833 0 0.024048 0.990625 0.726389 0.01875 0.094444 0 0.02211 0.983984 0.909028 0.032031 0.181944 2 0.018478 0.9875 0.876389 0.025 0.141667 2 0.018341 0.123828 0.661111 0.033594 0.072222 2 0.017776 0.028516 0.828472 0.057031 0.109722 0 0.016922 0.992188 0.666667 0.015625 0.091667 1 0.016022 0.731641 0.431944 0.030469 0.058333 1 0.013329 0.693359 0.736111 0.044531 0.086111 3 0.01017 0.632422 0.309722 0.019531 0.038889 0 0.009674 0.875 0.798611 0.042188 0.108333 3 0.009232 0.514844 0.377083 0.026562 0.040278 10 0.007755 0.011328 0.216667 0.022656 0.116667 2 0.006588 0.034375 0.80625 0.067187 0.076389 1 0.006439 0.202734 0.735417 0.016406 0.0625 1 0.005577 0.010156 0.870139 0.020313 0.090278 1 0.005161 0.321875 0.675 0.029687 0.083333 2 0.004383 0.013672 0.8375 0.027344 0.130556 1 0.004364 0.747656 0.523611 0.032813 0.066667 10 0.00375 0.022266 0.622917 0.044531 0.143056 0 0.003456 0.328906 0.482639 0.035937 0.065278 3 0.003376 0.838672 0.995833 0.094531 0.008333 1 0.003223 0.566016 0.4875 0.016406 0.047222 3 0.002867 0.008203 0.260417 0.016406 0.034722 3 0.00259 0.816406 0.618056 0.04375 0.125 0 0.002472 0.732812 0.424306 0.03125 0.059722 3 0.002359 0.51875 0.341667 0.025 0.036111 1 0.002165 0.829297 0.652778 0.022656 0.080556 0 0.002132 0.328906 0.446528 0.023438 0.054167 6 0.002003 0.066797 0.756944 0.133594 0.280556 6 0.001768 0.937891 0.514583 0.047656 0.093056 11 0.001727 0.295312 0.45 0.034375 0.075 6 0.001675 0.983984 0.856944 0.032031 0.266667 0 0.001438 0.870313 0.777083 0.032813 0.098611 1 0.001427 0.320703 0.893056 0.042969 0.075 3 0.001421 0.988281 0.609722 0.023438 0.138889 10 0.001421 0.987109 0.795139 0.025781 0.304167 3 0.00141 0.271484 0.577083 0.072656 0.0875 5 0.001389 0.99375 0.538194 0.0125 0.101389 10 0.001335 0.989453 0.641667 0.021094 0.225 0 0.001225 0.325 0.401389 0.017188 0.044444 1 0.001161 0.759375 0.525 0.0375 0.066667 10 0.001143 0.978125 0.61875 0.04375 0.220833 1 0.00109 0.386719 0.822222 0.01875 0.077778 4 0.001081 0.9375 0.515278 0.046875 0.091667 1 0.001078 0.694531 0.411111 0.015625 0.05 1 0.000962 0.315234 0.965972 0.058594 0.068056 10 0.000933 0.992969 0.526389 0.014063 0.105556 10 0.000922 0.989453 0.730556 0.021094 0.261111 10 0.000813 0.994922 0.352778 0.010156 0.158333 12 0.000755 0.295703 0.450694 0.035156 0.079167 1 0.000727 0.867969 0.79375 0.042188 0.098611 1 0.000612 0.207813 0.733333 0.025 0.069444 3 0.000597 0.829688 0.972222 0.10625 0.055556 10 0.000596 0.011719 0.584028 0.023438 0.2875 3 0.00057 0.847656 0.983333 0.085938 0.033333 2 0.000568 0.989453 0.681944 0.021094 0.236111 5 0.000566 0.814844 0.611806 0.046875 0.109722 3 0.000557 0.244141 0.938194 0.097656 0.109722 12 0.000557 0.344141 0.993056 0.116406 0.013889 10 0.00054 0.991406 0.532639 0.017188 0.201389 0 0.000532 0.231641 0.772222 0.033594 0.080556 10 0.000527 0.028516 0.579861 0.055469 0.281944 1 0.000519 0.313672 0.946528 0.035156 0.073611
CCTV01^20260318-110000-20260318-120000_000279,10 0.925293 0.103125 0.529167 0.15625 0.197222 10 0.881836 0.166406 0.773611 0.167187 0.358333 10 0.881348 0.300781 0.641667 0.11875 0.263889 3 0.872559 0.731641 0.704861 0.050781 0.115278 3 0.871582 0.524609 0.878472 0.064844 0.190278 3 0.859863 0.768359 0.8375 0.057031 0.147222 10 0.859375 0.206641 0.430556 0.102344 0.130556 10 0.853516 0.3625 0.459028 0.129688 0.151389 3 0.818848 0.237891 0.91875 0.077344 0.145833 3 0.808105 0.750391 0.946528 0.063281 0.106944 3 0.799316 0.929297 0.875694 0.094531 0.159722 10 0.776855 0.176953 0.609028 0.189844 0.2375 10 0.757812 0.489063 0.347222 0.079687 0.108333 3 0.744629 0.379688 0.946528 0.104688 0.106944 11 0.741699 0.745313 0.5375 0.1 0.194444 2 0.651367 0.810156 0.456944 0.025 0.055556 10 0.648926 0.954688 0.761806 0.090625 0.293056 0 0.62793 0.059375 0.747222 0.039062 0.1 0 0.584961 0.334766 0.871528 0.038281 0.084722 9 0.57959 0.839063 0.902083 0.095312 0.195833 0 0.571777 0.329297 0.770833 0.032031 0.091667 1 0.535156 0.305469 0.827778 0.025 0.077778 2 0.373779 0.014063 0.815278 0.028125 0.136111 10 0.297363 0.68125 0.380556 0.053125 0.130556 0 0.291016 0.905469 0.628472 0.035937 0.084722 1 0.287842 0.252734 0.809028 0.030469 0.079167 11 0.174438 0.838672 0.898611 0.096094 0.202778 1 0.105225 0.633594 0.415278 0.015625 0.05 1 0.080933 0.223438 0.822917 0.026562 0.073611 0 0.052246 0.292578 0.961111 0.061719 0.072222 3 0.046539 0.014063 0.69375 0.028125 0.120833 0 0.045197 0.856641 0.493056 0.019531 0.055556 10 0.033966 0.977344 0.675694 0.045312 0.306944 6 0.03186 0.955859 0.754861 0.088281 0.284722 10 0.02626 0.01875 0.860417 0.0375 0.279167 2 0.024796 0.90625 0.628472 0.0375 0.084722 6 0.021286 0.015234 0.868056 0.030469 0.263889 4 0.019348 0.014063 0.823611 0.028125 0.158333 1 0.015305 0.432422 0.41875 0.019531 0.040278 0 0.015076 0.042969 0.683333 0.029687 0.077778 10 0.014061 0.018359 0.697917 0.036719 0.298611 10 0.013847 0.971484 0.740278 0.057031 0.366667 1 0.012146 0.016016 0.739583 0.030469 0.081944 1 0.011467 0.311719 0.834028 0.023438 0.073611 2 0.010612 0.105469 0.745139 0.040625 0.084722 0 0.009087 0.015625 0.703472 0.03125 0.1375 2 0.007259 0.015234 0.697917 0.030469 0.126389 2 0.007175 0.745313 0.348611 0.020313 0.041667 0 0.006744 0.107422 0.734028 0.039844 0.070833 3 0.006168 0.538281 0.265972 0.01875 0.031944 8 0.006145 0.837891 0.897222 0.097656 0.205556 0 0.005665 0.882031 0.535417 0.020313 0.068056 10 0.004608 0.989062 0.596528 0.021875 0.209722 0 0.004398 0.016016 0.7375 0.030469 0.080556 3 0.004166 0.712891 0.291667 0.017969 0.038889 2 0.00358 0.712891 0.292361 0.017969 0.0375 4 0.003197 0.9375 0.513889 0.05 0.094444 2 0.003147 0.014453 0.972917 0.028906 0.054167 2 0.002472 0.010156 0.779167 0.020313 0.111111 3 0.002378 0.981641 0.597222 0.036719 0.141667 10 0.002174 0.011719 0.665278 0.023438 0.269444 0 0.00214 0.333984 0.895833 0.035156 0.080556 0 0.001839 0.014453 0.760417 0.028906 0.098611 0 0.001655 0.914453 0.614583 0.030469 0.073611 1 0.001519 0.260156 0.829167 0.034375 0.080556 10 0.001305 0.976953 0.598611 0.046094 0.180556 7 0.001086 0.839453 0.9 0.096094 0.2 10 0.001012 0.982812 0.838194 0.034375 0.304167 10 0.000947 0.994141 0.345139 0.011719 0.151389 1 0.00094 0.235156 0.807639 0.04375 0.104167 10 0.000907 0.991797 0.539583 0.016406 0.206944 2 0.000823 0.044141 0.998611 0.085156 0.002778 3 0.000817 0.008984 0.663889 0.017969 0.208333 4 0.000792 0.408984 0.361111 0.028906 0.052778 3 0.000727 0.00625 0.972917 0.0125 0.054167 10 0.000688 0.015234 0.792361 0.030469 0.415278 3 0.000597 0.010937 0.609028 0.021875 0.090278 0 0.000577 0.103125 0.719444 0.034375 0.05 0 0.000573 0.007812 0.746528 0.015625 0.084722 0 0.000546 0.992969 0.519444 0.014063 0.108333 0 0.000542 0.974609 0.565972 0.046094 0.098611 0 0.000519 0.884375 0.549306 0.01875 0.068056
CCTV01^20260318-110000-20260318-120000_000283,10 0.893066 0.816016 0.688194 0.146094 0.309722 10 0.879395 0.265234 0.600694 0.139844 0.2375 3 0.872559 0.525 0.878472 0.065625 0.190278 10 0.861816 0.361719 0.453472 0.125 0.145833 3 0.859863 0.326172 0.841667 0.067969 0.125 11 0.851074 0.670312 0.466667 0.048438 0.122222 10 0.839844 0.207422 0.43125 0.102344 0.131944 10 0.834961 0.103516 0.522917 0.155469 0.179167 3 0.817383 0.269531 0.764583 0.070312 0.106944 3 0.779785 0.801953 0.503472 0.036719 0.070833 3 0.769043 0.366016 0.598611 0.066406 0.083333 10 0.748535 0.0875 0.75625 0.173437 0.323611 2 0.725098 0.951172 0.665972 0.041406 0.084722 2 0.697754 0.949219 0.846528 0.048438 0.118056 0 0.666992 0.253906 0.89375 0.039062 0.109722 3 0.662109 0.163281 0.939583 0.079687 0.115278 1 0.654785 0.392188 0.848611 0.029687 0.077778 0 0.548828 0.984766 0.885417 0.030469 0.123611 2 0.533203 0.902734 0.593056 0.036719 0.072222 3 0.533203 0.836719 0.924306 0.059375 0.123611 1 0.521484 0.431641 0.469444 0.019531 0.052778 2 0.490234 0.703906 0.472222 0.023438 0.058333 10 0.476562 0.485938 0.401389 0.08125 0.127778 10 0.430176 0.092969 0.848611 0.182812 0.297222 0 0.40918 0.354297 0.538194 0.022656 0.059722 0 0.339844 0.990625 0.7375 0.01875 0.083333 0 0.291016 0.30625 0.683333 0.023438 0.069444 1 0.291016 0.21875 0.839583 0.026562 0.076389 5 0.267334 0.359766 0.932639 0.094531 0.131944 3 0.177856 0.375 0.931944 0.129688 0.133333 1 0.15979 0.71875 0.427778 0.020313 0.044444 3 0.143677 0.228906 0.954861 0.05 0.076389 0 0.112427 0.219141 0.839583 0.027344 0.079167 2 0.105225 0.228906 0.956944 0.053125 0.077778 3 0.096375 0.991406 0.952083 0.017188 0.095833 2 0.095337 0.199219 0.565972 0.03125 0.068056 2 0.093689 0.364453 0.488194 0.047656 0.065278 1 0.086609 0.212891 0.894444 0.027344 0.063889 0 0.070312 0.009766 0.669444 0.019531 0.080556 3 0.06781 0.757812 0.969444 0.057813 0.061111 0 0.041626 0.991406 0.910417 0.017188 0.173611 0 0.038452 0.803516 0.428472 0.019531 0.051389 0 0.029877 0.355859 0.49375 0.033594 0.068056 0 0.027176 0.308594 0.696528 0.029687 0.073611 1 0.019119 0.795312 0.455556 0.014063 0.033333 4 0.018127 0.299219 0.420833 0.028125 0.058333 0 0.016586 0.987109 0.939583 0.025781 0.120833 1 0.015961 0.003516 0.853472 0.007031 0.068056 10 0.01519 0.461328 0.383333 0.083594 0.127778 0 0.014175 0.992969 0.949306 0.014063 0.101389 1 0.013634 0.716406 0.820139 0.020313 0.073611 1 0.010948 0.658594 0.392361 0.014063 0.0375 0 0.007488 0.346484 0.513194 0.025781 0.054167 1 0.005428 0.337109 0.645833 0.019531 0.052778 1 0.004848 0.705469 0.472917 0.028125 0.0625 0 0.004467 0.222266 0.535417 0.032031 0.059722 1 0.004181 0.217578 0.881944 0.028906 0.069444 3 0.004005 0.008203 0.253472 0.016406 0.043056 0 0.003607 0.279297 0.939583 0.025781 0.0625 0 0.002571 0.007812 0.636111 0.015625 0.108333 1 0.002493 0.796094 0.446528 0.014063 0.045833 0 0.002405 0.772656 0.438889 0.026562 0.055556 0 0.00227 0.994141 0.700694 0.011719 0.134722 10 0.002115 0.990625 0.699306 0.01875 0.140278 1 0.001957 0.275781 0.947222 0.039062 0.075 2 0.001768 0.153125 0.563889 0.029687 0.072222 0 0.001649 0.349219 0.547917 0.03125 0.070833 4 0.001444 0.939844 0.516667 0.04375 0.086111 2 0.001416 0.994922 0.679861 0.010156 0.109722 0 0.00141 0.995313 0.772917 0.009375 0.123611 0 0.001356 0.376953 0.479861 0.032031 0.059722 10 0.001351 0.990625 0.531944 0.01875 0.116667 8 0.00133 0.886719 0.961111 0.1375 0.077778 10 0.001309 0.988672 0.907639 0.022656 0.184722 0 0.001285 0.200781 0.497917 0.028125 0.068056 10 0.001235 0.010937 0.717361 0.021875 0.345833 0 0.001211 0.99375 0.866667 0.0125 0.111111 4 0.001188 0.987891 0.9 0.024219 0.2 0 0.001156 0.974609 0.9 0.049219 0.2 11 0.001099 0.988281 0.902083 0.023438 0.195833 1 0.001065 0.326953 0.756944 0.027344 0.063889 1 0.00097 0.772266 0.433333 0.024219 0.05 1 0.000883 0.317578 0.75625 0.027344 0.070833 3 0.000849 0.005469 0.879861 0.010937 0.123611 3 0.000804 0.0125 0.366667 0.025 0.058333 10 0.000758 0.994141 0.513889 0.011719 0.113889 0 0.000758 0.983984 0.945139 0.025781 0.084722 12 0.000727 0.651563 0.331944 0.023438 0.058333 0 0.000677 0.992969 0.535417 0.014063 0.098611 3 0.000657 0.612109 0.170833 0.011719 0.022222 0 0.000641 0.303125 0.669444 0.028125 0.061111 10 0.000619 0.990625 0.576389 0.01875 0.227778 11 0.000584 0.008594 0.252083 0.017188 0.045833 10 0.000546 0.994141 0.347222 0.011719 0.155556 0 0.000544 0.264062 0.879861 0.075 0.131944 0 0.00054 0.995313 0.670139 0.009375 0.104167 1 0.000524 0.395313 0.84375 0.046875 0.093056
CCTV01^20260318-110000-20260318-120000_000287,10 0.91748 0.173047 0.722917 0.189844 0.320833 10 0.88623 0.303125 0.531944 0.167187 0.172222 3 0.879883 0.314844 0.677778 0.048438 0.088889 3 0.870605 0.759375 0.68125 0.05 0.115278 11 0.86084 0.741406 0.867361 0.117188 0.259722 3 0.856934 0.525 0.878472 0.065625 0.190278 10 0.854492 0.103906 0.521528 0.153125 0.179167 2 0.823242 0.230078 0.870139 0.039844 0.120833 3 0.820801 0.248828 0.779167 0.072656 0.111111 10 0.817383 0.459766 0.418056 0.100781 0.144444 10 0.817383 0.207422 0.431944 0.099219 0.130556 5 0.810547 0.310937 0.824306 0.067187 0.151389 2 0.760742 0.899219 0.711806 0.057813 0.134722 3 0.695801 0.694531 0.471528 0.039062 0.065278 0 0.67041 0.426953 0.895833 0.053906 0.111111 10 0.657715 0.067578 0.665278 0.135156 0.222222 0 0.616699 0.955859 0.795139 0.038281 0.104167 3 0.544922 0.045703 0.878472 0.086719 0.151389 2 0.519531 0.988281 0.736111 0.023438 0.094444 10 0.505859 0.409766 0.417361 0.107031 0.140278 1 0.470703 0.633984 0.424306 0.014844 0.054167 0 0.458984 0.273438 0.631944 0.023438 0.061111 0 0.455078 0.795312 0.46875 0.023438 0.0625 5 0.437744 0.045312 0.879167 0.085938 0.15 2 0.40918 0.928516 0.610417 0.046094 0.076389 0 0.375732 0.370312 0.839583 0.035937 0.0875 3 0.341553 0.311719 0.823611 0.070312 0.15 3 0.338135 0.164453 0.961111 0.075781 0.077778 1 0.334473 0.201172 0.8625 0.028906 0.097222 1 0.313965 0.785937 0.844444 0.032813 0.097222 0 0.250977 0.785937 0.843056 0.032813 0.094444 10 0.20752 0.020313 0.663194 0.039062 0.254167 1 0.196777 0.407422 0.497222 0.016406 0.041667 0 0.181885 0.305859 0.425 0.022656 0.058333 1 0.175537 0.614844 0.425694 0.01875 0.054167 10 0.168335 0.926953 0.884028 0.146094 0.231944 3 0.164551 0.396875 0.947222 0.084375 0.102778 0 0.127197 0.844922 0.472222 0.017969 0.05 5 0.107422 0.091016 0.940278 0.116406 0.119444 11 0.103394 0.116406 0.672222 0.109375 0.15 1 0.093994 0.623828 0.425 0.030469 0.055556 2 0.041779 0.341016 0.394444 0.021094 0.055556 0 0.031982 0.373437 0.859028 0.0375 0.076389 12 0.03186 0.114844 0.674306 0.104688 0.148611 0 0.03067 0.874609 0.48125 0.024219 0.059722 2 0.027908 0.40625 0.539583 0.025 0.0625 1 0.023865 0.366016 0.832639 0.028906 0.081944 1 0.022293 0.40625 0.540278 0.023438 0.061111 5 0.02211 0.301953 0.935417 0.108594 0.126389 1 0.021866 0.405078 0.486111 0.019531 0.044444 8 0.018906 0.116016 0.670833 0.108594 0.147222 0 0.017776 0.0125 0.840278 0.025 0.086111 4 0.017715 0.263281 0.397917 0.021875 0.0375 10 0.013588 0.353125 0.935417 0.220312 0.129167 10 0.01133 0.017578 0.6125 0.035156 0.152778 6 0.011246 0.323047 0.934028 0.155469 0.131944 3 0.010132 0.008594 0.261806 0.017188 0.040278 0 0.009857 0.994141 0.664583 0.011719 0.081944 3 0.009636 0.642188 0.352778 0.023438 0.047222 1 0.007549 0.609766 0.434028 0.025781 0.065278 2 0.006744 0.99375 0.679861 0.0125 0.109722 1 0.005821 0.794141 0.469444 0.027344 0.061111 1 0.005619 0.66875 0.341667 0.0125 0.041667 10 0.005554 0.020703 0.811806 0.041406 0.376389 0 0.005081 0.019141 0.811111 0.038281 0.125 1 0.004505 0.010547 0.833333 0.021094 0.083333 6 0.004452 0.015625 0.599306 0.03125 0.126389 4 0.004025 0.642188 0.352778 0.023438 0.047222 2 0.003511 0.984766 0.5875 0.030469 0.116667 1 0.003511 0.398828 0.813194 0.024219 0.068056 3 0.003338 0.624609 0.238194 0.014844 0.031944 10 0.003124 0.028516 0.605556 0.057031 0.252778 1 0.002693 0.014453 0.818056 0.028906 0.108333 1 0.002481 0.392578 0.456944 0.022656 0.058333 1 0.002453 0.400391 0.455556 0.027344 0.061111 10 0.002398 0.989062 0.778472 0.021875 0.240278 10 0.002314 0.014063 0.614583 0.028125 0.281944 10 0.002234 0.213281 0.713889 0.10625 0.302778 0 0.002199 0.387891 0.877083 0.060156 0.090278 1 0.002115 0.4 0.554861 0.023438 0.056944 3 0.002068 0.164062 0.997222 0.096875 0.005556 10 0.002003 0.990234 0.564583 0.019531 0.1875 3 0.001727 0.982812 0.582639 0.034375 0.120833 4 0.001616 0.942187 0.520833 0.039062 0.072222 0 0.001478 0.394922 0.45625 0.024219 0.059722 0 0.001444 0.991406 0.660417 0.017188 0.120833 0 0.001389 0.19375 0.550694 0.023438 0.0625 1 0.001245 0.203516 0.821528 0.030469 0.104167 10 0.001245 0.982812 0.840972 0.034375 0.318056 2 0.001206 0.165234 0.580556 0.044531 0.061111 10 0.001161 0.99375 0.53125 0.0125 0.129167 5 0.000926 0.941406 0.519444 0.040625 0.072222 0 0.000856 0.989453 0.609028 0.021094 0.104167 6 0.000846 0.091797 0.940278 0.111719 0.119444 0 0.000836 0.422656 0.874306 0.040625 0.073611 6 0.00082 0.926172 0.886111 0.146094 0.227778 11 0.000779 0.014844 0.789583 0.029687 0.145833 10 0.000767 0.956641 0.843056 0.086719 0.313889 10 0.000752 0.480859 0.350694 0.067969 0.0875 2 0.000752 0.991406 0.574306 0.017188 0.140278 11 0.000741 0.339062 0.933333 0.190625 0.133333 10 0.000701 0.990625 0.650694 0.01875 0.248611 0 0.000661 0.387109 0.923611 0.061719 0.108333 4 0.000648 0.373828 0.8875 0.099219 0.180556 3 0.000644 0.092578 0.939583 0.111719 0.120833 1 0.000631 0.783203 0.827778 0.024219 0.069444 0 0.000624 0.996484 0.778472 0.007031 0.1125 4 0.000579 0.396094 0.921528 0.10625 0.145833 0 0.00054 0.746484 0.793056 0.036719 0.108333 0 0.000536 0.394922 0.888889 0.103906 0.177778
CCTV01^20260318-110000-20260318-120000_000291,6 0.955078 0.287109 0.895833 0.124219 0.208333 10 0.94043 0.104297 0.520833 0.155469 0.177778 10 0.928223 0.303516 0.565972 0.150781 0.2125 10 0.890137 0.206641 0.433333 0.102344 0.136111 3 0.888672 0.315625 0.833333 0.067187 0.113889 10 0.88623 0.111719 0.624306 0.214062 0.240278 3 0.874023 0.525 0.878472 0.065625 0.190278 10 0.858398 0.429297 0.445833 0.113281 0.138889 5 0.855957 0.21875 0.70625 0.0625 0.123611 3 0.844727 0.219531 0.847917 0.075 0.129167 3 0.794434 0.84375 0.838194 0.090625 0.156944 0 0.777344 0.651563 0.834028 0.034375 0.120833 3 0.759277 0.405859 0.945833 0.099219 0.108333 5 0.743164 0.375 0.575 0.060937 0.083333 10 0.740723 0.051172 0.874306 0.102344 0.251389 2 0.737305 0.260156 0.706944 0.040625 0.091667 0 0.729492 0.893359 0.659028 0.035156 0.0875 0 0.705566 0.961719 0.672222 0.034375 0.088889 0 0.697754 0.3125 0.706944 0.032813 0.088889 3 0.677246 0.14375 0.95 0.071875 0.097222 3 0.651367 0.476172 0.472222 0.044531 0.052778 0 0.635254 0.344922 0.763889 0.035156 0.086111 5 0.613281 0.677734 0.445833 0.039844 0.080556 0 0.584961 0.272266 0.745833 0.030469 0.075 1 0.565918 0.841406 0.658333 0.023438 0.077778 10 0.421631 0.024219 0.64375 0.048438 0.231944 1 0.346924 0.238281 0.752083 0.021875 0.068056 0 0.339844 0.79375 0.472917 0.021875 0.054167 2 0.237915 0.258984 0.48125 0.022656 0.054167 0 0.217285 0.1875 0.636111 0.03125 0.072222 1 0.187134 0.746484 0.479861 0.022656 0.051389 1 0.168823 0.814453 0.452778 0.016406 0.041667 1 0.15564 0.659766 0.392361 0.013281 0.040278 3 0.111633 0.497266 0.416667 0.028906 0.047222 9 0.031143 0.320703 0.475694 0.067969 0.070833 10 0.025864 0.010547 0.695833 0.021094 0.283333 1 0.025269 0.328516 0.61875 0.028906 0.068056 10 0.022034 0.458594 0.365972 0.078125 0.098611 3 0.014114 0.987109 0.588889 0.025781 0.102778 3 0.011505 0.321484 0.472917 0.066406 0.068056 1 0.01001 0.238281 0.772222 0.026562 0.05 10 0.008347 0.022656 0.595139 0.045312 0.131944 0 0.006218 0.005469 0.714583 0.010937 0.106944 0 0.006073 0.317188 0.667361 0.025 0.070833 10 0.005844 0.744531 0.35 0.040625 0.091667 1 0.004608 0.221094 0.627778 0.025 0.052778 1 0.004467 0.740234 0.4375 0.017969 0.041667 10 0.004452 0.988281 0.585417 0.023438 0.1875 10 0.004314 0.010156 0.799306 0.020313 0.356944 0 0.003429 0.008984 0.715972 0.017969 0.126389 10 0.00316 0.994141 0.510417 0.011719 0.109722 3 0.002958 0.008203 0.261111 0.016406 0.041667 1 0.002714 0.995703 0.930556 0.008594 0.122222 0 0.002621 0.975781 0.561806 0.04375 0.090278 3 0.002571 0.476172 0.458333 0.036719 0.041667 1 0.002323 0.346094 0.623611 0.017188 0.055556 10 0.00227 0.990625 0.527778 0.01875 0.191667 1 0.002253 0.385547 0.400694 0.019531 0.040278 0 0.002234 0.221094 0.629167 0.025 0.061111 1 0.001694 0.064062 0.974306 0.045312 0.051389 10 0.001623 0.982812 0.611806 0.034375 0.218056 3 0.001579 0.415625 0.520833 0.034375 0.044444 0 0.001455 0.24375 0.449306 0.01875 0.051389 5 0.001378 0.99375 0.536806 0.0125 0.109722 1 0.001346 0.278125 0.419444 0.017188 0.041667 0 0.001174 0.210547 0.604861 0.024219 0.059722 0 0.001 0.207422 0.664583 0.038281 0.0625 0 0.000997 0.782422 0.397222 0.021094 0.047222 0 0.000989 0.255859 0.486111 0.025781 0.055556 0 0.000933 0.243359 0.514583 0.019531 0.051389 3 0.0009 0.976953 0.577778 0.046094 0.127778 10 0.000869 0.004687 0.677083 0.009375 0.131944 10 0.000846 0.020703 0.775694 0.041406 0.368056 1 0.000839 0.766016 0.439583 0.011719 0.043056 1 0.000817 0.844922 0.665278 0.036719 0.086111 10 0.000785 0.356641 0.996528 0.114844 0.006944 1 0.000779 0.801953 0.465278 0.024219 0.058333 5 0.00075 0.230078 0.9875 0.132031 0.025 0 0.000707 0.394141 0.497222 0.030469 0.044444 3 0.000696 0.397266 0.495833 0.032031 0.05 1 0.000667 0.79375 0.468056 0.023438 0.055556 1 0.000641 0.811328 0.461111 0.017969 0.052778 10 0.000638 0.992969 0.570139 0.014063 0.148611 1 0.000607 0.266406 0.752778 0.028125 0.069444 1 0.000605 0.348047 0.609028 0.024219 0.065278 0 0.000593 0.183203 0.649306 0.028906 0.065278 0 0.000573 0.210938 0.632639 0.025 0.068056 6 0.000573 0.976953 0.601389 0.046094 0.183333 0 0.000568 0.342969 0.747917 0.028125 0.065278 1 0.000524 0.9375 0.598611 0.025 0.061111
CCTV01^20260318-110000-20260318-120000_000295,6 0.958008 0.2625 0.867361 0.114062 0.243056 10 0.898926 0.240234 0.515972 0.166406 0.173611 10 0.897949 0.20625 0.429861 0.101562 0.126389 10 0.897949 0.141797 0.704861 0.178906 0.295833 10 0.888184 0.349219 0.51875 0.132812 0.193056 3 0.884277 0.301953 0.752083 0.050781 0.104167 3 0.880859 0.524609 0.878472 0.066406 0.190278 3 0.855957 0.154688 0.885417 0.065625 0.1375 5 0.85498 0.284766 0.622222 0.078906 0.094444 10 0.840332 0.102734 0.520833 0.153906 0.177778 6 0.824219 0.821875 0.636806 0.075 0.229167 3 0.819824 0.348047 0.861111 0.080469 0.119444 10 0.810547 0.449609 0.427083 0.100781 0.129167 0 0.762207 0.652734 0.838194 0.038281 0.120833 0 0.754883 0.75625 0.608333 0.026562 0.080556 2 0.746094 0.354687 0.942361 0.051562 0.104167 2 0.715332 0.261719 0.683333 0.034375 0.088889 3 0.665527 0.050391 0.925694 0.100781 0.1375 5 0.65332 0.401953 0.540278 0.050781 0.083333 0 0.65332 0.301563 0.660417 0.026562 0.070833 3 0.629883 0.482812 0.463194 0.040625 0.054167 0 0.577637 0.228516 0.688889 0.027344 0.077778 3 0.57373 0.987109 0.886111 0.025781 0.133333 0 0.503906 0.814844 0.468056 0.021875 0.055556 10 0.466797 0.821484 0.638194 0.074219 0.231944 0 0.418701 0.837109 0.504167 0.024219 0.055556 10 0.412109 0.028125 0.658333 0.05625 0.25 10 0.23938 0.028516 0.827778 0.057031 0.316667 3 0.236572 0.451562 0.970139 0.08125 0.059722 3 0.225464 0.105078 0.977083 0.099219 0.045833 0 0.05835 0.353516 0.604167 0.027344 0.055556 2 0.054413 0.673047 0.388889 0.021094 0.052778 0 0.05014 0.794141 0.425694 0.021094 0.051389 1 0.043854 0.686719 0.442361 0.021875 0.054167 1 0.041138 0.34375 0.76875 0.023438 0.059722 2 0.036346 0.070703 0.645139 0.038281 0.073611 1 0.022888 0.678125 0.613194 0.020313 0.065278 6 0.020721 0.030078 0.828472 0.058594 0.320833 0 0.010612 0.385937 0.581944 0.023438 0.055556 3 0.010567 0.199609 0.983333 0.121094 0.033333 10 0.010529 0.494531 0.336806 0.067187 0.095833 3 0.01017 0.448047 0.497917 0.041406 0.043056 3 0.007549 0.632031 0.323611 0.020313 0.044444 3 0.007259 0.008203 0.254861 0.016406 0.040278 0 0.007038 0.961719 0.592361 0.035937 0.070833 3 0.006958 0.433203 0.471528 0.032031 0.045833 2 0.006771 0.990625 0.604861 0.01875 0.095833 0 0.006363 0.369141 0.554861 0.024219 0.054167 0 0.006073 0.672266 0.388889 0.024219 0.055556 0 0.005707 0.371484 0.583333 0.047656 0.066667 2 0.005302 0.985938 0.902778 0.028125 0.194444 3 0.005001 0.455078 0.990972 0.091406 0.018056 2 0.004486 0.523828 0.376389 0.027344 0.041667 0 0.004166 0.152344 0.551389 0.021875 0.061111 0 0.004135 0.360547 0.578472 0.035156 0.073611 3 0.003351 0.524219 0.375 0.026562 0.038889 1 0.002571 0.628516 0.835417 0.021094 0.090278 1 0.002199 0.288281 0.670139 0.021875 0.068056 3 0.001818 0.625 0.248611 0.015625 0.030556 1 0.001796 0.986328 0.878472 0.024219 0.1125 1 0.001694 0.960938 0.595139 0.035937 0.068056 4 0.001378 0.945703 0.520139 0.033594 0.076389 0 0.00089 0.260156 0.683333 0.034375 0.086111 10 0.000735 0.025391 0.605556 0.050781 0.141667 5 0.000721 0.994141 0.536111 0.011719 0.1 10 0.000677 0.030469 0.511806 0.060937 0.334722 10 0.000657 0.990625 0.531944 0.01875 0.205556 0 0.000634 0.834375 0.545139 0.028125 0.054167 1 0.000596 0.603906 0.406944 0.01875 0.05 0 0.000564 0.652734 0.811111 0.033594 0.066667 10 0.000562 0.994141 0.510417 0.011719 0.1125 3 0.000548 0.118359 0.977778 0.067969 0.044444 1 0.000532 0.237891 0.643056 0.014844 0.052778 1 0.000521 0.680469 0.436806 0.028125 0.054167 10 0.000519 0.996094 0.347222 0.007812 0.158333
CCTV01^20260318-110000-20260318-120000_000299,6 0.96875 0.260547 0.861111 0.108594 0.244444 10 0.920898 0.207031 0.433333 0.103125 0.133333 3 0.908203 0.300781 0.722222 0.045312 0.1 3 0.895508 0.524609 0.878472 0.064844 0.190278 10 0.875488 0.235156 0.579167 0.14375 0.211111 3 0.875 0.74375 0.809028 0.05625 0.140278 5 0.874023 0.369922 0.522222 0.053906 0.083333 10 0.842773 0.423438 0.433333 0.096875 0.133333 10 0.841309 0.103125 0.522917 0.153125 0.179167 3 0.837402 0.327734 0.8125 0.072656 0.108333 3 0.835449 0.158203 0.736111 0.080469 0.102778 3 0.833496 0.164844 0.841667 0.064062 0.130556 3 0.811523 0.421484 0.931944 0.091406 0.127778 2 0.767578 0.258984 0.652778 0.032031 0.083333 0 0.744629 0.790234 0.564583 0.024219 0.073611 5 0.740234 0.067187 0.845833 0.125 0.169444 3 0.73584 0.479297 0.467361 0.041406 0.054167 2 0.732422 0.334375 0.886806 0.05 0.098611 10 0.717773 0.077344 0.734722 0.154688 0.297222 0 0.697754 0.773047 0.680556 0.030469 0.094444 0 0.695801 0.649219 0.833333 0.039062 0.113889 3 0.672363 0.118359 0.945139 0.066406 0.106944 0 0.65332 0.301172 0.6375 0.025781 0.072222 2 0.647949 0.358594 0.952083 0.060937 0.090278 0 0.618652 0.871484 0.577778 0.025781 0.066667 0 0.618652 0.929297 0.916667 0.055469 0.125 0 0.588867 0.229297 0.677778 0.028906 0.077778 1 0.569824 0.690234 0.804861 0.027344 0.090278 3 0.556641 0.503906 0.428472 0.032813 0.048611 3 0.541016 0.956641 0.860417 0.085156 0.1375 0 0.480469 0.785937 0.442361 0.023438 0.054167 1 0.435791 0.890234 0.636111 0.021094 0.066667 0 0.368408 0.859766 0.540972 0.030469 0.0625 10 0.321777 0.354687 0.439583 0.125 0.145833 5 0.320801 0.428125 0.500694 0.048438 0.073611 1 0.291016 0.326172 0.613194 0.024219 0.076389 1 0.250977 0.021094 0.936806 0.040625 0.098611 0 0.237915 0.387891 0.541667 0.025781 0.058333 0 0.174438 0.983984 0.801389 0.032031 0.122222 3 0.165649 0.358203 0.950694 0.058594 0.090278 1 0.101929 0.774219 0.632639 0.025 0.076389 1 0.074768 0.773047 0.657639 0.027344 0.093056 0 0.07135 0.325391 0.607639 0.024219 0.081944 0 0.06189 0.96875 0.674306 0.03125 0.070833 0 0.051849 0.358594 0.590278 0.023438 0.061111 6 0.045197 0.848437 0.901389 0.092188 0.180556 1 0.03186 0.35625 0.59375 0.023438 0.065278 10 0.029648 0.013281 0.723611 0.026562 0.338889 5 0.027267 0.848437 0.902083 0.090625 0.190278 1 0.02298 0.938281 0.722917 0.039062 0.115278 2 0.020493 0.377734 0.529167 0.042969 0.077778 0 0.018127 0.938672 0.725 0.036719 0.111111 1 0.014732 0.986719 0.781944 0.026562 0.083333 2 0.014503 0.770703 0.394444 0.030469 0.058333 1 0.010857 0.691016 0.804861 0.049219 0.109722 0 0.010735 0.865625 0.555556 0.029687 0.075 10 0.010208 0.026562 0.722222 0.053125 0.322222 2 0.007725 0.128516 0.579861 0.036719 0.059722 4 0.006931 0.770703 0.395139 0.030469 0.059722 2 0.005936 0.294922 0.38125 0.019531 0.043056 11 0.005665 0.976172 0.8375 0.047656 0.288889 5 0.005386 0.476172 0.375 0.033594 0.05 4 0.00526 0.985938 0.841667 0.028125 0.238889 0 0.003975 0.399609 0.563194 0.014844 0.051389 3 0.00387 0.010547 0.666667 0.021094 0.119444 11 0.003765 0.987891 0.820139 0.024219 0.284722 0 0.003298 0.773438 0.682639 0.048438 0.106944 3 0.003273 0.848437 0.901389 0.089063 0.177778 1 0.002913 0.678125 0.434028 0.017188 0.056944 0 0.002913 0.392969 0.559722 0.020313 0.066667 3 0.0028 0.008203 0.260417 0.016406 0.0375 1 0.002768 0.007031 0.927083 0.014063 0.109722 3 0.00259 0.010937 0.611111 0.021875 0.091667 0 0.002405 0.257812 0.65625 0.03125 0.079167 1 0.002398 0.680469 0.839583 0.023438 0.054167 0 0.002378 0.382812 0.532639 0.03125 0.073611 10 0.002287 0.519922 0.352083 0.060156 0.098611 10 0.002243 0.990625 0.584028 0.01875 0.193056 0 0.002157 0.855469 0.530556 0.026562 0.055556 10 0.002115 0.010937 0.647917 0.021875 0.176389 10 0.0021 0.019531 0.608333 0.0375 0.269444 1 0.002058 0.792969 0.618056 0.023438 0.052778 1 0.00205 0.975781 0.71875 0.021875 0.065278 1 0.001897 0.653125 0.484028 0.021875 0.056944 1 0.001839 0.351953 0.604167 0.025781 0.077778 0 0.001734 0.364453 0.570833 0.035156 0.086111 0 0.001727 0.994141 0.7625 0.011719 0.094444 0 0.001661 0.989453 0.698611 0.021094 0.088889 0 0.001472 0.994141 0.686111 0.011719 0.113889 0 0.001455 0.984766 0.645833 0.030469 0.086111 1 0.001444 0.354297 0.5625 0.024219 0.052778 1 0.001346 0.011719 0.941667 0.023438 0.111111 0 0.001325 0.648047 0.865278 0.035156 0.075 0 0.001315 0.317578 0.609028 0.030469 0.090278 3 0.001265 0.989062 0.834722 0.021875 0.15 0 0.00126 0.246094 0.666667 0.028125 0.077778 2 0.001134 0.625391 0.097917 0.036719 0.065278 0 0.001116 0.780078 0.422917 0.030469 0.056944 6 0.001048 0.521484 0.35 0.060156 0.094444 0 0.001 0.985156 0.686111 0.028125 0.122222 1 0.000989 0.685547 0.829861 0.028906 0.065278 1 0.000966 0.941016 0.751389 0.032031 0.080556 11 0.000926 0.990625 0.727778 0.01875 0.261111 4 0.000826 0.848828 0.901389 0.092969 0.194444 2 0.000817 0.009766 0.89375 0.019531 0.2125 10 0.000779 0.994141 0.513194 0.011719 0.104167 7 0.000779 0.960547 0.854861 0.078906 0.215278 0 0.000776 0.294531 0.379861 0.020313 0.043056 0 0.000767 0.825781 0.463194 0.020313 0.048611 1 0.000767 0.827344 0.4625 0.01875 0.047222 0 0.000755 0.019922 0.927778 0.038281 0.094444 1 0.000677 0.673047 0.859028 0.027344 0.079167 1 0.000631 0.983594 0.743056 0.03125 0.1 5 0.000557 0.99375 0.535417 0.0125 0.098611 3 0.000525 0.00625 0.270139 0.0125 0.059722 5 0.000511 0.991406 0.591667 0.017188 0.130556 1 0.000504 0.800781 0.626389 0.023438 0.052778
CCTV01^20260318-110000-20260318-120000_000303,10 0.931641 0.103516 0.529861 0.153906 0.198611 6 0.926758 0.245703 0.768056 0.069531 0.205556 10 0.890137 0.207422 0.432639 0.103906 0.134722 3 0.882324 0.525391 0.877778 0.064844 0.186111 10 0.869141 0.155078 0.625 0.194531 0.238889 10 0.867676 0.308594 0.5 0.121875 0.172222 3 0.858887 0.352734 0.822917 0.082031 0.115278 3 0.85791 0.124609 0.914583 0.064844 0.1375 10 0.842285 0.409766 0.397222 0.103906 0.125 3 0.831055 0.757812 0.927083 0.0625 0.134722 3 0.812988 0.381641 0.513194 0.047656 0.056944 2 0.811523 0.309375 0.679861 0.0375 0.0875 3 0.792969 0.176953 0.786806 0.061719 0.115278 5 0.785156 0.130469 0.75625 0.09375 0.1375 2 0.777344 0.328125 0.625 0.035937 0.080556 0 0.767578 0.691797 0.853472 0.033594 0.123611 3 0.753418 0.209375 0.675 0.079687 0.094444 0 0.741699 0.650391 0.835417 0.035156 0.126389 0 0.712402 0.903906 0.701389 0.034375 0.094444 0 0.695801 0.409375 0.901389 0.040625 0.113889 3 0.689453 0.401172 0.543056 0.042969 0.066667 3 0.677246 0.226953 0.941667 0.067969 0.111111 2 0.663574 0.26875 0.595833 0.03125 0.063889 0 0.662109 0.306641 0.911806 0.035156 0.098611 3 0.658203 0.269922 0.66875 0.061719 0.0875 10 0.621582 0.025781 0.868056 0.051562 0.263889 0 0.588867 0.3375 0.877083 0.042188 0.104167 1 0.584961 0.857031 0.792361 0.028125 0.090278 0 0.511719 0.830078 0.4875 0.024219 0.058333 5 0.472656 0.482812 0.394444 0.035937 0.055556 5 0.46875 0.491016 0.428472 0.038281 0.059722 10 0.352295 0.019531 0.649306 0.039062 0.229167 1 0.334473 0.127344 0.816667 0.032813 0.063889 0 0.327637 0.890625 0.592361 0.029687 0.076389 0 0.305664 0.302344 0.819444 0.029687 0.086111 0 0.267334 0.847266 0.478472 0.022656 0.059722 0 0.23938 0.980469 0.922917 0.039062 0.154167 3 0.201782 0.469922 0.972222 0.125781 0.055556 2 0.183594 0.980469 0.922917 0.039062 0.154167 2 0.124207 0.491406 0.427778 0.0375 0.058333 1 0.10968 0.633594 0.559722 0.025 0.088889 0 0.100525 0.982812 0.636806 0.034375 0.076389 1 0.095703 0.023828 0.682639 0.025781 0.070833 2 0.093323 0.269531 0.968056 0.0375 0.063889 3 0.083008 0.633203 0.378472 0.028906 0.065278 1 0.076416 0.808984 0.476389 0.016406 0.052778 0 0.052612 0.236328 0.611111 0.028906 0.052778 1 0.048676 0.062891 0.813889 0.030469 0.075 2 0.044189 0.492188 0.479167 0.035937 0.052778 1 0.044189 0.064062 0.79375 0.0375 0.095833 1 0.0401 0.626172 0.423611 0.016406 0.041667 0 0.038452 0.054297 0.698611 0.032031 0.075 3 0.0354 0.014453 0.792361 0.028906 0.104167 0 0.034882 0.270313 0.967361 0.035937 0.065278 10 0.034241 0.5125 0.342361 0.071875 0.095833 0 0.033478 0.393359 0.469444 0.025781 0.041667 0 0.031021 0.380469 0.461111 0.021875 0.044444 10 0.026657 0.670312 0.338194 0.04375 0.109722 0 0.023956 0.408594 0.874306 0.032813 0.070833 10 0.023239 0.023828 0.576389 0.047656 0.291667 1 0.018982 0.026953 0.665278 0.033594 0.097222 1 0.01519 0.707422 0.618056 0.021094 0.063889 0 0.014229 0.808594 0.476389 0.01875 0.055556 0 0.013847 0.75 0.391667 0.01875 0.05 0 0.012924 0.817578 0.941667 0.039844 0.075 0 0.012672 0.81875 0.481944 0.021875 0.058333 1 0.012291 0.701562 0.779861 0.021875 0.073611 3 0.011688 0.515234 0.404167 0.024219 0.041667 3 0.011597 0.633203 0.265278 0.017969 0.030556 0 0.010406 0.304297 0.886111 0.032031 0.069444 0 0.010208 0.24375 0.608333 0.023438 0.055556 0 0.009743 0.308203 0.940972 0.039844 0.095833 1 0.007607 0.479297 0.479167 0.032031 0.05 2 0.007404 0.78125 0.398611 0.021875 0.047222 4 0.006439 0.981641 0.91875 0.036719 0.1625 1 0.005322 0.858594 0.792361 0.048438 0.101389 0 0.004944 0.84375 0.958333 0.125 0.083333 10 0.004887 0.010156 0.209722 0.020313 0.1 3 0.004505 0.008203 0.263889 0.016406 0.041667 10 0.003651 0.994141 0.517361 0.011719 0.115278 2 0.003565 0.264844 0.969444 0.078125 0.061111 1 0.00326 0.434766 0.438194 0.017969 0.051389 0 0.00326 0.829688 0.945139 0.071875 0.081944 10 0.002611 0.015234 0.602083 0.030469 0.145833 2 0.002512 0.075 0.755556 0.032813 0.077778 0 0.002306 0.026953 0.654861 0.035156 0.084722 0 0.002216 0.299609 0.857639 0.032031 0.073611 4 0.002209 0.943359 0.517361 0.039844 0.093056 0 0.002108 0.324219 0.836806 0.021875 0.084722 3 0.001919 0.129297 0.752778 0.091406 0.136111 10 0.001867 0.990625 0.522222 0.01875 0.186111 0 0.001853 0.300781 0.945139 0.029687 0.076389 3 0.00181 0.005078 0.775694 0.010156 0.079167 0 0.001789 0.651172 0.866667 0.030469 0.077778 10 0.001525 0.012109 0.674306 0.024219 0.290278 0 0.001519 0.050391 0.65625 0.021094 0.0625 2 0.001513 0.994141 0.903472 0.011719 0.148611 1 0.00149 0.473047 0.477083 0.019531 0.045833 2 0.001455 0.987891 0.619444 0.024219 0.111111 6 0.001356 0.022266 0.895833 0.044531 0.208333 3 0.001305 0.465234 0.995833 0.138281 0.008333 0 0.001225 0.995313 0.654167 0.009375 0.083333 1 0.001184 0.813672 0.94375 0.039844 0.076389 3 0.001138 0.165234 0.654167 0.089844 0.102778 1 0.001124 0.057422 0.7625 0.042969 0.097222 2 0.001099 0.303906 0.999306 0.120313 0.001389 6 0.001086 0.981641 0.917361 0.036719 0.165278 0 0.001065 0.246484 0.588889 0.019531 0.055556 1 0.001048 0.003516 0.716667 0.007031 0.083333 3 0.00104 0.996094 0.861111 0.007812 0.133333 2 0.000993 0.990625 0.590278 0.01875 0.122222 1 0.000933 0.033984 0.706944 0.021094 0.055556 1 0.000933 0.385937 0.981944 0.023438 0.033333 1 0.000907 0.704688 0.761111 0.023438 0.061111 10 0.000897 0.960156 0.490972 0.078125 0.1375 2 0.00089 0.30625 0.366667 0.021875 0.041667 12 0.000886 0.328125 0.994444 0.107813 0.011111 12 0.000823 0.334375 0.978472 0.107813 0.043056 3 0.000817 0.620313 0.235417 0.020313 0.040278 0 0.000798 0.851953 0.479861 0.039844 0.070833 3 0.000798 0.160547 0.992361 0.127344 0.015278 1 0.00075 0.696875 0.790278 0.026562 0.083333 0 0.000704 0.033984 0.670833 0.039844 0.1 2 0.000704 0.287109 0.983333 0.097656 0.033333 3 0.00069 0.628516 0.353472 0.021094 0.056944 10 0.000659 0.047266 0.509722 0.094531 0.358333 2 0.000636 0.516016 0.4 0.025781 0.058333 12 0.000624 0.980469 0.915972 0.039062 0.168056 2 0.000597 0.508594 0.418056 0.026562 0.055556 2 0.000593 0.278125 0.997222 0.121875 0.005556 2 0.000584 0.914844 0.859722 0.098437 0.158333 0 0.000575 0.345703 0.904167 0.035156 0.083333 0 0.000566 0.974609 0.557639 0.039844 0.081944 1 0.000566 0.893359 0.597222 0.035156 0.080556 1 0.000517 0.044922 0.789583 0.021094 0.081944 0 0.000511 0.844531 0.465972 0.021875 0.054167
CCTV01^20260318-110000-20260318-120000_000307,10 0.87793 0.207031 0.43125 0.101562 0.134722 10 0.845215 0.823047 0.664583 0.147656 0.301389 10 0.844238 0.205859 0.582639 0.182031 0.223611 3 0.84375 0.256641 0.683333 0.078906 0.091667 3 0.84375 0.383203 0.871528 0.091406 0.145833 10 0.838379 0.335938 0.472222 0.123438 0.163889 3 0.836426 0.332422 0.647917 0.052344 0.081944 3 0.835449 0.139453 0.927778 0.074219 0.136111 10 0.833008 0.103125 0.524306 0.154688 0.184722 3 0.831055 0.255469 0.765278 0.059375 0.108333 3 0.82666 0.816406 0.846528 0.0875 0.159722 3 0.82666 0.525 0.878472 0.065625 0.190278 3 0.82666 0.217578 0.886111 0.069531 0.172222 5 0.817383 0.239063 0.636806 0.089063 0.104167 3 0.803223 0.414062 0.48125 0.048438 0.056944 3 0.78125 0.157031 0.8 0.070312 0.111111 0 0.762207 0.309375 0.836111 0.039062 0.091667 3 0.759277 0.385547 0.564583 0.057031 0.076389 9 0.737305 0.659766 0.445833 0.050781 0.102778 2 0.713867 0.097266 0.758333 0.044531 0.097222 0 0.692871 0.275 0.859722 0.035937 0.111111 10 0.678223 0.043359 0.775694 0.086719 0.320833 0 0.62793 0.335156 0.748611 0.035937 0.083333 1 0.618652 0.157031 0.703472 0.039062 0.070833 1 0.605957 0.707031 0.554861 0.01875 0.0625 0 0.583008 0.734375 0.875 0.071875 0.108333 0 0.544922 0.304297 0.711806 0.028906 0.076389 1 0.521484 0.194531 0.709722 0.026562 0.066667 2 0.498047 0.888281 0.565972 0.0375 0.068056 0 0.488281 0.903906 0.638889 0.032813 0.077778 2 0.435791 0.330469 0.538889 0.035937 0.058333 1 0.434082 0.705859 0.503472 0.021094 0.056944 0 0.416748 0.315234 0.580556 0.035156 0.052778 10 0.393311 0.019531 0.673611 0.039062 0.277778 7 0.38501 0.453906 0.421528 0.035937 0.0875 1 0.346924 0.776563 0.473611 0.01875 0.047222 0 0.339844 0.369922 0.953472 0.044531 0.084722 0 0.324219 0.307422 0.925 0.035156 0.088889 10 0.310791 0.465234 0.355556 0.091406 0.105556 0 0.26123 0.33125 0.701389 0.029687 0.069444 3 0.216064 0.630859 0.375 0.028906 0.055556 0 0.201782 0.285547 0.783333 0.028906 0.077778 0 0.168335 0.827734 0.464583 0.021094 0.056944 0 0.167725 0.461719 0.925694 0.053125 0.126389 1 0.129883 0.454297 0.897917 0.035156 0.073611 1 0.107788 0.385547 0.508333 0.021094 0.047222 0 0.092712 0.428906 0.961806 0.046875 0.065278 0 0.072083 0.90625 0.535417 0.032813 0.065278 0 0.071045 0.349219 0.900694 0.045312 0.090278 0 0.068542 0.334766 0.965972 0.039844 0.0625 9 0.063721 0.453516 0.421528 0.036719 0.090278 1 0.038025 0.760547 0.4125 0.016406 0.047222 1 0.034882 0.68125 0.373611 0.014063 0.038889 1 0.034485 0.460938 0.922917 0.048438 0.120833 0 0.033966 0.339453 0.890972 0.028906 0.073611 0 0.026657 0.385156 0.509722 0.021875 0.05 10 0.022629 0.017969 0.611111 0.035937 0.155556 0 0.016403 0.333594 0.907639 0.026562 0.090278 3 0.013794 0.749219 0.964583 0.0625 0.070833 9 0.013069 0.634766 0.292361 0.028906 0.068056 10 0.012009 0.025781 0.588194 0.051562 0.279167 3 0.010208 0.2375 0.976389 0.121875 0.047222 1 0.010132 0.711719 0.5625 0.029687 0.072222 1 0.008987 0.778906 0.45625 0.020313 0.0625 0 0.007694 0.359375 0.930556 0.05 0.091667 0 0.005642 0.468359 0.947222 0.050781 0.097222 1 0.005081 0.700391 0.547917 0.036719 0.073611 12 0.005039 0.355859 0.994444 0.111719 0.011111 1 0.005001 0.682813 0.375 0.020313 0.047222 3 0.003855 0.008594 0.260417 0.017188 0.0375 0 0.003679 0.314453 0.763194 0.021094 0.048611 0 0.003483 0.3375 0.877083 0.023438 0.059722 2 0.003325 0.521875 0.363889 0.023438 0.044444 1 0.002993 0.765625 0.432639 0.025 0.048611 0 0.002935 0.308594 0.892361 0.0375 0.065278 1 0.00289 0.780078 0.472917 0.036719 0.065278 0 0.002714 0.326953 0.935417 0.038281 0.084722 0 0.002388 0.29375 0.80625 0.035937 0.073611 0 0.002378 0.342578 0.922222 0.046094 0.094444 0 0.002035 0.330469 0.536111 0.035937 0.063889 1 0.001824 0.699219 0.503472 0.032813 0.065278 2 0.001649 0.357812 0.355556 0.021875 0.041667 2 0.001525 0.628516 0.098611 0.033594 0.069444 12 0.001519 0.460156 0.992361 0.121875 0.015278 1 0.001495 0.677734 0.377083 0.017969 0.048611 1 0.001495 0.98125 0.658333 0.01875 0.055556 0 0.001455 0.975 0.5625 0.04375 0.088889 12 0.001438 0.3125 0.997222 0.125 0.005556 0 0.001389 0.299219 0.74375 0.026562 0.054167 2 0.001356 0.363281 0.996528 0.1125 0.006944 6 0.001165 0.453906 0.421528 0.039062 0.0875 10 0.001138 0.990625 0.528472 0.01875 0.184722 10 0.000894 0.990234 0.578472 0.019531 0.181944 0 0.000856 0.470313 0.965278 0.04375 0.063889 0 0.000826 0.161719 0.660417 0.032813 0.070833 10 0.000789 0.010547 0.217361 0.019531 0.106944 0 0.000779 0.164844 0.690972 0.0625 0.115278 1 0.000758 0.519531 0.410417 0.021875 0.051389 2 0.000758 0.454688 0.995139 0.123438 0.009722 0 0.000738 0.291797 0.848611 0.013281 0.111111 5 0.000732 0.242969 0.977083 0.107813 0.045833 10 0.000688 0.994531 0.513194 0.010937 0.1125 1 0.000619 0.325 0.566667 0.035937 0.05 0 0.000607 0.421094 0.95 0.034375 0.075 2 0.000573 0.748828 0.963889 0.060156 0.072222 10 0.000573 0.034375 0.654167 0.067187 0.275 10 0.00057 0.995313 0.352083 0.009375 0.148611 1 0.000548 0.316016 0.769444 0.022656 0.05 2 0.000532 0.454297 0.421528 0.038281 0.090278 10 0.000511 0.99375 0.576389 0.0125 0.136111 0 0.000501 0.730078 0.41875 0.033594 0.0625
CCTV01^20260318-110000-20260318-120000_000311,10 0.890625 0.102734 0.525694 0.153906 0.181944 10 0.88623 0.093359 0.654167 0.177344 0.25 10 0.882812 0.308984 0.496528 0.139844 0.173611 3 0.873047 0.525 0.877778 0.065625 0.188889 3 0.856934 0.761328 0.851389 0.074219 0.166667 10 0.845703 0.207813 0.432639 0.103125 0.134722 3 0.844727 0.259766 0.658333 0.083594 0.094444 3 0.819824 0.307031 0.589583 0.070312 0.070833 3 0.812988 0.171875 0.777778 0.06875 0.111111 3 0.801758 0.323437 0.752083 0.067187 0.104167 3 0.791992 0.245703 0.7625 0.067969 0.127778 10 0.777832 0.400781 0.41875 0.098437 0.134722 0 0.773438 0.301172 0.805556 0.039844 0.094444 2 0.728027 0.745313 0.605556 0.034375 0.077778 0 0.712402 0.351562 0.909722 0.045312 0.1 0 0.680664 0.762891 0.534028 0.024219 0.068056 0 0.651367 0.265234 0.823611 0.038281 0.1 1 0.638672 0.836719 0.909028 0.032813 0.098611 11 0.629883 0.863281 0.636111 0.129688 0.213889 5 0.62793 0.466406 0.461806 0.042188 0.065278 0 0.622559 0.324609 0.664583 0.028906 0.073611 0 0.618652 0.360156 0.833333 0.039062 0.094444 1 0.615234 0.832812 0.792361 0.025 0.084722 3 0.592773 0.354297 0.609028 0.046094 0.070833 0 0.584961 0.307812 0.906944 0.04375 0.102778 0 0.577637 0.979297 0.706944 0.036719 0.083333 1 0.565918 0.399219 0.527778 0.025 0.052778 0 0.550781 0.361328 0.536111 0.028906 0.058333 0 0.5 0.401562 0.922222 0.042188 0.102778 0 0.492188 0.396875 0.849306 0.040625 0.084722 10 0.436768 0.019922 0.659028 0.039844 0.251389 0 0.428223 0.775391 0.445139 0.022656 0.054167 0 0.428223 0.824219 0.466667 0.023438 0.055556 6 0.403564 0.030469 0.909722 0.060937 0.180556 0 0.287842 0.849219 0.525694 0.021875 0.056944 0 0.282959 0.991797 0.717361 0.016406 0.093056 0 0.196777 0.421484 0.477083 0.033594 0.054167 3 0.187134 0.487109 0.429861 0.032031 0.048611 0 0.180664 0.877344 0.544444 0.028125 0.055556 4 0.176147 0.936719 0.933333 0.125 0.133333 2 0.172119 0.362109 0.504167 0.027344 0.058333 0 0.161377 0.361328 0.516667 0.028906 0.069444 6 0.15564 0.037891 0.841667 0.075781 0.277778 0 0.153076 0.331641 0.850694 0.028906 0.065278 1 0.151001 0.25 0.586806 0.026562 0.056944 3 0.138428 0.466406 0.461806 0.042188 0.065278 1 0.133911 0.711719 0.779861 0.028125 0.0875 0 0.13208 0.400391 0.875 0.041406 0.119444 0 0.085388 0.39375 0.479861 0.020313 0.051389 0 0.078369 0.759375 0.407639 0.020313 0.051389 9 0.067566 0.861719 0.645833 0.129688 0.2 3 0.066345 0.987891 0.938194 0.024219 0.123611 10 0.065613 0.510938 0.332639 0.085938 0.101389 0 0.058563 0.310547 0.942361 0.050781 0.095833 3 0.052032 0.424219 0.46875 0.0375 0.065278 3 0.049774 0.308203 0.390278 0.032031 0.041667 0 0.046722 0.329688 0.836806 0.021875 0.0625 1 0.044678 0.191016 0.695833 0.022656 0.055556 10 0.039795 0.031641 0.909722 0.061719 0.180556 0 0.037476 0.873828 0.564583 0.027344 0.059722 2 0.029755 0.423828 0.472222 0.036719 0.066667 0 0.025085 0.366797 0.547917 0.028906 0.068056 0 0.021942 0.345313 0.884722 0.034375 0.066667 0 0.02121 0.320312 0.963889 0.057813 0.063889 0 0.020248 0.391797 0.836111 0.030469 0.063889 10 0.018021 0.037891 0.85 0.075781 0.3 0 0.017578 0.348438 0.808333 0.026562 0.055556 10 0.014839 0.025 0.593056 0.05 0.272222 0 0.014229 0.512109 0.443056 0.019531 0.052778 0 0.013374 0.371484 0.58125 0.028906 0.056944 7 0.011871 0.935547 0.932639 0.122656 0.134722 1 0.0112 0.392969 0.477778 0.020313 0.05 8 0.010651 0.937109 0.929861 0.125781 0.140278 11 0.01033 0.457813 0.370833 0.035937 0.075 2 0.009163 0.512109 0.442361 0.019531 0.054167 1 0.007607 0.375781 0.553472 0.03125 0.081944 10 0.007175 0.979297 0.620833 0.041406 0.233333 3 0.006489 0.008594 0.257639 0.017188 0.040278 0 0.006218 0.343359 0.815278 0.021094 0.061111 0 0.005936 0.995313 0.694444 0.009375 0.088889 0 0.005867 0.33125 0.943056 0.048438 0.086111 0 0.005577 0.328906 0.652083 0.026562 0.068056 10 0.005512 0.017578 0.609722 0.035156 0.155556 0 0.00452 0.332422 0.809028 0.024219 0.059722 3 0.004505 0.980469 0.58125 0.039062 0.118056 3 0.004364 0.248047 0.971528 0.110156 0.056944 9 0.003944 0.936328 0.932639 0.127344 0.134722 1 0.003679 0.394141 0.520833 0.024219 0.058333 0 0.003172 0.740625 0.422917 0.023438 0.051389 0 0.003016 0.299609 0.881944 0.030469 0.061111 0 0.002981 0.190625 0.551389 0.03125 0.063889 0 0.002935 0.3375 0.373611 0.017188 0.047222 10 0.00289 0.010937 0.217361 0.021875 0.1125 6 0.002878 0.015625 0.598611 0.03125 0.136111 0 0.002737 0.871484 0.582639 0.030469 0.068056 0 0.002424 0.357422 0.597222 0.046094 0.066667 0 0.002415 0.367188 0.807639 0.029687 0.0625 2 0.002359 0.358203 0.609722 0.055469 0.080556 0 0.002323 0.326953 0.6375 0.022656 0.055556 3 0.002306 0.260547 0.972222 0.067969 0.055556 1 0.002234 0.060156 0.81875 0.035937 0.093056 10 0.002083 0.994531 0.345833 0.010937 0.152778 10 0.00205 0.977344 0.577083 0.04375 0.129167 0 0.001957 0.353516 0.854861 0.038281 0.076389 1 0.001824 0.836719 0.907639 0.053125 0.109722 0 0.001768 0.842969 0.557639 0.035937 0.0625 0 0.001549 0.386328 0.809028 0.025781 0.045833 4 0.001536 0.938672 0.515972 0.046094 0.098611 3 0.001478 0.992969 0.918056 0.014063 0.130556 12 0.001378 0.302344 0.99375 0.123438 0.0125 10 0.001294 0.905078 0.073611 0.041406 0.113889 0 0.001274 0.372656 0.488194 0.020313 0.043056 0 0.00124 0.360547 0.800694 0.033594 0.0625 2 0.001184 0.978125 0.578472 0.04375 0.126389 1 0.001151 0.404687 0.5375 0.029687 0.072222 10 0.001081 0.307812 0.997917 0.121875 0.004167 0 0.001048 0.854297 0.553472 0.036719 0.068056 12 0.001037 0.011328 0.216667 0.022656 0.111111 10 0.000958 0.235156 0.990972 0.153125 0.018056 10 0.000955 0.933984 0.930556 0.132031 0.138889 0 0.000929 0.995313 0.75625 0.009375 0.109722 0 0.000915 0.764844 0.534028 0.04375 0.079167 3 0.000897 0.747656 0.972222 0.057813 0.052778 1 0.000843 0.736719 0.377778 0.015625 0.041667 10 0.000804 0.994141 0.529861 0.011719 0.106944 1 0.000798 0.763672 0.475694 0.014844 0.034722 1 0.000798 0.835547 0.796528 0.041406 0.098611 9 0.000755 0.035547 0.790278 0.071094 0.172222 3 0.000727 0.986719 0.597222 0.026562 0.086111 2 0.000721 0.995313 0.670833 0.009375 0.108333 2 0.000685 0.36875 0.38125 0.026562 0.043056 0 0.000677 0.323437 0.759722 0.067187 0.119444 3 0.000667 0.035937 0.795139 0.071875 0.179167 0 0.000627 0.323437 0.627778 0.028125 0.038889 6 0.000593 0.03125 0.788889 0.0625 0.177778 0 0.000591 0.977344 0.572222 0.045312 0.108333 10 0.000568 0.989453 0.538889 0.019531 0.116667 6 0.000564 0.457813 0.369444 0.035937 0.075 0 0.000544 0.296484 0.836111 0.030469 0.080556 0 0.000534 0.295703 0.794444 0.032031 0.063889 1 0.000524 0.834375 0.776389 0.034375 0.083333 0 0.000524 0.2875 0.863194 0.021875 0.059722 2 0.000517 0.988281 0.700694 0.023438 0.184722 12 0.000507 0.457813 0.36875 0.035937 0.073611 5 0.000501 0.251563 0.975 0.126562 0.05
CCTV01^20260318-110000-20260318-120000_000315,10 0.894531 0.103125 0.525694 0.153125 0.190278 10 0.894531 0.122266 0.789583 0.233594 0.3625 3 0.894043 0.250781 0.914583 0.067187 0.143056 3 0.891602 0.304297 0.58125 0.067969 0.070833 3 0.883301 0.524609 0.878472 0.066406 0.190278 3 0.876465 0.307031 0.691667 0.046875 0.105556 10 0.875488 0.367578 0.439583 0.110156 0.148611 3 0.871582 0.336719 0.607639 0.065625 0.084722 10 0.857422 0.207031 0.430556 0.103125 0.130556 3 0.847168 0.230859 0.801389 0.064844 0.111111 10 0.840332 0.136328 0.591667 0.147656 0.205556 3 0.756348 0.178906 0.944444 0.060937 0.111111 2 0.744629 0.811328 0.675694 0.035156 0.093056 0 0.689453 0.975 0.768056 0.042188 0.102778 0 0.665527 0.865625 0.799306 0.05 0.104167 0 0.662109 0.310156 0.938194 0.046875 0.109722 0 0.638672 0.877344 0.888889 0.039062 0.113889 3 0.622559 0.657422 0.465278 0.032031 0.072222 1 0.604004 0.748828 0.488889 0.022656 0.058333 0 0.586914 0.2375 0.633333 0.03125 0.077778 3 0.57959 0.448828 0.477778 0.042969 0.058333 0 0.577637 0.253125 0.601389 0.028125 0.063889 0 0.575684 0.806641 0.474306 0.022656 0.059722 3 0.571777 0.485156 0.483333 0.045312 0.044444 0 0.560059 0.914844 0.603472 0.029687 0.079167 10 0.507812 0.019922 0.664583 0.039844 0.259722 10 0.503906 0.444922 0.377778 0.082031 0.116667 3 0.466797 0.495703 0.443056 0.035156 0.05 0 0.458984 0.280859 0.793056 0.032031 0.075 0 0.449463 0.355078 0.947222 0.038281 0.088889 0 0.445557 0.360156 0.533333 0.028125 0.055556 0 0.42627 0.350391 0.784028 0.050781 0.0875 0 0.395996 0.414844 0.473611 0.021875 0.055556 3 0.395996 0.405859 0.541667 0.046094 0.075 2 0.370117 0.855078 0.589583 0.033594 0.079167 1 0.355713 0.283984 0.736806 0.033594 0.079167 0 0.307373 0.985938 0.715972 0.028125 0.084722 5 0.299072 0.495703 0.403472 0.038281 0.059722 0 0.259766 0.282422 0.530556 0.024219 0.055556 0 0.191895 0.248047 0.561806 0.027344 0.051389 0 0.169922 0.855469 0.588194 0.034375 0.081944 0 0.093323 0.778516 0.414583 0.021094 0.051389 0 0.092346 0.394531 0.475 0.01875 0.05 3 0.089111 0.651563 0.380556 0.028125 0.047222 0 0.058777 0.223438 0.534722 0.023438 0.061111 0 0.052032 0.269531 0.490972 0.025 0.054167 10 0.050323 0.068359 0.786111 0.136719 0.311111 3 0.05014 0.424609 0.456944 0.033594 0.055556 3 0.039642 0.523047 0.361111 0.030469 0.041667 0 0.035553 0.288672 0.456944 0.021094 0.058333 0 0.035156 0.283594 0.967361 0.0375 0.056944 0 0.033203 0.246875 0.592361 0.026562 0.0625 0 0.03186 0.254688 0.53125 0.020313 0.051389 3 0.020721 0.496484 0.403472 0.039844 0.056944 1 0.020721 0.705078 0.486111 0.021094 0.061111 1 0.019501 0.355469 0.946528 0.039062 0.093056 0 0.017517 0.416406 0.458333 0.025 0.058333 3 0.016525 0.008203 0.260417 0.016406 0.0375 3 0.015251 0.3125 0.391667 0.025 0.044444 10 0.013535 0.025 0.601389 0.05 0.258333 1 0.012924 0.667188 0.402778 0.015625 0.047222 7 0.012146 0.739453 0.355556 0.030469 0.069444 0 0.010406 0.359766 0.511111 0.030469 0.061111 0 0.009819 0.994922 0.704167 0.010156 0.086111 0 0.009483 0.360156 0.493056 0.029687 0.052778 0 0.009193 0.283594 0.470833 0.025 0.069444 1 0.009018 0.282422 0.728472 0.022656 0.065278 2 0.007755 0.360547 0.493056 0.027344 0.052778 0 0.007431 0.015625 0.91875 0.03125 0.106944 1 0.006985 0.383984 0.475 0.024219 0.05 1 0.006958 0.743359 0.474306 0.028906 0.068056 10 0.00526 0.015625 0.605556 0.03125 0.15 1 0.004791 0.807813 0.472222 0.023438 0.063889 2 0.004417 0.984766 0.583333 0.030469 0.136111 6 0.004265 0.660937 0.247222 0.029687 0.069444 0 0.004101 0.009375 0.915972 0.01875 0.095833 1 0.003796 0.310156 0.610417 0.025 0.059722 4 0.00316 0.986719 0.791667 0.026562 0.25 3 0.002867 0.985938 0.590972 0.028125 0.109722 1 0.002834 0.317578 0.607639 0.033594 0.065278 10 0.002714 0.978516 0.600694 0.042969 0.204167 1 0.002531 0.234766 0.666667 0.021094 0.063889 2 0.002323 0.3125 0.39375 0.025 0.048611 0 0.002306 0.878516 0.843056 0.035156 0.083333 1 0.00209 0.346875 0.773611 0.039062 0.083333 10 0.002075 0.022266 0.746528 0.044531 0.426389 2 0.001965 0.992969 0.575 0.014063 0.147222 0 0.001912 0.994141 0.788889 0.011719 0.1 10 0.001623 0.983984 0.655556 0.032031 0.280556 3 0.001585 0.466797 0.480556 0.067969 0.052778 1 0.001461 0.374609 0.475 0.024219 0.05 0 0.001432 0.403516 0.45 0.027344 0.052778 0 0.00141 0.973437 0.742361 0.034375 0.093056 0 0.001399 0.285156 0.997222 0.114062 0.005556 12 0.001394 0.220703 0.997222 0.132031 0.005556 0 0.001356 0.989453 0.769444 0.021094 0.094444 0 0.001255 0.314844 0.970833 0.040625 0.055556 4 0.001179 0.939844 0.518056 0.04375 0.091667 3 0.001121 0.183984 0.997917 0.102344 0.004167 3 0.001065 0.179688 0.964583 0.078125 0.070833 1 0.001017 0.366016 0.481944 0.028906 0.055556 1 0.001 0.336328 0.756944 0.021094 0.055556 10 0.00097 0.989453 0.838194 0.021094 0.323611 3 0.000863 0.996094 0.845139 0.007812 0.145833 0 0.000836 0.987109 0.740972 0.025781 0.218056 0 0.000823 0.976172 0.564583 0.041406 0.098611 11 0.000795 0.987109 0.717361 0.025781 0.265278 2 0.000789 0.986719 0.829861 0.026562 0.301389 1 0.000776 0.286328 0.766667 0.038281 0.091667 12 0.00073 0.009375 0.066667 0.01875 0.102778 0 0.000727 0.291016 0.977083 0.100781 0.045833 10 0.000712 0.040234 0.682639 0.078906 0.326389 3 0.000657 0.989062 0.829167 0.020313 0.161111 1 0.000619 0.009375 0.934028 0.01875 0.098611 0 0.000607 0.411719 0.445139 0.023438 0.048611 0 0.000605 0.275391 0.954861 0.036719 0.068056 2 0.000588 0.199219 0.997222 0.1125 0.005556 0 0.000555 0.230859 0.605556 0.022656 0.052778 0 0.000553 0.971094 0.764583 0.057813 0.2625 0 0.000513 0.281641 0.580556 0.025781 0.061111
CCTV01^20260318-110000-20260318-120000_000319,10 0.90918 0.237109 0.640972 0.178906 0.2625 3 0.876465 0.248047 0.80625 0.057031 0.115278 10 0.868164 0.797656 0.747222 0.129688 0.355556 3 0.850098 0.524219 0.877778 0.067187 0.191667 3 0.845703 0.186328 0.88125 0.058594 0.134722 3 0.837402 0.3 0.68125 0.070312 0.095833 10 0.819824 0.206641 0.428472 0.099219 0.126389 10 0.810059 0.102734 0.522917 0.152344 0.179167 3 0.805664 0.699219 0.728472 0.057813 0.126389 10 0.783203 0.233203 0.559028 0.153906 0.195833 3 0.766113 0.137109 0.840278 0.085156 0.127778 10 0.75293 0.165234 0.567361 0.150781 0.198611 3 0.750488 0.410156 0.480556 0.040625 0.052778 3 0.73584 0.420703 0.434722 0.032031 0.047222 0 0.654785 0.228906 0.919444 0.042188 0.116667 10 0.599121 0.053906 0.71875 0.107813 0.2375 3 0.598145 0.483594 0.436806 0.039062 0.054167 0 0.596191 0.931641 0.658333 0.032031 0.077778 10 0.594727 0.466406 0.361111 0.089063 0.108333 3 0.594727 0.447656 0.477083 0.042188 0.056944 0 0.584961 0.981641 0.8 0.036719 0.105556 0 0.577637 0.867969 0.565972 0.028125 0.073611 2 0.571777 0.069922 0.85625 0.053906 0.109722 1 0.529297 0.646094 0.466667 0.026562 0.05 0 0.466797 0.142969 0.736806 0.034375 0.079167 0 0.449463 0.308984 0.713194 0.028906 0.068056 2 0.44751 0.313281 0.784028 0.046875 0.081944 3 0.411133 0.509766 0.399306 0.032031 0.048611 0 0.399902 0.291406 0.817361 0.03125 0.073611 1 0.312256 0.922266 0.758333 0.030469 0.088889 1 0.255371 0.322656 0.438194 0.017188 0.043056 10 0.247314 0.019531 0.647222 0.039062 0.230556 1 0.242188 0.363672 0.521528 0.021094 0.051389 0 0.221313 0.379297 0.411111 0.021094 0.05 0 0.217285 0.267969 0.873611 0.026562 0.091667 1 0.19873 0.027344 0.948611 0.053125 0.094444 0 0.174927 0.315234 0.694444 0.036719 0.069444 0 0.169434 0.090625 0.771528 0.045312 0.079167 10 0.130737 0.389453 0.9125 0.244531 0.175 0 0.111267 0.313281 0.783333 0.045312 0.077778 3 0.109314 0.129688 0.958333 0.082812 0.083333 3 0.093018 0.532422 0.361806 0.028906 0.040278 10 0.090393 0.039844 0.718056 0.079687 0.358333 12 0.08728 0.745313 0.925 0.067187 0.147222 0 0.07666 0.295312 0.803472 0.032813 0.068056 8 0.074219 0.744141 0.920139 0.071094 0.159722 2 0.05603 0.013281 0.904167 0.026562 0.088889 2 0.049774 0.01875 0.879861 0.0375 0.165278 0 0.040375 0.302734 0.692361 0.052344 0.079167 2 0.039642 0.532422 0.360417 0.027344 0.040278 0 0.037201 0.780078 0.407639 0.021094 0.054167 5 0.03067 0.024219 0.871528 0.048438 0.156944 6 0.024704 0.384375 0.911111 0.235937 0.177778 0 0.024338 0.482422 0.475 0.024219 0.05 0 0.023865 0.348438 0.410417 0.020313 0.043056 0 0.015717 0.327344 0.677778 0.023438 0.063889 1 0.014954 0.355859 0.594444 0.028906 0.061111 1 0.012825 0.378125 0.529861 0.035937 0.059722 3 0.009857 0.008203 0.261111 0.016406 0.036111 10 0.009636 0.024219 0.591667 0.048438 0.233333 4 0.008514 0.026172 0.896528 0.052344 0.206944 1 0.008156 0.923438 0.757639 0.053125 0.098611 0 0.008125 0.232813 0.893056 0.034375 0.086111 0 0.007549 0.025781 0.8375 0.046875 0.091667 1 0.006218 0.369141 0.526389 0.024219 0.055556 1 0.006191 0.362109 0.585417 0.035156 0.059722 2 0.005344 0.024609 0.842361 0.049219 0.101389 10 0.005081 0.015625 0.598611 0.03125 0.133333 1 0.004982 0.091797 0.775694 0.046094 0.081944 3 0.004433 0.629687 0.23125 0.015625 0.031944 0 0.004215 0.275781 0.863194 0.0375 0.098611 3 0.004086 0.320703 0.395833 0.027344 0.036111 0 0.003721 0.266016 0.898611 0.021094 0.083333 3 0.003622 0.310547 0.392361 0.046094 0.043056 3 0.003551 0.987891 0.593056 0.024219 0.1 0 0.003147 0.369141 0.582639 0.041406 0.056944 1 0.002901 0.302344 0.419444 0.021875 0.044444 1 0.002834 0.651563 0.470139 0.039062 0.0625 6 0.002531 0.660156 0.246528 0.029687 0.070833 1 0.002531 0.497266 0.966667 0.033594 0.058333 0 0.002472 0.380469 0.536806 0.034375 0.070833 1 0.002398 0.017188 0.925694 0.034375 0.118056 4 0.002323 0.939844 0.520139 0.045312 0.090278 3 0.002287 0.785547 0.641667 0.100781 0.141667 10 0.002199 0.994141 0.515278 0.011719 0.127778 0 0.002174 0.348047 0.621528 0.022656 0.065278 2 0.001839 0.986719 0.586806 0.026562 0.115278 10 0.00181 0.053516 0.793056 0.107031 0.413889 10 0.001755 0.985938 0.624306 0.028125 0.234722 0 0.001741 0.532813 0.405556 0.020313 0.05 2 0.001513 0.301953 0.419444 0.022656 0.044444 0 0.001484 0.975391 0.5625 0.042969 0.088889 1 0.001421 0.267578 0.904167 0.022656 0.088889 10 0.001394 0.989453 0.570833 0.021094 0.2 0 0.001315 0.352734 0.609028 0.028906 0.070833 3 0.001151 0.411328 0.539583 0.036719 0.076389 10 0.000989 0.660156 0.247222 0.029687 0.069444 0 0.000937 0.05 0.888194 0.098437 0.223611 0 0.000933 0.225781 0.970139 0.05 0.054167 2 0.000926 0.534375 0.400694 0.021875 0.048611 10 0.000918 0.011328 0.217361 0.021094 0.109722 1 0.000876 0.358203 0.447917 0.013281 0.040278 10 0.00075 0.978125 0.601389 0.04375 0.183333 11 0.000682 0.988281 0.799306 0.023438 0.265278 2 0.00068 0.985938 0.847917 0.028125 0.268056 1 0.000631 0.532813 0.399306 0.01875 0.043056 1 0.000621 0.36875 0.568056 0.025 0.044444 2 0.000612 0.992969 0.572917 0.014063 0.145833 0 0.000607 0.049609 0.838194 0.063281 0.109722 1 0.000597 0.263672 0.8875 0.024219 0.088889 1 0.00057 0.35625 0.51875 0.03125 0.054167 0 0.000566 0.417578 0.384722 0.019531 0.044444 10 0.00053 0.995313 0.344444 0.009375 0.152778 0 0.000505 0.299609 0.845833 0.041406 0.061111 1 0.000504 0.658594 0.35625 0.014063 0.040278
CCTV01^20260318-110000-20260318-120000_000323,3 0.862305 0.525 0.878472 0.065625 0.190278 10 0.855469 0.336328 0.522222 0.130469 0.194444 10 0.835938 0.185938 0.521528 0.11875 0.154167 3 0.833496 0.2625 0.720139 0.054688 0.084722 3 0.824219 0.207031 0.928472 0.06875 0.123611 3 0.822266 0.206641 0.747222 0.057031 0.097222 10 0.821777 0.104297 0.523611 0.155469 0.180556 3 0.775879 0.260156 0.653472 0.064062 0.084722 10 0.758301 0.433203 0.409722 0.110156 0.125 10 0.758301 0.20625 0.429167 0.101562 0.125 5 0.750488 0.751172 0.822917 0.075781 0.190278 2 0.73877 0.89375 0.913889 0.0625 0.130556 10 0.684082 0.685937 0.470833 0.079687 0.188889 10 0.63623 0.078516 0.826389 0.157031 0.347222 0 0.635254 0.233984 0.595833 0.028906 0.069444 0 0.594727 0.832031 0.574306 0.028125 0.079167 1 0.592773 0.816016 0.927083 0.030469 0.093056 3 0.581543 0.446484 0.482639 0.047656 0.045833 0 0.577637 0.206641 0.8125 0.033594 0.088889 2 0.556641 0.261328 0.5375 0.025781 0.066667 5 0.550781 0.15 0.869444 0.06875 0.147222 0 0.492188 0.248828 0.819444 0.033594 0.086111 0 0.480469 0.195703 0.679167 0.038281 0.083333 10 0.422607 0.352734 0.88125 0.180469 0.234722 3 0.392334 0.150391 0.870139 0.069531 0.148611 3 0.345215 0.499609 0.440278 0.038281 0.061111 10 0.308105 0.103516 0.654167 0.207031 0.219444 1 0.300781 0.792578 0.441667 0.016406 0.047222 10 0.271973 0.019531 0.652778 0.039062 0.25 0 0.265869 0.3 0.635417 0.023438 0.073611 0 0.218628 0.329297 0.639583 0.025781 0.068056 6 0.208862 0.351562 0.88125 0.175 0.231944 5 0.158203 0.301172 0.393056 0.047656 0.061111 8 0.139404 0.733203 0.949306 0.089844 0.101389 0 0.103394 0.232813 0.776389 0.029687 0.061111 0 0.101257 0.260547 0.770139 0.028906 0.065278 0 0.080627 0.252734 0.964583 0.039844 0.065278 0 0.036224 0.472266 0.433333 0.019531 0.044444 3 0.033325 0.301953 0.394444 0.047656 0.058333 1 0.024429 0.008984 0.964583 0.017969 0.070833 0 0.013634 0.251563 0.774306 0.04375 0.0625 0 0.011292 0.423047 0.479861 0.027344 0.043056 6 0.009163 0.660937 0.247917 0.03125 0.070833 10 0.009163 0.023047 0.5875 0.046094 0.258333 0 0.007935 0.011328 0.966667 0.022656 0.066667 3 0.007755 0.008594 0.252083 0.017188 0.051389 0 0.007175 0.216016 0.811806 0.038281 0.095833 3 0.006615 0.433203 0.478472 0.047656 0.048611 1 0.006363 0.730078 0.454167 0.024219 0.058333 2 0.006073 0.987891 0.584028 0.024219 0.118056 3 0.00605 0.423438 0.480556 0.028125 0.044444 10 0.005489 0.443359 0.429167 0.085156 0.080556 0 0.005138 0.028516 0.997222 0.057031 0.005556 2 0.004906 0.421875 0.479861 0.025 0.043056 0 0.004627 0.977344 0.564583 0.042188 0.093056 2 0.004433 0.708203 0.307639 0.014844 0.034722 10 0.004166 0.016016 0.595139 0.032031 0.131944 1 0.003809 0.820703 0.929861 0.060156 0.109722 3 0.003456 0.379297 0.3625 0.021094 0.033333 3 0.003273 0.516016 0.356944 0.028906 0.038889 1 0.003273 0.247656 0.852778 0.026562 0.069444 2 0.003088 0.519141 0.377083 0.027344 0.043056 1 0.002867 0.244531 0.835417 0.03125 0.081944 4 0.00279 0.938672 0.517361 0.049219 0.098611 0 0.00255 0.015234 0.977083 0.028906 0.045833 11 0.002378 0.008594 0.251389 0.017188 0.055556 1 0.002216 0.1875 0.702083 0.029687 0.070833 3 0.00205 0.520312 0.377083 0.029687 0.045833 0 0.001904 0.222656 0.768056 0.0375 0.061111 1 0.00181 0.632031 0.336806 0.014063 0.0375 11 0.001796 0.298047 0.56875 0.049219 0.090278 0 0.001782 0.229297 0.83125 0.019531 0.076389 1 0.001727 0.014844 0.959028 0.029687 0.081944 10 0.001567 0.986719 0.605556 0.026562 0.211111 2 0.001543 0.978516 0.578472 0.042969 0.129167 11 0.00141 0.364844 0.395833 0.048438 0.072222 8 0.001156 0.706641 0.950694 0.147656 0.098611 10 0.001129 0.010547 0.21875 0.021094 0.120833 12 0.000918 0.448437 0.996528 0.145313 0.006944 10 0.000911 0.990234 0.568056 0.019531 0.180556 1 0.000846 0.201172 0.677778 0.046094 0.077778 3 0.000826 0.988281 0.599306 0.023438 0.0875 3 0.000811 0.680469 0.234028 0.015625 0.029167 1 0.000804 0.012109 0.94375 0.024219 0.098611 1 0.00077 0.79375 0.448611 0.023438 0.061111 0 0.000758 0.725781 0.313889 0.015625 0.036111 2 0.000638 0.629687 0.09375 0.032813 0.070833 1 0.000621 0.230078 0.839583 0.024219 0.068056 4 0.000607 0.036719 0.975 0.073438 0.05 0 0.000593 0.249219 0.849306 0.029687 0.076389 10 0.000573 0.372266 0.409028 0.058594 0.129167
CCTV01^20260318-110000-20260318-120000_000327,6 0.951172 0.323047 0.790278 0.103906 0.288889 10 0.895996 0.250781 0.541667 0.178125 0.191667 10 0.859375 0.783594 0.738194 0.153125 0.370833 3 0.850098 0.219531 0.885417 0.070312 0.134722 3 0.834473 0.525 0.878472 0.067187 0.190278 10 0.780762 0.401953 0.451389 0.103906 0.163889 10 0.756836 0.103906 0.521528 0.154688 0.176389 10 0.751465 0.105469 0.781944 0.207813 0.369444 3 0.747559 0.294922 0.590972 0.067969 0.068056 3 0.723145 0.141406 0.945139 0.067187 0.106944 3 0.708984 0.177734 0.7875 0.075781 0.133333 0 0.665527 0.224609 0.665972 0.027344 0.081944 2 0.65332 0.909766 0.920139 0.053906 0.129167 0 0.637207 0.258984 0.902778 0.036719 0.094444 0 0.633301 0.248828 0.734722 0.035156 0.086111 3 0.611328 0.068359 0.94375 0.094531 0.106944 3 0.583008 0.263281 0.681944 0.034375 0.083333 0 0.541016 0.234375 0.775 0.035937 0.086111 0 0.507812 0.282422 0.934028 0.038281 0.101389 10 0.488281 0.209766 0.434028 0.105469 0.134722 3 0.46875 0.459766 0.479861 0.046094 0.051389 0 0.464844 0.924609 0.720833 0.047656 0.125 2 0.390381 0.953125 0.653472 0.042188 0.0875 10 0.38501 0.020703 0.647222 0.041406 0.236111 1 0.332764 0.702344 0.882639 0.03125 0.106944 1 0.235107 0.842578 0.685417 0.027344 0.079167 2 0.15564 0.798438 0.464583 0.034375 0.079167 1 0.13208 0.698047 0.461111 0.030469 0.061111 0 0.119995 0.327734 0.604861 0.024219 0.0625 0 0.087585 0.836719 0.505556 0.028125 0.063889 0 0.078918 0.280859 0.963889 0.042969 0.063889 3 0.065125 0.785937 0.941667 0.078125 0.116667 0 0.062805 0.202734 0.956944 0.049219 0.077778 5 0.057922 0.787109 0.940278 0.078906 0.119444 3 0.041473 0.504297 0.399306 0.028906 0.045833 1 0.032593 0.778906 0.490278 0.020313 0.061111 10 0.024704 0.280078 0.447222 0.127344 0.138889 0 0.023605 0.296094 0.611111 0.029687 0.058333 1 0.02272 0.878516 0.949306 0.030469 0.093056 0 0.017303 0.928516 0.694444 0.047656 0.1 1 0.01445 0.296875 0.61875 0.026562 0.059722 0 0.00956 0.223047 0.645139 0.028906 0.070833 2 0.009453 0.505859 0.398611 0.030469 0.047222 0 0.007576 0.464453 0.419444 0.019531 0.047222 3 0.006958 0.300391 0.604861 0.039844 0.065278 10 0.006905 0.016016 0.602083 0.032031 0.168056 2 0.006191 0.10625 0.604167 0.048438 0.072222 3 0.005081 0.008594 0.257639 0.017188 0.040278 3 0.004665 0.494141 0.273611 0.017969 0.030556 1 0.004646 0.004297 0.869444 0.008594 0.119444 6 0.004608 0.508203 0.350694 0.035156 0.059722 6 0.00407 0.660937 0.25 0.029687 0.072222 0 0.003298 0.855078 0.490972 0.021094 0.054167 0 0.003273 0.939063 0.676389 0.039062 0.086111 10 0.003027 0.017188 0.713194 0.034375 0.390278 10 0.00289 0.366406 0.438194 0.101562 0.154167 2 0.002388 0.747656 0.534028 0.028125 0.056944 0 0.001839 0.281641 0.451389 0.125781 0.155556 2 0.00181 0.460547 0.485417 0.047656 0.054167 1 0.001796 0.611328 0.41875 0.021094 0.059722 3 0.001741 0.410156 0.323611 0.026562 0.036111 0 0.001585 0.748047 0.535417 0.028906 0.059722 3 0.001432 0.004297 0.870139 0.008594 0.123611 1 0.001325 0.355469 0.914583 0.045312 0.073611 1 0.001274 0.789062 0.481944 0.035937 0.080556 0 0.001235 0.298828 0.596528 0.052344 0.073611 5 0.001081 0.774609 0.948611 0.113281 0.102778 11 0.000978 0.592578 0.072222 0.058594 0.113889 1 0.000915 0.251953 0.927778 0.032031 0.086111 2 0.000911 0.736328 0.357639 0.021094 0.043056 1 0.000863 0.188281 0.645139 0.029687 0.068056 10 0.000811 0.991797 0.5875 0.016406 0.158333 2 0.00077 0.990234 0.604167 0.019531 0.108333 0 0.000724 0.185938 0.636806 0.03125 0.068056 10 0.000661 0.374219 0.420139 0.071875 0.1125 11 0.000631 0.397266 0.485417 0.089844 0.098611 2 0.000597 0.008594 0.960417 0.017188 0.079167 2 0.000562 0.0125 0.939583 0.025 0.120833 12 0.000562 0.253125 0.991667 0.148438 0.016667 2 0.000557 0.095312 0.785417 0.1875 0.368056 3 0.00054 0.010547 0.868056 0.021094 0.172222 0 0.000519 0.255078 0.679861 0.035156 0.084722 3 0.000511 0.280859 0.682639 0.039844 0.0875 10 0.000507 0.059375 0.869444 0.11875 0.261111 2 0.000504 0.298828 0.997222 0.124219 0.005556
CCTV01^20260318-110000-20260318-120000_000331,8 0.896484 0.351172 0.884722 0.086719 0.177778 10 0.861816 0.788281 0.749306 0.159375 0.379167 3 0.831055 0.3125 0.80625 0.05625 0.1125 10 0.814453 0.161328 0.678472 0.214844 0.281944 3 0.810547 0.525 0.877778 0.067187 0.191667 3 0.804199 0.324219 0.6375 0.064062 0.080556 10 0.794922 0.103516 0.524306 0.153906 0.181944 3 0.767578 0.222266 0.723611 0.086719 0.111111 10 0.641602 0.369141 0.474306 0.152344 0.156944 3 0.620605 0.169922 0.866667 0.067969 0.125 0 0.562012 0.225 0.802778 0.04375 0.102778 0 0.546875 0.248438 0.847917 0.03125 0.090278 0 0.539062 0.285156 0.884722 0.040625 0.108333 10 0.537109 0.214062 0.427778 0.109375 0.133333 0 0.535156 0.256641 0.751389 0.032031 0.091667 2 0.519531 0.449609 0.967361 0.069531 0.065278 2 0.515625 0.376172 0.818056 0.052344 0.094444 0 0.501953 0.329297 0.674306 0.030469 0.073611 0 0.381104 0.026953 0.756944 0.052344 0.105556 10 0.375732 0.449219 0.470139 0.1 0.131944 0 0.327637 0.701562 0.943056 0.04375 0.111111 10 0.31665 0.021094 0.656944 0.042188 0.247222 3 0.287842 0.114062 0.872917 0.06875 0.118056 3 0.225464 0.666797 0.4375 0.036719 0.063889 10 0.212769 0.29375 0.441667 0.126562 0.144444 0 0.190063 0.866797 0.577778 0.035156 0.083333 0 0.188354 0.892188 0.669444 0.035937 0.091667 4 0.188354 0.028125 0.7625 0.05625 0.122222 3 0.147583 0.276562 0.972222 0.079687 0.055556 10 0.134277 0.943359 0.865972 0.113281 0.268056 10 0.113586 0.464844 0.386806 0.092188 0.1125 5 0.088501 0.787109 0.945139 0.078906 0.109722 0 0.069275 0.910156 0.638889 0.032813 0.083333 0 0.066589 0.983984 0.700694 0.032031 0.0875 0 0.054993 0.804297 0.508333 0.027344 0.069444 3 0.041931 0.523828 0.3625 0.025781 0.041667 0 0.038757 0.279687 0.867361 0.028125 0.084722 1 0.036224 0.027734 0.752778 0.050781 0.094444 3 0.034882 0.787109 0.945833 0.080469 0.108333 6 0.024887 0.039062 0.913889 0.078125 0.172222 1 0.017105 0.010156 0.816667 0.020313 0.083333 1 0.015129 0.277344 0.861806 0.021875 0.073611 10 0.011116 0.662109 0.302083 0.035156 0.101389 4 0.01078 0.013281 0.819444 0.026562 0.247222 10 0.010567 0.025781 0.585417 0.051562 0.273611 0 0.010452 0.010547 0.826389 0.021094 0.1 2 0.009857 0.213281 0.508333 0.023438 0.05 1 0.009163 0.602344 0.427083 0.021875 0.051389 0 0.008064 0.809375 0.445139 0.026562 0.059722 0 0.007965 0.011719 0.779861 0.023438 0.1125 3 0.007576 0.008203 0.843056 0.016406 0.141667 10 0.006878 0.971484 0.80625 0.055469 0.3875 4 0.006145 0.011328 0.845833 0.022656 0.144444 2 0.005428 0.157422 0.947222 0.042969 0.088889 2 0.004925 0.892578 0.761806 0.036719 0.095833 0 0.004574 0.007812 0.798611 0.015625 0.088889 0 0.004299 0.016797 0.748611 0.032031 0.086111 0 0.00423 0.007422 0.744444 0.014844 0.086111 1 0.00407 0.158203 0.944444 0.044531 0.083333 3 0.003855 0.034766 0.873611 0.069531 0.088889 10 0.003839 0.981641 0.783333 0.036719 0.380556 4 0.003496 0.024219 0.826389 0.048438 0.252778 3 0.002737 0.491797 0.284028 0.021094 0.034722 0 0.002672 0.806641 0.483333 0.027344 0.075 3 0.002314 0.008203 0.259722 0.016406 0.038889 3 0.001714 0.285938 0.994444 0.104688 0.011111 3 0.001649 0.987891 0.589583 0.024219 0.109722 6 0.001455 0.011328 0.838889 0.022656 0.294444 10 0.001432 0.375 0.414583 0.11875 0.101389 10 0.001421 0.99375 0.513889 0.0125 0.122222 2 0.001399 0.989453 0.589583 0.021094 0.109722 10 0.001335 0.022656 0.8375 0.045312 0.297222 10 0.001265 0.984375 0.707639 0.03125 0.306944 10 0.001124 0.010937 0.849306 0.021875 0.301389 0 0.001078 0.366797 0.465972 0.161719 0.151389 3 0.001037 0.717578 0.33125 0.022656 0.040278 10 0.00094 0.990625 0.563889 0.01875 0.183333 4 0.000926 0.939453 0.5125 0.046094 0.091667 9 0.000926 0.983984 0.760417 0.032031 0.218056 3 0.000915 0.010937 0.659722 0.021875 0.069444 8 0.00077 0.351953 0.841667 0.082031 0.1 3 0.000738 0.680469 0.234722 0.015625 0.027778 10 0.000669 0.987109 0.625 0.025781 0.213889 5 0.000612 0.990625 0.58125 0.01875 0.143056 10 0.000596 0.042578 0.5125 0.085156 0.347222 11 0.000564 0.588672 0.058333 0.049219 0.080556 1 0.000555 0.703906 0.963889 0.048438 0.072222 10 0.000551 0.050781 0.911806 0.101562 0.176389 6 0.000527 0.014453 0.602778 0.028906 0.155556
CCTV01^20260318-110000-20260318-120000_000335,10 0.888184 0.808203 0.779861 0.189844 0.404167 3 0.806641 0.524219 0.878472 0.06875 0.193056 3 0.788086 0.236328 0.872917 0.057031 0.131944 8 0.759277 0.302344 0.913889 0.125 0.161111 11 0.726562 0.391406 0.900694 0.132812 0.193056 8 0.723145 0.292578 0.675694 0.044531 0.101389 2 0.704102 0.290234 0.763889 0.044531 0.102778 2 0.702637 0.3375 0.752083 0.046875 0.093056 3 0.689453 0.16875 0.748611 0.06875 0.102778 10 0.64502 0.951562 0.825694 0.096875 0.348611 10 0.614258 0.35625 0.502083 0.142187 0.181944 10 0.595703 0.102734 0.521528 0.153906 0.179167 3 0.588867 0.885938 0.688194 0.05625 0.1125 10 0.540039 0.085938 0.679861 0.171875 0.279167 2 0.539062 0.708203 0.5625 0.032031 0.080556 10 0.501953 0.673828 0.382639 0.050781 0.126389 0 0.490234 0.218359 0.657639 0.033594 0.084722 3 0.464844 0.211328 0.764583 0.067969 0.098611 0 0.399902 0.253516 0.690972 0.028906 0.073611 3 0.379395 0.318359 0.636806 0.044531 0.081944 10 0.338135 0.064062 0.860417 0.128125 0.276389 3 0.336426 0.478516 0.461111 0.044531 0.044444 7 0.310791 0.246875 0.59375 0.085938 0.090278 9 0.250244 0.398828 0.899306 0.152344 0.198611 10 0.241455 0.220312 0.425694 0.109375 0.126389 0 0.236572 0.194531 0.880556 0.0375 0.102778 0 0.165649 0.317969 0.811806 0.040625 0.079167 10 0.160767 0.294531 0.439583 0.13125 0.140278 3 0.144653 0.463672 0.486111 0.047656 0.044444 2 0.093689 0.217969 0.658333 0.034375 0.083333 0 0.091064 0.820703 0.504861 0.030469 0.070833 4 0.076965 0.248438 0.59375 0.0875 0.093056 2 0.072632 0.174609 0.820139 0.057031 0.090278 3 0.07135 0.249609 0.59375 0.092969 0.093056 0 0.065613 0.254688 0.65625 0.028125 0.076389 7 0.063477 0.157422 0.661806 0.083594 0.106944 3 0.06076 0.629687 0.356944 0.023438 0.058333 4 0.040527 0.384766 0.898611 0.124219 0.188889 0 0.036224 0.448437 0.913194 0.0625 0.115278 9 0.035553 0.155859 0.66875 0.085156 0.118056 3 0.035278 0.9625 0.964583 0.075 0.070833 3 0.035004 0.46875 0.475694 0.051562 0.029167 2 0.031616 0.760156 0.404861 0.021875 0.048611 10 0.027069 0.507031 0.39375 0.053125 0.104167 3 0.018982 0.174609 0.822222 0.057031 0.088889 10 0.018982 0.380469 0.416667 0.103125 0.119444 0 0.017181 0.173828 0.582639 0.027344 0.065278 0 0.013847 0.190234 0.647222 0.027344 0.069444 3 0.010986 0.229687 0.5375 0.029687 0.063889 6 0.01033 0.120313 0.916667 0.132812 0.166667 10 0.010292 0.466016 0.393056 0.082031 0.122222 11 0.009598 0.124219 0.690278 0.15 0.158333 2 0.0093 0.264453 0.529861 0.044531 0.070833 0 0.008476 0.784766 0.450694 0.025781 0.0625 0 0.007904 0.467969 0.390972 0.090625 0.118056 10 0.007095 0.021875 0.684028 0.04375 0.334722 0 0.006851 0.257422 0.635417 0.032031 0.073611 10 0.006489 0.960547 0.727083 0.078906 0.326389 3 0.006462 0.008594 0.257639 0.017188 0.040278 1 0.006218 0.783984 0.450694 0.024219 0.059722 4 0.006027 0.192969 0.523611 0.0375 0.083333 1 0.005081 0.189844 0.647222 0.028125 0.075 10 0.004829 0.027734 0.604167 0.055469 0.397222 4 0.004215 0.271094 0.595833 0.051562 0.080556 2 0.004166 0.193359 0.521528 0.036719 0.084722 5 0.003551 0.014453 0.608333 0.028906 0.141667 0 0.003443 0.426172 0.913194 0.105469 0.131944 2 0.00326 0.783984 0.450694 0.024219 0.059722 3 0.003004 0.270703 0.59375 0.052344 0.073611 6 0.002913 0.064453 0.861111 0.128906 0.277778 7 0.00227 0.270313 0.593056 0.053125 0.072222 5 0.001803 0.124609 0.914583 0.117969 0.168056 2 0.001714 0.365625 0.843056 0.06875 0.077778 1 0.001687 0.710156 0.560417 0.045312 0.090278 12 0.001467 0.464844 0.990278 0.123438 0.019444 2 0.001169 0.189453 0.645833 0.027344 0.066667 0 0.001124 0.191016 0.524306 0.038281 0.079167 2 0.001116 0.183203 0.995139 0.113281 0.009722 4 0.00102 0.157422 0.669444 0.086719 0.116667 2 0.000883 0.478125 0.459722 0.045312 0.044444 0 0.000863 0.247266 0.595833 0.089844 0.097222 0 0.000856 0.219922 0.43125 0.113281 0.129167 3 0.000817 0.142969 0.584028 0.0375 0.068056 0 0.000785 0.380469 0.413889 0.1 0.113889 2 0.00077 0.117578 0.689583 0.158594 0.1875 3 0.000752 0.455078 0.447917 0.033594 0.034722 10 0.000669 0.984766 0.845833 0.030469 0.308333 10 0.000641 0.980469 0.640972 0.039062 0.268056 0 0.000631 0.203125 0.666667 0.035937 0.077778 2 0.000629 0.249609 0.593056 0.092969 0.094444 7 0.000621 0.177344 0.653472 0.045312 0.093056 10 0.000607 0.015625 0.613194 0.03125 0.159722 10 0.000605 0.039453 0.691667 0.078906 0.330556 2 0.000579 0.766406 0.359028 0.01875 0.043056 10 0.00054 0.995703 0.338889 0.008594 0.172222 10 0.00054 0.05 0.509028 0.1 0.365278 3 0.000536 0.041797 0.897917 0.083594 0.204167 3 0.000505 0.016797 0.617361 0.033594 0.1625
CCTV01^20260318-110000-20260318-120000_000339,8 0.943359 0.299219 0.9125 0.128125 0.169444 11 0.911621 0.369141 0.855556 0.124219 0.208333 3 0.84082 0.738281 0.730556 0.064062 0.163889 3 0.834473 0.525 0.878472 0.06875 0.193056 3 0.822266 0.235937 0.855556 0.059375 0.130556 3 0.790527 0.219531 0.746528 0.073438 0.106944 10 0.788574 0.905469 0.742361 0.189062 0.354167 3 0.759277 0.198047 0.704861 0.074219 0.104167 8 0.686035 0.296484 0.648611 0.049219 0.102778 7 0.616699 0.291406 0.563194 0.084375 0.098611 10 0.599121 0.171484 0.566667 0.202344 0.202778 8 0.482422 0.1625 0.634722 0.107813 0.111111 1 0.443604 0.787109 0.671528 0.027344 0.081944 7 0.434082 0.364063 0.519444 0.079687 0.088889 4 0.434082 0.363672 0.522222 0.078906 0.086111 10 0.323486 0.087109 0.828472 0.172656 0.340278 2 0.300781 0.28125 0.732639 0.045312 0.079167 3 0.27832 0.323047 0.615278 0.050781 0.088889 0 0.253906 0.686328 0.7 0.027344 0.091667 0 0.237915 0.280078 0.784028 0.044531 0.0875 2 0.229492 0.902734 0.877778 0.058594 0.122222 3 0.210815 0.476562 0.471528 0.046875 0.059722 12 0.190674 0.279687 0.785417 0.04375 0.090278 10 0.180664 0.84375 0.858333 0.154688 0.283333 2 0.17334 0.475781 0.470833 0.046875 0.061111 2 0.15564 0.500391 0.434028 0.036719 0.051389 10 0.141724 0.020313 0.678472 0.040625 0.309722 9 0.134277 0.433984 0.434028 0.102344 0.143056 1 0.118774 0.685937 0.700694 0.028125 0.090278 2 0.070312 0.321094 0.718056 0.046875 0.075 10 0.064636 0.322266 0.425 0.139844 0.141667 1 0.034882 0.321875 0.716667 0.046875 0.075 0 0.028214 0.416797 0.845833 0.058594 0.136111 10 0.027069 0.016797 0.808333 0.033594 0.383333 0 0.025757 0.630859 0.793056 0.019531 0.080556 12 0.024704 0.416016 0.84375 0.058594 0.134722 0 0.021362 0.252344 0.675694 0.03125 0.0625 1 0.020493 0.28125 0.730556 0.042188 0.069444 8 0.020493 0.013672 0.797917 0.027344 0.234722 10 0.0159 0.433984 0.43125 0.102344 0.143056 3 0.015076 0.008984 0.258333 0.017969 0.041667 0 0.013428 0.317969 0.764583 0.03125 0.079167 0 0.013069 0.810156 0.494444 0.025 0.063889 1 0.012428 0.648828 0.454861 0.019531 0.059722 0 0.0121 0.847266 0.527778 0.030469 0.075 0 0.010948 0.830078 0.556944 0.028906 0.077778 1 0.010406 0.742969 0.475694 0.023438 0.0625 4 0.010056 0.294531 0.5625 0.08125 0.097222 10 0.009781 0.027734 0.58125 0.055469 0.331944 2 0.009636 0.321094 0.760417 0.034375 0.070833 8 0.009636 0.171094 0.571528 0.198437 0.226389 8 0.009453 0.292187 0.563889 0.078125 0.102778 3 0.007431 0.022266 0.619444 0.044531 0.186111 3 0.005844 0.053516 0.241667 0.025781 0.036111 0 0.005512 0.777344 0.464583 0.025 0.068056 5 0.004665 0.021094 0.613889 0.042188 0.183333 1 0.004574 0.175 0.802083 0.046875 0.073611 1 0.004101 0.382031 0.922917 0.070312 0.104167 9 0.00326 0.416406 0.852778 0.057813 0.161111 10 0.00304 0.805469 0.859028 0.08125 0.281944 2 0.002453 0.173828 0.804167 0.049219 0.083333 6 0.002398 0.520703 0.364583 0.046094 0.093056 3 0.002279 0.090625 0.738889 0.114062 0.163889 11 0.002234 0.416406 0.859028 0.057813 0.170833 0 0.002234 0.433984 0.429861 0.103906 0.151389 4 0.001949 0.012109 0.833333 0.024219 0.272222 10 0.001629 0.102344 0.522917 0.157812 0.184722 10 0.001592 0.959375 0.688889 0.08125 0.325 2 0.001285 0.988281 0.584722 0.023438 0.133333 0 0.001179 0.101172 0.524306 0.153906 0.181944 10 0.001151 0.520703 0.363889 0.046094 0.094444 3 0.001151 0.014453 0.745833 0.028906 0.25 0 0.001095 0.256641 0.636806 0.032031 0.076389 3 0.001086 0.984766 0.582639 0.030469 0.145833 0 0.001048 0.198828 0.870139 0.027344 0.109722 0 0.000985 0.662891 0.8 0.033594 0.097222 5 0.000915 0.377734 0.982639 0.125781 0.034722 4 0.000911 0.241797 0.611111 0.047656 0.086111 4 0.000876 0.348047 0.802778 0.072656 0.094444 3 0.000869 0.735156 0.339583 0.023438 0.043056 3 0.000859 0.015234 0.658333 0.030469 0.111111 1 0.000856 0.323828 0.752083 0.046094 0.095833 0 0.000853 0.764844 0.417361 0.01875 0.054167 0 0.000826 0.353125 0.811806 0.08125 0.118056 2 0.000744 0.784766 0.4 0.021094 0.052778 0 0.000721 0.345703 0.795833 0.060156 0.094444 10 0.000661 0.533203 0.3 0.047656 0.063889 3 0.000651 0.501953 0.430556 0.035156 0.047222 0 0.000564 0.820703 0.45625 0.021094 0.051389 11 0.000557 0.292187 0.565972 0.078125 0.106944 12 0.000536 0.365625 0.981944 0.13125 0.036111
CCTV01^20260318-110000-20260318-120000_000343,8 0.941895 0.301563 0.907639 0.126562 0.176389 11 0.876465 0.363281 0.843056 0.125 0.188889 3 0.85791 0.239063 0.707639 0.073438 0.118056 10 0.834961 0.247266 0.531944 0.191406 0.202778 3 0.831055 0.756641 0.804167 0.074219 0.183333 3 0.778809 0.525391 0.876389 0.069531 0.191667 8 0.756348 0.317188 0.613889 0.06875 0.119444 8 0.754883 0.174219 0.634028 0.11875 0.123611 3 0.529297 0.236328 0.844444 0.061719 0.127778 1 0.480469 0.317578 0.681944 0.038281 0.083333 0 0.460938 0.975 0.889583 0.05 0.140278 2 0.449463 0.235547 0.847222 0.060156 0.130556 3 0.386719 0.224219 0.677083 0.071875 0.098611 1 0.355713 0.189062 0.764583 0.05 0.090278 10 0.284668 0.342578 0.411111 0.141406 0.127778 2 0.262939 0.280859 0.708333 0.041406 0.086111 8 0.242188 0.054297 0.709028 0.108594 0.201389 2 0.212036 0.798438 0.489583 0.034375 0.070833 9 0.185303 0.341797 0.411111 0.141406 0.127778 10 0.182983 0.020313 0.675694 0.040625 0.3125 2 0.168823 0.189844 0.765972 0.05 0.090278 1 0.141724 0.823047 0.63125 0.030469 0.079167 10 0.13208 0.088672 0.826389 0.175781 0.341667 2 0.120422 0.317969 0.680556 0.035937 0.080556 0 0.104492 0.268359 0.781944 0.047656 0.122222 0 0.086914 0.235937 0.929861 0.026562 0.093056 10 0.056854 0.495703 0.379167 0.086719 0.122222 0 0.051666 0.746875 0.942361 0.054688 0.1125 12 0.041321 0.747656 0.945833 0.053125 0.108333 7 0.038605 0.419531 0.461111 0.06875 0.086111 3 0.036346 0.338281 0.570833 0.042188 0.069444 3 0.03476 0.022266 0.609722 0.044531 0.166667 1 0.033966 0.280078 0.707639 0.039844 0.081944 5 0.031372 0.021094 0.60625 0.042188 0.159722 3 0.02272 0.089844 0.819444 0.178125 0.333333 0 0.02211 0.78125 0.516667 0.03125 0.072222 0 0.019501 0.301953 0.786806 0.019531 0.076389 2 0.017914 0.790625 0.435417 0.026562 0.054167 9 0.017303 0.045312 0.900694 0.090625 0.195833 3 0.014282 0.008594 0.256944 0.017188 0.041667 9 0.012054 0.101562 0.521528 0.153125 0.181944 3 0.009163 0.994922 0.692361 0.010156 0.134722 4 0.007549 0.419922 0.457639 0.067969 0.079167 0 0.006985 0.103906 0.519444 0.15625 0.183333 4 0.006588 0.253516 0.624306 0.044531 0.070833 4 0.00589 0.414844 0.504167 0.051562 0.072222 3 0.004757 0.982812 0.577778 0.034375 0.141667 0 0.004398 0.310547 0.74375 0.042969 0.095833 12 0.004349 0.218359 0.954861 0.044531 0.090278 3 0.004166 0.097266 0.730556 0.091406 0.147222 7 0.003855 0.416406 0.502778 0.057813 0.072222 0 0.003511 0.994922 0.688194 0.010156 0.140278 10 0.003511 0.025 0.576389 0.05 0.308333 12 0.003363 0.310937 0.745139 0.04375 0.104167 0 0.003004 0.833984 0.493056 0.024219 0.066667 3 0.002621 0.730078 0.344444 0.024219 0.044444 10 0.00255 0.113672 0.901389 0.191406 0.197222 10 0.002378 0.101953 0.522222 0.155469 0.186111 9 0.002306 0.985938 0.596528 0.028125 0.106944 0 0.002075 0.219141 0.950694 0.042969 0.095833 1 0.001839 0.769141 0.442361 0.017969 0.051389 1 0.00181 0.296484 0.7 0.041406 0.105556 0 0.001668 0.29375 0.779861 0.017188 0.120833 3 0.001597 0.990625 0.695139 0.01875 0.1625 3 0.001549 0.1625 0.763194 0.029687 0.1125 0 0.001315 0.808984 0.778472 0.035156 0.093056 8 0.001221 0.333594 0.476389 0.048438 0.083333 3 0.001216 0.015625 0.788194 0.03125 0.245833 11 0.001202 0.419922 0.476389 0.067969 0.116667 0 0.001107 0.223047 0.929861 0.032031 0.095833 3 0.001073 0.017188 0.646528 0.034375 0.1625 11 0.001065 0.303125 0.547222 0.05 0.063889 2 0.001032 0.622266 0.220833 0.014844 0.030556 11 0.001032 0.034766 0.741667 0.069531 0.316667 0 0.001024 0.253516 0.625 0.041406 0.072222 1 0.000947 0.335547 0.696528 0.016406 0.081944 10 0.000947 0.861328 0.9 0.171094 0.2 0 0.00094 0.255078 0.929861 0.024219 0.131944 3 0.000933 0.053516 0.242361 0.027344 0.0375 9 0.000863 0.41875 0.369444 0.071875 0.091667 1 0.000843 0.187891 0.786111 0.041406 0.075 0 0.000823 0.994531 0.923611 0.010937 0.136111 9 0.000817 0.987109 0.636111 0.025781 0.136111 9 0.000789 0.990625 0.673611 0.01875 0.158333 10 0.000779 0.975 0.575694 0.048438 0.154167 1 0.000762 0.808984 0.779167 0.036719 0.091667 6 0.000755 0.636328 0.2 0.021094 0.044444 3 0.000735 0.990625 0.601389 0.01875 0.111111 10 0.00073 0.983203 0.648611 0.033594 0.277778 9 0.000721 0.494531 0.379167 0.0875 0.122222 3 0.000675 0.994922 0.929861 0.010156 0.140278 8 0.000657 0.990625 0.701389 0.01875 0.208333 0 0.000624 0.789453 0.500694 0.032031 0.081944 0 0.000619 0.74375 0.446528 0.028125 0.051389 2 0.000617 0.612891 0.194444 0.011719 0.025 1 0.000609 0.720703 0.977083 0.041406 0.045833 2 0.000597 0.976953 0.572917 0.046094 0.151389 2 0.000573 0.984766 0.884028 0.030469 0.170833 1 0.000562 0.744141 0.446528 0.030469 0.048611 0 0.000562 0.330078 0.802083 0.042969 0.093056 11 0.000504 0.245312 0.600694 0.05 0.073611 12 0.000504 0.282031 0.585417 0.025 0.070833
CCTV01^20260318-110000-20260318-120000_000347,8 0.891113 0.300781 0.903472 0.128125 0.184722 8 0.881836 0.279687 0.547222 0.09375 0.116667 3 0.808105 0.524609 0.876389 0.069531 0.194444 3 0.805664 0.841797 0.914583 0.072656 0.165278 3 0.796875 0.831641 0.643056 0.053906 0.111111 11 0.792969 0.360938 0.845139 0.120313 0.193056 3 0.760742 0.25 0.754861 0.060937 0.118056 10 0.745605 0.422266 0.426389 0.130469 0.15 2 0.713867 0.346484 0.529861 0.038281 0.070833 3 0.702637 0.305078 0.602083 0.085156 0.084722 10 0.641602 0.751172 0.509028 0.107031 0.209722 8 0.584961 0.200391 0.548611 0.094531 0.136111 12 0.57959 0.301172 0.661111 0.032031 0.094444 10 0.549805 0.105859 0.792361 0.211719 0.384722 12 0.53125 0.269531 0.665278 0.029687 0.083333 7 0.470703 0.690625 0.589583 0.0625 0.123611 7 0.445557 0.961719 0.8875 0.076563 0.166667 0 0.44165 0.870313 0.715972 0.054688 0.115278 9 0.432129 0.067578 0.691667 0.133594 0.291667 1 0.424316 0.232813 0.664583 0.042188 0.081944 4 0.392334 0.961328 0.886806 0.077344 0.168056 0 0.370117 0.951953 0.747222 0.044531 0.108333 10 0.300781 0.065234 0.691667 0.130469 0.308333 4 0.297363 0.690625 0.589583 0.0625 0.120833 2 0.273682 0.232813 0.664583 0.042188 0.084722 12 0.237915 0.689844 0.588194 0.0625 0.123611 9 0.21936 0.107422 0.795833 0.214844 0.388889 9 0.14856 0.100781 0.516667 0.154688 0.177778 2 0.11676 0.512891 0.391667 0.022656 0.047222 10 0.07666 0.499219 0.34375 0.09375 0.106944 0 0.068787 0.989453 0.803472 0.021094 0.154167 10 0.06076 0.023828 0.675 0.047656 0.294444 3 0.014839 0.989062 0.830556 0.021875 0.188889 10 0.014786 0.134375 0.865972 0.2 0.268056 3 0.013535 0.229687 0.6125 0.048438 0.083333 4 0.01297 0.988281 0.84375 0.023438 0.2125 0 0.012672 0.993359 0.788889 0.013281 0.133333 9 0.011597 0.364844 0.409722 0.129688 0.105556 1 0.010651 0.810156 0.565972 0.020313 0.0625 10 0.010452 0.025391 0.609028 0.050781 0.179167 3 0.008644 0.016797 0.769444 0.033594 0.113889 12 0.007317 0.960938 0.885417 0.076563 0.176389 7 0.006771 0.630078 0.382639 0.030469 0.070833 3 0.005867 0.979297 0.909722 0.041406 0.144444 10 0.005344 0.100781 0.51875 0.15625 0.181944 0 0.00526 0.102734 0.514583 0.157031 0.176389 4 0.005199 0.229297 0.615278 0.049219 0.088889 8 0.004452 0.345703 0.439583 0.046094 0.070833 11 0.004433 0.98125 0.861806 0.035937 0.251389 3 0.004299 0.983984 0.577778 0.032031 0.141667 2 0.00423 0.533594 0.368056 0.020313 0.044444 0 0.003929 0.210156 0.736806 0.05 0.115278 3 0.003855 0.008594 0.260417 0.017188 0.040278 11 0.003027 0.989453 0.829167 0.021094 0.341667 10 0.002935 0.055859 0.784028 0.111719 0.431944 8 0.002684 0.224219 0.529861 0.048438 0.109722 9 0.002253 0.987109 0.597222 0.025781 0.102778 0 0.001727 0.839453 0.4875 0.028906 0.063889 3 0.001661 0.417578 0.522222 0.028906 0.058333 0 0.001611 0.268359 0.664583 0.032031 0.090278 0 0.001536 0.995703 0.754861 0.008594 0.143056 3 0.001389 0.990625 0.901389 0.01875 0.158333 12 0.001351 0.630859 0.382639 0.030469 0.073611 10 0.001274 0.975781 0.576389 0.048438 0.144444 3 0.001225 0.455078 0.98125 0.122656 0.0375 0 0.001116 0.819141 0.538194 0.028906 0.076389 12 0.001081 0.209766 0.735417 0.047656 0.129167 10 0.000922 0.990234 0.552083 0.019531 0.201389 0 0.000876 0.498828 0.341667 0.092969 0.105556 10 0.000804 0.992578 0.511111 0.014844 0.147222 8 0.000738 0.237891 0.550694 0.028906 0.093056 10 0.000735 0.124219 0.729167 0.173437 0.263889 3 0.00071 0.990625 0.6 0.01875 0.1 12 0.000693 0.259375 0.999306 0.126562 0.001389 3 0.000677 0.647656 0.602778 0.051562 0.088889 3 0.000667 0.00625 0.270833 0.0125 0.061111 0 0.000654 0.217188 0.950694 0.0375 0.0875 0 0.000651 0.317188 0.467361 0.026562 0.059722 2 0.000648 0.514844 0.376389 0.028125 0.05 10 0.000607 0.015234 0.653472 0.030469 0.176389 12 0.000591 0.385156 0.98125 0.15 0.0375 10 0.000577 0.969922 0.65 0.060156 0.261111 0 0.000562 0.228906 0.620833 0.048438 0.086111 0 0.000553 0.417578 0.520139 0.028906 0.056944 7 0.000553 0.984766 0.891667 0.030469 0.169444 1 0.000524 0.233984 0.690972 0.041406 0.098611
CCTV01^20260318-110000-20260318-120000_000351,8 0.905762 0.300781 0.904861 0.126562 0.179167 11 0.893066 0.361719 0.836806 0.125 0.195833 10 0.84668 0.744141 0.5625 0.122656 0.233333 8 0.806641 0.727734 0.753472 0.060156 0.165278 3 0.800781 0.524609 0.878472 0.066406 0.190278 10 0.777832 0.154688 0.706944 0.196875 0.327778 10 0.775391 0.305859 0.636806 0.147656 0.259722 7 0.737305 0.744141 0.910417 0.069531 0.165278 8 0.729492 0.450781 0.424306 0.060937 0.0875 1 0.625977 0.893359 0.804167 0.032031 0.097222 1 0.569824 0.919141 0.863194 0.027344 0.095833 3 0.44751 0.073438 0.938889 0.107813 0.119444 0 0.312256 0.917969 0.688889 0.039062 0.091667 7 0.305664 0.031641 0.909028 0.063281 0.154167 3 0.269043 0.481641 0.461111 0.041406 0.058333 1 0.222656 0.648047 0.468056 0.021094 0.055556 3 0.206909 0.505859 0.409722 0.030469 0.047222 2 0.19812 0.907422 0.9625 0.075781 0.075 0 0.165039 0.939844 0.763889 0.04375 0.088889 10 0.15918 0.019531 0.654167 0.039062 0.258333 3 0.126831 0.982812 0.908333 0.034375 0.183333 0 0.108948 0.176172 0.927083 0.046094 0.115278 4 0.088196 0.028125 0.915278 0.05625 0.155556 0 0.086304 0.223438 0.91875 0.042188 0.118056 0 0.082703 0.782422 0.504861 0.025781 0.065278 10 0.078918 0.415625 0.388194 0.110937 0.118056 5 0.076965 0.983984 0.909722 0.032031 0.180556 3 0.072388 0.907813 0.960417 0.071875 0.076389 0 0.070068 0.030859 0.804167 0.055469 0.094444 3 0.053589 0.029687 0.909028 0.059375 0.151389 0 0.049225 0.95 0.769444 0.03125 0.091667 10 0.041321 0.983984 0.892361 0.032031 0.215278 3 0.0354 0.664453 0.388194 0.025781 0.051389 0 0.033081 0.986719 0.907639 0.026562 0.184722 10 0.030914 0.210156 0.488194 0.151562 0.148611 12 0.030563 0.222656 0.929861 0.048438 0.126389 0 0.027802 0.891797 0.631944 0.033594 0.069444 1 0.027374 0.950391 0.770833 0.032031 0.097222 2 0.026062 0.663281 0.3875 0.025 0.05 3 0.025864 0.008594 0.259722 0.017188 0.038889 8 0.025558 0.327344 0.405556 0.057813 0.088889 1 0.021362 0.923047 0.865278 0.058594 0.113889 1 0.016525 0.849609 0.589583 0.025781 0.070833 2 0.016098 0.989453 0.909028 0.021094 0.181944 0 0.013634 0.840234 0.53125 0.030469 0.068056 3 0.012009 0.299609 0.515972 0.057031 0.070833 2 0.010406 0.342578 0.470833 0.032031 0.058333 8 0.010094 0.768359 0.420139 0.036719 0.081944 9 0.008545 0.121484 0.632639 0.197656 0.248611 11 0.008316 0.327344 0.404167 0.057813 0.088889 10 0.006641 0.522656 0.339583 0.0625 0.101389 0 0.006512 0.798438 0.489583 0.029687 0.056944 4 0.006439 0.028516 0.802083 0.057031 0.115278 10 0.006145 0.121484 0.638889 0.200781 0.252778 0 0.005642 0.776563 0.470139 0.025 0.048611 2 0.005219 0.989062 0.595139 0.021875 0.115278 1 0.004944 0.389453 0.515278 0.027344 0.052778 4 0.004757 0.214453 0.752778 0.053906 0.086111 2 0.00423 0.2125 0.760417 0.048438 0.079167 10 0.004086 0.732812 0.311806 0.034375 0.081944 2 0.003975 0.008984 0.790972 0.017969 0.115278 1 0.003483 0.651172 0.470139 0.032031 0.068056 0 0.003429 0.209375 0.488194 0.15 0.154167 10 0.003298 0.642969 0.277083 0.032813 0.0875 3 0.002779 0.280469 0.395833 0.045312 0.055556 0 0.002632 0.992969 0.872222 0.014063 0.127778 0 0.002541 0.832812 0.46875 0.025 0.070833 0 0.002512 0.189062 0.858333 0.039062 0.105556 10 0.002369 0.149219 0.586806 0.145313 0.1625 0 0.002359 0.889453 0.520139 0.027344 0.065278 0 0.002234 0.213281 0.747917 0.046875 0.0875 10 0.001926 0.017188 0.598611 0.034375 0.172222 4 0.001926 0.020313 0.844444 0.040625 0.211111 0 0.001875 0.179297 0.895833 0.042969 0.105556 4 0.001755 0.011328 0.835417 0.022656 0.306944 2 0.001629 0.0125 0.860417 0.025 0.279167 10 0.001623 0.103906 0.520139 0.1625 0.193056 3 0.001597 0.453125 0.983333 0.129688 0.033333 4 0.00141 0.351172 0.800694 0.092969 0.109722 1 0.001315 0.95 0.772917 0.054688 0.109722 12 0.001294 0.768359 0.420139 0.036719 0.079167 12 0.001221 0.363281 0.840278 0.126562 0.211111 3 0.001103 0.989453 0.604861 0.021094 0.104167 10 0.001073 0.990625 0.557639 0.01875 0.198611 2 0.00106 0.023438 0.858333 0.046875 0.283333 0 0.001024 0.377734 0.471528 0.024219 0.0625 7 0.000985 0.76875 0.41875 0.039062 0.081944 1 0.000869 0.695703 0.425 0.016406 0.047222 10 0.000813 0.186328 0.565972 0.139844 0.151389 0 0.000811 0.895703 0.590278 0.030469 0.069444 2 0.000798 0.800781 0.429861 0.023438 0.054167 0 0.00071 0.342187 0.79375 0.06875 0.098611 0 0.000693 0.314063 0.467361 0.025 0.056944 10 0.000675 0.010156 0.701389 0.020313 0.344444 1 0.000648 0.982812 0.910417 0.032813 0.1625 1 0.000627 0.383594 0.500694 0.03125 0.076389 2 0.000617 0.009766 0.739583 0.019531 0.120833 10 0.000596 0.989453 0.654861 0.021094 0.245833 0 0.000562 0.863281 0.520833 0.028125 0.066667 0 0.000542 0.102734 0.526389 0.157031 0.188889 0 0.000507 0.995313 0.849306 0.009375 0.126389
CCTV01^20260318-110000-20260318-120000_000355,8 0.877441 0.728906 0.770833 0.0625 0.177778 10 0.796387 0.739844 0.563194 0.110937 0.259722 8 0.795898 0.258984 0.749306 0.077344 0.1625 3 0.764648 0.165234 0.919444 0.096094 0.152778 3 0.744629 0.818359 0.848611 0.083594 0.161111 3 0.6875 0.091406 0.916667 0.101562 0.155556 3 0.680664 0.185938 0.784028 0.08125 0.123611 10 0.67334 0.332422 0.5125 0.142969 0.188889 7 0.666992 0.24375 0.615972 0.079687 0.126389 11 0.665527 0.310156 0.661806 0.05625 0.151389 3 0.637207 0.525391 0.877083 0.069531 0.193056 7 0.542969 0.741406 0.925 0.078125 0.15 4 0.486328 0.048828 0.807639 0.097656 0.170833 11 0.476562 0.875 0.781944 0.096875 0.208333 12 0.46875 0.418359 0.892361 0.060156 0.131944 7 0.44165 0.047656 0.81875 0.095312 0.148611 0 0.418701 0.962891 0.831944 0.057031 0.125 7 0.329346 0.319531 0.882639 0.178125 0.234722 10 0.318359 0.021875 0.634028 0.04375 0.220833 5 0.300781 0.876172 0.784028 0.097656 0.206944 2 0.253906 0.668359 0.502778 0.042969 0.077778 2 0.235107 0.819531 0.849306 0.08125 0.159722 3 0.190674 0.349609 0.826389 0.082031 0.130556 1 0.142212 0.028906 0.918056 0.04375 0.1 3 0.138428 0.669141 0.502083 0.041406 0.076389 3 0.13208 0.24375 0.624306 0.079687 0.1125 8 0.110474 0.875 0.781944 0.096875 0.216667 9 0.092346 0.875391 0.784028 0.099219 0.215278 2 0.077515 0.637891 0.405556 0.021094 0.052778 0 0.060516 0.931641 0.652778 0.044531 0.1 10 0.034363 0.455469 0.415972 0.073438 0.126389 0 0.027802 0.136328 0.709028 0.046094 0.0875 2 0.025757 0.35 0.834028 0.08125 0.134722 12 0.025467 0.742578 0.924306 0.075781 0.148611 0 0.025269 0.967578 0.631944 0.039844 0.086111 6 0.019562 0.798828 0.455556 0.064844 0.141667 10 0.019196 0.101953 0.523611 0.155469 0.188889 10 0.01799 0.797656 0.454861 0.067187 0.143056 0 0.012383 0.102734 0.51875 0.157031 0.181944 0 0.011246 0.028125 0.917361 0.048438 0.106944 2 0.010735 0.525391 0.878472 0.067969 0.195833 2 0.008347 0.666016 0.389583 0.021094 0.048611 0 0.008347 0.26875 0.497222 0.125 0.175 3 0.007206 0.008203 0.255556 0.016406 0.038889 1 0.006538 0.854297 0.644444 0.046094 0.077778 3 0.006145 0.210547 0.947917 0.066406 0.104167 3 0.00589 0.022656 0.607639 0.045312 0.170833 1 0.005119 0.495312 0.468056 0.021875 0.055556 0 0.005119 0.147656 0.786111 0.03125 0.091667 2 0.004086 0.653906 0.344444 0.025 0.044444 0 0.003004 0.897656 0.946528 0.046875 0.106944 2 0.002378 0.875391 0.786111 0.094531 0.205556 3 0.00227 0.653516 0.34375 0.024219 0.045833 9 0.002182 0.265625 0.495139 0.120313 0.168056 0 0.002165 0.892188 0.576389 0.028125 0.072222 3 0.00215 0.995703 0.825694 0.008594 0.154167 11 0.001875 0.320703 0.886111 0.180469 0.227778 2 0.001755 0.064844 0.684028 0.048438 0.090278 3 0.001707 0.516016 0.397222 0.030469 0.055556 2 0.001649 0.990625 0.58125 0.01875 0.143056 1 0.001513 0.198828 0.654861 0.033594 0.084722 10 0.001389 0.993359 0.343056 0.013281 0.155556 10 0.001279 0.753516 0.357639 0.046094 0.093056 10 0.001099 0.016406 0.70625 0.032813 0.393056 0 0.000993 0.852734 0.645139 0.046094 0.070833 7 0.000978 0.876172 0.784028 0.099219 0.215278 1 0.000944 0.148438 0.784722 0.029687 0.086111 8 0.000904 0.871094 0.722917 0.084375 0.090278 0 0.000869 0.064062 0.683333 0.046875 0.088889 0 0.000859 0.861719 0.571528 0.025 0.068056 12 0.000804 0.064844 0.681944 0.046875 0.088889 0 0.000773 0.407031 0.475694 0.021875 0.054167 11 0.000767 0.041016 0.811111 0.082031 0.275 0 0.000732 0.107813 0.686806 0.04375 0.106944 4 0.000727 0.754297 0.357639 0.047656 0.093056 0 0.000693 0.835156 0.547222 0.042188 0.086111 0 0.000669 0.442969 0.960417 0.029687 0.079167 3 0.000667 0.722266 0.334722 0.022656 0.044444 8 0.000607 0.341016 0.461806 0.121094 0.084722 3 0.000593 0.003906 0.947222 0.007812 0.105556 12 0.000557 0.58125 0.999306 0.151562 0.001389 10 0.000524 0.994531 0.509722 0.010937 0.144444 10 0.000501 0.015234 0.518056 0.030469 0.347222
CCTV01^20260318-110000-20260318-120000_000359,12 0.926758 0.381641 0.832639 0.038281 0.109722 3 0.882324 0.182031 0.75625 0.085938 0.123611 10 0.849609 0.807031 0.725694 0.160938 0.3625 8 0.790527 0.733594 0.822222 0.067187 0.186111 3 0.766113 0.25 0.674306 0.076563 0.098611 1 0.764648 0.710156 0.688194 0.034375 0.098611 10 0.698242 0.371875 0.440278 0.146875 0.158333 3 0.625977 0.525 0.876389 0.070312 0.191667 4 0.602051 0.201172 0.867361 0.061719 0.170833 9 0.554688 0.094531 0.76875 0.189062 0.354167 2 0.541016 0.428125 0.919444 0.06875 0.144444 7 0.527344 0.298047 0.85625 0.136719 0.2875 8 0.513672 0.320312 0.596528 0.08125 0.151389 12 0.478516 0.319922 0.599306 0.078906 0.151389 6 0.449463 0.297656 0.85625 0.139063 0.2875 9 0.368408 0.807031 0.725 0.160938 0.366667 1 0.346924 0.428125 0.919444 0.065625 0.138889 10 0.319092 0.960156 0.851389 0.079687 0.286111 2 0.315674 0.189844 0.6375 0.075 0.111111 12 0.295898 0.699609 0.611111 0.028906 0.091667 7 0.284668 0.258984 0.595139 0.058594 0.090278 3 0.265869 0.028906 0.959028 0.057813 0.081944 12 0.216064 0.132422 0.882639 0.055469 0.145833 10 0.216064 0.089453 0.748611 0.178906 0.311111 3 0.174438 0.089063 0.872222 0.0875 0.163889 6 0.160278 0.959375 0.854861 0.08125 0.290278 2 0.15979 0.091406 0.872222 0.090625 0.169444 9 0.150513 0.260156 0.461806 0.125 0.1625 10 0.119995 0.021484 0.654167 0.042969 0.266667 3 0.110474 0.303516 0.697222 0.055469 0.063889 3 0.104126 0.189062 0.638194 0.071875 0.1125 11 0.104126 0.296875 0.854861 0.134375 0.290278 3 0.103394 0.742188 0.547917 0.048438 0.070833 0 0.102295 0.201172 0.867361 0.063281 0.173611 11 0.08728 0.359375 0.524306 0.048438 0.106944 10 0.084473 0.811719 0.477778 0.076563 0.158333 2 0.068298 0.882031 0.59375 0.039062 0.0875 4 0.053802 0.258203 0.597222 0.057031 0.086111 0 0.05127 0.699609 0.610417 0.028906 0.0875 12 0.047241 0.382812 0.9375 0.05625 0.125 2 0.04068 0.859766 0.9625 0.074219 0.072222 12 0.030914 0.971484 0.997222 0.055469 0.005556 6 0.028015 0.811328 0.477083 0.075781 0.156944 9 0.027481 0.102734 0.51875 0.155469 0.181944 10 0.017853 0.101172 0.521528 0.155469 0.1875 2 0.01445 0.525391 0.877778 0.067969 0.197222 8 0.01445 0.152344 0.944444 0.054688 0.097222 10 0.014061 0.257812 0.460417 0.120313 0.1625 0 0.012871 0.679297 0.704861 0.017969 0.076389 3 0.012383 0.008594 0.257639 0.017188 0.043056 3 0.011871 0.858984 0.963194 0.074219 0.073611 3 0.009972 0.035937 0.867361 0.071875 0.148611 12 0.009895 0.090625 0.875 0.085938 0.166667 3 0.008881 0.225391 0.586806 0.063281 0.093056 4 0.00885 0.236719 0.588889 0.082812 0.1 4 0.008125 0.222656 0.777778 0.040625 0.136111 0 0.008064 0.135156 0.875694 0.057813 0.129167 3 0.007576 0.018359 0.873611 0.036719 0.138889 3 0.006615 0.022266 0.604861 0.044531 0.159722 12 0.005512 0.153125 0.946528 0.054688 0.106944 12 0.004719 0.093359 0.995139 0.111719 0.009722 12 0.004314 0.374219 0.997917 0.110937 0.004167 2 0.00423 0.221094 0.786806 0.040625 0.109722 9 0.004005 0.013672 0.725694 0.027344 0.218056 0 0.003975 0.101562 0.522917 0.154688 0.184722 0 0.003824 0.153516 0.867361 0.024219 0.115278 0 0.003679 0.259375 0.461806 0.123438 0.168056 3 0.003538 0.765625 0.43125 0.03125 0.059722 0 0.003325 0.386719 0.94375 0.046875 0.1125 10 0.003325 0.021094 0.765278 0.042188 0.469444 3 0.003147 0.016797 0.709722 0.033594 0.197222 1 0.003111 0.028906 0.861806 0.057813 0.115278 1 0.002913 0.825 0.592361 0.026562 0.059722 1 0.002737 0.221094 0.788889 0.039062 0.113889 4 0.002602 0.739062 0.920833 0.070312 0.158333 12 0.002472 0.375 0.925 0.042188 0.091667 1 0.002216 0.085547 0.876389 0.074219 0.163889 0 0.002108 0.346094 0.831944 0.026562 0.116667 2 0.0021 0.985938 0.579167 0.028125 0.138889 0 0.002083 0.394531 0.933333 0.028125 0.127778 12 0.001942 0.249219 0.959722 0.051562 0.080556 10 0.001942 0.979297 0.654861 0.041406 0.256944 9 0.001883 0.025 0.702778 0.05 0.186111 10 0.001861 0.974609 0.799306 0.050781 0.401389 0 0.001768 0.952344 0.651389 0.040625 0.094444 0 0.001768 0.329297 0.765972 0.047656 0.090278 12 0.001501 0.344531 0.827778 0.028125 0.125 11 0.001478 0.882422 0.534028 0.058594 0.079167 1 0.001461 0.428516 0.474306 0.030469 0.054167 10 0.001444 0.017188 0.590972 0.034375 0.209722 3 0.001405 0.015625 0.959722 0.03125 0.080556 1 0.001346 0.734766 0.752778 0.046094 0.105556 3 0.00132 0.361719 0.525694 0.04375 0.106944 0 0.001179 0.458594 0.429861 0.021875 0.059722 3 0.001179 0.860156 0.979861 0.10625 0.040278 10 0.001028 0.983984 0.586111 0.032031 0.191667 12 0.00097 0.335938 0.775 0.0375 0.111111 12 0.000915 0.154297 0.977778 0.128906 0.044444 2 0.000866 0.019922 0.85625 0.039844 0.256944 10 0.000856 0.985938 0.739583 0.028125 0.365278 2 0.000724 0.173437 0.404167 0.046875 0.075 12 0.000715 0.848437 0.999306 0.134375 0.001389 10 0.000672 0.993359 0.339583 0.013281 0.159722 12 0.000644 0.063672 0.961806 0.075781 0.076389 12 0.000629 0.738281 0.909028 0.071875 0.179167 12 0.000605 0.084766 0.98125 0.113281 0.0375 10 0.000605 0.025781 0.852083 0.051562 0.256944 12 0.000586 0.255469 0.959028 0.089063 0.081944 12 0.000584 0.259375 0.999306 0.110937 0.001389 12 0.000582 0.726953 0.997222 0.127344 0.005556 12 0.000544 0.122656 0.929167 0.026562 0.083333 0 0.000538 0.738281 0.948611 0.071875 0.1 10 0.000532 0.991016 0.561806 0.017969 0.181944 8 0.000511 0.986719 0.663194 0.026562 0.1625
CCTV01^20260318-110000-20260318-120000_000363,6 0.865234 0.28125 0.788194 0.092188 0.276389 8 0.812988 0.740234 0.874306 0.072656 0.190278 3 0.723145 0.094531 0.840972 0.109375 0.1375 3 0.713867 0.525 0.877083 0.070312 0.193056 3 0.699219 0.759766 0.690278 0.049219 0.113889 10 0.680176 0.707422 0.531944 0.103906 0.213889 9 0.620605 0.884375 0.822917 0.220312 0.354167 2 0.604004 0.681641 0.932639 0.052344 0.126389 2 0.57959 0.180469 0.877083 0.065625 0.154167 3 0.554688 0.172656 0.734722 0.089063 0.125 3 0.490234 0.250781 0.6625 0.075 0.094444 10 0.417725 0.192188 0.618056 0.210938 0.252778 1 0.407227 0.7625 0.811111 0.053125 0.111111 10 0.38501 0.883594 0.820833 0.21875 0.358333 7 0.377441 0.83125 0.563889 0.057813 0.091667 10 0.377441 0.032813 0.759722 0.065625 0.261111 2 0.370117 0.760156 0.690972 0.048438 0.115278 0 0.370117 0.348047 0.779167 0.033594 0.094444 2 0.361084 0.464844 0.459722 0.039062 0.058333 0 0.319092 0.354297 0.915278 0.071094 0.133333 2 0.212036 0.7625 0.813194 0.053125 0.1125 0 0.20813 0.014844 0.879861 0.029687 0.101389 2 0.19812 0.321094 0.686806 0.040625 0.098611 1 0.190063 0.671875 0.646528 0.025 0.076389 11 0.172119 0.282422 0.793056 0.091406 0.294444 9 0.167236 0.194141 0.618056 0.207031 0.252778 12 0.166626 0.354297 0.916667 0.066406 0.130556 8 0.160278 0.370703 0.463194 0.047656 0.0875 12 0.15918 0.342187 0.586111 0.028125 0.080556 2 0.127197 0.5 0.418056 0.035937 0.055556 5 0.120422 0.774609 0.430556 0.038281 0.075 1 0.118774 0.321484 0.696528 0.039844 0.115278 0 0.109314 0.676953 0.830556 0.039844 0.116667 12 0.085693 0.220703 0.825694 0.041406 0.123611 0 0.067322 0.233594 0.903472 0.040625 0.098611 3 0.06189 0.371094 0.519444 0.064062 0.088889 10 0.045197 0.023828 0.647917 0.047656 0.259722 12 0.042236 0.310937 0.597917 0.03125 0.0875 3 0.041779 0.5 0.416667 0.035937 0.055556 3 0.0401 0.990625 0.942361 0.01875 0.104167 8 0.030914 0.369531 0.520833 0.065625 0.088889 9 0.029205 0.989453 0.940278 0.021094 0.108333 7 0.028549 0.370703 0.521528 0.063281 0.084722 0 0.026657 0.328906 0.735417 0.028125 0.090278 0 0.025558 0.310547 0.597222 0.032031 0.091667 12 0.023239 0.123047 0.884722 0.047656 0.116667 12 0.02034 0.075781 0.927083 0.067187 0.129167 0 0.019196 0.077344 0.928472 0.073438 0.131944 4 0.018692 0.207031 0.741667 0.05 0.147222 12 0.017044 0.013281 0.899306 0.026562 0.145833 8 0.016464 0.123828 0.884028 0.047656 0.109722 4 0.015778 0.091016 0.731944 0.066406 0.102778 0 0.015366 0.220703 0.831944 0.036719 0.122222 3 0.01297 0.202734 0.742361 0.047656 0.145833 10 0.012337 0.35 0.385417 0.095312 0.120833 10 0.0112 0.521094 0.342361 0.071875 0.104167 3 0.0112 0.065625 0.817361 0.089063 0.098611 1 0.010368 0.329688 0.736806 0.028125 0.0875 2 0.010368 0.092578 0.841667 0.107031 0.125 1 0.009674 0.891016 0.704167 0.032031 0.083333 0 0.00927 0.351562 0.388194 0.098437 0.118056 1 0.009125 0.676172 0.647917 0.046094 0.090278 7 0.008476 0.203125 0.746528 0.045312 0.140278 0 0.008095 0.230859 0.729861 0.027344 0.145833 1 0.007935 0.682031 0.934028 0.053125 0.129167 0 0.007935 0.102344 0.523611 0.157812 0.188889 12 0.007637 0.253125 0.959028 0.048438 0.081944 8 0.007431 0.369922 0.488889 0.060156 0.144444 0 0.005867 0.252344 0.952778 0.048438 0.088889 3 0.005844 0.774219 0.430556 0.039062 0.077778 1 0.00573 0.325781 0.720139 0.0375 0.123611 12 0.00573 0.678125 0.83125 0.039062 0.118056 3 0.005344 0.008203 0.254167 0.016406 0.041667 11 0.004486 0.071094 0.768056 0.1125 0.175 12 0.004364 0.160156 0.954167 0.046875 0.091667 12 0.003622 0.196094 0.999306 0.128125 0.001389 3 0.003376 0.023438 0.603472 0.046875 0.154167 2 0.00304 0.795312 0.481944 0.023438 0.055556 4 0.002958 0.067578 0.79375 0.092969 0.145833 3 0.002823 0.983594 0.935417 0.03125 0.129167 10 0.002714 0.101953 0.522917 0.155469 0.1875 1 0.002462 0.303516 0.514583 0.022656 0.0625 0 0.002253 0.242969 0.926389 0.05 0.111111 1 0.0021 0.824219 0.61875 0.028125 0.070833 3 0.001972 0.984766 0.579861 0.030469 0.1375 3 0.001897 0.065625 0.768056 0.0875 0.133333 4 0.001768 0.080859 0.753472 0.074219 0.106944 11 0.001444 0.205078 0.745833 0.049219 0.147222 8 0.001444 0.005469 0.93125 0.010937 0.1375 1 0.00141 0.283203 0.810417 0.091406 0.240278 12 0.001367 0.363672 0.5875 0.033594 0.091667 12 0.00123 0.724219 0.997917 0.125 0.004167 4 0.001147 0.830469 0.561806 0.059375 0.098611 0 0.001065 0.795312 0.484722 0.023438 0.058333 0 0.001012 0.160547 0.951389 0.047656 0.097222 0 0.000989 0.817187 0.503472 0.023438 0.0625 12 0.000947 0.330859 0.577778 0.027344 0.088889 4 0.000911 0.369141 0.520139 0.061719 0.081944 3 0.000897 0.005469 0.921528 0.010937 0.156944 10 0.000853 0.984766 0.874306 0.030469 0.251389 5 0.000807 0.023047 0.611111 0.046094 0.183333 2 0.000804 0.985547 0.575 0.028906 0.147222 0 0.000776 0.303125 0.510417 0.029687 0.070833 12 0.000721 0.580078 0.999306 0.153906 0.001389 1 0.000699 0.371484 0.583333 0.033594 0.066667 10 0.000677 0.975781 0.577083 0.048438 0.145833 12 0.000617 0.073828 0.756944 0.117969 0.180556 12 0.000612 0.158594 0.958333 0.095312 0.083333 0 0.000597 0.217969 0.88125 0.03125 0.145833 3 0.000505 0.004297 0.866667 0.008594 0.125 10 0.000504 0.824219 0.813889 0.10625 0.344444
CCTV01^20260318-110000-20260318-120000_000367,6 0.911133 0.278906 0.707639 0.089063 0.243056 3 0.819824 0.524219 0.875694 0.073438 0.195833 8 0.779785 0.740625 0.876389 0.076563 0.194444 3 0.777344 0.370703 0.885417 0.103906 0.140278 3 0.715332 0.751953 0.660417 0.064844 0.115278 0 0.644043 0.637891 0.872222 0.027344 0.097222 2 0.618652 0.681641 0.934722 0.050781 0.127778 1 0.552734 0.681641 0.936111 0.050781 0.127778 2 0.533203 0.183984 0.738889 0.060156 0.127778 2 0.503906 0.820312 0.620833 0.057813 0.130556 12 0.484375 0.082031 0.777083 0.040625 0.120833 10 0.456055 0.883203 0.84375 0.219531 0.3125 4 0.420654 0.188281 0.641667 0.084375 0.105556 3 0.403564 0.04375 0.904167 0.075 0.119444 2 0.336426 0.750781 0.660417 0.0625 0.115278 12 0.336426 0.678906 0.822222 0.0375 0.116667 0 0.315674 0.678125 0.822222 0.0375 0.116667 6 0.290283 0.249609 0.527778 0.144531 0.166667 9 0.226807 0.410938 0.440278 0.115625 0.141667 9 0.21936 0.25 0.525 0.146875 0.169444 10 0.217285 0.021875 0.650694 0.04375 0.251389 5 0.212036 0.819531 0.622222 0.057813 0.127778 9 0.183594 0.972656 0.901389 0.054688 0.186111 12 0.177856 0.101172 0.736111 0.039844 0.1 12 0.149048 0.226172 0.75625 0.035156 0.104167 2 0.141724 0.012891 0.882639 0.025781 0.156944 0 0.139404 0.08125 0.776389 0.040625 0.119444 5 0.132935 0.972656 0.902778 0.054688 0.191667 8 0.131226 0.049219 0.741667 0.042188 0.111111 1 0.116333 0.250781 0.945139 0.075 0.109722 0 0.101929 0.176172 0.863889 0.049219 0.125 0 0.099121 0.331641 0.697917 0.022656 0.081944 2 0.089478 0.247656 0.945833 0.082812 0.108333 1 0.080383 0.693359 0.513889 0.022656 0.063889 9 0.077209 0.021875 0.638889 0.04375 0.233333 3 0.069824 0.484375 0.4875 0.05625 0.052778 0 0.067078 0.257812 0.879861 0.048438 0.109722 4 0.066833 0.316406 0.552778 0.079687 0.113889 3 0.05835 0.022266 0.627083 0.044531 0.206944 6 0.057709 0.978125 0.906944 0.04375 0.186111 3 0.055817 0.507422 0.393056 0.035156 0.052778 8 0.054993 0.349219 0.41875 0.05 0.0875 7 0.045532 0.317578 0.540972 0.075781 0.1125 2 0.039185 0.507812 0.393056 0.035937 0.052778 12 0.037903 0.261719 0.884028 0.039062 0.098611 2 0.037201 0.947656 0.721528 0.053125 0.106944 3 0.031372 0.014844 0.895833 0.029687 0.175 5 0.030914 0.985938 0.925 0.028125 0.138889 11 0.030106 0.969922 0.9 0.058594 0.2 0 0.029541 0.243359 0.874306 0.060156 0.104167 10 0.028976 0.100781 0.520833 0.154688 0.186111 10 0.028442 0.411328 0.439583 0.113281 0.143056 1 0.026962 0.678125 0.48125 0.01875 0.054167 0 0.02626 0.655078 0.830556 0.016406 0.086111 2 0.025665 0.389062 0.530556 0.034375 0.072222 9 0.02211 0.983984 0.934722 0.032031 0.127778 2 0.02034 0.872266 0.536806 0.035156 0.068056 3 0.017639 0.341016 0.961806 0.091406 0.076389 0 0.017441 0.321484 0.617361 0.028906 0.081944 0 0.016663 0.646875 0.86875 0.023438 0.115278 0 0.014557 0.948438 0.719444 0.051562 0.108333 5 0.013847 0.017969 0.886111 0.035937 0.227778 2 0.013481 0.062109 0.624306 0.047656 0.090278 0 0.012291 0.00625 0.727778 0.0125 0.138889 3 0.0121 0.985938 0.934722 0.028125 0.127778 7 0.011917 0.105469 0.907639 0.145313 0.184722 0 0.009819 0.2125 0.821528 0.032813 0.101389 1 0.009377 0.764062 0.533333 0.023438 0.066667 11 0.008713 0.280078 0.7125 0.088281 0.244444 12 0.008675 0.977344 0.995833 0.045312 0.008333 1 0.007607 0.650391 0.5 0.021094 0.058333 1 0.007576 0.710547 0.454861 0.022656 0.056944 0 0.006744 0.101953 0.518056 0.157031 0.183333 4 0.005913 0.968359 0.900694 0.063281 0.193056 0 0.005867 0.030078 0.822222 0.042969 0.097222 2 0.005775 0.215234 0.952778 0.053906 0.088889 1 0.005363 0.688281 0.503472 0.028125 0.076389 4 0.005138 0.019141 0.877083 0.038281 0.245833 0 0.0051 0.009375 0.733333 0.01875 0.183333 3 0.005081 0.314844 0.556944 0.076563 0.094444 12 0.004906 0.956641 0.996528 0.086719 0.006944 0 0.004433 0.225391 0.752083 0.033594 0.095833 10 0.00425 0.026953 0.593056 0.053906 0.297222 3 0.004101 0.008203 0.254167 0.016406 0.041667 9 0.00396 0.101172 0.521528 0.155469 0.181944 0 0.003944 0.864453 0.632639 0.035156 0.079167 11 0.003708 0.104297 0.90625 0.135156 0.1875 1 0.003248 0.351953 0.604167 0.027344 0.066667 3 0.003075 0.00625 0.709028 0.0125 0.123611 3 0.002306 0.439844 0.476389 0.054688 0.058333 0 0.002165 0.227734 0.854861 0.052344 0.106944 2 0.00214 0.985938 0.899306 0.028125 0.1875 3 0.002115 0.988281 0.599306 0.023438 0.106944 10 0.002035 0.975781 0.85625 0.048438 0.2875 12 0.001995 0.916406 0.997222 0.129688 0.005556 12 0.001972 0.994141 0.9875 0.011719 0.025 3 0.001942 0.00625 0.838889 0.0125 0.175 2 0.001904 0.987109 0.592361 0.025781 0.123611 4 0.001883 0.332422 0.563889 0.038281 0.097222 3 0.001853 0.106641 0.895139 0.102344 0.165278 12 0.001714 0.305859 0.999306 0.136719 0.001389 3 0.001579 0.335938 0.986806 0.115625 0.026389 1 0.001574 0.774219 0.492361 0.025 0.0625 4 0.00141 0.104297 0.906944 0.108594 0.166667 12 0.001325 0.214062 0.956944 0.054688 0.083333 2 0.001255 0.441016 0.478472 0.055469 0.056944 10 0.001255 0.011719 0.727083 0.023438 0.376389 0 0.001235 0.101562 0.735417 0.045312 0.101389 4 0.001161 0.439844 0.476389 0.053125 0.055556 12 0.001134 0.724219 0.999306 0.115625 0.001389 0 0.001065 0.019141 0.806944 0.036719 0.097222 8 0.001004 0.023828 0.822222 0.046094 0.141667 0 0.000947 0.848437 0.55625 0.025 0.076389 0 0.00094 0.327344 0.693056 0.021875 0.111111 4 0.000883 0.207813 0.945833 0.057813 0.105556 11 0.000869 0.278906 0.770833 0.085938 0.133333 4 0.000823 0.590234 0.067361 0.050781 0.101389 10 0.000811 0.015625 0.593056 0.03125 0.186111 0 0.000798 0.658594 0.824306 0.015625 0.109722 10 0.000732 0.954297 0.854167 0.091406 0.291667 0 0.000727 0.608984 0.859722 0.019531 0.105556 3 0.000718 0.992578 0.379167 0.014844 0.086111 0 0.000718 0.858984 0.597917 0.036719 0.098611 3 0.000631 0.009766 0.913889 0.019531 0.172222 11 0.000591 0.012109 0.831944 0.024219 0.336111 3 0.000588 0.012109 0.688194 0.024219 0.159722 0 0.000586 0.326562 0.650694 0.023438 0.115278 10 0.000586 0.800781 0.8375 0.070312 0.305556 0 0.000568 0.948047 0.621528 0.036719 0.079167 10 0.000548 0.989453 0.604861 0.021094 0.190278 0 0.000542 0.787109 0.424306 0.024219 0.054167 2 0.000534 0.126953 0.579167 0.041406 0.094444 0 0.000507 0.636328 0.85 0.021094 0.097222 10 0.000504 0.994141 0.34375 0.011719 0.143056
CCTV01^20260318-110000-20260318-120000_000371,8 0.863281 0.331641 0.777778 0.088281 0.172222 3 0.79834 0.525 0.876389 0.070312 0.194444 9 0.615234 0.146875 0.802083 0.176563 0.384722 2 0.613281 0.476172 0.45625 0.058594 0.056944 12 0.602051 0.225 0.849306 0.039062 0.1375 5 0.57959 0.855078 0.869444 0.078906 0.225 11 0.525391 0.332031 0.778472 0.084375 0.165278 3 0.488281 0.321094 0.643056 0.059375 0.086111 12 0.46875 0.359766 0.925 0.047656 0.141667 2 0.443604 0.246094 0.604167 0.054688 0.088889 9 0.437744 0.264062 0.785417 0.082812 0.159722 0 0.422607 0.255078 0.914583 0.049219 0.134722 5 0.40918 0.264062 0.786111 0.084375 0.158333 12 0.407227 0.695703 0.884028 0.050781 0.140278 10 0.385742 0.146484 0.802778 0.177344 0.383333 3 0.363037 0.245703 0.604861 0.053906 0.0875 12 0.345215 0.255859 0.917361 0.046094 0.140278 2 0.338135 0.321094 0.64375 0.059375 0.090278 6 0.327637 0.323828 0.5 0.072656 0.144444 12 0.325928 0.214844 0.951389 0.046875 0.097222 1 0.320801 0.305859 0.948611 0.050781 0.102778 3 0.312256 0.476562 0.456944 0.057813 0.055556 0 0.310791 0.695703 0.886111 0.050781 0.141667 2 0.276611 0.057813 0.904167 0.070312 0.155556 3 0.253906 0.660937 0.472222 0.039062 0.072222 2 0.23938 0.305859 0.948611 0.050781 0.102778 0 0.221313 0.661328 0.936806 0.033594 0.098611 3 0.218628 0.055469 0.902083 0.065625 0.148611 1 0.182373 0.695703 0.569444 0.022656 0.072222 1 0.140869 0.724609 0.552083 0.022656 0.076389 0 0.106689 0.695703 0.56875 0.022656 0.070833 3 0.097717 0.246875 0.540278 0.046875 0.069444 10 0.076111 0.408594 0.415278 0.101562 0.119444 9 0.066101 0.949219 0.69375 0.101562 0.218056 11 0.063965 0.948438 0.695833 0.101562 0.230556 9 0.057922 0.021484 0.64375 0.042969 0.268056 0 0.043701 0.807813 0.49375 0.028125 0.065278 9 0.038177 0.408594 0.413889 0.098437 0.116667 0 0.03595 0.358984 0.925 0.042969 0.141667 12 0.035553 0.301172 0.850694 0.044531 0.104167 10 0.032104 0.022266 0.64375 0.044531 0.259722 3 0.029877 0.108984 0.655556 0.108594 0.169444 3 0.029083 0.273047 0.538194 0.035156 0.079167 0 0.021622 0.301563 0.851389 0.04375 0.102778 11 0.021042 0.144141 0.804167 0.177344 0.380556 5 0.018692 0.324219 0.499306 0.070312 0.148611 8 0.012291 0.950781 0.694444 0.098437 0.222222 8 0.012054 0.752344 0.934722 0.082812 0.130556 2 0.009056 0.8125 0.445139 0.023438 0.048611 3 0.008415 0.008203 0.254861 0.016406 0.0375 4 0.006744 0.757031 0.932639 0.082812 0.131944 0 0.006668 0.102734 0.520139 0.157031 0.184722 1 0.006145 0.689844 0.971528 0.05625 0.056944 10 0.006123 0.103516 0.520139 0.157031 0.1875 2 0.005775 0.855469 0.861806 0.08125 0.2125 2 0.005619 0.695312 0.398611 0.021875 0.052778 2 0.005302 0.00625 0.730556 0.0125 0.147222 6 0.005199 0.949219 0.695833 0.101562 0.227778 9 0.005001 0.100781 0.522917 0.154688 0.184722 12 0.004181 0.39375 0.997222 0.139063 0.005556 2 0.003809 0.010156 0.729861 0.020313 0.170833 3 0.003607 0.022656 0.599306 0.045312 0.154167 0 0.002758 0.222266 0.851389 0.036719 0.147222 12 0.002737 0.071875 0.753472 0.079687 0.131944 1 0.002472 0.754687 0.933333 0.0875 0.130556 3 0.002453 0.971094 0.748611 0.057813 0.133333 2 0.002296 0.075 0.780556 0.075 0.119444 11 0.001839 0.105859 0.657639 0.107031 0.154167 1 0.001623 0.327734 0.584722 0.019531 0.055556 10 0.001405 0.016406 0.592361 0.032813 0.184722 3 0.001356 0.009375 0.705556 0.01875 0.169444 4 0.001294 0.009766 0.752778 0.019531 0.175 10 0.001245 0.982812 0.655556 0.034375 0.319444 1 0.001202 0.078125 0.775694 0.06875 0.126389 12 0.001197 0.229687 0.997222 0.11875 0.005556 0 0.001169 0.073438 0.747917 0.084375 0.126389 4 0.001151 0.969922 0.724306 0.060156 0.181944 2 0.001134 0.980469 0.579167 0.039062 0.144444 12 0.001107 0.294531 0.998611 0.115625 0.002778 10 0.00109 0.99375 0.343056 0.0125 0.144444 2 0.00106 0.172656 0.404861 0.04375 0.070833 12 0.000993 0.742578 0.997222 0.127344 0.005556 8 0.000947 0.458594 0.4125 0.053125 0.080556 12 0.000947 0.346094 0.994444 0.13125 0.011111 12 0.000933 0.316016 0.703472 0.035156 0.081944 10 0.000915 0.975781 0.579167 0.046875 0.133333 11 0.0009 0.969922 0.725 0.058594 0.180556 10 0.000873 0.109375 0.650694 0.11875 0.176389 4 0.000833 0.262891 0.784722 0.078906 0.15 11 0.000811 0.588672 0.065972 0.050781 0.093056 1 0.000798 0.795703 0.4625 0.017969 0.05 3 0.000773 0.996094 0.832639 0.007812 0.1625 3 0.000755 0.983984 0.585417 0.032031 0.148611 2 0.00075 0.203125 0.557639 0.0375 0.079167 2 0.000727 0.524609 0.879167 0.069531 0.191667 4 0.000712 0.766406 0.386111 0.03125 0.058333 4 0.00071 0.582812 0.857639 0.040625 0.1375 0 0.000699 0.298828 0.876389 0.036719 0.097222 0 0.000661 0.01875 0.686111 0.0375 0.116667 4 0.000607 0.074609 0.760417 0.085156 0.159722 4 0.000602 0.018359 0.691667 0.036719 0.141667 10 0.000573 0.021094 0.520833 0.042188 0.377778 10 0.000553 0.016016 0.699306 0.032031 0.156944 0 0.000524 0.667969 0.345833 0.01875 0.044444
CCTV01^20260318-110000-20260318-120000_000375,3 0.819824 0.525 0.877083 0.070312 0.193056 1 0.806641 0.289844 0.822222 0.046875 0.125 3 0.679199 0.118359 0.922222 0.117969 0.15 3 0.644043 0.121875 0.749306 0.089063 0.120833 9 0.577637 0.361719 0.49375 0.142187 0.179167 12 0.501953 0.229687 0.801389 0.046875 0.127778 0 0.498047 0.229687 0.801389 0.046875 0.122222 10 0.489258 0.360938 0.494444 0.142187 0.180556 5 0.414795 0.276953 0.713889 0.069531 0.138889 4 0.394287 0.366797 0.886111 0.097656 0.197222 9 0.383057 0.062109 0.765278 0.124219 0.333333 12 0.37207 0.141797 0.782639 0.039844 0.118056 5 0.329346 0.677344 0.522222 0.048438 0.111111 2 0.303955 0.315625 0.609722 0.045312 0.108333 3 0.295898 0.366797 0.884722 0.097656 0.2 2 0.248047 0.678125 0.522917 0.048438 0.109722 12 0.235107 0.182031 0.786111 0.042188 0.119444 0 0.218628 0.801953 0.697222 0.046094 0.116667 1 0.206909 0.730469 0.597917 0.029687 0.081944 0 0.202393 0.182031 0.7875 0.042188 0.125 2 0.183594 0.289062 0.822917 0.048438 0.123611 10 0.169434 0.061719 0.759722 0.123438 0.319444 2 0.164551 0.223828 0.7 0.053906 0.102778 0 0.157104 0.203516 0.880556 0.030469 0.102778 1 0.14563 0.801562 0.695139 0.048438 0.1125 2 0.134766 0.863672 0.604167 0.050781 0.094444 10 0.104858 0.021094 0.670833 0.042188 0.286111 3 0.086609 0.267188 0.947222 0.075 0.105556 0 0.083313 0.142187 0.784722 0.040625 0.105556 0 0.081238 0.716406 0.875694 0.029687 0.093056 1 0.065613 0.774219 0.638194 0.029687 0.081944 11 0.06189 0.271484 0.530556 0.072656 0.113889 12 0.052612 0.482031 0.43125 0.053125 0.081944 1 0.050323 0.767578 0.880556 0.028906 0.091667 10 0.047607 0.456641 0.381944 0.085156 0.108333 9 0.039795 0.455859 0.381944 0.083594 0.105556 2 0.039062 0.278125 0.711806 0.073438 0.143056 0 0.037323 0.302344 0.881944 0.03125 0.097222 0 0.030792 0.306641 0.761806 0.041406 0.115278 8 0.028214 0.481641 0.43125 0.055469 0.081944 9 0.028214 0.100781 0.523611 0.15625 0.188889 5 0.025558 0.028906 0.891667 0.057813 0.216667 4 0.025467 0.03125 0.888194 0.0625 0.223611 9 0.024521 0.272656 0.529167 0.071875 0.116667 0 0.024139 0.908594 0.630556 0.039062 0.091667 3 0.023773 0.306641 0.761111 0.041406 0.113889 7 0.022629 0.367969 0.885417 0.104688 0.198611 1 0.022369 0.302344 0.885417 0.032813 0.095833 1 0.019272 0.271094 0.946528 0.071875 0.106944 10 0.018433 0.03125 0.890972 0.0625 0.218056 7 0.016098 0.482031 0.43125 0.05625 0.081944 3 0.014618 0.028125 0.891667 0.05625 0.216667 6 0.011917 0.398828 0.363194 0.053906 0.084722 0 0.010986 0.103125 0.517361 0.15625 0.184722 9 0.010857 0.481641 0.43125 0.053906 0.081944 0 0.009415 0.828125 0.529861 0.032813 0.0875 4 0.006168 0.398828 0.3625 0.055469 0.083333 10 0.006004 0.019531 0.5875 0.039062 0.272222 8 0.005138 0.273438 0.529167 0.073438 0.113889 2 0.004681 0.841797 0.463194 0.042969 0.079167 3 0.00428 0.629687 0.321528 0.023438 0.043056 10 0.003914 0.101562 0.522222 0.15625 0.183333 12 0.003901 0.316016 0.611111 0.044531 0.111111 8 0.003824 0.3375 0.520833 0.085938 0.127778 0 0.003736 0.722266 0.959028 0.053906 0.073611 1 0.003525 0.716797 0.875694 0.028906 0.090278 3 0.003456 0.319141 0.963194 0.050781 0.073611 4 0.003403 0.841406 0.463194 0.042188 0.076389 1 0.003235 0.632812 0.454861 0.021875 0.0625 3 0.002935 0.023047 0.605556 0.046094 0.158333 0 0.00255 0.792188 0.471528 0.026562 0.070833 10 0.002512 0.021875 0.60625 0.04375 0.156944 4 0.002453 0.885156 0.597917 0.115625 0.129167 3 0.002415 0.021875 0.859028 0.04375 0.154167 3 0.002234 0.008203 0.254861 0.016406 0.043056 1 0.001727 0.204687 0.884028 0.032813 0.104167 0 0.00172 0.33125 0.761111 0.020313 0.1 2 0.0017 0.264844 0.946528 0.08125 0.106944 2 0.001531 0.988281 0.601389 0.023438 0.2 11 0.00141 0.480078 0.430556 0.052344 0.080556 3 0.001289 0.841797 0.461806 0.042969 0.076389 12 0.001138 0.882812 0.595139 0.110937 0.126389 4 0.00104 0.323828 0.959722 0.041406 0.080556 1 0.001008 0.774219 0.790278 0.028125 0.097222 0 0.00089 0.185547 0.822917 0.032031 0.079167 1 0.000767 0.777734 0.640278 0.046094 0.097222 2 0.00075 0.130078 0.576389 0.041406 0.094444 1 0.000682 0.71875 0.878472 0.048438 0.109722 10 0.000621 0.992969 0.510417 0.014063 0.140278 2 0.000591 0.116406 0.922917 0.114062 0.148611 0 0.000553 0.807031 0.467361 0.021875 0.065278 0 0.000548 0.99375 0.672222 0.0125 0.138889 12 0.00053 0.153125 0.999306 0.125 0.001389 0 0.000513 0.302344 0.846528 0.029687 0.095833
CCTV01^20260318-110000-20260318-120000_000379,3 0.866211 0.525 0.877083 0.06875 0.193056 3 0.808105 0.142187 0.890972 0.096875 0.170833 4 0.769043 0.324219 0.738194 0.076563 0.165278 3 0.754883 0.754687 0.665278 0.0625 0.116667 3 0.751953 0.305469 0.589583 0.071875 0.090278 3 0.73584 0.239844 0.727083 0.079687 0.106944 10 0.734863 0.153516 0.602778 0.214844 0.230556 3 0.689453 0.899609 0.826389 0.113281 0.163889 10 0.637695 0.076172 0.826389 0.152344 0.347222 12 0.575684 0.249219 0.801389 0.0375 0.113889 2 0.567871 0.328125 0.922222 0.073438 0.144444 2 0.558105 0.803125 0.913194 0.053125 0.143056 3 0.507812 0.328125 0.916667 0.071875 0.136111 0 0.453369 0.282422 0.828472 0.030469 0.098611 0 0.252441 0.214062 0.802778 0.029687 0.088889 0 0.2323 0.228125 0.870833 0.046875 0.133333 3 0.228149 0.280859 0.517361 0.039844 0.065278 12 0.225464 0.228516 0.868056 0.047656 0.136111 0 0.190674 0.249219 0.802778 0.0375 0.116667 5 0.187134 0.499219 0.407639 0.040625 0.065278 3 0.172729 0.984766 0.838194 0.030469 0.134722 2 0.11084 0.469141 0.459722 0.030469 0.061111 3 0.110474 0.311328 0.420139 0.032031 0.051389 3 0.097717 0.176953 0.963889 0.083594 0.072222 10 0.078369 0.021484 0.642361 0.042969 0.248611 1 0.065613 0.255078 0.641667 0.041406 0.077778 0 0.058563 0.984766 0.834028 0.030469 0.140278 0 0.054596 0.849609 0.541667 0.030469 0.075 2 0.048126 0.280859 0.518056 0.038281 0.063889 4 0.033203 0.3 0.523611 0.051562 0.075 10 0.031616 0.103516 0.525 0.155469 0.191667 1 0.021454 0.810156 0.491667 0.023438 0.058333 2 0.021042 0.403516 0.432639 0.025781 0.056944 2 0.018768 0.842187 0.463194 0.039062 0.073611 2 0.017105 0.305859 0.5875 0.071094 0.091667 3 0.014732 0.985156 0.601389 0.028125 0.102778 2 0.012009 0.310547 0.418056 0.032031 0.055556 3 0.009712 0.054297 0.971528 0.108594 0.056944 1 0.009598 0.984766 0.832639 0.030469 0.129167 1 0.009018 0.411328 0.475694 0.032031 0.051389 3 0.008575 0.022656 0.605556 0.045312 0.175 0 0.007404 0.282813 0.827778 0.05 0.111111 4 0.007233 0.842187 0.463194 0.040625 0.073611 0 0.006439 0.018359 0.689583 0.036719 0.120833 0 0.005554 0.241016 0.813194 0.033594 0.098611 0 0.005138 0.225 0.827083 0.032813 0.073611 3 0.004791 0.173437 0.999306 0.107813 0.001389 0 0.004593 0.347656 0.589583 0.032813 0.068056 1 0.00387 0.373828 0.505556 0.022656 0.052778 2 0.003607 0.984766 0.873611 0.030469 0.244444 3 0.003538 0.499609 0.409722 0.038281 0.063889 10 0.003223 0.985547 0.870139 0.028906 0.259722 5 0.0028 0.022266 0.604167 0.044531 0.166667 10 0.002726 0.021484 0.738194 0.042969 0.409722 5 0.002653 0.057031 0.968056 0.114062 0.063889 2 0.002398 0.330078 0.468056 0.036719 0.072222 2 0.001912 0.29375 0.529861 0.045312 0.070833 1 0.001846 0.347266 0.589583 0.032031 0.070833 0 0.001775 0.101953 0.525694 0.155469 0.190278 1 0.0017 0.633203 0.390278 0.014844 0.041667 12 0.001585 0.122266 0.996528 0.119531 0.006944 2 0.001525 0.400391 0.548611 0.039844 0.077778 2 0.001367 0.994531 0.770139 0.010937 0.140278 4 0.001305 0.311328 0.515278 0.032031 0.072222 10 0.00109 0.016797 0.590972 0.033594 0.179167 1 0.00089 0.345313 0.503472 0.021875 0.059722 3 0.000817 0.994922 0.877778 0.010156 0.175 2 0.000813 0.987109 0.584028 0.025781 0.159722 2 0.000776 0.176172 0.408333 0.053906 0.077778 3 0.000762 0.995703 0.754167 0.008594 0.125 8 0.000659 0.471484 0.384028 0.052344 0.073611 0 0.000562 0.313281 0.513194 0.028125 0.073611 0 0.000548 0.370703 0.490278 0.024219 0.075 12 0.000532 0.752344 0.993056 0.13125 0.013889 10 0.000525 0.958203 0.8375 0.083594 0.325 3 0.000519 0.991797 0.626389 0.016406 0.122222 0 0.000515 0.723437 0.963194 0.051562 0.073611
CCTV01^20260318-110000-20260318-120000_000383,3 0.837402 0.524609 0.876389 0.069531 0.194444 10 0.791016 0.160547 0.670833 0.191406 0.283333 3 0.72168 0.304688 0.817361 0.057813 0.106944 5 0.710449 0.239063 0.677778 0.089063 0.127778 3 0.62793 0.253516 0.756944 0.078906 0.113889 2 0.616699 0.33125 0.729861 0.057813 0.098611 3 0.571777 0.323047 0.664583 0.061719 0.0875 5 0.472656 0.184375 0.88125 0.101562 0.193056 3 0.430176 0.304297 0.597222 0.072656 0.086111 3 0.375732 0.810156 0.513889 0.04375 0.072222 0 0.364746 0.879687 0.634722 0.039062 0.094444 10 0.255371 0.407031 0.442361 0.128125 0.148611 3 0.246582 0.25 0.961111 0.073438 0.077778 2 0.243652 0.496484 0.414583 0.033594 0.051389 0 0.222656 0.295312 0.886806 0.054688 0.129167 3 0.194336 0.01875 0.864583 0.0375 0.154167 1 0.112427 0.065234 0.916667 0.049219 0.111111 10 0.100525 0.019141 0.852778 0.038281 0.294444 1 0.092041 0.331641 0.730556 0.055469 0.1 9 0.085388 0.184766 0.88125 0.100781 0.195833 2 0.082092 0.84375 0.466667 0.0375 0.075 10 0.054596 0.021875 0.636111 0.04375 0.236111 3 0.053009 0.496875 0.414583 0.034375 0.051389 0 0.049225 0.254688 0.828472 0.03125 0.090278 1 0.041931 0.239063 0.88125 0.039062 0.106944 3 0.035004 0.008984 0.259028 0.017969 0.043056 1 0.033081 0.025781 0.965278 0.045312 0.069444 12 0.029648 0.358203 0.559722 0.032031 0.083333 1 0.028976 0.056641 0.810417 0.035156 0.095833 1 0.024612 0.254297 0.829167 0.032031 0.083333 1 0.022461 0.116016 0.880556 0.038281 0.1 3 0.01799 0.4875 0.372917 0.0375 0.043056 0 0.013168 0.240625 0.882639 0.039062 0.109722 0 0.010529 0.103516 0.523611 0.158594 0.188889 0 0.01049 0.992969 0.654861 0.014063 0.095833 12 0.010056 0.295703 0.886111 0.055469 0.130556 10 0.00634 0.103516 0.527778 0.158594 0.194444 2 0.005322 0.487109 0.372917 0.038281 0.043056 3 0.004086 0.987109 0.595833 0.025781 0.163889 1 0.003765 0.167578 0.781944 0.077344 0.138889 3 0.00279 0.529687 0.321528 0.026562 0.040278 0 0.002737 0.358203 0.559722 0.032031 0.083333 1 0.002562 0.088672 0.849306 0.039844 0.098611 3 0.002512 0.021875 0.595833 0.04375 0.130556 2 0.002314 0.801953 0.459028 0.025781 0.051389 0 0.00214 0.132812 0.913194 0.03125 0.106944 10 0.002125 0.987109 0.628472 0.025781 0.190278 10 0.002043 0.989453 0.6625 0.021094 0.127778 10 0.001741 0.991797 0.526389 0.016406 0.144444 0 0.001675 0.265625 0.831944 0.0375 0.102778 11 0.001421 0.017578 0.810417 0.035156 0.379167 11 0.001378 0.589453 0.069444 0.052344 0.102778 10 0.001378 0.989453 0.579167 0.021094 0.225 12 0.001216 0.071094 0.998611 0.142187 0.002778 10 0.001179 0.994531 0.338889 0.010937 0.158333 12 0.001134 0.145313 0.998611 0.148438 0.002778 9 0.001116 0.018359 0.679861 0.036719 0.106944 11 0.001057 0.083203 0.651389 0.091406 0.141667 11 0.00097 0.366016 0.944444 0.330469 0.111111 10 0.000929 0.017969 0.68125 0.035937 0.101389 1 0.000926 0.058594 0.944444 0.032813 0.075 2 0.000883 0.629687 0.097222 0.0375 0.066667 0 0.000863 0.909375 0.558333 0.023438 0.069444 0 0.000853 0.975781 0.565278 0.048438 0.102778 3 0.000823 0.011719 0.834722 0.023438 0.2 12 0.00082 0.876563 0.627083 0.0625 0.145833 9 0.000744 0.238672 0.680556 0.089844 0.130556 1 0.000693 0.132812 0.910417 0.03125 0.109722 12 0.000693 0.302734 0.997917 0.122656 0.004167 1 0.000664 0.121484 0.844444 0.049219 0.147222 0 0.000597 0.389453 0.523611 0.024219 0.058333 1 0.000519 0.075391 0.904167 0.036719 0.116667
CCTV01^20260318-110000-20260318-120000_000387,3 0.882324 0.260547 0.909722 0.071094 0.152778 3 0.84375 0.524609 0.877083 0.069531 0.195833 3 0.809082 0.172656 0.815278 0.076563 0.122222 3 0.801758 0.316406 0.697917 0.05625 0.101389 5 0.725098 0.251172 0.704861 0.078906 0.134722 3 0.700684 0.31875 0.617361 0.059375 0.081944 2 0.604004 0.475 0.475 0.045312 0.055556 3 0.59082 0.165234 0.929861 0.108594 0.1375 3 0.556641 0.085938 0.934722 0.101562 0.130556 3 0.503906 0.271094 0.536806 0.0625 0.079167 0 0.428223 0.35 0.8125 0.05 0.125 9 0.407227 0.35625 0.474306 0.123438 0.159722 12 0.397949 0.349609 0.813194 0.050781 0.123611 2 0.366699 0.969531 0.75625 0.060937 0.1625 1 0.334473 0.730469 0.840278 0.034375 0.105556 10 0.294922 0.056641 0.811806 0.113281 0.323611 4 0.270508 0.954297 0.86875 0.091406 0.179167 12 0.253906 0.278125 0.79375 0.039062 0.118056 9 0.223999 0.104297 0.51875 0.160156 0.181944 2 0.167236 0.373047 0.530556 0.036719 0.077778 9 0.165649 0.056641 0.803472 0.113281 0.3125 10 0.122925 0.355469 0.475 0.121875 0.155556 0 0.118408 0.228516 0.79375 0.033594 0.0875 5 0.117188 0.671875 0.475 0.045312 0.094444 2 0.106323 0.431641 0.46875 0.053906 0.070833 0 0.084473 0.257812 0.78125 0.021875 0.084722 1 0.067322 0.155078 0.727778 0.033594 0.083333 0 0.045013 0.278125 0.795833 0.0375 0.116667 3 0.037201 0.671875 0.475694 0.04375 0.093056 5 0.031616 0.969922 0.753472 0.060156 0.156944 2 0.031372 0.472266 0.429167 0.047656 0.055556 2 0.029984 0.671094 0.475 0.04375 0.091667 3 0.025558 0.954297 0.865278 0.085156 0.166667 10 0.021118 0.103125 0.521528 0.157812 0.184722 3 0.013741 0.759375 0.397917 0.029687 0.054167 2 0.01178 0.316797 0.696528 0.055469 0.098611 12 0.011551 0.438672 0.961806 0.064844 0.076389 10 0.011421 0.864453 0.85 0.199219 0.3 10 0.011246 0.953516 0.831944 0.091406 0.333333 10 0.010452 0.021094 0.668056 0.042188 0.297222 3 0.009674 0.472266 0.429861 0.049219 0.059722 0 0.008514 0.96875 0.634722 0.05 0.091667 0 0.007462 0.437891 0.961111 0.063281 0.077778 2 0.006004 0.988281 0.581944 0.023438 0.141667 5 0.005867 0.430859 0.467361 0.055469 0.073611 1 0.005322 0.343359 0.554167 0.032031 0.069444 3 0.00526 0.987109 0.594444 0.025781 0.113889 1 0.005119 0.200391 0.671528 0.032031 0.081944 0 0.004829 0.275 0.615278 0.028125 0.072222 0 0.004452 0.837891 0.475 0.027344 0.058333 11 0.003839 0.588672 0.066667 0.052344 0.094444 10 0.003824 0.032422 0.747917 0.064844 0.395833 0 0.003635 0.245703 0.598611 0.032031 0.083333 10 0.00358 0.017188 0.589583 0.034375 0.273611 0 0.003298 0.206641 0.659028 0.041406 0.106944 1 0.003111 0.275 0.613889 0.028125 0.072222 11 0.002182 0.975781 0.742361 0.048438 0.251389 2 0.00202 0.972266 0.919444 0.055469 0.155556 0 0.001957 0.811328 0.453472 0.025781 0.065278 12 0.001883 0.060937 0.999306 0.121875 0.001389 3 0.001867 0.431641 0.468056 0.053906 0.072222 11 0.001597 0.959375 0.830556 0.08125 0.338889 2 0.001444 0.13125 0.577083 0.053125 0.101389 1 0.001378 0.307422 0.566667 0.046094 0.072222 0 0.001197 0.875 0.577778 0.042188 0.080556 3 0.001169 0.008203 0.254167 0.016406 0.044444 0 0.001151 0.200781 0.676389 0.029687 0.080556 2 0.001081 0.759766 0.397917 0.030469 0.054167 9 0.001032 0.251563 0.704167 0.076563 0.136111 2 0.001 0.874219 0.576389 0.040625 0.080556 3 0.000985 0.632422 0.2375 0.016406 0.030556 1 0.000876 0.187891 0.568056 0.032031 0.072222 11 0.000859 0.984766 0.711806 0.030469 0.298611 2 0.000801 0.303516 0.429167 0.028906 0.055556 4 0.000798 0.970313 0.646528 0.057813 0.140278 1 0.000664 0.317969 0.564583 0.028125 0.0625 3 0.000557 0.993359 0.734722 0.013281 0.194444 2 0.000524 0.991797 0.935417 0.016406 0.129167 0 0.000515 0.340625 0.745833 0.023438 0.069444
CCTV01^20260318-110000-20260318-120000_000391,3 0.877441 0.270703 0.834028 0.069531 0.129167 3 0.837402 0.524609 0.877083 0.069531 0.193056 3 0.712402 0.165625 0.920833 0.090625 0.147222 3 0.697754 0.788281 0.609028 0.067187 0.1125 3 0.656738 0.224609 0.76875 0.080469 0.1375 5 0.647949 0.314063 0.616667 0.085938 0.108333 9 0.642578 0.172656 0.595833 0.173437 0.244444 12 0.577637 0.277344 0.733333 0.03125 0.097222 3 0.571777 0.235937 0.640972 0.071875 0.106944 8 0.548828 0.307031 0.922917 0.095312 0.151389 3 0.529297 0.225 0.948611 0.078125 0.102778 5 0.455078 0.167187 0.746528 0.089063 0.156944 10 0.425293 0.172266 0.597222 0.174219 0.247222 12 0.317383 0.309766 0.735417 0.035156 0.106944 2 0.282959 0.223047 0.948611 0.071094 0.1 3 0.2323 0.307812 0.5375 0.051562 0.066667 2 0.219971 0.339453 0.555556 0.046094 0.063889 0 0.194946 0.835547 0.719444 0.032031 0.094444 2 0.175537 0.308594 0.539583 0.053125 0.068056 3 0.155029 0.339062 0.555556 0.048438 0.063889 10 0.153076 0.101953 0.522917 0.160156 0.1875 1 0.138916 0.836328 0.71875 0.033594 0.098611 9 0.128906 0.054297 0.758333 0.108594 0.247222 10 0.106689 0.471484 0.371528 0.080469 0.109722 4 0.090088 0.680859 0.444444 0.042969 0.083333 2 0.07135 0.358594 0.486806 0.040625 0.065278 3 0.06189 0.513672 0.411806 0.033594 0.048611 2 0.05603 0.512109 0.411806 0.033594 0.048611 0 0.054199 0.277344 0.732639 0.032813 0.095833 10 0.046387 0.054297 0.764583 0.108594 0.2375 7 0.041626 0.680469 0.44375 0.042188 0.084722 9 0.041626 0.169922 0.746528 0.097656 0.156944 10 0.02626 0.021875 0.661806 0.04375 0.279167 12 0.022888 0.320312 0.692361 0.035937 0.106944 10 0.020721 0.029687 0.709722 0.059375 0.286111 0 0.014954 0.950391 0.624306 0.035156 0.084722 1 0.009972 0.839063 0.719444 0.057813 0.108333 0 0.009857 0.858203 0.559722 0.035156 0.075 0 0.009163 0.599609 0.451389 0.025781 0.072222 3 0.008514 0.008594 0.259028 0.017188 0.0375 0 0.007233 0.308594 0.730556 0.032813 0.105556 10 0.006905 0.020313 0.605556 0.040625 0.158333 3 0.006512 0.403906 0.422222 0.040625 0.052778 4 0.005688 0.306641 0.924306 0.085156 0.145833 3 0.005535 0.681641 0.443056 0.044531 0.088889 9 0.005219 0.101953 0.522222 0.158594 0.183333 3 0.00518 0.058984 0.794444 0.117969 0.277778 0 0.004868 0.329297 0.711806 0.019531 0.093056 2 0.004364 0.857812 0.559028 0.035937 0.076389 0 0.003914 0.319922 0.690972 0.038281 0.106944 0 0.003538 0.813672 0.490972 0.022656 0.0625 1 0.003338 0.254688 0.675 0.028125 0.069444 3 0.0028 0.05625 0.734722 0.1125 0.155556 0 0.002453 0.994922 0.657639 0.010156 0.106944 3 0.002405 0.077734 0.781944 0.089844 0.158333 10 0.002378 0.990625 0.6625 0.01875 0.175 10 0.002314 0.025781 0.586111 0.051562 0.269444 1 0.002306 0.807813 0.566667 0.023438 0.063889 3 0.002028 0.980469 0.580556 0.039062 0.144444 3 0.001972 0.473438 0.401389 0.057813 0.05 4 0.001714 0.060156 0.759722 0.120313 0.211111 0 0.0017 0.890234 0.534722 0.032031 0.069444 0 0.001372 0.321094 0.488889 0.021875 0.055556 8 0.001362 0.045312 0.904861 0.090625 0.190278 1 0.001325 0.453516 0.450694 0.019531 0.051389 0 0.001265 0.855078 0.502083 0.024219 0.056944 2 0.001161 0.224609 0.765972 0.080469 0.134722 3 0.001151 0.994922 0.663194 0.010156 0.120833 0 0.001129 0.254688 0.673611 0.028125 0.072222 11 0.001048 0.983984 0.584722 0.032031 0.219444 3 0.001032 0.530078 0.327083 0.027344 0.040278 9 0.00102 0.04375 0.713889 0.0875 0.102778 6 0.000937 0.049609 0.908333 0.097656 0.183333 11 0.000823 0.044531 0.907639 0.089063 0.184722 1 0.000811 0.394531 0.451389 0.025 0.055556 3 0.000798 0.162109 0.779167 0.072656 0.094444 9 0.000792 0.048828 0.908333 0.097656 0.183333 0 0.000675 0.329688 0.440972 0.023438 0.045833 10 0.000575 0.011719 0.575 0.023438 0.177778 1 0.000557 0.85625 0.561806 0.035937 0.076389 12 0.000551 0.050781 0.90625 0.101562 0.1875 3 0.000548 0.492188 0.404861 0.03125 0.048611 1 0.000546 0.319922 0.488889 0.021094 0.052778 3 0.000534 0.089844 0.797222 0.06875 0.116667 7 0.000519 0.053906 0.901389 0.107813 0.197222
CCTV01^20260318-110000-20260318-120000_000395,8 0.923828 0.304297 0.803472 0.064844 0.151389 3 0.853027 0.524609 0.877083 0.069531 0.193056 3 0.747559 0.267969 0.759722 0.078125 0.133333 3 0.704102 0.241797 0.920833 0.075781 0.15 0 0.672363 0.821875 0.807639 0.042188 0.120833 3 0.65332 0.322656 0.653472 0.0625 0.0875 10 0.643555 0.164062 0.748611 0.229687 0.35 2 0.466797 0.807422 0.509722 0.027344 0.063889 9 0.418701 0.081641 0.68125 0.163281 0.293056 4 0.388672 0.953906 0.792361 0.092188 0.145833 4 0.334473 0.717578 0.609028 0.064844 0.148611 0 0.307373 0.754687 0.559028 0.029687 0.0625 3 0.307373 0.151953 0.938889 0.088281 0.119444 2 0.264404 0.783594 0.477083 0.025 0.059722 5 0.250977 0.439844 0.454167 0.05625 0.072222 3 0.236572 0.953906 0.792361 0.090625 0.148611 3 0.174927 0.371875 0.450694 0.035937 0.065278 3 0.158203 0.486328 0.422222 0.042969 0.063889 7 0.135742 0.717578 0.609028 0.064844 0.145833 10 0.101929 0.082031 0.695139 0.164062 0.323611 2 0.098755 0.486328 0.422222 0.042969 0.063889 2 0.097412 0.822656 0.799306 0.04375 0.106944 9 0.083862 0.221875 0.574306 0.195312 0.198611 5 0.065125 0.346875 0.945833 0.120313 0.108333 3 0.063232 0.357422 0.945833 0.135156 0.108333 0 0.043701 0.990625 0.696528 0.01875 0.0875 10 0.043701 0.216016 0.582639 0.203906 0.2125 9 0.034485 0.2875 0.46875 0.120313 0.143056 10 0.031982 0.276562 0.477083 0.145313 0.151389 3 0.027176 0.401562 0.384028 0.029687 0.045833 0 0.026459 0.344141 0.58125 0.033594 0.079167 2 0.019867 0.521094 0.377083 0.035937 0.051389 0 0.018051 0.351172 0.779167 0.032031 0.088889 10 0.015671 0.020703 0.677778 0.041406 0.3 0 0.014061 0.988281 0.674306 0.023438 0.1375 3 0.013687 0.008594 0.259028 0.017188 0.040278 0 0.008514 0.103906 0.517361 0.159375 0.181944 0 0.007755 0.402734 0.488889 0.024219 0.066667 1 0.005428 0.328125 0.715278 0.035937 0.086111 3 0.005428 0.013672 0.801389 0.027344 0.177778 3 0.005241 0.519922 0.379167 0.036719 0.052778 0 0.004539 0.989453 0.649306 0.021094 0.081944 10 0.003429 0.019141 0.608333 0.038281 0.163889 1 0.00304 0.353125 0.777083 0.040625 0.095833 3 0.002388 0.510547 0.361111 0.036719 0.044444 12 0.002035 0.403516 0.488889 0.025781 0.069444 10 0.001861 0.023828 0.602778 0.047656 0.277778 3 0.001831 0.275 0.720833 0.057813 0.075 0 0.001803 0.738281 0.408333 0.025 0.077778 1 0.001789 0.337109 0.71875 0.024219 0.076389 11 0.001782 0.589844 0.059722 0.053125 0.080556 1 0.001549 0.326953 0.682639 0.039844 0.084722 10 0.001461 0.102344 0.520139 0.15625 0.181944 11 0.001389 0.989453 0.722222 0.021094 0.3 10 0.001356 0.022266 0.804167 0.044531 0.391667 10 0.001216 0.994141 0.345139 0.011719 0.148611 9 0.001124 0.243359 0.538194 0.135156 0.123611 1 0.001069 0.740234 0.427778 0.025781 0.052778 10 0.001069 0.067578 0.902778 0.133594 0.194444 9 0.000883 0.166406 0.715278 0.228125 0.275 2 0.000869 0.173047 0.40625 0.047656 0.073611 2 0.000836 0.791797 0.406944 0.022656 0.047222 3 0.00083 0.989453 0.713889 0.021094 0.111111 4 0.000735 0.715234 0.577083 0.055469 0.084722 2 0.000727 0.953516 0.794444 0.091406 0.180556 3 0.000693 0.622656 0.250694 0.015625 0.031944 11 0.000588 0.962891 0.740972 0.074219 0.298611 3 0.000548 0.005469 0.272917 0.010937 0.068056 10 0.000515 0.526563 0.297917 0.045312 0.0875
CCTV01^20260318-110000-20260318-120000_000399,8 0.878418 0.302734 0.782639 0.063281 0.143056 3 0.868652 0.76875 0.847222 0.071875 0.158333 3 0.796875 0.524609 0.876389 0.071094 0.194444 3 0.749023 0.217578 0.770833 0.069531 0.127778 10 0.725586 0.922266 0.822222 0.155469 0.355556 9 0.704102 0.428906 0.417361 0.10625 0.131944 2 0.59082 0.807813 0.772222 0.04375 0.119444 2 0.575684 0.359766 0.820833 0.058594 0.122222 2 0.550781 0.471094 0.473611 0.046875 0.061111 5 0.537109 0.309766 0.906944 0.121094 0.186111 9 0.490234 0.355859 0.525694 0.141406 0.215278 10 0.488281 0.126953 0.601389 0.199219 0.236111 1 0.470703 0.808594 0.772222 0.04375 0.119444 2 0.352295 0.275781 0.725 0.053125 0.102778 3 0.317383 0.169141 0.949306 0.102344 0.101389 10 0.297363 0.355859 0.525694 0.142969 0.2125 3 0.295898 0.344141 0.629167 0.053906 0.080556 2 0.276611 0.504687 0.418056 0.035937 0.058333 2 0.171021 0.217578 0.770833 0.069531 0.127778 0 0.168335 0.194141 0.869444 0.033594 0.094444 3 0.158691 0.471094 0.472222 0.046875 0.063889 2 0.141235 0.865625 0.552778 0.039062 0.077778 3 0.09137 0.380859 0.530556 0.080469 0.1 0 0.09137 0.162109 0.860417 0.035156 0.115278 0 0.084167 0.395313 0.894444 0.057813 0.119444 2 0.083618 0.344922 0.629167 0.055469 0.083333 10 0.081787 0.073047 0.869444 0.146094 0.261111 10 0.072083 0.019141 0.65 0.038281 0.275 9 0.053406 0.019141 0.642361 0.038281 0.259722 1 0.037201 0.228906 0.648611 0.039062 0.077778 9 0.030106 0.282422 0.520833 0.141406 0.205556 10 0.026764 0.020313 0.59375 0.040625 0.151389 12 0.026764 0.395703 0.901389 0.053906 0.113889 1 0.025757 0.160938 0.861806 0.035937 0.1125 1 0.022537 0.702344 0.504167 0.028125 0.069444 4 0.02121 0.308203 0.911111 0.116406 0.177778 3 0.015602 0.008594 0.257639 0.017188 0.043056 0 0.012238 0.202734 0.840972 0.038281 0.098611 3 0.0121 0.019922 0.59375 0.039844 0.134722 10 0.011963 0.429297 0.416667 0.107031 0.136111 0 0.010094 0.386328 0.877778 0.039844 0.1 3 0.006641 0.506641 0.418056 0.038281 0.058333 9 0.006145 0.30625 0.904861 0.110937 0.184722 0 0.005688 0.825391 0.48125 0.030469 0.070833 1 0.005554 0.273047 0.725694 0.047656 0.101389 10 0.004593 0.282813 0.516667 0.142187 0.2 10 0.003736 0.030469 0.845833 0.060937 0.308333 9 0.003172 0.985938 0.598611 0.028125 0.113889 3 0.002901 0.524609 0.374306 0.033594 0.054167 12 0.00279 0.233203 0.975 0.125781 0.05 1 0.002581 0.639062 0.400694 0.01875 0.048611 2 0.002253 0.172656 0.404861 0.045312 0.070833 3 0.0021 0.983203 0.583333 0.033594 0.141667 2 0.001897 0.934375 0.680556 0.040625 0.069444 2 0.001741 0.030469 0.805556 0.060937 0.138889 12 0.001707 0.236719 0.997917 0.135937 0.004167 0 0.001675 0.126172 0.585417 0.199219 0.209722 0 0.001513 0.751172 0.447917 0.025781 0.059722 10 0.001507 0.992969 0.340278 0.014063 0.163889 0 0.001378 0.017578 0.6875 0.035156 0.122222 11 0.001305 0.025 0.80625 0.05 0.3875 1 0.001151 0.358203 0.81875 0.055469 0.129167 0 0.001037 0.012109 0.708333 0.024219 0.175 0 0.000933 0.476953 0.350694 0.078906 0.098611 1 0.000863 0.719141 0.493056 0.021094 0.061111 3 0.000856 0.933203 0.680556 0.042969 0.072222 10 0.000823 0.476172 0.351389 0.080469 0.102778 2 0.000789 0.901563 0.597917 0.04375 0.081944 10 0.000779 0.1 0.520139 0.154688 0.181944 3 0.000767 0.073828 0.798611 0.086719 0.088889 10 0.000712 0.945703 0.886806 0.108594 0.226389 12 0.000672 0.958594 0.997222 0.082812 0.005556 3 0.000657 0.254297 0.572917 0.077344 0.1125 0 0.000654 0.818359 0.467361 0.035156 0.079167 3 0.000654 0.989453 0.601389 0.021094 0.111111 10 0.000648 0.015234 0.568056 0.030469 0.225 10 0.000624 0.978125 0.635417 0.04375 0.265278 10 0.000621 0.987891 0.579167 0.024219 0.161111 1 0.000588 0.902344 0.597917 0.045312 0.081944 9 0.000548 0.475781 0.35 0.082812 0.094444 10 0.000544 0.975781 0.578472 0.046875 0.148611 0 0.000515 0.098437 0.524306 0.145313 0.179167 9 0.000513 0.130859 0.6 0.191406 0.227778 0 0.000509 0.708203 0.5 0.036719 0.075 2 0.000504 0.709375 0.309722 0.023438 0.038889
CCTV01^20260318-110000-20260318-120000_000403,3 0.850098 0.525 0.877778 0.070312 0.194444 3 0.763672 0.739844 0.697222 0.0625 0.113889 2 0.740234 0.78125 0.572222 0.042188 0.088889 3 0.72168 0.3125 0.65625 0.076563 0.095833 5 0.715332 0.264453 0.784028 0.083594 0.154167 3 0.713867 0.148047 0.930556 0.077344 0.136111 3 0.67041 0.845313 0.721528 0.057813 0.129167 5 0.668945 0.759766 0.855556 0.082031 0.219444 10 0.617676 0.230469 0.638889 0.195312 0.275 9 0.569824 0.231641 0.638889 0.197656 0.275 2 0.539062 0.503125 0.444444 0.035937 0.058333 5 0.521484 0.260156 0.910417 0.115625 0.176389 3 0.462891 0.724609 0.527778 0.050781 0.086111 2 0.458984 0.054297 0.865972 0.074219 0.140278 9 0.455078 0.257422 0.910417 0.110156 0.173611 0 0.44751 0.832422 0.863889 0.046094 0.15 9 0.432129 0.284375 0.475694 0.145313 0.170833 0 0.420654 0.365234 0.927083 0.047656 0.131944 12 0.414795 0.365625 0.928472 0.05 0.1375 10 0.365723 0.946875 0.8625 0.10625 0.275 3 0.258301 0.032031 0.965972 0.0625 0.068056 2 0.256836 0.724609 0.526389 0.050781 0.086111 9 0.200562 0.077734 0.760417 0.155469 0.295833 10 0.091064 0.284375 0.475 0.145313 0.166667 3 0.074219 0.258984 0.913194 0.111719 0.170833 2 0.068298 0.739844 0.696528 0.0625 0.118056 10 0.045532 0.469141 0.402778 0.086719 0.141667 12 0.044861 0.167187 0.811806 0.067187 0.126389 0 0.041931 0.292969 0.725 0.040625 0.097222 11 0.038757 0.076563 0.758333 0.153125 0.252778 1 0.038177 0.167187 0.813889 0.065625 0.122222 10 0.033203 0.080078 0.764583 0.160156 0.284722 0 0.025757 0.989453 0.755556 0.021094 0.102778 9 0.025375 0.469531 0.405556 0.085938 0.141667 10 0.025177 0.021875 0.663194 0.04375 0.284722 0 0.024048 0.165625 0.815972 0.06875 0.131944 10 0.022202 0.039844 0.681944 0.079687 0.305556 3 0.018127 0.008594 0.259722 0.017188 0.038889 3 0.013588 0.028906 0.942361 0.057813 0.115278 10 0.012527 0.977344 0.822222 0.04375 0.355556 10 0.012146 0.403516 0.415278 0.089844 0.144444 8 0.012054 0.787109 0.466667 0.035156 0.086111 0 0.00927 0.341406 0.520139 0.020313 0.059722 9 0.008446 0.404687 0.415972 0.092188 0.140278 0 0.007843 0.104688 0.516667 0.160938 0.180556 11 0.007175 0.787109 0.465972 0.032031 0.081944 9 0.007175 0.984766 0.807639 0.030469 0.195833 4 0.006958 0.988281 0.772222 0.023438 0.147222 10 0.005844 0.504297 0.343056 0.061719 0.097222 4 0.00573 0.259766 0.911111 0.116406 0.175 0 0.005447 0.407813 0.410417 0.103125 0.154167 3 0.00404 0.989453 0.598611 0.021094 0.111111 2 0.00387 0.747656 0.455556 0.025 0.063889 1 0.003483 0.382812 0.500694 0.026562 0.056944 2 0.003456 0.444141 0.485417 0.033594 0.048611 0 0.0028 0.184766 0.963194 0.042969 0.073611 10 0.002758 0.989453 0.805556 0.021094 0.188889 3 0.002653 0.992969 0.736111 0.014063 0.138889 12 0.002571 0.764453 0.999306 0.127344 0.001389 9 0.002512 0.032031 0.611111 0.064062 0.175 2 0.002174 0.400391 0.549306 0.033594 0.079167 10 0.001853 0.025781 0.597917 0.051562 0.265278 0 0.001846 0.877344 0.528472 0.028125 0.070833 2 0.001839 0.174219 0.406944 0.046875 0.075 10 0.001796 0.103125 0.520139 0.159375 0.181944 10 0.001782 0.988281 0.782639 0.023438 0.434722 2 0.001661 0.851172 0.538194 0.033594 0.073611 3 0.001467 0.455078 0.447222 0.052344 0.061111 2 0.001245 0.787109 0.467361 0.035156 0.084722 10 0.001121 0.016797 0.6 0.033594 0.172222 3 0.001116 0.988281 0.734722 0.021875 0.152778 3 0.001095 0.006641 0.270139 0.013281 0.059722 2 0.000989 0.034766 0.95625 0.069531 0.0875 1 0.000933 0.401172 0.55 0.035156 0.077778 1 0.000894 0.630859 0.411806 0.021094 0.051389 2 0.000817 0.009375 0.265972 0.01875 0.051389 11 0.000798 0.988281 0.71875 0.023438 0.351389 3 0.000744 0.016016 0.832639 0.032031 0.218056 1 0.000744 0.054688 0.863194 0.076563 0.143056 1 0.000721 0.232813 0.927778 0.05 0.141667 12 0.00068 0.174609 0.997917 0.142969 0.004167 7 0.000672 0.258203 0.913889 0.114844 0.172222 3 0.000646 0.004297 0.919444 0.008594 0.161111 3 0.000636 0.975781 0.922222 0.046875 0.155556 9 0.000546 0.96875 0.76875 0.0625 0.123611 12 0.000515 0.056641 0.999306 0.113281 0.001389
CCTV01^20260318-110000-20260318-120000_000407,8 0.901367 0.298828 0.731944 0.064844 0.127778 11 0.861328 0.148438 0.68125 0.1375 0.173611 3 0.819824 0.525 0.877083 0.070312 0.195833 3 0.812988 0.167187 0.846528 0.076563 0.131944 9 0.804199 0.410938 0.471528 0.11875 0.173611 11 0.778809 0.260547 0.56875 0.135156 0.165278 3 0.769043 0.064453 0.90625 0.111719 0.165278 2 0.762207 0.684766 0.589583 0.052344 0.109722 5 0.618652 0.285547 0.647917 0.071094 0.120833 1 0.519531 0.090234 0.792361 0.052344 0.1125 0 0.501953 0.751172 0.801389 0.039844 0.122222 0 0.472656 0.78125 0.679167 0.032813 0.1 9 0.445557 0.086719 0.659028 0.173437 0.265278 0 0.430176 0.755078 0.704167 0.036719 0.094444 2 0.418701 0.512891 0.411111 0.030469 0.05 2 0.418701 0.789844 0.527778 0.039062 0.086111 3 0.37207 0.903906 0.945139 0.078125 0.109722 4 0.357666 0.288281 0.880556 0.090625 0.205556 12 0.338135 0.173437 0.932639 0.05 0.126389 3 0.325928 0.683984 0.588889 0.050781 0.111111 2 0.319092 0.090234 0.793056 0.053906 0.113889 3 0.297363 0.094531 0.947222 0.096875 0.105556 4 0.29248 0.234375 0.76875 0.0625 0.156944 5 0.281494 0.234375 0.766667 0.060937 0.161111 10 0.255371 0.087109 0.66875 0.174219 0.273611 9 0.227417 0.148438 0.680556 0.134375 0.175 3 0.210815 0.413672 0.931944 0.128906 0.136111 3 0.200562 0.790625 0.527778 0.039062 0.083333 10 0.184814 0.410547 0.468056 0.117969 0.166667 1 0.178955 0.233984 0.767361 0.061719 0.151389 0 0.14856 0.798047 0.628472 0.027344 0.073611 5 0.131226 0.972266 0.905556 0.055469 0.188889 8 0.11438 0.794922 0.925 0.064844 0.147222 4 0.101929 0.795312 0.925 0.064062 0.144444 3 0.083313 0.973828 0.902778 0.052344 0.194444 11 0.082397 0.288672 0.879861 0.092969 0.206944 1 0.073669 0.910937 0.679167 0.051562 0.108333 0 0.069031 0.788281 0.668056 0.028125 0.116667 0 0.058136 0.966406 0.701389 0.051562 0.105556 6 0.056458 0.973437 0.907639 0.053125 0.184722 10 0.055603 0.392578 0.402778 0.122656 0.130556 0 0.053986 0.288281 0.879861 0.092188 0.206944 0 0.046722 0.910937 0.679167 0.051562 0.111111 0 0.045532 0.006641 0.942361 0.013281 0.1125 12 0.044189 0.213672 0.945833 0.046094 0.108333 10 0.038757 0.973437 0.906944 0.053125 0.186111 1 0.029984 0.006641 0.934722 0.013281 0.119444 0 0.015671 0.004297 0.839583 0.008594 0.134722 10 0.013741 0.020703 0.657639 0.041406 0.279167 3 0.013069 0.008594 0.259722 0.017188 0.038889 1 0.012772 0.798438 0.627778 0.029687 0.075 0 0.01107 0.019531 0.901389 0.039062 0.116667 7 0.01049 0.2875 0.876389 0.095312 0.205556 0 0.01033 0.145703 0.770139 0.042969 0.104167 12 0.01017 0.750781 0.803472 0.045312 0.129167 10 0.010056 0.494531 0.336111 0.071875 0.102778 12 0.009895 0.486719 0.461806 0.025 0.059722 3 0.009636 0.759375 0.409028 0.032813 0.054167 10 0.008446 0.972656 0.909028 0.054688 0.181944 2 0.008125 0.487891 0.421528 0.025781 0.045833 1 0.007725 0.042188 0.842361 0.048438 0.095833 3 0.007347 0.013281 0.911111 0.026562 0.138889 3 0.007206 0.990625 0.672917 0.01875 0.120833 0 0.007065 0.757812 0.4875 0.03125 0.072222 3 0.006958 0.225 0.539583 0.057813 0.090278 2 0.006218 0.173437 0.403472 0.046875 0.070833 3 0.006218 0.007422 0.881944 0.014844 0.163889 2 0.00605 0.760156 0.408333 0.03125 0.055556 2 0.006004 0.224219 0.536806 0.057813 0.076389 2 0.005428 0.758203 0.4875 0.032031 0.072222 3 0.00526 0.004687 0.845139 0.009375 0.143056 0 0.00481 0.054688 0.759722 0.029687 0.083333 0 0.004539 0.487109 0.461111 0.025781 0.058333 8 0.004539 0.009766 0.841667 0.019531 0.163889 1 0.004505 0.683984 0.589583 0.050781 0.109722 3 0.00404 0.335547 0.963194 0.067969 0.073611 12 0.003736 0.146875 0.771528 0.04375 0.106944 10 0.003248 0.102734 0.520139 0.160156 0.181944 0 0.003223 0.84375 0.571528 0.034375 0.084722 0 0.003223 0.989062 0.674306 0.021875 0.115278 3 0.003111 0.031641 0.75 0.063281 0.1 1 0.002672 0.01875 0.897917 0.0375 0.109722 1 0.002472 0.895703 0.615972 0.050781 0.093056 0 0.00215 0.104297 0.515278 0.161719 0.175 10 0.002115 0.654687 0.265278 0.029687 0.072222 5 0.002115 0.409375 0.931944 0.129688 0.133333 4 0.001919 0.252344 0.567361 0.1125 0.154167 11 0.001912 0.950781 0.459028 0.089063 0.1375 0 0.001897 0.010156 0.841667 0.020313 0.172222 12 0.001867 0.006641 0.942361 0.013281 0.115278 8 0.00181 0.117969 0.579167 0.095312 0.091667 7 0.001727 0.261719 0.571528 0.123438 0.159722 4 0.001649 0.983984 0.654167 0.030469 0.133333 2 0.001629 0.010156 0.888194 0.020313 0.223611 1 0.001574 0.844531 0.570833 0.035937 0.086111 3 0.001495 0.006641 0.270833 0.013281 0.061111 3 0.001432 0.178125 0.547222 0.042188 0.075 2 0.001378 0.532422 0.365972 0.024219 0.045833 11 0.001351 0.987891 0.661111 0.024219 0.216667 3 0.001188 0.979297 0.925 0.041406 0.15 11 0.001188 0.987891 0.750694 0.024219 0.268056 10 0.001116 0.017969 0.596528 0.035937 0.176389 10 0.00109 0.024609 0.5875 0.049219 0.308333 12 0.001053 0.288281 0.880556 0.092188 0.205556 10 0.001008 0.989453 0.53125 0.019531 0.131944 2 0.000846 0.233984 0.766667 0.058594 0.15 12 0.000833 0.352734 0.999306 0.130469 0.001389 8 0.000817 0.313672 0.492361 0.038281 0.079167 9 0.000792 0.018359 0.766667 0.036719 0.422222 2 0.000779 0.009766 0.265972 0.019531 0.051389 12 0.000773 0.971484 0.997222 0.055469 0.005556 2 0.000767 0.048047 0.909722 0.086719 0.136111 0 0.000752 0.896484 0.613194 0.050781 0.095833 3 0.000619 0.994922 0.729167 0.010156 0.161111 2 0.000607 0.990625 0.597917 0.01875 0.173611 2 0.00054 0.179297 0.547222 0.042969 0.075 12 0.000524 0.176953 0.960417 0.049219 0.076389 1 0.000521 0.172266 0.892361 0.044531 0.054167 12 0.000504 0.939063 0.997917 0.121875 0.004167
CCTV01^20260318-110000-20260318-120000_000412,8 0.82666 0.290625 0.632639 0.051562 0.115278 3 0.769043 0.136328 0.779167 0.083594 0.125 10 0.768555 0.748828 0.658333 0.132031 0.311111 3 0.762207 0.033984 0.905556 0.067969 0.147222 3 0.753418 0.525391 0.877083 0.069531 0.193056 3 0.744629 0.141016 0.875694 0.094531 0.143056 5 0.666992 0.335547 0.814583 0.091406 0.173611 3 0.605957 0.196094 0.770139 0.073438 0.123611 5 0.596191 0.322656 0.568056 0.067187 0.105556 2 0.498047 0.196094 0.771528 0.071875 0.120833 12 0.457031 0.439063 0.915278 0.064062 0.125 12 0.386719 0.175 0.90625 0.05 0.143056 10 0.331055 0.090625 0.663194 0.18125 0.2625 9 0.273682 0.088281 0.667361 0.176563 0.273611 1 0.24939 0.335938 0.945139 0.06875 0.106944 0 0.240723 0.4375 0.915972 0.064062 0.120833 4 0.206909 0.261719 0.728472 0.0625 0.159722 12 0.188354 0.241406 0.839583 0.0625 0.154167 11 0.180054 0.396875 0.475 0.096875 0.125 4 0.174438 0.240234 0.841667 0.066406 0.155556 2 0.17334 0.333984 0.943056 0.067969 0.111111 3 0.172729 0.1625 0.671528 0.084375 0.126389 0 0.166626 0.262109 0.726389 0.060156 0.155556 5 0.158203 0.233594 0.650694 0.05 0.118056 9 0.154053 0.1625 0.672917 0.085938 0.129167 2 0.14856 0.290234 0.883333 0.053906 0.136111 4 0.135742 0.163281 0.671528 0.084375 0.129167 12 0.131226 0.755859 0.895833 0.041406 0.113889 3 0.114746 0.297266 0.525 0.086719 0.111111 1 0.114746 0.755859 0.896528 0.044531 0.115278 2 0.110474 0.1625 0.675694 0.085938 0.129167 10 0.105225 0.919141 0.85 0.161719 0.3 11 0.100891 0.296484 0.525694 0.085156 0.1125 4 0.100891 0.233203 0.652083 0.047656 0.126389 0 0.083313 0.373437 0.920139 0.067187 0.129167 0 0.071045 0.175 0.910417 0.05 0.140278 1 0.061646 0.653906 0.513889 0.025 0.072222 1 0.053192 0.289844 0.884722 0.048438 0.138889 1 0.049591 0.233594 0.651389 0.05 0.119444 2 0.044006 0.648828 0.388194 0.032031 0.068056 3 0.041779 0.808984 0.659722 0.049219 0.108333 3 0.034241 0.094531 0.960417 0.101562 0.079167 12 0.033325 0.373047 0.920833 0.064844 0.130556 9 0.025375 0.396484 0.473611 0.096094 0.125 12 0.02002 0.263281 0.728472 0.05625 0.154167 3 0.01799 0.649219 0.388889 0.032813 0.069444 2 0.017776 0.227734 0.4875 0.033594 0.066667 2 0.016846 0.664453 0.331944 0.022656 0.044444 10 0.016464 0.021875 0.654167 0.042188 0.266667 10 0.014229 0.509375 0.361111 0.075 0.116667 0 0.013123 0.498828 0.438194 0.022656 0.059722 3 0.012573 0.008594 0.255556 0.017188 0.041667 4 0.007637 0.832031 0.460417 0.039062 0.081944 0 0.007404 0.344922 0.450694 0.028906 0.0625 9 0.006439 0.322656 0.570833 0.06875 0.105556 1 0.006363 0.090234 0.795833 0.038281 0.094444 2 0.005821 0.233594 0.652083 0.05 0.120833 4 0.004757 0.082422 0.733333 0.083594 0.108333 2 0.004349 0.498828 0.436806 0.025781 0.059722 9 0.003124 0.919141 0.854167 0.161719 0.291667 1 0.003052 0.245703 0.841667 0.052344 0.138889 10 0.002811 0.100781 0.520139 0.15625 0.181944 0 0.002737 0.991797 0.667361 0.016406 0.115278 0 0.002653 0.100781 0.519444 0.15625 0.180556 1 0.002306 0.099609 0.744444 0.052344 0.119444 2 0.002253 0.192578 0.529167 0.035156 0.088889 2 0.002243 0.323828 0.990972 0.107031 0.018056 8 0.001987 0.117578 0.577778 0.092969 0.088889 2 0.001934 0.308984 0.461806 0.032031 0.051389 0 0.001883 0.225 0.679861 0.026562 0.098611 12 0.001768 0.234375 0.813194 0.039062 0.115278 12 0.001629 0.234375 0.784028 0.032813 0.084722 2 0.001623 0.172266 0.403472 0.044531 0.070833 0 0.001585 0.880078 0.564583 0.033594 0.081944 3 0.001519 0.082031 0.724306 0.079687 0.095833 3 0.001389 0.019922 0.894444 0.039844 0.15 9 0.001325 0.137891 0.622917 0.088281 0.154167 10 0.001274 0.017578 0.597222 0.035156 0.175 3 0.00102 0.991797 0.669444 0.016406 0.116667 3 0.001017 0.020703 0.959722 0.041406 0.080556 2 0.001008 0.330859 0.983333 0.097656 0.033333 1 0.001004 0.234375 0.781944 0.032813 0.091667 10 0.000993 0.027344 0.743056 0.054688 0.391667 11 0.00094 0.920312 0.879861 0.159375 0.240278 2 0.00089 0.525391 0.878472 0.067969 0.195833 0 0.00088 0.228125 0.697917 0.021875 0.073611 3 0.000869 0.626172 0.300694 0.019531 0.040278 1 0.000869 0.085156 0.732639 0.078125 0.109722 1 0.000849 0.798828 0.486806 0.024219 0.059722 0 0.000826 0.057031 0.744444 0.042188 0.102778 2 0.000752 0.195312 0.510417 0.035937 0.070833 9 0.000693 0.086719 0.960417 0.142187 0.079167 12 0.000659 0.058203 0.74375 0.052344 0.109722 12 0.000648 0.264844 0.997917 0.153125 0.004167 6 0.000631 0.653516 0.260417 0.027344 0.065278 2 0.000629 0.017188 0.788194 0.034375 0.423611 1 0.000605 0.063281 0.739583 0.059375 0.115278 2 0.000591 0.374609 0.993056 0.092969 0.013889 10 0.000588 0.051953 0.735417 0.103906 0.348611 0 0.000548 0.204687 0.588889 0.035937 0.075 10 0.000527 0.025 0.590278 0.05 0.269444 11 0.000519 0.1625 0.672222 0.0875 0.136111
CCTV01^20260318-110000-20260318-120000_000420,3 0.86084 0.524609 0.877083 0.069531 0.193056 3 0.839844 0.251563 0.845139 0.064062 0.1375 9 0.757812 0.290625 0.5125 0.15 0.194444 10 0.703125 0.924609 0.789583 0.150781 0.401389 2 0.682617 0.105859 0.859028 0.074219 0.134722 5 0.62793 0.166406 0.769444 0.098437 0.133333 2 0.605957 0.319531 0.652083 0.060937 0.109722 12 0.554688 0.298047 0.9125 0.050781 0.138889 10 0.545898 0.289844 0.511111 0.15 0.197222 3 0.430176 0.168359 0.709722 0.085156 0.091667 0 0.395996 0.170703 0.833333 0.042969 0.111111 2 0.379395 0.079297 0.802778 0.082031 0.122222 3 0.377441 0.171875 0.94375 0.06875 0.1125 2 0.30249 0.371875 0.509722 0.057813 0.088889 1 0.262939 0.800391 0.679861 0.032031 0.093056 0 0.255371 0.298438 0.913194 0.051562 0.143056 10 0.225464 0.128125 0.597917 0.19375 0.226389 3 0.213379 0.479297 0.413194 0.041406 0.051389 0 0.201172 0.300391 0.742361 0.038281 0.1125 10 0.151978 0.019922 0.661806 0.039844 0.268056 9 0.149048 0.127734 0.597222 0.191406 0.230556 0 0.143188 0.227344 0.735417 0.042188 0.109722 12 0.125977 0.300391 0.736806 0.038281 0.115278 2 0.124207 0.172656 0.94375 0.067187 0.1125 0 0.122498 0.262109 0.7125 0.039844 0.102778 12 0.092346 0.227734 0.734722 0.042969 0.111111 3 0.085388 0.648047 0.401389 0.028906 0.052778 0 0.051849 0.617969 0.436806 0.034375 0.0625 0 0.042236 0.105078 0.702083 0.055469 0.090278 12 0.0354 0.227344 0.629167 0.03125 0.077778 2 0.034485 0.798438 0.4875 0.029687 0.063889 0 0.028442 0.814844 0.53125 0.029687 0.070833 3 0.019196 0.008594 0.25625 0.017188 0.040278 3 0.015541 0.006641 0.872222 0.013281 0.175 3 0.013954 0.519141 0.368056 0.032031 0.058333 3 0.012482 0.452344 0.492361 0.042188 0.040278 2 0.010292 0.828125 0.479167 0.025 0.058333 2 0.009819 0.017188 0.695139 0.034375 0.115278 3 0.009056 0.03125 0.9 0.0625 0.2 10 0.008514 0.025 0.600694 0.05 0.270833 8 0.008095 0.010156 0.863194 0.020313 0.190278 3 0.005138 0.010156 0.888889 0.020313 0.2 9 0.004982 0.162891 0.769444 0.091406 0.130556 2 0.004555 0.51875 0.36875 0.032813 0.056944 0 0.0042 0.017188 0.7 0.034375 0.1 4 0.0042 0.238672 0.954167 0.049219 0.091667 12 0.004181 0.239453 0.661806 0.030469 0.068056 3 0.003885 0.633984 0.253472 0.016406 0.031944 1 0.003389 0.106641 0.858333 0.075781 0.136111 6 0.003298 0.670312 0.340972 0.032813 0.093056 0 0.003197 0.283594 0.632639 0.035937 0.084722 0 0.003052 0.239453 0.663194 0.032031 0.076389 6 0.002958 0.166406 0.767361 0.101562 0.134722 3 0.002947 0.634375 0.336111 0.025 0.055556 3 0.002571 0.292969 0.39375 0.04375 0.056944 8 0.002472 0.007422 0.897222 0.014844 0.205556 2 0.002182 0.173437 0.409028 0.046875 0.076389 1 0.002174 0.283594 0.633333 0.035937 0.083333 8 0.002174 0.012891 0.903472 0.025781 0.193056 1 0.002003 0.337891 0.59375 0.025781 0.065278 10 0.002003 0.100391 0.522222 0.152344 0.180556 10 0.001949 0.018359 0.743056 0.036719 0.466667 12 0.00181 0.670312 0.340972 0.032813 0.090278 3 0.001687 0.966406 0.888889 0.067187 0.169444 4 0.001636 0.017969 0.690972 0.035937 0.131944 3 0.001513 0.015234 0.707639 0.030469 0.098611 3 0.001444 0.006641 0.919444 0.013281 0.161111 0 0.001356 0.227344 0.627778 0.03125 0.077778 3 0.001211 0.992578 0.943056 0.014844 0.113889 11 0.001156 0.126172 0.595833 0.199219 0.222222 8 0.001107 0.004687 0.826389 0.009375 0.191667 3 0.001099 0.171484 0.6875 0.075781 0.055556 10 0.001073 0.016406 0.595833 0.032813 0.161111 10 0.001028 0.961328 0.830556 0.077344 0.338889 4 0.000985 0.372656 0.509722 0.057813 0.091667 10 0.00097 0.032813 0.897917 0.065625 0.204167 0 0.000951 0.879687 0.550694 0.034375 0.076389 0 0.000933 0.851953 0.479167 0.025781 0.069444 2 0.000911 0.851172 0.478472 0.024219 0.059722 12 0.000907 0.294922 0.996528 0.122656 0.006944 3 0.000894 0.991016 0.711111 0.017969 0.15 4 0.000836 0.879687 0.552083 0.039062 0.081944 3 0.000823 0.987109 0.939583 0.025781 0.120833 2 0.000735 0.634766 0.336111 0.024219 0.055556 3 0.000682 0.616797 0.313194 0.017969 0.0375 10 0.000627 0.969141 0.702778 0.061719 0.322222 8 0.000593 0.009375 0.804861 0.01875 0.218056 2 0.000513 0.004297 0.777778 0.008594 0.158333
CCTV01^20260318-110000-20260318-120000_000424,3 0.868164 0.525 0.877778 0.070312 0.194444 3 0.853027 0.771484 0.840278 0.074219 0.163889 3 0.804199 0.272656 0.705556 0.085938 0.105556 3 0.799316 0.322656 0.819444 0.073438 0.136111 3 0.794434 0.684766 0.576389 0.052344 0.091667 11 0.775879 0.159375 0.628472 0.1875 0.229167 3 0.771973 0.178125 0.847222 0.065625 0.138889 3 0.757812 0.776563 0.688194 0.075 0.115278 5 0.675781 0.269531 0.63125 0.079687 0.104167 10 0.432129 0.021094 0.659722 0.042188 0.269444 10 0.405518 0.775781 0.555556 0.115625 0.202778 6 0.395996 0.775781 0.555556 0.115625 0.205556 2 0.375732 0.973437 0.792361 0.053125 0.118056 4 0.357666 0.247656 0.783333 0.057813 0.136111 0 0.331055 0.89375 0.716667 0.045312 0.111111 2 0.307373 0.332422 0.591667 0.047656 0.083333 1 0.30249 0.966406 0.935417 0.039062 0.106944 3 0.294189 0.421875 0.490278 0.05625 0.055556 12 0.276611 0.280078 0.871528 0.060156 0.123611 8 0.229492 0.390234 0.550694 0.055469 0.101389 10 0.224731 0.235156 0.502083 0.167187 0.148611 0 0.218628 0.282422 0.873611 0.066406 0.127778 7 0.194336 0.248047 0.781944 0.060156 0.133333 6 0.161865 0.032813 0.851389 0.065625 0.294444 2 0.161377 0.421875 0.490278 0.05625 0.055556 0 0.147095 0.103516 0.780556 0.047656 0.116667 5 0.129395 0.031641 0.853472 0.063281 0.2875 1 0.106689 0.327344 0.638889 0.026562 0.066667 0 0.101929 0.901172 0.946528 0.047656 0.104167 12 0.081543 0.103516 0.781944 0.047656 0.116667 3 0.071594 0.029297 0.852083 0.058594 0.2875 1 0.065125 0.900781 0.946528 0.048438 0.104167 11 0.05014 0.179297 0.611806 0.124219 0.179167 0 0.048309 0.369141 0.94375 0.069531 0.1125 9 0.047241 0.019922 0.709028 0.039844 0.381944 2 0.037903 0.344141 0.522917 0.046094 0.070833 10 0.032227 0.101562 0.523611 0.15625 0.186111 9 0.023148 0.176563 0.613889 0.13125 0.197222 10 0.016586 0.032031 0.854861 0.064062 0.290278 0 0.011642 0.844922 0.547222 0.032031 0.069444 2 0.007935 0.441797 0.407639 0.028906 0.068056 0 0.007904 0.962891 0.674306 0.069531 0.1125 3 0.007549 0.342969 0.521528 0.045312 0.070833 3 0.007065 0.008594 0.259028 0.017188 0.040278 10 0.00634 0.027734 0.6 0.055469 0.269444 3 0.005913 0.530469 0.366667 0.028125 0.041667 3 0.00528 0.015234 0.69375 0.030469 0.165278 2 0.004486 0.032422 0.915972 0.064844 0.168056 2 0.00404 0.029297 0.853472 0.058594 0.293056 10 0.00375 0.765625 0.354861 0.048438 0.104167 0 0.003736 0.102734 0.522917 0.157031 0.1875 10 0.003351 0.018359 0.748611 0.036719 0.502778 1 0.002398 0.971094 0.919444 0.057813 0.161111 0 0.002157 0.068359 0.786111 0.028906 0.111111 3 0.00215 0.995313 0.889583 0.009375 0.179167 1 0.001755 0.369141 0.946528 0.067969 0.106944 11 0.00149 0.973828 0.706944 0.052344 0.225 3 0.001455 0.005078 0.697917 0.010156 0.156944 0 0.001394 0.930469 0.599306 0.057813 0.098611 10 0.001389 0.016797 0.595139 0.033594 0.1875 0 0.001265 0.995313 0.878472 0.009375 0.151389 3 0.001265 0.012891 0.865278 0.025781 0.269444 2 0.001192 0.992578 0.769444 0.014844 0.163889 0 0.001081 0.441797 0.410417 0.033594 0.073611 1 0.000985 0.323437 0.636806 0.04375 0.076389 11 0.000985 0.026562 0.861111 0.053125 0.266667 12 0.000926 0.369531 0.959028 0.067187 0.081944 3 0.000922 0.019141 0.623611 0.038281 0.177778 10 0.000911 0.9875 0.746528 0.023438 0.218056 2 0.0009 0.985547 0.58125 0.028906 0.159722 8 0.000897 0.241406 0.583333 0.04375 0.102778 10 0.000863 0.719922 0.309028 0.035156 0.093056 10 0.000811 0.959375 0.627778 0.08125 0.236111 10 0.000792 0.985938 0.645139 0.028125 0.1625 2 0.000704 0.994922 0.854167 0.010156 0.172222 2 0.000669 0.395313 0.381944 0.025 0.052778 3 0.000648 0.994922 0.727778 0.010156 0.161111 3 0.000621 0.006641 0.26875 0.013281 0.059722 11 0.000619 0.957812 0.679167 0.084375 0.172222 11 0.000612 0.988281 0.732639 0.023438 0.240278 11 0.000591 0.987109 0.859722 0.025781 0.258333 2 0.000557 0.985938 0.870139 0.028125 0.243056 3 0.000553 0.651563 0.602778 0.048438 0.075
CCTV01^20260318-110000-20260318-120000_000428,3 0.859863 0.525 0.877083 0.070312 0.195833 3 0.850098 0.267578 0.908333 0.072656 0.15 3 0.677246 0.173828 0.907639 0.091406 0.1625 0 0.616699 0.714063 0.832639 0.025 0.098611 3 0.550781 0.242578 0.696528 0.067969 0.106944 3 0.537109 0.3375 0.565278 0.06875 0.077778 5 0.537109 0.280078 0.744444 0.075781 0.147222 10 0.536133 0.119922 0.631944 0.199219 0.225 10 0.508789 0.340625 0.445833 0.135937 0.147222 2 0.407227 0.242969 0.697222 0.070312 0.108333 0 0.395996 0.744141 0.767361 0.036719 0.106944 3 0.327637 0.258594 0.534722 0.042188 0.086111 9 0.310791 0.341406 0.445139 0.134375 0.148611 6 0.290283 0.03125 0.834028 0.0625 0.331944 12 0.240723 0.337891 0.765278 0.036719 0.108333 1 0.223999 0.972266 0.952083 0.053906 0.095833 9 0.21936 0.121484 0.629861 0.200781 0.220833 2 0.216064 0.494141 0.443056 0.038281 0.058333 3 0.204346 0.494531 0.442361 0.039062 0.056944 5 0.191284 0.030469 0.835417 0.060937 0.326389 10 0.180054 0.021875 0.635417 0.04375 0.215278 0 0.174927 0.338281 0.766667 0.0375 0.111111 3 0.174438 0.028906 0.836111 0.057813 0.325 1 0.14563 0.195703 0.706944 0.028906 0.077778 0 0.128906 0.972266 0.951389 0.055469 0.097222 0 0.09668 0.3375 0.617361 0.035937 0.090278 0 0.08728 0.216016 0.916667 0.039844 0.108333 1 0.083313 0.249609 0.622222 0.032031 0.066667 1 0.075012 0.169141 0.675 0.046094 0.077778 12 0.072876 0.300781 0.645139 0.0375 0.076389 3 0.036499 0.933984 0.604861 0.066406 0.120833 1 0.035156 0.714063 0.834028 0.025 0.101389 0 0.031372 0.300391 0.64375 0.038281 0.081944 11 0.029419 0.471484 0.383333 0.069531 0.119444 2 0.021118 0.032813 0.877778 0.065625 0.244444 2 0.019791 0.933984 0.60625 0.066406 0.120833 4 0.018341 0.933984 0.605556 0.064844 0.116667 0 0.014175 0.195703 0.708333 0.032031 0.083333 10 0.01297 0.102344 0.520833 0.15625 0.183333 3 0.012871 0.021875 0.606944 0.04375 0.155556 12 0.01133 0.471094 0.38125 0.06875 0.118056 8 0.011162 0.471094 0.382639 0.06875 0.118056 4 0.010818 0.258594 0.53125 0.042188 0.093056 3 0.008812 0.008594 0.259722 0.017188 0.038889 4 0.007462 0.183594 0.592361 0.073438 0.134722 10 0.007038 0.033203 0.8875 0.066406 0.225 6 0.006718 0.784375 0.393056 0.054688 0.116667 0 0.006191 0.228906 0.570139 0.029687 0.070833 0 0.005535 0.103125 0.519444 0.157812 0.186111 10 0.005428 0.844141 0.777778 0.185156 0.436111 3 0.005405 0.412891 0.526389 0.033594 0.069444 1 0.005138 0.744141 0.768056 0.036719 0.102778 3 0.005081 0.416406 0.392361 0.034375 0.059722 10 0.00407 0.026953 0.583333 0.053906 0.252778 5 0.003635 0.019922 0.611111 0.039844 0.169444 0 0.002512 0.747656 0.771528 0.060937 0.131944 10 0.002415 0.725781 0.321528 0.046875 0.106944 3 0.002378 0.250781 0.461806 0.045312 0.065278 11 0.002287 0.169531 0.795139 0.071875 0.131944 0 0.001309 0.680469 0.838194 0.039062 0.126389 1 0.001245 0.601562 0.426389 0.023438 0.047222 11 0.001216 0.022266 0.8125 0.044531 0.288889 0 0.001206 0.412109 0.525 0.035156 0.063889 5 0.001179 0.414844 0.388889 0.040625 0.066667 4 0.001121 0.212891 0.788889 0.039844 0.105556 0 0.001081 0.894922 0.546528 0.041406 0.095833 2 0.001024 0.416016 0.390972 0.033594 0.056944 10 0.000926 0.014063 0.714583 0.028125 0.393056 6 0.000918 0.122266 0.624306 0.200781 0.220833 11 0.000911 0.150781 0.606944 0.098437 0.163889 3 0.000638 0.842578 0.802778 0.174219 0.386111 10 0.00054 0.994531 0.3375 0.010937 0.175
CCTV01^20260318-110000-20260318-120000_000432,3 0.866211 0.524609 0.877083 0.069531 0.193056 3 0.71875 0.241016 0.690972 0.064844 0.106944 10 0.712891 0.130469 0.696528 0.176563 0.309722 3 0.637207 0.221484 0.938889 0.082031 0.122222 3 0.62793 0.291016 0.7 0.071094 0.127778 2 0.62793 0.847266 0.722222 0.071094 0.158333 3 0.611328 0.258984 0.822222 0.069531 0.130556 3 0.571777 0.325781 0.559722 0.064062 0.083333 12 0.563965 0.309375 0.8625 0.05625 0.119444 9 0.535156 0.441797 0.426389 0.094531 0.122222 0 0.458984 0.309766 0.861806 0.055469 0.118056 2 0.435791 0.258594 0.822917 0.067187 0.129167 6 0.383057 0.865625 0.604167 0.1 0.225 2 0.355713 0.497656 0.442361 0.039062 0.059722 3 0.320801 0.364063 0.601389 0.070312 0.086111 0 0.27832 0.794141 0.602778 0.030469 0.091667 5 0.271973 0.290234 0.701389 0.071094 0.127778 0 0.182373 0.319141 0.728472 0.028906 0.084722 2 0.150513 0.403516 0.518056 0.061719 0.072222 3 0.128906 0.403906 0.516667 0.060937 0.072222 3 0.12854 0.017969 0.870139 0.035937 0.2375 1 0.099792 0.175391 0.789583 0.033594 0.090278 3 0.099121 0.121875 0.964583 0.09375 0.070833 10 0.088196 0.01875 0.80625 0.0375 0.3875 2 0.082397 0.222656 0.938194 0.08125 0.123611 5 0.080933 0.017578 0.857639 0.035156 0.229167 3 0.075012 0.498828 0.442361 0.038281 0.059722 9 0.054993 0.05 0.679861 0.1 0.276389 0 0.052246 0.174609 0.7875 0.036719 0.094444 1 0.048859 0.710547 0.497222 0.021094 0.061111 10 0.036072 0.020313 0.671528 0.040625 0.290278 10 0.027908 0.044141 0.672222 0.088281 0.277778 3 0.024338 0.008984 0.258333 0.017969 0.041667 0 0.023773 0.275 0.957639 0.03125 0.081944 1 0.018341 0.265234 0.594444 0.027344 0.069444 12 0.018341 0.316797 0.954861 0.042969 0.0875 0 0.01297 0.777344 0.484722 0.028125 0.066667 1 0.012825 0.31875 0.728472 0.028125 0.079167 10 0.01178 0.100781 0.51875 0.154688 0.173611 2 0.008644 0.644531 0.393056 0.028125 0.052778 0 0.008415 0.274609 0.499306 0.033594 0.068056 0 0.007935 0.102734 0.517361 0.157031 0.179167 3 0.007843 0.644141 0.39375 0.028906 0.054167 10 0.006191 0.469922 0.350694 0.085156 0.093056 3 0.005798 0.526563 0.368056 0.028125 0.044444 9 0.005707 0.101562 0.516667 0.15625 0.175 3 0.005554 0.116406 0.994444 0.126562 0.011111 9 0.005001 0.469922 0.350694 0.085156 0.093056 1 0.004135 0.275 0.957639 0.03125 0.079167 10 0.004101 0.019141 0.6125 0.038281 0.163889 3 0.004005 0.774609 0.39375 0.028906 0.045833 1 0.003363 0.330469 0.504861 0.026562 0.048611 5 0.003016 0.020313 0.605556 0.040625 0.158333 9 0.0028 0.130469 0.696528 0.176563 0.315278 2 0.002068 0.007422 0.838194 0.014844 0.201389 0 0.002035 0.312891 0.475 0.033594 0.063889 0 0.002035 0.376953 0.473611 0.028906 0.066667 0 0.001883 0.677344 0.831944 0.035937 0.116667 2 0.001789 0.014063 0.836806 0.028125 0.220833 0 0.001768 0.818359 0.471528 0.022656 0.059722 0 0.001748 0.347266 0.479167 0.022656 0.055556 3 0.001668 0.082812 0.848611 0.08125 0.166667 12 0.001597 0.296094 0.990278 0.126562 0.019444 10 0.001484 0.733203 0.34375 0.050781 0.115278 1 0.001378 0.714063 0.496528 0.0375 0.068056 3 0.001305 0.020703 0.60625 0.041406 0.154167 1 0.001269 0.334766 0.49375 0.028906 0.068056 1 0.001235 0.347266 0.480556 0.022656 0.058333 11 0.001107 0.039453 0.690278 0.078906 0.244444 6 0.001086 0.732812 0.341667 0.048438 0.111111 0 0.001078 0.877344 0.494444 0.029687 0.061111 12 0.00104 0.258984 0.993056 0.147656 0.013889 0 0.000911 0.330078 0.50625 0.025781 0.051389 1 0.000897 0.675781 0.830556 0.035937 0.119444 11 0.000897 0.910156 0.591667 0.142187 0.194444 3 0.000817 0.158594 0.711111 0.059375 0.116667 0 0.00071 0.332031 0.429167 0.021875 0.05 12 0.000699 0.297656 0.966667 0.103125 0.066667 2 0.000629 0.989844 0.588194 0.020313 0.190278 2 0.000621 0.948828 0.615972 0.042969 0.1125 6 0.000617 0.708203 0.239583 0.027344 0.0625 2 0.000588 0.310937 0.416667 0.028125 0.05 2 0.000588 0.99375 0.5125 0.0125 0.119444 3 0.000527 0.940234 0.607639 0.060156 0.129167 3 0.000509 0.370312 0.418056 0.045312 0.052778
CCTV01^20260318-110000-20260318-120000_000605,10 0.827148 0.751172 0.807639 0.155469 0.381944 2 0.825684 0.294141 0.772917 0.041406 0.106944 10 0.820312 0.317188 0.563889 0.107813 0.208333 10 0.816406 0.630469 0.470139 0.0625 0.190278 3 0.710449 0.258594 0.711111 0.064062 0.097222 3 0.705566 0.314063 0.713194 0.042188 0.090278 3 0.697754 0.524609 0.877083 0.066406 0.193056 2 0.682617 0.915625 0.699306 0.065625 0.140278 10 0.639648 0.248438 0.557639 0.135937 0.2125 10 0.632324 0.060547 0.764583 0.121094 0.245833 1 0.598145 0.199609 0.794444 0.030469 0.086111 5 0.571777 0.524219 0.877083 0.067187 0.190278 3 0.560059 0.398438 0.498611 0.046875 0.061111 1 0.53125 0.241406 0.777083 0.025 0.073611 0 0.519531 0.150781 0.695139 0.03125 0.081944 10 0.442627 0.798828 0.685417 0.166406 0.318056 9 0.439697 0.798438 0.684722 0.165625 0.322222 2 0.394287 0.491016 0.435417 0.038281 0.051389 3 0.375732 0.46875 0.475694 0.045312 0.048611 10 0.35498 0.019922 0.667361 0.039844 0.276389 2 0.334473 0.467969 0.476389 0.045312 0.05 3 0.279785 0.442188 0.45625 0.046875 0.048611 7 0.264404 0.700391 0.568056 0.042969 0.080556 6 0.260498 0.061719 0.756944 0.121875 0.236111 2 0.252441 0.869531 0.952778 0.053125 0.094444 3 0.24939 0.659766 0.581944 0.044531 0.077778 2 0.230957 0.368359 0.428472 0.022656 0.048611 3 0.200562 0.489844 0.4375 0.0375 0.05 10 0.181885 0.122656 0.55625 0.15625 0.195833 1 0.16394 0.922656 0.930556 0.039062 0.097222 4 0.147095 0.700391 0.568056 0.041406 0.083333 10 0.140869 0.1125 0.895139 0.175 0.209722 3 0.117981 0.428906 0.50625 0.042188 0.059722 3 0.112 0.333594 0.445139 0.034375 0.045833 1 0.096008 0.918359 0.838194 0.039844 0.104167 3 0.083862 0.505078 0.405556 0.032031 0.044444 3 0.076965 0.469141 0.421528 0.036719 0.040278 2 0.058136 0.948828 0.865278 0.050781 0.097222 1 0.053406 0.981641 0.792361 0.035156 0.084722 10 0.03891 0.716406 0.466667 0.071875 0.144444 5 0.037048 0.672656 0.6625 0.04375 0.130556 10 0.035156 0.804297 0.565972 0.141406 0.220833 3 0.033203 0.673438 0.660417 0.04375 0.129167 1 0.032349 0.914453 0.8625 0.032031 0.094444 3 0.031982 0.674609 0.481944 0.027344 0.063889 2 0.027267 0.673438 0.660417 0.04375 0.129167 3 0.026962 0.453125 0.411111 0.040625 0.044444 10 0.023865 0.480469 0.340278 0.11875 0.111111 10 0.023239 0.021875 0.5875 0.04375 0.266667 6 0.018341 0.653516 0.243056 0.024219 0.058333 10 0.017639 0.96875 0.877778 0.060937 0.244444 10 0.014061 0.097656 0.518056 0.142187 0.175 3 0.013588 0.475781 0.428472 0.046875 0.045833 2 0.011116 0.132812 0.645833 0.040625 0.058333 2 0.010208 0.451562 0.465972 0.059375 0.048611 2 0.009163 0.671094 0.519444 0.023438 0.052778 10 0.009087 0.673438 0.6625 0.04375 0.136111 0 0.009056 0.394922 0.393056 0.019531 0.047222 10 0.009018 0.017969 0.600694 0.035937 0.143056 6 0.008614 0.969922 0.902083 0.060156 0.195833 0 0.008575 0.131641 0.647917 0.041406 0.0625 10 0.008064 0.660937 0.400694 0.042188 0.095833 4 0.007812 0.963672 0.870833 0.071094 0.130556 2 0.007725 0.973437 0.916667 0.053125 0.163889 2 0.007607 0.475 0.428472 0.048438 0.048611 4 0.006512 0.956641 0.874306 0.085156 0.251389 11 0.006168 0.661328 0.4 0.041406 0.097222 3 0.006096 0.008203 0.25625 0.016406 0.0375 10 0.006073 0.913281 0.583333 0.159375 0.25 1 0.005936 0.907422 0.886111 0.025781 0.080556 0 0.005867 0.119922 0.552778 0.160156 0.2 0 0.005642 0.912109 0.582639 0.160156 0.251389 5 0.005081 0.970313 0.909722 0.057813 0.180556 1 0.004166 0.994531 0.820833 0.010937 0.1 9 0.003565 0.973437 0.88125 0.053125 0.201389 0 0.003185 0.153906 0.690278 0.05 0.1 4 0.003099 0.974219 0.891667 0.05 0.144444 3 0.003052 0.661328 0.279167 0.019531 0.038889 2 0.002693 0.767188 0.393056 0.023438 0.05 1 0.002653 0.946484 0.861806 0.050781 0.109722 4 0.002531 0.982812 0.872222 0.034375 0.2 0 0.002493 0.994141 0.856944 0.011719 0.138889 10 0.00209 0.984766 0.847222 0.030469 0.305556 3 0.00202 0.330469 0.409028 0.0375 0.043056 0 0.001972 0.966797 0.829167 0.064844 0.133333 0 0.001839 0.784766 0.445833 0.025781 0.05 12 0.001818 0.956641 0.861806 0.086719 0.276389 10 0.001755 0.928125 0.908333 0.14375 0.183333 10 0.001707 0.989844 0.565972 0.01875 0.256944 6 0.001636 0.681641 0.352083 0.032031 0.0625 2 0.001597 0.674609 0.484722 0.027344 0.063889 4 0.00149 0.992969 0.869444 0.014063 0.163889 6 0.001478 0.661719 0.398611 0.040625 0.094444 10 0.001467 0.989453 0.775694 0.021094 0.356944 10 0.001399 0.994922 0.342361 0.010156 0.154167 1 0.00132 0.200781 0.796528 0.048438 0.098611 1 0.001216 0.021875 0.650694 0.035937 0.065278 1 0.001197 0.751172 0.413889 0.016406 0.038889 10 0.000947 0.96875 0.775 0.0625 0.366667 10 0.00088 0.620313 0.375694 0.035937 0.1125 6 0.000856 0.660937 0.279861 0.01875 0.040278 1 0.000856 0.935156 0.885417 0.039062 0.115278 1 0.000843 0.90625 0.875 0.0375 0.086111 12 0.000718 0.909766 0.993056 0.149219 0.013889 0 0.000699 0.945703 0.88125 0.099219 0.215278 1 0.000682 0.992969 0.788889 0.014063 0.097222 10 0.000657 0.014063 0.724306 0.028125 0.226389 1 0.000564 0.402344 0.569444 0.014063 0.044444 0 0.000553 0.103125 0.649306 0.071875 0.134722
CCTV01^20260318-110000-20260318-120000_000609,10 0.916016 0.226172 0.697917 0.144531 0.298611 10 0.868164 0.692969 0.634722 0.120313 0.294444 10 0.840332 0.824219 0.595139 0.142187 0.2375 10 0.835449 0.727734 0.485417 0.078906 0.165278 3 0.808105 0.735547 0.872222 0.072656 0.158333 10 0.806641 0.614453 0.336111 0.036719 0.102778 10 0.806641 0.416016 0.448611 0.103906 0.15 5 0.795898 0.324609 0.927778 0.074219 0.144444 11 0.795898 0.275391 0.767361 0.089844 0.206944 4 0.766113 0.790625 0.728472 0.070312 0.123611 3 0.757812 0.524609 0.879167 0.064844 0.191667 3 0.749023 0.352344 0.561111 0.0625 0.063889 2 0.730957 0.335547 0.629167 0.041406 0.083333 10 0.610352 0.188281 0.608333 0.154688 0.191667 0 0.600098 0.342969 0.760417 0.03125 0.070833 10 0.574707 0.634375 0.484028 0.06875 0.190278 10 0.510742 0.908594 0.836111 0.18125 0.325 1 0.492188 0.218359 0.886806 0.028906 0.0875 1 0.490234 0.182422 0.952778 0.030469 0.091667 3 0.368408 0.237109 0.961806 0.060156 0.073611 3 0.363037 0.504297 0.415278 0.033594 0.055556 1 0.352295 0.137891 0.941667 0.038281 0.088889 10 0.341553 0.019531 0.666667 0.039062 0.272222 6 0.332764 0.301172 0.491667 0.100781 0.125 10 0.331055 0.072656 0.860417 0.145313 0.279167 10 0.32251 0.301172 0.493056 0.100781 0.125 10 0.284668 0.975 0.777778 0.05 0.330556 3 0.223999 0.753516 0.402083 0.032031 0.051389 5 0.201782 0.729297 0.9625 0.072656 0.072222 3 0.181274 0.478906 0.409722 0.025 0.041667 5 0.178955 0.505078 0.415278 0.032031 0.055556 3 0.113953 0.3875 0.38125 0.025 0.040278 2 0.112427 0.399609 0.565972 0.024219 0.051389 10 0.093323 0.126562 0.557639 0.164062 0.198611 0 0.062805 0.792578 0.430556 0.021094 0.052778 10 0.039948 0.678516 0.366667 0.033594 0.080556 11 0.03833 0.665625 0.429861 0.042188 0.101389 2 0.037201 0.842578 0.509722 0.025781 0.05 3 0.036896 0.644922 0.361806 0.024219 0.054167 0 0.030212 0.803516 0.461111 0.019531 0.05 10 0.026764 0.016406 0.618056 0.032813 0.175 10 0.023773 0.099609 0.51875 0.144531 0.176389 10 0.023422 0.665625 0.431944 0.042188 0.102778 11 0.019562 0.289844 0.416667 0.042188 0.077778 10 0.019165 0.022266 0.577083 0.044531 0.259722 9 0.018616 0.126172 0.557639 0.163281 0.195833 11 0.018127 0.657422 0.278472 0.027344 0.073611 3 0.016525 0.008203 0.253472 0.016406 0.043056 3 0.014786 0.507031 0.352778 0.029687 0.038889 6 0.014671 0.665234 0.430556 0.042969 0.1 2 0.013954 0.855469 0.461806 0.028125 0.056944 10 0.006168 0.657422 0.278472 0.027344 0.070833 6 0.005707 0.015625 0.60625 0.03125 0.145833 3 0.004383 0.227734 0.960417 0.088281 0.079167 10 0.004314 0.448047 0.36875 0.088281 0.095833 3 0.00387 0.667969 0.315278 0.01875 0.036111 6 0.003839 0.073047 0.860417 0.141406 0.279167 7 0.002924 0.790625 0.727083 0.070312 0.126389 0 0.002779 0.123438 0.552778 0.167187 0.2 5 0.002693 0.728125 0.966667 0.0875 0.066667 3 0.002493 0.390625 0.390278 0.03125 0.047222 10 0.001536 0.984766 0.7875 0.030469 0.266667 11 0.001197 0.908594 0.659028 0.06875 0.129167 1 0.001179 0.126562 0.946528 0.057813 0.104167 3 0.001081 0.241797 0.999306 0.072656 0.001389 10 0.001065 0.644922 0.361111 0.024219 0.052778 6 0.001053 0.658594 0.28125 0.029687 0.079167 3 0.001017 0.50625 0.383333 0.03125 0.030556 5 0.000904 0.525 0.877778 0.065625 0.188889 1 0.000869 0.341406 0.752083 0.026562 0.073611 0 0.000779 0.827344 0.445833 0.01875 0.041667 1 0.000755 0.374609 0.588194 0.024219 0.051389 9 0.000699 0.289453 0.417361 0.041406 0.076389 9 0.000685 0.016016 0.647222 0.032031 0.083333 1 0.000661 0.515234 0.48125 0.016406 0.0375 2 0.000636 0.985938 0.58125 0.028125 0.070833 10 0.000634 0.982812 0.625694 0.034375 0.223611 2 0.000602 0.352734 0.371528 0.019531 0.048611 10 0.000536 0.038281 0.511806 0.076563 0.345833 1 0.000521 0.483594 0.665278 0.01875 0.030556 1 0.000504 0.765234 0.928472 0.030469 0.081944
CCTV01^20260318-110000-20260318-120000_000613,6 0.906738 0.693359 0.5875 0.083594 0.175 11 0.891113 0.276953 0.759028 0.086719 0.2125 10 0.888184 0.620313 0.423611 0.05 0.15 10 0.874512 0.35625 0.520833 0.121875 0.183333 10 0.86377 0.849609 0.666667 0.141406 0.302778 10 0.86377 0.133984 0.716667 0.177344 0.305556 5 0.859863 0.322266 0.913889 0.067969 0.166667 10 0.858887 0.747656 0.515972 0.090625 0.179167 3 0.845703 0.197656 0.815972 0.060937 0.115278 3 0.834473 0.524219 0.878472 0.064062 0.190278 6 0.823242 0.761719 0.329167 0.0375 0.077778 3 0.791992 0.2375 0.947917 0.0625 0.101389 2 0.769043 0.953516 0.853472 0.061719 0.1625 10 0.76416 0.074219 0.697222 0.148438 0.275 10 0.759277 0.43125 0.395139 0.071875 0.098611 3 0.740234 0.633984 0.515972 0.038281 0.076389 10 0.689941 0.300391 0.513889 0.127344 0.166667 3 0.660156 0.478516 0.420833 0.025781 0.047222 0 0.645996 0.344141 0.763889 0.032031 0.072222 1 0.640625 0.682813 0.802778 0.028125 0.094444 2 0.523438 0.107813 0.895139 0.059375 0.115278 1 0.515625 0.761719 0.629167 0.021875 0.063889 2 0.513672 0.497266 0.432639 0.021094 0.051389 3 0.44751 0.797656 0.782639 0.076563 0.148611 0 0.399902 0.218359 0.706944 0.032031 0.066667 3 0.394287 0.825 0.495833 0.048438 0.066667 1 0.343262 0.708203 0.758333 0.025781 0.086111 10 0.334473 0.782422 0.879861 0.157031 0.240278 10 0.331055 0.523047 0.328472 0.061719 0.095833 10 0.327637 0.027344 0.690278 0.054688 0.305556 6 0.300781 0.682813 0.447222 0.039062 0.097222 5 0.273682 0.653906 0.420833 0.025 0.080556 10 0.262939 0.662109 0.307639 0.032031 0.0875 10 0.253906 0.978906 0.809028 0.042188 0.359722 7 0.181274 0.957031 0.951389 0.08125 0.097222 2 0.136597 0.7625 0.418056 0.023438 0.047222 11 0.09137 0.682813 0.446528 0.039062 0.098611 3 0.090393 0.678125 0.358333 0.028125 0.055556 1 0.089111 0.044531 0.895833 0.04375 0.069444 4 0.085388 0.95625 0.95 0.08125 0.1 5 0.069275 0.678125 0.358333 0.028125 0.055556 10 0.053802 0.683594 0.446528 0.039062 0.098611 6 0.038605 0.978125 0.808333 0.04375 0.366667 3 0.035828 0.653906 0.419444 0.025 0.077778 10 0.029755 0.125391 0.545139 0.164844 0.173611 10 0.028015 0.988281 0.838889 0.023438 0.261111 10 0.026352 0.653906 0.420139 0.025 0.079167 1 0.024338 0.785547 0.454167 0.019531 0.047222 2 0.020798 0.514453 0.4 0.022656 0.047222 10 0.015015 0.022266 0.581944 0.044531 0.277778 10 0.014389 0.629687 0.291667 0.029687 0.086111 11 0.013481 0.960547 0.86875 0.078906 0.245833 1 0.013168 0.824219 0.833333 0.025 0.066667 3 0.010292 0.008594 0.252778 0.017188 0.041667 1 0.010094 0.705078 0.777778 0.025781 0.094444 6 0.008919 0.629297 0.288889 0.028906 0.077778 11 0.007404 0.985938 0.857639 0.028125 0.281944 3 0.007175 0.056641 0.955556 0.105469 0.086111 10 0.007011 0.096875 0.520139 0.14375 0.179167 10 0.006615 0.246094 0.380556 0.05625 0.088889 10 0.006363 0.016797 0.607639 0.033594 0.148611 3 0.005798 0.488281 0.423611 0.017188 0.05 0 0.005753 0.803125 0.436111 0.017188 0.055556 0 0.005577 0.853125 0.492361 0.025 0.056944 1 0.003914 0.711719 0.753472 0.04375 0.093056 0 0.00375 0.513672 0.415972 0.013281 0.0375 5 0.003736 0.05625 0.954861 0.1125 0.090278 9 0.003469 0.970703 0.804167 0.057031 0.35 6 0.003351 0.015625 0.601389 0.03125 0.136111 3 0.003027 0.790625 0.74375 0.0625 0.070833 2 0.0028 0.902734 0.513194 0.030469 0.065278 1 0.002287 0.217969 0.709722 0.032813 0.069444 1 0.00215 0.685547 0.788194 0.021094 0.079167 1 0.001642 0.340625 0.75 0.021875 0.066667 0 0.001597 0.049219 0.885417 0.042188 0.065278 10 0.001478 0.98125 0.713194 0.035937 0.181944 10 0.001294 0.995313 0.340972 0.009375 0.165278 7 0.001274 0.932422 0.726389 0.035156 0.088889 10 0.001225 0.983984 0.632639 0.032031 0.268056 1 0.001202 0.376953 0.581944 0.021094 0.05 2 0.001143 0.122266 0.999306 0.113281 0.001389 12 0.001129 0.375 0.999306 0.129688 0.001389 11 0.00109 0.247266 0.384722 0.057031 0.1 10 0.00109 0.989453 0.579167 0.021094 0.202778 10 0.001012 0.040234 0.511806 0.080469 0.345833 0 0.000966 0.116016 0.529167 0.172656 0.180556 2 0.000937 0.987109 0.879861 0.025781 0.234722 1 0.000727 0.493359 0.436806 0.017969 0.056944 2 0.000718 0.733984 0.358333 0.019531 0.041667 1 0.000657 0.758203 0.624306 0.035156 0.073611 10 0.000636 0.05625 0.933333 0.1125 0.133333 10 0.000627 0.646875 0.23125 0.032813 0.070833 6 0.000597 0.384766 0.373611 0.041406 0.083333 4 0.000579 0.237109 0.321528 0.042969 0.051389 10 0.000573 0.993359 0.5125 0.013281 0.127778 3 0.000568 0.979297 0.934028 0.041406 0.131944 2 0.000532 0.707422 0.422917 0.016406 0.043056 3 0.000527 0.646094 0.601389 0.040625 0.055556 11 0.000521 0.383594 0.374306 0.040625 0.084722 2 0.000504 0.630859 0.096528 0.036719 0.070833
CCTV01^20260318-110000-20260318-120000_000617,6 0.918457 0.744141 0.595833 0.075781 0.158333 6 0.907227 0.760547 0.329167 0.035156 0.077778 10 0.89502 0.658594 0.543056 0.095312 0.222222 10 0.886719 0.129297 0.810417 0.158594 0.354167 10 0.882812 0.853906 0.677778 0.14375 0.313889 2 0.878418 0.958594 0.895139 0.067187 0.184722 10 0.864746 0.256641 0.507639 0.150781 0.170833 5 0.823242 0.313281 0.665972 0.054688 0.118056 3 0.812988 0.324609 0.899306 0.088281 0.131944 10 0.8125 0.397656 0.426389 0.095312 0.130556 3 0.803223 0.723828 0.714583 0.064844 0.123611 2 0.782715 0.245703 0.780556 0.039844 0.105556 5 0.762207 0.524609 0.878472 0.064844 0.190278 3 0.680664 0.417578 0.494444 0.053906 0.052778 3 0.631836 0.784766 0.838194 0.064844 0.120833 10 0.624512 0.617188 0.425 0.048438 0.158333 10 0.562012 0.676172 0.359722 0.041406 0.111111 10 0.544922 0.753906 0.517361 0.085938 0.159722 2 0.542969 0.066406 0.749306 0.039062 0.098611 1 0.537109 0.321875 0.734722 0.023438 0.069444 5 0.533203 0.698047 0.426389 0.032031 0.069444 11 0.484375 0.469141 0.413194 0.055469 0.0875 0 0.464844 0.350781 0.594444 0.025 0.058333 12 0.457031 0.255859 0.663889 0.057031 0.130556 0 0.424316 0.331641 0.531944 0.030469 0.063889 1 0.395996 0.312109 0.572222 0.028906 0.058333 3 0.390381 0.523828 0.877778 0.064844 0.188889 2 0.38501 0.306641 0.961806 0.057031 0.070833 12 0.379395 0.222266 0.913194 0.085156 0.170833 2 0.352295 0.345313 0.49375 0.029687 0.054167 10 0.341553 0.019141 0.647917 0.038281 0.231944 12 0.331055 0.975781 0.740278 0.048438 0.163889 3 0.26123 0.396094 0.551389 0.045312 0.072222 7 0.246582 0.255078 0.664583 0.058594 0.129167 3 0.183594 0.841016 0.524306 0.046094 0.073611 9 0.153564 0.221484 0.913889 0.088281 0.172222 11 0.130249 0.975781 0.738194 0.048438 0.1625 10 0.123779 0.466797 0.354861 0.074219 0.090278 3 0.117981 0.697266 0.425694 0.032031 0.070833 1 0.097046 0.228516 0.604861 0.027344 0.056944 10 0.079224 0.120313 0.55625 0.151562 0.193056 7 0.072876 0.221094 0.913889 0.089063 0.172222 10 0.072083 0.636328 0.338889 0.038281 0.108333 0 0.047424 0.322656 0.732639 0.025 0.073611 0 0.047424 0.992969 0.85625 0.014063 0.109722 1 0.045349 0.787109 0.464583 0.017969 0.051389 2 0.042236 0.010156 0.908333 0.020313 0.144444 1 0.034363 0.512109 0.397222 0.014844 0.038889 7 0.030334 0.975781 0.738194 0.048438 0.1625 1 0.023956 0.388672 0.486111 0.017969 0.044444 10 0.023148 0.022266 0.557639 0.044531 0.304167 0 0.022629 0.048438 0.669444 0.051562 0.088889 3 0.021362 0.661328 0.432639 0.028906 0.043056 0 0.016098 0.764844 0.397222 0.01875 0.047222 0 0.015129 0.010156 0.908333 0.020313 0.136111 1 0.015076 0.032813 0.822917 0.026562 0.079167 10 0.014389 0.1 0.519444 0.146875 0.177778 3 0.013687 0.010547 0.916667 0.021094 0.136111 1 0.012146 0.533203 0.390278 0.022656 0.044444 0 0.010651 0.311328 0.565278 0.024219 0.052778 1 0.010368 0.396484 0.489583 0.028906 0.051389 10 0.008446 0.012109 0.885417 0.024219 0.229167 0 0.007374 0.898438 0.556944 0.021875 0.063889 3 0.007206 0.727734 0.352083 0.024219 0.045833 2 0.007122 0.876172 0.534028 0.027344 0.065278 1 0.006718 0.003125 0.788194 0.00625 0.059722 5 0.006588 0.801562 0.926389 0.089063 0.141667 2 0.006439 0.719922 0.413194 0.017969 0.043056 0 0.004982 0.686328 0.736806 0.021094 0.084722 2 0.004963 0.304297 0.999306 0.083594 0.001389 0 0.004646 0.117188 0.551389 0.15625 0.194444 10 0.004627 0.649219 0.236111 0.034375 0.075 1 0.004467 0.350391 0.576389 0.019531 0.063889 7 0.003809 0.935547 0.73125 0.025781 0.084722 6 0.003664 0.719922 0.302083 0.022656 0.051389 10 0.003651 0.018359 0.849306 0.036719 0.301389 11 0.003651 0.221875 0.913889 0.089063 0.172222 0 0.00358 0.836719 0.460417 0.023438 0.048611 3 0.003223 0.008203 0.252778 0.016406 0.041667 1 0.003052 0.035937 0.688194 0.029687 0.0625 1 0.002935 0.376953 0.581944 0.022656 0.05 1 0.002834 0.016797 0.888194 0.030469 0.106944 3 0.002714 0.802734 0.927083 0.092969 0.143056 0 0.00255 0.3625 0.590972 0.03125 0.056944 3 0.002472 0.008203 0.643056 0.016406 0.086111 4 0.002472 0.052734 0.664583 0.061719 0.093056 0 0.002462 0.535156 0.390972 0.023438 0.048611 11 0.002314 0.989453 0.857639 0.021094 0.273611 1 0.002165 0.351562 0.554861 0.020313 0.051389 3 0.00214 0.427344 0.509028 0.0375 0.045833 0 0.001972 0.376953 0.582639 0.022656 0.048611 1 0.001912 0.23125 0.620139 0.026562 0.065278 1 0.001675 0.310547 0.585417 0.036719 0.070833 0 0.001549 0.037891 0.659028 0.039844 0.095833 0 0.001519 0.995313 0.881944 0.009375 0.144444 2 0.001513 0.627344 0.09375 0.0375 0.065278 8 0.00141 0.008203 0.86875 0.016406 0.115278 2 0.001356 0.295312 0.965972 0.090625 0.068056 9 0.001346 0.987109 0.819444 0.025781 0.316667 9 0.001305 0.010156 0.882639 0.020313 0.131944 1 0.001249 0.708203 0.496528 0.016406 0.045833 0 0.00124 0.343359 0.490972 0.032031 0.056944 0 0.001225 0.994922 0.829861 0.010156 0.129167 1 0.001197 0.604688 0.486111 0.01875 0.047222 10 0.001169 0.619141 0.270139 0.027344 0.073611 2 0.001161 0.992969 0.688889 0.014063 0.136111 10 0.001134 0.752344 0.554167 0.082812 0.086111 1 0.001073 0.370312 0.589583 0.026562 0.054167 1 0.001032 0.301172 0.611806 0.024219 0.056944 2 0.001024 0.801562 0.505556 0.026562 0.036111 2 0.001017 0.869141 0.488194 0.024219 0.051389 2 0.000911 0.323047 0.897917 0.088281 0.131944 1 0.000894 0.686328 0.740972 0.027344 0.093056 1 0.000849 0.848437 0.953472 0.023438 0.073611 4 0.000813 0.801953 0.926389 0.092969 0.141667 0 0.000798 0.004297 0.80625 0.008594 0.106944 4 0.00077 0.935156 0.734028 0.025 0.084722 0 0.000758 0.027734 0.646528 0.027344 0.073611 11 0.000741 0.635547 0.336111 0.036719 0.108333 1 0.000693 0.04375 0.68125 0.0375 0.079167 10 0.000682 0.035156 0.511111 0.070312 0.347222 10 0.000661 0.014844 0.6 0.029687 0.152778 0 0.000624 0.936328 0.729861 0.025781 0.084722 0 0.000612 0.102344 0.672222 0.039062 0.083333 0 0.000593 0.783594 0.472222 0.025 0.063889 3 0.000579 0.775391 0.925694 0.035156 0.126389 10 0.000573 0.994141 0.347917 0.011719 0.145833 9 0.000557 0.801953 0.925694 0.094531 0.140278 1 0.000536 0.377344 0.483333 0.0375 0.047222 0 0.000532 0.066016 0.755556 0.035156 0.091667 4 0.000517 0.987891 0.884722 0.024219 0.213889 0 0.000515 0.939844 0.593056 0.034375 0.072222
CCTV01^20260318-110000-20260318-120000_000621,10 0.893066 0.705859 0.670833 0.122656 0.305556 3 0.868164 0.301953 0.870139 0.061719 0.134722 12 0.848145 0.306641 0.635417 0.077344 0.145833 2 0.84375 0.965625 0.918056 0.067187 0.161111 6 0.841797 0.792578 0.702083 0.086719 0.209722 10 0.82666 0.630859 0.477083 0.066406 0.190278 6 0.806641 0.760938 0.328472 0.0375 0.079167 10 0.786133 0.884375 0.723611 0.16875 0.344444 5 0.773438 0.501953 0.395833 0.035156 0.058333 5 0.764648 0.705859 0.450694 0.035156 0.076389 2 0.692871 0.286328 0.752778 0.039844 0.1 3 0.6875 0.13125 0.888194 0.078125 0.131944 10 0.675781 0.453125 0.373611 0.078125 0.111111 3 0.663574 0.141406 0.76875 0.075 0.109722 10 0.651367 0.767578 0.538194 0.091406 0.165278 5 0.638672 0.524219 0.877778 0.065625 0.191667 3 0.598145 0.524219 0.877778 0.065625 0.191667 3 0.5 0.248438 0.675694 0.05 0.084722 5 0.476562 0.208984 0.836806 0.078906 0.168056 2 0.458984 0.24375 0.741667 0.039062 0.091667 10 0.44751 0.040625 0.865972 0.08125 0.268056 10 0.44165 0.019922 0.658333 0.039844 0.25 2 0.428223 0.401953 0.470139 0.032031 0.059722 10 0.424316 0.312109 0.529861 0.150781 0.190278 10 0.40918 0.336328 0.438889 0.113281 0.133333 1 0.305664 0.109375 0.740972 0.026562 0.070833 12 0.294189 0.456641 0.420139 0.046094 0.073611 3 0.269043 0.844531 0.525694 0.048438 0.070833 11 0.237915 0.455859 0.420833 0.046094 0.075 3 0.221313 0.357422 0.585417 0.041406 0.0625 1 0.209473 0.055469 0.968056 0.039062 0.063889 9 0.174438 0.457031 0.420833 0.045312 0.075 0 0.169922 0.14375 0.64375 0.046875 0.076389 10 0.165039 0.512109 0.320833 0.066406 0.086111 1 0.135742 0.201172 0.723611 0.028906 0.075 2 0.122131 0.972266 0.734722 0.046094 0.088889 3 0.118774 0.183984 0.972917 0.082031 0.054167 10 0.08728 0.659766 0.2875 0.032031 0.075 10 0.08728 0.617188 0.309028 0.03125 0.093056 3 0.086304 0.878516 0.952083 0.075781 0.095833 3 0.065369 0.916797 0.613889 0.060156 0.091667 5 0.056641 0.877344 0.951389 0.078125 0.094444 1 0.047943 0.191797 0.6625 0.032031 0.066667 0 0.032593 0.101953 0.65625 0.036719 0.056944 2 0.027069 0.628516 0.095833 0.033594 0.069444 3 0.024048 0.211719 0.595139 0.060937 0.090278 6 0.02153 0.039453 0.870833 0.078906 0.258333 3 0.015717 0.705859 0.452778 0.035156 0.077778 3 0.011871 0.182031 0.991667 0.09375 0.016667 2 0.010948 0.907422 0.543056 0.030469 0.063889 9 0.008987 0.966406 0.918056 0.067187 0.161111 10 0.008064 0.1 0.520139 0.148438 0.179167 10 0.008064 0.023438 0.584722 0.046875 0.244444 10 0.007607 0.124609 0.557639 0.160156 0.198611 10 0.006313 0.655078 0.402083 0.058594 0.140278 2 0.00605 0.969922 0.6875 0.049219 0.075 5 0.005913 0.782422 0.935417 0.053906 0.118056 0 0.005386 0.123828 0.557639 0.160156 0.198611 10 0.00518 0.013672 0.829861 0.027344 0.3375 10 0.004791 0.015234 0.604167 0.030469 0.166667 2 0.004791 0.990625 0.682639 0.01875 0.093056 0 0.004574 0.954297 0.613194 0.024219 0.0625 1 0.004505 0.033984 0.640972 0.024219 0.0625 3 0.004135 0.008984 0.64375 0.017969 0.084722 3 0.003765 0.992969 0.902778 0.014063 0.136111 6 0.003351 0.988281 0.894444 0.023438 0.211111 9 0.003273 0.334766 0.436111 0.108594 0.119444 0 0.003197 0.519531 0.424306 0.014063 0.040278 2 0.003197 0.789453 0.484028 0.042969 0.109722 4 0.00316 0.789453 0.483333 0.041406 0.105556 1 0.002924 0.198828 0.700694 0.033594 0.104167 1 0.0028 0.019922 0.649306 0.033594 0.073611 1 0.00259 0.448437 0.472222 0.020313 0.041667 4 0.002453 0.212109 0.595139 0.064844 0.095833 0 0.002415 0.99375 0.694444 0.0125 0.088889 6 0.002415 0.973828 0.913889 0.052344 0.169444 3 0.002398 0.00625 0.751389 0.0125 0.136111 10 0.002378 0.029687 0.822222 0.059375 0.316667 0 0.002314 0.043359 0.714583 0.030469 0.079167 3 0.002192 0.784375 0.934028 0.057813 0.1125 3 0.002165 0.995313 0.827778 0.009375 0.158333 3 0.0021 0.988281 0.828472 0.021875 0.204167 3 0.00205 0.008203 0.259722 0.016406 0.036111 3 0.001934 0.985938 0.903472 0.026562 0.148611 10 0.001904 0.012109 0.690972 0.024219 0.323611 10 0.001846 0.989453 0.822917 0.021094 0.323611 3 0.001714 0.983984 0.593056 0.032031 0.111111 10 0.001661 0.6875 0.373611 0.051562 0.105556 1 0.001611 0.210938 0.688889 0.021875 0.066667 3 0.001561 0.789453 0.482639 0.044531 0.106944 1 0.001478 0.075781 0.75 0.039062 0.083333 10 0.001438 0.989453 0.734028 0.021094 0.273611 1 0.001138 0.56875 0.503472 0.014063 0.045833 2 0.001057 0.285547 0.429167 0.022656 0.066667 0 0.001028 0.003906 0.726389 0.007812 0.1 0 0.00102 0.067969 0.999306 0.107813 0.001389 1 0.001004 0.05 0.972222 0.092188 0.055556 1 0.000962 0.075391 0.983333 0.103906 0.033333 0 0.00094 0.011719 0.645833 0.023438 0.077778 2 0.000894 0.875781 0.947917 0.070312 0.090278 10 0.00082 0.989453 0.579167 0.021094 0.194444 1 0.000811 0.199609 0.675 0.039844 0.083333 3 0.000789 0.682813 0.523611 0.0375 0.066667 6 0.000785 0.789844 0.484722 0.04375 0.111111 3 0.000779 0.972656 0.919444 0.054688 0.161111 10 0.000744 0.983203 0.633333 0.033594 0.247222 1 0.000732 0.282813 0.978472 0.029687 0.0375 0 0.000661 0.269141 0.479167 0.021094 0.038889 12 0.000661 0.951562 0.999306 0.096875 0.001389 1 0.000619 0.517969 0.422222 0.014063 0.036111 10 0.000612 0.789453 0.486111 0.044531 0.102778 3 0.000612 0.009375 0.759722 0.01875 0.166667 4 0.000602 0.800781 0.938889 0.090625 0.122222 2 0.000579 0.982422 0.588889 0.033594 0.111111 1 0.000536 0.450391 0.483333 0.019531 0.047222 3 0.000517 0.502344 0.389583 0.034375 0.065278 2 0.000511 0.995313 0.722222 0.009375 0.077778 10 0.000507 0.991406 0.534722 0.017188 0.188889
CCTV01^20260318-110000-20260318-120000_000625,10 0.875977 0.758203 0.81875 0.155469 0.351389 10 0.867676 0.662109 0.563194 0.103906 0.248611 12 0.841797 0.349609 0.590278 0.085156 0.133333 3 0.835449 0.279687 0.895139 0.06875 0.143056 6 0.834473 0.761719 0.327083 0.0375 0.076389 10 0.831543 0.096875 0.734028 0.192188 0.3125 3 0.817383 0.307031 0.698611 0.054688 0.1 10 0.815918 0.899219 0.745833 0.196875 0.336111 10 0.809082 0.617969 0.344444 0.039062 0.116667 10 0.784668 0.408594 0.44375 0.114062 0.148611 10 0.751953 0.775391 0.570139 0.094531 0.209722 3 0.723145 0.182812 0.799306 0.070312 0.1125 5 0.697754 0.524609 0.877778 0.064844 0.191667 3 0.660156 0.101953 0.944444 0.083594 0.105556 2 0.651367 0.119531 0.809722 0.054688 0.108333 3 0.647949 0.304297 0.516667 0.050781 0.058333 10 0.633301 0.664453 0.318056 0.039844 0.113889 1 0.611328 0.291797 0.764583 0.027344 0.076389 3 0.583008 0.228516 0.835417 0.072656 0.143056 2 0.552734 0.279687 0.565278 0.029687 0.066667 5 0.548828 0.257812 0.671528 0.060937 0.120833 3 0.5 0.237891 0.630556 0.053906 0.077778 10 0.476562 0.681641 0.465278 0.075781 0.177778 1 0.44751 0.332422 0.728472 0.024219 0.079167 9 0.445557 0.35 0.5875 0.084375 0.130556 3 0.373779 0.523828 0.878472 0.064844 0.190278 10 0.303955 0.444922 0.36875 0.099219 0.093056 10 0.250244 0.019922 0.681944 0.039844 0.297222 1 0.24939 0.598047 0.527083 0.016406 0.054167 1 0.246582 0.205078 0.680556 0.025781 0.063889 1 0.242188 0.188281 0.714583 0.032813 0.068056 3 0.226807 0.165625 0.959722 0.079687 0.077778 2 0.206909 0.846484 0.567361 0.033594 0.076389 5 0.140381 0.971094 0.940278 0.057813 0.116667 2 0.132568 0.328125 0.433333 0.021875 0.055556 3 0.100159 0.727734 0.601389 0.033594 0.061111 1 0.092712 0.579688 0.494444 0.014063 0.047222 2 0.082703 0.301953 0.422917 0.030469 0.059722 0 0.057495 0.273438 0.488889 0.026562 0.058333 10 0.051666 0.125781 0.552778 0.160938 0.186111 0 0.042236 0.992969 0.700694 0.014063 0.070833 1 0.030212 0.590234 0.519444 0.017969 0.05 3 0.027176 0.972266 0.940972 0.053906 0.115278 5 0.024796 0.726953 0.488889 0.022656 0.080556 10 0.024048 0.734375 0.434028 0.104688 0.143056 2 0.013588 0.913281 0.625 0.046875 0.094444 10 0.013023 0.893359 0.911806 0.127344 0.176389 1 0.012871 0.196484 0.704861 0.035156 0.073611 4 0.012825 0.35 0.589583 0.0875 0.134722 3 0.012527 0.991797 0.901389 0.016406 0.152778 10 0.011246 0.019141 0.610417 0.038281 0.168056 0 0.009933 0.587109 0.447917 0.014844 0.040278 6 0.008675 0.726953 0.488889 0.025781 0.080556 0 0.008255 0.276172 0.441667 0.019531 0.05 3 0.008255 0.980469 0.745139 0.0375 0.098611 10 0.006413 0.525391 0.316667 0.058594 0.086111 3 0.0056 0.988281 0.7375 0.021875 0.1 0 0.005344 0.122266 0.547917 0.167969 0.190278 10 0.004925 0.980859 0.739583 0.036719 0.359722 3 0.004887 0.253516 0.984028 0.113281 0.031944 10 0.003796 0.025 0.588889 0.05 0.291667 12 0.003693 0.955469 0.999306 0.089063 0.001389 0 0.003593 0.914453 0.5375 0.027344 0.063889 0 0.003088 0.264844 0.458333 0.023438 0.047222 0 0.00259 0.259375 0.468056 0.01875 0.058333 6 0.002314 0.96875 0.940278 0.0625 0.119444 3 0.002165 0.751172 0.663889 0.055469 0.113889 0 0.001942 0.171875 0.584028 0.028125 0.059722 0 0.001803 0.262109 0.479167 0.024219 0.061111 2 0.001623 0.972266 0.940972 0.053906 0.115278 1 0.001444 0.586328 0.440278 0.016406 0.05 10 0.001421 0.100391 0.522222 0.149219 0.175 6 0.00141 0.35 0.588194 0.0875 0.131944 11 0.00126 0.896484 0.908333 0.138281 0.183333 10 0.001249 0.767969 0.743056 0.090625 0.233333 1 0.001134 0.598828 0.538194 0.019531 0.051389 7 0.001073 0.639062 0.407639 0.01875 0.054167 3 0.001008 0.043359 0.78125 0.086719 0.243056 10 0.000981 0.982812 0.635417 0.034375 0.248611 0 0.000978 0.994141 0.684028 0.011719 0.118056 3 0.000962 0.991797 0.375694 0.016406 0.098611 12 0.000922 0.959766 0.994444 0.078906 0.011111 10 0.000904 0.988281 0.899306 0.023438 0.201389 2 0.00089 0.804297 0.772222 0.025781 0.061111 1 0.000883 0.484375 0.665972 0.017188 0.029167 0 0.000823 0.638281 0.410417 0.017188 0.051389 1 0.00082 0.579688 0.475694 0.014063 0.048611 10 0.000785 0.043359 0.725 0.086719 0.413889 3 0.00073 0.746484 0.633333 0.032031 0.058333 4 0.000715 0.800781 0.763194 0.029687 0.076389 2 0.000661 0.728125 0.344444 0.020313 0.044444 3 0.000641 0.274609 0.992361 0.122656 0.015278 1 0.000621 0.287891 0.73125 0.024219 0.051389 2 0.000548 0.629687 0.094444 0.029687 0.058333 10 0.000524 0.99375 0.363889 0.0125 0.130556 3 0.000519 0.008594 0.254861 0.017188 0.048611
CCTV01^20260318-110000-20260318-120000_000629,5 0.908203 0.524609 0.877778 0.064844 0.188889 6 0.895508 0.794531 0.414583 0.051562 0.109722 10 0.88623 0.671484 0.583333 0.108594 0.263889 9 0.861328 0.346484 0.897917 0.072656 0.151389 10 0.854004 0.621484 0.372917 0.041406 0.123611 10 0.831543 0.777734 0.845139 0.161719 0.309722 10 0.818359 0.298828 0.50625 0.139844 0.168056 3 0.81543 0.271484 0.916667 0.067969 0.155556 10 0.806152 0.901953 0.75 0.196094 0.344444 3 0.792969 0.326953 0.654167 0.058594 0.088889 12 0.779785 0.485547 0.432639 0.046094 0.084722 3 0.778809 0.323828 0.565972 0.057031 0.065278 3 0.766113 0.213672 0.856944 0.077344 0.138889 10 0.740234 0.778125 0.578472 0.09375 0.215278 3 0.728027 0.148438 0.836111 0.078125 0.111111 3 0.725098 0.374219 0.546528 0.046875 0.065278 5 0.699219 0.294922 0.760417 0.058594 0.1375 2 0.673828 0.174219 0.673611 0.040625 0.088889 5 0.57373 0.410547 0.469444 0.060156 0.075 2 0.565918 0.214062 0.613194 0.03125 0.073611 3 0.563965 0.253516 0.724306 0.067969 0.118056 10 0.540039 0.694531 0.488889 0.0875 0.186111 3 0.529297 0.210938 0.709028 0.064062 0.093056 10 0.521484 0.682031 0.376389 0.057813 0.130556 3 0.405518 0.4625 0.490278 0.042188 0.044444 10 0.389648 0.019922 0.656944 0.039844 0.252778 3 0.265869 0.430078 0.434722 0.038281 0.036111 1 0.246582 0.508984 0.465972 0.019531 0.045833 10 0.205566 0.125781 0.554861 0.157812 0.193056 5 0.12085 0.403516 0.550694 0.032031 0.065278 10 0.11676 0.5 0.363194 0.073438 0.106944 0 0.106323 0.006641 0.872222 0.013281 0.152778 5 0.068054 0.969922 0.940278 0.060156 0.119444 0 0.050903 0.849609 0.877778 0.032031 0.080556 3 0.046539 0.738281 0.623611 0.034375 0.066667 10 0.03186 0.010156 0.866667 0.020313 0.266667 1 0.026062 0.575 0.534028 0.017188 0.054167 0 0.024994 0.167969 0.604861 0.0375 0.070833 0 0.021774 0.006641 0.816667 0.013281 0.125 1 0.019348 0.590234 0.516667 0.016406 0.05 3 0.019196 0.006641 0.811111 0.013281 0.113889 0 0.019119 0.893359 0.566667 0.036719 0.072222 3 0.017242 0.760156 0.702083 0.0625 0.131944 10 0.015778 0.098828 0.51875 0.146094 0.176389 3 0.013901 0.008203 0.259722 0.016406 0.036111 10 0.013222 0.022656 0.591667 0.045312 0.247222 8 0.012482 0.008984 0.872917 0.017969 0.151389 10 0.010406 0.015234 0.604167 0.030469 0.158333 2 0.008186 0.969922 0.942361 0.058594 0.115278 2 0.007519 0.992969 0.902778 0.014063 0.175 0 0.006958 0.590625 0.510417 0.01875 0.051389 1 0.006668 0.055859 0.774306 0.024219 0.076389 5 0.00605 0.009375 0.816667 0.01875 0.130556 0 0.00605 0.008984 0.845833 0.017969 0.183333 1 0.00547 0.441016 0.395139 0.016406 0.034722 1 0.005219 0.369922 0.499306 0.025781 0.045833 3 0.004681 0.908594 0.955556 0.101562 0.088889 0 0.004646 0.121875 0.551389 0.1625 0.194444 1 0.004116 0.071484 0.975694 0.032031 0.045833 9 0.004086 0.403906 0.55 0.032813 0.063889 5 0.003824 0.909766 0.955556 0.103906 0.088889 3 0.003679 0.758203 0.665972 0.057031 0.059722 1 0.003651 0.598437 0.527778 0.021875 0.055556 10 0.00358 0.019922 0.847917 0.039844 0.304167 3 0.003483 0.403125 0.55 0.03125 0.063889 10 0.003469 0.733984 0.847222 0.067969 0.302778 3 0.003443 0.384766 0.377083 0.024219 0.043056 10 0.003443 0.957031 0.75 0.085938 0.338889 1 0.003075 0.503125 0.457639 0.01875 0.045833 10 0.002981 0.664453 0.318056 0.035156 0.097222 2 0.00255 0.989453 0.859028 0.021094 0.281944 10 0.002378 0.976172 0.750694 0.047656 0.351389 12 0.00214 0.959375 0.999306 0.08125 0.001389 3 0.002003 0.617188 0.258333 0.017188 0.044444 0 0.001987 0.577344 0.524306 0.015625 0.045833 0 0.001707 0.969922 0.941667 0.058594 0.116667 1 0.001636 0.376172 0.583333 0.024219 0.047222 10 0.001579 0.993359 0.341667 0.013281 0.158333 3 0.001372 0.139063 0.943056 0.132812 0.113889 10 0.001367 0.976953 0.652083 0.046094 0.298611 1 0.001335 0.684375 0.770833 0.023438 0.080556 2 0.001265 0.010937 0.836111 0.021875 0.327778 1 0.001184 0.84375 0.559722 0.025 0.058333 3 0.001151 0.011719 0.658333 0.023438 0.066667 10 0.001147 0.988281 0.790972 0.023438 0.418056 3 0.001081 0.005469 0.270139 0.010937 0.056944 1 0.001044 0.908594 0.878472 0.025 0.068056 3 0.000985 0.635547 0.267361 0.014844 0.034722 3 0.00089 0.545312 0.380556 0.021875 0.044444 5 0.00089 0.142187 0.940278 0.126562 0.108333 3 0.000883 0.622656 0.286806 0.01875 0.034722 0 0.000863 0.540625 0.433333 0.01875 0.041667 0 0.000804 0.33125 0.843056 0.035937 0.063889 1 0.000779 0.603516 0.543056 0.017969 0.047222 3 0.000776 0.980469 0.579861 0.039062 0.154167 5 0.000776 0.760547 0.702083 0.066406 0.131944 0 0.000667 0.346094 0.400694 0.021875 0.043056 3 0.000661 0.841406 0.881944 0.04375 0.108333 10 0.000651 0.796875 0.754167 0.132812 0.319444 10 0.000636 0.989453 0.863194 0.021094 0.254167 10 0.000607 0.984766 0.609722 0.030469 0.255556 10 0.000602 0.763672 0.760417 0.078906 0.243056 10 0.000596 0.966406 0.942361 0.067187 0.115278 10 0.00057 0.99375 0.529861 0.0125 0.143056 1 0.000559 0.009766 0.886806 0.019531 0.154167 6 0.000557 0.954688 0.943056 0.090625 0.113889 0 0.000553 0.162109 0.633333 0.033594 0.069444 3 0.000553 0.005078 0.7875 0.010156 0.111111 1 0.000548 0.080859 0.685417 0.025781 0.084722 6 0.000524 0.760938 0.704167 0.06875 0.133333 1 0.000521 0.483594 0.665972 0.01875 0.029167 1 0.000521 0.00625 0.915278 0.0125 0.144444 12 0.000511 0.929297 0.954861 0.141406 0.090278 10 0.000501 0.014844 0.739583 0.029687 0.326389
CCTV01^20260318-110000-20260318-120000_000633,5 0.901855 0.523828 0.879167 0.064844 0.188889 10 0.87207 0.701953 0.68125 0.124219 0.326389 10 0.833984 0.902734 0.765278 0.194531 0.369444 3 0.824219 0.245703 0.890972 0.061719 0.143056 12 0.823242 0.248438 0.656944 0.089063 0.15 3 0.801758 0.344531 0.472222 0.040625 0.055556 3 0.801758 0.378906 0.500694 0.04375 0.056944 5 0.790527 0.744141 0.91875 0.064844 0.159722 3 0.786621 0.311719 0.536111 0.053125 0.063889 10 0.782715 0.626172 0.396528 0.049219 0.1375 2 0.78125 0.819531 0.946528 0.053125 0.104167 9 0.766113 0.295703 0.783333 0.069531 0.127778 3 0.757812 0.869141 0.899306 0.088281 0.1625 10 0.748535 0.123438 0.845139 0.171875 0.309722 3 0.725098 0.313281 0.690278 0.057813 0.105556 10 0.711426 0.720703 0.559028 0.099219 0.243056 5 0.705566 0.464844 0.421528 0.045312 0.0625 3 0.704102 0.393359 0.447222 0.027344 0.052778 3 0.699219 0.332422 0.575 0.060156 0.075 3 0.684082 0.493359 0.445833 0.036719 0.05 6 0.665527 0.858594 0.526389 0.089063 0.163889 10 0.614258 0.068359 0.740278 0.136719 0.297222 0 0.609375 0.258594 0.5125 0.023438 0.058333 3 0.550781 0.419922 0.484028 0.041406 0.056944 5 0.544922 0.375 0.582639 0.071875 0.084722 3 0.539062 0.46875 0.477778 0.045312 0.055556 3 0.451416 0.627344 0.520833 0.032813 0.061111 10 0.449463 0.725781 0.4375 0.1125 0.175 10 0.386719 0.019531 0.703472 0.039062 0.345833 10 0.368408 0.78125 0.576389 0.085938 0.208333 10 0.346924 0.464453 0.366667 0.083594 0.1 12 0.182373 0.660937 0.470139 0.028125 0.081944 7 0.17334 0.660156 0.46875 0.026562 0.084722 10 0.154541 0.125781 0.550694 0.160938 0.184722 0 0.090393 0.986328 0.658333 0.025781 0.066667 1 0.082703 0.333984 0.390278 0.017969 0.05 3 0.074219 0.464453 0.420833 0.044531 0.061111 10 0.07135 0.672266 0.356944 0.041406 0.111111 0 0.062317 0.605078 0.528472 0.016406 0.051389 0 0.060303 0.608594 0.538889 0.023438 0.058333 5 0.03949 0.979297 0.964583 0.041406 0.070833 12 0.033722 0.507422 0.39375 0.035156 0.073611 10 0.029648 0.101172 0.519444 0.150781 0.177778 1 0.027695 0.605078 0.525694 0.016406 0.048611 1 0.02298 0.390625 0.816667 0.023438 0.075 0 0.021362 0.184375 0.555556 0.035937 0.075 1 0.02034 0.612109 0.563194 0.025781 0.068056 5 0.01799 0.966797 0.961806 0.064844 0.076389 0 0.0149 0.611328 0.554167 0.025781 0.069444 10 0.014282 0.017188 0.614583 0.034375 0.256944 1 0.014008 0.613281 0.577778 0.023438 0.05 2 0.012573 0.361328 0.376389 0.021094 0.05 0 0.012428 0.362891 0.411111 0.017969 0.041667 3 0.011826 0.008203 0.259722 0.016406 0.033333 10 0.008987 0.534375 0.327778 0.054688 0.094444 1 0.006958 0.362109 0.40625 0.019531 0.045833 0 0.004982 0.989453 0.675 0.021094 0.116667 2 0.004383 0.636328 0.099306 0.046094 0.079167 0 0.0042 0.121875 0.548611 0.1625 0.188889 3 0.003565 0.619141 0.260417 0.016406 0.0375 1 0.002823 0.386328 0.413194 0.013281 0.029167 0 0.002405 0.515234 0.476389 0.017969 0.041667 2 0.002342 0.71875 0.318056 0.015625 0.036111 10 0.002243 0.015625 0.595139 0.03125 0.123611 2 0.002209 0.849609 0.998611 0.089844 0.002778 10 0.002125 0.979297 0.716667 0.041406 0.341667 3 0.001987 0.621484 0.288889 0.021094 0.038889 0 0.001942 0.257812 0.494444 0.020313 0.072222 10 0.001942 0.962109 0.997222 0.074219 0.005556 5 0.001597 0.988281 0.963194 0.023438 0.073611 0 0.001346 0.617969 0.546528 0.028125 0.076389 1 0.001346 0.620313 0.585417 0.020313 0.048611 3 0.001294 0.005469 0.270139 0.010937 0.056944 2 0.001221 0.738281 0.340278 0.01875 0.041667 1 0.000966 0.513281 0.477778 0.021875 0.044444 12 0.000883 0.951562 0.999306 0.096875 0.001389 2 0.000869 0.974609 0.961806 0.050781 0.076389 1 0.000849 0.408984 0.502778 0.021094 0.047222 10 0.000807 0.96875 0.765278 0.0625 0.411111 0 0.000782 0.257422 0.471528 0.016406 0.045833 11 0.000782 0.018359 0.777083 0.036719 0.359722 1 0.000779 0.375 0.415972 0.017188 0.0375 1 0.000779 0.538672 0.429167 0.019531 0.05 10 0.000744 0.989844 0.432639 0.01875 0.131944 4 0.000744 0.641406 0.553472 0.028125 0.084722 3 0.000721 0.640234 0.3 0.016406 0.036111 10 0.00071 0.947266 0.741667 0.105469 0.347222 1 0.000699 0.659766 0.477778 0.025781 0.075 12 0.000597 0.457031 0.286806 0.032813 0.059722 10 0.000597 0.037891 0.6875 0.074219 0.325 3 0.000593 0.497266 0.48125 0.036719 0.054167 1 0.000532 0.483594 0.665972 0.01875 0.029167 10 0.00053 0.979688 0.961111 0.040625 0.077778 0 0.000525 0.995313 0.715278 0.009375 0.147222
CCTV01^20260318-110000-20260318-120000_000637,10 0.891602 0.828516 0.774306 0.188281 0.384722 12 0.867188 0.330469 0.523611 0.071875 0.1 10 0.834473 0.655469 0.502083 0.075 0.193056 12 0.823242 0.716406 0.841667 0.057813 0.166667 3 0.812988 0.278516 0.713194 0.055469 0.098611 3 0.804199 0.391797 0.497222 0.046094 0.058333 3 0.801758 0.392188 0.456944 0.04375 0.047222 10 0.774414 0.332813 0.439583 0.104688 0.131944 3 0.747559 0.708203 0.726389 0.053906 0.1 3 0.746094 0.344922 0.625 0.049219 0.088889 3 0.71875 0.266797 0.895833 0.077344 0.163889 5 0.710449 0.488281 0.390278 0.032813 0.058333 3 0.697754 0.489453 0.444444 0.038281 0.058333 3 0.611328 0.524219 0.878472 0.064062 0.190278 3 0.571777 0.514062 0.404861 0.028125 0.045833 12 0.556641 0.722266 0.616667 0.046094 0.125 1 0.542969 0.671484 0.895139 0.030469 0.093056 1 0.537109 0.261719 0.784028 0.032813 0.073611 3 0.505859 0.437109 0.454167 0.038281 0.058333 10 0.505859 0.945312 0.842361 0.107813 0.315278 10 0.505859 0.113672 0.852083 0.211719 0.295833 1 0.484375 0.658594 0.798611 0.028125 0.097222 2 0.480469 0.255469 0.527778 0.028125 0.063889 5 0.476562 0.524219 0.877778 0.065625 0.191667 3 0.44165 0.44375 0.419444 0.039062 0.041667 3 0.394287 0.454297 0.493056 0.046094 0.044444 0 0.388672 0.658594 0.798611 0.028125 0.094444 7 0.343262 0.722266 0.618056 0.044531 0.125 5 0.338135 0.751953 0.538194 0.047656 0.0875 10 0.336426 0.134375 0.614583 0.176563 0.245833 1 0.324219 0.259766 0.639583 0.025781 0.059722 3 0.289307 0.446094 0.390972 0.040625 0.034722 10 0.2323 0.148828 0.722222 0.199219 0.25 9 0.190674 0.3 0.602778 0.05625 0.094444 1 0.180054 0.665625 0.686806 0.025 0.076389 10 0.168823 0.020313 0.647222 0.040625 0.238889 9 0.139893 0.151562 0.728472 0.198437 0.254167 7 0.138428 0.715234 0.840972 0.055469 0.1625 3 0.115967 0.611328 0.396528 0.021094 0.054167 10 0.075867 0.732422 0.444444 0.113281 0.155556 9 0.059875 0.132422 0.614583 0.177344 0.248611 7 0.054993 0.301563 0.603472 0.059375 0.095833 0 0.048859 0.260547 0.584722 0.025781 0.061111 10 0.044678 0.024609 0.881944 0.049219 0.236111 5 0.031982 0.408594 0.543056 0.051562 0.088889 1 0.028015 0.651563 0.950694 0.025 0.0625 2 0.024796 0.259375 0.580556 0.025 0.063889 6 0.021454 0.025391 0.881944 0.050781 0.236111 10 0.020798 0.506641 0.332639 0.066406 0.0875 11 0.016586 0.525781 0.359028 0.035937 0.065278 10 0.015488 0.678125 0.358333 0.053125 0.119444 2 0.012871 0.981641 0.969444 0.036719 0.061111 10 0.009521 0.9 0.617361 0.154688 0.254167 3 0.009056 0.008203 0.254167 0.016406 0.038889 3 0.00885 0.646875 0.282639 0.017188 0.029167 3 0.008286 0.619922 0.363889 0.021094 0.05 3 0.007668 0.641016 0.348611 0.021094 0.05 6 0.006462 0.178906 0.695833 0.139063 0.2 10 0.005867 0.110547 0.528472 0.167969 0.195833 3 0.00481 0.523438 0.360417 0.035937 0.065278 0 0.00452 0.665234 0.686111 0.024219 0.075 5 0.004101 0.674609 0.447917 0.032031 0.073611 10 0.00399 0.626172 0.238889 0.027344 0.069444 1 0.003885 0.686328 0.972917 0.027344 0.051389 1 0.003185 0.674609 0.89375 0.052344 0.098611 1 0.003075 0.540234 0.434722 0.019531 0.038889 0 0.002823 0.328906 0.65625 0.01875 0.048611 10 0.002693 0.832031 0.660417 0.13125 0.206944 3 0.002359 0.456641 0.356944 0.033594 0.047222 0 0.002359 0.127734 0.578472 0.171094 0.209722 11 0.002068 0.013672 0.703472 0.027344 0.148611 4 0.001926 0.457031 0.35 0.035937 0.055556 9 0.001919 0.015234 0.705556 0.030469 0.147222 0 0.001831 0.317188 0.606944 0.092188 0.125 10 0.00181 0.988281 0.7625 0.023438 0.322222 3 0.001675 0.673438 0.447222 0.03125 0.072222 1 0.001585 0.655078 0.940278 0.021094 0.063889 12 0.001554 0.962109 0.997917 0.074219 0.004167 3 0.001484 0.441797 0.441667 0.042969 0.066667 1 0.001421 0.409375 0.429167 0.01875 0.038889 10 0.001421 0.015625 0.6 0.03125 0.152778 2 0.00141 0.016797 0.811111 0.033594 0.102778 2 0.00133 0.969922 0.965278 0.060156 0.069444 3 0.001325 0.216016 0.982639 0.075781 0.034722 3 0.001294 0.478125 0.303472 0.020313 0.0375 1 0.001124 0.326953 0.659722 0.019531 0.047222 3 0.00104 0.010156 0.809722 0.020313 0.1 2 0.001032 0.006641 0.918056 0.013281 0.094444 3 0.000985 0.614844 0.363194 0.01875 0.043056 3 0.000947 0.432422 0.377778 0.024219 0.041667 10 0.000883 0.994141 0.763889 0.011719 0.130556 12 0.000859 0.525781 0.358333 0.035937 0.066667 0 0.000849 0.540234 0.434028 0.019531 0.040278 3 0.000804 0.333203 0.5 0.061719 0.061111 1 0.000779 0.932813 0.863194 0.029687 0.090278 10 0.000741 0.014453 0.703472 0.028906 0.343056 10 0.000727 0.994141 0.340278 0.011719 0.161111 2 0.000721 0.946875 0.968056 0.10625 0.063889 3 0.000712 0.519531 0.411806 0.032813 0.048611 10 0.000659 0.016797 0.833333 0.033594 0.333333 1 0.000588 0.328906 0.680556 0.017188 0.066667 2 0.00057 0.636719 0.1 0.048438 0.080556 12 0.000564 0.967578 0.969444 0.064844 0.061111 10 0.000557 0.980469 0.954167 0.039062 0.091667 3 0.000536 0.616797 0.352778 0.022656 0.047222
CCTV01^20260318-110000-20260318-120000_000641,10 0.888184 0.840234 0.788194 0.191406 0.390278 10 0.850586 0.7 0.686111 0.115625 0.313889 10 0.839355 0.221094 0.706944 0.159375 0.305556 12 0.810547 0.391406 0.465278 0.065625 0.094444 10 0.719238 0.069922 0.824306 0.139844 0.351389 5 0.673828 0.524219 0.877778 0.067187 0.191667 5 0.613281 0.292578 0.732639 0.071094 0.143056 3 0.600098 0.630859 0.4875 0.035156 0.069444 5 0.550781 0.344922 0.622917 0.053906 0.098611 1 0.507812 0.323047 0.795139 0.028906 0.0875 10 0.503906 0.696094 0.413194 0.060937 0.145833 1 0.46875 0.361328 0.917361 0.033594 0.098611 10 0.391357 0.422656 0.372917 0.104688 0.104167 3 0.375732 0.669141 0.482639 0.038281 0.065278 5 0.352295 0.479297 0.455556 0.039844 0.069444 5 0.312256 0.728906 0.510417 0.057813 0.0875 10 0.281494 0.321875 0.498611 0.075 0.133333 10 0.238647 0.019922 0.647917 0.039844 0.234722 3 0.210815 0.729297 0.511111 0.060156 0.086111 3 0.196777 0.633203 0.444444 0.030469 0.047222 10 0.194946 0.9375 0.758333 0.123438 0.4 3 0.146118 0.441016 0.446528 0.039844 0.051389 3 0.142212 0.398438 0.559722 0.039062 0.066667 3 0.138428 0.515625 0.392361 0.029687 0.048611 3 0.129395 0.620313 0.408333 0.028125 0.055556 5 0.123779 0.243359 0.906944 0.105469 0.186111 10 0.099487 0.629687 0.307639 0.029687 0.090278 3 0.088806 0.632422 0.458333 0.033594 0.055556 11 0.086914 0.359375 0.536111 0.054688 0.083333 10 0.076111 0.105078 0.894444 0.185156 0.211111 3 0.070801 0.5 0.422917 0.029687 0.045833 3 0.066345 0.619922 0.36875 0.022656 0.0375 3 0.052429 0.452344 0.49375 0.039062 0.040278 5 0.051453 0.764844 0.573611 0.048438 0.077778 6 0.047791 0.24375 0.90625 0.104688 0.1875 5 0.041626 0.514062 0.352778 0.03125 0.041667 3 0.033722 0.479297 0.452083 0.038281 0.065278 9 0.030106 0.359375 0.5375 0.053125 0.083333 7 0.028336 0.358984 0.536806 0.055469 0.084722 3 0.026657 0.487891 0.385417 0.027344 0.034722 3 0.025467 0.764453 0.575 0.047656 0.080556 3 0.025269 0.748828 0.396528 0.030469 0.051389 3 0.023514 0.533594 0.367361 0.020313 0.040278 9 0.021942 0.213281 0.609722 0.171875 0.233333 3 0.020721 0.436719 0.423611 0.039062 0.044444 3 0.017441 0.513672 0.352778 0.028906 0.041667 10 0.014839 0.821484 0.53125 0.122656 0.195833 3 0.014557 0.651563 0.414583 0.028125 0.0625 2 0.013634 0.652734 0.413889 0.027344 0.058333 4 0.013634 0.799609 0.974306 0.069531 0.051389 10 0.012527 0.214453 0.604861 0.174219 0.234722 3 0.01133 0.468359 0.409028 0.033594 0.040278 3 0.008949 0.008594 0.259028 0.017188 0.0375 0 0.008614 0.120703 0.558333 0.150781 0.188889 11 0.007694 0.013672 0.709722 0.027344 0.169444 3 0.00729 0.242578 0.906944 0.099219 0.183333 10 0.006905 0.019531 0.770833 0.039062 0.433333 1 0.006462 0.504297 0.467361 0.016406 0.043056 3 0.006191 0.664453 0.545139 0.039844 0.0875 9 0.005642 0.799609 0.972917 0.074219 0.054167 9 0.005241 0.014063 0.709028 0.028125 0.156944 3 0.004467 0.436328 0.4125 0.035156 0.030556 2 0.00396 0.00625 0.936806 0.0125 0.126389 1 0.003708 0.329297 0.657639 0.022656 0.051389 12 0.003708 0.784766 0.98125 0.130469 0.0375 2 0.00358 0.981641 0.96875 0.036719 0.0625 4 0.003052 0.780078 0.38125 0.028906 0.059722 0 0.003004 0.820703 0.534722 0.122656 0.197222 2 0.00289 0.010156 0.919444 0.020313 0.161111 2 0.002768 0.483984 0.365278 0.028906 0.038889 0 0.002672 0.214062 0.602083 0.173437 0.234722 4 0.002481 0.014844 0.692361 0.028125 0.120833 3 0.0021 0.646875 0.4 0.023438 0.061111 10 0.00209 0.994141 0.334028 0.011719 0.176389 3 0.001904 0.780078 0.381944 0.032031 0.063889 7 0.001668 0.798828 0.973611 0.077344 0.052778 1 0.001467 0.361328 0.947917 0.033594 0.056944 10 0.001274 0.857031 0.701389 0.228125 0.230556 10 0.001249 0.100391 0.522917 0.149219 0.173611 5 0.001099 0.980859 0.96875 0.036719 0.0625 1 0.001081 0.277344 0.803472 0.029687 0.0625 4 0.001032 0.416016 0.418056 0.025781 0.036111 10 0.001032 0.015234 0.595139 0.030469 0.123611 1 0.000978 0.00625 0.938194 0.0125 0.115278 3 0.000962 0.487891 0.370833 0.028906 0.038889 10 0.000933 0.980469 0.679861 0.039062 0.301389 3 0.000859 0.662109 0.183333 0.013281 0.022222 12 0.000856 0.8 0.972917 0.076563 0.054167 5 0.000836 0.994141 0.947222 0.011719 0.097222 3 0.000826 0.667578 0.334028 0.021094 0.043056 6 0.000817 0.780078 0.381944 0.030469 0.061111 9 0.000817 0.780078 0.973611 0.128906 0.052778 5 0.000792 0.972266 0.968056 0.055469 0.063889 10 0.000773 0.948047 0.997917 0.103906 0.004167 12 0.000773 0.964063 0.998611 0.071875 0.002778 7 0.000738 0.014453 0.685417 0.027344 0.106944 4 0.000732 0.359375 0.536111 0.051562 0.080556 3 0.000696 0.005469 0.269444 0.010937 0.058333 2 0.000584 0.941406 0.999306 0.115625 0.001389 10 0.000579 0.032813 0.667361 0.060937 0.2625 3 0.000577 0.646484 0.3875 0.021094 0.041667 12 0.000527 0.950781 0.999306 0.098437 0.001389 0 0.000524 0.192969 0.547917 0.2 0.198611 10 0.000511 0.994141 0.805556 0.011719 0.208333 10 0.000509 0.173437 0.545833 0.245312 0.205556 1 0.000504 0.330078 0.797222 0.057031 0.1
CCTV01^20260318-110000-20260318-120000_000645,12 0.921387 0.345313 0.835417 0.064062 0.145833 10 0.913574 0.838281 0.789583 0.196875 0.393056 10 0.907227 0.698047 0.435417 0.050781 0.170833 3 0.858887 0.715625 0.834028 0.067187 0.156944 3 0.838867 0.667188 0.624306 0.046875 0.093056 3 0.837402 0.650391 0.551389 0.044531 0.075 3 0.800781 0.710938 0.665972 0.048438 0.123611 10 0.794434 0.627344 0.377083 0.042188 0.145833 10 0.784668 0.264453 0.630556 0.149219 0.241667 5 0.777344 0.523438 0.877778 0.067187 0.188889 3 0.763672 0.642969 0.502083 0.0375 0.059722 10 0.737793 0.133984 0.8375 0.189844 0.316667 12 0.729492 0.423047 0.435417 0.060156 0.090278 3 0.705566 0.707031 0.565972 0.048438 0.079167 5 0.569824 0.486328 0.438889 0.036719 0.063889 5 0.488281 0.330469 0.650694 0.064062 0.115278 10 0.460938 0.334766 0.472222 0.105469 0.158333 0 0.460938 0.313672 0.940278 0.028906 0.083333 6 0.434082 0.253125 0.865972 0.09375 0.265278 3 0.430176 0.744141 0.527778 0.050781 0.083333 10 0.422607 0.489453 0.330556 0.072656 0.088889 5 0.401611 0.250781 0.890972 0.089063 0.2125 10 0.368408 0.254688 0.863889 0.095312 0.263889 3 0.352295 0.369922 0.561806 0.046094 0.079167 3 0.350342 0.648047 0.465972 0.030469 0.056944 10 0.323486 0.943359 0.802083 0.113281 0.365278 3 0.309082 0.464844 0.482639 0.048438 0.054167 10 0.256836 0.021094 0.641667 0.042188 0.219444 12 0.256836 0.044922 0.822917 0.089844 0.170833 10 0.229492 0.834375 0.561111 0.120313 0.222222 5 0.181274 0.370312 0.561111 0.046875 0.080556 3 0.177856 0.765625 0.477778 0.026562 0.061111 1 0.172729 0.507031 0.467361 0.017188 0.043056 10 0.151978 0.155469 0.654861 0.198437 0.265278 5 0.124634 0.649219 0.325694 0.023438 0.048611 9 0.123779 0.04375 0.819444 0.085938 0.158333 7 0.092041 0.385156 0.495833 0.045312 0.072222 3 0.064392 0.486328 0.417361 0.046094 0.048611 3 0.05481 0.669141 0.338194 0.021094 0.034722 3 0.051086 0.484375 0.4 0.051562 0.05 4 0.049408 0.385156 0.495139 0.045312 0.070833 1 0.045013 0.319922 0.750694 0.022656 0.068056 3 0.039062 0.670312 0.369444 0.01875 0.047222 3 0.029755 0.767578 0.577083 0.046094 0.070833 11 0.029419 0.0375 0.822222 0.075 0.172222 3 0.026459 0.524609 0.377778 0.030469 0.041667 9 0.024612 0.162109 0.644444 0.191406 0.236111 11 0.018188 0.385156 0.496528 0.046875 0.070833 3 0.017044 0.507031 0.415278 0.023438 0.038889 10 0.015427 0.148828 0.727083 0.186719 0.204167 7 0.014671 0.013281 0.675 0.026562 0.091667 2 0.012924 0.648438 0.465972 0.03125 0.056944 1 0.012871 0.310156 0.866667 0.020313 0.072222 10 0.011826 0.249219 0.484028 0.125 0.154167 0 0.009636 0.014453 0.675 0.027344 0.086111 1 0.008919 0.0125 0.920833 0.025 0.088889 4 0.008644 0.013672 0.677778 0.027344 0.097222 2 0.008476 0.738281 0.375 0.01875 0.038889 2 0.007488 0.798438 0.427083 0.029687 0.054167 10 0.006218 0.014844 0.602083 0.029687 0.154167 10 0.006191 0.122266 0.5625 0.152344 0.208333 0 0.005959 0.304688 0.751389 0.021875 0.069444 5 0.005821 0.478516 0.394444 0.047656 0.05 4 0.005775 0.023047 0.963889 0.044531 0.072222 10 0.005428 0.101562 0.520139 0.153125 0.179167 3 0.005039 0.644922 0.482639 0.033594 0.059722 3 0.003914 0.008203 0.257639 0.016406 0.0375 2 0.003914 0.014453 0.926389 0.028906 0.1 0 0.003483 0.121875 0.561806 0.153125 0.204167 5 0.002993 0.523438 0.380556 0.03125 0.047222 1 0.002924 0.020703 0.954167 0.041406 0.086111 3 0.002663 0.020313 0.964583 0.040625 0.070833 5 0.002434 0.767578 0.575694 0.046094 0.068056 0 0.002398 0.308984 0.865278 0.019531 0.075 12 0.00215 0.290625 0.997222 0.101562 0.005556 0 0.00202 0.773047 0.432639 0.017969 0.043056 2 0.001995 0.5375 0.397917 0.017188 0.0375 10 0.001949 0.058594 0.815278 0.117188 0.213889 3 0.001818 0.614844 0.222222 0.014063 0.027778 12 0.001782 0.085938 0.820833 0.171875 0.194444 1 0.001768 0.539062 0.433333 0.017188 0.041667 1 0.001755 0.310547 0.742361 0.028906 0.076389 10 0.001741 0.994531 0.336111 0.010937 0.180556 10 0.001536 0.012109 0.696528 0.024219 0.201389 5 0.00141 0.981641 0.96875 0.036719 0.0625 10 0.001399 0.972656 0.967361 0.053125 0.065278 10 0.001399 0.914453 0.726389 0.171094 0.247222 10 0.001351 0.987891 0.665278 0.024219 0.272222 2 0.0013 0.019531 0.947222 0.039062 0.102778 3 0.001285 0.407031 0.545139 0.021875 0.054167 1 0.001255 0.305859 0.858333 0.016406 0.069444 2 0.00123 0.530469 0.397222 0.01875 0.038889 1 0.001216 0.502734 0.473611 0.021094 0.041667 3 0.001197 0.020703 0.597917 0.041406 0.1125 1 0.001116 0.484375 0.666667 0.017188 0.027778 10 0.001116 0.965625 0.997917 0.067187 0.004167 2 0.001065 0.752344 0.3375 0.020313 0.038889 3 0.001032 0.475 0.393056 0.042188 0.047222 1 0.001004 0.312891 0.934028 0.027344 0.079167 0 0.000981 0.774219 0.388194 0.01875 0.048611 10 0.000962 0.658594 0.275 0.029687 0.061111 0 0.000951 0.310547 0.922917 0.024219 0.079167 10 0.000947 0.389453 0.395833 0.053906 0.083333 4 0.0009 0.980859 0.96875 0.036719 0.0625 1 0.00089 0.296875 0.714583 0.029687 0.079167 10 0.00089 0.990625 0.602778 0.01875 0.216667 0 0.000883 0.751172 0.404861 0.017969 0.048611 1 0.000779 0.658984 0.40625 0.014844 0.045833 6 0.000773 0.744141 0.259028 0.039844 0.073611 0 0.000732 0.728906 0.341667 0.01875 0.041667 10 0.000707 0.983203 0.934028 0.032031 0.131944 3 0.000677 0.484766 0.438889 0.038281 0.063889 1 0.000672 0.301953 0.734722 0.027344 0.088889 2 0.000667 0.960547 0.95 0.078906 0.1 2 0.000619 0.978516 0.959722 0.042969 0.080556 10 0.000617 0.023828 0.873611 0.047656 0.25 12 0.000612 0.958203 0.999306 0.083594 0.001389 11 0.000602 0.021094 0.603472 0.042188 0.123611 10 0.000596 0.041406 0.838889 0.082812 0.305556 10 0.000553 0.017969 0.729861 0.035937 0.248611 3 0.000538 0.679297 0.234028 0.017969 0.029167 2 0.00053 0.753516 0.314583 0.017969 0.040278 10 0.000517 0.840234 0.688194 0.174219 0.206944
CCTV01^20260318-110000-20260318-120000_000649,10 0.913086 0.692969 0.491667 0.053125 0.2 10 0.909668 0.837891 0.790278 0.196094 0.391667 10 0.898926 0.196484 0.717361 0.141406 0.320833 10 0.895508 0.636719 0.502083 0.057813 0.201389 12 0.884766 0.330859 0.809722 0.074219 0.130556 3 0.830078 0.727344 0.849306 0.073438 0.154167 5 0.829102 0.524219 0.877778 0.065625 0.191667 6 0.827637 0.295703 0.69375 0.082031 0.201389 3 0.770508 0.683984 0.679167 0.053906 0.113889 10 0.74707 0.383594 0.497917 0.11875 0.170833 3 0.662109 0.250781 0.940972 0.064062 0.115278 3 0.647949 0.464453 0.482639 0.042969 0.045833 2 0.584961 0.039062 0.797917 0.060937 0.106944 3 0.5 0.728125 0.639583 0.0375 0.098611 0 0.486328 0.312891 0.899306 0.039844 0.081944 3 0.472656 0.169141 0.949306 0.071094 0.095833 10 0.34082 0.940234 0.811806 0.119531 0.3625 3 0.297363 0.490234 0.444444 0.038281 0.058333 5 0.282959 0.503906 0.404861 0.032813 0.054167 5 0.188354 0.727734 0.639583 0.038281 0.098611 3 0.169922 0.745313 0.528472 0.048438 0.081944 10 0.127197 0.020313 0.650694 0.040625 0.231944 0 0.101257 0.008984 0.968056 0.017969 0.063889 5 0.090088 0.102344 0.667361 0.085938 0.1125 1 0.087891 0.091797 0.752083 0.027344 0.068056 3 0.067566 0.101953 0.667361 0.086719 0.106944 9 0.06488 0.013281 0.685417 0.026562 0.1125 3 0.059418 0.766406 0.485417 0.028125 0.065278 3 0.058777 0.467969 0.424306 0.034375 0.059722 5 0.053589 0.467969 0.424306 0.034375 0.059722 10 0.051453 0.84375 0.582639 0.123438 0.234722 0 0.048126 0.275391 0.813194 0.027344 0.084722 5 0.042725 0.767578 0.579167 0.041406 0.072222 3 0.032837 0.767578 0.582639 0.042969 0.076389 11 0.029755 0.013281 0.684028 0.026562 0.118056 1 0.029755 0.275 0.813194 0.026562 0.081944 5 0.028015 0.744141 0.527083 0.046094 0.084722 0 0.025757 0.065625 0.902778 0.032813 0.094444 5 0.025269 0.497656 0.4125 0.0375 0.063889 6 0.020493 0.103516 0.668056 0.082031 0.119444 1 0.019943 0.117578 0.745833 0.025781 0.069444 10 0.018799 0.967187 0.81875 0.065625 0.3625 1 0.018478 0.084766 0.74375 0.033594 0.073611 10 0.017578 0.664844 0.302778 0.035937 0.091667 12 0.017578 0.508984 0.335417 0.042969 0.0625 1 0.016342 0.076563 0.734722 0.023438 0.066667 0 0.016098 0.030859 0.723611 0.025781 0.069444 10 0.01519 0.314844 0.50625 0.145313 0.181944 1 0.013069 0.120313 0.861111 0.023438 0.091667 5 0.012825 0.371484 0.966667 0.061719 0.066667 3 0.011642 0.669922 0.372917 0.024219 0.040278 10 0.0112 0.625 0.380556 0.032813 0.097222 0 0.010818 0.119141 0.552083 0.149219 0.1875 1 0.01049 0.343359 0.602083 0.019531 0.048611 3 0.00956 0.741016 0.380556 0.028906 0.052778 3 0.009521 0.371484 0.966667 0.063281 0.066667 3 0.008415 0.527734 0.375694 0.027344 0.043056 1 0.008316 0.101953 0.75 0.039844 0.075 10 0.004265 0.9125 0.754167 0.175 0.263889 1 0.004101 0.296484 0.863194 0.024219 0.059722 2 0.00404 0.030859 0.722917 0.027344 0.068056 3 0.004005 0.5125 0.392361 0.023438 0.048611 3 0.003855 0.008203 0.257639 0.016406 0.040278 10 0.003855 0.738672 0.327778 0.055469 0.088889 10 0.003855 0.427734 0.385417 0.113281 0.120833 3 0.003693 0.632031 0.309722 0.01875 0.036111 1 0.003622 0.304688 0.863889 0.026562 0.058333 1 0.003538 0.294531 0.84375 0.021875 0.0625 3 0.003197 0.64375 0.361111 0.01875 0.052778 10 0.00316 0.013281 0.711806 0.026562 0.234722 0 0.00279 0.019922 0.698611 0.035156 0.105556 4 0.002768 0.727344 0.638889 0.0375 0.1 9 0.002531 0.412891 0.391667 0.078906 0.116667 10 0.002378 0.107813 0.519444 0.15625 0.177778 10 0.002342 0.989453 0.609028 0.021094 0.209722 0 0.002243 0.665625 0.402083 0.020313 0.051389 10 0.002058 0.016016 0.601389 0.032031 0.141667 11 0.001926 0.664453 0.302778 0.033594 0.091667 0 0.001875 0.042188 0.688194 0.03125 0.068056 10 0.001714 0.844922 0.639583 0.138281 0.220833 3 0.001623 0.615625 0.309028 0.020313 0.045833 0 0.001389 0.283594 0.811806 0.034375 0.101389 0 0.00132 0.961719 0.614583 0.048438 0.073611 2 0.001161 0.666016 0.398611 0.019531 0.047222 12 0.001095 0.286719 0.998611 0.1125 0.002778 6 0.00109 0.018359 0.718056 0.036719 0.241667 10 0.001048 0.347266 0.4125 0.105469 0.130556 3 0.001032 0.053125 0.24375 0.025 0.034722 0 0.000978 0.005469 0.951389 0.010937 0.097222 0 0.000962 0.20625 0.540278 0.140625 0.169444 1 0.000789 0.066406 0.90625 0.032813 0.101389 2 0.000762 0.988281 0.591667 0.023438 0.119444 10 0.000762 0.991406 0.528472 0.017188 0.1875 2 0.000755 0.895312 0.559722 0.0375 0.083333 1 0.00071 0.483594 0.872222 0.021875 0.075 10 0.000659 0.103125 0.666667 0.084375 0.113889 1 0.000654 0.268359 0.802083 0.022656 0.073611 5 0.000654 0.35625 0.963194 0.101562 0.073611 1 0.000651 0.307031 0.827083 0.026562 0.106944 10 0.000621 0.326562 0.461806 0.139063 0.190278 3 0.000593 0.987891 0.596528 0.024219 0.104167 2 0.000588 0.049609 0.686806 0.036719 0.068056 1 0.00057 0.337109 0.6 0.024219 0.052778 1 0.000564 0.735938 0.466667 0.023438 0.052778 0 0.000559 0.738281 0.465972 0.023438 0.051389 5 0.000548 0.987109 0.589583 0.025781 0.126389 6 0.00054 0.627734 0.276389 0.019531 0.036111 0 0.000532 0.885547 0.508333 0.024219 0.052778 3 0.000527 0.502734 0.401389 0.032031 0.052778 0 0.000505 0.312109 0.933333 0.035156 0.077778
CCTV01^20260318-110000-20260318-120000_000654,10 0.876465 0.702734 0.507639 0.069531 0.2125 10 0.875488 0.288281 0.59375 0.1625 0.226389 10 0.872559 0.842578 0.790278 0.194531 0.4 3 0.856934 0.255859 0.868056 0.055469 0.125 12 0.830078 0.294141 0.731944 0.063281 0.119444 10 0.825195 0.744141 0.810417 0.155469 0.379167 3 0.803223 0.330469 0.835417 0.06875 0.134722 5 0.773438 0.524609 0.877778 0.066406 0.191667 10 0.72168 0.641406 0.464583 0.048438 0.140278 6 0.708984 0.411719 0.503472 0.079687 0.120833 3 0.679199 0.161328 0.901389 0.069531 0.15 3 0.642578 0.223047 0.764583 0.057031 0.101389 5 0.492188 0.485156 0.448611 0.040625 0.072222 9 0.262939 0.914062 0.709028 0.165625 0.320833 2 0.221313 0.154297 0.682639 0.053906 0.090278 11 0.194336 0.059766 0.814583 0.119531 0.215278 3 0.183594 0.485156 0.448611 0.040625 0.072222 5 0.174438 0.220703 0.957639 0.075781 0.084722 10 0.133911 0.96875 0.894444 0.0625 0.211111 3 0.13208 0.755859 0.518056 0.032031 0.066667 10 0.122498 0.456641 0.411111 0.083594 0.127778 8 0.122498 0.058984 0.813889 0.117969 0.211111 9 0.078613 0.058984 0.815278 0.117969 0.213889 10 0.072632 0.914453 0.704167 0.161719 0.305556 3 0.070557 0.219922 0.957639 0.074219 0.084722 10 0.062561 0.612109 0.391667 0.035156 0.125 10 0.061646 0.411328 0.504167 0.078906 0.122222 3 0.048309 0.508203 0.421528 0.025781 0.043056 10 0.047607 0.664062 0.331944 0.035937 0.097222 7 0.043213 0.059375 0.810417 0.11875 0.195833 3 0.032471 0.769531 0.467361 0.032813 0.070833 3 0.027802 0.008594 0.258333 0.017188 0.041667 3 0.025864 0.766016 0.576389 0.042969 0.063889 6 0.023697 0.769531 0.385417 0.053125 0.109722 10 0.02298 0.286328 0.486806 0.133594 0.165278 3 0.015427 0.623437 0.239583 0.014063 0.029167 5 0.014389 0.522656 0.346528 0.032813 0.043056 2 0.011116 0.979297 0.704167 0.036719 0.077778 2 0.009712 0.073828 0.701389 0.053906 0.077778 0 0.00956 0.407031 0.413194 0.098437 0.131944 10 0.008446 0.125391 0.554861 0.161719 0.193056 7 0.008415 0.013672 0.679861 0.027344 0.104167 10 0.008347 0.769531 0.386111 0.053125 0.111111 3 0.007095 0.518359 0.3875 0.030469 0.047222 5 0.006615 0.217188 0.988889 0.096875 0.022222 8 0.005798 0.340625 0.470833 0.060937 0.069444 5 0.005447 0.517969 0.388889 0.029687 0.047222 4 0.004848 0.012891 0.680556 0.025781 0.102778 3 0.004719 0.801172 0.577083 0.064844 0.098611 5 0.004574 0.200781 0.54375 0.046875 0.068056 5 0.004486 0.769531 0.468056 0.032813 0.072222 0 0.004398 0.125781 0.553472 0.1625 0.193056 10 0.003914 0.016016 0.599306 0.032031 0.131944 3 0.003483 0.200391 0.544444 0.046094 0.069444 3 0.002981 0.991797 0.376389 0.016406 0.091667 5 0.002913 0.800391 0.572917 0.061719 0.090278 2 0.002846 0.990625 0.672917 0.01875 0.1125 10 0.002621 0.020313 0.638889 0.040625 0.261111 3 0.002199 0.673828 0.400694 0.024219 0.051389 10 0.002083 0.522266 0.310417 0.050781 0.070833 0 0.00202 0.196875 0.633333 0.029687 0.069444 0 0.001987 0.986328 0.659722 0.025781 0.088889 9 0.00198 0.011719 0.675694 0.023438 0.095833 0 0.001655 0.379297 0.390972 0.091406 0.115278 10 0.001549 0.984766 0.826389 0.028906 0.347222 10 0.001531 0.985938 0.705556 0.028125 0.272222 2 0.001519 0.986719 0.706944 0.026562 0.102778 10 0.001501 0.978516 0.732639 0.041406 0.301389 12 0.001367 0.057422 0.81875 0.114844 0.265278 10 0.001305 0.994141 0.34375 0.011719 0.148611 10 0.001305 0.015234 0.717361 0.030469 0.329167 3 0.001285 0.614453 0.195139 0.014844 0.034722 6 0.001134 0.70625 0.29375 0.01875 0.043056 3 0.000974 0.619141 0.317361 0.021094 0.043056 10 0.000937 0.40625 0.416667 0.1 0.133333 0 0.000911 0.170313 0.461806 0.159375 0.1375 6 0.000859 0.125781 0.640972 0.059375 0.106944 10 0.00083 0.133984 0.476389 0.161719 0.133333 9 0.000823 0.013672 0.708333 0.027344 0.166667 10 0.00069 0.047656 0.531944 0.095312 0.386111 10 0.000638 0.376563 0.386806 0.092188 0.109722 0 0.000627 0.125781 0.639583 0.059375 0.106944 0 0.000619 0.823047 0.45 0.022656 0.055556 4 0.000612 0.199609 0.544444 0.046094 0.069444 3 0.00057 0.617969 0.288194 0.015625 0.026389 10 0.000551 0.019922 0.779861 0.039844 0.384722 0 0.000525 0.067578 0.6625 0.032031 0.055556 4 0.000509 0.074609 0.758333 0.074219 0.1
CCTV01^20260318-110000-20260318-120000_000658,10 0.895996 0.838281 0.7875 0.196875 0.388889 10 0.885742 0.701172 0.517361 0.060156 0.215278 10 0.844238 0.384766 0.496528 0.122656 0.173611 3 0.831055 0.524609 0.878472 0.064844 0.190278 3 0.817383 0.257812 0.776389 0.051562 0.105556 10 0.744141 0.103125 0.784028 0.204687 0.343056 5 0.720215 0.233984 0.902778 0.077344 0.183333 10 0.708984 0.641016 0.465278 0.047656 0.136111 3 0.686035 0.248828 0.684722 0.055469 0.083333 0 0.65332 0.358594 0.944444 0.046875 0.102778 10 0.521484 0.930078 0.8 0.139844 0.388889 3 0.511719 0.314844 0.724306 0.046875 0.115278 1 0.490234 0.785547 0.9625 0.033594 0.072222 12 0.451416 0.302344 0.622222 0.040625 0.091667 3 0.432129 0.185938 0.808333 0.071875 0.125 5 0.407227 0.49375 0.434722 0.040625 0.066667 3 0.361084 0.493359 0.434722 0.039844 0.066667 11 0.264404 0.261328 0.570833 0.096094 0.130556 3 0.122498 0.517188 0.400694 0.025 0.043056 3 0.113159 0.138672 0.932639 0.097656 0.126389 10 0.08728 0.663281 0.338194 0.0375 0.109722 3 0.05481 0.767188 0.576389 0.04375 0.069444 10 0.04068 0.610156 0.398611 0.03125 0.119444 3 0.035004 0.755859 0.515972 0.027344 0.054167 10 0.030914 0.958203 0.840278 0.083594 0.316667 4 0.02887 0.139063 0.931944 0.095312 0.130556 10 0.028549 0.8125 0.468056 0.065625 0.141667 3 0.028015 0.839453 0.625 0.064844 0.122222 3 0.017914 0.730859 0.648611 0.035156 0.094444 8 0.013901 0.423438 0.399306 0.046875 0.0625 10 0.013329 0.126953 0.553472 0.160156 0.193056 3 0.012527 0.008203 0.256944 0.016406 0.038889 10 0.011963 0.305859 0.463889 0.132031 0.147222 8 0.011551 0.259766 0.563889 0.102344 0.119444 3 0.011162 0.767969 0.397917 0.026562 0.045833 10 0.011032 0.021875 0.711806 0.04375 0.365278 3 0.007149 0.632031 0.372917 0.01875 0.043056 11 0.006489 0.0125 0.704167 0.025 0.186111 4 0.0056 0.769531 0.478472 0.03125 0.068056 1 0.00547 0.694141 0.370833 0.011719 0.036111 10 0.005428 0.019531 0.609028 0.039062 0.151389 3 0.005062 0.61875 0.323611 0.020313 0.038889 5 0.004944 0.469922 0.410417 0.052344 0.090278 11 0.00481 0.609766 0.399306 0.032031 0.120833 4 0.004719 0.783594 0.359722 0.028125 0.055556 6 0.004467 0.783594 0.359028 0.028125 0.051389 3 0.004433 0.769531 0.478472 0.029687 0.065278 0 0.00387 0.126562 0.554861 0.160938 0.195833 3 0.003855 0.674609 0.405556 0.025781 0.052778 10 0.003456 0.463672 0.355556 0.074219 0.086111 3 0.003325 0.053125 0.244444 0.025 0.033333 10 0.002935 0.967187 0.890972 0.065625 0.218056 10 0.002779 0.535156 0.328472 0.064062 0.093056 10 0.002481 0.385156 0.385417 0.1 0.115278 10 0.002314 0.207031 0.45625 0.1625 0.148611 10 0.002174 0.977344 0.729861 0.045312 0.295833 10 0.002068 0.840234 0.646528 0.078906 0.151389 6 0.001912 0.471094 0.411111 0.053125 0.091667 2 0.001796 0.783594 0.359028 0.028125 0.051389 0 0.001675 0.207031 0.451389 0.164062 0.147222 3 0.001103 0.620313 0.290972 0.021875 0.029167 3 0.001048 0.78125 0.547222 0.025 0.047222 5 0.001017 0.314844 0.722917 0.045312 0.1125 0 0.001008 0.784375 0.545833 0.023438 0.047222 4 0.000876 0.469922 0.406944 0.050781 0.083333 1 0.000699 0.515625 0.472222 0.017188 0.038889 0 0.000693 0.871875 0.583333 0.023438 0.052778 3 0.000661 0.434766 0.501389 0.030469 0.05 0 0.000631 0.306641 0.465278 0.130469 0.15 10 0.000605 0.010156 0.586111 0.020313 0.136111 3 0.000548 0.012891 0.365972 0.025781 0.056944 0 0.000521 0.879687 0.56875 0.029687 0.0625 3 0.000509 0.780469 0.532639 0.028125 0.056944
CCTV01^20260318-110000-20260318-120000_000662,10 0.864258 0.700391 0.521528 0.060156 0.226389 3 0.751953 0.524219 0.878472 0.065625 0.190278 10 0.748535 0.182031 0.68125 0.240625 0.2875 10 0.736328 0.885938 0.825 0.228125 0.35 10 0.679199 0.641016 0.465972 0.047656 0.1375 3 0.665527 0.334766 0.638889 0.064844 0.083333 3 0.622559 0.364063 0.860417 0.096875 0.129167 5 0.602051 0.771094 0.599306 0.05 0.109722 5 0.598145 0.259375 0.797917 0.065625 0.154167 10 0.516602 0.451953 0.422917 0.097656 0.129167 3 0.462891 0.380469 0.565972 0.059375 0.065278 3 0.418701 0.748047 0.663194 0.064844 0.104167 4 0.297363 0.304688 0.926389 0.128125 0.147222 3 0.295898 0.805469 0.527778 0.034375 0.072222 4 0.273682 0.038281 0.879861 0.076563 0.148611 1 0.210083 0.298438 0.824306 0.029687 0.076389 11 0.157104 0.353906 0.484722 0.0875 0.111111 0 0.127686 0.311328 0.75 0.033594 0.086111 9 0.114746 0.307422 0.923611 0.132031 0.152778 7 0.096008 0.304297 0.924306 0.124219 0.145833 3 0.075317 0.147266 0.917361 0.097656 0.1375 11 0.073975 0.316797 0.923611 0.116406 0.152778 3 0.06189 0.2375 0.736111 0.084375 0.113889 4 0.055603 0.149219 0.920833 0.090625 0.147222 0 0.041931 0.389062 0.916667 0.04375 0.083333 9 0.039185 0.039844 0.893056 0.079687 0.183333 1 0.037048 0.636328 0.577083 0.016406 0.048611 5 0.034485 0.525 0.375694 0.03125 0.051389 9 0.034485 0.147656 0.922222 0.096875 0.144444 3 0.033722 0.008203 0.255556 0.016406 0.036111 10 0.029205 0.952734 0.836111 0.094531 0.327778 10 0.029083 0.304688 0.460417 0.129688 0.140278 10 0.028656 0.610547 0.4 0.032031 0.119444 0 0.02655 0.417969 0.921528 0.059375 0.101389 6 0.023865 0.878516 0.590972 0.108594 0.190278 3 0.019348 0.755859 0.522917 0.032031 0.065278 1 0.013794 0.809375 0.602778 0.023438 0.075 10 0.013588 0.663281 0.334028 0.0375 0.098611 10 0.009781 0.126953 0.561806 0.158594 0.209722 1 0.009483 0.160547 0.827778 0.030469 0.080556 1 0.008316 0.748828 0.729861 0.025781 0.0875 9 0.008125 0.016797 0.6875 0.033594 0.133333 6 0.007935 0.783984 0.359028 0.030469 0.056944 3 0.007095 0.635547 0.380556 0.022656 0.038889 10 0.007038 0.019141 0.606944 0.038281 0.152778 3 0.006744 0.885156 0.707639 0.057813 0.115278 0 0.006123 0.771484 0.747917 0.024219 0.0875 10 0.00526 0.217578 0.453472 0.160156 0.168056 0 0.005119 0.057813 0.732639 0.029687 0.084722 3 0.004848 0.674609 0.402778 0.025781 0.05 3 0.00481 0.209375 0.978472 0.060937 0.031944 11 0.004757 0.021094 0.686111 0.042188 0.122222 4 0.004646 0.053906 0.960417 0.107813 0.079167 0 0.0042 0.215234 0.450694 0.166406 0.151389 1 0.00407 0.169922 0.828472 0.046094 0.093056 10 0.003483 0.021875 0.655556 0.04375 0.255556 10 0.003338 0.975 0.755556 0.05 0.252778 0 0.00289 0.399219 0.9375 0.059375 0.111111 10 0.002811 0.041406 0.897917 0.082812 0.204167 11 0.002672 0.010156 0.695139 0.020313 0.1625 2 0.002571 0.76875 0.482639 0.03125 0.073611 0 0.002306 0.389453 0.383333 0.094531 0.116667 3 0.002115 0.521484 0.388194 0.025781 0.0375 4 0.001926 0.883594 0.711111 0.05625 0.122222 0 0.001824 0.125781 0.563194 0.159375 0.201389 1 0.00181 0.716406 0.736806 0.032813 0.095833 2 0.001782 0.978516 0.684722 0.042969 0.102778 6 0.001714 0.769141 0.481944 0.032031 0.075 1 0.001714 0.579688 0.527778 0.0125 0.036111 1 0.001675 0.428516 0.928472 0.042969 0.098611 1 0.001623 0.182812 0.826389 0.028125 0.080556 10 0.001604 0.389453 0.3875 0.096094 0.119444 1 0.001585 0.296875 0.807639 0.021875 0.076389 12 0.001567 0.143359 0.923611 0.102344 0.147222 1 0.001507 0.771875 0.599306 0.053125 0.109722 3 0.001478 0.605469 0.131944 0.014063 0.016667 3 0.00141 0.76875 0.481944 0.03125 0.072222 0 0.001211 0.00625 0.747917 0.0125 0.104167 12 0.001184 0.308203 0.997917 0.105469 0.004167 3 0.001161 0.013672 0.376389 0.027344 0.077778 0 0.001151 0.43125 0.9375 0.05 0.111111 2 0.001073 0.05625 0.728472 0.025 0.079167 3 0.001057 0.60625 0.158333 0.014063 0.030556 10 0.001032 0.984375 0.711806 0.03125 0.229167 2 0.000962 0.742969 0.401389 0.034375 0.080556 2 0.000937 0.0625 0.923611 0.125 0.152778 5 0.000915 0.514844 0.356944 0.046875 0.083333 11 0.000849 0.609766 0.408333 0.030469 0.108333 3 0.000804 0.432812 0.509028 0.040625 0.054167 12 0.000798 0.098437 0.921528 0.196875 0.156944 3 0.00075 0.633594 0.347222 0.015625 0.030556 1 0.000727 0.636328 0.5875 0.021094 0.066667 10 0.000672 0.011719 0.577778 0.023438 0.163889 11 0.000672 0.096484 0.919444 0.192969 0.161111 3 0.000659 0.053125 0.244444 0.025 0.033333 2 0.000646 0.753906 0.528472 0.032813 0.073611 1 0.000597 0.205469 0.793056 0.026562 0.083333 6 0.000564 0.514453 0.353472 0.044531 0.073611 1 0.000551 0.579688 0.544444 0.0125 0.05 10 0.000551 0.024609 0.56875 0.049219 0.3625 3 0.000542 0.516406 0.357639 0.04375 0.073611 2 0.000519 0.009375 0.747222 0.01875 0.108333 0 0.000515 0.8125 0.601389 0.025 0.069444 10 0.000511 0.992969 0.763889 0.014063 0.175
CCTV01^20260318-110000-20260318-120000_000666,10 0.859375 0.725781 0.679861 0.1 0.3375 10 0.765625 0.333203 0.548611 0.158594 0.205556 5 0.72168 0.524219 0.878472 0.065625 0.190278 3 0.705566 0.484766 0.456944 0.036719 0.052778 10 0.656738 0.65 0.511806 0.051562 0.145833 3 0.571777 0.344531 0.825 0.085938 0.111111 5 0.503906 0.267188 0.758333 0.060937 0.144444 3 0.480469 0.044531 0.84375 0.089063 0.126389 5 0.390381 0.503516 0.40625 0.033594 0.054167 6 0.346924 0.649219 0.511806 0.051562 0.145833 11 0.343262 0.438672 0.425694 0.066406 0.101389 3 0.276611 0.758203 0.508333 0.041406 0.077778 5 0.20813 0.785937 0.660417 0.053125 0.134722 0 0.178345 0.402734 0.893056 0.030469 0.075 3 0.176147 0.503516 0.40625 0.032031 0.051389 4 0.174927 0.275391 0.894444 0.116406 0.152778 10 0.16394 0.912891 0.868056 0.174219 0.263889 2 0.158203 0.188281 0.8125 0.09375 0.155556 6 0.117981 0.88125 0.594444 0.107813 0.194444 3 0.112427 0.687109 0.479167 0.025781 0.055556 9 0.101562 0.213672 0.677083 0.102344 0.129167 10 0.100159 0.321484 0.459722 0.136719 0.15 1 0.080933 0.835156 0.682639 0.023438 0.068056 3 0.070557 0.818359 0.636806 0.041406 0.093056 5 0.070312 0.882031 0.708333 0.0625 0.119444 3 0.063477 0.687891 0.440972 0.028906 0.051389 0 0.060516 0.320312 0.697917 0.032813 0.081944 4 0.055817 0.186719 0.8125 0.09375 0.161111 10 0.047607 0.952734 0.838889 0.094531 0.319444 9 0.045685 0.282422 0.893056 0.117969 0.147222 2 0.044678 0.787109 0.534722 0.030469 0.066667 1 0.043365 0.311328 0.740278 0.022656 0.063889 10 0.032959 0.401172 0.379861 0.108594 0.1125 1 0.032471 0.515234 0.4625 0.014844 0.044444 0 0.032104 0.372656 0.865278 0.035937 0.069444 0 0.029648 0.371094 0.929167 0.034375 0.083333 1 0.02626 0.668359 0.747222 0.022656 0.055556 1 0.025269 0.416016 0.811111 0.028906 0.075 7 0.023697 0.01875 0.68125 0.0375 0.120833 3 0.023605 0.1875 0.813889 0.090625 0.155556 5 0.02211 0.050781 0.84375 0.101562 0.1375 2 0.021698 0.769141 0.451389 0.028906 0.063889 11 0.019638 0.214453 0.676389 0.102344 0.127778 5 0.018188 0.644922 0.417361 0.028906 0.051389 1 0.018127 0.373828 0.964583 0.038281 0.068056 3 0.016785 0.883203 0.703472 0.060156 0.109722 2 0.016724 0.797656 0.472222 0.023438 0.055556 11 0.015602 0.613281 0.443056 0.028125 0.077778 3 0.01519 0.202344 0.940278 0.075 0.113889 10 0.015076 0.078125 0.898611 0.153125 0.202778 0 0.014503 0.34375 0.892361 0.034375 0.079167 10 0.014389 0.126562 0.555556 0.164062 0.194444 10 0.013847 0.020313 0.631944 0.040625 0.255556 10 0.013168 0.664453 0.342361 0.036719 0.115278 10 0.010651 0.216406 0.451389 0.160938 0.166667 0 0.009712 0.311719 0.733333 0.023438 0.072222 4 0.009483 0.051172 0.842361 0.102344 0.145833 3 0.009232 0.644922 0.41875 0.028906 0.056944 3 0.008949 0.616797 0.334722 0.021094 0.044444 10 0.008316 0.616797 0.202778 0.019531 0.055556 4 0.008095 0.613281 0.446528 0.025 0.076389 11 0.007607 0.013672 0.685417 0.027344 0.154167 7 0.007404 0.3125 0.652778 0.071875 0.086111 0 0.007122 0.126172 0.55625 0.163281 0.195833 10 0.006798 0.016406 0.60625 0.032813 0.156944 0 0.006641 0.419141 0.920833 0.038281 0.077778 8 0.006489 0.215234 0.675 0.100781 0.125 0 0.006462 0.410547 0.911111 0.052344 0.088889 3 0.005936 0.311328 0.654861 0.069531 0.090278 0 0.005577 0.423828 0.948611 0.033594 0.083333 10 0.004868 0.976172 0.759722 0.047656 0.263889 0 0.004539 0.439453 0.948611 0.063281 0.1 0 0.00425 0.154297 0.645139 0.028906 0.070833 11 0.004116 0.284375 0.895139 0.109375 0.143056 10 0.00399 0.051953 0.841667 0.103906 0.152778 10 0.003929 0.987109 0.736806 0.025781 0.1625 10 0.003885 0.2125 0.675694 0.096875 0.129167 10 0.003172 0.024219 0.547222 0.048438 0.394444 3 0.003075 0.679297 0.409028 0.027344 0.051389 0 0.002531 0.213281 0.452083 0.164062 0.151389 4 0.002481 0.01875 0.672917 0.0375 0.104167 0 0.002462 0.819531 0.458333 0.01875 0.055556 3 0.002443 0.008594 0.253472 0.017188 0.045833 3 0.002415 0.630859 0.379861 0.017969 0.043056 0 0.001987 0.389453 0.90625 0.035156 0.076389 0 0.001926 0.032813 0.697917 0.026562 0.073611 1 0.001926 0.146484 0.759722 0.033594 0.091667 1 0.001904 0.373828 0.929167 0.039844 0.094444 3 0.001803 0.613672 0.44375 0.028906 0.076389 10 0.001768 0.042969 0.53125 0.085938 0.384722 9 0.001714 0.016016 0.686806 0.032031 0.145833 12 0.001675 0.436328 0.941667 0.086719 0.108333 10 0.001655 0.021094 0.884028 0.042188 0.231944 0 0.001549 0.032031 0.713889 0.035937 0.091667 1 0.001478 0.317188 0.720833 0.034375 0.088889 4 0.001294 0.305078 0.653472 0.055469 0.081944 4 0.001249 0.283984 0.916667 0.077344 0.108333 2 0.001179 0.34375 0.821528 0.09375 0.106944 10 0.001161 0.987109 0.689583 0.025781 0.143056 2 0.001147 0.685156 0.488889 0.023438 0.05 1 0.001107 0.485156 0.665278 0.017188 0.027778 1 0.001008 0.728125 0.495139 0.025 0.054167 10 0.000997 0.610938 0.416667 0.032813 0.127778 10 0.000997 0.985938 0.677083 0.028125 0.251389 0 0.000947 0.837891 0.464583 0.021094 0.065278 2 0.000926 0.201953 0.94375 0.075781 0.109722 7 0.000911 0.186719 0.802778 0.09375 0.141667 3 0.0009 0.013672 0.376389 0.027344 0.075 0 0.000863 0.264844 0.952778 0.046875 0.088889 0 0.000856 0.421875 0.913194 0.114062 0.156944 2 0.00083 0.630859 0.379167 0.017969 0.038889 12 0.00083 0.18125 0.827083 0.114062 0.195833 1 0.00082 0.151953 0.7625 0.052344 0.108333 1 0.000807 0.153516 0.647222 0.030469 0.069444 3 0.000804 0.624609 0.295833 0.016406 0.033333 0 0.000804 0.2125 0.675 0.098437 0.130556 10 0.00075 0.994141 0.34375 0.011719 0.148611 12 0.000738 0.582812 0.999306 0.14375 0.001389 3 0.000672 0.608594 0.388889 0.026562 0.066667 3 0.000672 0.327344 0.646528 0.045312 0.068056 1 0.000664 0.717578 0.488194 0.017969 0.051389 3 0.000661 0.606641 0.131944 0.010156 0.016667 0 0.000661 0.24375 0.559028 0.025 0.0625 10 0.000651 0.046484 0.80625 0.092969 0.259722 3 0.000646 0.748828 0.577778 0.021094 0.061111 4 0.000641 0.429297 0.922222 0.105469 0.155556 10 0.000564 0.009766 0.803472 0.019531 0.284722 0 0.000562 0.445703 0.969444 0.064844 0.061111 10 0.000546 0.009375 0.714583 0.01875 0.2125 2 0.000544 0.480859 0.38125 0.021094 0.043056 0 0.000536 0.375391 0.578472 0.028906 0.054167 2 0.000536 0.324219 0.854861 0.040625 0.076389 2 0.000534 0.612109 0.757639 0.069531 0.098611 0 0.000534 0.39375 0.872917 0.035937 0.084722 10 0.000509 0.024609 0.829861 0.049219 0.231944
CCTV01^20260318-110000-20260318-120000_000670,6 0.85498 0.673047 0.582639 0.077344 0.184722 10 0.806152 0.787109 0.821528 0.197656 0.356944 10 0.744141 0.165625 0.718056 0.164062 0.305556 2 0.712402 0.418359 0.902778 0.074219 0.130556 3 0.556641 0.524219 0.877778 0.065625 0.188889 5 0.453369 0.524219 0.877778 0.067187 0.191667 5 0.439697 0.314844 0.6375 0.071875 0.108333 9 0.422607 0.242578 0.825 0.069531 0.136111 0 0.329346 0.686328 0.940972 0.046094 0.115278 8 0.265869 0.308594 0.509028 0.08125 0.093056 3 0.253906 0.302344 0.724306 0.051562 0.076389 10 0.224731 0.453125 0.425694 0.095312 0.131944 0 0.219971 0.267578 0.951389 0.058594 0.097222 10 0.201782 0.673438 0.5875 0.076563 0.191667 3 0.185913 0.886719 0.729861 0.067187 0.154167 12 0.172119 0.067969 0.929861 0.0875 0.1375 7 0.164551 0.242188 0.826389 0.070312 0.133333 0 0.133911 0.285938 0.799306 0.042188 0.109722 0 0.131592 0.296484 0.902778 0.038281 0.102778 8 0.097412 0.946875 0.805556 0.057813 0.155556 0 0.09668 0.019922 0.720139 0.039844 0.095833 3 0.092041 0.382422 0.586111 0.053906 0.063889 12 0.091064 0.946875 0.80625 0.057813 0.156944 0 0.088806 0.361719 0.771528 0.0375 0.084722 6 0.051666 0.882422 0.604167 0.114844 0.216667 3 0.048492 0.199609 0.936111 0.069531 0.127778 1 0.043854 0.063281 0.788889 0.026562 0.080556 0 0.040375 0.329297 0.805556 0.039844 0.091667 1 0.040375 0.677734 0.866667 0.032031 0.097222 1 0.039948 0.019922 0.721528 0.039844 0.101389 3 0.038605 0.515625 0.392361 0.026562 0.043056 0 0.037201 0.311719 0.773611 0.029687 0.066667 0 0.034363 0.314453 0.835417 0.025781 0.0625 11 0.034088 0.946484 0.803472 0.055469 0.151389 10 0.032104 0.666406 0.354861 0.040625 0.118056 1 0.027695 0.331641 0.909028 0.030469 0.068056 3 0.022202 0.690625 0.464583 0.03125 0.054167 4 0.020966 0.743359 0.561806 0.033594 0.065278 0 0.020569 0.358203 0.877083 0.049219 0.098611 0 0.020416 0.400781 0.539583 0.026562 0.059722 6 0.020172 0.783594 0.359028 0.028125 0.054167 11 0.019272 0.405469 0.4875 0.060937 0.075 12 0.015488 0.465625 0.963889 0.046875 0.072222 0 0.014839 0.466016 0.959722 0.046094 0.077778 3 0.014557 0.614062 0.367361 0.028125 0.0625 2 0.014061 0.201563 0.934722 0.067187 0.130556 2 0.012383 0.292187 0.575 0.046875 0.077778 0 0.012383 0.295703 0.790972 0.044531 0.098611 3 0.0121 0.650391 0.452778 0.032031 0.072222 5 0.011871 0.358203 0.959722 0.080469 0.080556 0 0.011826 0.154688 0.59375 0.14375 0.223611 6 0.01178 0.776563 0.530556 0.034375 0.091667 10 0.009712 0.955859 0.922917 0.088281 0.154167 0 0.009483 0.340234 0.786806 0.038281 0.084722 3 0.009338 0.691406 0.502778 0.03125 0.058333 4 0.008987 0.776563 0.529861 0.035937 0.090278 9 0.007935 0.957031 0.923611 0.085938 0.152778 3 0.007122 0.83125 0.693056 0.04375 0.108333 12 0.006771 0.686328 0.940972 0.046094 0.118056 4 0.006512 0.294141 0.575694 0.050781 0.081944 2 0.00589 0.776563 0.53125 0.034375 0.093056 5 0.005867 0.809375 0.736806 0.057813 0.145833 0 0.005386 0.307422 0.75 0.041406 0.1 12 0.0051 0.776563 0.529861 0.035937 0.093056 3 0.004868 0.008594 0.255556 0.017188 0.047222 3 0.004848 0.6125 0.446528 0.039062 0.090278 0 0.0047 0.134375 0.90625 0.0375 0.090278 10 0.004505 0.987891 0.873611 0.024219 0.252778 2 0.00433 0.783594 0.359028 0.028125 0.054167 2 0.00428 0.346484 0.409028 0.025781 0.048611 10 0.003885 0.158594 0.6 0.145313 0.2 10 0.003736 0.442969 0.365278 0.114062 0.130556 0 0.003593 0.003906 0.884028 0.007812 0.081944 3 0.003565 0.346875 0.409028 0.025 0.048611 3 0.003443 0.742969 0.561111 0.032813 0.066667 10 0.003147 0.017188 0.597222 0.034375 0.125 7 0.003027 0.731641 0.498611 0.032031 0.066667 10 0.002913 0.660937 0.290278 0.040625 0.077778 0 0.002913 0.792188 0.459028 0.028125 0.056944 0 0.002834 0.362109 0.907639 0.042969 0.095833 0 0.002758 0.348438 0.865972 0.035937 0.084722 1 0.002693 0.063281 0.788194 0.04375 0.095833 0 0.002621 0.401953 0.940972 0.046094 0.098611 0 0.002512 0.11875 0.561111 0.153125 0.186111 4 0.002405 0.067969 0.93125 0.089063 0.1375 0 0.002398 0.808984 0.594444 0.025781 0.066667 0 0.002369 0.282422 0.886111 0.047656 0.102778 7 0.002342 0.330859 0.565278 0.036719 0.055556 3 0.002314 0.391797 0.475694 0.046094 0.059722 1 0.002182 0.137109 0.90625 0.039844 0.093056 0 0.002174 0.679297 0.866667 0.035156 0.097222 0 0.0021 0.214844 0.445833 0.165625 0.144444 3 0.002083 0.806641 0.734028 0.057031 0.140278 0 0.00202 0.358594 0.929861 0.059375 0.095833 4 0.00201 0.357422 0.906944 0.097656 0.186111 5 0.001883 0.403516 0.484028 0.060156 0.068056 10 0.001824 0.019922 0.631944 0.039844 0.236111 0 0.001561 0.392578 0.930556 0.033594 0.091667 2 0.001472 0.797656 0.40625 0.028125 0.048611 3 0.001467 0.6875 0.452083 0.028125 0.043056 4 0.001432 0.732812 0.5 0.032813 0.066667 3 0.001399 0.404297 0.486111 0.060156 0.072222 1 0.001389 0.007812 0.73125 0.015625 0.093056 10 0.001346 0.991797 0.888889 0.016406 0.191667 0 0.001305 0.330859 0.564583 0.036719 0.056944 0 0.001265 0.433594 0.388194 0.11875 0.129167 3 0.001151 0.732812 0.358333 0.032813 0.055556 4 0.001099 0.613281 0.446528 0.039062 0.090278 0 0.001037 0.016016 0.7 0.032031 0.152778 1 0.001032 0.145703 0.929861 0.035156 0.084722 10 0.001028 0.737109 0.81875 0.097656 0.343056 4 0.000997 0.330469 0.563889 0.039062 0.055556 3 0.000985 0.646875 0.417361 0.025 0.034722 1 0.000985 0.325391 0.893056 0.025781 0.088889 10 0.000955 0.995313 0.338889 0.009375 0.161111 10 0.000955 0.404687 0.486806 0.060937 0.073611 3 0.000951 0.732812 0.5 0.029687 0.066667 9 0.000947 0.309766 0.547222 0.083594 0.088889 10 0.000937 0.962109 0.889583 0.075781 0.220833 0 0.000926 0.288672 0.76875 0.066406 0.145833 3 0.000907 0.627344 0.316667 0.017188 0.038889 0 0.000856 0.323047 0.841667 0.036719 0.088889 2 0.000849 0.721484 0.304861 0.014844 0.031944 10 0.000849 0.212891 0.445833 0.169531 0.15 0 0.000836 0.319531 0.774306 0.032813 0.073611 2 0.000836 0.350781 0.95625 0.067187 0.081944 3 0.000811 0.330859 0.563889 0.036719 0.055556 2 0.000792 0.401172 0.539583 0.027344 0.068056 0 0.000789 0.284766 0.921528 0.044531 0.093056 0 0.000776 0.397656 0.561806 0.026562 0.070833 10 0.000767 0.881641 0.60625 0.113281 0.218056 1 0.000762 0.789062 0.584028 0.021875 0.059722 0 0.000762 0.990234 0.807639 0.017969 0.1625 12 0.000715 0.950391 0.996528 0.099219 0.006944 4 0.00071 0.829297 0.69375 0.046094 0.106944 7 0.000677 0.014453 0.66875 0.028906 0.081944 3 0.000672 0.621484 0.29375 0.016406 0.045833 4 0.000648 0.015625 0.681944 0.03125 0.111111 3 0.000641 0.99375 0.376389 0.0125 0.091667 1 0.000638 0.346875 0.909722 0.0625 0.108333 10 0.000638 0.055078 0.524306 0.110156 0.368056 10 0.000638 0.123047 0.559722 0.158594 0.202778 3 0.000636 0.622656 0.313194 0.020313 0.043056 0 0.000631 0.307031 0.826389 0.026562 0.077778 10 0.000631 0.986719 0.909028 0.026562 0.181944 2 0.000597 0.994922 0.768056 0.010156 0.091667 10 0.000579 0.990625 0.807639 0.01875 0.265278 0 0.000575 0.345313 0.891667 0.085938 0.177778 1 0.000555 0.155469 0.954861 0.035937 0.084722 3 0.000553 0.780078 0.629861 0.032031 0.079167 1 0.000546 0.714063 0.552778 0.020313 0.058333 1 0.000544 0.732031 0.613889 0.025 0.069444 10 0.00054 0.621484 0.220833 0.022656 0.055556 0 0.00054 0.994531 0.798611 0.010937 0.122222 2 0.00054 0.992969 0.845833 0.014063 0.161111 12 0.000519 0.357812 0.925 0.09375 0.15 0 0.000511 0.3125 0.790278 0.075 0.136111 0 0.000501 0.305859 0.757639 0.069531 0.123611
CCTV01^20260318-110000-20260318-120000_000674,10 0.835938 0.203516 0.660417 0.164844 0.2625 3 0.817383 0.524219 0.878472 0.065625 0.190278 6 0.816406 0.699219 0.644444 0.090625 0.208333 3 0.728027 0.721875 0.88125 0.0625 0.170833 6 0.647949 0.945703 0.71875 0.108594 0.248611 3 0.604004 0.878906 0.850694 0.070312 0.156944 5 0.554688 0.31875 0.633333 0.073438 0.111111 3 0.53125 0.066797 0.952778 0.064844 0.094444 9 0.443604 0.373828 0.470139 0.066406 0.084722 10 0.430176 0.472266 0.406944 0.089844 0.130556 2 0.407227 0.762109 0.768056 0.036719 0.102778 9 0.394287 0.237109 0.805556 0.064844 0.136111 2 0.357666 0.398828 0.872917 0.064844 0.106944 0 0.27832 0.960938 0.827778 0.048438 0.125 2 0.253906 0.346094 0.946528 0.070312 0.098611 9 0.2323 0.944922 0.727778 0.110156 0.269444 0 0.217285 0.249609 0.929167 0.049219 0.113889 0 0.20813 0.390625 0.518056 0.029687 0.058333 4 0.196777 0.797266 0.598611 0.046094 0.105556 10 0.166138 0.623828 0.234028 0.022656 0.068056 0 0.163452 0.351953 0.757639 0.036719 0.081944 3 0.162354 0.321094 0.5625 0.078125 0.069444 0 0.153564 0.284766 0.879861 0.038281 0.095833 0 0.143188 0.321094 0.778472 0.034375 0.079167 0 0.137573 0.280469 0.781944 0.035937 0.1 2 0.129395 0.819922 0.466667 0.035156 0.080556 10 0.128906 0.225 0.536111 0.13125 0.169444 3 0.120422 0.797266 0.598611 0.046094 0.105556 3 0.110474 0.694531 0.48125 0.03125 0.054167 3 0.109314 0.302344 0.727083 0.046875 0.090278 1 0.103027 0.832031 0.676389 0.032813 0.072222 2 0.101929 0.388672 0.576389 0.044531 0.063889 2 0.092712 0.797266 0.598611 0.046094 0.105556 0 0.090759 0.61875 0.55625 0.021875 0.056944 3 0.090393 0.740625 0.592361 0.042188 0.123611 1 0.089478 0.730859 0.776389 0.021094 0.05 1 0.088196 0.850391 0.569444 0.024219 0.061111 10 0.083313 0.946875 0.725 0.10625 0.266667 10 0.082092 0.060547 0.763889 0.121094 0.316667 1 0.078064 0.960938 0.829167 0.048438 0.122222 0 0.076111 0.821484 0.675 0.050781 0.075 3 0.071045 0.696875 0.524306 0.035937 0.065278 2 0.068298 0.192578 0.904167 0.055469 0.130556 0 0.066833 0.914453 0.824306 0.044531 0.118056 2 0.060089 0.851172 0.520833 0.030469 0.061111 10 0.055206 0.019922 0.669444 0.039844 0.269444 12 0.054413 0.101562 0.813889 0.0625 0.155556 4 0.050903 0.885547 0.711111 0.046094 0.094444 1 0.047607 0.915625 0.830556 0.042188 0.111111 0 0.039337 0.385156 0.913194 0.035937 0.076389 3 0.036774 0.191797 0.903472 0.053906 0.129167 4 0.036346 0.345703 0.890972 0.097656 0.190278 1 0.035156 0.618359 0.555556 0.019531 0.058333 2 0.032837 0.285156 0.879167 0.040625 0.102778 2 0.030212 0.730469 0.351389 0.01875 0.044444 5 0.029205 0.740625 0.590972 0.042188 0.129167 0 0.029083 0.859375 0.732639 0.0375 0.079167 4 0.028015 0.616016 0.452778 0.033594 0.088889 1 0.027588 0.318359 0.889583 0.030469 0.073611 10 0.025558 0.824609 0.904861 0.164844 0.190278 0 0.02272 0.833203 0.678472 0.030469 0.070833 3 0.022202 0.692187 0.459722 0.032813 0.052778 3 0.022202 0.785156 0.527778 0.039062 0.091667 0 0.018692 0.452734 0.961806 0.049219 0.076389 1 0.018051 0.151953 0.918056 0.030469 0.086111 0 0.017044 0.301563 0.731944 0.045312 0.094444 4 0.016342 0.819922 0.467361 0.035156 0.081944 2 0.016022 0.641797 0.583333 0.025781 0.069444 0 0.015778 0.352344 0.866667 0.076563 0.119444 1 0.015015 0.155078 0.954167 0.036719 0.083333 3 0.014954 0.614453 0.384722 0.032031 0.052778 0 0.014732 0.99375 0.839583 0.0125 0.095833 2 0.014732 0.930078 0.955556 0.071094 0.088889 3 0.012009 0.441406 0.913889 0.05625 0.086111 3 0.011467 0.817187 0.786111 0.0625 0.091667 0 0.010857 0.374219 0.90625 0.05 0.106944 0 0.010208 0.364844 0.88125 0.053125 0.115278 5 0.01001 0.784766 0.528472 0.041406 0.093056 6 0.009163 0.439844 0.465278 0.05625 0.083333 3 0.009125 0.642969 0.354167 0.015625 0.036111 10 0.008377 0.228125 0.447222 0.160938 0.158333 0 0.008347 0.352734 0.941667 0.060156 0.094444 10 0.008125 0.973437 0.698611 0.053125 0.322222 2 0.007904 0.593359 0.439583 0.019531 0.054167 10 0.007725 0.667188 0.363194 0.039062 0.126389 2 0.007607 0.813281 0.729861 0.04375 0.070833 1 0.007488 0.814844 0.676389 0.039062 0.072222 11 0.007374 0.375781 0.470139 0.0625 0.0875 11 0.006462 0.616016 0.453472 0.033594 0.090278 1 0.006191 0.507812 0.443056 0.014063 0.044444 5 0.005936 0.819141 0.813889 0.069531 0.147222 0 0.005821 0.366406 0.934028 0.039062 0.079167 2 0.005428 0.715234 0.429167 0.030469 0.061111 10 0.005344 0.987109 0.679167 0.025781 0.15 0 0.00526 0.446875 0.933333 0.059375 0.116667 3 0.00518 0.983984 0.597917 0.032031 0.140278 0 0.00518 0.760156 0.689583 0.03125 0.068056 10 0.004555 0.439844 0.468056 0.053125 0.086111 12 0.004486 0.344141 0.921528 0.089844 0.145833 0 0.004364 0.319141 0.897222 0.035156 0.083333 0 0.00407 0.886328 0.616667 0.038281 0.077778 2 0.003622 0.981641 0.588889 0.036719 0.125 5 0.003622 0.972656 0.778472 0.054688 0.265278 0 0.003593 0.990234 0.824306 0.019531 0.148611 0 0.003403 0.626172 0.570833 0.027344 0.069444 0 0.003248 0.160938 0.811806 0.026562 0.079167 10 0.003248 0.982812 0.65 0.034375 0.302778 0 0.003027 0.337891 0.846528 0.061719 0.104167 0 0.002846 0.989453 0.664583 0.021094 0.118056 0 0.002846 0.308594 0.83125 0.023438 0.070833 3 0.002823 0.652734 0.463889 0.036719 0.077778 2 0.0028 0.444531 0.920139 0.060937 0.098611 11 0.002779 0.646094 0.513194 0.048438 0.084722 1 0.002714 0.989453 0.655556 0.021094 0.091667 0 0.002602 0.507422 0.440972 0.014844 0.040278 3 0.002512 0.984766 0.803472 0.030469 0.1875 2 0.002453 0.966016 0.999306 0.067969 0.001389 0 0.002434 0.304688 0.75 0.035937 0.072222 0 0.002192 0.322656 0.836806 0.045312 0.090278 12 0.00198 0.416797 0.96875 0.050781 0.0625 10 0.001972 0.024219 0.561806 0.048438 0.331944 0 0.001949 0.255078 0.95 0.046094 0.086111 0 0.001926 0.418359 0.968056 0.049219 0.063889 10 0.001919 0.120703 0.551389 0.150781 0.177778 0 0.001904 0.359766 0.405556 0.016406 0.041667 3 0.001824 0.689844 0.440972 0.025 0.045833 4 0.001824 0.815625 0.78125 0.057813 0.081944 1 0.001616 0.183984 0.807639 0.027344 0.076389 0 0.001549 0.889844 0.588194 0.04375 0.115278 0 0.001444 0.853125 0.572222 0.029687 0.061111 10 0.001444 0.019141 0.609028 0.038281 0.148611 0 0.001421 0.123438 0.553472 0.159375 0.181944 0 0.00141 0.895312 0.567361 0.03125 0.081944 10 0.001341 0.011719 0.204167 0.023438 0.111111 10 0.00132 0.983203 0.785417 0.033594 0.218056 12 0.001315 0.325 0.995833 0.115625 0.008333 3 0.001265 0.627344 0.331944 0.01875 0.038889 3 0.001265 0.647656 0.436111 0.026562 0.041667 2 0.001245 0.985938 0.779861 0.028125 0.243056 2 0.00123 0.988281 0.568056 0.023438 0.172222 10 0.001156 0.501172 0.345139 0.075781 0.090278 0 0.001151 0.334766 0.892361 0.069531 0.126389 3 0.001143 0.646094 0.5125 0.048438 0.077778 0 0.001143 0.641406 0.586806 0.026562 0.076389 0 0.001143 0.330859 0.881944 0.122656 0.197222 4 0.001107 0.784766 0.527778 0.041406 0.094444 3 0.001 0.008984 0.257639 0.017969 0.043056 8 0.000933 0.103516 0.8125 0.060156 0.152778 10 0.000904 0.992969 0.536806 0.014063 0.170833 10 0.000904 0.989453 0.574306 0.021094 0.240278 0 0.000849 0.397266 0.88125 0.057031 0.1125 1 0.000767 0.146094 0.961111 0.035937 0.072222 12 0.000727 0.011328 0.100694 0.022656 0.154167 1 0.00071 0.359375 0.404167 0.017188 0.041667 0 0.000696 0.342187 0.75625 0.076563 0.106944 0 0.000688 0.878516 0.488194 0.022656 0.056944 1 0.000688 0.985938 0.85625 0.028125 0.123611 2 0.000672 0.334375 0.929861 0.0625 0.104167 2 0.000667 0.886328 0.7125 0.041406 0.102778 0 0.000661 0.244531 0.899306 0.040625 0.090278 3 0.000659 0.311328 0.484722 0.035156 0.05 3 0.000607 0.822266 0.813194 0.074219 0.145833 3 0.000593 0.290234 0.974306 0.042969 0.051389 12 0.000588 0.324219 0.893056 0.139063 0.186111 1 0.000559 0.813281 0.745139 0.05 0.098611 11 0.000548 0.101562 0.816667 0.060937 0.158333 6 0.000544 0.823047 0.906944 0.164844 0.186111 2 0.00053 0.990234 0.85625 0.019531 0.231944
CCTV01^20260318-110000-20260318-120000_000725,3 0.880859 0.686328 0.65 0.049219 0.094444 3 0.868164 0.714063 0.869444 0.06875 0.161111 3 0.862305 0.522266 0.872222 0.071094 0.191667 3 0.856934 0.242969 0.747917 0.08125 0.115278 3 0.832031 0.743359 0.674306 0.060156 0.1125 3 0.810547 0.257812 0.920833 0.076563 0.147222 10 0.802734 0.333203 0.472917 0.142969 0.156944 3 0.792969 0.315625 0.671528 0.057813 0.090278 10 0.748535 0.232031 0.607639 0.182812 0.2375 10 0.733887 0.625 0.320139 0.034375 0.098611 3 0.720215 0.732031 0.583333 0.045312 0.083333 3 0.71875 0.187109 0.893056 0.085156 0.138889 3 0.649414 0.35625 0.591667 0.070312 0.075 0 0.640625 0.304297 0.784028 0.044531 0.095833 10 0.606934 0.426563 0.406944 0.09375 0.125 10 0.59375 0.062109 0.836806 0.124219 0.326389 2 0.554688 0.653906 0.559028 0.034375 0.076389 5 0.546875 0.691016 0.514583 0.055469 0.101389 0 0.539062 0.924609 0.696528 0.041406 0.104167 10 0.523438 0.676172 0.352083 0.046094 0.120833 0 0.476562 0.760938 0.802083 0.0375 0.131944 10 0.452393 0.040234 0.713194 0.080469 0.270833 0 0.392334 0.973437 0.913889 0.053125 0.136111 2 0.361084 0.703906 0.729861 0.048438 0.106944 4 0.297363 0.785937 0.647917 0.053125 0.106944 3 0.284668 0.491406 0.418056 0.032813 0.041667 1 0.265869 0.703906 0.729861 0.048438 0.106944 3 0.262939 0.421484 0.497917 0.042969 0.054167 6 0.262207 0.884375 0.840972 0.1625 0.318056 7 0.235107 0.784766 0.646528 0.050781 0.106944 1 0.20752 0.248438 0.809722 0.029687 0.083333 2 0.206909 0.732422 0.509028 0.041406 0.084722 3 0.196777 0.732422 0.508333 0.041406 0.083333 0 0.185913 0.791797 0.740278 0.036719 0.083333 10 0.172119 0.8875 0.840278 0.160938 0.319444 0 0.15564 0.163672 0.779167 0.036719 0.088889 1 0.155029 0.991797 0.711806 0.016406 0.079167 1 0.151978 0.163281 0.779167 0.035937 0.086111 0 0.147583 0.788281 0.521528 0.025 0.070833 2 0.138428 0.519922 0.395139 0.019531 0.045833 2 0.129395 0.866016 0.545139 0.033594 0.079167 0 0.117188 0.986328 0.825694 0.025781 0.081944 0 0.11438 0.248828 0.807639 0.028906 0.0875 2 0.101257 0.885547 0.528472 0.032031 0.065278 3 0.095337 0.477734 0.456944 0.047656 0.05 0 0.082397 0.866016 0.545833 0.033594 0.080556 3 0.065857 0.450781 0.444444 0.040625 0.047222 3 0.065125 0.982031 0.590972 0.035937 0.109722 0 0.060516 0.807031 0.496528 0.021875 0.0625 12 0.050507 0.784766 0.647222 0.053906 0.108333 1 0.039062 0.986719 0.824306 0.025 0.081944 0 0.03775 0.400391 0.528472 0.022656 0.056944 0 0.034088 0.373047 0.956944 0.036719 0.083333 7 0.026855 0.883203 0.859722 0.161719 0.280556 1 0.023773 0.373437 0.956944 0.0375 0.083333 2 0.022034 0.494531 0.390278 0.025 0.036111 2 0.018539 0.135547 0.525694 0.041406 0.079167 1 0.016846 0.401562 0.917361 0.034375 0.090278 0 0.016525 0.835547 0.463889 0.025781 0.061111 1 0.015717 0.941016 0.847917 0.030469 0.106944 0 0.013634 0.987891 0.860417 0.024219 0.145833 1 0.013023 0.400391 0.528472 0.022656 0.056944 1 0.012825 0.654687 0.559722 0.039062 0.080556 1 0.010651 0.973437 0.913889 0.053125 0.133333 3 0.010612 0.123828 0.980556 0.071094 0.038889 4 0.010452 0.980859 0.592361 0.038281 0.101389 0 0.008987 0.200391 0.735417 0.030469 0.073611 0 0.008614 0.753516 0.401389 0.017969 0.05 10 0.008316 0.022656 0.627778 0.045312 0.266667 0 0.007843 0.773047 0.420833 0.017969 0.052778 0 0.006744 0.992578 0.816667 0.014844 0.105556 3 0.006668 0.494531 0.39375 0.026562 0.043056 10 0.006439 0.016797 0.607639 0.033594 0.154167 3 0.006027 0.455469 0.486806 0.048438 0.048611 3 0.006004 0.472266 0.467361 0.047656 0.054167 2 0.005619 0.875 0.535417 0.04375 0.073611 1 0.004887 0.985547 0.710417 0.028906 0.084722 3 0.004848 0.994141 0.694444 0.011719 0.105556 1 0.004665 0.201172 0.734722 0.030469 0.075 2 0.004593 0.691016 0.514583 0.055469 0.101389 10 0.004299 0.026172 0.541667 0.052344 0.347222 0 0.004166 0.994141 0.731944 0.011719 0.119444 2 0.003736 0.717578 0.31875 0.017969 0.0375 0 0.003197 0.748047 0.404861 0.024219 0.0625 0 0.003004 0.988672 0.899306 0.022656 0.156944 2 0.002981 0.330078 0.542361 0.025781 0.065278 6 0.002779 0.984375 0.582639 0.03125 0.154167 11 0.002684 0.988281 0.825 0.023438 0.302778 0 0.002611 0.735938 0.359722 0.017188 0.044444 10 0.002541 0.983984 0.597222 0.032031 0.175 3 0.002333 0.989453 0.7 0.021094 0.097222 10 0.002234 0.989453 0.565278 0.021094 0.183333 2 0.002199 0.989453 0.571528 0.021094 0.159722 0 0.002182 0.783594 0.419444 0.028125 0.058333 10 0.002108 0.99375 0.538889 0.0125 0.152778 0 0.001972 0.399219 0.924306 0.03125 0.090278 2 0.001694 0.510938 0.347917 0.020313 0.043056 2 0.00141 0.790625 0.981944 0.104688 0.036111 1 0.001378 0.94375 0.855556 0.05 0.133333 4 0.001221 0.936328 0.509028 0.047656 0.090278 10 0.001165 0.846484 0.842361 0.094531 0.315278 0 0.001099 0.790625 0.414583 0.025 0.056944 3 0.001073 0.725 0.977778 0.054688 0.044444 0 0.000958 0.995703 0.788889 0.008594 0.125 1 0.000944 0.196094 0.494444 0.020313 0.063889 3 0.00094 0.013281 0.379167 0.026562 0.086111 0 0.000926 0.995703 0.667361 0.008594 0.123611 11 0.000849 0.990625 0.745833 0.01875 0.266667 1 0.000776 0.903906 0.763194 0.025 0.068056 0 0.000767 0.961719 0.900694 0.076563 0.176389 12 0.000762 0.961719 0.994444 0.076563 0.011111 10 0.00075 0.062891 0.524306 0.125781 0.359722 3 0.000727 0.008984 0.253472 0.017969 0.045833 10 0.000641 0.990625 0.786111 0.01875 0.311111 1 0.000609 0.991406 0.597917 0.017188 0.104167 1 0.000596 0.378125 0.971528 0.046875 0.056944 11 0.000582 0.990625 0.653472 0.01875 0.229167 12 0.000566 0.221094 0.999306 0.115625 0.001389 10 0.000553 0.009766 0.618056 0.019531 0.144444 1 0.000515 0.40625 0.926389 0.05625 0.105556
CCTV01^20260318-110000-20260318-120000_000729,3 0.864258 0.521484 0.872222 0.072656 0.194444 3 0.838867 0.7375 0.916667 0.075 0.158333 10 0.833984 0.076953 0.805556 0.152344 0.372222 3 0.818848 0.285156 0.805556 0.064062 0.113889 3 0.81543 0.277344 0.925 0.071875 0.144444 2 0.796875 0.699219 0.790972 0.04375 0.1125 3 0.795898 0.189453 0.778472 0.071094 0.120833 2 0.770508 0.227344 0.820139 0.046875 0.1125 10 0.769531 0.270313 0.575 0.182812 0.216667 3 0.760742 0.835156 0.911806 0.095312 0.165278 10 0.759766 0.384766 0.438194 0.117969 0.148611 3 0.759277 0.267578 0.706944 0.069531 0.1 3 0.744629 0.9125 0.841667 0.09375 0.155556 2 0.710449 0.883203 0.703472 0.050781 0.095833 3 0.708984 0.149219 0.932639 0.084375 0.134722 10 0.695801 0.685937 0.376389 0.054688 0.133333 3 0.668945 0.821484 0.688889 0.078906 0.136111 0 0.62793 0.704688 0.636111 0.029687 0.088889 3 0.624512 0.344141 0.622917 0.064844 0.079167 10 0.571777 0.633203 0.367361 0.050781 0.118056 5 0.567871 0.759375 0.679167 0.071875 0.147222 10 0.550781 0.467187 0.371528 0.08125 0.106944 4 0.488281 0.819531 0.777778 0.053125 0.113889 2 0.464844 0.982812 0.676389 0.034375 0.086111 3 0.462891 0.465625 0.436111 0.035937 0.05 3 0.325928 0.392188 0.561806 0.04375 0.0625 12 0.313965 0.320703 0.708333 0.039844 0.102778 1 0.259766 0.964063 0.743056 0.034375 0.080556 0 0.24939 0.939844 0.623611 0.034375 0.086111 5 0.24939 0.821484 0.688194 0.078906 0.1375 0 0.206909 0.863281 0.520139 0.03125 0.0625 1 0.206299 0.852734 0.625 0.024219 0.080556 0 0.204956 0.807813 0.510417 0.025 0.056944 0 0.190674 0.878516 0.604861 0.032031 0.079167 0 0.180664 0.963281 0.745139 0.035937 0.084722 8 0.178955 0.119531 0.545833 0.076563 0.102778 3 0.170532 0.492578 0.457639 0.041406 0.070833 10 0.163452 0.056641 0.675 0.113281 0.286111 3 0.153076 0.990625 0.8 0.01875 0.155556 1 0.1427 0.716406 0.495139 0.025 0.056944 0 0.128906 0.320703 0.706944 0.038281 0.105556 9 0.120422 0.054688 0.667361 0.109375 0.270833 5 0.108948 0.492578 0.457639 0.041406 0.070833 12 0.086304 0.211328 0.923611 0.044531 0.125 3 0.070801 0.981641 0.584722 0.036719 0.113889 3 0.070312 0.515234 0.382639 0.033594 0.040278 0 0.05835 0.990625 0.795833 0.01875 0.136111 2 0.042389 0.980859 0.584028 0.038281 0.106944 3 0.037323 0.501172 0.415972 0.033594 0.043056 1 0.0354 0.722266 0.444444 0.022656 0.052778 0 0.0354 0.991797 0.842361 0.016406 0.090278 0 0.032593 0.211719 0.922917 0.042188 0.123611 2 0.031494 0.501172 0.415972 0.033594 0.045833 4 0.030563 0.758984 0.680556 0.074219 0.147222 1 0.026657 0.432031 0.470139 0.026562 0.048611 0 0.018692 0.856641 0.620833 0.030469 0.088889 0 0.013588 0.609375 0.413889 0.025 0.058333 4 0.009125 0.737109 0.359028 0.025781 0.048611 0 0.008575 0.772656 0.420139 0.021875 0.051389 1 0.007576 0.990234 0.839583 0.019531 0.093056 3 0.007374 0.534375 0.351389 0.020313 0.036111 3 0.005642 0.452734 0.498611 0.052344 0.038889 4 0.005512 0.990625 0.796528 0.01875 0.209722 10 0.005428 0.990625 0.8125 0.01875 0.219444 4 0.004944 0.937109 0.509722 0.046094 0.088889 3 0.00481 0.665234 0.278472 0.019531 0.043056 3 0.0042 0.008594 0.256944 0.017188 0.038889 6 0.00407 0.985547 0.565278 0.028906 0.202778 0 0.003824 0.434766 0.458333 0.024219 0.055556 10 0.003235 0.026172 0.647222 0.052344 0.266667 10 0.002867 0.989062 0.549306 0.021875 0.206944 0 0.002714 0.873828 0.579167 0.027344 0.077778 1 0.001972 0.847266 0.609028 0.032031 0.079167 0 0.001897 0.994922 0.75 0.010156 0.108333 10 0.001889 0.984766 0.597222 0.030469 0.205556 2 0.001519 0.319531 0.699306 0.039062 0.104167 10 0.001467 0.016406 0.604167 0.032813 0.147222 10 0.001421 0.994531 0.508333 0.010937 0.127778 10 0.001356 0.974609 0.829861 0.049219 0.273611 1 0.001315 0.878516 0.600694 0.039844 0.090278 12 0.001192 0.323828 0.999306 0.139844 0.001389 0 0.001129 0.385156 0.934028 0.071875 0.101389 9 0.00104 0.364063 0.945833 0.115625 0.108333 0 0.001008 0.616797 0.415972 0.032031 0.068056 0 0.001 0.936328 0.509028 0.049219 0.0875 10 0.0009 0.063281 0.559722 0.126562 0.430556 2 0.000897 0.991406 0.752083 0.017188 0.248611 1 0.00088 0.717578 0.452083 0.025781 0.051389 12 0.000869 0.364453 0.949306 0.133594 0.101389 2 0.000849 0.994141 0.518056 0.011719 0.130556 3 0.000836 0.3375 0.388889 0.021875 0.038889 10 0.000836 0.99375 0.535417 0.0125 0.126389 3 0.000779 0.640625 0.273611 0.021875 0.036111 0 0.000672 0.972266 0.79375 0.055469 0.201389 3 0.000575 0.385937 0.935417 0.071875 0.101389 0 0.000551 0.790625 0.395139 0.017188 0.048611 3 0.000544 0.444922 0.476389 0.041406 0.047222 3 0.000532 0.646875 0.303472 0.01875 0.034722 0 0.000525 0.604297 0.409722 0.021094 0.052778 0 0.000505 0.985156 0.782639 0.028125 0.134722
CCTV01^20260318-110000-20260318-120000_000733,3 0.869629 0.240234 0.916667 0.069531 0.15 3 0.850098 0.522656 0.871528 0.070312 0.193056 3 0.839844 0.273828 0.628472 0.077344 0.093056 10 0.815918 0.735938 0.540278 0.14375 0.213889 10 0.810059 0.288281 0.497917 0.145313 0.170833 3 0.762207 0.176172 0.842361 0.091406 0.154167 2 0.740234 0.151172 0.697917 0.042969 0.095833 10 0.730469 0.071094 0.625694 0.142187 0.245833 2 0.710449 0.721484 0.929167 0.050781 0.127778 2 0.708984 0.351953 0.921528 0.063281 0.134722 4 0.689453 0.776563 0.693056 0.0625 0.097222 3 0.686035 0.213281 0.640278 0.070312 0.088889 4 0.682617 0.795312 0.920139 0.067187 0.154167 2 0.62793 0.332031 0.754167 0.054688 0.105556 3 0.605957 0.312891 0.689583 0.057031 0.076389 0 0.602051 0.644531 0.878472 0.029687 0.106944 5 0.598145 0.821875 0.810417 0.104688 0.193056 0 0.583008 0.711719 0.795139 0.034375 0.120833 3 0.539062 0.396875 0.501389 0.05625 0.063889 3 0.525391 0.353516 0.605556 0.067969 0.080556 3 0.525391 0.921094 0.919444 0.08125 0.161111 2 0.496094 0.467578 0.477778 0.052344 0.055556 7 0.458984 0.294141 0.788194 0.063281 0.1375 10 0.451416 0.451953 0.410417 0.089844 0.129167 0 0.375732 0.981641 0.84375 0.036719 0.134722 9 0.332764 0.633203 0.479167 0.044531 0.105556 12 0.309082 0.214844 0.703472 0.0375 0.106944 5 0.309082 0.921875 0.920139 0.082812 0.156944 10 0.294189 0.633203 0.478472 0.044531 0.106944 12 0.276611 0.294531 0.790278 0.064062 0.138889 2 0.226807 0.49375 0.439583 0.0375 0.051389 12 0.217285 0.357031 0.843056 0.040625 0.1 3 0.188354 0.493359 0.438889 0.036719 0.05 12 0.180054 0.711719 0.796528 0.034375 0.123611 3 0.160767 0.467578 0.477083 0.050781 0.054167 0 0.134766 0.357031 0.84375 0.042188 0.101389 0 0.125488 0.988281 0.691667 0.023438 0.105556 3 0.122498 0.105859 0.970833 0.083594 0.058333 10 0.122131 0.716406 0.430556 0.0875 0.15 0 0.121277 0.214453 0.702778 0.038281 0.108333 3 0.12085 0.665625 0.405556 0.028125 0.052778 11 0.116333 0.633203 0.478472 0.042969 0.106944 0 0.073425 0.85 0.535417 0.028125 0.070833 3 0.046387 0.982031 0.585417 0.035937 0.123611 0 0.036774 0.30625 0.547917 0.032813 0.068056 2 0.036621 0.376563 0.457639 0.026562 0.056944 0 0.03125 0.907422 0.677083 0.035156 0.079167 10 0.029984 0.479297 0.341667 0.072656 0.083333 2 0.029083 0.515625 0.395833 0.028125 0.041667 0 0.027176 0.890625 0.590278 0.034375 0.077778 3 0.026764 0.671484 0.340972 0.021094 0.040278 2 0.02121 0.351953 0.606944 0.064844 0.083333 3 0.020721 0.640234 0.325 0.025781 0.041667 2 0.019562 0.770703 0.442361 0.022656 0.051389 2 0.019348 0.991797 0.688889 0.016406 0.108333 10 0.018158 0.042188 0.563889 0.084375 0.380556 3 0.017044 0.514844 0.395139 0.028125 0.040278 1 0.013954 0.919141 0.6875 0.036719 0.086111 0 0.013847 0.824219 0.515972 0.025 0.068056 3 0.013428 0.008984 0.252778 0.017969 0.05 2 0.013168 0.979297 0.583333 0.041406 0.127778 1 0.013123 0.049609 0.759028 0.027344 0.0875 10 0.012726 0.023828 0.616667 0.047656 0.272222 10 0.012627 0.629297 0.397222 0.042969 0.105556 8 0.008034 0.213672 0.485417 0.052344 0.098611 0 0.005344 0.013672 0.902778 0.027344 0.158333 11 0.005302 0.628516 0.391667 0.039844 0.088889 3 0.005062 0.644531 0.330556 0.025 0.041667 1 0.004505 0.403906 0.543056 0.029687 0.066667 0 0.004398 0.991797 0.853472 0.016406 0.140278 3 0.003403 0.648047 0.364583 0.017969 0.040278 10 0.003376 0.016016 0.608333 0.032031 0.158333 1 0.003111 0.305469 0.547222 0.03125 0.066667 3 0.00255 0.989453 0.594444 0.021094 0.108333 3 0.002434 0.010547 0.903472 0.021094 0.1625 3 0.002378 0.607031 0.359722 0.015625 0.041667 3 0.002165 0.648047 0.340278 0.019531 0.036111 1 0.00215 0.521094 0.427083 0.014063 0.043056 3 0.002003 0.109375 0.999306 0.092188 0.001389 1 0.001883 0.015625 0.891667 0.03125 0.133333 7 0.001846 0.649219 0.365972 0.01875 0.045833 4 0.001768 0.628516 0.39375 0.039844 0.0875 2 0.001592 0.606641 0.361111 0.016406 0.041667 12 0.001585 0.403516 0.542361 0.027344 0.070833 11 0.001574 0.990234 0.710417 0.019531 0.243056 11 0.001554 0.984766 0.846528 0.030469 0.254167 3 0.001549 0.662109 0.286111 0.021094 0.038889 2 0.001478 0.405469 0.533333 0.035937 0.072222 3 0.001455 0.995313 0.773611 0.009375 0.097222 3 0.001444 0.003906 0.784028 0.007812 0.123611 2 0.001372 0.987109 0.572917 0.025781 0.154167 0 0.001367 0.711328 0.65 0.025781 0.086111 12 0.001346 0.440625 0.816667 0.1625 0.144444 4 0.001346 0.982812 0.859722 0.034375 0.213889 3 0.001294 0.669141 0.304861 0.021094 0.034722 10 0.001294 0.992578 0.53125 0.014844 0.156944 1 0.001274 0.114453 0.809722 0.030469 0.102778 0 0.001073 0.170703 0.565972 0.038281 0.076389 1 0.001032 0.192578 0.746528 0.030469 0.076389 10 0.001032 0.982812 0.574306 0.034375 0.173611 7 0.001008 0.627734 0.391667 0.036719 0.083333 11 0.000929 0.988281 0.788194 0.023438 0.315278 10 0.000836 0.990625 0.674306 0.01875 0.226389 0 0.00083 0.011719 0.868056 0.023438 0.122222 0 0.000811 0.803125 0.504167 0.01875 0.063889 1 0.000779 0.742969 0.379861 0.014063 0.0375 10 0.000764 0.989453 0.381944 0.019531 0.077778 2 0.000747 0.012891 0.9125 0.025781 0.175 0 0.000741 0.810156 0.509722 0.020313 0.066667 3 0.000712 0.311328 0.379861 0.046094 0.045833 2 0.000704 0.826953 0.999306 0.075781 0.001389 3 0.000693 0.183203 0.982639 0.066406 0.034722 3 0.000688 0.077344 0.968056 0.14375 0.063889 10 0.000685 0.994141 0.371528 0.011719 0.101389 3 0.000659 0.994141 0.664583 0.011719 0.129167 1 0.000627 0.721094 0.927778 0.051562 0.127778 1 0.000582 0.351953 0.922917 0.064844 0.134722 3 0.000575 0.636328 0.295833 0.021094 0.036111 3 0.000557 0.994141 0.609028 0.011719 0.098611 3 0.000534 0.417969 0.272917 0.017188 0.026389 3 0.000527 0.985938 0.799306 0.028125 0.104167 3 0.000517 0.331641 0.354167 0.025781 0.038889 3 0.000504 0.013672 0.377778 0.027344 0.083333
CCTV01^20260318-110000-20260318-120000_000737,3 0.86084 0.523047 0.872222 0.067969 0.191667 10 0.836914 0.896875 0.801389 0.182812 0.383333 3 0.834473 0.310937 0.836111 0.079687 0.133333 11 0.823242 0.747656 0.645833 0.117188 0.205556 10 0.813477 0.789453 0.559028 0.121094 0.234722 10 0.784668 0.410156 0.399306 0.110937 0.126389 3 0.741699 0.29375 0.7125 0.067187 0.105556 5 0.695801 0.233594 0.797917 0.071875 0.148611 10 0.689941 0.078906 0.577778 0.14375 0.186111 3 0.660156 0.277344 0.634028 0.070312 0.093056 3 0.638672 0.082422 0.940972 0.086719 0.115278 4 0.631836 0.634375 0.510417 0.039062 0.076389 3 0.624512 0.655078 0.605556 0.053906 0.091667 4 0.565918 0.193359 0.736111 0.067969 0.15 2 0.507812 0.339062 0.632639 0.04375 0.084722 1 0.494141 0.345703 0.770139 0.028906 0.070833 3 0.480469 0.485938 0.449306 0.042188 0.056944 3 0.464844 0.360547 0.545139 0.061719 0.079167 0 0.464844 0.700391 0.850694 0.027344 0.101389 10 0.458984 0.077734 0.794444 0.155469 0.286111 9 0.405518 0.758203 0.827083 0.085156 0.223611 3 0.403564 0.640234 0.467361 0.041406 0.0625 0 0.395996 0.222656 0.894444 0.045312 0.102778 3 0.364746 0.390625 0.474306 0.048438 0.056944 3 0.350342 0.690625 0.428472 0.03125 0.054167 2 0.327637 0.360156 0.544444 0.060937 0.080556 11 0.313965 0.759375 0.820139 0.092188 0.215278 6 0.297363 0.076172 0.788194 0.152344 0.279167 1 0.295898 0.224219 0.616667 0.03125 0.066667 1 0.295898 0.149219 0.909028 0.040625 0.098611 0 0.289307 0.149219 0.909028 0.040625 0.098611 9 0.270508 0.789844 0.5625 0.123438 0.238889 3 0.269043 0.509766 0.406944 0.032031 0.047222 2 0.264404 0.414062 0.488889 0.035937 0.055556 3 0.235107 0.71875 0.495139 0.032813 0.068056 3 0.230957 0.463281 0.4875 0.046875 0.041667 3 0.221313 0.436328 0.452778 0.036719 0.047222 0 0.219971 0.215625 0.547222 0.03125 0.072222 2 0.194336 0.391406 0.477083 0.048438 0.056944 2 0.187134 0.462891 0.488889 0.047656 0.041667 0 0.185913 0.286719 0.488889 0.023438 0.061111 2 0.178955 0.463281 0.422917 0.034375 0.048611 1 0.157715 0.141406 0.80625 0.032813 0.084722 1 0.130249 0.258594 0.56875 0.025 0.056944 3 0.128906 0.184766 0.977083 0.064844 0.045833 11 0.109314 0.322656 0.456944 0.035937 0.069444 0 0.108582 0.984766 0.743056 0.030469 0.088889 1 0.099487 0.185938 0.842361 0.029687 0.084722 4 0.096375 0.758203 0.824306 0.089844 0.223611 3 0.092712 0.758203 0.813889 0.089844 0.211111 0 0.082397 0.289844 0.929861 0.0625 0.104167 9 0.07782 0.19375 0.7375 0.06875 0.138889 0 0.063965 0.185156 0.845139 0.026562 0.081944 12 0.055817 0.322656 0.456944 0.035937 0.069444 1 0.051453 0.693359 0.478472 0.017969 0.054167 2 0.046021 0.4375 0.456944 0.0375 0.052778 1 0.037903 0.991797 0.833333 0.016406 0.113889 0 0.0354 0.992188 0.829167 0.015625 0.105556 3 0.031372 0.463281 0.422917 0.035937 0.048611 8 0.030563 0.322656 0.456944 0.035937 0.069444 4 0.024994 0.789844 0.450694 0.032813 0.054167 3 0.023956 0.676953 0.3625 0.025781 0.05 3 0.021774 0.166016 0.977083 0.108594 0.045833 3 0.021698 0.662109 0.333333 0.017969 0.036111 3 0.02121 0.990234 0.656944 0.019531 0.094444 0 0.021042 0.693359 0.477778 0.017969 0.055556 0 0.018768 0.892188 0.571528 0.032813 0.090278 2 0.017776 0.322656 0.457639 0.035937 0.073611 0 0.015602 0.276953 0.923611 0.038281 0.094444 3 0.012527 0.375 0.590278 0.05 0.058333 10 0.011467 0.05 0.717361 0.1 0.2875 0 0.01107 0.169922 0.554167 0.032031 0.063889 2 0.010529 0.653516 0.397917 0.024219 0.045833 2 0.008347 0.986719 0.605556 0.026562 0.130556 0 0.007965 0.989062 0.785417 0.021875 0.154167 0 0.007874 0.262891 0.442361 0.021094 0.059722 10 0.007404 0.609375 0.376389 0.029687 0.075 1 0.007038 0.277734 0.921528 0.036719 0.090278 10 0.006798 0.017969 0.61875 0.035937 0.270833 5 0.006439 0.410938 0.973611 0.120313 0.052778 3 0.005936 0.008594 0.255556 0.017188 0.038889 1 0.005936 0.351172 0.770833 0.046094 0.086111 3 0.005936 0.409766 0.965972 0.113281 0.068056 7 0.005753 0.192969 0.747917 0.06875 0.134722 0 0.005642 0.893359 0.614583 0.035156 0.079167 3 0.004574 0.650781 0.369444 0.026562 0.047222 2 0.004574 0.483594 0.447917 0.04375 0.054167 11 0.003944 0.19375 0.756944 0.064062 0.116667 2 0.00378 0.676562 0.311111 0.015625 0.038889 10 0.003338 0.014453 0.590278 0.028906 0.161111 1 0.003248 0.197656 0.484028 0.021875 0.056944 3 0.003185 0.403125 0.547222 0.035937 0.072222 10 0.003147 0.985156 0.815972 0.028125 0.3375 0 0.002378 0.330469 0.400694 0.020313 0.045833 7 0.002035 0.322656 0.45625 0.035937 0.068056 3 0.001987 0.992578 0.675 0.014844 0.155556 10 0.001965 0.990234 0.647222 0.019531 0.230556 3 0.001897 0.194531 0.760417 0.071875 0.131944 10 0.001861 0.992969 0.511806 0.014063 0.131944 10 0.001861 0.025391 0.545833 0.050781 0.377778 2 0.001734 0.403125 0.545833 0.035937 0.069444 1 0.001585 0.7 0.840972 0.021875 0.0875 2 0.001549 0.990625 0.844444 0.01875 0.138889 0 0.001525 0.702344 0.397917 0.01875 0.043056 1 0.001513 0.173828 0.490278 0.028906 0.066667 11 0.001467 0.374219 0.442361 0.040625 0.059722 3 0.001467 0.404687 0.993056 0.139063 0.013889 10 0.001394 0.660156 0.263889 0.028125 0.069444 3 0.001389 0.370312 0.448611 0.042188 0.069444 2 0.001235 0.330469 0.4 0.020313 0.047222 3 0.001151 0.65625 0.354861 0.025 0.0375 0 0.001143 0.951562 0.615278 0.023438 0.069444 2 0.001129 0.467578 0.388889 0.025781 0.027778 11 0.001081 0.987109 0.752083 0.025781 0.293056 0 0.001073 0.612891 0.432639 0.016406 0.054167 10 0.001032 0.634375 0.291667 0.029687 0.077778 0 0.000985 0.490234 0.394444 0.025781 0.055556 3 0.00097 0.013672 0.377778 0.027344 0.080556 0 0.00097 0.992969 0.858333 0.014063 0.111111 3 0.00097 0.775781 0.970139 0.057813 0.059722 10 0.000907 0.990625 0.561111 0.01875 0.205556 2 0.0009 0.651563 0.368056 0.025 0.044444 4 0.000897 0.402344 0.547222 0.035937 0.072222 12 0.000883 0.771875 0.969444 0.054688 0.061111 1 0.000798 0.959375 0.770833 0.029687 0.077778 3 0.00077 0.192578 0.995139 0.088281 0.009722 2 0.000617 0.492969 0.397917 0.026562 0.056944 10 0.000568 0.076953 0.524306 0.153906 0.3625
CCTV01^20260318-110000-20260318-120000_000741,10 0.870117 0.217578 0.525694 0.152344 0.198611 3 0.856934 0.523047 0.872917 0.069531 0.193056 3 0.84375 0.306641 0.807639 0.067969 0.126389 4 0.838867 0.697266 0.741667 0.053906 0.133333 3 0.830078 0.769141 0.79375 0.064844 0.1375 4 0.823242 0.672656 0.584722 0.059375 0.116667 3 0.820801 0.751172 0.672222 0.058594 0.102778 3 0.795898 0.200391 0.726389 0.083594 0.108333 3 0.786621 0.301563 0.938194 0.076563 0.123611 3 0.78418 0.385547 0.904861 0.102344 0.1625 10 0.76709 0.805469 0.596528 0.129688 0.268056 3 0.686035 0.263672 0.615278 0.063281 0.080556 3 0.684082 0.102734 0.947222 0.083594 0.105556 3 0.666992 0.187109 0.947222 0.071094 0.105556 3 0.647949 0.066797 0.868056 0.108594 0.158333 1 0.629883 0.229297 0.778472 0.046094 0.109722 2 0.596191 0.475781 0.474306 0.045312 0.056944 2 0.577637 0.229687 0.778472 0.046875 0.109722 3 0.567871 0.696875 0.948611 0.070312 0.102778 5 0.558105 0.284766 0.676389 0.080469 0.125 10 0.555664 0.474609 0.358333 0.100781 0.108333 0 0.513672 0.161719 0.840972 0.0625 0.129167 10 0.501953 0.077344 0.588889 0.139063 0.219444 2 0.480469 0.696484 0.465972 0.047656 0.068056 2 0.377441 0.75 0.672222 0.057813 0.102778 1 0.313965 0.329297 0.600694 0.022656 0.068056 10 0.276611 0.664453 0.354167 0.055469 0.108333 7 0.262939 0.615625 0.479167 0.04375 0.1 10 0.257568 0.905469 0.81875 0.189062 0.348611 3 0.250977 0.475391 0.472917 0.042969 0.056944 10 0.23584 0.357422 0.450694 0.096094 0.129167 3 0.2323 0.596094 0.418056 0.0375 0.058333 2 0.230957 0.446875 0.454167 0.04375 0.061111 3 0.201782 0.4625 0.414583 0.042188 0.043056 2 0.190674 0.200391 0.638889 0.050781 0.075 3 0.189575 0.384375 0.579167 0.054688 0.075 12 0.177856 0.130859 0.667361 0.085156 0.115278 9 0.174438 0.357031 0.450694 0.09375 0.126389 3 0.147095 0.496094 0.426389 0.032813 0.05 11 0.140381 0.131641 0.666667 0.085156 0.113889 0 0.111267 0.042969 0.733333 0.059375 0.105556 2 0.109314 0.417187 0.500694 0.039062 0.0625 12 0.105225 0.042969 0.73125 0.057813 0.109722 0 0.099792 0.095703 0.759722 0.046094 0.086111 3 0.096375 0.983984 0.591667 0.032031 0.119444 3 0.095337 0.619141 0.372222 0.025781 0.052778 2 0.09137 0.856641 0.527083 0.038281 0.070833 9 0.068054 0.13125 0.665278 0.082812 0.116667 4 0.053986 0.019922 0.795139 0.039844 0.106944 0 0.050323 0.979688 0.751389 0.040625 0.075 2 0.048126 0.460547 0.416667 0.039844 0.044444 0 0.046722 0.990625 0.751389 0.01875 0.088889 1 0.046021 0.373047 0.513889 0.030469 0.063889 3 0.031982 0.699219 0.426389 0.034375 0.044444 0 0.028214 0.155469 0.688194 0.048438 0.095833 4 0.023605 0.869531 0.910417 0.151562 0.179167 5 0.021118 0.010156 0.639583 0.020313 0.098611 10 0.015671 0.010547 0.655556 0.021094 0.336111 2 0.014954 0.964453 0.670139 0.047656 0.093056 3 0.010452 0.858984 0.911111 0.127344 0.175 3 0.01033 0.008594 0.641667 0.017188 0.111111 3 0.010246 0.008984 0.255556 0.017969 0.047222 4 0.009163 0.979688 0.741667 0.039062 0.094444 10 0.009056 0.015234 0.5875 0.030469 0.241667 3 0.008575 0.994141 0.814583 0.011719 0.2125 7 0.007904 0.017188 0.788194 0.034375 0.140278 0 0.007874 0.964063 0.66875 0.046875 0.095833 10 0.007122 0.023438 0.527778 0.046875 0.338889 0 0.006905 0.229687 0.591667 0.026562 0.075 11 0.006744 0.0625 0.643056 0.09375 0.113889 3 0.006691 0.421875 0.439583 0.0375 0.048611 10 0.006641 0.979688 0.631944 0.040625 0.238889 0 0.006313 0.898438 0.611111 0.053125 0.091667 4 0.006004 0.410547 0.485417 0.042969 0.065278 0 0.004681 0.992578 0.770139 0.014844 0.115278 2 0.004608 0.699219 0.426389 0.034375 0.044444 2 0.004398 0.515234 0.39375 0.022656 0.048611 4 0.003824 0.015625 0.791667 0.03125 0.277778 3 0.003796 0.995313 0.722222 0.009375 0.122222 7 0.003664 0.134766 0.66875 0.083594 0.109722 4 0.003496 0.019141 0.729861 0.038281 0.248611 2 0.003483 0.990234 0.579167 0.019531 0.144444 3 0.003429 0.982031 0.71875 0.035937 0.134722 4 0.003298 0.936719 0.511111 0.05 0.091667 4 0.00316 0.402734 0.475694 0.036719 0.070833 3 0.002913 0.613281 0.320833 0.032813 0.077778 2 0.00255 0.478125 0.457639 0.040625 0.059722 11 0.002323 0.01875 0.733333 0.0375 0.247222 1 0.00226 0.228906 0.590972 0.026562 0.070833 10 0.002243 0.076172 0.515278 0.152344 0.363889 0 0.00205 0.987109 0.775 0.025781 0.141667 12 0.00201 0.737109 0.350694 0.025781 0.056944 3 0.001972 0.990625 0.826389 0.01875 0.258333 0 0.001926 0.198047 0.640278 0.050781 0.077778 11 0.0017 0.426563 0.745833 0.189062 0.255556 3 0.001681 0.003516 0.898611 0.007031 0.158333 4 0.001611 0.610938 0.319444 0.03125 0.075 11 0.001574 0.192969 0.581944 0.090625 0.111111 12 0.001383 0.455078 0.997222 0.127344 0.005556 3 0.001265 0.766797 0.475694 0.047656 0.070833 1 0.001184 0.649219 0.426389 0.01875 0.044444 10 0.00106 0.987109 0.579167 0.025781 0.177778 7 0.001 0.737109 0.349306 0.025781 0.056944 1 0.000966 0.33125 0.597917 0.042188 0.081944 3 0.000955 0.006641 0.813889 0.013281 0.105556 3 0.000894 0.412109 0.461806 0.046094 0.068056 3 0.00089 0.992578 0.378472 0.014844 0.093056 3 0.000869 0.003906 0.765972 0.007812 0.198611 3 0.000836 0.673438 0.199306 0.014063 0.023611 2 0.00083 0.146875 0.667361 0.060937 0.106944 3 0.000813 0.249609 0.955556 0.067969 0.088889 0 0.000776 0.873828 0.477083 0.025781 0.059722 1 0.00077 0.4 0.495139 0.029687 0.068056 10 0.000752 0.992969 0.358333 0.014063 0.144444 10 0.000744 0.612109 0.318056 0.030469 0.075 2 0.000727 0.497266 0.426389 0.036719 0.055556 0 0.000715 0.021875 0.754861 0.04375 0.256944 6 0.000688 0.010547 0.613194 0.021094 0.195833 3 0.000669 0.415625 0.973611 0.059375 0.052778 1 0.000657 0.017969 0.809722 0.035937 0.105556 1 0.000631 0.752344 0.6 0.025 0.055556 4 0.000607 0.967187 0.677778 0.060937 0.147222 7 0.000597 0.325 0.355556 0.029687 0.055556 3 0.000579 0.496484 0.390278 0.030469 0.041667 6 0.000579 0.908203 0.814583 0.183594 0.343056 4 0.000557 0.061328 0.647917 0.088281 0.118056 2 0.000524 0.012891 0.811806 0.025781 0.318056 3 0.000515 0.402734 0.452083 0.022656 0.048611 0 0.000504 0.76875 0.396528 0.01875 0.051389
CCTV01^20260318-110000-20260318-120000_000745,3 0.868164 0.523438 0.872222 0.06875 0.191667 10 0.866699 0.895703 0.776389 0.191406 0.402778 10 0.86084 0.784766 0.520139 0.117969 0.198611 3 0.858887 0.20625 0.736806 0.078125 0.115278 3 0.85791 0.792969 0.872222 0.067187 0.158333 9 0.836426 0.647266 0.4625 0.055469 0.122222 4 0.788086 0.24375 0.790972 0.059375 0.1375 3 0.786621 0.682813 0.555556 0.048438 0.091667 3 0.779785 0.295312 0.619444 0.06875 0.077778 10 0.76709 0.085156 0.584028 0.145313 0.2125 3 0.756348 0.309375 0.677083 0.075 0.1125 10 0.755859 0.344141 0.413194 0.116406 0.129167 3 0.729492 0.028516 0.863194 0.057031 0.123611 11 0.729492 0.333984 0.870833 0.117969 0.222222 3 0.726562 0.036719 0.776389 0.073438 0.097222 3 0.680664 0.697266 0.721528 0.063281 0.184722 3 0.635254 0.374609 0.5625 0.063281 0.086111 3 0.511719 0.476172 0.472917 0.046094 0.051389 5 0.486328 0.13125 0.848611 0.078125 0.186111 3 0.420654 0.047266 0.954167 0.083594 0.091667 1 0.392334 0.194922 0.660417 0.033594 0.065278 2 0.386719 0.475781 0.472917 0.04375 0.051389 3 0.386719 0.367188 0.504861 0.048438 0.065278 3 0.379395 0.284375 0.566667 0.060937 0.080556 9 0.334473 0.333594 0.873611 0.115625 0.222222 11 0.317383 0.287891 0.486111 0.064844 0.086111 3 0.305664 0.501953 0.431944 0.036719 0.052778 10 0.295898 0.702344 0.397222 0.057813 0.133333 2 0.270508 0.501563 0.430556 0.035937 0.052778 5 0.26123 0.283594 0.568056 0.0625 0.086111 5 0.201782 0.432422 0.477083 0.055469 0.076389 0 0.199341 0.2375 0.627083 0.035937 0.076389 4 0.180054 0.339453 0.875 0.114844 0.216667 4 0.174438 0.142187 0.9375 0.085938 0.125 3 0.173828 0.037891 0.79375 0.075781 0.226389 3 0.166626 0.421094 0.418056 0.04375 0.047222 3 0.125488 0.566797 0.468056 0.032031 0.077778 9 0.114746 0.431641 0.474306 0.053906 0.076389 8 0.10376 0.290234 0.4875 0.069531 0.083333 1 0.091736 0.188672 0.84375 0.042969 0.106944 0 0.087585 0.014063 0.925694 0.028125 0.104167 3 0.071838 0.141797 0.938194 0.085156 0.123611 3 0.068542 0.432031 0.473611 0.053125 0.075 0 0.065857 0.187891 0.840972 0.042969 0.109722 4 0.065125 0.291797 0.4875 0.072656 0.088889 2 0.063049 0.519922 0.382639 0.038281 0.051389 3 0.057068 0.01875 0.890972 0.0375 0.181944 10 0.054596 0.645703 0.379861 0.055469 0.120833 1 0.045349 0.080859 0.813889 0.047656 0.102778 3 0.037903 0.519531 0.382639 0.039062 0.051389 0 0.03775 0.328516 0.483333 0.025781 0.058333 6 0.035156 0.966406 0.934028 0.067187 0.131944 0 0.033203 0.228516 0.60625 0.036719 0.081944 0 0.032349 0.176563 0.594444 0.0375 0.072222 7 0.026352 0.290625 0.486806 0.070312 0.0875 3 0.025375 0.188672 0.840972 0.041406 0.101389 2 0.025085 0.239453 0.526389 0.032031 0.066667 0 0.022888 0.972266 0.739583 0.049219 0.095833 2 0.021118 0.892188 0.543056 0.04375 0.063889 2 0.021042 0.465234 0.436806 0.032031 0.045833 0 0.020096 0.081641 0.8125 0.047656 0.105556 10 0.017181 0.479297 0.356944 0.078906 0.088889 1 0.015541 0.235156 0.627083 0.0375 0.076389 9 0.015427 0.479297 0.355556 0.077344 0.088889 2 0.013428 0.980469 0.588889 0.039062 0.119444 10 0.012924 0.969922 0.920833 0.060156 0.158333 3 0.01133 0.430078 0.447917 0.047656 0.048611 10 0.009781 0.012891 0.604167 0.025781 0.272222 10 0.009453 0.025781 0.529167 0.051562 0.330556 1 0.009338 0.792188 0.96875 0.045312 0.0625 3 0.008919 0.981641 0.591667 0.036719 0.105556 10 0.008545 0.625 0.265278 0.028125 0.075 5 0.008217 0.968359 0.934722 0.063281 0.130556 0 0.007637 0.140625 0.938889 0.082812 0.122222 2 0.007122 0.994141 0.811111 0.011719 0.133333 4 0.006931 0.033203 0.777083 0.066406 0.279167 0 0.006615 0.337109 0.875 0.110156 0.205556 0 0.006538 0.980469 0.715972 0.035937 0.095833 3 0.00634 0.967187 0.935417 0.065625 0.129167 10 0.006004 0.989062 0.803472 0.020313 0.290278 0 0.005642 0.219141 0.560417 0.028906 0.070833 2 0.005386 0.855469 0.485417 0.028125 0.0625 2 0.005302 0.966406 0.927778 0.067187 0.144444 2 0.00502 0.136328 0.934722 0.078906 0.116667 3 0.003975 0.011719 0.634722 0.023438 0.091667 5 0.003824 0.011719 0.634028 0.023438 0.090278 10 0.003538 0.080859 0.514583 0.161719 0.356944 0 0.003511 0.239453 0.461111 0.030469 0.061111 2 0.003469 0.971094 0.738194 0.048438 0.095833 2 0.003185 0.037109 0.780556 0.074219 0.261111 1 0.003075 0.613281 0.559722 0.029687 0.061111 3 0.003052 0.425391 0.4375 0.044531 0.044444 2 0.002531 0.130859 0.85 0.075781 0.180556 2 0.002493 0.900781 0.615278 0.053125 0.1 10 0.00205 0.991797 0.810417 0.016406 0.173611 4 0.001972 0.326953 0.486806 0.030469 0.070833 4 0.001853 0.035547 0.728472 0.071094 0.134722 3 0.001824 0.008594 0.254167 0.017188 0.047222 0 0.00181 0.991797 0.709722 0.016406 0.097222 4 0.001796 0.3125 0.488194 0.035937 0.076389 12 0.001796 0.766406 0.992361 0.14375 0.015278 0 0.0017 0.248047 0.482639 0.027344 0.054167 0 0.001668 0.046875 0.70625 0.039062 0.068056 0 0.001592 0.174609 0.569444 0.036719 0.111111 2 0.001484 0.028906 0.881944 0.057813 0.191667 3 0.001472 0.005469 0.7125 0.010937 0.091667 4 0.001346 0.017969 0.711806 0.035937 0.106944 2 0.001315 0.989844 0.801389 0.01875 0.163889 6 0.001245 0.746094 0.349306 0.025 0.048611 0 0.001116 0.350391 0.951389 0.058594 0.075 0 0.001099 0.239063 0.514583 0.039062 0.0875 4 0.00104 0.937891 0.513194 0.047656 0.090278 3 0.00104 0.993359 0.879861 0.013281 0.1375 0 0.00097 0.226562 0.470833 0.021875 0.058333 4 0.000955 0.745313 0.350694 0.025 0.051389 0 0.000955 0.226172 0.5875 0.032031 0.072222 10 0.000937 0.027734 0.632639 0.053906 0.370833 12 0.000907 0.1375 0.939583 0.084375 0.120833 3 0.000904 0.494531 0.424306 0.040625 0.059722 2 0.00089 0.745313 0.350694 0.025 0.048611 12 0.000849 0.08125 0.814583 0.05 0.109722 0 0.000843 0.232813 0.492361 0.032813 0.070833 3 0.00082 0.2125 0.70625 0.060937 0.051389 1 0.000807 0.992969 0.859722 0.014063 0.097222 0 0.000795 0.133203 0.888194 0.078906 0.156944 2 0.000785 0.00625 0.70625 0.0125 0.0875 4 0.000735 0.314063 0.802083 0.064062 0.081944 10 0.000718 0.655078 0.25 0.027344 0.075 3 0.000621 0.899609 0.621528 0.055469 0.123611 11 0.000577 0.984766 0.585417 0.030469 0.148611 3 0.000559 0.461719 0.436111 0.034375 0.044444 10 0.000557 0.012891 0.715278 0.025781 0.322222 0 0.000555 0.0375 0.724306 0.075 0.181944 12 0.000536 0.457031 0.286806 0.034375 0.059722 7 0.000532 0.966016 0.925694 0.067969 0.148611 2 0.000524 0.019141 0.901389 0.038281 0.197222 0 0.000511 0.014063 0.7 0.028125 0.083333
CCTV01^20260318-110000-20260318-120000_000749,3 0.875 0.523438 0.872222 0.06875 0.191667 10 0.840332 0.776953 0.79375 0.132031 0.390278 3 0.836426 0.2 0.916667 0.065625 0.152778 3 0.827637 0.660937 0.534722 0.04375 0.077778 3 0.825684 0.241016 0.773611 0.072656 0.113889 3 0.811523 0.116406 0.792361 0.08125 0.118056 10 0.780762 0.109375 0.561111 0.14375 0.205556 10 0.76416 0.917188 0.827083 0.165625 0.345833 3 0.760742 0.128906 0.905556 0.107813 0.144444 3 0.750488 0.296875 0.697917 0.053125 0.093056 5 0.733887 0.325 0.778472 0.067187 0.148611 3 0.720215 0.143359 0.700694 0.085156 0.093056 10 0.688477 0.389453 0.385417 0.117969 0.115278 4 0.665527 0.189062 0.734722 0.073438 0.127778 10 0.664551 0.04375 0.788194 0.0875 0.284722 4 0.658203 0.258203 0.61875 0.047656 0.098611 10 0.628906 0.751172 0.509722 0.075781 0.191667 3 0.613281 0.634375 0.451389 0.034375 0.075 3 0.581543 0.188281 0.734028 0.073438 0.126389 0 0.556641 0.025 0.890972 0.05 0.118056 4 0.539062 0.269922 0.84375 0.064844 0.154167 3 0.537109 0.386719 0.532639 0.059375 0.0625 3 0.529297 0.681641 0.475 0.032031 0.063889 5 0.523438 0.328516 0.534722 0.067969 0.086111 3 0.509766 0.210938 0.504167 0.032813 0.061111 3 0.457031 0.346094 0.946528 0.071875 0.106944 7 0.44165 0.669531 0.642361 0.059375 0.123611 10 0.392334 0.632031 0.3625 0.039062 0.113889 2 0.390381 0.474609 0.479861 0.041406 0.056944 3 0.370117 0.269922 0.843056 0.064844 0.15 3 0.348633 0.439063 0.471528 0.048438 0.0625 2 0.343262 0.49375 0.442361 0.035937 0.051389 10 0.338135 0.878516 0.628472 0.174219 0.248611 4 0.329346 0.344141 0.597917 0.091406 0.134722 4 0.327637 0.670312 0.643056 0.057813 0.122222 3 0.217285 0.258594 0.620139 0.046875 0.098611 3 0.200562 0.566406 0.469444 0.032813 0.077778 11 0.200562 0.342578 0.597917 0.085156 0.131944 0 0.191284 0.216797 0.651389 0.036719 0.083333 0 0.173828 0.263672 0.484722 0.024219 0.063889 11 0.160278 0.314063 0.445833 0.048438 0.069444 2 0.155029 0.393359 0.447917 0.036719 0.065278 4 0.146118 0.335547 0.461806 0.032031 0.051389 9 0.134277 0.327734 0.536111 0.067969 0.088889 3 0.124634 0.493359 0.442361 0.035156 0.051389 10 0.107056 0.021094 0.647222 0.042188 0.25 0 0.088501 0.142578 0.625694 0.038281 0.076389 3 0.081238 0.512109 0.407639 0.028906 0.048611 1 0.072388 0.702734 0.523611 0.016406 0.055556 1 0.065613 0.400781 0.475 0.03125 0.052778 2 0.054993 0.463672 0.43125 0.038281 0.054167 1 0.054413 0.230469 0.560417 0.025 0.056944 0 0.049774 0.240234 0.533333 0.025781 0.061111 2 0.048492 0.511719 0.406944 0.029687 0.047222 3 0.047089 0.463672 0.429861 0.038281 0.054167 0 0.046021 0.984766 0.738194 0.030469 0.106944 2 0.033722 0.302734 0.502778 0.035156 0.077778 2 0.0336 0.566406 0.468056 0.03125 0.075 4 0.028976 0.686328 0.407639 0.030469 0.0625 3 0.028549 0.302734 0.508333 0.036719 0.088889 2 0.028107 0.775391 0.4375 0.024219 0.05 3 0.023239 0.008984 0.25625 0.017969 0.051389 7 0.022888 0.335938 0.463194 0.03125 0.051389 1 0.022202 0.211328 0.59375 0.032031 0.076389 2 0.021622 0.686719 0.406944 0.03125 0.061111 0 0.017639 0.359766 0.442361 0.025781 0.051389 0 0.016281 0.238672 0.491667 0.017969 0.05 2 0.013954 0.400781 0.471528 0.03125 0.054167 6 0.012825 0.042969 0.790278 0.085938 0.286111 2 0.011826 0.805078 0.436806 0.024219 0.051389 0 0.007462 0.233594 0.642361 0.021875 0.095833 3 0.006241 0.437891 0.428472 0.032031 0.043056 10 0.005775 0.028516 0.535417 0.057031 0.393056 3 0.005619 0.685937 0.406944 0.032813 0.063889 2 0.005039 0.485156 0.403472 0.021875 0.0375 10 0.004166 0.066406 0.527778 0.13125 0.386111 1 0.003944 0.219141 0.578472 0.027344 0.076389 2 0.003197 0.332422 0.461111 0.033594 0.055556 3 0.003075 0.515234 0.364583 0.038281 0.051389 2 0.002958 0.438281 0.436111 0.034375 0.027778 11 0.002935 0.080078 0.625694 0.058594 0.120833 3 0.002823 0.475781 0.48125 0.045312 0.056944 0 0.00279 0.245703 0.457639 0.016406 0.045833 10 0.002684 0.987109 0.775694 0.025781 0.2625 10 0.002663 0.675391 0.344444 0.042969 0.119444 1 0.00259 0.184375 0.614583 0.025 0.068056 3 0.002481 0.344922 0.597917 0.077344 0.131944 10 0.002058 0.987891 0.841667 0.024219 0.222222 1 0.001897 0.700781 0.527083 0.028125 0.065278 10 0.0017 0.990625 0.652083 0.01875 0.229167 0 0.001519 0.994141 0.680556 0.011719 0.1 0 0.00149 0.211328 0.449306 0.022656 0.054167 3 0.00149 0.245703 0.742361 0.053906 0.051389 0 0.001399 0.233984 0.555556 0.032031 0.066667 3 0.001341 0.670703 0.643056 0.057031 0.125 10 0.001315 0.017969 0.585417 0.035937 0.2375 0 0.001197 0.213672 0.578472 0.027344 0.065278 4 0.001151 0.836719 0.484722 0.048438 0.075 3 0.001032 0.020703 0.622222 0.041406 0.180556 2 0.000997 0.215625 0.509722 0.032813 0.066667 0 0.000985 0.995703 0.661806 0.008594 0.109722 3 0.000846 0.476172 0.398611 0.033594 0.033333 10 0.00082 0.99375 0.529861 0.0125 0.129167 0 0.000792 0.240234 0.478472 0.022656 0.073611 3 0.000762 0.986719 0.60625 0.026562 0.1375 6 0.000593 0.913672 0.665278 0.099219 0.166667 1 0.000584 0.226172 0.567361 0.030469 0.079167 4 0.000579 0.9375 0.513194 0.046875 0.090278 0 0.000577 0.135156 0.60625 0.042188 0.090278 0 0.00057 0.364844 0.577083 0.05 0.090278 0 0.000566 0.240625 0.45625 0.020313 0.051389 0 0.000557 0.994141 0.79375 0.011719 0.1875 0 0.000551 0.990625 0.686806 0.017188 0.126389 1 0.000536 0.710547 0.448611 0.014844 0.052778 0 0.000524 0.990234 0.752083 0.019531 0.143056 0 0.000511 0.710547 0.446528 0.017969 0.051389 10 0.000509 0.953125 0.804861 0.09375 0.279167
CCTV01^20260318-110000-20260318-120000_000753,3 0.888672 0.317188 0.781944 0.060937 0.113889 3 0.868652 0.130859 0.797222 0.086719 0.133333 3 0.86084 0.714063 0.747917 0.067187 0.1625 3 0.858887 0.267188 0.913194 0.08125 0.156944 4 0.852051 0.272656 0.677083 0.053125 0.115278 3 0.852051 0.522656 0.872222 0.070312 0.191667 3 0.841797 0.230859 0.797222 0.075781 0.125 3 0.813965 0.157812 0.861806 0.08125 0.131944 3 0.811523 0.292578 0.613194 0.064844 0.079167 3 0.806641 0.342578 0.930556 0.075781 0.136111 3 0.803223 0.210547 0.658333 0.080469 0.094444 10 0.797363 0.808594 0.635417 0.146875 0.279167 10 0.772461 0.139063 0.618056 0.185938 0.25 10 0.734863 0.917188 0.825 0.165625 0.35 3 0.708984 0.269141 0.582639 0.074219 0.076389 5 0.642578 0.339844 0.625 0.0625 0.111111 10 0.624512 0.416406 0.370139 0.110937 0.106944 2 0.562012 0.684375 0.640278 0.035937 0.080556 1 0.562012 0.683984 0.640278 0.036719 0.080556 10 0.541016 0.666406 0.478472 0.071875 0.179167 3 0.507812 0.172656 0.950694 0.092188 0.098611 0 0.424316 0.798438 0.835417 0.028125 0.098611 7 0.394287 0.713672 0.572222 0.050781 0.086111 4 0.363037 0.301563 0.470139 0.032813 0.068056 3 0.350342 0.359766 0.483333 0.041406 0.052778 3 0.343262 0.358594 0.532639 0.046875 0.065278 2 0.319092 0.453906 0.447917 0.045312 0.059722 2 0.319092 0.491406 0.452778 0.0375 0.058333 3 0.223999 0.714063 0.571528 0.051562 0.084722 0 0.221313 0.025391 0.945833 0.050781 0.102778 2 0.19812 0.359375 0.532639 0.048438 0.065278 10 0.194946 0.019922 0.645139 0.039844 0.265278 10 0.177246 0.110156 0.573611 0.140625 0.230556 3 0.166626 0.453906 0.450694 0.045312 0.059722 1 0.121277 0.314063 0.539583 0.03125 0.059722 4 0.103027 0.387109 0.54375 0.067969 0.104167 0 0.099792 0.042969 0.849306 0.048438 0.090278 2 0.098755 0.567187 0.468056 0.03125 0.077778 3 0.092041 0.462891 0.489583 0.052344 0.051389 3 0.090759 0.490625 0.452083 0.0375 0.056944 3 0.085083 0.400391 0.435417 0.038281 0.065278 0 0.071838 0.166406 0.702778 0.034375 0.091667 2 0.069275 0.461328 0.491667 0.053906 0.05 1 0.068542 0.799609 0.834028 0.027344 0.095833 3 0.065613 0.390625 0.536111 0.075 0.119444 7 0.063477 0.301953 0.470139 0.033594 0.068056 2 0.053192 0.026172 0.945833 0.052344 0.102778 3 0.053009 0.230078 0.434722 0.033594 0.052778 3 0.042877 0.567187 0.46875 0.03125 0.079167 1 0.039795 0.025391 0.945833 0.050781 0.102778 2 0.035828 0.505078 0.415972 0.032031 0.040278 11 0.0354 0.341016 0.427083 0.038281 0.076389 3 0.032104 0.523047 0.38125 0.028906 0.043056 5 0.03186 0.442969 0.418056 0.040625 0.066667 0 0.030563 0.008203 0.841667 0.016406 0.147222 3 0.028976 0.50625 0.416667 0.03125 0.044444 0 0.027176 0.025391 0.790278 0.041406 0.116667 4 0.026855 0.410547 0.511806 0.042969 0.070833 2 0.023605 0.007031 0.838889 0.014063 0.130556 3 0.021622 0.024219 0.792361 0.039062 0.115278 4 0.021362 0.340625 0.427778 0.035937 0.080556 5 0.021286 0.475 0.411111 0.035937 0.055556 2 0.020889 0.474219 0.410417 0.035937 0.054167 10 0.019638 0.026562 0.547222 0.053125 0.408333 4 0.019562 0.740234 0.490278 0.046094 0.086111 3 0.018539 0.474219 0.411111 0.035937 0.055556 9 0.017044 0.384766 0.55 0.058594 0.097222 0 0.014175 0.266016 0.455556 0.032031 0.063889 3 0.012192 0.739453 0.489583 0.046094 0.079167 0 0.011917 0.0125 0.8625 0.025 0.144444 2 0.01107 0.401172 0.439583 0.036719 0.0625 3 0.010986 0.021875 0.616667 0.04375 0.175 9 0.009087 0.109766 0.55 0.139844 0.180556 3 0.008781 0.417187 0.488889 0.04375 0.041667 0 0.007725 0.801172 0.835417 0.052344 0.109722 9 0.007576 0.340625 0.426389 0.039062 0.077778 1 0.006958 0.014453 0.725 0.028906 0.077778 10 0.005959 0.692187 0.409028 0.057813 0.159722 2 0.005821 0.005859 0.810417 0.011719 0.134722 6 0.005219 0.729297 0.301389 0.022656 0.044444 11 0.005161 0.390234 0.538194 0.078906 0.1125 3 0.0051 0.008594 0.256944 0.017188 0.038889 2 0.004982 0.416797 0.488889 0.041406 0.044444 11 0.004829 0.353125 0.428472 0.051562 0.070833 3 0.004555 0.521484 0.364583 0.028906 0.0375 0 0.004467 0.075391 0.790278 0.052344 0.108333 0 0.0042 0.780078 0.444444 0.025781 0.061111 1 0.00407 0.019531 0.709722 0.039062 0.113889 12 0.003607 0.341797 0.427083 0.041406 0.079167 3 0.003075 0.51875 0.35625 0.026562 0.034722 4 0.002993 0.283594 0.419444 0.03125 0.061111 0 0.002779 0.009375 0.73125 0.01875 0.081944 4 0.002493 0.883594 0.549306 0.045312 0.079167 2 0.002472 0.228906 0.436806 0.035937 0.056944 4 0.002453 0.089453 0.760417 0.072656 0.134722 12 0.002398 0.740234 0.490278 0.046094 0.083333 11 0.002287 0.0125 0.849306 0.025 0.290278 10 0.002234 0.066797 0.540972 0.133594 0.409722 0 0.0021 0.120703 0.720833 0.046094 0.072222 3 0.002083 0.44375 0.422222 0.045312 0.063889 0 0.001675 0.025781 0.69375 0.051562 0.129167 0 0.001549 0.030469 0.827778 0.051562 0.130556 10 0.001394 0.984766 0.736111 0.030469 0.344444 4 0.001389 0.398828 0.440972 0.038281 0.0625 0 0.001315 0.989453 0.651389 0.021094 0.083333 2 0.001225 0.739453 0.490278 0.046094 0.080556 3 0.001188 0.547656 0.378472 0.021875 0.043056 3 0.001165 0.985547 0.600694 0.028906 0.1375 4 0.001147 0.369141 0.428472 0.028906 0.056944 8 0.001065 0.071875 0.672917 0.057813 0.140278 4 0.001057 0.344922 0.456944 0.052344 0.069444 0 0.001017 0.021875 0.841667 0.04375 0.266667 6 0.000962 0.742969 0.263194 0.04375 0.076389 4 0.000947 0.474219 0.411806 0.035937 0.054167 3 0.000947 0.020313 0.691667 0.040625 0.15 0 0.00089 0.019922 0.875694 0.038281 0.118056 2 0.000823 0.501172 0.388194 0.027344 0.0375 0 0.000744 0.085938 0.773611 0.070312 0.136111 7 0.000715 0.391016 0.530556 0.078906 0.127778 10 0.00071 0.994531 0.346528 0.010937 0.154167 0 0.00071 0.058203 0.803472 0.036719 0.131944 10 0.000707 0.014844 0.704167 0.029687 0.341667 3 0.000693 0.737891 0.979167 0.052344 0.041667 10 0.000693 0.172656 0.601389 0.117188 0.216667 0 0.000634 0.035547 0.684028 0.032031 0.093056 0 0.0006 0.273828 0.465278 0.044531 0.072222 12 0.0006 0.373828 0.999306 0.121094 0.001389 4 0.000597 0.098828 0.736111 0.080469 0.111111 10 0.000586 0.05625 0.621528 0.101562 0.334722 12 0.000584 0.046484 0.997222 0.092969 0.005556 2 0.000548 0.888672 0.55 0.036719 0.080556 8 0.000548 0.4 0.520833 0.064062 0.130556 10 0.000542 0.966406 0.775694 0.067187 0.381944 2 0.000519 0.010937 0.878472 0.021875 0.243056 4 0.000511 0.448437 0.438194 0.046875 0.073611
CCTV01^20260318-110000-20260318-120000_000757,10 0.882812 0.357422 0.441667 0.139844 0.152778 3 0.868164 0.232031 0.8 0.067187 0.111111 3 0.866211 0.316406 0.799306 0.065625 0.126389 3 0.855957 0.258984 0.704861 0.063281 0.101389 3 0.841797 0.136328 0.779861 0.072656 0.123611 3 0.841797 0.523047 0.872917 0.071094 0.195833 11 0.835449 0.644531 0.452083 0.04375 0.134722 3 0.820801 0.160156 0.919444 0.076563 0.152778 3 0.811523 0.244141 0.914583 0.080469 0.159722 3 0.810547 0.204297 0.713889 0.061719 0.1 3 0.805664 0.323437 0.666667 0.0625 0.105556 2 0.732422 0.046094 0.815278 0.064062 0.111111 3 0.716797 0.213672 0.636111 0.055469 0.080556 10 0.708008 0.836328 0.676389 0.171094 0.316667 3 0.705566 0.315625 0.540972 0.065625 0.076389 3 0.680664 0.268359 0.595139 0.069531 0.090278 10 0.67334 0.701172 0.541667 0.064844 0.230556 10 0.625 0.110156 0.540278 0.14375 0.175 10 0.564941 0.061328 0.709028 0.122656 0.245833 10 0.555664 0.766406 0.818056 0.16875 0.358333 2 0.535156 0.430469 0.469444 0.04375 0.058333 4 0.480469 0.290234 0.6125 0.053906 0.105556 9 0.476562 0.836328 0.676389 0.172656 0.313889 9 0.416748 0.766406 0.81875 0.16875 0.351389 9 0.303955 0.110156 0.541667 0.142187 0.175 2 0.30249 0.375 0.575694 0.05625 0.081944 1 0.281494 0.158203 0.815972 0.039844 0.076389 3 0.229492 0.375 0.576389 0.054688 0.077778 2 0.210815 0.566016 0.469444 0.033594 0.080556 10 0.15918 0.937109 0.86875 0.125781 0.2625 2 0.155029 0.158203 0.649306 0.041406 0.084722 2 0.151978 0.510938 0.403472 0.032813 0.059722 2 0.134277 0.457813 0.413194 0.04375 0.048611 4 0.123352 0.478125 0.444444 0.059375 0.086111 3 0.085999 0.430859 0.469444 0.042969 0.061111 3 0.063965 0.457813 0.413889 0.04375 0.05 3 0.062103 0.566016 0.46875 0.033594 0.081944 3 0.059418 0.511328 0.402778 0.033594 0.061111 9 0.057709 0.476172 0.444444 0.061719 0.086111 3 0.049042 0.476172 0.443056 0.060156 0.086111 9 0.046906 0.063672 0.713889 0.127344 0.261111 10 0.046021 0.504297 0.321528 0.078906 0.0875 2 0.037048 0.485547 0.375 0.041406 0.05 10 0.036072 0.027344 0.65 0.054688 0.283333 0 0.033478 0.264844 0.495139 0.028125 0.070833 4 0.023422 0.96875 0.751389 0.0625 0.180556 5 0.022461 0.486328 0.375 0.042969 0.052778 2 0.017578 0.203516 0.535417 0.038281 0.068056 2 0.016159 0.96875 0.744444 0.0625 0.158333 1 0.015839 0.191797 0.78125 0.028906 0.076389 4 0.011597 0.204297 0.525694 0.038281 0.081944 11 0.011421 0.96875 0.754167 0.0625 0.208333 0 0.010094 0.095703 0.75 0.042969 0.094444 3 0.009125 0.203516 0.535417 0.038281 0.068056 2 0.008316 0.155078 0.585417 0.046094 0.081944 4 0.008217 0.223438 0.5 0.034375 0.075 4 0.007404 0.883594 0.547917 0.054688 0.098611 0 0.007175 0.189453 0.784028 0.027344 0.076389 0 0.006851 0.195703 0.586111 0.036719 0.072222 0 0.006691 0.110937 0.742361 0.075 0.123611 3 0.006096 0.486328 0.375 0.041406 0.05 2 0.005844 0.530078 0.3625 0.027344 0.05 3 0.0056 0.530469 0.363194 0.029687 0.048611 1 0.00518 0.142578 0.792361 0.064844 0.109722 10 0.00502 0.030078 0.553472 0.060156 0.409722 11 0.00425 0.702344 0.528472 0.0625 0.201389 10 0.00423 0.054688 0.615972 0.107813 0.331944 10 0.00387 0.627344 0.374306 0.045312 0.123611 10 0.00304 0.076563 0.542361 0.153125 0.4125 3 0.002913 0.227734 0.434028 0.035156 0.059722 2 0.002562 0.227734 0.434722 0.035156 0.058333 10 0.002199 0.785937 0.678472 0.078125 0.290278 10 0.002058 0.710547 0.288194 0.035156 0.073611 0 0.001912 0.919922 0.66875 0.041406 0.104167 0 0.001897 0.135547 0.693056 0.049219 0.080556 0 0.001853 0.314844 0.957639 0.10625 0.084722 2 0.001668 0.883594 0.548611 0.053125 0.097222 10 0.001604 0.984766 0.70625 0.030469 0.293056 10 0.001455 0.663281 0.336111 0.04375 0.097222 3 0.001455 0.45 0.488194 0.045312 0.040278 0 0.001389 0.269922 0.447917 0.024219 0.051389 10 0.001294 0.991797 0.525694 0.016406 0.151389 0 0.001265 0.747266 0.584722 0.028906 0.080556 6 0.001188 0.710547 0.288194 0.033594 0.073611 6 0.001151 0.78125 0.372917 0.03125 0.056944 2 0.001151 0.992969 0.425 0.014063 0.136111 0 0.001057 0.067187 0.965278 0.057813 0.069444 10 0.001032 0.992969 0.724306 0.014063 0.170833 12 0.001008 0.955469 0.997917 0.089063 0.004167 11 0.001004 0.219141 0.468056 0.067969 0.152778 0 0.001 0.155859 0.647222 0.041406 0.080556 12 0.001 0.309766 0.952083 0.136719 0.095833 0 0.000947 0.394922 0.940972 0.097656 0.118056 10 0.000915 0.990234 0.5625 0.019531 0.208333 10 0.000897 0.022266 0.567361 0.044531 0.215278 6 0.000866 0.992188 0.736806 0.015625 0.176389 3 0.000843 0.49375 0.390972 0.05 0.054167 10 0.000804 0.983984 0.594444 0.032031 0.177778 4 0.000798 0.194531 0.588889 0.0375 0.072222 12 0.00075 0.750391 0.999306 0.125781 0.001389 0 0.000712 0.160156 0.806944 0.034375 0.080556 2 0.000704 0.746875 0.584028 0.026562 0.076389 2 0.000693 0.989453 0.436806 0.019531 0.095833 3 0.000688 0.008594 0.255556 0.017188 0.05 3 0.000661 0.289844 0.622222 0.051562 0.097222 3 0.000646 0.128906 0.695833 0.05625 0.083333 7 0.000621 0.223828 0.499306 0.033594 0.076389 4 0.000593 0.78125 0.372222 0.029687 0.058333 1 0.000562 0.400781 0.516667 0.01875 0.055556 2 0.00054 0.496484 0.479861 0.024219 0.045833 3 0.000525 0.307812 0.957639 0.090625 0.084722
CCTV01^20260318-110000-20260318-120000_000761,3 0.877441 0.2625 0.639583 0.070312 0.084722 3 0.871582 0.257422 0.725 0.066406 0.105556 11 0.86084 0.732812 0.696528 0.09375 0.2375 3 0.839844 0.174609 0.799306 0.066406 0.123611 3 0.834473 0.271094 0.823611 0.073438 0.136111 10 0.816895 0.891016 0.754861 0.217969 0.368056 3 0.794434 0.522266 0.872222 0.069531 0.194444 3 0.792969 0.324609 0.640972 0.060156 0.095833 10 0.786133 0.433984 0.393056 0.110156 0.122222 3 0.78418 0.261719 0.56875 0.05625 0.073611 2 0.743164 0.764844 0.94375 0.0625 0.1125 10 0.742188 0.158594 0.569444 0.165625 0.225 12 0.689453 0.321484 0.711806 0.033594 0.090278 5 0.680664 0.476562 0.456944 0.048438 0.072222 3 0.654785 0.386719 0.536111 0.057813 0.075 10 0.623535 0.663281 0.516667 0.078125 0.205556 4 0.607422 0.315625 0.527778 0.04375 0.086111 3 0.605957 0.358203 0.475694 0.063281 0.065278 4 0.535156 0.382422 0.9125 0.111719 0.161111 0 0.445557 0.351953 0.783333 0.046094 0.111111 3 0.439697 0.382031 0.911806 0.104688 0.1625 0 0.435791 0.175781 0.7 0.04375 0.083333 3 0.428223 0.413281 0.471528 0.054688 0.059722 1 0.413086 0.800781 0.851389 0.029687 0.102778 2 0.40918 0.099609 0.938889 0.067969 0.122222 2 0.386719 0.4125 0.470139 0.054688 0.059722 2 0.37207 0.151562 0.675 0.05 0.088889 12 0.354004 0.352734 0.784028 0.047656 0.115278 3 0.348633 0.21875 0.915972 0.071875 0.140278 9 0.341553 0.158984 0.574306 0.163281 0.220833 2 0.334473 0.386719 0.536111 0.057813 0.075 0 0.329346 0.094922 0.761806 0.063281 0.106944 3 0.329346 0.1 0.938194 0.06875 0.123611 7 0.319092 0.017578 0.841667 0.035156 0.116667 4 0.295898 0.017188 0.839583 0.034375 0.120833 10 0.234375 0.709375 0.420139 0.095312 0.1375 0 0.233765 0.662109 0.857639 0.044531 0.1375 3 0.222656 0.301172 0.503472 0.042969 0.0625 2 0.212036 0.04375 0.749306 0.064062 0.109722 3 0.210815 0.292969 0.934722 0.098437 0.130556 4 0.193115 0.294141 0.934028 0.105469 0.131944 2 0.169922 0.565625 0.470833 0.032813 0.075 0 0.157104 0.599609 0.479167 0.017969 0.058333 0 0.142212 0.155859 0.889583 0.036719 0.095833 2 0.140869 0.662109 0.859028 0.044531 0.140278 2 0.135742 0.266797 0.496528 0.033594 0.068056 12 0.131226 0.317578 0.866667 0.041406 0.105556 10 0.121277 0.738281 0.543056 0.076563 0.202778 1 0.103027 0.339844 0.542361 0.021875 0.0625 1 0.074524 0.155469 0.889583 0.0375 0.101389 2 0.070312 0.301172 0.502083 0.042969 0.0625 10 0.060303 0.620313 0.313889 0.039062 0.102778 1 0.057709 0.611719 0.425694 0.015625 0.054167 3 0.050323 0.474219 0.453472 0.048438 0.068056 0 0.048492 0.611719 0.426389 0.015625 0.052778 11 0.040985 0.7375 0.519444 0.071875 0.15 1 0.039795 0.599609 0.479167 0.017969 0.058333 0 0.039795 0.31875 0.867361 0.04375 0.104167 6 0.030212 0.814844 0.490278 0.073438 0.152778 3 0.02655 0.51875 0.351389 0.0375 0.047222 3 0.02626 0.497656 0.406944 0.046875 0.072222 0 0.024887 0.339844 0.541667 0.021875 0.061111 1 0.020172 0.21875 0.642361 0.028125 0.065278 0 0.017044 0.320312 0.708333 0.035937 0.094444 10 0.016525 0.978125 0.878472 0.04375 0.243056 3 0.014336 0.008594 0.25625 0.017188 0.040278 4 0.013123 0.21875 0.916667 0.071875 0.147222 9 0.011505 0.977734 0.922917 0.042969 0.154167 0 0.01133 0.592578 0.419444 0.013281 0.047222 3 0.010056 0.461328 0.426389 0.030469 0.05 10 0.00885 0.109766 0.545139 0.139844 0.179167 10 0.007812 0.667188 0.347222 0.048438 0.119444 5 0.007786 0.979297 0.921528 0.041406 0.156944 4 0.007317 0.014453 0.872917 0.028906 0.209722 2 0.006691 0.040625 0.695833 0.051562 0.080556 3 0.006489 0.737109 0.51875 0.074219 0.148611 10 0.005798 0.979297 0.798611 0.041406 0.402778 4 0.005001 0.015234 0.797222 0.030469 0.183333 0 0.0047 0.218359 0.644444 0.027344 0.069444 4 0.004364 0.51875 0.351389 0.0375 0.047222 10 0.004299 0.028125 0.604167 0.05625 0.155556 0 0.004025 0.076563 0.528472 0.153125 0.384722 4 0.003975 0.308203 0.514583 0.046094 0.079167 2 0.003765 0.988281 0.588194 0.023438 0.115278 11 0.003651 0.496484 0.406944 0.049219 0.072222 10 0.003565 0.019141 0.631944 0.038281 0.269444 4 0.00326 0.889453 0.557639 0.046094 0.095833 1 0.003172 0.801953 0.852778 0.050781 0.113889 0 0.003147 0.329297 0.71875 0.032031 0.106944 10 0.002714 0.527344 0.295139 0.057813 0.079167 12 0.002472 0.174609 0.702083 0.042969 0.0875 1 0.002306 0.592578 0.419444 0.014844 0.05 1 0.002243 0.320703 0.534722 0.046094 0.077778 10 0.002243 0.826562 0.704167 0.090625 0.261111 3 0.002058 0.986719 0.585417 0.026562 0.120833 11 0.001949 0.122656 0.645833 0.078125 0.1 12 0.001897 0.292187 0.933333 0.107813 0.133333 10 0.001883 0.0125 0.689583 0.025 0.284722 10 0.001796 0.992578 0.538889 0.014844 0.15 2 0.001675 0.518359 0.35 0.038281 0.05 9 0.001642 0.710547 0.41875 0.094531 0.131944 2 0.001636 0.460938 0.425694 0.029687 0.048611 10 0.001592 0.966406 0.754861 0.067187 0.376389 5 0.001585 0.519141 0.351389 0.038281 0.047222 0 0.001501 0.303906 0.445833 0.028125 0.055556 0 0.001501 0.341406 0.73125 0.025 0.084722 0 0.001478 0.030469 0.534722 0.060937 0.35 7 0.001416 0.295703 0.934028 0.105469 0.131944 8 0.001346 0.662109 0.861111 0.046094 0.147222 3 0.001274 0.553516 0.345139 0.028906 0.051389 11 0.001197 0.031641 0.595139 0.063281 0.159722 2 0.001156 0.892969 0.559028 0.040625 0.090278 3 0.001086 0.007422 0.815972 0.014844 0.159722 3 0.000962 0.223828 0.575694 0.032031 0.070833 6 0.000823 0.78125 0.374306 0.03125 0.056944 3 0.000779 0.367969 0.884028 0.076563 0.109722 2 0.000718 0.364844 0.475 0.053125 0.058333 0 0.000699 0.342187 0.420833 0.03125 0.055556 3 0.00069 0.443359 0.495139 0.049219 0.0375 0 0.000646 0.320312 0.419444 0.021875 0.058333 10 0.000641 0.984766 0.726389 0.030469 0.352778 2 0.000621 0.758594 0.393056 0.025 0.044444 4 0.000612 0.035156 0.697222 0.0625 0.113889 0 0.000577 0.346484 0.754861 0.033594 0.0875 12 0.00057 0.144922 0.999306 0.139844 0.001389 1 0.000548 0.366797 0.880556 0.072656 0.094444 4 0.000515 0.9375 0.5125 0.048438 0.094444 0 0.000504 0.664453 0.643056 0.017969 0.055556
CCTV01^20260318-110000-20260318-120000_000765,3 0.809082 0.522266 0.870833 0.069531 0.191667 10 0.803711 0.716797 0.720139 0.122656 0.343056 3 0.782715 0.289062 0.696528 0.060937 0.109722 10 0.776855 0.886719 0.829167 0.225 0.341667 2 0.71875 0.410938 0.498611 0.048438 0.055556 3 0.694336 0.35625 0.524306 0.053125 0.070833 2 0.684082 0.426953 0.455556 0.047656 0.05 3 0.607422 0.308203 0.818056 0.091406 0.147222 10 0.574707 0.26875 0.459028 0.120313 0.148611 4 0.537109 0.308594 0.820139 0.090625 0.148611 3 0.535156 0.223047 0.645139 0.069531 0.0875 3 0.53125 0.339453 0.609722 0.069531 0.088889 5 0.498047 0.489063 0.440278 0.04375 0.072222 2 0.482422 0.339062 0.609028 0.067187 0.0875 7 0.476562 0.297656 0.584028 0.067187 0.106944 10 0.44458 0.117969 0.546528 0.153125 0.195833 10 0.413086 0.710938 0.504167 0.110937 0.202778 9 0.407227 0.049609 0.879861 0.099219 0.204167 2 0.381104 0.388672 0.552778 0.057031 0.069444 3 0.368408 0.388281 0.551389 0.05625 0.066667 10 0.338135 0.481641 0.35625 0.092969 0.104167 4 0.307373 0.297266 0.585417 0.064844 0.104167 7 0.307373 0.050781 0.865278 0.101562 0.180556 2 0.248047 0.223828 0.645833 0.069531 0.088889 4 0.245117 0.232031 0.569444 0.065625 0.086111 0 0.243652 0.225391 0.767361 0.061719 0.104167 4 0.229492 0.059375 0.735417 0.104688 0.126389 3 0.204346 0.454688 0.484028 0.048438 0.048611 0 0.201172 0.158984 0.704861 0.039844 0.109722 3 0.178345 0.296094 0.588194 0.0625 0.101389 10 0.158691 0.937891 0.770833 0.124219 0.291667 4 0.151001 0.233203 0.701389 0.060156 0.108333 4 0.144165 0.284766 0.520139 0.057031 0.076389 3 0.126343 0.127734 0.95625 0.094531 0.0875 10 0.122498 0.026953 0.726389 0.053906 0.313889 3 0.115967 0.23125 0.570139 0.065625 0.090278 7 0.112 0.284766 0.520833 0.055469 0.072222 2 0.10376 0.489453 0.440972 0.044531 0.070833 2 0.103394 0.417187 0.445833 0.057813 0.055556 2 0.088196 0.454297 0.484722 0.049219 0.05 8 0.085083 0.773047 0.934722 0.122656 0.130556 2 0.080627 0.785547 0.578472 0.033594 0.076389 12 0.074768 0.049219 0.880556 0.098437 0.202778 1 0.051849 0.644141 0.583333 0.024219 0.066667 2 0.050323 0.230859 0.568056 0.064844 0.086111 1 0.050323 0.780469 0.620833 0.023438 0.066667 10 0.047241 0.835156 0.55 0.076563 0.180556 3 0.046204 0.410547 0.498611 0.049219 0.055556 2 0.034241 0.353516 0.395833 0.033594 0.044444 5 0.033203 0.057813 0.738889 0.110937 0.133333 2 0.032471 0.464844 0.425694 0.034375 0.048611 2 0.028214 0.4 0.439583 0.0375 0.056944 0 0.027267 0.339844 0.466667 0.029687 0.063889 3 0.026962 0.464453 0.425694 0.033594 0.048611 3 0.026154 0.565625 0.471528 0.032813 0.081944 6 0.025375 0.835547 0.55625 0.078906 0.190278 2 0.024796 0.058203 0.736111 0.113281 0.141667 3 0.018402 0.353125 0.395833 0.032813 0.044444 3 0.017105 0.4 0.440278 0.0375 0.055556 0 0.016785 0.132031 0.661806 0.042188 0.090278 10 0.016403 0.941016 0.859028 0.117969 0.281944 10 0.016159 0.024609 0.613194 0.049219 0.156944 1 0.014503 0.636719 0.5875 0.0375 0.069444 2 0.013954 0.566016 0.473611 0.033594 0.086111 12 0.012672 0.226562 0.765972 0.0625 0.106944 1 0.009598 0.371484 0.472917 0.024219 0.051389 2 0.009415 0.436719 0.466667 0.0625 0.058333 1 0.009377 0.625781 0.591667 0.023438 0.05 10 0.008713 0.025781 0.559028 0.051562 0.359722 11 0.008545 0.023438 0.620833 0.046875 0.105556 9 0.006363 0.943359 0.858333 0.113281 0.283333 2 0.00634 0.355859 0.525 0.055469 0.072222 11 0.00605 0.05 0.879861 0.1 0.204167 10 0.005219 0.719922 0.43125 0.096094 0.156944 4 0.004791 0.050391 0.879167 0.100781 0.202778 2 0.003736 0.904297 0.575 0.046094 0.091667 0 0.003538 0.005078 0.779861 0.010156 0.1125 0 0.003511 0.171484 0.645833 0.038281 0.088889 1 0.003456 0.779687 0.509028 0.021875 0.0625 11 0.003235 0.507422 0.3875 0.042969 0.066667 1 0.003223 0.784766 0.605556 0.027344 0.058333 4 0.003004 0.903125 0.574306 0.05 0.095833 0 0.002531 0.643359 0.585417 0.025781 0.070833 12 0.002243 0.13125 0.657639 0.040625 0.090278 6 0.002234 0.940625 0.746528 0.11875 0.240278 3 0.002083 0.987109 0.5875 0.025781 0.127778 0 0.002058 0.371094 0.472222 0.023438 0.052778 2 0.0017 0.398438 0.516667 0.057813 0.030556 4 0.001611 0.508984 0.388889 0.038281 0.072222 0 0.001531 0.045312 0.54375 0.090625 0.395833 3 0.001467 0.429688 0.455556 0.048438 0.052778 12 0.001427 0.965234 0.997222 0.069531 0.005556 8 0.001389 0.821484 0.468056 0.042969 0.072222 2 0.001356 0.009375 0.777778 0.01875 0.155556 8 0.00126 0.048438 0.846528 0.096875 0.131944 4 0.001235 0.15 0.659028 0.06875 0.106944 3 0.001134 0.510156 0.390278 0.0375 0.072222 10 0.001124 0.019531 0.813889 0.039062 0.369444 3 0.001099 0.005078 0.781944 0.010156 0.108333 10 0.001053 0.033594 0.655556 0.065625 0.241667 4 0.001017 0.292187 0.560417 0.057813 0.065278 4 0.000926 0.938672 0.511806 0.049219 0.095833 11 0.000915 0.164062 0.644444 0.053125 0.116667 4 0.000883 0.010156 0.781944 0.020313 0.155556 4 0.000869 0.171094 0.649306 0.039062 0.084722 11 0.000811 0.772266 0.932639 0.132031 0.134722 10 0.000807 0.982812 0.570833 0.034375 0.163889 6 0.000782 0.057813 0.733333 0.115625 0.266667 12 0.000779 0.774219 0.935417 0.11875 0.129167 3 0.000776 0.008594 0.252083 0.017188 0.051389 7 0.000762 0.057813 0.730556 0.114062 0.186111 10 0.000566 0.972266 0.807639 0.055469 0.1625 0 0.000564 0.367969 0.441667 0.021875 0.05 12 0.000562 0.994141 0.984722 0.011719 0.030556 0 0.00054 0.239844 0.702083 0.046875 0.104167
CCTV01^20260318-110000-20260318-120000_000769,1 0.851074 0.717187 0.836111 0.04375 0.105556 1 0.810547 0.6875 0.679167 0.0375 0.102778 3 0.800781 0.291797 0.720139 0.078906 0.109722 0 0.796875 0.676953 0.850694 0.030469 0.126389 1 0.773438 0.722266 0.940972 0.049219 0.115278 3 0.762207 0.271875 0.902083 0.073438 0.156944 3 0.749023 0.205859 0.867361 0.086719 0.151389 10 0.734863 0.135547 0.528472 0.167969 0.184722 9 0.699219 0.200781 0.711806 0.1125 0.148611 3 0.651367 0.270703 0.609028 0.067969 0.0875 2 0.644043 0.522656 0.871528 0.071875 0.193056 3 0.569824 0.358984 0.601389 0.072656 0.086111 10 0.564941 0.057813 0.786111 0.115625 0.297222 2 0.563965 0.722266 0.940972 0.053906 0.115278 2 0.560059 0.501172 0.423611 0.041406 0.058333 2 0.558105 0.300391 0.615278 0.039844 0.088889 9 0.554688 0.782422 0.584722 0.160156 0.252778 2 0.544922 0.674219 0.452778 0.032813 0.072222 9 0.523438 0.879687 0.827083 0.240625 0.345833 3 0.501953 0.523438 0.871528 0.071875 0.193056 2 0.490234 0.753906 0.738889 0.0375 0.119444 10 0.478516 0.782813 0.585417 0.160938 0.251389 2 0.462891 0.6875 0.679167 0.0375 0.102778 10 0.453369 0.879687 0.827083 0.240625 0.343056 10 0.42334 0.316016 0.413889 0.113281 0.125 3 0.422607 0.091797 0.95 0.077344 0.1 4 0.394287 0.219922 0.536806 0.055469 0.093056 3 0.375732 0.401953 0.540278 0.042969 0.072222 3 0.357666 0.753516 0.738889 0.036719 0.122222 11 0.334473 0.388672 0.935417 0.236719 0.129167 2 0.325928 0.671484 0.518056 0.030469 0.077778 2 0.310791 0.565234 0.470833 0.032031 0.075 1 0.291016 0.671484 0.51875 0.032031 0.076389 2 0.269043 0.438281 0.44375 0.04375 0.054167 3 0.265869 0.448047 0.486111 0.053906 0.047222 9 0.250977 0.316016 0.413194 0.111719 0.123611 2 0.206909 0.448437 0.4875 0.054688 0.047222 10 0.191284 0.649609 0.364583 0.050781 0.134722 10 0.11438 0.758984 0.471528 0.122656 0.179167 2 0.075562 0.388672 0.495139 0.058594 0.084722 3 0.074524 0.4375 0.443056 0.045312 0.055556 9 0.068054 0.758594 0.472917 0.123438 0.184722 2 0.061188 0.316016 0.496528 0.036719 0.081944 0 0.045349 0.278516 0.529167 0.028906 0.075 3 0.044678 0.388281 0.495833 0.05625 0.086111 11 0.040527 0.203516 0.709028 0.119531 0.156944 4 0.029755 0.316016 0.497222 0.038281 0.083333 2 0.025177 0.3625 0.476389 0.045312 0.061111 3 0.023514 0.362891 0.475694 0.047656 0.0625 11 0.022888 0.824609 0.907639 0.150781 0.184722 2 0.02153 0.519922 0.383333 0.039844 0.063889 7 0.011688 0.823828 0.908333 0.146094 0.183333 10 0.010818 0.024609 0.674306 0.049219 0.220833 9 0.010567 0.932031 0.727083 0.134375 0.256944 10 0.009056 0.93125 0.73125 0.1375 0.270833 2 0.008125 0.510938 0.407639 0.045312 0.065278 12 0.008125 0.390234 0.939583 0.233594 0.120833 10 0.007065 0.824609 0.909028 0.142969 0.181944 1 0.005322 0.274609 0.80625 0.024219 0.068056 4 0.004868 0.364063 0.424306 0.0375 0.051389 3 0.003483 0.521484 0.384028 0.041406 0.0625 3 0.003052 0.463672 0.386111 0.038281 0.044444 10 0.002947 0.023828 0.619444 0.047656 0.116667 1 0.002779 0.346094 0.511111 0.023438 0.061111 7 0.002768 0.218359 0.536111 0.055469 0.094444 0 0.002714 0.024219 0.629167 0.048438 0.186111 3 0.002434 0.184766 0.658333 0.058594 0.083333 3 0.002342 0.421875 0.392361 0.040625 0.054167 12 0.002287 0.66875 0.999306 0.129688 0.001389 3 0.00214 0.008203 0.25625 0.016406 0.045833 3 0.002125 0.985938 0.594444 0.028125 0.102778 2 0.002068 0.987109 0.585417 0.025781 0.1375 12 0.002003 0.594531 0.409722 0.023438 0.055556 10 0.001965 0.939844 0.859722 0.11875 0.277778 11 0.001897 0.026172 0.634028 0.052344 0.131944 3 0.001579 0.389062 0.424306 0.048438 0.0625 10 0.00141 0.024219 0.579167 0.048438 0.222222 1 0.001394 0.780078 0.7625 0.036719 0.161111 3 0.001367 0.004297 0.927778 0.008594 0.144444 0 0.001325 0.236719 0.46875 0.020313 0.054167 10 0.001216 0.021094 0.583333 0.042188 0.125 2 0.001206 0.182031 0.661806 0.064062 0.093056 9 0.001169 0.943359 0.860417 0.111719 0.279167 0 0.001116 0.59375 0.409028 0.025 0.056944 0 0.000958 0.346484 0.511806 0.021094 0.059722 0 0.000951 0.257422 0.479861 0.028906 0.068056 10 0.000894 0.96875 0.683333 0.0625 0.297222 2 0.000849 0.476172 0.411111 0.033594 0.055556 0 0.000792 0.483984 0.44375 0.024219 0.059722 10 0.000767 0.044922 0.710417 0.089844 0.304167 2 0.000758 0.990234 0.9375 0.019531 0.119444 2 0.000752 0.632031 0.293056 0.01875 0.036111 7 0.000744 0.204297 0.709028 0.119531 0.156944 10 0.00073 0.991797 0.748611 0.016406 0.188889 2 0.000641 0.390625 0.425 0.045312 0.063889 4 0.000631 0.380859 0.425694 0.066406 0.065278 0 0.000624 0.057031 0.496528 0.110937 0.2875 10 0.000624 0.831641 0.811806 0.142969 0.301389 10 0.000617 0.99375 0.511806 0.0125 0.123611 8 0.000614 0.009375 0.909028 0.01875 0.181944 3 0.000582 0.632031 0.293056 0.017188 0.036111 8 0.000536 0.951953 0.779861 0.096094 0.1125
CCTV01^20260318-110000-20260318-120000_000773,2 0.830078 0.522266 0.871528 0.071094 0.193056 3 0.829102 0.270703 0.644444 0.078906 0.094444 3 0.825684 0.71875 0.75 0.060937 0.138889 10 0.825195 0.215234 0.481944 0.164844 0.166667 11 0.81543 0.180859 0.735417 0.086719 0.223611 3 0.81543 0.284766 0.748611 0.058594 0.122222 10 0.814453 0.362109 0.392361 0.132031 0.129167 9 0.78125 0.932031 0.669444 0.135937 0.294444 1 0.774414 0.778906 0.878472 0.048438 0.134722 10 0.745605 0.783594 0.600694 0.159375 0.270833 10 0.728516 0.246875 0.559722 0.182812 0.219444 3 0.723145 0.057031 0.876389 0.114062 0.166667 3 0.699219 0.333594 0.645139 0.071875 0.093056 2 0.697754 0.248047 0.827778 0.050781 0.119444 9 0.694336 0.783594 0.600694 0.1625 0.270833 10 0.656738 0.676562 0.461806 0.082812 0.193056 2 0.507812 0.778906 0.879167 0.046875 0.133333 3 0.505859 0.490625 0.452778 0.045312 0.058333 8 0.455078 0.181641 0.736806 0.085156 0.223611 1 0.451416 0.130469 0.869444 0.048438 0.111111 1 0.449463 0.248047 0.827778 0.049219 0.119444 3 0.416748 0.241797 0.956944 0.069531 0.086111 2 0.414795 0.480859 0.406944 0.041406 0.047222 9 0.414795 0.347266 0.55 0.085156 0.111111 10 0.341553 0.052344 0.665278 0.104688 0.263889 11 0.336426 0.346094 0.550694 0.082812 0.106944 2 0.289307 0.490625 0.453472 0.045312 0.0625 2 0.287842 0.508203 0.420833 0.032031 0.047222 2 0.284668 0.455469 0.447917 0.0375 0.048611 3 0.237915 0.523047 0.871528 0.071094 0.193056 10 0.205566 0.920312 0.89375 0.157812 0.2125 1 0.125122 0.113672 0.701389 0.025781 0.080556 1 0.107422 0.614844 0.463194 0.01875 0.054167 1 0.104126 0.376953 0.794444 0.028906 0.077778 9 0.100525 0.957812 0.876389 0.084375 0.247222 10 0.09668 0.957031 0.877778 0.084375 0.238889 2 0.059204 0.622656 0.36875 0.025 0.045833 1 0.057068 0.099609 0.865972 0.050781 0.115278 2 0.051453 0.525 0.375694 0.035937 0.048611 2 0.05127 0.417187 0.471528 0.053125 0.076389 2 0.034241 0.382422 0.518056 0.039844 0.055556 4 0.03125 0.614453 0.417361 0.027344 0.065278 3 0.028107 0.760156 0.972917 0.067187 0.054167 3 0.027588 0.480469 0.411806 0.042188 0.045833 5 0.021118 0.050391 0.877778 0.100781 0.166667 3 0.017578 0.462109 0.491667 0.050781 0.041667 2 0.016724 0.566797 0.46875 0.030469 0.073611 1 0.015961 0.372656 0.568056 0.034375 0.072222 2 0.015251 0.461328 0.489583 0.050781 0.0375 3 0.013329 0.008594 0.253472 0.017188 0.045833 3 0.012772 0.614453 0.417361 0.027344 0.065278 3 0.012054 0.525781 0.376389 0.035937 0.05 2 0.01178 0.400781 0.557639 0.03125 0.059722 2 0.008987 0.436719 0.420833 0.04375 0.047222 3 0.007725 0.477344 0.384722 0.042188 0.044444 10 0.007519 0.931641 0.663194 0.136719 0.281944 2 0.006798 0.477344 0.386806 0.040625 0.045833 3 0.00502 0.045703 0.670139 0.091406 0.123611 10 0.00481 0.021094 0.596528 0.042188 0.118056 0 0.003551 0.114844 0.699306 0.03125 0.081944 10 0.003027 0.049609 0.597222 0.099219 0.183333 10 0.003004 0.007031 0.747917 0.014063 0.1625 2 0.002642 0.408984 0.321528 0.027344 0.040278 3 0.00255 0.004297 0.85625 0.008594 0.1375 10 0.002323 0.961719 0.779861 0.076563 0.440278 5 0.002234 0.046094 0.663194 0.092188 0.140278 10 0.002058 0.010547 0.718056 0.021094 0.380556 3 0.002035 0.436719 0.420139 0.048438 0.054167 3 0.001965 0.920703 0.899306 0.158594 0.201389 3 0.001818 0.502344 0.409722 0.039062 0.044444 2 0.001661 0.524609 0.344444 0.028906 0.036111 2 0.001235 0.546875 0.379861 0.021875 0.045833 4 0.001197 0.436328 0.419444 0.044531 0.05 1 0.001107 0.134766 0.853472 0.032031 0.090278 3 0.001032 0.010937 0.749306 0.021875 0.168056 0 0.001024 0.798438 0.5 0.026562 0.055556 3 0.000951 0.376172 0.509722 0.047656 0.044444 0 0.000859 0.121875 0.640278 0.040625 0.080556 9 0.000843 0.046875 0.877778 0.09375 0.166667 1 0.000836 0.3625 0.552778 0.048438 0.105556 9 0.000773 0.047656 0.581944 0.09375 0.111111 10 0.00077 0.991016 0.805556 0.017969 0.194444 11 0.000744 0.048438 0.585417 0.096875 0.123611 10 0.000718 0.992969 0.665278 0.014063 0.155556 0 0.000707 0.380469 0.794444 0.035937 0.080556 2 0.000699 0.989453 0.588194 0.021094 0.154167 8 0.000675 0.960938 0.814583 0.076563 0.1125 1 0.000617 0.09375 0.885417 0.039062 0.101389 2 0.000607 0.616797 0.416667 0.027344 0.066667 9 0.000577 0.295703 0.485417 0.074219 0.073611 2 0.000568 0.389062 0.504167 0.029687 0.05 3 0.000562 0.564844 0.470139 0.032813 0.070833 3 0.000548 0.465234 0.506944 0.046094 0.047222 2 0.000511 0.421484 0.346528 0.028906 0.048611 11 0.000509 0.021875 0.761111 0.04375 0.441667
CCTV01^20260318-110000-20260318-120000_000777,2 0.922363 0.522266 0.872222 0.071094 0.194444 2 0.911133 0.634375 0.526389 0.04375 0.080556 9 0.84375 0.715234 0.563194 0.103906 0.254167 9 0.830078 0.855859 0.689583 0.200781 0.329167 2 0.816406 0.279687 0.743056 0.05625 0.105556 2 0.751953 0.260547 0.865972 0.067969 0.145833 3 0.715332 0.686328 0.66875 0.055469 0.123611 2 0.712402 0.345703 0.574306 0.075781 0.076389 2 0.697754 0.342187 0.627778 0.065625 0.091667 11 0.694336 0.396094 0.509028 0.071875 0.093056 9 0.677246 0.322656 0.422917 0.139063 0.134722 1 0.651367 0.730078 0.881944 0.050781 0.138889 2 0.625977 0.629297 0.424306 0.033594 0.068056 9 0.57373 0.426172 0.401389 0.105469 0.130556 2 0.525391 0.496484 0.444444 0.041406 0.058333 10 0.517578 0.85625 0.686806 0.196875 0.323611 3 0.513672 0.197656 0.708333 0.090625 0.119444 2 0.505859 0.729688 0.882639 0.051562 0.1375 6 0.496094 0.183984 0.608333 0.161719 0.191667 2 0.484375 0.477344 0.484722 0.046875 0.047222 2 0.462891 0.196484 0.707639 0.091406 0.120833 10 0.453369 0.049609 0.797222 0.099219 0.244444 12 0.434082 0.359375 0.941667 0.05 0.116667 9 0.40918 0.050391 0.793056 0.100781 0.244444 3 0.388672 0.342578 0.628472 0.066406 0.093056 12 0.386719 0.099609 0.802083 0.058594 0.123611 9 0.379395 0.183594 0.610417 0.159375 0.190278 0 0.317383 0.800781 0.951389 0.039062 0.097222 0 0.309082 0.047266 0.914583 0.053906 0.106944 9 0.29248 0.965234 0.885417 0.069531 0.229167 2 0.282959 0.566406 0.469444 0.032813 0.077778 0 0.236572 0.290234 0.661806 0.028906 0.070833 1 0.221313 0.048828 0.916667 0.058594 0.111111 2 0.219971 0.290234 0.582639 0.036719 0.073611 3 0.138428 0.496484 0.444444 0.042969 0.058333 3 0.130249 0.477344 0.484722 0.046875 0.047222 11 0.124207 0.241797 0.493056 0.064844 0.122222 12 0.118408 0.152734 0.790972 0.052344 0.095833 0 0.111633 0.099609 0.804167 0.057031 0.125 10 0.108948 0.924219 0.900694 0.151562 0.198611 1 0.108582 0.800781 0.951389 0.039062 0.097222 10 0.088501 0.981641 0.805556 0.036719 0.325 8 0.088196 0.241406 0.493056 0.067187 0.125 10 0.087585 0.966406 0.893056 0.065625 0.213889 0 0.073425 0.329688 0.730556 0.021875 0.083333 1 0.035156 0.290625 0.581944 0.0375 0.077778 2 0.026459 0.742969 0.472222 0.032813 0.063889 10 0.018478 0.984766 0.745833 0.030469 0.194444 10 0.011734 0.425 0.400694 0.103125 0.131944 1 0.011375 0.330859 0.515972 0.038281 0.065278 4 0.010857 0.451562 0.440278 0.045312 0.072222 3 0.008713 0.451953 0.440278 0.046094 0.072222 7 0.006771 0.127344 0.915278 0.15625 0.169444 9 0.005642 0.066797 0.628472 0.133594 0.256944 9 0.005344 0.973437 0.820833 0.053125 0.358333 0 0.004925 0.067969 0.623611 0.135937 0.247222 10 0.003855 0.066016 0.619444 0.132031 0.236111 3 0.003708 0.925781 0.908333 0.148438 0.183333 0 0.003551 0.149609 0.799306 0.047656 0.079167 5 0.003525 0.073047 0.634028 0.085156 0.093056 9 0.003351 0.942187 0.873611 0.1125 0.252778 9 0.003325 0.987109 0.735417 0.025781 0.245833 9 0.003052 0.983203 0.730556 0.032031 0.163889 3 0.002958 0.073438 0.634722 0.084375 0.083333 10 0.002913 0.026953 0.5875 0.053906 0.122222 2 0.002522 0.486719 0.471528 0.0375 0.043056 10 0.002453 0.989453 0.786806 0.021094 0.265278 10 0.002443 0.129688 0.915972 0.154688 0.168056 8 0.002434 0.971094 0.815972 0.057813 0.2125 5 0.002434 0.148828 0.913889 0.113281 0.172222 6 0.002182 0.125391 0.914583 0.164844 0.170833 0 0.002165 0.358594 0.940278 0.048438 0.111111 8 0.001957 0.992578 0.835417 0.014844 0.176389 2 0.001853 0.452344 0.440278 0.045312 0.072222 0 0.001818 0.1625 0.784722 0.040625 0.102778 3 0.0017 0.475781 0.415972 0.028125 0.040278 10 0.001623 0.041797 0.683333 0.083594 0.188889 0 0.001507 0.782422 0.463194 0.027344 0.076389 1 0.001143 0.287891 0.661111 0.035156 0.075 2 0.001134 0.261719 0.967361 0.073438 0.065278 1 0.001107 0.629687 0.426389 0.034375 0.069444 3 0.001 0.498047 0.411806 0.032031 0.040278 3 0.000836 0.517188 0.391667 0.034375 0.052778 3 0.000804 0.603516 0.115278 0.035156 0.055556 12 0.000607 0.689844 0.997917 0.148438 0.004167 6 0.000607 0.924609 0.909722 0.150781 0.180556 2 0.000597 0.499219 0.409028 0.03125 0.0375 3 0.000557 0.963281 0.940972 0.071875 0.118056 12 0.000534 0.778906 0.990972 0.115625 0.018056 9 0.000513 0.044922 0.635417 0.089844 0.1875
CCTV01^20260318-110000-20260318-120000_000781,2 0.944824 0.521875 0.873611 0.070312 0.194444 9 0.934082 0.109766 0.738194 0.219531 0.273611 2 0.931641 0.669922 0.582639 0.046094 0.093056 2 0.926758 0.728125 0.933333 0.067187 0.133333 11 0.924805 0.453516 0.445139 0.052344 0.073611 2 0.920898 0.342578 0.552778 0.066406 0.075 9 0.915039 0.815234 0.761111 0.194531 0.388889 9 0.892578 0.150781 0.836111 0.18125 0.327778 9 0.887207 0.229297 0.577778 0.146094 0.169444 2 0.848145 0.488281 0.467361 0.039062 0.054167 2 0.824219 0.300391 0.692361 0.064844 0.123611 1 0.775879 0.684766 0.813889 0.041406 0.119444 9 0.756348 0.434766 0.386806 0.089844 0.118056 1 0.732422 0.333984 0.817361 0.047656 0.109722 2 0.692871 0.414453 0.502083 0.055469 0.065278 2 0.686035 0.500781 0.432639 0.03125 0.045833 9 0.651367 0.321484 0.488194 0.110156 0.134722 12 0.567871 0.711719 0.761111 0.032813 0.108333 2 0.519531 0.267969 0.949306 0.067187 0.101389 12 0.482422 0.318359 0.73125 0.030469 0.101389 3 0.482422 0.383594 0.901389 0.123438 0.194444 3 0.472656 0.802344 0.9375 0.084375 0.125 9 0.390381 0.332031 0.410417 0.1375 0.129167 0 0.313965 0.239063 0.863889 0.028125 0.097222 5 0.295898 0.273828 0.7875 0.057031 0.155556 0 0.27832 0.711719 0.761111 0.029687 0.111111 2 0.259766 0.566016 0.470833 0.032031 0.077778 0 0.23938 0.31875 0.729167 0.029687 0.1 2 0.221313 0.273438 0.789583 0.057813 0.154167 12 0.162354 0.328125 0.596528 0.0375 0.073611 12 0.158203 0.699609 0.675694 0.038281 0.165278 2 0.123352 0.507812 0.403472 0.034375 0.043056 1 0.121704 0.274609 0.789583 0.055469 0.154167 2 0.096375 0.682813 0.814583 0.042188 0.120833 10 0.066589 0.728516 0.304861 0.044531 0.115278 2 0.059875 0.011719 0.905556 0.023438 0.188889 0 0.055817 0.0125 0.925694 0.025 0.148611 10 0.048126 0.972656 0.901389 0.054688 0.197222 10 0.047943 0.153125 0.8375 0.173437 0.322222 10 0.046204 0.929297 0.901389 0.141406 0.197222 9 0.035004 0.972266 0.901389 0.055469 0.197222 2 0.033966 0.478906 0.416667 0.029687 0.041667 2 0.029312 0.398828 0.559028 0.032031 0.059722 10 0.029083 0.434375 0.388889 0.090625 0.125 12 0.027695 0.277344 0.608333 0.04375 0.088889 10 0.022888 0.078906 0.643056 0.157812 0.308333 3 0.014732 0.413281 0.502778 0.053125 0.063889 0 0.014114 0.276172 0.609028 0.044531 0.084722 3 0.013535 0.008594 0.257639 0.017188 0.040278 0 0.012054 0.326953 0.595833 0.036719 0.061111 12 0.009743 0.693359 0.704861 0.027344 0.101389 0 0.009453 0.233984 0.849306 0.013281 0.098611 2 0.008713 0.38125 0.903472 0.11875 0.1875 2 0.007122 0.466406 0.490972 0.046875 0.034722 10 0.005981 0.026953 0.590972 0.053906 0.131944 9 0.005428 0.857422 0.68125 0.208594 0.320833 11 0.004364 0.857031 0.677778 0.20625 0.313889 10 0.004299 0.857422 0.676389 0.199219 0.286111 1 0.00358 0.010937 0.902083 0.021875 0.181944 0 0.003124 0.336328 0.734722 0.014844 0.113889 0 0.00289 0.228906 0.834722 0.014063 0.113889 0 0.002823 0.075391 0.620139 0.150781 0.2625 3 0.002632 0.992578 0.377083 0.014844 0.1125 9 0.00215 0.457813 0.352778 0.11875 0.102778 11 0.001839 0.332031 0.422222 0.132812 0.144444 1 0.001824 0.335547 0.798611 0.033594 0.072222 2 0.001623 0.484375 0.422917 0.021875 0.040278 3 0.001597 0.985938 0.610417 0.028125 0.179167 10 0.001592 0.985938 0.609028 0.028125 0.209722 0 0.001513 0.305469 0.722222 0.023438 0.105556 0 0.001467 0.689844 0.715278 0.01875 0.077778 3 0.001432 0.928125 0.906944 0.14375 0.186111 2 0.001305 0.984375 0.613194 0.03125 0.170833 10 0.001143 0.036719 0.718056 0.073438 0.294444 8 0.001112 0.260547 0.421528 0.063281 0.1125 12 0.00109 0.794141 0.999306 0.132031 0.001389 3 0.001057 0.479687 0.415972 0.026562 0.040278 9 0.001032 0.751172 0.709722 0.069531 0.263889 3 0.001008 0.008594 0.929861 0.017188 0.140278 3 0.000993 0.302344 0.66875 0.053125 0.073611 10 0.000978 0.332031 0.415972 0.135937 0.145833 10 0.000974 0.011328 0.886111 0.022656 0.227778 10 0.000897 0.012109 0.156944 0.022656 0.036111 12 0.000876 0.260937 0.422917 0.064062 0.1125 12 0.000853 0.672656 0.998611 0.134375 0.002778 9 0.000798 0.010937 0.801389 0.021875 0.397222 10 0.000792 0.032031 0.617361 0.064062 0.209722 3 0.000767 0.966406 0.939583 0.067187 0.120833 10 0.000758 0.323047 0.492361 0.105469 0.134722 10 0.000735 0.474609 0.338194 0.089844 0.098611 0 0.000732 0.384766 0.532639 0.021094 0.0625 3 0.000712 0.004687 0.270139 0.009375 0.0625 2 0.000693 0.007422 0.879167 0.014844 0.166667 12 0.000675 0.383984 0.53125 0.022656 0.059722 0 0.000648 0.930469 0.647917 0.045312 0.084722 2 0.000634 0.989453 0.377778 0.021094 0.108333 12 0.000593 0.316016 0.995833 0.105469 0.008333 10 0.000584 0.989453 0.56875 0.021094 0.220833 12 0.000546 0.203906 0.995833 0.132812 0.008333 3 0.000513 0.369531 0.583333 0.04375 0.080556
CCTV01^20260318-110000-20260318-120000_000785,11 0.983398 0.675 0.547917 0.04375 0.115278 2 0.944336 0.522656 0.871528 0.071875 0.193056 2 0.941895 0.692187 0.698611 0.053125 0.122222 2 0.938477 0.269531 0.903472 0.060937 0.145833 11 0.93457 0.473047 0.41875 0.044531 0.076389 9 0.931641 0.262109 0.608333 0.174219 0.188889 9 0.911621 0.818359 0.772917 0.196094 0.390278 9 0.907227 0.345703 0.472222 0.117969 0.119444 9 0.900391 0.079687 0.749306 0.159375 0.276389 2 0.891113 0.494141 0.4625 0.041406 0.061111 9 0.881836 0.157031 0.830556 0.178125 0.338889 2 0.838867 0.384375 0.511806 0.059375 0.073611 3 0.763672 0.346094 0.829861 0.096875 0.170833 2 0.720215 0.444531 0.466667 0.051562 0.058333 12 0.692871 0.334766 0.936806 0.055469 0.126389 2 0.631836 0.566016 0.470833 0.032031 0.077778 2 0.565918 0.383203 0.575694 0.061719 0.079167 12 0.482422 0.260156 0.781944 0.025 0.083333 2 0.476562 0.282422 0.702778 0.060156 0.130556 2 0.334473 0.505469 0.427083 0.03125 0.040278 0 0.331055 0.260156 0.781944 0.025 0.086111 9 0.324219 0.465625 0.353472 0.079687 0.095833 9 0.289307 0.351562 0.404167 0.140625 0.119444 12 0.258301 0.332031 0.638889 0.028125 0.091667 11 0.221313 0.155469 0.834028 0.179688 0.331944 12 0.175537 0.75 0.935417 0.053125 0.129167 2 0.063049 0.039453 0.84375 0.071094 0.134722 12 0.059875 0.040234 0.84375 0.069531 0.134722 1 0.056641 0.312891 0.752083 0.039844 0.0875 9 0.052246 0.979297 0.906944 0.041406 0.186111 2 0.043213 0.510156 0.403472 0.03125 0.043056 12 0.04303 0.102344 0.791667 0.053125 0.119444 12 0.042572 0.017578 0.959722 0.030469 0.080556 10 0.034088 0.925781 0.907639 0.148438 0.184722 10 0.027908 0.517578 0.309722 0.060156 0.094444 3 0.023148 0.008594 0.258333 0.017188 0.041667 2 0.020798 0.50625 0.377083 0.0375 0.045833 10 0.020721 0.972656 0.905556 0.053125 0.188889 10 0.013428 0.466016 0.354167 0.082031 0.102778 10 0.011917 0.349219 0.411111 0.135937 0.125 1 0.011505 0.042188 0.84375 0.065625 0.126389 0 0.011116 0.696875 0.884722 0.020313 0.094444 0 0.009125 0.101562 0.790278 0.048438 0.111111 12 0.008316 0.791406 0.964583 0.035937 0.070833 4 0.007812 0.971094 0.770833 0.057813 0.125 3 0.007668 0.969922 0.76875 0.060156 0.1375 3 0.007175 0.733203 0.413889 0.041406 0.086111 10 0.007175 0.853906 0.677083 0.201563 0.276389 0 0.005959 0.074219 0.607639 0.148438 0.2375 10 0.005959 0.074609 0.609028 0.149219 0.240278 2 0.00589 0.736719 0.372917 0.029687 0.054167 7 0.00589 0.969922 0.771528 0.057031 0.126389 8 0.004539 0.237109 0.3625 0.066406 0.080556 12 0.004135 0.776563 0.999306 0.123438 0.001389 3 0.003824 0.926953 0.906944 0.146094 0.186111 2 0.003708 0.472266 0.419444 0.042969 0.072222 3 0.003565 0.987109 0.583333 0.025781 0.130556 10 0.003429 0.027734 0.588194 0.055469 0.126389 11 0.002855 0.139844 0.864583 0.104688 0.193056 0 0.002434 0.751172 0.927083 0.049219 0.145833 0 0.002415 0.990625 0.732639 0.01875 0.098611 9 0.002132 0.855078 0.679861 0.203906 0.315278 3 0.002125 0.967969 0.941667 0.0625 0.116667 3 0.001934 0.00625 0.267361 0.0125 0.059722 3 0.001883 0.961719 0.9125 0.073438 0.158333 9 0.001687 0.847266 0.494444 0.107031 0.208333 12 0.001687 0.003516 0.958333 0.007031 0.083333 2 0.001675 0.3125 0.752083 0.040625 0.084722 1 0.001536 0.280859 0.702083 0.055469 0.129167 12 0.001513 0.298438 0.969444 0.028125 0.061111 3 0.001467 0.991406 0.742361 0.017188 0.106944 10 0.001389 0.847266 0.503472 0.107031 0.223611 2 0.001341 0.346875 0.828472 0.101562 0.168056 2 0.001315 0.980469 0.577778 0.039062 0.141667 0 0.001245 0.330859 0.638889 0.027344 0.086111 3 0.001202 0.985938 0.928472 0.028125 0.1375 2 0.001197 0.988281 0.078472 0.023438 0.070833 3 0.000907 0.994922 0.797917 0.010156 0.145833 0 0.000811 0.258984 0.768056 0.013281 0.102778 1 0.000804 0.564844 0.470139 0.03125 0.076389 8 0.000779 0.887891 0.700694 0.136719 0.226389 4 0.00075 0.989453 0.742361 0.021094 0.106944 8 0.000747 0.991797 0.845139 0.016406 0.176389 0 0.000744 0.016406 0.960417 0.028125 0.079167 2 0.000727 0.346484 0.495833 0.042969 0.069444 3 0.000715 0.755859 0.349306 0.024219 0.056944 8 0.000682 0.980859 0.884722 0.038281 0.155556 10 0.000591 0.011328 0.844444 0.022656 0.3 1 0.00057 0.446484 0.413889 0.019531 0.05 9 0.000553 0.041406 0.604167 0.082812 0.111111 3 0.000551 0.013281 0.376389 0.026562 0.080556 4 0.000534 0.985547 0.820833 0.028906 0.202778 1 0.000524 0.791797 0.956944 0.035156 0.086111 12 0.000521 0.040625 0.999306 0.076563 0.001389 2 0.000509 0.733594 0.407639 0.039062 0.093056 0 0.000501 0.249219 0.786806 0.010937 0.095833
CCTV01^20260318-110000-20260318-120000_000789,11 0.979492 0.701953 0.692361 0.055469 0.151389 2 0.933105 0.479297 0.480556 0.046094 0.052778 2 0.925781 0.272266 0.835417 0.055469 0.126389 2 0.925293 0.504687 0.436111 0.035937 0.055556 2 0.922852 0.522266 0.872917 0.071094 0.195833 9 0.918945 0.819141 0.772917 0.194531 0.390278 9 0.912598 0.184375 0.780556 0.15625 0.341667 9 0.910645 0.374609 0.497917 0.111719 0.143056 12 0.908691 0.349219 0.868056 0.034375 0.116667 2 0.898926 0.726953 0.849306 0.072656 0.1625 9 0.891113 0.242578 0.569444 0.153906 0.180556 1 0.84375 0.319531 0.747222 0.04375 0.091667 9 0.794434 0.059375 0.751389 0.11875 0.263889 3 0.788086 0.311719 0.663889 0.054688 0.119444 12 0.782715 0.319531 0.817361 0.035937 0.104167 2 0.78125 0.691016 0.463194 0.032031 0.065278 12 0.660156 0.316016 0.888889 0.025781 0.097222 9 0.65332 0.435547 0.396528 0.077344 0.0875 12 0.586914 0.2875 0.897917 0.026562 0.101389 2 0.548828 0.566016 0.470833 0.032031 0.077778 0 0.462891 0.389453 0.852778 0.030469 0.083333 2 0.458984 0.441016 0.452778 0.039844 0.058333 2 0.375732 0.477344 0.423611 0.035937 0.063889 0 0.37207 0.316406 0.888889 0.025 0.102778 0 0.345215 0.2875 0.897917 0.026562 0.104167 3 0.329346 0.65625 0.466667 0.039062 0.097222 3 0.324219 0.379297 0.578472 0.064844 0.081944 10 0.319092 0.060156 0.770139 0.120313 0.301389 12 0.252441 0.421875 0.942361 0.060937 0.115278 10 0.177856 0.374609 0.497222 0.110156 0.144444 2 0.165649 0.511328 0.403472 0.028906 0.045833 12 0.157104 0.389453 0.852778 0.028906 0.088889 9 0.152588 0.454297 0.348611 0.105469 0.088889 2 0.127197 0.655859 0.465972 0.038281 0.095833 5 0.079224 0.379297 0.579167 0.064844 0.080556 2 0.049957 0.378516 0.580556 0.064844 0.080556 2 0.042572 0.255078 0.963194 0.063281 0.073611 0 0.023773 0.351953 0.781944 0.019531 0.066667 11 0.020966 0.521484 0.354861 0.035156 0.059722 12 0.020172 0.351562 0.781944 0.017188 0.061111 3 0.018188 0.256641 0.963194 0.061719 0.073611 10 0.017441 0.925781 0.902083 0.148438 0.195833 2 0.016159 0.815234 0.433333 0.038281 0.075 1 0.015602 0.326172 0.602778 0.033594 0.072222 10 0.014618 0.454297 0.345833 0.103906 0.088889 3 0.011826 0.814844 0.433333 0.0375 0.075 2 0.009895 0.521094 0.354861 0.034375 0.059722 2 0.009483 0.742969 0.358333 0.029687 0.058333 12 0.008545 0.410938 0.990972 0.1125 0.018056 10 0.008095 0.858984 0.677083 0.197656 0.276389 3 0.007488 0.742969 0.358333 0.03125 0.058333 3 0.007065 0.969922 0.9375 0.060156 0.125 1 0.006985 0.351172 0.772917 0.024219 0.073611 12 0.006905 0.116797 0.782639 0.039844 0.109722 12 0.006798 0.088281 0.781944 0.03125 0.1 3 0.005512 0.008594 0.254167 0.017188 0.047222 3 0.00526 0.778125 0.517361 0.045312 0.0625 3 0.005062 0.985938 0.605556 0.028125 0.122222 3 0.004829 0.25625 0.982639 0.079687 0.034722 12 0.004608 0.273047 0.6125 0.032031 0.094444 9 0.004505 0.857422 0.678472 0.203906 0.3125 2 0.004166 0.777734 0.51875 0.046094 0.0625 12 0.003885 0.344922 0.890278 0.021094 0.083333 12 0.003721 0.521875 0.354861 0.0375 0.059722 1 0.003325 0.698828 0.410417 0.016406 0.051389 10 0.003235 0.434375 0.393056 0.075 0.083333 2 0.00304 0.326172 0.602778 0.033594 0.069444 2 0.002958 0.988281 0.599306 0.023438 0.134722 0 0.00289 0.073828 0.601389 0.147656 0.230556 1 0.002758 0.337109 0.747222 0.016406 0.097222 3 0.002621 0.201953 0.693056 0.111719 0.161111 12 0.002611 0.209375 0.999306 0.117188 0.001389 10 0.002562 0.362891 0.453472 0.100781 0.118056 0 0.002562 0.747656 0.497222 0.023438 0.061111 10 0.002405 0.072656 0.600694 0.145313 0.231944 3 0.002342 0.241406 0.99375 0.10625 0.0125 0 0.002234 0.751172 0.965278 0.032031 0.069444 8 0.002043 0.363281 0.45 0.098437 0.111111 12 0.001942 0.571484 0.999306 0.110156 0.001389 3 0.001897 0.012891 0.96875 0.025781 0.0625 2 0.001853 0.241406 0.961111 0.101562 0.077778 10 0.001707 0.027734 0.590278 0.055469 0.127778 3 0.001675 0.926562 0.906944 0.146875 0.186111 10 0.001513 0.947656 0.829167 0.104688 0.341667 2 0.001346 0.273047 0.613194 0.032031 0.090278 3 0.001294 0.990625 0.938889 0.01875 0.119444 0 0.001151 0.273828 0.611806 0.032031 0.090278 12 0.001143 0.667969 0.999306 0.121875 0.001389 11 0.00106 0.165625 0.774306 0.104688 0.1625 1 0.001024 0.746875 0.497222 0.026562 0.063889 3 0.000989 0.984375 0.933333 0.03125 0.133333 9 0.000985 0.04375 0.622222 0.0875 0.152778 10 0.000922 0.990625 0.684028 0.01875 0.170833 4 0.000904 0.983984 0.604861 0.030469 0.118056 9 0.00089 0.037109 0.792361 0.074219 0.351389 0 0.000876 0.115625 0.784028 0.039062 0.115278 1 0.000773 0.303516 0.576389 0.028906 0.055556 0 0.000767 0.0875 0.780556 0.029687 0.094444 2 0.000721 0.974609 0.085417 0.050781 0.084722 2 0.000667 0.501172 0.410417 0.022656 0.0625 10 0.000627 0.035156 0.625 0.070312 0.152778 9 0.00057 0.3625 0.452083 0.1 0.115278 8 0.000568 0.016016 0.422222 0.032031 0.166667 2 0.000562 0.944531 0.526389 0.0375 0.075 12 0.000557 0.276562 0.999306 0.1 0.001389 3 0.000534 0.751172 0.963889 0.036719 0.072222 2 0.000524 0.439844 0.477778 0.023438 0.044444 2 0.000501 0.987109 0.081944 0.025781 0.088889
CCTV01^20260318-110000-20260318-120000_000793,2 0.960938 0.276953 0.814583 0.058594 0.123611 2 0.95166 0.522266 0.872917 0.071094 0.193056 2 0.95166 0.748047 0.917361 0.082031 0.156944 11 0.945801 0.720313 0.761806 0.065625 0.170833 9 0.906738 0.233984 0.525 0.152344 0.180556 9 0.895508 0.19375 0.75 0.151562 0.322222 9 0.892578 0.821094 0.773611 0.195312 0.391667 12 0.890137 0.325391 0.745139 0.033594 0.101389 12 0.865234 0.297266 0.868056 0.025781 0.094444 2 0.851074 0.48125 0.465278 0.04375 0.066667 2 0.842773 0.258203 0.949306 0.066406 0.101389 2 0.754883 0.505469 0.431944 0.03125 0.05 9 0.699219 0.407031 0.463889 0.096875 0.136111 3 0.699219 0.690625 0.588194 0.054688 0.123611 12 0.677246 0.343359 0.925 0.061719 0.136111 2 0.660156 0.725 0.590278 0.03125 0.080556 2 0.645996 0.476953 0.410417 0.041406 0.056944 12 0.618652 0.372656 0.854861 0.045312 0.134722 12 0.562012 0.341016 0.81875 0.027344 0.098611 1 0.488281 0.297656 0.649306 0.034375 0.093056 2 0.418701 0.516016 0.386806 0.030469 0.048611 12 0.405518 0.315234 0.817361 0.021094 0.090278 2 0.299072 0.566016 0.471528 0.032031 0.076389 2 0.273682 0.298047 0.649306 0.035156 0.090278 1 0.219971 0.333594 0.565972 0.03125 0.073611 2 0.156616 0.333594 0.567361 0.03125 0.076389 4 0.148071 0.066016 0.810417 0.085156 0.1875 0 0.146606 0.308594 0.701389 0.023438 0.069444 12 0.116333 0.333984 0.81875 0.016406 0.098611 12 0.106689 0.395313 0.936111 0.042188 0.127778 9 0.103027 0.075 0.616667 0.148438 0.269444 12 0.060089 0.308594 0.699306 0.025 0.070833 0 0.052429 0.297266 0.86875 0.025781 0.090278 12 0.052032 0.670312 0.711111 0.032813 0.122222 9 0.050323 0.357422 0.464583 0.096094 0.140278 2 0.046906 0.272266 0.613889 0.046094 0.069444 2 0.041626 0.520703 0.349306 0.057031 0.090278 3 0.041626 0.270313 0.603472 0.05 0.093056 10 0.038025 0.405859 0.465972 0.092969 0.1375 12 0.03067 0.299219 0.541667 0.028125 0.086111 1 0.018829 0.671094 0.702778 0.03125 0.102778 12 0.018188 0.317188 0.960417 0.0375 0.076389 11 0.017303 0.040625 0.702778 0.08125 0.25 10 0.014282 0.925781 0.905556 0.148438 0.188889 3 0.013329 0.008594 0.256944 0.017188 0.041667 6 0.013123 0.519531 0.34375 0.060937 0.081944 10 0.011734 0.033984 0.91875 0.067969 0.1625 3 0.010696 0.853906 0.552083 0.0625 0.106944 12 0.005753 0.366016 0.783333 0.042969 0.111111 10 0.005688 0.354297 0.467361 0.086719 0.131944 10 0.005428 0.857031 0.680556 0.204687 0.288889 0 0.005119 0.299219 0.540972 0.028125 0.084722 12 0.004848 0.307031 0.999306 0.114062 0.001389 10 0.004608 0.075391 0.620833 0.150781 0.272222 3 0.004539 0.991797 0.376389 0.016406 0.091667 0 0.004505 0.101953 0.710417 0.061719 0.106944 2 0.004314 0.770312 0.538194 0.045312 0.073611 9 0.00423 0.041797 0.704167 0.083594 0.222222 4 0.004055 0.982812 0.659028 0.034375 0.098611 0 0.00404 0.325781 0.747222 0.034375 0.102778 1 0.004025 0.296094 0.858333 0.025 0.119444 2 0.00396 0.771094 0.507639 0.048438 0.051389 10 0.003914 0.150391 0.904861 0.197656 0.190278 4 0.003325 0.103125 0.711111 0.060937 0.105556 9 0.003298 0.857422 0.679861 0.208594 0.329167 10 0.002935 0.519141 0.341667 0.060156 0.077778 0 0.002779 0.076172 0.626389 0.152344 0.283333 3 0.002693 0.971094 0.929167 0.057813 0.141667 10 0.002571 0.053125 0.833333 0.10625 0.308333 3 0.002182 0.771094 0.506944 0.048438 0.05 0 0.00198 0.983203 0.6625 0.033594 0.105556 11 0.001782 0.021875 0.709028 0.04375 0.270833 10 0.001741 0.025391 0.598611 0.050781 0.125 12 0.001741 0.329688 0.808333 0.034375 0.105556 1 0.0017 0.301953 0.686111 0.033594 0.094444 3 0.001623 0.927734 0.907639 0.144531 0.184722 3 0.001574 0.991406 0.927083 0.017188 0.145833 10 0.001399 0.433203 0.390278 0.072656 0.086111 10 0.001124 0.04375 0.600694 0.0875 0.198611 2 0.001107 0.744141 0.878472 0.055469 0.079167 10 0.001057 0.944531 0.854861 0.110937 0.290278 9 0.001012 0.038672 0.76875 0.077344 0.173611 9 0.000926 0.05625 0.842361 0.1125 0.281944 10 0.000904 0.683203 0.221528 0.028906 0.059722 2 0.000897 0.988672 0.377083 0.021094 0.090278 8 0.000833 0.038672 0.694444 0.077344 0.219444 10 0.000773 0.015625 0.713194 0.03125 0.218056 12 0.000773 0.346484 0.836111 0.024219 0.113889 2 0.000744 0.348438 0.603472 0.045312 0.090278 3 0.000685 0.983984 0.915972 0.032031 0.168056 3 0.000682 0.990234 0.596528 0.019531 0.148611 3 0.000657 0.363672 0.584722 0.074219 0.111111 8 0.000627 0.888281 0.70625 0.140625 0.229167 12 0.000614 0.794531 0.997222 0.0875 0.005556 10 0.000577 0.039453 0.736111 0.078906 0.380556 2 0.000544 0.814453 0.429861 0.038281 0.065278 3 0.000534 0.005078 0.270833 0.010156 0.066667 4 0.000504 0.854297 0.552083 0.061719 0.106944
CCTV01^20260318-110000-20260318-120000_000797,11 0.95752 0.723828 0.769444 0.067969 0.172222 2 0.955078 0.522266 0.873611 0.069531 0.194444 2 0.945312 0.751953 0.927083 0.082031 0.145833 12 0.91748 0.387109 0.823611 0.032031 0.094444 9 0.90332 0.225391 0.675 0.147656 0.283333 2 0.900391 0.286719 0.752083 0.051562 0.093056 9 0.89502 0.819922 0.772917 0.192969 0.393056 2 0.86084 0.253125 0.933333 0.076563 0.133333 12 0.854004 0.312891 0.868056 0.035156 0.122222 2 0.767578 0.399609 0.508333 0.058594 0.063889 12 0.762207 0.366406 0.902778 0.0375 0.119444 12 0.725098 0.657813 0.766667 0.034375 0.127778 12 0.679199 0.323828 0.666667 0.028906 0.091667 12 0.663574 0.325781 0.954861 0.039062 0.090278 2 0.638672 0.725781 0.591667 0.029687 0.077778 9 0.62793 0.377344 0.404167 0.104688 0.125 9 0.584961 0.462891 0.397917 0.074219 0.101389 3 0.562012 0.691016 0.597222 0.055469 0.141667 9 0.484375 0.775 0.475694 0.114062 0.1375 7 0.383057 0.109766 0.71875 0.113281 0.148611 12 0.359375 0.632422 0.782639 0.019531 0.090278 2 0.336426 0.566406 0.46875 0.029687 0.079167 2 0.313965 0.498047 0.426389 0.038281 0.066667 12 0.282959 0.348047 0.863889 0.028906 0.086111 12 0.275146 0.289062 0.81875 0.040625 0.118056 12 0.243652 0.330078 0.790278 0.049219 0.122222 2 0.160767 0.377344 0.461806 0.026562 0.059722 2 0.15564 0.398047 0.556944 0.039844 0.063889 10 0.150513 0.142578 0.857639 0.191406 0.284722 10 0.149048 0.042578 0.875694 0.085156 0.248611 3 0.143188 0.674219 0.485417 0.048438 0.081944 3 0.131226 0.988281 0.832639 0.023438 0.1875 9 0.117188 0.247266 0.536806 0.158594 0.193056 3 0.10968 0.458594 0.470833 0.057813 0.072222 9 0.09436 0.175 0.855556 0.125 0.280556 1 0.082092 0.378125 0.461806 0.026562 0.059722 2 0.067322 0.9875 0.815278 0.023438 0.158333 0 0.063477 0.326562 0.590278 0.025 0.080556 2 0.060089 0.981641 0.598611 0.036719 0.108333 2 0.05835 0.515625 0.390278 0.03125 0.052778 12 0.046906 0.327344 0.585417 0.026562 0.090278 2 0.031494 0.675 0.485417 0.048438 0.081944 10 0.024139 0.376563 0.404167 0.103125 0.125 3 0.021454 0.008594 0.259722 0.017188 0.038889 9 0.017853 0.076563 0.610417 0.15 0.256944 12 0.015541 0.362891 0.78125 0.027344 0.095833 2 0.013588 0.691016 0.598611 0.055469 0.141667 10 0.013329 0.775391 0.473611 0.111719 0.133333 10 0.012527 0.4625 0.397917 0.071875 0.101389 8 0.010567 0.029297 0.763889 0.058594 0.116667 10 0.009521 0.247656 0.538194 0.154688 0.195833 10 0.008415 0.988281 0.860417 0.023438 0.279167 6 0.008186 0.719922 0.302083 0.041406 0.093056 10 0.007874 0.077344 0.623611 0.154688 0.277778 10 0.007374 0.925781 0.905556 0.148438 0.188889 0 0.006691 0.323828 0.66875 0.028906 0.095833 9 0.00634 0.854297 0.678472 0.213281 0.318056 12 0.005959 0.648438 0.767361 0.014063 0.120833 10 0.005512 0.96875 0.836111 0.0625 0.327778 12 0.005489 0.399219 0.44375 0.023438 0.065278 0 0.00518 0.075391 0.609028 0.150781 0.243056 10 0.004791 0.719922 0.302083 0.039844 0.093056 2 0.0047 0.460547 0.470833 0.057031 0.072222 3 0.004215 0.969141 0.934028 0.061719 0.131944 12 0.003975 0.297656 0.838194 0.039062 0.148611 12 0.003721 0.798438 0.997917 0.079687 0.004167 3 0.003456 0.990625 0.938194 0.01875 0.123611 12 0.003389 0.65625 0.766667 0.01875 0.119444 10 0.003197 0.980078 0.857639 0.039844 0.284722 11 0.002434 0.854297 0.667361 0.208594 0.298611 10 0.002323 0.026953 0.583333 0.053906 0.108333 12 0.001824 0.669141 0.998611 0.127344 0.002778 10 0.001796 0.045703 0.595139 0.091406 0.198611 3 0.001507 0.927734 0.906944 0.144531 0.186111 3 0.001378 0.982812 0.914583 0.034375 0.170833 3 0.001169 0.005469 0.270139 0.010937 0.0625 1 0.001169 0.430078 0.468056 0.024219 0.05 0 0.001143 0.285156 0.819444 0.034375 0.111111 2 0.001053 0.752344 0.895139 0.051562 0.084722 0 0.00097 0.312891 0.810417 0.025781 0.123611 10 0.000886 0.022656 0.822917 0.045312 0.298611 8 0.000811 0.461719 0.361111 0.070312 0.086111 12 0.00073 0.66875 0.766667 0.01875 0.122222 3 0.000636 0.991406 0.877778 0.017188 0.238889 11 0.000617 0.03125 0.705556 0.0625 0.211111 11 0.000597 0.110547 0.720139 0.116406 0.145833 11 0.000566 0.990625 0.786111 0.01875 0.255556 3 0.000553 0.815625 0.43125 0.035937 0.065278 9 0.000525 0.026562 0.833333 0.053125 0.305556 2 0.000507 0.815625 0.430556 0.035937 0.066667
CCTV01^20260318-110000-20260318-120000_000801,11 0.963867 0.724609 0.769444 0.069531 0.172222 9 0.953613 0.175 0.815972 0.175 0.359722 2 0.943359 0.522266 0.872917 0.071094 0.193056 2 0.942383 0.751172 0.925694 0.085156 0.148611 12 0.94043 0.336328 0.83125 0.035156 0.095833 9 0.884766 0.819141 0.774306 0.194531 0.393056 2 0.874023 0.498828 0.438194 0.035156 0.054167 2 0.861328 0.275781 0.8375 0.075 0.158333 12 0.834473 0.332031 0.752778 0.029687 0.097222 9 0.829102 0.265625 0.606944 0.142187 0.236111 3 0.825684 0.691016 0.59375 0.055469 0.131944 12 0.78418 0.65625 0.754167 0.032813 0.102778 9 0.775879 0.427734 0.413889 0.108594 0.136111 12 0.753418 0.328125 0.936806 0.04375 0.109722 9 0.692871 0.082031 0.779861 0.164062 0.3625 12 0.65332 0.321484 0.7 0.027344 0.094444 2 0.647949 0.509766 0.402083 0.030469 0.043056 12 0.464844 0.300391 0.682639 0.027344 0.106944 12 0.331055 0.682813 0.700694 0.025 0.095833 10 0.315674 0.079687 0.790972 0.159375 0.373611 12 0.270508 0.622656 0.795833 0.01875 0.075 10 0.19812 0.426563 0.415278 0.107813 0.138889 2 0.189575 0.567187 0.468056 0.03125 0.075 2 0.180054 0.515625 0.378472 0.034375 0.0375 2 0.176636 0.512891 0.390278 0.032031 0.05 10 0.156128 0.175 0.8125 0.171875 0.355556 2 0.093689 0.694141 0.515972 0.055469 0.106944 3 0.070312 0.335156 0.479861 0.060937 0.056944 3 0.06076 0.726172 0.592361 0.028906 0.073611 3 0.059204 0.694141 0.513889 0.055469 0.108333 3 0.057281 0.969141 0.631944 0.061719 0.113889 4 0.057068 0.969141 0.630556 0.061719 0.113889 2 0.046204 0.726172 0.592361 0.028906 0.076389 12 0.044189 0.325 0.736111 0.026562 0.127778 4 0.041473 0.335156 0.480556 0.064062 0.058333 12 0.036346 0.347266 0.528472 0.024219 0.070833 12 0.019272 0.382031 0.513194 0.025 0.068056 3 0.015427 0.008594 0.255556 0.017188 0.044444 10 0.015305 0.925781 0.905556 0.148438 0.188889 6 0.009232 0.509375 0.325 0.04375 0.077778 12 0.008095 0.353906 0.585417 0.029687 0.079167 12 0.006744 0.336328 0.639583 0.028906 0.076389 2 0.006588 0.503906 0.423611 0.034375 0.055556 3 0.006462 0.437109 0.966667 0.057031 0.066667 10 0.005386 0.853125 0.678472 0.20625 0.281944 9 0.005302 0.855078 0.680556 0.208594 0.313889 2 0.005039 0.509375 0.324306 0.045312 0.076389 12 0.00481 0.8 0.997917 0.085938 0.004167 0 0.004505 0.248047 0.517361 0.030469 0.065278 0 0.003565 0.331641 0.882639 0.022656 0.054167 12 0.003235 0.330078 0.886111 0.017969 0.047222 6 0.002878 0.768359 0.391667 0.074219 0.133333 3 0.002867 0.992969 0.925694 0.014063 0.148611 12 0.002747 0.332031 0.999306 0.107813 0.001389 10 0.002531 0.042188 0.610417 0.084375 0.170833 3 0.002359 0.985938 0.916667 0.028125 0.166667 10 0.002226 0.768359 0.395139 0.078906 0.134722 12 0.001942 0.366797 0.583333 0.052344 0.083333 3 0.001875 0.965234 0.936111 0.067969 0.127778 0 0.00181 0.655078 0.824306 0.017969 0.0625 3 0.001768 0.928125 0.907639 0.14375 0.184722 10 0.001478 0.937109 0.841667 0.125781 0.316667 10 0.001389 0.026562 0.597222 0.053125 0.141667 12 0.001389 0.315625 0.715972 0.015625 0.073611 11 0.001269 0.078125 0.79375 0.15625 0.376389 0 0.001073 0.334375 0.432639 0.025 0.059722 10 0.000937 0.992578 0.358333 0.014844 0.141667 1 0.000933 0.218359 0.972222 0.041406 0.055556 12 0.000886 0.366016 0.528472 0.019531 0.059722 1 0.00088 0.274219 0.840278 0.078125 0.155556 2 0.000853 0.210156 0.995139 0.08125 0.009722 10 0.00083 0.4375 0.35 0.103125 0.105556 11 0.000792 0.049609 0.639583 0.099219 0.140278 12 0.000767 0.299219 0.966667 0.040625 0.066667 8 0.000744 0.912109 0.74375 0.089844 0.198611 8 0.000704 0.887109 0.706944 0.138281 0.236111 2 0.000696 0.20625 0.590972 0.045312 0.090278 0 0.000661 0.288281 0.680556 0.01875 0.108333 3 0.000631 0.991406 0.377083 0.017188 0.104167 10 0.000575 0.990234 0.548611 0.019531 0.194444 3 0.000564 0.946484 0.520833 0.050781 0.083333 11 0.000536 0.854297 0.669444 0.203906 0.302778 5 0.000519 0.508984 0.324306 0.042969 0.076389
CCTV01^20260318-110000-20260318-120000_000805,9 0.953125 0.154688 0.655556 0.192188 0.283333 2 0.95166 0.751172 0.925694 0.085156 0.148611 2 0.945801 0.652734 0.5375 0.041406 0.077778 2 0.945312 0.522266 0.873611 0.069531 0.194444 11 0.93457 0.725 0.769444 0.06875 0.172222 9 0.934082 0.313672 0.547917 0.141406 0.198611 9 0.911621 0.819141 0.773611 0.194531 0.391667 9 0.905762 0.220312 0.731944 0.178125 0.333333 1 0.754883 0.210547 0.920833 0.047656 0.127778 12 0.729492 0.310156 0.711111 0.04375 0.116667 12 0.647949 0.660156 0.921528 0.0375 0.145833 2 0.629883 0.744141 0.453472 0.044531 0.076389 3 0.622559 0.691406 0.598611 0.054688 0.138889 0 0.586914 0.675 0.689583 0.023438 0.084722 2 0.53125 0.692187 0.597917 0.053125 0.1375 2 0.457031 0.045703 0.788194 0.060156 0.118056 12 0.455078 0.319141 0.926389 0.061719 0.130556 2 0.435791 0.664844 0.470139 0.040625 0.076389 2 0.434082 0.461719 0.474306 0.054688 0.0625 12 0.413086 0.261328 0.884722 0.041406 0.108333 12 0.399902 0.697266 0.951389 0.039844 0.097222 0 0.381104 0.673828 0.772222 0.025781 0.111111 2 0.205566 0.566406 0.469444 0.03125 0.075 9 0.121277 0.501172 0.357639 0.091406 0.115278 12 0.101257 0.366016 0.58125 0.038281 0.079167 9 0.090088 0.269141 0.489583 0.158594 0.176389 10 0.085388 0.266797 0.488889 0.158594 0.169444 2 0.077209 0.726953 0.594444 0.027344 0.075 12 0.070557 0.673828 0.76875 0.025781 0.106944 3 0.047607 0.694531 0.515278 0.054688 0.097222 0 0.047241 0.643359 0.601389 0.025781 0.072222 2 0.046539 0.014453 0.790972 0.028906 0.118056 2 0.046387 0.693359 0.517361 0.053906 0.0875 9 0.031372 0.075 0.614583 0.15 0.265278 3 0.02887 0.495312 0.415278 0.05625 0.069444 0 0.028336 0.273438 0.934028 0.026562 0.084722 3 0.023956 0.96875 0.772222 0.0625 0.166667 0 0.022461 0.667578 0.702778 0.014844 0.122222 12 0.02211 0.643359 0.601389 0.030469 0.072222 10 0.012726 0.094141 0.894444 0.188281 0.211111 10 0.010818 0.964063 0.769444 0.071875 0.191667 7 0.009193 0.494531 0.414583 0.057813 0.070833 3 0.008881 0.726562 0.592361 0.026562 0.081944 10 0.008614 0.076563 0.624306 0.153125 0.279167 12 0.008514 0.273047 0.934028 0.025781 0.081944 10 0.008347 0.823047 0.513194 0.103906 0.209722 10 0.007755 0.931641 0.90625 0.136719 0.1875 5 0.006905 0.96875 0.772917 0.060937 0.159722 12 0.006462 0.403125 0.542361 0.023438 0.079167 8 0.005428 0.887109 0.702083 0.138281 0.234722 12 0.004887 0.657422 0.936111 0.022656 0.108333 0 0.004646 0.074609 0.6125 0.149219 0.255556 4 0.00433 0.015625 0.719444 0.03125 0.097222 8 0.004314 0.494922 0.4125 0.057031 0.066667 10 0.0042 0.847656 0.674306 0.20625 0.290278 3 0.004181 0.989062 0.864583 0.021875 0.270833 12 0.004005 0.797656 0.997917 0.079687 0.004167 10 0.003389 0.501563 0.358333 0.089063 0.119444 0 0.003363 0.259375 0.885417 0.0375 0.115278 3 0.003223 0.638672 0.239583 0.016406 0.031944 3 0.002993 0.016016 0.736111 0.032031 0.130556 10 0.00297 0.953125 0.851389 0.09375 0.297222 10 0.002867 0.027344 0.586806 0.054688 0.120833 6 0.002855 0.768359 0.367361 0.055469 0.104167 3 0.002846 0.990625 0.914583 0.01875 0.170833 9 0.002768 0.988281 0.899306 0.023438 0.201389 3 0.002737 0.644531 0.291667 0.01875 0.038889 10 0.002714 0.049609 0.59375 0.099219 0.209722 3 0.00227 0.928125 0.907639 0.14375 0.184722 12 0.002216 0.25625 0.999306 0.10625 0.001389 6 0.001965 0.966406 0.769444 0.067187 0.172222 0 0.001957 0.684375 0.775 0.01875 0.133333 9 0.001883 0.979297 0.906944 0.041406 0.186111 10 0.001831 0.986328 0.748611 0.027344 0.244444 10 0.00181 0.991797 0.552083 0.016406 0.129167 0 0.001707 0.364453 0.579167 0.032031 0.069444 2 0.001597 0.746875 0.890972 0.057813 0.079167 3 0.001549 0.980469 0.865278 0.039062 0.269444 10 0.001519 0.76875 0.365972 0.057813 0.104167 0 0.001335 0.699219 0.950694 0.035937 0.098611 0 0.00133 0.403516 0.540278 0.025781 0.075 3 0.00132 0.992578 0.377083 0.014844 0.081944 12 0.001245 0.733984 0.999306 0.132031 0.001389 10 0.001165 0.973437 0.832639 0.051562 0.334722 3 0.001151 0.955859 0.533333 0.046094 0.097222 10 0.001124 0.021875 0.683333 0.04375 0.175 0 0.001112 0.672266 0.828472 0.025781 0.079167 9 0.001078 0.014453 0.818056 0.028906 0.297222 0 0.001048 0.666797 0.827778 0.022656 0.063889 3 0.001024 0.967969 0.931944 0.0625 0.136111 10 0.000962 0.011719 0.826389 0.023438 0.347222 10 0.000947 0.994141 0.367361 0.011719 0.109722 2 0.000839 0.644531 0.291667 0.01875 0.038889 9 0.000826 0.494922 0.415278 0.052344 0.069444 6 0.000789 0.823828 0.514583 0.103906 0.2125 11 0.000779 0.09375 0.888889 0.185938 0.222222 4 0.00075 0.494922 0.415972 0.055469 0.070833 1 0.00075 0.235547 0.960417 0.060156 0.079167 3 0.000718 0.978125 0.805556 0.04375 0.141667 0 0.00068 0.992188 0.579861 0.015625 0.098611 3 0.000609 0.994922 0.864583 0.010156 0.270833 9 0.000577 0.850781 0.679167 0.20625 0.319444 9 0.000562 0.961719 0.777778 0.076563 0.233333 11 0.000527 0.988672 0.377778 0.021094 0.080556 1 0.000519 0.726172 0.592361 0.027344 0.076389
CCTV01^20260318-110000-20260318-120000_000809,11 0.958984 0.724609 0.769444 0.069531 0.172222 2 0.953613 0.655859 0.547917 0.041406 0.079167 2 0.950195 0.751172 0.925694 0.085156 0.148611 2 0.936523 0.522266 0.871528 0.071094 0.193056 9 0.892578 0.167969 0.797917 0.189062 0.3625 3 0.887207 0.691406 0.599306 0.054688 0.1375 9 0.881836 0.819922 0.774306 0.192969 0.398611 2 0.871582 0.734766 0.517361 0.036719 0.090278 9 0.871582 0.235156 0.536806 0.139063 0.193056 1 0.847168 0.216797 0.893056 0.049219 0.125 2 0.756348 0.668359 0.485417 0.033594 0.059722 2 0.743164 0.617188 0.507639 0.057813 0.095833 2 0.556641 0.314844 0.775694 0.045312 0.1125 2 0.395996 0.724609 0.594444 0.030469 0.077778 0 0.366699 0.654687 0.930556 0.03125 0.119444 0 0.352295 0.691016 0.882639 0.028906 0.106944 1 0.329346 0.314844 0.775694 0.045312 0.1125 2 0.273682 0.566797 0.468056 0.033594 0.077778 2 0.26123 0.693359 0.523611 0.052344 0.077778 3 0.255371 0.694141 0.518056 0.050781 0.102778 9 0.237183 0.417969 0.481944 0.1 0.175 10 0.206299 0.027344 0.770139 0.054688 0.276389 10 0.205566 0.416797 0.48125 0.100781 0.168056 2 0.16394 0.713672 0.438194 0.042969 0.056944 2 0.14563 0.141406 0.672917 0.05625 0.0875 12 0.138916 0.280078 0.690972 0.033594 0.101389 3 0.117981 0.725391 0.592361 0.028906 0.084722 0 0.103394 0.685156 0.922222 0.023438 0.077778 4 0.090759 0.783984 0.479167 0.041406 0.080556 12 0.089478 0.264844 0.874306 0.051562 0.134722 10 0.081238 0.446484 0.371528 0.102344 0.106944 2 0.078369 0.685156 0.507639 0.067187 0.104167 8 0.076416 0.264844 0.871528 0.051562 0.129167 3 0.075012 0.315625 0.415278 0.034375 0.055556 9 0.060516 0.028516 0.804167 0.057031 0.341667 2 0.059204 0.089844 0.730556 0.059375 0.097222 0 0.053192 0.066797 0.914583 0.047656 0.129167 3 0.03775 0.141797 0.672917 0.057031 0.095833 9 0.035004 0.362109 0.490972 0.114844 0.173611 0 0.03067 0.234375 0.945139 0.053125 0.109722 2 0.024704 0.315234 0.415972 0.033594 0.056944 1 0.020493 0.028516 0.925694 0.042969 0.115278 3 0.018402 0.969141 0.775 0.061719 0.158333 3 0.016586 0.711719 0.438194 0.04375 0.056944 10 0.014175 0.075 0.595139 0.15 0.220833 0 0.013481 0.672656 0.964583 0.023438 0.070833 10 0.013168 0.028516 0.589583 0.057031 0.134722 10 0.01049 0.930469 0.905556 0.139063 0.188889 2 0.010246 0.1 0.761806 0.05 0.076389 3 0.009193 0.714063 0.483333 0.034375 0.061111 9 0.008644 0.966016 0.773611 0.067969 0.180556 10 0.004719 0.233984 0.538194 0.139844 0.198611 10 0.004719 0.969922 0.757639 0.058594 0.201389 10 0.00407 0.786719 0.390278 0.071875 0.116667 10 0.004025 0.361328 0.486111 0.113281 0.191667 2 0.003593 0.752344 0.893056 0.057813 0.086111 3 0.003511 0.005469 0.925694 0.010937 0.148611 10 0.003027 0.988281 0.740278 0.023438 0.238889 10 0.00279 0.033203 0.613194 0.066406 0.223611 2 0.002758 0.183203 0.946528 0.053906 0.106944 12 0.002747 0.665625 0.999306 0.107813 0.001389 1 0.002611 0.183594 0.947917 0.05 0.104167 8 0.002522 0.235156 0.945139 0.051562 0.109722 0 0.002462 0.374609 0.798611 0.036719 0.088889 9 0.002462 0.850391 0.683333 0.199219 0.272222 0 0.002323 0.312109 0.698611 0.032031 0.105556 1 0.002234 0.596094 0.422917 0.01875 0.051389 11 0.00215 0.891797 0.593056 0.147656 0.216667 0 0.001949 0.320703 0.653472 0.027344 0.070833 6 0.001889 0.744531 0.256944 0.040625 0.072222 3 0.001839 0.026172 0.781944 0.052344 0.122222 2 0.001755 0.473047 0.425 0.024219 0.058333 3 0.00172 0.008594 0.254167 0.017188 0.05 3 0.001714 0.990234 0.926389 0.019531 0.141667 0 0.001681 0.005859 0.935417 0.011719 0.129167 6 0.001649 0.968359 0.774306 0.063281 0.165278 10 0.001649 0.852734 0.679861 0.199219 0.295833 11 0.001636 0.349219 0.93125 0.334375 0.1375 8 0.001597 0.885938 0.706944 0.135937 0.238889 0 0.001585 0.595703 0.422222 0.019531 0.052778 10 0.001549 0.037891 0.675694 0.075781 0.284722 4 0.001543 0.718359 0.482639 0.042969 0.065278 2 0.001525 0.736328 0.369444 0.025781 0.058333 4 0.001455 0.96875 0.775694 0.060937 0.159722 4 0.001416 0.473047 0.424306 0.024219 0.059722 3 0.001362 0.926953 0.907639 0.146094 0.184722 10 0.001294 0.029297 0.544444 0.058594 0.275 12 0.00124 0.214062 0.99375 0.121875 0.0125 0 0.001188 0.361328 0.484722 0.111719 0.191667 10 0.00109 0.966797 0.841667 0.064844 0.316667 0 0.001081 0.691797 0.861111 0.021094 0.083333 0 0.001008 0.023438 0.904861 0.046875 0.1625 3 0.000993 0.013672 0.375694 0.027344 0.079167 7 0.000911 0.473047 0.425 0.024219 0.058333 4 0.000897 0.780859 0.555556 0.046094 0.063889 1 0.000863 0.674219 0.963194 0.026562 0.073611 0 0.000782 0.270703 0.655556 0.025781 0.080556 9 0.000755 0.909766 0.743056 0.085156 0.202778 0 0.000744 0.666016 0.9375 0.024219 0.125 4 0.000619 0.722266 0.340972 0.022656 0.048611 1 0.000614 0.019922 0.888194 0.039844 0.1375 0 0.000579 0.010156 0.947917 0.020313 0.104167 4 0.000553 0.724609 0.769444 0.071094 0.169444 3 0.000544 0.736328 0.371528 0.024219 0.054167 11 0.000515 0.028125 0.749306 0.05625 0.223611
CCTV01^20260318-110000-20260318-120000_000954,11 0.865234 0.704688 0.650694 0.064062 0.179167 3 0.769043 0.24375 0.920833 0.071875 0.147222 7 0.767578 0.329297 0.806944 0.055469 0.136111 3 0.729492 0.695312 0.827083 0.053125 0.131944 3 0.700684 0.290234 0.753472 0.063281 0.106944 3 0.637207 0.436719 0.479167 0.054688 0.052778 3 0.602051 0.740625 0.922222 0.071875 0.147222 0 0.565918 0.314844 0.633333 0.03125 0.075 11 0.560059 0.773047 0.751389 0.069531 0.227778 3 0.558105 0.657422 0.595833 0.030469 0.080556 11 0.529297 0.770703 0.527083 0.082031 0.131944 3 0.523438 0.827734 0.646528 0.042969 0.098611 3 0.434082 0.566406 0.469444 0.03125 0.075 2 0.428223 0.4875 0.432639 0.026562 0.051389 11 0.411133 0.279687 0.568056 0.08125 0.108333 3 0.401611 0.207031 0.821528 0.075 0.131944 5 0.379395 0.166797 0.754861 0.074219 0.1375 0 0.377441 0.380078 0.536806 0.024219 0.068056 10 0.377441 0.221875 0.520139 0.142187 0.179167 3 0.373779 0.942187 0.647222 0.078125 0.094444 0 0.37207 0.345313 0.571528 0.026562 0.065278 3 0.338135 0.132031 0.950694 0.08125 0.098611 0 0.310791 0.228516 0.68125 0.028906 0.076389 9 0.295898 0.064453 0.667361 0.069531 0.1125 0 0.275146 0.008984 0.745833 0.017969 0.072222 11 0.270508 0.899219 0.732639 0.103125 0.206944 12 0.265869 0.329297 0.806944 0.055469 0.136111 0 0.259766 0.988281 0.747917 0.023438 0.0875 3 0.250977 0.349609 0.951389 0.092969 0.094444 2 0.240723 0.249609 0.636806 0.033594 0.070833 9 0.223999 0.279297 0.566667 0.078906 0.105556 4 0.221313 0.166016 0.754167 0.074219 0.138889 10 0.221313 0.827344 0.890972 0.09375 0.206944 0 0.189575 0.473438 0.943056 0.042188 0.094444 0 0.187134 0.407422 0.813194 0.036719 0.073611 10 0.167725 0.48125 0.359028 0.08125 0.106944 3 0.163452 0.16875 0.65625 0.045312 0.081944 7 0.136597 0.354297 0.504167 0.033594 0.083333 3 0.132935 0.70625 0.502083 0.026562 0.0625 3 0.115173 0.961328 0.969444 0.075781 0.061111 0 0.110107 0.275781 0.640972 0.028125 0.070833 10 0.106323 0.048828 0.882639 0.097656 0.234722 11 0.100159 0.664453 0.477778 0.064844 0.15 3 0.09845 0.507422 0.392361 0.030469 0.051389 0 0.095337 0.251172 0.701389 0.035156 0.069444 4 0.082092 0.353516 0.5125 0.032031 0.066667 4 0.080627 0.35 0.949306 0.0875 0.090278 2 0.05835 0.275 0.640278 0.029687 0.080556 5 0.048492 0.169141 0.655556 0.046094 0.083333 2 0.046906 0.228516 0.677778 0.028906 0.069444 0 0.041626 0.200781 0.65 0.025 0.063889 3 0.032471 0.614453 0.359028 0.027344 0.0625 0 0.028336 0.396875 0.416667 0.017188 0.047222 2 0.027802 0.506641 0.391667 0.032031 0.05 0 0.024994 0.255859 0.688194 0.027344 0.068056 9 0.024521 0.90625 0.735417 0.110937 0.220833 2 0.024338 0.318359 0.476389 0.025781 0.058333 6 0.024048 0.828516 0.890278 0.092969 0.205556 3 0.022461 0.703516 0.44375 0.036719 0.065278 4 0.019562 0.333594 0.421528 0.03125 0.070833 1 0.017853 0.40625 0.811806 0.035937 0.076389 1 0.016983 0.676953 0.975 0.030469 0.05 0 0.016922 0.318359 0.476389 0.025781 0.058333 0 0.01519 0.329297 0.518056 0.014844 0.044444 10 0.015129 0.670312 0.365278 0.067187 0.097222 0 0.014954 0.974609 0.618056 0.024219 0.069444 4 0.014503 0.360938 0.46875 0.0375 0.056944 1 0.012482 0.249609 0.706944 0.039844 0.069444 0 0.01107 0.247266 0.686111 0.027344 0.072222 3 0.008003 0.361328 0.467361 0.036719 0.054167 3 0.007755 0.989453 0.741667 0.021094 0.088889 10 0.006538 0.666406 0.479861 0.0625 0.151389 3 0.006512 0.955469 0.990972 0.0875 0.018056 7 0.004486 0.360156 0.488889 0.040625 0.097222 12 0.004486 0.276953 0.566667 0.077344 0.1 10 0.004299 0.715234 0.273611 0.030469 0.066667 3 0.00399 0.81875 0.548611 0.028125 0.058333 0 0.003593 0.326953 0.579167 0.013281 0.052778 0 0.003456 0.323047 0.578472 0.016406 0.048611 0 0.003248 0.215234 0.613194 0.027344 0.068056 1 0.003248 0.484375 0.665278 0.017188 0.030556 0 0.003223 0.320312 0.6 0.021875 0.055556 2 0.003197 0.819922 0.552083 0.028906 0.065278 6 0.003136 0.045703 0.88125 0.091406 0.234722 0 0.003004 0.872656 0.584722 0.028125 0.072222 7 0.002947 0.334375 0.422222 0.032813 0.072222 0 0.002522 0.004297 0.675694 0.008594 0.0625 0 0.002512 0.376953 0.409722 0.016406 0.041667 10 0.002378 0.905078 0.08125 0.041406 0.109722 6 0.002323 0.715234 0.274306 0.030469 0.065278 10 0.002209 0.991406 0.568056 0.017188 0.158333 1 0.001972 0.258984 0.679167 0.024219 0.061111 12 0.001727 0.1 0.727083 0.103125 0.154167 9 0.0017 0.635938 0.294444 0.028125 0.061111 4 0.001649 0.773438 0.533333 0.076563 0.130556 8 0.001561 0.758984 0.472917 0.055469 0.109722 5 0.001525 0.743359 0.922917 0.064844 0.151389 11 0.001335 0.758203 0.457639 0.050781 0.079167 10 0.001285 0.990625 0.747917 0.01875 0.190278 1 0.001197 0.841406 0.563889 0.015625 0.044444 0 0.001165 0.316016 0.404861 0.017969 0.045833 0 0.001124 0.351953 0.516667 0.030469 0.063889 0 0.000947 0.006641 0.636111 0.013281 0.088889 0 0.00094 0.339062 0.518056 0.020313 0.05 2 0.00094 0.921094 0.570833 0.03125 0.052778 10 0.00094 0.991797 0.638194 0.016406 0.170833 4 0.000883 0.637891 0.475694 0.021094 0.059722 3 0.000876 0.008203 0.255556 0.016406 0.044444 3 0.000856 0.626172 0.207639 0.013281 0.029167 0 0.000843 0.124219 0.652083 0.026562 0.054167 4 0.000804 0.764062 0.407639 0.028125 0.043056 9 0.000785 0.098437 0.735417 0.096875 0.148611 10 0.000758 0.009766 0.810417 0.019531 0.298611 2 0.000755 0.873047 0.584028 0.028906 0.073611 1 0.000752 0.241016 0.715972 0.032031 0.076389 12 0.000724 0.276953 0.997222 0.119531 0.005556 10 0.000721 0.009375 0.677778 0.01875 0.252778 1 0.000688 0.700391 0.897917 0.027344 0.081944 0 0.000659 0.325781 0.523611 0.020313 0.05 2 0.000575 0.123438 0.652083 0.023438 0.045833 0 0.000573 0.995703 0.6125 0.008594 0.080556 3 0.000553 0.471484 0.306944 0.027344 0.038889 0 0.000551 0.995313 0.784028 0.009375 0.095833 10 0.000548 0.013281 0.869444 0.026562 0.261111 0 0.000544 0.860547 0.515278 0.025781 0.061111 1 0.000534 0.487109 0.972222 0.032031 0.047222 1 0.000519 0.284766 0.663889 0.028906 0.055556 1 0.000519 0.644531 0.816667 0.01875 0.086111
CCTV01^20260318-110000-20260318-120000_000966,11 0.887207 0.709375 0.665972 0.067187 0.184722 3 0.804199 0.698438 0.840972 0.048438 0.134722 1 0.744629 0.671094 0.950694 0.03125 0.093056 11 0.682617 0.774609 0.788889 0.069531 0.244444 3 0.658203 0.265234 0.836111 0.071094 0.127778 3 0.560059 0.737109 0.934028 0.074219 0.129167 5 0.480469 0.235937 0.735417 0.073438 0.1375 2 0.437744 0.869141 0.758333 0.049219 0.091667 3 0.424316 0.850781 0.820833 0.082812 0.136111 3 0.411133 0.305469 0.690278 0.0625 0.105556 2 0.403564 0.188281 0.738889 0.039062 0.091667 3 0.394287 0.205469 0.672917 0.076563 0.0875 2 0.375732 0.341406 0.611111 0.046875 0.077778 0 0.375732 0.873437 0.661111 0.03125 0.083333 7 0.355713 0.840625 0.930556 0.057813 0.113889 5 0.350342 0.511328 0.39375 0.033594 0.059722 11 0.307373 0.799609 0.576389 0.055469 0.127778 3 0.286133 0.649219 0.60625 0.051562 0.093056 3 0.282959 0.098047 0.851389 0.096094 0.127778 10 0.265869 0.416406 0.425 0.098437 0.138889 11 0.252441 0.954688 0.838889 0.090625 0.263889 3 0.246582 0.625 0.422222 0.029687 0.055556 3 0.225464 0.739453 0.565278 0.039844 0.058333 9 0.221313 0.799609 0.575694 0.055469 0.123611 11 0.205566 0.686328 0.540972 0.064844 0.084722 3 0.199341 0.478516 0.452778 0.044531 0.066667 9 0.157104 0.102734 0.71875 0.105469 0.148611 1 0.147095 0.85625 0.693056 0.023438 0.058333 10 0.137085 0.808984 0.459028 0.053906 0.134722 11 0.088196 0.103125 0.720139 0.10625 0.154167 5 0.080933 0.024609 0.784722 0.049219 0.127778 0 0.076111 0.85625 0.694444 0.023438 0.063889 3 0.065369 0.742969 0.497917 0.04375 0.0625 1 0.052246 0.890234 0.713194 0.025781 0.070833 4 0.047424 0.024609 0.784722 0.049219 0.127778 3 0.045868 0.024609 0.786806 0.049219 0.129167 0 0.039337 0.891406 0.713889 0.023438 0.069444 10 0.037048 0.317188 0.541667 0.157812 0.197222 3 0.031616 0.839453 0.929861 0.060156 0.118056 3 0.029419 0.716016 0.434028 0.041406 0.073611 0 0.028549 0.884766 0.696528 0.033594 0.0875 1 0.028107 0.519141 0.430556 0.014844 0.033333 2 0.025085 0.869141 0.588194 0.035156 0.065278 10 0.023697 0.025781 0.852083 0.051562 0.270833 11 0.022797 0.681641 0.503472 0.071094 0.154167 6 0.021286 0.025781 0.846528 0.051562 0.259722 0 0.020248 0.974609 0.622917 0.025781 0.068056 3 0.018341 0.717187 0.50625 0.034375 0.056944 10 0.013588 0.672266 0.320833 0.036719 0.105556 3 0.011963 0.20625 0.969444 0.078125 0.061111 9 0.011871 0.934375 0.673611 0.089063 0.15 4 0.011734 0.103125 0.720139 0.104688 0.156944 2 0.011597 0.950781 0.693056 0.057813 0.091667 3 0.011551 0.625781 0.386806 0.028125 0.048611 5 0.011505 0.395313 0.552778 0.057813 0.086111 2 0.010948 0.847266 0.548611 0.022656 0.052778 2 0.010948 0.021875 0.7875 0.04375 0.130556 0 0.010857 0.187891 0.567361 0.177344 0.201389 1 0.009087 0.155859 0.748611 0.027344 0.069444 9 0.008446 0.393359 0.552083 0.052344 0.084722 12 0.008064 0.955469 0.85 0.089063 0.286111 1 0.008003 0.633594 0.552083 0.015625 0.034722 4 0.007462 0.026172 0.838194 0.052344 0.243056 4 0.006771 0.636719 0.456944 0.021875 0.055556 3 0.006489 0.68125 0.395833 0.028125 0.041667 3 0.006462 0.757031 0.452778 0.032813 0.055556 3 0.006462 0.951562 0.692361 0.057813 0.090278 4 0.006168 0.840234 0.93125 0.060156 0.120833 4 0.005821 0.753516 0.621528 0.032031 0.0875 3 0.005241 0.392969 0.553472 0.053125 0.0875 4 0.005161 0.764062 0.411806 0.023438 0.045833 9 0.004868 0.176172 0.577778 0.153906 0.197222 0 0.004364 0.994141 0.690278 0.011719 0.088889 3 0.00423 0.742969 0.388194 0.025 0.043056 12 0.004101 0.102344 0.719444 0.101562 0.161111 3 0.004086 0.433984 0.504167 0.044531 0.044444 12 0.00404 0.753516 0.622222 0.032031 0.086111 2 0.003885 0.646094 0.508333 0.021875 0.055556 3 0.002935 0.625 0.403472 0.028125 0.070833 10 0.002924 0.184766 0.575 0.169531 0.194444 0 0.002758 0.994922 0.614583 0.010156 0.081944 3 0.002737 0.287109 0.475 0.041406 0.047222 4 0.002611 0.646875 0.508333 0.020313 0.055556 8 0.002359 0.311328 0.425694 0.047656 0.076389 0 0.002306 0.996094 0.679861 0.007812 0.109722 4 0.002287 0.608594 0.366667 0.023438 0.047222 12 0.002068 0.933203 0.664583 0.110156 0.165278 4 0.001897 0.950781 0.690972 0.054688 0.0875 10 0.001623 0.990625 0.580556 0.01875 0.219444 3 0.001561 0.759375 0.552083 0.01875 0.048611 2 0.001444 0.543359 0.434722 0.024219 0.047222 10 0.001315 0.975781 0.786111 0.048438 0.152778 0 0.001285 0.989844 0.691667 0.01875 0.088889 1 0.001274 0.541406 0.434028 0.021875 0.040278 0 0.001269 0.932813 0.584722 0.029687 0.05 0 0.001188 0.259766 0.55625 0.047656 0.184722 0 0.001151 0.967969 0.6375 0.040625 0.094444 0 0.001134 0.229687 0.550694 0.104688 0.195833 2 0.001107 0.919141 0.536806 0.036719 0.065278 10 0.001048 0.0375 0.832639 0.075 0.334722 4 0.000993 0.682813 0.425694 0.032813 0.056944 10 0.000993 0.989453 0.740972 0.021094 0.3375 3 0.000933 0.608594 0.366667 0.023438 0.047222 9 0.000933 0.312109 0.426389 0.047656 0.080556 0 0.000933 0.560937 0.434028 0.014063 0.043056 11 0.000929 0.968359 0.865278 0.063281 0.183333 10 0.000836 0.377344 0.372917 0.0625 0.104167 3 0.00083 0.013672 0.375694 0.027344 0.079167 2 0.000823 0.607812 0.365972 0.023438 0.048611 3 0.000792 0.746484 0.600694 0.039844 0.118056 2 0.00077 0.753516 0.622917 0.032031 0.084722 3 0.00073 0.008984 0.251389 0.017969 0.05 4 0.000664 0.478125 0.453472 0.04375 0.065278 3 0.000646 0.545312 0.380556 0.021875 0.044444 0 0.000596 0.992969 0.715278 0.014063 0.111111 0 0.000568 0.996094 0.638889 0.007812 0.119444 11 0.000562 0.978516 0.784028 0.042969 0.126389 10 0.000555 0.991797 0.551389 0.016406 0.122222 0 0.000548 0.5875 0.409028 0.01875 0.045833 3 0.000544 0.717187 0.328472 0.026562 0.048611 0 0.000538 0.987891 0.621528 0.022656 0.0875 3 0.000524 0.205078 0.999306 0.091406 0.001389 7 0.000521 0.311719 0.427083 0.048438 0.079167 12 0.000519 0.009766 0.08125 0.019531 0.1625 1 0.000505 0.673828 0.974306 0.041406 0.051389
CCTV01^20260318-110000-20260318-120000_000970,11 0.890137 0.710547 0.675 0.064844 0.194444 3 0.794434 0.699219 0.852778 0.048438 0.138889 10 0.79248 0.15625 0.728472 0.176563 0.326389 3 0.777344 0.899609 0.885417 0.091406 0.148611 1 0.775879 0.671094 0.950694 0.03125 0.090278 11 0.741699 0.780078 0.798611 0.074219 0.261111 3 0.73584 0.255469 0.821528 0.071875 0.131944 3 0.631836 0.495703 0.45 0.033594 0.055556 2 0.616699 0.902734 0.791667 0.055469 0.086111 1 0.602051 0.844922 0.788889 0.027344 0.083333 2 0.598145 0.876563 0.670833 0.035937 0.086111 9 0.577637 0.942969 0.677778 0.098437 0.161111 3 0.57373 0.739453 0.936806 0.064844 0.118056 10 0.572754 0.027734 0.764583 0.055469 0.323611 3 0.556641 0.271094 0.633333 0.039062 0.080556 10 0.548828 0.819531 0.519444 0.059375 0.172222 3 0.535156 0.320312 0.65625 0.067187 0.109722 10 0.515625 0.480469 0.3875 0.078125 0.119444 3 0.414795 0.825781 0.654861 0.054688 0.098611 11 0.352295 0.682813 0.506944 0.073438 0.15 10 0.332764 0.34375 0.454861 0.151562 0.145833 4 0.294189 0.278125 0.543056 0.101562 0.105556 6 0.2854 0.974609 0.894444 0.050781 0.211111 3 0.269043 0.652734 0.617361 0.049219 0.098611 1 0.245117 0.600781 0.459028 0.015625 0.051389 3 0.199341 0.112109 0.963194 0.088281 0.068056 7 0.148071 0.275781 0.54375 0.103125 0.104167 1 0.148071 0.635156 0.55625 0.01875 0.045833 2 0.140869 0.516797 0.409028 0.019531 0.045833 3 0.140869 0.625 0.421528 0.029687 0.054167 3 0.136108 0.428906 0.477083 0.05 0.059722 9 0.110107 0.973828 0.895139 0.052344 0.209722 11 0.100891 0.943359 0.682639 0.099219 0.156944 4 0.097412 0.973828 0.895139 0.052344 0.209722 3 0.09436 0.78125 0.655556 0.048438 0.080556 6 0.092041 0.942187 0.681944 0.1 0.152778 5 0.070068 0.458984 0.479167 0.046094 0.063889 4 0.056244 0.773438 0.559722 0.048438 0.1 4 0.053192 0.761328 0.472917 0.028906 0.056944 2 0.053009 0.974609 0.893056 0.050781 0.202778 11 0.032227 0.725781 0.523611 0.034375 0.088889 10 0.029755 0.699219 0.3875 0.0625 0.133333 6 0.02887 0.344922 0.455556 0.149219 0.144444 3 0.028214 0.866797 0.970833 0.055469 0.058333 0 0.024994 0.974609 0.626389 0.027344 0.077778 2 0.024429 0.271094 0.631944 0.040625 0.083333 3 0.023239 0.458594 0.478472 0.05 0.0625 3 0.019791 0.724609 0.475694 0.036719 0.059722 10 0.019638 0.977344 0.893056 0.045312 0.213889 4 0.013588 0.725781 0.525 0.035937 0.088889 12 0.010094 0.725781 0.525 0.034375 0.088889 2 0.009895 0.646875 0.507639 0.023438 0.054167 2 0.009453 0.991797 0.685417 0.016406 0.068056 2 0.007347 0.026172 0.979167 0.049219 0.041667 0 0.007175 0.014453 0.86875 0.028906 0.1125 3 0.006073 0.774219 0.559028 0.048438 0.098611 3 0.004848 0.992969 0.679167 0.014063 0.086111 0 0.004719 0.603906 0.408333 0.014063 0.047222 3 0.004646 0.760547 0.419444 0.027344 0.05 3 0.004539 0.724609 0.506944 0.036719 0.086111 9 0.00452 0.273047 0.543056 0.100781 0.105556 11 0.003824 0.279687 0.544444 0.110937 0.113889 3 0.00358 0.650781 0.396528 0.026562 0.043056 10 0.003483 0.016797 0.773611 0.033594 0.433333 1 0.003363 0.659375 0.545833 0.017188 0.055556 0 0.003363 0.884766 0.583333 0.022656 0.061111 10 0.003351 0.516406 0.318056 0.05625 0.088889 10 0.002453 0.387891 0.346528 0.061719 0.0875 1 0.002415 0.520703 0.45 0.014844 0.030556 11 0.002216 0.973437 0.89375 0.051562 0.2125 4 0.00215 0.635156 0.452778 0.01875 0.061111 3 0.002083 0.007812 0.252778 0.015625 0.058333 1 0.001904 0.810156 0.967361 0.023438 0.056944 1 0.001897 0.339453 0.970139 0.021094 0.048611 4 0.001883 0.650781 0.395833 0.026562 0.044444 3 0.001727 0.856641 0.970833 0.083594 0.058333 1 0.0017 0.634375 0.454861 0.021875 0.056944 3 0.001597 0.890234 0.997222 0.094531 0.005556 10 0.001597 0.991406 0.588889 0.017188 0.216667 0 0.001561 0.15625 0.547222 0.03125 0.069444 1 0.001438 0.348438 0.807639 0.023438 0.079167 1 0.001367 0.603125 0.469444 0.020313 0.061111 1 0.001325 0.594922 0.459722 0.025781 0.055556 5 0.001305 0.943359 0.684028 0.097656 0.145833 3 0.001202 0.760938 0.438889 0.029687 0.083333 1 0.001188 0.602734 0.411806 0.016406 0.043056 0 0.001169 0.877344 0.675 0.034375 0.083333 7 0.001134 0.913672 0.995139 0.119531 0.009722 0 0.001081 0.016406 0.840278 0.032813 0.183333 1 0.001028 0.606641 0.457639 0.024219 0.0625 3 0.001017 0.871875 0.989583 0.08125 0.020833 7 0.001017 0.970313 0.89375 0.059375 0.2125 4 0.000955 0.016797 0.861806 0.033594 0.118056 3 0.000926 0.721094 0.499306 0.032813 0.048611 1 0.000886 0.933984 0.577778 0.019531 0.052778 0 0.000863 0.519141 0.475694 0.019531 0.045833 2 0.000856 0.625391 0.38125 0.024219 0.043056 12 0.000846 0.907422 0.996528 0.113281 0.006944 4 0.000792 0.646875 0.506944 0.020313 0.052778 12 0.000792 0.943359 0.675 0.099219 0.166667 1 0.000773 0.349609 0.957639 0.038281 0.073611 12 0.00077 0.440234 0.801389 0.155469 0.1 10 0.000741 0.990234 0.642361 0.017969 0.218056 3 0.000732 0.513281 0.447917 0.015625 0.043056 10 0.000732 0.994531 0.551389 0.010937 0.127778 1 0.000715 0.575391 0.527778 0.014844 0.047222 3 0.000612 0.5125 0.463194 0.023438 0.056944 12 0.000612 0.663281 0.993056 0.14375 0.013889 1 0.000591 0.674219 0.973611 0.042188 0.052778 3 0.000573 0.995313 0.984722 0.009375 0.030556 10 0.000519 0.667578 0.997917 0.132031 0.004167 0 0.000511 0.995313 0.613889 0.009375 0.077778
CCTV01^20260318-110000-20260318-120000_000974,11 0.879883 0.710547 0.678472 0.064844 0.190278 3 0.806641 0.699609 0.853472 0.049219 0.1375 10 0.773926 0.030469 0.645139 0.060937 0.2375 1 0.771973 0.672656 0.954861 0.03125 0.0875 11 0.723145 0.780078 0.804167 0.069531 0.255556 3 0.715332 0.226953 0.805556 0.085156 0.111111 3 0.702637 0.246484 0.897917 0.080469 0.145833 6 0.65332 0.886328 0.647917 0.117969 0.245833 3 0.62793 0.132031 0.853472 0.079687 0.131944 10 0.626953 0.267578 0.583333 0.166406 0.227778 3 0.604004 0.298828 0.692361 0.069531 0.104167 2 0.598145 0.793359 0.66875 0.071094 0.123611 3 0.594727 0.739062 0.938194 0.06875 0.118056 3 0.588867 0.382031 0.577778 0.059375 0.075 5 0.575684 0.960156 0.916667 0.078125 0.158333 3 0.560059 0.846875 0.802778 0.067187 0.136111 3 0.515625 0.657813 0.621528 0.035937 0.0875 3 0.501953 0.744141 0.557639 0.035156 0.081944 7 0.501953 0.872656 0.921528 0.06875 0.154167 1 0.484375 0.955859 0.803472 0.030469 0.079167 3 0.44751 0.975781 0.693056 0.048438 0.097222 2 0.443604 0.951953 0.603472 0.039844 0.073611 1 0.439697 0.626172 0.574306 0.022656 0.0625 4 0.411133 0.783594 0.555556 0.0375 0.069444 4 0.392334 0.872656 0.918056 0.06875 0.152778 0 0.375732 0.989453 0.805556 0.021094 0.088889 5 0.368408 0.144531 0.707639 0.079687 0.1125 0 0.348633 0.051172 0.807639 0.055469 0.118056 3 0.30249 0.624219 0.422222 0.028125 0.055556 11 0.19812 0.461719 0.427778 0.054688 0.080556 0 0.171631 0.045312 0.826389 0.04375 0.080556 0 0.121277 0.005859 0.835417 0.011719 0.093056 10 0.11676 0.821484 0.478472 0.069531 0.184722 2 0.109314 0.00625 0.834722 0.0125 0.088889 3 0.098083 0.00625 0.834722 0.0125 0.088889 5 0.090393 0.5 0.401389 0.034375 0.061111 10 0.076111 0.724609 0.426389 0.083594 0.155556 1 0.073975 0.652734 0.563889 0.027344 0.055556 3 0.072083 0.319141 0.443056 0.039844 0.05 3 0.068542 0.174219 0.972917 0.08125 0.054167 3 0.067078 0.360547 0.390972 0.033594 0.045833 11 0.056854 0.691797 0.546528 0.064844 0.081944 1 0.055603 0.008203 0.835417 0.016406 0.0875 2 0.040253 0.648047 0.513194 0.022656 0.054167 10 0.038452 0.639844 0.343056 0.039062 0.108333 3 0.034241 0.796875 0.618056 0.046875 0.061111 5 0.033081 0.692187 0.545833 0.064062 0.080556 7 0.027695 0.636328 0.451389 0.021094 0.058333 1 0.024231 0.959375 0.751389 0.020313 0.055556 10 0.023956 0.438281 0.397222 0.104688 0.125 3 0.02211 0.961719 0.915972 0.076563 0.156944 4 0.020721 0.636719 0.453472 0.023438 0.059722 3 0.020569 0.675781 0.388889 0.023438 0.047222 4 0.019562 0.692578 0.544444 0.063281 0.080556 3 0.019196 0.666016 0.345833 0.019531 0.041667 3 0.011551 0.008984 0.256944 0.017969 0.044444 6 0.011292 0.440234 0.395833 0.100781 0.127778 3 0.010651 0.170703 0.979167 0.099219 0.041667 1 0.009674 0.024219 0.780556 0.025 0.069444 10 0.009338 0.990625 0.54375 0.01875 0.168056 3 0.008575 0.688672 0.546528 0.067969 0.084722 0 0.008186 0.953906 0.699306 0.028125 0.070833 0 0.008095 0.655078 0.553472 0.027344 0.0625 3 0.007668 0.500781 0.402083 0.034375 0.059722 3 0.007122 0.625781 0.392361 0.026562 0.065278 10 0.006538 0.028125 0.579167 0.05625 0.230556 2 0.006512 0.666406 0.345139 0.01875 0.043056 0 0.00502 0.994141 0.773611 0.011719 0.141667 7 0.004505 0.783594 0.554167 0.0375 0.072222 4 0.004349 0.462891 0.428472 0.053906 0.079167 2 0.00378 0.962891 0.571528 0.033594 0.0625 2 0.003765 0.669922 0.311806 0.016406 0.034722 1 0.003538 0.957031 0.777083 0.025 0.084722 3 0.003376 0.773438 0.447222 0.021875 0.058333 12 0.002981 0.971094 0.997222 0.05625 0.005556 11 0.0028 0.673828 0.48125 0.055469 0.073611 0 0.002672 0.267969 0.470139 0.025 0.054167 3 0.002434 0.635156 0.447222 0.021875 0.055556 10 0.002359 0.980078 0.906944 0.038281 0.186111 4 0.00215 0.625 0.381944 0.025 0.044444 0 0.002132 0.99375 0.554861 0.0125 0.126389 0 0.002035 0.995703 0.743056 0.008594 0.105556 0 0.001949 0.896875 0.574306 0.023438 0.0625 0 0.001824 0.004687 0.866667 0.009375 0.111111 12 0.001655 0.354297 0.999306 0.130469 0.001389 6 0.001655 0.959375 0.918056 0.08125 0.158333 0 0.001567 0.996094 0.629167 0.007812 0.086111 11 0.001478 0.991797 0.581944 0.016406 0.188889 3 0.001289 0.005469 0.268056 0.010937 0.066667 2 0.001274 0.009375 0.836806 0.01875 0.259722 10 0.001249 0.989062 0.866667 0.021875 0.266667 2 0.001235 0.990234 0.834028 0.019531 0.251389 11 0.001225 0.990625 0.765278 0.01875 0.225 0 0.001184 0.024219 0.724306 0.045312 0.0875 4 0.001169 0.944531 0.5125 0.05 0.083333 12 0.00106 0.954688 0.99375 0.090625 0.0125 3 0.001057 0.185547 0.997917 0.116406 0.004167 10 0.001024 0.988281 0.693056 0.021875 0.158333 10 0.000792 0.009766 0.865972 0.019531 0.268056 3 0.000779 0.986719 0.694444 0.026562 0.1 11 0.000732 0.683984 0.51875 0.080469 0.148611 1 0.000718 0.987109 0.803472 0.025781 0.095833 2 0.000682 0.609766 0.325694 0.014844 0.0375 4 0.000682 0.864453 0.461111 0.039844 0.080556 3 0.000677 0.785156 0.559722 0.040625 0.077778 1 0.000672 0.936328 0.757639 0.025781 0.073611 3 0.000627 0.233203 0.994444 0.122656 0.011111 2 0.000617 0.683984 0.521528 0.083594 0.148611 10 0.000551 0.010547 0.213889 0.021094 0.111111 1 0.000544 0.958594 0.733333 0.026562 0.080556 12 0.000542 0.987109 0.988194 0.025781 0.023611 0 0.000527 0.020313 0.815972 0.039062 0.209722 10 0.000519 0.020703 0.554167 0.041406 0.15 1 0.000515 0.644531 0.582639 0.034375 0.070833 10 0.000511 0.994141 0.365278 0.011719 0.141667
CCTV01^20260318-110000-20260318-120000_000978,11 0.876465 0.710547 0.678472 0.064844 0.1875 10 0.822754 0.910937 0.675694 0.140625 0.318056 3 0.795898 0.7 0.85625 0.048438 0.1375 4 0.763672 0.829688 0.720833 0.039062 0.094444 10 0.734863 0.052734 0.5875 0.105469 0.222222 3 0.730957 0.146875 0.892361 0.095312 0.1625 11 0.723145 0.780078 0.80625 0.071094 0.2625 3 0.631836 0.657813 0.621528 0.035937 0.0875 3 0.629883 0.283594 0.73125 0.067187 0.106944 1 0.62793 0.673438 0.954861 0.032813 0.084722 3 0.625977 0.740234 0.9375 0.064844 0.119444 5 0.609375 0.240234 0.856944 0.086719 0.177778 3 0.550781 0.060937 0.904167 0.103125 0.161111 3 0.544922 0.167187 0.727083 0.079687 0.109722 1 0.537109 0.671484 0.897222 0.032031 0.075 2 0.509766 0.987891 0.701389 0.024219 0.088889 3 0.490234 0.632031 0.438889 0.032813 0.055556 2 0.44751 0.220703 0.584722 0.038281 0.075 3 0.434082 0.4 0.522917 0.05625 0.068056 3 0.411133 0.467969 0.471528 0.04375 0.054167 4 0.405518 0.869141 0.918056 0.060156 0.152778 3 0.355713 0.799609 0.627778 0.041406 0.086111 1 0.348633 0.626172 0.574306 0.022656 0.059722 5 0.336426 0.344922 0.605556 0.066406 0.097222 3 0.327637 0.205469 0.747222 0.079687 0.127778 9 0.300781 0.319141 0.576389 0.072656 0.1 0 0.289307 0.108203 0.725 0.044531 0.094444 3 0.267334 0.879297 0.84375 0.082031 0.140278 7 0.235107 0.869531 0.920139 0.0625 0.154167 2 0.229492 0.962891 0.577083 0.035156 0.070833 4 0.182373 0.669922 0.428472 0.036719 0.059722 3 0.176636 0.363672 0.477778 0.039844 0.058333 3 0.164551 0.873828 0.811806 0.074219 0.073611 0 0.14563 0.163672 0.654861 0.041406 0.068056 3 0.114746 0.300391 0.4875 0.036719 0.061111 3 0.096375 0.492969 0.435417 0.029687 0.048611 2 0.092041 0.99375 0.691667 0.0125 0.105556 10 0.084473 0.430078 0.424306 0.102344 0.143056 2 0.071594 0.364453 0.477778 0.039844 0.061111 10 0.058136 0.763672 0.48125 0.105469 0.181944 3 0.056458 0.737109 0.353472 0.024219 0.043056 1 0.039642 0.274219 0.526389 0.029687 0.058333 1 0.030441 0.996484 0.783333 0.007031 0.083333 1 0.029984 0.646094 0.565972 0.01875 0.051389 5 0.027695 0.658594 0.620833 0.035937 0.091667 3 0.027267 0.216016 0.977778 0.077344 0.044444 2 0.02153 0.995703 0.930556 0.008594 0.102778 3 0.018188 0.505078 0.397917 0.032031 0.043056 0 0.015839 0.832031 0.605556 0.025 0.069444 10 0.015251 0.655078 0.363889 0.060156 0.113889 4 0.012825 0.65625 0.474306 0.034375 0.059722 7 0.010902 0.142969 0.895833 0.104688 0.169444 4 0.008003 0.664062 0.48125 0.048438 0.073611 3 0.007175 0.500781 0.422222 0.034375 0.038889 5 0.007011 0.749609 0.607639 0.069531 0.115278 2 0.006668 0.990625 0.925 0.01875 0.127778 2 0.00573 0.490234 0.434028 0.030469 0.045833 3 0.005577 0.319922 0.576389 0.077344 0.105556 3 0.005405 0.619531 0.39375 0.026562 0.048611 2 0.004215 0.665625 0.55625 0.039062 0.059722 0 0.004166 0.996094 0.799306 0.007812 0.104167 0 0.003975 0.253125 0.5125 0.028125 0.063889 3 0.00396 0.151953 0.599306 0.049219 0.090278 0 0.003736 0.229297 0.502083 0.027344 0.0625 4 0.003443 0.33125 0.429167 0.039062 0.063889 0 0.002878 0.271484 0.522222 0.027344 0.061111 10 0.00259 0.990625 0.547222 0.01875 0.15 0 0.002522 0.824219 0.609722 0.01875 0.061111 4 0.002443 0.751172 0.604861 0.064844 0.101389 4 0.002415 0.864453 0.459028 0.036719 0.070833 3 0.002182 0.008984 0.253472 0.017969 0.056944 3 0.002083 0.627344 0.276389 0.01875 0.036111 2 0.002068 0.151562 0.602778 0.048438 0.088889 3 0.00205 0.33125 0.427778 0.0375 0.061111 12 0.001867 0.725781 0.606944 0.110937 0.161111 0 0.001597 0.825 0.525 0.023438 0.055556 0 0.001531 0.186328 0.581944 0.030469 0.072222 3 0.001525 0.751172 0.610417 0.069531 0.120833 0 0.001525 0.996094 0.754167 0.007812 0.116667 2 0.001467 0.707031 0.406944 0.023438 0.047222 1 0.001383 0.639062 0.579861 0.034375 0.068056 11 0.001346 0.701172 0.572917 0.122656 0.176389 0 0.001315 0.003906 0.740278 0.007812 0.130556 7 0.0013 0.669141 0.481944 0.050781 0.077778 3 0.00126 0.612109 0.39375 0.030469 0.043056 3 0.001255 0.990625 0.922917 0.01875 0.129167 3 0.00123 0.608984 0.363194 0.021094 0.034722 10 0.001206 0.986719 0.700694 0.025 0.245833 0 0.001188 0.994922 0.586111 0.010156 0.066667 10 0.001174 0.991406 0.604167 0.017188 0.236111 1 0.001032 0.567187 0.507639 0.017188 0.051389 2 0.000993 0.608984 0.363194 0.021094 0.031944 3 0.000974 0.726953 0.313194 0.021094 0.031944 4 0.000974 0.009375 0.745833 0.01875 0.213889 3 0.000937 0.003906 0.745833 0.007812 0.147222 1 0.000863 0.989844 0.786111 0.01875 0.097222 11 0.000843 0.679688 0.486111 0.0625 0.080556 2 0.00083 0.600391 0.404861 0.019531 0.048611 0 0.000811 0.201172 0.538194 0.025781 0.051389 2 0.00077 0.701953 0.5625 0.119531 0.188889 0 0.000696 0.154688 0.620139 0.045312 0.104167 3 0.000651 0.646094 0.263889 0.017188 0.030556 0 0.000612 0.145703 0.622917 0.033594 0.070833 10 0.000605 0.994141 0.371528 0.011719 0.1125 0 0.000602 0.99375 0.552778 0.0125 0.125 3 0.000553 0.230859 0.997222 0.107031 0.005556 0 0.000546 0.843359 0.646528 0.021094 0.068056 3 0.000534 0.600391 0.404861 0.019531 0.051389 1 0.000527 0.672266 0.882639 0.021094 0.084722 12 0.000524 0.269141 0.996528 0.127344 0.006944 8 0.000515 0.003906 0.752778 0.007812 0.163889 3 0.000504 0.992578 0.381944 0.014844 0.088889 2 0.000504 0.672266 0.43125 0.038281 0.054167
CCTV01^20260318-110000-20260318-120000_000982,11 0.882324 0.711719 0.679167 0.065625 0.186111 10 0.871094 0.949219 0.811111 0.101562 0.369444 3 0.788086 0.699609 0.854861 0.047656 0.140278 11 0.78125 0.778906 0.807639 0.06875 0.259722 1 0.716797 0.673828 0.953472 0.033594 0.0875 3 0.645996 0.173437 0.904167 0.084375 0.144444 4 0.631836 0.84375 0.839583 0.04375 0.120833 3 0.562012 0.239453 0.931944 0.074219 0.133333 3 0.548828 0.738672 0.938889 0.064844 0.119444 3 0.541016 0.626172 0.509028 0.036719 0.065278 3 0.541016 0.657813 0.621528 0.035937 0.0875 2 0.541016 0.160547 0.688889 0.049219 0.088889 3 0.519531 0.623828 0.430556 0.028906 0.058333 4 0.5 0.869531 0.916667 0.0625 0.155556 3 0.484375 0.151953 0.784028 0.080469 0.1125 3 0.462891 0.660937 0.497222 0.039062 0.058333 3 0.414795 0.083984 0.94375 0.091406 0.106944 2 0.394287 0.658594 0.544444 0.028125 0.058333 3 0.313965 0.480469 0.452083 0.039062 0.043056 3 0.313965 0.428516 0.484028 0.047656 0.040278 5 0.276611 0.283984 0.761806 0.067969 0.145833 3 0.271973 0.019531 0.845833 0.039062 0.158333 3 0.242188 0.504297 0.420139 0.033594 0.051389 3 0.235107 0.426563 0.420139 0.040625 0.048611 3 0.2323 0.683984 0.45625 0.035156 0.065278 3 0.229492 0.232031 0.741667 0.073438 0.119444 7 0.216064 0.871094 0.91875 0.065625 0.159722 5 0.212036 0.373828 0.510417 0.052344 0.076389 3 0.203125 0.376563 0.5875 0.067187 0.063889 3 0.201782 0.299219 0.497222 0.051562 0.072222 3 0.187134 0.373828 0.511806 0.052344 0.073611 5 0.171021 0.488281 0.396528 0.040625 0.059722 1 0.164551 0.665625 0.895139 0.029687 0.081944 9 0.163452 0.320703 0.65625 0.066406 0.118056 3 0.15979 0.469531 0.4875 0.04375 0.033333 2 0.156128 0.019922 0.838194 0.039844 0.148611 5 0.140381 0.320312 0.657639 0.065625 0.115278 7 0.139404 0.842578 0.840278 0.041406 0.116667 4 0.108582 0.019922 0.842361 0.039844 0.148611 0 0.09436 0.013672 0.771528 0.027344 0.101389 3 0.090759 0.878516 0.6625 0.046094 0.097222 3 0.090393 0.331641 0.563889 0.064844 0.075 1 0.089783 0.629687 0.571528 0.025 0.0625 10 0.081543 0.663672 0.381944 0.061719 0.119444 3 0.068054 0.491797 0.405556 0.038281 0.069444 3 0.056458 0.704688 0.499306 0.034375 0.045833 10 0.053406 0.058984 0.575694 0.117969 0.218056 1 0.052429 0.220312 0.643056 0.029687 0.083333 2 0.051849 0.299609 0.497917 0.050781 0.070833 3 0.050323 0.319922 0.65625 0.064844 0.115278 3 0.041626 0.009766 0.735417 0.019531 0.120833 3 0.032837 0.86875 0.711111 0.040625 0.1 4 0.03067 0.683203 0.454167 0.033594 0.066667 10 0.028015 0.019141 0.843056 0.038281 0.294444 5 0.026855 0.683984 0.456944 0.035156 0.066667 3 0.023773 0.366016 0.402778 0.028906 0.038889 5 0.019196 0.284375 0.635417 0.071875 0.106944 3 0.017715 0.284766 0.635417 0.071094 0.106944 2 0.017578 0.633203 0.563194 0.027344 0.056944 3 0.017517 0.283594 0.574306 0.059375 0.073611 3 0.016846 0.724609 0.45625 0.025781 0.054167 1 0.016281 0.595703 0.429861 0.016406 0.051389 0 0.015778 0.015625 0.809722 0.03125 0.191667 6 0.014732 0.019531 0.844444 0.039062 0.283333 0 0.014336 0.009766 0.8 0.019531 0.166667 3 0.013794 0.352344 0.474306 0.060937 0.084722 3 0.009521 0.476953 0.463889 0.039844 0.044444 2 0.008644 0.4125 0.523611 0.042188 0.061111 2 0.008186 0.284375 0.575 0.060937 0.072222 3 0.006462 0.415234 0.523611 0.047656 0.061111 0 0.006168 0.220703 0.643056 0.028906 0.077778 6 0.005981 0.90625 0.573611 0.053125 0.1 3 0.005867 0.610547 0.370833 0.028906 0.063889 4 0.005707 0.610156 0.369444 0.028125 0.063889 3 0.005688 0.753516 0.400694 0.030469 0.040278 3 0.00547 0.685937 0.54375 0.026562 0.054167 3 0.004486 0.632812 0.2125 0.014063 0.025 10 0.003824 0.528125 0.335417 0.071875 0.098611 10 0.003679 0.986719 0.741667 0.025 0.261111 6 0.003363 0.353516 0.475694 0.058594 0.0875 4 0.003223 0.352734 0.475 0.060156 0.086111 9 0.003111 0.871094 0.917361 0.067187 0.159722 1 0.002398 0.582031 0.53125 0.017188 0.051389 3 0.002132 0.819141 0.682639 0.074219 0.098611 11 0.002043 0.7625 0.604861 0.075 0.118056 10 0.001867 0.991406 0.770139 0.017188 0.218056 10 0.001714 0.010937 0.776389 0.021875 0.333333 4 0.001649 0.685547 0.540972 0.025781 0.048611 3 0.001549 0.719922 0.422222 0.025781 0.041667 3 0.001519 0.008594 0.254167 0.017188 0.047222 4 0.001325 0.4125 0.526389 0.04375 0.069444 4 0.001216 0.90625 0.573611 0.053125 0.1 10 0.001161 0.666797 0.311806 0.036719 0.079167 4 0.001161 0.803906 0.425 0.034375 0.077778 3 0.001134 0.692187 0.480556 0.029687 0.061111 10 0.001124 0.787891 0.527083 0.113281 0.220833 1 0.001099 0.663281 0.920833 0.0375 0.091667 0 0.00104 0.016797 0.735417 0.032031 0.109722 6 0.000955 0.485938 0.397917 0.040625 0.056944 1 0.000918 0.265234 0.833333 0.035156 0.069444 2 0.000863 0.995313 0.695833 0.009375 0.122222 12 0.000843 0.275391 0.997222 0.132031 0.005556 0 0.000773 0.668359 0.885417 0.024219 0.081944 1 0.000773 0.338672 0.967361 0.024219 0.054167 1 0.000747 0.626172 0.584028 0.022656 0.059722 12 0.000685 0.353125 0.475694 0.059375 0.0875 10 0.000614 0.990625 0.708333 0.017188 0.15 1 0.000559 0.673828 0.886806 0.025781 0.0875 3 0.000527 0.875 0.5875 0.029687 0.052778 10 0.000504 0.994141 0.354167 0.011719 0.144444 3 0.000501 0.995703 0.686111 0.008594 0.119444
CCTV01^20260318-110000-20260318-120000_000986,10 0.864746 0.949609 0.811806 0.100781 0.373611 11 0.819824 0.782422 0.833333 0.071094 0.266667 3 0.750488 0.702344 0.870833 0.048438 0.144444 11 0.728027 0.724609 0.693056 0.082031 0.197222 3 0.607422 0.267969 0.809028 0.06875 0.115278 7 0.550781 0.191016 0.839583 0.080469 0.173611 3 0.544922 0.251563 0.711111 0.071875 0.105556 3 0.519531 0.211328 0.685417 0.072656 0.101389 4 0.488281 0.844922 0.847222 0.044531 0.111111 1 0.414795 0.678125 0.966667 0.034375 0.061111 5 0.399902 0.244531 0.927778 0.0875 0.141667 4 0.394287 0.871094 0.917361 0.0625 0.156944 3 0.375732 0.629687 0.513889 0.040625 0.063889 3 0.357666 0.298438 0.623611 0.05625 0.086111 3 0.332764 0.735938 0.955556 0.057813 0.086111 5 0.317383 0.330078 0.64375 0.069531 0.120833 2 0.312256 0.664453 0.554861 0.025781 0.051389 1 0.299072 0.674609 0.916667 0.032031 0.088889 3 0.286133 0.266406 0.583333 0.05625 0.080556 3 0.282959 0.660547 0.625 0.050781 0.094444 2 0.279785 0.358203 0.551389 0.055469 0.072222 3 0.271973 0.665625 0.506944 0.042188 0.058333 3 0.256836 0.639844 0.459722 0.035937 0.055556 3 0.256836 0.100391 0.852778 0.099219 0.130556 10 0.250977 0.133203 0.643056 0.203906 0.277778 5 0.237915 0.099609 0.851389 0.099219 0.130556 9 0.196777 0.100781 0.852778 0.104688 0.130556 3 0.152588 0.333984 0.519444 0.064844 0.077778 2 0.121277 0.334375 0.519444 0.064062 0.083333 9 0.118774 0.330469 0.64375 0.06875 0.120833 10 0.116333 0.033984 0.852083 0.067969 0.295833 3 0.114746 0.504687 0.438194 0.034375 0.051389 1 0.092346 0.623828 0.577778 0.021094 0.055556 3 0.089111 0.877344 0.586111 0.039062 0.063889 9 0.084167 0.133594 0.645139 0.201563 0.279167 3 0.083862 0.708203 0.509722 0.032031 0.044444 3 0.078613 0.463281 0.454167 0.039062 0.063889 5 0.078613 0.660547 0.625694 0.052344 0.095833 4 0.068298 0.685937 0.458333 0.035937 0.069444 5 0.066345 0.463281 0.454167 0.039062 0.061111 9 0.065369 0.396875 0.558333 0.059375 0.088889 3 0.062561 0.358203 0.551389 0.057031 0.072222 5 0.059662 0.077734 0.955556 0.102344 0.088889 3 0.05014 0.402344 0.484028 0.054688 0.073611 2 0.044342 0.463281 0.454167 0.039062 0.063889 9 0.042572 0.402734 0.483333 0.053906 0.072222 3 0.029648 0.686328 0.458333 0.035156 0.072222 3 0.027588 0.463672 0.400694 0.039844 0.048611 3 0.025757 0.078125 0.955556 0.103125 0.088889 0 0.025269 0.883203 0.669444 0.032031 0.075 3 0.021362 0.725781 0.460417 0.029687 0.056944 3 0.020645 0.620313 0.407639 0.029687 0.056944 5 0.019058 0.402734 0.484028 0.053906 0.070833 3 0.016098 0.420703 0.418056 0.036719 0.044444 10 0.01519 0.669141 0.39375 0.066406 0.126389 3 0.014175 0.394922 0.557639 0.055469 0.0875 10 0.011826 0.991797 0.771528 0.016406 0.229167 3 0.010208 0.692187 0.554861 0.029687 0.059722 3 0.009521 0.382812 0.4625 0.048438 0.055556 3 0.008919 0.878516 0.73125 0.022656 0.0625 3 0.008415 0.4375 0.438194 0.0375 0.065278 10 0.008064 0.017969 0.750694 0.035937 0.290278 2 0.006798 0.615234 0.436806 0.022656 0.045833 9 0.006588 0.16875 0.644444 0.096875 0.119444 2 0.005322 0.994141 0.732639 0.011719 0.123611 1 0.00502 0.651563 0.560417 0.01875 0.054167 3 0.004555 0.330469 0.644444 0.06875 0.119444 11 0.004101 0.086328 0.738194 0.172656 0.201389 11 0.003975 0.164453 0.644444 0.108594 0.125 4 0.003855 0.962109 0.630556 0.055469 0.122222 4 0.003496 0.396094 0.557639 0.057813 0.0875 3 0.003443 0.500781 0.359722 0.034375 0.044444 3 0.003325 0.620313 0.218056 0.010937 0.025 10 0.00289 0.012891 0.706944 0.025781 0.244444 10 0.002684 0.022266 0.679167 0.044531 0.280556 2 0.002132 0.691406 0.554167 0.029687 0.055556 3 0.001818 0.394531 0.384722 0.032813 0.055556 3 0.001675 0.168359 0.652083 0.086719 0.109722 3 0.001567 0.201172 0.789583 0.066406 0.090278 3 0.001444 0.188672 0.6625 0.049219 0.1 1 0.001399 0.675781 0.971528 0.09375 0.056944 7 0.001389 0.960547 0.623611 0.055469 0.105556 10 0.001362 0.980469 0.70625 0.0375 0.259722 3 0.001151 0.623437 0.424306 0.029687 0.043056 1 0.001116 0.6125 0.44375 0.01875 0.045833 0 0.001107 0.6125 0.44375 0.01875 0.045833 4 0.000985 0.244531 0.929861 0.090625 0.140278 10 0.00097 0.058984 0.572917 0.117969 0.218056 3 0.000926 0.530078 0.369444 0.024219 0.038889 12 0.000785 0.848437 0.825 0.04375 0.258333 3 0.000755 0.721484 0.479167 0.030469 0.058333 10 0.000747 0.011328 0.614583 0.022656 0.334722 3 0.00071 0.482422 0.420833 0.019531 0.033333 4 0.000699 0.619531 0.409722 0.03125 0.061111 9 0.000693 0.078125 0.949306 0.123438 0.101389 3 0.000682 0.430078 0.429167 0.042969 0.055556 2 0.000654 0.994141 0.620139 0.011719 0.0625 1 0.000631 0.200391 0.792361 0.066406 0.098611 1 0.000612 0.444531 0.946528 0.028125 0.093056 0 0.000575 0.621484 0.55 0.019531 0.047222 10 0.000573 0.064844 0.878472 0.129688 0.243056 2 0.00057 0.995313 0.690972 0.009375 0.106944 3 0.000548 0.491797 0.409722 0.033594 0.044444 3 0.00053 0.102734 0.720139 0.117969 0.134722 10 0.000519 0.075781 0.792361 0.151562 0.373611 3 0.000517 0.990234 0.728472 0.017969 0.1625
CCTV01^20260318-110000-20260318-120000_000990,10 0.869141 0.950781 0.814583 0.096875 0.3625 11 0.825684 0.783594 0.836111 0.073438 0.269444 3 0.753418 0.705078 0.888194 0.050781 0.145833 2 0.712402 0.267969 0.910417 0.05 0.126389 11 0.620605 0.724609 0.694444 0.078906 0.194444 2 0.552734 0.213281 0.915278 0.053125 0.130556 3 0.462891 0.634375 0.527778 0.042188 0.066667 4 0.455078 0.844922 0.846528 0.041406 0.109722 1 0.44165 0.658203 0.856944 0.028906 0.097222 3 0.363037 0.128125 0.954167 0.09375 0.091667 4 0.334473 0.870703 0.916667 0.060156 0.158333 1 0.320801 0.067969 0.909722 0.059375 0.097222 5 0.309082 0.33125 0.645833 0.0625 0.111111 5 0.299072 0.478906 0.456944 0.042188 0.069444 3 0.294189 0.661328 0.620833 0.047656 0.088889 3 0.286133 0.282422 0.804167 0.063281 0.111111 1 0.26123 0.678125 0.967361 0.029687 0.0625 3 0.259766 0.735938 0.95625 0.057813 0.0875 3 0.216064 0.139063 0.8375 0.082812 0.130556 3 0.204346 0.429688 0.454861 0.042188 0.045833 3 0.196777 0.268359 0.69375 0.064844 0.090278 2 0.194336 0.665625 0.558333 0.028125 0.052778 1 0.188354 0.658594 0.792361 0.028125 0.076389 5 0.177856 0.660937 0.620833 0.048438 0.088889 10 0.173828 0.025391 0.853472 0.050781 0.240278 3 0.17334 0.641016 0.465278 0.036719 0.055556 3 0.153076 0.666797 0.511111 0.039844 0.061111 0 0.147583 0.067187 0.911111 0.057813 0.097222 3 0.120422 0.369922 0.555556 0.052344 0.058333 3 0.111267 0.402734 0.500694 0.047656 0.056944 1 0.102295 0.326953 0.964583 0.033594 0.068056 3 0.100159 0.226953 0.68125 0.064844 0.090278 3 0.071045 0.710547 0.511111 0.035156 0.041667 5 0.063477 0.462109 0.410417 0.038281 0.059722 3 0.061432 0.412891 0.427778 0.046094 0.044444 4 0.05542 0.6875 0.4625 0.032813 0.069444 3 0.041779 0.331641 0.645139 0.061719 0.115278 3 0.039795 0.501172 0.420833 0.028906 0.044444 3 0.03833 0.390234 0.465278 0.038281 0.047222 10 0.03595 0.018359 0.747917 0.036719 0.279167 12 0.035156 0.688672 0.463194 0.035156 0.070833 9 0.032593 0.33125 0.643056 0.0625 0.119444 5 0.028015 0.351953 0.507639 0.061719 0.073611 0 0.027481 0.969141 0.614583 0.032031 0.076389 10 0.027374 0.154688 0.643056 0.192188 0.266667 3 0.023956 0.619531 0.422222 0.03125 0.069444 3 0.020721 0.729297 0.463194 0.035156 0.059722 10 0.018402 0.672656 0.395833 0.067187 0.125 1 0.017181 0.166406 0.729167 0.028125 0.063889 3 0.01622 0.394922 0.490278 0.041406 0.05 0 0.013794 0.994141 0.700694 0.011719 0.106944 3 0.009933 0.688672 0.463194 0.032031 0.070833 0 0.009933 0.279687 0.504167 0.148438 0.183333 0 0.009743 0.660156 0.668056 0.021875 0.063889 3 0.009712 0.462109 0.411111 0.038281 0.058333 2 0.009598 0.042578 0.711111 0.044531 0.077778 3 0.008881 0.555469 0.263889 0.017188 0.027778 10 0.008286 0.991797 0.75625 0.016406 0.265278 7 0.007786 0.695703 0.555556 0.027344 0.058333 0 0.007725 0.154297 0.643056 0.191406 0.266667 3 0.007607 0.438281 0.490278 0.053125 0.044444 4 0.007095 0.694922 0.55625 0.027344 0.059722 1 0.006771 0.660547 0.66875 0.019531 0.0625 10 0.005913 0.279297 0.507639 0.150781 0.195833 3 0.0056 0.501172 0.377083 0.032031 0.048611 7 0.005535 0.218359 0.80625 0.080469 0.1375 5 0.005322 0.500391 0.378472 0.032031 0.051389 0 0.004539 0.991406 0.713194 0.017188 0.145833 6 0.003338 0.6875 0.4625 0.032813 0.069444 4 0.002462 0.019922 0.797222 0.039844 0.125 12 0.002216 0.217578 0.805556 0.077344 0.144444 1 0.002199 0.655078 0.822222 0.036719 0.113889 10 0.002192 0.058203 0.575 0.116406 0.197222 6 0.002083 0.950391 0.872222 0.099219 0.255556 3 0.001949 0.646875 0.515972 0.020313 0.059722 10 0.001636 0.8125 0.555556 0.135937 0.241667 3 0.001623 0.704688 0.280556 0.01875 0.033333 11 0.001561 0.217188 0.80625 0.078125 0.148611 1 0.001367 0.677734 0.971528 0.049219 0.056944 10 0.001346 0.032813 0.721528 0.060937 0.223611 0 0.001235 0.042969 0.709722 0.048438 0.083333 3 0.001124 0.626172 0.307639 0.032031 0.043056 11 0.001103 0.786328 0.638889 0.063281 0.111111 4 0.001024 0.042969 0.711111 0.045312 0.080556 0 0.000993 0.996094 0.6625 0.007812 0.108333 3 0.00094 0.719922 0.498611 0.027344 0.038889 12 0.00089 0.170703 0.996528 0.110156 0.006944 0 0.000876 0.058984 0.581944 0.117969 0.2 3 0.000869 0.394922 0.574306 0.032031 0.045833 1 0.000807 0.694531 0.982639 0.08125 0.034722 11 0.000795 0.017188 0.782639 0.034375 0.098611 0 0.000779 0.99375 0.759722 0.0125 0.213889 12 0.000738 0.34375 0.999306 0.114062 0.001389 3 0.000704 0.905078 0.630556 0.049219 0.091667 2 0.000699 0.994922 0.594444 0.010156 0.072222 3 0.000682 0.008594 0.253472 0.017188 0.045833 7 0.000677 0.3125 0.597917 0.065625 0.101389 1 0.000661 0.648828 0.563194 0.019531 0.051389 3 0.000646 0.611719 0.380556 0.025 0.044444 10 0.000602 0.99375 0.781944 0.0125 0.191667 12 0.000584 0.838281 0.998611 0.120313 0.002778 3 0.000566 0.632812 0.379861 0.014063 0.029167 0 0.000562 0.0625 0.911111 0.0875 0.144444 3 0.00054 0.883594 0.738889 0.026562 0.066667 3 0.000524 0.612109 0.1875 0.011719 0.025 3 0.000511 0.695703 0.556944 0.028906 0.061111
CCTV01^20260318-110000-20260318-120000_000994,11 0.856934 0.783594 0.839583 0.071875 0.268056 10 0.815918 0.952734 0.822222 0.092969 0.338889 3 0.767578 0.703516 0.8875 0.050781 0.15 11 0.680664 0.730078 0.699306 0.086719 0.195833 1 0.656738 0.650391 0.861111 0.032031 0.083333 2 0.635254 0.300391 0.690972 0.035156 0.095833 3 0.577637 0.269531 0.845139 0.076563 0.123611 2 0.544922 0.269141 0.744444 0.039844 0.088889 5 0.498047 0.112891 0.84375 0.116406 0.173611 3 0.474609 0.485156 0.480556 0.0375 0.047222 3 0.437744 0.640234 0.544444 0.041406 0.072222 1 0.390381 0.678125 0.967361 0.029687 0.0625 2 0.334473 0.246484 0.699306 0.049219 0.093056 3 0.303955 0.382422 0.547222 0.053906 0.061111 4 0.303955 0.844922 0.845139 0.041406 0.106944 3 0.213379 0.153906 0.920833 0.101562 0.15 3 0.212036 0.233203 0.666667 0.069531 0.086111 1 0.210815 0.657422 0.811806 0.025781 0.073611 3 0.205566 0.667969 0.513889 0.039062 0.055556 3 0.199341 0.643359 0.472222 0.036719 0.061111 4 0.196777 0.871094 0.916667 0.0625 0.158333 1 0.196167 0.328125 0.734028 0.028125 0.076389 3 0.191895 0.735156 0.956944 0.054688 0.086111 10 0.167236 0.083984 0.761806 0.167969 0.301389 1 0.166626 0.180078 0.695139 0.025781 0.068056 1 0.131592 0.211328 0.826389 0.046094 0.086111 3 0.117188 0.710938 0.511111 0.035937 0.041667 3 0.109314 0.344922 0.629167 0.049219 0.075 12 0.093994 0.688281 0.4625 0.034375 0.069444 1 0.087891 0.671094 0.783333 0.023438 0.063889 9 0.085693 0.085938 0.758333 0.171875 0.291667 6 0.075867 0.112891 0.847222 0.116406 0.175 3 0.073181 0.730469 0.463889 0.0375 0.058333 9 0.066833 0.114062 0.84375 0.117188 0.176389 4 0.041473 0.688672 0.463889 0.035156 0.069444 1 0.039795 0.673047 0.746528 0.025781 0.059722 3 0.038025 0.620313 0.425 0.029687 0.069444 5 0.036774 0.496484 0.430556 0.038281 0.058333 3 0.035828 0.688672 0.463889 0.035156 0.069444 3 0.03067 0.3125 0.601389 0.067187 0.077778 0 0.026962 0.013281 0.94375 0.026562 0.1125 3 0.024139 0.460938 0.436806 0.034375 0.045833 3 0.022537 0.522266 0.379861 0.032031 0.054167 5 0.01799 0.667969 0.636806 0.040625 0.095833 3 0.017578 0.497266 0.429861 0.038281 0.059722 1 0.017578 0.011719 0.944444 0.023438 0.111111 10 0.014229 0.671875 0.393056 0.06875 0.119444 3 0.013535 0.421875 0.470833 0.06875 0.055556 0 0.012871 0.277734 0.526389 0.155469 0.194444 3 0.012726 0.667578 0.631944 0.041406 0.086111 1 0.012627 0.646484 0.877778 0.028906 0.069444 5 0.011116 0.521875 0.379861 0.03125 0.054167 1 0.010529 0.652734 0.833333 0.030469 0.091667 1 0.01033 0.674609 0.727083 0.025781 0.081944 1 0.009972 0.330078 0.679861 0.021094 0.056944 0 0.009415 0.373047 0.427778 0.117969 0.138889 10 0.008987 0.991797 0.783333 0.016406 0.277778 10 0.008987 0.277734 0.527083 0.157031 0.193056 6 0.006905 0.688281 0.4625 0.034375 0.069444 7 0.005867 0.427734 0.470833 0.069531 0.063889 0 0.0056 0.990625 0.690278 0.01875 0.091667 11 0.00547 0.238672 0.577083 0.071094 0.093056 3 0.00528 0.517578 0.3375 0.028906 0.036111 9 0.00502 0.426563 0.470833 0.070312 0.066667 10 0.004868 0.373047 0.426389 0.117969 0.141667 0 0.00404 0.330469 0.678472 0.023438 0.059722 2 0.00399 0.485547 0.483333 0.039844 0.055556 1 0.003607 0.639844 0.886111 0.023438 0.061111 1 0.003593 0.662109 0.791667 0.030469 0.066667 10 0.003298 0.020703 0.761111 0.041406 0.313889 8 0.00316 0.432422 0.473611 0.058594 0.066667 1 0.002811 0.675 0.685417 0.023438 0.065278 2 0.002779 0.008594 0.938194 0.017188 0.123611 10 0.002502 0.817187 0.571528 0.159375 0.248611 3 0.002424 0.404297 0.471528 0.033594 0.051389 11 0.002342 0.780078 0.627778 0.086719 0.130556 0 0.002115 0.667969 0.645833 0.039062 0.105556 3 0.00205 0.673438 0.552778 0.029687 0.061111 4 0.001867 0.696875 0.557639 0.025 0.054167 0 0.001782 0.962891 0.634028 0.022656 0.048611 1 0.001782 0.673828 0.971528 0.064844 0.056944 11 0.001755 0.792969 0.65625 0.132812 0.215278 11 0.001623 0.6875 0.463194 0.0375 0.070833 1 0.001513 0.670312 0.703472 0.032813 0.081944 0 0.00149 0.973437 0.620139 0.034375 0.068056 10 0.001341 0.060156 0.584722 0.120313 0.2 0 0.001255 0.994922 0.714583 0.010156 0.106944 3 0.001161 0.836328 0.727083 0.077344 0.145833 1 0.001134 0.669141 0.670833 0.027344 0.063889 0 0.001065 0.671094 0.6625 0.03125 0.069444 0 0.000962 0.173828 0.570139 0.025781 0.079167 1 0.00094 0.644531 0.821528 0.039062 0.095833 1 0.000907 0.183984 0.692361 0.052344 0.076389 3 0.000904 0.612109 0.380556 0.024219 0.047222 3 0.000886 0.892578 0.732639 0.036719 0.0875 3 0.000823 0.500781 0.371528 0.021875 0.043056 10 0.000758 0.983203 0.785417 0.032031 0.290278 10 0.000741 0.995313 0.825 0.009375 0.261111 3 0.000741 0.010156 0.951389 0.020313 0.097222 10 0.000699 0.994141 0.774306 0.011719 0.198611 4 0.000682 0.681641 0.558333 0.044531 0.063889 12 0.000659 0.800781 0.63125 0.15 0.170833 1 0.000638 0.694531 0.984028 0.1 0.031944 3 0.000636 0.206641 0.376389 0.036719 0.05 12 0.000627 0.847656 0.8375 0.045312 0.313889 4 0.000605 0.028906 0.85625 0.057813 0.118056 0 0.000591 0.347266 0.913889 0.052344 0.136111 11 0.000573 0.033203 0.855556 0.066406 0.125 2 0.000562 0.892188 0.73125 0.034375 0.084722 2 0.000534 0.910937 0.628472 0.032813 0.073611 5 0.000527 0.835547 0.726389 0.078906 0.147222 1 0.000524 0.676172 0.7625 0.041406 0.086111
CCTV01^20260318-110000-20260318-120000_000998,11 0.849121 0.783203 0.840278 0.072656 0.275 10 0.835938 0.952734 0.827778 0.092969 0.341667 3 0.749023 0.704688 0.888889 0.05 0.144444 3 0.73584 0.28125 0.815278 0.070312 0.133333 3 0.560059 0.297266 0.69375 0.078906 0.098611 5 0.552734 0.35625 0.561806 0.075 0.095833 3 0.552734 0.098437 0.81875 0.115625 0.131944 11 0.527344 0.729688 0.701389 0.085938 0.197222 1 0.515625 0.650781 0.859722 0.03125 0.088889 3 0.503906 0.19375 0.824306 0.082812 0.131944 2 0.430176 0.257422 0.645833 0.046094 0.088889 4 0.375732 0.844922 0.845833 0.041406 0.108333 1 0.370117 0.697266 0.781944 0.027344 0.077778 2 0.363037 0.186328 0.698611 0.047656 0.097222 3 0.32251 0.639844 0.54375 0.040625 0.070833 5 0.281494 0.217578 0.930556 0.102344 0.138889 10 0.27124 0.028516 0.744444 0.057031 0.277778 1 0.255371 0.678125 0.964583 0.029687 0.065278 3 0.253906 0.667969 0.515278 0.039062 0.058333 4 0.226807 0.871484 0.918056 0.063281 0.155556 3 0.223999 0.671094 0.638889 0.034375 0.091667 3 0.214722 0.734766 0.956944 0.055469 0.086111 3 0.188354 0.64375 0.472917 0.035937 0.0625 6 0.182373 0.188672 0.615278 0.167969 0.216667 1 0.170532 0.657031 0.815278 0.026562 0.094444 0 0.15979 0.080859 0.730556 0.036719 0.091667 3 0.142212 0.611328 0.409028 0.025781 0.054167 0 0.136597 0.006641 0.8375 0.013281 0.122222 1 0.123352 0.654687 0.838194 0.029687 0.076389 1 0.122498 0.648828 0.879167 0.030469 0.066667 1 0.102661 0.666797 0.788889 0.025781 0.069444 5 0.082397 0.601953 0.463889 0.033594 0.083333 1 0.079773 0.674609 0.74375 0.030469 0.081944 3 0.06781 0.48125 0.470139 0.0375 0.045833 3 0.063965 0.078125 0.977083 0.115625 0.045833 5 0.060303 0.494141 0.429167 0.036719 0.061111 11 0.050507 0.689844 0.469444 0.032813 0.072222 3 0.049774 0.601953 0.463889 0.033594 0.083333 2 0.046021 0.990625 0.702083 0.01875 0.0875 1 0.039795 0.369531 0.938194 0.035937 0.095833 3 0.039642 0.738672 0.475 0.041406 0.061111 1 0.033844 0.672266 0.781944 0.025781 0.072222 10 0.029205 0.368359 0.443056 0.122656 0.15 2 0.024612 0.475781 0.477778 0.039062 0.038889 0 0.018906 0.368359 0.938194 0.033594 0.095833 3 0.018402 0.376563 0.510417 0.054688 0.045833 3 0.017181 0.494531 0.428472 0.035937 0.059722 12 0.016983 0.689844 0.470833 0.034375 0.072222 3 0.016342 0.09375 0.980556 0.075 0.038889 10 0.014954 0.991797 0.788889 0.016406 0.280556 10 0.014503 0.459375 0.365972 0.092188 0.115278 3 0.014389 0.690234 0.470833 0.033594 0.072222 1 0.012871 0.009375 0.835417 0.01875 0.120833 3 0.012238 0.21875 0.929861 0.101562 0.140278 3 0.01178 0.432812 0.484028 0.046875 0.040278 3 0.010529 0.686328 0.495833 0.027344 0.055556 3 0.00885 0.461328 0.440278 0.036719 0.044444 2 0.007755 0.962891 0.577083 0.032031 0.068056 3 0.007404 0.778906 0.502083 0.034375 0.070833 10 0.007374 0.671484 0.393056 0.069531 0.119444 2 0.006691 0.468359 0.486111 0.033594 0.030556 5 0.005775 0.671094 0.636806 0.034375 0.090278 0 0.005619 0.369531 0.444444 0.121875 0.15 10 0.005554 0.059375 0.574306 0.11875 0.193056 1 0.005219 0.4375 0.831944 0.042188 0.097222 10 0.005161 0.013281 0.798611 0.026562 0.402778 3 0.005119 0.711719 0.514583 0.029687 0.0375 1 0.004681 0.296484 0.558333 0.021094 0.058333 4 0.004364 0.689844 0.471528 0.034375 0.073611 2 0.003824 0.670312 0.577778 0.028125 0.055556 4 0.002913 0.695703 0.554167 0.027344 0.055556 2 0.002901 0.433594 0.484722 0.04375 0.036111 11 0.002684 0.787109 0.63125 0.080469 0.126389 0 0.002182 0.459375 0.367361 0.092188 0.109722 0 0.00209 0.435937 0.834722 0.04375 0.105556 3 0.002068 0.46875 0.414583 0.029687 0.034722 10 0.001478 0.98125 0.815972 0.035937 0.329167 1 0.001279 0.645703 0.825694 0.041406 0.115278 9 0.001255 0.031641 0.756944 0.061719 0.275 3 0.001216 0.680078 0.509028 0.025781 0.045833 0 0.000962 0.9625 0.634028 0.0375 0.0625 3 0.000869 0.008203 0.255556 0.016406 0.041667 3 0.000792 0.453906 0.455556 0.029687 0.044444 10 0.00073 0.844531 0.63125 0.1875 0.279167 3 0.000682 0.835547 0.726389 0.078906 0.147222 3 0.000682 0.705078 0.854861 0.046094 0.070833 11 0.000677 0.740234 0.555556 0.061719 0.075 10 0.000669 0.389453 0.464583 0.072656 0.070833 0 0.000661 0.995703 0.652083 0.008594 0.073611 11 0.000614 0.944141 0.511111 0.055469 0.091667 1 0.000609 0.670703 0.971528 0.091406 0.056944 1 0.000596 0.669141 0.725 0.027344 0.075 12 0.000584 0.393359 0.994444 0.147656 0.011111 3 0.000525 0.467187 0.495833 0.035937 0.044444 2 0.000521 0.994141 0.60625 0.011719 0.101389 4 0.000517 0.776563 0.503472 0.0375 0.076389 10 0.000517 0.037891 0.588889 0.075781 0.277778
CCTV01^20260318-110000-20260318-120000_001002,11 0.858887 0.784375 0.839583 0.075 0.273611 10 0.856445 0.951953 0.828472 0.092969 0.340278 3 0.754883 0.705078 0.888889 0.050781 0.144444 11 0.607422 0.728125 0.700694 0.082812 0.195833 1 0.600098 0.651563 0.858333 0.032813 0.094444 10 0.599121 0.0875 0.802778 0.175 0.383333 2 0.57373 0.168359 0.796528 0.055469 0.118056 3 0.57373 0.245312 0.890972 0.085938 0.145833 5 0.525391 0.286328 0.747222 0.071094 0.141667 3 0.38501 0.644922 0.554861 0.042969 0.073611 1 0.352295 0.677344 0.966667 0.03125 0.063889 5 0.312256 0.6125 0.488889 0.04375 0.088889 1 0.307373 0.697266 0.783333 0.027344 0.077778 1 0.27832 0.143359 0.904167 0.044531 0.094444 3 0.253906 0.369922 0.561111 0.060156 0.075 3 0.2323 0.670312 0.638889 0.034375 0.088889 2 0.218628 0.369922 0.561111 0.060156 0.072222 3 0.199341 0.734766 0.957639 0.055469 0.084722 3 0.184814 0.645703 0.475 0.036719 0.063889 1 0.181885 0.205859 0.711111 0.028906 0.080556 6 0.157104 0.262109 0.653472 0.088281 0.154167 11 0.147095 0.691016 0.46875 0.032031 0.070833 3 0.139893 0.712891 0.515278 0.032031 0.038889 3 0.133423 0.670312 0.51875 0.039062 0.0625 3 0.119995 0.33125 0.648611 0.0625 0.094444 10 0.117981 0.027734 0.76875 0.055469 0.334722 3 0.11676 0.869531 0.935417 0.067187 0.129167 2 0.097412 0.990234 0.692361 0.019531 0.115278 1 0.09668 0.65625 0.816667 0.028125 0.088889 3 0.083618 0.361719 0.523611 0.053125 0.055556 1 0.063721 0.667969 0.763194 0.025 0.084722 4 0.062103 0.867969 0.938194 0.065625 0.123611 3 0.06189 0.738672 0.475 0.041406 0.061111 10 0.049408 0.441016 0.388194 0.102344 0.129167 2 0.043701 0.330469 0.649306 0.0625 0.098611 9 0.039337 0.298438 0.508333 0.123438 0.158333 1 0.039185 0.671484 0.705556 0.021094 0.061111 3 0.031372 0.716406 0.432639 0.023438 0.048611 3 0.031021 0.990625 0.685417 0.01875 0.101389 4 0.024887 0.691016 0.470833 0.033594 0.072222 9 0.024521 0.426172 0.490972 0.060156 0.076389 2 0.024139 0.360156 0.530556 0.05625 0.072222 2 0.023514 0.488281 0.465278 0.028125 0.047222 3 0.021622 0.627344 0.41875 0.028125 0.054167 10 0.019562 0.623047 0.25 0.025781 0.072222 1 0.019348 0.175 0.968056 0.05 0.063889 10 0.018906 0.069922 0.571528 0.139844 0.209722 1 0.017242 0.387109 0.958333 0.033594 0.080556 3 0.015717 0.691797 0.470139 0.033594 0.070833 1 0.014282 0.672656 0.778472 0.023438 0.073611 1 0.013275 0.669141 0.738194 0.025781 0.076389 5 0.011917 0.426563 0.491667 0.060937 0.075 3 0.011551 0.425391 0.492361 0.060156 0.079167 1 0.01078 0.667578 0.791667 0.024219 0.069444 10 0.009087 0.673438 0.400694 0.067187 0.131944 11 0.008781 0.784375 0.6375 0.09375 0.125 3 0.008286 0.844922 0.740972 0.080469 0.156944 2 0.007462 0.992969 0.715972 0.014063 0.106944 1 0.007065 0.319531 0.5625 0.025 0.061111 8 0.006538 0.264453 0.645139 0.097656 0.154167 3 0.006512 0.680078 0.503472 0.041406 0.056944 10 0.006462 0.991797 0.786111 0.016406 0.286111 10 0.005535 0.71875 0.303472 0.035937 0.079167 3 0.005405 0.610156 0.366667 0.021875 0.036111 11 0.005363 0.777344 0.511806 0.035937 0.081944 3 0.004383 0.399609 0.558333 0.033594 0.058333 4 0.004299 0.699609 0.5625 0.033594 0.063889 2 0.00396 0.358203 0.409722 0.027344 0.047222 3 0.003855 0.660937 0.302778 0.01875 0.030556 5 0.003824 0.846094 0.740278 0.08125 0.15 4 0.003538 0.848437 0.876389 0.042188 0.111111 4 0.003363 0.778906 0.511111 0.034375 0.080556 3 0.003351 0.612109 0.338889 0.025781 0.066667 3 0.002811 0.398438 0.477083 0.032813 0.056944 10 0.002714 0.990625 0.596528 0.01875 0.251389 3 0.002531 0.699219 0.5625 0.034375 0.066667 10 0.002434 0.298438 0.509028 0.125 0.159722 10 0.002434 0.983984 0.790972 0.032031 0.3125 3 0.002378 0.603906 0.441667 0.021875 0.041667 3 0.002253 0.613281 0.389583 0.023438 0.045833 9 0.002083 0.776563 0.513889 0.0375 0.080556 2 0.001934 0.263281 0.65 0.09375 0.15 2 0.001853 0.476562 0.459028 0.035937 0.054167 1 0.001853 0.642188 0.884722 0.023438 0.061111 10 0.001818 0.989453 0.704861 0.021094 0.115278 4 0.001567 0.613281 0.33125 0.025 0.051389 3 0.00149 0.476172 0.496528 0.036719 0.034722 1 0.00149 0.671484 0.975 0.078906 0.05 0 0.001309 0.223047 0.529167 0.028906 0.063889 3 0.0013 0.780078 0.509028 0.030469 0.076389 3 0.001255 0.480469 0.410417 0.029687 0.040278 3 0.001245 0.619141 0.290972 0.017969 0.029167 5 0.001206 0.510938 0.354167 0.034375 0.052778 1 0.001197 0.648047 0.878472 0.027344 0.070833 3 0.001165 0.508984 0.413889 0.028906 0.047222 12 0.001138 0.855469 0.882639 0.057813 0.226389 3 0.001134 0.509766 0.354861 0.033594 0.051389 9 0.001073 0.990625 0.722222 0.01875 0.130556 11 0.000947 0.209375 0.990972 0.139063 0.018056 4 0.000926 0.264453 0.645833 0.099219 0.15 3 0.000915 0.651953 0.320139 0.019531 0.031944 3 0.000849 0.671875 0.586111 0.025 0.047222 1 0.000792 0.695703 0.984722 0.099219 0.030556 10 0.000792 0.017969 0.586806 0.035937 0.295833 6 0.000685 0.951562 0.8875 0.096875 0.225 3 0.000651 0.501172 0.375 0.022656 0.022222 2 0.000644 0.400391 0.557639 0.035156 0.0625 10 0.000621 0.995313 0.827778 0.009375 0.258333 6 0.000614 0.885938 0.635417 0.084375 0.170833 2 0.000584 0.480859 0.488889 0.030469 0.022222
CCTV01^20260318-110000-20260318-120000_001122,10 0.84668 0.662109 0.499306 0.094531 0.195833 3 0.832031 0.696094 0.836111 0.054688 0.144444 10 0.79248 0.198828 0.716667 0.169531 0.316667 3 0.756348 0.855469 0.79375 0.076563 0.123611 3 0.730957 0.675 0.636111 0.048438 0.1 5 0.729492 0.699219 0.703472 0.053125 0.118056 3 0.70752 0.923438 0.738194 0.090625 0.134722 3 0.682617 0.280859 0.946528 0.067969 0.106944 2 0.67041 0.039844 0.85 0.060937 0.116667 3 0.644043 0.303906 0.694444 0.0625 0.116667 3 0.644043 0.790234 0.802083 0.060156 0.120833 5 0.622559 0.340625 0.825694 0.071875 0.1625 3 0.598145 0.754297 0.702778 0.055469 0.102778 5 0.598145 0.252344 0.813194 0.073438 0.156944 10 0.505859 0.327734 0.51875 0.149219 0.190278 2 0.490234 0.474609 0.428472 0.025781 0.054167 10 0.490234 0.75 0.5375 0.101562 0.222222 12 0.488281 0.883203 0.925 0.069531 0.144444 3 0.403564 0.196484 0.958333 0.064844 0.083333 2 0.375732 0.883203 0.925 0.069531 0.147222 3 0.37207 0.852734 0.657639 0.064844 0.095833 10 0.369385 0.025781 0.645833 0.051562 0.236111 1 0.350342 0.092969 0.863194 0.039062 0.084722 5 0.336426 0.811328 0.680556 0.083594 0.136111 3 0.281494 0.369531 0.5875 0.067187 0.077778 2 0.271973 0.423828 0.489583 0.032031 0.059722 10 0.262939 0.199609 0.510417 0.116406 0.173611 0 0.221313 0.067187 0.735417 0.039062 0.081944 11 0.221313 0.742969 0.91875 0.125 0.159722 2 0.20813 0.919531 0.852778 0.042188 0.097222 1 0.201172 0.045312 0.957639 0.042188 0.081944 7 0.137939 0.742578 0.91875 0.124219 0.159722 3 0.126343 0.818359 0.555556 0.044531 0.113889 0 0.124634 0.029687 0.711806 0.028125 0.070833 1 0.099487 0.984766 0.781944 0.030469 0.086111 1 0.090393 0.097656 0.770833 0.032813 0.080556 0 0.084167 0.747266 0.788194 0.032031 0.0875 2 0.070068 0.939844 0.625694 0.046875 0.079167 4 0.069519 0.811328 0.680556 0.083594 0.136111 3 0.066101 0.369531 0.393056 0.026562 0.05 0 0.056458 0.104297 0.747917 0.036719 0.0875 0 0.051086 0.976953 0.696528 0.030469 0.070833 2 0.029877 0.898828 0.649306 0.041406 0.073611 1 0.029205 0.592187 0.469444 0.014063 0.052778 1 0.028442 0.131641 0.675 0.035156 0.069444 2 0.028336 0.911719 0.570833 0.03125 0.063889 0 0.021042 0.976172 0.863194 0.046094 0.106944 3 0.02034 0.009375 0.257639 0.01875 0.051389 1 0.020248 0.804297 0.936806 0.035156 0.090278 0 0.020096 0.995313 0.704861 0.009375 0.079167 0 0.018478 0.071094 0.670833 0.035937 0.075 3 0.016281 0.517188 0.820833 0.05625 0.061111 10 0.015602 0.623828 0.411111 0.046094 0.15 0 0.015541 0.948047 0.695833 0.046094 0.088889 0 0.015251 0.052734 0.670833 0.027344 0.058333 1 0.014282 0.103516 0.749306 0.038281 0.090278 1 0.013329 0.815625 0.952083 0.035937 0.090278 10 0.011551 0.516406 0.352083 0.0625 0.093056 1 0.0112 0.975781 0.854861 0.042188 0.098611 0 0.011162 0.993359 0.883333 0.013281 0.136111 0 0.010094 0.044922 0.955556 0.039844 0.080556 2 0.009674 0.36875 0.393056 0.028125 0.05 2 0.008575 0.975781 0.697917 0.032813 0.076389 10 0.008545 0.024609 0.643056 0.049219 0.119444 3 0.008446 0.991797 0.902778 0.016406 0.141667 12 0.008217 0.742969 0.921528 0.125 0.154167 0 0.006565 0.071875 0.704861 0.035937 0.068056 0 0.006538 0.010937 0.697917 0.021875 0.0875 6 0.005798 0.775781 0.407639 0.057813 0.115278 10 0.005199 0.652734 0.265972 0.033594 0.076389 1 0.005081 0.4625 0.41875 0.017188 0.048611 1 0.004925 0.517578 0.40625 0.016406 0.043056 1 0.004791 0.746484 0.799306 0.035156 0.076389 10 0.004738 0.776563 0.406944 0.057813 0.116667 0 0.0047 0.842578 0.871528 0.036719 0.0875 1 0.004681 0.626172 0.779861 0.036719 0.079167 2 0.004555 0.527344 0.440972 0.021875 0.045833 9 0.00452 0.744531 0.920833 0.115625 0.155556 0 0.004467 0.292578 0.447917 0.022656 0.051389 1 0.00399 0.808984 0.909028 0.039844 0.095833 0 0.003325 0.330469 0.413194 0.021875 0.054167 2 0.003298 0.990625 0.913194 0.01875 0.131944 3 0.003185 0.719922 0.43125 0.032031 0.043056 0 0.002867 0.007031 0.691667 0.014063 0.080556 0 0.002855 0.622656 0.775694 0.04375 0.084722 3 0.002758 0.696094 0.802778 0.048438 0.077778 2 0.002571 0.995703 0.726389 0.008594 0.116667 9 0.002531 0.018359 0.65625 0.036719 0.248611 0 0.002443 0.986719 0.666667 0.026562 0.075 4 0.002342 0.947266 0.695833 0.044531 0.091667 2 0.002226 0.284766 0.402778 0.024219 0.047222 10 0.002226 0.008984 0.728472 0.017969 0.231944 10 0.002192 0.030469 0.527778 0.060937 0.35 7 0.002075 0.817187 0.554167 0.042188 0.111111 4 0.002035 0.726953 0.946528 0.094531 0.104167 4 0.002028 0.985938 0.902778 0.028125 0.155556 2 0.001926 0.517969 0.404861 0.015625 0.0375 5 0.001883 0.024609 0.634028 0.049219 0.104167 10 0.001714 0.990234 0.789583 0.019531 0.256944 3 0.001623 0.851562 0.769444 0.0625 0.075 0 0.001623 0.99375 0.777778 0.0125 0.094444 3 0.001616 0.995313 0.84375 0.009375 0.129167 0 0.001444 0.994922 0.684028 0.010156 0.084722 10 0.001427 0.655469 0.380556 0.090625 0.127778 1 0.001421 0.003906 0.749306 0.007812 0.093056 1 0.001389 0.411719 0.827778 0.040625 0.088889 0 0.001346 0.003906 0.736806 0.007812 0.101389 0 0.001325 0.877344 0.522222 0.025 0.063889 0 0.0013 0.016016 0.707639 0.024219 0.090278 2 0.00126 0.995313 0.607639 0.009375 0.090278 3 0.001184 0.005469 0.270139 0.010937 0.073611 12 0.001069 0.005859 0.072917 0.011719 0.145833 1 0.001032 0.976953 0.836806 0.030469 0.076389 10 0.001008 0.990625 0.56875 0.01875 0.193056 0 0.000911 0.517969 0.822917 0.057813 0.068056 2 0.00083 0.995703 0.579861 0.008594 0.1375 11 0.000767 0.959375 0.926389 0.08125 0.147222 10 0.00071 0.994531 0.559028 0.010937 0.148611 10 0.000704 0.012109 0.206944 0.024219 0.102778 10 0.00069 0.990625 0.645139 0.01875 0.198611 4 0.000621 0.470703 0.299306 0.024219 0.045833 12 0.000617 0.464844 0.820833 0.123438 0.111111 2 0.000614 0.924219 0.740278 0.092188 0.133333 11 0.000607 0.370312 0.796528 0.078125 0.148611 0 0.000597 0.005469 0.719444 0.010937 0.127778 3 0.00057 0.960156 0.922917 0.071875 0.131944 3 0.000557 0.013281 0.377778 0.026562 0.083333 0 0.000538 0.592969 0.467361 0.014063 0.054167
CCTV02^20260511-140000-20260511-142440_002414,2 0.737305 0.291797 0.672917 0.039844 0.090278 2 0.732422 0.180859 0.794444 0.057031 0.105556 1 0.556641 0.547266 0.336111 0.014844 0.05 10 0.413086 0.325391 0.258333 0.032031 0.080556 2 0.359375 0.775 0.454167 0.028125 0.063889 9 0.341553 0.622656 0.645139 0.060937 0.156944 11 0.205566 0.623047 0.644444 0.060156 0.152778 2 0.195557 0.977344 0.68125 0.04375 0.093056 2 0.154053 0.292969 0.40625 0.034375 0.054167 2 0.133911 0.466016 0.240278 0.016406 0.036111 2 0.133423 0.885156 0.736111 0.045312 0.108333 2 0.10968 0.872656 0.549306 0.0375 0.073611 10 0.092346 0.03125 0.653472 0.0625 0.156944 2 0.080627 0.354687 0.215972 0.014063 0.031944 2 0.053009 0.921484 0.583333 0.041406 0.075 2 0.040833 0.377344 0.215278 0.015625 0.030556 1 0.038025 0.99375 0.963194 0.0125 0.073611 2 0.033966 0.960547 0.620833 0.050781 0.066667 2 0.028976 0.494141 0.222917 0.013281 0.034722 1 0.026352 0.551562 0.334028 0.026562 0.056944 1 0.017044 0.716406 0.501389 0.023438 0.055556 2 0.016342 0.994531 0.736806 0.010937 0.081944 1 0.015778 0.833203 0.552083 0.030469 0.068056 2 0.008881 0.996094 0.533333 0.007812 0.055556 1 0.008644 0.99375 0.734028 0.0125 0.081944 1 0.007786 0.542969 0.334722 0.028125 0.055556 2 0.005844 0.990625 0.729861 0.01875 0.073611 10 0.005512 0.988281 0.636806 0.021875 0.126389 1 0.005138 0.120313 0.711111 0.025 0.052778 2 0.00407 0.989453 0.629861 0.021094 0.104167 1 0.003593 0.824219 0.878472 0.04375 0.120833 1 0.002653 0.989844 0.944444 0.01875 0.111111 11 0.002642 0.029687 0.656944 0.059375 0.133333 2 0.002333 0.682813 0.322917 0.026562 0.040278 2 0.002035 0.841406 0.032639 0.039062 0.065278 4 0.002028 0.983984 0.617361 0.030469 0.079167 12 0.001839 0.024219 0.617361 0.048438 0.2125 2 0.001623 0.973437 0.529167 0.04375 0.069444 3 0.001623 0.988281 0.626389 0.021875 0.102778 11 0.00149 0.989453 0.607639 0.021094 0.201389 9 0.001225 0.985938 0.609028 0.028125 0.143056 3 0.001174 0.463672 0.049306 0.085156 0.098611 2 0.001169 0.296484 0.361806 0.035156 0.059722 10 0.001165 0.995313 0.5625 0.009375 0.111111 3 0.001161 0.994141 0.932639 0.011719 0.129167 4 0.001124 0.971094 0.533333 0.046875 0.080556 2 0.001 0.969141 0.635417 0.055469 0.106944 5 0.000966 0.462891 0.207639 0.024219 0.031944 2 0.00094 0.363281 0.218056 0.029687 0.036111 3 0.000685 0.994922 0.894444 0.010156 0.191667 3 0.000636 0.987109 0.908333 0.024219 0.177778 2 0.000602 0.989453 0.677778 0.021094 0.125 10 0.00054 0.991797 0.595139 0.016406 0.154167 10 0.00054 0.989062 0.570139 0.021875 0.209722 1 0.000532 0.919531 0.599306 0.034375 0.076389
CCTV02^20260511-140000-20260511-142440_002417,10 0.74707 0.208594 0.857639 0.153125 0.284722 10 0.694336 0.387891 0.386806 0.046094 0.123611 2 0.611328 0.615625 0.343056 0.025 0.052778 9 0.563965 0.464844 0.434722 0.051562 0.15 10 0.523438 0.325391 0.263194 0.032031 0.081944 2 0.455078 0.366406 0.30625 0.01875 0.048611 2 0.411133 0.776563 0.468056 0.028125 0.058333 0 0.338135 0.809375 0.505556 0.026562 0.072222 2 0.27832 0.367578 0.216667 0.014844 0.036111 10 0.107056 0.034766 0.652778 0.069531 0.158333 2 0.082397 0.808984 0.504167 0.025781 0.069444 2 0.073975 0.978125 0.679861 0.04375 0.095833 2 0.063965 0.850781 0.668056 0.046875 0.083333 11 0.061432 0.464062 0.432639 0.051562 0.145833 2 0.051849 0.293359 0.408333 0.035156 0.058333 2 0.032959 0.728125 0.365972 0.023438 0.040278 2 0.011246 0.99375 0.719444 0.0125 0.066667 1 0.010529 0.994922 0.736111 0.010156 0.080556 3 0.008675 0.985938 0.901389 0.026562 0.194444 3 0.007149 0.991406 0.920833 0.017188 0.155556 2 0.006718 0.920312 0.575694 0.040625 0.0875 2 0.006588 0.884375 0.565972 0.0375 0.076389 2 0.006218 0.99375 0.5375 0.0125 0.097222 1 0.004627 0.71875 0.5 0.026562 0.066667 2 0.004452 0.008203 0.872917 0.016406 0.115278 1 0.004299 0.990625 0.729861 0.01875 0.090278 2 0.003376 0.951953 0.622222 0.042969 0.072222 2 0.002867 0.989453 0.676389 0.021094 0.125 2 0.002846 0.990625 0.727778 0.01875 0.072222 2 0.002834 0.989062 0.622222 0.021875 0.097222 2 0.002611 0.780078 0.44375 0.022656 0.048611 10 0.002216 0.989453 0.640972 0.021094 0.143056 2 0.001796 0.872656 0.472222 0.0375 0.066667 2 0.00126 0.372266 0.304861 0.030469 0.054167 11 0.001197 0.030469 0.654861 0.060937 0.1375 2 0.001124 0.840625 0.033333 0.040625 0.066667 1 0.00109 0.008594 0.870833 0.017188 0.127778 2 0.000926 0.632031 0.2875 0.020313 0.036111 2 0.000849 0.682422 0.327083 0.024219 0.043056 2 0.000744 0.244922 0.581944 0.028906 0.080556 2 0.000682 0.891016 0.755556 0.030469 0.063889 10 0.000675 0.990234 0.579861 0.019531 0.223611 1 0.000661 0.889844 0.757639 0.028125 0.068056 12 0.000557 0.029687 0.636806 0.059375 0.179167 1 0.000524 0.120703 0.709028 0.025781 0.056944
CCTV02^20260511-140000-20260511-142440_002421,2 0.625977 0.562891 0.322917 0.022656 0.051389 10 0.607422 0.412109 0.350694 0.038281 0.101389 2 0.607422 0.348828 0.464583 0.027344 0.068056 2 0.511719 0.721094 0.456944 0.032813 0.072222 2 0.453369 0.937109 0.664583 0.042969 0.0875 5 0.44751 0.362891 0.563889 0.047656 0.091667 2 0.445557 0.337109 0.359722 0.019531 0.052778 10 0.443604 0.325391 0.259028 0.032031 0.081944 2 0.435791 0.373828 0.260417 0.016406 0.040278 4 0.428223 0.437109 0.311806 0.024219 0.054167 3 0.428223 0.709375 0.824306 0.076563 0.179167 3 0.390381 0.362891 0.5625 0.047656 0.088889 9 0.271973 0.393359 0.202083 0.028906 0.065278 10 0.230957 0.393359 0.202083 0.028906 0.0625 10 0.104492 0.032422 0.658333 0.064844 0.138889 2 0.062317 0.501953 0.247917 0.017969 0.0375 1 0.054413 0.748828 0.494444 0.030469 0.063889 2 0.040833 0.978125 0.681944 0.04375 0.091667 3 0.03891 0.444531 0.226389 0.01875 0.030556 2 0.030914 0.919531 0.579861 0.039062 0.076389 10 0.02211 0.990234 0.642361 0.019531 0.143056 2 0.018692 0.470703 0.214583 0.013281 0.029167 2 0.016281 0.992188 0.722222 0.015625 0.063889 1 0.013168 0.994922 0.7375 0.010156 0.080556 2 0.009453 0.005859 0.888889 0.011719 0.138889 1 0.00927 0.991797 0.727083 0.016406 0.073611 7 0.006878 0.659766 0.934722 0.074219 0.127778 10 0.006824 0.258984 0.547222 0.102344 0.202778 3 0.006641 0.991797 0.929861 0.016406 0.126389 2 0.006588 0.995313 0.534028 0.009375 0.073611 2 0.006218 0.659375 0.932639 0.075 0.123611 11 0.005707 0.029297 0.658333 0.058594 0.130556 2 0.005512 0.498828 0.236111 0.022656 0.038889 3 0.005302 0.653906 0.872222 0.071875 0.166667 12 0.005161 0.659766 0.932639 0.075781 0.126389 2 0.00502 0.655469 0.884028 0.070312 0.176389 3 0.004982 0.985938 0.916667 0.026562 0.155556 1 0.003197 0.659766 0.933333 0.074219 0.125 0 0.002611 0.659766 0.933333 0.074219 0.122222 2 0.002571 0.779297 0.446528 0.028906 0.056944 2 0.002415 0.445703 0.232639 0.019531 0.034722 2 0.002115 0.991797 0.624306 0.016406 0.104167 2 0.001741 0.989062 0.710417 0.021875 0.076389 12 0.001707 0.037109 0.643056 0.074219 0.158333 2 0.001561 0.292578 0.407639 0.033594 0.056944 1 0.001531 0.761719 0.48125 0.034375 0.068056 2 0.001519 0.987109 0.680556 0.025781 0.116667 10 0.00126 0.357031 0.164583 0.028125 0.045833 3 0.001197 0.436719 0.303472 0.028125 0.059722 1 0.001134 0.120313 0.7125 0.025 0.05 1 0.001048 0.893359 0.545139 0.030469 0.068056 10 0.00102 0.990625 0.585417 0.01875 0.218056 3 0.001017 0.412109 0.346528 0.036719 0.093056 2 0.000937 0.632031 0.2875 0.020313 0.036111 1 0.000859 0.719922 0.8875 0.058594 0.102778 2 0.000849 0.413672 0.395139 0.035156 0.059722 1 0.000792 0.738672 0.484028 0.024219 0.070833 3 0.000727 0.440625 0.222222 0.025 0.038889 3 0.00068 0.784766 0.935417 0.094531 0.129167 2 0.000659 0.774219 0.465972 0.025 0.054167 12 0.000657 0.952734 0.999306 0.094531 0.001389 1 0.000573 0.821875 0.890972 0.0375 0.106944
CCTV02^20260511-140000-20260511-142440_002425,3 0.754883 0.372266 0.527778 0.033594 0.063889 2 0.72168 0.596094 0.369444 0.025 0.055556 2 0.686035 0.327734 0.584028 0.036719 0.081944 1 0.677246 0.442188 0.483333 0.020313 0.061111 9 0.666992 0.49375 0.293056 0.040625 0.097222 2 0.660156 0.644531 0.375 0.025 0.052778 2 0.642578 0.69375 0.436111 0.028125 0.058333 2 0.62793 0.721484 0.450694 0.027344 0.059722 2 0.560059 0.385156 0.270139 0.015625 0.040278 2 0.38501 0.558203 0.28125 0.021094 0.040278 2 0.329346 0.351953 0.251389 0.011719 0.041667 2 0.245117 0.376563 0.240278 0.0125 0.033333 2 0.225464 0.361719 0.21875 0.010937 0.031944 10 0.174438 0.324609 0.259722 0.028906 0.077778 2 0.156616 0.169531 0.660417 0.05625 0.093056 0 0.123352 0.972656 0.911111 0.053125 0.141667 2 0.115173 0.976562 0.680556 0.045312 0.094444 10 0.076111 0.03125 0.655556 0.060937 0.141667 10 0.063232 0.260937 0.546528 0.09375 0.204167 2 0.044861 0.920312 0.584722 0.040625 0.080556 2 0.038757 0.374219 0.201389 0.014063 0.033333 2 0.032349 0.385937 0.273611 0.021875 0.052778 2 0.020172 0.861328 0.611806 0.041406 0.0875 1 0.019058 0.446094 0.486111 0.035937 0.075 1 0.012825 0.99375 0.732639 0.0125 0.081944 2 0.010612 0.99375 0.720833 0.0125 0.063889 0 0.010368 0.987109 0.918056 0.025781 0.136111 2 0.008034 0.291797 0.408333 0.035156 0.058333 10 0.007374 0.989453 0.643056 0.021094 0.144444 2 0.006588 0.971094 0.524306 0.042188 0.068056 2 0.005577 0.959766 0.620139 0.050781 0.073611 2 0.004299 0.896875 0.546528 0.034375 0.073611 11 0.003443 0.029297 0.65625 0.058594 0.129167 1 0.00289 0.121094 0.7125 0.025 0.05 12 0.002602 0.043359 0.631944 0.086719 0.177778 2 0.00215 0.382031 0.263889 0.017188 0.038889 2 0.001889 0.991406 0.908333 0.017188 0.180556 9 0.001853 0.989844 0.629167 0.01875 0.113889 1 0.001455 0.859766 0.6125 0.041406 0.086111 2 0.001432 0.550781 0.284722 0.034375 0.05 2 0.00141 0.153906 0.674306 0.026562 0.0625 2 0.001351 0.379297 0.247917 0.014844 0.0375 2 0.001265 0.350391 0.188194 0.017969 0.029167 2 0.001265 0.353516 0.193056 0.016406 0.022222 3 0.001124 0.330859 0.18125 0.014844 0.020833 2 0.001086 0.826562 0.44375 0.029687 0.059722 2 0.001081 0.892188 0.754167 0.029687 0.066667 1 0.001053 0.995703 0.749306 0.008594 0.068056 2 0.000883 0.995313 0.569444 0.009375 0.075 2 0.000807 0.996094 0.553472 0.007812 0.070833 2 0.000767 0.402734 0.240278 0.013281 0.027778 12 0.000721 0.023047 0.623611 0.046094 0.197222 1 0.000715 0.714844 0.390972 0.01875 0.040278 2 0.000682 0.979297 0.895139 0.041406 0.195833 2 0.000621 0.598437 0.368056 0.039062 0.066667 2 0.000591 0.005078 0.879167 0.010156 0.122222 2 0.000575 0.466016 0.205556 0.014844 0.027778 0 0.000557 0.994531 0.926389 0.010937 0.136111 10 0.000553 0.984766 0.877083 0.030469 0.234722 1 0.000534 0.990625 0.472222 0.01875 0.066667
CCTV02^20260511-140000-20260511-142440_002429,10 0.782715 0.304688 0.46875 0.085938 0.159722 2 0.741699 0.254297 0.814583 0.049219 0.1125 1 0.704102 0.533594 0.411806 0.015625 0.0625 2 0.672363 0.544141 0.363194 0.021094 0.048611 2 0.616699 0.650391 0.429167 0.030469 0.063889 2 0.615234 0.691016 0.418056 0.027344 0.052778 2 0.607422 0.619922 0.404861 0.025781 0.051389 2 0.562012 0.716406 0.470139 0.029687 0.0625 2 0.5 0.371094 0.261806 0.01875 0.0375 2 0.392334 0.506641 0.259028 0.016406 0.0375 2 0.390381 0.58125 0.360417 0.021875 0.048611 10 0.357666 0.451172 0.401389 0.036719 0.080556 5 0.307373 0.451172 0.4 0.038281 0.080556 2 0.262939 0.771484 0.470833 0.041406 0.058333 1 0.253906 0.592969 0.411111 0.020313 0.058333 2 0.204346 0.557813 0.28125 0.020313 0.040278 2 0.203125 0.566016 0.388889 0.013281 0.047222 2 0.199341 0.919531 0.583333 0.042188 0.077778 10 0.157104 0.325 0.258333 0.03125 0.072222 1 0.112793 0.603516 0.351389 0.014844 0.044444 2 0.096008 0.8125 0.48125 0.032813 0.0625 2 0.095703 0.978125 0.684028 0.04375 0.090278 2 0.089478 0.592969 0.410417 0.01875 0.059722 1 0.073669 0.566016 0.389583 0.013281 0.048611 2 0.067078 0.540234 0.376389 0.019531 0.055556 10 0.028549 0.030859 0.656944 0.061719 0.144444 2 0.025177 0.344531 0.202083 0.014063 0.026389 1 0.02211 0.528516 0.41875 0.021094 0.073611 3 0.018188 0.317578 0.325 0.035156 0.044444 2 0.015778 0.641406 0.422917 0.04375 0.068056 1 0.01178 0.994922 0.739583 0.010156 0.073611 0 0.007755 0.865625 0.488194 0.0375 0.070833 2 0.00729 0.897266 0.547917 0.033594 0.068056 1 0.007206 0.857422 0.559722 0.021094 0.047222 10 0.006439 0.990625 0.638889 0.01875 0.138889 11 0.005688 0.989453 0.634028 0.021094 0.1375 3 0.004791 0.994141 0.929167 0.011719 0.138889 2 0.004757 0.566406 0.405556 0.01875 0.061111 2 0.00433 0.775 0.578472 0.0375 0.093056 2 0.004101 0.958594 0.621528 0.053125 0.073611 1 0.003403 0.990625 0.729861 0.01875 0.081944 2 0.003389 0.561328 0.290278 0.022656 0.041667 2 0.003325 0.99375 0.716667 0.0125 0.063889 2 0.003172 0.557422 0.290278 0.025781 0.055556 2 0.003136 0.621484 0.419444 0.025781 0.063889 1 0.002981 0.599219 0.370139 0.01875 0.040278 1 0.002571 0.565625 0.403472 0.01875 0.059722 3 0.002571 0.992578 0.897917 0.014844 0.204167 11 0.002424 0.028906 0.657639 0.057813 0.129167 2 0.002323 0.46875 0.220833 0.015625 0.033333 1 0.002157 0.120313 0.715972 0.023438 0.043056 2 0.0021 0.651953 0.409028 0.024219 0.054167 3 0.002068 0.987109 0.923611 0.025781 0.15 2 0.001867 0.530859 0.398611 0.024219 0.063889 2 0.001818 0.866406 0.486111 0.035937 0.072222 1 0.001789 0.606641 0.353472 0.025781 0.051389 12 0.001707 0.026172 0.630556 0.052344 0.186111 2 0.001636 0.344922 0.184028 0.013281 0.020833 3 0.001597 0.972266 0.527778 0.041406 0.069444 2 0.001585 0.990625 0.725694 0.01875 0.065278 10 0.001536 0.367578 0.201389 0.021094 0.044444 1 0.001124 0.579688 0.404861 0.026562 0.068056 2 0.001107 0.744141 0.384722 0.022656 0.041667 1 0.001107 0.586328 0.413194 0.032031 0.068056 4 0.00104 0.972266 0.525694 0.042969 0.068056 2 0.001028 0.200781 0.976389 0.065625 0.047222 0 0.001 0.336719 0.297917 0.028125 0.045833 2 0.001 0.577734 0.386111 0.019531 0.058333 1 0.001 0.602344 0.41875 0.032813 0.065278 1 0.000918 0.851172 0.5625 0.025781 0.055556 12 0.000897 0.990625 0.626389 0.01875 0.116667 2 0.000846 0.032031 0.655556 0.064062 0.144444 1 0.000801 0.825391 0.882639 0.041406 0.120833 3 0.000773 0.339453 0.182639 0.019531 0.020833 10 0.000762 0.990625 0.576389 0.01875 0.227778 2 0.000672 0.972266 0.529167 0.042969 0.072222 2 0.00057 0.891797 0.753472 0.030469 0.065278 10 0.000542 0.020313 0.597917 0.040625 0.245833 2 0.000515 0.544141 0.347917 0.024219 0.059722
CCTV02^20260511-140000-20260511-142440_002433,2 0.732422 0.673438 0.452083 0.032813 0.065278 3 0.71875 0.570312 0.559722 0.040625 0.080556 2 0.62793 0.602344 0.359028 0.023438 0.048611 2 0.592773 0.692187 0.418056 0.025 0.052778 2 0.586914 0.360547 0.330556 0.019531 0.047222 2 0.581543 0.538672 0.321528 0.022656 0.045833 2 0.44751 0.923828 0.654167 0.050781 0.091667 2 0.352295 0.798047 0.501389 0.042969 0.061111 2 0.312256 0.628516 0.354861 0.017969 0.048611 2 0.276611 0.378516 0.278472 0.016406 0.0375 5 0.242188 0.4375 0.615278 0.040625 0.077778 2 0.212036 0.559766 0.28125 0.019531 0.0375 2 0.196777 0.421094 0.284722 0.021875 0.044444 4 0.184814 0.437891 0.615278 0.039844 0.080556 10 0.155029 0.325391 0.256944 0.030469 0.077778 5 0.146118 0.421875 0.285417 0.020313 0.043056 2 0.143188 0.978516 0.682639 0.042969 0.095833 2 0.127686 0.297266 0.419444 0.022656 0.05 7 0.119202 0.740625 0.796528 0.1 0.151389 2 0.073975 0.801953 0.560417 0.027344 0.065278 2 0.058136 0.540625 0.299306 0.020313 0.026389 2 0.014008 0.630078 0.369444 0.022656 0.058333 10 0.013275 0.990625 0.641667 0.01875 0.141667 10 0.012871 0.03125 0.657639 0.0625 0.140278 10 0.012672 0.372266 0.207639 0.024219 0.059722 3 0.011826 0.421094 0.283333 0.023438 0.05 1 0.011688 0.995313 0.739583 0.009375 0.073611 2 0.011292 0.488281 0.223611 0.017188 0.033333 2 0.010651 0.555859 0.289583 0.019531 0.034722 2 0.00956 0.991797 0.619444 0.016406 0.083333 2 0.008812 0.378516 0.247917 0.014844 0.034722 1 0.008743 0.99375 0.547222 0.0125 0.061111 2 0.006413 0.851172 0.638194 0.039844 0.093056 3 0.005363 0.317969 0.311806 0.021875 0.040278 2 0.004887 0.874609 0.502083 0.030469 0.0625 2 0.004757 0.299219 0.4375 0.023438 0.066667 2 0.004539 0.860547 0.525694 0.022656 0.0625 2 0.004467 0.964063 0.620139 0.042188 0.070833 2 0.00378 0.6875 0.427083 0.021875 0.056944 1 0.003679 0.71875 0.502083 0.025 0.0625 3 0.003376 0.990625 0.902778 0.01875 0.191667 9 0.00289 0.751563 0.786806 0.125 0.168056 1 0.0028 0.990625 0.73125 0.01875 0.081944 2 0.002779 0.758984 0.407639 0.028906 0.048611 3 0.002424 0.742969 0.751389 0.103125 0.236111 3 0.002306 0.992969 0.931944 0.014063 0.130556 3 0.002226 0.746484 0.935417 0.080469 0.129167 2 0.002035 0.318359 0.313194 0.022656 0.040278 10 0.001965 0.742969 0.739583 0.101562 0.259722 0 0.001611 0.99375 0.54375 0.0125 0.068056 2 0.001394 0.826562 0.44375 0.029687 0.056944 1 0.001346 0.301172 0.445139 0.024219 0.0625 12 0.001255 0.035156 0.634028 0.070312 0.176389 2 0.001188 0.921094 0.581944 0.04375 0.080556 0 0.001138 0.860938 0.525 0.023438 0.058333 2 0.001099 0.891016 0.752083 0.030469 0.065278 2 0.001008 0.559375 0.292361 0.023438 0.054167 11 0.001 0.028906 0.657639 0.057813 0.129167 1 0.00094 0.994141 0.463194 0.011719 0.059722 2 0.000933 0.466406 0.211806 0.0125 0.0375 2 0.000933 0.141797 0.661806 0.046094 0.073611 12 0.000785 0.742188 0.840972 0.115625 0.273611 2 0.000755 0.374609 0.272917 0.019531 0.045833 4 0.00075 0.745313 0.76875 0.114062 0.223611 10 0.000744 0.991406 0.591667 0.017188 0.208333 3 0.000727 0.01875 0.584722 0.0375 0.075 2 0.000727 0.238281 0.573611 0.026562 0.072222 1 0.000712 0.9875 0.546528 0.023438 0.059722 3 0.000664 0.99375 0.574306 0.0125 0.101389 1 0.000617 0.563672 0.949306 0.050781 0.101389 2 0.000591 0.293359 0.425 0.033594 0.066667 10 0.000577 0.695703 0.910417 0.197656 0.179167 4 0.000559 0.728125 0.8125 0.071875 0.127778 2 0.00054 0.976172 0.619444 0.025781 0.075 2 0.000527 0.995313 0.527083 0.009375 0.090278 1 0.000509 0.880078 0.53125 0.024219 0.070833
CCTV02^20260511-140000-20260511-142440_002437,2 0.70752 0.664453 0.41875 0.025781 0.054167 2 0.686035 0.525391 0.280556 0.016406 0.033333 2 0.625977 0.623047 0.356944 0.024219 0.047222 2 0.616699 0.703516 0.493056 0.032031 0.066667 2 0.604004 0.691797 0.41875 0.024219 0.051389 2 0.57373 0.741797 0.480556 0.035156 0.063889 2 0.457031 0.924219 0.655556 0.051562 0.091667 4 0.397949 0.504687 0.322917 0.029687 0.056944 10 0.390381 0.569922 0.465972 0.072656 0.181944 2 0.375732 0.510156 0.25625 0.015625 0.034722 2 0.37207 0.975 0.768056 0.048438 0.111111 0 0.348633 0.946094 0.820833 0.053125 0.111111 0 0.275146 0.273047 0.49375 0.027344 0.065278 0 0.259766 0.801953 0.506944 0.025781 0.072222 2 0.2323 0.35 0.347917 0.01875 0.059722 2 0.223999 0.357422 0.315972 0.021094 0.054167 2 0.210815 0.801953 0.507639 0.025781 0.073611 2 0.20813 0.857031 0.540972 0.0375 0.073611 10 0.139893 0.325781 0.256944 0.03125 0.075 2 0.082397 0.273438 0.494444 0.028125 0.069444 2 0.067322 0.7625 0.451389 0.03125 0.058333 2 0.049591 0.401562 0.232639 0.020313 0.043056 10 0.037323 0.032422 0.658333 0.064844 0.138889 2 0.033966 0.975781 0.934028 0.048438 0.118056 3 0.03067 0.505469 0.31875 0.028125 0.054167 2 0.030106 0.979297 0.685417 0.041406 0.098611 2 0.02272 0.292969 0.408333 0.034375 0.058333 10 0.020721 0.401562 0.232639 0.020313 0.043056 2 0.019196 0.469531 0.266667 0.023438 0.038889 4 0.015671 0.469531 0.265972 0.023438 0.040278 10 0.012383 0.990625 0.645833 0.01875 0.158333 1 0.009483 0.975781 0.936111 0.046875 0.122222 3 0.008919 0.46875 0.264583 0.025 0.045833 2 0.008781 0.514453 0.265278 0.022656 0.036111 2 0.008064 0.449219 0.213889 0.0125 0.027778 3 0.007755 0.317969 0.311806 0.021875 0.040278 4 0.007065 0.975 0.934028 0.048438 0.120833 1 0.006691 0.365234 0.217361 0.011719 0.0375 2 0.006538 0.237891 0.570833 0.025781 0.069444 2 0.006413 0.991797 0.619444 0.016406 0.091667 2 0.00634 0.142187 0.661111 0.046875 0.075 0 0.006191 0.976172 0.934028 0.047656 0.115278 3 0.005489 0.990625 0.891667 0.01875 0.15 2 0.004906 0.487891 0.221528 0.017969 0.031944 2 0.003443 0.917578 0.579861 0.041406 0.084722 2 0.003027 0.685156 0.420833 0.025 0.055556 2 0.002913 0.464062 0.218056 0.014063 0.033333 2 0.002602 0.994141 0.743056 0.011719 0.119444 2 0.002378 0.506641 0.315972 0.028906 0.048611 2 0.002359 0.318359 0.3125 0.022656 0.038889 3 0.002234 0.435937 0.222222 0.014063 0.027778 2 0.001972 0.994531 0.868056 0.010937 0.1 2 0.001796 0.342187 0.333333 0.021875 0.052778 2 0.001611 0.757422 0.459722 0.032031 0.055556 2 0.001611 0.991797 0.795139 0.016406 0.0875 2 0.001561 0.627344 0.358333 0.0375 0.061111 12 0.001467 0.039453 0.636806 0.078906 0.170833 2 0.00145 0.614453 0.361111 0.039844 0.055556 2 0.001421 0.825391 0.444444 0.030469 0.058333 11 0.001265 0.029297 0.658333 0.058594 0.127778 2 0.001235 0.994922 0.547917 0.010156 0.068056 3 0.001206 0.432812 0.218056 0.015625 0.027778 12 0.001053 0.975781 0.936806 0.046875 0.118056 11 0.000817 0.989453 0.847917 0.021094 0.2375 12 0.000724 0.895312 0.03125 0.051562 0.0625 12 0.00069 0.022266 0.627083 0.044531 0.190278 2 0.000685 0.355078 0.348611 0.028906 0.080556 12 0.000568 0.963672 0.998611 0.072656 0.002778 2 0.000551 0.527734 0.290278 0.022656 0.052778 3 0.000532 0.336719 0.1375 0.014063 0.025 12 0.00053 0.943359 0.93125 0.111719 0.1375 0 0.000515 0.279297 0.507639 0.033594 0.076389
CCTV02^20260511-140000-20260511-142440_002441,7 0.79834 0.427734 0.300694 0.028906 0.0625 5 0.757812 0.633984 0.563889 0.050781 0.116667 2 0.723145 0.257031 0.732639 0.04375 0.098611 2 0.704102 0.959375 0.781944 0.05625 0.108333 2 0.6875 0.680078 0.5 0.032031 0.063889 2 0.679199 0.297656 0.495833 0.026562 0.063889 3 0.647949 0.553906 0.495139 0.034375 0.073611 1 0.645996 0.548828 0.318056 0.014844 0.047222 2 0.645996 0.799219 0.527083 0.029687 0.0625 2 0.637207 0.604297 0.353472 0.025781 0.045833 2 0.596191 0.675781 0.398611 0.025 0.05 2 0.57959 0.755859 0.553472 0.039844 0.079167 2 0.542969 0.908594 0.674306 0.051562 0.095833 2 0.517578 0.707422 0.459028 0.033594 0.059722 2 0.44165 0.374609 0.26875 0.016406 0.043056 2 0.414795 0.676562 0.454167 0.026562 0.047222 2 0.273682 0.48125 0.2375 0.014063 0.030556 3 0.256836 0.671875 0.800694 0.071875 0.131944 2 0.236572 0.467187 0.245139 0.015625 0.034722 2 0.17334 0.764062 0.45625 0.029687 0.054167 10 0.149048 0.325781 0.25625 0.029687 0.076389 2 0.061646 0.873437 0.515278 0.028125 0.069444 2 0.044861 0.979297 0.684028 0.041406 0.090278 3 0.032104 0.994922 0.920139 0.010156 0.148611 2 0.028336 0.239063 0.561806 0.025 0.056944 2 0.024994 0.516797 0.245833 0.016406 0.036111 1 0.020889 0.543359 0.316667 0.027344 0.05 1 0.019714 0.552734 0.31875 0.027344 0.054167 10 0.018341 0.032031 0.656944 0.064062 0.141667 2 0.016724 0.493359 0.225694 0.011719 0.023611 2 0.01622 0.691406 0.418056 0.017188 0.036111 4 0.015305 0.553906 0.497222 0.032813 0.072222 2 0.015015 0.995313 0.929861 0.009375 0.120833 3 0.013428 0.989453 0.916667 0.021094 0.166667 2 0.012726 0.479687 0.246528 0.015625 0.0375 2 0.010986 0.141016 0.658333 0.049219 0.083333 3 0.00956 0.680469 0.932639 0.071875 0.106944 10 0.009521 0.991016 0.643056 0.017969 0.147222 3 0.008415 0.317969 0.311806 0.021875 0.040278 2 0.008255 0.995313 0.752778 0.009375 0.102778 2 0.006615 0.791797 0.474306 0.024219 0.054167 2 0.006264 0.31875 0.311806 0.023438 0.040278 2 0.004829 0.296094 0.36875 0.0375 0.070833 2 0.003664 0.493359 0.220139 0.013281 0.029167 2 0.002924 0.991797 0.619444 0.016406 0.091667 2 0.002602 0.303516 0.496528 0.042969 0.084722 1 0.002306 0.994141 0.73125 0.011719 0.076389 2 0.00214 0.43125 0.340972 0.026562 0.0625 2 0.00198 0.990625 0.731944 0.01875 0.072222 2 0.001796 0.299219 0.521528 0.026562 0.065278 2 0.001513 0.429297 0.321528 0.028906 0.081944 2 0.001461 0.876172 0.752083 0.050781 0.0875 2 0.001416 0.236328 0.577083 0.032031 0.0875 2 0.001202 0.695703 0.408333 0.021094 0.047222 2 0.0009 0.608594 0.352083 0.039062 0.059722 12 0.000817 0.671484 0.784722 0.074219 0.169444 0 0.000773 0.996094 0.551389 0.007812 0.052778 12 0.000767 0.039453 0.634722 0.078906 0.177778 2 0.000744 0.376172 0.201389 0.017969 0.033333 2 0.000735 0.990625 0.859722 0.01875 0.280556 10 0.000727 0.990625 0.882639 0.01875 0.234722 1 0.000682 0.43125 0.35625 0.028125 0.056944 10 0.000612 0.985938 0.907639 0.028125 0.184722 11 0.000542 0.029297 0.657639 0.058594 0.129167 3 0.000504 0.465625 0.047917 0.090625 0.095833
CCTV02^20260511-140000-20260511-142440_002445,2 0.660156 0.366406 0.370139 0.023438 0.056944 2 0.631836 0.723437 0.513194 0.032813 0.065278 2 0.598145 0.553516 0.291667 0.019531 0.038889 2 0.586914 0.679297 0.434722 0.027344 0.052778 2 0.577637 0.266406 0.559028 0.026562 0.065278 2 0.563965 0.577734 0.327083 0.021094 0.045833 2 0.529297 0.704688 0.456944 0.028125 0.055556 2 0.525391 0.807813 0.531944 0.028125 0.061111 2 0.480469 0.508984 0.26875 0.017969 0.043056 2 0.476562 0.896094 0.686806 0.048438 0.0875 10 0.44751 0.415234 0.267361 0.038281 0.090278 9 0.413086 0.438672 0.503472 0.044531 0.106944 2 0.348633 0.729297 0.452778 0.025781 0.052778 2 0.343262 0.676172 0.395139 0.024219 0.043056 7 0.250977 0.438672 0.503472 0.044531 0.106944 12 0.2323 0.438672 0.502778 0.046094 0.105556 2 0.193115 0.852734 0.540278 0.024219 0.066667 10 0.176636 0.326562 0.258333 0.032813 0.075 2 0.151001 0.35625 0.226389 0.014063 0.036111 1 0.137573 0.989453 0.908333 0.021094 0.141667 9 0.110474 0.520312 0.351389 0.045312 0.105556 2 0.07666 0.239063 0.565972 0.025 0.065278 2 0.073425 0.770703 0.583333 0.035156 0.077778 2 0.06076 0.678125 0.407639 0.025 0.051389 1 0.051666 0.912891 0.820139 0.050781 0.109722 2 0.049957 0.952344 0.7 0.048438 0.088889 2 0.047089 0.808984 0.473611 0.022656 0.055556 1 0.036621 0.981641 0.916667 0.036719 0.138889 2 0.031021 0.719922 0.454861 0.038281 0.056944 2 0.02887 0.773047 0.452083 0.030469 0.054167 10 0.024338 0.029297 0.652778 0.058594 0.141667 0 0.022629 0.912891 0.81875 0.055469 0.109722 2 0.019501 0.479297 0.244444 0.021094 0.041667 2 0.014839 0.139844 0.661806 0.046875 0.079167 0 0.014671 0.989453 0.884722 0.021094 0.138889 2 0.014175 0.992969 0.884028 0.014063 0.1375 3 0.008575 0.479297 0.242361 0.021094 0.040278 3 0.008217 0.317969 0.311806 0.021875 0.040278 2 0.005913 0.5125 0.26875 0.028125 0.051389 1 0.005798 0.701953 0.468056 0.027344 0.072222 2 0.00502 0.318359 0.3125 0.022656 0.038889 2 0.004681 0.994922 0.735417 0.010156 0.095833 11 0.003565 0.028906 0.654167 0.05625 0.127778 4 0.003185 0.949219 0.699306 0.057813 0.093056 2 0.002846 0.296094 0.36875 0.039062 0.079167 2 0.002083 0.992578 0.619444 0.014844 0.086111 2 0.00202 0.89375 0.597917 0.040625 0.070833 11 0.0017 0.965625 0.514583 0.067187 0.1125 2 0.001585 0.41875 0.306944 0.03125 0.066667 12 0.001567 0.023438 0.617361 0.046875 0.206944 1 0.001561 0.694922 0.473611 0.027344 0.072222 10 0.001444 0.991797 0.647917 0.016406 0.151389 2 0.001416 0.996094 0.848611 0.007812 0.119444 2 0.001138 0.990625 0.726389 0.01875 0.091667 2 0.001065 0.755078 0.460417 0.030469 0.0625 12 0.000997 0.961719 0.998611 0.076563 0.002778 2 0.000811 0.466406 0.209028 0.010937 0.023611 2 0.000804 0.275781 0.558333 0.0375 0.080556 0 0.000646 0.275391 0.567361 0.033594 0.076389 5 0.000641 0.318359 0.3125 0.022656 0.038889 2 0.000627 0.830469 0.645833 0.040625 0.088889 2 0.000597 0.580469 0.336806 0.029687 0.065278 2 0.000542 0.573047 0.297222 0.014844 0.036111 3 0.000536 0.846094 0.934722 0.090625 0.130556
CCTV02^20260511-140000-20260511-142440_002449,2 0.730957 0.681641 0.46875 0.027344 0.0625 2 0.720215 0.639062 0.386111 0.028125 0.052778 2 0.689453 0.707031 0.460417 0.032813 0.0625 2 0.686035 0.329688 0.458333 0.026562 0.066667 3 0.629883 0.577344 0.439583 0.039062 0.0625 3 0.607422 0.406641 0.3125 0.022656 0.038889 2 0.57373 0.950781 0.70625 0.05625 0.084722 3 0.552734 0.553516 0.357639 0.033594 0.051389 4 0.550781 0.703125 0.549306 0.057813 0.090278 1 0.542969 0.647266 0.486806 0.019531 0.0625 2 0.498047 0.954688 0.831944 0.0625 0.116667 2 0.46875 0.751953 0.536806 0.033594 0.056944 2 0.466797 0.75 0.469444 0.03125 0.055556 2 0.420654 0.286719 0.495833 0.0375 0.066667 2 0.279785 0.772656 0.525 0.028125 0.058333 2 0.26123 0.871484 0.532639 0.025781 0.070833 2 0.141235 0.791797 0.486806 0.021094 0.054167 2 0.111633 0.791797 0.583333 0.041406 0.077778 1 0.084167 0.806641 0.540972 0.017969 0.045833 2 0.081787 0.928125 0.659722 0.040625 0.080556 2 0.068787 0.562109 0.332639 0.021094 0.0375 10 0.059662 0.325391 0.258333 0.032031 0.072222 2 0.044861 0.239453 0.571528 0.027344 0.068056 2 0.04303 0.855469 0.458333 0.025 0.055556 2 0.016724 0.921484 0.584722 0.041406 0.077778 10 0.010529 0.029687 0.652778 0.059375 0.15 10 0.010132 0.989453 0.64375 0.021094 0.168056 2 0.007935 0.991797 0.622222 0.016406 0.088889 2 0.007725 0.982031 0.683333 0.035937 0.097222 1 0.007576 0.835547 0.504861 0.016406 0.048611 2 0.007519 0.898047 0.545139 0.030469 0.0625 2 0.007233 0.318359 0.3125 0.024219 0.041667 2 0.006462 0.994141 0.723611 0.011719 0.086111 3 0.006073 0.317578 0.311806 0.022656 0.040278 3 0.005386 0.409375 0.314583 0.03125 0.051389 2 0.00502 0.801953 0.570833 0.025781 0.072222 2 0.00378 0.889062 0.540278 0.029687 0.063889 1 0.003565 0.828516 0.968056 0.055469 0.063889 2 0.002472 0.376953 0.201389 0.016406 0.030556 1 0.002075 0.961719 0.885417 0.0375 0.090278 2 0.001926 0.294531 0.373611 0.035937 0.055556 12 0.001623 0.032031 0.630556 0.064062 0.186111 0 0.001536 0.995313 0.554167 0.009375 0.061111 2 0.001525 0.558984 0.342361 0.024219 0.051389 2 0.00149 0.985938 0.520833 0.028125 0.063889 2 0.001389 0.644531 0.386806 0.040625 0.068056 12 0.000962 0.953516 0.998611 0.092969 0.002778 2 0.000911 0.343359 0.229167 0.019531 0.033333 2 0.000883 0.995313 0.750694 0.009375 0.070833 2 0.000856 0.830859 0.970833 0.060156 0.058333 10 0.000843 0.990625 0.586806 0.01875 0.223611 10 0.000817 0.990234 0.870139 0.019531 0.259722 2 0.000741 0.995313 0.547222 0.009375 0.066667 2 0.000732 0.766797 0.513889 0.028906 0.061111 3 0.000646 0.995313 0.91875 0.009375 0.159722 3 0.000596 0.987891 0.91875 0.024219 0.1625 11 0.000591 0.028906 0.654167 0.057813 0.138889 2 0.000566 0.994922 0.595833 0.010156 0.127778
CCTV02^20260511-140000-20260511-142440_002453,2 0.759277 0.116016 0.736111 0.049219 0.086111 2 0.744629 0.328906 0.569444 0.029687 0.072222 2 0.658203 0.899219 0.679861 0.04375 0.084722 2 0.638672 0.704688 0.435417 0.029687 0.056944 3 0.620605 0.033203 0.743056 0.066406 0.088889 2 0.611328 0.892578 0.754861 0.047656 0.104167 2 0.565918 0.861719 0.534722 0.03125 0.069444 10 0.53125 0.427734 0.276389 0.036719 0.083333 3 0.523438 0.780078 0.658333 0.088281 0.097222 2 0.46875 0.987109 0.800694 0.025781 0.120833 2 0.394287 0.357812 0.320833 0.017188 0.047222 2 0.327637 0.976953 0.685417 0.046094 0.095833 10 0.151978 0.324609 0.257639 0.028906 0.073611 9 0.134277 0.485938 0.286806 0.028125 0.065278 2 0.112 0.378906 0.251389 0.017188 0.041667 9 0.097412 0.580859 0.490278 0.074219 0.166667 11 0.07135 0.58125 0.490278 0.075 0.172222 1 0.069275 0.516406 0.286806 0.0125 0.043056 2 0.06189 0.239453 0.568056 0.025781 0.066667 2 0.049225 0.854297 0.661111 0.032031 0.072222 2 0.044189 0.478516 0.239583 0.014844 0.029167 2 0.04068 0.791797 0.53125 0.036719 0.059722 2 0.033203 0.921875 0.634722 0.032813 0.077778 2 0.030106 0.593359 0.580556 0.046094 0.108333 2 0.024521 0.813281 0.482639 0.021875 0.048611 2 0.015717 0.796875 0.440972 0.025 0.051389 2 0.012627 0.797266 0.544444 0.046094 0.058333 2 0.011642 0.990625 0.641667 0.01875 0.127778 10 0.010651 0.033984 0.653472 0.067969 0.131944 2 0.009895 0.485938 0.217361 0.014063 0.026389 4 0.007843 0.033203 0.745139 0.066406 0.104167 7 0.007038 0.485547 0.285417 0.027344 0.0625 2 0.007038 0.894922 0.54375 0.024219 0.059722 1 0.006931 0.108594 0.925694 0.04375 0.123611 10 0.006145 0.988281 0.842361 0.023438 0.273611 3 0.005959 0.987109 0.926389 0.025781 0.147222 2 0.004925 0.99375 0.752083 0.0125 0.106944 10 0.004791 0.033203 0.755556 0.066406 0.138889 1 0.00452 0.995313 0.543056 0.009375 0.058333 2 0.004349 0.921484 0.652778 0.025781 0.063889 1 0.0042 0.123828 0.927778 0.075781 0.133333 2 0.004166 0.319141 0.313889 0.024219 0.041667 0 0.00399 0.379688 0.25625 0.01875 0.054167 3 0.003885 0.318359 0.3125 0.022656 0.041667 3 0.003855 0.991797 0.938194 0.016406 0.123611 3 0.003765 0.011328 0.720139 0.022656 0.095833 2 0.002705 0.986719 0.622917 0.025 0.098611 11 0.002653 0.989453 0.605556 0.021094 0.211111 2 0.002602 0.294922 0.372222 0.036719 0.072222 2 0.00259 0.773047 0.485417 0.036719 0.054167 2 0.002481 0.801953 0.584722 0.035156 0.063889 2 0.002378 0.766016 0.449306 0.030469 0.051389 4 0.002369 0.775391 0.4875 0.041406 0.058333 9 0.002279 0.985938 0.817361 0.028125 0.145833 2 0.002132 0.482422 0.228472 0.016406 0.026389 10 0.001972 0.989453 0.590972 0.021094 0.209722 1 0.001957 0.774219 0.486806 0.039062 0.056944 0 0.001942 0.867188 0.472917 0.040625 0.0625 2 0.001912 0.773047 0.470833 0.030469 0.052778 2 0.001897 0.866797 0.474306 0.039844 0.0625 12 0.001875 0.580859 0.497222 0.074219 0.183333 9 0.001585 0.776563 0.488194 0.042188 0.0625 2 0.001585 0.992969 0.711111 0.014063 0.066667 2 0.001478 0.142578 0.659028 0.041406 0.068056 1 0.001315 0.338672 0.620139 0.019531 0.054167 1 0.001285 0.330469 0.358333 0.010937 0.047222 2 0.00126 0.841016 0.652083 0.058594 0.118056 2 0.001245 0.825781 0.441667 0.029687 0.055556 3 0.001161 0.995703 0.536111 0.008594 0.069444 11 0.001143 0.016406 0.705556 0.032813 0.191667 10 0.001099 0.984766 0.907639 0.030469 0.184722 10 0.001008 0.005859 0.680556 0.011719 0.138889 1 0.000849 0.770703 0.465972 0.030469 0.054167 2 0.000811 0.397656 0.242361 0.015625 0.040278 3 0.000792 0.992969 0.597222 0.014063 0.138889 2 0.000779 0.326953 0.329861 0.014844 0.054167 10 0.000779 0.294141 0.372222 0.036719 0.069444 10 0.000779 0.988281 0.630556 0.023438 0.111111 10 0.000767 0.980469 0.839583 0.039062 0.320833 4 0.000672 0.481641 0.283333 0.033594 0.069444 2 0.000672 0.741797 0.413194 0.030469 0.045833 2 0.000651 0.958203 0.61875 0.046094 0.081944 2 0.000641 0.732812 0.402083 0.023438 0.034722 2 0.000641 0.773047 0.935417 0.107031 0.129167 11 0.000621 0.030859 0.649306 0.061719 0.118056 2 0.000617 0.78125 0.497917 0.042188 0.068056 2 0.000593 0.469922 0.211111 0.014844 0.027778 1 0.000593 0.566016 0.769444 0.024219 0.075 2 0.000546 0.990625 0.69375 0.01875 0.198611 3 0.000501 0.994922 0.911806 0.010156 0.176389
CCTV02^20260511-140000-20260511-142440_002457,2 0.750488 0.019141 0.871528 0.038281 0.1125 3 0.71875 0.370703 0.465972 0.032031 0.059722 2 0.702637 0.332813 0.548611 0.029687 0.072222 2 0.644043 0.705859 0.433333 0.025781 0.052778 7 0.644043 0.392578 0.614583 0.057031 0.129167 2 0.611328 0.578125 0.329861 0.020313 0.051389 2 0.607422 0.527734 0.2875 0.019531 0.044444 2 0.59082 0.860938 0.534028 0.032813 0.073611 2 0.577637 0.963672 0.802083 0.055469 0.120833 2 0.567871 0.389844 0.304861 0.01875 0.045833 7 0.519531 0.452734 0.552083 0.038281 0.098611 10 0.494141 0.649609 0.404167 0.074219 0.122222 2 0.320801 0.898438 0.7625 0.045312 0.1 2 0.29248 0.419922 0.270833 0.019531 0.036111 9 0.29248 0.453125 0.552778 0.0375 0.102778 2 0.226807 0.910937 0.643056 0.051562 0.094444 2 0.162354 0.774219 0.466667 0.025 0.055556 9 0.154053 0.392188 0.616667 0.059375 0.133333 0 0.121704 0.774219 0.6375 0.029687 0.077778 10 0.110107 0.325781 0.257639 0.029687 0.073611 2 0.081787 0.975 0.681944 0.05 0.102778 2 0.076111 0.503906 0.234722 0.015625 0.033333 9 0.071594 0.398828 0.220139 0.021094 0.045833 10 0.069275 0.031641 0.659028 0.063281 0.143056 2 0.044525 0.239063 0.567361 0.026562 0.068056 3 0.024994 0.985938 0.904167 0.028125 0.191667 2 0.022888 0.992578 0.724306 0.014844 0.059722 3 0.019943 0.989453 0.934028 0.021094 0.129167 1 0.014954 0.991797 0.729167 0.016406 0.072222 2 0.013275 0.990234 0.645139 0.019531 0.134722 1 0.009087 0.306641 0.429167 0.021094 0.063889 2 0.008446 0.303125 0.423611 0.025 0.061111 11 0.006027 0.030469 0.659722 0.060937 0.133333 1 0.005821 0.994922 0.540278 0.010156 0.077778 3 0.00518 0.317969 0.311111 0.021875 0.038889 1 0.004963 0.773828 0.632639 0.030469 0.081944 2 0.004608 0.770703 0.492361 0.030469 0.068056 2 0.004593 0.989453 0.736806 0.021094 0.095833 2 0.004005 0.854688 0.456944 0.026562 0.055556 2 0.003809 0.738281 0.386111 0.029687 0.05 0 0.003538 0.958594 0.849306 0.057813 0.123611 3 0.003511 0.992969 0.9 0.014063 0.2 2 0.003483 0.846094 0.650694 0.0375 0.084722 2 0.003363 0.345703 0.200694 0.014844 0.034722 2 0.003223 0.687891 0.408333 0.014844 0.047222 2 0.003136 0.811328 0.451389 0.030469 0.061111 2 0.002632 0.31875 0.3125 0.021875 0.038889 10 0.00227 0.989062 0.880556 0.021875 0.238889 0 0.002234 0.994531 0.760417 0.010937 0.106944 12 0.00201 0.033594 0.638194 0.067187 0.170833 2 0.001889 0.141406 0.656944 0.053125 0.091667 1 0.001335 0.716797 0.509028 0.021094 0.048611 2 0.001325 0.399609 0.226389 0.022656 0.055556 10 0.001279 0.990625 0.767361 0.01875 0.251389 2 0.001274 0.995313 0.544444 0.009375 0.061111 2 0.001134 0.919922 0.565972 0.036719 0.079167 4 0.001124 0.854297 0.456944 0.027344 0.055556 2 0.001081 0.582812 0.330556 0.035937 0.063889 11 0.000955 0.990625 0.740972 0.01875 0.245833 0 0.00083 0.995313 0.8 0.009375 0.1 1 0.000826 0.896484 0.781944 0.044531 0.119444 2 0.000804 0.994141 0.595139 0.011719 0.143056 3 0.000762 0.041797 0.99375 0.082031 0.0125 10 0.000727 0.990625 0.590278 0.01875 0.225 7 0.000575 0.741016 0.817361 0.110156 0.154167 2 0.000555 0.989453 0.695139 0.021094 0.206944 11 0.000536 0.990234 0.613889 0.019531 0.225 2 0.000527 0.973437 0.519444 0.039062 0.091667 3 0.000504 0.004297 0.967361 0.008594 0.065278
CCTV02^20260511-140000-20260511-142440_002461,4 0.822266 0.403516 0.567361 0.041406 0.104167 2 0.78418 0.021875 0.873611 0.04375 0.113889 2 0.715332 0.357031 0.493056 0.026562 0.066667 2 0.712402 0.310156 0.499306 0.028125 0.065278 2 0.699219 0.273828 0.634722 0.046094 0.088889 2 0.662109 0.292578 0.822222 0.047656 0.113889 10 0.638672 0.708203 0.499306 0.083594 0.168056 2 0.496094 0.380469 0.258333 0.014063 0.033333 3 0.359375 0.516797 0.361111 0.027344 0.052778 2 0.297363 0.977344 0.683333 0.04375 0.097222 2 0.282959 0.363281 0.252083 0.014063 0.034722 2 0.281494 0.819531 0.547222 0.0375 0.061111 2 0.195557 0.683984 0.404861 0.022656 0.040278 2 0.184814 0.861328 0.535417 0.033594 0.070833 10 0.182373 0.325781 0.256944 0.029687 0.075 2 0.162964 0.416016 0.261111 0.019531 0.036111 7 0.161377 0.423047 0.315278 0.028906 0.072222 2 0.145142 0.783594 0.454167 0.039062 0.066667 2 0.137085 0.524219 0.26875 0.01875 0.040278 9 0.059418 0.423438 0.316667 0.028125 0.075 2 0.040375 0.954688 0.622222 0.04375 0.069444 2 0.037476 0.920312 0.584028 0.039062 0.076389 2 0.036346 0.826562 0.496528 0.023438 0.059722 10 0.029541 0.423438 0.313194 0.029687 0.068056 2 0.029541 0.238672 0.568056 0.024219 0.066667 3 0.020798 0.317969 0.311806 0.021875 0.0375 2 0.013794 0.976562 0.522917 0.045312 0.0625 2 0.010612 0.31875 0.3125 0.021875 0.038889 2 0.010529 0.994922 0.532639 0.010156 0.070833 1 0.009743 0.994922 0.7375 0.010156 0.086111 10 0.007786 0.033594 0.656944 0.067187 0.144444 2 0.007607 0.776563 0.447917 0.023438 0.056944 2 0.005428 0.851953 0.595139 0.030469 0.059722 1 0.003914 0.991016 0.729861 0.016406 0.070833 2 0.003456 0.895703 0.543056 0.027344 0.063889 3 0.003124 0.987891 0.895833 0.024219 0.208333 2 0.00279 0.519531 0.264583 0.021875 0.040278 2 0.002562 0.420312 0.290972 0.028125 0.081944 1 0.002512 0.851562 0.597222 0.03125 0.063889 2 0.002453 0.891016 0.752778 0.030469 0.066667 10 0.001803 0.476562 0.256944 0.042188 0.080556 2 0.001789 0.991797 0.648611 0.016406 0.136111 2 0.001714 0.294141 0.792361 0.041406 0.065278 10 0.001675 0.295703 0.371528 0.038281 0.070833 12 0.001675 0.053125 0.635417 0.10625 0.179167 2 0.001574 0.296094 0.370139 0.0375 0.073611 2 0.001531 0.815234 0.458333 0.025781 0.05 2 0.001525 0.521484 0.276389 0.021094 0.047222 3 0.001432 0.438672 0.227778 0.019531 0.038889 12 0.001389 0.401562 0.574306 0.042188 0.109722 10 0.001351 0.989453 0.634722 0.021094 0.125 2 0.001305 0.791797 0.476389 0.021094 0.052778 2 0.001255 0.426172 0.332639 0.028906 0.073611 2 0.001245 0.995313 0.549306 0.009375 0.068056 1 0.001107 0.317578 0.539583 0.021094 0.051389 3 0.00109 0.991797 0.929861 0.016406 0.140278 3 0.001057 0.365234 0.186806 0.014844 0.023611 10 0.000985 0.984375 0.905556 0.03125 0.188889 0 0.000922 0.402734 0.572222 0.032031 0.108333 2 0.000811 0.363281 0.256944 0.017188 0.052778 10 0.00075 0.990625 0.5875 0.01875 0.211111 4 0.000704 0.989062 0.626389 0.020313 0.102778 2 0.000597 0.851953 0.565972 0.032031 0.056944 2 0.000588 0.383984 0.221528 0.019531 0.040278 1 0.000588 0.995703 0.460417 0.008594 0.054167 2 0.000584 0.659766 0.396528 0.024219 0.054167 3 0.000579 0.016797 0.845833 0.033594 0.072222 2 0.000573 0.847266 0.58125 0.027344 0.059722 2 0.000548 0.855469 0.511806 0.029687 0.070833 11 0.000509 0.990625 0.607639 0.01875 0.198611
CCTV02^20260511-140000-20260511-142440_002465,2 0.766113 0.019922 0.873611 0.038281 0.111111 2 0.689453 0.609375 0.384028 0.025 0.051389 2 0.675781 0.369922 0.365972 0.021094 0.048611 4 0.663574 0.408594 0.745833 0.051562 0.130556 2 0.620605 0.403516 0.2875 0.016406 0.038889 10 0.608398 0.739453 0.568056 0.088281 0.202778 2 0.607422 0.922656 0.658333 0.04375 0.091667 2 0.588867 0.862109 0.536806 0.032031 0.070833 2 0.569824 0.388281 0.295139 0.015625 0.040278 6 0.533203 0.738281 0.568056 0.0875 0.205556 2 0.405518 0.705469 0.438194 0.029687 0.051389 1 0.394287 0.567187 0.366667 0.020313 0.052778 2 0.368408 0.369141 0.252778 0.013281 0.033333 2 0.348633 0.978125 0.684722 0.04375 0.094444 2 0.325928 0.775391 0.453472 0.027344 0.051389 7 0.255371 0.494531 0.306944 0.03125 0.069444 2 0.242188 0.387109 0.254167 0.014844 0.033333 10 0.222046 0.325391 0.256944 0.028906 0.072222 2 0.194336 0.920703 0.585417 0.039844 0.079167 2 0.143677 0.363672 0.215972 0.011719 0.029167 3 0.060974 0.457031 0.247917 0.01875 0.034722 2 0.058563 0.685547 0.409722 0.019531 0.041667 10 0.05542 0.652734 0.431944 0.069531 0.116667 7 0.054596 0.407422 0.745833 0.050781 0.130556 2 0.051086 0.898047 0.54375 0.028906 0.059722 9 0.046021 0.494531 0.306944 0.03125 0.069444 2 0.042389 0.239453 0.566667 0.025781 0.063889 2 0.039948 0.979297 0.856944 0.039844 0.127778 3 0.031738 0.317969 0.311806 0.021875 0.034722 2 0.031143 0.407813 0.747222 0.048438 0.127778 5 0.023773 0.982031 0.866667 0.035937 0.15 10 0.017105 0.030078 0.654861 0.060156 0.145833 2 0.014557 0.851953 0.469444 0.022656 0.061111 2 0.012383 0.139063 0.658333 0.05 0.086111 7 0.01017 0.992578 0.626389 0.014844 0.094444 2 0.010132 0.991797 0.631944 0.016406 0.111111 5 0.008446 0.990625 0.857639 0.01875 0.170833 7 0.007786 0.851953 0.466667 0.022656 0.061111 9 0.007095 0.65625 0.433333 0.067187 0.122222 10 0.007011 0.991797 0.639583 0.016406 0.1375 1 0.006363 0.995313 0.535417 0.009375 0.068056 2 0.005798 0.479687 0.222222 0.015625 0.033333 10 0.00573 0.508594 0.231944 0.034375 0.058333 4 0.005707 0.851953 0.468056 0.022656 0.061111 2 0.005642 0.339453 0.20625 0.010156 0.029167 10 0.005512 0.988281 0.844444 0.023438 0.311111 3 0.004925 0.664844 0.377083 0.025 0.031944 2 0.004925 0.993359 0.835417 0.013281 0.201389 2 0.004829 0.371875 0.263194 0.014063 0.043056 2 0.004417 0.665625 0.378472 0.023438 0.031944 9 0.004349 0.991406 0.631944 0.017188 0.122222 2 0.003651 0.995313 0.772222 0.009375 0.094444 1 0.002823 0.995313 0.745139 0.009375 0.095833 11 0.002768 0.028906 0.65625 0.057813 0.131944 1 0.002405 0.974609 0.898611 0.049219 0.141667 2 0.002306 0.964844 0.621528 0.039062 0.070833 3 0.0021 0.673828 0.935417 0.103906 0.129167 2 0.001995 0.388281 0.303472 0.020313 0.056944 2 0.001972 0.295703 0.369444 0.036719 0.069444 2 0.001839 0.342969 0.254167 0.010937 0.047222 4 0.001623 0.931641 0.518056 0.041406 0.066667 2 0.001611 0.458203 0.251389 0.021094 0.041667 2 0.001325 0.892188 0.753472 0.028125 0.065278 12 0.001211 0.961328 0.999306 0.077344 0.001389 2 0.001206 0.994922 0.529861 0.010156 0.065278 2 0.001156 0.989453 0.519444 0.021094 0.061111 12 0.001124 0.023438 0.614583 0.046875 0.218056 2 0.001065 0.494922 0.305556 0.030469 0.066667 1 0.000962 0.505469 0.347222 0.015625 0.047222 10 0.000926 0.990625 0.745139 0.01875 0.270833 7 0.000907 0.739844 0.811806 0.107813 0.1625 2 0.000897 0.990625 0.768056 0.01875 0.125 10 0.00088 0.979297 0.884722 0.041406 0.230556 11 0.000876 0.990625 0.604861 0.01875 0.190278 3 0.00083 0.994922 0.595833 0.010156 0.125 2 0.000762 0.372656 0.372222 0.029687 0.063889 1 0.000727 0.981641 0.536111 0.030469 0.069444 1 0.000721 0.98125 0.548611 0.023438 0.05 10 0.000688 0.991406 0.58125 0.017188 0.2125 2 0.000659 0.469141 0.215278 0.016406 0.027778 0 0.000629 0.853125 0.46875 0.028125 0.068056 9 0.000588 0.247656 0.496528 0.071875 0.093056 1 0.000586 0.995313 0.884722 0.009375 0.161111 2 0.000562 0.692187 0.425 0.028125 0.047222 2 0.000548 0.031641 0.656944 0.063281 0.141667 2 0.000536 0.885547 0.475694 0.035156 0.059722
CCTV02^20260511-140000-20260511-142440_002469,2 0.799316 0.019531 0.873611 0.0375 0.111111 3 0.792969 0.544531 0.472917 0.0375 0.084722 2 0.611328 0.862109 0.535417 0.032031 0.068056 2 0.567871 0.683984 0.411806 0.022656 0.048611 2 0.554688 0.922266 0.658333 0.041406 0.088889 0 0.476562 0.268359 0.646528 0.039844 0.101389 2 0.434082 0.981641 0.760417 0.036719 0.106944 2 0.399902 0.5375 0.305556 0.01875 0.038889 7 0.363037 0.518359 0.366667 0.032031 0.075 2 0.327637 0.663672 0.386806 0.024219 0.051389 2 0.309082 0.165234 0.920833 0.060156 0.113889 2 0.210815 0.566016 0.314583 0.016406 0.043056 10 0.210083 0.607422 0.417361 0.072656 0.148611 2 0.180054 0.377344 0.232639 0.015625 0.0375 9 0.167725 0.51875 0.366667 0.032813 0.075 4 0.138428 0.835547 0.473611 0.039844 0.069444 10 0.11554 0.325781 0.255556 0.029687 0.075 10 0.093018 0.03125 0.656944 0.060937 0.141667 2 0.058136 0.978125 0.677083 0.042188 0.076389 2 0.051453 0.578906 0.335417 0.01875 0.0375 3 0.036774 0.317578 0.310417 0.022656 0.0375 1 0.035675 0.992578 0.93125 0.014844 0.134722 2 0.032349 0.920703 0.584722 0.039844 0.077778 3 0.029984 0.988281 0.925 0.023438 0.125 2 0.024704 0.992578 0.619444 0.014844 0.083333 2 0.015839 0.238672 0.563194 0.024219 0.059722 1 0.015717 0.987109 0.925 0.025781 0.136111 1 0.015305 0.698047 0.442361 0.016406 0.043056 2 0.014282 0.140625 0.661111 0.05 0.083333 1 0.012825 0.717578 0.502083 0.022656 0.059722 10 0.011871 0.991406 0.641667 0.017188 0.133333 10 0.00885 0.477734 0.263194 0.042969 0.081944 0 0.007576 0.984766 0.78125 0.030469 0.1125 2 0.006145 0.318359 0.311806 0.022656 0.0375 1 0.004608 0.995313 0.535417 0.009375 0.059722 1 0.004539 0.989453 0.95 0.021094 0.097222 1 0.003824 0.686328 0.438194 0.024219 0.056944 4 0.003679 0.991406 0.627778 0.017188 0.102778 2 0.003403 0.970703 0.619444 0.028906 0.063889 2 0.003075 0.887891 0.750694 0.033594 0.068056 0 0.002981 0.995313 0.541667 0.009375 0.058333 6 0.002913 0.619531 0.363194 0.05 0.093056 7 0.002823 0.739844 0.815278 0.10625 0.155556 10 0.00226 0.979688 0.825 0.040625 0.280556 2 0.002003 0.994922 0.530556 0.010156 0.066667 2 0.001897 0.992578 0.660417 0.014844 0.120833 11 0.001861 0.982812 0.782639 0.034375 0.2125 10 0.00172 0.619141 0.360417 0.049219 0.098611 2 0.001611 0.896875 0.544444 0.028125 0.061111 2 0.001305 0.782422 0.447917 0.030469 0.059722 10 0.001274 0.29375 0.374306 0.035937 0.056944 2 0.001274 0.99375 0.702778 0.0125 0.105556 1 0.001081 0.980469 0.544444 0.028125 0.052778 2 0.001012 0.267188 0.631944 0.035937 0.080556 12 0.000955 0.041016 0.638889 0.082031 0.172222 2 0.00094 0.978906 0.619444 0.01875 0.063889 11 0.00094 0.990625 0.613194 0.01875 0.190278 12 0.000886 0.958984 0.999306 0.082031 0.001389 1 0.000718 0.165234 0.913194 0.060156 0.115278 2 0.000693 0.523047 0.347222 0.028906 0.066667 2 0.000669 0.533594 0.300694 0.026562 0.048611 2 0.000657 0.378516 0.240972 0.021094 0.051389 3 0.000629 0.994922 0.599306 0.010156 0.106944 2 0.000602 0.989453 0.879861 0.021094 0.240278 2 0.000548 0.295312 0.366667 0.039062 0.066667 2 0.000527 0.988281 0.716667 0.023438 0.255556
CCTV02^20260511-140000-20260511-142440_002473,3 0.769043 0.714063 0.547222 0.051562 0.075 2 0.760742 0.019922 0.874306 0.038281 0.109722 2 0.720215 0.271875 0.584028 0.035937 0.073611 2 0.694336 0.648828 0.454861 0.028906 0.056944 3 0.675781 0.402344 0.402083 0.026562 0.048611 2 0.660156 0.590625 0.370139 0.023438 0.051389 2 0.644043 0.723437 0.453472 0.034375 0.054167 3 0.492188 0.386328 0.324306 0.022656 0.043056 2 0.490234 0.922266 0.658333 0.041406 0.088889 2 0.482422 0.664453 0.3875 0.025781 0.05 1 0.462891 0.673438 0.477778 0.01875 0.052778 2 0.44165 0.524609 0.334028 0.019531 0.043056 2 0.430176 0.775391 0.544444 0.027344 0.066667 2 0.370117 0.777734 0.635417 0.039844 0.073611 1 0.324219 0.673828 0.508333 0.016406 0.044444 2 0.299072 0.304297 0.429167 0.022656 0.063889 2 0.286133 0.431641 0.327083 0.028906 0.059722 2 0.250977 0.977734 0.685417 0.042969 0.090278 2 0.240723 0.746484 0.495139 0.030469 0.059722 1 0.197388 0.4 0.353472 0.014063 0.0375 2 0.194336 0.495312 0.264583 0.015625 0.034722 2 0.185913 0.528906 0.303472 0.015625 0.031944 4 0.148071 0.431641 0.328472 0.028906 0.059722 2 0.145142 0.865234 0.533333 0.030469 0.063889 2 0.115967 0.837891 0.556944 0.036719 0.063889 0 0.095703 0.836719 0.555556 0.034375 0.061111 2 0.070557 0.355859 0.286111 0.016406 0.047222 2 0.057709 0.786719 0.522222 0.035937 0.058333 2 0.049591 0.238672 0.567361 0.024219 0.065278 10 0.040833 0.029687 0.655556 0.057813 0.144444 1 0.03067 0.669922 0.432639 0.016406 0.045833 0 0.029541 0.745703 0.498611 0.033594 0.066667 3 0.026657 0.827344 0.502083 0.034375 0.0625 3 0.025085 0.318359 0.310417 0.021094 0.0375 2 0.024796 0.805469 0.583333 0.025 0.058333 0 0.021454 0.307422 0.428472 0.030469 0.068056 3 0.02034 0.443359 0.233333 0.017969 0.033333 10 0.020172 0.325781 0.25625 0.029687 0.070833 4 0.018341 0.827734 0.502778 0.032031 0.063889 1 0.017105 0.994922 0.735417 0.010156 0.081944 2 0.016281 0.887891 0.598611 0.036719 0.069444 3 0.015778 0.466016 0.260417 0.021094 0.043056 2 0.013123 0.978125 0.522917 0.04375 0.0625 10 0.012871 0.990625 0.638194 0.01875 0.140278 2 0.011963 0.964063 0.622917 0.040625 0.068056 1 0.010529 0.605859 0.704167 0.024219 0.077778 2 0.010246 0.780859 0.532639 0.032031 0.070833 1 0.008644 0.671484 0.50625 0.025781 0.056944 2 0.008514 0.526953 0.317361 0.017969 0.0375 3 0.004665 0.990234 0.910417 0.019531 0.179167 3 0.004608 0.976562 0.525694 0.045312 0.065278 1 0.0042 0.990625 0.729167 0.017188 0.069444 2 0.004055 0.319141 0.3125 0.022656 0.038889 2 0.003901 0.916797 0.593056 0.041406 0.072222 2 0.003651 0.994922 0.534722 0.010156 0.066667 2 0.003593 0.526172 0.282639 0.016406 0.034722 2 0.003197 0.891016 0.752083 0.030469 0.065278 2 0.003172 0.798438 0.590278 0.032813 0.069444 2 0.0028 0.30625 0.452083 0.023438 0.0625 7 0.002632 0.741016 0.811111 0.108594 0.158333 2 0.002621 0.475 0.242361 0.0125 0.029167 1 0.002571 0.995703 0.752083 0.008594 0.0625 2 0.002415 0.851953 0.544444 0.025781 0.077778 1 0.002234 0.401562 0.4 0.025 0.052778 2 0.002035 0.511719 0.238194 0.014063 0.031944 2 0.001987 0.726953 0.404167 0.021094 0.036111 2 0.001987 0.805469 0.483333 0.025 0.052778 2 0.001755 0.486328 0.225694 0.011719 0.029167 4 0.0017 0.805469 0.484722 0.025 0.055556 2 0.001416 0.471875 0.259722 0.014063 0.038889 11 0.001206 0.990625 0.610417 0.01875 0.181944 2 0.001151 0.667969 0.398611 0.029687 0.061111 11 0.001143 0.028906 0.655556 0.05625 0.127778 2 0.001095 0.292969 0.375 0.032813 0.052778 2 0.00109 0.528125 0.33125 0.035937 0.059722 1 0.001057 0.619531 0.705556 0.053125 0.088889 3 0.001008 0.776563 0.453472 0.023438 0.043056 2 0.000997 0.665625 0.446528 0.01875 0.054167 10 0.000962 0.990625 0.5875 0.01875 0.202778 10 0.000955 0.983203 0.901389 0.033594 0.197222 2 0.000944 0.829688 0.511806 0.035937 0.079167 12 0.000883 0.0375 0.634722 0.075 0.180556 2 0.000863 0.995703 0.566667 0.008594 0.077778 2 0.00083 0.537891 0.304167 0.024219 0.041667 1 0.00083 0.716797 0.470833 0.036719 0.069444 2 0.000817 0.991797 0.621528 0.016406 0.1125 3 0.000735 0.432422 0.322917 0.033594 0.0625 3 0.00071 0.99375 0.929861 0.0125 0.140278 10 0.000693 0.989453 0.881944 0.021094 0.236111 9 0.000682 0.990234 0.627083 0.017969 0.118056 1 0.000638 0.665625 0.476389 0.029687 0.063889 9 0.00057 0.739453 0.811111 0.108594 0.166667 3 0.000548 0.469922 0.279861 0.019531 0.048611 1 0.000532 0.751172 0.529861 0.027344 0.054167 2 0.000517 0.995313 0.514583 0.009375 0.0625 2 0.000505 0.782422 0.6125 0.046094 0.108333
CCTV02^20260511-140000-20260511-142440_002476,9 0.806641 0.390234 0.522222 0.055469 0.122222 2 0.759277 0.684375 0.511111 0.03125 0.063889 2 0.756348 0.018359 0.872222 0.036719 0.111111 2 0.741699 0.346484 0.486111 0.025781 0.063889 2 0.726562 0.648828 0.465278 0.032031 0.058333 2 0.715332 0.285156 0.584722 0.034375 0.077778 3 0.65332 0.571094 0.576389 0.039062 0.080556 2 0.625977 0.635547 0.365278 0.021094 0.047222 2 0.59082 0.726953 0.459722 0.036719 0.061111 2 0.59082 0.090234 0.741667 0.069531 0.075 2 0.519531 0.95625 0.726389 0.053125 0.091667 2 0.5 0.510156 0.315972 0.01875 0.043056 2 0.498047 0.757031 0.605556 0.039062 0.111111 2 0.484375 0.359375 0.309028 0.015625 0.043056 2 0.482422 0.538672 0.33125 0.019531 0.043056 2 0.439697 0.860938 0.53125 0.029687 0.068056 3 0.432129 0.525 0.378472 0.028125 0.059722 2 0.414795 0.893359 0.695139 0.041406 0.073611 2 0.381104 0.320703 0.440972 0.021094 0.059722 2 0.379395 0.459766 0.447917 0.038281 0.093056 4 0.303955 0.459375 0.447917 0.0375 0.093056 4 0.217285 0.571094 0.577083 0.039062 0.084722 7 0.214722 0.590234 0.379861 0.032031 0.065278 0 0.205566 0.321094 0.439583 0.021875 0.059722 4 0.204346 0.590625 0.379861 0.03125 0.065278 2 0.187134 0.784766 0.464583 0.035156 0.059722 2 0.168335 0.741797 0.771528 0.036719 0.079167 4 0.162354 0.973437 0.938889 0.053125 0.111111 2 0.15918 0.542578 0.290278 0.021094 0.041667 2 0.120422 0.582422 0.3375 0.021094 0.036111 4 0.11084 0.826562 0.506944 0.029687 0.069444 10 0.082397 0.030469 0.654861 0.060937 0.126389 7 0.068298 0.826562 0.504861 0.03125 0.068056 2 0.062561 0.652734 0.427083 0.025781 0.051389 3 0.056244 0.978125 0.902778 0.04375 0.175 7 0.053406 0.973437 0.938194 0.053125 0.1125 2 0.044342 0.342578 0.315972 0.013281 0.048611 2 0.042389 0.645312 0.852778 0.060937 0.155556 2 0.041473 0.239063 0.565278 0.023438 0.063889 5 0.036621 0.645703 0.854861 0.060156 0.156944 3 0.031372 0.318359 0.311806 0.021094 0.034722 2 0.028763 0.590625 0.384028 0.03125 0.065278 11 0.028656 0.029297 0.655556 0.058594 0.122222 2 0.027481 0.319531 0.311806 0.021875 0.0375 2 0.026962 0.760547 0.580556 0.039844 0.069444 1 0.026764 0.474609 0.270139 0.013281 0.0375 9 0.024139 0.411719 0.270833 0.035937 0.086111 2 0.022293 0.981641 0.882639 0.036719 0.134722 1 0.020798 0.973437 0.938889 0.051562 0.108333 10 0.019867 0.410938 0.271528 0.0375 0.084722 0 0.019867 0.653125 0.429167 0.026562 0.05 2 0.019867 0.775391 0.472917 0.025781 0.056944 0 0.018829 0.973828 0.9375 0.052344 0.108333 10 0.018692 0.325391 0.254861 0.028906 0.070833 1 0.018051 0.994141 0.722917 0.011719 0.073611 2 0.017853 0.891016 0.609722 0.038281 0.080556 2 0.017517 0.816016 0.538194 0.027344 0.068056 2 0.013588 0.770312 0.480556 0.023438 0.052778 2 0.012291 0.989453 0.875 0.021094 0.130556 3 0.012054 0.646875 0.799306 0.059375 0.129167 2 0.010948 0.980469 0.686111 0.039062 0.097222 2 0.010452 0.957422 0.622917 0.050781 0.070833 3 0.009087 0.644922 0.846528 0.060156 0.151389 2 0.008881 0.484375 0.227083 0.01875 0.040278 2 0.008812 0.919922 0.584028 0.036719 0.073611 1 0.008743 0.995313 0.740278 0.009375 0.077778 2 0.008545 0.811719 0.561806 0.026562 0.076389 0 0.008545 0.978125 0.879167 0.042188 0.125 2 0.007843 0.805469 0.575 0.020313 0.058333 2 0.007488 0.755078 0.634722 0.036719 0.083333 2 0.007259 0.727734 0.786806 0.064844 0.106944 0 0.006744 0.651563 0.445833 0.029687 0.063889 2 0.006615 0.887109 0.734028 0.044531 0.095833 10 0.006512 0.991797 0.643056 0.016406 0.144444 2 0.006264 0.342187 0.329167 0.014063 0.044444 1 0.006191 0.092969 0.74375 0.05625 0.070833 2 0.00605 0.363672 0.309028 0.025781 0.051389 3 0.005428 0.942578 0.498611 0.058594 0.077778 2 0.005119 0.869141 0.713889 0.046094 0.080556 2 0.004433 0.994141 0.720139 0.011719 0.065278 2 0.004055 0.345313 0.307639 0.0125 0.0375 2 0.003223 0.992578 0.620833 0.014844 0.088889 0 0.003099 0.754687 0.636806 0.0375 0.084722 4 0.002846 0.980469 0.902778 0.039062 0.191667 2 0.002834 0.572266 0.297917 0.011719 0.034722 1 0.002571 0.805469 0.578472 0.023438 0.0625 5 0.001972 0.943359 0.498611 0.060156 0.080556 3 0.001926 0.984375 0.520139 0.03125 0.065278 2 0.0017 0.855859 0.607639 0.033594 0.076389 3 0.001467 0.760547 0.580556 0.039844 0.072222 11 0.001427 0.982812 0.899306 0.034375 0.198611 0 0.001356 0.804297 0.575694 0.021094 0.059722 10 0.0013 0.987109 0.861806 0.025781 0.276389 2 0.001269 0.983984 0.517361 0.032031 0.059722 1 0.001197 0.996094 0.545139 0.007812 0.059722 2 0.001197 0.881641 0.709028 0.033594 0.076389 4 0.001188 0.817187 0.531944 0.028125 0.063889 3 0.001161 0.316016 0.319444 0.019531 0.033333 0 0.001121 0.199609 0.654167 0.049219 0.097222 2 0.001107 0.996094 0.553472 0.007812 0.059722 2 0.001032 0.757031 0.395833 0.01875 0.025 2 0.001024 0.524219 0.363194 0.029687 0.054167 12 0.000993 0.979297 0.917361 0.041406 0.165278 2 0.000911 0.341016 0.306944 0.011719 0.036111 12 0.000843 0.023828 0.61875 0.047656 0.195833 1 0.000823 0.734766 0.491667 0.025781 0.058333 2 0.000804 0.811328 0.523611 0.032031 0.052778 2 0.000727 0.996094 0.847222 0.007812 0.136111 10 0.00068 0.294531 0.372222 0.035937 0.066667 10 0.000638 0.990625 0.589583 0.01875 0.215278 2 0.000627 0.776172 0.458333 0.030469 0.061111 2 0.000617 0.823828 0.505556 0.033594 0.063889 0 0.000612 0.8125 0.570833 0.032813 0.077778 1 0.000596 0.989844 0.731944 0.01875 0.094444 1 0.000573 0.995703 0.464583 0.008594 0.040278 0 0.000562 0.508594 0.320139 0.023438 0.054167 2 0.000544 0.542188 0.341667 0.025 0.058333 1 0.000524 0.755078 0.650694 0.038281 0.076389 3 0.000515 0.661719 0.932639 0.084375 0.131944 2 0.000505 0.295703 0.366667 0.038281 0.072222
CCTV02^20260511-140000-20260511-142440_002480,2 0.741699 0.019141 0.873611 0.036719 0.111111 2 0.673828 0.355469 0.374306 0.021875 0.048611 1 0.65332 0.403906 0.3375 0.015625 0.05 2 0.584961 0.371484 0.324306 0.017969 0.045833 2 0.494141 0.714063 0.467361 0.035937 0.056944 9 0.486328 0.798828 0.459028 0.052344 0.095833 2 0.455078 0.895703 0.751389 0.050781 0.102778 2 0.437744 0.702344 0.429167 0.028125 0.05 10 0.38501 0.303516 0.547917 0.061719 0.206944 2 0.250977 0.734766 0.456944 0.030469 0.052778 1 0.206909 0.693359 0.493056 0.021094 0.052778 2 0.181274 0.239453 0.563889 0.024219 0.061111 2 0.160767 0.773047 0.64375 0.039844 0.098611 0 0.123352 0.773047 0.643056 0.038281 0.102778 2 0.117554 0.982031 0.845833 0.035937 0.144444 2 0.102295 0.368359 0.221528 0.014844 0.034722 2 0.102295 0.978906 0.682639 0.040625 0.090278 10 0.072876 0.029297 0.657639 0.058594 0.131944 5 0.05899 0.978125 0.868056 0.04375 0.188889 10 0.057281 0.325781 0.257639 0.029687 0.070833 3 0.05481 0.979297 0.854167 0.041406 0.161111 4 0.049225 0.821875 0.545833 0.0375 0.077778 2 0.039185 0.765625 0.45625 0.023438 0.048611 4 0.035278 0.839063 0.650694 0.071875 0.118056 3 0.029984 0.317969 0.311806 0.021875 0.034722 1 0.027267 0.401953 0.341667 0.024219 0.063889 4 0.024994 0.978125 0.875694 0.04375 0.206944 2 0.022629 0.99375 0.734722 0.0125 0.077778 2 0.019714 0.694531 0.490972 0.01875 0.056944 2 0.017853 0.990625 0.827083 0.01875 0.118056 2 0.015305 0.878516 0.564583 0.032031 0.059722 10 0.013023 0.979688 0.876389 0.040625 0.244444 1 0.01297 0.992969 0.729861 0.014063 0.068056 9 0.011597 0.979297 0.881944 0.041406 0.233333 2 0.008614 0.840625 0.650694 0.067187 0.115278 10 0.006718 0.989453 0.631944 0.021094 0.144444 11 0.004868 0.029687 0.65625 0.057813 0.120833 2 0.003839 0.991797 0.621528 0.016406 0.0875 2 0.002823 0.780078 0.564583 0.033594 0.065278 2 0.002672 0.339062 0.203472 0.010937 0.023611 2 0.002306 0.338672 0.210417 0.010156 0.023611 2 0.00227 0.994922 0.755556 0.010156 0.1 2 0.002209 0.994141 0.529167 0.011719 0.063889 2 0.001853 0.31875 0.311111 0.021875 0.036111 2 0.001839 0.985938 0.520833 0.028125 0.061111 1 0.001531 0.995313 0.552083 0.009375 0.051389 1 0.001378 0.858984 0.529167 0.021094 0.05 2 0.001367 0.951172 0.698611 0.025781 0.066667 12 0.001335 0.030859 0.652083 0.061719 0.148611 2 0.001285 0.958594 0.622222 0.053125 0.075 1 0.001206 0.705078 0.492361 0.041406 0.068056 11 0.001134 0.980469 0.8875 0.039062 0.222222 1 0.00109 0.410938 0.340278 0.029687 0.066667 12 0.001037 0.022656 0.61875 0.045312 0.206944 9 0.001024 0.990625 0.628472 0.01875 0.104167 2 0.001 0.731641 0.477778 0.027344 0.063889 2 0.000962 0.473828 0.218056 0.014844 0.030556 7 0.000947 0.741406 0.807639 0.109375 0.156944 3 0.000894 0.314453 0.322222 0.019531 0.033333 9 0.00089 0.294531 0.373611 0.035937 0.063889 10 0.00089 0.294531 0.372917 0.034375 0.059722 3 0.000843 0.979297 0.522222 0.041406 0.061111 2 0.000843 0.821484 0.547222 0.038281 0.083333 1 0.000672 0.773438 0.64375 0.048438 0.106944 2 0.000602 0.364063 0.215972 0.01875 0.029167 2 0.000593 0.984375 0.702778 0.03125 0.086111 2 0.000575 0.023047 0.671528 0.046094 0.106944 2 0.000553 0.994922 0.597917 0.010156 0.120833 2 0.000519 0.357422 0.359028 0.021094 0.054167 12 0.000504 0.967969 0.857639 0.059375 0.268056
CCTV02^20260511-140000-20260511-142440_002484,2 0.788086 0.20625 0.904861 0.057813 0.126389 3 0.759277 0.536328 0.407639 0.028906 0.056944 3 0.754883 0.464844 0.44375 0.028125 0.054167 2 0.73584 0.019922 0.874306 0.038281 0.1125 2 0.600098 0.540234 0.297917 0.017969 0.040278 2 0.583008 0.310156 0.529861 0.028125 0.0625 3 0.525391 0.660937 0.465972 0.046875 0.079167 2 0.507812 0.711719 0.46875 0.0375 0.056944 2 0.472656 0.735938 0.461111 0.028125 0.058333 4 0.392334 0.776563 0.690278 0.048438 0.130556 2 0.334473 0.959766 0.726389 0.055469 0.091667 2 0.324219 0.764844 0.481944 0.023438 0.055556 9 0.218628 0.38125 0.202083 0.017188 0.045833 10 0.208862 0.435547 0.342361 0.038281 0.104167 2 0.162964 0.791797 0.505556 0.022656 0.061111 2 0.138916 0.880859 0.570139 0.035156 0.065278 2 0.12085 0.981641 0.786806 0.036719 0.104167 3 0.11438 0.317578 0.311806 0.022656 0.034722 2 0.104858 0.239063 0.568056 0.026562 0.069444 2 0.072876 0.343359 0.293056 0.016406 0.038889 10 0.071594 0.408984 0.245139 0.032031 0.070833 4 0.071594 0.660937 0.465972 0.046875 0.079167 10 0.034363 0.326172 0.255556 0.028906 0.069444 10 0.031494 0.029687 0.657639 0.057813 0.1375 0 0.017639 0.984375 0.795833 0.03125 0.111111 10 0.01738 0.323437 0.405556 0.053125 0.130556 2 0.0149 0.979297 0.678472 0.041406 0.090278 2 0.013954 0.921484 0.583333 0.036719 0.072222 2 0.013588 0.885938 0.586806 0.046875 0.098611 2 0.011162 0.808984 0.477083 0.025781 0.051389 4 0.007404 0.820703 0.5625 0.039844 0.083333 7 0.006985 0.776563 0.670833 0.045312 0.091667 2 0.006905 0.892969 0.613194 0.035937 0.084722 2 0.006538 0.857422 0.625694 0.041406 0.093056 4 0.006096 0.857422 0.620833 0.041406 0.091667 11 0.005039 0.028906 0.65625 0.05625 0.126389 2 0.004887 0.988281 0.525 0.023438 0.061111 10 0.004829 0.991797 0.645139 0.016406 0.154167 5 0.0047 0.881641 0.479861 0.060156 0.068056 2 0.003593 0.995703 0.536111 0.008594 0.058333 2 0.003456 0.992578 0.619444 0.014844 0.097222 3 0.003298 0.977344 0.522222 0.04375 0.061111 3 0.003027 0.987109 0.924306 0.025781 0.151389 2 0.002958 0.989453 0.786806 0.021094 0.123611 2 0.002726 0.980469 0.520139 0.039062 0.0625 3 0.002462 0.992969 0.929861 0.014063 0.140278 2 0.002434 0.996094 0.550694 0.007812 0.0625 4 0.002415 0.776563 0.663194 0.04375 0.076389 2 0.002075 0.473438 0.21875 0.014063 0.029167 2 0.001912 0.991797 0.926389 0.016406 0.147222 2 0.001897 0.030469 0.652778 0.060937 0.15 3 0.001478 0.434766 0.3125 0.030469 0.044444 1 0.001399 0.120313 0.70625 0.023438 0.059722 1 0.001367 0.65625 0.389583 0.015625 0.0375 1 0.001356 0.992578 0.925694 0.014844 0.148611 1 0.001325 0.860547 0.876389 0.044531 0.130556 12 0.001305 0.776563 0.6625 0.04375 0.077778 2 0.001285 0.958203 0.625694 0.050781 0.079167 10 0.001211 0.325 0.45625 0.053125 0.204167 4 0.001188 0.978125 0.522917 0.04375 0.059722 12 0.001161 0.023828 0.608333 0.047656 0.230556 3 0.001 0.777734 0.696528 0.046094 0.123611 2 0.000951 0.995313 0.759722 0.009375 0.136111 10 0.000811 0.984766 0.845139 0.030469 0.306944 1 0.000785 0.210547 0.574306 0.022656 0.059722 2 0.00077 0.992188 0.668056 0.015625 0.133333 2 0.000758 0.889844 0.755556 0.028125 0.063889 10 0.000724 0.983203 0.90625 0.033594 0.1875 12 0.000704 0.655859 0.627083 0.158594 0.229167 2 0.000677 0.820703 0.565972 0.041406 0.081944 2 0.000669 0.775781 0.929861 0.09375 0.1375 4 0.000636 0.771875 0.93125 0.1 0.134722 0 0.000612 0.820703 0.565972 0.041406 0.0875 10 0.000562 0.978125 0.807639 0.04375 0.384722 1 0.000548 0.979688 0.786806 0.0375 0.081944 2 0.000519 0.761328 0.505556 0.024219 0.080556 4 0.000515 0.798438 0.447222 0.04375 0.069444 2 0.000509 0.827734 0.518056 0.021094 0.047222
CCTV02^20260511-140000-20260511-142440_002488,2 0.786621 0.019922 0.872222 0.038281 0.111111 2 0.763672 0.6875 0.511806 0.025 0.0625 2 0.673828 0.085547 0.73125 0.067969 0.084722 2 0.642578 0.932813 0.828472 0.059375 0.118056 3 0.571777 0.419141 0.299306 0.021094 0.034722 2 0.539062 0.617969 0.347222 0.01875 0.044444 2 0.529297 0.286328 0.515972 0.025781 0.065278 2 0.517578 0.378516 0.319444 0.017969 0.044444 2 0.457031 0.716406 0.467361 0.0375 0.051389 4 0.445557 0.774609 0.697222 0.050781 0.125 2 0.413086 0.527344 0.284028 0.01875 0.0375 2 0.355713 0.753516 0.473611 0.030469 0.055556 2 0.309082 0.975781 0.682639 0.048438 0.098611 2 0.287842 0.913281 0.6375 0.046875 0.088889 2 0.243652 0.792969 0.488889 0.023438 0.052778 2 0.219971 0.721094 0.511806 0.0375 0.051389 3 0.111633 0.860156 0.694444 0.084375 0.105556 4 0.10968 0.733594 0.568056 0.04375 0.097222 2 0.102661 0.239063 0.565972 0.025 0.065278 9 0.097412 0.750391 0.55625 0.083594 0.106944 2 0.072632 0.992578 0.784028 0.014844 0.104167 7 0.059204 0.738281 0.564583 0.054688 0.101389 10 0.055603 0.029297 0.654167 0.057031 0.133333 10 0.040527 0.323437 0.405556 0.051562 0.127778 2 0.033325 0.834375 0.520139 0.029687 0.068056 4 0.029419 0.752344 0.556944 0.082812 0.113889 10 0.025955 0.325391 0.25625 0.030469 0.073611 2 0.022629 0.775391 0.454861 0.021094 0.048611 2 0.021118 0.505078 0.247917 0.014844 0.0375 3 0.016785 0.990625 0.785417 0.01875 0.129167 3 0.016464 0.976562 0.521528 0.045312 0.0625 2 0.012383 0.977734 0.521528 0.042969 0.0625 4 0.012291 0.990625 0.784722 0.01875 0.127778 3 0.01178 0.317578 0.311806 0.022656 0.031944 11 0.010857 0.028906 0.654167 0.05625 0.119444 2 0.010612 0.775391 0.700694 0.049219 0.129167 2 0.010452 0.878516 0.502778 0.032031 0.061111 4 0.010094 0.865625 0.691667 0.076563 0.108333 2 0.008743 0.991406 0.817361 0.017188 0.109722 1 0.008034 0.992969 0.747222 0.014063 0.108333 2 0.007065 0.994922 0.529167 0.010156 0.063889 3 0.006241 0.870703 0.472222 0.055469 0.063889 1 0.004738 0.995703 0.540972 0.008594 0.0625 2 0.00428 0.610938 0.361806 0.03125 0.054167 1 0.004265 0.722266 0.627778 0.030469 0.075 2 0.003376 0.362891 0.229861 0.014844 0.034722 2 0.003298 0.731641 0.565972 0.041406 0.093056 10 0.003136 0.990625 0.774306 0.01875 0.273611 2 0.002867 0.86875 0.697222 0.06875 0.108333 2 0.002834 0.995313 0.548611 0.009375 0.066667 9 0.002502 0.457813 0.239583 0.028125 0.056944 10 0.002369 0.327344 0.484028 0.046875 0.129167 4 0.002342 0.990625 0.625694 0.01875 0.095833 12 0.002342 0.023828 0.616667 0.047656 0.202778 1 0.00215 0.992969 0.715278 0.014063 0.061111 2 0.002083 0.334375 0.325694 0.01875 0.029167 3 0.001782 0.334766 0.325694 0.016406 0.031944 10 0.001782 0.991406 0.650694 0.017188 0.154167 1 0.00172 0.655078 0.390278 0.016406 0.038889 4 0.001649 0.966406 0.618056 0.048438 0.086111 2 0.001629 0.622656 0.347917 0.029687 0.056944 3 0.001383 0.649219 0.790972 0.092188 0.154167 2 0.001362 0.895703 0.545833 0.032031 0.063889 4 0.001356 0.879687 0.502083 0.034375 0.0625 12 0.001112 0.761328 0.695139 0.069531 0.1625 2 0.001044 0.617969 0.370139 0.021875 0.054167 1 0.001037 0.209766 0.573611 0.024219 0.055556 1 0.001017 0.716406 0.628472 0.025 0.059722 2 0.000985 0.206641 0.58125 0.022656 0.051389 10 0.000944 0.456641 0.239583 0.027344 0.056944 2 0.000823 0.725781 0.531944 0.035937 0.052778 0 0.000813 0.860938 0.686111 0.090625 0.127778 2 0.00077 0.766406 0.529861 0.04375 0.073611 3 0.000735 0.678516 0.929167 0.113281 0.141667 1 0.000688 0.99375 0.868056 0.0125 0.133333 10 0.000675 0.979688 0.852083 0.040625 0.295833 10 0.000664 0.988281 0.840972 0.023438 0.318056 3 0.000657 0.422656 0.30625 0.026562 0.054167 2 0.000657 0.711719 0.521528 0.028125 0.056944 2 0.000588 0.290625 0.375694 0.028125 0.048611 11 0.000584 0.990234 0.624306 0.019531 0.190278 3 0.000566 0.995313 0.500694 0.009375 0.084722 2 0.000566 0.776172 0.928472 0.091406 0.1375 3 0.000562 0.878516 0.501389 0.035156 0.061111 3 0.000551 0.630859 0.288889 0.021094 0.033333 2 0.000538 0.991797 0.618056 0.016406 0.088889 1 0.000536 0.995313 0.468056 0.009375 0.055556 2 0.000527 0.920312 0.584028 0.039062 0.076389 3 0.000524 0.736328 0.803472 0.099219 0.168056 2 0.000517 0.759375 0.510417 0.040625 0.045833
CCTV02^20260511-140000-20260511-142440_002492,3 0.810547 0.436719 0.454167 0.028125 0.052778 2 0.763672 0.021875 0.875 0.04375 0.113889 2 0.72168 0.281641 0.689583 0.039844 0.084722 2 0.715332 0.660547 0.477778 0.028906 0.058333 2 0.710449 0.6875 0.443056 0.023438 0.055556 2 0.700684 0.380859 0.391667 0.019531 0.05 2 0.658203 0.717969 0.473611 0.035937 0.063889 2 0.637207 0.360938 0.390278 0.01875 0.044444 2 0.615234 0.757031 0.556944 0.040625 0.077778 2 0.505859 0.884766 0.691667 0.038281 0.086111 12 0.476562 0.591016 0.650694 0.047656 0.1375 2 0.455078 0.936328 0.713194 0.044531 0.0875 9 0.453369 0.557031 0.502778 0.04375 0.127778 2 0.445557 0.525391 0.286806 0.016406 0.0375 2 0.422607 0.984375 0.735417 0.03125 0.101389 7 0.418701 0.590234 0.65 0.049219 0.133333 10 0.281494 0.600781 0.321528 0.0625 0.0875 10 0.24939 0.325781 0.479861 0.051562 0.143056 2 0.181274 0.926172 0.650694 0.041406 0.076389 2 0.162354 0.766016 0.459028 0.025781 0.051389 3 0.111267 0.317578 0.311806 0.022656 0.034722 10 0.081543 0.028906 0.656944 0.057813 0.136111 10 0.078918 0.322656 0.402778 0.051562 0.122222 2 0.072083 0.372656 0.276389 0.015625 0.041667 2 0.070068 0.239844 0.566667 0.025 0.063889 10 0.063049 0.325 0.25625 0.029687 0.070833 10 0.051086 0.655078 0.725694 0.088281 0.229167 11 0.050903 0.653906 0.688889 0.08125 0.102778 2 0.039185 0.989453 0.622917 0.021094 0.084722 10 0.032471 0.492969 0.275694 0.046875 0.0875 2 0.023865 0.893359 0.590278 0.036719 0.061111 4 0.02153 0.65625 0.7375 0.0875 0.208333 2 0.02034 0.828516 0.547222 0.028906 0.075 0 0.019638 0.829688 0.547222 0.029687 0.075 11 0.01178 0.028906 0.656944 0.05625 0.127778 3 0.011116 0.653125 0.691667 0.079687 0.097222 1 0.009636 0.765234 0.473611 0.025781 0.063889 12 0.008614 0.652734 0.724306 0.092969 0.229167 2 0.007431 0.990234 0.519444 0.019531 0.061111 3 0.006958 0.661328 0.74375 0.082031 0.206944 2 0.005981 0.983984 0.678472 0.032031 0.081944 2 0.005665 0.995703 0.540278 0.008594 0.066667 1 0.0042 0.753516 0.567361 0.036719 0.079167 2 0.004101 0.976953 0.519444 0.044531 0.063889 2 0.003944 0.903906 0.588889 0.059375 0.075 11 0.002693 0.657031 0.736806 0.090625 0.2125 2 0.002571 0.790625 0.420833 0.021875 0.044444 2 0.0021 0.353516 0.222222 0.013281 0.030556 2 0.001965 0.683984 0.456944 0.017969 0.052778 2 0.001853 0.900391 0.547222 0.038281 0.069444 2 0.001839 0.902344 0.5625 0.05 0.1 2 0.001734 0.762891 0.472222 0.027344 0.063889 12 0.001585 0.633594 0.654167 0.129688 0.216667 4 0.001567 0.909766 0.567361 0.064844 0.118056 3 0.001467 0.441797 0.455556 0.044531 0.080556 3 0.001416 0.988281 0.905556 0.023438 0.188889 12 0.001362 0.037109 0.631944 0.074219 0.183333 2 0.001294 0.995313 0.506944 0.009375 0.077778 2 0.001197 0.993359 0.659722 0.013281 0.105556 12 0.001188 0.021875 0.617361 0.04375 0.2125 3 0.001081 0.503516 0.3375 0.024219 0.05 2 0.001037 0.030469 0.657639 0.060937 0.1375 0 0.000947 0.986719 0.743056 0.026562 0.102778 3 0.00094 0.740625 0.398611 0.0375 0.047222 2 0.00094 0.983984 0.640278 0.032031 0.111111 1 0.000926 0.995313 0.461806 0.009375 0.054167 1 0.000918 0.627344 0.375694 0.014063 0.040278 2 0.000811 0.521484 0.282639 0.019531 0.054167 2 0.000804 0.290234 0.374306 0.027344 0.048611 2 0.000688 0.994922 0.593056 0.010156 0.122222 2 0.000688 0.628906 0.804861 0.03125 0.095833 1 0.000682 0.832031 0.554861 0.032813 0.079167 2 0.000659 0.357422 0.392361 0.022656 0.065278 2 0.000631 0.894531 0.563194 0.0375 0.070833 1 0.000624 0.65625 0.390972 0.015625 0.040278 2 0.000575 0.990234 0.704167 0.019531 0.191667 0 0.000553 0.655078 0.685417 0.071094 0.0875 4 0.000553 0.539844 0.820139 0.073438 0.173611 2 0.000544 0.961719 0.621528 0.032813 0.070833 5 0.00054 0.740625 0.400694 0.0375 0.048611 0 0.000532 0.961719 0.572222 0.03125 0.058333 2 0.000501 0.363281 0.403472 0.01875 0.0625
CCTV02^20260511-140000-20260511-142440_002496,2 0.767578 0.020703 0.874306 0.041406 0.109722 3 0.760742 0.435547 0.354861 0.025781 0.048611 2 0.705566 0.258203 0.85 0.052344 0.122222 2 0.689453 0.288672 0.589583 0.036719 0.076389 2 0.658203 0.588281 0.389583 0.023438 0.048611 2 0.654785 0.719922 0.471528 0.036719 0.0625 2 0.625977 0.628516 0.417361 0.025781 0.051389 2 0.586914 0.55625 0.382639 0.021875 0.051389 2 0.583008 0.379297 0.413194 0.022656 0.056944 2 0.569824 0.924609 0.767361 0.050781 0.109722 10 0.542969 0.667969 0.372222 0.071875 0.102778 2 0.525391 0.966797 0.900694 0.064844 0.123611 9 0.422607 0.469531 0.453472 0.040625 0.123611 2 0.331055 0.510547 0.309028 0.016406 0.0375 2 0.329346 0.534766 0.321528 0.016406 0.0375 10 0.321777 0.659766 0.801389 0.146094 0.386111 2 0.228149 0.689844 0.432639 0.0375 0.054167 3 0.213989 0.657422 0.798611 0.147656 0.386111 2 0.165039 0.979297 0.713194 0.041406 0.095833 2 0.14563 0.903125 0.661806 0.045312 0.101389 2 0.112 0.503516 0.288889 0.014844 0.033333 2 0.110474 0.239063 0.565972 0.023438 0.0625 2 0.085083 0.805469 0.615278 0.048438 0.075 2 0.06076 0.976953 0.522917 0.044531 0.0625 2 0.060089 0.564453 0.345833 0.017969 0.036111 10 0.0401 0.325781 0.25625 0.029687 0.073611 10 0.038757 0.028906 0.656944 0.057813 0.138889 2 0.038452 0.99375 0.836806 0.0125 0.101389 2 0.036346 0.937109 0.715278 0.050781 0.088889 2 0.0336 0.557813 0.330556 0.020313 0.041667 3 0.03125 0.317969 0.311111 0.021875 0.033333 10 0.021118 0.322656 0.405556 0.051562 0.130556 12 0.02034 0.469141 0.45 0.041406 0.130556 2 0.018341 0.561719 0.3375 0.021875 0.044444 2 0.014336 0.990234 0.868056 0.019531 0.152778 3 0.011551 0.990625 0.873611 0.01875 0.138889 2 0.011246 0.996094 0.543056 0.007812 0.066667 2 0.008186 0.920312 0.584722 0.04375 0.077778 2 0.006489 0.505078 0.3 0.021094 0.044444 2 0.006123 0.995313 0.811111 0.009375 0.111111 2 0.005577 0.548828 0.311111 0.011719 0.027778 12 0.00481 0.962891 0.997917 0.074219 0.004167 10 0.00433 0.641797 0.701389 0.116406 0.183333 3 0.003429 0.677344 0.957639 0.10625 0.081944 11 0.003075 0.028906 0.654861 0.05625 0.123611 2 0.002779 0.560156 0.390972 0.028125 0.0625 4 0.002287 0.989453 0.863194 0.021094 0.265278 12 0.002199 0.023438 0.615972 0.046875 0.209722 9 0.002174 0.989453 0.638889 0.021094 0.138889 2 0.002068 0.534766 0.296528 0.016406 0.034722 2 0.001597 0.992969 0.938194 0.014063 0.123611 3 0.001513 0.673828 0.925 0.117969 0.15 1 0.001501 0.992578 0.947222 0.014844 0.105556 10 0.001501 0.989453 0.643056 0.021094 0.247222 7 0.001444 0.991406 0.634028 0.017188 0.118056 2 0.001444 0.995313 0.771528 0.009375 0.109722 12 0.001399 0.954297 0.992361 0.091406 0.015278 10 0.001378 0.326172 0.484722 0.047656 0.125 2 0.001372 0.990625 0.641667 0.01875 0.136111 2 0.001335 0.995313 0.735417 0.009375 0.090278 2 0.001279 0.030078 0.660417 0.060156 0.129167 3 0.001245 0.995313 0.598611 0.009375 0.130556 1 0.001169 0.895703 0.54375 0.032031 0.068056 2 0.001165 0.989453 0.684722 0.021094 0.169444 3 0.001121 0.664453 0.835417 0.122656 0.179167 12 0.001086 0.653906 0.590278 0.176563 0.283333 3 0.00104 0.99375 0.886111 0.0125 0.136111 2 0.00094 0.539453 0.303472 0.022656 0.034722 1 0.000918 0.210938 0.570833 0.023438 0.055556 2 0.000869 0.921875 0.513889 0.04375 0.058333 2 0.000866 0.510938 0.322917 0.020313 0.059722 6 0.00083 0.989453 0.85 0.021094 0.3 2 0.00082 0.798828 0.430556 0.021094 0.047222 2 0.000798 0.523047 0.25625 0.016406 0.031944 10 0.000767 0.240625 0.911111 0.282813 0.175 3 0.000707 0.630859 0.2875 0.021094 0.033333 0 0.000651 0.675781 0.922917 0.115625 0.154167 1 0.000602 0.119531 0.713889 0.023438 0.05 2 0.000588 0.589844 0.403472 0.023438 0.056944 4 0.000575 0.990234 0.628472 0.017969 0.109722 2 0.00054 0.6125 0.411806 0.045312 0.056944 11 0.000534 0.989453 0.817361 0.021094 0.3375 9 0.000532 0.463672 0.245833 0.032031 0.061111 10 0.000524 0.463672 0.245833 0.032031 0.061111
CCTV02^20260511-140000-20260511-142440_002500,3 0.803223 0.421094 0.352778 0.023438 0.047222 3 0.779785 0.494531 0.320139 0.021875 0.040278 2 0.757812 0.019922 0.874306 0.038281 0.109722 2 0.73877 0.739453 0.557639 0.035156 0.068056 2 0.729492 0.346094 0.465972 0.026562 0.0625 10 0.663574 0.667578 0.374306 0.072656 0.104167 2 0.65332 0.764844 0.536111 0.034375 0.063889 10 0.575684 0.548828 0.374306 0.060156 0.131944 2 0.569824 0.70625 0.465972 0.039062 0.054167 4 0.541016 0.430859 0.478472 0.038281 0.0875 2 0.517578 0.732812 0.451389 0.029687 0.05 2 0.503906 0.975781 0.865278 0.048438 0.119444 2 0.313965 0.608203 0.404167 0.019531 0.055556 2 0.287842 0.982031 0.716667 0.035937 0.088889 2 0.276611 0.935156 0.714583 0.048438 0.090278 2 0.252441 0.878906 0.688194 0.0375 0.084722 2 0.242188 0.326953 0.343056 0.017969 0.05 2 0.146118 0.533203 0.271528 0.019531 0.040278 10 0.093018 0.325391 0.25625 0.030469 0.073611 2 0.091736 0.776563 0.449306 0.023438 0.048611 2 0.089783 0.239844 0.56875 0.025 0.068056 10 0.078369 0.029687 0.656944 0.059375 0.141667 3 0.032593 0.318359 0.311806 0.021094 0.0375 2 0.030212 0.580078 0.376389 0.014844 0.05 10 0.026657 0.358594 0.30625 0.039062 0.095833 2 0.023331 0.813281 0.464583 0.028125 0.056944 2 0.02121 0.810547 0.577778 0.033594 0.072222 1 0.019638 0.608984 0.406944 0.021094 0.061111 2 0.016159 0.817187 0.659722 0.039062 0.080556 2 0.013588 0.700391 0.452778 0.032031 0.063889 2 0.009674 0.474609 0.21875 0.016406 0.029167 2 0.008347 0.639844 0.410417 0.01875 0.051389 2 0.007206 0.375 0.2125 0.010937 0.027778 2 0.007122 0.695312 0.439583 0.026562 0.045833 2 0.006462 0.817187 0.636806 0.042188 0.084722 1 0.005798 0.731641 0.599306 0.027344 0.068056 12 0.00573 0.648047 0.602083 0.152344 0.276389 2 0.004829 0.319531 0.311806 0.020313 0.034722 2 0.00297 0.769531 0.481944 0.029687 0.052778 2 0.002924 0.350781 0.205556 0.017188 0.033333 11 0.002684 0.028906 0.657639 0.05625 0.126389 2 0.00215 0.574609 0.416667 0.017969 0.047222 7 0.001957 0.739844 0.8125 0.10625 0.155556 3 0.00181 0.424609 0.352778 0.038281 0.066667 12 0.001782 0.021875 0.618056 0.04375 0.208333 1 0.001748 0.209766 0.579167 0.022656 0.058333 2 0.001727 0.775781 0.459722 0.03125 0.058333 2 0.001714 0.994141 0.745833 0.011719 0.086111 3 0.001661 0.017969 0.584028 0.035937 0.076389 12 0.001574 0.955469 0.997222 0.089063 0.005556 2 0.001549 0.995703 0.536806 0.008594 0.059722 2 0.001549 0.205859 0.584028 0.021094 0.048611 2 0.001536 0.920312 0.584722 0.039062 0.072222 2 0.001513 0.774219 0.933333 0.104688 0.133333 2 0.001455 0.723437 0.446528 0.0375 0.051389 10 0.001325 0.295703 0.370139 0.033594 0.070833 10 0.001315 0.989062 0.654861 0.021875 0.201389 2 0.001279 0.983594 0.831944 0.03125 0.063889 2 0.001206 0.358203 0.203472 0.011719 0.029167 4 0.001206 0.990625 0.627778 0.01875 0.1 2 0.001179 0.031641 0.658333 0.063281 0.138889 2 0.001053 0.99375 0.875694 0.0125 0.131944 2 0.001037 0.988281 0.739583 0.023438 0.084722 4 0.001024 0.983984 0.877778 0.032031 0.186111 2 0.001 0.996094 0.819444 0.007812 0.063889 1 0.000894 0.826562 0.789583 0.032813 0.098611 1 0.000839 0.995313 0.464583 0.009375 0.051389 3 0.000836 0.487891 0.319444 0.035156 0.052778 2 0.000785 0.758594 0.482639 0.020313 0.045833 1 0.000701 0.994922 0.90625 0.010156 0.106944 10 0.000688 0.020313 0.6125 0.040625 0.216667 2 0.000669 0.733203 0.575 0.028906 0.075 2 0.000641 0.821875 0.761111 0.039062 0.091667 3 0.000641 0.990234 0.929861 0.017969 0.140278 4 0.000631 0.029297 0.679167 0.058594 0.088889 3 0.00057 0.648438 0.766667 0.079687 0.086111 1 0.000536 0.826953 0.821528 0.030469 0.076389 3 0.000536 0.995313 0.925694 0.009375 0.148611 2 0.000515 0.990625 0.620139 0.01875 0.090278 1 0.000511 0.120703 0.709722 0.022656 0.052778 2 0.000504 0.297266 0.361806 0.030469 0.068056
CCTV02^20260511-140000-20260511-142440_002504,2 0.791992 0.020703 0.875 0.039844 0.111111 10 0.686035 0.667969 0.373611 0.071875 0.102778 2 0.654785 0.689063 0.440972 0.032813 0.054167 2 0.613281 0.735938 0.458333 0.032813 0.055556 2 0.525391 0.535937 0.29375 0.020313 0.043056 2 0.470703 0.979688 0.715972 0.040625 0.093056 0 0.457031 0.928516 0.850694 0.050781 0.1125 2 0.451416 0.904687 0.709028 0.054688 0.093056 2 0.390381 0.857812 0.465278 0.028125 0.061111 3 0.332764 0.476172 0.274306 0.022656 0.0375 2 0.291016 0.979297 0.929167 0.041406 0.133333 2 0.289307 0.803125 0.497917 0.025 0.0625 2 0.219971 0.925391 0.650694 0.039844 0.076389 2 0.201782 0.300391 0.395833 0.022656 0.05 10 0.180664 0.325781 0.25625 0.029687 0.073611 3 0.180664 0.31875 0.311111 0.021875 0.036111 2 0.154053 0.378906 0.215278 0.014063 0.030556 3 0.11554 0.979297 0.93125 0.041406 0.1375 2 0.096008 0.919922 0.58125 0.036719 0.068056 0 0.08728 0.639453 0.416667 0.019531 0.047222 10 0.076111 0.030469 0.655556 0.060937 0.147222 2 0.065613 0.239063 0.569444 0.026562 0.069444 0 0.034363 0.803125 0.496528 0.025 0.065278 1 0.032959 0.978125 0.93125 0.042188 0.134722 1 0.027267 0.995703 0.815972 0.008594 0.090278 2 0.024704 0.45625 0.220139 0.01875 0.031944 10 0.022461 0.863281 0.885417 0.221875 0.229167 2 0.018265 0.344531 0.204861 0.0125 0.029167 2 0.015717 0.875781 0.761806 0.05 0.098611 3 0.012054 0.976953 0.525694 0.046094 0.068056 0 0.011917 0.828125 0.469444 0.021875 0.05 3 0.01033 0.988281 0.527778 0.023438 0.069444 2 0.009781 0.639844 0.4125 0.01875 0.047222 2 0.009125 0.896875 0.54375 0.029687 0.068056 2 0.008125 0.990234 0.621528 0.019531 0.084722 2 0.006363 0.995703 0.5375 0.008594 0.063889 2 0.005867 0.976953 0.525694 0.044531 0.070833 2 0.003901 0.474609 0.218056 0.014844 0.027778 1 0.003593 0.991406 0.824306 0.017188 0.090278 2 0.002642 0.715234 0.389583 0.014844 0.031944 7 0.002453 0.725 0.811806 0.071875 0.143056 2 0.001206 0.535156 0.304167 0.025 0.055556 11 0.001134 0.029687 0.655556 0.057813 0.130556 2 0.001124 0.36875 0.218056 0.014063 0.033333 2 0.001008 0.992578 0.672222 0.014844 0.169444 2 0.000989 0.994141 0.599306 0.011719 0.126389 2 0.000955 0.977344 0.995139 0.04375 0.009722 12 0.000922 0.022266 0.619444 0.044531 0.205556 2 0.000911 0.205859 0.581944 0.021094 0.05 2 0.000886 0.996094 0.794444 0.007812 0.116667 4 0.000801 0.982031 0.927778 0.035937 0.144444 2 0.000792 0.965234 0.621528 0.036719 0.068056 12 0.000785 0.032031 0.659028 0.064062 0.140278 2 0.000779 0.862891 0.763194 0.072656 0.120833 4 0.000758 0.030469 0.677778 0.060937 0.094444 10 0.000747 0.019922 0.617361 0.039844 0.206944 2 0.000704 0.828125 0.465972 0.025 0.056944 1 0.000657 0.209766 0.577083 0.024219 0.0625 1 0.000546 0.120313 0.7125 0.023438 0.05 1 0.00053 0.121875 0.69375 0.021875 0.045833 2 0.000524 0.995313 0.507639 0.009375 0.101389
CCTV02^20260511-140000-20260511-142440_002508,2 0.777344 0.022656 0.875 0.045312 0.111111 2 0.767578 0.697656 0.470139 0.03125 0.059722 1 0.766113 0.544141 0.455556 0.014844 0.05 2 0.730957 0.620313 0.56875 0.032813 0.076389 2 0.710449 0.973047 0.79375 0.052344 0.106944 9 0.673828 0.604297 0.403472 0.050781 0.084722 2 0.550781 0.925781 0.65625 0.04375 0.093056 2 0.548828 0.860156 0.535417 0.039062 0.070833 9 0.53125 0.394922 0.202778 0.027344 0.058333 10 0.529297 0.668359 0.374306 0.074219 0.101389 2 0.397949 0.569922 0.432639 0.022656 0.056944 1 0.375732 0.292187 0.692361 0.023438 0.068056 11 0.352295 0.604297 0.401389 0.050781 0.083333 2 0.352295 0.855469 0.464583 0.028125 0.056944 3 0.325928 0.31875 0.311111 0.021875 0.036111 2 0.289307 0.650391 0.411111 0.027344 0.044444 2 0.262939 0.785937 0.603472 0.04375 0.093056 2 0.248047 0.803125 0.521528 0.025 0.056944 4 0.214722 0.788672 0.602083 0.050781 0.095833 5 0.195557 0.578906 0.290278 0.03125 0.05 2 0.195557 0.980469 0.707639 0.039062 0.120833 10 0.148071 0.325781 0.258333 0.029687 0.075 2 0.129883 0.774609 0.460417 0.024219 0.0625 2 0.115173 0.921484 0.58125 0.036719 0.070833 10 0.102661 0.394531 0.202083 0.028125 0.059722 10 0.06076 0.030469 0.659028 0.060937 0.143056 1 0.056854 0.569141 0.434722 0.022656 0.061111 2 0.042084 0.238672 0.568056 0.025781 0.066667 4 0.038177 0.578906 0.290972 0.03125 0.051389 1 0.021286 0.896875 0.916667 0.082812 0.155556 2 0.016983 0.473047 0.21875 0.014844 0.029167 3 0.008614 0.988281 0.900694 0.023438 0.195833 2 0.008514 0.989453 0.624306 0.021094 0.090278 2 0.007786 0.899219 0.538889 0.03125 0.061111 2 0.007431 0.962891 0.622917 0.036719 0.068056 1 0.006905 0.54375 0.467361 0.01875 0.0625 10 0.006771 0.294141 0.374306 0.038281 0.073611 2 0.006691 0.978125 0.520139 0.042188 0.059722 3 0.006512 0.978125 0.521528 0.04375 0.059722 3 0.006073 0.991797 0.930556 0.016406 0.127778 1 0.005642 0.875781 0.9125 0.034375 0.105556 3 0.004829 0.604297 0.361806 0.022656 0.029167 3 0.004772 0.992969 0.528472 0.014063 0.0625 1 0.004265 0.294531 0.693056 0.04375 0.077778 0 0.004135 0.803125 0.51875 0.025 0.0625 7 0.003708 0.741406 0.809722 0.101562 0.155556 2 0.00255 0.994922 0.728472 0.010156 0.131944 2 0.002342 0.030859 0.665972 0.061719 0.129167 10 0.002234 0.990234 0.861111 0.019531 0.277778 1 0.001934 0.699609 0.427778 0.017969 0.033333 1 0.001875 0.995313 0.465278 0.009375 0.047222 1 0.001853 0.279687 0.690278 0.051562 0.080556 3 0.001824 0.341406 0.164583 0.0125 0.018056 1 0.001796 0.031641 0.88125 0.053906 0.093056 3 0.001727 0.859375 0.79375 0.085938 0.195833 2 0.0017 0.886719 0.751389 0.0375 0.072222 3 0.001394 0.995313 0.539583 0.009375 0.0625 2 0.001325 0.751172 0.39375 0.022656 0.0375 0 0.001305 0.9625 0.570139 0.032813 0.056944 1 0.001249 0.543359 0.447917 0.021094 0.056944 4 0.001044 0.028125 0.683333 0.05625 0.086111 1 0.000989 0.873828 0.942361 0.035156 0.093056 2 0.000918 0.023047 0.681944 0.046094 0.088889 2 0.000915 0.282813 0.413889 0.017188 0.041667 2 0.000817 0.995313 0.55 0.009375 0.069444 11 0.000789 0.029687 0.65625 0.057813 0.126389 0 0.000767 0.035156 0.879861 0.046875 0.093056 2 0.000747 0.783594 0.624306 0.039062 0.0625 11 0.000727 0.988281 0.634722 0.023438 0.213889 2 0.000696 0.985938 0.698611 0.028125 0.216667 3 0.000677 0.578906 0.286111 0.03125 0.055556 2 0.000672 0.991797 0.676389 0.016406 0.180556 12 0.000657 0.950391 0.999306 0.099219 0.001389 12 0.000644 0.027344 0.639583 0.053125 0.170833 11 0.000631 0.986719 0.74375 0.026562 0.223611 1 0.000624 0.210156 0.577083 0.023438 0.0625 3 0.000612 0.994531 0.888889 0.010937 0.172222 2 0.000602 0.776953 0.384028 0.016406 0.034722 2 0.00057 0.992578 0.817361 0.014844 0.098611 0 0.000544 0.784766 0.602083 0.055469 0.1125 2 0.000542 0.457031 0.199306 0.014063 0.026389 3 0.000542 0.650391 0.788889 0.082031 0.125
CCTV02^20260511-140000-20260511-142440_002512,2 0.774414 0.022266 0.875 0.044531 0.111111 2 0.690918 0.747656 0.529167 0.032813 0.063889 2 0.682617 0.355859 0.470139 0.027344 0.0625 10 0.622559 0.435156 0.390278 0.042188 0.122222 10 0.571777 0.671484 0.379861 0.060156 0.098611 2 0.567871 0.698438 0.445833 0.032813 0.055556 5 0.552734 0.632031 0.347917 0.025 0.056944 3 0.411133 0.31875 0.311111 0.020313 0.036111 2 0.29248 0.925391 0.655556 0.044531 0.091667 2 0.271973 0.376172 0.282639 0.017969 0.043056 2 0.256836 0.8125 0.55 0.029687 0.072222 9 0.23938 0.939453 0.838194 0.121094 0.201389 2 0.233765 0.751563 0.488194 0.028125 0.045833 7 0.168823 0.937891 0.8375 0.124219 0.211111 2 0.124207 0.239844 0.566667 0.025 0.066667 2 0.106323 0.876172 0.557639 0.032031 0.070833 10 0.085388 0.325781 0.257639 0.029687 0.070833 2 0.074768 0.980469 0.681944 0.039062 0.088889 2 0.063477 0.648047 0.417361 0.017969 0.043056 10 0.05899 0.029297 0.65625 0.057031 0.143056 2 0.042389 0.355859 0.296528 0.016406 0.048611 4 0.0354 0.937109 0.8375 0.125781 0.211111 12 0.034607 0.939844 0.833333 0.120313 0.208333 2 0.030792 0.63125 0.35 0.026562 0.061111 2 0.025864 0.882031 0.643056 0.032813 0.072222 2 0.023239 0.960547 0.732639 0.052344 0.079167 2 0.0159 0.847266 0.557639 0.027344 0.068056 2 0.014175 0.791797 0.488194 0.025781 0.065278 0 0.009781 0.646875 0.417361 0.01875 0.040278 11 0.009674 0.921875 0.822917 0.15625 0.251389 2 0.00885 0.989453 0.631944 0.021094 0.1 2 0.006824 0.485938 0.227778 0.017188 0.036111 10 0.006191 0.9 0.8125 0.2 0.283333 2 0.005161 0.990625 0.722917 0.01875 0.090278 0 0.004982 0.355859 0.295833 0.016406 0.047222 10 0.004574 0.987109 0.639583 0.025781 0.123611 12 0.004265 0.955469 0.992361 0.089063 0.015278 3 0.003721 0.982812 0.903472 0.034375 0.193056 3 0.00358 0.967578 0.899306 0.064844 0.201389 2 0.003363 0.369922 0.291667 0.024219 0.052778 2 0.00326 0.919922 0.579167 0.041406 0.075 2 0.003052 0.994922 0.726389 0.010156 0.091667 3 0.002726 0.992188 0.911806 0.015625 0.176389 1 0.002359 0.995703 0.547917 0.008594 0.059722 2 0.001987 0.995703 0.5375 0.008594 0.077778 2 0.001853 0.960156 0.624306 0.034375 0.070833 9 0.001782 0.987109 0.905556 0.025781 0.188889 2 0.001687 0.380469 0.283333 0.029687 0.052778 10 0.001597 0.955859 0.809028 0.086719 0.273611 10 0.001536 0.978125 0.798611 0.04375 0.302778 2 0.001455 0.296484 0.376389 0.038281 0.069444 12 0.001372 0.032422 0.634722 0.064844 0.183333 3 0.001362 0.994141 0.585417 0.011719 0.123611 10 0.001309 0.294531 0.376389 0.040625 0.069444 2 0.001107 0.029687 0.661111 0.059375 0.133333 3 0.001044 0.652734 0.786111 0.089844 0.141667 2 0.001032 0.358203 0.470139 0.042969 0.076389 11 0.001 0.028516 0.656944 0.055469 0.127778 1 0.0009 0.324609 0.463889 0.014844 0.072222 10 0.000886 0.988281 0.765972 0.023438 0.2875 1 0.000836 0.119531 0.711111 0.023438 0.052778 2 0.000801 0.750781 0.503472 0.03125 0.059722 2 0.000792 0.873828 0.632639 0.049219 0.090278 3 0.000789 0.994531 0.88125 0.010937 0.159722 10 0.000688 0.988281 0.920833 0.023438 0.158333 1 0.000677 0.112891 0.940278 0.096094 0.119444 2 0.000617 0.721094 0.480556 0.028125 0.069444 1 0.000579 0.739453 0.559722 0.027344 0.066667 3 0.000527 0.003516 0.957639 0.007031 0.084722 3 0.000521 0.942187 0.818056 0.104688 0.15 12 0.000504 0.007812 0.656944 0.015625 0.158333
CCTV02^20260511-140000-20260511-142440_002813,10 0.914062 0.560937 0.367361 0.057813 0.118056 10 0.885254 0.295312 0.586806 0.096875 0.226389 2 0.873047 0.159375 0.685417 0.042188 0.079167 5 0.766113 0.636719 0.346528 0.034375 0.054167 2 0.766113 0.678125 0.486111 0.03125 0.058333 2 0.759277 0.738281 0.486111 0.032813 0.058333 2 0.73877 0.316016 0.386111 0.017969 0.047222 2 0.732422 0.630078 0.384722 0.024219 0.047222 2 0.649414 0.875 0.547917 0.048438 0.065278 3 0.645996 0.319141 0.311806 0.021094 0.034722 3 0.613281 0.509375 0.299306 0.020313 0.034722 3 0.57373 0.502734 0.339583 0.028906 0.054167 3 0.567871 0.978125 0.7875 0.04375 0.127778 2 0.563965 0.925 0.648611 0.045312 0.077778 2 0.507812 0.979297 0.680556 0.039844 0.088889 3 0.466797 0.760547 0.692361 0.069531 0.1125 3 0.434082 0.46875 0.26875 0.020313 0.034722 2 0.276611 0.807422 0.458333 0.024219 0.05 1 0.223999 0.994922 0.892361 0.010156 0.115278 2 0.172119 0.835547 0.539583 0.025781 0.068056 1 0.095032 0.990625 0.896528 0.01875 0.123611 11 0.072083 0.029687 0.657639 0.057813 0.123611 10 0.058136 0.03125 0.654861 0.060937 0.131944 5 0.052826 0.755859 0.700694 0.075781 0.131944 0 0.048859 0.571875 0.296528 0.017188 0.0375 3 0.047791 0.839453 0.649306 0.047656 0.079167 2 0.036346 0.990625 0.627778 0.01875 0.094444 3 0.021942 0.990625 0.777083 0.01875 0.140278 2 0.021362 0.571875 0.296528 0.01875 0.040278 2 0.016525 0.23125 0.642361 0.026562 0.056944 2 0.015961 0.867969 0.511806 0.029687 0.048611 4 0.012238 0.976562 0.813889 0.045312 0.211111 0 0.007374 0.994922 0.865278 0.010156 0.138889 0 0.005489 0.995313 0.828472 0.009375 0.084722 1 0.003679 0.827344 0.835417 0.028125 0.079167 10 0.003622 0.978125 0.824306 0.04375 0.234722 1 0.003525 0.11875 0.7125 0.021875 0.05 2 0.003376 0.916797 0.544444 0.032031 0.077778 2 0.003325 0.492578 0.254861 0.019531 0.034722 2 0.003248 0.994922 0.738194 0.010156 0.098611 3 0.003124 0.653906 0.753472 0.067187 0.079167 1 0.002779 0.7125 0.389583 0.0125 0.034722 1 0.002758 0.983203 0.906944 0.033594 0.119444 2 0.00259 0.31875 0.380556 0.029687 0.052778 2 0.00255 0.853125 0.592361 0.029687 0.056944 0 0.002369 0.9625 0.573611 0.029687 0.061111 2 0.002216 0.835547 0.648611 0.039844 0.077778 1 0.001926 0.995703 0.802083 0.008594 0.1125 1 0.001853 0.853516 0.59375 0.028906 0.056944 1 0.001741 0.717969 0.395139 0.023438 0.040278 1 0.001681 0.847266 0.647222 0.035156 0.061111 10 0.001567 0.325391 0.25625 0.028906 0.068056 2 0.001531 0.892188 0.754167 0.023438 0.055556 2 0.001513 0.827734 0.446528 0.024219 0.051389 1 0.001444 0.996094 0.536111 0.007812 0.069444 2 0.00126 0.989453 0.678472 0.021094 0.120833 12 0.001211 0.050391 0.627083 0.100781 0.1875 1 0.001179 0.694141 0.370139 0.016406 0.034722 3 0.001143 0.491406 0.260417 0.020313 0.040278 1 0.001143 0.75 0.421528 0.014063 0.031944 0 0.001129 0.725391 0.398611 0.014844 0.038889 10 0.001073 0.990625 0.83125 0.01875 0.293056 1 0.001048 0.991406 0.823611 0.017188 0.094444 2 0.001008 0.579297 0.401389 0.017969 0.044444 10 0.000997 0.989453 0.572917 0.021094 0.234722 10 0.000922 0.021094 0.61875 0.042188 0.198611 3 0.000886 0.018359 0.584722 0.036719 0.069444 0 0.000883 0.713281 0.39375 0.021875 0.040278 1 0.000869 0.965625 0.615972 0.026562 0.0625 11 0.00083 0.989453 0.605556 0.021094 0.222222 12 0.000804 0.952734 0.999306 0.094531 0.001389 2 0.00073 0.995313 0.527083 0.009375 0.079167 2 0.000721 0.839844 0.5625 0.028125 0.066667 4 0.000721 0.753125 0.704167 0.085938 0.141667 0 0.000677 0.628516 0.389583 0.032031 0.056944 2 0.000657 0.921094 0.578472 0.035937 0.068056 10 0.000651 0.994141 0.594444 0.011719 0.130556 0 0.000584 0.007422 0.678472 0.014844 0.101389 3 0.000566 0.301172 0.3375 0.017969 0.030556 1 0.000546 0.121094 0.701389 0.020313 0.055556 12 0.000538 0.023828 0.620833 0.047656 0.197222 3 0.000527 0.535547 0.254861 0.019531 0.031944
CCTV02^20260511-140000-20260511-142440_002817,4 0.916504 0.551172 0.400694 0.028906 0.068056 10 0.881836 0.646875 0.573611 0.10625 0.227778 2 0.855957 0.159375 0.684028 0.042188 0.079167 2 0.82666 0.345313 0.563889 0.029687 0.066667 5 0.778809 0.636328 0.347222 0.033594 0.055556 2 0.774414 0.268359 0.570833 0.028906 0.063889 2 0.769043 0.714063 0.443056 0.028125 0.052778 2 0.759277 0.928516 0.695833 0.046094 0.083333 3 0.759277 0.331641 0.91875 0.082031 0.134722 10 0.749023 0.391406 0.295139 0.03125 0.090278 2 0.733887 0.316016 0.385417 0.017969 0.045833 3 0.702637 0.769141 0.435417 0.036719 0.048611 2 0.699219 0.337109 0.505556 0.024219 0.055556 2 0.666992 0.882812 0.556944 0.035937 0.066667 3 0.618652 0.31875 0.311806 0.020313 0.034722 2 0.57959 0.854297 0.53125 0.030469 0.059722 2 0.535156 0.296094 0.523611 0.040625 0.052778 2 0.476562 0.980469 0.681944 0.039062 0.097222 2 0.460938 0.174219 0.939583 0.057813 0.115278 1 0.324219 0.046094 0.759722 0.046875 0.061111 2 0.320801 0.926172 0.640972 0.046094 0.065278 2 0.252441 0.30625 0.495833 0.028125 0.05 2 0.125488 0.990625 0.646528 0.01875 0.126389 2 0.111267 0.305859 0.513889 0.028906 0.055556 7 0.083862 0.965625 0.91875 0.067187 0.154167 11 0.072876 0.030078 0.65625 0.058594 0.120833 3 0.041138 0.978125 0.784722 0.04375 0.125 2 0.030563 0.866406 0.546528 0.025 0.068056 10 0.026657 0.03125 0.652083 0.0625 0.131944 0 0.022629 0.979688 0.83125 0.040625 0.156944 2 0.019791 0.992969 0.624306 0.014063 0.084722 2 0.019348 0.977734 0.771528 0.042969 0.098611 1 0.017776 0.712891 0.389583 0.013281 0.034722 4 0.014389 0.964063 0.915278 0.070312 0.125 4 0.013901 0.978125 0.804167 0.04375 0.166667 2 0.011688 0.989453 0.767361 0.021094 0.131944 2 0.010208 0.980469 0.839583 0.039062 0.143056 3 0.00956 0.535937 0.25625 0.020313 0.031944 2 0.008987 0.919922 0.573611 0.033594 0.072222 11 0.005753 0.978125 0.844444 0.04375 0.258333 1 0.005161 0.965625 0.913889 0.067187 0.122222 1 0.00404 0.119922 0.709722 0.022656 0.055556 0 0.003736 0.963672 0.572917 0.033594 0.0625 3 0.00321 0.760547 0.425694 0.035156 0.040278 1 0.003185 0.992578 0.938194 0.014844 0.118056 10 0.003172 0.979297 0.863889 0.041406 0.272222 1 0.002867 0.694531 0.372222 0.014063 0.033333 1 0.002779 0.829297 0.850694 0.035156 0.1125 2 0.002216 0.319531 0.379167 0.029687 0.052778 6 0.002209 0.226562 0.596528 0.045312 0.104167 2 0.00209 0.236719 0.563889 0.026562 0.052778 12 0.001897 0.046484 0.631944 0.092969 0.177778 1 0.001883 0.996094 0.540278 0.007812 0.063889 7 0.001883 0.988281 0.922917 0.023438 0.143056 1 0.001714 0.572656 0.299306 0.0125 0.034722 0 0.001714 0.222266 0.652083 0.038281 0.059722 11 0.001585 0.983984 0.789583 0.032031 0.251389 2 0.001444 0.832031 0.75625 0.034375 0.076389 9 0.001444 0.980469 0.861111 0.039062 0.186111 10 0.001405 0.021875 0.622917 0.04375 0.184722 3 0.001346 0.018359 0.592361 0.036719 0.084722 12 0.001341 0.024219 0.626389 0.048438 0.180556 2 0.001309 0.551172 0.388889 0.024219 0.061111 10 0.001285 0.325781 0.254167 0.028125 0.069444 10 0.001197 0.598828 0.630556 0.078906 0.177778 0 0.001161 0.726172 0.406944 0.014844 0.027778 3 0.001065 0.298047 0.338889 0.024219 0.030556 1 0.00102 0.725391 0.397917 0.011719 0.034722 3 0.000985 0.655859 0.757639 0.072656 0.073611 2 0.000664 0.994141 0.724306 0.011719 0.109722 2 0.000631 0.853125 0.45625 0.023438 0.051389 7 0.000631 0.99375 0.924306 0.0125 0.145833 10 0.000619 0.961719 0.886806 0.076563 0.226389 0 0.000609 0.308203 0.525694 0.028906 0.0625 2 0.00057 0.28125 0.50625 0.029687 0.056944 2 0.000562 0.291406 0.380556 0.025 0.052778 11 0.000557 0.990234 0.613194 0.019531 0.206944 10 0.000538 0.826172 0.445139 0.025781 0.054167 2 0.000511 0.754687 0.425 0.020313 0.041667 10 0.000509 0.990625 0.575694 0.01875 0.234722
CCTV02^20260511-140000-20260511-142440_002821,10 0.879883 0.650391 0.491667 0.077344 0.152778 2 0.868652 0.159375 0.685417 0.042188 0.079167 2 0.835449 0.267578 0.570833 0.028906 0.061111 2 0.819824 0.729297 0.55 0.035156 0.072222 2 0.818848 0.294141 0.527083 0.038281 0.0625 2 0.806641 0.810937 0.528472 0.026562 0.056944 5 0.801758 0.636719 0.347222 0.032813 0.055556 3 0.785156 0.774609 0.508333 0.050781 0.066667 2 0.777344 0.610156 0.369444 0.021875 0.044444 2 0.756348 0.713672 0.442361 0.028906 0.051389 2 0.716797 0.883203 0.554861 0.036719 0.068056 2 0.640625 0.316016 0.386111 0.017969 0.047222 2 0.615234 0.377344 0.338889 0.015625 0.038889 3 0.611328 0.31875 0.311806 0.020313 0.034722 4 0.571777 0.435156 0.379167 0.021875 0.052778 2 0.567871 0.979688 0.682639 0.040625 0.090278 1 0.556641 0.349219 0.359722 0.0125 0.036111 2 0.521484 0.924609 0.650694 0.046094 0.081944 0 0.40918 0.852344 0.554167 0.026562 0.063889 2 0.355713 0.367969 0.313194 0.017188 0.031944 2 0.269043 0.507031 0.263889 0.015625 0.027778 2 0.26123 0.855469 0.514583 0.028125 0.059722 3 0.214722 0.990625 0.80625 0.01875 0.090278 2 0.133911 0.990625 0.806944 0.01875 0.088889 2 0.049042 0.990625 0.640278 0.01875 0.113889 2 0.044861 0.276562 0.470139 0.026562 0.054167 2 0.026657 0.850781 0.555556 0.029687 0.066667 1 0.016724 0.121094 0.7 0.021875 0.055556 2 0.012337 0.995313 0.754167 0.009375 0.086111 1 0.011963 0.826953 0.839583 0.028906 0.0875 1 0.010246 0.995313 0.738889 0.009375 0.088889 10 0.009712 0.033594 0.652778 0.067187 0.127778 2 0.009193 0.517578 0.252083 0.013281 0.023611 3 0.006565 0.536719 0.257639 0.017188 0.029167 0 0.005798 0.831641 0.461806 0.021094 0.043056 3 0.005322 0.658594 0.763194 0.071875 0.059722 2 0.005081 0.832422 0.461806 0.021094 0.043056 10 0.00425 0.325 0.255556 0.029687 0.069444 2 0.003809 0.372266 0.254861 0.014844 0.031944 1 0.003416 0.995703 0.903472 0.008594 0.123611 1 0.003351 0.712891 0.390278 0.013281 0.033333 10 0.003325 0.989453 0.829861 0.021094 0.320833 11 0.002823 0.030078 0.654861 0.058594 0.118056 1 0.002737 0.694531 0.372222 0.014063 0.033333 2 0.002672 0.920312 0.574306 0.034375 0.065278 2 0.002531 0.003125 0.478472 0.00625 0.045833 1 0.002472 0.990234 0.727778 0.017969 0.072222 1 0.002453 0.99375 0.925694 0.0125 0.148611 1 0.002253 0.345313 0.358333 0.021875 0.038889 1 0.002199 0.989453 0.914583 0.021094 0.168056 12 0.002199 0.951172 0.999306 0.097656 0.001389 1 0.002115 0.118359 0.7125 0.028906 0.055556 12 0.002083 0.069922 0.627778 0.139844 0.183333 10 0.001912 0.989453 0.570139 0.021094 0.231944 6 0.001681 0.226172 0.599306 0.046094 0.106944 2 0.001649 0.238672 0.551389 0.024219 0.055556 1 0.001536 0.570312 0.761111 0.014063 0.038889 2 0.001421 0.891797 0.754861 0.024219 0.056944 11 0.001335 0.989453 0.603472 0.021094 0.218056 0 0.000947 0.006641 0.686806 0.013281 0.081944 2 0.000918 0.257812 0.484722 0.021875 0.047222 10 0.0009 0.954688 0.834722 0.090625 0.325 2 0.000873 0.995313 0.836806 0.009375 0.140278 10 0.000826 0.019141 0.617361 0.038281 0.195833 0 0.000807 0.960547 0.573611 0.027344 0.061111 10 0.000785 0.160156 0.567361 0.089063 0.123611 2 0.000735 0.989453 0.755556 0.019531 0.119444 10 0.000699 0.226953 0.599306 0.046094 0.115278 10 0.000646 0.990625 0.7375 0.01875 0.244444 0 0.000636 0.239453 0.540972 0.025781 0.065278 2 0.000588 0.536719 0.256944 0.017188 0.030556 2 0.000519 0.990625 0.690972 0.01875 0.201389 1 0.000515 0.701953 0.384722 0.021094 0.033333 12 0.000504 0.995703 0.109028 0.008594 0.101389 12 0.000504 0.022656 0.618056 0.045312 0.197222
CCTV02^20260511-140000-20260511-142440_002825,10 0.86084 0.539062 0.349306 0.053125 0.118056 9 0.859863 0.577344 0.505556 0.054688 0.105556 2 0.831055 0.267578 0.571528 0.028906 0.059722 2 0.823242 0.294922 0.525694 0.036719 0.059722 5 0.801758 0.636719 0.347917 0.034375 0.056944 3 0.788086 0.142187 0.745833 0.10625 0.088889 2 0.78418 0.162891 0.679861 0.046094 0.068056 3 0.78125 0.743359 0.513194 0.077344 0.056944 2 0.753418 0.666797 0.471528 0.030469 0.054167 2 0.747559 0.316016 0.386806 0.017969 0.045833 3 0.677246 0.31875 0.3125 0.020313 0.036111 2 0.662109 0.659766 0.403472 0.028906 0.045833 2 0.631836 0.931641 0.663889 0.041406 0.088889 2 0.607422 0.79375 0.486806 0.039062 0.051389 2 0.575684 0.882812 0.557639 0.040625 0.068056 2 0.525391 0.972266 0.929167 0.055469 0.127778 2 0.457031 0.842578 0.570139 0.035156 0.059722 2 0.411133 0.979297 0.678472 0.039844 0.093056 2 0.357666 0.876172 0.511806 0.025781 0.051389 3 0.252441 0.990625 0.804861 0.01875 0.084722 4 0.160278 0.498047 0.283333 0.021094 0.033333 2 0.129395 0.498047 0.282639 0.021094 0.031944 0 0.128906 0.972266 0.927778 0.053906 0.125 10 0.086304 0.030078 0.652083 0.060156 0.120833 11 0.085388 0.029297 0.654861 0.057031 0.1125 2 0.05899 0.921875 0.582639 0.035937 0.070833 2 0.052246 0.990625 0.809028 0.01875 0.098611 2 0.020889 0.994922 0.745833 0.010156 0.077778 2 0.020493 0.802734 0.451389 0.024219 0.041667 2 0.019348 0.735938 0.477083 0.039062 0.048611 2 0.018127 0.990625 0.649306 0.01875 0.134722 1 0.012238 0.994531 0.736111 0.010937 0.088889 1 0.010818 0.828516 0.838889 0.032031 0.097222 7 0.008377 0.473438 0.248611 0.020313 0.038889 2 0.005665 0.292578 0.390278 0.019531 0.041667 2 0.005344 0.473047 0.249306 0.021094 0.0375 6 0.005302 0.225781 0.599306 0.046875 0.106944 2 0.00433 0.145703 0.743056 0.100781 0.080556 2 0.004265 0.270313 0.463889 0.03125 0.061111 1 0.004005 0.990625 0.730556 0.01875 0.075 4 0.003111 0.535937 0.25625 0.020313 0.031944 2 0.002287 0.129688 0.711806 0.04375 0.0375 3 0.002068 0.298047 0.339583 0.022656 0.031944 10 0.002028 0.990234 0.640972 0.019531 0.126389 10 0.001926 0.226562 0.6 0.045312 0.116667 10 0.001883 0.990234 0.818056 0.019531 0.288889 10 0.001824 0.019531 0.620833 0.039062 0.183333 2 0.001597 0.298828 0.379861 0.019531 0.040278 0 0.001484 0.006641 0.688889 0.013281 0.080556 0 0.001444 0.9625 0.577778 0.03125 0.069444 3 0.00141 0.632422 0.804861 0.083594 0.1375 12 0.001399 0.064453 0.629167 0.128906 0.175 2 0.001367 0.991797 0.620139 0.016406 0.098611 3 0.001335 0.659766 0.759028 0.071094 0.065278 2 0.001315 0.237891 0.563889 0.024219 0.061111 10 0.001315 0.991406 0.736111 0.017188 0.238889 2 0.001202 0.995313 0.90625 0.009375 0.131944 2 0.001184 0.994922 0.531944 0.010156 0.083333 12 0.001165 0.953906 0.990972 0.092188 0.018056 4 0.001124 0.989453 0.910417 0.021094 0.170833 10 0.001112 0.325391 0.25625 0.028906 0.068056 12 0.00109 0.962891 0.999306 0.074219 0.001389 2 0.001053 0.989844 0.748611 0.01875 0.105556 1 0.000897 0.694531 0.371528 0.014063 0.034722 1 0.00089 0.995313 0.539583 0.009375 0.076389 3 0.000866 0.497656 0.280556 0.021875 0.041667 0 0.000843 0.992578 0.940278 0.014844 0.119444 12 0.000813 0.964453 0.947222 0.069531 0.105556 12 0.000811 0.023047 0.621528 0.046094 0.184722 2 0.000798 0.319922 0.377778 0.030469 0.052778 3 0.000782 0.889453 0.467361 0.052344 0.059722 1 0.000767 0.121484 0.688194 0.022656 0.043056 2 0.000762 0.848828 0.472222 0.024219 0.058333 10 0.000741 0.990625 0.568056 0.01875 0.236111 2 0.000732 0.99375 0.926389 0.0125 0.136111 1 0.000688 0.832031 0.811806 0.039062 0.140278 11 0.000677 0.990234 0.860417 0.019531 0.279167 1 0.000669 0.832422 0.845139 0.050781 0.115278 1 0.000651 0.570703 0.759722 0.014844 0.038889 3 0.00057 0.533984 0.256944 0.025781 0.036111
CCTV02^20260511-140000-20260511-142440_002829,2 0.873047 0.159766 0.685417 0.041406 0.079167 4 0.858887 0.674219 0.464583 0.039062 0.084722 2 0.848145 0.267578 0.571528 0.028906 0.0625 2 0.84375 0.294531 0.525694 0.0375 0.056944 3 0.817383 0.744922 0.5125 0.074219 0.058333 5 0.799316 0.636719 0.347917 0.034375 0.054167 2 0.733887 0.316016 0.386806 0.017969 0.045833 2 0.728027 0.828125 0.536806 0.026562 0.065278 2 0.723145 0.563672 0.370833 0.017969 0.041667 3 0.705566 0.31875 0.3125 0.020313 0.036111 2 0.692871 0.917578 0.650694 0.041406 0.084722 2 0.616699 0.70625 0.447917 0.03125 0.056944 2 0.505859 0.882031 0.558333 0.039062 0.063889 2 0.303955 0.980078 0.679861 0.038281 0.090278 4 0.29248 0.735938 0.83125 0.08125 0.190278 2 0.248047 0.876563 0.511806 0.026562 0.051389 2 0.1427 0.990625 0.807639 0.01875 0.0875 3 0.141724 0.990625 0.809028 0.01875 0.093056 1 0.119995 0.9875 0.953472 0.023438 0.093056 4 0.088501 0.835156 0.691667 0.078125 0.108333 2 0.076416 0.987891 0.952083 0.024219 0.093056 3 0.072388 0.987109 0.952778 0.025781 0.091667 9 0.036621 0.737109 0.824306 0.089844 0.2125 2 0.036072 0.858984 0.56875 0.025781 0.059722 2 0.032104 0.990625 0.644444 0.01875 0.119444 3 0.029083 0.384375 0.272917 0.017188 0.029167 10 0.025375 0.03125 0.65625 0.0625 0.126389 2 0.023148 0.869141 0.565972 0.035156 0.059722 3 0.022629 0.738672 0.859722 0.074219 0.136111 7 0.020172 0.737109 0.824306 0.086719 0.2125 0 0.019501 0.960547 0.709722 0.035156 0.072222 2 0.012428 0.166797 0.760417 0.035156 0.056944 2 0.011162 0.921875 0.576389 0.034375 0.063889 2 0.010132 0.994922 0.747917 0.010156 0.0875 1 0.008812 0.995313 0.726389 0.009375 0.083333 11 0.008286 0.029297 0.656944 0.057031 0.119444 12 0.008095 0.834375 0.717361 0.071875 0.148611 1 0.007843 0.991797 0.720833 0.016406 0.077778 0 0.007607 0.201953 0.655556 0.024219 0.061111 4 0.006958 0.535547 0.256944 0.021094 0.033333 1 0.006744 0.712891 0.390972 0.011719 0.034722 12 0.006313 0.737109 0.81875 0.083594 0.209722 2 0.006004 0.994922 0.91875 0.010156 0.143056 1 0.004215 0.121484 0.7 0.021094 0.055556 0 0.003622 0.995703 0.888889 0.008594 0.1 1 0.003223 0.119531 0.7125 0.020313 0.047222 0 0.002913 0.707031 0.450694 0.032813 0.056944 1 0.002855 0.694531 0.373611 0.014063 0.033333 9 0.002758 0.835547 0.697222 0.078906 0.116667 1 0.002632 0.964844 0.711806 0.034375 0.079167 0 0.002359 0.214844 0.653472 0.045312 0.068056 1 0.002342 0.725781 0.400694 0.015625 0.0375 12 0.002314 0.048828 0.629861 0.097656 0.181944 3 0.00215 0.657422 0.75 0.071094 0.086111 11 0.00209 0.039844 0.139583 0.079687 0.159722 3 0.00202 0.636719 0.321528 0.032813 0.048611 10 0.00202 0.990234 0.815972 0.019531 0.323611 2 0.002003 0.991797 0.732639 0.016406 0.0875 1 0.001831 0.569922 0.761111 0.014844 0.038889 0 0.001675 0.738281 0.822917 0.090625 0.206944 4 0.001513 0.688672 0.452778 0.033594 0.066667 1 0.001378 0.989453 0.922222 0.021094 0.144444 2 0.001367 0.237891 0.563889 0.024219 0.055556 2 0.001356 0.892578 0.754861 0.025781 0.056944 2 0.001346 0.986719 0.670833 0.026562 0.122222 2 0.001265 0.848437 0.697917 0.048438 0.079167 2 0.001143 0.445703 0.211806 0.011719 0.026389 12 0.001129 0.022656 0.619444 0.045312 0.2 2 0.001107 0.292578 0.3875 0.019531 0.041667 2 0.00109 0.239453 0.548611 0.025781 0.061111 3 0.00102 0.018359 0.585417 0.036719 0.068056 1 0.00102 0.990625 0.888889 0.01875 0.108333 2 0.001017 0.748828 0.904861 0.050781 0.098611 2 0.000904 0.994141 0.83125 0.011719 0.126389 3 0.000883 0.298828 0.340278 0.022656 0.036111 2 0.000846 0.743359 0.861111 0.064844 0.144444 10 0.000817 0.167578 0.56875 0.069531 0.129167 3 0.000704 0.641406 0.302778 0.023438 0.036111 2 0.000704 0.320312 0.377778 0.029687 0.052778 10 0.000648 0.039062 0.143056 0.078125 0.163889 4 0.000636 0.823828 0.679167 0.055469 0.083333 2 0.000614 0.856641 0.689583 0.035156 0.0625 1 0.000609 0.572266 0.295139 0.011719 0.031944 2 0.000588 0.833984 0.757639 0.038281 0.076389 10 0.000579 0.021484 0.63125 0.042969 0.184722 2 0.000551 0.297656 0.379861 0.020313 0.040278 2 0.000548 0.461328 0.229861 0.014844 0.029167 4 0.000546 0.8875 0.469444 0.057813 0.052778 11 0.000536 0.990625 0.727083 0.01875 0.240278 0 0.000517 0.006641 0.684722 0.013281 0.091667 0 0.000515 0.165625 0.767361 0.035937 0.068056 10 0.000504 0.325391 0.25625 0.028906 0.068056
CCTV02^20260511-140000-20260511-142440_002833,4 0.912598 0.35625 0.522917 0.035937 0.073611 2 0.868652 0.161328 0.686111 0.046094 0.077778 3 0.845703 0.744531 0.506944 0.071875 0.058333 2 0.836426 0.268359 0.570139 0.028906 0.0625 5 0.792969 0.636328 0.347917 0.033594 0.056944 2 0.767578 0.897266 0.670833 0.042969 0.080556 2 0.764648 0.681641 0.5 0.030469 0.061111 2 0.751953 0.294922 0.526389 0.036719 0.061111 2 0.747559 0.811328 0.5 0.027344 0.063889 2 0.726562 0.316016 0.386806 0.017969 0.045833 2 0.708984 0.396875 0.375 0.01875 0.041667 4 0.67041 0.642969 0.621528 0.054688 0.101389 3 0.615234 0.319141 0.313194 0.021094 0.034722 2 0.484375 0.979297 0.680556 0.039844 0.091667 2 0.26123 0.926172 0.654167 0.033594 0.083333 3 0.183594 0.990625 0.804861 0.01875 0.081944 10 0.149536 0.035156 0.647222 0.070312 0.141667 2 0.143188 0.990625 0.804861 0.01875 0.084722 3 0.135742 0.778906 0.438194 0.042188 0.048611 11 0.12854 0.035156 0.652778 0.06875 0.127778 2 0.090393 0.922266 0.580556 0.036719 0.069444 2 0.088806 0.884375 0.567361 0.04375 0.098611 2 0.032471 0.990625 0.631944 0.01875 0.1 2 0.016785 0.994922 0.745833 0.010156 0.077778 1 0.013847 0.994922 0.7375 0.010156 0.088889 2 0.012009 0.517188 0.254167 0.014063 0.030556 2 0.009857 0.989453 0.919444 0.021094 0.161111 2 0.009712 0.994922 0.905556 0.010156 0.136111 1 0.007965 0.119141 0.714583 0.021094 0.043056 2 0.006691 0.991797 0.940278 0.016406 0.113889 1 0.005981 0.120313 0.702083 0.020313 0.051389 1 0.005138 0.828516 0.838194 0.032031 0.093056 1 0.00502 0.991406 0.732639 0.017188 0.076389 3 0.004738 0.65625 0.761806 0.06875 0.059722 1 0.003975 0.695703 0.372222 0.011719 0.033333 2 0.003975 0.883203 0.588889 0.035156 0.063889 2 0.00396 0.891406 0.75625 0.028125 0.059722 2 0.003273 0.878516 0.509722 0.024219 0.044444 6 0.002924 0.225781 0.6 0.045312 0.105556 1 0.002823 0.988672 0.936111 0.021094 0.125 2 0.002758 0.480859 0.239583 0.013281 0.026389 12 0.001904 0.951953 0.997917 0.096094 0.004167 0 0.001846 0.714063 0.388889 0.01875 0.036111 10 0.001768 0.990234 0.831944 0.019531 0.316667 2 0.001642 0.235156 0.566667 0.029687 0.063889 10 0.001389 0.226562 0.6 0.045312 0.113889 11 0.001389 0.988281 0.615278 0.023438 0.183333 2 0.001356 0.880859 0.541667 0.032031 0.072222 2 0.001315 0.995313 0.544444 0.009375 0.055556 10 0.001048 0.988281 0.579167 0.023438 0.222222 2 0.00104 0.990625 0.752778 0.01875 0.108333 2 0.001037 0.237109 0.547917 0.028906 0.068056 2 0.001017 0.291406 0.390278 0.020313 0.047222 2 0.001 0.995313 0.852778 0.009375 0.133333 12 0.000985 0.031641 0.627083 0.063281 0.179167 10 0.000974 0.023047 0.619444 0.046094 0.191667 1 0.000962 0.890625 0.764583 0.025 0.059722 9 0.000955 0.988672 0.624306 0.021094 0.104167 11 0.000904 0.039062 0.127083 0.076563 0.129167 2 0.000804 0.003125 0.475694 0.00625 0.045833 3 0.000792 0.636328 0.797917 0.074219 0.131944 3 0.000682 0.535937 0.256944 0.01875 0.030556 2 0.000675 0.319922 0.377083 0.030469 0.051389 10 0.000607 0.990625 0.733333 0.01875 0.238889 3 0.000605 0.635547 0.75625 0.042969 0.073611 3 0.000593 0.297266 0.341667 0.024219 0.036111 1 0.000591 0.717578 0.39375 0.021094 0.034722 3 0.000575 0.630859 0.770833 0.074219 0.097222 1 0.000538 0.963672 0.616667 0.033594 0.069444
CCTV02^20260511-140000-20260511-142440_002836,2 0.863281 0.159766 0.684722 0.042969 0.080556 2 0.817383 0.267969 0.571528 0.028125 0.0625 3 0.806641 0.680469 0.525694 0.054688 0.068056 5 0.795898 0.636328 0.347222 0.033594 0.055556 2 0.794434 0.897266 0.677083 0.042969 0.081944 2 0.785156 0.294531 0.527083 0.0375 0.059722 10 0.770996 0.324219 0.732639 0.117188 0.323611 2 0.764648 0.651563 0.413889 0.025 0.047222 2 0.741699 0.246094 0.752083 0.040625 0.090278 3 0.720215 0.31875 0.3125 0.020313 0.036111 2 0.708984 0.315625 0.386806 0.01875 0.048611 2 0.705566 0.948438 0.747917 0.039062 0.095833 2 0.602051 0.983984 0.870833 0.032031 0.119444 3 0.53125 0.861719 0.545833 0.046875 0.086111 2 0.46875 0.979297 0.680556 0.039844 0.091667 2 0.37207 0.920703 0.584722 0.036719 0.075 4 0.297363 0.814844 0.517361 0.025 0.065278 4 0.155029 0.473828 0.265278 0.021094 0.036111 2 0.155029 0.814844 0.515972 0.025 0.065278 2 0.131592 0.5375 0.2875 0.017188 0.033333 3 0.089111 0.990625 0.798611 0.01875 0.077778 10 0.072632 0.030469 0.654861 0.060937 0.123611 2 0.063477 0.991016 0.631944 0.017969 0.097222 2 0.047943 0.810156 0.479861 0.034375 0.0625 9 0.036621 0.383984 0.292361 0.028906 0.0625 2 0.029312 0.994141 0.747917 0.011719 0.095833 11 0.029083 0.029687 0.65625 0.057813 0.118056 0 0.019943 0.983594 0.869444 0.032813 0.113889 2 0.015961 0.878906 0.51875 0.021875 0.065278 1 0.014732 0.994531 0.736111 0.010937 0.094444 1 0.012573 0.119531 0.710417 0.021875 0.051389 7 0.010818 0.383984 0.29375 0.028906 0.0625 2 0.008415 0.989844 0.830556 0.020313 0.15 6 0.004349 0.225781 0.6 0.045312 0.108333 0 0.004086 0.712891 0.389583 0.013281 0.034722 4 0.004005 0.985938 0.885417 0.028125 0.226389 3 0.003885 0.473438 0.263889 0.020313 0.038889 1 0.003651 0.712891 0.390972 0.013281 0.034722 1 0.003416 0.830859 0.845139 0.036719 0.106944 2 0.003147 0.990625 0.749306 0.01875 0.120833 0 0.002947 0.994531 0.532639 0.010937 0.056944 10 0.002913 0.988281 0.860417 0.023438 0.279167 1 0.002234 0.991406 0.727083 0.017188 0.073611 2 0.002115 0.2375 0.565278 0.025 0.055556 0 0.001912 0.717578 0.395139 0.022656 0.043056 1 0.001867 0.827344 0.834028 0.028125 0.073611 3 0.001741 0.3 0.3375 0.021875 0.030556 3 0.001399 0.403516 0.23125 0.016406 0.029167 10 0.001399 0.017969 0.619444 0.035937 0.188889 12 0.0013 0.980469 0.886111 0.039062 0.225 10 0.001274 0.325391 0.254861 0.028906 0.068056 11 0.001192 0.989453 0.604861 0.021094 0.190278 3 0.001151 0.65625 0.759028 0.071875 0.068056 10 0.000985 0.995313 0.583333 0.009375 0.105556 1 0.000944 0.726953 0.400694 0.016406 0.0375 0 0.000911 0.964063 0.576389 0.032813 0.063889 12 0.000883 0.04375 0.629861 0.0875 0.173611 1 0.000869 0.123047 0.701389 0.030469 0.063889 2 0.000863 0.319922 0.379167 0.030469 0.055556 0 0.000859 0.693359 0.372222 0.013281 0.033333 10 0.000804 0.226562 0.600694 0.045312 0.118056 2 0.000798 0.291406 0.386806 0.021875 0.045833 1 0.000715 0.982031 0.88125 0.035937 0.115278 1 0.000707 0.98125 0.690278 0.03125 0.091667 10 0.000696 0.989453 0.575 0.021094 0.211111 11 0.000657 0.990625 0.780556 0.01875 0.280556 10 0.000612 0.990625 0.622222 0.01875 0.088889 12 0.000602 0.952734 0.997917 0.094531 0.004167 3 0.000579 0.01875 0.615278 0.0375 0.133333 2 0.00054 0.991406 0.708333 0.017188 0.213889 1 0.000534 0.573828 0.756944 0.019531 0.044444 10 0.000534 0.971094 0.854167 0.057813 0.291667 3 0.000521 0.637891 0.326389 0.030469 0.05 10 0.000507 0.991406 0.741667 0.017188 0.222222
CCTV02^20260511-140000-20260511-142440_002840,10 0.922363 0.347656 0.404861 0.045312 0.131944 10 0.871094 0.671875 0.604167 0.11875 0.258333 2 0.848145 0.159766 0.684722 0.039844 0.077778 2 0.836426 0.307812 0.544444 0.026562 0.061111 9 0.816406 0.538281 0.386111 0.048438 0.088889 2 0.808105 0.248047 0.656944 0.042969 0.075 2 0.795898 0.267578 0.571528 0.027344 0.0625 5 0.790527 0.636719 0.347917 0.034375 0.056944 3 0.782715 0.597266 0.364583 0.030469 0.045833 2 0.775879 0.315625 0.386806 0.017188 0.045833 3 0.6875 0.31875 0.3125 0.020313 0.036111 2 0.645996 0.292187 0.521528 0.032813 0.048611 2 0.629883 0.767188 0.45625 0.039062 0.051389 2 0.600098 0.978125 0.680556 0.042188 0.088889 3 0.575684 0.864844 0.559722 0.04375 0.083333 2 0.571777 0.782422 0.534028 0.030469 0.070833 4 0.563965 0.58125 0.511806 0.045312 0.106944 2 0.535156 0.919141 0.58125 0.036719 0.073611 4 0.424316 0.785156 0.632639 0.057813 0.084722 0 0.381104 0.981641 0.903472 0.036719 0.159722 2 0.255371 0.877344 0.513194 0.025 0.056944 2 0.2323 0.698828 0.793056 0.046094 0.108333 9 0.223999 0.105078 0.729861 0.105469 0.098611 3 0.19812 0.864453 0.763194 0.092969 0.151389 4 0.180054 0.983203 0.900694 0.033594 0.148611 12 0.180054 0.101953 0.718056 0.103906 0.119444 2 0.149536 0.982031 0.905556 0.035937 0.161111 2 0.147095 0.990625 0.801389 0.01875 0.080556 7 0.137573 0.011328 0.877083 0.022656 0.143056 2 0.108948 0.988281 0.630556 0.023438 0.091667 3 0.106689 0.588672 0.472917 0.035156 0.0625 4 0.08728 0.010937 0.872917 0.021875 0.140278 3 0.081787 0.990625 0.801389 0.01875 0.077778 2 0.080627 0.852734 0.611111 0.028906 0.063889 2 0.057281 0.786719 0.636806 0.053125 0.076389 4 0.037903 0.863281 0.752083 0.095312 0.131944 1 0.028976 0.837109 0.863889 0.042969 0.111111 11 0.020798 0.029297 0.655556 0.057031 0.116667 2 0.019348 0.855469 0.488889 0.025 0.052778 9 0.018982 0.024609 0.872917 0.049219 0.145833 10 0.017044 0.029687 0.654167 0.059375 0.125 1 0.016663 0.853906 0.609722 0.03125 0.069444 0 0.016098 0.700391 0.79375 0.047656 0.109722 1 0.01519 0.994922 0.729167 0.010156 0.075 2 0.014336 0.994922 0.74375 0.010156 0.081944 2 0.012924 0.988281 0.871528 0.023438 0.131944 2 0.011246 0.862891 0.569444 0.042969 0.080556 2 0.010246 0.835547 0.483333 0.019531 0.05 3 0.006096 0.485156 0.247917 0.023438 0.034722 3 0.005554 0.535547 0.25625 0.021094 0.034722 12 0.004944 0.023828 0.625 0.047656 0.183333 1 0.0047 0.990625 0.73125 0.01875 0.073611 2 0.004665 0.111719 0.732639 0.0875 0.093056 4 0.004417 0.535547 0.25625 0.021094 0.034722 2 0.00433 0.292187 0.390278 0.020313 0.041667 1 0.003075 0.699609 0.79375 0.044531 0.115278 4 0.003027 0.484766 0.246528 0.024219 0.034722 11 0.002913 0.101172 0.672222 0.103906 0.208333 9 0.002867 0.015234 0.860417 0.030469 0.148611 11 0.002415 0.988281 0.610417 0.023438 0.170833 10 0.002405 0.988281 0.853472 0.023438 0.293056 3 0.002378 0.3 0.338889 0.01875 0.030556 1 0.002369 0.712891 0.388889 0.013281 0.036111 1 0.00215 0.694531 0.371528 0.0125 0.034722 2 0.00215 0.237109 0.5625 0.025781 0.055556 10 0.001904 0.990625 0.777778 0.01875 0.269444 12 0.001875 0.951562 0.997222 0.096875 0.005556 2 0.001803 0.133203 0.731944 0.042969 0.080556 2 0.001775 0.989844 0.74375 0.01875 0.101389 3 0.001597 0.855469 0.570833 0.0375 0.072222 2 0.001574 0.860938 0.497917 0.026562 0.059722 3 0.001549 0.894922 0.470139 0.046094 0.051389 3 0.001501 0.043359 0.995139 0.086719 0.009722 2 0.001467 0.298438 0.383333 0.015625 0.041667 1 0.001427 0.75 0.423611 0.021875 0.033333 1 0.00141 0.981641 0.915972 0.036719 0.120833 3 0.001378 0.644141 0.771528 0.057031 0.1125 9 0.001341 0.264453 0.474306 0.033594 0.059722 2 0.001294 0.844922 0.580556 0.030469 0.055556 2 0.001265 0.841406 0.574306 0.020313 0.048611 9 0.001206 0.972266 0.590278 0.055469 0.127778 0 0.001206 0.214453 0.645833 0.027344 0.058333 3 0.001188 0.960156 0.991667 0.078125 0.016667 11 0.001143 0.974609 0.608333 0.050781 0.158333 11 0.001081 0.039844 0.133333 0.078125 0.147222 2 0.001078 0.485547 0.246528 0.022656 0.034722 3 0.00104 0.639844 0.800694 0.071875 0.148611 1 0.00104 0.841406 0.794444 0.053125 0.127778 3 0.00097 0.983984 0.9125 0.032031 0.138889 12 0.000947 0.980469 0.905556 0.039062 0.186111 2 0.000926 0.863281 0.772917 0.101562 0.176389 12 0.000894 0.010937 0.875 0.021875 0.213889 2 0.000856 0.239063 0.54375 0.025 0.0625 2 0.000843 0.712891 0.359722 0.016406 0.030556 0 0.000833 0.101562 0.717361 0.103125 0.123611 10 0.000792 0.980469 0.902083 0.039062 0.195833 12 0.000773 0.100391 0.658333 0.105469 0.230556 4 0.000735 0.866406 0.811111 0.10625 0.25 4 0.000721 0.891016 0.466667 0.050781 0.058333 10 0.000685 0.021094 0.620833 0.042188 0.188889 2 0.000644 0.991406 0.698611 0.017188 0.205556 2 0.000631 0.329688 0.372222 0.01875 0.058333 0 0.000627 0.301953 0.532639 0.028906 0.065278 10 0.000624 0.169141 0.570833 0.072656 0.133333 1 0.000609 0.841406 0.572917 0.01875 0.048611 0 0.000593 0.893359 0.905556 0.078906 0.147222 7 0.000566 0.264844 0.473611 0.034375 0.063889 0 0.000532 0.78125 0.630556 0.0625 0.102778 3 0.000511 0.008984 0.583333 0.017969 0.066667
CCTV02^20260511-140000-20260511-142440_002844,10 0.916016 0.347266 0.404167 0.044531 0.130556 2 0.866211 0.159766 0.685417 0.042969 0.079167 10 0.860352 0.310156 0.672917 0.103125 0.270833 3 0.842773 0.592969 0.593056 0.05 0.088889 2 0.795898 0.935156 0.672917 0.046875 0.0875 2 0.791992 0.314063 0.389583 0.01875 0.048611 3 0.779785 0.927344 0.811806 0.076563 0.134722 5 0.771973 0.636328 0.347222 0.033594 0.055556 2 0.767578 0.268359 0.570833 0.028906 0.063889 2 0.662109 0.594531 0.361111 0.028125 0.047222 4 0.637207 0.754297 0.564583 0.069531 0.109722 3 0.62793 0.31875 0.313194 0.020313 0.034722 2 0.609375 0.291406 0.525 0.03125 0.055556 2 0.550781 0.979297 0.679861 0.039844 0.0875 2 0.548828 0.235547 0.946528 0.061719 0.106944 2 0.544922 0.919141 0.581944 0.035156 0.072222 9 0.488281 0.754297 0.563194 0.069531 0.106944 2 0.476562 0.383594 0.329167 0.014063 0.036111 2 0.395996 0.396875 0.345833 0.020313 0.047222 2 0.38501 0.306641 0.538889 0.024219 0.055556 3 0.336426 0.426172 0.279861 0.019531 0.031944 2 0.267334 0.990625 0.805556 0.01875 0.086111 2 0.118408 0.571875 0.327778 0.01875 0.041667 3 0.105957 0.990234 0.805556 0.019531 0.086111 0 0.089478 0.571484 0.327083 0.019531 0.043056 2 0.061646 0.990625 0.641667 0.01875 0.113889 2 0.029312 0.994141 0.7375 0.011719 0.083333 2 0.019943 0.3875 0.329167 0.023438 0.041667 1 0.012825 0.190625 0.672917 0.017188 0.051389 1 0.012291 0.996094 0.550694 0.007812 0.045833 1 0.010857 0.710547 0.386806 0.016406 0.031944 1 0.010368 0.994141 0.734028 0.011719 0.084722 2 0.008156 0.851953 0.484722 0.027344 0.072222 10 0.008095 0.029297 0.653472 0.058594 0.126389 3 0.007374 0.540234 0.261111 0.019531 0.036111 11 0.005665 0.028906 0.652083 0.057813 0.123611 2 0.003914 0.466406 0.253472 0.020313 0.040278 3 0.003824 0.65625 0.760417 0.071875 0.0625 2 0.003809 0.289453 0.390278 0.021094 0.044444 2 0.003708 0.995313 0.490278 0.009375 0.055556 1 0.003248 0.118359 0.715972 0.021094 0.043056 6 0.002758 0.225781 0.599306 0.045312 0.109722 7 0.002737 0.466406 0.253472 0.020313 0.040278 2 0.002434 0.237891 0.560417 0.025781 0.056944 1 0.002342 0.959375 0.611806 0.032813 0.065278 2 0.002253 0.299219 0.381944 0.015625 0.041667 0 0.002216 0.961719 0.577778 0.032813 0.069444 10 0.002083 0.226562 0.599306 0.045312 0.118056 0 0.002068 0.711719 0.393056 0.023438 0.044444 2 0.002058 0.996484 0.53125 0.007031 0.068056 11 0.002003 0.991406 0.738194 0.017188 0.226389 2 0.001987 0.239063 0.545833 0.025 0.061111 1 0.0017 0.826562 0.840972 0.029687 0.084722 10 0.001675 0.990625 0.823611 0.01875 0.286111 12 0.001507 0.950781 0.997917 0.098437 0.004167 11 0.001432 0.989453 0.607639 0.021094 0.184722 2 0.001416 0.989453 0.741667 0.019531 0.1 2 0.001356 0.978125 0.542361 0.023438 0.051389 1 0.001225 0.990625 0.725 0.017188 0.063889 3 0.001134 0.302734 0.336806 0.013281 0.029167 2 0.001124 0.290234 0.543056 0.021094 0.05 9 0.001116 0.302734 0.764583 0.078906 0.101389 0 0.001008 0.301172 0.528472 0.027344 0.059722 2 0.001 0.258203 0.486806 0.025781 0.054167 1 0.00094 0.120703 0.702083 0.021094 0.054167 10 0.000918 0.994922 0.583333 0.010156 0.111111 2 0.000918 0.16875 0.759722 0.032813 0.055556 2 0.000894 0.983984 0.625 0.025781 0.086111 11 0.000869 0.041016 0.1375 0.082031 0.155556 12 0.000863 0.033594 0.626389 0.067187 0.186111 10 0.000846 0.989453 0.580556 0.021094 0.202778 1 0.000785 0.698828 0.372917 0.016406 0.034722 0 0.000773 0.995313 0.833333 0.009375 0.138889 2 0.000661 0.854297 0.465972 0.025781 0.054167 4 0.000619 0.924609 0.511111 0.046094 0.077778 0 0.000588 0.571484 0.298611 0.014844 0.030556 12 0.000582 0.995703 0.10625 0.008594 0.0875 2 0.000562 0.270703 0.463889 0.030469 0.058333 2 0.000524 0.303516 0.369444 0.017969 0.038889 7 0.000513 0.302734 0.764583 0.075781 0.098611 2 0.000511 0.30625 0.354167 0.01875 0.036111 2 0.000509 0.991406 0.705556 0.017188 0.222222 10 0.000507 0.169531 0.566667 0.076563 0.127778
CCTV02^20260511-140000-20260511-142440_002848,2 0.875 0.159375 0.684722 0.040625 0.080556 10 0.870117 0.341797 0.560417 0.086719 0.206944 10 0.84082 0.347266 0.401389 0.042969 0.125 2 0.836426 0.957422 0.708333 0.047656 0.086111 3 0.830078 0.45625 0.577083 0.0375 0.070833 4 0.811523 0.633594 0.413194 0.035937 0.056944 2 0.809082 0.657422 0.568056 0.030469 0.072222 5 0.79834 0.636328 0.347917 0.033594 0.054167 9 0.795898 0.459766 0.375694 0.033594 0.079167 2 0.785156 0.267969 0.572222 0.028125 0.063889 2 0.78418 0.640234 0.473611 0.028906 0.055556 2 0.771973 0.686328 0.465972 0.032031 0.056944 2 0.692871 0.396094 0.334028 0.017188 0.0375 2 0.686035 0.314063 0.388889 0.01875 0.047222 2 0.620605 0.919141 0.583333 0.033594 0.072222 3 0.602051 0.31875 0.3125 0.020313 0.036111 0 0.364746 0.24375 0.636806 0.0375 0.076389 4 0.346924 0.965234 0.877083 0.069531 0.1875 5 0.289307 0.965234 0.877778 0.069531 0.186111 2 0.193115 0.291406 0.522917 0.03125 0.051389 2 0.182373 0.982812 0.680556 0.034375 0.094444 9 0.10376 0.966016 0.882639 0.067969 0.198611 10 0.060974 0.029297 0.654167 0.058594 0.125 11 0.045013 0.028906 0.65625 0.05625 0.115278 1 0.029205 0.201563 0.659722 0.021875 0.058333 2 0.026459 0.990625 0.631944 0.01875 0.097222 2 0.025665 0.302344 0.536806 0.021875 0.068056 3 0.02153 0.989453 0.819444 0.021094 0.111111 2 0.015671 0.991797 0.811806 0.016406 0.095833 0 0.010208 0.201563 0.660417 0.021875 0.059722 3 0.008713 0.656641 0.754861 0.074219 0.073611 7 0.008347 0.459375 0.375 0.034375 0.077778 2 0.008156 0.995313 0.747917 0.009375 0.065278 1 0.007965 0.11875 0.713889 0.020313 0.047222 5 0.00639 0.989062 0.842361 0.021875 0.148611 5 0.006264 0.965625 0.829167 0.067187 0.086111 1 0.006123 0.934766 0.632639 0.025781 0.0625 2 0.005688 0.987109 0.653472 0.025781 0.148611 1 0.005161 0.995313 0.735417 0.009375 0.0875 10 0.004906 0.988281 0.852778 0.023438 0.291667 2 0.003376 0.925391 0.513194 0.047656 0.073611 3 0.003325 0.990625 0.859028 0.01875 0.159722 2 0.003004 0.996094 0.726389 0.007812 0.080556 2 0.002714 0.996094 0.532639 0.007812 0.054167 12 0.002453 0.034766 0.629167 0.069531 0.177778 0 0.00227 0.964453 0.88125 0.069531 0.195833 12 0.002253 0.954297 0.990972 0.091406 0.018056 3 0.002035 0.637891 0.320833 0.030469 0.044444 2 0.00202 0.244531 0.63125 0.032813 0.068056 2 0.001831 0.316016 0.402083 0.019531 0.0625 0 0.001824 0.962109 0.575 0.028906 0.061111 2 0.001501 0.2375 0.563194 0.03125 0.056944 7 0.001495 0.965234 0.880556 0.069531 0.194444 2 0.001455 0.707422 0.391667 0.021094 0.036111 2 0.00123 0.983594 0.511111 0.017188 0.038889 2 0.001197 0.892188 0.75625 0.023438 0.051389 1 0.001179 0.121875 0.697222 0.01875 0.05 1 0.001124 0.957031 0.61875 0.034375 0.068056 2 0.001095 0.995703 0.511111 0.008594 0.075 11 0.001073 0.042578 0.138194 0.085156 0.159722 0 0.000933 0.708203 0.396528 0.021094 0.040278 2 0.000915 0.753516 0.394444 0.022656 0.047222 3 0.000911 0.891406 0.468056 0.05 0.05 2 0.000869 0.990625 0.729167 0.017188 0.086111 9 0.000843 0.989062 0.621528 0.020313 0.093056 2 0.00083 0.984766 0.620139 0.024219 0.070833 0 0.000735 0.006641 0.685417 0.013281 0.090278 10 0.000712 0.989062 0.583333 0.021875 0.222222 3 0.000699 0.876172 0.457639 0.041406 0.048611 1 0.000597 0.830469 0.857639 0.034375 0.115278 2 0.000588 0.996094 0.552778 0.007812 0.058333 10 0.000566 0.995313 0.585417 0.009375 0.101389 4 0.000544 0.8875 0.464583 0.057813 0.059722 1 0.000515 0.832031 0.826389 0.032813 0.097222 1 0.000513 0.099609 0.951389 0.047656 0.097222
CCTV02^20260511-140000-20260511-142440_002852,10 0.904785 0.347266 0.404167 0.044531 0.130556 2 0.875977 0.159375 0.684722 0.042188 0.080556 2 0.865234 0.957031 0.706944 0.048438 0.086111 2 0.833496 0.273047 0.557639 0.030469 0.0625 5 0.825684 0.636719 0.347222 0.034375 0.055556 2 0.803223 0.307422 0.543056 0.027344 0.061111 2 0.800781 0.257031 0.668056 0.05 0.077778 3 0.790527 0.414062 0.675 0.048438 0.083333 2 0.777344 0.376172 0.491667 0.024219 0.055556 3 0.771973 0.288281 0.740278 0.09375 0.088889 2 0.751953 0.314063 0.388889 0.01875 0.047222 2 0.73877 0.385156 0.4375 0.021875 0.052778 3 0.642578 0.319141 0.3125 0.021094 0.036111 2 0.552734 0.91875 0.583333 0.035937 0.075 2 0.44165 0.801953 0.461111 0.027344 0.058333 10 0.348633 0.414453 0.302083 0.032031 0.093056 4 0.309082 0.479687 0.275694 0.023438 0.056944 3 0.213379 0.990625 0.805556 0.01875 0.086111 2 0.185913 0.982031 0.682639 0.035937 0.098611 9 0.163452 0.456641 0.379167 0.032031 0.072222 2 0.107788 0.990625 0.80625 0.01875 0.090278 2 0.070801 0.991406 0.632639 0.017188 0.098611 10 0.052826 0.029687 0.652083 0.059375 0.129167 11 0.052826 0.029297 0.655556 0.057031 0.116667 7 0.023331 0.479297 0.26875 0.025781 0.065278 2 0.022461 0.995313 0.74375 0.009375 0.070833 2 0.019424 0.988281 0.652083 0.023438 0.148611 2 0.019058 0.291797 0.516667 0.030469 0.038889 1 0.011551 0.996094 0.539583 0.007812 0.051389 11 0.011032 0.039062 0.1375 0.078125 0.155556 3 0.009743 0.449219 0.234028 0.021875 0.040278 2 0.007095 0.237891 0.641667 0.032031 0.088889 3 0.006027 0.877344 0.456944 0.046875 0.05 1 0.0056 0.11875 0.714583 0.020313 0.045833 3 0.003914 0.414453 0.3 0.030469 0.083333 2 0.00375 0.995703 0.497917 0.008594 0.076389 1 0.003538 0.121094 0.702083 0.020313 0.051389 2 0.003525 0.994141 0.713889 0.011719 0.069444 2 0.002993 0.990234 0.909028 0.019531 0.179167 0 0.002935 0.304297 0.534028 0.025781 0.070833 2 0.0028 0.270703 0.463194 0.030469 0.054167 12 0.002512 0.953125 0.998611 0.09375 0.002778 2 0.002253 0.994531 0.913889 0.010937 0.163889 1 0.0021 0.936328 0.634028 0.021094 0.048611 10 0.002083 0.038281 0.140972 0.076563 0.156944 10 0.001875 0.990234 0.824306 0.019531 0.331944 2 0.001741 0.892578 0.755556 0.024219 0.055556 0 0.001727 0.964063 0.579861 0.032813 0.073611 2 0.001549 0.996094 0.878472 0.007812 0.1375 2 0.001444 0.479687 0.263194 0.025 0.056944 2 0.001346 0.994141 0.833333 0.011719 0.127778 9 0.001265 0.989453 0.627083 0.019531 0.101389 1 0.001225 0.827734 0.840278 0.028906 0.080556 2 0.001161 0.292578 0.383333 0.022656 0.052778 10 0.001161 0.995313 0.588889 0.009375 0.119444 3 0.001107 0.298047 0.344444 0.025781 0.041667 0 0.001032 0.235547 0.646528 0.033594 0.081944 3 0.001008 0.632422 0.80625 0.085156 0.145833 12 0.00094 0.042969 0.626389 0.085938 0.180556 0 0.000937 0.007031 0.682639 0.014063 0.090278 1 0.000911 0.939844 0.625694 0.025 0.065278 10 0.000873 0.989453 0.577778 0.021094 0.222222 12 0.00083 0.995313 0.109028 0.009375 0.090278 1 0.000792 0.830859 0.822222 0.032031 0.080556 10 0.000738 0.325391 0.254861 0.028906 0.068056 1 0.000732 0.985547 0.801389 0.027344 0.083333 2 0.000712 0.960547 0.604861 0.036719 0.095833 10 0.00071 0.988281 0.897917 0.023438 0.204167 2 0.000661 0.973437 0.520139 0.034375 0.079167 11 0.000654 0.990234 0.64375 0.019531 0.2125 2 0.000638 0.978125 0.622222 0.029687 0.088889 3 0.000557 0.019141 0.619444 0.038281 0.136111 2 0.000536 0.787109 0.456944 0.024219 0.052778 2 0.000511 0.235937 0.545833 0.032813 0.072222
CCTV02^20260511-140000-20260511-142440_002856,10 0.912598 0.347656 0.404861 0.045312 0.131944 2 0.865234 0.159766 0.684722 0.042969 0.077778 2 0.862305 0.957031 0.707639 0.048438 0.084722 2 0.810547 0.273047 0.560417 0.028906 0.056944 2 0.809082 0.308594 0.539583 0.028125 0.059722 2 0.809082 0.341406 0.560417 0.03125 0.068056 3 0.777344 0.446094 0.407639 0.025 0.048611 2 0.773438 0.314063 0.389583 0.01875 0.045833 5 0.747559 0.636719 0.347917 0.034375 0.056944 3 0.645996 0.319141 0.311806 0.019531 0.034722 0 0.629883 0.238281 0.639583 0.0375 0.076389 2 0.611328 0.595313 0.344444 0.017188 0.041667 2 0.567871 0.919531 0.584028 0.034375 0.073611 2 0.539062 0.783594 0.565278 0.035937 0.072222 2 0.451416 0.383984 0.301389 0.017969 0.036111 10 0.37207 0.497266 0.279167 0.038281 0.075 2 0.180054 0.981641 0.683333 0.036719 0.097222 3 0.180054 0.990625 0.80625 0.01875 0.084722 2 0.172119 0.417969 0.301389 0.021875 0.05 2 0.146606 0.990625 0.80625 0.01875 0.084722 2 0.125977 0.279297 0.525 0.033594 0.044444 2 0.040985 0.990625 0.629861 0.01875 0.098611 11 0.039337 0.030859 0.656944 0.061719 0.136111 2 0.030792 0.989062 0.926389 0.021875 0.141667 10 0.024704 0.030859 0.655556 0.061719 0.136111 1 0.023865 0.996094 0.542361 0.007812 0.045833 2 0.019196 0.783984 0.479861 0.024219 0.045833 2 0.017303 0.995313 0.74375 0.009375 0.065278 2 0.009743 0.996484 0.530556 0.007031 0.052778 2 0.00885 0.465234 0.233333 0.013281 0.030556 2 0.00729 0.269922 0.463889 0.030469 0.055556 0 0.006824 0.782422 0.480556 0.027344 0.047222 2 0.006824 0.987109 0.646528 0.025781 0.154167 2 0.006123 0.995313 0.490278 0.009375 0.055556 9 0.005447 0.989453 0.624306 0.021094 0.090278 2 0.005119 0.992969 0.936806 0.014063 0.123611 1 0.004848 0.570312 0.7625 0.014063 0.038889 2 0.004608 0.995313 0.911111 0.009375 0.127778 2 0.00425 0.292969 0.395139 0.01875 0.043056 4 0.004005 0.637891 0.349306 0.032031 0.059722 2 0.00399 0.976953 0.543056 0.024219 0.05 2 0.003944 0.994141 0.717361 0.011719 0.065278 2 0.003223 0.892188 0.755556 0.023438 0.055556 0 0.003063 0.962891 0.573611 0.030469 0.058333 10 0.002867 0.990234 0.828472 0.019531 0.326389 2 0.002378 0.996094 0.8875 0.007812 0.1 2 0.002287 0.984766 0.622917 0.025781 0.076389 3 0.002165 0.988281 0.932639 0.023438 0.129167 10 0.001987 0.989453 0.897222 0.021094 0.205556 2 0.001714 0.980859 0.513194 0.021094 0.045833 1 0.001611 0.828906 0.8375 0.028125 0.080556 1 0.001543 0.960547 0.621528 0.027344 0.065278 3 0.001536 0.879687 0.461111 0.05 0.052778 10 0.001467 0.994922 0.588194 0.010156 0.1125 2 0.001389 0.926172 0.511111 0.046094 0.077778 4 0.001351 0.924609 0.511806 0.046094 0.079167 1 0.001315 0.119922 0.706944 0.024219 0.055556 4 0.001309 0.047266 0.135417 0.071094 0.1375 12 0.001265 0.032031 0.632639 0.064062 0.181944 2 0.001184 0.775391 0.488889 0.039844 0.058333 2 0.001032 0.032422 0.656944 0.064844 0.133333 3 0.000922 0.707812 0.36875 0.029687 0.043056 1 0.000843 0.573047 0.752778 0.016406 0.055556 7 0.000798 0.739453 0.809028 0.102344 0.148611 10 0.000795 0.325391 0.255556 0.028906 0.069444 0 0.000785 0.967578 0.561806 0.032031 0.0625 1 0.000767 0.936328 0.633333 0.022656 0.047222 12 0.000735 0.953516 0.997917 0.092969 0.004167 0 0.000732 0.725781 0.403472 0.015625 0.031944 1 0.000724 0.724609 0.402778 0.013281 0.030556 10 0.000715 0.014844 0.649306 0.029687 0.156944 2 0.000688 0.385937 0.307639 0.021875 0.051389 2 0.000672 0.922656 0.538889 0.034375 0.05 1 0.000651 0.891406 0.759028 0.023438 0.056944 11 0.000624 0.989453 0.621528 0.021094 0.195833 10 0.000607 0.990234 0.588889 0.019531 0.205556 12 0.000602 0.996094 0.099306 0.007812 0.081944 2 0.0006 0.584375 0.336111 0.029687 0.044444 10 0.000575 0.021875 0.624306 0.04375 0.193056 3 0.000507 0.657031 0.759722 0.071875 0.075 2 0.000504 0.754687 0.396528 0.023438 0.043056 1 0.000504 0.101953 0.949306 0.050781 0.098611
CCTV02^20260511-140000-20260511-142440_002860,10 0.918945 0.346484 0.403472 0.044531 0.131944 2 0.858887 0.159375 0.684722 0.042188 0.080556 2 0.850098 0.957422 0.70625 0.047656 0.084722 5 0.801758 0.636719 0.347917 0.034375 0.056944 2 0.800781 0.314063 0.388889 0.01875 0.047222 2 0.782715 0.282813 0.632639 0.042188 0.079167 2 0.767578 0.413672 0.396528 0.017969 0.043056 2 0.763672 0.655078 0.456944 0.027344 0.055556 2 0.744629 0.282813 0.534028 0.039062 0.0625 2 0.73877 0.255469 0.747222 0.045312 0.088889 2 0.726562 0.385547 0.388889 0.019531 0.044444 2 0.726562 0.614844 0.388194 0.021875 0.045833 2 0.713867 0.552734 0.317361 0.017969 0.040278 2 0.694336 0.588281 0.390972 0.021875 0.043056 3 0.684082 0.31875 0.3125 0.020313 0.036111 2 0.602051 0.3875 0.323611 0.017188 0.036111 2 0.554688 0.919922 0.584028 0.036719 0.073611 2 0.544922 0.899219 0.724306 0.042188 0.118056 2 0.513672 0.791797 0.596528 0.039844 0.073611 0 0.363037 0.239063 0.640972 0.035937 0.079167 2 0.1427 0.991406 0.803472 0.017188 0.079167 2 0.121277 0.872656 0.638889 0.029687 0.077778 3 0.116333 0.990625 0.804167 0.01875 0.077778 2 0.087891 0.989453 0.635417 0.021094 0.090278 2 0.080078 0.982812 0.681944 0.034375 0.094444 2 0.068787 0.845313 0.573611 0.028125 0.055556 2 0.026962 0.991406 0.716667 0.017188 0.066667 2 0.025085 0.994922 0.739583 0.010156 0.079167 10 0.013901 0.03125 0.654861 0.060937 0.123611 2 0.008156 0.292578 0.382639 0.022656 0.048611 1 0.004505 0.996094 0.540972 0.007812 0.048611 3 0.00399 0.297266 0.340278 0.022656 0.033333 2 0.00399 0.996484 0.533333 0.007031 0.055556 1 0.002672 0.118359 0.713889 0.021094 0.044444 2 0.00259 0.785937 0.475694 0.025 0.056944 1 0.00255 0.572266 0.299306 0.011719 0.031944 3 0.002415 0.844922 0.666667 0.046094 0.091667 2 0.002405 0.994141 0.486806 0.011719 0.0625 10 0.002115 0.990625 0.761111 0.01875 0.238889 1 0.001579 0.319531 0.472222 0.014063 0.055556 2 0.001561 0.995313 0.55 0.009375 0.058333 0 0.001432 0.280078 0.549306 0.033594 0.0625 10 0.001335 0.021094 0.628472 0.042188 0.181944 2 0.00133 0.571484 0.304167 0.011719 0.036111 1 0.001147 0.827734 0.840972 0.030469 0.081944 2 0.00097 0.992578 0.618056 0.014844 0.105556 1 0.00097 0.788281 0.644444 0.029687 0.063889 12 0.000904 0.022656 0.616667 0.045312 0.2 0 0.000856 0.245703 0.770139 0.027344 0.051389 3 0.00082 0.469922 0.05 0.089844 0.1 2 0.000798 0.270313 0.464583 0.03125 0.059722 12 0.000704 0.953516 0.997917 0.092969 0.004167 2 0.000672 0.981641 0.518056 0.021094 0.052778 2 0.000672 0.259766 0.729167 0.033594 0.055556 10 0.000634 0.994922 0.579861 0.010156 0.106944 10 0.000634 0.988281 0.890278 0.023438 0.219444 11 0.000605 0.029297 0.654167 0.057031 0.113889 6 0.000584 0.228125 0.602083 0.048438 0.115278 12 0.000548 0.995313 0.108333 0.009375 0.1 12 0.000515 0.785937 0.602778 0.053125 0.1 2 0.000507 0.778906 0.471528 0.032813 0.056944
CCTV02^20260511-140000-20260511-142440_002864,10 0.909668 0.347656 0.404167 0.045312 0.130556 2 0.82666 0.951172 0.852083 0.055469 0.118056 5 0.819824 0.636719 0.347222 0.032813 0.055556 2 0.813965 0.311328 0.684722 0.038281 0.083333 2 0.813965 0.957422 0.707639 0.046094 0.0875 3 0.804199 0.513281 0.334722 0.025 0.041667 2 0.791992 0.314063 0.388194 0.01875 0.045833 3 0.771973 0.578125 0.427778 0.034375 0.058333 2 0.767578 0.192969 0.689583 0.048438 0.076389 2 0.762207 0.621484 0.366667 0.021094 0.041667 3 0.723145 0.31875 0.3125 0.020313 0.036111 2 0.70752 0.917578 0.746528 0.042969 0.098611 2 0.702637 0.160938 0.682639 0.04375 0.081944 2 0.633301 0.980469 0.817361 0.039062 0.109722 2 0.613281 0.831641 0.506944 0.022656 0.061111 2 0.59082 0.919531 0.584028 0.034375 0.073611 3 0.505859 0.473828 0.274306 0.021094 0.031944 1 0.44165 0.777734 0.461806 0.017969 0.045833 2 0.213379 0.981641 0.68125 0.036719 0.098611 2 0.19812 0.530859 0.270833 0.016406 0.033333 2 0.079224 0.507422 0.265972 0.014844 0.031944 2 0.038025 0.991797 0.630556 0.016406 0.091667 10 0.036896 0.036328 0.654167 0.072656 0.133333 2 0.025864 0.981641 0.781944 0.036719 0.138889 2 0.015488 0.994141 0.776389 0.011719 0.113889 2 0.00885 0.292578 0.382639 0.022656 0.051389 11 0.007843 0.034766 0.65625 0.069531 0.126389 0 0.007347 0.695703 0.370139 0.021094 0.0375 2 0.006798 0.990625 0.704861 0.01875 0.0625 2 0.006668 0.754687 0.392361 0.023438 0.045833 2 0.005981 0.987891 0.65625 0.024219 0.145833 1 0.005062 0.775391 0.463889 0.030469 0.052778 3 0.00502 0.298438 0.338889 0.020313 0.030556 1 0.003885 0.11875 0.713194 0.020313 0.048611 3 0.003796 0.507031 0.334028 0.03125 0.054167 12 0.003679 0.955859 0.997222 0.088281 0.005556 0 0.003016 0.780078 0.419444 0.016406 0.030556 2 0.002846 0.994922 0.526389 0.010156 0.063889 4 0.00205 0.845313 0.663194 0.05 0.098611 3 0.001972 0.65625 0.757639 0.071875 0.068056 0 0.001636 0.850781 0.814583 0.071875 0.176389 2 0.00149 0.035547 0.663889 0.071094 0.127778 11 0.001461 0.984766 0.786806 0.030469 0.215278 10 0.001335 0.987891 0.580556 0.024219 0.230556 2 0.001315 0.241406 0.534722 0.029687 0.058333 3 0.001249 0.632812 0.804861 0.089063 0.140278 0 0.001245 0.241016 0.536111 0.028906 0.061111 3 0.001197 0.877344 0.457639 0.042188 0.048611 2 0.001151 0.316016 0.403472 0.019531 0.054167 2 0.001065 0.778516 0.467361 0.024219 0.056944 2 0.00104 0.3125 0.375694 0.017188 0.040278 2 0.000929 0.8625 0.638889 0.040625 0.075 2 0.000904 0.994922 0.872917 0.010156 0.090278 10 0.000897 0.014453 0.617361 0.028906 0.198611 2 0.000846 0.991797 0.518056 0.016406 0.066667 9 0.00083 0.988672 0.622222 0.021094 0.108333 1 0.000792 0.889062 0.757639 0.01875 0.059722 2 0.000738 0.3 0.372222 0.020313 0.041667 2 0.000727 0.626563 0.361806 0.029687 0.043056 12 0.000641 0.842578 0.675694 0.058594 0.168056 3 0.000634 0.902734 0.475694 0.027344 0.034722 3 0.000607 0.84375 0.663194 0.046875 0.090278 10 0.000593 0.990625 0.886111 0.01875 0.227778 2 0.000553 0.995313 0.563889 0.009375 0.083333 12 0.000548 0.995703 0.103472 0.008594 0.104167 4 0.00054 0.924219 0.513194 0.045312 0.076389 11 0.000532 0.989453 0.646528 0.021094 0.226389 11 0.000532 0.987109 0.736111 0.025781 0.213889 2 0.000513 0.989453 0.708333 0.021094 0.227778
CCTV02^20260511-140000-20260511-142440_002868,7 0.931152 0.40625 0.431944 0.03125 0.072222 10 0.924316 0.347656 0.404861 0.04375 0.129167 2 0.889648 0.957031 0.706944 0.048438 0.086111 2 0.880859 0.159766 0.686111 0.042969 0.080556 2 0.812988 0.314063 0.388889 0.01875 0.047222 5 0.792969 0.636328 0.347222 0.033594 0.055556 3 0.792969 0.469141 0.559722 0.033594 0.066667 2 0.773438 0.703125 0.434028 0.028125 0.048611 2 0.766113 0.299609 0.54375 0.027344 0.068056 3 0.733887 0.588672 0.414583 0.032031 0.051389 2 0.725098 0.394141 0.347222 0.017969 0.038889 3 0.65332 0.31875 0.311806 0.020313 0.034722 1 0.567871 0.600781 0.368056 0.014063 0.038889 2 0.535156 0.919531 0.584028 0.035937 0.076389 2 0.527344 0.855859 0.546528 0.033594 0.059722 9 0.488281 0.510938 0.293056 0.035937 0.058333 3 0.377441 0.339062 0.916667 0.079687 0.152778 11 0.276611 0.510547 0.292361 0.036719 0.056944 5 0.169922 0.338672 0.917361 0.082031 0.156944 3 0.147095 0.990625 0.805556 0.01875 0.083333 2 0.142212 0.990625 0.805556 0.01875 0.083333 2 0.086914 0.982031 0.68125 0.035937 0.095833 2 0.061188 0.991406 0.629861 0.017188 0.095833 2 0.030212 0.292187 0.39375 0.01875 0.045833 2 0.028214 0.779297 0.482639 0.024219 0.054167 11 0.025955 0.029297 0.652778 0.058594 0.125 2 0.019119 0.833203 0.552083 0.016406 0.051389 1 0.0149 0.996094 0.539583 0.007812 0.051389 10 0.014839 0.029687 0.651389 0.059375 0.130556 2 0.014839 0.988672 0.670833 0.022656 0.122222 2 0.012337 0.877344 0.476389 0.028125 0.055556 1 0.011963 0.119141 0.713194 0.021094 0.048611 4 0.010567 0.877344 0.475694 0.028125 0.056944 4 0.008881 0.226562 0.599306 0.045312 0.106944 2 0.006462 0.301172 0.383333 0.021094 0.044444 1 0.005577 0.830859 0.840278 0.035156 0.094444 2 0.005322 0.995313 0.545139 0.009375 0.056944 2 0.005039 0.995313 0.747222 0.009375 0.080556 2 0.003824 0.994922 0.718056 0.010156 0.080556 3 0.003286 0.299609 0.338889 0.019531 0.030556 0 0.003235 0.239844 0.535417 0.029687 0.059722 1 0.003099 0.569531 0.763194 0.0125 0.0375 9 0.002823 0.634375 0.8125 0.101562 0.144444 10 0.002378 0.227344 0.6 0.046875 0.113889 10 0.002333 0.990625 0.797222 0.01875 0.302778 2 0.001755 0.770703 0.44375 0.022656 0.043056 9 0.001748 0.990625 0.627083 0.01875 0.095833 6 0.001687 0.226562 0.599306 0.046875 0.106944 10 0.001579 0.995313 0.592361 0.009375 0.120833 12 0.001561 0.953125 0.997917 0.09375 0.004167 2 0.001294 0.239844 0.535417 0.029687 0.059722 2 0.001206 0.302734 0.369444 0.017969 0.038889 3 0.001197 0.637891 0.324306 0.030469 0.048611 1 0.001179 0.600391 0.375694 0.019531 0.054167 1 0.001143 0.120703 0.945139 0.088281 0.109722 2 0.001073 0.996484 0.518056 0.007031 0.072222 9 0.001048 0.226953 0.599306 0.046094 0.106944 2 0.000985 0.972266 0.542361 0.033594 0.0625 3 0.000981 0.019141 0.6125 0.038281 0.122222 2 0.000944 0.957812 0.595833 0.029687 0.066667 1 0.000922 0.592578 0.372917 0.030469 0.048611 2 0.000886 0.892188 0.755556 0.023438 0.055556 2 0.000843 0.938281 0.6125 0.035937 0.086111 3 0.000798 0.054297 0.995139 0.108594 0.009722 2 0.000773 0.226562 0.599306 0.046875 0.115278 10 0.000704 0.990625 0.586111 0.01875 0.225 2 0.000701 0.994141 0.436806 0.011719 0.095833 2 0.00069 0.754687 0.394444 0.023438 0.044444 1 0.000657 0.9375 0.626389 0.028125 0.066667 0 0.000651 0.339062 0.918056 0.076563 0.15 12 0.000651 0.036719 0.627083 0.073438 0.1875 10 0.000619 0.014453 0.64375 0.028906 0.148611 2 0.000614 0.964063 0.618056 0.023438 0.058333 1 0.000579 0.727344 0.402778 0.0125 0.030556 10 0.00057 0.984766 0.898611 0.030469 0.202778 2 0.000505 0.853125 0.434028 0.01875 0.040278
CCTV02^20260511-140000-20260511-142440_002872,10 0.916504 0.347656 0.404861 0.045312 0.129167 2 0.889648 0.957031 0.708333 0.048438 0.086111 2 0.858887 0.159375 0.685417 0.042188 0.079167 10 0.844238 0.613281 0.509722 0.084375 0.188889 2 0.811523 0.267969 0.586111 0.03125 0.069444 2 0.806641 0.314063 0.388889 0.01875 0.047222 5 0.790527 0.636719 0.347222 0.034375 0.055556 3 0.767578 0.524609 0.359028 0.025781 0.054167 2 0.756348 0.703125 0.433333 0.028125 0.05 2 0.697754 0.882031 0.527083 0.028125 0.0625 3 0.689453 0.31875 0.311806 0.020313 0.034722 3 0.665527 0.022266 0.788194 0.044531 0.073611 2 0.460938 0.919531 0.58125 0.034375 0.070833 2 0.388672 0.790625 0.459722 0.025 0.05 2 0.299072 0.982031 0.681944 0.035937 0.097222 2 0.204346 0.989062 0.632639 0.021875 0.081944 2 0.140381 0.992969 0.807639 0.014063 0.079167 2 0.134766 0.482031 0.25 0.017188 0.030556 3 0.134277 0.991797 0.807639 0.016406 0.079167 2 0.08728 0.827734 0.470139 0.025781 0.056944 0 0.039795 0.202344 0.836111 0.042188 0.091667 11 0.027908 0.033203 0.652778 0.064844 0.119444 2 0.023331 0.995313 0.745139 0.009375 0.068056 1 0.019348 0.996094 0.540972 0.007812 0.051389 1 0.018539 0.119531 0.710417 0.021875 0.051389 2 0.015961 0.291016 0.390278 0.017969 0.041667 2 0.010056 0.351562 0.266667 0.014063 0.033333 2 0.009933 0.299609 0.377778 0.017969 0.036111 0 0.006905 0.220312 0.652083 0.032813 0.056944 2 0.006538 0.892188 0.755556 0.023438 0.055556 1 0.005447 0.204297 0.83125 0.039844 0.084722 3 0.004757 0.298438 0.339583 0.020313 0.031944 2 0.004452 0.960547 0.589583 0.025781 0.059722 2 0.004417 0.832031 0.75625 0.032813 0.070833 10 0.004364 0.324609 0.25625 0.027344 0.065278 1 0.003651 0.994141 0.714583 0.011719 0.068056 3 0.00297 0.019531 0.597222 0.039062 0.1 12 0.002531 0.070703 0.624306 0.141406 0.179167 10 0.002522 0.033984 0.653472 0.067969 0.120833 2 0.00215 0.778125 0.446528 0.03125 0.054167 3 0.002083 0.708203 0.367361 0.030469 0.043056 2 0.001867 0.996484 0.516667 0.007031 0.075 2 0.001755 0.345313 0.215278 0.0125 0.022222 10 0.001741 0.989453 0.820833 0.021094 0.338889 6 0.001567 0.226562 0.600694 0.046875 0.106944 2 0.001472 0.989062 0.911806 0.021875 0.170833 1 0.001383 0.891406 0.763194 0.023438 0.0625 1 0.001356 0.121875 0.946528 0.089063 0.106944 1 0.001325 0.826172 0.841667 0.025781 0.075 10 0.001274 0.994141 0.581944 0.011719 0.116667 2 0.001269 0.201953 0.852083 0.044531 0.104167 2 0.001225 0.754687 0.392361 0.023438 0.045833 2 0.001221 0.995313 0.915278 0.009375 0.155556 3 0.001116 0.332031 0.31875 0.017188 0.031944 3 0.001048 0.627344 0.793056 0.0875 0.122222 1 0.000962 0.830859 0.795139 0.032031 0.101389 1 0.000955 0.123438 0.700694 0.03125 0.065278 2 0.000883 0.781641 0.459028 0.038281 0.054167 2 0.000869 0.995313 0.834722 0.009375 0.116667 2 0.000856 0.302734 0.36875 0.017969 0.034722 1 0.000836 0.569922 0.761806 0.013281 0.0375 1 0.000813 0.995703 0.464583 0.008594 0.059722 1 0.000804 0.724609 0.400694 0.011719 0.029167 2 0.000762 0.996094 0.877083 0.007812 0.1125 2 0.000755 0.311328 0.378472 0.017969 0.043056 10 0.000704 0.989062 0.579167 0.021875 0.216667 0 0.000701 0.209766 0.838889 0.064844 0.111111 7 0.000699 0.739453 0.802778 0.099219 0.147222 1 0.000636 0.208594 0.825 0.059375 0.108333 2 0.000631 0.996094 0.488889 0.007812 0.072222 10 0.000617 0.021094 0.627778 0.042188 0.177778 10 0.000617 0.987109 0.896528 0.025781 0.206944 2 0.000575 0.014063 0.784028 0.028125 0.248611 0 0.000548 0.006641 0.691667 0.013281 0.080556 3 0.000542 0.632031 0.759722 0.04375 0.072222 1 0.000534 0.9375 0.63125 0.025 0.059722 4 0.000511 0.586328 0.553472 0.038281 0.101389 12 0.000511 0.955469 0.998611 0.089063 0.002778
CCTV02^20260511-140000-20260511-142440_002876,10 0.927734 0.347266 0.404861 0.044531 0.129167 2 0.871582 0.159375 0.686111 0.042188 0.077778 2 0.868164 0.957031 0.707639 0.048438 0.084722 2 0.817383 0.391797 0.439583 0.024219 0.048611 2 0.812988 0.270703 0.586111 0.035156 0.069444 5 0.805664 0.636719 0.347222 0.032813 0.055556 2 0.799316 0.314063 0.388889 0.01875 0.044444 10 0.790527 0.571484 0.325694 0.064844 0.101389 2 0.767578 0.703125 0.434028 0.028125 0.051389 2 0.754883 0.880859 0.527778 0.027344 0.061111 2 0.741699 0.909766 0.652778 0.041406 0.086111 3 0.730957 0.31875 0.3125 0.020313 0.036111 2 0.651367 0.803125 0.506944 0.021875 0.061111 3 0.457031 0.416797 0.292361 0.019531 0.031944 2 0.44751 0.921094 0.582639 0.035937 0.068056 2 0.352295 0.982031 0.681944 0.035937 0.097222 0 0.243652 0.360547 0.315278 0.016406 0.036111 3 0.196777 0.991797 0.807639 0.016406 0.079167 2 0.130737 0.993359 0.811111 0.013281 0.083333 2 0.124207 0.989453 0.629861 0.021094 0.090278 1 0.044678 0.119141 0.714583 0.021094 0.045833 1 0.014503 0.996094 0.540278 0.007812 0.055556 11 0.006824 0.030469 0.654861 0.060937 0.126389 2 0.006565 0.995313 0.75 0.009375 0.075 1 0.005554 0.830078 0.847917 0.033594 0.101389 2 0.005405 0.873437 0.470833 0.03125 0.058333 1 0.005363 0.120703 0.699306 0.021094 0.054167 3 0.003839 0.300781 0.336806 0.015625 0.026389 6 0.003469 0.226562 0.6 0.045312 0.102778 2 0.003456 0.996094 0.536111 0.007812 0.055556 0 0.003223 0.780078 0.481944 0.021094 0.047222 1 0.002981 0.360156 0.311806 0.015625 0.0375 2 0.00226 0.892188 0.75625 0.023438 0.054167 10 0.002165 0.990625 0.790278 0.01875 0.291667 2 0.002083 0.996484 0.519444 0.007031 0.072222 3 0.002035 0.017578 0.615278 0.035156 0.127778 3 0.00172 0.333984 0.30625 0.017969 0.034722 2 0.001687 0.235547 0.538889 0.035156 0.066667 10 0.001681 0.226953 0.6 0.046094 0.113889 4 0.001579 0.873828 0.471528 0.032031 0.059722 2 0.001561 0.292187 0.390278 0.020313 0.047222 2 0.001554 0.297656 0.381944 0.01875 0.044444 10 0.001536 0.325391 0.256944 0.028906 0.066667 2 0.001245 0.995313 0.829861 0.009375 0.104167 12 0.001169 0.954297 0.997917 0.091406 0.004167 12 0.001151 0.053906 0.632639 0.107813 0.190278 10 0.001103 0.995313 0.581944 0.009375 0.108333 2 0.001095 0.829688 0.759028 0.034375 0.076389 0 0.001073 0.790234 0.405556 0.016406 0.036111 2 0.000962 0.779297 0.489583 0.024219 0.051389 1 0.000869 0.996094 0.461806 0.007812 0.056944 2 0.000843 0.753516 0.393056 0.022656 0.044444 2 0.000843 0.973047 0.543056 0.033594 0.063889 0 0.00083 0.236719 0.5375 0.034375 0.063889 1 0.000813 0.728516 0.399306 0.013281 0.0375 10 0.000762 0.00625 0.652778 0.0125 0.141667 1 0.000755 0.123438 0.710417 0.035937 0.051389 2 0.000712 0.236719 0.569444 0.026562 0.061111 1 0.000693 0.572266 0.759722 0.016406 0.038889 1 0.000631 0.550391 0.922222 0.014844 0.055556 10 0.000629 0.017969 0.615278 0.035937 0.202778 2 0.000602 0.585938 0.35 0.03125 0.066667 3 0.000602 0.016406 0.585417 0.032813 0.076389 10 0.000559 0.030469 0.650694 0.060937 0.145833 2 0.000553 0.994922 0.708333 0.010156 0.083333 10 0.000542 0.947266 0.825694 0.103906 0.3375 1 0.00054 0.696875 0.371528 0.01875 0.0375 10 0.000505 0.012891 0.645139 0.025781 0.151389
CCTV02^20260511-140000-20260511-142440_002880,10 0.90918 0.347266 0.404167 0.042969 0.127778 2 0.878418 0.160156 0.679861 0.042188 0.068056 9 0.866211 0.466797 0.407639 0.033594 0.098611 5 0.810547 0.636719 0.347917 0.032813 0.056944 2 0.809082 0.314063 0.389583 0.01875 0.048611 3 0.795898 0.420703 0.389583 0.022656 0.043056 3 0.774414 0.178516 0.752083 0.100781 0.0875 2 0.744629 0.385937 0.369444 0.020313 0.041667 2 0.743164 0.910937 0.650694 0.045312 0.090278 3 0.675781 0.31875 0.3125 0.020313 0.036111 2 0.631836 0.979297 0.682639 0.041406 0.090278 2 0.622559 0.779297 0.464583 0.033594 0.051389 10 0.532227 0.334375 0.852083 0.18125 0.295833 2 0.392334 0.921094 0.58125 0.035937 0.068056 2 0.243652 0.8125 0.468056 0.025 0.047222 2 0.201782 0.992969 0.809028 0.014063 0.081944 3 0.134277 0.991797 0.807639 0.016406 0.081944 2 0.101929 0.989453 0.629861 0.021094 0.095833 11 0.085999 0.335938 0.848611 0.178125 0.297222 11 0.06781 0.029297 0.654167 0.057031 0.113889 2 0.066101 0.873828 0.472222 0.030469 0.058333 10 0.036072 0.029687 0.652083 0.059375 0.126389 1 0.017303 0.996094 0.538889 0.007812 0.055556 2 0.016724 0.994922 0.74375 0.010156 0.079167 1 0.011246 0.11875 0.713889 0.020313 0.044444 1 0.01107 0.994922 0.726389 0.010156 0.072222 2 0.006588 0.996094 0.533333 0.007812 0.061111 1 0.006241 0.9125 0.533333 0.025 0.047222 2 0.005642 0.958203 0.588194 0.022656 0.051389 2 0.005161 0.300391 0.379861 0.017969 0.043056 1 0.005138 0.83125 0.847222 0.035937 0.102778 10 0.004868 0.228125 0.598611 0.046875 0.116667 6 0.00452 0.226172 0.599306 0.046094 0.106944 1 0.003796 0.990625 0.727778 0.01875 0.069444 2 0.003765 0.292187 0.389583 0.020313 0.048611 2 0.002913 0.892188 0.754861 0.023438 0.051389 3 0.002481 0.65625 0.758333 0.073438 0.072222 1 0.002333 0.121094 0.7 0.020313 0.05 10 0.002333 0.989453 0.829861 0.021094 0.323611 2 0.001883 0.975781 0.527083 0.032813 0.065278 10 0.001867 0.325781 0.255556 0.028125 0.066667 3 0.001853 0.301953 0.335417 0.016406 0.026389 1 0.001782 0.995313 0.4625 0.009375 0.058333 3 0.00172 0.662109 0.777778 0.069531 0.091667 2 0.00172 0.985156 0.803472 0.028125 0.0875 9 0.001604 0.226953 0.598611 0.046094 0.108333 12 0.00145 0.023047 0.624306 0.046094 0.179167 0 0.001188 0.995313 0.827083 0.009375 0.104167 2 0.001107 0.302344 0.36875 0.01875 0.040278 3 0.001099 0.637891 0.321528 0.028906 0.045833 0 0.000978 0.235937 0.5375 0.035937 0.063889 11 0.000962 0.989062 0.623611 0.021875 0.188889 0 0.000897 0.341797 0.922222 0.085156 0.111111 0 0.000863 0.005078 0.7125 0.010156 0.094444 10 0.000856 0.020313 0.621528 0.040625 0.181944 11 0.000813 0.037891 0.138889 0.075781 0.152778 2 0.000795 0.994922 0.454167 0.010156 0.066667 10 0.000789 0.004687 0.718056 0.009375 0.091667 2 0.000773 0.228125 0.597917 0.045312 0.109722 11 0.000755 0.467578 0.411806 0.033594 0.101389 10 0.00073 0.995313 0.579861 0.009375 0.106944 9 0.000699 0.375 0.768056 0.092188 0.138889 1 0.000677 0.935156 0.525694 0.020313 0.048611 3 0.000661 0.019141 0.614583 0.038281 0.129167 3 0.000661 0.054688 0.995139 0.109375 0.009722 5 0.000657 0.873828 0.470833 0.032031 0.063889 0 0.000636 0.328125 0.89375 0.109375 0.131944 5 0.000607 0.358203 0.935417 0.107031 0.123611 12 0.000607 0.954297 0.997917 0.091406 0.004167 2 0.000605 0.996094 0.498611 0.007812 0.075 2 0.000568 0.917578 0.536111 0.033594 0.05 1 0.000551 0.003906 0.728472 0.007812 0.095833 10 0.000546 0.991406 0.7375 0.017188 0.25 1 0.000527 0.891406 0.759722 0.023438 0.055556 10 0.000513 0.989453 0.577778 0.021094 0.216667
CCTV02^20260511-140000-20260511-142440_002884,10 0.905273 0.347266 0.404861 0.044531 0.129167 4 0.895508 0.411719 0.399306 0.026562 0.056944 2 0.844727 0.159375 0.686111 0.040625 0.077778 5 0.805664 0.636719 0.347917 0.034375 0.056944 2 0.803223 0.314063 0.389583 0.01875 0.048611 3 0.72168 0.31875 0.3125 0.020313 0.036111 2 0.668945 0.216797 0.692361 0.053906 0.076389 2 0.633301 0.919141 0.584722 0.035156 0.072222 2 0.613281 0.978125 0.68125 0.042188 0.093056 10 0.606934 0.684766 0.697917 0.136719 0.3125 0 0.560059 0.323828 0.665278 0.033594 0.086111 1 0.432129 0.988281 0.905556 0.023438 0.086111 2 0.370117 0.769141 0.4375 0.021094 0.038889 2 0.359375 0.794141 0.472222 0.028906 0.055556 2 0.181274 0.992578 0.804861 0.014844 0.076389 2 0.16394 0.875781 0.702083 0.039062 0.076389 2 0.132935 0.877344 0.484028 0.0375 0.059722 3 0.116333 0.991797 0.804861 0.016406 0.076389 2 0.085388 0.990625 0.636806 0.01875 0.101389 0 0.073425 0.876172 0.702083 0.036719 0.076389 1 0.049774 0.996094 0.540278 0.007812 0.05 1 0.024994 0.994922 0.727083 0.010156 0.070833 2 0.021942 0.995313 0.740972 0.009375 0.070833 2 0.018616 0.996484 0.532639 0.007031 0.054167 2 0.016785 0.421484 0.261806 0.017969 0.034722 2 0.014618 0.389453 0.271528 0.017969 0.031944 2 0.010902 0.295703 0.375694 0.022656 0.0375 3 0.009933 0.421875 0.261806 0.01875 0.034722 2 0.008713 0.980078 0.515278 0.021094 0.041667 1 0.008675 0.990625 0.728472 0.01875 0.068056 3 0.007935 0.389453 0.271528 0.017969 0.031944 1 0.006668 0.118359 0.713194 0.021094 0.048611 2 0.00639 0.975781 0.541667 0.029687 0.055556 3 0.005554 0.895703 0.46875 0.036719 0.054167 10 0.005428 0.037109 0.654167 0.074219 0.125 1 0.005302 0.865625 0.520139 0.01875 0.0375 10 0.004944 0.326172 0.256944 0.030469 0.069444 3 0.004433 0.991797 0.884028 0.016406 0.098611 2 0.003248 0.292969 0.390972 0.020313 0.051389 10 0.002653 0.990625 0.814583 0.01875 0.295833 2 0.002493 0.983984 0.625694 0.030469 0.093056 2 0.002287 0.958984 0.584722 0.027344 0.055556 2 0.002075 0.888281 0.744444 0.03125 0.077778 11 0.001853 0.030469 0.653472 0.060937 0.115278 3 0.001755 0.299219 0.339583 0.01875 0.031944 2 0.00172 0.300391 0.370833 0.019531 0.038889 1 0.001694 0.830859 0.855556 0.036719 0.102778 2 0.001611 0.996094 0.502778 0.007812 0.066667 1 0.001421 0.121094 0.699306 0.020313 0.054167 11 0.001372 0.039062 0.135417 0.078125 0.151389 2 0.001341 0.969141 0.551389 0.036719 0.063889 12 0.001315 0.951953 0.998611 0.096094 0.002778 1 0.001265 0.937891 0.527778 0.030469 0.052778 9 0.00109 0.990625 0.622917 0.01875 0.090278 2 0.00106 0.994922 0.576389 0.010156 0.102778 2 0.000955 0.957812 0.607639 0.035937 0.084722 0 0.000904 0.237109 0.539583 0.035156 0.068056 3 0.000904 0.634375 0.796528 0.057813 0.123611 2 0.000897 0.311719 0.379167 0.017188 0.044444 2 0.000883 0.996094 0.459028 0.007812 0.059722 1 0.000876 0.121875 0.947222 0.090625 0.105556 3 0.000836 0.637891 0.325 0.030469 0.05 1 0.000811 0.908594 0.527778 0.020313 0.047222 0 0.000773 0.006641 0.686111 0.013281 0.094444 1 0.000727 0.983203 0.927083 0.032031 0.1125 10 0.000721 0.991797 0.738194 0.016406 0.226389 2 0.000688 0.3125 0.399306 0.025 0.065278 2 0.000659 0.990625 0.694444 0.01875 0.186111 10 0.000586 0.990625 0.577778 0.01875 0.213889 12 0.000559 0.069531 0.629167 0.139063 0.183333 3 0.000544 0.336328 0.319444 0.021094 0.036111 11 0.00054 0.990625 0.609028 0.01875 0.179167 12 0.000524 0.699219 0.540278 0.1 0.169444 10 0.000509 0.016016 0.615972 0.032031 0.198611
CCTV02^20260511-140000-20260511-142440_002888,10 0.918945 0.347266 0.405556 0.044531 0.130556 2 0.872559 0.159375 0.684722 0.042188 0.080556 3 0.859863 0.601562 0.578472 0.046875 0.081944 10 0.853516 0.713281 0.695139 0.146875 0.318056 2 0.799316 0.314063 0.388889 0.01875 0.047222 5 0.788086 0.636328 0.347917 0.033594 0.056944 2 0.788086 0.357031 0.586806 0.03125 0.068056 3 0.759277 0.579297 0.485417 0.035156 0.059722 3 0.729492 0.31875 0.311806 0.020313 0.034722 3 0.700684 0.530859 0.365972 0.027344 0.045833 2 0.611328 0.979297 0.681944 0.041406 0.094444 2 0.550781 0.919141 0.580556 0.035156 0.069444 0 0.44165 0.754687 0.466667 0.023438 0.055556 2 0.287842 0.380859 0.293056 0.013281 0.036111 2 0.24939 0.992969 0.807639 0.014063 0.081944 2 0.2323 0.364844 0.279861 0.014063 0.029167 2 0.172119 0.989453 0.631944 0.021094 0.086111 3 0.138428 0.885156 0.463194 0.057813 0.059722 2 0.121277 0.754687 0.465972 0.023438 0.054167 2 0.077209 0.526172 0.264583 0.016406 0.031944 1 0.05014 0.996094 0.538194 0.007812 0.048611 2 0.034241 0.852344 0.472917 0.020313 0.048611 1 0.034241 0.994922 0.728472 0.010156 0.073611 2 0.031021 0.994922 0.739583 0.010156 0.076389 2 0.02034 0.329688 0.361111 0.014063 0.041667 1 0.014282 0.119141 0.7125 0.021094 0.047222 1 0.012238 0.990625 0.728472 0.01875 0.070833 2 0.006931 0.849609 0.484722 0.030469 0.066667 2 0.006641 0.291406 0.396528 0.017188 0.040278 2 0.005959 0.304688 0.375 0.017188 0.030556 0 0.005554 0.752734 0.481944 0.025781 0.066667 3 0.005241 0.296875 0.340972 0.023438 0.031944 1 0.003147 0.978125 0.540972 0.025 0.054167 0 0.003124 0.853125 0.474306 0.020313 0.051389 10 0.002405 0.994141 0.579167 0.011719 0.105556 2 0.002323 0.959375 0.617361 0.032813 0.068056 10 0.002296 0.033594 0.649306 0.067187 0.131944 10 0.00227 0.990234 0.826389 0.019531 0.325 2 0.00214 0.989844 0.731944 0.01875 0.075 4 0.002028 0.225781 0.6 0.045312 0.105556 2 0.00181 0.988281 0.668056 0.023438 0.144444 1 0.001768 0.829688 0.84375 0.034375 0.098611 12 0.001768 0.692969 0.542361 0.115625 0.168056 11 0.00172 0.03125 0.65 0.0625 0.116667 1 0.0017 0.885156 0.507639 0.01875 0.051389 10 0.001675 0.227344 0.599306 0.046875 0.115278 2 0.001661 0.995313 0.833333 0.009375 0.122222 2 0.001623 0.310547 0.376389 0.014844 0.038889 2 0.001549 0.996484 0.519444 0.007031 0.063889 2 0.001461 0.837891 0.469444 0.021094 0.052778 2 0.00141 0.984766 0.620139 0.025781 0.073611 2 0.001372 0.892578 0.754167 0.025781 0.061111 2 0.001356 0.841406 0.488889 0.025 0.052778 1 0.001289 0.792188 0.709722 0.020313 0.052778 2 0.001235 0.985156 0.802778 0.029687 0.088889 9 0.001103 0.989062 0.622917 0.020313 0.084722 2 0.00109 0.269922 0.465278 0.030469 0.058333 1 0.001065 0.123438 0.700694 0.03125 0.0625 2 0.000922 0.239063 0.539583 0.03125 0.068056 10 0.000922 0.989453 0.572917 0.021094 0.220833 2 0.000911 0.226953 0.599306 0.046094 0.109722 10 0.000894 0.325391 0.254167 0.028906 0.069444 11 0.00089 0.989453 0.603472 0.021094 0.184722 0 0.000869 0.006641 0.69375 0.013281 0.076389 2 0.000836 0.982812 0.517361 0.01875 0.043056 2 0.00082 0.005078 0.709722 0.010156 0.077778 1 0.000801 0.995703 0.938889 0.008594 0.111111 10 0.000792 0.021484 0.630556 0.042969 0.169444 1 0.000792 0.115625 0.94375 0.078125 0.106944 12 0.000718 0.051953 0.628472 0.103906 0.1875 10 0.000667 0.990625 0.738889 0.01875 0.236111 3 0.000627 0.297656 0.35 0.021875 0.030556 6 0.000612 0.225781 0.600694 0.046875 0.106944 0 0.000597 0.239453 0.538194 0.030469 0.065278 9 0.000542 0.226562 0.6 0.045312 0.108333 10 0.000536 0.167969 0.565972 0.06875 0.123611 2 0.000527 0.961719 0.589583 0.032813 0.0625 0 0.000505 0.763281 0.470833 0.042188 0.061111
CCTV02^20260511-140000-20260511-142440_002892,10 0.905273 0.347656 0.404167 0.04375 0.130556 2 0.844727 0.159766 0.684722 0.041406 0.077778 3 0.830078 0.445703 0.550694 0.033594 0.065278 3 0.813965 0.537109 0.40625 0.032031 0.059722 5 0.791992 0.636719 0.348611 0.034375 0.055556 2 0.78125 0.711719 0.448611 0.029687 0.058333 3 0.775879 0.5 0.315278 0.026562 0.05 2 0.760742 0.403125 0.399306 0.01875 0.045833 2 0.684082 0.314063 0.389583 0.01875 0.048611 2 0.644043 0.389453 0.370139 0.017969 0.040278 6 0.622559 0.621875 0.471528 0.0625 0.1125 3 0.565918 0.31875 0.3125 0.020313 0.036111 2 0.563965 0.814844 0.475 0.023438 0.052778 2 0.556641 0.978125 0.679861 0.042188 0.093056 2 0.544922 0.784766 0.467361 0.022656 0.051389 2 0.542969 0.754687 0.463194 0.021875 0.051389 2 0.542969 0.919141 0.584028 0.036719 0.076389 10 0.488281 0.425 0.298611 0.03125 0.072222 3 0.44165 0.456641 0.385417 0.025781 0.056944 0 0.262939 0.754687 0.464583 0.021875 0.051389 2 0.226807 0.992578 0.809722 0.014844 0.086111 5 0.181274 0.456641 0.385417 0.025781 0.056944 3 0.130249 0.105078 0.744444 0.121094 0.111111 1 0.108215 0.992188 0.810417 0.015625 0.0875 3 0.102295 0.990625 0.809722 0.01875 0.086111 2 0.075317 0.991406 0.630556 0.017188 0.097222 11 0.045685 0.033594 0.652778 0.067187 0.125 10 0.033722 0.032422 0.652083 0.064844 0.129167 1 0.0336 0.996094 0.536111 0.007812 0.05 2 0.033325 0.972266 0.544444 0.032031 0.055556 4 0.024704 0.105078 0.735417 0.121094 0.126389 2 0.016785 0.996484 0.531944 0.007031 0.05 2 0.0159 0.3 0.424306 0.014063 0.031944 3 0.015541 0.884766 0.464583 0.058594 0.059722 2 0.010246 0.995313 0.752778 0.009375 0.086111 2 0.010094 0.995703 0.542361 0.008594 0.056944 2 0.009895 0.989062 0.65 0.021875 0.147222 0 0.00956 0.005859 0.701389 0.011719 0.069444 1 0.007755 0.994922 0.736806 0.010156 0.0875 2 0.005619 0.296484 0.415278 0.014844 0.027778 2 0.005161 0.292578 0.397917 0.019531 0.043056 2 0.004608 0.979688 0.522917 0.021875 0.043056 9 0.003885 0.990625 0.625694 0.01875 0.095833 2 0.002846 0.985547 0.804861 0.028906 0.093056 1 0.002737 0.828516 0.840972 0.030469 0.090278 2 0.002714 0.983984 0.514583 0.016406 0.0375 2 0.002415 0.891797 0.75625 0.024219 0.056944 1 0.002323 0.121094 0.701389 0.020313 0.044444 1 0.002323 0.990625 0.727083 0.01875 0.065278 2 0.002287 0.008594 0.700694 0.017188 0.068056 10 0.002226 0.104297 0.730556 0.117969 0.138889 2 0.00215 0.955859 0.605556 0.041406 0.086111 10 0.0021 0.990234 0.829861 0.019531 0.318056 4 0.002068 0.226172 0.599306 0.046094 0.106944 10 0.002035 0.994922 0.584028 0.010156 0.1125 3 0.001889 0.657813 0.758333 0.071875 0.072222 2 0.001883 0.729688 0.404861 0.015625 0.031944 11 0.001831 0.990234 0.604167 0.019531 0.191667 10 0.001768 0.990234 0.577778 0.019531 0.205556 2 0.001472 0.994922 0.829861 0.010156 0.115278 1 0.001467 0.333594 0.315972 0.0125 0.031944 9 0.001389 0.106641 0.74375 0.119531 0.106944 2 0.001356 0.103906 0.746528 0.120313 0.123611 2 0.001249 0.298828 0.352778 0.027344 0.05 11 0.001197 0.039062 0.131944 0.078125 0.138889 2 0.001134 0.989844 0.7375 0.01875 0.083333 10 0.00106 0.019922 0.624306 0.039844 0.179167 3 0.001057 0.638281 0.320833 0.029687 0.047222 10 0.000869 0.227734 0.6 0.047656 0.119444 2 0.000856 0.983203 0.619444 0.030469 0.097222 2 0.000776 0.236328 0.540278 0.036719 0.069444 2 0.000767 0.944531 0.609722 0.042188 0.094444 2 0.000762 0.303516 0.388194 0.022656 0.043056 10 0.000688 0.991406 0.738889 0.017188 0.236111 10 0.000685 0.325391 0.25625 0.028906 0.068056 1 0.000669 0.995313 0.468056 0.009375 0.052778 2 0.000659 0.128906 0.752083 0.076563 0.081944 3 0.000657 0.297266 0.352778 0.030469 0.055556 2 0.000657 0.102734 0.696528 0.114844 0.173611 2 0.000648 0.996484 0.501389 0.007031 0.066667 2 0.000621 0.140625 0.742361 0.051562 0.081944 6 0.000609 0.226172 0.599306 0.047656 0.109722 2 0.0006 0.990625 0.693056 0.01875 0.197222 1 0.000579 0.916797 0.598611 0.036719 0.063889 10 0.000573 0.990625 0.63125 0.01875 0.181944 2 0.00057 0.227734 0.598611 0.046094 0.113889 3 0.000505 0.633594 0.805556 0.096875 0.15
CCTV02^20260511-140000-20260511-142440_002896,10 0.918457 0.347266 0.404861 0.044531 0.129167 2 0.874023 0.159766 0.686806 0.042969 0.079167 3 0.816406 0.436719 0.393056 0.023438 0.041667 5 0.782715 0.636719 0.347917 0.032813 0.056944 2 0.762207 0.922266 0.675 0.032031 0.072222 2 0.760742 0.314453 0.390972 0.019531 0.045833 2 0.751953 0.920703 0.761806 0.041406 0.090278 2 0.743164 0.391406 0.399306 0.021875 0.045833 2 0.73584 0.597266 0.359722 0.021094 0.041667 2 0.726562 0.821875 0.503472 0.025 0.065278 3 0.70752 0.31875 0.3125 0.020313 0.036111 2 0.598145 0.858203 0.582639 0.035156 0.079167 2 0.556641 0.978516 0.679861 0.041406 0.093056 0 0.503906 0.324219 0.622222 0.029687 0.077778 2 0.445557 0.919141 0.583333 0.035156 0.075 2 0.305664 0.766016 0.483333 0.046094 0.055556 2 0.219971 0.992969 0.804167 0.014063 0.075 2 0.190674 0.414453 0.296528 0.019531 0.034722 4 0.178955 0.766797 0.483333 0.046094 0.058333 2 0.090393 0.284375 0.479861 0.014063 0.040278 2 0.082092 0.989453 0.634028 0.021094 0.084722 2 0.06076 0.323828 0.622917 0.030469 0.079167 10 0.049225 0.032422 0.652083 0.063281 0.123611 2 0.022202 0.318359 0.368056 0.013281 0.033333 0 0.018692 0.284375 0.482639 0.017188 0.043056 2 0.016922 0.857031 0.466667 0.03125 0.047222 1 0.016724 0.995313 0.725694 0.009375 0.073611 3 0.016663 0.888672 0.464583 0.052344 0.059722 2 0.015488 0.267188 0.472222 0.034375 0.055556 2 0.015129 0.296875 0.374306 0.017188 0.034722 2 0.013794 0.995313 0.758333 0.009375 0.097222 1 0.01017 0.996094 0.5375 0.007812 0.055556 3 0.009125 0.414062 0.295139 0.020313 0.0375 1 0.009056 0.11875 0.7125 0.020313 0.047222 0 0.008286 0.242188 0.535417 0.026562 0.059722 11 0.008217 0.030078 0.655556 0.058594 0.116667 1 0.007259 0.060937 0.691667 0.020313 0.05 6 0.007233 0.226172 0.599306 0.046094 0.106944 10 0.006313 0.227344 0.599306 0.046875 0.118056 2 0.005302 0.996094 0.532639 0.007812 0.0625 2 0.004772 0.995313 0.454861 0.009375 0.065278 1 0.004719 0.991406 0.729167 0.017188 0.072222 2 0.004486 0.492969 0.240278 0.015625 0.033333 1 0.004398 0.569531 0.7625 0.0125 0.036111 2 0.004349 0.959375 0.581944 0.029687 0.069444 2 0.003099 0.292969 0.392361 0.01875 0.045833 2 0.003052 0.888672 0.75625 0.021094 0.059722 10 0.002779 0.325391 0.256944 0.028906 0.066667 0 0.002737 0.236328 0.543056 0.033594 0.072222 2 0.00255 0.242578 0.534722 0.027344 0.058333 3 0.002462 0.658984 0.75625 0.072656 0.073611 3 0.002165 0.297266 0.341667 0.022656 0.033333 3 0.001421 0.055078 0.995139 0.110156 0.009722 10 0.001421 0.017969 0.620139 0.035937 0.1875 1 0.001269 0.110937 0.947222 0.067187 0.091667 2 0.001211 0.257031 0.488889 0.025 0.05 1 0.001179 0.888672 0.763194 0.021094 0.0625 2 0.001124 0.227344 0.598611 0.045312 0.113889 10 0.001121 0.168359 0.566667 0.071094 0.127778 2 0.001081 0.990234 0.747917 0.017969 0.101389 2 0.001069 0.291406 0.378472 0.021875 0.043056 2 0.000985 0.996094 0.504167 0.007812 0.077778 1 0.00097 0.572656 0.752778 0.014063 0.05 2 0.000904 0.312109 0.372222 0.016406 0.036111 2 0.000843 0.974609 0.521528 0.033594 0.059722 10 0.000811 0.994141 0.580556 0.011719 0.111111 2 0.000785 0.858984 0.558333 0.030469 0.072222 1 0.000773 0.827734 0.845139 0.030469 0.090278 12 0.000727 0.045703 0.632639 0.091406 0.181944 1 0.000715 0.125 0.941667 0.1 0.116667 1 0.000672 0.089063 0.950694 0.035937 0.081944 3 0.000664 0.636719 0.324306 0.032813 0.051389 1 0.000584 0.125 0.702083 0.032813 0.059722 0 0.000568 0.978125 0.540972 0.025 0.059722 1 0.000562 0.926562 0.51875 0.04375 0.076389 1 0.000557 0.565625 0.946528 0.039062 0.095833
CCTV07^20260116-060000-20260116-065959_003584,12 0.867188 0.140234 0.766667 0.052344 0.180556 12 0.733887 0.128125 0.65 0.03125 0.058333 3 0.720215 0.634375 0.747917 0.0625 0.070833 5 0.470703 0.795703 0.851389 0.097656 0.127778 12 0.424316 0.291406 0.470833 0.025 0.05 3 0.345215 0.794141 0.852778 0.099219 0.130556 9 0.113586 0.405859 0.557639 0.028906 0.0375 10 0.083862 0.794922 0.847917 0.099219 0.120833 5 0.05014 0.405859 0.557639 0.027344 0.0375 1 0.015961 0.163281 0.568056 0.009375 0.025 3 0.008919 0.405859 0.556944 0.028906 0.038889 11 0.006668 0.291797 0.468056 0.027344 0.055556 10 0.005753 0.291406 0.468056 0.026562 0.055556 1 0.004467 0.699609 0.805556 0.028906 0.072222 10 0.002611 0.842187 0.890972 0.21875 0.206944 3 0.002314 0.192578 0.426389 0.010156 0.016667 3 0.001768 0.010547 0.636806 0.021094 0.079167 2 0.001655 0.455469 0.502083 0.015625 0.026389 10 0.001574 0.014453 0.905556 0.028906 0.188889 11 0.001543 0.8125 0.894444 0.15 0.211111 1 0.001335 0.823438 0.959028 0.082812 0.081944 2 0.001081 0.195703 0.588194 0.017969 0.0375 12 0.000944 0.155859 0.661111 0.027344 0.063889 11 0.00094 0.407813 0.559028 0.029687 0.043056 1 0.000911 0.571875 0.692361 0.020313 0.034722 2 0.000762 0.011328 0.640972 0.022656 0.090278 2 0.000744 0.013281 0.661111 0.026562 0.055556 1 0.000738 0.073828 0.720139 0.030469 0.048611
CCTV07^20260116-060000-20260116-065959_003588,12 0.865234 0.139844 0.766667 0.053125 0.180556 12 0.72168 0.128516 0.649306 0.032031 0.056944 12 0.71875 0.257031 0.553472 0.020313 0.043056 11 0.420654 0.635547 0.732639 0.142969 0.198611 12 0.222656 0.635547 0.739583 0.132031 0.184722 9 0.177856 0.633984 0.743056 0.132031 0.191667 11 0.049408 0.194141 0.425 0.011719 0.019444 12 0.049042 0.194141 0.423611 0.011719 0.022222 2 0.007206 0.455469 0.502083 0.015625 0.026389 12 0.003824 0.609766 0.680556 0.091406 0.086111 3 0.002768 0.010156 0.634722 0.020313 0.077778 2 0.002035 0.19375 0.588889 0.020313 0.038889 11 0.001478 0.342187 0.545139 0.0375 0.059722 1 0.000974 0.699609 0.802083 0.027344 0.070833 3 0.000664 0.454688 0.502778 0.017188 0.027778 10 0.000575 0.015625 0.892361 0.03125 0.215278
CCTV07^20260116-060000-20260116-065959_003592,12 0.874023 0.139844 0.767361 0.053125 0.181944 12 0.715332 0.128516 0.65 0.032031 0.058333 5 0.548828 0.375 0.551389 0.025 0.044444 3 0.484375 0.4125 0.556944 0.025 0.033333 12 0.021866 0.496875 0.802778 0.079687 0.136111 12 0.019867 0.189062 0.442361 0.010937 0.018056 1 0.010857 0.700391 0.803472 0.027344 0.068056 10 0.010567 0.490234 0.783333 0.091406 0.161111 3 0.008545 0.49375 0.8 0.085938 0.15 11 0.006615 0.204687 0.438194 0.009375 0.0125 9 0.003376 0.496484 0.808333 0.080469 0.127778 5 0.002924 0.496484 0.789583 0.077344 0.131944 3 0.002562 0.186719 0.442361 0.0125 0.018056 10 0.002035 0.014453 0.909722 0.028906 0.180556 2 0.001883 0.492969 0.79375 0.082812 0.1375 2 0.001875 0.455469 0.502083 0.015625 0.026389 3 0.00172 0.010547 0.6375 0.021094 0.083333 2 0.001687 0.194141 0.588194 0.019531 0.0375 10 0.001687 0.492969 0.724306 0.076563 0.148611 11 0.001315 0.126562 0.409028 0.04375 0.070833 3 0.001245 0.374609 0.548611 0.025781 0.05 12 0.001188 0.201172 0.431944 0.008594 0.019444 1 0.001048 0.571875 0.693056 0.021875 0.036111 12 0.001004 0.1875 0.435417 0.015625 0.026389 12 0.000989 0.15625 0.659722 0.025 0.061111 11 0.000798 0.205469 0.433333 0.009375 0.019444 0 0.000672 0.548047 0.597222 0.017969 0.027778 2 0.000646 0.240625 0.613194 0.014063 0.040278 2 0.000553 0.190234 0.454167 0.007031 0.013889 2 0.000513 0.013281 0.660417 0.026562 0.056944 11 0.000513 0.813672 0.720139 0.152344 0.145833
CCTV07^20260116-060000-20260116-065959_003596,12 0.875977 0.140625 0.767361 0.051562 0.179167 12 0.728027 0.128516 0.65 0.032031 0.058333 12 0.660156 0.211328 0.469444 0.019531 0.041667 3 0.068054 0.230469 0.477778 0.009375 0.016667 12 0.061646 0.214844 0.449306 0.017188 0.026389 4 0.060516 0.320312 0.50625 0.020313 0.0375 11 0.013901 0.264062 0.433333 0.023438 0.044444 12 0.012672 0.263672 0.433333 0.022656 0.041667 2 0.011597 0.455469 0.502083 0.015625 0.026389 1 0.007065 0.700391 0.803472 0.027344 0.065278 2 0.006313 0.321484 0.509028 0.016406 0.034722 12 0.002602 0.225391 0.464583 0.008594 0.023611 2 0.002602 0.195703 0.588194 0.016406 0.034722 2 0.001796 0.182031 0.5875 0.020313 0.033333 10 0.001574 0.264844 0.432639 0.020313 0.040278 3 0.001574 0.010156 0.631944 0.020313 0.069444 11 0.001519 0.343359 0.547222 0.039844 0.055556 1 0.001294 0.073828 0.717361 0.027344 0.043056 10 0.000823 0.014063 0.90625 0.028125 0.1875 2 0.000661 0.014844 0.660417 0.029687 0.056944 1 0.000621 0.571484 0.692361 0.021094 0.034722 0 0.000548 0.571094 0.690278 0.020313 0.033333
CCTV07^20260116-060000-20260116-065959_003600,12 0.879883 0.139844 0.767361 0.053125 0.181944 11 0.799316 0.227734 0.488194 0.025781 0.054167 12 0.715332 0.128516 0.65 0.032031 0.058333 10 0.694336 0.650781 0.697917 0.103125 0.148611 3 0.668945 0.496094 0.652083 0.039062 0.048611 4 0.346924 0.449219 0.536806 0.032813 0.043056 12 0.018402 0.445312 0.527083 0.028125 0.043056 2 0.006241 0.455859 0.50625 0.014844 0.023611 11 0.006096 0.445703 0.527778 0.028906 0.044444 5 0.004299 0.192969 0.5875 0.021875 0.036111 4 0.003376 0.44375 0.525694 0.029687 0.040278 1 0.003063 0.700391 0.802778 0.027344 0.069444 2 0.002947 0.19375 0.588889 0.020313 0.038889 1 0.002165 0.571875 0.692361 0.021875 0.034722 3 0.001987 0.010156 0.630556 0.020313 0.069444 10 0.001687 0.260937 0.447917 0.026562 0.054167 11 0.000993 0.127734 0.409028 0.044531 0.076389 10 0.000929 0.013281 0.904167 0.026562 0.191667 2 0.000856 0.240234 0.6125 0.014844 0.038889 12 0.000811 0.179688 0.410417 0.014063 0.029167 2 0.000617 0.010937 0.638889 0.021875 0.086111 2 0.000586 0.213281 0.4125 0.010937 0.022222
CCTV07^20260116-060000-20260116-065959_003604,12 0.873047 0.140234 0.767361 0.052344 0.181944 12 0.796875 0.311328 0.565972 0.042969 0.081944 3 0.740234 0.345313 0.713889 0.035937 0.052778 12 0.710449 0.128125 0.65 0.03125 0.058333 11 0.498047 0.205469 0.455556 0.015625 0.033333 11 0.44751 0.310937 0.565972 0.040625 0.079167 2 0.375732 0.169531 0.536111 0.0125 0.027778 0 0.282959 0.169531 0.535417 0.0125 0.026389 10 0.227417 0.418359 0.559722 0.044531 0.088889 12 0.171021 0.205859 0.454861 0.016406 0.031944 11 0.135742 0.417187 0.559722 0.04375 0.083333 3 0.033325 0.353906 0.479167 0.014063 0.022222 11 0.023071 0.427344 0.586111 0.026562 0.052778 11 0.013481 0.18125 0.41875 0.014063 0.026389 3 0.013168 0.18125 0.420139 0.0125 0.026389 1 0.006958 0.7 0.804861 0.026562 0.068056 11 0.005844 0.410547 0.577778 0.028906 0.047222 9 0.005512 0.428906 0.586806 0.026562 0.051389 2 0.004539 0.427734 0.5875 0.025781 0.052778 2 0.003796 0.194141 0.588194 0.019531 0.0375 3 0.003172 0.010156 0.631944 0.020313 0.072222 4 0.00304 0.264844 0.448611 0.007812 0.019444 11 0.002947 0.126562 0.410417 0.04375 0.070833 2 0.00215 0.173047 0.475694 0.007031 0.015278 12 0.00205 0.182031 0.419444 0.017188 0.027778 4 0.00202 0.26875 0.451389 0.0125 0.022222 2 0.001831 0.455078 0.502778 0.016406 0.027778 10 0.001604 0.013672 0.906944 0.027344 0.186111 0 0.001078 0.169141 0.543056 0.014844 0.036111 1 0.00102 0.571875 0.69375 0.021875 0.034722 2 0.000993 0.354687 0.483333 0.015625 0.022222 0 0.000792 0.571094 0.691667 0.020313 0.033333
CCTV07^20260116-060000-20260116-065959_003608,12 0.883301 0.140234 0.766667 0.052344 0.180556 3 0.819824 0.355078 0.650694 0.032031 0.043056 12 0.730957 0.128125 0.649306 0.03125 0.059722 9 0.609375 0.627734 0.750694 0.094531 0.109722 9 0.59082 0.609375 0.740972 0.057813 0.084722 3 0.565918 0.320703 0.604861 0.028906 0.034722 9 0.537109 0.316016 0.6625 0.039844 0.072222 11 0.392334 0.316016 0.6625 0.039844 0.072222 11 0.295898 0.625 0.752778 0.096875 0.116667 11 0.119995 0.201172 0.430556 0.013281 0.025 10 0.119202 0.642578 0.7875 0.136719 0.183333 10 0.060974 0.624609 0.75 0.092969 0.113889 11 0.055817 0.205859 0.4625 0.013281 0.025 1 0.042725 0.700781 0.801389 0.028125 0.066667 12 0.035156 0.202344 0.428472 0.015625 0.026389 12 0.019348 0.205469 0.4625 0.0125 0.027778 11 0.0159 0.641797 0.794444 0.130469 0.197222 2 0.010696 0.455469 0.501389 0.015625 0.025 1 0.009018 0.332422 0.474306 0.010156 0.015278 11 0.006878 0.201563 0.422222 0.020313 0.038889 1 0.003185 0.189844 0.521528 0.00625 0.015278 3 0.002415 0.201953 0.438194 0.011719 0.0125 1 0.001839 0.571484 0.694444 0.021094 0.036111 3 0.001768 0.454297 0.502083 0.016406 0.026389 3 0.001561 0.010156 0.629861 0.020313 0.070833 10 0.001383 0.013281 0.903472 0.026562 0.193056 11 0.001346 0.340625 0.546528 0.035937 0.054167 2 0.00132 0.194141 0.5875 0.019531 0.036111 9 0.001188 0.666797 0.789583 0.083594 0.106944 11 0.001151 0.127344 0.409028 0.04375 0.070833 5 0.001073 0.193359 0.5875 0.021094 0.036111 2 0.001 0.011328 0.639583 0.022656 0.090278 2 0.000773 0.014063 0.660417 0.028125 0.056944 1 0.000682 0.073438 0.720833 0.03125 0.047222 11 0.00068 0.807813 0.718056 0.145313 0.138889 7 0.000641 0.205078 0.463889 0.013281 0.027778
CCTV07^20260116-060000-20260116-065959_003612,12 0.875977 0.139844 0.767361 0.051562 0.179167 3 0.794434 0.255078 0.551389 0.017969 0.027778 12 0.715332 0.128125 0.65 0.03125 0.058333 11 0.253906 0.279297 0.544444 0.024219 0.033333 3 0.090759 0.280078 0.545139 0.024219 0.031944 12 0.057495 0.1875 0.434722 0.010937 0.022222 2 0.012772 0.455469 0.501389 0.015625 0.025 1 0.0121 0.7 0.803472 0.026562 0.065278 1 0.006004 0.354297 0.490972 0.011719 0.018056 3 0.003273 0.010156 0.631944 0.020313 0.072222 10 0.001942 0.016016 0.907639 0.032031 0.184722 2 0.001611 0.194141 0.5875 0.019531 0.036111 5 0.001567 0.153125 0.485417 0.01875 0.026389 5 0.001444 0.192969 0.5875 0.021875 0.036111 2 0.001394 0.153906 0.484722 0.017188 0.025 11 0.001285 0.342969 0.550694 0.03125 0.051389 1 0.00097 0.571875 0.69375 0.020313 0.034722 0 0.000926 0.571094 0.691667 0.020313 0.030556 12 0.000744 0.152344 0.485417 0.01875 0.026389
CCTV07^20260116-060000-20260116-065959_003627,12 0.864258 0.139844 0.767361 0.053125 0.181944 12 0.712402 0.128516 0.649306 0.032031 0.056944 12 0.200562 0.203125 0.465972 0.0125 0.026389 2 0.005867 0.455469 0.502083 0.015625 0.023611 1 0.004963 0.700391 0.804167 0.027344 0.069444 10 0.003311 0.016797 0.897917 0.033594 0.204167 2 0.002981 0.193359 0.588194 0.021094 0.0375 5 0.002611 0.192578 0.5875 0.022656 0.036111 3 0.001629 0.010156 0.634028 0.020313 0.073611 11 0.00141 0.342187 0.547222 0.035937 0.058333 1 0.001356 0.285156 0.463194 0.009375 0.020833 12 0.001265 0.205078 0.457639 0.014844 0.0375 12 0.00124 0.202344 0.454861 0.0125 0.029167 0 0.001216 0.571484 0.691667 0.019531 0.030556 3 0.001192 0.454297 0.503472 0.016406 0.026389 12 0.000978 0.155859 0.660417 0.025781 0.056944 1 0.000762 0.571875 0.69375 0.020313 0.034722 2 0.000513 0.240234 0.6125 0.014844 0.038889
CCTV07^20260116-060000-20260116-065959_003631,12 0.878418 0.140234 0.767361 0.052344 0.181944 12 0.86084 0.275 0.569444 0.039062 0.072222 10 0.780762 0.403906 0.777083 0.103125 0.195833 12 0.715332 0.128125 0.649306 0.03125 0.056944 2 0.460938 0.200391 0.704167 0.019531 0.055556 3 0.390381 0.572656 0.722917 0.053125 0.068056 11 0.089111 0.348438 0.511806 0.020313 0.034722 5 0.010818 0.437891 0.733333 0.052344 0.075 10 0.00729 0.421484 0.739583 0.088281 0.145833 2 0.006565 0.455469 0.501389 0.015625 0.025 1 0.004829 0.7 0.804861 0.026562 0.068056 1 0.003351 0.358203 0.552778 0.013281 0.025 3 0.002216 0.010156 0.632639 0.020313 0.070833 10 0.002115 0.014063 0.90625 0.028125 0.1875 2 0.00149 0.194141 0.588194 0.019531 0.0375 12 0.000955 0.155859 0.661111 0.025781 0.063889 11 0.000886 0.349609 0.540972 0.021094 0.0375 11 0.00088 0.337109 0.542361 0.035156 0.059722 3 0.000869 0.454297 0.503472 0.017969 0.023611 3 0.000823 0.434766 0.728472 0.055469 0.076389 2 0.000588 0.137891 0.535417 0.021094 0.045833 10 0.000551 0.574219 0.709028 0.054688 0.093056 0 0.000515 0.201563 0.709722 0.023438 0.063889
CCTV07^20260116-060000-20260116-065959_003635,12 0.868652 0.140234 0.767361 0.052344 0.181944 12 0.700684 0.128906 0.649306 0.03125 0.056944 12 0.460938 0.191797 0.434722 0.017969 0.038889 1 0.453369 0.278125 0.543056 0.009375 0.022222 9 0.411133 0.254688 0.546528 0.029687 0.056944 11 0.331055 0.254688 0.546528 0.03125 0.056944 1 0.129395 0.222656 0.470139 0.009375 0.015278 1 0.019501 0.275 0.543056 0.0125 0.033333 2 0.006824 0.455469 0.501389 0.015625 0.025 1 0.006313 0.700391 0.803472 0.027344 0.068056 4 0.004349 0.370703 0.481944 0.013281 0.022222 2 0.003593 0.193359 0.589583 0.021094 0.040278 5 0.002901 0.192578 0.588194 0.022656 0.0375 0 0.002462 0.370703 0.485417 0.014844 0.020833 3 0.00202 0.010156 0.632639 0.020313 0.070833 10 0.00181 0.017578 0.904167 0.035156 0.191667 3 0.001432 0.221484 0.467361 0.010156 0.018056 3 0.001372 0.454297 0.504861 0.017969 0.026389 12 0.000985 0.193359 0.445833 0.013281 0.027778 2 0.000727 0.156641 0.484028 0.013281 0.023611 1 0.00071 0.571094 0.69375 0.020313 0.034722 3 0.000596 0.450781 0.525 0.021875 0.025 2 0.000588 0.012109 0.661111 0.024219 0.055556 12 0.000562 0.155469 0.660417 0.026562 0.059722 11 0.000515 0.344141 0.548611 0.032031 0.052778
CCTV07^20260116-060000-20260116-065959_003639,12 0.873047 0.140234 0.766667 0.052344 0.180556 12 0.863281 0.307422 0.63125 0.047656 0.093056 12 0.725098 0.128516 0.65 0.030469 0.058333 11 0.445557 0.405469 0.698611 0.048438 0.069444 9 0.300781 0.405078 0.700694 0.047656 0.070833 0 0.190674 0.178125 0.5 0.009375 0.019444 2 0.147095 0.612109 0.620139 0.028906 0.045833 1 0.03476 0.314844 0.482639 0.010937 0.018056 12 0.025085 0.171094 0.405556 0.010937 0.025 12 0.015129 0.184766 0.429167 0.011719 0.022222 1 0.013329 0.699219 0.802083 0.025 0.065278 2 0.006798 0.455469 0.501389 0.015625 0.025 0 0.005428 0.314453 0.485417 0.010156 0.018056 3 0.00255 0.185156 0.434028 0.010937 0.018056 1 0.002192 0.232813 0.43125 0.0125 0.023611 2 0.001987 0.194531 0.588194 0.01875 0.0375 3 0.001335 0.009766 0.630556 0.019531 0.069444 3 0.001206 0.454297 0.503472 0.016406 0.026389 12 0.001103 0.183984 0.422222 0.011719 0.027778 10 0.001081 0.012891 0.905556 0.025781 0.188889 1 0.000807 0.234375 0.435417 0.010937 0.020833 2 0.000667 0.016406 0.661111 0.032813 0.055556 12 0.000636 0.155859 0.6625 0.025781 0.063889 2 0.000607 0.007422 0.56875 0.014844 0.051389 11 0.000555 0.125781 0.409028 0.042188 0.068056 1 0.000515 0.571484 0.693056 0.021094 0.033333 1 0.000509 0.073828 0.718056 0.027344 0.044444
CCTV07^20260116-060000-20260116-065959_003688,12 0.869629 0.140234 0.766667 0.052344 0.180556 11 0.822266 0.303516 0.555556 0.030469 0.066667 12 0.720215 0.128516 0.65 0.030469 0.055556 3 0.390381 0.217969 0.485417 0.014063 0.020833 12 0.143188 0.155078 0.447917 0.014844 0.031944 10 0.124207 0.552344 0.922917 0.165625 0.151389 3 0.03186 0.193359 0.428472 0.010156 0.015278 2 0.0149 0.455469 0.501389 0.015625 0.025 1 0.00502 0.700391 0.804861 0.027344 0.068056 3 0.004417 0.149609 0.481944 0.013281 0.022222 3 0.004135 0.454297 0.502778 0.016406 0.025 3 0.003298 0.192969 0.438194 0.009375 0.0125 12 0.00202 0.540625 0.926389 0.139063 0.141667 2 0.001839 0.073828 0.718056 0.027344 0.044444 10 0.001611 0.017188 0.907639 0.034375 0.184722 11 0.001389 0.341016 0.544444 0.044531 0.061111 3 0.001197 0.184375 0.429861 0.009375 0.018056 3 0.001143 0.010156 0.63125 0.020313 0.073611 4 0.000929 0.342578 0.548611 0.042969 0.066667 1 0.000876 0.486719 0.829861 0.03125 0.059722 2 0.00071 0.194531 0.5875 0.017188 0.036111 3 0.000704 0.450391 0.523611 0.021094 0.025 2 0.000704 0.012109 0.659722 0.024219 0.055556 0 0.000646 0.571094 0.690278 0.020313 0.033333
CCTV07^20260116-060000-20260116-065959_003692,12 0.877441 0.140625 0.765972 0.051562 0.179167 12 0.837402 0.218359 0.479167 0.022656 0.047222 12 0.692871 0.128516 0.650694 0.030469 0.056944 12 0.677246 0.321875 0.661806 0.048438 0.093056 1 0.645996 0.366406 0.688194 0.015625 0.040278 11 0.525391 0.321875 0.661111 0.048438 0.094444 12 0.519531 0.492578 0.775694 0.108594 0.173611 2 0.352295 0.1625 0.513889 0.010937 0.025 4 0.32251 0.421094 0.586806 0.034375 0.051389 9 0.252441 0.421094 0.586806 0.034375 0.051389 11 0.217285 0.421875 0.586806 0.032813 0.048611 9 0.117188 0.49375 0.774306 0.10625 0.170833 11 0.045349 0.492969 0.772917 0.1125 0.176389 11 0.025467 0.202734 0.429167 0.013281 0.027778 12 0.019058 0.203125 0.431944 0.010937 0.022222 2 0.015488 0.455469 0.501389 0.015625 0.025 4 0.013374 0.298438 0.48125 0.014063 0.026389 1 0.007843 0.700391 0.804861 0.027344 0.068056 3 0.003824 0.454297 0.502778 0.016406 0.025 10 0.003004 0.017188 0.911111 0.034375 0.177778 2 0.002359 0.194531 0.588889 0.01875 0.036111 11 0.002108 0.346094 0.547222 0.025 0.052778 2 0.001623 0.298828 0.482639 0.013281 0.023611 3 0.00106 0.010156 0.631944 0.020313 0.072222 3 0.00097 0.45 0.523611 0.020313 0.025 2 0.000612 0.15625 0.517361 0.010937 0.023611 2 0.000542 0.012891 0.660417 0.025781 0.054167 1 0.00054 0.366797 0.707639 0.019531 0.045833 2 0.000534 0.137891 0.53125 0.017969 0.034722 1 0.000513 0.017188 0.896528 0.034375 0.098611 4 0.000509 0.240625 0.609722 0.014063 0.033333 1 0.000504 0.373047 0.688889 0.028906 0.047222
CCTV07^20260116-060000-20260116-065959_003696,12 0.867188 0.140625 0.766667 0.051562 0.180556 12 0.733887 0.234375 0.469444 0.021875 0.047222 3 0.732422 0.432031 0.570139 0.026562 0.034722 12 0.708984 0.128516 0.65 0.030469 0.055556 2 0.680664 0.167187 0.536111 0.010937 0.025 12 0.413086 0.201172 0.459722 0.016406 0.030556 12 0.051666 0.182422 0.420139 0.013281 0.026389 3 0.034882 0.163281 0.464583 0.009375 0.020833 2 0.01445 0.455469 0.501389 0.015625 0.025 11 0.00358 0.343359 0.544444 0.033594 0.061111 1 0.002672 0.700391 0.804167 0.027344 0.069444 3 0.002108 0.273047 0.427778 0.013281 0.019444 2 0.001796 0.194531 0.588194 0.01875 0.0375 3 0.001438 0.010547 0.635417 0.021094 0.076389 11 0.001032 0.332422 0.54375 0.060156 0.068056 10 0.000955 0.016016 0.911806 0.032031 0.176389 4 0.000744 0.240625 0.609722 0.014063 0.033333 2 0.000721 0.169922 0.553472 0.014844 0.023611 12 0.000607 0.10625 0.480556 0.05 0.094444 2 0.000546 0.164062 0.549306 0.017188 0.029167 2 0.000544 0.007422 0.565972 0.014844 0.048611
CCTV07^20260116-060000-20260116-065959_003700,12 0.885742 0.140234 0.767361 0.052344 0.179167 2 0.747559 0.187891 0.678472 0.019531 0.043056 12 0.713867 0.128516 0.650694 0.030469 0.056944 12 0.44165 0.223438 0.670833 0.029687 0.066667 0 0.166138 0.199219 0.568056 0.010937 0.027778 2 0.070068 0.199219 0.570833 0.0125 0.027778 8 0.069031 0.223047 0.670833 0.032031 0.066667 2 0.06189 0.3625 0.484722 0.021875 0.027778 9 0.049774 0.223047 0.670833 0.028906 0.066667 4 0.043365 0.360938 0.484028 0.021875 0.026389 12 0.014229 0.195312 0.421528 0.0125 0.023611 2 0.008446 0.455469 0.501389 0.015625 0.025 3 0.007404 0.151953 0.448611 0.007031 0.016667 1 0.005363 0.700391 0.805556 0.027344 0.069444 3 0.004681 0.148828 0.481944 0.013281 0.022222 2 0.002611 0.197266 0.583333 0.016406 0.036111 1 0.002562 0.288672 0.476389 0.011719 0.025 3 0.002035 0.454297 0.502778 0.017969 0.025 3 0.001543 0.010156 0.632639 0.020313 0.073611 2 0.001513 0.19375 0.5875 0.01875 0.036111 3 0.001116 0.151953 0.454167 0.008594 0.016667 2 0.000978 0.240625 0.611111 0.014063 0.036111 0 0.000944 0.270313 0.797222 0.020313 0.05 10 0.000883 0.016406 0.910417 0.032813 0.179167 11 0.000779 0.348438 0.544444 0.028125 0.055556 12 0.000688 0.177344 0.415972 0.009375 0.018056 4 0.000672 0.240625 0.609028 0.014063 0.031944 3 0.000657 0.451562 0.524306 0.021875 0.026389
CCTV07^20260116-060000-20260116-065959_003704,12 0.872559 0.140234 0.767361 0.052344 0.179167 12 0.713867 0.128906 0.651389 0.029687 0.058333 1 0.513672 0.6375 0.747222 0.026562 0.038889 2 0.009193 0.455469 0.500694 0.015625 0.023611 4 0.005386 0.684766 0.661806 0.030469 0.045833 3 0.004925 0.685156 0.661806 0.029687 0.045833 3 0.0047 0.454297 0.503472 0.016406 0.023611 1 0.001972 0.700391 0.804861 0.027344 0.068056 0 0.001707 0.571094 0.690278 0.020313 0.033333 2 0.001649 0.194141 0.5875 0.019531 0.036111 4 0.00149 0.240625 0.609722 0.014063 0.033333 3 0.001444 0.451562 0.525 0.021875 0.025 5 0.001356 0.192578 0.586806 0.021094 0.034722 11 0.00132 0.345313 0.544444 0.023438 0.055556 1 0.001188 0.727344 0.700694 0.0375 0.051389 2 0.000962 0.240234 0.611111 0.014844 0.036111 10 0.000846 0.016406 0.905556 0.032813 0.188889 1 0.000795 0.642188 0.754167 0.034375 0.055556 3 0.000699 0.010547 0.638194 0.021094 0.084722 2 0.000672 0.138281 0.561806 0.015625 0.031944 12 0.000607 0.154297 0.660417 0.025781 0.056944 2 0.000597 0.073047 0.717361 0.028906 0.045833
CCTV07^20260116-060000-20260116-065959_003708,12 0.872559 0.140234 0.765972 0.052344 0.179167 12 0.716797 0.128516 0.65 0.030469 0.055556 2 0.343262 0.576953 0.621528 0.024219 0.0375 2 0.0112 0.157812 0.4875 0.0125 0.022222 2 0.010567 0.455469 0.500694 0.015625 0.023611 3 0.006615 0.453906 0.502083 0.015625 0.023611 1 0.003538 0.314063 0.480556 0.009375 0.019444 4 0.002493 0.240625 0.609028 0.014063 0.031944 2 0.001748 0.194922 0.589583 0.017969 0.0375 10 0.001611 0.016406 0.913889 0.032813 0.172222 2 0.00145 0.240234 0.611111 0.014844 0.036111 5 0.00126 0.192969 0.5875 0.021875 0.033333 1 0.001249 0.700391 0.805556 0.027344 0.069444 11 0.001169 0.347266 0.544444 0.027344 0.055556 3 0.001 0.450781 0.523611 0.020313 0.025 3 0.000947 0.008984 0.624306 0.017969 0.059722 3 0.000883 0.315234 0.478472 0.010156 0.015278 0 0.000607 0.571484 0.690972 0.019531 0.031944 0 0.000584 0.270313 0.797222 0.020313 0.047222 2 0.000544 0.138281 0.559722 0.015625 0.030556 2 0.000536 0.073047 0.717361 0.028906 0.045833
CCTV07^20260116-060000-20260116-065959_003712,12 0.868164 0.140234 0.765972 0.052344 0.179167 12 0.712402 0.128906 0.650694 0.029687 0.056944 1 0.332764 0.40625 0.55625 0.0125 0.020833 1 0.012337 0.699219 0.8 0.025 0.063889 2 0.007122 0.877734 0.765278 0.035156 0.058333 2 0.00433 0.455469 0.501389 0.015625 0.025 2 0.002672 0.194141 0.589583 0.019531 0.0375 3 0.002306 0.148438 0.481944 0.014063 0.022222 4 0.00215 0.240625 0.609028 0.014063 0.031944 3 0.002003 0.454297 0.502778 0.016406 0.025 5 0.001957 0.192578 0.5875 0.021094 0.036111 10 0.001467 0.017578 0.9125 0.035156 0.175 2 0.001378 0.240234 0.611111 0.014844 0.036111 3 0.001367 0.009766 0.629861 0.019531 0.068056 11 0.000859 0.349219 0.544444 0.026562 0.052778 3 0.000586 0.451172 0.524306 0.021094 0.023611
CCTV07^20260116-060000-20260116-065959_003716,12 0.912598 0.296094 0.549306 0.039062 0.073611 12 0.877441 0.140234 0.766667 0.052344 0.180556 3 0.740234 0.396875 0.564583 0.026562 0.031944 12 0.71875 0.128125 0.65 0.029687 0.055556 2 0.662109 0.169922 0.549306 0.013281 0.029167 3 0.537109 0.681641 0.766667 0.060156 0.072222 4 0.228149 0.320312 0.489583 0.01875 0.026389 3 0.05014 0.319141 0.488889 0.019531 0.030556 2 0.034882 0.170703 0.472917 0.007031 0.018056 2 0.009857 0.455469 0.501389 0.015625 0.025 4 0.008949 0.321484 0.498611 0.016406 0.027778 1 0.003376 0.321094 0.497222 0.017188 0.027778 2 0.003197 0.194141 0.589583 0.017969 0.0375 3 0.003099 0.454297 0.502778 0.017969 0.025 11 0.002398 0.338672 0.545833 0.042969 0.063889 2 0.002068 0.073047 0.717361 0.028906 0.045833 1 0.001824 0.694531 0.822222 0.023438 0.047222 3 0.001467 0.010547 0.636806 0.021094 0.079167 3 0.001438 0.451953 0.525 0.022656 0.025 3 0.000897 0.149219 0.482639 0.0125 0.023611 1 0.000704 0.699219 0.8125 0.025 0.058333 0 0.000648 0.496094 0.40625 0.08125 0.145833 1 0.000621 0.571094 0.69375 0.020313 0.034722 0 0.00057 0.571094 0.690972 0.020313 0.031944 10 0.000521 0.016797 0.909722 0.033594 0.180556
CCTV07^20260116-060000-20260116-065959_003720,12 0.878906 0.140234 0.765972 0.052344 0.179167 12 0.697754 0.128906 0.65 0.029687 0.055556 2 0.533203 0.180859 0.652778 0.017969 0.041667 0 0.392334 0.18125 0.652083 0.01875 0.040278 3 0.144653 0.224219 0.467361 0.010937 0.018056 2 0.137085 0.266797 0.799306 0.024219 0.051389 12 0.056854 0.196094 0.450694 0.017188 0.029167 11 0.054596 0.196094 0.450694 0.017188 0.029167 2 0.009972 0.455469 0.501389 0.015625 0.025 2 0.007488 0.194531 0.588889 0.01875 0.036111 3 0.00605 0.454297 0.503472 0.017969 0.023611 3 0.00589 0.451953 0.525 0.022656 0.025 1 0.004868 0.699609 0.806944 0.027344 0.069444 0 0.002621 0.264062 0.804167 0.028125 0.055556 4 0.0021 0.240625 0.609722 0.014063 0.033333 1 0.00209 0.266016 0.803472 0.027344 0.056944 11 0.001103 0.34375 0.545833 0.032813 0.058333 3 0.000962 0.148438 0.482639 0.014063 0.023611 12 0.000911 0.196484 0.440972 0.019531 0.040278 0 0.0006 0.490234 0.403472 0.067969 0.1375 3 0.000566 0.230078 0.415278 0.013281 0.025 2 0.000564 0.240234 0.611806 0.014844 0.0375 0 0.000553 0.571094 0.690278 0.020313 0.030556 3 0.000542 0.455078 0.530556 0.030469 0.030556 10 0.000511 0.015625 0.909028 0.03125 0.181944
CCTV07^20260116-060000-20260116-065959_003724,12 0.876465 0.140234 0.765972 0.052344 0.179167 12 0.715332 0.128906 0.65 0.029687 0.055556 3 0.584961 0.25 0.502778 0.014063 0.022222 11 0.226807 0.38125 0.739583 0.065625 0.143056 10 0.214722 0.382031 0.741667 0.065625 0.144444 12 0.213379 0.282031 0.450694 0.020313 0.034722 1 0.174927 0.231641 0.513889 0.010156 0.019444 3 0.089783 0.214453 0.480556 0.013281 0.025 3 0.088196 0.21875 0.461806 0.010937 0.018056 1 0.074768 0.385547 0.539583 0.011719 0.020833 4 0.063049 0.381641 0.740972 0.067969 0.145833 2 0.012726 0.455469 0.501389 0.015625 0.025 1 0.011116 0.400781 0.786806 0.021875 0.043056 2 0.004486 0.156641 0.484028 0.011719 0.023611 12 0.004398 0.057813 0.640972 0.025 0.031944 2 0.002182 0.194531 0.588194 0.01875 0.0375 1 0.00215 0.700391 0.804167 0.027344 0.069444 5 0.001367 0.192578 0.5875 0.021094 0.036111 4 0.001305 0.240625 0.609722 0.014063 0.033333 2 0.000715 0.240234 0.611806 0.014844 0.0375 2 0.000693 0.073828 0.717361 0.027344 0.043056 10 0.000627 0.017969 0.911806 0.035937 0.176389 1 0.000619 0.439063 0.552083 0.017188 0.020833 1 0.000577 0.396094 0.788889 0.03125 0.055556 11 0.00057 0.346875 0.545139 0.026562 0.056944 10 0.000525 0.334766 0.765278 0.064844 0.166667 3 0.000519 0.254688 0.504861 0.023438 0.020833 2 0.000509 0.007031 0.565278 0.014063 0.05 10 0.000507 0.354687 0.766667 0.104688 0.2
CCTV07^20260116-060000-20260116-065959_003728,12 0.878906 0.140625 0.765972 0.051562 0.179167 12 0.842773 0.490234 0.593056 0.060156 0.091667 12 0.723145 0.128516 0.650694 0.030469 0.054167 2 0.181274 0.171875 0.56875 0.014063 0.029167 1 0.165039 0.460156 0.613889 0.015625 0.033333 12 0.156128 0.195703 0.445833 0.013281 0.030556 3 0.054199 0.302734 0.479861 0.019531 0.026389 2 0.010567 0.455078 0.502083 0.016406 0.023611 1 0.003975 0.7 0.804861 0.026562 0.068056 11 0.003901 0.347266 0.547222 0.028906 0.055556 2 0.003708 0.073828 0.717361 0.027344 0.043056 2 0.002714 0.175 0.577083 0.014063 0.026389 2 0.001867 0.195312 0.588194 0.017188 0.034722 4 0.001675 0.301172 0.481944 0.017969 0.027778 4 0.001285 0.240625 0.609028 0.014063 0.031944 3 0.001274 0.148828 0.481944 0.013281 0.022222 3 0.001095 0.451953 0.522222 0.022656 0.025 0 0.001095 0.270313 0.798611 0.020313 0.047222 2 0.000836 0.138281 0.557639 0.015625 0.029167 2 0.000817 0.240234 0.610417 0.014844 0.034722 2 0.000773 0.140234 0.565278 0.017969 0.030556 2 0.000767 0.303125 0.483333 0.01875 0.030556 10 0.00068 0.016406 0.911111 0.032813 0.177778 3 0.000627 0.010156 0.634722 0.020313 0.075 11 0.000517 0.335938 0.542361 0.053125 0.065278
CCTV07^20260116-060000-20260116-065959_003732,12 0.871582 0.140625 0.765972 0.051562 0.179167 12 0.710449 0.128906 0.65 0.029687 0.055556 2 0.008064 0.455469 0.501389 0.015625 0.025 3 0.004364 0.148828 0.481944 0.013281 0.022222 11 0.003325 0.346094 0.545833 0.025 0.055556 3 0.002132 0.453906 0.504167 0.017188 0.025 0 0.001883 0.571484 0.690278 0.019531 0.030556 3 0.001687 0.15 0.441667 0.007812 0.013889 2 0.001611 0.194531 0.588889 0.01875 0.036111 10 0.001567 0.017969 0.913194 0.035937 0.173611 1 0.001235 0.429297 0.9 0.028906 0.069444 4 0.001216 0.240625 0.609722 0.014063 0.033333 5 0.001081 0.192969 0.5875 0.021875 0.033333 12 0.001 0.10625 0.480556 0.05 0.094444 2 0.000904 0.138672 0.565278 0.017969 0.030556 3 0.000853 0.010937 0.641667 0.021875 0.080556 2 0.000846 0.010937 0.659028 0.021875 0.051389 1 0.000843 0.700391 0.80625 0.030469 0.073611 3 0.000804 0.450391 0.523611 0.021094 0.025 2 0.000764 0.074219 0.718056 0.028125 0.044444 5 0.000715 0.240234 0.611111 0.014844 0.036111 1 0.000641 0.571484 0.692361 0.021094 0.034722 5 0.000575 0.010937 0.638194 0.021875 0.081944
CCTV07^20260116-060000-20260116-065959_003736,12 0.870605 0.140234 0.765972 0.052344 0.179167 12 0.713867 0.128516 0.650694 0.030469 0.054167 1 0.604004 0.311328 0.726389 0.014844 0.036111 1 0.492188 0.238672 0.515972 0.008594 0.020833 9 0.437744 0.628516 0.719444 0.064844 0.077778 1 0.32251 0.197266 0.672917 0.013281 0.043056 7 0.245117 0.627734 0.720139 0.063281 0.070833 12 0.146118 0.627734 0.720139 0.064844 0.079167 2 0.098083 0.4 0.501389 0.0125 0.022222 1 0.026459 0.4 0.502083 0.014063 0.023611 4 0.020493 0.497656 0.801389 0.084375 0.133333 0 0.018127 0.571484 0.691667 0.019531 0.033333 9 0.015961 0.497656 0.804167 0.085938 0.138889 10 0.013428 0.519531 0.794444 0.14375 0.225 1 0.009232 0.700391 0.804167 0.027344 0.066667 10 0.008614 0.497656 0.788889 0.092188 0.186111 12 0.007519 0.497266 0.800694 0.083594 0.131944 3 0.006744 0.451172 0.525 0.022656 0.025 3 0.004982 0.184375 0.428472 0.009375 0.018056 2 0.00404 0.455078 0.501389 0.016406 0.025 2 0.004025 0.138281 0.561111 0.015625 0.030556 2 0.003593 0.194531 0.588889 0.01875 0.036111 11 0.003338 0.347266 0.543056 0.032031 0.058333 3 0.002867 0.453906 0.505556 0.017188 0.022222 3 0.002043 0.149219 0.481944 0.0125 0.022222 5 0.001926 0.192969 0.586806 0.021875 0.034722 2 0.001768 0.073438 0.717361 0.028125 0.045833 4 0.001714 0.240625 0.609722 0.014063 0.033333 12 0.001192 0.477734 0.777778 0.047656 0.130556 10 0.001174 0.017969 0.909722 0.035937 0.180556 12 0.000974 0.185938 0.427083 0.009375 0.015278 5 0.000926 0.240234 0.611111 0.014844 0.036111 12 0.000904 0.057422 0.641667 0.024219 0.030556 2 0.000693 0.162109 0.438889 0.005469 0.013889 12 0.000682 0.154688 0.661806 0.026562 0.059722 1 0.000672 0.232813 0.520139 0.014063 0.020833 12 0.000661 0.10625 0.477778 0.05 0.088889 3 0.000627 0.454688 0.529861 0.029687 0.031944 2 0.000602 0.241016 0.611111 0.014844 0.036111 0 0.000602 0.270313 0.797222 0.020313 0.047222 3 0.00057 0.010547 0.636111 0.021094 0.080556 2 0.000551 0.139453 0.527778 0.014844 0.027778
CCTV07^20260116-060000-20260116-065959_003740,12 0.885742 0.140234 0.765972 0.052344 0.179167 12 0.715332 0.128906 0.65 0.029687 0.055556 1 0.673828 0.310547 0.726389 0.016406 0.036111 2 0.649414 0.775391 0.714583 0.036719 0.0625 3 0.168823 0.388281 0.744444 0.04375 0.063889 5 0.133911 0.3875 0.747222 0.04375 0.063889 3 0.053802 0.216406 0.455556 0.014063 0.025 2 0.043365 0.172266 0.476389 0.008594 0.019444 3 0.031616 0.187891 0.434722 0.008594 0.016667 11 0.017303 0.216406 0.454167 0.015625 0.025 3 0.009781 0.185547 0.434028 0.011719 0.020833 1 0.007317 0.699219 0.801389 0.025 0.063889 2 0.006691 0.455469 0.501389 0.015625 0.025 1 0.006145 0.393359 0.75 0.033594 0.061111 3 0.003403 0.278125 0.4625 0.0125 0.022222 3 0.002867 0.250391 0.440972 0.010156 0.015278 3 0.00214 0.454297 0.502778 0.017969 0.025 2 0.00202 0.194531 0.588889 0.01875 0.036111 4 0.001912 0.240625 0.609028 0.014063 0.031944 5 0.001519 0.240234 0.609722 0.014844 0.033333 11 0.001394 0.346875 0.546528 0.03125 0.059722 3 0.001356 0.450391 0.525 0.021094 0.025 3 0.001265 0.148438 0.483333 0.014063 0.022222 5 0.001073 0.192578 0.5875 0.021094 0.033333 12 0.000894 0.216406 0.454167 0.017188 0.027778 10 0.000776 0.359766 0.766667 0.091406 0.105556 12 0.000764 0.057031 0.641667 0.025 0.033333 3 0.000727 0.276172 0.452083 0.014844 0.026389 1 0.000638 0.571094 0.693056 0.020313 0.033333 2 0.000627 0.139063 0.566667 0.017188 0.030556 3 0.000614 0.009375 0.626389 0.01875 0.061111 3 0.000602 0.185547 0.439583 0.010156 0.015278 0 0.000602 0.571094 0.690972 0.020313 0.031944 2 0.000548 0.073828 0.717361 0.027344 0.045833 10 0.000542 0.017188 0.909722 0.034375 0.180556 12 0.000532 0.154688 0.660417 0.026562 0.056944 10 0.00053 0.331641 0.780556 0.055469 0.127778 2 0.000511 0.013281 0.938889 0.026562 0.075
CCTV07^20260116-060000-20260116-065959_003744,12 0.877441 0.140625 0.756944 0.05 0.175 12 0.702637 0.128125 0.647222 0.029687 0.052778 10 0.695801 0.262109 0.545139 0.036719 0.068056 11 0.6875 0.553125 0.681944 0.082812 0.113889 1 0.654785 0.310547 0.727778 0.014844 0.033333 3 0.199341 0.216797 0.459722 0.011719 0.019444 2 0.165649 0.2 0.570833 0.0125 0.027778 0 0.15564 0.199219 0.568056 0.010937 0.027778 12 0.041473 0.2625 0.545139 0.0375 0.070833 2 0.006798 0.455469 0.501389 0.015625 0.025 10 0.004646 0.619141 0.910417 0.152344 0.179167 1 0.00378 0.700391 0.805556 0.027344 0.066667 3 0.003223 0.453906 0.504167 0.017188 0.025 2 0.002846 0.137891 0.565278 0.016406 0.030556 3 0.00255 0.220703 0.461111 0.013281 0.013889 0 0.00215 0.202734 0.575 0.014844 0.033333 3 0.001942 0.450391 0.523611 0.021094 0.025 3 0.001507 0.617969 0.913194 0.15 0.173611 11 0.001399 0.350781 0.542361 0.025 0.051389 2 0.001394 0.073047 0.717361 0.028906 0.043056 2 0.001378 0.198047 0.583333 0.014844 0.036111 1 0.000947 0.308594 0.722222 0.021875 0.044444 2 0.000863 0.139063 0.530556 0.017188 0.033333 10 0.000853 0.016797 0.909722 0.033594 0.180556 2 0.00083 0.192969 0.584028 0.020313 0.031944 1 0.000685 0.309766 0.740278 0.019531 0.038889 1 0.000646 0.347266 0.561806 0.022656 0.031944 3 0.000548 0.164453 0.459028 0.007031 0.018056 12 0.00054 0.057031 0.640972 0.025 0.031944 12 0.000509 0.610938 0.913889 0.1375 0.172222 2 0.000504 0.195703 0.569444 0.017969 0.030556
CCTV07^20260116-060000-20260116-065959_003748,12 0.89502 0.142578 0.730556 0.058594 0.155556 1 0.710449 0.311328 0.725694 0.014844 0.034722 12 0.70752 0.127734 0.636111 0.028906 0.038889 12 0.457031 0.332422 0.670833 0.033594 0.077778 12 0.449463 0.209766 0.440972 0.016406 0.031944 3 0.253906 0.211328 0.478472 0.013281 0.023611 3 0.089478 0.273047 0.452778 0.013281 0.019444 9 0.032349 0.332422 0.671528 0.033594 0.076389 2 0.010132 0.198437 0.583333 0.014063 0.030556 2 0.006413 0.455469 0.502083 0.015625 0.023611 3 0.00639 0.454297 0.503472 0.017969 0.026389 1 0.003651 0.700391 0.805556 0.027344 0.069444 4 0.002571 0.240625 0.609722 0.014063 0.033333 3 0.002512 0.182422 0.439583 0.007031 0.018056 5 0.002512 0.211719 0.479861 0.014063 0.026389 10 0.0021 0.017578 0.913889 0.035156 0.172222 2 0.002083 0.1375 0.561806 0.017188 0.031944 2 0.001796 0.074219 0.717361 0.026562 0.043056 5 0.001611 0.240234 0.611111 0.014844 0.036111 12 0.001554 0.171484 0.399306 0.013281 0.031944 0 0.001536 0.571094 0.690278 0.020313 0.030556 2 0.001432 0.197266 0.590972 0.021094 0.043056 1 0.001432 0.308984 0.740972 0.017969 0.040278 12 0.001362 0.057031 0.641667 0.025 0.030556 11 0.0009 0.345313 0.546528 0.023438 0.054167 3 0.000856 0.451562 0.523611 0.021875 0.025 2 0.00075 0.240234 0.611111 0.014844 0.036111 3 0.000672 0.148828 0.482639 0.014844 0.023611 3 0.000627 0.180859 0.431944 0.007031 0.019444 12 0.000605 0.211328 0.467361 0.013281 0.023611 1 0.000591 0.571094 0.693056 0.020313 0.033333 12 0.000538 0.166016 0.386111 0.025781 0.061111
CCTV07^20260116-060000-20260116-065959_003752,12 0.885742 0.142969 0.723611 0.064062 0.144444 1 0.633301 0.311328 0.727083 0.014844 0.034722 12 0.560059 0.127734 0.634028 0.028906 0.034722 3 0.297363 0.229297 0.478472 0.010156 0.018056 2 0.265869 0.164453 0.524306 0.011719 0.023611 2 0.05542 0.401172 0.502083 0.014844 0.023611 4 0.019424 0.724219 0.710417 0.048438 0.068056 12 0.018341 0.191406 0.445139 0.010937 0.020833 1 0.014389 0.700391 0.804167 0.027344 0.066667 2 0.009712 0.455469 0.501389 0.015625 0.025 3 0.009377 0.451562 0.525 0.021875 0.025 11 0.008713 0.723437 0.708333 0.051562 0.066667 3 0.006824 0.453906 0.503472 0.017188 0.023611 2 0.005577 0.724609 0.709028 0.049219 0.068056 12 0.005199 0.723437 0.707639 0.048438 0.070833 9 0.00375 0.723437 0.708333 0.048438 0.072222 12 0.0028 0.250391 0.978472 0.125781 0.043056 3 0.002472 0.192188 0.45 0.009375 0.019444 4 0.002253 0.400781 0.5 0.017188 0.025 1 0.002234 0.4 0.503472 0.017188 0.023611 2 0.002108 0.194531 0.588194 0.017188 0.034722 11 0.001687 0.346484 0.544444 0.027344 0.058333 4 0.001147 0.240625 0.609028 0.014063 0.031944 3 0.001124 0.149219 0.481944 0.014063 0.022222 10 0.000826 0.016406 0.911111 0.032813 0.177778 2 0.000762 0.240234 0.611111 0.014844 0.036111 12 0.000629 0.191406 0.438889 0.009375 0.027778 0 0.00057 0.571094 0.690972 0.020313 0.031944
CCTV07^20260116-060000-20260116-065959_003756,12 0.862305 0.133984 0.702778 0.089844 0.127778 12 0.809082 0.204687 0.793056 0.064062 0.166667 10 0.806641 0.298047 0.571528 0.049219 0.0875 1 0.71875 0.310156 0.722222 0.015625 0.030556 3 0.699219 0.263672 0.520833 0.016406 0.025 2 0.445557 0.949219 0.807639 0.048438 0.079167 11 0.420654 0.297656 0.572222 0.05 0.086111 1 0.418701 0.235156 0.532639 0.009375 0.020833 2 0.345215 0.166797 0.50625 0.010156 0.023611 3 0.094666 0.365234 0.492361 0.021094 0.023611 3 0.085693 0.326562 0.455556 0.0125 0.019444 3 0.062317 0.203906 0.442361 0.010937 0.018056 1 0.007812 0.307422 0.729167 0.016406 0.038889 1 0.007259 0.471875 0.561806 0.017188 0.029167 2 0.007065 0.455469 0.501389 0.015625 0.025 3 0.005447 0.453906 0.504167 0.017188 0.025 2 0.005386 0.194141 0.588889 0.017969 0.036111 3 0.00375 0.450391 0.522222 0.019531 0.022222 12 0.002434 0.203906 0.436806 0.0125 0.023611 1 0.002323 0.233594 0.533333 0.015625 0.025 2 0.001957 0.015625 0.659028 0.029687 0.051389 2 0.001567 0.240234 0.610417 0.014844 0.034722 1 0.001501 0.571875 0.692361 0.020313 0.034722 0 0.001467 0.474219 0.561806 0.015625 0.029167 0 0.00141 0.571484 0.691667 0.019531 0.030556 1 0.00141 0.700391 0.80625 0.028906 0.070833 3 0.00126 0.149219 0.481944 0.0125 0.022222 12 0.001235 0.607422 0.934028 0.224219 0.131944 11 0.001099 0.339844 0.545139 0.039062 0.056944 4 0.001069 0.341016 0.544444 0.036719 0.058333 3 0.00089 0.309766 0.595833 0.027344 0.036111 3 0.000853 0.010156 0.630556 0.020313 0.066667 10 0.000853 0.017578 0.902778 0.035156 0.194444 12 0.000779 0.057422 0.641667 0.024219 0.030556 2 0.000744 0.138281 0.561806 0.017188 0.031944 1 0.000744 0.170703 0.588194 0.013281 0.031944 3 0.000667 0.010547 0.457639 0.021094 0.051389 3 0.000667 0.150781 0.442361 0.007812 0.015278 4 0.000627 0.240625 0.609028 0.014063 0.031944 2 0.000584 0.010547 0.636806 0.021094 0.079167 12 0.000575 0.105859 0.485417 0.049219 0.101389 2 0.000532 0.007422 0.567361 0.014844 0.051389
CCTV07^20260116-060000-20260116-065959_003760,11 0.875 0.248047 0.492361 0.021094 0.043056 12 0.865234 0.128516 0.693056 0.091406 0.127778 12 0.830078 0.204297 0.783333 0.064844 0.158333 12 0.760742 0.142187 0.852083 0.084375 0.193056 12 0.704102 0.214844 0.475 0.021875 0.044444 12 0.437744 0.203906 0.647917 0.029687 0.068056 9 0.420654 0.203516 0.647917 0.028906 0.065278 5 0.189575 0.842578 0.752083 0.066406 0.0875 1 0.150513 0.217188 0.517361 0.010937 0.023611 7 0.147095 0.841406 0.751389 0.067187 0.088889 12 0.101562 0.842187 0.752083 0.065625 0.090278 2 0.084167 0.217188 0.518056 0.009375 0.019444 11 0.059875 0.142187 0.850694 0.084375 0.190278 2 0.006489 0.240625 0.611111 0.014063 0.036111 2 0.005775 0.455469 0.501389 0.015625 0.025 3 0.003363 0.183594 0.439583 0.009375 0.020833 2 0.003172 0.194531 0.588194 0.01875 0.034722 12 0.003099 0.121484 0.661111 0.069531 0.075 1 0.002359 0.699609 0.799306 0.024219 0.0625 3 0.002182 0.453906 0.504861 0.017188 0.023611 5 0.001789 0.192969 0.5875 0.021875 0.036111 3 0.001597 0.450391 0.525 0.021094 0.025 3 0.001421 0.010547 0.636806 0.021094 0.084722 0 0.001346 0.571094 0.690278 0.020313 0.030556 3 0.000993 0.175 0.409722 0.010937 0.019444 12 0.000904 0.056641 0.640972 0.024219 0.031944 10 0.000886 0.019141 0.900694 0.038281 0.198611 1 0.000682 0.571875 0.692361 0.020313 0.034722 12 0.00068 0.175781 0.408333 0.010937 0.022222 2 0.000657 0.007031 0.569444 0.014063 0.047222 1 0.000619 0.01875 0.903472 0.0375 0.1375 12 0.000597 0.10625 0.480556 0.05 0.091667 2 0.000588 0.1375 0.561806 0.017188 0.031944 2 0.00057 0.012109 0.658333 0.024219 0.055556
CCTV07^20260116-060000-20260116-065959_003764,12 0.866211 0.136719 0.795139 0.059375 0.165278 12 0.827637 0.204297 0.78125 0.063281 0.1625 3 0.818848 0.253906 0.545139 0.01875 0.026389 3 0.728027 0.783594 0.842361 0.082812 0.095833 2 0.57959 0.821094 0.746528 0.040625 0.059722 12 0.466797 0.155859 0.697917 0.125781 0.109722 3 0.392334 0.368359 0.55 0.024219 0.033333 3 0.284668 0.336719 0.499306 0.020313 0.031944 2 0.032715 0.159375 0.494444 0.014063 0.030556 12 0.016342 0.180469 0.420139 0.010937 0.023611 2 0.007488 0.455469 0.501389 0.015625 0.025 1 0.003796 0.698828 0.803472 0.024219 0.068056 12 0.00378 0.135937 0.681944 0.08125 0.097222 3 0.003765 0.454297 0.503472 0.017969 0.023611 3 0.003635 0.357031 0.540278 0.032813 0.044444 12 0.001846 0.057422 0.642361 0.024219 0.031944 2 0.001782 0.194141 0.588194 0.017969 0.034722 2 0.001 0.240625 0.610417 0.014063 0.034722 0 0.000856 0.571094 0.690278 0.020313 0.033333 3 0.000792 0.010547 0.634028 0.021094 0.076389 4 0.000782 0.347266 0.5375 0.021094 0.047222 11 0.000696 0.139844 0.995139 0.279687 0.009722 11 0.00068 0.136719 0.691667 0.090625 0.108333 12 0.000617 0.158203 0.491667 0.013281 0.033333 3 0.000566 0.452734 0.524306 0.024219 0.026389
CCTV10^20251112-170000-20251112-175959_004127,11 0.842773 0.83125 0.663889 0.085938 0.108333 12 0.588867 0.357812 0.715972 0.089063 0.134722 2 0.535156 0.106641 0.713889 0.027344 0.061111 9 0.445557 0.358203 0.715278 0.085156 0.133333 3 0.320801 0.332031 0.617361 0.028125 0.051389 2 0.237915 0.129297 0.668056 0.024219 0.052778 2 0.137085 0.331641 0.617361 0.028906 0.051389 1 0.007786 0.798438 0.68125 0.023438 0.048611 2 0.002642 0.371484 0.575694 0.019531 0.0375 3 0.002415 0.370703 0.574306 0.019531 0.0375 2 0.002068 0.326172 0.506944 0.019531 0.047222 2 0.001755 0.992969 0.645139 0.014063 0.076389 2 0.00124 0.361328 0.529167 0.017969 0.038889 11 0.001206 0.980078 0.619444 0.038281 0.102778 10 0.000911 0.074609 0.493056 0.041406 0.083333 10 0.000876 0.00625 0.927083 0.0125 0.131944 1 0.000785 0.99375 0.797222 0.0125 0.063889 2 0.000669 0.010937 0.972917 0.021875 0.054167 3 0.000524 0.246094 0.6125 0.028125 0.055556
CCTV10^20251112-170000-20251112-175959_004130,11 0.85498 0.830469 0.661806 0.082812 0.106944 3 0.729492 0.588672 0.934722 0.088281 0.111111 1 0.594727 0.841406 0.746528 0.028125 0.0625 5 0.496094 0.544922 0.571528 0.032031 0.054167 2 0.070557 0.123828 0.666667 0.024219 0.055556 1 0.024994 0.703125 0.66875 0.025 0.054167 11 0.005688 0.979688 0.620139 0.039062 0.106944 2 0.003914 0.360938 0.5125 0.017188 0.047222 2 0.001245 0.010937 0.96875 0.021875 0.0625 10 0.000776 0.00625 0.925 0.0125 0.141667 4 0.00077 0.403906 0.547222 0.021875 0.038889 4 0.000715 0.009375 0.951389 0.01875 0.097222 2 0.000575 0.482031 0.471528 0.05 0.104167 11 0.000519 0.598828 0.831944 0.097656 0.133333
CCTV10^20251112-170000-20251112-175959_004134,11 0.850098 0.832031 0.664583 0.085938 0.109722 10 0.834961 0.467187 0.836806 0.148438 0.231944 2 0.720215 0.138672 0.825694 0.033594 0.0625 2 0.690918 0.136719 0.88125 0.039062 0.081944 2 0.689453 0.193359 0.936111 0.050781 0.1 2 0.583008 0.104688 0.806944 0.032813 0.069444 0 0.581543 0.166406 0.811111 0.03125 0.072222 2 0.269043 0.160938 0.814583 0.029687 0.073611 2 0.144653 0.137891 0.656944 0.022656 0.05 12 0.129883 0.108203 0.74375 0.041406 0.081944 2 0.103394 0.108594 0.743056 0.042188 0.080556 1 0.066345 0.178516 0.899306 0.028906 0.0625 7 0.05899 0.108594 0.74375 0.042188 0.079167 0 0.02034 0.080859 0.741667 0.022656 0.055556 1 0.006413 0.080859 0.74375 0.024219 0.068056 1 0.005447 0.572656 0.645139 0.021875 0.048611 11 0.003403 0.980469 0.620139 0.039062 0.101389 2 0.001048 0.992578 0.645139 0.014844 0.073611 1 0.000873 0.191406 0.929167 0.05 0.111111 3 0.000588 0.486719 0.996528 0.114062 0.006944 10 0.000519 0.005469 0.784028 0.010937 0.1375 2 0.000515 0.141406 0.809028 0.029687 0.059722
CCTV10^20251112-170000-20251112-175959_004138,11 0.85791 0.831641 0.663194 0.085156 0.109722 5 0.756348 0.842969 0.840278 0.089063 0.116667 2 0.692871 0.123828 0.722222 0.032031 0.063889 3 0.690918 0.84375 0.838889 0.082812 0.119444 3 0.654785 0.398828 0.638889 0.035156 0.055556 1 0.073181 0.678516 0.659028 0.024219 0.051389 11 0.012192 0.980469 0.619444 0.0375 0.102778 3 0.002323 0.404687 0.636806 0.05 0.070833 10 0.001478 0.983984 0.758333 0.032031 0.122222 2 0.001455 0.269141 0.320833 0.011719 0.033333 10 0.000989 0.005859 0.771528 0.011719 0.1625 10 0.000876 0.282031 0.364583 0.032813 0.1125 2 0.000741 0.010937 0.96875 0.021875 0.0625 10 0.000677 0.992969 0.654861 0.014063 0.098611 3 0.000672 0.985938 0.7625 0.028125 0.116667 3 0.000553 0.010937 0.959028 0.021875 0.081944 4 0.000527 0.985938 0.758333 0.028125 0.116667 1 0.000513 0.4 0.631944 0.042188 0.063889
CCTV10^20251112-170000-20251112-175959_004142,11 0.830078 0.833594 0.663889 0.08125 0.111111 10 0.789062 0.709766 0.641667 0.078906 0.116667 2 0.699219 0.155078 0.852778 0.042969 0.080556 2 0.596191 0.115234 0.7625 0.027344 0.058333 2 0.57373 0.122656 0.709028 0.028125 0.065278 2 0.554688 0.107422 0.815278 0.032031 0.075 5 0.458984 0.666797 0.949306 0.089844 0.101389 0 0.373779 0.107422 0.815972 0.033594 0.076389 3 0.23938 0.667578 0.949306 0.083594 0.101389 2 0.180054 0.093359 0.717361 0.025781 0.059722 10 0.097717 0.753516 0.636111 0.069531 0.108333 11 0.010735 0.979688 0.620139 0.039062 0.101389 9 0.002531 0.074219 0.493056 0.04375 0.086111 2 0.001604 0.105469 0.711806 0.05 0.073611 2 0.001597 0.991797 0.650694 0.016406 0.081944 10 0.001472 0.767578 0.641667 0.041406 0.111111 10 0.001309 0.666797 0.909722 0.099219 0.175 4 0.00097 0.980469 0.704167 0.0375 0.077778 10 0.000962 0.160547 0.45 0.066406 0.205556 3 0.000947 0.245703 0.613889 0.027344 0.052778 2 0.000863 0.269141 0.321528 0.011719 0.034722 12 0.000669 0.988281 0.70625 0.023438 0.084722 2 0.000568 0.360156 0.517361 0.017188 0.043056 2 0.000544 0.010547 0.965972 0.021094 0.068056 10 0.000538 0.005859 0.929167 0.011719 0.130556
CCTV10^20251112-170000-20251112-175959_004146,11 0.831055 0.831641 0.663194 0.083594 0.106944 10 0.800293 0.455859 0.76875 0.117969 0.176389 2 0.637207 0.129297 0.722917 0.025781 0.065278 3 0.624512 0.607031 0.646528 0.045312 0.059722 0 0.453369 0.172656 0.922222 0.05 0.094444 1 0.320801 0.800781 0.700694 0.023438 0.054167 2 0.267334 0.172656 0.920833 0.05 0.094444 0 0.184204 0.113281 0.740972 0.025 0.059722 1 0.166138 0.112891 0.741667 0.024219 0.058333 2 0.149048 0.113672 0.740972 0.022656 0.059722 1 0.00885 0.686328 0.654861 0.025781 0.051389 6 0.002855 0.457031 0.76875 0.110937 0.168056 11 0.002443 0.980469 0.618056 0.039062 0.094444 2 0.002323 0.010937 0.964583 0.021875 0.070833 2 0.001484 0.978125 0.700694 0.039062 0.065278 2 0.001444 0.974609 0.704167 0.027344 0.05 2 0.001255 0.269141 0.320833 0.011719 0.033333 4 0.001169 0.009375 0.950694 0.01875 0.098611 2 0.001048 0.992578 0.644444 0.014844 0.072222 1 0.000985 0.679297 0.661111 0.025781 0.044444 10 0.000798 0.00625 0.929167 0.0125 0.133333 3 0.000715 0.245703 0.613889 0.027344 0.055556 3 0.000667 0.992969 0.704167 0.014063 0.072222
CCTV10^20251112-170000-20251112-175959_004150,11 0.842773 0.832422 0.663889 0.086719 0.108333 3 0.6875 0.8125 0.780556 0.071875 0.097222 3 0.62793 0.594141 0.597917 0.033594 0.048611 1 0.624512 0.396094 0.904167 0.039062 0.075 2 0.611328 0.123828 0.784028 0.039844 0.076389 4 0.529297 0.689844 0.905556 0.085938 0.125 1 0.527344 0.376953 0.6625 0.028906 0.055556 1 0.252441 0.248438 0.698611 0.026562 0.052778 2 0.158691 0.122656 0.675694 0.029687 0.059722 1 0.138428 0.99375 0.838889 0.0125 0.077778 2 0.131226 0.690234 0.90625 0.091406 0.126389 1 0.074219 0.989844 0.839583 0.01875 0.079167 1 0.012291 0.116406 0.873611 0.026562 0.061111 2 0.003929 0.131641 0.65 0.030469 0.052778 11 0.002531 0.980469 0.620139 0.039062 0.104167 2 0.002035 0.127344 0.661111 0.039062 0.063889 3 0.00172 0.410547 0.561806 0.019531 0.040278 2 0.001649 0.410938 0.559722 0.021875 0.044444 2 0.001335 0.26875 0.321528 0.010937 0.034722 9 0.001216 0.074219 0.49375 0.042188 0.084722 0 0.001048 0.121094 0.781944 0.04375 0.077778 0 0.000978 0.128906 0.647917 0.034375 0.051389 1 0.000897 0.239063 0.703472 0.03125 0.051389 2 0.000863 0.010937 0.964583 0.021875 0.070833 4 0.000849 0.009375 0.951389 0.01875 0.097222 10 0.000833 0.074609 0.49375 0.041406 0.084722 1 0.000688 0.255469 0.703472 0.032813 0.0625 10 0.000575 0.00625 0.928472 0.0125 0.131944 0 0.000505 0.398438 0.603472 0.021875 0.034722
CCTV10^20251112-170000-20251112-175959_004153,11 0.84375 0.831641 0.663194 0.085156 0.109722 5 0.791992 0.598047 0.594444 0.038281 0.052778 4 0.729492 0.562109 0.661806 0.041406 0.059722 2 0.713867 0.116797 0.773611 0.035156 0.075 1 0.575684 0.141797 0.852083 0.028906 0.068056 9 0.255371 0.392578 0.624306 0.052344 0.090278 3 0.185913 0.561328 0.661111 0.044531 0.063889 7 0.078613 0.392969 0.624306 0.051562 0.090278 1 0.021942 0.082422 0.792361 0.021094 0.059722 1 0.0121 0.994922 0.829861 0.010156 0.070833 0 0.005344 0.081641 0.792361 0.019531 0.059722 3 0.004299 0.516406 0.545139 0.023438 0.034722 3 0.003063 0.990625 0.831944 0.017188 0.072222 11 0.001574 0.980469 0.620833 0.0375 0.102778 2 0.001294 0.398047 0.531944 0.019531 0.038889 2 0.000883 0.26875 0.321528 0.010937 0.034722 10 0.000727 0.006641 0.925694 0.013281 0.1375 0 0.000664 0.994922 0.81875 0.010156 0.098611 10 0.000524 0.159766 0.448611 0.063281 0.205556
CCTV10^20251112-170000-20251112-175959_004157,11 0.841797 0.831641 0.663889 0.085156 0.108333 3 0.759277 0.854688 0.898611 0.0875 0.111111 2 0.730957 0.15 0.801389 0.042188 0.075 0 0.729492 0.201563 0.8625 0.040625 0.086111 4 0.464844 0.626953 0.604861 0.046094 0.056944 0 0.464844 0.252734 0.918056 0.047656 0.125 3 0.264404 0.627344 0.604167 0.048438 0.061111 0 0.148071 0.553906 0.659722 0.051562 0.080556 2 0.147583 0.253125 0.915278 0.048438 0.125 4 0.088501 0.555469 0.657639 0.046875 0.079167 12 0.06488 0.555078 0.660417 0.050781 0.081944 1 0.031738 0.087891 0.711806 0.017969 0.043056 0 0.022034 0.130078 0.659722 0.022656 0.052778 10 0.018051 0.316016 0.604861 0.042969 0.095833 2 0.016983 0.130078 0.659722 0.025781 0.058333 1 0.006538 0.088672 0.709028 0.025781 0.056944 4 0.00407 0.980469 0.749306 0.039062 0.143056 4 0.00396 0.955078 0.675694 0.038281 0.073611 4 0.003443 0.942187 0.677778 0.0625 0.088889 1 0.002947 0.255078 0.947917 0.042969 0.073611 7 0.002611 0.950391 0.675694 0.046094 0.079167 3 0.001714 0.955859 0.676389 0.035156 0.063889 10 0.001356 0.988281 0.754167 0.023438 0.130556 1 0.001225 0.257422 0.916667 0.060156 0.130556 3 0.001161 0.245703 0.615278 0.028906 0.055556 2 0.001024 0.269141 0.321528 0.011719 0.034722 10 0.000849 0.006641 0.927083 0.013281 0.1375 3 0.000843 0.985547 0.770139 0.028906 0.098611 0 0.000651 0.087891 0.716667 0.021094 0.055556 4 0.000597 0.008984 0.947917 0.017969 0.104167 2 0.000588 0.010547 0.969444 0.021094 0.061111 2 0.000586 0.244531 0.618056 0.026562 0.052778 3 0.000517 0.989453 0.709722 0.021094 0.097222
CCTV10^20251112-170000-20251112-175959_004161,11 0.835449 0.830859 0.663194 0.083594 0.109722 5 0.835449 0.76875 0.7625 0.076563 0.105556 2 0.715332 0.130859 0.869444 0.044531 0.091667 3 0.253906 0.433594 0.627778 0.032813 0.047222 1 0.183594 0.249219 0.7 0.023438 0.047222 3 0.105225 0.973828 0.7 0.041406 0.055556 4 0.020248 0.678125 0.586111 0.053125 0.063889 3 0.010406 0.678516 0.584722 0.050781 0.063889 10 0.006489 0.319141 0.548611 0.033594 0.105556 3 0.006096 0.992969 0.692361 0.014063 0.0625 11 0.004299 0.676562 0.585417 0.05 0.0625 2 0.001957 0.530078 0.560417 0.027344 0.045833 11 0.001269 0.985156 0.761111 0.028125 0.108333 1 0.001151 0.650781 0.572917 0.014063 0.031944 3 0.001 0.978125 0.7375 0.042188 0.113889 3 0.000779 0.994531 0.719444 0.010937 0.072222 1 0.000738 0.255469 0.704167 0.029687 0.055556 2 0.000667 0.269141 0.322222 0.011719 0.036111 2 0.000584 0.991797 0.643056 0.016406 0.075 12 0.00054 0.006641 0.411111 0.013281 0.080556 10 0.000536 0.994922 0.663889 0.010156 0.083333 11 0.000519 0.980078 0.620139 0.038281 0.101389
CCTV10^20251112-170000-20251112-175959_004165,11 0.852051 0.830859 0.663194 0.083594 0.1125 10 0.839844 0.692187 0.624306 0.073438 0.118056 2 0.806641 0.208594 0.871528 0.053125 0.098611 5 0.615234 0.625 0.594444 0.032813 0.05 12 0.006363 0.991797 0.722222 0.016406 0.119444 1 0.003273 0.671094 0.565972 0.01875 0.0375 10 0.001782 0.990625 0.734722 0.01875 0.152778 3 0.001623 0.625391 0.597917 0.036719 0.059722 11 0.001389 0.991797 0.719444 0.016406 0.113889 2 0.001356 0.26875 0.322222 0.0125 0.038889 2 0.001216 0.010937 0.967361 0.021875 0.065278 10 0.001151 0.323047 0.540278 0.032031 0.088889 1 0.001143 0.219141 0.88125 0.038281 0.0875 2 0.001053 0.358594 0.510417 0.01875 0.048611 4 0.00083 0.008984 0.944444 0.017969 0.111111 5 0.000823 0.626172 0.595139 0.044531 0.068056 10 0.000764 0.007812 0.934722 0.015625 0.127778 3 0.000667 0.033984 0.051389 0.066406 0.102778 10 0.000657 0.005859 0.835417 0.011719 0.190278 2 0.000657 0.995703 0.942361 0.008594 0.115278 3 0.000566 0.244922 0.615278 0.027344 0.055556 10 0.000562 0.00625 0.786806 0.0125 0.156944
CCTV10^20251112-170000-20251112-175959_004431,10 0.765625 0.867969 0.7875 0.154688 0.213889 1 0.651367 0.233203 0.693056 0.024219 0.058333 1 0.24939 0.994531 0.903472 0.010937 0.104167 9 0.156128 0.299219 0.651389 0.046875 0.072222 1 0.147583 0.988281 0.903472 0.023438 0.1125 11 0.108215 0.299219 0.652083 0.046875 0.073611 2 0.038605 0.99375 0.888194 0.0125 0.129167 3 0.003664 0.269922 0.322222 0.013281 0.036111 2 0.002192 0.948047 0.6625 0.030469 0.055556 2 0.00202 0.99375 0.928472 0.0125 0.106944 1 0.000843 0.239453 0.688194 0.041406 0.076389 4 0.00083 0.978125 0.748611 0.04375 0.144444 10 0.000779 0.990234 0.848611 0.019531 0.252778 12 0.000646 0.00625 0.40625 0.0125 0.065278 10 0.000641 0.007031 0.929861 0.014063 0.134722 12 0.000612 0.160156 0.45 0.06875 0.208333 10 0.00057 0.973437 0.105556 0.053125 0.211111 10 0.000509 0.960547 0.021528 0.077344 0.043056
CCTV10^20251112-170000-20251112-175959_004435,2 0.682617 0.133984 0.770833 0.036719 0.072222 1 0.658203 0.238672 0.695833 0.024219 0.052778 1 0.59082 0.398438 0.902083 0.042188 0.084722 1 0.392334 0.803125 0.690278 0.025 0.055556 3 0.368408 0.961328 0.9375 0.077344 0.125 5 0.264404 0.961328 0.9375 0.077344 0.125 0 0.150513 0.142187 0.68125 0.020313 0.051389 10 0.093994 0.957031 0.934028 0.085938 0.131944 1 0.030212 0.223047 0.653472 0.016406 0.0375 2 0.020493 0.972266 0.689583 0.028906 0.054167 1 0.008545 0.408203 0.913194 0.046094 0.076389 1 0.008286 0.234375 0.704861 0.023438 0.048611 10 0.006073 0.973828 0.907639 0.050781 0.184722 1 0.004505 0.244922 0.682639 0.030469 0.068056 2 0.003975 0.141016 0.681944 0.021094 0.058333 3 0.003679 0.269922 0.322222 0.013281 0.036111 2 0.001554 0.964844 0.989583 0.070312 0.020833 2 0.001421 0.371875 0.577778 0.01875 0.036111 11 0.000911 0.954297 0.874306 0.091406 0.251389 1 0.000677 0.408594 0.928472 0.035937 0.068056 7 0.000669 0.957812 0.93125 0.082812 0.1375 2 0.000629 0.011328 0.972917 0.022656 0.054167 10 0.000593 0.974609 0.105556 0.050781 0.211111 3 0.000586 0.371484 0.576389 0.017969 0.033333 2 0.00053 0.967187 0.929167 0.065625 0.141667 10 0.000527 0.960938 0.020833 0.076563 0.041667 10 0.000527 0.990625 0.841667 0.01875 0.316667 4 0.000513 0.985547 0.765278 0.028906 0.111111
CCTV10^20251112-170000-20251112-175959_004439,10 0.825684 0.294531 0.700694 0.084375 0.143056 2 0.823242 0.134375 0.870833 0.042188 0.086111 0 0.341553 0.111719 0.697222 0.023438 0.055556 10 0.312256 0.230078 0.926389 0.130469 0.147222 4 0.30249 0.648438 0.59375 0.045312 0.065278 11 0.081543 0.230859 0.925694 0.128906 0.148611 3 0.003538 0.269922 0.322222 0.013281 0.036111 9 0.001597 0.23125 0.927083 0.129688 0.145833 10 0.001294 0.651563 0.59375 0.051562 0.070833 12 0.000897 0.228906 0.921528 0.129688 0.156944 10 0.000654 0.00625 0.925 0.0125 0.138889 10 0.000648 0.976172 0.105556 0.047656 0.211111 2 0.000627 0.011328 0.976389 0.022656 0.047222 10 0.000568 0.962109 0.022222 0.074219 0.044444
CCTV10^20251112-170000-20251112-175959_004442,2 0.699219 0.126562 0.725694 0.029687 0.059722 1 0.645996 0.121484 0.794444 0.024219 0.058333 11 0.46875 0.964063 0.894444 0.071875 0.175 10 0.357666 0.959375 0.904861 0.08125 0.1875 9 0.312256 0.958203 0.904861 0.083594 0.190278 0 0.282959 0.097266 0.717361 0.024219 0.059722 2 0.235107 0.142187 0.660417 0.023438 0.045833 4 0.196777 0.963672 0.892361 0.072656 0.159722 1 0.095337 0.729297 0.609028 0.022656 0.045833 3 0.040833 0.960156 0.890278 0.079687 0.155556 2 0.01799 0.148438 0.650694 0.023438 0.043056 5 0.006565 0.560547 0.547222 0.027344 0.047222 3 0.004181 0.269922 0.322222 0.013281 0.036111 3 0.003651 0.560547 0.548611 0.027344 0.047222 11 0.00088 0.980078 0.619444 0.038281 0.105556 3 0.000876 0.158594 0.632639 0.021875 0.040278 2 0.000767 0.561328 0.546528 0.028906 0.054167 3 0.000682 0.987891 0.99375 0.022656 0.0125 10 0.000624 0.974609 0.10625 0.050781 0.2125 10 0.000579 0.007422 0.930556 0.014844 0.136111 3 0.000553 0.995313 0.983333 0.009375 0.033333 10 0.000524 0.961719 0.022917 0.076563 0.045833
CCTV10^20251112-170000-20251112-175959_004447,3 0.760742 0.804297 0.839583 0.080469 0.109722 4 0.625977 0.176563 0.834028 0.064062 0.106944 3 0.592773 0.654297 0.932639 0.083594 0.115278 2 0.563965 0.117969 0.819444 0.035937 0.066667 2 0.562012 0.178516 0.952083 0.047656 0.084722 11 0.462891 0.395313 0.714583 0.082812 0.123611 2 0.455078 0.126953 0.870139 0.039844 0.084722 1 0.420654 0.803906 0.725 0.029687 0.061111 1 0.297363 0.089063 0.765278 0.026562 0.058333 5 0.233765 0.653906 0.933333 0.0875 0.116667 5 0.221313 0.117188 0.684722 0.040625 0.063889 0 0.217285 0.089453 0.765278 0.025781 0.058333 5 0.17334 0.176953 0.836111 0.071094 0.108333 0 0.158203 0.178906 0.951389 0.048438 0.088889 4 0.138428 0.116406 0.684722 0.039062 0.063889 12 0.039185 0.394141 0.715972 0.080469 0.123611 3 0.037598 0.116406 0.685417 0.04375 0.0625 3 0.004349 0.269922 0.321528 0.013281 0.034722 0 0.003885 0.140625 0.6375 0.017188 0.036111 11 0.003855 0.657422 0.897917 0.121094 0.156944 2 0.00289 0.653906 0.928472 0.0875 0.126389 1 0.0028 0.140625 0.640278 0.017188 0.030556 2 0.00201 0.120703 0.845139 0.041406 0.115278 1 0.001335 0.978125 0.699306 0.020313 0.048611 2 0.000724 0.010937 0.975 0.021875 0.05 10 0.000619 0.973828 0.10625 0.052344 0.2125 10 0.000612 0.137109 0.693056 0.110156 0.125 0 0.000577 0.131641 0.877083 0.038281 0.090278 10 0.000566 0.960547 0.021528 0.077344 0.043056
CCTV10^20251112-170000-20251112-175959_004452,11 0.839844 0.460156 0.75625 0.084375 0.134722 1 0.760742 0.248828 0.7125 0.030469 0.05 1 0.569824 0.3 0.842361 0.034375 0.065278 3 0.550781 0.575391 0.608333 0.033594 0.05 3 0.498047 0.632031 0.594444 0.032813 0.047222 10 0.077515 0.563281 0.539583 0.040625 0.070833 2 0.041138 0.132812 0.652778 0.021875 0.052778 3 0.014557 0.635547 0.597222 0.046094 0.063889 4 0.006798 0.977344 0.694444 0.045312 0.111111 2 0.004417 0.011328 0.968056 0.022656 0.063889 7 0.00423 0.976953 0.699306 0.046094 0.120833 11 0.00407 0.132422 0.647917 0.028906 0.0625 1 0.002003 0.246875 0.69375 0.032813 0.051389 2 0.001912 0.075781 0.495139 0.042188 0.081944 2 0.001197 0.062109 0.419444 0.071094 0.125 1 0.001197 0.924609 0.720139 0.027344 0.056944 2 0.000993 0.032031 0.052083 0.064062 0.104167 3 0.000735 0.579297 0.609722 0.044531 0.069444 10 0.000661 0.969922 0.107639 0.060156 0.215278 10 0.000564 0.980469 0.734028 0.039062 0.1875 10 0.000551 0.958203 0.022222 0.082031 0.044444
CCTV10^20251112-170000-20251112-175959_004456,10 0.782227 0.929688 0.869444 0.140625 0.255556 10 0.748535 0.502734 0.885417 0.177344 0.226389 3 0.62793 0.594141 0.63125 0.042969 0.059722 1 0.01017 0.921875 0.715972 0.029687 0.054167 3 0.003429 0.269922 0.322917 0.013281 0.0375 1 0.003273 0.437109 0.902778 0.030469 0.080556 2 0.000926 0.966797 0.988194 0.066406 0.023611 2 0.000752 0.0125 0.977083 0.023438 0.045833 10 0.00057 0.970313 0.107639 0.059375 0.215278 11 0.000568 0.980078 0.615972 0.038281 0.101389 3 0.000519 0.995703 0.970833 0.008594 0.058333
CCTV10^20251112-170000-20251112-175959_004461,0 0.767578 0.171875 0.833333 0.035937 0.083333 0 0.720215 0.119922 0.854167 0.036719 0.072222 0 0.584961 0.132422 0.724306 0.022656 0.0625 0 0.275146 0.257422 0.936806 0.042969 0.084722 1 0.147583 0.258203 0.934722 0.039844 0.086111 2 0.100891 0.257812 0.936806 0.042188 0.0875 0 0.043854 0.112109 0.677083 0.017969 0.045833 3 0.010735 0.145313 0.633333 0.028125 0.047222 1 0.005913 0.922656 0.716667 0.028125 0.055556 3 0.002296 0.269531 0.320833 0.014063 0.033333 2 0.001265 0.111328 0.675694 0.019531 0.054167 12 0.001081 0.007031 0.427083 0.014063 0.079167 3 0.000883 0.972266 0.558333 0.044531 0.047222 9 0.000839 0.466016 0.381944 0.055469 0.066667 2 0.00073 0.0125 0.977083 0.023438 0.045833 10 0.000644 0.972266 0.107639 0.055469 0.215278 10 0.000638 0.074609 0.49375 0.041406 0.081944 10 0.000607 0.006641 0.93125 0.013281 0.129167 3 0.000575 0.708203 0.538194 0.035156 0.056944 10 0.000566 0.959375 0.022222 0.079687 0.044444 10 0.000555 0.0125 0.91875 0.025 0.151389
CCTV10^20251112-170000-20251112-175959_004465,0 0.592773 0.142969 0.774306 0.025 0.065278 2 0.501953 0.229297 0.897222 0.055469 0.091667 0 0.271973 0.228516 0.895833 0.057031 0.094444 7 0.069824 0.104688 0.770139 0.042188 0.090278 2 0.052032 0.105078 0.771528 0.044531 0.090278 4 0.05127 0.105078 0.771528 0.042969 0.093056 5 0.026154 0.105469 0.772222 0.046875 0.091667 10 0.025467 0.103516 0.727083 0.042969 0.120833 6 0.021698 0.102734 0.71875 0.042969 0.106944 0 0.016724 0.135937 0.719444 0.020313 0.055556 1 0.013481 0.921094 0.715972 0.028125 0.056944 1 0.009933 0.351172 0.834722 0.030469 0.052778 2 0.009743 0.103516 0.718056 0.041406 0.102778 3 0.009087 0.269922 0.322222 0.013281 0.036111 2 0.005619 0.135937 0.71875 0.020313 0.059722 1 0.00518 0.355469 0.852778 0.026562 0.075 2 0.00104 0.992969 0.648611 0.014063 0.072222 12 0.000801 0.007031 0.425694 0.014063 0.076389 0 0.000744 0.104297 0.747222 0.042969 0.141667 11 0.00071 0.980078 0.620139 0.038281 0.095833 0 0.000693 0.138672 0.705556 0.019531 0.05 12 0.000638 0.00625 0.402778 0.0125 0.055556 10 0.000605 0.971484 0.109028 0.057031 0.218056 10 0.000546 0.282422 0.372222 0.030469 0.094444 0 0.000532 0.108984 0.771528 0.044531 0.0875 10 0.000521 0.960547 0.025694 0.078906 0.051389 11 0.000513 0.956641 0.170833 0.086719 0.341667
CCTV10^20251112-170000-20251112-175959_004468,10 0.606934 0.360156 0.734028 0.101562 0.1625 0 0.235107 0.106641 0.695833 0.030469 0.066667 2 0.225464 0.189453 0.964583 0.047656 0.070833 2 0.143677 0.107031 0.694444 0.03125 0.069444 0 0.032593 0.189844 0.965278 0.042188 0.069444 1 0.023697 0.921094 0.71875 0.028125 0.054167 1 0.004944 0.287891 0.635417 0.022656 0.043056 9 0.001649 0.074219 0.49375 0.042188 0.081944 3 0.001383 0.270313 0.321528 0.0125 0.034722 12 0.001356 0.191797 0.964583 0.052344 0.070833 10 0.000744 0.074219 0.49375 0.040625 0.079167 2 0.000661 0.010937 0.975 0.021875 0.05 10 0.000661 0.972656 0.107639 0.054688 0.215278 10 0.000644 0.159766 0.451389 0.067969 0.211111 12 0.000579 0.006641 0.406944 0.013281 0.072222 10 0.000564 0.960547 0.023611 0.078906 0.047222 10 0.000524 0.007812 0.932639 0.015625 0.131944
CCTV10^20251112-170000-20251112-175959_004476,1 0.486328 0.124609 0.870139 0.032031 0.068056 10 0.190063 0.64375 0.55625 0.039062 0.065278 2 0.175537 0.1375 0.680556 0.026562 0.063889 1 0.003483 0.922656 0.719444 0.028125 0.055556 3 0.002541 0.51875 0.547222 0.021875 0.033333 11 0.001289 0.979297 0.620139 0.039844 0.109722 2 0.000747 0.011328 0.975 0.022656 0.05 10 0.000627 0.976953 0.104861 0.046094 0.209722 10 0.000551 0.962109 0.020139 0.074219 0.040278 3 0.000544 0.270313 0.320139 0.014063 0.031944 12 0.000525 0.007422 0.430556 0.014844 0.083333
CCTV10^20251112-170000-20251112-175959_004480,2 0.352295 0.113281 0.695139 0.03125 0.065278 1 0.037598 0.921875 0.716667 0.029687 0.061111 10 0.002378 0.4125 0.563889 0.0375 0.069444 12 0.001421 0.007422 0.426389 0.014844 0.086111 10 0.000631 0.975781 0.105556 0.048438 0.211111 10 0.000536 0.961719 0.020139 0.075 0.040278
CCTV10^20251112-170000-20251112-175959_004484,10 0.856934 0.413281 0.670139 0.082812 0.145833 2 0.699219 0.161719 0.9125 0.05625 0.094444 0 0.40918 0.132031 0.711806 0.025 0.0625 2 0.229492 0.148438 0.665972 0.021875 0.043056 1 0.037598 0.922266 0.716667 0.030469 0.055556 2 0.028015 0.133984 0.710417 0.024219 0.059722 2 0.003885 0.141797 0.668056 0.027344 0.044444 3 0.001561 0.269531 0.322917 0.015625 0.0375 2 0.000682 0.992969 0.647917 0.014063 0.073611 10 0.000638 0.007422 0.933333 0.014844 0.133333 12 0.000636 0.007031 0.425 0.014063 0.083333 10 0.000624 0.976953 0.104861 0.046094 0.209722 3 0.000617 0.96875 0.559722 0.042188 0.047222 10 0.000586 0.320312 0.566667 0.03125 0.083333 10 0.000527 0.962109 0.020833 0.074219 0.041667 2 0.000507 0.978906 0.559722 0.040625 0.041667
CCTV10^20251112-170000-20251112-175959_004488,10 0.811523 0.339062 0.648611 0.064062 0.113889 3 0.732422 0.503125 0.713194 0.045312 0.065278 3 0.695801 0.436719 0.700694 0.04375 0.0625 1 0.651367 0.266797 0.753472 0.024219 0.051389 1 0.637207 0.242578 0.708333 0.030469 0.047222 1 0.405518 0.114844 0.720139 0.017188 0.043056 2 0.237915 0.125391 0.676389 0.024219 0.055556 3 0.04068 0.422656 0.589583 0.028125 0.051389 1 0.008614 0.924609 0.691667 0.036719 0.108333 1 0.006985 0.143359 0.682639 0.014844 0.043056 1 0.005844 0.921484 0.716667 0.028906 0.055556 1 0.004944 0.122266 0.683333 0.022656 0.063889 1 0.003664 0.241406 0.694444 0.03125 0.052778 2 0.003004 0.422266 0.589583 0.028906 0.054167 3 0.002003 0.269531 0.322222 0.014063 0.041667 1 0.001789 0.262891 0.743056 0.028906 0.044444 2 0.001294 0.924219 0.686111 0.0375 0.1 2 0.000849 0.117578 0.697917 0.030469 0.076389 12 0.000795 0.160547 0.45 0.069531 0.208333 10 0.000732 0.008594 0.941667 0.017188 0.116667 2 0.00073 0.010937 0.972917 0.021875 0.054167 10 0.000614 0.978125 0.104167 0.04375 0.208333 2 0.00057 0.992969 0.64375 0.014063 0.073611 2 0.000517 0.142969 0.686111 0.017188 0.055556 10 0.000517 0.961719 0.01875 0.075 0.0375
CCTV10^20251112-170000-20251112-175959_004492,1 0.533203 0.212109 0.7125 0.024219 0.055556 3 0.23938 0.427344 0.604861 0.025 0.040278 5 0.06781 0.985547 0.707639 0.027344 0.073611 1 0.022034 0.921875 0.716667 0.029687 0.058333 10 0.003099 0.322656 0.528472 0.026562 0.073611 3 0.00123 0.269531 0.323611 0.014063 0.041667 10 0.000981 0.991797 0.690972 0.016406 0.131944 10 0.000612 0.975781 0.105556 0.048438 0.211111 10 0.000538 0.007812 0.931944 0.015625 0.136111 10 0.000517 0.961719 0.021528 0.076563 0.043056
CCTV10^20251112-170000-20251112-175959_004497,2 0.602051 0.127344 0.855556 0.035937 0.080556 2 0.503906 0.089453 0.741667 0.028906 0.063889 2 0.478516 0.135547 0.764583 0.032031 0.070833 1 0.381104 0.944531 0.754861 0.025 0.056944 2 0.310791 0.098047 0.790278 0.030469 0.063889 0 0.275146 0.098437 0.790972 0.029687 0.065278 10 0.211426 0.275 0.609028 0.034375 0.095833 2 0.045532 0.992969 0.715972 0.014063 0.054167 12 0.013847 0.282031 0.960417 0.048438 0.079167 2 0.009743 0.282031 0.960417 0.046875 0.079167 2 0.004055 0.99375 0.73125 0.0125 0.090278 3 0.001574 0.269531 0.323611 0.014063 0.038889 2 0.00097 0.990625 0.71875 0.01875 0.084722 10 0.000876 0.994531 0.672222 0.010937 0.125 12 0.000762 0.007031 0.427083 0.014063 0.081944 10 0.000624 0.978125 0.104861 0.04375 0.209722 2 0.000593 0.989453 0.750694 0.019531 0.140278 3 0.000562 0.574219 0.534722 0.021875 0.033333 2 0.000553 0.010937 0.975694 0.021875 0.048611 10 0.00053 0.282031 0.368056 0.03125 0.108333 10 0.000513 0.006641 0.929861 0.013281 0.131944 10 0.000509 0.962109 0.019444 0.074219 0.038889
CCTV10^20251112-170000-20251112-175959_004500,3 0.737305 0.835547 0.874306 0.080469 0.104167 10 0.716797 0.635547 0.621528 0.074219 0.104167 1 0.705566 0.266016 0.756944 0.027344 0.052778 3 0.596191 0.853906 0.781944 0.084375 0.105556 5 0.399902 0.851172 0.78125 0.080469 0.098611 10 0.377441 0.327344 0.60625 0.054688 0.140278 6 0.098083 0.632422 0.621528 0.074219 0.104167 2 0.008675 0.979688 0.707639 0.029687 0.054167 2 0.002779 0.996094 0.697917 0.007812 0.073611 2 0.002323 0.061328 0.422917 0.069531 0.126389 2 0.00172 0.339844 0.404861 0.053125 0.109722 2 0.001472 0.979297 0.7125 0.039844 0.083333 2 0.001099 0.980469 0.745139 0.0375 0.154167 2 0.000993 0.987109 0.707639 0.025781 0.076389 2 0.000922 0.010937 0.972222 0.021875 0.055556 2 0.000904 0.991797 0.650694 0.016406 0.090278 2 0.000904 0.994922 0.764583 0.010156 0.106944 10 0.00073 0.964063 0.730556 0.071875 0.172222 2 0.000688 0.803125 0.511806 0.0625 0.1125 10 0.000685 0.972656 0.107639 0.054688 0.215278 10 0.00068 0.010547 0.877778 0.021094 0.244444 6 0.000667 0.609375 0.520833 0.045312 0.069444 11 0.000631 0.326953 0.584028 0.053906 0.181944 1 0.000588 0.403906 0.611806 0.015625 0.029167 1 0.000557 0.272656 0.765972 0.034375 0.0625 3 0.000553 0.075 0.492361 0.040625 0.084722 12 0.000548 0.164062 0.450694 0.0625 0.215278 1 0.00053 0.564844 0.559028 0.01875 0.040278 10 0.000524 0.608594 0.520139 0.04375 0.070833 10 0.000519 0.959375 0.024306 0.08125 0.048611
CCTV10^20251112-170000-20251112-175959_004504,10 0.796387 0.819531 0.742361 0.132812 0.1875 2 0.386719 0.183203 0.955556 0.052344 0.086111 0 0.273682 0.183594 0.954861 0.051562 0.0875 11 0.002924 0.980469 0.618056 0.039062 0.105556 12 0.001069 0.276172 0.561806 0.027344 0.065278 12 0.000782 0.006641 0.406944 0.013281 0.069444 3 0.00071 0.269141 0.323611 0.014844 0.041667 10 0.000651 0.007422 0.932639 0.014844 0.131944 10 0.000636 0.978516 0.104861 0.042969 0.209722
CCTV10^20251112-170000-20251112-175959_004509,3 0.699219 0.579297 0.611806 0.039844 0.054167 2 0.642578 0.131641 0.711806 0.025781 0.056944 0 0.464844 0.242188 0.911111 0.046875 0.088889 1 0.177246 0.242969 0.913194 0.046875 0.0875 2 0.093994 0.110547 0.689583 0.022656 0.059722 5 0.020889 0.990625 0.726389 0.01875 0.111111 10 0.018829 0.990234 0.742361 0.019531 0.145833 2 0.011116 0.991406 0.716667 0.017188 0.094444 0 0.002405 0.108203 0.696528 0.022656 0.0625 1 0.002226 0.109375 0.681944 0.025 0.066667 10 0.000876 0.008594 0.938194 0.017188 0.123611 12 0.000811 0.007031 0.425694 0.014063 0.084722 3 0.000699 0.269531 0.324306 0.015625 0.043056 4 0.000634 0.990234 0.715972 0.017969 0.104167 10 0.000607 0.976953 0.105556 0.046094 0.211111 2 0.000515 0.010937 0.974306 0.021875 0.051389
CCTV10^20251112-170000-20251112-175959_004513,1 0.672363 0.332422 0.786111 0.025781 0.05 1 0.607422 0.295312 0.804861 0.034375 0.065278 0 0.286133 0.105859 0.717361 0.025781 0.056944 1 0.015671 0.324219 0.79375 0.040625 0.059722 1 0.011421 0.213672 0.977083 0.052344 0.045833 2 0.001687 0.239844 0.999306 0.092188 0.001389 2 0.001649 0.101562 0.717361 0.032813 0.0625 3 0.001574 0.246484 0.999306 0.110156 0.001389 11 0.000792 0.980469 0.617361 0.0375 0.098611 0 0.000767 0.105078 0.690278 0.024219 0.066667 10 0.000707 0.008594 0.939583 0.017188 0.120833 3 0.000685 0.269531 0.324306 0.015625 0.043056 10 0.000654 0.975781 0.105556 0.048438 0.211111
CCTV10^20251112-170000-20251112-175959_004517,10 0.779297 0.469922 0.776389 0.114844 0.175 3 0.715332 0.724609 0.745833 0.064844 0.083333 10 0.616699 0.432812 0.598611 0.05 0.094444 1 0.53125 0.850781 0.746528 0.032813 0.068056 2 0.157715 0.144922 0.674306 0.027344 0.059722 1 0.000741 0.352734 0.847222 0.028906 0.047222 11 0.000715 0.980469 0.617361 0.039062 0.106944 1 0.000636 0.357031 0.832639 0.029687 0.045833 10 0.000612 0.979688 0.104861 0.040625 0.209722 3 0.000553 0.269922 0.324306 0.014844 0.043056
CCTV10^20251112-170000-20251112-175959_004521,10 0.834473 0.300781 0.675694 0.06875 0.118056 2 0.556641 0.116406 0.702778 0.029687 0.061111 0 0.088196 0.137891 0.646528 0.017969 0.0375 2 0.00404 0.132812 0.646528 0.023438 0.043056 12 0.000997 0.007031 0.422222 0.014063 0.091667 10 0.000993 0.007812 0.929861 0.015625 0.1375 3 0.000849 0.269531 0.322917 0.015625 0.043056 10 0.000641 0.975781 0.105556 0.048438 0.211111 2 0.000524 0.322656 0.6 0.021875 0.044444
CCTV10^20251112-170000-20251112-175959_004524,3 0.770508 0.785937 0.761806 0.067187 0.090278 3 0.62793 0.659766 0.614583 0.035156 0.051389 0 0.370117 0.115234 0.720139 0.032031 0.068056 1 0.045868 0.685156 0.590972 0.015625 0.031944 2 0.015015 0.114062 0.725694 0.032813 0.068056 2 0.001285 0.989453 0.709722 0.021094 0.061111 2 0.00126 0.010937 0.970139 0.021875 0.059722 2 0.000911 0.994531 0.703472 0.010937 0.073611 10 0.000596 0.977344 0.105556 0.045312 0.211111 2 0.000525 0.008984 0.941667 0.017969 0.116667 12 0.000504 0.00625 0.399306 0.0125 0.056944
CCTV10^20251112-170000-20251112-175959_004528,10 0.909668 0.335156 0.656944 0.057813 0.119444 1 0.668945 0.358203 0.785417 0.030469 0.059722 1 0.550781 0.175 0.923611 0.035937 0.072222 0 0.453369 0.115625 0.716667 0.029687 0.072222 1 0.093994 0.436719 0.970139 0.039062 0.059722 1 0.002693 0.675 0.577083 0.021875 0.040278 1 0.00227 0.441797 0.973611 0.055469 0.052778 11 0.000962 0.979297 0.61875 0.039844 0.1125 10 0.000669 0.975781 0.10625 0.048438 0.2125 10 0.0006 0.006641 0.927083 0.013281 0.145833 3 0.000596 0.269531 0.324306 0.015625 0.043056 12 0.000596 0.729297 0.543056 0.050781 0.069444
CCTV10^20251112-170000-20251112-175959_004532,3 0.710449 0.561719 0.955556 0.076563 0.088889 3 0.611328 0.642188 0.91875 0.092188 0.131944 10 0.38501 0.627734 0.566667 0.050781 0.083333 2 0.381104 0.096875 0.784028 0.034375 0.076389 1 0.291016 0.791406 0.652778 0.021875 0.044444 0 0.256836 0.14375 0.7875 0.03125 0.072222 2 0.138428 0.098828 0.728472 0.027344 0.059722 0 0.08728 0.096484 0.782639 0.032031 0.073611 1 0.060089 0.133594 0.75 0.020313 0.052778 6 0.047607 0.108594 0.681944 0.0375 0.072222 2 0.046906 0.142969 0.790278 0.03125 0.072222 0 0.031021 0.137109 0.750694 0.025781 0.054167 12 0.023697 0.110156 0.679167 0.035937 0.072222 2 0.004055 0.135937 0.684722 0.023438 0.063889 0 0.003809 0.136328 0.690972 0.021094 0.059722 2 0.00378 0.109375 0.680556 0.0375 0.072222 1 0.002913 0.144141 0.790972 0.032031 0.070833 2 0.002405 0.641016 0.914583 0.097656 0.131944 4 0.001768 0.943359 0.674306 0.055469 0.076389 4 0.000856 0.978516 0.754167 0.042969 0.136111 11 0.000767 0.635156 0.858333 0.115625 0.183333 4 0.000704 0.952344 0.672222 0.034375 0.063889 12 0.000659 0.007031 0.424306 0.014063 0.084722 2 0.000607 0.092578 0.727778 0.033594 0.072222 10 0.000575 0.978516 0.104167 0.042969 0.208333 10 0.000542 0.00625 0.925 0.0125 0.138889
CCTV10^20251112-170000-20251112-175959_004536,5 0.756348 0.882031 0.83125 0.092188 0.120833 1 0.705566 0.238281 0.697222 0.026562 0.052778 10 0.644043 0.704688 0.615972 0.053125 0.084722 6 0.392334 0.705078 0.615278 0.055469 0.083333 2 0.392334 0.184766 0.963194 0.050781 0.073611 1 0.205566 0.089063 0.813194 0.023438 0.059722 2 0.188354 0.138672 0.686806 0.019531 0.045833 0 0.117981 0.089844 0.810417 0.028125 0.059722 2 0.033966 0.126562 0.65 0.020313 0.044444 2 0.031021 0.972266 0.69375 0.027344 0.056944 0 0.014839 0.185547 0.963889 0.047656 0.072222 3 0.010292 0.378125 0.59375 0.025 0.048611 1 0.002253 0.245703 0.68125 0.030469 0.065278 2 0.001768 0.979297 0.696528 0.036719 0.073611 1 0.001099 0.152734 0.620139 0.017969 0.040278 10 0.001081 0.965234 0.734028 0.069531 0.173611 10 0.000993 0.983984 0.727083 0.032031 0.195833 1 0.000776 0.247266 0.701389 0.036719 0.058333 2 0.000667 0.012109 0.977778 0.022656 0.044444 10 0.000664 0.978516 0.104167 0.042969 0.208333 11 0.000648 0.979688 0.617361 0.039062 0.106944 1 0.000641 0.094531 0.818056 0.0375 0.066667
CCTV10^20251112-170000-20251112-175959_004540,10 0.660156 0.583203 0.558333 0.049219 0.077778 2 0.647949 0.141406 0.784722 0.035937 0.069444 1 0.032349 0.13125 0.745139 0.023438 0.054167 0 0.029877 0.130078 0.744444 0.022656 0.052778 1 0.008156 0.994141 0.725 0.011719 0.05 0 0.00547 0.135937 0.75 0.029687 0.058333 2 0.003248 0.994531 0.722222 0.010937 0.05 3 0.0028 0.991406 0.722917 0.015625 0.056944 0 0.001889 0.144141 0.782639 0.046094 0.073611 12 0.001661 0.007031 0.422222 0.014063 0.088889 10 0.000897 0.007812 0.929861 0.015625 0.1375 2 0.000779 0.994922 0.753472 0.010156 0.123611 1 0.000699 0.990625 0.742361 0.017188 0.095833 10 0.000631 0.973828 0.106944 0.052344 0.213889 3 0.000597 0.406641 0.558333 0.019531 0.030556 9 0.000577 0.466406 0.38125 0.05625 0.068056 2 0.000501 0.010937 0.970833 0.021875 0.058333
CCTV10^20251112-170000-20251112-175959_004544,3 0.695801 0.591406 0.647917 0.051562 0.065278 3 0.622559 0.560156 0.588194 0.03125 0.048611 3 0.237915 0.683984 0.63125 0.039844 0.059722 9 0.004555 0.466406 0.38125 0.05625 0.068056 4 0.001912 0.681641 0.631944 0.039844 0.061111 10 0.000798 0.009375 0.939583 0.01875 0.120833 4 0.000654 0.010547 0.946528 0.021094 0.106944 10 0.000641 0.973828 0.107639 0.052344 0.215278 12 0.000607 0.00625 0.398611 0.0125 0.055556 10 0.000557 0.159375 0.447917 0.06875 0.204167 2 0.000536 0.010937 0.966667 0.021875 0.066667
CCTV10^20251112-170000-20251112-175959_004548,0 0.596191 0.131641 0.720139 0.025781 0.059722 0 0.005405 0.426563 0.583333 0.035937 0.061111 4 0.004364 0.426172 0.583333 0.033594 0.058333 12 0.001156 0.007031 0.421528 0.014063 0.084722 1 0.000981 0.428906 0.584722 0.039062 0.061111 10 0.000654 0.973437 0.107639 0.053125 0.215278 4 0.00057 0.010937 0.939583 0.021875 0.120833 2 0.000524 0.010937 0.96875 0.021875 0.0625 10 0.000509 0.006641 0.927778 0.013281 0.144444
CCTV10^20251112-170000-20251112-175959_004551,10 0.808594 0.314844 0.785417 0.129688 0.168056 3 0.074219 0.729297 0.929167 0.127344 0.141667 10 0.05481 0.729297 0.925 0.132031 0.15 4 0.003914 0.724609 0.934028 0.122656 0.126389 12 0.001623 0.00625 0.4 0.0125 0.058333 5 0.001161 0.734375 0.940972 0.120313 0.118056 12 0.000985 0.802344 0.999306 0.120313 0.001389 10 0.000646 0.975781 0.10625 0.048438 0.2125 10 0.000624 0.008203 0.931944 0.016406 0.136111 2 0.000536 0.010937 0.971528 0.021875 0.056944 2 0.000519 0.075 0.494444 0.042188 0.080556 10 0.000504 0.6875 0.879861 0.215625 0.193056
CCTV10^20251112-170000-20251112-175959_004555,10 0.834473 0.569141 0.586111 0.050781 0.086111 10 0.831055 0.337891 0.702083 0.100781 0.1375 1 0.615234 0.271875 0.956944 0.040625 0.069444 1 0.571777 0.178125 0.829167 0.03125 0.066667 2 0.462891 0.117188 0.834722 0.039062 0.083333 10 0.273682 0.65625 0.561806 0.046875 0.070833 0 0.255371 0.117578 0.834028 0.038281 0.081944 1 0.193115 0.327734 0.886806 0.027344 0.0625 0 0.119629 0.120313 0.672222 0.021875 0.055556 10 0.003565 0.375 0.581944 0.0375 0.077778 2 0.003223 0.320312 0.601389 0.03125 0.066667 0 0.002993 0.271875 0.95 0.046875 0.077778 5 0.002216 0.374219 0.581944 0.035937 0.077778 2 0.002182 0.116406 0.673611 0.026562 0.058333 1 0.001661 0.122266 0.671528 0.030469 0.059722 1 0.000764 0.298047 0.611806 0.014844 0.043056 1 0.000693 0.335938 0.88125 0.04375 0.081944 12 0.000664 0.007031 0.417361 0.014063 0.093056 10 0.000664 0.00625 0.93125 0.0125 0.131944 10 0.000627 0.979297 0.104167 0.041406 0.208333 10 0.000566 0.011719 0.93125 0.023438 0.1375 2 0.000555 0.010547 0.969444 0.021094 0.061111 2 0.000546 0.288281 0.997222 0.10625 0.005556 11 0.000524 0.979688 0.622917 0.039062 0.098611
CCTV10^20251112-170000-20251112-175959_004559,5 0.732422 0.49375 0.746528 0.054688 0.090278 1 0.537109 0.373437 0.763889 0.03125 0.061111 1 0.523438 0.456641 0.661111 0.036719 0.047222 1 0.496094 0.233203 0.683333 0.033594 0.047222 2 0.078064 0.371875 0.589583 0.021875 0.040278 5 0.071838 0.417969 0.577778 0.023438 0.041667 3 0.041321 0.417969 0.577778 0.023438 0.041667 3 0.0159 0.371484 0.590972 0.022656 0.043056 1 0.003538 0.245312 0.690278 0.0375 0.063889 1 0.002672 0.377344 0.763889 0.048438 0.075 11 0.000738 0.980469 0.620139 0.039062 0.101389 10 0.000693 0.006641 0.927083 0.013281 0.134722 10 0.000648 0.978125 0.104861 0.04375 0.209722 2 0.000621 0.992578 0.645833 0.014844 0.077778 2 0.000532 0.010937 0.976389 0.021875 0.047222
CCTV10^20251112-170000-20251112-175959_004563,10 0.766113 0.290234 0.627083 0.063281 0.106944 2 0.716797 0.11875 0.819444 0.04375 0.075 3 0.445557 0.632422 0.620139 0.044531 0.065278 5 0.405518 0.63125 0.620139 0.04375 0.065278 0 0.373779 0.177734 0.825 0.039844 0.077778 0 0.248047 0.136719 0.685417 0.021875 0.059722 2 0.156616 0.177734 0.827083 0.041406 0.081944 1 0.05603 0.177734 0.825694 0.038281 0.076389 10 0.001099 0.010937 0.927778 0.021875 0.141667 11 0.000926 0.979297 0.620139 0.039844 0.106944 10 0.000699 0.00625 0.930556 0.0125 0.127778 10 0.000605 0.980859 0.103472 0.038281 0.206944 10 0.000562 0.158984 0.448611 0.064844 0.205556
CCTV10^20251112-170000-20251112-175959_004568,2 0.729492 0.164844 0.925694 0.054688 0.098611 1 0.637207 0.397656 0.934028 0.039062 0.073611 4 0.62793 0.409766 0.661806 0.042969 0.068056 3 0.291016 0.616797 0.583333 0.036719 0.047222 1 0.115173 0.136719 0.748611 0.01875 0.052778 1 0.005844 0.404687 0.933333 0.057813 0.094444 5 0.003185 0.758984 0.599306 0.050781 0.090278 1 0.002653 0.143359 0.747917 0.024219 0.054167 4 0.001818 0.759375 0.598611 0.048438 0.097222 1 0.001467 0.404687 0.611111 0.023438 0.036111 1 0.001211 0.401562 0.603472 0.023438 0.040278 1 0.001044 0.995703 0.717361 0.008594 0.0625 5 0.000836 0.994922 0.7125 0.010156 0.077778 2 0.000823 0.010937 0.970139 0.021875 0.059722 10 0.000798 0.008984 0.942361 0.017969 0.115278 12 0.000764 0.007031 0.425 0.014063 0.086111 4 0.000651 0.010547 0.951389 0.021094 0.097222 11 0.000629 0.980469 0.619444 0.039062 0.091667 10 0.000621 0.976953 0.105556 0.046094 0.211111
CCTV10^20251112-170000-20251112-175959_004572,3 0.424316 0.831641 0.675 0.047656 0.063889 1 0.289307 0.215234 0.664583 0.019531 0.045833 2 0.026154 0.979297 0.694444 0.032031 0.052778 1 0.012054 0.219141 0.669444 0.028906 0.052778 4 0.007149 0.760547 0.601389 0.050781 0.094444 1 0.002165 0.205469 0.850694 0.026562 0.054167 3 0.001188 0.762891 0.619444 0.042969 0.061111 1 0.000826 0.210547 0.665972 0.030469 0.054167 3 0.000817 0.992969 0.694444 0.014063 0.058333 10 0.000744 0.006641 0.928472 0.013281 0.131944 2 0.000669 0.010937 0.974306 0.021875 0.051389 12 0.000646 0.007031 0.420139 0.014063 0.093056 10 0.000562 0.980469 0.103472 0.039062 0.206944 2 0.000519 0.995313 0.677083 0.009375 0.079167
CCTV10^20251112-170000-20251112-175959_004575,2 0.740234 0.133594 0.877778 0.046875 0.088889 3 0.647949 0.656641 0.6875 0.046094 0.063889 3 0.428223 0.83125 0.675 0.048438 0.066667 2 0.15918 0.277344 0.977083 0.045312 0.045833 2 0.008125 0.302344 0.997917 0.076563 0.004167 4 0.005199 0.761328 0.604861 0.046094 0.0875 3 0.002378 0.760156 0.613194 0.048438 0.070833 10 0.000836 0.007031 0.930556 0.014063 0.130556 12 0.000817 0.007031 0.420833 0.014063 0.094444 4 0.000699 0.985938 0.764583 0.028125 0.1125 10 0.000515 0.982812 0.102778 0.034375 0.205556
CCTV10^20251112-170000-20251112-175959_004579,1 0.457031 0.101562 0.732639 0.020313 0.051389 3 0.42627 0.830859 0.675 0.046094 0.063889 10 0.161377 0.605469 0.545139 0.040625 0.068056 2 0.062103 0.125391 0.675694 0.022656 0.056944 2 0.008125 0.15 0.668056 0.01875 0.05 4 0.002642 0.760156 0.604861 0.048438 0.0875 3 0.002472 0.760156 0.615278 0.048438 0.066667 2 0.00215 0.11875 0.681944 0.01875 0.061111 10 0.000869 0.007422 0.929861 0.014844 0.134722 10 0.000568 0.980859 0.103472 0.038281 0.206944 10 0.000521 0.012891 0.909028 0.025781 0.170833
CCTV10^20251112-170000-20251112-175959_004583,2 0.611328 0.097656 0.775694 0.035937 0.079167 3 0.399902 0.830859 0.675 0.047656 0.066667 1 0.373779 0.686328 0.583333 0.017969 0.036111 1 0.031738 0.685156 0.589583 0.025 0.048611 4 0.004627 0.760547 0.601389 0.046094 0.091667 3 0.00407 0.761328 0.618056 0.046094 0.063889 0 0.002823 0.098047 0.770833 0.035156 0.072222 1 0.001081 0.692969 0.595139 0.03125 0.056944 10 0.000597 0.976953 0.105556 0.046094 0.211111 12 0.000566 0.00625 0.400694 0.0125 0.059722 10 0.000564 0.006641 0.927778 0.013281 0.133333 9 0.000524 0.467187 0.38125 0.057813 0.068056 2 0.000511 0.010937 0.971528 0.021875 0.056944
CCTV10^20251112-170000-20251112-175959_004587,10 0.788086 0.678516 0.621528 0.074219 0.1125 2 0.638672 0.272266 0.949306 0.050781 0.081944 2 0.544922 0.131641 0.73125 0.025781 0.0625 2 0.484375 0.217578 0.961806 0.057031 0.076389 3 0.432129 0.451172 0.745139 0.055469 0.081944 3 0.386719 0.831641 0.675 0.047656 0.063889 5 0.235107 0.451562 0.745139 0.053125 0.081944 1 0.09436 0.121875 0.689583 0.023438 0.045833 11 0.045532 0.555078 0.555556 0.030469 0.055556 0 0.030106 0.104297 0.679167 0.021094 0.055556 0 0.007576 0.133594 0.732639 0.026562 0.065278 3 0.005405 0.410547 0.575694 0.021094 0.034722 4 0.00425 0.553516 0.557639 0.033594 0.056944 0 0.003693 0.125781 0.698611 0.028125 0.058333 4 0.001432 0.760938 0.600694 0.046875 0.095833 2 0.001216 0.235547 0.988889 0.088281 0.022222 2 0.001206 0.247266 0.997222 0.103906 0.005556 9 0.001057 0.467578 0.38125 0.058594 0.070833 10 0.000937 0.933594 0.203472 0.132812 0.406944 10 0.000836 0.011328 0.927778 0.022656 0.141667 10 0.000664 0.970313 0.108333 0.059375 0.216667 2 0.0006 0.010937 0.972917 0.021875 0.054167 10 0.000515 0.00625 0.929861 0.0125 0.129167
CCTV10^20251112-170000-20251112-175959_004591,2 0.741699 0.130469 0.829167 0.04375 0.080556 1 0.517578 0.714063 0.614583 0.020313 0.045833 5 0.488281 0.283984 0.660417 0.032031 0.048611 3 0.478516 0.585938 0.565972 0.026562 0.0375 3 0.405518 0.283984 0.661111 0.032031 0.05 3 0.379395 0.830859 0.675 0.046094 0.066667 2 0.300781 0.111719 0.698611 0.035937 0.069444 1 0.0354 0.709375 0.613194 0.034375 0.051389 4 0.00885 0.143359 0.661806 0.025781 0.056944 4 0.008217 0.978125 0.959028 0.04375 0.081944 3 0.006462 0.591016 0.56875 0.038281 0.051389 2 0.005219 0.141406 0.664583 0.023438 0.051389 7 0.005138 0.978125 0.960417 0.04375 0.079167 1 0.003593 0.721094 0.617361 0.034375 0.056944 12 0.003298 0.976953 0.95625 0.046094 0.0875 3 0.00181 0.975 0.9625 0.048438 0.075 3 0.001484 0.762109 0.61875 0.044531 0.059722 4 0.001216 0.761328 0.611806 0.046094 0.076389 2 0.001078 0.243359 0.989583 0.110156 0.020833 4 0.001065 0.010937 0.940972 0.021875 0.115278 2 0.000667 0.010937 0.963194 0.021875 0.073611 10 0.000629 0.015625 0.904167 0.03125 0.15 10 0.000609 0.974609 0.106944 0.050781 0.213889 7 0.000593 0.151562 0.65625 0.042188 0.076389 10 0.000525 0.010156 0.89375 0.020313 0.2125 10 0.000524 0.006641 0.928472 0.013281 0.134722
CCTV10^20251112-170000-20251112-175959_004595,5 0.656738 0.585156 0.613889 0.039062 0.061111 2 0.480469 0.184375 0.921528 0.051562 0.090278 3 0.420654 0.830859 0.675 0.046094 0.063889 5 0.32251 0.696875 0.592361 0.053125 0.070833 10 0.049957 0.696484 0.591667 0.050781 0.072222 3 0.049042 0.585156 0.615278 0.039062 0.066667 3 0.001561 0.762891 0.620139 0.041406 0.056944 9 0.00109 0.467187 0.380556 0.057813 0.069444 2 0.00109 0.010937 0.966667 0.021875 0.066667 10 0.000933 0.933984 0.202083 0.132031 0.404167 4 0.000789 0.010937 0.946528 0.021875 0.106944 10 0.000607 0.015625 0.904167 0.03125 0.155556 10 0.0006 0.974609 0.106944 0.050781 0.213889 10 0.000544 0.006641 0.927083 0.013281 0.140278 10 0.000536 0.010156 0.895833 0.020313 0.208333 2 0.000524 0.006641 0.396528 0.013281 0.051389
CCTV10^20251112-170000-20251112-175959_004599,2 0.600098 0.140234 0.761806 0.032031 0.068056 2 0.59082 0.104688 0.761806 0.039062 0.0625 0 0.501953 0.102734 0.801389 0.032031 0.063889 3 0.496094 0.589844 0.580556 0.026562 0.041667 3 0.40918 0.830859 0.675 0.046094 0.066667 0 0.256836 0.096875 0.755556 0.032813 0.063889 1 0.147583 0.678516 0.584722 0.016406 0.030556 2 0.106689 0.139063 0.690972 0.01875 0.043056 0 0.061646 0.139453 0.691667 0.017969 0.041667 2 0.02655 0.134766 0.65 0.024219 0.047222 3 0.002913 0.760156 0.611111 0.048438 0.075 4 0.002296 0.760156 0.602083 0.048438 0.093056 1 0.00126 0.678125 0.578472 0.025 0.054167 10 0.001161 0.007031 0.927778 0.014063 0.136111 1 0.000915 0.674609 0.590278 0.027344 0.044444 2 0.00083 0.010937 0.964583 0.021875 0.070833 3 0.000813 0.599219 0.588194 0.040625 0.056944 4 0.000798 0.010937 0.946528 0.021875 0.104167 10 0.000758 0.571484 0.520139 0.038281 0.059722 10 0.000631 0.972266 0.10625 0.055469 0.2125 10 0.000573 0.013672 0.910417 0.027344 0.156944 10 0.000551 0.932813 0.200694 0.134375 0.401389 1 0.00054 0.386719 0.909028 0.028125 0.056944
CCTV10^20251112-170000-20251112-175959_004602,2 0.786621 0.101953 0.7625 0.039844 0.069444 10 0.774414 0.693359 0.624306 0.078906 0.1125 3 0.675781 0.405859 0.643056 0.041406 0.058333 0 0.625977 0.144531 0.89375 0.040625 0.081944 3 0.38501 0.830859 0.675 0.047656 0.066667 4 0.357666 0.607031 0.634722 0.045312 0.063889 5 0.148071 0.608203 0.634722 0.044531 0.063889 9 0.126831 0.591797 0.9 0.105469 0.169444 3 0.095032 0.607422 0.634722 0.047656 0.066667 11 0.03067 0.590234 0.895833 0.113281 0.177778 3 0.010612 0.597266 0.903472 0.085156 0.156944 12 0.008186 0.589453 0.898611 0.113281 0.175 5 0.003651 0.595313 0.901389 0.096875 0.163889 2 0.001048 0.010937 0.964583 0.021875 0.070833 4 0.001008 0.010937 0.947917 0.021875 0.101389 1 0.000918 0.405078 0.628472 0.039844 0.0625 0 0.000883 0.082031 0.674306 0.029687 0.059722 3 0.000856 0.762891 0.620139 0.041406 0.059722 10 0.000846 0.011328 0.929167 0.022656 0.138889 10 0.000833 0.006641 0.927083 0.013281 0.134722 10 0.000738 0.931641 0.201389 0.136719 0.402778 3 0.000646 0.982812 0.616667 0.034375 0.119444 10 0.000629 0.971484 0.106944 0.057031 0.213889 4 0.000573 0.598437 0.90625 0.0875 0.151389 9 0.000564 0.469531 0.38125 0.0625 0.070833
CCTV10^20251112-170000-20251112-175959_004606,11 0.901367 0.444531 0.634028 0.046875 0.076389 10 0.835449 0.35625 0.698611 0.08125 0.138889 2 0.769043 0.232422 0.916667 0.049219 0.091667 2 0.756348 0.171094 0.836111 0.048438 0.077778 3 0.704102 0.483594 0.68125 0.039062 0.056944 3 0.649414 0.685156 0.703472 0.05 0.068056 0 0.405518 0.101953 0.7125 0.027344 0.066667 3 0.366699 0.830859 0.675 0.046094 0.063889 1 0.009781 0.099219 0.709722 0.029687 0.066667 3 0.008186 0.761719 0.619444 0.04375 0.061111 2 0.003483 0.301172 0.972917 0.046094 0.048611 2 0.001561 0.010547 0.964583 0.021094 0.070833 4 0.001341 0.010547 0.952083 0.021094 0.095833 10 0.000978 0.947266 0.200694 0.105469 0.401389 11 0.000764 0.980078 0.624306 0.038281 0.101389 1 0.000755 0.401172 0.609028 0.014844 0.029167 10 0.000732 0.015625 0.906944 0.03125 0.15 10 0.000638 0.973437 0.106944 0.053125 0.213889 10 0.000602 0.011328 0.930556 0.022656 0.136111 9 0.000584 0.470703 0.379167 0.067969 0.075 4 0.000555 0.760156 0.620833 0.04375 0.061111 12 0.000546 0.006641 0.397917 0.013281 0.056944 12 0.000544 0.24375 0.915278 0.076563 0.127778
CCTV10^20251112-170000-20251112-175959_004610,3 0.638672 0.66875 0.631944 0.035937 0.055556 3 0.346924 0.830859 0.675 0.046094 0.066667 0 0.253906 0.246484 0.927083 0.047656 0.101389 1 0.040527 0.244141 0.924306 0.044531 0.093056 0 0.006413 0.053906 0.791667 0.021875 0.066667 11 0.004433 0.370312 0.577083 0.034375 0.070833 4 0.00415 0.761328 0.610417 0.047656 0.081944 10 0.001335 0.930469 0.197917 0.139063 0.395833 3 0.001249 0.763281 0.620139 0.040625 0.059722 0 0.001235 0.248828 0.944444 0.039844 0.072222 10 0.001032 0.008984 0.935417 0.017969 0.126389 2 0.000918 0.010937 0.960417 0.021875 0.079167 10 0.000721 0.010156 0.896528 0.020313 0.206944 3 0.000704 0.410547 0.563889 0.017969 0.030556 10 0.000688 0.966406 0.109028 0.067187 0.218056 4 0.000669 0.010937 0.938889 0.021875 0.119444
CCTV10^20251112-170000-20251112-175959_004614,5 0.817383 0.711719 0.654861 0.042188 0.068056 3 0.375732 0.831641 0.675 0.047656 0.063889 3 0.366699 0.615234 0.599306 0.032031 0.048611 0 0.345215 0.236719 0.907639 0.04375 0.093056 5 0.264404 0.615234 0.598611 0.033594 0.047222 2 0.093994 0.236328 0.908333 0.041406 0.091667 1 0.00526 0.232031 0.896528 0.035937 0.081944 10 0.001597 0.930078 0.2 0.139844 0.4 0 0.00141 0.053906 0.797222 0.021875 0.055556 10 0.001188 0.010937 0.924306 0.021875 0.148611 4 0.00089 0.761719 0.598611 0.04375 0.086111 10 0.000755 0.006641 0.929861 0.013281 0.134722 1 0.000727 0.826562 0.327778 0.01875 0.058333 2 0.000693 0.008594 0.934028 0.017188 0.129167 2 0.000641 0.010547 0.961806 0.021094 0.076389 10 0.000638 0.966406 0.109028 0.067187 0.218056 3 0.000597 0.763281 0.620139 0.040625 0.056944 0 0.000551 0.058203 0.83125 0.030469 0.118056 12 0.000513 0.598437 0.479167 0.085938 0.138889
CCTV10^20251112-170000-20251112-175959_004618,10 0.780762 0.846094 0.765972 0.139063 0.1875 5 0.199341 0.125 0.680556 0.032813 0.058333 2 0.142212 0.124219 0.679861 0.034375 0.059722 3 0.116333 0.833203 0.675 0.046094 0.058333 1 0.00209 0.215234 0.770833 0.021094 0.044444 3 0.001444 0.761328 0.617361 0.046094 0.065278 10 0.001341 0.948047 0.202778 0.103906 0.405556 4 0.00109 0.759766 0.605556 0.047656 0.086111 1 0.000856 0.826172 0.327778 0.019531 0.061111 10 0.000779 0.006641 0.928472 0.013281 0.1375 2 0.000727 0.010937 0.964583 0.021875 0.070833 1 0.000675 0.126562 0.677778 0.042188 0.063889 10 0.000614 0.012109 0.922222 0.024219 0.152778 10 0.000602 0.971094 0.107639 0.057813 0.215278
CCTV10^20251112-170000-20251112-175959_004622,3 0.435791 0.703516 0.724306 0.050781 0.079167 3 0.401611 0.830859 0.675 0.046094 0.066667 5 0.355713 0.704297 0.724306 0.052344 0.079167 0 0.2323 0.127734 0.696528 0.025781 0.059722 4 0.177856 0.721094 0.690278 0.046875 0.066667 1 0.171631 0.725781 0.61875 0.025 0.040278 3 0.117554 0.720313 0.692361 0.045312 0.065278 2 0.112427 0.127734 0.694444 0.025781 0.058333 5 0.069275 0.721094 0.691667 0.04375 0.063889 9 0.052246 0.721094 0.690972 0.045312 0.068056 2 0.03186 0.719922 0.690972 0.047656 0.068056 3 0.002924 0.764062 0.620833 0.039062 0.055556 10 0.001188 0.949609 0.201389 0.100781 0.402778 1 0.00109 0.735156 0.608333 0.023438 0.05 2 0.001065 0.010937 0.963889 0.021875 0.072222 1 0.00083 0.826562 0.328472 0.01875 0.059722 10 0.000718 0.010156 0.893056 0.020313 0.213889 0 0.000597 0.826953 0.329861 0.017969 0.059722 10 0.000584 0.96875 0.108333 0.0625 0.216667 10 0.000548 0.007422 0.926389 0.014844 0.138889
CCTV10^20251112-170000-20251112-175959_004626,3 0.57373 0.682422 0.709028 0.055469 0.084722 10 0.449463 0.792578 0.735417 0.103906 0.151389 5 0.432129 0.565625 0.596528 0.039062 0.059722 2 0.325928 0.104688 0.692361 0.029687 0.059722 9 0.289307 0.794141 0.7375 0.103906 0.147222 1 0.242188 0.85 0.724306 0.023438 0.048611 1 0.135742 0.685156 0.579861 0.015625 0.031944 4 0.125122 0.378906 0.618056 0.028125 0.052778 5 0.117981 0.379297 0.617361 0.028906 0.054167 3 0.115967 0.378906 0.618056 0.029687 0.058333 1 0.099792 0.13125 0.663889 0.014063 0.041667 0 0.091736 0.188281 0.963194 0.05 0.073611 3 0.062317 0.834375 0.670833 0.039062 0.052778 4 0.011917 0.564063 0.597222 0.039062 0.063889 11 0.00729 0.794531 0.733333 0.101562 0.15 9 0.006538 0.567187 0.596528 0.042188 0.065278 1 0.00605 0.134766 0.659722 0.022656 0.058333 3 0.004383 0.564844 0.597222 0.0375 0.063889 10 0.004299 0.794141 0.679861 0.108594 0.140278 1 0.003736 0.686719 0.577083 0.021875 0.045833 12 0.003311 0.194141 0.961806 0.064844 0.076389 9 0.001768 0.791016 0.666667 0.091406 0.111111 2 0.001727 0.008984 0.940972 0.017969 0.115278 10 0.001444 0.949609 0.200694 0.100781 0.401389 4 0.001057 0.010937 0.944444 0.021875 0.108333 10 0.001048 0.011328 0.927083 0.022656 0.143056 1 0.000947 0.826562 0.328472 0.01875 0.059722 1 0.000929 0.138281 0.638889 0.021875 0.047222 1 0.000732 0.689844 0.590972 0.025 0.051389 0 0.000677 0.826953 0.328472 0.017969 0.059722 10 0.000609 0.972266 0.107639 0.055469 0.215278 11 0.000553 0.979297 0.619444 0.041406 0.102778 2 0.000532 0.062109 0.429861 0.066406 0.126389 7 0.000511 0.379297 0.616667 0.028906 0.055556
CCTV10^20251112-220000-20251112-225959_006480,9 0.554688 0.514062 0.818056 0.121875 0.169444 1 0.490234 0.23125 0.806944 0.026562 0.055556 11 0.457031 0.513281 0.823611 0.13125 0.183333 5 0.432129 0.19375 0.940278 0.06875 0.102778 3 0.300781 0.194922 0.942361 0.072656 0.104167 7 0.074219 0.91875 0.756944 0.139063 0.197222 12 0.041779 0.85 0.83125 0.3 0.3375 8 0.027176 0.901953 0.728472 0.132031 0.159722 8 0.020966 0.899219 0.761111 0.201563 0.255556 12 0.017776 0.934766 0.873611 0.130469 0.233333 8 0.016281 0.847656 0.846528 0.304688 0.306944 2 0.014175 0.33125 0.624306 0.034375 0.065278 2 0.012871 0.385547 0.607639 0.035156 0.068056 0 0.011292 0.384766 0.611111 0.035156 0.069444 4 0.007233 0.621484 0.646528 0.069531 0.115278 10 0.006512 0.008984 0.65 0.017969 0.283333 8 0.005775 0.916016 0.863194 0.166406 0.273611 12 0.005161 0.967187 0.828472 0.065625 0.343056 2 0.005039 0.330859 0.592361 0.046094 0.129167 11 0.004944 0.384766 0.607639 0.033594 0.068056 12 0.004925 0.7875 0.869444 0.301563 0.261111 12 0.004757 0.514062 0.820833 0.121875 0.166667 7 0.003824 0.383984 0.608333 0.033594 0.069444 12 0.003376 0.908594 0.786111 0.18125 0.288889 12 0.00321 0.330469 0.625 0.032813 0.063889 12 0.002958 0.384766 0.607639 0.033594 0.068056 12 0.002823 0.926953 0.763194 0.136719 0.206944 10 0.002512 0.016016 0.857639 0.032031 0.284722 12 0.002405 0.015234 0.877778 0.030469 0.244444 2 0.001942 0.195312 0.580556 0.0375 0.086111 10 0.00181 0.007422 0.920139 0.014844 0.159722 10 0.001513 0.014063 0.919444 0.028125 0.161111 11 0.001507 0.627344 0.643056 0.05625 0.1 3 0.001421 0.387891 0.402778 0.067969 0.094444 3 0.00132 0.329688 0.625 0.03125 0.063889 4 0.001265 0.016406 0.916667 0.032813 0.144444 11 0.001235 0.173437 0.908333 0.129688 0.169444 10 0.001179 0.009375 0.734028 0.01875 0.290278 10 0.001151 0.008203 0.504861 0.016406 0.306944 4 0.001057 0.386719 0.391667 0.067187 0.075 12 0.000752 0.006641 0.457639 0.013281 0.284722 8 0.000675 0.966406 0.834722 0.067187 0.330556 2 0.000646 0.389844 0.404167 0.078125 0.1 12 0.000641 0.051953 0.997222 0.103906 0.005556 11 0.000575 0.015625 0.911806 0.03125 0.140278 12 0.000562 0.730078 0.832639 0.228906 0.245833 11 0.000532 0.773047 0.689583 0.199219 0.165278
CCTV10^20251112-220000-20251112-225959_006481,12 0.810547 0.395703 0.681944 0.063281 0.108333 1 0.558105 0.230859 0.806944 0.027344 0.055556 5 0.411133 0.114062 0.71875 0.032813 0.059722 3 0.104126 0.114844 0.718056 0.034375 0.066667 12 0.064392 0.902734 0.819444 0.194531 0.361111 7 0.019638 0.919531 0.774306 0.14375 0.234722 8 0.018982 0.846484 0.827778 0.307031 0.344444 12 0.009933 0.936328 0.947222 0.127344 0.105556 12 0.009674 0.928125 0.775694 0.14375 0.234722 2 0.008217 0.113672 0.716667 0.033594 0.063889 2 0.007786 0.196094 0.58125 0.0375 0.0875 10 0.007347 0.008984 0.675 0.017969 0.3 1 0.005302 0.398047 0.609722 0.027344 0.047222 8 0.004772 0.902734 0.782639 0.194531 0.298611 2 0.004135 0.006641 0.942361 0.013281 0.115278 8 0.003389 0.905078 0.742361 0.122656 0.170833 4 0.00316 0.016406 0.907639 0.032813 0.126389 12 0.00255 0.00625 0.459722 0.0125 0.258333 10 0.002502 0.007812 0.505556 0.015625 0.302778 10 0.002132 0.007031 0.928472 0.014063 0.143056 10 0.001768 0.016016 0.856944 0.032031 0.286111 12 0.001461 0.014844 0.870139 0.029687 0.259722 3 0.001421 0.390234 0.39375 0.071094 0.079167 1 0.001309 0.226562 0.819444 0.032813 0.077778 3 0.001188 0.242578 0.620139 0.021094 0.051389 2 0.001134 0.391016 0.391667 0.071094 0.075 10 0.001129 0.012891 0.915972 0.025781 0.168056 10 0.00089 0.123438 0.729861 0.073438 0.123611 11 0.000813 0.015625 0.902778 0.03125 0.127778 2 0.000773 0.366016 0.565278 0.022656 0.058333 11 0.000767 0.015234 0.833333 0.028906 0.272222 10 0.000752 0.869141 0.352083 0.258594 0.556944 11 0.000744 0.406641 0.696528 0.080469 0.1125 12 0.000688 0.244531 0.5375 0.059375 0.197222 12 0.000579 0.051562 0.997222 0.103125 0.005556 6 0.000575 0.010156 0.917361 0.020313 0.165278
CCTV10^20251112-220000-20251112-225959_006482,1 0.488281 0.231641 0.80625 0.027344 0.056944 4 0.089478 0.444922 0.839583 0.071094 0.115278 7 0.085693 0.923438 0.745833 0.129688 0.186111 8 0.048859 0.913281 0.740972 0.1125 0.181944 12 0.034363 0.919141 0.747222 0.157031 0.216667 12 0.031143 0.935156 0.880556 0.129688 0.238889 11 0.019424 0.445312 0.843056 0.071875 0.119444 12 0.018341 0.861719 0.822222 0.276562 0.355556 8 0.016983 0.919531 0.753472 0.159375 0.231944 8 0.010452 0.854297 0.827083 0.291406 0.345833 10 0.008095 0.008984 0.647222 0.017969 0.275 8 0.007786 0.920312 0.867361 0.157812 0.265278 12 0.004135 0.365625 0.579167 0.040625 0.130556 12 0.002993 0.969141 0.828472 0.061719 0.343056 2 0.002672 0.006641 0.936806 0.013281 0.126389 1 0.002502 0.449219 0.845833 0.071875 0.125 10 0.002388 0.016016 0.8625 0.032031 0.275 10 0.002306 0.007031 0.925694 0.014063 0.148611 4 0.001346 0.016016 0.911111 0.032031 0.136111 10 0.001216 0.008203 0.505556 0.016406 0.305556 12 0.001099 0.014844 0.873611 0.029687 0.252778 2 0.001048 0.242578 0.621528 0.021094 0.051389 1 0.000985 0.385937 0.90625 0.029687 0.065278 10 0.00083 0.012109 0.915278 0.024219 0.169444 3 0.000811 0.242188 0.619444 0.021875 0.052778 8 0.000629 0.969922 0.838889 0.060156 0.322222 12 0.000566 0.006641 0.457639 0.013281 0.281944 6 0.000562 0.010156 0.9125 0.020313 0.175
CCTV10^20251112-220000-20251112-225959_006483,1 0.470703 0.231641 0.806944 0.027344 0.055556 0 0.096008 0.343359 0.709722 0.038281 0.063889 7 0.088196 0.920312 0.743056 0.125 0.177778 2 0.078613 0.341406 0.709028 0.039062 0.0625 12 0.047424 0.861719 0.84375 0.276562 0.3125 8 0.031738 0.864062 0.869444 0.271875 0.261111 8 0.016846 0.914453 0.741667 0.117969 0.194444 12 0.016586 0.935156 0.878472 0.129688 0.243056 8 0.006004 0.898438 0.76875 0.203125 0.281944 12 0.004433 0.909766 0.790278 0.180469 0.316667 10 0.00378 0.010547 0.918056 0.021094 0.163889 10 0.003147 0.008594 0.671528 0.017188 0.295833 12 0.002737 0.964063 0.823611 0.070312 0.352778 10 0.002693 0.008203 0.505556 0.016406 0.302778 10 0.002611 0.016797 0.865972 0.033594 0.268056 7 0.002493 0.788281 0.895139 0.14375 0.209722 12 0.001957 0.01875 0.854167 0.0375 0.291667 12 0.001942 0.792188 0.878472 0.19375 0.223611 8 0.001623 0.767578 0.861806 0.122656 0.168056 4 0.001592 0.797656 0.900694 0.146875 0.1875 12 0.001285 0.006641 0.470833 0.013281 0.244444 11 0.001069 0.658984 0.722917 0.186719 0.234722 12 0.001024 0.050781 0.997917 0.101562 0.004167 11 0.000911 0.014844 0.896528 0.029687 0.170833 2 0.000853 0.767969 0.865278 0.128125 0.177778 7 0.000715 0.826562 0.909028 0.14375 0.179167 8 0.000715 0.662891 0.722222 0.180469 0.213889 12 0.000646 0.91875 0.839583 0.14375 0.181944 8 0.000612 0.807031 0.886111 0.240625 0.227778 4 0.000557 0.016406 0.904861 0.03125 0.1375 8 0.000557 0.961719 0.83125 0.076563 0.3375
CCTV10^20251112-220000-20251112-225959_006484,1 0.554688 0.23125 0.807639 0.026562 0.054167 8 0.069031 0.907422 0.727083 0.099219 0.159722 7 0.043213 0.908594 0.727083 0.098437 0.151389 11 0.038452 0.910937 0.723611 0.10625 0.166667 10 0.019012 0.929297 0.8 0.141406 0.313889 2 0.009377 0.286328 0.641667 0.030469 0.061111 8 0.007694 0.880859 0.835417 0.238281 0.329167 3 0.004887 0.633203 0.602083 0.039844 0.056944 0 0.003809 0.286328 0.646528 0.030469 0.068056 2 0.003223 0.006641 0.9375 0.013281 0.125 10 0.003099 0.007031 0.922917 0.014063 0.154167 12 0.002958 0.910156 0.74375 0.179688 0.204167 12 0.002253 0.955859 0.95625 0.088281 0.0875 12 0.002199 0.905078 0.851389 0.188281 0.297222 2 0.00215 0.242188 0.623611 0.020313 0.047222 8 0.002115 0.957031 0.947222 0.085938 0.105556 10 0.001839 0.017188 0.857639 0.034375 0.284722 10 0.001372 0.011719 0.911111 0.023438 0.177778 1 0.001179 0.225391 0.819444 0.033594 0.080556 12 0.001037 0.940234 0.996528 0.119531 0.006944 12 0.000897 0.057422 0.999306 0.114844 0.001389 12 0.000849 0.948438 0.985417 0.103125 0.029167 11 0.00083 0.861719 0.822222 0.276562 0.355556 2 0.000801 0.71875 0.475 0.0625 0.1 12 0.00075 0.243359 0.540278 0.060156 0.202778 12 0.000738 0.974609 0.946528 0.049219 0.106944 1 0.000732 0.346484 0.615972 0.016406 0.034722 12 0.000646 0.994141 0.949306 0.011719 0.101389 12 0.000636 0.015625 0.868056 0.03125 0.263889 10 0.000605 0.876172 0.3125 0.246094 0.519444 1 0.000591 0.385937 0.904861 0.029687 0.068056 10 0.000584 0.007031 0.506944 0.014063 0.302778
CCTV10^20251112-220000-20251112-225959_006485,1 0.544922 0.23125 0.806944 0.028125 0.055556 12 0.252441 0.864062 0.835417 0.271875 0.329167 3 0.079773 0.738281 0.6875 0.034375 0.044444 8 0.069031 0.90625 0.731944 0.101562 0.163889 7 0.053009 0.910937 0.732639 0.104688 0.148611 11 0.028976 0.910156 0.730556 0.103125 0.175 10 0.010735 0.939063 0.789583 0.121875 0.284722 4 0.00956 0.949219 0.9125 0.101562 0.166667 9 0.004608 0.939063 0.907639 0.121875 0.179167 4 0.003607 0.684375 0.648611 0.054688 0.072222 12 0.003389 0.019141 0.856944 0.038281 0.283333 12 0.003063 0.905078 0.75 0.185156 0.213889 10 0.002342 0.007422 0.925 0.014844 0.15 4 0.00227 0.016797 0.909722 0.033594 0.161111 0 0.002234 0.948047 0.905556 0.102344 0.180556 10 0.001472 0.017188 0.863194 0.034375 0.265278 10 0.001073 0.806641 0.768056 0.203906 0.269444 10 0.001065 0.012109 0.911806 0.024219 0.176389 3 0.001057 0.242578 0.621528 0.021094 0.048611 12 0.001028 0.053125 0.997222 0.10625 0.005556 1 0.001 0.224219 0.820833 0.035937 0.083333 11 0.00097 0.016016 0.893056 0.032031 0.155556 12 0.000962 0.914453 0.886111 0.171094 0.227778 10 0.000918 0.982031 0.820139 0.035937 0.359722 1 0.000843 0.346094 0.615278 0.015625 0.033333 4 0.000817 0.242188 0.620833 0.021875 0.05 11 0.000732 0.850781 0.814583 0.298438 0.354167 1 0.000542 0.386328 0.908333 0.030469 0.069444 11 0.000507 0.972266 0.761111 0.055469 0.166667 6 0.000501 0.010156 0.917361 0.020313 0.165278
CCTV10^20251112-220000-20251112-225959_006486,1 0.480469 0.231641 0.806944 0.027344 0.055556 1 0.056854 0.389062 0.790972 0.028125 0.059722 10 0.013687 0.853125 0.819444 0.29375 0.361111 10 0.00927 0.919922 0.818056 0.158594 0.313889 12 0.008644 0.898828 0.820139 0.202344 0.329167 10 0.007462 0.009375 0.648611 0.01875 0.277778 10 0.003483 0.007031 0.920833 0.014063 0.158333 12 0.003286 0.934766 0.886806 0.130469 0.223611 10 0.002846 0.007812 0.505556 0.015625 0.3 10 0.002672 0.012891 0.918056 0.025781 0.163889 12 0.002415 0.051562 0.996528 0.103125 0.006944 1 0.002388 0.386719 0.804861 0.042188 0.084722 9 0.00215 0.835938 0.745833 0.173437 0.208333 10 0.001574 0.00625 0.447917 0.0125 0.259722 10 0.001289 0.016016 0.858333 0.032031 0.280556 10 0.001107 0.837891 0.746528 0.174219 0.204167 3 0.001032 0.242969 0.619444 0.021875 0.052778 1 0.000926 0.345703 0.616667 0.016406 0.033333 4 0.0009 0.017188 0.910417 0.032813 0.123611 3 0.00088 0.383984 0.400694 0.080469 0.084722 12 0.000876 0.884766 0.913889 0.230469 0.172222 4 0.00082 0.830859 0.854167 0.088281 0.133333 12 0.000792 0.846094 0.918056 0.135937 0.158333 8 0.000773 0.923438 0.829167 0.153125 0.341667 0 0.000704 0.016797 0.913889 0.032031 0.136111 11 0.000657 0.015625 0.909028 0.03125 0.145833 8 0.000627 0.869922 0.916667 0.260156 0.166667 12 0.000509 0.242969 0.538194 0.05625 0.198611
CCTV10^20251112-220000-20251112-225959_006487,1 0.46875 0.23125 0.805556 0.026562 0.055556 12 0.414795 0.142578 0.826389 0.083594 0.125 10 0.044342 0.964844 0.8125 0.070312 0.3 12 0.025375 0.896875 0.690972 0.05625 0.106944 8 0.018982 0.142187 0.827778 0.078125 0.130556 1 0.011963 0.104297 0.784722 0.021094 0.041667 5 0.008949 0.219141 0.956944 0.067969 0.083333 10 0.008919 0.903906 0.692361 0.042188 0.104167 1 0.006985 0.261719 0.680556 0.023438 0.055556 4 0.00425 0.017969 0.903472 0.032813 0.131944 10 0.00316 0.11875 0.838194 0.151562 0.320833 10 0.002434 0.007422 0.91875 0.014844 0.1625 1 0.002306 0.319531 0.729167 0.025 0.041667 12 0.002182 0.150391 0.870139 0.105469 0.165278 10 0.002165 0.008984 0.654861 0.017969 0.298611 12 0.001889 0.153125 0.935417 0.092188 0.104167 10 0.001741 0.014063 0.918056 0.028125 0.163889 12 0.001636 0.007422 0.939583 0.014844 0.120833 10 0.001623 0.008203 0.504861 0.016406 0.301389 5 0.001507 0.902734 0.692361 0.044531 0.104167 12 0.001279 0.264062 0.999306 0.103125 0.001389 12 0.001216 0.014844 0.868056 0.029687 0.263889 10 0.001197 0.142969 0.857639 0.096875 0.198611 1 0.001192 0.498828 0.629167 0.022656 0.038889 10 0.001081 0.016406 0.847222 0.032813 0.302778 12 0.00106 0.243359 0.534722 0.058594 0.194444 12 0.001017 0.053125 0.997222 0.10625 0.005556 11 0.000918 0.14375 0.870139 0.1 0.2375 1 0.000721 0.173047 0.854167 0.028906 0.072222 11 0.000721 0.015625 0.910417 0.03125 0.151389 12 0.000667 0.151172 0.896528 0.194531 0.201389 1 0.000646 0.494922 0.635417 0.021094 0.0375 3 0.000517 0.49375 0.635417 0.021875 0.0375 1 0.000504 0.345703 0.615972 0.016406 0.034722 10 0.000501 0.870703 0.350694 0.257031 0.5625
CCTV10^20251112-220000-20251112-225959_006488,5 0.567871 0.486328 0.778472 0.046094 0.084722 1 0.558105 0.23125 0.805556 0.028125 0.058333 1 0.434082 0.159766 0.918056 0.035156 0.077778 4 0.106323 0.101172 0.773611 0.080469 0.127778 12 0.067322 0.898047 0.691667 0.053906 0.105556 3 0.042084 0.107813 0.702083 0.051562 0.123611 12 0.034882 0.108203 0.704861 0.050781 0.123611 7 0.018402 0.111719 0.784722 0.059375 0.102778 2 0.017044 0.103516 0.770139 0.071094 0.120833 1 0.015961 0.183984 0.934722 0.088281 0.119444 11 0.015778 0.109766 0.706944 0.053906 0.105556 5 0.013535 0.902734 0.690972 0.044531 0.106944 2 0.008125 0.107813 0.708333 0.051562 0.119444 2 0.005821 0.007031 0.945833 0.014063 0.108333 1 0.005512 0.238281 0.656944 0.020313 0.047222 3 0.004539 0.116406 0.789583 0.046875 0.093056 4 0.004364 0.113281 0.784722 0.053125 0.105556 12 0.00378 0.098828 0.770833 0.088281 0.133333 10 0.002935 0.009766 0.927778 0.019531 0.144444 10 0.002132 0.008984 0.652083 0.017969 0.290278 10 0.002132 0.016016 0.859722 0.032031 0.280556 4 0.001957 0.016016 0.909722 0.032031 0.158333 12 0.001897 0.014844 0.872917 0.029687 0.254167 10 0.001867 0.130859 0.686111 0.110156 0.169444 12 0.001761 0.874609 0.690278 0.105469 0.113889 6 0.00172 0.009766 0.91875 0.019531 0.1625 10 0.001597 0.008203 0.50625 0.016406 0.304167 11 0.001024 0.014844 0.890278 0.029687 0.172222 12 0.000918 0.006641 0.456944 0.013281 0.275 4 0.000904 0.108203 0.73125 0.050781 0.090278 10 0.000659 0.871875 0.35 0.254688 0.561111 12 0.000629 0.241797 0.546528 0.061719 0.2125 12 0.000573 0.053125 0.997222 0.10625 0.005556 1 0.000524 0.167578 0.909028 0.060156 0.115278
CCTV10^20251112-220000-20251112-225959_006489,5 0.496094 0.439844 0.652778 0.034375 0.058333 1 0.496094 0.23125 0.807639 0.028125 0.056944 1 0.126343 0.103125 0.751389 0.025 0.061111 12 0.104492 0.889453 0.691667 0.072656 0.108333 3 0.045349 0.442578 0.653472 0.042969 0.0625 4 0.0401 0.144922 0.694444 0.055469 0.094444 12 0.029312 0.145313 0.679167 0.071875 0.083333 10 0.020966 0.903906 0.691667 0.042188 0.105556 3 0.020172 0.138281 0.685417 0.054688 0.068056 7 0.006512 0.144922 0.686111 0.067969 0.086111 4 0.005386 0.016406 0.915972 0.032813 0.145833 5 0.005344 0.903906 0.691667 0.042188 0.102778 10 0.00304 0.008984 0.649306 0.017969 0.279167 2 0.002981 0.006641 0.93125 0.013281 0.1375 10 0.001513 0.007422 0.920139 0.014844 0.159722 1 0.00132 0.108594 0.767361 0.034375 0.104167 10 0.00132 0.013281 0.91875 0.026562 0.1625 12 0.001206 0.241016 0.538194 0.061719 0.201389 10 0.001116 0.871484 0.351389 0.252344 0.561111 12 0.00109 0.057422 0.998611 0.114844 0.002778 12 0.00109 0.015234 0.869444 0.030469 0.261111 1 0.001057 0.106641 0.736806 0.030469 0.081944 11 0.00097 0.015625 0.905556 0.03125 0.133333 10 0.000859 0.016797 0.852778 0.033594 0.294444 1 0.000664 0.150391 0.690278 0.058594 0.097222 12 0.000651 0.169922 0.452083 0.061719 0.201389 10 0.000644 0.008594 0.503472 0.017188 0.295833 10 0.000617 0.010547 0.107639 0.021094 0.215278 1 0.000617 0.098047 0.770833 0.024219 0.072222
CCTV10^20251112-220000-20251112-225959_006490,1 0.482422 0.23125 0.807639 0.028125 0.056944 12 0.010406 0.883203 0.690278 0.085156 0.108333 1 0.006538 0.861328 0.875694 0.028906 0.056944 10 0.006145 0.008984 0.652083 0.017969 0.2875 5 0.004868 0.900391 0.689583 0.046094 0.104167 3 0.004349 0.417969 0.599306 0.023438 0.040278 7 0.004086 0.741797 0.835417 0.146094 0.201389 4 0.003901 0.740625 0.832639 0.145313 0.195833 2 0.003551 0.006641 0.941667 0.013281 0.116667 1 0.00259 0.371484 0.404861 0.050781 0.101389 10 0.002234 0.007031 0.927778 0.014063 0.144444 3 0.002165 0.89375 0.689583 0.0625 0.109722 10 0.002003 0.876563 0.904861 0.246875 0.190278 8 0.001995 0.668359 0.761111 0.136719 0.138889 2 0.001987 0.887891 0.689583 0.074219 0.106944 7 0.001727 0.704297 0.800694 0.147656 0.193056 1 0.001727 0.858594 0.875 0.039062 0.080556 10 0.001611 0.869141 0.347917 0.257031 0.559722 10 0.001574 0.008203 0.504861 0.016406 0.304167 4 0.001549 0.016406 0.909028 0.032813 0.1375 12 0.001536 0.007031 0.453472 0.014063 0.284722 10 0.001525 0.016016 0.853472 0.032031 0.293056 1 0.001427 0.697266 0.566667 0.022656 0.05 3 0.001265 0.403906 0.580556 0.057813 0.094444 2 0.001225 0.371875 0.397222 0.048438 0.086111 10 0.001161 0.012891 0.914583 0.025781 0.170833 12 0.001147 0.014453 0.873611 0.028906 0.252778 1 0.001065 0.522656 0.386111 0.126562 0.172222 0 0.000947 0.242969 0.534028 0.057813 0.193056 3 0.000866 0.242578 0.620139 0.022656 0.051389 6 0.000849 0.010156 0.911806 0.020313 0.176389 4 0.000843 0.703906 0.797222 0.14375 0.188889 4 0.000839 0.242578 0.619444 0.022656 0.052778 12 0.000798 0.163672 0.455556 0.063281 0.208333 12 0.000785 0.740625 0.859722 0.289062 0.252778 1 0.000732 0.226172 0.820139 0.035156 0.081944 11 0.000699 0.872656 0.689583 0.109375 0.118056 12 0.000627 0.678516 0.775 0.136719 0.147222 2 0.000609 0.244531 0.618056 0.029687 0.058333 9 0.000609 0.750391 0.847222 0.149219 0.213889 11 0.000593 0.015234 0.903472 0.030469 0.134722 3 0.000507 0.419141 0.586111 0.025781 0.077778
CCTV10^20251112-220000-20251112-225959_006491,10 0.696777 0.400781 0.754861 0.107813 0.170833 1 0.544922 0.23125 0.807639 0.028125 0.056944 10 0.013275 0.950781 0.797222 0.098437 0.283333 7 0.008217 0.784766 0.834028 0.146094 0.240278 10 0.006027 0.911719 0.795833 0.175 0.302778 12 0.005344 0.733594 0.804861 0.346875 0.390278 10 0.00433 0.008984 0.675694 0.017969 0.304167 10 0.003483 0.007812 0.505556 0.015625 0.302778 2 0.003416 0.006641 0.9375 0.013281 0.125 8 0.002867 0.866797 0.690278 0.122656 0.127778 10 0.00255 0.007031 0.925 0.014063 0.15 10 0.002132 0.016406 0.858333 0.032813 0.283333 12 0.00205 0.880859 0.688194 0.092969 0.106944 12 0.001741 0.015234 0.874306 0.030469 0.251389 4 0.001549 0.016016 0.915278 0.032031 0.15 11 0.001467 0.846484 0.808333 0.307031 0.383333 12 0.001432 0.00625 0.454167 0.0125 0.269444 1 0.001124 0.226562 0.820139 0.0375 0.081944 10 0.001081 0.0125 0.914583 0.025 0.170833 11 0.00097 0.244922 0.525 0.055469 0.175 12 0.000886 0.244922 0.533333 0.053906 0.188889 2 0.000843 0.89375 0.6875 0.0625 0.102778 8 0.000836 0.888672 0.688889 0.074219 0.111111 1 0.00083 0.522656 0.3875 0.117188 0.172222 10 0.00082 0.989453 0.820833 0.021094 0.35 12 0.000767 0.789453 0.748611 0.291406 0.35 12 0.000744 0.203906 0.577778 0.04375 0.088889 2 0.000738 0.376953 0.404167 0.060156 0.102778 12 0.000575 0.051953 0.997222 0.103906 0.005556
CCTV10^20251112-220000-20251112-225959_006492,1 0.53125 0.23125 0.807639 0.028125 0.059722 10 0.059662 0.328906 0.609028 0.073438 0.204167 12 0.055817 0.887891 0.690278 0.074219 0.105556 10 0.026962 0.876563 0.835417 0.246875 0.318056 10 0.021042 0.326953 0.647917 0.061719 0.126389 11 0.010056 0.336328 0.665972 0.055469 0.084722 10 0.009087 0.891406 0.690278 0.065625 0.102778 10 0.007065 0.008984 0.649306 0.017969 0.281944 10 0.005642 0.952734 0.825694 0.094531 0.345833 7 0.003975 0.907813 0.897222 0.123438 0.172222 4 0.003338 0.903906 0.895139 0.120313 0.1625 10 0.002424 0.016797 0.860417 0.033594 0.279167 10 0.002398 0.014844 0.913889 0.029687 0.172222 12 0.0021 0.015625 0.874306 0.03125 0.251389 2 0.002075 0.324219 0.609028 0.076563 0.2125 10 0.001987 0.007812 0.916667 0.015625 0.166667 5 0.001912 0.893359 0.690278 0.060156 0.1 10 0.001687 0.008203 0.505556 0.016406 0.302778 10 0.001642 0.875 0.313194 0.248438 0.534722 2 0.001309 0.883203 0.690278 0.082031 0.102778 2 0.001265 0.383203 0.414583 0.075781 0.120833 4 0.001078 0.016797 0.918056 0.033594 0.158333 12 0.00097 0.006641 0.455556 0.013281 0.263889 1 0.00094 0.521875 0.386111 0.121875 0.172222 10 0.000886 0.980469 0.868056 0.039062 0.263889 10 0.000779 0.009375 0.73125 0.01875 0.2875 12 0.000667 0.244141 0.53125 0.058594 0.184722 12 0.000602 0.052344 0.997222 0.104688 0.005556 3 0.000525 0.242188 0.620139 0.020313 0.051389
CCTV10^20251112-220000-20251112-225959_006493,1 0.515625 0.231641 0.806944 0.028906 0.055556 12 0.058563 0.888672 0.690972 0.074219 0.106944 10 0.014671 0.902734 0.691667 0.042969 0.102778 10 0.004868 0.008984 0.673611 0.017969 0.3 10 0.003016 0.007812 0.504861 0.015625 0.295833 2 0.002714 0.006641 0.938889 0.013281 0.122222 2 0.002602 0.242578 0.620139 0.021094 0.051389 10 0.002068 0.007031 0.925694 0.014063 0.148611 11 0.002003 0.248828 0.520833 0.055469 0.169444 5 0.001957 0.901563 0.692361 0.045312 0.101389 10 0.001707 0.00625 0.441667 0.0125 0.238889 10 0.0017 0.016406 0.863194 0.032813 0.273611 10 0.00149 0.876953 0.249306 0.244531 0.498611 12 0.001378 0.014844 0.875694 0.029687 0.248611 12 0.001315 0.31875 0.607639 0.064062 0.1875 1 0.001065 0.345703 0.610417 0.017969 0.043056 10 0.001057 0.012891 0.915278 0.025781 0.169444 4 0.001032 0.016406 0.915972 0.032813 0.148611 2 0.00089 0.317969 0.567361 0.051562 0.131944 11 0.000718 0.247656 0.555556 0.045312 0.113889 12 0.000693 0.528516 0.38125 0.133594 0.170833 12 0.000566 0.057422 0.998611 0.114844 0.002778
CCTV10^20251112-220000-20251112-225959_006494,1 0.494141 0.231641 0.806944 0.027344 0.055556 1 0.240723 0.244141 0.9375 0.036719 0.080556 12 0.071838 0.889062 0.690972 0.071875 0.106944 10 0.013847 0.902734 0.692361 0.044531 0.104167 1 0.008156 0.230859 0.936806 0.057031 0.098611 2 0.00425 0.007422 0.936806 0.014844 0.126389 10 0.003376 0.007812 0.504167 0.015625 0.297222 10 0.002981 0.008984 0.651389 0.017969 0.286111 5 0.00227 0.901563 0.692361 0.046875 0.104167 10 0.002174 0.878516 0.247222 0.241406 0.494444 10 0.00205 0.007812 0.922917 0.015625 0.154167 4 0.00141 0.242578 0.620139 0.022656 0.051389 10 0.001274 0.016016 0.863194 0.032031 0.273611 4 0.001269 0.016406 0.911806 0.032813 0.140278 12 0.001138 0.014453 0.875694 0.028906 0.248611 12 0.001073 0.051953 0.997222 0.103906 0.005556 2 0.001024 0.344531 0.586111 0.025 0.091667 10 0.000907 0.318359 0.595833 0.027344 0.083333 10 0.000804 0.012891 0.914583 0.025781 0.170833 11 0.000776 0.24375 0.520139 0.057813 0.1625 3 0.000762 0.242969 0.620139 0.021875 0.051389 11 0.000727 0.015234 0.903472 0.030469 0.134722 1 0.000566 0.385937 0.904861 0.029687 0.068056 1 0.000504 0.346094 0.613889 0.015625 0.033333
CCTV10^20251112-220000-20251112-225959_006495,1 0.315674 0.231641 0.805556 0.027344 0.055556 12 0.032471 0.889062 0.690972 0.071875 0.106944 10 0.00729 0.900391 0.691667 0.049219 0.105556 1 0.00502 0.340234 0.928472 0.030469 0.048611 4 0.004963 0.017969 0.914583 0.035937 0.145833 1 0.003796 0.345313 0.939583 0.035937 0.059722 12 0.003075 0.365625 0.927778 0.132812 0.141667 5 0.00297 0.892578 0.691667 0.064844 0.108333 10 0.002115 0.014063 0.918056 0.028125 0.163889 10 0.001853 0.00625 0.444444 0.0125 0.238889 12 0.001796 0.053125 0.995833 0.10625 0.008333 10 0.001661 0.007812 0.917361 0.015625 0.165278 10 0.001536 0.007812 0.504167 0.015625 0.297222 2 0.001536 0.007031 0.929861 0.014063 0.140278 12 0.001315 0.014844 0.877778 0.029687 0.244444 11 0.001309 0.016016 0.909028 0.032031 0.134722 10 0.001206 0.016406 0.861806 0.032813 0.268056 12 0.001197 0.31875 0.927778 0.128125 0.141667 0 0.001081 0.345703 0.940972 0.036719 0.059722 10 0.000907 0.008984 0.653472 0.017969 0.2875 2 0.000811 0.349219 0.590278 0.028125 0.088889 0 0.000773 0.346484 0.573611 0.030469 0.116667 12 0.000701 0.342578 0.949306 0.178906 0.101389 10 0.000566 0.874219 0.323611 0.25 0.538889
CCTV10^20251112-220000-20251112-225959_006496,1 0.484375 0.23125 0.807639 0.028125 0.056944 12 0.428223 0.201172 0.896528 0.125781 0.195833 1 0.099487 0.459375 0.815278 0.042188 0.072222 1 0.054596 0.333203 0.921528 0.025781 0.048611 10 0.044342 0.195312 0.875 0.125 0.230556 2 0.020798 0.4625 0.808333 0.0625 0.088889 3 0.013687 0.463672 0.807639 0.064844 0.084722 1 0.012009 0.462109 0.809722 0.060156 0.091667 10 0.010948 0.902734 0.692361 0.042969 0.101389 4 0.006489 0.017969 0.902083 0.032813 0.115278 10 0.00573 0.472656 0.823611 0.1 0.166667 12 0.00452 0.891016 0.690278 0.074219 0.111111 10 0.004135 0.007812 0.504861 0.015625 0.298611 1 0.004055 0.337891 0.925 0.036719 0.066667 5 0.003796 0.899219 0.691667 0.05 0.102778 10 0.003538 0.008594 0.653472 0.017188 0.290278 2 0.003403 0.007422 0.930556 0.014844 0.136111 10 0.00181 0.007812 0.91875 0.015625 0.1625 0 0.001636 0.339453 0.928472 0.038281 0.070833 10 0.001597 0.014453 0.919444 0.028906 0.161111 6 0.001574 0.891016 0.690972 0.074219 0.109722 6 0.001561 0.901563 0.692361 0.04375 0.101389 9 0.001525 0.016406 0.906944 0.032813 0.130556 12 0.00149 0.014453 0.870139 0.028906 0.259722 10 0.001325 0.016016 0.849306 0.032031 0.290278 10 0.001265 0.00625 0.448611 0.0125 0.233333 1 0.001151 0.330469 0.9125 0.0375 0.061111 1 0.001 0.222656 0.804167 0.05 0.066667 10 0.000929 0.869141 0.349306 0.258594 0.559722 1 0.000843 0.470313 0.825 0.032813 0.083333 10 0.000735 0.446484 0.819444 0.096094 0.147222 12 0.000667 0.052734 0.997222 0.105469 0.005556 1 0.000577 0.500391 0.623611 0.021094 0.041667 1 0.000573 0.345313 0.615278 0.017188 0.036111 12 0.000548 0.340234 0.93125 0.039844 0.093056
CCTV10^20251112-220000-20251112-225959_006497,12 0.629883 0.116406 0.707639 0.051562 0.120833 1 0.281494 0.230859 0.80625 0.027344 0.056944 3 0.143188 0.390625 0.661111 0.040625 0.052778 12 0.051849 0.216016 0.929861 0.113281 0.140278 12 0.037201 0.889844 0.690278 0.076563 0.111111 3 0.023697 0.373828 0.611806 0.077344 0.140278 1 0.023331 0.332422 0.919444 0.024219 0.044444 10 0.006264 0.008984 0.678472 0.017969 0.304167 5 0.005001 0.898047 0.691667 0.052344 0.105556 11 0.004505 0.214453 0.925694 0.116406 0.148611 12 0.004101 0.397656 0.922917 0.257812 0.154167 1 0.003027 0.333203 0.9 0.032031 0.072222 4 0.002846 0.016406 0.914583 0.032813 0.140278 2 0.002434 0.372656 0.605556 0.085938 0.186111 2 0.002075 0.007031 0.933333 0.014063 0.133333 10 0.001438 0.007422 0.921528 0.014844 0.156944 0 0.001325 0.333203 0.922222 0.027344 0.055556 12 0.001107 0.014453 0.868056 0.028906 0.263889 1 0.001069 0.3375 0.916667 0.039062 0.072222 10 0.001024 0.015625 0.851389 0.03125 0.294444 9 0.000933 0.208594 0.932639 0.101562 0.134722 12 0.000926 0.053906 0.995833 0.107813 0.008333 10 0.000883 0.007812 0.504167 0.015625 0.291667 12 0.000833 0.901563 0.691667 0.046875 0.1 11 0.000823 0.4 0.922917 0.2625 0.154167 11 0.000792 0.245312 0.523611 0.05625 0.166667 11 0.000693 0.392969 0.702083 0.051562 0.1375 2 0.000667 0.726172 0.484722 0.047656 0.088889 12 0.000646 0.008203 0.935417 0.016406 0.129167 12 0.000638 0.310156 0.924306 0.101562 0.151389 10 0.000634 0.013672 0.915972 0.027344 0.168056 12 0.000617 0.865625 0.684028 0.125 0.126389 10 0.000597 0.228906 0.911806 0.151562 0.176389 11 0.000544 0.247656 0.554167 0.045312 0.111111 12 0.000507 0.522656 0.382639 0.123438 0.168056
CCTV10^20251112-220000-20251112-225959_006498,3 0.484375 0.532031 0.777083 0.046875 0.059722 12 0.432129 0.162891 0.86875 0.088281 0.1625 5 0.256836 0.531641 0.777083 0.047656 0.0625 1 0.250977 0.272656 0.813889 0.0375 0.061111 11 0.19812 0.162891 0.86875 0.085156 0.1875 1 0.187134 0.229297 0.806944 0.025781 0.055556 12 0.055603 0.898047 0.691667 0.055469 0.105556 1 0.052246 0.333203 0.920139 0.024219 0.045833 10 0.010735 0.903516 0.692361 0.042969 0.101389 1 0.008919 0.338672 0.920833 0.036719 0.061111 4 0.005936 0.016406 0.909028 0.032813 0.129167 5 0.005688 0.902734 0.691667 0.044531 0.102778 10 0.005554 0.008984 0.649306 0.017969 0.284722 2 0.00375 0.007031 0.941667 0.014063 0.116667 1 0.003351 0.232813 0.805556 0.040625 0.069444 2 0.002901 0.373828 0.388194 0.039844 0.0625 12 0.00255 0.007812 0.938889 0.015625 0.122222 11 0.002323 0.108203 0.75625 0.064844 0.115278 10 0.001912 0.009766 0.923611 0.019531 0.152778 10 0.0017 0.358984 0.56875 0.055469 0.131944 4 0.001661 0.242578 0.619444 0.022656 0.052778 11 0.001629 0.015625 0.904167 0.03125 0.133333 1 0.001501 0.333594 0.902083 0.03125 0.068056 1 0.001478 0.540234 0.781944 0.039844 0.058333 12 0.00145 0.145313 0.851389 0.128125 0.211111 10 0.001294 0.007812 0.502778 0.015625 0.294444 10 0.001279 0.015625 0.856944 0.03125 0.283333 6 0.001221 0.009766 0.918056 0.019531 0.163889 12 0.001206 0.014453 0.872917 0.028906 0.254167 10 0.000993 0.870313 0.345833 0.254688 0.572222 12 0.000947 0.051953 0.997222 0.103906 0.005556 2 0.000897 0.732422 0.488194 0.041406 0.0875 7 0.000792 0.242578 0.617361 0.022656 0.051389 2 0.000693 0.370312 0.6 0.020313 0.044444 0 0.00068 0.370312 0.600694 0.020313 0.045833 10 0.000588 0.009375 0.736806 0.01875 0.2875
CCTV10^20251112-220000-20251112-225959_006499,3 0.631836 0.455859 0.663889 0.036719 0.055556 12 0.164551 0.192578 0.915972 0.108594 0.1625 9 0.126831 0.192969 0.920139 0.109375 0.156944 1 0.083862 0.228906 0.807639 0.026562 0.056944 12 0.056244 0.115234 0.705556 0.044531 0.086111 1 0.025375 0.333984 0.921528 0.025781 0.048611 1 0.024704 0.253906 0.804167 0.035937 0.063889 11 0.024231 0.193359 0.915278 0.111719 0.166667 12 0.017181 0.889062 0.691667 0.071875 0.108333 11 0.013481 0.115234 0.704167 0.044531 0.088889 3 0.009598 0.115625 0.707639 0.042188 0.084722 10 0.004627 0.008594 0.651389 0.017188 0.286111 7 0.004417 0.115234 0.713889 0.044531 0.083333 10 0.003565 0.903906 0.692361 0.042188 0.104167 10 0.002342 0.007812 0.922917 0.015625 0.154167 4 0.001727 0.016406 0.918056 0.032813 0.144444 12 0.001346 0.014453 0.878472 0.028906 0.243056 10 0.00124 0.015625 0.857639 0.03125 0.284722 10 0.001225 0.453125 0.667361 0.0625 0.076389 10 0.001174 0.007812 0.504167 0.015625 0.294444 4 0.00109 0.116406 0.702778 0.05 0.097222 1 0.000904 0.345313 0.614583 0.017188 0.0375 10 0.000904 0.009375 0.731944 0.01875 0.286111 10 0.000849 0.013281 0.917361 0.026562 0.165278 12 0.000798 0.053516 0.996528 0.107031 0.006944 5 0.000727 0.189453 0.921528 0.102344 0.154167 2 0.000721 0.895312 0.691667 0.057813 0.105556 1 0.000651 0.330078 0.91875 0.038281 0.068056 10 0.000638 0.869141 0.345833 0.257031 0.572222 2 0.000617 0.242578 0.620139 0.022656 0.054167 11 0.000597 0.125391 0.68125 0.067969 0.101389 11 0.000573 0.889453 0.690278 0.077344 0.108333 6 0.000515 0.010156 0.913889 0.020313 0.172222
CCTV10^20251112-220000-20251112-225959_006500,1 0.548828 0.142187 0.883333 0.029687 0.058333 1 0.126343 0.228516 0.807639 0.025781 0.056944 11 0.089111 0.106641 0.74375 0.058594 0.1125 3 0.040527 0.421484 0.596528 0.021094 0.034722 1 0.033844 0.329297 0.913194 0.027344 0.059722 1 0.015427 0.253125 0.803472 0.032813 0.0625 11 0.008949 0.944531 0.681944 0.067187 0.125 12 0.006798 0.8875 0.689583 0.071875 0.104167 2 0.004398 0.007031 0.940972 0.014063 0.118056 10 0.003147 0.008594 0.677083 0.017188 0.301389 10 0.001926 0.007422 0.925694 0.014844 0.148611 1 0.001789 0.345703 0.614583 0.017969 0.0375 10 0.001616 0.108984 0.745833 0.061719 0.108333 3 0.001549 0.888672 0.690278 0.069531 0.102778 10 0.001501 0.007812 0.503472 0.015625 0.295833 1 0.001501 0.337891 0.913194 0.038281 0.084722 1 0.00149 0.386328 0.908333 0.030469 0.069444 10 0.001432 0.016016 0.859028 0.032031 0.281944 12 0.001372 0.014844 0.875694 0.029687 0.248611 4 0.001225 0.016016 0.916667 0.032031 0.158333 1 0.000997 0.229687 0.798611 0.035937 0.066667 3 0.000922 0.415234 0.578472 0.036719 0.076389 4 0.000897 0.242578 0.61875 0.022656 0.054167 11 0.000886 0.399609 0.583333 0.042969 0.091667 10 0.00082 0.012109 0.913889 0.024219 0.172222 10 0.000792 0.1125 0.767361 0.076563 0.184722 1 0.000762 0.328125 0.916667 0.039062 0.094444 12 0.00075 0.053125 0.997222 0.10625 0.005556 2 0.000744 0.892188 0.689583 0.0625 0.101389 2 0.000657 0.242969 0.619444 0.021875 0.052778 3 0.000597 0.375391 0.390278 0.046094 0.066667 11 0.00057 0.965234 0.784722 0.069531 0.205556 7 0.000562 0.242578 0.615972 0.022656 0.054167 2 0.000548 0.73125 0.484028 0.04375 0.081944 4 0.000521 0.541016 0.576389 0.036719 0.066667
CCTV10^20251112-220000-20251112-225959_006501,1 0.533203 0.10625 0.815972 0.025 0.056944 1 0.144653 0.092969 0.738889 0.020313 0.038889 1 0.11438 0.228125 0.806944 0.025 0.055556 11 0.11084 0.575781 0.605556 0.042188 0.066667 10 0.054596 0.575781 0.606944 0.045312 0.072222 1 0.044525 0.253125 0.803472 0.03125 0.059722 1 0.036896 0.363672 0.841667 0.024219 0.047222 12 0.028549 0.889062 0.690972 0.071875 0.106944 10 0.008286 0.901563 0.690278 0.046875 0.102778 10 0.005867 0.008984 0.650694 0.017969 0.273611 2 0.004791 0.007031 0.936806 0.014063 0.126389 12 0.004539 0.197266 0.58125 0.042969 0.079167 4 0.002663 0.016406 0.915972 0.032813 0.145833 10 0.002602 0.007422 0.925694 0.014844 0.148611 1 0.002531 0.345703 0.613194 0.017969 0.0375 1 0.00202 0.230469 0.816667 0.032813 0.077778 1 0.001536 0.229297 0.797222 0.033594 0.063889 12 0.001467 0.015234 0.870833 0.030469 0.258333 10 0.001421 0.007812 0.504167 0.015625 0.294444 10 0.001389 0.016406 0.85625 0.032813 0.2875 5 0.001285 0.899219 0.690972 0.048438 0.101389 1 0.001156 0.400391 0.617361 0.019531 0.031944 1 0.00097 0.385937 0.904861 0.029687 0.068056 12 0.000955 0.955859 0.822917 0.088281 0.345833 8 0.000933 0.992578 0.803472 0.014844 0.148611 10 0.000911 0.0125 0.915972 0.025 0.168056 10 0.000856 0.870313 0.350694 0.25625 0.5625 3 0.000823 0.197656 0.582639 0.04375 0.084722 1 0.000817 0.209375 0.8125 0.029687 0.066667 12 0.000817 0.053125 0.997222 0.10625 0.005556 4 0.000811 0.575391 0.60625 0.047656 0.070833 2 0.000735 0.242969 0.621528 0.021875 0.048611 10 0.000718 0.95 0.818056 0.098437 0.358333 11 0.000715 0.244531 0.523611 0.057813 0.172222 6 0.000682 0.010156 0.914583 0.020313 0.170833 10 0.000596 0.009375 0.73125 0.01875 0.281944 1 0.000579 0.089453 0.732639 0.027344 0.051389 3 0.000551 0.243359 0.61875 0.022656 0.051389 1 0.000548 0.347266 0.609028 0.024219 0.048611 3 0.000519 0.376953 0.3875 0.046094 0.061111
CCTV10^20251112-220000-20251112-225959_006502,1 0.67041 0.466797 0.749306 0.028906 0.043056 1 0.186523 0.228516 0.805556 0.022656 0.052778 1 0.157104 0.110937 0.703472 0.017188 0.040278 12 0.107056 0.888672 0.689583 0.074219 0.106944 1 0.079224 0.253906 0.803472 0.03125 0.059722 9 0.063049 0.629297 0.656944 0.055469 0.080556 4 0.046021 0.632031 0.659722 0.048438 0.072222 11 0.040985 0.632031 0.659028 0.048438 0.068056 10 0.011688 0.892969 0.690278 0.0625 0.105556 1 0.010651 0.139453 0.648611 0.011719 0.025 2 0.003975 0.007031 0.939583 0.014063 0.120833 1 0.002935 0.345703 0.614583 0.016406 0.034722 10 0.002512 0.872656 0.350694 0.25 0.568056 10 0.002453 0.007422 0.928472 0.014844 0.143056 12 0.002115 0.523438 0.38125 0.098437 0.1625 1 0.001661 0.4625 0.754861 0.0375 0.0625 10 0.001531 0.016016 0.861111 0.032031 0.277778 4 0.001421 0.016406 0.915972 0.032813 0.140278 3 0.001346 0.377734 0.3875 0.046094 0.061111 11 0.001335 0.244531 0.51875 0.057813 0.154167 10 0.001265 0.012891 0.917361 0.025781 0.165278 1 0.001225 0.230859 0.813194 0.032031 0.073611 10 0.001143 0.008594 0.676389 0.017188 0.3 10 0.001 0.007812 0.502083 0.015625 0.290278 12 0.000993 0.014453 0.876389 0.028906 0.247222 1 0.000978 0.4 0.615972 0.020313 0.034722 12 0.000955 0.244531 0.533333 0.057813 0.180556 5 0.000876 0.892969 0.690278 0.0625 0.102778 3 0.000747 0.483984 0.505556 0.072656 0.111111 1 0.000727 0.235937 0.797222 0.04375 0.063889 0 0.000707 0.6375 0.69375 0.039062 0.068056 12 0.000704 0.663281 0.757639 0.096875 0.131944 2 0.000588 0.638281 0.733333 0.042188 0.083333 12 0.000584 0.635938 0.664583 0.06875 0.115278 1 0.000546 0.114844 0.697917 0.025 0.065278 2 0.000507 0.242969 0.620139 0.021875 0.051389
CCTV10^20251112-220000-20251112-225959_006503,1 0.2323 0.228516 0.802778 0.024219 0.061111 12 0.061646 0.888672 0.688194 0.074219 0.109722 1 0.05835 0.253516 0.803472 0.032031 0.059722 2 0.004452 0.007031 0.94375 0.014063 0.1125 1 0.004116 0.346094 0.615278 0.015625 0.036111 12 0.0028 0.9125 0.648611 0.04375 0.058333 10 0.002571 0.878516 0.247917 0.241406 0.495833 10 0.002323 0.007422 0.929861 0.014844 0.140278 10 0.002115 0.008984 0.676389 0.017969 0.3 3 0.001957 0.891016 0.688194 0.069531 0.1125 10 0.001912 0.016016 0.865278 0.032031 0.269444 12 0.001889 0.736328 0.759722 0.069531 0.116667 10 0.001649 0.830078 0.863194 0.271094 0.273611 1 0.001597 0.551953 0.677083 0.022656 0.0375 11 0.001399 0.738281 0.759028 0.0625 0.115278 10 0.001289 0.0125 0.915972 0.025 0.168056 12 0.001134 0.014844 0.879167 0.029687 0.241667 12 0.001024 0.863672 0.670833 0.132031 0.147222 4 0.000897 0.016406 0.91875 0.032813 0.151389 11 0.000701 0.908203 0.652083 0.055469 0.076389 10 0.000667 0.61875 0.570833 0.096875 0.180556 9 0.000661 0.735938 0.755556 0.076563 0.119444 11 0.000588 0.245703 0.522222 0.052344 0.166667 10 0.000573 0.740625 0.754167 0.057813 0.119444 1 0.000555 0.398828 0.614583 0.022656 0.034722 1 0.000521 0.385937 0.904861 0.029687 0.068056 4 0.000513 0.242578 0.619444 0.022656 0.052778
CCTV10^20251112-220000-20251112-225959_006504,1 0.24939 0.228125 0.807639 0.023438 0.054167 1 0.047791 0.253125 0.803472 0.03125 0.056944 12 0.007812 0.885547 0.688194 0.078906 0.109722 12 0.004608 0.959375 0.813889 0.08125 0.325 1 0.003914 0.345703 0.614583 0.016406 0.034722 10 0.003429 0.008984 0.647917 0.017969 0.273611 12 0.003325 0.523438 0.38125 0.107813 0.1625 2 0.003124 0.007031 0.94375 0.014063 0.1125 1 0.002714 0.626172 0.695139 0.021094 0.048611 10 0.002415 0.007422 0.929861 0.014844 0.140278 7 0.002192 0.955469 0.719444 0.089063 0.141667 10 0.001846 0.016016 0.863194 0.032031 0.273611 10 0.00181 0.0125 0.920833 0.025 0.158333 11 0.001579 0.885547 0.686806 0.078906 0.106944 4 0.001416 0.016016 0.907639 0.032031 0.123611 4 0.00141 0.958203 0.711806 0.083594 0.123611 2 0.001341 0.198047 0.586111 0.035156 0.080556 8 0.001184 0.944531 0.804861 0.109375 0.329167 8 0.001099 0.990625 0.78125 0.01875 0.204167 8 0.001069 0.957422 0.784028 0.083594 0.234722 10 0.001048 0.895703 0.688889 0.055469 0.102778 1 0.00104 0.223828 0.822222 0.028906 0.080556 12 0.001017 0.014453 0.876389 0.028906 0.247222 11 0.000989 0.887109 0.831944 0.225781 0.327778 1 0.000926 0.4 0.616667 0.020313 0.033333 10 0.000849 0.009375 0.728472 0.01875 0.284722 10 0.000843 0.879687 0.245139 0.239063 0.490278 4 0.000744 0.957031 0.767361 0.085938 0.218056 1 0.000661 0.346484 0.597917 0.028906 0.073611 10 0.000651 0.008203 0.434028 0.016406 0.251389 12 0.000646 0.916797 0.816667 0.164844 0.344444 11 0.000575 0.244531 0.521528 0.05625 0.165278 1 0.000564 0.214062 0.8125 0.035937 0.069444 3 0.000519 0.43125 0.559722 0.040625 0.083333 1 0.000511 0.346484 0.609722 0.024219 0.047222 1 0.000504 0.2375 0.797917 0.046875 0.065278
CCTV10^20251112-220000-20251112-225959_006505,1 0.151001 0.228125 0.808333 0.023438 0.052778 1 0.055817 0.253516 0.804861 0.030469 0.056944 12 0.033081 0.889062 0.688194 0.071875 0.106944 8 0.025177 0.971094 0.773611 0.057813 0.147222 12 0.017914 0.900391 0.811111 0.199219 0.358333 11 0.009163 0.966016 0.643056 0.067969 0.177778 11 0.00885 0.888672 0.83125 0.221094 0.326389 3 0.003885 0.889062 0.6875 0.071875 0.108333 10 0.002958 0.008984 0.647222 0.017969 0.269444 1 0.002913 0.229297 0.815972 0.030469 0.073611 2 0.001987 0.883984 0.688194 0.078906 0.104167 12 0.001972 0.573438 0.572222 0.079687 0.141667 9 0.001949 0.888672 0.6875 0.074219 0.108333 10 0.001755 0.881641 0.240278 0.235156 0.480556 11 0.0017 0.962891 0.815972 0.074219 0.340278 1 0.001574 0.345703 0.614583 0.016406 0.034722 10 0.001507 0.016016 0.865972 0.032031 0.268056 2 0.00145 0.385156 0.409028 0.0625 0.104167 2 0.001399 0.00625 0.938194 0.0125 0.123611 12 0.001325 0.014844 0.876389 0.029687 0.247222 10 0.001274 0.007812 0.502083 0.015625 0.290278 10 0.001197 0.570312 0.566667 0.085938 0.163889 12 0.001184 0.694531 0.676389 0.128125 0.258333 10 0.001099 0.013672 0.920139 0.027344 0.159722 4 0.00106 0.016406 0.913194 0.032813 0.1375 10 0.00106 0.007031 0.922917 0.014063 0.154167 2 0.001032 0.242969 0.621528 0.021875 0.051389 3 0.000773 0.242969 0.616667 0.023438 0.052778 10 0.000707 0.523438 0.552778 0.201563 0.244444 1 0.000621 0.385937 0.904167 0.029687 0.069444 8 0.000562 0.937891 0.671528 0.063281 0.123611 1 0.000548 0.215625 0.8125 0.039062 0.072222 12 0.000548 0.880859 0.291667 0.236719 0.3
CCTV10^20251112-220000-20251112-225959_006506,12 0.395996 0.890234 0.689583 0.072656 0.106944 1 0.269043 0.230469 0.80625 0.025 0.054167 12 0.047943 0.957422 0.819444 0.083594 0.325 1 0.021866 0.250781 0.804861 0.034375 0.059722 10 0.0121 0.715234 0.652778 0.069531 0.141667 11 0.010208 0.890234 0.838194 0.219531 0.3125 1 0.007122 0.233594 0.8125 0.034375 0.069444 12 0.00425 0.901563 0.836806 0.196875 0.320833 12 0.002823 0.519531 0.381944 0.115625 0.166667 1 0.002653 0.346094 0.614583 0.015625 0.034722 3 0.002182 0.494141 0.636806 0.021094 0.040278 10 0.00214 0.016016 0.866667 0.032031 0.266667 10 0.001912 0.008984 0.65 0.017969 0.280556 2 0.001846 0.381641 0.416667 0.069531 0.119444 10 0.001818 0.006641 0.943056 0.013281 0.113889 10 0.001675 0.772266 0.725 0.194531 0.294444 5 0.001495 0.892969 0.690278 0.060937 0.1 4 0.001416 0.016797 0.909722 0.033594 0.133333 12 0.001325 0.671484 0.495139 0.030469 0.065278 10 0.001294 0.010547 0.921528 0.021094 0.156944 2 0.001216 0.344531 0.581944 0.034375 0.102778 12 0.001143 0.014844 0.877778 0.029687 0.244444 12 0.001 0.864844 0.686806 0.125 0.115278 10 0.000951 0.008203 0.504167 0.016406 0.291667 2 0.000947 0.810156 0.492361 0.025 0.043056 1 0.000944 0.344922 0.586806 0.033594 0.098611 5 0.00089 0.383594 0.417361 0.073438 0.120833 1 0.000672 0.386328 0.905556 0.028906 0.066667 3 0.000631 0.242969 0.61875 0.021875 0.051389 1 0.000568 0.223438 0.823611 0.03125 0.086111 2 0.000559 0.379297 0.394444 0.060156 0.075 11 0.000546 0.988281 0.730556 0.021875 0.15 11 0.000536 0.246094 0.522222 0.053125 0.166667 11 0.000527 0.015625 0.904167 0.03125 0.127778 10 0.000525 0.919531 0.768056 0.160938 0.244444 1 0.000517 0.399609 0.617361 0.019531 0.031944
CCTV10^20251112-220000-20251112-225959_006507,1 0.295898 0.228125 0.804167 0.025 0.061111 12 0.294189 0.891406 0.691667 0.070312 0.111111 11 0.221313 0.831641 0.756944 0.100781 0.172222 1 0.150513 0.253125 0.802778 0.029687 0.058333 12 0.078918 0.833203 0.757639 0.099219 0.184722 10 0.01133 0.893359 0.691667 0.060156 0.105556 10 0.010612 0.916797 0.866667 0.164844 0.255556 12 0.005844 0.518359 0.386111 0.119531 0.180556 10 0.003483 0.833203 0.751389 0.102344 0.163889 5 0.002415 0.895703 0.691667 0.057031 0.102778 5 0.002182 0.388281 0.417361 0.079687 0.118056 2 0.002108 0.007031 0.933333 0.014063 0.133333 2 0.001949 0.741797 0.835417 0.085156 0.140278 10 0.001748 0.889062 0.821528 0.215625 0.265278 4 0.001661 0.016797 0.914583 0.033594 0.143056 10 0.001315 0.016406 0.872222 0.032813 0.255556 12 0.001285 0.919141 0.895833 0.161719 0.208333 10 0.001255 0.014453 0.919444 0.028906 0.161111 10 0.001216 0.007812 0.920139 0.015625 0.159722 1 0.001197 0.346094 0.614583 0.015625 0.034722 1 0.001143 0.224219 0.820833 0.029687 0.083333 10 0.001057 0.751172 0.752083 0.136719 0.215278 3 0.000993 0.242969 0.618056 0.023438 0.05 12 0.000981 0.015234 0.879861 0.030469 0.240278 4 0.000974 0.242969 0.620139 0.023438 0.051389 1 0.000962 0.217188 0.803472 0.04375 0.073611 12 0.000937 0.052734 0.997222 0.105469 0.005556 11 0.000933 0.889844 0.9125 0.21875 0.175 2 0.000849 0.728516 0.486806 0.033594 0.079167 11 0.000817 0.244922 0.524306 0.057031 0.170833 1 0.000762 0.385937 0.904167 0.029687 0.069444 12 0.000735 0.855859 0.689583 0.142969 0.120833 2 0.000602 0.344922 0.584028 0.033594 0.098611
CCTV10^20251112-220000-20251112-225959_006508,1 0.191284 0.228125 0.808333 0.025 0.055556 1 0.189575 0.253125 0.803472 0.03125 0.056944 12 0.108582 0.889844 0.691667 0.067187 0.105556 2 0.006363 0.007031 0.944444 0.014063 0.111111 10 0.003839 0.008984 0.651389 0.017969 0.280556 12 0.003063 0.522656 0.386806 0.125 0.170833 1 0.002714 0.560937 0.905556 0.034375 0.075 1 0.001883 0.225 0.820833 0.028125 0.077778 10 0.001883 0.007422 0.929167 0.014844 0.141667 5 0.001796 0.900781 0.691667 0.045312 0.1 4 0.001687 0.016406 0.913889 0.032813 0.136111 10 0.001455 0.012891 0.920139 0.025781 0.159722 11 0.001346 0.725781 0.583333 0.028125 0.063889 10 0.001305 0.016016 0.867361 0.032031 0.265278 10 0.00109 0.007812 0.501389 0.015625 0.286111 12 0.00109 0.014453 0.881944 0.028906 0.236111 10 0.001017 0.009375 0.728472 0.01875 0.2875 1 0.000869 0.345703 0.614583 0.016406 0.034722 2 0.000693 0.010156 0.925694 0.020313 0.148611 1 0.000566 0.385937 0.904167 0.029687 0.069444 3 0.000525 0.377734 0.396528 0.055469 0.081944 12 0.000515 0.053125 0.997222 0.10625 0.005556 11 0.000505 0.015234 0.906944 0.030469 0.127778
CCTV10^20251112-220000-20251112-225959_006509,2 0.651367 0.111719 0.745833 0.028125 0.055556 3 0.341553 0.422656 0.686111 0.042188 0.058333 1 0.2323 0.228125 0.809028 0.025 0.054167 1 0.151978 0.253516 0.802778 0.028906 0.058333 12 0.073669 0.892578 0.691667 0.064844 0.102778 1 0.023239 0.992969 0.753472 0.014063 0.051389 3 0.01133 0.698438 0.615972 0.034375 0.045833 5 0.010902 0.421484 0.683333 0.052344 0.069444 10 0.009895 0.902734 0.690972 0.041406 0.101389 10 0.005775 0.958984 0.739583 0.080469 0.159722 10 0.005161 0.008594 0.648611 0.017188 0.277778 10 0.004665 0.592578 0.613889 0.053906 0.105556 5 0.004005 0.901953 0.691667 0.042969 0.097222 10 0.001789 0.015234 0.860417 0.030469 0.279167 4 0.001661 0.016406 0.908333 0.032813 0.125 10 0.001197 0.008984 0.728472 0.017969 0.284722 2 0.001143 0.00625 0.935417 0.0125 0.129167 12 0.001081 0.014063 0.875694 0.028125 0.248611 1 0.001057 0.99375 0.775 0.0125 0.091667 10 0.001017 0.013672 0.919444 0.027344 0.158333 3 0.000863 0.381641 0.395139 0.060156 0.076389 10 0.000863 0.007031 0.921528 0.014063 0.156944 1 0.000849 0.400781 0.620833 0.017188 0.033333 10 0.000843 0.007422 0.502083 0.014844 0.276389 1 0.00082 0.217969 0.805556 0.042188 0.069444 12 0.000813 0.701562 0.721528 0.057813 0.140278 3 0.00068 0.389062 0.415972 0.082812 0.118056 3 0.000636 0.242578 0.618056 0.022656 0.052778 1 0.000562 0.385937 0.903472 0.029687 0.070833
CCTV10^20251112-220000-20251112-225959_006510,2 0.407227 0.147656 0.919444 0.046875 0.086111 1 0.315674 0.253906 0.803472 0.028125 0.056944 12 0.256836 0.148438 0.917361 0.045312 0.084722 1 0.202393 0.228125 0.808333 0.025 0.055556 10 0.095337 0.901563 0.690972 0.04375 0.101389 11 0.063721 0.741797 0.766667 0.180469 0.336111 10 0.016342 0.889844 0.689583 0.076563 0.1125 12 0.009163 0.896094 0.690972 0.057813 0.101389 2 0.007149 0.373047 0.597917 0.021094 0.034722 2 0.006771 0.007031 0.944444 0.014063 0.108333 1 0.006489 0.148438 0.918056 0.045312 0.086111 10 0.006439 0.7375 0.790278 0.196875 0.363889 10 0.00526 0.814844 0.722917 0.13125 0.1375 9 0.004868 0.678516 0.696528 0.069531 0.151389 11 0.004364 0.811328 0.721528 0.132031 0.1375 10 0.00423 0.802734 0.828472 0.291406 0.343056 1 0.003824 0.686719 0.569444 0.01875 0.030556 4 0.003325 0.016406 0.909028 0.032813 0.123611 2 0.00326 0.345703 0.615278 0.016406 0.033333 12 0.003197 0.873828 0.686111 0.107031 0.125 3 0.002611 0.683984 0.618056 0.033594 0.047222 11 0.002306 0.677734 0.693056 0.080469 0.158333 10 0.002068 0.954688 0.774306 0.090625 0.243056 9 0.001623 0.891016 0.693056 0.074219 0.111111 3 0.001427 0.385937 0.413194 0.076563 0.1125 2 0.001394 0.010547 0.925694 0.021094 0.148611 11 0.001372 0.845313 0.933333 0.309375 0.133333 3 0.001356 0.378516 0.394444 0.053906 0.075 12 0.001335 0.745313 0.738889 0.176563 0.225 10 0.001124 0.011719 0.889583 0.023438 0.220833 12 0.001107 0.681641 0.696528 0.060156 0.143056 1 0.00106 0.224609 0.824306 0.028906 0.081944 10 0.001028 0.007422 0.927778 0.014844 0.144444 9 0.000985 0.954688 0.771528 0.090625 0.234722 11 0.000955 0.910547 0.739583 0.117969 0.140278 1 0.0009 0.385937 0.903472 0.03125 0.070833 10 0.0009 0.929297 0.753472 0.117969 0.173611 10 0.000859 0.748047 0.747222 0.189844 0.2 10 0.000767 0.008984 0.654167 0.017969 0.286111 10 0.000696 0.876172 0.272917 0.246094 0.498611 12 0.000688 0.842187 0.909028 0.315625 0.181944 11 0.000636 0.860938 0.724306 0.154688 0.140278 12 0.000597 0.014063 0.88125 0.028125 0.2375 9 0.000584 0.861328 0.913194 0.099219 0.170833 12 0.000544 0.805859 0.830556 0.300781 0.338889 1 0.000524 0.212891 0.813194 0.036719 0.073611 10 0.000524 0.988281 0.822917 0.023438 0.301389
CCTV10^20251112-220000-20251112-225959_006511,3 0.535156 0.1375 0.870139 0.051562 0.076389 0 0.281494 0.087109 0.753472 0.028906 0.065278 12 0.169922 0.889453 0.690972 0.067969 0.101389 1 0.157104 0.253516 0.804167 0.032031 0.061111 1 0.153564 0.228516 0.807639 0.024219 0.054167 9 0.00729 0.771875 0.699306 0.039062 0.056944 10 0.005821 0.820703 0.754167 0.147656 0.208333 2 0.003248 0.007031 0.938194 0.014063 0.123611 3 0.003172 0.762891 0.688889 0.032031 0.041667 10 0.002174 0.008594 0.649306 0.017188 0.281944 1 0.002035 0.233594 0.815278 0.039062 0.077778 12 0.001957 0.8625 0.689583 0.125 0.109722 1 0.001727 0.346094 0.615278 0.015625 0.033333 12 0.001661 0.014844 0.877778 0.029687 0.244444 10 0.001536 0.007422 0.924306 0.014844 0.151389 10 0.001346 0.014453 0.917361 0.028906 0.165278 1 0.001188 0.345313 0.586111 0.032813 0.094444 10 0.001143 0.015625 0.861806 0.03125 0.276389 5 0.001107 0.901563 0.690972 0.04375 0.098611 1 0.001024 0.385937 0.903472 0.029687 0.070833 2 0.001017 0.344922 0.585417 0.035156 0.095833 10 0.000915 0.864453 0.24375 0.271094 0.406944 10 0.000866 0.989062 0.735417 0.021875 0.201389 4 0.000836 0.016797 0.908333 0.030469 0.113889 3 0.000823 0.242969 0.61875 0.023438 0.051389 3 0.000811 0.385937 0.413889 0.076563 0.111111 4 0.000785 0.010547 0.1 0.021094 0.2 2 0.000767 0.199219 0.58125 0.035937 0.079167 12 0.000688 0.90625 0.89375 0.1875 0.2125 3 0.000661 0.373828 0.390972 0.044531 0.068056 0 0.000646 0.016016 0.914583 0.032031 0.134722 1 0.000593 0.244922 0.81875 0.050781 0.093056 2 0.000532 0.932031 0.681944 0.035937 0.077778 1 0.000524 0.6875 0.569444 0.01875 0.030556 11 0.000515 0.771875 0.701389 0.042188 0.061111
CCTV10^20251112-220000-20251112-225959_006512,1 0.482422 0.124609 0.825 0.022656 0.052778 1 0.395996 0.228906 0.805556 0.025 0.052778 1 0.223999 0.253906 0.803472 0.029687 0.056944 12 0.084473 0.894922 0.690972 0.060156 0.106944 1 0.027588 0.119922 0.810417 0.038281 0.084722 2 0.027267 0.116797 0.792361 0.042969 0.098611 10 0.010132 0.903125 0.690972 0.040625 0.104167 2 0.006027 0.007031 0.94375 0.014063 0.1125 1 0.00387 0.127344 0.822222 0.040625 0.072222 11 0.003075 0.988281 0.875694 0.023438 0.248611 2 0.002398 0.375 0.389583 0.045312 0.0625 12 0.002199 0.987109 0.876389 0.025781 0.247222 11 0.001942 0.649219 0.729861 0.1 0.148611 3 0.001741 0.374609 0.39375 0.047656 0.070833 12 0.001525 0.992969 0.913889 0.014063 0.172222 1 0.001478 0.222656 0.820139 0.029687 0.079167 12 0.001455 0.988672 0.921528 0.021094 0.156944 10 0.001399 0.008594 0.648611 0.017188 0.277778 10 0.001335 0.850781 0.277778 0.298438 0.469444 4 0.001285 0.016406 0.916667 0.032813 0.138889 4 0.001134 0.242578 0.621528 0.022656 0.048611 10 0.001124 0.015625 0.85625 0.03125 0.2875 1 0.001048 0.345313 0.614583 0.017188 0.034722 10 0.001024 0.014844 0.918056 0.029687 0.163889 2 0.000955 0.010937 0.923611 0.021875 0.152778 12 0.000876 0.014453 0.875694 0.028906 0.248611 2 0.000869 0.345703 0.592361 0.030469 0.081944 10 0.000849 0.007422 0.925 0.014844 0.15 10 0.000843 0.874609 0.404861 0.247656 0.548611 12 0.000817 0.991797 0.961111 0.016406 0.077778 1 0.000785 0.233984 0.799306 0.042969 0.068056 2 0.000693 0.242969 0.621528 0.021875 0.048611 1 0.000546 0.213281 0.809722 0.034375 0.066667 4 0.00054 0.010547 0.101389 0.021094 0.202778 3 0.000517 0.242578 0.618056 0.022656 0.05
CCTV10^20251112-220000-20251112-225959_006513,1 0.26123 0.226172 0.797222 0.027344 0.058333 1 0.155029 0.253125 0.803472 0.029687 0.059722 12 0.07782 0.889453 0.690972 0.071094 0.106944 12 0.023148 0.673828 0.668056 0.078906 0.108333 1 0.018982 0.221484 0.797222 0.042969 0.075 10 0.018188 0.902734 0.691667 0.041406 0.102778 2 0.016464 0.149219 0.669444 0.025 0.058333 9 0.004665 0.673047 0.66875 0.085156 0.1125 1 0.003111 0.209766 0.807639 0.027344 0.070833 10 0.002672 0.794922 0.775694 0.252344 0.254167 5 0.00202 0.901563 0.691667 0.04375 0.102778 10 0.0017 0.008984 0.647917 0.017969 0.273611 3 0.001687 0.242578 0.61875 0.022656 0.051389 10 0.001585 0.014063 0.920139 0.028125 0.159722 2 0.001315 0.006641 0.929861 0.013281 0.140278 10 0.001265 0.007422 0.91875 0.014844 0.1625 1 0.001169 0.346094 0.614583 0.015625 0.034722 10 0.001156 0.016016 0.863194 0.032031 0.273611 4 0.001065 0.016406 0.913889 0.032813 0.136111 12 0.000985 0.014844 0.877778 0.029687 0.244444 2 0.000962 0.242969 0.620139 0.021875 0.051389 4 0.000955 0.242969 0.620139 0.023438 0.051389 1 0.000789 0.385937 0.903472 0.029687 0.070833 2 0.000644 0.346094 0.591667 0.029687 0.083333 10 0.000617 0.848437 0.291667 0.303125 0.441667
CCTV10^20251112-220000-20251112-225959_006514,12 0.140381 0.889844 0.690278 0.067187 0.105556 10 0.074768 0.877734 0.841667 0.244531 0.311111 1 0.049408 0.237891 0.790972 0.028906 0.059722 10 0.027069 0.902734 0.691667 0.041406 0.102778 12 0.01445 0.889453 0.934722 0.221094 0.127778 12 0.003483 0.902344 0.89375 0.195312 0.2125 1 0.003124 0.850781 0.784722 0.020313 0.044444 11 0.003004 0.886719 0.932639 0.226562 0.134722 5 0.00215 0.901563 0.690972 0.04375 0.101389 10 0.00205 0.007422 0.920833 0.014844 0.158333 10 0.001861 0.008984 0.65 0.017969 0.280556 10 0.001831 0.016016 0.860417 0.032031 0.279167 11 0.001782 0.874609 0.84375 0.250781 0.304167 4 0.001335 0.016016 0.909722 0.032031 0.133333 12 0.001174 0.014453 0.875 0.028906 0.25 10 0.001169 0.008203 0.502778 0.016406 0.294444 1 0.001116 0.232813 0.777083 0.034375 0.093056 1 0.001032 0.346094 0.614583 0.015625 0.034722 1 0.000876 0.385937 0.904167 0.029687 0.069444 10 0.000873 0.013281 0.915278 0.026562 0.169444 12 0.000755 0.052344 0.997222 0.104688 0.005556 10 0.000534 0.841406 0.790278 0.18125 0.2
CCTV10^20251112-220000-20251112-225959_006515,1 0.422607 0.209375 0.7125 0.025 0.075 12 0.088806 0.890234 0.690278 0.069531 0.105556 1 0.011551 0.211719 0.711806 0.039062 0.0875 5 0.008881 0.902734 0.690278 0.041406 0.102778 10 0.00518 0.008984 0.647917 0.017969 0.276389 2 0.003088 0.006641 0.934028 0.013281 0.131944 10 0.00214 0.007422 0.922917 0.014844 0.154167 4 0.00202 0.016406 0.913889 0.032813 0.136111 3 0.001661 0.380859 0.39375 0.060156 0.070833 10 0.001432 0.016406 0.859028 0.032813 0.281944 10 0.001421 0.013672 0.920139 0.027344 0.159722 12 0.001274 0.015234 0.875694 0.030469 0.248611 11 0.001143 0.248047 0.522222 0.049219 0.161111 2 0.001032 0.380078 0.400694 0.063281 0.081944 1 0.00097 0.346094 0.615278 0.015625 0.036111 10 0.000911 0.007812 0.502778 0.015625 0.291667 12 0.000588 0.052344 0.997222 0.104688 0.005556 1 0.000559 0.385937 0.905556 0.029687 0.066667 1 0.000524 0.399219 0.615278 0.020313 0.033333
CCTV10^20251112-220000-20251112-225959_006516,12 0.074524 0.890625 0.690972 0.06875 0.106944 10 0.011551 0.903906 0.690972 0.042188 0.104167 11 0.008545 0.548828 0.576389 0.042969 0.080556 1 0.00634 0.219141 0.655556 0.019531 0.047222 10 0.003538 0.646094 0.579167 0.076563 0.069444 10 0.001897 0.550391 0.577778 0.044531 0.091667 10 0.001687 0.007422 0.917361 0.014844 0.165278 10 0.001265 0.016016 0.863194 0.032031 0.273611 12 0.001265 0.014844 0.880556 0.029687 0.238889 9 0.001216 0.689844 0.699306 0.095312 0.109722 10 0.001107 0.008594 0.651389 0.017188 0.280556 12 0.000773 0.051562 0.997222 0.103125 0.005556 1 0.000738 0.346094 0.615278 0.015625 0.033333 1 0.000699 0.385937 0.904861 0.029687 0.068056 5 0.000693 0.902344 0.691667 0.04375 0.102778 4 0.000682 0.016797 0.919444 0.033594 0.155556 4 0.000638 0.010156 0.1 0.020313 0.2 10 0.000609 0.015625 0.916667 0.03125 0.147222
CCTV10^20251112-220000-20251112-225959_006517,11 0.519531 0.594922 0.623611 0.046094 0.077778 10 0.061188 0.747266 0.6625 0.092969 0.102778 10 0.056854 0.903906 0.690972 0.039062 0.101389 12 0.039795 0.901563 0.691667 0.046875 0.102778 10 0.001883 0.764062 0.724306 0.129688 0.234722 2 0.001687 0.242969 0.619444 0.021875 0.05 10 0.001549 0.007031 0.921528 0.014063 0.156944 1 0.001116 0.526563 0.94375 0.032813 0.081944 4 0.000985 0.243359 0.617361 0.022656 0.051389 10 0.000869 0.016016 0.868056 0.032031 0.263889 10 0.000721 0.013672 0.915278 0.027344 0.169444 1 0.000715 0.385937 0.908333 0.029687 0.069444 12 0.000693 0.014453 0.879861 0.028906 0.240278 12 0.000651 0.051953 0.997222 0.103906 0.005556 10 0.000624 0.008594 0.650694 0.017188 0.276389 12 0.000621 0.857812 0.691667 0.139063 0.119444 4 0.000597 0.016406 0.917361 0.032813 0.148611 2 0.000504 0.346094 0.593056 0.029687 0.080556
CCTV10^20251112-220000-20251112-225959_006518,11 0.753418 0.446484 0.792361 0.096094 0.134722 11 0.59082 0.675781 0.7 0.095312 0.127778 9 0.562012 0.675781 0.694444 0.090625 0.127778 10 0.194946 0.944922 0.886111 0.110156 0.227778 9 0.161377 0.944922 0.885417 0.110156 0.229167 10 0.078918 0.450391 0.795833 0.105469 0.144444 12 0.017441 0.902734 0.690278 0.044531 0.105556 10 0.016846 0.675391 0.699306 0.094531 0.126389 10 0.010735 0.903906 0.690972 0.040625 0.101389 4 0.002512 0.016016 0.906944 0.032031 0.125 10 0.00227 0.647656 0.728472 0.148438 0.206944 2 0.002157 0.007031 0.934028 0.014063 0.131944 1 0.001755 0.748828 0.754167 0.032031 0.063889 10 0.001597 0.873828 0.239583 0.247656 0.479167 1 0.001536 0.685547 0.56875 0.021094 0.034722 10 0.001536 0.007422 0.920833 0.014844 0.158333 11 0.00149 0.658984 0.761806 0.139844 0.145833 10 0.001421 0.015625 0.86875 0.03125 0.2625 1 0.001184 0.346094 0.614583 0.017188 0.034722 10 0.001179 0.008594 0.651389 0.017188 0.277778 3 0.001112 0.638672 0.754167 0.060156 0.091667 10 0.001078 0.66875 0.764583 0.15625 0.176389 12 0.000955 0.051953 0.997222 0.103906 0.005556 10 0.000944 0.8 0.784722 0.254688 0.319444 1 0.00088 0.385937 0.904861 0.029687 0.068056 3 0.000804 0.242578 0.620139 0.022656 0.051389 12 0.000804 0.014063 0.88125 0.028125 0.2375 12 0.000767 0.80625 0.858333 0.235937 0.283333 12 0.00075 0.677344 0.771528 0.182812 0.190278 1 0.000582 0.683594 0.559722 0.025 0.044444 11 0.000515 0.703516 0.739583 0.055469 0.090278 11 0.000504 0.641016 0.753472 0.052344 0.081944
CCTV10^20251112-220000-20251112-225959_006519,11 0.136597 0.372656 0.711111 0.073438 0.147222 10 0.087891 0.850781 0.886806 0.203125 0.226389 11 0.062317 0.905078 0.909722 0.113281 0.169444 12 0.033844 0.894922 0.690972 0.060156 0.106944 10 0.019196 0.903906 0.691667 0.042188 0.105556 10 0.018158 0.377734 0.7125 0.082031 0.144444 9 0.007786 0.372266 0.701389 0.071094 0.125 10 0.002714 0.007031 0.936111 0.014063 0.127778 5 0.002663 0.902734 0.692361 0.044531 0.104167 3 0.002415 0.812891 0.948611 0.103906 0.094444 2 0.002199 0.808984 0.943056 0.113281 0.113889 10 0.001995 0.010547 0.920833 0.021094 0.158333 12 0.001965 0.385937 0.759722 0.039062 0.072222 1 0.001839 0.807813 0.904861 0.115625 0.1625 4 0.001741 0.901563 0.899306 0.109375 0.165278 1 0.001467 0.385547 0.904861 0.030469 0.068056 10 0.001378 0.016016 0.867361 0.032031 0.265278 4 0.001044 0.016406 0.906944 0.032813 0.122222 2 0.000846 0.810937 0.492361 0.03125 0.056944 10 0.000843 0.876172 0.231944 0.246094 0.463889 12 0.000785 0.014453 0.879167 0.028906 0.241667 10 0.000738 0.008203 0.503472 0.016406 0.290278 12 0.000718 0.051562 0.997222 0.103125 0.005556 10 0.000715 0.791797 0.897222 0.228906 0.202778 12 0.000651 0.383984 0.770833 0.055469 0.094444 11 0.000648 0.015625 0.904167 0.03125 0.122222 10 0.000579 0.008594 0.674306 0.017188 0.298611 11 0.000548 0.377734 0.773611 0.069531 0.102778
CCTV10^20251112-220000-20251112-225959_006520,12 0.041931 0.892578 0.690972 0.064844 0.106944 2 0.029877 0.155469 0.684722 0.029687 0.080556 12 0.020248 0.332031 0.640972 0.05625 0.098611 4 0.014008 0.333203 0.640972 0.060156 0.098611 10 0.009483 0.903906 0.691667 0.042188 0.105556 11 0.007317 0.332031 0.639583 0.057813 0.095833 7 0.007259 0.333203 0.640972 0.060156 0.098611 2 0.002287 0.006641 0.936111 0.013281 0.127778 4 0.002165 0.016406 0.915278 0.032813 0.15 2 0.00215 0.330078 0.597917 0.052344 0.134722 10 0.002068 0.007422 0.921528 0.014844 0.156944 10 0.001755 0.012891 0.917361 0.025781 0.165278 12 0.001235 0.014844 0.879861 0.029687 0.240278 10 0.00123 0.016016 0.86875 0.032031 0.2625 1 0.001032 0.3375 0.701389 0.034375 0.088889 10 0.00089 0.008984 0.676389 0.017969 0.3 12 0.000869 0.523438 0.384722 0.125 0.175 12 0.000856 0.052734 0.997222 0.105469 0.005556 5 0.000849 0.902734 0.692361 0.044531 0.104167 11 0.000839 0.872656 0.690972 0.109375 0.115278 10 0.00083 0.007812 0.501389 0.015625 0.288889 1 0.000792 0.153906 0.692361 0.026562 0.0875 1 0.000685 0.385937 0.904861 0.029687 0.068056 10 0.000664 0.878516 0.236111 0.242969 0.472222 11 0.000524 0.333984 0.7 0.041406 0.088889
CCTV10^20251112-220000-20251112-225959_006521,2 0.713867 0.144922 0.903472 0.047656 0.084722 3 0.169922 0.70625 0.613194 0.057813 0.070833 12 0.127197 0.889844 0.690278 0.071875 0.105556 2 0.003016 0.900391 0.690972 0.049219 0.101389 10 0.002779 0.624219 0.670139 0.145313 0.226389 1 0.002234 0.347266 0.613194 0.013281 0.034722 12 0.001839 0.838281 0.6875 0.182812 0.130556 0 0.001824 0.373437 0.3875 0.0375 0.058333 3 0.001714 0.478906 0.5125 0.045312 0.086111 1 0.001574 0.399609 0.616667 0.022656 0.036111 12 0.001561 0.014844 0.878472 0.029687 0.243056 10 0.001455 0.007812 0.917361 0.015625 0.165278 2 0.001341 0.342578 0.589583 0.022656 0.090278 2 0.00132 0.344531 0.606944 0.01875 0.047222 10 0.001315 0.016016 0.864583 0.032031 0.270833 5 0.001124 0.903516 0.690972 0.042969 0.101389 2 0.00109 0.006641 0.922917 0.013281 0.154167 4 0.001065 0.016797 0.915972 0.033594 0.145833 10 0.00097 0.008984 0.65 0.017969 0.277778 11 0.000911 0.834766 0.689583 0.189844 0.148611 10 0.000883 0.835938 0.689583 0.192188 0.154167 2 0.000836 0.373828 0.391667 0.038281 0.063889 10 0.000817 0.007812 0.502083 0.015625 0.281944 1 0.000804 0.385937 0.904861 0.029687 0.068056 2 0.000767 0.242969 0.620139 0.021875 0.051389 4 0.000588 0.242578 0.61875 0.022656 0.051389 10 0.00054 0.876172 0.235417 0.246094 0.470833 9 0.000532 0.620703 0.663889 0.153906 0.247222 11 0.000521 0.015625 0.907639 0.03125 0.134722 12 0.000509 0.052734 0.997222 0.105469 0.005556
CCTV10^20251112-220000-20251112-225959_006522,2 0.443604 0.097266 0.741667 0.032031 0.063889 10 0.030106 0.828906 0.773611 0.21875 0.277778 12 0.024887 0.884375 0.689583 0.08125 0.104167 8 0.022293 0.818359 0.901389 0.107031 0.180556 0 0.006538 0.097656 0.746528 0.032813 0.068056 1 0.003483 0.346094 0.613194 0.015625 0.034722 2 0.002855 0.007031 0.925 0.014063 0.15 10 0.002621 0.008984 0.645833 0.017969 0.266667 2 0.002378 0.34375 0.600694 0.021875 0.065278 2 0.002083 0.885547 0.688194 0.078906 0.104167 11 0.0017 0.869922 0.826389 0.260156 0.347222 10 0.001687 0.897656 0.688889 0.053125 0.102778 12 0.001668 0.823828 0.906944 0.122656 0.175 12 0.001597 0.015234 0.88125 0.030469 0.2375 10 0.001561 0.008594 0.916667 0.017188 0.166667 3 0.001315 0.478906 0.511111 0.04375 0.083333 10 0.001274 0.016406 0.870139 0.032813 0.259722 1 0.001197 0.385937 0.904861 0.029687 0.068056 4 0.001138 0.242969 0.620139 0.023438 0.051389 10 0.000918 0.007812 0.502778 0.015625 0.291667 1 0.000904 0.296484 0.626389 0.013281 0.033333 4 0.000876 0.016797 0.917361 0.033594 0.151389 1 0.000873 0.399219 0.615972 0.020313 0.034722 0 0.000773 0.296094 0.627083 0.014063 0.034722 11 0.000715 0.244922 0.525 0.057031 0.163889 0 0.000704 0.374219 0.384028 0.039062 0.056944 2 0.000584 0.373828 0.385417 0.039844 0.059722 5 0.000584 0.897266 0.689583 0.055469 0.098611 1 0.000579 0.345703 0.60625 0.022656 0.051389 2 0.00057 0.242969 0.620833 0.021875 0.05 8 0.000534 0.876172 0.836806 0.247656 0.326389 0 0.000524 0.149219 0.726389 0.01875 0.044444 12 0.000519 0.052344 0.997222 0.104688 0.005556 0 0.000504 0.833594 0.922222 0.125 0.15
CCTV10^20251112-220000-20251112-225959_006523,10 0.616211 0.948047 0.900694 0.103906 0.198611 0 0.183594 0.230859 0.903472 0.036719 0.081944 12 0.029877 0.901172 0.691667 0.047656 0.105556 12 0.013794 0.887891 0.691667 0.083594 0.113889 10 0.013535 0.903906 0.692361 0.042188 0.104167 1 0.009819 0.228516 0.9 0.035156 0.077778 10 0.0051 0.008984 0.665278 0.017969 0.272222 2 0.0028 0.007031 0.939583 0.014063 0.120833 2 0.00255 0.902734 0.69375 0.042969 0.101389 2 0.00198 0.810156 0.490278 0.028125 0.055556 10 0.001831 0.016016 0.865972 0.032031 0.268056 10 0.001661 0.007812 0.501389 0.015625 0.286111 10 0.001309 0.007422 0.923611 0.014844 0.152778 4 0.001269 0.016016 0.906944 0.032031 0.125 12 0.00126 0.014453 0.877778 0.028906 0.244444 1 0.001235 0.346094 0.614583 0.015625 0.034722 2 0.000962 0.344531 0.599306 0.023438 0.068056 1 0.000922 0.385937 0.905556 0.029687 0.066667 10 0.00083 0.013672 0.915972 0.027344 0.168056 0 0.000727 0.373828 0.386111 0.042969 0.058333 3 0.000657 0.242969 0.621528 0.021875 0.048611 12 0.000612 0.05625 0.999306 0.1125 0.001389 10 0.000597 0.251953 0.889583 0.097656 0.129167 1 0.000588 0.399219 0.616667 0.021875 0.033333 11 0.000586 0.630469 0.720833 0.115625 0.133333 4 0.000553 0.242188 0.620139 0.021875 0.051389
CCTV10^20251112-220000-20251112-225959_006524,12 0.048676 0.888281 0.690972 0.073438 0.106944 1 0.021286 0.336328 0.854167 0.025781 0.052778 10 0.011505 0.901172 0.690278 0.046094 0.105556 2 0.008949 0.778906 0.795833 0.045312 0.066667 10 0.004593 0.008984 0.65 0.017969 0.277778 2 0.002913 0.007031 0.940278 0.014063 0.119444 10 0.002359 0.007812 0.5 0.015625 0.277778 1 0.002058 0.345703 0.614583 0.016406 0.034722 5 0.00202 0.900391 0.691667 0.047656 0.102778 2 0.001942 0.828906 0.922917 0.125 0.151389 12 0.001796 0.817187 0.90625 0.1875 0.1875 10 0.001661 0.016016 0.870139 0.032031 0.259722 10 0.001305 0.014453 0.921528 0.028906 0.156944 1 0.001206 0.386328 0.904861 0.028906 0.068056 4 0.001161 0.016797 0.901389 0.030469 0.108333 10 0.001151 0.00625 0.436111 0.0125 0.197222 12 0.001107 0.014453 0.879861 0.028906 0.240278 10 0.000947 0.007812 0.924306 0.015625 0.151389 1 0.000918 0.399219 0.615278 0.021875 0.033333 9 0.000856 0.015625 0.904167 0.03125 0.119444 3 0.000755 0.242578 0.621528 0.022656 0.048611 11 0.000682 0.65625 0.700694 0.096875 0.206944 10 0.000664 0.008594 0.404167 0.017188 0.258333 12 0.000575 0.051172 0.997222 0.102344 0.005556 10 0.000568 0.009375 0.729861 0.01875 0.281944 10 0.000548 0.878516 0.230556 0.241406 0.461111 11 0.000524 0.245703 0.525694 0.053906 0.168056 12 0.000521 0.666406 0.704861 0.107813 0.1625
CCTV10^20251112-220000-20251112-225959_006525,1 0.381104 0.233984 0.70625 0.027344 0.059722 12 0.069824 0.891797 0.690972 0.066406 0.106944 9 0.008347 0.705469 0.688194 0.073438 0.115278 10 0.00634 0.008984 0.648611 0.017969 0.277778 11 0.005554 0.70625 0.6875 0.075 0.113889 2 0.005535 0.007031 0.944444 0.014063 0.111111 10 0.00404 0.007812 0.502778 0.015625 0.286111 10 0.002611 0.00625 0.434028 0.0125 0.218056 2 0.002209 0.345703 0.614583 0.016406 0.034722 10 0.001623 0.015625 0.865972 0.03125 0.268056 10 0.001531 0.875 0.239583 0.248438 0.479167 10 0.001495 0.007422 0.928472 0.014844 0.143056 4 0.001421 0.016406 0.9125 0.032813 0.138889 12 0.001134 0.014844 0.879861 0.029687 0.240278 10 0.001103 0.0125 0.91875 0.025 0.1625 10 0.001073 0.903906 0.691667 0.042188 0.102778 10 0.00094 0.710547 0.730556 0.078906 0.188889 10 0.000843 0.009375 0.732639 0.01875 0.281944 1 0.000839 0.347266 0.613194 0.021094 0.040278 2 0.000836 0.010547 0.923611 0.021094 0.152778 1 0.000773 0.385937 0.903472 0.029687 0.070833 12 0.000651 0.05625 0.999306 0.1125 0.001389 4 0.000636 0.704688 0.677083 0.067187 0.0875 1 0.000588 0.399609 0.617361 0.019531 0.031944 2 0.000579 0.702734 0.679167 0.060156 0.088889 2 0.000504 0.347266 0.60625 0.024219 0.054167
CCTV10^20251112-220000-20251112-225959_006526,10 0.124634 0.898047 0.866667 0.203906 0.266667 12 0.052032 0.892969 0.690278 0.064062 0.105556 9 0.026657 0.894531 0.864583 0.196875 0.251389 3 0.009338 0.760938 0.672222 0.057813 0.058333 10 0.004574 0.009375 0.654167 0.01875 0.283333 10 0.004574 0.903906 0.692361 0.042188 0.101389 10 0.00428 0.007422 0.502083 0.014844 0.281944 2 0.003824 0.007031 0.941667 0.014063 0.116667 12 0.002855 0.866406 0.693056 0.11875 0.119444 1 0.002398 0.345703 0.614583 0.016406 0.034722 1 0.001897 0.385937 0.904861 0.029687 0.068056 4 0.0017 0.016406 0.910417 0.032813 0.140278 2 0.001335 0.242969 0.621528 0.021875 0.048611 10 0.001216 0.006641 0.436111 0.013281 0.236111 10 0.001216 0.016406 0.861806 0.032813 0.276389 10 0.001179 0.007422 0.921528 0.014844 0.156944 10 0.001169 0.013672 0.918056 0.027344 0.163889 11 0.000947 0.909766 0.888194 0.132031 0.165278 12 0.000876 0.014844 0.875 0.029687 0.25 10 0.000801 0.871484 0.30625 0.252344 0.531944 12 0.000732 0.051953 0.997222 0.103906 0.005556 2 0.000672 0.348047 0.604861 0.024219 0.056944 1 0.000553 0.4 0.618056 0.020313 0.033333 2 0.00054 0.010547 0.919444 0.021094 0.161111 11 0.000504 0.015625 0.905556 0.03125 0.136111
CCTV10^20251112-220000-20251112-225959_006527,12 0.352295 0.900391 0.692361 0.046094 0.104167 10 0.059875 0.903516 0.692361 0.041406 0.104167 9 0.058777 0.912109 0.825694 0.171094 0.295833 10 0.031738 0.912109 0.838889 0.175781 0.286111 12 0.004665 0.521875 0.385417 0.120313 0.173611 10 0.004574 0.009375 0.65 0.01875 0.277778 10 0.002611 0.007422 0.91875 0.014844 0.1625 3 0.001861 0.953906 0.948611 0.090625 0.102778 12 0.001455 0.014844 0.881944 0.029687 0.236111 10 0.001315 0.016016 0.870139 0.032031 0.259722 10 0.001235 0.008203 0.503472 0.016406 0.290278 10 0.001225 0.013672 0.915278 0.027344 0.169444 1 0.001165 0.945703 0.948611 0.074219 0.102778 12 0.00109 0.050391 0.997222 0.100781 0.005556 1 0.001048 0.385937 0.905556 0.029687 0.066667 5 0.000978 0.953906 0.949306 0.090625 0.101389 2 0.00094 0.242969 0.621528 0.021875 0.048611 1 0.000897 0.345703 0.614583 0.016406 0.034722 4 0.000833 0.016406 0.91875 0.032813 0.154167 2 0.000744 0.951562 0.949306 0.085938 0.101389 10 0.000577 0.871875 0.348611 0.254688 0.561111
CCTV10^20251112-220000-20251112-225959_006528,12 0.128906 0.889062 0.690972 0.071875 0.106944 12 0.074219 0.700391 0.548611 0.050781 0.069444 10 0.014114 0.900391 0.690972 0.049219 0.104167 9 0.010246 0.701562 0.549306 0.048438 0.068056 10 0.003679 0.008984 0.647917 0.017969 0.276389 10 0.003063 0.700391 0.550694 0.050781 0.070833 10 0.002493 0.007031 0.933333 0.014063 0.133333 10 0.002481 0.008203 0.502778 0.016406 0.294444 5 0.002453 0.899609 0.691667 0.050781 0.102778 10 0.002003 0.010937 0.91875 0.021875 0.1625 12 0.001143 0.014844 0.879167 0.029687 0.241667 10 0.001121 0.016016 0.867361 0.032031 0.265278 1 0.001099 0.346094 0.614583 0.015625 0.031944 4 0.000985 0.016406 0.911806 0.032813 0.140278 12 0.000911 0.051172 0.997222 0.102344 0.005556 2 0.000693 0.242969 0.621528 0.021875 0.051389 11 0.000515 0.015234 0.904167 0.030469 0.133333
CCTV10^20251112-220000-20251112-225959_006529,12 0.151978 0.889844 0.690972 0.071875 0.106944 10 0.022369 0.513281 0.893056 0.18125 0.213889 5 0.014008 0.901563 0.691667 0.046875 0.105556 11 0.011375 0.531641 0.891667 0.225781 0.216667 10 0.008415 0.719922 0.555556 0.053906 0.075 12 0.007488 0.539453 0.890972 0.222656 0.218056 10 0.00407 0.008984 0.646528 0.017969 0.273611 4 0.002981 0.127734 0.795139 0.057031 0.106944 2 0.002342 0.135156 0.829167 0.053125 0.091667 4 0.00214 0.614453 0.934722 0.052344 0.116667 10 0.001912 0.007812 0.502778 0.015625 0.291667 4 0.001707 0.016797 0.916667 0.033594 0.152778 10 0.001427 0.00625 0.921528 0.0125 0.156944 10 0.001362 0.0125 0.917361 0.025 0.165278 11 0.001151 0.245703 0.523611 0.055469 0.169444 10 0.001116 0.729297 0.55625 0.032031 0.068056 12 0.001107 0.482812 0.877083 0.10625 0.173611 12 0.00104 0.014844 0.883333 0.029687 0.233333 12 0.000929 0.050781 0.997917 0.101562 0.004167 11 0.000773 0.71875 0.554861 0.053125 0.076389 10 0.000693 0.016406 0.872917 0.032813 0.254167 2 0.000627 0.345703 0.615278 0.016406 0.033333 2 0.000575 0.14375 0.845833 0.054688 0.108333 3 0.00057 0.242969 0.620139 0.023438 0.051389 4 0.000532 0.60625 0.913889 0.071875 0.161111 11 0.000515 0.015234 0.908333 0.030469 0.138889
CCTV10^20251112-220000-20251112-225959_006530,12 0.420654 0.400391 0.7625 0.082031 0.130556 11 0.258301 0.400781 0.761111 0.084375 0.130556 9 0.184814 0.400391 0.761111 0.080469 0.130556 10 0.180664 0.399609 0.761806 0.082031 0.131944 3 0.117188 0.492188 0.7625 0.053125 0.086111 12 0.074524 0.891797 0.690972 0.066406 0.106944 2 0.032349 0.205469 0.93125 0.13125 0.1375 11 0.031616 0.492578 0.761111 0.057031 0.097222 10 0.009743 0.903906 0.691667 0.042188 0.105556 10 0.009598 0.433594 0.813194 0.171875 0.206944 5 0.008064 0.9 0.690972 0.05 0.106944 2 0.007668 0.193359 0.859028 0.041406 0.084722 10 0.00729 0.414062 0.784028 0.120313 0.173611 10 0.005512 0.008984 0.647222 0.017969 0.277778 2 0.004944 0.007031 0.9375 0.014063 0.125 2 0.002472 0.229687 0.951389 0.114062 0.097222 10 0.00201 0.007422 0.923611 0.014844 0.152778 10 0.001636 0.007812 0.504167 0.015625 0.297222 10 0.001629 0.016016 0.863889 0.032031 0.272222 12 0.001525 0.014844 0.877778 0.029687 0.244444 10 0.001455 0.012891 0.919444 0.025781 0.161111 1 0.001134 0.223438 0.854861 0.01875 0.054167 10 0.001129 0.009375 0.731944 0.01875 0.286111 4 0.001057 0.016406 0.915972 0.032813 0.145833 4 0.001032 0.199219 0.927778 0.1125 0.133333 10 0.000727 0.176953 0.89375 0.097656 0.165278 12 0.000638 0.205859 0.902778 0.141406 0.175 10 0.000636 0.221484 0.911806 0.166406 0.176389 2 0.000621 0.010937 0.920139 0.021875 0.159722 12 0.000617 0.051562 0.997222 0.103125 0.005556 10 0.000597 0.870703 0.349306 0.257031 0.559722 3 0.000562 0.242578 0.620139 0.021094 0.051389 4 0.000557 0.187109 0.866667 0.055469 0.102778 2 0.000548 0.346875 0.595833 0.028125 0.077778 1 0.000501 0.386719 0.906944 0.03125 0.072222
