image_id,PredictionString
CCTV01^20260318-110000-20260318-120000_000061,10 0.760742 0.775 0.726562 0.15 0.352431 10 0.692871 0.193359 0.615972 0.165234 0.248611 2 0.649414 0.191797 0.734722 0.050781 0.108333 3 0.647949 0.524609 0.877778 0.070312 0.197222 10 0.586914 0.411328 0.390885 0.110156 0.12934 3 0.575684 0.42334 0.502083 0.05332 0.063889 0 0.57373 0.865625 0.545139 0.025 0.077778 0 0.57373 0.303125 0.939583 0.045313 0.109722 0 0.395996 0.316992 0.48125 0.024609 0.058333 0 0.392334 0.928125 0.665278 0.042188 0.093056 0 0.357666 0.141602 0.859722 0.058594 0.111111 2 0.327637 0.964063 0.636806 0.06875 0.130556 0 0.310791 0.783984 0.936111 0.049219 0.125 1 0.299072 0.882031 0.709028 0.034375 0.088889 2 0.199341 0.283594 0.427778 0.021875 0.054167 3 0.195557 0.515625 0.383681 0.029687 0.045139 3 0.191895 0.641406 0.438194 0.0375 0.075 10 0.190063 0.199121 0.448611 0.105664 0.149306 0 0.162964 0.789844 0.479167 0.023438 0.065278 1 0.144653 0.141211 0.855556 0.056641 0.1 0 0.144165 0.059424 0.689583 0.054004 0.108333 9 0.132935 0.021082 0.659722 0.041919 0.168056 1 0.126831 0.857031 0.745139 0.025 0.073611
CCTV01^20260318-110000-20260318-120000_000065,2 0.723145 0.244336 0.682639 0.044531 0.101389 10 0.720215 0.254688 0.497917 0.155469 0.172222 0 0.672363 0.313281 0.804861 0.039844 0.109722 3 0.666992 0.730859 0.628472 0.064062 0.106944 3 0.645996 0.524609 0.878472 0.070312 0.195833 10 0.59082 0.382422 0.439931 0.121094 0.151389 2 0.529297 0.467969 0.451736 0.03125 0.0625 2 0.507812 0.960938 0.6375 0.075 0.133333 0 0.370117 0.294922 0.536111 0.026563 0.068056 1 0.368408 0.220703 0.801389 0.030469 0.091667 1 0.289307 0.389453 0.551736 0.024219 0.059028 10 0.248047 0.698438 0.446181 0.065625 0.170833 0 0.199341 0.939063 0.677778 0.04375 0.097222 0 0.15564 0.139063 0.638889 0.032617 0.070139 5 0.125122 0.526563 0.369097 0.032813 0.056944
CCTV01^20260318-110000-20260318-120000_000069,10 0.695801 0.192578 0.638889 0.182812 0.272222 10 0.677246 0.345898 0.428472 0.119141 0.1375 10 0.67041 0.8125 0.8 0.157813 0.393056 2 0.660156 0.971094 0.665278 0.057813 0.130556 5 0.65332 0.352344 0.611111 0.072656 0.109722 3 0.651367 0.524609 0.877778 0.070312 0.197222 3 0.625977 0.707422 0.665972 0.057031 0.127778 0 0.529297 0.898438 0.689236 0.040625 0.102083 2 0.457031 0.298047 0.603472 0.038672 0.075 2 0.430176 0.338477 0.504861 0.035547 0.070139 6 0.403564 0.812305 0.793056 0.153516 0.395833 10 0.367432 0.078662 0.669792 0.157324 0.285417 1 0.289307 0.294336 0.656944 0.03125 0.076389 9 0.273682 0.201758 0.768056 0.128906 0.175 0 0.262939 0.405469 0.471528 0.022656 0.063889 0 0.252441 0.864062 0.550347 0.028125 0.070833 0 0.246582 0.927344 0.665972 0.0375 0.102778 0 0.2323 0.098535 0.890972 0.043555 0.1 10 0.222046 0.453906 0.378819 0.092188 0.120833 7 0.210815 0.200977 0.764583 0.128516 0.183333 3 0.205566 0.873438 0.784028 0.071875 0.138889 6 0.172119 0.133008 0.934028 0.266016 0.131944 10 0.170532 0.200781 0.449653 0.106641 0.149306 7 0.170532 0.145898 0.929861 0.291797 0.140278 3 0.169922 0.755078 0.596528 0.054688 0.083333 0 0.15979 0.303125 0.513889 0.033594 0.058333 2 0.140869 0.755469 0.594792 0.054688 0.079167 7 0.108215 0.699219 0.435417 0.046875 0.084722
CCTV01^20260318-110000-20260318-120000_000073,6 0.767578 0.873438 0.601389 0.126563 0.272222 3 0.647949 0.524609 0.878472 0.070312 0.197222 10 0.645996 0.376953 0.527778 0.141406 0.208333 10 0.62793 0.105762 0.711111 0.211523 0.313889 3 0.560059 0.25957 0.696875 0.078125 0.120139 0 0.529297 0.321094 0.793056 0.036719 0.097222 7 0.513672 0.239063 0.869444 0.132031 0.261111 6 0.455078 0.238867 0.86875 0.126953 0.2625 4 0.420654 0.698438 0.445139 0.0375 0.069444 10 0.408203 0.872656 0.599306 0.126563 0.272222 0 0.373779 0.314063 0.711111 0.039844 0.094444 1 0.348633 0.776172 0.657639 0.029687 0.076389 10 0.280518 0.247266 0.500694 0.145313 0.184722 7 0.226807 0.698828 0.44375 0.038281 0.072222 1 0.180054 0.20293 0.722917 0.028906 0.077778 11 0.174438 0.238281 0.869792 0.128125 0.260417 2 0.134766 0.80625 0.488194 0.029687 0.061111 10 0.134277 0.462109 0.371875 0.090625 0.111111 1 0.132568 0.664844 0.449306 0.01875 0.052778 1 0.109314 0.740234 0.470833 0.017188 0.053472
CCTV01^20260318-110000-20260318-120000_000077,3 0.638672 0.525 0.879167 0.071875 0.197222 6 0.57959 0.442285 0.454861 0.088867 0.113889 3 0.565918 0.755469 0.617361 0.057813 0.129167 4 0.501953 0.926562 0.740451 0.078125 0.124653 10 0.470703 0.241016 0.630903 0.229297 0.278472 2 0.445557 0.976562 0.674653 0.046875 0.096528 3 0.437744 0.696094 0.534028 0.04375 0.080556 0 0.428223 0.319141 0.8 0.046094 0.122222 2 0.428223 0.984375 0.874306 0.03125 0.120833 9 0.364746 0.828125 0.740278 0.10625 0.169444 7 0.327637 0.926562 0.74184 0.084375 0.127431 12 0.289307 0.319531 0.800694 0.049609 0.127778 10 0.284668 0.151465 0.836806 0.30293 0.326389 12 0.230957 0.304102 0.716667 0.040625 0.109722 2 0.212036 0.982031 0.775 0.035937 0.102778 0 0.209473 0.303516 0.715972 0.040625 0.105556 1 0.181885 0.903906 0.836111 0.034375 0.111111 0 0.145142 0.982031 0.775 0.035937 0.102778 1 0.137085 0.889063 0.961806 0.034375 0.076389 1 0.112427 0.770703 0.542014 0.024219 0.066667
CCTV01^20260318-110000-20260318-120000_000081,3 0.749023 0.771875 0.878472 0.071875 0.166667 10 0.730957 0.229297 0.70625 0.190625 0.379167 0 0.649414 0.91875 0.736806 0.04375 0.108333 3 0.642578 0.525 0.879167 0.070312 0.197222 0 0.625977 0.27832 0.919444 0.054688 0.116667 3 0.596191 0.305859 0.74566 0.065625 0.114236 3 0.59082 0.107007 0.895139 0.103174 0.172222 10 0.422607 0.400391 0.469444 0.138281 0.163889 1 0.368408 0.74375 0.680903 0.028125 0.089583 7 0.309082 0.348047 0.926389 0.084766 0.141667 2 0.303955 0.046265 0.714583 0.077393 0.127778 10 0.242188 0.4875 0.433681 0.098438 0.14375 12 0.221313 0.348438 0.926389 0.086719 0.144444 3 0.177246 0.153125 0.953472 0.119141 0.093056 4 0.160278 0.817187 0.718056 0.067188 0.181944 12 0.12854 0.816406 0.720139 0.065625 0.181944 3 0.125488 0.848437 0.648611 0.05625 0.111111 10 0.121704 0.217969 0.435764 0.11875 0.139583 6 0.10968 0.04707 0.714583 0.074316 0.126389 9 0.103027 0.816406 0.719444 0.067188 0.183333
CCTV01^20260318-110000-20260318-120000_000085,3 0.633301 0.525 0.878472 0.071875 0.197222 10 0.575684 0.244531 0.678472 0.185547 0.365278 10 0.552734 0.369727 0.490278 0.145703 0.180556 3 0.511719 0.102637 0.928819 0.100977 0.142361 2 0.498047 0.696875 0.477083 0.03125 0.068056 0 0.478516 0.7875 0.659028 0.0375 0.095833 2 0.476562 0.094336 0.802083 0.054297 0.118056 3 0.476562 0.831055 0.932639 0.075391 0.133333 3 0.451416 0.179297 0.931944 0.084375 0.136111 2 0.42627 0.019128 0.866667 0.038257 0.141667 12 0.370117 0.299609 0.822222 0.083594 0.141667 1 0.334473 0.842188 0.784722 0.034375 0.088889 7 0.26123 0.301172 0.819444 0.091406 0.161111 9 0.222046 0.244336 0.685069 0.188281 0.363194 2 0.218628 0.09834 0.724306 0.054688 0.1 10 0.210815 0.490234 0.428472 0.0875 0.148611 3 0.19812 0.307031 0.733333 0.058594 0.091667 2 0.189575 0.180273 0.934028 0.083594 0.131944 0 0.188354 0.344922 0.906944 0.055469 0.122222 0 0.180054 0.263672 0.89375 0.051562 0.102778 12 0.171021 0.263867 0.893056 0.051562 0.101389 0 0.144165 0.016626 0.669444 0.033252 0.0875
CCTV01^20260318-110000-20260318-120000_000089,3 0.637207 0.524609 0.878472 0.071094 0.197222 3 0.596191 0.207813 0.833333 0.078906 0.141667 0 0.517578 0.076025 0.840972 0.062598 0.118056 10 0.515625 0.288281 0.611806 0.171875 0.306944 0 0.451416 0.85625 0.553819 0.028125 0.077083 2 0.44165 0.035815 0.728472 0.057959 0.109722 12 0.390381 0.29375 0.795139 0.085156 0.097222 3 0.354004 0.153809 0.702778 0.100977 0.118056 1 0.309082 0.14082 0.825 0.033984 0.094444 3 0.258301 0.5 0.438889 0.0375 0.051389 10 0.252441 0.874219 0.908333 0.06875 0.183333 10 0.251709 0.45 0.410764 0.090625 0.13125 1 0.242188 0.725781 0.544444 0.025 0.065278 2 0.214722 0.80625 0.470833 0.029687 0.070833 3 0.19812 0.450391 0.472917 0.052344 0.051389 3 0.156128 0.102539 0.963889 0.099414 0.072222 3 0.154053 0.220703 0.938194 0.152734 0.123611 1 0.146118 0.982813 0.665278 0.034375 0.077778 0 0.141724 0.890625 0.545139 0.032813 0.073611 0 0.137573 0.301172 0.873611 0.059375 0.108333 1 0.112793 0.168945 0.776389 0.034375 0.088889
CCTV01^20260318-110000-20260318-120000_000126,10 0.708984 0.353711 0.449653 0.123828 0.15625 0 0.67041 0.305664 0.89375 0.045703 0.1125 3 0.67041 0.209814 0.857639 0.092871 0.1625 3 0.644043 0.524609 0.879167 0.071094 0.197222 2 0.613281 0.300391 0.648611 0.039844 0.097222 0 0.611328 0.762891 0.925 0.042969 0.134722 2 0.581543 0.935938 0.858333 0.065625 0.125 0 0.575684 0.221875 0.688194 0.035156 0.095833 3 0.509766 0.299219 0.607639 0.09375 0.094444 0 0.474609 0.796875 0.547917 0.025 0.072917 2 0.434082 0.316797 0.534375 0.0375 0.083333 0 0.390381 0.275781 0.505556 0.028125 0.065278 1 0.345215 0.957031 0.795833 0.04375 0.111111 0 0.295898 0.397266 0.931944 0.039844 0.102778 1 0.276611 0.17002 0.714063 0.026953 0.077431 1 0.265869 0.397656 0.933333 0.039844 0.108333 1 0.209473 0.94375 0.688542 0.03125 0.08125 1 0.203735 0.652344 0.467361 0.023438 0.055556 1 0.201782 0.263672 0.670833 0.026953 0.076389 1 0.196777 0.017322 0.872222 0.034644 0.122222 1 0.193726 0.191992 0.732639 0.027734 0.088889 2 0.182983 0.848437 0.483333 0.042188 0.084722 1 0.160767 0.151562 0.801389 0.033984 0.091667 0 0.153564 0.189258 0.609375 0.030469 0.077778 0 0.135742 0.317578 0.532986 0.036719 0.081944 0 0.127686 0.069873 0.695486 0.072559 0.109028 4 0.101562 0.792188 0.486111 0.035937 0.084722
CCTV01^20260318-110000-20260318-120000_000130,6 0.922363 0.929688 0.801389 0.134375 0.316667 2 0.733887 0.789844 0.929167 0.057813 0.141667 2 0.680664 0.209961 0.922222 0.069922 0.138889 10 0.677246 0.213867 0.650694 0.171094 0.279167 3 0.642578 0.524609 0.879167 0.070312 0.197222 12 0.457031 0.231641 0.801389 0.071484 0.156944 0 0.449463 0.803125 0.575 0.026563 0.082639 3 0.420654 0.442969 0.454514 0.049219 0.071528 3 0.354004 0.384375 0.570139 0.057031 0.083333 3 0.334473 0.501563 0.404514 0.039062 0.052778 8 0.319092 0.232422 0.802778 0.075 0.155556 1 0.315674 0.727344 0.645139 0.029687 0.076389 1 0.312256 0.826563 0.700694 0.028125 0.086111 1 0.297363 0.130371 0.843056 0.0375 0.097222 2 0.295898 0.193555 0.540278 0.029297 0.072222 2 0.295898 0.11311 0.953125 0.064404 0.09375 2 0.148071 0.848437 0.483333 0.04375 0.083333
CCTV01^20260318-110000-20260318-120000_000134,4 0.747559 0.307031 0.713715 0.059766 0.122569 2 0.705566 0.326953 0.820833 0.05625 0.125 2 0.695801 0.903125 0.576389 0.053125 0.106944 3 0.656738 0.159766 0.890278 0.092969 0.161111 3 0.651367 0.524219 0.879167 0.071875 0.198611 0 0.637207 0.864062 0.927778 0.046875 0.133333 2 0.625977 0.321289 0.515972 0.040625 0.070139 6 0.567871 0.815625 0.599653 0.15625 0.286806 2 0.523438 0.275 0.825 0.054688 0.126389 10 0.507812 0.815625 0.597222 0.15625 0.2875 10 0.414795 0.482812 0.35625 0.079687 0.111806 9 0.375732 0.410156 0.492361 0.091406 0.1375 0 0.355713 0.376563 0.4375 0.020313 0.054167 0 0.345215 0.187109 0.646528 0.042969 0.088194 7 0.309082 0.284375 0.901042 0.250781 0.197917 11 0.305664 0.410156 0.49375 0.090625 0.140278 7 0.240723 0.307813 0.476042 0.040625 0.073611 0 0.199341 0.135937 0.652431 0.036328 0.089583 6 0.161377 0.054688 0.858681 0.109375 0.282639 10 0.145142 0.055957 0.861111 0.111914 0.277778 0 0.137573 0.420312 0.952778 0.053906 0.094444
CCTV01^20260318-110000-20260318-120000_000138,6 0.774414 0.404687 0.488542 0.108594 0.136806 3 0.642578 0.525 0.877778 0.070312 0.197222 3 0.637207 0.216016 0.783333 0.06875 0.122222 3 0.629883 0.782422 0.777778 0.074219 0.15 0 0.556641 0.223047 0.683333 0.040625 0.091667 0 0.517578 0.959375 0.791667 0.05 0.119444 3 0.5 0.713281 0.529167 0.048438 0.083333 2 0.486328 0.915625 0.740451 0.04375 0.110764 0 0.458984 0.141406 0.727083 0.037891 0.106944 0 0.339844 0.880469 0.713715 0.035937 0.108681 1 0.334473 0.283594 0.61875 0.032813 0.075 0 0.325928 0.989062 0.763889 0.021875 0.095833 0 0.286133 0.226953 0.575 0.03125 0.081944 9 0.256836 0.302344 0.841667 0.101953 0.211111 1 0.253906 0.335156 0.623264 0.032031 0.072222 12 0.240723 0.814063 0.5 0.059375 0.1125 1 0.23938 0.930469 0.827778 0.034375 0.091667 10 0.235107 0.402734 0.489236 0.107031 0.1375 7 0.219971 0.303125 0.84375 0.101562 0.206944 10 0.216675 0.391797 0.418056 0.108594 0.136111 3 0.209473 0.393359 0.566667 0.041406 0.059722 9 0.193115 0.814063 0.5 0.059375 0.115278 7 0.167725 0.814063 0.500347 0.059375 0.115972 0 0.150024 0.853125 0.638542 0.039062 0.084028
CCTV01^20260318-110000-20260318-120000_000142,10 0.697754 0.342969 0.536111 0.1375 0.204167 3 0.666992 0.871094 0.679167 0.059375 0.131944 3 0.651367 0.525 0.878472 0.070312 0.197222 2 0.609375 0.310156 0.754861 0.047656 0.116667 3 0.563965 0.250586 0.775 0.067578 0.122222 3 0.521484 0.314844 0.683333 0.064844 0.098611 0 0.494141 0.817187 0.602778 0.028125 0.088194 12 0.470703 0.266016 0.875 0.044141 0.144444 5 0.451416 0.9 0.814583 0.109375 0.191667 3 0.437744 0.9 0.814583 0.109375 0.191667 0 0.430176 0.321094 0.841667 0.039062 0.111111 1 0.414795 0.720313 0.664583 0.028125 0.086111 2 0.394287 0.030957 0.736806 0.061914 0.102778 1 0.361084 0.720313 0.572222 0.020313 0.063889 0 0.309082 0.17793 0.646528 0.031641 0.097917 2 0.242188 0.251563 0.775 0.066406 0.119444 1 0.240723 0.80625 0.512847 0.020313 0.054861 0 0.240723 0.325391 0.954861 0.065625 0.090278 0 0.229492 0.788281 0.470139 0.021875 0.057639 0 0.221313 0.89375 0.562153 0.03125 0.077778 3 0.196777 0.511328 0.398958 0.035937 0.052778 8 0.194946 0.45 0.458333 0.063281 0.0875 0 0.184204 0.853125 0.492361 0.026563 0.069444 0 0.168823 0.980469 0.653819 0.039062 0.099306 0 0.105957 0.264844 0.8625 0.042188 0.126389
CCTV01^20260318-110000-20260318-120000_000146,3 0.747559 0.148633 0.852778 0.094141 0.147222 2 0.740234 0.280469 0.588194 0.0375 0.081944 10 0.732422 0.156641 0.528125 0.092969 0.186806 3 0.725098 0.240234 0.686111 0.058984 0.093056 0 0.725098 0.237109 0.869444 0.042969 0.130556 0 0.71875 0.796875 0.507639 0.021875 0.059722 0 0.6875 0.353906 0.881944 0.0625 0.116667 3 0.647949 0.524219 0.877778 0.070312 0.197222 0 0.629883 0.821875 0.501389 0.021875 0.061111 5 0.586914 0.342187 0.608681 0.079687 0.114583 0 0.57373 0.8875 0.86875 0.04375 0.126389 7 0.507812 0.683203 0.508333 0.039844 0.080556 10 0.507812 0.678516 0.400781 0.058594 0.144271 0 0.488281 0.977344 0.847222 0.045313 0.108333 4 0.482422 0.297266 0.756944 0.064844 0.172222 0 0.432129 0.311133 0.517708 0.026953 0.070139 0 0.338135 0.061914 0.8625 0.044043 0.113889 1 0.312256 0.124219 0.769444 0.047266 0.113889 3 0.305664 0.465625 0.467361 0.044531 0.058333 3 0.297363 0.49375 0.426736 0.035156 0.050694 10 0.256104 0.43125 0.41875 0.085938 0.133333 1 0.253906 0.782813 0.567361 0.021094 0.059722 2 0.228149 0.465625 0.467361 0.044531 0.058333 0 0.226807 0.12334 0.771528 0.046875 0.115278 1 0.218628 0.770312 0.454167 0.01875 0.047222 1 0.214722 0.061719 0.861111 0.043945 0.111111 0 0.212036 0.363672 0.522917 0.025781 0.073611 2 0.187744 0.284766 0.436111 0.023438 0.05 0 0.183594 0.03208 0.713194 0.06416 0.097222 1 0.171021 0.70625 0.955556 0.029687 0.088889 2 0.137939 0.32168 0.423611 0.029297 0.054167 0 0.117981 0.821875 0.461806 0.021875 0.041667 1 0.110107 0.386328 0.511111 0.022656 0.055556
CCTV01^20260318-110000-20260318-120000_000150,10 0.770508 0.191992 0.447569 0.083594 0.144444 3 0.740234 0.9 0.78125 0.0875 0.140278 3 0.679199 0.285547 0.644444 0.066406 0.083333 3 0.679199 0.729688 0.638542 0.071875 0.121528 0 0.675781 0.276172 0.550694 0.024609 0.066667 3 0.67041 0.524219 0.877778 0.070312 0.197222 0 0.660156 0.296289 0.498958 0.020703 0.05 0 0.616699 0.8625 0.561458 0.028125 0.071528 10 0.600098 0.058203 0.739583 0.116406 0.259722 0 0.567871 0.81875 0.506944 0.025 0.067361 0 0.565918 0.224219 0.502778 0.026563 0.059722 0 0.556641 0.270508 0.450347 0.021484 0.048611 0 0.552734 0.299219 0.446875 0.024219 0.059722 0 0.457031 0.778125 0.457639 0.023438 0.054167 7 0.40918 0.832812 0.838021 0.153125 0.323958 3 0.403564 0.439844 0.420139 0.042188 0.05 1 0.386719 0.688281 0.702951 0.026563 0.080208 1 0.381104 0.71875 0.884722 0.03125 0.113889 0 0.354004 0.914062 0.628472 0.032813 0.093056 3 0.319092 0.484766 0.409375 0.0375 0.047917 3 0.279053 0.045703 0.939583 0.091406 0.120833 6 0.26123 0.833594 0.838889 0.15625 0.322222 0 0.236572 0.985938 0.676389 0.028125 0.101389 1 0.171631 0.829688 0.636806 0.025 0.059722 0 0.158203 0.382812 0.402431 0.019531 0.047917 0 0.147583 0.340234 0.40625 0.021484 0.05 10 0.115173 0.833594 0.838889 0.159375 0.322222 0 0.101562 0.953125 0.653472 0.0375 0.089583
CCTV01^20260318-110000-20260318-120000_000154,10 0.808105 0.374609 0.447917 0.129688 0.156944 10 0.804199 0.208936 0.432292 0.100879 0.136806 0 0.759277 0.308789 0.680556 0.029297 0.080556 0 0.756348 0.739453 0.70625 0.029687 0.098611 0 0.749023 0.203516 0.635417 0.035937 0.069444 0 0.737305 0.277148 0.868056 0.041016 0.111111 0 0.700684 0.321484 0.537153 0.023438 0.065278 3 0.682617 0.524219 0.877778 0.070312 0.195833 0 0.680664 0.232422 0.778472 0.039844 0.094444 0 0.673828 0.129883 0.721007 0.043359 0.088542 3 0.625977 0.389062 0.552778 0.057031 0.069444 6 0.600098 0.820117 0.870833 0.122266 0.258333 1 0.521484 0.148828 0.804167 0.037305 0.086111 0 0.505859 0.277344 0.497569 0.028125 0.063889 2 0.492188 0.149609 0.904167 0.061719 0.136111 0 0.416748 0.923438 0.669444 0.04375 0.105556 1 0.395996 0.627344 0.504167 0.028125 0.063889 1 0.394287 0.471875 0.468056 0.020313 0.051389 0 0.366699 0.17627 0.580556 0.037305 0.069444 0 0.309082 0.360352 0.527778 0.020703 0.052778 1 0.273682 0.896094 0.538194 0.029687 0.054167 0 0.26123 0.861719 0.511111 0.026563 0.069444 0 0.24939 0.0224 0.7 0.040845 0.081944 9 0.248657 0.267188 0.658333 0.079687 0.118056 0 0.225464 0.150586 0.916667 0.067578 0.161111 0 0.182373 0.860938 0.6375 0.034375 0.084028 5 0.177856 0.268359 0.65625 0.079687 0.119444 0 0.125122 0.953906 0.642014 0.035937 0.079861 1 0.102295 0.860156 0.6375 0.034375 0.084722
CCTV01^20260318-110000-20260318-120000_000158,10 0.820801 0.20918 0.43125 0.103125 0.140278 0 0.769043 0.309375 0.927778 0.061328 0.130556 0 0.757812 0.300781 0.7625 0.032031 0.088889 0 0.756348 0.896875 0.784722 0.04375 0.111111 0 0.746094 0.282031 0.540278 0.023828 0.070833 0 0.72168 0.236328 0.657639 0.035937 0.084722 0 0.720215 0.247266 0.517014 0.022656 0.063194 3 0.6875 0.325 0.586806 0.065625 0.072917 10 0.666992 0.062891 0.729167 0.125781 0.290278 3 0.663574 0.524609 0.877778 0.069531 0.195833 0 0.57959 0.296875 0.463542 0.020703 0.052083 0 0.562012 0.826563 0.491667 0.021875 0.055556 0 0.550781 0.703906 0.786806 0.041406 0.1125 2 0.539062 0.797656 0.467361 0.026563 0.058333 0 0.457031 0.89375 0.570139 0.025 0.063889 0 0.445557 0.817187 0.539236 0.025 0.070139 1 0.420654 0.733594 0.635764 0.025 0.076389 4 0.403564 0.801367 0.861111 0.066016 0.172222 1 0.392334 0.111328 0.754167 0.030469 0.072222 0 0.324219 0.269922 0.429861 0.024219 0.051389 3 0.303955 0.198242 0.748611 0.086328 0.127778 1 0.264404 0.7875 0.766667 0.03125 0.091667 4 0.233032 0.197852 0.748611 0.087109 0.129167 1 0.19873 0.705078 0.788194 0.042969 0.1125 6 0.180054 0.133594 0.898264 0.267188 0.203472 0 0.167236 0.929688 0.587847 0.034375 0.075694 2 0.1427 0.298438 0.415278 0.021875 0.047917 10 0.134277 0.145703 0.895139 0.291406 0.209722 0 0.12854 0.298828 0.414931 0.021094 0.048611 1 0.101929 0.109277 0.712674 0.026758 0.063542
CCTV01^20260318-110000-20260318-120000_000162,10 0.801758 0.210107 0.428819 0.100098 0.129861 3 0.785156 0.258203 0.846528 0.067969 0.130556 10 0.769043 0.152637 0.576736 0.157617 0.214583 0 0.760742 0.309961 0.892361 0.048047 0.118056 0 0.749023 0.895312 0.735938 0.046875 0.105903 0 0.741699 0.805469 0.855556 0.0375 0.125 2 0.673828 0.925 0.722222 0.046875 0.098611 3 0.666992 0.524219 0.878472 0.070312 0.195833 0 0.65332 0.335156 0.46875 0.024219 0.055556 0 0.633301 0.335742 0.521528 0.029297 0.055556 0 0.615234 0.815625 0.505903 0.023438 0.05625 0 0.609375 0.767188 0.848611 0.038281 0.122222 10 0.583008 0.041309 0.751389 0.082617 0.309722 1 0.539062 0.344141 0.559722 0.025391 0.048611 1 0.535156 0.779297 0.561806 0.021875 0.059722 0 0.53125 0.839063 0.929167 0.04375 0.122222 5 0.529297 0.675781 0.445139 0.04375 0.084722 4 0.478516 0.292969 0.671528 0.048828 0.115278 2 0.46875 0.849219 0.491667 0.04375 0.0875 0 0.453369 0.848437 0.640972 0.03125 0.086111 1 0.434082 0.333008 0.627083 0.027344 0.069444 0 0.405518 0.326953 0.424653 0.017969 0.04375 0 0.276611 0.873438 0.585417 0.034375 0.072222 0 0.269043 0.292578 0.667708 0.046484 0.111806 0 0.259766 0.331641 0.383333 0.016406 0.041667 0 0.259766 0.798828 0.475 0.021094 0.058333 0 0.171021 0.89375 0.568056 0.021875 0.059722 1 0.163452 0.302539 0.598611 0.020313 0.048611 1 0.150024 0.291406 0.455903 0.01875 0.045139 1 0.147095 0.766406 0.847222 0.0375 0.119444 0 0.10376 0.289062 0.422917 0.017969 0.044444
CCTV01^20260318-110000-20260318-120000_000166,10 0.817383 0.207373 0.504167 0.124316 0.170833 0 0.804199 0.310937 0.897222 0.049219 0.111111 0 0.753418 0.262109 0.936111 0.048438 0.109722 2 0.750488 0.769922 0.873611 0.053906 0.138889 0 0.716797 0.153711 0.686111 0.032227 0.093056 0 0.708984 0.366602 0.450694 0.021094 0.054861 5 0.697754 0.678906 0.554514 0.053125 0.115278 3 0.675781 0.323438 0.490278 0.045313 0.056944 3 0.672363 0.401563 0.506944 0.05625 0.076389 3 0.67041 0.524219 0.877778 0.070312 0.195833 0 0.600098 0.322266 0.439583 0.021094 0.049306 10 0.588867 0.037085 0.725694 0.074072 0.3 2 0.548828 0.861719 0.555903 0.040625 0.103472 0 0.541016 0.94375 0.708333 0.034375 0.095833 10 0.541016 0.217969 0.709028 0.089453 0.316667 0 0.462891 0.89375 0.569097 0.025 0.0625 6 0.455078 0.217773 0.709896 0.088281 0.316319 1 0.443604 0.103101 0.861111 0.029736 0.090278 0 0.44165 0.825 0.482639 0.025 0.058333 5 0.435791 0.735938 0.722917 0.073438 0.159722 1 0.375732 0.854688 0.686458 0.03125 0.092361 10 0.344238 0.208398 0.429167 0.107031 0.131944 3 0.343262 0.6375 0.422569 0.032813 0.05625 1 0.235107 0.261328 0.575694 0.026563 0.0625 0 0.199341 0.929688 0.588194 0.034375 0.077778 0 0.181274 0.9125 0.656944 0.039062 0.084722 1 0.165039 0.298633 0.429167 0.018359 0.045833 3 0.153564 0.736719 0.722222 0.073438 0.1625 4 0.147583 0.735938 0.722049 0.073438 0.161458 0 0.146118 0.848437 0.507639 0.025 0.063889 3 0.123779 0.99375 0.954167 0.0125 0.091667
CCTV01^20260318-110000-20260318-120000_000170,10 0.756348 0.240234 0.463889 0.107031 0.148611 2 0.751953 0.325391 0.579514 0.030859 0.077083 3 0.732422 0.766797 0.93125 0.064844 0.1375 0 0.729492 0.271484 0.7625 0.035156 0.097222 10 0.71875 0.742578 0.480208 0.095312 0.196528 5 0.712402 0.203564 0.797917 0.081934 0.158333 0 0.710449 0.289844 0.579167 0.026953 0.063889 2 0.708984 0.321289 0.769444 0.042578 0.108333 0 0.680664 0.871875 0.73316 0.0375 0.103125 3 0.666992 0.524609 0.877778 0.071094 0.194444 3 0.65332 0.23125 0.645833 0.064062 0.084028 3 0.644043 0.400684 0.497569 0.051758 0.061111 3 0.611328 0.4625 0.446181 0.040625 0.052778 0 0.611328 0.274414 0.515625 0.028125 0.065972 0 0.607422 0.935938 0.698958 0.034375 0.102083 0 0.550781 0.973437 0.815278 0.053125 0.116667 10 0.550781 0.363281 0.398264 0.077344 0.130556 3 0.550781 0.276953 0.657639 0.066406 0.101389 0 0.533203 0.855469 0.556944 0.028125 0.077778 1 0.503906 0.35332 0.955556 0.032031 0.086111 1 0.482422 0.338281 0.653819 0.025 0.065972 0 0.460938 0.821094 0.5 0.023438 0.066667 1 0.443604 0.763672 0.747917 0.028906 0.093056 0 0.414795 0.15625 0.634028 0.028516 0.066667 1 0.405518 0.718359 0.59375 0.022656 0.063194 10 0.402588 0.208252 0.426389 0.102246 0.128472 0 0.390381 0.982031 0.71875 0.035937 0.1 1 0.388672 0.914062 0.741667 0.028125 0.080556 0 0.368408 0.857813 0.488194 0.028125 0.0625 1 0.366699 0.663281 0.536111 0.020313 0.063194 0 0.336426 0.235156 0.541319 0.032031 0.065278 1 0.289307 0.800781 0.491319 0.014063 0.049306 6 0.289307 0.362891 0.399219 0.075781 0.126563 10 0.274414 0.022266 0.66875 0.044434 0.252778 1 0.267334 0.655469 0.481944 0.021875 0.052778 6 0.230225 0.021716 0.672222 0.0427 0.25 0 0.180664 0.914844 0.626736 0.039062 0.072222 6 0.180054 0.771875 0.37283 0.054688 0.108507 0 0.133911 0.895312 0.575347 0.023438 0.063194 1 0.125488 0.311328 0.455556 0.013281 0.044444 3 0.111633 0.520312 0.371528 0.034375 0.044444
CCTV01^20260318-110000-20260318-120000_000174,10 0.767578 0.18728 0.611806 0.176611 0.25 0 0.749023 0.333594 0.521181 0.026563 0.058333 0 0.728027 0.290234 0.517708 0.026563 0.06875 10 0.728027 0.253516 0.449306 0.11875 0.1375 0 0.716797 0.248438 0.872917 0.040625 0.108333 3 0.713867 0.275781 0.661806 0.067969 0.084722 3 0.682617 0.339844 0.577083 0.046875 0.070833 0 0.668945 0.768359 0.606944 0.027344 0.084722 3 0.662109 0.524219 0.879167 0.070312 0.197222 0 0.622559 0.324609 0.448958 0.025 0.059028 0 0.59082 0.953125 0.863889 0.04375 0.125 0 0.571777 0.03667 0.923611 0.050391 0.122222 0 0.550781 0.982813 0.734549 0.034375 0.108681 1 0.541016 0.299805 0.733333 0.025 0.073611 1 0.533203 0.295312 0.584028 0.021484 0.058333 10 0.501953 0.057129 0.817361 0.114258 0.309722 0 0.494141 0.1875 0.865278 0.041406 0.102778 2 0.490234 0.924219 0.788889 0.076563 0.111111 0 0.445557 0.355078 0.413889 0.020313 0.047222 6 0.434082 0.02395 0.649306 0.047607 0.231944 1 0.430176 0.759375 0.751389 0.026563 0.086111 10 0.428223 0.208398 0.430556 0.100391 0.136111 6 0.42627 0.826563 0.475 0.075 0.158333 1 0.40918 0.708594 0.820833 0.029687 0.102778 5 0.407227 0.473438 0.380556 0.038281 0.058333 0 0.363037 0.377539 0.426389 0.020313 0.048611 1 0.355713 0.741406 0.574653 0.028125 0.076389 2 0.352295 0.489844 0.424306 0.023438 0.054167 1 0.325928 0.714063 0.554167 0.022656 0.065278 1 0.291016 0.404297 0.958681 0.0375 0.082639 2 0.264404 0.368945 0.455556 0.022656 0.057639 10 0.252441 0.02525 0.648264 0.049402 0.228472 1 0.243652 0.79375 0.529861 0.020313 0.059722 3 0.235107 0.76875 0.460069 0.034375 0.061111 1 0.222656 0.476562 0.455556 0.01875 0.051389 0 0.209473 0.183887 0.816667 0.034961 0.0875 1 0.10968 0.595313 0.465278 0.01875 0.039583
CCTV01^20260318-110000-20260318-120000_000178,6 0.922363 0.884375 0.591667 0.114063 0.215278 10 0.823242 0.209717 0.432639 0.100879 0.136806 3 0.822266 0.244727 0.770833 0.072656 0.113889 10 0.786621 0.367188 0.499306 0.128125 0.186111 2 0.767578 0.314844 0.805556 0.050391 0.113889 0 0.764648 0.274219 0.902778 0.051953 0.127778 0 0.723145 0.81875 0.798611 0.034375 0.108333 0 0.720215 0.93125 0.820139 0.053125 0.1125 10 0.70752 0.308203 0.470486 0.108594 0.168056 10 0.699219 0.04209 0.609028 0.083105 0.230556 2 0.689453 0.895312 0.726389 0.05625 0.097222 0 0.673828 0.802344 0.625 0.026563 0.083333 3 0.668945 0.524219 0.878472 0.070312 0.195833 4 0.624512 0.771094 0.918056 0.064062 0.159722 0 0.594727 0.245117 0.686806 0.032422 0.065278 2 0.584961 0.045703 0.819444 0.060547 0.116667 2 0.567871 0.763281 0.45 0.025781 0.056944 1 0.523438 0.15625 0.829167 0.033789 0.083333 1 0.498047 0.344922 0.772222 0.028906 0.079167 1 0.472656 0.808008 0.735417 0.033984 0.066667 10 0.44751 0.439844 0.373264 0.129688 0.107639 3 0.424316 0.369336 0.596875 0.060156 0.071528 0 0.392334 0.305078 0.725 0.034375 0.073611 0 0.386719 0.032764 0.913194 0.045801 0.113889 9 0.381104 0.099561 0.725694 0.10752 0.141667 1 0.265869 0.647266 0.439931 0.028906 0.048611 1 0.248047 0.19375 0.947222 0.03125 0.077778 6 0.227417 0.246289 0.615278 0.111328 0.138889 7 0.194946 0.100195 0.727083 0.110156 0.140278 0 0.175537 0.783594 0.425694 0.020313 0.048611 0 0.171631 0.076807 0.638542 0.029785 0.070139 6 0.168823 0.084766 0.958333 0.169531 0.083333 2 0.122131 0.016589 0.958333 0.033179 0.083333 11 0.121277 0.247314 0.617014 0.113965 0.140278
CCTV01^20260318-110000-20260318-120000_000182,6 0.92627 0.932422 0.68125 0.135156 0.273611 10 0.824219 0.20957 0.432292 0.100781 0.136111 10 0.782715 0.064502 0.564583 0.129004 0.202778 2 0.764648 0.329492 0.610417 0.041406 0.084722 10 0.759277 0.174243 0.792361 0.171826 0.356944 10 0.750488 0.709766 0.461111 0.083594 0.179167 0 0.747559 0.808594 0.550694 0.025 0.080556 0 0.732422 0.337891 0.916667 0.055469 0.119444 0 0.720215 0.393359 0.913889 0.058594 0.125 0 0.67041 0.220313 0.590625 0.028125 0.052778 0 0.665527 0.273828 0.527083 0.022656 0.058333 3 0.665527 0.524219 0.877778 0.06875 0.197222 0 0.656738 0.254297 0.494444 0.028125 0.060417 0 0.656738 0.860156 0.702778 0.039062 0.101389 2 0.631836 0.417969 0.505903 0.032813 0.063194 3 0.575684 0.500781 0.415278 0.034375 0.048611 2 0.517578 0.340039 0.542361 0.061719 0.095139 0 0.515625 0.839063 0.609375 0.03125 0.096528 0 0.5 0.13584 0.664583 0.036328 0.080556 4 0.5 0.319531 0.740451 0.057031 0.132986 0 0.498047 0.246289 0.597917 0.029297 0.066667 1 0.464844 0.280469 0.670486 0.021094 0.064583 0 0.457031 0.904688 0.735417 0.04375 0.111111 1 0.430176 0.785937 0.500347 0.017188 0.054861 9 0.411133 0.31875 0.740972 0.059375 0.136111 2 0.357666 0.274609 0.409722 0.020313 0.048611 1 0.350342 0.19043 0.589583 0.021875 0.052778 0 0.315674 0.354688 0.567014 0.027344 0.061111 0 0.307373 0.294922 0.543056 0.028125 0.063194 0 0.289307 0.832812 0.448611 0.025 0.059722 0 0.271973 0.01582 0.9375 0.031494 0.125 1 0.265869 0.777344 0.465625 0.016406 0.044444 0 0.252441 0.291016 0.433333 0.022656 0.045833 6 0.233032 0.031934 0.829861 0.063574 0.231944 10 0.225464 0.410938 0.347222 0.070312 0.109028 10 0.221313 0.514063 0.314063 0.055469 0.095486 1 0.20813 0.807813 0.482986 0.023438 0.054861 10 0.20752 0.032202 0.831944 0.064209 0.247222 1 0.206299 0.810938 0.608333 0.015625 0.045833 0 0.171021 0.185059 0.515972 0.025586 0.054167 2 0.1427 0.135156 0.577083 0.045313 0.080556 0 0.107056 0.030176 0.792361 0.060352 0.145833 4 0.10376 0.394531 0.9125 0.064062 0.130556
CCTV01^20260318-110000-20260318-120000_000186,10 0.809082 0.089063 0.529861 0.144922 0.186111 10 0.806641 0.409375 0.451389 0.114844 0.154861 10 0.795898 0.209961 0.43125 0.101953 0.134722 2 0.740234 0.238281 0.734722 0.045313 0.105556 0 0.732422 0.147266 0.702604 0.03125 0.086458 0 0.716797 0.777344 0.556944 0.025 0.075 0 0.715332 0.038525 0.75625 0.042871 0.098611 2 0.694336 0.205273 0.685417 0.034766 0.095833 3 0.677246 0.524219 0.877778 0.070312 0.197222 0 0.67041 0.232813 0.631944 0.027344 0.077083 4 0.665527 0.317578 0.801389 0.067969 0.143056 0 0.635254 0.263672 0.585417 0.026172 0.073611 0 0.618652 0.192773 0.615972 0.039062 0.084028 3 0.586914 0.141992 0.943056 0.080078 0.113889 0 0.569824 0.243555 0.546528 0.026953 0.068056 0 0.569824 0.053369 0.688194 0.037402 0.080556 2 0.548828 0.859375 0.548611 0.0375 0.073611 0 0.525391 0.255469 0.816667 0.040625 0.1 1 0.496094 0.750391 0.528125 0.017188 0.060417 1 0.496094 0.268164 0.902083 0.035156 0.083333 0 0.414795 0.782813 0.951389 0.04375 0.097222 1 0.401611 0.04209 0.897222 0.039941 0.108333 0 0.395996 0.917188 0.671528 0.0375 0.093056 0 0.364746 0.869531 0.64375 0.034375 0.093056 10 0.343262 0.33125 0.468403 0.114063 0.1625 1 0.299072 0.210156 0.565972 0.028516 0.05 3 0.286133 0.517969 0.375 0.03125 0.045139 1 0.265869 0.6375 0.470139 0.028125 0.052778 1 0.2323 0.4625 0.484028 0.01875 0.036806 1 0.213379 0.495313 0.438889 0.015625 0.048611 2 0.204346 0.890625 0.530208 0.028125 0.068056 1 0.166626 0.820312 0.531597 0.015625 0.057639 1 0.132568 0.008777 0.920833 0.017554 0.091667 5 0.117981 0.395898 0.955556 0.117578 0.088889 2 0.117554 0.657813 0.368403 0.029687 0.052778 0 0.11438 0.005615 0.720833 0.011194 0.068056 0 0.100159 0.077832 0.639583 0.031445 0.054167
CCTV01^20260318-110000-20260318-120000_000190,7 0.903809 0.348828 0.517708 0.0375 0.082639 10 0.827637 0.103149 0.520833 0.158154 0.186111 10 0.806641 0.208594 0.433333 0.10625 0.138889 3 0.740234 0.260156 0.761111 0.072656 0.116667 0 0.672363 0.162109 0.672917 0.036719 0.086111 0 0.67041 0.121289 0.715972 0.038867 0.088889 0 0.665527 0.220313 0.667361 0.033594 0.076389 3 0.662109 0.331641 0.599306 0.060938 0.079167 3 0.662109 0.524219 0.879167 0.070312 0.197222 0 0.649414 0.244141 0.940278 0.067969 0.118056 2 0.625977 0.95625 0.689931 0.053125 0.095139 10 0.616699 0.367773 0.398264 0.083984 0.138194 0 0.602051 0.279102 0.46875 0.023828 0.054167 1 0.443604 0.902344 0.736111 0.032813 0.091667 3 0.44165 0.492969 0.400694 0.042188 0.052778 1 0.416748 0.316797 0.491319 0.017969 0.042361 10 0.406494 0.453906 0.371181 0.086719 0.1125 1 0.399902 0.266406 0.529167 0.020313 0.054861 0 0.390381 0.227539 0.509028 0.026563 0.065278 2 0.370117 0.315234 0.439236 0.026563 0.054861 1 0.275146 0.064111 0.763194 0.059766 0.094444 7 0.271973 0.063672 0.895486 0.127344 0.209028 0 0.20813 0.062988 0.765278 0.062695 0.094444 0 0.190674 0.382227 0.576736 0.030859 0.060417 0 0.188354 0.051367 0.685764 0.045703 0.090972 7 0.119995 0.767969 0.427083 0.05 0.077778 2 0.102295 0.381445 0.577778 0.031641 0.0625
CCTV01^20260318-110000-20260318-120000_000194,10 0.825684 0.182422 0.640625 0.153906 0.261806 10 0.824219 0.102637 0.520139 0.15918 0.186111 10 0.813965 0.208984 0.430903 0.105469 0.135417 10 0.756348 0.223633 0.778472 0.144141 0.356944 3 0.743164 0.798438 0.913889 0.084375 0.169444 0 0.723145 0.316016 0.506944 0.022656 0.059722 3 0.699219 0.727344 0.722396 0.060156 0.127431 3 0.690918 0.90625 0.719618 0.06875 0.121875 0 0.675781 0.373437 0.929167 0.064062 0.141667 0 0.673828 0.341602 0.463542 0.031641 0.057639 3 0.660156 0.524219 0.878472 0.070312 0.195833 3 0.656738 0.665625 0.496528 0.039062 0.08125 0 0.640625 0.278516 0.589583 0.026563 0.054167 2 0.633301 0.841406 0.572222 0.045313 0.109722 0 0.600098 0.29375 0.640972 0.026563 0.070139 0 0.581543 0.263672 0.49375 0.027344 0.0625 2 0.57373 0.270313 0.95 0.05625 0.1 1 0.546875 0.327734 0.658333 0.021094 0.063889 7 0.533203 0.796094 0.665278 0.067188 0.155556 2 0.513672 0.366016 0.411111 0.026563 0.049306 1 0.424316 0.746094 0.646528 0.024219 0.073611 1 0.320801 0.842969 0.6625 0.025 0.072222 0 0.310791 0.021375 0.689583 0.041333 0.090278 0 0.307373 0.380078 0.436111 0.025 0.05 0 0.286133 0.975 0.670833 0.045313 0.094444 5 0.243652 0.784375 0.478472 0.042188 0.088889 9 0.215332 0.795313 0.664583 0.06875 0.156944 4 0.166138 0.795313 0.665625 0.067188 0.154861 1 0.15564 0.707812 0.484722 0.019531 0.054167 1 0.151978 0.9 0.635417 0.028125 0.061806
CCTV01^20260318-110000-20260318-120000_000198,10 0.844727 0.103149 0.520833 0.158936 0.186111 10 0.832031 0.291406 0.507292 0.132812 0.1875 10 0.812988 0.208789 0.432292 0.106641 0.138194 0 0.777344 0.769531 0.677083 0.0375 0.097222 0 0.775879 0.903125 0.889583 0.053125 0.115278 0 0.773438 0.257031 0.646181 0.03125 0.084722 3 0.743164 0.243555 0.740972 0.066406 0.1 0 0.692871 0.062549 0.826389 0.038672 0.105556 0 0.682617 0.390625 0.513194 0.022656 0.061111 3 0.67041 0.524219 0.879167 0.069531 0.195833 3 0.665527 0.421094 0.466319 0.047656 0.056944 2 0.57959 0.942969 0.732639 0.073438 0.0875 0 0.57373 0.869531 0.659722 0.03125 0.095833 2 0.556641 0.476562 0.419444 0.025 0.054167 1 0.541016 0.315625 0.627778 0.020703 0.058333 1 0.53125 0.296875 0.717361 0.022656 0.0625 0 0.492188 0.343359 0.633333 0.035547 0.065972 1 0.478516 0.716406 0.556597 0.021094 0.059722 1 0.462891 0.826563 0.922917 0.0375 0.101389 1 0.416748 0.232227 0.642014 0.026563 0.065278 0 0.394287 0.853125 0.561111 0.028125 0.075 0 0.359375 0.173633 0.58125 0.025391 0.064583 0 0.357666 0.9125 0.625347 0.034375 0.085417 0 0.327637 0.358984 0.423611 0.023438 0.052778 0 0.312256 0.212695 0.601389 0.028906 0.075 0 0.240723 0.483984 0.483333 0.021094 0.041667 6 0.23938 0.770703 0.371875 0.04375 0.1 1 0.221313 0.582031 0.549306 0.03125 0.051389 3 0.212036 0.621094 0.390972 0.030469 0.068056 10 0.187134 0.692187 0.370486 0.053125 0.13125 4 0.15918 0.317969 0.935764 0.117969 0.128472 10 0.156128 0.649219 0.322917 0.044531 0.113889 3 0.141235 0.317383 0.936111 0.112891 0.127778 0 0.139404 0.137305 0.616667 0.027344 0.058333 0 0.116333 0.07832 0.639583 0.029492 0.061806 0 0.105591 0.954688 0.688194 0.05 0.076389 1 0.10376 0.586719 0.55625 0.021875 0.038889 2 0.102295 0.620703 0.390972 0.030469 0.067361
CCTV01^20260318-110000-20260318-120000_000202,10 0.839844 0.103223 0.520833 0.15918 0.184722 10 0.827637 0.207861 0.432292 0.106152 0.138194 10 0.801758 0.73125 0.529167 0.120313 0.223611 9 0.774414 0.655469 0.552431 0.071875 0.146528 3 0.763672 0.763281 0.9125 0.079687 0.172222 0 0.733887 0.296875 0.529861 0.026953 0.068056 0 0.729492 0.892188 0.68125 0.0375 0.095833 0 0.71875 0.074231 0.940972 0.069507 0.118056 3 0.67041 0.524219 0.878472 0.069531 0.195833 2 0.624512 0.8125 0.505556 0.029687 0.065278 0 0.546875 0.417969 0.445139 0.025 0.056944 9 0.482422 0.365039 0.434028 0.054297 0.073611 1 0.458984 0.335547 0.495833 0.016406 0.047917 3 0.457031 0.625 0.452778 0.032813 0.0625 1 0.434082 0.703906 0.940972 0.03125 0.102778 1 0.346924 0.011218 0.922222 0.022437 0.1 10 0.321777 0.965625 0.804861 0.06875 0.341667 0 0.284668 0.793359 0.452083 0.021094 0.051389 6 0.218628 0.965625 0.784722 0.06875 0.295833 10 0.141235 0.493359 0.35217 0.086719 0.110938 0 0.104492 0.078906 0.645486 0.031445 0.065278
CCTV01^20260318-110000-20260318-120000_000206,10 0.844727 0.102832 0.520833 0.157813 0.186111 10 0.812988 0.207471 0.430556 0.105371 0.132639 2 0.747559 0.828125 0.738889 0.040625 0.108333 2 0.746094 0.245117 0.933333 0.070703 0.133333 0 0.716797 0.687109 0.733333 0.032813 0.106944 3 0.680664 0.277734 0.717361 0.071875 0.1125 0 0.663574 0.821875 0.529167 0.028125 0.061111 3 0.658203 0.524219 0.879167 0.070312 0.197222 2 0.647949 0.858594 0.952083 0.06875 0.095833 3 0.629883 0.84375 0.509028 0.046875 0.070833 9 0.609375 0.763281 0.888889 0.1 0.211111 1 0.598145 0.235547 0.584028 0.021094 0.059722 3 0.562012 0.464063 0.438194 0.045313 0.054167 0 0.554688 0.285547 0.484028 0.021094 0.054167 1 0.458984 0.708203 0.551389 0.019531 0.061111 1 0.445557 0.764844 0.688889 0.022656 0.088889 10 0.415771 0.923438 0.833681 0.153125 0.332639 1 0.392334 0.01604 0.883333 0.03208 0.094444 0 0.352295 0.267188 0.476389 0.021094 0.060417 10 0.317383 0.701172 0.395486 0.0625 0.149306 2 0.267334 0.771094 0.390972 0.023438 0.047222 0 0.217285 0.790234 0.424653 0.022656 0.052083 2 0.201782 0.923438 0.664583 0.08125 0.109722 0 0.166626 0.207617 0.497222 0.025391 0.055556
CCTV01^20260318-110000-20260318-120000_000210,10 0.836426 0.103125 0.521181 0.158594 0.185417 10 0.827637 0.207764 0.431944 0.104785 0.135417 7 0.791992 0.324023 0.490972 0.044141 0.098611 2 0.78418 0.729688 0.861806 0.048438 0.129167 3 0.779785 0.216406 0.863889 0.083984 0.136111 0 0.751953 0.282422 0.502431 0.022656 0.061111 0 0.732422 0.251953 0.517361 0.021875 0.052778 9 0.715332 0.746875 0.639583 0.098438 0.216667 2 0.686035 0.814844 0.536111 0.025 0.065278 3 0.666992 0.378125 0.56875 0.057031 0.071528 3 0.666992 0.524219 0.878472 0.069531 0.195833 9 0.656738 0.324023 0.490972 0.044922 0.097222 3 0.633301 0.701563 0.508333 0.046875 0.068056 3 0.611328 0.976562 0.88125 0.045313 0.138889 2 0.604004 0.902344 0.546528 0.035937 0.072222 1 0.550781 0.267188 0.9 0.034375 0.094444 0 0.550781 0.344531 0.957986 0.063281 0.084028 1 0.511719 0.073926 0.716667 0.039844 0.070833 0 0.470703 0.826563 0.479167 0.025 0.044444 9 0.464844 0.229492 0.627431 0.063672 0.132639 0 0.455078 0.258594 0.475694 0.017969 0.043056 1 0.443604 0.358594 0.438889 0.017578 0.041667 0 0.428223 0.30625 0.435417 0.019531 0.046528 1 0.375732 0.796094 0.460069 0.015625 0.045139 2 0.334473 0.334375 0.388194 0.017969 0.041667 0 0.305664 0.9875 0.959028 0.025 0.081944 0 0.265869 0.853125 0.735417 0.0375 0.051389 2 0.153076 0.308594 0.978472 0.100781 0.043056 6 0.150513 0.876563 0.873611 0.159375 0.252778 0 0.143188 0.184082 0.564583 0.03418 0.065278 0 0.128052 0.010101 0.767361 0.020203 0.086111 0 0.113953 0.014551 0.747222 0.029102 0.133333
CCTV01^20260318-110000-20260318-120000_000214,10 0.845703 0.103223 0.521181 0.1625 0.188194 10 0.829102 0.208545 0.434028 0.104004 0.141667 10 0.782715 0.783594 0.762674 0.157813 0.388542 2 0.764648 0.285156 0.781944 0.045313 0.111111 0 0.750488 0.084863 0.838889 0.051367 0.102778 2 0.73584 0.285352 0.65625 0.035937 0.090278 0 0.726562 0.174023 0.679167 0.038281 0.094444 2 0.725098 0.971094 0.685069 0.04375 0.088194 0 0.716797 0.276563 0.496528 0.028125 0.063889 3 0.702637 0.661719 0.533333 0.042188 0.08125 3 0.680664 0.524219 0.877778 0.06875 0.194444 0 0.679199 0.332031 0.456597 0.022656 0.057639 2 0.624512 0.825781 0.446528 0.026563 0.052083 0 0.624512 0.834375 0.499306 0.028125 0.068056 3 0.604004 0.702344 0.454861 0.0375 0.065278 1 0.550781 0.356641 0.465278 0.016406 0.045833 1 0.537109 0.372656 0.520139 0.016406 0.051389 9 0.519531 0.934375 0.834722 0.128125 0.258333 1 0.480469 0.806445 0.590972 0.018359 0.068056 10 0.480469 0.051758 0.777604 0.103516 0.319792 1 0.474609 0.397656 0.508333 0.019531 0.050694 0 0.432129 0.760156 0.430208 0.020313 0.059722 0 0.394287 0.928125 0.684375 0.034375 0.06875 2 0.390381 0.878125 0.612153 0.034375 0.081944 7 0.217285 0.310937 0.429167 0.040625 0.075 0 0.177856 0.420703 0.488889 0.019531 0.05 1 0.175537 0.421094 0.488889 0.021094 0.055556 2 0.166138 0.500781 0.374653 0.021875 0.047222 9 0.131226 0.310352 0.429167 0.041016 0.075694 10 0.120422 0.640625 0.409722 0.05 0.120833
CCTV01^20260318-110000-20260318-120000_000218,10 0.831055 0.103125 0.523611 0.162891 0.190278 10 0.82666 0.208398 0.430903 0.108594 0.141667 10 0.779785 0.099902 0.664931 0.199805 0.286806 0 0.769043 0.85625 0.769444 0.045313 0.105556 0 0.723145 0.248828 0.927083 0.054688 0.131944 3 0.716797 0.772656 0.582639 0.051562 0.088194 0 0.708984 0.316016 0.933333 0.044922 0.109722 3 0.708984 0.80625 0.78125 0.053125 0.147222 3 0.697754 0.6875 0.638889 0.046875 0.104167 0 0.692871 0.339063 0.464236 0.022656 0.055556 3 0.684082 0.853125 0.946528 0.075 0.106944 3 0.679199 0.524219 0.878472 0.06875 0.194444 0 0.67041 0.258984 0.795139 0.040625 0.101389 3 0.625977 0.666016 0.478472 0.039844 0.064583 2 0.600098 0.96875 0.651389 0.05 0.094444 0 0.594727 0.659375 0.541667 0.029687 0.077778 1 0.556641 0.266406 0.648611 0.022656 0.069444 10 0.544922 0.750781 0.766667 0.115625 0.333333 6 0.542969 0.752344 0.768056 0.1125 0.330556 1 0.484375 0.895312 0.759722 0.028125 0.083333 0 0.414795 0.386719 0.904167 0.036719 0.088889 3 0.373779 0.504687 0.379167 0.035937 0.051389 0 0.273682 0.786328 0.439583 0.021094 0.058333 0 0.185303 0.598047 0.471528 0.036719 0.068056 4 0.158203 0.598828 0.470833 0.034375 0.065278 2 0.15564 0.414062 0.386458 0.035156 0.058333 1 0.146118 0.385547 0.904167 0.0375 0.086111 0 0.133423 0.255078 0.455556 0.025781 0.059028 3 0.131226 0.9875 0.934028 0.023438 0.131944 0 0.11084 0.520312 0.403125 0.023438 0.047917 1 0.104858 0.889063 0.580556 0.025 0.061111 6 0.10376 0.414453 0.386806 0.036719 0.058333
CCTV01^20260318-110000-20260318-120000_000222,10 0.849121 0.103613 0.525 0.163086 0.195833 10 0.82666 0.207617 0.431944 0.107031 0.1375 2 0.773438 0.337109 0.628472 0.039844 0.0875 10 0.767578 0.12373 0.626736 0.183008 0.254861 3 0.675781 0.415234 0.507639 0.051562 0.061111 3 0.673828 0.26875 0.638542 0.049219 0.081944 3 0.666992 0.524219 0.878472 0.069531 0.195833 0 0.640625 0.9125 0.643056 0.03125 0.079167 0 0.616699 0.128711 0.806944 0.041406 0.105556 0 0.602051 0.138477 0.886111 0.044922 0.115278 0 0.584961 0.796484 0.509028 0.022656 0.064583 1 0.550781 0.235156 0.756944 0.029687 0.075 0 0.529297 0.325391 0.456944 0.021875 0.045833 0 0.525391 0.885938 0.566319 0.025 0.071528 4 0.496094 0.851562 0.836111 0.0625 0.169444 1 0.46875 0.821875 0.697222 0.025 0.083333 1 0.414795 0.725781 0.528472 0.017188 0.058333 1 0.395996 0.686719 0.452083 0.015625 0.047222 1 0.379395 0.123535 0.731944 0.038867 0.055556 7 0.313965 0.851562 0.836111 0.0625 0.176389 0 0.276611 0.313672 0.432639 0.020703 0.05 6 0.204956 0.433594 0.386806 0.071094 0.072222 1 0.196777 0.814258 0.472917 0.030859 0.048611 0 0.161865 0.367188 0.4125 0.029687 0.0625 0 0.147095 0.809375 0.467361 0.032813 0.051389 1 0.131592 0.795313 0.660417 0.017188 0.061111 0 0.118774 0.25625 0.447569 0.027344 0.066667 1 0.117554 0.716406 0.666667 0.026563 0.072222
CCTV01^20260318-110000-20260318-120000_000226,10 0.844727 0.10293 0.525 0.161914 0.194444 10 0.833496 0.207227 0.429861 0.107031 0.134028 0 0.759277 0.801367 0.674306 0.028516 0.095833 0 0.747559 0.713281 0.638889 0.028125 0.089583 6 0.740234 0.083447 0.790972 0.166895 0.298611 0 0.713867 0.335547 0.863889 0.037891 0.102778 10 0.689453 0.144336 0.592361 0.170703 0.215278 0 0.6875 0.804883 0.522222 0.027734 0.072222 0 0.677246 0.379297 0.426389 0.021094 0.051389 3 0.672363 0.524219 0.878472 0.06875 0.195833 0 0.67041 0.234961 0.592361 0.033594 0.070833 2 0.651367 0.826563 0.509722 0.026563 0.0625 3 0.640625 0.439844 0.461111 0.04375 0.056944 0 0.629883 0.253906 0.493403 0.025781 0.065972 6 0.569824 0.144702 0.592361 0.171924 0.216667 4 0.503906 0.305664 0.577778 0.053516 0.097917 0 0.490234 0.834375 0.615972 0.03125 0.098611 1 0.488281 0.713281 0.46875 0.015625 0.047222 1 0.470703 0.267188 0.7625 0.028125 0.063889 1 0.460938 0.674219 0.467361 0.020313 0.05 0 0.401611 0.849219 0.492361 0.025 0.063194 0 0.352295 0.305664 0.409722 0.019531 0.048611 1 0.256836 0.368359 0.947222 0.035156 0.086111 9 0.254639 0.305469 0.579861 0.053906 0.097222 2 0.177246 0.403516 0.391319 0.032813 0.045139 0 0.174438 0.835938 0.632986 0.028125 0.059028 0 0.150513 0.822656 0.469444 0.01875 0.043056 1 0.103027 0.810938 0.443403 0.01875 0.043056
CCTV01^20260318-110000-20260318-120000_000230,10 0.837402 0.103125 0.520833 0.158594 0.186111 6 0.803223 0.344922 0.469444 0.092969 0.139583 10 0.791992 0.209375 0.43125 0.105078 0.1375 10 0.785156 0.236279 0.494444 0.141504 0.165972 10 0.770508 0.149438 0.670833 0.193701 0.280556 0 0.754883 0.292969 0.609028 0.031641 0.076389 0 0.723145 0.251563 0.868056 0.046875 0.108333 0 0.682617 0.310547 0.565625 0.024219 0.065278 3 0.67041 0.524219 0.879167 0.070312 0.194444 0 0.660156 0.808594 0.453819 0.020313 0.052778 9 0.649414 0.685938 0.436806 0.05625 0.115278 0 0.616699 0.094043 0.8375 0.049414 0.102778 0 0.57373 0.851562 0.55 0.028125 0.066667 2 0.548828 0.973437 0.805556 0.053125 0.133333 1 0.521484 0.861719 0.804861 0.028125 0.101389 1 0.509766 0.815625 0.731944 0.028125 0.084722 5 0.488281 0.777344 0.896528 0.085938 0.206944 1 0.458984 0.821094 0.881944 0.028125 0.086111 0 0.432129 0.875 0.527083 0.025 0.076389 0 0.430176 0.285938 0.547917 0.025781 0.056944 10 0.349609 0.344922 0.46875 0.09375 0.139583 10 0.344238 0.034082 0.7625 0.067773 0.277778 0 0.339844 0.975 0.805556 0.05 0.136111 0 0.324219 0.510547 0.442014 0.01875 0.049306 3 0.199951 0.778906 0.895833 0.092188 0.208333 1 0.147095 0.500391 0.399306 0.014063 0.038889 0 0.125488 0.9875 0.935417 0.025 0.129167 0 0.122925 0.98125 0.722222 0.03125 0.097222
CCTV01^20260318-110000-20260318-120000_000234,10 0.852051 0.103027 0.520833 0.158789 0.186111 6 0.849121 0.071387 0.805556 0.142773 0.280556 10 0.812988 0.209961 0.431944 0.108984 0.1375 7 0.79834 0.736719 0.940972 0.071875 0.118056 6 0.770508 0.270508 0.854167 0.159375 0.291667 10 0.762207 0.201367 0.588542 0.128516 0.225694 10 0.757812 0.3 0.45625 0.15 0.158333 0 0.732422 0.801562 0.576736 0.032813 0.08125 0 0.729492 0.167383 0.944444 0.046094 0.102778 0 0.70752 0.85625 0.540278 0.028125 0.079167 3 0.704102 0.718359 0.601389 0.05 0.091667 10 0.692871 0.810938 0.811806 0.164062 0.376389 3 0.677246 0.341406 0.610417 0.054688 0.077778 3 0.67041 0.667969 0.509722 0.039062 0.075 3 0.666992 0.524219 0.878472 0.070312 0.193056 3 0.649414 0.251953 0.696528 0.063281 0.079167 10 0.618652 0.478125 0.384028 0.084375 0.130556 3 0.602051 0.692578 0.448958 0.035156 0.063194 1 0.556641 0.303516 0.667361 0.025 0.068056 6 0.53125 0.054297 0.705382 0.108594 0.242014 1 0.521484 0.289648 0.574306 0.020313 0.057639 7 0.478516 0.946094 0.819444 0.09375 0.186111 0 0.455078 0.127734 0.679861 0.032422 0.080556 7 0.445557 0.654297 0.407292 0.032031 0.072917 1 0.418701 0.473438 0.470833 0.020313 0.044444 9 0.359375 0.946875 0.819444 0.095312 0.183333 4 0.32251 0.777734 0.484722 0.035156 0.073611 3 0.313965 0.778516 0.485069 0.035937 0.073611 6 0.307373 0.202393 0.589583 0.12959 0.227778 0 0.284668 0.807617 0.516319 0.025391 0.065278 12 0.284668 0.946875 0.820139 0.096875 0.184722 4 0.24939 0.946875 0.819444 0.09375 0.183333 7 0.172119 0.271484 0.852778 0.158203 0.294444 1 0.133911 0.157422 0.535417 0.025781 0.047917 9 0.113159 0.270703 0.854167 0.160938 0.291667 0 0.10376 0.811133 0.472917 0.024609 0.05
CCTV01^20260318-110000-20260318-120000_000238,6 0.918457 0.172461 0.689583 0.195703 0.248611 6 0.884277 0.287109 0.545833 0.059375 0.163889 10 0.816406 0.103149 0.521528 0.158545 0.188889 3 0.803223 0.263477 0.831944 0.066406 0.122222 3 0.801758 0.915625 0.819444 0.101562 0.141667 10 0.775879 0.209375 0.430556 0.105078 0.133333 6 0.753418 0.441797 0.384028 0.091406 0.10625 0 0.737305 0.337891 0.588194 0.033594 0.076389 0 0.723145 0.355859 0.528472 0.027344 0.066667 0 0.694336 0.804688 0.578819 0.026563 0.065972 0 0.689453 0.770312 0.852778 0.039062 0.108333 10 0.682617 0.340625 0.436111 0.159375 0.144444 3 0.680664 0.281641 0.7125 0.070312 0.1 0 0.660156 0.867188 0.515972 0.025 0.065278 3 0.654785 0.524609 0.879167 0.06875 0.194444 0 0.629883 0.857813 0.596528 0.029687 0.080556 10 0.602051 0.208203 0.531944 0.075391 0.165278 0 0.571777 0.895312 0.569444 0.028125 0.094444 1 0.546875 0.690625 0.535417 0.015625 0.054167 1 0.488281 0.396484 0.546875 0.017188 0.053472 1 0.480469 0.237109 0.723611 0.025781 0.073611 4 0.453369 0.322461 0.918403 0.08125 0.163194 3 0.389648 0.148535 0.966667 0.094336 0.066667 0 0.386719 0.462891 0.474306 0.024219 0.047222 0 0.38501 0.779688 0.452778 0.01875 0.054861 0 0.381104 0.784375 0.535417 0.023438 0.072917 0 0.368408 0.835938 0.4875 0.021875 0.050694 2 0.368408 0.022278 0.983333 0.044263 0.033333 1 0.359375 0.183984 0.801389 0.03125 0.083333 2 0.309082 0.828906 0.459028 0.028125 0.051389 1 0.303955 0.804688 0.833333 0.025 0.088889 1 0.269043 0.432813 0.477778 0.017969 0.048611 10 0.221313 0.077539 0.69375 0.155078 0.284722 7 0.189575 0.323438 0.917361 0.086328 0.165278 1 0.154541 0.783594 0.540625 0.023438 0.072222 2 0.137085 0.365625 0.597917 0.042188 0.060417 10 0.135254 0.047241 0.718056 0.093896 0.308333 1 0.128906 0.655078 0.434028 0.021094 0.052778 3 0.10968 0.366016 0.598958 0.04375 0.066667 6 0.100525 0.052734 0.715104 0.105469 0.322569
CCTV01^20260318-110000-20260318-120000_000242,6 0.93457 0.308594 0.532292 0.119531 0.177083 3 0.829102 0.177734 0.825 0.078906 0.127778 10 0.827637 0.103027 0.521528 0.161523 0.190278 10 0.809082 0.139063 0.638194 0.236719 0.263889 3 0.795898 0.241406 0.931944 0.077344 0.136111 10 0.762207 0.673828 0.491319 0.089063 0.199306 0 0.744629 0.309766 0.806944 0.035156 0.091667 0 0.73584 0.340625 0.879167 0.055469 0.127778 2 0.729492 0.876563 0.58125 0.05 0.104167 0 0.723145 0.139258 0.747396 0.044141 0.099653 2 0.72168 0.199609 0.715451 0.049609 0.094097 0 0.704102 0.275391 0.781944 0.032031 0.081944 10 0.673828 0.209375 0.432292 0.108203 0.139583 3 0.668945 0.524219 0.878472 0.06875 0.195833 2 0.662109 0.821875 0.472569 0.025 0.060417 0 0.660156 0.757422 0.906944 0.042969 0.104167 0 0.654785 0.964063 0.693056 0.034375 0.101389 7 0.649414 0.387695 0.482639 0.035547 0.086111 2 0.645996 0.83125 0.63125 0.0375 0.086806 0 0.620605 0.797656 0.486111 0.025 0.063194 5 0.616699 0.340625 0.626736 0.0625 0.111111 5 0.598145 0.275195 0.651736 0.073047 0.114583 0 0.592773 0.808594 0.806944 0.042188 0.102778 10 0.558105 0.245752 0.472917 0.103027 0.156944 0 0.546875 0.040088 0.891667 0.072949 0.133333 1 0.541016 0.315625 0.714583 0.025781 0.063889 1 0.496094 0.229687 0.775 0.028906 0.077778 2 0.458984 0.985156 0.798611 0.029687 0.119444 10 0.419678 0.413184 0.404861 0.131445 0.130556 0 0.414795 0.23418 0.638889 0.032422 0.073611 1 0.405518 0.292969 0.709028 0.025781 0.065278 1 0.350342 0.250391 0.727083 0.035937 0.073611 10 0.346924 0.674219 0.337674 0.048438 0.107986 10 0.31665 0.048975 0.813715 0.097461 0.325347 0 0.307373 0.309766 0.958681 0.05625 0.082639 1 0.279785 0.402344 0.522222 0.021875 0.05 6 0.269043 0.047974 0.80434 0.095947 0.291319 0 0.190674 0.990625 0.712674 0.01875 0.085764 6 0.153076 0.317188 0.447917 0.075391 0.118056
CCTV01^20260318-110000-20260318-120000_000246,6 0.958008 0.351367 0.479861 0.100391 0.148611 10 0.829102 0.102832 0.524306 0.158398 0.194444 10 0.827637 0.208154 0.431597 0.107129 0.138194 3 0.796875 0.230664 0.722917 0.064062 0.104167 10 0.774414 0.191406 0.601389 0.205078 0.243056 0 0.760742 0.314453 0.917361 0.052344 0.118056 0 0.759277 0.323438 0.694792 0.033984 0.086806 3 0.740234 0.275781 0.758333 0.058984 0.111111 2 0.729492 0.920313 0.642014 0.0625 0.11875 0 0.710449 0.240625 0.819444 0.038281 0.091667 0 0.697754 0.171777 0.731771 0.040039 0.092014 2 0.692871 0.675781 0.475347 0.028125 0.063194 0 0.690918 0.35 0.552778 0.029687 0.069444 2 0.684082 0.133984 0.859722 0.051953 0.130556 3 0.666992 0.524219 0.878472 0.069531 0.195833 3 0.662109 0.292188 0.634722 0.064062 0.083333 3 0.651367 0.241016 0.931597 0.075781 0.136806 0 0.618652 0.395508 0.540278 0.030859 0.066667 0 0.616699 0.93125 0.722049 0.046875 0.103125 2 0.556641 0.468359 0.432639 0.028125 0.055556 0 0.53125 0.289062 0.8125 0.0375 0.090278 1 0.521484 0.185938 0.888194 0.030859 0.086111 0 0.505859 0.279883 0.592014 0.039453 0.067361 10 0.505859 0.065918 0.792361 0.131836 0.330556 0 0.492188 0.326562 0.635764 0.033594 0.072917 1 0.466797 0.832812 0.669792 0.025 0.08125 0 0.445557 0.830469 0.459028 0.021875 0.056944 0 0.422607 0.421094 0.496181 0.021875 0.056944 1 0.418701 0.319336 0.570833 0.021875 0.045833 4 0.407227 0.353516 0.870833 0.088281 0.163889 0 0.379395 0.444922 0.473611 0.021094 0.048611 2 0.377441 0.988281 0.830556 0.023438 0.127778 7 0.310791 0.353906 0.870833 0.088281 0.163889 10 0.309082 0.674219 0.338542 0.049219 0.107639 1 0.303955 0.491406 0.4625 0.01875 0.048611 0 0.267334 0.784375 0.9625 0.045313 0.075 2 0.218628 0.406934 0.441667 0.02207 0.054167 5 0.209473 0.524219 0.370486 0.0375 0.056944 10 0.136108 0.465625 0.368663 0.09375 0.11684 0 0.12085 0.98125 0.668056 0.026563 0.086111 3 0.114746 0.986719 0.830556 0.026563 0.141667 1 0.106323 0.98125 0.66875 0.026563 0.0875
CCTV01^20260318-110000-20260318-120000_000250,7 0.880859 0.312695 0.584028 0.041016 0.072222 10 0.854004 0.102539 0.522569 0.160938 0.190278 10 0.805664 0.208008 0.432639 0.103125 0.1375 10 0.79834 0.846094 0.652778 0.171875 0.297222 10 0.792969 0.303516 0.511806 0.167187 0.198611 3 0.785156 0.271094 0.888889 0.078906 0.163889 6 0.730957 0.408691 0.413889 0.081055 0.127778 2 0.723145 0.241797 0.695833 0.048047 0.086111 0 0.715332 0.324023 0.659722 0.030859 0.073611 6 0.710449 0.10332 0.830556 0.206641 0.325 0 0.70752 0.320508 0.734722 0.03125 0.070833 0 0.704102 0.335547 0.856944 0.042188 0.108333 2 0.680664 0.3 0.652083 0.051562 0.089583 3 0.673828 0.524219 0.879167 0.069531 0.194444 10 0.613281 0.105566 0.696181 0.211133 0.282639 0 0.57959 0.163867 0.881944 0.048828 0.111111 3 0.575684 0.267188 0.752951 0.063281 0.119097 3 0.533203 0.489063 0.45 0.0375 0.054167 0 0.486328 0.798047 0.451736 0.022656 0.059028 0 0.435791 0.401172 0.496528 0.030469 0.068056 2 0.395996 0.229297 0.615278 0.035937 0.086111 0 0.379395 0.265234 0.613194 0.027734 0.063889 1 0.245117 0.646094 0.471528 0.017188 0.05625 1 0.225464 0.455078 0.445139 0.017188 0.045833 2 0.214722 0.925 0.649653 0.059375 0.122917 0 0.14856 0.213086 0.580556 0.033203 0.0625 10 0.102661 0.291016 0.373611 0.085938 0.120139
CCTV01^20260318-110000-20260318-120000_000255,10 0.836426 0.102539 0.520139 0.160938 0.184722 10 0.832031 0.207764 0.43125 0.104004 0.133333 6 0.830078 0.395117 0.494444 0.106641 0.14375 10 0.791992 0.266406 0.545139 0.163281 0.205556 3 0.786621 0.308789 0.813194 0.065234 0.123611 2 0.782715 0.921875 0.645833 0.065625 0.126389 3 0.778809 0.355273 0.944444 0.110547 0.111111 0 0.771973 0.21875 0.735938 0.036719 0.100347 2 0.754883 0.25 0.693056 0.038672 0.090278 3 0.720215 0.302148 0.696528 0.057813 0.115278 0 0.712402 0.252734 0.890278 0.041406 0.108333 0 0.708984 0.772656 0.487153 0.029687 0.061111 2 0.695801 0.851562 0.624306 0.05 0.131944 2 0.686035 0.198242 0.845139 0.050391 0.113889 3 0.682617 0.524219 0.877778 0.069531 0.194444 3 0.602051 0.7375 0.564583 0.057813 0.115278 10 0.571777 0.395898 0.495139 0.106641 0.147222 1 0.523438 0.380469 0.848611 0.035156 0.080556 1 0.503906 0.246094 0.797222 0.026953 0.079167 1 0.490234 0.907813 0.724306 0.040625 0.075 5 0.480469 0.736719 0.564931 0.057813 0.114583 6 0.413086 0.056494 0.859028 0.112988 0.281944 1 0.386719 0.621094 0.472222 0.017188 0.051389 1 0.354004 0.124023 0.769444 0.038867 0.075 0 0.339844 0.338672 0.619792 0.03125 0.063194 5 0.336426 0.3 0.603472 0.082813 0.105556 0 0.334473 0.032642 0.695139 0.050537 0.094444 0 0.327637 0.134375 0.96875 0.040625 0.0625 2 0.307373 0.469531 0.477083 0.029687 0.051389 4 0.284668 0.203125 0.939583 0.085547 0.120833 7 0.256836 0.491016 0.441667 0.04375 0.058333 0 0.253906 0.146289 0.96875 0.073047 0.0625 3 0.252441 0.490234 0.439583 0.042188 0.054167 0 0.194336 0.109766 0.713194 0.059766 0.077778 7 0.179565 0.056885 0.856597 0.11377 0.286806 0 0.178345 0.99375 0.711285 0.0125 0.085764 10 0.169922 0.292969 0.371875 0.073438 0.120139 2 0.153564 0.512109 0.370833 0.021875 0.044444 10 0.151489 0.056152 0.857639 0.112305 0.284722 6 0.146118 0.299609 0.603472 0.085156 0.105556 6 0.137085 0.418359 0.398264 0.097656 0.120139 1 0.132935 0.182812 0.778472 0.030859 0.086111 1 0.108582 0.3375 0.622917 0.032813 0.066667 9 0.10376 0.301172 0.604861 0.085156 0.104167
CCTV01^20260318-110000-20260318-120000_000259,3 0.851074 0.266016 0.839583 0.058594 0.123611 2 0.850098 0.921875 0.651389 0.0625 0.126389 10 0.845703 0.10293 0.521528 0.162109 0.1875 10 0.839844 0.207031 0.431944 0.103125 0.138889 10 0.800781 0.077979 0.731771 0.14834 0.322569 2 0.759277 0.283203 0.713715 0.040625 0.097569 3 0.759277 0.201172 0.769444 0.063672 0.127778 2 0.732422 0.810156 0.552778 0.028125 0.072222 2 0.728027 0.331641 0.759028 0.042188 0.104167 0 0.71875 0.237109 0.615625 0.033594 0.078472 2 0.692871 0.820312 0.722396 0.040625 0.102431 3 0.689453 0.296094 0.632639 0.061719 0.081944 0 0.679199 0.757031 0.495833 0.025 0.066667 3 0.673828 0.374609 0.592361 0.060938 0.069444 3 0.663574 0.524219 0.878472 0.06875 0.195833 0 0.638672 0.978125 0.844444 0.04375 0.130556 0 0.625977 0.218359 0.576389 0.025781 0.061111 0 0.620605 0.628125 0.567708 0.025 0.070833 10 0.613281 0.417578 0.410417 0.103125 0.130556 0 0.600098 0.320898 0.480556 0.023438 0.054861 7 0.583008 0.255859 0.542361 0.046094 0.077778 3 0.563965 0.452734 0.48125 0.046094 0.051389 1 0.562012 0.346484 0.552778 0.025 0.052778 2 0.544922 0.290625 0.435417 0.025391 0.048611 1 0.509766 0.320703 0.659028 0.021094 0.058333 0 0.482422 0.825 0.448264 0.023438 0.05625 3 0.443604 0.507031 0.440972 0.0375 0.0625 1 0.443604 0.292188 0.489583 0.014844 0.047222 1 0.424316 0.057666 0.942361 0.055664 0.090278 1 0.403564 0.907813 0.83125 0.028125 0.093056 1 0.395996 0.817969 0.504167 0.01875 0.046528 2 0.379395 0.434766 0.45625 0.044531 0.072222 1 0.354004 0.968359 0.960069 0.063281 0.079861 6 0.270508 0.507422 0.378385 0.067969 0.094618 0 0.269043 0.173242 0.604167 0.023828 0.056944 0 0.265869 0.20918 0.525694 0.032813 0.058333 1 0.258301 0.345703 0.828472 0.029687 0.070833 0 0.258301 0.347266 0.830556 0.027344 0.069444 4 0.256836 0.25625 0.543056 0.045313 0.077778 3 0.250977 0.090332 0.979167 0.101562 0.041667 9 0.219971 0.256055 0.54375 0.044922 0.077778 0 0.195557 0.274805 0.450694 0.021094 0.051389 1 0.144653 0.364453 0.444444 0.017969 0.045139 0 0.123352 0.346094 0.423611 0.01875 0.05 1 0.112427 0.172852 0.604861 0.025391 0.056944 2 0.103027 0.026318 0.649306 0.050293 0.095833
CCTV01^20260318-110000-20260318-120000_000263,10 0.834473 0.207764 0.427778 0.104004 0.130556 10 0.831055 0.103125 0.523611 0.161719 0.191667 10 0.803223 0.156445 0.589583 0.134766 0.229167 3 0.79834 0.177148 0.801389 0.072656 0.119444 0 0.775879 0.7875 0.720833 0.03125 0.098611 0 0.760742 0.7875 0.617361 0.028125 0.079861 0 0.750488 0.330273 0.651042 0.028906 0.075 3 0.750488 0.253906 0.8 0.064062 0.122222 0 0.747559 0.735156 0.620139 0.025781 0.083333 6 0.744629 0.400391 0.45625 0.06875 0.094444 0 0.73877 0.263672 0.546875 0.026563 0.061806 0 0.737305 0.307422 0.485069 0.024219 0.061111 9 0.675781 0.27832 0.644444 0.074219 0.151389 3 0.662109 0.524219 0.879167 0.069531 0.194444 4 0.647949 0.333594 0.920139 0.075781 0.158333 0 0.635254 0.857031 0.632639 0.029687 0.091667 0 0.607422 0.626172 0.568056 0.029687 0.070833 4 0.59082 0.396875 0.534028 0.05625 0.088889 1 0.577637 0.241992 0.605556 0.022266 0.05625 2 0.57373 0.485156 0.445139 0.03125 0.055556 1 0.57373 0.216016 0.654861 0.024219 0.065972 3 0.527344 0.44375 0.479167 0.045313 0.051389 1 0.521484 0.35332 0.495139 0.018359 0.048611 3 0.474609 0.292578 0.56875 0.046875 0.052778 3 0.371094 0.114258 0.948611 0.114648 0.102778 1 0.341553 0.902344 0.653472 0.026563 0.0875 10 0.34082 0.020068 0.647222 0.040137 0.240278 3 0.297363 0.510938 0.410069 0.034375 0.044444 4 0.282959 0.925 0.889583 0.1375 0.220833 1 0.229492 0.991406 0.722917 0.017188 0.091667 4 0.228149 0.29375 0.447917 0.033594 0.067361 0 0.213379 0.258984 0.476389 0.024609 0.052778 0 0.186523 0.769531 0.409722 0.01875 0.051389 2 0.183594 0.399805 0.45625 0.068359 0.096528 10 0.118774 0.300781 0.375347 0.059766 0.115278 0 0.10968 0.018921 0.822917 0.037842 0.169444
CCTV01^20260318-110000-20260318-120000_000267,10 0.852051 0.253467 0.488889 0.143848 0.175 10 0.820801 0.103223 0.522917 0.160547 0.191667 10 0.800781 0.76875 0.594097 0.13125 0.260417 10 0.764648 0.207227 0.429514 0.104688 0.129167 0 0.744629 0.236914 0.633333 0.035156 0.071528 0 0.744629 0.234375 0.746007 0.032813 0.094097 0 0.700684 0.207422 0.678819 0.035937 0.078472 0 0.686035 0.175488 0.734028 0.041211 0.097222 2 0.677246 0.980469 0.728472 0.039062 0.091667 3 0.672363 0.524219 0.877778 0.069531 0.195833 3 0.67041 0.311523 0.66875 0.064844 0.086111 10 0.663574 0.095996 0.713889 0.191992 0.295833 0 0.658203 0.249609 0.836806 0.036719 0.095833 0 0.651367 0.349219 0.929167 0.048438 0.108333 3 0.647949 0.367383 0.511806 0.061719 0.068056 0 0.640625 0.860938 0.516667 0.025 0.066667 0 0.622559 0.796094 0.748611 0.0375 0.109722 5 0.604004 0.107788 0.823611 0.115283 0.161111 3 0.59082 0.401953 0.532639 0.045313 0.0625 0 0.542969 0.304102 0.513194 0.030078 0.065278 2 0.535156 0.029443 0.903472 0.058887 0.122222 3 0.529297 0.364844 0.438194 0.032031 0.048611 4 0.525391 0.359375 0.569792 0.047656 0.099306 7 0.498047 0.742188 0.880556 0.067188 0.219444 3 0.474609 0.42041 0.461806 0.043555 0.052778 3 0.435791 0.764063 0.479514 0.035156 0.057639 1 0.434082 0.684375 0.6125 0.023438 0.069444 1 0.432129 0.81875 0.933333 0.03125 0.1 10 0.336426 0.671875 0.386198 0.064062 0.134549 10 0.334473 0.026538 0.638889 0.053076 0.230556 3 0.319092 0.622656 0.402778 0.034375 0.06875 6 0.282959 0.775 0.400608 0.073438 0.119618 4 0.276611 0.456641 0.466667 0.051562 0.075 5 0.269775 0.303906 0.584722 0.066406 0.103472 3 0.26123 0.482031 0.435417 0.035937 0.048611 0 0.229492 0.625781 0.570833 0.029687 0.069444 3 0.209473 0.108301 0.823611 0.118555 0.163889 12 0.205566 0.389844 0.386111 0.048438 0.079167 7 0.178955 0.84375 0.601736 0.042188 0.088889 2 0.11676 0.303516 0.584028 0.064062 0.102778 10 0.104126 0.292969 0.363889 0.074219 0.111806
CCTV01^20260318-110000-20260318-120000_000271,7 0.872559 0.23125 0.755382 0.057031 0.147569 10 0.831055 0.103418 0.522917 0.161328 0.189583 10 0.823242 0.146387 0.648264 0.19707 0.272917 10 0.808105 0.208398 0.429861 0.105859 0.1375 6 0.79834 0.863281 0.538889 0.095312 0.184722 10 0.771973 0.345703 0.432986 0.139844 0.143056 3 0.754883 0.738281 0.893056 0.067188 0.159722 0 0.749023 0.265625 0.574306 0.023828 0.059722 0 0.747559 0.304688 0.847222 0.037891 0.113889 0 0.746094 0.306836 0.537847 0.023828 0.061806 0 0.733887 0.256836 0.875 0.040234 0.1 3 0.712402 0.711719 0.605556 0.054688 0.088889 2 0.695801 0.347266 0.500694 0.047656 0.081944 3 0.690918 0.729688 0.494444 0.0375 0.073611 0 0.675781 0.905469 0.943056 0.046875 0.109722 3 0.675781 0.524219 0.877778 0.069531 0.194444 3 0.638672 0.388281 0.566667 0.051562 0.079167 1 0.631836 0.305078 0.621181 0.027734 0.060417 2 0.607422 0.438281 0.462153 0.029687 0.0625 2 0.584961 0.979688 0.728472 0.040625 0.090278 1 0.57959 0.316016 0.9625 0.034766 0.075 9 0.571777 0.632031 0.425347 0.039062 0.106944 0 0.533203 0.629297 0.573958 0.025781 0.072917 0 0.509766 0.278711 0.495139 0.028906 0.056944 1 0.470703 0.383203 0.515278 0.01875 0.0375 1 0.453369 0.895312 0.8625 0.028125 0.088889 3 0.432129 0.471094 0.477778 0.040625 0.049306 10 0.424316 0.820508 0.645139 0.162109 0.297222 3 0.411133 0.473438 0.435069 0.0375 0.051389 2 0.407227 0.809375 0.489931 0.025 0.059722 2 0.366699 0.022339 0.949653 0.044385 0.100694 0 0.341553 0.258594 0.522222 0.022656 0.058333 6 0.341553 0.819531 0.65 0.165625 0.304167 4 0.307373 0.510547 0.394097 0.034375 0.056944 10 0.256104 0.027051 0.633333 0.054102 0.213889 7 0.255371 0.632031 0.424306 0.041406 0.105556 4 0.196167 0.23125 0.75625 0.058594 0.147222 2 0.10968 0.789062 0.455903 0.023438 0.059722
CCTV01^20260318-110000-20260318-120000_000275,6 0.883301 0.910937 0.632639 0.125 0.240278 6 0.853027 0.802344 0.715104 0.076563 0.217014 10 0.816406 0.103345 0.521181 0.162061 0.188194 10 0.795898 0.231445 0.565972 0.179297 0.223611 10 0.782715 0.209424 0.428472 0.106934 0.131944 9 0.769043 0.723437 0.621528 0.078906 0.173611 2 0.747559 0.864062 0.884722 0.053125 0.127778 2 0.692871 0.921094 0.828472 0.051562 0.122222 2 0.689453 0.359766 0.467708 0.035156 0.073611 0 0.6875 0.337109 0.840278 0.038281 0.111111 10 0.682617 0.4125 0.397135 0.125 0.126563 3 0.682617 0.523828 0.877778 0.069531 0.195833 0 0.668945 0.340234 0.610417 0.026563 0.063889 3 0.565918 0.667969 0.581944 0.04375 0.081944 0 0.565918 0.889063 0.7125 0.05 0.102778 1 0.560059 0.394922 0.548611 0.023438 0.056944 10 0.560059 0.249414 0.796528 0.140234 0.372222 3 0.550781 0.430469 0.474306 0.051562 0.066667 0 0.527344 0.88125 0.806944 0.048438 0.111111 3 0.509766 0.658594 0.51875 0.05 0.075 1 0.488281 0.326758 0.675 0.021094 0.065278 2 0.478516 0.980078 0.800694 0.039844 0.095833 2 0.474609 0.857031 0.512153 0.042188 0.084028 0 0.434082 0.323047 0.488889 0.021094 0.05 1 0.422607 0.753125 0.525 0.021875 0.063194 3 0.394287 0.816992 0.592361 0.041016 0.072222 1 0.390381 0.690625 0.734722 0.026563 0.077778 1 0.352295 0.779688 0.586111 0.021875 0.060417 1 0.291016 0.30918 0.906944 0.028906 0.091667 3 0.250977 0.489844 0.427778 0.039062 0.05 10 0.231567 0.063721 0.761806 0.127441 0.3 10 0.229492 0.029126 0.659028 0.058252 0.223611 2 0.217285 0.832031 0.447917 0.026563 0.058333 10 0.212036 0.116016 0.842361 0.232031 0.315278 0 0.20813 0.328516 0.439583 0.019531 0.052083 1 0.160278 0.316797 0.963889 0.039844 0.072222 7 0.129395 0.121289 0.836806 0.200391 0.318056
CCTV01^20260318-110000-20260318-120000_000279,10 0.82666 0.103345 0.523611 0.162061 0.191667 10 0.810547 0.208398 0.427778 0.105078 0.133333 10 0.767578 0.364063 0.460764 0.133594 0.155556 3 0.744629 0.767578 0.834722 0.058594 0.147222 3 0.73877 0.238623 0.919444 0.081348 0.155556 10 0.733887 0.176465 0.609028 0.200586 0.245833 0 0.71875 0.060059 0.747917 0.041602 0.104167 3 0.715332 0.732813 0.704861 0.057813 0.118056 3 0.682617 0.932031 0.875694 0.104688 0.169444 3 0.677246 0.524219 0.877778 0.070312 0.197222 10 0.666992 0.299609 0.642708 0.127734 0.270139 3 0.649414 0.750781 0.945139 0.073438 0.109722 10 0.645996 0.163672 0.775174 0.173828 0.369097 0 0.637207 0.329688 0.772222 0.035937 0.102778 0 0.62793 0.33457 0.873611 0.041797 0.094444 3 0.600098 0.380859 0.947222 0.110156 0.105556 11 0.517578 0.746875 0.532292 0.101562 0.186806 1 0.513672 0.306055 0.829167 0.029297 0.086111 2 0.478516 0.810156 0.456944 0.026563 0.059722 2 0.455078 0.015576 0.805556 0.031152 0.119444 9 0.411133 0.747266 0.532639 0.100781 0.1875 10 0.368408 0.953906 0.772396 0.092188 0.352431 1 0.295898 0.222266 0.827778 0.034375 0.080556 6 0.289307 0.953516 0.759896 0.092969 0.324653 0 0.281494 0.976562 0.980556 0.046875 0.038889 12 0.271973 0.842383 0.896528 0.105859 0.206944 10 0.26123 0.490625 0.345139 0.08125 0.111806 10 0.219971 0.017725 0.674306 0.035449 0.259722 8 0.218018 0.840625 0.895486 0.1 0.209028 1 0.201172 0.252734 0.806944 0.035156 0.086111 10 0.184814 0.680469 0.382986 0.060938 0.135417 6 0.112 0.301172 0.641319 0.127344 0.271528
CCTV01^20260318-110000-20260318-120000_000283,10 0.820801 0.265039 0.602083 0.146094 0.247222 10 0.810547 0.102832 0.522222 0.160547 0.190278 10 0.785156 0.208008 0.428472 0.103516 0.133333 3 0.744629 0.327344 0.845139 0.074219 0.134722 3 0.73877 0.269922 0.766667 0.076563 0.108333 10 0.733887 0.818945 0.690278 0.162109 0.327778 0 0.729492 0.253125 0.894444 0.04375 0.118056 3 0.692871 0.836719 0.931944 0.067188 0.136111 2 0.684082 0.950781 0.844444 0.054688 0.133333 10 0.673828 0.361914 0.454167 0.130078 0.158333 3 0.662109 0.524219 0.877778 0.070312 0.197222 0 0.644043 0.308984 0.685417 0.030078 0.072222 3 0.620605 0.364453 0.594444 0.0625 0.075 2 0.584961 0.951563 0.664583 0.04375 0.091667 3 0.535156 0.802344 0.503472 0.039062 0.075 9 0.527344 0.671094 0.470833 0.054688 0.127083 10 0.513672 0.090088 0.733333 0.180176 0.326389 6 0.501953 0.81875 0.690278 0.160938 0.322222 1 0.439697 0.392578 0.852778 0.032031 0.086111 2 0.432129 0.902344 0.590278 0.045313 0.078472 10 0.407227 0.093848 0.845139 0.187695 0.309722 1 0.401611 0.21875 0.841667 0.030469 0.083333 0 0.397949 0.982813 0.890972 0.034375 0.136111 2 0.394287 0.702734 0.472222 0.025781 0.0625 10 0.329346 0.484766 0.402083 0.085938 0.136806 2 0.264404 0.8375 0.931597 0.06875 0.136806 0 0.245117 0.990625 0.743229 0.01875 0.099653 5 0.216064 0.377344 0.927431 0.123438 0.145139 0 0.205566 0.354688 0.535069 0.024609 0.057639 11 0.192505 0.671094 0.469444 0.053125 0.127778 3 0.188965 0.164453 0.936806 0.091797 0.126389 1 0.150024 0.211719 0.898611 0.03125 0.063889 2 0.149536 0.230859 0.955556 0.055078 0.088889 3 0.108582 0.990625 0.950694 0.01875 0.098611
CCTV01^20260318-110000-20260318-120000_000287,10 0.804199 0.102954 0.518056 0.157764 0.180556 10 0.803223 0.208789 0.431944 0.105859 0.138194 10 0.800781 0.173926 0.73125 0.200195 0.331944 10 0.78418 0.304297 0.531944 0.174219 0.183333 2 0.759277 0.230078 0.870833 0.044531 0.127778 2 0.756348 0.900781 0.713194 0.0625 0.145833 3 0.725098 0.315234 0.676736 0.052344 0.092361 3 0.725098 0.251172 0.776389 0.075781 0.1125 3 0.702637 0.759766 0.678472 0.052344 0.122222 3 0.682617 0.524219 0.877778 0.069531 0.194444 3 0.65332 0.694141 0.470833 0.042188 0.065972 0 0.638672 0.426953 0.895833 0.058594 0.113889 10 0.637207 0.463281 0.415625 0.103125 0.142361 5 0.625977 0.311719 0.821528 0.076563 0.154167 11 0.620605 0.741406 0.867361 0.115625 0.265278 10 0.480469 0.062061 0.681944 0.123926 0.2875 3 0.46875 0.047485 0.876389 0.093604 0.155556 1 0.435791 0.787109 0.845833 0.036719 0.105556 0 0.424316 0.273438 0.629167 0.024219 0.061111 3 0.391357 0.160938 0.956944 0.095312 0.086111 2 0.377441 0.9875 0.744271 0.025 0.119792 5 0.377441 0.091504 0.936111 0.122461 0.127778 9 0.313965 0.741797 0.870139 0.117969 0.259722 0 0.30249 0.36875 0.838889 0.035547 0.086111 0 0.295898 0.957812 0.794444 0.04375 0.111111 0 0.282959 0.795313 0.467708 0.023438 0.059028 2 0.250977 0.928125 0.613889 0.05 0.081944 1 0.228149 0.201123 0.858333 0.03291 0.105556 7 0.222656 0.901563 0.711111 0.0625 0.141667 2 0.19812 0.3125 0.816667 0.075 0.147222 6 0.193726 0.924609 0.885069 0.150781 0.229861 10 0.176636 0.019421 0.634028 0.038647 0.201389 10 0.176636 0.921875 0.888889 0.15625 0.222222 3 0.162354 0.39375 0.94375 0.094531 0.1125 6 0.160767 0.344922 0.934028 0.210156 0.131944 7 0.151489 0.924219 0.884028 0.151562 0.231944 12 0.129883 0.11416 0.678819 0.106445 0.163194 1 0.125977 0.013867 0.83125 0.027051 0.070833
CCTV01^20260318-110000-20260318-120000_000291,10 0.810547 0.303516 0.570139 0.159375 0.219444 10 0.792969 0.103516 0.517708 0.160547 0.179861 10 0.788086 0.208203 0.430903 0.105469 0.134722 3 0.78125 0.844531 0.838889 0.095312 0.158333 6 0.779785 0.284375 0.894444 0.128125 0.211111 3 0.767578 0.316211 0.831944 0.069141 0.118056 0 0.741699 0.3125 0.707639 0.0375 0.091667 3 0.733887 0.218555 0.845833 0.077734 0.130556 2 0.72168 0.260938 0.70625 0.045313 0.091667 0 0.71875 0.345313 0.763889 0.039062 0.091667 10 0.702637 0.109668 0.627083 0.218945 0.258333 0 0.682617 0.652344 0.841667 0.039062 0.136111 3 0.672363 0.524219 0.877778 0.070312 0.194444 0 0.67041 0.272266 0.747222 0.033594 0.077778 0 0.647949 0.894531 0.660417 0.0375 0.0875 0 0.596191 0.9625 0.674653 0.0375 0.097917 5 0.565918 0.219531 0.704861 0.071094 0.131944 5 0.554688 0.677734 0.444792 0.041406 0.083333 10 0.554688 0.428516 0.445139 0.119531 0.145833 3 0.546875 0.142969 0.945486 0.083203 0.109028 0 0.484375 0.792188 0.469444 0.023438 0.054167 1 0.451416 0.842188 0.661111 0.025 0.083333 10 0.350342 0.026025 0.614583 0.051172 0.175 3 0.324219 0.476562 0.472917 0.045313 0.055556 0 0.29248 0.186914 0.641667 0.034766 0.079167 2 0.223999 0.25918 0.482639 0.025 0.055556 10 0.216675 0.053223 0.867708 0.106445 0.264583 6 0.203735 0.053467 0.869444 0.106934 0.261111 5 0.176636 0.378125 0.576389 0.069531 0.096528 1 0.171631 0.238867 0.758333 0.022656 0.051389 5 0.118408 0.40625 0.946528 0.105469 0.106944 1 0.105591 0.814844 0.454167 0.017188 0.048611
CCTV01^20260318-110000-20260318-120000_000295,6 0.905762 0.261719 0.86875 0.123047 0.255556 6 0.897461 0.821094 0.638542 0.08125 0.234028 10 0.825684 0.348828 0.520486 0.136719 0.196528 10 0.806641 0.103027 0.522222 0.160156 0.188889 10 0.790527 0.242236 0.516667 0.17334 0.179167 10 0.786621 0.208008 0.428472 0.10625 0.133333 3 0.785156 0.347656 0.860417 0.085547 0.123611 3 0.757812 0.154297 0.884028 0.072266 0.148611 10 0.756348 0.142944 0.706944 0.18833 0.301389 3 0.723145 0.302344 0.751215 0.053906 0.108681 2 0.71875 0.2625 0.683333 0.035156 0.093056 0 0.702637 0.651953 0.840278 0.040625 0.126389 2 0.692871 0.353906 0.941667 0.057031 0.115278 3 0.666992 0.524219 0.877778 0.069531 0.195833 0 0.660156 0.301758 0.660417 0.027734 0.066667 0 0.658203 0.75625 0.609722 0.029687 0.0875 3 0.631836 0.052734 0.921528 0.104688 0.156944 5 0.613281 0.285156 0.625694 0.078906 0.098611 10 0.600098 0.448047 0.429861 0.10625 0.136806 0 0.523438 0.228711 0.687847 0.028516 0.072917 3 0.457031 0.482422 0.463889 0.04375 0.055556 3 0.44751 0.112207 0.975347 0.09082 0.049306 5 0.401611 0.400879 0.538889 0.05293 0.086111 3 0.331055 0.985938 0.8875 0.028125 0.144444 0 0.276611 0.814844 0.467708 0.023438 0.059722 10 0.262207 0.035986 0.823958 0.071875 0.352083 10 0.195557 0.027124 0.630903 0.053369 0.202083 3 0.180054 0.080273 0.972222 0.157031 0.055556 0 0.157715 0.8375 0.504167 0.025 0.059722 6 0.151001 0.033887 0.807118 0.067773 0.305208 0 0.11438 0.354688 0.609375 0.032031 0.053472
CCTV01^20260318-110000-20260318-120000_000299,6 0.876465 0.258203 0.861111 0.116016 0.252778 10 0.811523 0.102734 0.521181 0.157422 0.186806 10 0.805664 0.20957 0.431597 0.105859 0.136806 10 0.795898 0.235986 0.576389 0.156934 0.218056 3 0.794434 0.327734 0.811111 0.076563 0.111111 3 0.786621 0.74375 0.805556 0.064062 0.144444 3 0.770508 0.42041 0.931944 0.099805 0.136111 3 0.757812 0.163477 0.841667 0.06875 0.136111 2 0.756348 0.258984 0.654167 0.034375 0.091667 10 0.71875 0.424316 0.431944 0.098242 0.134722 3 0.716797 0.954688 0.865278 0.090625 0.161111 3 0.712402 0.158398 0.734722 0.086328 0.106944 3 0.699219 0.300391 0.720833 0.047656 0.1 0 0.677246 0.790625 0.567361 0.026563 0.083333 3 0.672363 0.524219 0.878472 0.070312 0.197222 0 0.647949 0.301172 0.641319 0.026563 0.064583 5 0.613281 0.064893 0.85 0.129785 0.186111 5 0.594727 0.371484 0.520139 0.060156 0.079861 0 0.577637 0.930469 0.925 0.060938 0.15 0 0.575684 0.647266 0.838889 0.042188 0.129167 3 0.57373 0.118066 0.942361 0.071094 0.115278 0 0.567871 0.228711 0.679861 0.030078 0.075 10 0.554688 0.081055 0.731771 0.161914 0.322569 0 0.527344 0.773047 0.686111 0.032813 0.102778 2 0.511719 0.333594 0.894444 0.053125 0.126389 3 0.505859 0.479688 0.467361 0.044531 0.055556 10 0.466797 0.351758 0.440972 0.126953 0.146528 5 0.418701 0.428906 0.497569 0.051562 0.070833 2 0.361084 0.359375 0.952083 0.060156 0.095833 3 0.350342 0.504687 0.428472 0.033594 0.048611 1 0.339844 0.691406 0.804167 0.029687 0.094444 0 0.297363 0.785937 0.444444 0.023438 0.058333 0 0.26123 0.388672 0.539931 0.026563 0.059028 0 0.242188 0.86875 0.577083 0.034375 0.069444 1 0.217285 0.890625 0.638542 0.025 0.070833 3 0.178955 0.360352 0.951389 0.059375 0.097222 1 0.164551 0.326367 0.612153 0.026172 0.090278 0 0.129883 0.982813 0.805556 0.034375 0.136111 0 0.124634 0.860938 0.542708 0.034375 0.070833
CCTV01^20260318-110000-20260318-120000_000303,10 0.82666 0.10293 0.522917 0.158008 0.191667 10 0.804199 0.208789 0.431944 0.106641 0.1375 10 0.801758 0.309766 0.501042 0.129688 0.18125 6 0.79834 0.247656 0.765972 0.06875 0.213889 3 0.788086 0.352539 0.820833 0.083594 0.116667 10 0.779785 0.15332 0.623611 0.201563 0.261111 3 0.775879 0.124219 0.915278 0.069922 0.144444 2 0.764648 0.269727 0.59375 0.035156 0.070833 3 0.757812 0.17793 0.786806 0.069141 0.125 3 0.753418 0.758594 0.930556 0.067188 0.138889 5 0.723145 0.129297 0.751389 0.098633 0.141667 2 0.720215 0.328516 0.622569 0.035937 0.081944 0 0.702637 0.692187 0.849306 0.035937 0.126389 0 0.684082 0.904688 0.70434 0.039062 0.105208 2 0.672363 0.309375 0.680903 0.038281 0.090972 3 0.662109 0.524219 0.876389 0.070312 0.194444 3 0.65332 0.383203 0.513194 0.05 0.061111 3 0.651367 0.208789 0.673611 0.085156 0.094444 0 0.642578 0.337109 0.88125 0.05 0.118056 0 0.622559 0.650781 0.838889 0.035937 0.125 3 0.607422 0.401172 0.54375 0.045313 0.070833 3 0.607422 0.271094 0.665278 0.060938 0.080556 3 0.583008 0.227148 0.940972 0.071484 0.118056 0 0.541016 0.307422 0.915972 0.041406 0.1125 0 0.533203 0.409375 0.890278 0.042188 0.094444 10 0.458984 0.409277 0.399392 0.106445 0.131771 1 0.416748 0.857813 0.793056 0.03125 0.1 1 0.310791 0.127148 0.819444 0.035156 0.066667 0 0.279785 0.303516 0.824306 0.033594 0.084722 0 0.250977 0.829688 0.486806 0.026563 0.056944 0 0.242188 0.2375 0.607639 0.030859 0.054167 10 0.201782 0.022632 0.628819 0.044727 0.196528 0 0.195557 0.26875 0.965972 0.039844 0.068056 4 0.155029 0.24668 0.811111 0.069141 0.127778 5 0.151978 0.482812 0.39375 0.040625 0.055556 0 0.128052 0.846875 0.479514 0.025 0.061111 6 0.124634 0.028516 0.863889 0.05625 0.272222 3 0.114746 0.468359 0.965278 0.146094 0.069444 0 0.104858 0.978125 0.920486 0.04375 0.159028
CCTV01^20260318-110000-20260318-120000_000307,3 0.81543 0.217578 0.890278 0.074219 0.177778 10 0.811523 0.102954 0.522222 0.157764 0.190278 10 0.796875 0.822656 0.654861 0.164062 0.325 10 0.786621 0.3375 0.471528 0.129688 0.1625 10 0.78418 0.20918 0.431944 0.104688 0.141667 3 0.766113 0.381641 0.870139 0.1 0.151389 3 0.757812 0.157422 0.801389 0.074219 0.125 3 0.753418 0.255664 0.7625 0.061719 0.111111 10 0.749023 0.20542 0.587153 0.190723 0.239583 3 0.749023 0.140039 0.927083 0.081641 0.145833 2 0.732422 0.096777 0.761111 0.049023 0.106944 3 0.72168 0.817187 0.845139 0.095312 0.175 3 0.684082 0.257422 0.682639 0.083594 0.095833 3 0.665527 0.332422 0.650347 0.055469 0.090278 3 0.663574 0.523828 0.877778 0.070312 0.197222 0 0.651367 0.335547 0.748611 0.040625 0.0875 3 0.622559 0.385547 0.564583 0.060938 0.077778 3 0.616699 0.414941 0.482292 0.048242 0.060417 0 0.59082 0.316211 0.577778 0.035547 0.061111 9 0.57959 0.659375 0.452431 0.059375 0.104167 0 0.563965 0.274219 0.861806 0.036328 0.113889 5 0.548828 0.241016 0.634028 0.092969 0.106944 6 0.515625 0.454688 0.420139 0.039062 0.095833 3 0.488281 0.746875 0.9625 0.071875 0.075 10 0.466797 0.048291 0.773611 0.096582 0.338889 0 0.453369 0.307813 0.838194 0.044531 0.093056 2 0.434082 0.33125 0.539236 0.038281 0.063194 0 0.40918 0.733594 0.877778 0.078125 0.113889 0 0.392334 0.304883 0.70816 0.033203 0.078125 1 0.388672 0.707812 0.555903 0.020313 0.0625 1 0.388672 0.194922 0.7125 0.027734 0.066667 0 0.341553 0.286719 0.772222 0.033203 0.058333 2 0.331055 0.8875 0.565278 0.0375 0.070833 1 0.291016 0.157617 0.706771 0.042188 0.067014 10 0.279053 0.464844 0.357552 0.09375 0.109896 9 0.27832 0.453906 0.419444 0.040625 0.095139 0 0.267334 0.904688 0.641667 0.0375 0.084722 1 0.26123 0.707031 0.502778 0.020313 0.054167 0 0.253906 0.310547 0.926389 0.042969 0.108333 0 0.174927 0.384766 0.506597 0.021875 0.047917 10 0.169434 0.022839 0.654167 0.045239 0.254167 1 0.147095 0.776563 0.478125 0.017188 0.040972 0 0.141235 0.315625 0.722917 0.053125 0.108333 3 0.140381 0.270508 0.973958 0.094922 0.052083 2 0.122925 0.745313 0.961806 0.085938 0.076389 0 0.103394 0.907813 0.539931 0.034375 0.072222 0 0.102295 0.828125 0.463194 0.021875 0.054167
CCTV01^20260318-110000-20260318-120000_000311,10 0.804199 0.103027 0.523611 0.161719 0.191667 10 0.796875 0.208936 0.430556 0.105566 0.138889 10 0.786621 0.309766 0.494444 0.14375 0.1875 3 0.769043 0.24668 0.761806 0.069922 0.136111 3 0.763672 0.17168 0.779167 0.070312 0.113889 10 0.750488 0.092871 0.661458 0.185742 0.260417 3 0.720215 0.761328 0.851389 0.078906 0.175 0 0.712402 0.325 0.665278 0.031641 0.077778 11 0.704102 0.865625 0.638889 0.140625 0.222222 2 0.699219 0.746094 0.605556 0.038281 0.084722 0 0.6875 0.267188 0.831944 0.041406 0.115278 0 0.684082 0.352344 0.911111 0.05 0.105556 3 0.67041 0.324219 0.757639 0.074219 0.119444 3 0.656738 0.257812 0.659028 0.0875 0.105556 3 0.65332 0.524609 0.879167 0.069531 0.197222 3 0.642578 0.307422 0.589931 0.071094 0.077083 0 0.638672 0.762891 0.533333 0.025781 0.070833 0 0.622559 0.359766 0.836111 0.049219 0.1 0 0.596191 0.300781 0.803472 0.044141 0.093056 3 0.492188 0.351562 0.610069 0.041406 0.072917 0 0.486328 0.310937 0.925 0.058594 0.141667 10 0.482422 0.4 0.418056 0.101562 0.141667 5 0.437744 0.466406 0.462153 0.045313 0.072222 1 0.42627 0.838281 0.909722 0.032813 0.102778 0 0.395996 0.401465 0.923611 0.048633 0.125 0 0.366699 0.979688 0.715972 0.040625 0.106944 7 0.364746 0.935938 0.929167 0.125 0.141667 1 0.339844 0.833594 0.795139 0.029687 0.093056 0 0.315674 0.361328 0.540625 0.034375 0.06875 3 0.282959 0.739062 0.970139 0.095312 0.059722 9 0.269043 0.935938 0.929167 0.128125 0.141667 1 0.203735 0.250781 0.589583 0.025781 0.053472 1 0.19812 0.400391 0.527083 0.028125 0.059722 3 0.169922 0.489063 0.427431 0.035937 0.046528 10 0.169922 0.0229 0.639583 0.045361 0.222222 0 0.169434 0.397656 0.845833 0.046875 0.106944 3 0.157104 0.364453 0.605556 0.066406 0.086111 10 0.135742 0.039551 0.835417 0.078906 0.329167 3 0.13208 0.259375 0.969097 0.097656 0.061806 3 0.117188 0.363281 0.495486 0.029687 0.047917 6 0.11084 0.037988 0.829167 0.075586 0.3 1 0.110107 0.399219 0.861111 0.047656 0.118056 0 0.108582 0.823438 0.466667 0.025 0.058333
CCTV01^20260318-110000-20260318-120000_000315,10 0.819824 0.103125 0.524653 0.161914 0.196528 10 0.789062 0.208643 0.428819 0.106152 0.134722 3 0.778809 0.230469 0.803472 0.069531 0.118056 10 0.750488 0.12168 0.798785 0.235938 0.377431 2 0.740234 0.8125 0.676736 0.035937 0.095139 3 0.728027 0.25 0.915278 0.069531 0.148611 10 0.716797 0.369922 0.440972 0.115625 0.154167 3 0.702637 0.307422 0.692361 0.051562 0.108333 0 0.694336 0.237305 0.630556 0.034375 0.075 0 0.684082 0.864844 0.8 0.05 0.108333 0 0.680664 0.975781 0.772222 0.046875 0.113889 3 0.677246 0.303906 0.58125 0.06875 0.073611 0 0.672363 0.308789 0.936111 0.052344 0.111111 3 0.65332 0.524219 0.877778 0.070312 0.197222 10 0.649414 0.14043 0.591667 0.143359 0.208333 3 0.640625 0.336719 0.60625 0.067188 0.091667 0 0.622559 0.255469 0.603125 0.026563 0.063889 3 0.592773 0.177734 0.944444 0.064453 0.111111 0 0.586914 0.360547 0.532639 0.028906 0.059722 1 0.494141 0.749219 0.486806 0.023438 0.063194 0 0.466797 0.878125 0.883333 0.040625 0.116667 5 0.458984 0.404785 0.539931 0.04668 0.078472 10 0.443604 0.44209 0.386806 0.089258 0.127778 0 0.42627 0.281641 0.792361 0.035156 0.072222 3 0.411133 0.657031 0.464583 0.035937 0.075 0 0.401611 0.854688 0.588889 0.0375 0.081944 0 0.397949 0.282031 0.53125 0.024219 0.059722 0 0.392334 0.351172 0.785417 0.053906 0.086111 0 0.373779 0.246484 0.563194 0.029297 0.054861 0 0.363037 0.807031 0.473611 0.023438 0.060417 0 0.352295 0.282227 0.772222 0.038672 0.083333 0 0.346924 0.254883 0.524653 0.021484 0.048611 3 0.343262 0.449609 0.475694 0.042969 0.054167 0 0.334473 0.35625 0.952083 0.042969 0.094444 3 0.32251 0.485156 0.482986 0.048438 0.049306 0 0.315674 0.914062 0.603472 0.03125 0.084028 3 0.273682 0.495703 0.44375 0.035156 0.045139 1 0.250977 0.341602 0.779167 0.042969 0.094444 1 0.248047 0.807031 0.474306 0.025 0.061111 0 0.242188 0.287891 0.454514 0.021875 0.05625 0 0.236572 0.985938 0.716493 0.028125 0.086458 0 0.222656 0.269922 0.490278 0.026953 0.056944 10 0.220703 0.022583 0.632639 0.04458 0.2 1 0.206909 0.878125 0.891667 0.045313 0.125 1 0.187134 0.282617 0.741667 0.037109 0.080556 3 0.169922 0.428516 0.450694 0.032031 0.043056 0 0.168823 0.415625 0.475694 0.025 0.059722 3 0.165649 0.740625 0.974653 0.082813 0.050694 5 0.134766 0.494922 0.403472 0.035937 0.056944
CCTV01^20260318-110000-20260318-120000_000319,10 0.788086 0.103223 0.523958 0.161133 0.193056 10 0.782715 0.236377 0.644792 0.187402 0.278472 10 0.778809 0.208594 0.425694 0.105469 0.127778 10 0.774414 0.797266 0.74375 0.142969 0.363889 3 0.773438 0.136719 0.838889 0.092969 0.133333 10 0.723145 0.155078 0.565278 0.140625 0.206944 3 0.72168 0.186328 0.877083 0.062891 0.141667 3 0.694336 0.247656 0.80625 0.053516 0.120833 3 0.672363 0.298828 0.680556 0.06875 0.094444 3 0.654785 0.523828 0.877778 0.071094 0.197222 0 0.615234 0.229687 0.926389 0.05 0.127778 10 0.57959 0.233594 0.550347 0.157031 0.190278 0 0.569824 0.98125 0.801389 0.0375 0.111111 0 0.539062 0.309375 0.714583 0.034766 0.069444 0 0.488281 0.932813 0.661806 0.0375 0.094444 10 0.457031 0.053223 0.732118 0.106445 0.269097 2 0.439697 0.698438 0.725694 0.065625 0.134722 2 0.424316 0.072473 0.856944 0.057397 0.122222 3 0.424316 0.698438 0.727778 0.067188 0.138889 3 0.383057 0.411328 0.479514 0.046875 0.058333 0 0.366699 0.291992 0.818056 0.036719 0.072222 0 0.354004 0.142969 0.737326 0.038281 0.083681 3 0.303955 0.448438 0.473611 0.048438 0.056944 2 0.30249 0.312695 0.780556 0.046875 0.077778 1 0.291016 0.921875 0.759028 0.03125 0.090278 3 0.271973 0.420312 0.435764 0.034375 0.049306 1 0.258301 0.645312 0.464931 0.028125 0.052083 3 0.255371 0.127539 0.954514 0.101172 0.090972 3 0.200562 0.482812 0.4375 0.040625 0.058333 2 0.189575 0.482812 0.4375 0.040625 0.058333 10 0.180664 0.023364 0.644097 0.046338 0.235417 3 0.174438 0.510156 0.397917 0.034375 0.045833 10 0.174438 0.405859 0.903125 0.285938 0.19375 1 0.150513 0.026147 0.943056 0.052002 0.108333 6 0.134277 0.392383 0.902431 0.252734 0.195139 2 0.126831 0.017004 0.879167 0.033862 0.175 10 0.11676 0.466406 0.363542 0.096875 0.11875 0 0.107422 0.327344 0.673611 0.03125 0.070833
CCTV01^20260318-110000-20260318-120000_000323,10 0.810547 0.336719 0.526389 0.135937 0.2 3 0.741699 0.149609 0.868056 0.074609 0.152778 10 0.728027 0.185938 0.521528 0.124219 0.159722 10 0.72168 0.103418 0.522917 0.159375 0.188889 3 0.720215 0.207422 0.930556 0.074609 0.133333 3 0.71875 0.206641 0.746528 0.060938 0.106944 3 0.70752 0.2625 0.72066 0.05625 0.092014 3 0.677246 0.260938 0.652083 0.06875 0.086806 0 0.672363 0.299609 0.640278 0.027344 0.08125 3 0.651367 0.524219 0.878472 0.070312 0.197222 10 0.625977 0.685156 0.469792 0.089063 0.195833 0 0.611328 0.206982 0.816667 0.038379 0.1 2 0.609375 0.895312 0.911806 0.065625 0.136111 0 0.577637 0.23457 0.598264 0.032422 0.076389 0 0.542969 0.197559 0.679514 0.043945 0.088194 7 0.527344 0.352344 0.876389 0.185156 0.247222 10 0.523438 0.081348 0.803472 0.162305 0.334722 0 0.505859 0.248047 0.827083 0.036719 0.104167 5 0.503906 0.751172 0.822222 0.083594 0.197222 0 0.486328 0.832812 0.575 0.028125 0.079167 10 0.412109 0.103516 0.647917 0.207031 0.215278 10 0.367432 0.207861 0.426736 0.106934 0.128472 1 0.361084 0.817187 0.931944 0.03125 0.097222 3 0.341553 0.329688 0.642014 0.027344 0.072917 2 0.332764 0.261328 0.5375 0.026953 0.070833 3 0.286133 0.447656 0.483333 0.05 0.047917 3 0.212036 0.498047 0.439583 0.040625 0.061111 10 0.202393 0.021997 0.646528 0.043945 0.238889 10 0.163452 0.434375 0.413194 0.115625 0.130556 0 0.135254 0.222852 0.986111 0.091406 0.027778 5 0.125977 0.300781 0.392361 0.051953 0.068056 1 0.125122 0.792969 0.442014 0.017188 0.050694 0 0.112 0.263281 0.768056 0.035156 0.061111
CCTV01^20260318-110000-20260318-120000_000327,6 0.908691 0.322266 0.79375 0.110156 0.306944 10 0.806641 0.103027 0.520833 0.158984 0.1875 10 0.79834 0.252344 0.545139 0.184375 0.20625 3 0.744629 0.219531 0.886111 0.073438 0.136111 10 0.743164 0.784375 0.744271 0.160938 0.372569 2 0.689453 0.90625 0.922917 0.064062 0.1375 10 0.679199 0.403027 0.453472 0.108008 0.1625 0 0.672363 0.235547 0.776389 0.040625 0.091667 3 0.672363 0.17793 0.788889 0.080859 0.136111 3 0.658203 0.524219 0.878472 0.070312 0.197222 10 0.65332 0.209717 0.432292 0.100098 0.136111 3 0.637207 0.295703 0.589583 0.069531 0.075 0 0.633301 0.224805 0.666667 0.030859 0.086111 0 0.615234 0.250781 0.735417 0.036719 0.086111 0 0.571777 0.297266 0.616667 0.025781 0.060417 10 0.565918 0.103223 0.758333 0.206445 0.330556 2 0.542969 0.953125 0.657639 0.046875 0.093056 0 0.476562 0.925 0.734722 0.04375 0.094444 3 0.435791 0.141992 0.944097 0.075 0.111806 3 0.416748 0.459375 0.480903 0.05 0.054167 1 0.339844 0.701563 0.883333 0.032813 0.113889 0 0.315674 0.259375 0.908333 0.042969 0.116667 0 0.313965 0.281836 0.940278 0.046875 0.116667 0 0.295898 0.32793 0.604167 0.025391 0.061111 3 0.269775 0.060645 0.941319 0.117188 0.117361 3 0.267334 0.264453 0.681944 0.038281 0.0875 10 0.246582 0.024817 0.613542 0.048413 0.172222 0 0.23938 0.929688 0.694444 0.05 0.102778 1 0.235107 0.842969 0.6875 0.026563 0.086111 10 0.229492 0.276758 0.446181 0.125781 0.124306 2 0.190674 0.798047 0.465972 0.038281 0.081944 5 0.190674 0.787109 0.939583 0.089844 0.120833 3 0.184814 0.505078 0.399306 0.03125 0.045833 2 0.180054 0.747266 0.533333 0.028906 0.055556 2 0.168335 0.504687 0.398611 0.03125 0.045833 1 0.134277 0.696094 0.459375 0.027344 0.052778 0 0.131592 0.204346 0.958333 0.055371 0.083333 12 0.123352 0.282031 0.9375 0.044531 0.113889
CCTV01^20260318-110000-20260318-120000_000331,10 0.808105 0.10332 0.520139 0.159766 0.181944 3 0.782715 0.169043 0.863889 0.078711 0.133333 10 0.756348 0.164062 0.683333 0.224219 0.297222 3 0.737305 0.311719 0.808333 0.059375 0.116667 10 0.715332 0.785937 0.753472 0.176563 0.386111 10 0.70752 0.212305 0.427431 0.103906 0.136806 3 0.702637 0.323828 0.636111 0.063281 0.080556 0 0.67041 0.247266 0.85 0.036719 0.102778 3 0.665527 0.524219 0.877778 0.070312 0.197222 0 0.635254 0.224219 0.804861 0.047656 0.109722 0 0.633301 0.285156 0.880556 0.041016 0.108333 2 0.624512 0.377344 0.818056 0.057031 0.102778 0 0.618652 0.329297 0.670139 0.03125 0.076389 10 0.607422 0.369531 0.477083 0.153125 0.170139 0 0.571777 0.256836 0.754167 0.032422 0.094444 0 0.567871 0.700781 0.938889 0.046875 0.116667 10 0.554688 0.450391 0.46875 0.1 0.134028 3 0.548828 0.223389 0.723437 0.093848 0.117014 3 0.480469 0.109766 0.877778 0.083594 0.147222 7 0.474609 0.351953 0.8875 0.0875 0.183333 12 0.355713 0.352344 0.886806 0.089844 0.179167 3 0.348633 0.666797 0.435417 0.036719 0.063889 0 0.343262 0.982813 0.700694 0.034375 0.098611 2 0.329346 0.450781 0.964583 0.073438 0.070833 0 0.319092 0.029492 0.748611 0.057324 0.091667 1 0.250977 0.029687 0.745833 0.057813 0.088889 2 0.219971 0.155859 0.948611 0.050391 0.102778 10 0.213379 0.02522 0.620139 0.049854 0.1875 10 0.204956 0.939063 0.859028 0.121875 0.281944 0 0.204346 0.864844 0.577083 0.039062 0.084028 10 0.150024 0.292969 0.444792 0.132812 0.154167 10 0.144165 0.464844 0.385764 0.095312 0.109722 0 0.131226 0.892188 0.66875 0.0375 0.101389
CCTV01^20260318-110000-20260318-120000_000335,8 0.801758 0.29375 0.676736 0.05 0.110417 10 0.794434 0.80625 0.786285 0.190625 0.405208 10 0.744629 0.358594 0.505556 0.146094 0.1875 3 0.730957 0.236719 0.869444 0.0625 0.138889 3 0.686035 0.209961 0.76875 0.073047 0.119444 2 0.67041 0.338281 0.752778 0.051562 0.1 2 0.649414 0.709375 0.563194 0.032813 0.080556 3 0.649414 0.524219 0.877778 0.070312 0.197222 2 0.633301 0.289258 0.766667 0.048828 0.102778 3 0.615234 0.168066 0.75 0.074805 0.1125 10 0.609375 0.102563 0.520833 0.159326 0.1875 3 0.586914 0.885938 0.686806 0.059375 0.120833 11 0.575684 0.390234 0.896528 0.133594 0.206944 3 0.567871 0.318359 0.637153 0.046875 0.084722 10 0.458984 0.949609 0.81875 0.100781 0.3625 3 0.42627 0.478906 0.460764 0.045313 0.046528 8 0.424316 0.304297 0.915972 0.132812 0.168056 10 0.421631 0.220508 0.425347 0.117969 0.136806 3 0.350342 0.960547 0.963194 0.078906 0.073611 12 0.310791 0.194336 0.88125 0.042188 0.111111 0 0.284668 0.253711 0.699306 0.03125 0.075 0 0.27832 0.219531 0.659028 0.035156 0.0875 10 0.24939 0.507031 0.395486 0.059375 0.10625 6 0.217285 0.50625 0.395226 0.05625 0.10816 0 0.213379 0.821875 0.505903 0.028125 0.075 3 0.193115 0.464063 0.488542 0.048438 0.047917 0 0.166138 0.317188 0.806944 0.045313 0.072222 9 0.165649 0.388672 0.89375 0.128906 0.195833 0 0.162354 0.455078 0.913194 0.057813 0.119444 11 0.151001 0.104785 0.679861 0.20957 0.218056 10 0.106323 0.104395 0.667708 0.208789 0.272917
CCTV01^20260318-110000-20260318-120000_000339,8 0.762207 0.297266 0.654167 0.052344 0.109722 8 0.741699 0.164258 0.644444 0.122266 0.131944 8 0.647949 0.305469 0.911111 0.134375 0.177778 3 0.633301 0.524609 0.879167 0.070312 0.197222 10 0.57373 0.900781 0.740104 0.195312 0.380903 3 0.567871 0.738281 0.733333 0.070312 0.169444 11 0.550781 0.370508 0.841667 0.129297 0.208333 3 0.498047 0.218945 0.747396 0.083203 0.121875 3 0.414795 0.237891 0.855556 0.064844 0.138889 2 0.370117 0.9 0.877778 0.065625 0.130556 7 0.366699 0.841992 0.853125 0.169141 0.29375 7 0.320801 0.363281 0.526389 0.080469 0.104167 3 0.317383 0.324609 0.616667 0.05 0.096528 3 0.271973 0.199121 0.710938 0.074414 0.111458 3 0.262939 0.500781 0.434722 0.0375 0.05 10 0.262207 0.435156 0.431944 0.107031 0.15 3 0.226807 0.477344 0.474306 0.045313 0.0625 2 0.226807 0.237109 0.854861 0.064062 0.138889 7 0.19812 0.29375 0.564583 0.082031 0.108333 1 0.181885 0.686328 0.700174 0.029687 0.091319 10 0.167725 0.023462 0.630903 0.046289 0.200694 10 0.134766 0.173633 0.566667 0.203125 0.197222 2 0.134277 0.500781 0.434375 0.039844 0.050694 4 0.13208 0.363672 0.525694 0.083594 0.101389 1 0.13208 0.787891 0.674306 0.028906 0.084722 9 0.129395 0.364453 0.526389 0.082813 0.102778
CCTV01^20260318-110000-20260318-120000_000343,8 0.740234 0.303516 0.908333 0.133594 0.183333 11 0.684082 0.364258 0.840278 0.123047 0.188889 8 0.660156 0.168555 0.6375 0.119141 0.134722 3 0.625977 0.524219 0.878472 0.071094 0.198611 3 0.457031 0.238867 0.707639 0.082031 0.123611 0 0.411133 0.975 0.8875 0.05 0.136111 10 0.398926 0.24707 0.542361 0.204297 0.2125 12 0.37207 0.317773 0.615972 0.072266 0.111111 3 0.368408 0.2375 0.844444 0.064844 0.136111 2 0.331055 0.319531 0.684028 0.039062 0.086111 5 0.315674 0.75625 0.804167 0.084375 0.188889 8 0.312256 0.050293 0.709028 0.100586 0.1875 3 0.299805 0.229297 0.672917 0.088281 0.1125 2 0.284668 0.237109 0.844444 0.061719 0.136111 2 0.273682 0.190137 0.773611 0.052539 0.111111 8 0.273682 0.319141 0.615972 0.075781 0.120833 3 0.259766 0.754687 0.803472 0.084375 0.193056 0 0.210815 0.746875 0.945833 0.059375 0.106944 3 0.183594 0.799219 0.488194 0.035937 0.072222 10 0.182983 0.495313 0.38125 0.092188 0.126389 10 0.169922 0.022534 0.651389 0.044775 0.244444 1 0.134766 0.823438 0.630208 0.028125 0.072917 10 0.128052 0.346094 0.420833 0.148438 0.129167
CCTV01^20260318-110000-20260318-120000_000347,8 0.809082 0.303125 0.906944 0.135156 0.186111 8 0.71875 0.279883 0.552778 0.097266 0.122222 11 0.649414 0.363867 0.838194 0.124609 0.1875 3 0.635254 0.524219 0.878472 0.070312 0.198611 3 0.613281 0.84375 0.913889 0.076563 0.166667 8 0.604004 0.198926 0.553125 0.086523 0.136111 10 0.602051 0.422266 0.428819 0.129688 0.153472 3 0.507812 0.83125 0.645833 0.05625 0.111111 2 0.418701 0.84375 0.917014 0.075 0.165972 3 0.413086 0.250586 0.753472 0.060547 0.119444 9 0.405518 0.101758 0.796007 0.203516 0.385764 3 0.399902 0.346875 0.529861 0.039844 0.072222 0 0.388672 0.952344 0.747917 0.04375 0.111111 0 0.37207 0.872656 0.719618 0.054688 0.113542 7 0.346924 0.691406 0.589236 0.064844 0.122917 3 0.313232 0.305469 0.603472 0.088672 0.09375 4 0.259766 0.691016 0.5875 0.0625 0.119444 10 0.240723 0.751563 0.509722 0.109375 0.206944 4 0.23938 0.961328 0.888889 0.077344 0.165278 2 0.2323 0.346484 0.530208 0.041016 0.072917 10 0.2323 0.498828 0.34375 0.096875 0.1 3 0.225464 0.421875 0.512153 0.035937 0.05625 2 0.181885 0.233203 0.668056 0.04375 0.090278 2 0.177856 0.5125 0.392361 0.025 0.051389 6 0.170532 0.751172 0.511806 0.108594 0.208333 12 0.151001 0.271289 0.666319 0.032813 0.085417 0 0.131226 0.990625 0.804861 0.01875 0.1125
CCTV01^20260318-110000-20260318-120000_000351,8 0.773438 0.303906 0.899306 0.132422 0.201389 8 0.725098 0.728125 0.75434 0.067188 0.171875 6 0.72168 0.742578 0.5625 0.132031 0.234722 11 0.668945 0.362695 0.838194 0.126953 0.1875 3 0.620605 0.524219 0.878472 0.071875 0.197222 9 0.474609 0.158301 0.702951 0.213867 0.335764 8 0.439697 0.745313 0.911806 0.079687 0.176389 10 0.42627 0.160449 0.703472 0.212695 0.334722 10 0.381104 0.743359 0.563194 0.132031 0.236111 8 0.269043 0.450781 0.424306 0.0625 0.089583 6 0.255371 0.307422 0.636806 0.157031 0.270833 7 0.252441 0.033325 0.914583 0.066357 0.166667 10 0.248047 0.307813 0.635417 0.153906 0.269444 1 0.245117 0.920313 0.863889 0.03125 0.1 3 0.23938 0.50625 0.409028 0.032813 0.047222 3 0.212036 0.073828 0.939583 0.117188 0.120833 7 0.191895 0.744531 0.9125 0.083594 0.173611 3 0.183594 0.48125 0.459375 0.044531 0.061111 1 0.165039 0.89375 0.808333 0.0375 0.105556 10 0.160278 0.021729 0.626389 0.043457 0.1875 12 0.133911 0.18457 0.884722 0.060156 0.155556 12 0.130249 0.222461 0.924306 0.051172 0.1375 2 0.125488 0.909375 0.960069 0.0875 0.079861 0 0.104492 0.222266 0.917361 0.045313 0.120833 0 0.101929 0.94375 0.773611 0.053125 0.1
CCTV01^20260318-110000-20260318-120000_000355,8 0.677246 0.730078 0.772222 0.064062 0.173611 7 0.65332 0.315234 0.877083 0.178906 0.245833 10 0.638672 0.740234 0.562847 0.114063 0.257639 3 0.624512 0.524219 0.877778 0.071875 0.197222 3 0.567871 0.818555 0.848611 0.087891 0.163889 11 0.527344 0.875781 0.782639 0.104688 0.216667 3 0.513672 0.186328 0.784722 0.088672 0.127778 10 0.470703 0.332422 0.517708 0.146875 0.196528 0 0.46875 0.964844 0.834722 0.059375 0.130556 3 0.434082 0.09043 0.919444 0.104492 0.161111 8 0.411133 0.257227 0.742361 0.072266 0.147222 7 0.405518 0.048828 0.831944 0.097656 0.161111 3 0.35498 0.166992 0.922222 0.100781 0.155556 4 0.350342 0.048901 0.829167 0.097803 0.161111 3 0.334473 0.347266 0.821528 0.095312 0.1375 7 0.324219 0.742188 0.920833 0.076563 0.155556 10 0.306641 0.45625 0.418403 0.076563 0.13125 9 0.250977 0.308984 0.659028 0.0625 0.154167 10 0.205566 0.024036 0.627778 0.047339 0.193056 8 0.187134 0.246484 0.630208 0.083203 0.113194 0 0.185303 0.418359 0.894444 0.0625 0.125 0 0.182983 0.903125 0.946528 0.059375 0.106944 2 0.180054 0.819531 0.85 0.085938 0.175 11 0.178955 0.310547 0.657639 0.063281 0.155556 1 0.156616 0.027979 0.920833 0.043115 0.1 12 0.14856 0.875 0.781944 0.10625 0.219444 0 0.127686 0.932813 0.658333 0.046875 0.108333 3 0.101929 0.667969 0.503472 0.042969 0.072917
CCTV01^20260318-110000-20260318-120000_000359,8 0.746094 0.73125 0.825 0.067188 0.179167 7 0.73877 0.295703 0.852778 0.139063 0.294444 10 0.71875 0.808008 0.724306 0.162109 0.366667 8 0.716797 0.319531 0.597917 0.082031 0.148611 3 0.62793 0.524219 0.877778 0.071875 0.197222 6 0.611328 0.295117 0.854514 0.136328 0.290972 2 0.569824 0.429297 0.919444 0.070312 0.147222 3 0.505859 0.182227 0.761111 0.09375 0.127778 12 0.490234 0.381641 0.833333 0.041406 0.094444 10 0.439697 0.373047 0.441667 0.144531 0.147222 6 0.439697 0.957812 0.846181 0.082813 0.307639 3 0.416748 0.250586 0.674653 0.082422 0.102083 10 0.389648 0.091455 0.752604 0.182324 0.350347 3 0.343262 0.097021 0.859028 0.106738 0.151389 2 0.291016 0.709766 0.691667 0.042188 0.108333 4 0.194336 0.20293 0.86875 0.069141 0.176389 10 0.192505 0.023645 0.628472 0.046606 0.193056 0 0.151978 0.381836 0.834028 0.039453 0.093056 3 0.147095 0.303906 0.703472 0.057031 0.077778 0 0.132935 0.699609 0.611806 0.032813 0.091667 10 0.116333 0.959375 0.846875 0.08125 0.30625 2 0.113586 0.251953 0.675 0.080469 0.095833 3 0.112 0.742578 0.548958 0.049219 0.070139 0 0.110107 0.201758 0.872222 0.063672 0.176389
CCTV01^20260318-110000-20260318-120000_000363,6 0.914062 0.282813 0.790972 0.091406 0.281944 8 0.795898 0.739844 0.876389 0.075 0.194444 3 0.62793 0.524609 0.879167 0.071094 0.197222 2 0.563965 0.68125 0.934028 0.054688 0.129167 3 0.554688 0.09375 0.840278 0.111328 0.138889 0 0.511719 0.354492 0.907639 0.064453 0.125 10 0.496094 0.194922 0.627083 0.215234 0.251389 3 0.466797 0.760156 0.688542 0.059375 0.120139 2 0.395996 0.762891 0.815278 0.057813 0.122222 3 0.317383 0.465625 0.458681 0.038281 0.054167 10 0.312256 0.882617 0.821701 0.234766 0.356597 10 0.272705 0.708594 0.533333 0.114844 0.219444 3 0.259766 0.5 0.415278 0.035937 0.051389 2 0.24939 0.321484 0.695139 0.045703 0.106944 0 0.209473 0.016467 0.881944 0.032593 0.111111 3 0.209473 0.174023 0.734722 0.09375 0.130556 10 0.177856 0.036719 0.757639 0.073047 0.256944 6 0.175537 0.038062 0.743056 0.076123 0.222222 0 0.173828 0.677734 0.827778 0.039062 0.113889 1 0.158203 0.671875 0.648611 0.026563 0.077778 3 0.122925 0.251758 0.656944 0.075391 0.071528 7 0.107422 0.370703 0.528472 0.066406 0.095139 9 0.107056 0.193555 0.630208 0.217188 0.261806
CCTV01^20260318-110000-20260318-120000_000367,6 0.922363 0.280078 0.706771 0.095703 0.244792 8 0.764648 0.741406 0.879167 0.076563 0.194444 3 0.680664 0.369531 0.888889 0.103906 0.147222 3 0.638672 0.523047 0.878472 0.074219 0.198611 2 0.575684 0.681641 0.935417 0.05625 0.129167 3 0.550781 0.751172 0.659028 0.066406 0.118056 10 0.422607 0.410938 0.444444 0.114844 0.15 7 0.401611 0.19043 0.647917 0.090234 0.113889 10 0.379395 0.882031 0.839583 0.232813 0.320833 2 0.377441 0.185547 0.740972 0.066016 0.134722 0 0.350342 0.678125 0.820833 0.039062 0.116667 5 0.325928 0.81875 0.620833 0.057813 0.134028 3 0.248047 0.186133 0.739583 0.068359 0.136111 2 0.243652 0.249609 0.943056 0.079687 0.113889 3 0.223999 0.04563 0.917361 0.085303 0.165278 9 0.219971 0.251758 0.534028 0.148047 0.176389 2 0.214722 0.81875 0.621181 0.0625 0.135417 10 0.20813 0.024207 0.629861 0.047681 0.201389 12 0.205566 0.049951 0.744618 0.046387 0.116319 2 0.180054 0.048779 0.905556 0.081934 0.133333 1 0.174927 0.69375 0.5125 0.023438 0.059722 3 0.157715 0.349805 0.959028 0.114453 0.081944 0 0.156128 0.100781 0.738194 0.041602 0.091667 1 0.154541 0.639063 0.872222 0.032813 0.1 10 0.151489 0.251953 0.532986 0.146875 0.175694 0 0.139404 0.226172 0.758333 0.0375 0.1 2 0.135254 0.969141 0.896528 0.061719 0.172222 2 0.13208 0.389648 0.532639 0.030859 0.076389 1 0.129395 0.650781 0.498611 0.020313 0.056944 1 0.125122 0.764063 0.530556 0.023438 0.068056 1 0.118408 0.679688 0.482639 0.021875 0.055556 3 0.107422 0.507812 0.393056 0.032031 0.05 0 0.105225 0.17793 0.866667 0.048438 0.130556 3 0.101929 0.483594 0.485417 0.053125 0.044444
CCTV01^20260318-110000-20260318-120000_000371,9 0.654785 0.151953 0.804861 0.174219 0.365278 3 0.638672 0.524219 0.877778 0.070312 0.197222 8 0.535156 0.334766 0.783507 0.09375 0.177431 3 0.525391 0.320703 0.646875 0.060156 0.091667 6 0.424316 0.85625 0.872222 0.084375 0.222222 3 0.395996 0.055762 0.911111 0.068066 0.158333 3 0.394287 0.477344 0.457639 0.057813 0.059722 10 0.360352 0.323828 0.498611 0.071094 0.145833 0 0.345215 0.358789 0.926389 0.050391 0.138889 3 0.339844 0.246875 0.602778 0.054688 0.0875 3 0.327637 0.660547 0.469792 0.040625 0.066667 0 0.317383 0.695312 0.884722 0.05 0.138889 11 0.307373 0.947656 0.690625 0.104688 0.246528 1 0.305664 0.696094 0.569444 0.023438 0.068056 1 0.294189 0.723437 0.552083 0.023438 0.070833 5 0.269775 0.26582 0.792361 0.086328 0.168056 0 0.248047 0.807813 0.494444 0.026563 0.069444 2 0.223999 0.055127 0.913889 0.065527 0.161111 6 0.203735 0.405371 0.416667 0.093945 0.123611 2 0.201782 0.306055 0.942708 0.055078 0.114583 12 0.184204 0.946875 0.698611 0.10625 0.241667 1 0.176147 0.6625 0.933333 0.032813 0.091667 12 0.17334 0.359766 0.925694 0.054688 0.145833 10 0.137085 0.405859 0.416319 0.094531 0.122917 10 0.124634 0.023938 0.619097 0.047241 0.177083 1 0.118774 0.800781 0.961806 0.034375 0.076389 3 0.107788 0.252734 0.544444 0.056641 0.066667 0 0.106689 0.255469 0.917361 0.055469 0.143056
CCTV01^20260318-110000-20260318-120000_000375,3 0.62793 0.524609 0.879167 0.071094 0.197222 10 0.620605 0.362695 0.499306 0.140234 0.183333 3 0.535156 0.11748 0.921528 0.118555 0.155556 3 0.449463 0.121582 0.751389 0.099805 0.126389 4 0.361084 0.368359 0.890278 0.10625 0.213889 0 0.359375 0.229297 0.790278 0.053125 0.144444 2 0.355713 0.289062 0.819444 0.05 0.122222 5 0.346924 0.677734 0.522222 0.047656 0.113889 10 0.294189 0.06748 0.734549 0.134961 0.297569 2 0.287842 0.223828 0.701563 0.053516 0.102431 7 0.282959 0.483203 0.434028 0.055469 0.081944 0 0.24939 0.800195 0.695486 0.049609 0.117361 2 0.243652 0.314453 0.609375 0.046875 0.107639 5 0.210083 0.27832 0.713889 0.074609 0.140278 0 0.199341 0.18125 0.785417 0.041016 0.113889 10 0.149536 0.023413 0.636111 0.046484 0.219444 12 0.148071 0.181934 0.788889 0.04707 0.125 1 0.137085 0.730469 0.596181 0.028125 0.075694 0 0.126343 0.141504 0.786111 0.044531 0.111111 4 0.108948 0.278125 0.713194 0.073438 0.1375
CCTV01^20260318-110000-20260318-120000_000379,2 0.668945 0.803906 0.915972 0.05625 0.147222 3 0.660156 0.902344 0.826389 0.1125 0.166667 3 0.654785 0.326953 0.922222 0.075781 0.155556 3 0.637207 0.525 0.879167 0.070312 0.197222 3 0.584961 0.754687 0.664236 0.070312 0.127083 10 0.546875 0.154883 0.611806 0.220313 0.251389 3 0.503906 0.141602 0.8875 0.101953 0.188889 3 0.460938 0.239111 0.727083 0.08584 0.116667 10 0.443604 0.082373 0.822222 0.163574 0.355556 5 0.422607 0.499219 0.408333 0.039062 0.0625 3 0.391357 0.310937 0.589583 0.082031 0.095833 2 0.377441 0.328125 0.922222 0.075 0.155556 2 0.357666 0.402734 0.430556 0.023438 0.051389 4 0.315674 0.326562 0.740972 0.086719 0.166667 2 0.305664 0.46875 0.461111 0.028125 0.065278 0 0.297363 0.228516 0.868056 0.047656 0.127778 3 0.275146 0.056689 0.968056 0.109863 0.063889 12 0.162354 0.228906 0.869444 0.050781 0.130556 1 0.158691 0.282813 0.829167 0.034375 0.093056 1 0.155029 0.375391 0.504861 0.019531 0.051389 10 0.143188 0.022949 0.614931 0.045313 0.16875 1 0.1427 0.810156 0.490972 0.021875 0.058333 12 0.138916 0.25 0.801389 0.049219 0.122222 2 0.125488 0.842188 0.465972 0.040625 0.079167 2 0.11554 0.308398 0.590625 0.076172 0.092361 0 0.115173 0.985938 0.826389 0.028125 0.125 0 0.107056 0.283594 0.829167 0.036719 0.097222 0 0.101257 0.85 0.547569 0.032813 0.077778
CCTV01^20260318-110000-20260318-120000_000383,3 0.622559 0.524609 0.879167 0.071094 0.197222 2 0.605957 0.332422 0.72934 0.060547 0.113542 3 0.529297 0.253906 0.761111 0.082813 0.119444 10 0.507812 0.162524 0.677431 0.197998 0.284028 5 0.464844 0.240576 0.683333 0.090723 0.131944 5 0.439697 0.185547 0.881944 0.105859 0.188889 10 0.405518 0.405371 0.444097 0.12832 0.149306 3 0.381104 0.303906 0.819444 0.066406 0.127778 3 0.307373 0.321094 0.666667 0.060156 0.090278 12 0.276611 0.294922 0.884722 0.057813 0.122222 0 0.222656 0.294531 0.883333 0.057031 0.122222 3 0.216064 0.811719 0.514236 0.046875 0.072917 2 0.204346 0.304297 0.822222 0.064062 0.123611 3 0.190674 0.304688 0.602083 0.072656 0.094444 0 0.129395 0.879687 0.637153 0.040625 0.096528 2 0.126343 0.304688 0.602778 0.072656 0.09375 1 0.104126 0.064795 0.918056 0.045605 0.102778
CCTV01^20260318-110000-20260318-120000_000387,3 0.624512 0.524219 0.879167 0.071875 0.197222 2 0.609375 0.970313 0.755556 0.059375 0.15 3 0.535156 0.260547 0.913889 0.073438 0.155556 3 0.523438 0.171191 0.819444 0.08418 0.133333 5 0.490234 0.253516 0.707639 0.078906 0.136111 3 0.443604 0.317969 0.622917 0.059766 0.086111 3 0.443604 0.166113 0.929861 0.10332 0.140278 3 0.357666 0.317188 0.693056 0.054688 0.105556 0 0.354004 0.349609 0.805556 0.048438 0.116667 5 0.346924 0.432813 0.472222 0.05625 0.079167 6 0.27832 0.058984 0.794444 0.117969 0.305556 2 0.276611 0.474219 0.476736 0.046094 0.054861 10 0.263672 0.059375 0.82066 0.11875 0.355903 2 0.262939 0.316992 0.694097 0.055859 0.102083 2 0.236572 0.260938 0.917361 0.073438 0.161111 3 0.2323 0.474219 0.475694 0.046094 0.054167 2 0.195557 0.374219 0.53125 0.035156 0.076389 3 0.189575 0.273438 0.542361 0.0625 0.077778 10 0.186523 0.35625 0.475694 0.124219 0.154861 12 0.184814 0.277344 0.797222 0.043359 0.106944 3 0.160767 0.089844 0.934722 0.105078 0.130556 9 0.158203 0.35625 0.477083 0.123438 0.159722 1 0.141724 0.729688 0.840278 0.032813 0.105556 0 0.124207 0.276563 0.797222 0.042578 0.111111 10 0.118408 0.869531 0.847917 0.260938 0.304167
CCTV01^20260318-110000-20260318-120000_000391,3 0.625977 0.524609 0.879167 0.071094 0.2 3 0.550781 0.271094 0.833333 0.071875 0.131944 3 0.537109 0.167187 0.920833 0.092578 0.158333 3 0.480469 0.788281 0.607292 0.06875 0.115278 9 0.470703 0.172559 0.602083 0.179102 0.270833 5 0.453369 0.170117 0.751389 0.094531 0.154167 5 0.435791 0.312891 0.616667 0.085547 0.116667 3 0.397949 0.227148 0.768056 0.08125 0.140278 10 0.368408 0.172827 0.603472 0.176221 0.261111 3 0.363037 0.308203 0.540972 0.053906 0.072222 3 0.297363 0.235742 0.642361 0.073047 0.115278 2 0.275146 0.357812 0.486458 0.039062 0.072222 2 0.275146 0.271094 0.833333 0.074219 0.133333 9 0.230957 0.170508 0.745833 0.096875 0.155556 12 0.221313 0.310156 0.739063 0.038281 0.107986 3 0.209473 0.340234 0.557639 0.047656 0.066667 1 0.203125 0.835938 0.719444 0.028125 0.091667 8 0.152588 0.307031 0.926042 0.088281 0.147917 10 0.151978 0.063672 0.801215 0.127344 0.308681 3 0.137573 0.513281 0.411806 0.034375 0.047222 5 0.137573 0.788281 0.607986 0.06875 0.116667 12 0.132568 0.276953 0.734722 0.036719 0.095833 7 0.123352 0.679688 0.443056 0.039062 0.080556 10 0.12085 0.039868 0.706771 0.079248 0.230903 0 0.113953 0.277148 0.735417 0.032813 0.095833 0 0.103394 0.311328 0.746007 0.039062 0.094097 4 0.103027 0.680078 0.444097 0.039062 0.080556
CCTV01^20260318-110000-20260318-120000_000395,8 0.684082 0.303125 0.805556 0.066406 0.152778 3 0.633301 0.524219 0.878472 0.069531 0.198611 5 0.600098 0.440234 0.45625 0.058594 0.073611 2 0.596191 0.241211 0.922222 0.076172 0.155556 3 0.57959 0.240234 0.920833 0.078125 0.155556 0 0.541016 0.822656 0.807639 0.040625 0.122222 10 0.501953 0.170801 0.747222 0.231836 0.361111 2 0.432129 0.80625 0.511806 0.029687 0.070833 3 0.334473 0.267969 0.760417 0.08125 0.130556 3 0.327637 0.325391 0.654861 0.067188 0.097222 3 0.296631 0.156445 0.938889 0.092578 0.122222 4 0.273682 0.718359 0.607639 0.071094 0.147222 3 0.270508 0.486328 0.422222 0.042188 0.061806 0 0.226807 0.344922 0.581944 0.034375 0.083333 4 0.224731 0.953125 0.794444 0.09375 0.148611 11 0.184814 0.717188 0.607639 0.06875 0.145833 2 0.181885 0.783594 0.477083 0.026563 0.063889 9 0.180054 0.717969 0.606944 0.067969 0.145833 10 0.168823 0.083203 0.69375 0.166406 0.318056 0 0.165649 0.989062 0.700694 0.021875 0.095833 5 0.15564 0.953125 0.794444 0.09375 0.152778 0 0.151978 0.753906 0.558333 0.03125 0.060417 3 0.141235 0.951563 0.795139 0.096875 0.156944 0 0.130737 0.402734 0.490278 0.025 0.068056 2 0.113953 0.371094 0.45 0.0375 0.066667
CCTV01^20260318-110000-20260318-120000_000399,3 0.656738 0.76875 0.844444 0.084375 0.166667 2 0.631836 0.807617 0.771528 0.047266 0.119444 3 0.629883 0.524219 0.878472 0.071875 0.197222 2 0.605957 0.360156 0.819444 0.062891 0.130556 5 0.529297 0.308984 0.906944 0.121094 0.186111 8 0.484375 0.301953 0.781944 0.071094 0.136111 3 0.478516 0.217188 0.772222 0.073438 0.129167 10 0.445557 0.919531 0.817882 0.159375 0.364236 10 0.431152 0.35625 0.530556 0.145313 0.218056 2 0.407227 0.867188 0.554167 0.0375 0.080556 2 0.364746 0.218164 0.770833 0.071484 0.127778 10 0.358398 0.429297 0.417708 0.111719 0.134028 2 0.273682 0.275586 0.725694 0.05625 0.111111 3 0.245117 0.471484 0.472917 0.044531 0.058333 1 0.199951 0.703125 0.502083 0.025 0.057639 10 0.187744 0.126953 0.604514 0.20625 0.249306 3 0.185303 0.15791 0.950694 0.131445 0.098611 7 0.161865 0.07959 0.872917 0.15918 0.254167 0 0.144653 0.390234 0.890278 0.054688 0.105556 10 0.132935 0.021033 0.620139 0.041626 0.179167 3 0.123352 0.346289 0.627083 0.058594 0.084722 3 0.112793 0.50625 0.418056 0.034375 0.054861 9 0.109314 0.130176 0.60625 0.200586 0.254167
CCTV01^20260318-110000-20260318-120000_000403,3 0.62793 0.524219 0.879167 0.071875 0.197222 5 0.588867 0.260156 0.913889 0.1125 0.172222 5 0.552734 0.264844 0.784722 0.085156 0.155556 5 0.546875 0.759375 0.854167 0.0875 0.208333 10 0.542969 0.235596 0.639583 0.205371 0.277778 3 0.525391 0.738281 0.696181 0.067188 0.121528 3 0.525391 0.148828 0.931944 0.078906 0.136111 0 0.523438 0.36582 0.927083 0.053125 0.129167 3 0.505859 0.847656 0.720139 0.065625 0.127778 3 0.46875 0.724609 0.526389 0.052344 0.081944 0 0.430176 0.832031 0.863194 0.048438 0.141667 3 0.428223 0.780859 0.571528 0.049219 0.086111 3 0.411133 0.314844 0.656944 0.079687 0.104167 2 0.350342 0.739062 0.696528 0.065625 0.119444 2 0.325928 0.054675 0.866667 0.074438 0.138889 0 0.255371 0.988281 0.751389 0.023438 0.091667 2 0.230957 0.148828 0.932292 0.079687 0.135417 10 0.212769 0.469531 0.406163 0.090625 0.148785 6 0.199951 0.94375 0.858333 0.1125 0.283333 3 0.192505 0.037231 0.9625 0.072998 0.075 7 0.188354 0.944922 0.858333 0.110156 0.283333 2 0.181274 0.503516 0.441319 0.034375 0.054167 2 0.172119 0.786719 0.467708 0.034375 0.086111 3 0.166626 0.503125 0.440625 0.034375 0.053472 12 0.127686 0.166992 0.816667 0.061328 0.113889 10 0.119629 0.945312 0.859722 0.109375 0.280556 10 0.102661 0.287109 0.470833 0.148438 0.156944
CCTV01^20260318-110000-20260318-120000_000407,8 0.715332 0.297461 0.734028 0.065234 0.126389 3 0.624512 0.524219 0.878472 0.071875 0.198611 10 0.609375 0.410547 0.473611 0.119531 0.176389 3 0.577637 0.167187 0.847917 0.079297 0.138889 3 0.575684 0.064746 0.909028 0.11543 0.154167 3 0.550781 0.685547 0.589931 0.05625 0.113194 11 0.490234 0.144922 0.677083 0.135156 0.166667 5 0.46875 0.234961 0.769271 0.063672 0.164236 5 0.424316 0.285938 0.65 0.074219 0.122222 3 0.40918 0.904688 0.945139 0.078125 0.109722 0 0.345215 0.750781 0.801389 0.041406 0.125 0 0.317383 0.753906 0.703472 0.034375 0.094444 2 0.29248 0.167187 0.848611 0.079297 0.130556 2 0.275146 0.090625 0.797222 0.054297 0.116667 3 0.250977 0.790625 0.527431 0.040625 0.084722 4 0.210815 0.288281 0.885417 0.098438 0.218056 0 0.209473 0.967188 0.702778 0.046875 0.105556 5 0.209473 0.971875 0.910069 0.05625 0.179861 4 0.204346 0.796875 0.926389 0.073438 0.147222 7 0.192505 0.288672 0.8875 0.101562 0.222222 0 0.187134 0.78125 0.677083 0.032813 0.105556 3 0.174438 0.413281 0.93125 0.128906 0.1375 10 0.122498 0.058984 0.684028 0.117969 0.283333 0 0.117981 0.174609 0.931944 0.049609 0.125 9 0.112793 0.087549 0.665972 0.175098 0.280556 0 0.105225 0.486328 0.460417 0.025781 0.059722
CCTV01^20260318-110000-20260318-120000_000412,8 0.830078 0.290625 0.633333 0.054688 0.119444 10 0.665527 0.745703 0.657986 0.138281 0.317361 3 0.631836 0.524609 0.879167 0.071094 0.197222 3 0.596191 0.142578 0.882639 0.101953 0.138889 5 0.57373 0.335547 0.819444 0.091406 0.181944 3 0.503906 0.136743 0.782639 0.090186 0.127778 3 0.498047 0.037134 0.906944 0.074268 0.155556 6 0.496094 0.744531 0.657292 0.1375 0.320139 0 0.460938 0.439063 0.915278 0.065625 0.116667 5 0.383057 0.323438 0.570833 0.069531 0.105556 9 0.346924 0.916406 0.843924 0.167187 0.312153 3 0.327637 0.197852 0.770139 0.078906 0.126389 7 0.281494 0.262891 0.725694 0.066406 0.163889 1 0.275146 0.754687 0.894444 0.042188 0.108333 2 0.255371 0.291211 0.890278 0.055859 0.152778 4 0.208862 0.239453 0.838194 0.071094 0.1875 7 0.19812 0.239063 0.855556 0.067578 0.155556 12 0.176636 0.176172 0.909028 0.052344 0.131944 5 0.171021 0.232813 0.651389 0.052344 0.126389 2 0.157715 0.335156 0.945139 0.061719 0.109722 0 0.156616 0.175488 0.908333 0.050977 0.123611 0 0.154541 0.372266 0.925 0.06875 0.134722 12 0.151978 0.262891 0.724826 0.060938 0.161458 9 0.137573 0.041943 0.684722 0.083887 0.272222 10 0.122131 0.041211 0.698958 0.082422 0.275694 7 0.119629 0.915625 0.842708 0.167187 0.314583
CCTV01^20260318-110000-20260318-120000_000420,3 0.680664 0.251172 0.84375 0.064844 0.1375 3 0.642578 0.524609 0.879167 0.070312 0.197222 0 0.615234 0.298047 0.908333 0.049219 0.127778 5 0.596191 0.168164 0.76875 0.096875 0.133333 2 0.567871 0.319922 0.656944 0.057813 0.108333 2 0.513672 0.107031 0.858333 0.07168 0.133333 10 0.501953 0.291211 0.513194 0.151953 0.194444 10 0.362061 0.925 0.796528 0.15 0.406944 3 0.338135 0.479688 0.411111 0.042188 0.047222 2 0.30249 0.373828 0.510417 0.050781 0.091667 10 0.291748 0.125781 0.603472 0.202344 0.230556 12 0.286133 0.299219 0.743056 0.042188 0.108333 3 0.286133 0.173633 0.943056 0.069141 0.113889 1 0.256836 0.8 0.679861 0.029687 0.0875 2 0.245117 0.078271 0.803472 0.08252 0.118056 2 0.209473 0.798438 0.4875 0.029687 0.065278 0 0.191895 0.814844 0.53125 0.028125 0.075 8 0.185913 0.299219 0.741667 0.041406 0.102778 2 0.168335 0.174023 0.944444 0.069141 0.111111 0 0.163452 0.170801 0.836111 0.049805 0.116667 10 0.157104 0.022229 0.635417 0.044263 0.211111 3 0.151001 0.168652 0.706771 0.088477 0.080903 7 0.115173 0.299219 0.741667 0.040625 0.1 12 0.105957 0.170898 0.839583 0.055469 0.127778
CCTV01^20260318-110000-20260318-120000_000424,3 0.662109 0.17959 0.847222 0.070898 0.141667 3 0.660156 0.771094 0.838889 0.078125 0.166667 3 0.638672 0.524219 0.878472 0.070312 0.197222 2 0.633301 0.973437 0.795833 0.053125 0.120833 3 0.633301 0.778125 0.688889 0.08125 0.118056 3 0.596191 0.323633 0.819444 0.076563 0.141667 3 0.584961 0.684766 0.577083 0.054688 0.097222 6 0.457031 0.775 0.554861 0.117188 0.204167 0 0.414795 0.892969 0.716493 0.042188 0.108681 3 0.414795 0.269531 0.708333 0.099609 0.118056 10 0.384033 0.775391 0.555903 0.116406 0.204861 5 0.375732 0.270703 0.636806 0.081641 0.107639 3 0.370117 0.422266 0.494444 0.058594 0.059722 0 0.357666 0.9 0.946528 0.046875 0.106944 11 0.331055 0.170508 0.634028 0.203125 0.245833 4 0.319092 0.248047 0.782639 0.067969 0.154167 2 0.309082 0.333008 0.588889 0.048828 0.085417 0 0.270508 0.28125 0.876389 0.060156 0.113889 2 0.267334 0.441406 0.40625 0.028125 0.066667 10 0.248657 0.023535 0.624306 0.046387 0.1875 2 0.228149 0.322656 0.817361 0.075 0.138889 7 0.226807 0.247852 0.781944 0.067578 0.155556 8 0.19812 0.391211 0.55 0.055078 0.080556 6 0.187744 0.03291 0.848611 0.06582 0.297222 0 0.177246 0.100977 0.779861 0.049023 0.106944 1 0.173828 0.965625 0.936806 0.0375 0.106944 9 0.160278 0.168164 0.638194 0.199609 0.25 10 0.135742 0.236523 0.514583 0.171094 0.170833 12 0.119629 0.28125 0.875 0.057031 0.111111
CCTV01^20260318-110000-20260318-120000_000428,3 0.704102 0.267578 0.907639 0.078125 0.159722 3 0.640625 0.524609 0.878472 0.070312 0.198611 3 0.588867 0.175586 0.908333 0.094531 0.163889 5 0.550781 0.281445 0.744444 0.079297 0.151389 0 0.519531 0.74375 0.766667 0.039844 0.106944 3 0.498047 0.337109 0.565625 0.070312 0.077083 10 0.490234 0.121484 0.639583 0.205469 0.2375 3 0.445557 0.242578 0.698264 0.070312 0.10625 3 0.414795 0.494531 0.442014 0.036719 0.05625 10 0.345947 0.340234 0.451389 0.135937 0.156944 1 0.338135 0.973437 0.953125 0.053125 0.09375 12 0.319092 0.337695 0.765972 0.043359 0.106944 0 0.312256 0.338672 0.765278 0.040625 0.109722 1 0.297363 0.714063 0.831944 0.029687 0.094444 3 0.282959 0.259375 0.540278 0.04375 0.077778 3 0.256104 0.03208 0.831944 0.06416 0.334722 0 0.189575 0.216797 0.918056 0.039062 0.108333 10 0.180664 0.024231 0.627083 0.047778 0.195833 1 0.167236 0.195508 0.708507 0.030469 0.077431 1 0.123779 0.168848 0.673611 0.043945 0.075 6 0.118774 0.035449 0.831944 0.070898 0.336111 0 0.111267 0.301953 0.647222 0.038281 0.076389 0 0.105591 0.337695 0.620833 0.039062 0.092361
CCTV01^20260318-110000-20260318-120000_000432,2 0.67041 0.848437 0.723611 0.06875 0.155556 3 0.631836 0.524219 0.879167 0.070312 0.197222 10 0.584961 0.131616 0.699653 0.184424 0.315972 3 0.558105 0.257617 0.819444 0.071484 0.130556 3 0.548828 0.242383 0.693056 0.070312 0.106944 0 0.525391 0.309375 0.859722 0.05625 0.122222 3 0.503906 0.292188 0.7 0.072656 0.129167 6 0.484375 0.440234 0.429167 0.096094 0.126389 2 0.480469 0.258984 0.820833 0.069531 0.127778 0 0.462891 0.79375 0.604167 0.029687 0.091667 6 0.458984 0.860938 0.604167 0.096875 0.220833 3 0.357666 0.221826 0.938889 0.081348 0.122222 9 0.341553 0.131152 0.697222 0.18457 0.320833 3 0.336426 0.325391 0.561111 0.062109 0.077083 10 0.24939 0.050195 0.676389 0.100391 0.270833 3 0.2323 0.362891 0.607292 0.064844 0.088889 3 0.186523 0.087109 0.9625 0.174219 0.075 10 0.182373 0.441797 0.429167 0.09375 0.129167 3 0.181274 0.497656 0.440972 0.0375 0.05625 2 0.178345 0.223047 0.938194 0.083594 0.123611 3 0.142212 0.405566 0.516667 0.05918 0.077778 1 0.123779 0.264648 0.590278 0.026172 0.073611 1 0.107788 0.320117 0.731944 0.032813 0.091667
CCTV01^20260318-110000-20260318-120000_000605,9 0.808105 0.752344 0.811285 0.164062 0.371875 9 0.770508 0.796875 0.681597 0.170313 0.33125 10 0.757812 0.31875 0.567361 0.114844 0.213889 10 0.725098 0.632031 0.470833 0.067188 0.190278 2 0.704102 0.295117 0.772222 0.048828 0.115278 3 0.637207 0.524609 0.877778 0.069531 0.197222 2 0.609375 0.914844 0.702604 0.071875 0.142014 3 0.59082 0.314844 0.715972 0.050781 0.1 3 0.554688 0.258984 0.7125 0.075 0.109722 10 0.482422 0.247656 0.565972 0.140625 0.218056 2 0.44165 0.86875 0.951389 0.05625 0.097222 3 0.435791 0.399219 0.498611 0.051562 0.061111 10 0.393311 0.750781 0.811806 0.160938 0.373611 0 0.300781 0.150781 0.695833 0.036328 0.094444 1 0.300781 0.200391 0.797222 0.032813 0.091667 3 0.294189 0.46875 0.474306 0.045313 0.051389 3 0.291016 0.442578 0.456944 0.05 0.048611 3 0.287842 0.451562 0.406944 0.042188 0.048611 10 0.271973 0.916406 0.583333 0.165625 0.252778 3 0.255371 0.491406 0.437847 0.0375 0.052083 6 0.246582 0.065039 0.772917 0.130078 0.281944 2 0.243652 0.46875 0.474306 0.045313 0.051389 10 0.231567 0.064648 0.76875 0.129297 0.276389 3 0.222656 0.469141 0.423611 0.040625 0.045833 7 0.212769 0.110547 0.886111 0.221094 0.227778 10 0.183594 0.721094 0.472917 0.082813 0.159722 2 0.175537 0.95 0.865278 0.05625 0.118056 1 0.153564 0.980469 0.797222 0.035937 0.097222 1 0.145142 0.241602 0.777083 0.032031 0.081944 10 0.131592 0.023364 0.634375 0.046094 0.210417 9 0.12854 0.917188 0.581944 0.164062 0.252778 9 0.123352 0.127246 0.556597 0.169727 0.209028 10 0.116333 0.479688 0.346875 0.121875 0.104861 10 0.101929 0.127734 0.556944 0.167969 0.211806
CCTV01^20260318-110000-20260318-120000_000609,10 0.84082 0.692969 0.634375 0.13125 0.311806 10 0.728027 0.416406 0.450694 0.107031 0.155556 3 0.644043 0.524609 0.878472 0.069531 0.195833 11 0.616699 0.276563 0.768229 0.1 0.219097 10 0.57373 0.636719 0.485764 0.078125 0.189583 5 0.567871 0.325 0.925347 0.089844 0.149306 10 0.544922 0.822656 0.599306 0.145313 0.263889 10 0.525391 0.73125 0.485417 0.089844 0.170833 2 0.496094 0.335156 0.630556 0.044141 0.091667 3 0.443604 0.733594 0.870833 0.082813 0.163889 10 0.437744 0.227734 0.697917 0.158594 0.313889 3 0.430176 0.353906 0.561111 0.069141 0.073611 10 0.373047 0.078418 0.849132 0.156836 0.301736 2 0.336426 0.734766 0.863889 0.078125 0.152778 10 0.325195 0.967969 0.773611 0.064062 0.3375 7 0.315674 0.792188 0.729167 0.078125 0.138889 3 0.313965 0.505469 0.415278 0.034375 0.05625 10 0.300781 0.614844 0.339583 0.040625 0.110417 0 0.287842 0.343359 0.759722 0.0375 0.086111 10 0.277588 0.188086 0.609722 0.163281 0.201389 10 0.262207 0.904688 0.831424 0.1875 0.337153 10 0.224731 0.302344 0.495833 0.104688 0.14375 11 0.172119 0.290625 0.419444 0.044531 0.085417 6 0.166138 0.078711 0.85 0.157422 0.3 3 0.164551 0.2375 0.957639 0.071094 0.084722 3 0.155029 0.478125 0.410069 0.028906 0.045139 10 0.125488 0.022559 0.635069 0.044531 0.20625 1 0.122131 0.137207 0.943056 0.042969 0.102778 1 0.119629 0.217969 0.890278 0.032813 0.1
CCTV01^20260318-110000-20260318-120000_000613,10 0.786621 0.355078 0.522917 0.130469 0.193056 10 0.767578 0.85 0.668056 0.148438 0.318056 5 0.725098 0.324219 0.914583 0.077344 0.170833 10 0.675781 0.621875 0.425 0.054688 0.147222 10 0.645996 0.136743 0.718056 0.199561 0.325 3 0.645996 0.524609 0.877778 0.069531 0.195833 3 0.642578 0.197656 0.813889 0.072656 0.130556 2 0.605957 0.953906 0.845833 0.065625 0.155556 6 0.600098 0.683984 0.45 0.04375 0.104167 11 0.588867 0.276953 0.756944 0.095312 0.215278 3 0.577637 0.237695 0.944097 0.069922 0.111806 0 0.571777 0.344531 0.763889 0.035156 0.086111 3 0.527344 0.635156 0.515278 0.042969 0.081944 10 0.505859 0.748438 0.517708 0.09375 0.191667 6 0.478516 0.692578 0.588889 0.090625 0.183333 3 0.458984 0.796875 0.780556 0.084375 0.15 3 0.381104 0.48125 0.420486 0.034375 0.047917 5 0.361084 0.678516 0.357292 0.028125 0.058333 1 0.350342 0.683203 0.802778 0.029687 0.105556 2 0.284668 0.497656 0.434722 0.023438 0.052778 10 0.275879 0.692969 0.589583 0.09375 0.184722 10 0.268066 0.970313 0.802778 0.059375 0.358333 2 0.256836 0.95625 0.880556 0.0875 0.227778 9 0.229492 0.970313 0.806771 0.059375 0.369792 10 0.217285 0.837305 0.875694 0.300391 0.248611 10 0.216064 0.433594 0.39783 0.079687 0.107118 6 0.210083 0.433691 0.397917 0.07793 0.102778 10 0.190674 0.057178 0.698958 0.114355 0.297917 2 0.187744 0.107983 0.894444 0.064111 0.125 10 0.172729 0.300977 0.514583 0.135547 0.184722 6 0.164551 0.760938 0.328125 0.039062 0.079861 1 0.132568 0.219141 0.711806 0.035156 0.077778 10 0.129395 0.025269 0.648264 0.050049 0.240972 1 0.107056 0.708594 0.761111 0.03125 0.098611
CCTV01^20260318-110000-20260318-120000_000617,9 0.891602 0.129395 0.810938 0.177148 0.358681 2 0.805664 0.95625 0.895833 0.08125 0.197222 10 0.725098 0.660937 0.546528 0.102344 0.226389 3 0.710449 0.324219 0.895833 0.095312 0.148611 10 0.702637 0.857813 0.677083 0.159375 0.323611 3 0.637207 0.524219 0.877778 0.070312 0.197222 3 0.605957 0.725781 0.713194 0.075 0.136111 5 0.59082 0.314844 0.665278 0.061719 0.126389 10 0.552734 0.61875 0.424306 0.051562 0.163194 6 0.548828 0.742188 0.596181 0.085938 0.167361 2 0.521484 0.245703 0.779167 0.044531 0.111111 10 0.5 0.396875 0.431944 0.100781 0.147222 10 0.488281 0.259033 0.515278 0.158496 0.194444 11 0.462891 0.470313 0.417361 0.054688 0.102778 3 0.424316 0.418848 0.493403 0.057617 0.057639 3 0.414795 0.785156 0.833333 0.073438 0.129167 2 0.383057 0.066125 0.747222 0.044897 0.116667 7 0.359375 0.221484 0.908333 0.101562 0.183333 12 0.345215 0.255859 0.667361 0.066406 0.141667 7 0.297363 0.25625 0.665278 0.066406 0.141667 10 0.233032 0.022974 0.619444 0.045361 0.176389 2 0.225464 0.306055 0.959028 0.062891 0.081944 2 0.222656 0.783984 0.829167 0.071094 0.120833 12 0.218628 0.971875 0.734722 0.05625 0.177778 6 0.212036 0.760938 0.330208 0.0375 0.084028 3 0.189575 0.394141 0.545833 0.05 0.066667 2 0.172729 0.394141 0.545833 0.048438 0.068056 8 0.160767 0.22168 0.908333 0.105078 0.179167 10 0.15918 0.675391 0.359722 0.049219 0.114583 5 0.144165 0.698828 0.425 0.035156 0.070833 0 0.1427 0.322656 0.736806 0.027344 0.083333 10 0.137573 0.466016 0.356944 0.079687 0.095833 1 0.101562 0.322656 0.736806 0.027344 0.083333 8 0.100159 0.971484 0.734028 0.057031 0.169444
CCTV01^20260318-110000-20260318-120000_000621,6 0.816406 0.794531 0.705382 0.098438 0.217014 10 0.771973 0.707031 0.671875 0.128906 0.320139 10 0.730957 0.63125 0.483333 0.075781 0.2 2 0.70752 0.964063 0.917708 0.071875 0.164583 5 0.651367 0.210107 0.834722 0.087598 0.177778 3 0.62793 0.301563 0.869444 0.073438 0.148611 3 0.625977 0.524219 0.877778 0.070312 0.197222 3 0.569824 0.132324 0.886111 0.089453 0.144444 10 0.521484 0.311914 0.525694 0.154297 0.191667 2 0.511719 0.287891 0.753472 0.048047 0.109722 3 0.490234 0.14209 0.768056 0.087695 0.122222 8 0.480469 0.305859 0.634375 0.083594 0.153472 2 0.457031 0.302148 0.868056 0.070703 0.147222 6 0.432129 0.882031 0.723785 0.182812 0.355208 10 0.389648 0.883594 0.723611 0.179688 0.355556 10 0.385742 0.044312 0.847222 0.087939 0.305556 6 0.373779 0.761328 0.329514 0.039062 0.081944 5 0.350342 0.70625 0.451389 0.0375 0.080556 3 0.309082 0.183984 0.966667 0.107813 0.066667 5 0.305664 0.503125 0.395139 0.040625 0.061806 9 0.276611 0.306445 0.634722 0.081641 0.152778 6 0.221313 0.770312 0.545139 0.098438 0.188889 12 0.217285 0.455469 0.422569 0.048438 0.082639 2 0.216064 0.243359 0.736806 0.048438 0.106944 10 0.204346 0.617188 0.311632 0.0375 0.098264 10 0.19812 0.022925 0.623958 0.045166 0.188194 12 0.177246 0.306055 0.634028 0.082813 0.154167 2 0.167725 0.402246 0.470833 0.033008 0.066667 10 0.15918 0.659375 0.292014 0.0375 0.083333 10 0.149536 0.770703 0.541319 0.099219 0.188194 3 0.148071 0.249023 0.674653 0.057813 0.099306
CCTV01^20260318-110000-20260318-120000_000625,10 0.788086 0.660937 0.565278 0.116406 0.254167 10 0.708984 0.408203 0.446875 0.117969 0.158333 3 0.695801 0.278516 0.890278 0.078906 0.152778 10 0.656738 0.759766 0.817882 0.163281 0.364236 3 0.633301 0.524219 0.878472 0.070312 0.198611 3 0.560059 0.228125 0.831944 0.083594 0.152778 6 0.558105 0.760938 0.326389 0.040625 0.076389 10 0.548828 0.100098 0.739063 0.200195 0.346875 3 0.501953 0.182227 0.795139 0.08125 0.127778 2 0.445557 0.120532 0.809722 0.059326 0.119444 10 0.443604 0.89707 0.747917 0.205859 0.366667 6 0.386719 0.778906 0.570833 0.10625 0.217361 5 0.359375 0.260156 0.672222 0.073828 0.131944 2 0.354004 0.307813 0.697222 0.058594 0.105556 10 0.328613 0.779688 0.570833 0.10625 0.216667 3 0.320801 0.307813 0.696875 0.057813 0.107639 2 0.313965 0.279687 0.566667 0.035547 0.075 2 0.267334 0.278516 0.888889 0.078516 0.159722 3 0.264404 0.238086 0.628472 0.060547 0.081944 8 0.256836 0.348047 0.590278 0.09375 0.145833 10 0.252441 0.61875 0.346528 0.040625 0.111111 3 0.246582 0.304297 0.517361 0.057031 0.066667 3 0.230957 0.104883 0.940972 0.096875 0.118056 10 0.196777 0.022864 0.623611 0.045044 0.180556 2 0.195557 0.970313 0.939583 0.059375 0.120833 2 0.193115 0.183008 0.795833 0.078125 0.127778 3 0.184814 0.25957 0.977778 0.096484 0.044444 10 0.169922 0.732031 0.430556 0.115625 0.142361 12 0.136108 0.347656 0.589931 0.091406 0.147917 10 0.117554 0.665625 0.326736 0.042188 0.104861 7 0.111267 0.907813 0.903819 0.184375 0.192361 1 0.10376 0.598437 0.526389 0.021875 0.059722
CCTV01^20260318-110000-20260318-120000_000629,10 0.796875 0.667188 0.58125 0.121094 0.275 3 0.631836 0.524609 0.877778 0.070312 0.197222 3 0.609375 0.214062 0.850694 0.086328 0.152778 10 0.605957 0.622266 0.376997 0.046875 0.119618 3 0.598145 0.147852 0.833333 0.090234 0.126389 3 0.57959 0.271484 0.915278 0.076563 0.163889 5 0.571777 0.295117 0.761111 0.066797 0.147222 10 0.563965 0.298633 0.510069 0.146094 0.19375 10 0.498047 0.898047 0.752083 0.203906 0.376389 3 0.492188 0.325781 0.652083 0.064062 0.094444 2 0.488281 0.174414 0.675 0.047266 0.098611 3 0.439697 0.323047 0.565972 0.064453 0.072222 3 0.428223 0.212061 0.707118 0.074316 0.110764 5 0.42627 0.411035 0.471528 0.06543 0.081944 12 0.422607 0.486328 0.43125 0.051562 0.091667 6 0.414795 0.79375 0.413889 0.05625 0.115278 10 0.38501 0.78125 0.580208 0.104688 0.221528 3 0.383057 0.373828 0.545833 0.053125 0.068056 6 0.375732 0.78125 0.580208 0.103125 0.221528 3 0.303955 0.254102 0.724306 0.073047 0.129167 2 0.30249 0.214258 0.613889 0.035937 0.084722 10 0.279053 0.778516 0.838889 0.177344 0.322222 8 0.248047 0.349023 0.900694 0.085938 0.177778 7 0.195557 0.348828 0.9 0.085156 0.172222 3 0.175537 0.463281 0.484722 0.045313 0.040278 9 0.142212 0.345703 0.9 0.078125 0.158333 10 0.135254 0.69375 0.490972 0.090625 0.193056 2 0.13208 0.96875 0.939583 0.0625 0.120833 10 0.126831 0.024194 0.633333 0.047656 0.202778 6 0.105225 0.772656 0.839583 0.164062 0.320833
CCTV01^20260318-110000-20260318-120000_000633,10 0.754883 0.698438 0.679861 0.140625 0.340278 3 0.649414 0.246289 0.891667 0.073047 0.155556 3 0.633301 0.524219 0.877778 0.070312 0.197222 10 0.604004 0.626172 0.398264 0.053906 0.138194 10 0.581543 0.898242 0.762674 0.203516 0.405208 3 0.575684 0.869531 0.897222 0.1 0.183333 12 0.550781 0.249609 0.658333 0.099219 0.168056 5 0.541016 0.464063 0.421181 0.046875 0.065972 2 0.53125 0.819531 0.942361 0.059375 0.115278 9 0.525391 0.701563 0.678819 0.139063 0.349306 3 0.505859 0.34375 0.472917 0.046875 0.0625 3 0.488281 0.334375 0.575347 0.067969 0.085417 3 0.482422 0.312891 0.685417 0.075 0.122222 9 0.46875 0.296289 0.781944 0.075781 0.147222 3 0.462891 0.379297 0.500694 0.048438 0.0625 3 0.439697 0.311719 0.534028 0.058594 0.071528 9 0.364746 0.12478 0.836458 0.198877 0.327083 3 0.355713 0.494531 0.443056 0.0375 0.05 7 0.352295 0.130298 0.835417 0.177686 0.325 3 0.327637 0.394141 0.447917 0.030469 0.052778 2 0.320801 0.246484 0.891667 0.072656 0.161111 3 0.312256 0.467969 0.476389 0.046875 0.057639 5 0.310791 0.746094 0.916667 0.078125 0.163889 3 0.299072 0.420703 0.482639 0.046094 0.061111 10 0.27832 0.070654 0.753472 0.141309 0.365278 3 0.275146 0.375 0.582639 0.076563 0.095139 4 0.271973 0.297852 0.782639 0.080859 0.155556 7 0.265869 0.297852 0.782639 0.082422 0.152778 6 0.199341 0.859375 0.528819 0.096875 0.167361 6 0.187744 0.722266 0.552778 0.107813 0.231944 10 0.157104 0.784766 0.578125 0.099219 0.226389 5 0.153076 0.374414 0.581597 0.076953 0.099306 10 0.151489 0.722656 0.558333 0.109375 0.243056 10 0.148071 0.464063 0.370486 0.085938 0.103472 10 0.130737 0.023499 0.652431 0.046606 0.253472 3 0.125977 0.628906 0.519097 0.039062 0.068056 10 0.117981 0.725391 0.41875 0.122656 0.141667 0 0.114746 0.259375 0.514583 0.027344 0.066667
CCTV01^20260318-110000-20260318-120000_000637,3 0.73584 0.266406 0.891667 0.085156 0.172222 10 0.713867 0.826367 0.77934 0.200391 0.399653 3 0.65332 0.279102 0.711111 0.063281 0.109722 3 0.645996 0.524219 0.878472 0.069531 0.197222 10 0.609375 0.653906 0.504514 0.08125 0.200694 10 0.550781 0.332227 0.438889 0.107422 0.1375 12 0.53125 0.330664 0.527083 0.080469 0.117361 3 0.451416 0.489844 0.44375 0.039062 0.059722 3 0.44165 0.391016 0.496181 0.05 0.0625 10 0.425293 0.15166 0.72066 0.212305 0.258681 3 0.414795 0.436719 0.454861 0.040625 0.063889 3 0.407227 0.344531 0.619097 0.054688 0.0875 7 0.407227 0.719531 0.847222 0.06875 0.180556 3 0.388672 0.514063 0.405556 0.029687 0.046528 12 0.386719 0.722266 0.61875 0.05 0.127778 10 0.350342 0.11875 0.843403 0.2375 0.313194 10 0.334473 0.946875 0.827604 0.10625 0.308681 2 0.319092 0.707812 0.722917 0.059375 0.102778 12 0.303955 0.71875 0.8375 0.06875 0.161111 1 0.297363 0.261328 0.7875 0.0375 0.077778 1 0.297363 0.670313 0.895833 0.032813 0.104167 3 0.26123 0.392773 0.454167 0.047266 0.045833 3 0.26123 0.454688 0.492708 0.05 0.047917 5 0.246582 0.488281 0.389236 0.034375 0.055556 1 0.219971 0.660156 0.795833 0.032813 0.102778 9 0.188354 0.300586 0.603472 0.064453 0.115278 2 0.186523 0.255859 0.527083 0.029687 0.068056 10 0.15979 0.023279 0.618403 0.045874 0.16875 3 0.157104 0.44375 0.419097 0.042188 0.040972 10 0.157104 0.133594 0.617361 0.191406 0.252778 7 0.157104 0.301172 0.604861 0.068359 0.114583 10 0.140381 0.732422 0.445486 0.119531 0.159028 10 0.137085 0.905469 0.614583 0.170313 0.255556 3 0.104126 0.445312 0.390278 0.042188 0.0375
CCTV01^20260318-110000-20260318-120000_000641,10 0.812988 0.699609 0.682292 0.117969 0.329861 10 0.692871 0.840625 0.796528 0.207813 0.406944 12 0.658203 0.393164 0.465625 0.073828 0.099306 3 0.640625 0.524219 0.879167 0.070312 0.197222 5 0.544922 0.296094 0.731944 0.080078 0.147222 10 0.494141 0.222314 0.70625 0.175684 0.313889 5 0.486328 0.480469 0.453472 0.042188 0.069444 10 0.40918 0.42334 0.375781 0.108008 0.109549 3 0.363037 0.440625 0.447222 0.042969 0.052778 5 0.325928 0.345313 0.609722 0.053906 0.080556 10 0.296631 0.07168 0.786285 0.143359 0.307986 3 0.282959 0.469141 0.408333 0.040625 0.044444 10 0.268066 0.31875 0.499653 0.085156 0.14375 9 0.229492 0.358984 0.535764 0.059766 0.099306 10 0.218018 0.138477 0.891667 0.276953 0.216667 1 0.204346 0.361328 0.921528 0.039062 0.109722 3 0.195557 0.516016 0.391667 0.032813 0.048611 0 0.188354 0.361914 0.920833 0.037891 0.108333 9 0.188354 0.221875 0.709028 0.175 0.327778 10 0.178955 0.214648 0.600694 0.179297 0.2375 5 0.164551 0.729688 0.513194 0.065625 0.094444 3 0.15918 0.5 0.421528 0.032031 0.043056 10 0.158691 0.02323 0.614583 0.045728 0.163194 3 0.154053 0.452344 0.496875 0.054688 0.052083 3 0.151978 0.729688 0.513889 0.065625 0.095833 10 0.144653 0.694531 0.414583 0.06875 0.155556 3 0.142212 0.398242 0.559375 0.042578 0.068056 1 0.142212 0.324219 0.799306 0.033984 0.0875 2 0.140381 0.63125 0.486806 0.035937 0.073611 3 0.139404 0.480859 0.453472 0.042969 0.069444 3 0.138428 0.630859 0.486806 0.036719 0.073611 5 0.138428 0.766406 0.574306 0.051562 0.084028 10 0.124634 0.82207 0.536111 0.130859 0.213889 3 0.109314 0.489063 0.385417 0.030469 0.034722 2 0.101562 0.488672 0.384722 0.030469 0.035417
CCTV01^20260318-110000-20260318-120000_000645,6 0.816406 0.25625 0.862153 0.107813 0.275694 12 0.751953 0.344922 0.836111 0.071875 0.158333 10 0.740234 0.835938 0.790972 0.2125 0.401389 10 0.72168 0.627344 0.381944 0.048438 0.138194 10 0.692871 0.696875 0.434722 0.057813 0.16875 3 0.647949 0.717188 0.834722 0.076563 0.166667 3 0.642578 0.524219 0.878472 0.070312 0.198611 12 0.586914 0.422656 0.434028 0.067188 0.098611 5 0.439697 0.333984 0.648611 0.075 0.126389 5 0.422607 0.485938 0.439583 0.039062 0.065278 10 0.378418 0.260205 0.640278 0.170215 0.265278 3 0.351318 0.709375 0.665278 0.054688 0.133333 3 0.327637 0.650391 0.552778 0.048438 0.076389 9 0.297363 0.262305 0.640625 0.165625 0.275694 3 0.295898 0.667969 0.625694 0.051562 0.098611 3 0.281494 0.464844 0.479167 0.053125 0.052778 2 0.281494 0.667969 0.626042 0.051562 0.099306 3 0.264404 0.369727 0.559028 0.050781 0.0875 10 0.253906 0.127148 0.834549 0.217188 0.330903 3 0.245117 0.707422 0.563889 0.052344 0.086111 2 0.236572 0.707031 0.564236 0.051562 0.088194 2 0.228149 0.710156 0.664931 0.051562 0.129861 3 0.185913 0.642969 0.502778 0.042188 0.059722 10 0.168335 0.023291 0.611806 0.045801 0.161111 3 0.151001 0.482031 0.4 0.042188 0.043056 10 0.146118 0.335547 0.470139 0.121875 0.159722 10 0.132935 0.833594 0.569097 0.129688 0.240278 7 0.12854 0.385156 0.497917 0.05 0.076389 10 0.121277 0.155664 0.656944 0.223047 0.293056 7 0.112793 0.043945 0.820139 0.087695 0.181944 9 0.106689 0.336328 0.470486 0.122656 0.161111 9 0.102661 0.043262 0.827778 0.086035 0.191667
CCTV01^20260318-110000-20260318-120000_000649,6 0.789062 0.294531 0.694444 0.090234 0.208333 10 0.782715 0.197949 0.72066 0.154883 0.328125 3 0.747559 0.249609 0.938889 0.070312 0.122222 10 0.725098 0.635938 0.502778 0.060938 0.204167 10 0.713867 0.694531 0.492361 0.057813 0.204167 10 0.712402 0.839063 0.795139 0.214062 0.409722 10 0.699219 0.385352 0.500694 0.125391 0.184722 12 0.692871 0.330469 0.813194 0.087109 0.131944 3 0.637207 0.524609 0.877778 0.069531 0.197222 3 0.635254 0.728125 0.845833 0.084375 0.163889 2 0.53125 0.040039 0.797917 0.066016 0.120833 3 0.484375 0.685547 0.679167 0.058594 0.127778 0 0.478516 0.312695 0.89375 0.044141 0.101389 3 0.355713 0.491016 0.44375 0.041406 0.058333 3 0.317383 0.464844 0.482639 0.046875 0.047222 3 0.303955 0.170605 0.946528 0.082227 0.106944 5 0.246582 0.504687 0.404514 0.0375 0.056944 3 0.193726 0.375781 0.963542 0.076563 0.072917 2 0.188354 0.727734 0.6375 0.042969 0.105556 3 0.164551 0.727344 0.6375 0.042188 0.105556 10 0.150513 0.9625 0.802604 0.075 0.330903 1 0.148071 0.276953 0.813889 0.032422 0.097222 3 0.142212 0.469531 0.424306 0.039062 0.055556 10 0.140381 0.93125 0.818576 0.1375 0.362847 1 0.111267 0.119531 0.861806 0.025391 0.091667
CCTV01^20260318-110000-20260318-120000_000654,9 0.952637 0.746094 0.812674 0.164062 0.371875 10 0.812988 0.288672 0.595139 0.166406 0.236111 3 0.788086 0.254883 0.868056 0.060938 0.136111 3 0.777344 0.161328 0.9 0.073828 0.155556 10 0.746094 0.839258 0.791667 0.208984 0.4 10 0.715332 0.703906 0.513194 0.076563 0.219444 12 0.713867 0.292578 0.732639 0.066016 0.126389 3 0.675781 0.223486 0.763194 0.063184 0.111111 3 0.672363 0.330469 0.835417 0.073438 0.143056 6 0.649414 0.413281 0.503472 0.08125 0.125 3 0.644043 0.524609 0.879167 0.069531 0.197222 5 0.466797 0.485156 0.448264 0.042969 0.06875 10 0.428223 0.640625 0.463889 0.051562 0.136806 0 0.411133 0.153125 0.686111 0.061328 0.1 10 0.366699 0.455078 0.4125 0.086719 0.13125 9 0.282959 0.060889 0.816493 0.121582 0.267014 7 0.233765 0.061523 0.809722 0.123047 0.222222 10 0.155029 0.287695 0.477778 0.136328 0.145833 2 0.150024 0.757031 0.517708 0.0375 0.064583 5 0.149048 0.220703 0.954514 0.085547 0.090972 10 0.143677 0.960938 0.890972 0.075 0.218056 9 0.137085 0.914062 0.7 0.16875 0.305556 10 0.113586 0.663281 0.338889 0.040625 0.111111 10 0.112 0.914062 0.700174 0.16875 0.307986
CCTV01^20260318-110000-20260318-120000_000658,10 0.746094 0.702344 0.51875 0.06875 0.226389 10 0.733887 0.385938 0.497917 0.132812 0.186111 10 0.71875 0.837305 0.791493 0.209766 0.400347 0 0.660156 0.358203 0.948264 0.053125 0.103472 5 0.645996 0.233984 0.902778 0.085938 0.188889 3 0.642578 0.524609 0.879167 0.069531 0.197222 3 0.620605 0.316016 0.722917 0.05625 0.120833 8 0.567871 0.302539 0.626389 0.047656 0.104861 3 0.535156 0.184766 0.805556 0.079687 0.138889 3 0.529297 0.258203 0.776389 0.055469 0.113889 3 0.501953 0.25 0.683681 0.065625 0.09375 10 0.490234 0.107129 0.762674 0.214258 0.338542 5 0.457031 0.494531 0.431944 0.04375 0.065278 10 0.453369 0.640625 0.466667 0.053125 0.1375 2 0.287842 0.257812 0.775694 0.054688 0.108333 10 0.189575 0.305859 0.459375 0.135937 0.140278 10 0.182983 0.93125 0.805556 0.1375 0.379167 1 0.177856 0.786328 0.960417 0.039844 0.079167 3 0.136597 0.494141 0.432292 0.042969 0.065972 10 0.129395 0.6625 0.338542 0.040625 0.111806 8 0.12854 0.254248 0.571181 0.121973 0.154861
CCTV01^20260318-110000-20260318-120000_000662,10 0.725098 0.701563 0.520833 0.067188 0.227778 3 0.672363 0.363281 0.859722 0.105469 0.1375 3 0.645996 0.524219 0.879167 0.070312 0.198611 3 0.635254 0.333984 0.639583 0.067969 0.093056 5 0.635254 0.259766 0.796528 0.073438 0.163889 10 0.629883 0.453125 0.425 0.103125 0.138889 10 0.57959 0.185156 0.682639 0.253906 0.3125 10 0.434082 0.641406 0.466667 0.053125 0.140972 3 0.377441 0.377148 0.567361 0.055859 0.079167 10 0.342529 0.882422 0.825694 0.235156 0.348611 3 0.335449 0.746484 0.661111 0.072656 0.113889 7 0.310791 0.305078 0.917361 0.136719 0.165278 9 0.300781 0.883594 0.824826 0.232813 0.350347 4 0.270508 0.303516 0.919792 0.134375 0.160417 6 0.244385 0.641406 0.468056 0.052344 0.134722 7 0.236572 0.039209 0.868056 0.078418 0.136111 10 0.187134 0.306641 0.463194 0.132031 0.145833 10 0.183594 0.662891 0.33941 0.042188 0.112847 5 0.15918 0.770312 0.602083 0.057813 0.116667 4 0.148071 0.041748 0.88125 0.083496 0.181944 3 0.147583 0.14397 0.91875 0.109326 0.1625 8 0.128052 0.305469 0.91875 0.141406 0.1625 9 0.110107 0.946094 0.832986 0.107813 0.334028 0 0.100525 0.312109 0.75625 0.039062 0.0875
CCTV01^20260318-110000-20260318-120000_000666,10 0.746094 0.722656 0.675347 0.114063 0.350694 10 0.656738 0.334766 0.543056 0.167187 0.209722 3 0.638672 0.525 0.878472 0.070312 0.198611 5 0.513672 0.267578 0.756771 0.06875 0.153125 3 0.332031 0.048682 0.839583 0.097168 0.1375 3 0.299072 0.503125 0.406944 0.035937 0.056944 7 0.23938 0.907031 0.861806 0.185938 0.276389 3 0.230957 0.484375 0.45625 0.038281 0.054167 5 0.217285 0.783594 0.660764 0.060938 0.14375 10 0.162964 0.128735 0.555903 0.165967 0.215278 2 0.14563 0.1875 0.816667 0.100391 0.172222 3 0.1427 0.342187 0.817361 0.094141 0.116667 5 0.138428 0.88125 0.699306 0.06875 0.102778 10 0.115173 0.02627 0.640972 0.051953 0.230556 4 0.113953 0.274219 0.890278 0.132031 0.161111 2 0.111633 0.201953 0.938194 0.082813 0.123611
CCTV01^20260318-110000-20260318-120000_000670,9 0.824219 0.16709 0.717361 0.181836 0.326389 3 0.622559 0.524219 0.878472 0.071875 0.198611 2 0.569824 0.946875 0.805556 0.064062 0.1625 5 0.386719 0.316016 0.636111 0.078906 0.118056 10 0.368408 0.789062 0.827778 0.209375 0.344444 6 0.364746 0.673438 0.587847 0.089063 0.2 8 0.359375 0.308594 0.510417 0.089844 0.097222 3 0.320801 0.8875 0.727778 0.071875 0.155556 2 0.189575 0.421094 0.904167 0.071094 0.133333 7 0.168335 0.240674 0.823611 0.08584 0.158333 12 0.121704 0.068457 0.927083 0.108789 0.145833 4 0.11554 0.946875 0.80625 0.06875 0.163889 3 0.112427 0.302344 0.718056 0.05625 0.086111 3 0.109314 0.382031 0.585764 0.059375 0.080556 5 0.102295 0.886719 0.728472 0.071875 0.156944
CCTV01^20260318-110000-20260318-120000_000674,6 0.666992 0.698828 0.650347 0.1 0.225694 3 0.625977 0.525 0.877778 0.071094 0.194444 10 0.605957 0.203711 0.652431 0.173047 0.259028 3 0.548828 0.878906 0.85 0.079687 0.15 3 0.509766 0.722656 0.880556 0.071875 0.177778 2 0.505859 0.762109 0.771528 0.044531 0.113889 5 0.457031 0.319922 0.633333 0.078125 0.123611 9 0.413086 0.205273 0.65 0.173047 0.2625 2 0.313965 0.879687 0.85 0.075 0.15 3 0.312256 0.067285 0.948958 0.074609 0.102083 10 0.291748 0.066602 0.752778 0.133203 0.316667 7 0.275146 0.233789 0.801389 0.090625 0.15 0 0.235107 0.959375 0.829861 0.053125 0.133333 6 0.2323 0.944531 0.728472 0.110937 0.291667 7 0.217285 0.10061 0.816667 0.085498 0.166667 2 0.184204 0.796875 0.601042 0.05 0.111806 3 0.182373 0.302734 0.719271 0.055469 0.114236 12 0.181274 0.100562 0.816667 0.084814 0.166667 10 0.151001 0.471094 0.40625 0.09375 0.138194 10 0.131592 0.698438 0.652083 0.1 0.225 12 0.129883 0.376367 0.472917 0.079297 0.115278 0 0.118408 0.350781 0.754167 0.04375 0.105556 12 0.115967 0.351562 0.754167 0.043359 0.105556 4 0.112 0.302344 0.71875 0.055469 0.111111 3 0.101562 0.819531 0.804167 0.076563 0.133333
CCTV01^20260318-110000-20260318-120000_000725,3 0.771973 0.256445 0.919444 0.080469 0.152778 2 0.744629 0.653906 0.561111 0.034375 0.080556 3 0.690918 0.714844 0.869444 0.072656 0.163889 3 0.689453 0.186426 0.894444 0.086914 0.147222 10 0.6875 0.332813 0.471875 0.145313 0.157639 3 0.680664 0.240039 0.749306 0.088281 0.123611 3 0.645996 0.522656 0.873611 0.071875 0.194444 10 0.635254 0.235156 0.608681 0.185156 0.259028 3 0.616699 0.316797 0.670833 0.063281 0.095833 0 0.607422 0.303125 0.786111 0.046094 0.1 3 0.586914 0.686719 0.652083 0.053125 0.1 3 0.586914 0.744141 0.674306 0.061719 0.118056 0 0.581543 0.925 0.699306 0.04375 0.108333 3 0.565918 0.355859 0.593056 0.06875 0.080556 2 0.548828 0.703906 0.728472 0.051562 0.120833 5 0.517578 0.691406 0.514583 0.053906 0.102778 10 0.503906 0.428223 0.408681 0.104492 0.132639 7 0.453369 0.783984 0.647917 0.053906 0.111111 2 0.437744 0.867188 0.547917 0.034375 0.083333 3 0.435791 0.733594 0.582639 0.048438 0.083333 10 0.414795 0.066211 0.830556 0.132422 0.338889 2 0.401611 0.51875 0.39375 0.021875 0.05 3 0.399902 0.732813 0.508333 0.044531 0.088889 3 0.366699 0.421484 0.497917 0.044531 0.054167 0 0.363037 0.762109 0.802778 0.039844 0.133333 3 0.341553 0.492188 0.41875 0.032813 0.041667 10 0.321777 0.044482 0.722049 0.087988 0.336458 2 0.319092 0.691406 0.514583 0.053125 0.102083 3 0.273682 0.480469 0.456944 0.04375 0.05 0 0.273682 0.974219 0.919444 0.051562 0.152778 1 0.240723 0.248828 0.813194 0.032813 0.079167 10 0.229492 0.675781 0.352865 0.05 0.123438 0 0.214722 0.807813 0.496875 0.021875 0.065278 0 0.20813 0.787891 0.519792 0.025781 0.073611 2 0.205566 0.885938 0.528472 0.03125 0.077083 3 0.199341 0.691406 0.515278 0.054688 0.100694 11 0.182373 0.897656 0.878472 0.1375 0.243056 4 0.141235 0.703906 0.729167 0.053125 0.122222 3 0.135742 0.726953 0.976736 0.088281 0.046528 4 0.127686 0.782813 0.647222 0.053125 0.113889 2 0.125122 0.808008 0.979167 0.102734 0.041667 1 0.123779 0.163965 0.780556 0.035742 0.086111 1 0.123352 0.4 0.527083 0.021875 0.055556
CCTV01^20260318-110000-20260318-120000_000729,3 0.749023 0.738281 0.917361 0.079687 0.165278 3 0.746094 0.276758 0.925694 0.073438 0.148611 2 0.704102 0.7 0.790278 0.046875 0.119444 10 0.6875 0.270117 0.584722 0.183203 0.241667 10 0.6875 0.083691 0.802778 0.167383 0.394444 3 0.686035 0.836133 0.909722 0.102734 0.175 3 0.684082 0.284375 0.80625 0.067969 0.122222 3 0.680664 0.914062 0.838889 0.103125 0.166667 10 0.672363 0.383594 0.4375 0.119531 0.148611 3 0.663574 0.189844 0.776389 0.075781 0.133333 3 0.65332 0.521875 0.873611 0.075 0.195833 0 0.629883 0.705469 0.637847 0.03125 0.101389 3 0.615234 0.267969 0.707118 0.073828 0.107986 2 0.600098 0.882812 0.704861 0.05625 0.105556 5 0.550781 0.758594 0.680556 0.076563 0.152778 3 0.542969 0.149023 0.930556 0.089453 0.138889 2 0.541016 0.982813 0.675694 0.034375 0.1 2 0.529297 0.228125 0.818056 0.050781 0.116667 3 0.470703 0.341406 0.623264 0.061719 0.0875 3 0.424316 0.465625 0.436111 0.036719 0.051389 7 0.416748 0.820312 0.779861 0.05625 0.118056 0 0.345215 0.212305 0.927778 0.045313 0.122222 12 0.339844 0.319922 0.708333 0.041406 0.102778 10 0.32251 0.685938 0.376042 0.058594 0.139583 12 0.30249 0.212695 0.929861 0.048438 0.127778 1 0.297363 0.963281 0.742361 0.0375 0.077778 3 0.294189 0.39375 0.561111 0.047656 0.069444 3 0.27832 0.82168 0.688542 0.087891 0.147917 10 0.259766 0.632812 0.369097 0.054688 0.122917 10 0.255371 0.467578 0.373524 0.085938 0.114063 0 0.253906 0.807813 0.509722 0.025 0.056944 2 0.24939 0.819531 0.674306 0.078125 0.119444 0 0.216064 0.319531 0.709028 0.041406 0.101389 10 0.199341 0.061084 0.668056 0.122168 0.277778 5 0.195557 0.821875 0.687847 0.089063 0.146528 0 0.190674 0.939844 0.624306 0.035937 0.084722 3 0.105957 0.49375 0.45625 0.042188 0.070833
CCTV01^20260318-110000-20260318-120000_000733,6 0.816406 0.735938 0.546528 0.146875 0.219444 3 0.777344 0.178125 0.845833 0.089453 0.158333 2 0.774414 0.721094 0.928472 0.054688 0.130556 10 0.773438 0.289844 0.501042 0.148047 0.186806 3 0.716797 0.24043 0.918056 0.069141 0.152778 2 0.695801 0.150586 0.698264 0.042188 0.099306 2 0.689453 0.349219 0.923611 0.061328 0.141667 10 0.672363 0.452344 0.410417 0.089844 0.136111 3 0.668945 0.523438 0.873611 0.071875 0.194444 0 0.654785 0.711328 0.795833 0.034375 0.122222 2 0.629883 0.332422 0.754167 0.053125 0.106944 5 0.618652 0.821875 0.809722 0.1125 0.191667 3 0.616699 0.347266 0.608681 0.053906 0.079861 10 0.611328 0.070703 0.629514 0.141406 0.254861 3 0.605957 0.213232 0.640972 0.068848 0.089583 3 0.592773 0.275781 0.629167 0.076953 0.095833 3 0.583008 0.311719 0.689583 0.058594 0.081944 3 0.57959 0.920313 0.91875 0.0875 0.1625 3 0.567871 0.398242 0.502778 0.057422 0.061111 2 0.525391 0.294922 0.788194 0.064062 0.141667 3 0.466797 0.467969 0.478819 0.051562 0.054861 3 0.455078 0.49375 0.440278 0.035937 0.048611 0 0.455078 0.357031 0.838889 0.040625 0.1 0 0.443604 0.98125 0.845833 0.0375 0.138889 4 0.44165 0.778125 0.693056 0.06875 0.108333 2 0.407227 0.376367 0.456944 0.025 0.052778 10 0.398926 0.735156 0.546528 0.145313 0.215278 3 0.381104 0.516406 0.395486 0.03125 0.04375 1 0.381104 0.644531 0.877083 0.029687 0.101389 0 0.375732 0.213086 0.701389 0.038672 0.105556 4 0.327637 0.797266 0.920833 0.071094 0.156944 4 0.259766 0.293945 0.7875 0.064844 0.144444 3 0.258301 0.409277 0.536806 0.036133 0.065278 0 0.218628 0.307813 0.548264 0.028125 0.074306 1 0.214722 0.050879 0.759028 0.033789 0.095833 3 0.15918 0.109668 0.968056 0.106445 0.063889 0 0.138428 0.989062 0.701389 0.021875 0.106944 0 0.137939 0.850781 0.539583 0.029687 0.079167 5 0.132568 0.29375 0.786806 0.064062 0.145833 1 0.127686 0.301367 0.638194 0.026172 0.056944 3 0.115173 0.664844 0.405556 0.028906 0.051389 10 0.112427 0.717188 0.422917 0.085938 0.130556
CCTV01^20260318-110000-20260318-120000_000737,3 0.666992 0.312109 0.836111 0.082031 0.152778 10 0.651367 0.411328 0.397222 0.117188 0.133333 3 0.644043 0.523438 0.872222 0.071875 0.197222 4 0.629883 0.633594 0.509722 0.038281 0.082639 3 0.594727 0.277344 0.634722 0.078125 0.111111 5 0.550781 0.234766 0.795833 0.078125 0.163889 2 0.548828 0.757031 0.823611 0.096875 0.225 11 0.492188 0.745313 0.645833 0.121875 0.218056 3 0.470703 0.294922 0.713194 0.071094 0.115278 10 0.46875 0.896094 0.809896 0.189063 0.374653 3 0.460938 0.08335 0.938542 0.090918 0.122917 3 0.449463 0.484375 0.448611 0.039062 0.057639 3 0.449463 0.361328 0.545139 0.064453 0.081944 2 0.443604 0.338281 0.634722 0.042969 0.090278 3 0.413086 0.655078 0.607639 0.058594 0.102778 1 0.403564 0.225391 0.616319 0.029687 0.06875 6 0.388672 0.896094 0.805035 0.195312 0.389931 3 0.366699 0.391797 0.475694 0.050781 0.056944 10 0.351318 0.792188 0.556944 0.135937 0.247222 6 0.327637 0.07832 0.792361 0.156641 0.297222 2 0.307373 0.414062 0.490278 0.035937 0.058333 3 0.281494 0.509766 0.406944 0.032813 0.047222 0 0.27832 0.288867 0.93125 0.062891 0.1125 4 0.27832 0.192383 0.734722 0.076563 0.161111 3 0.276611 0.464063 0.4875 0.048438 0.042361 0 0.276611 0.984375 0.751389 0.03125 0.109722 0 0.273682 0.22207 0.9 0.048438 0.109722 3 0.264404 0.379297 0.589931 0.063281 0.067361 9 0.263672 0.894531 0.804167 0.196875 0.391667 3 0.253906 0.181055 0.973611 0.084766 0.052778 1 0.242188 0.345898 0.772222 0.031641 0.083333 1 0.240723 0.258594 0.571528 0.025 0.058333 10 0.23584 0.081934 0.572917 0.161133 0.186111 3 0.213379 0.638672 0.468056 0.046094 0.063889 0 0.209473 0.21543 0.546181 0.028516 0.072222 10 0.20752 0.078955 0.797917 0.157715 0.306944 3 0.19812 0.437109 0.454167 0.041406 0.048611 3 0.196777 0.463281 0.423611 0.034375 0.047222 0 0.184814 0.287305 0.488194 0.023438 0.064583 3 0.169922 0.425781 0.963889 0.107031 0.072222 0 0.169434 0.148438 0.915278 0.043359 0.116667 1 0.165649 0.700781 0.85 0.032813 0.1 4 0.161865 0.757812 0.822917 0.1 0.229167 11 0.161377 0.324023 0.457639 0.039062 0.072917 0 0.154541 0.701563 0.849306 0.034375 0.101389 1 0.144165 0.148438 0.913889 0.04375 0.113889 3 0.142212 0.758594 0.822917 0.101562 0.230556 7 0.139404 0.324219 0.457639 0.038281 0.072222 3 0.125977 0.154785 0.969444 0.142383 0.061111 3 0.11554 0.690625 0.427083 0.032813 0.056944
CCTV01^20260318-110000-20260318-120000_000741,10 0.770508 0.803125 0.599306 0.129688 0.280556 3 0.704102 0.387695 0.909028 0.111328 0.179167 4 0.697754 0.671875 0.585417 0.05625 0.111111 3 0.6875 0.751563 0.671528 0.059375 0.108333 3 0.67041 0.30293 0.936806 0.078516 0.126389 10 0.656738 0.218408 0.529861 0.156152 0.209028 3 0.654785 0.523438 0.873611 0.071875 0.197222 3 0.649414 0.305664 0.809028 0.072656 0.141667 4 0.647949 0.696875 0.741667 0.05625 0.138889 3 0.645996 0.068311 0.868056 0.111816 0.161111 3 0.62793 0.186914 0.945139 0.069531 0.109722 3 0.609375 0.769141 0.794444 0.067969 0.144444 2 0.604004 0.230078 0.777083 0.047656 0.113889 7 0.577637 0.614453 0.477083 0.04375 0.096528 3 0.577637 0.199609 0.725 0.090234 0.119444 3 0.565918 0.697656 0.947917 0.075 0.104167 2 0.556641 0.696094 0.4625 0.040625 0.061111 5 0.535156 0.286719 0.677431 0.082422 0.136806 9 0.460938 0.614453 0.477083 0.042969 0.097222 3 0.435791 0.263281 0.616667 0.065625 0.084722 10 0.433105 0.081445 0.592361 0.148438 0.229167 3 0.403564 0.105054 0.945139 0.084033 0.109722 3 0.343262 0.596094 0.418056 0.039062 0.058333 10 0.336426 0.356641 0.453125 0.094531 0.13125 3 0.325928 0.475781 0.474306 0.04375 0.054167 6 0.320801 0.804688 0.6 0.135937 0.277778 0 0.319092 0.164258 0.848611 0.062109 0.133333 1 0.29248 0.328906 0.601389 0.022656 0.066667 2 0.275146 0.41709 0.505556 0.036133 0.068056 9 0.270508 0.901563 0.821701 0.19375 0.356597 3 0.269043 0.619141 0.372222 0.027344 0.048611 3 0.255371 0.38418 0.579167 0.054297 0.078472 7 0.250977 0.903125 0.81875 0.19375 0.3625 3 0.226807 0.462891 0.414583 0.04375 0.04375 6 0.225464 0.35625 0.452083 0.095312 0.134722 3 0.210815 0.698047 0.426389 0.035156 0.046528 0 0.200562 0.096875 0.761806 0.046484 0.083333 10 0.194946 0.477734 0.356858 0.107031 0.107118 2 0.176636 0.462891 0.415278 0.044531 0.044444 2 0.164551 0.85625 0.527083 0.0375 0.072222 0 0.157715 0.153125 0.684722 0.050781 0.095833 0 0.152588 0.045117 0.732639 0.054395 0.108333 0 0.152588 0.99375 0.761111 0.0125 0.1 3 0.135742 0.495313 0.427431 0.032031 0.052083 10 0.131226 0.663281 0.353125 0.060938 0.113194 3 0.125488 0.445312 0.448611 0.046875 0.051389 0 0.112 0.964844 0.670139 0.045313 0.098611 3 0.101929 0.410059 0.966667 0.09082 0.066667
CCTV01^20260318-110000-20260318-120000_000745,10 0.749023 0.893945 0.786111 0.190234 0.394444 9 0.710449 0.647266 0.465972 0.058594 0.121528 3 0.710449 0.207031 0.735417 0.085156 0.122222 3 0.6875 0.794531 0.872917 0.076563 0.158333 3 0.679199 0.682813 0.556944 0.048438 0.093056 3 0.665527 0.523047 0.872222 0.072656 0.197222 5 0.615234 0.131055 0.842361 0.083398 0.179167 10 0.607422 0.785937 0.523611 0.125 0.208333 3 0.57373 0.031958 0.863889 0.063916 0.136111 10 0.571777 0.088818 0.583333 0.153223 0.222222 4 0.569824 0.242578 0.793056 0.060938 0.138889 3 0.542969 0.041309 0.785417 0.082617 0.123611 10 0.511719 0.346289 0.415972 0.118359 0.1375 11 0.505859 0.337891 0.872222 0.125781 0.238889 3 0.462891 0.310547 0.679167 0.077344 0.120833 3 0.455078 0.367188 0.50625 0.047656 0.070833 3 0.453369 0.296289 0.620833 0.071094 0.083333 3 0.451416 0.375 0.566667 0.065625 0.090278 3 0.428223 0.048462 0.950347 0.0896 0.099306 9 0.399902 0.337891 0.873611 0.126563 0.238889 3 0.388672 0.285156 0.568403 0.064844 0.086806 5 0.363037 0.433984 0.477083 0.057813 0.076389 3 0.359375 0.502344 0.432639 0.035937 0.048611 3 0.317383 0.476172 0.475 0.044531 0.054167 1 0.233765 0.196094 0.663542 0.033984 0.069444 4 0.218628 0.698438 0.721007 0.065625 0.180208 4 0.195557 0.3375 0.874306 0.125781 0.243056 3 0.181274 0.567187 0.46875 0.033594 0.073611 3 0.174438 0.42041 0.420139 0.043555 0.047917 2 0.173828 0.892188 0.544444 0.046875 0.070139 6 0.150024 0.958594 0.929167 0.082813 0.141667 10 0.149048 0.701563 0.398958 0.065625 0.136806 1 0.145142 0.238281 0.632292 0.033594 0.073611 0 0.140869 0.238477 0.631944 0.033203 0.072222 0 0.136108 0.082422 0.818056 0.050391 0.102778 0 0.136108 0.187891 0.844444 0.044141 0.113889 11 0.110474 0.277734 0.484375 0.045703 0.072917 0 0.108582 0.016223 0.929167 0.032104 0.105556
CCTV01^20260318-110000-20260318-120000_000749,3 0.746094 0.199902 0.914583 0.069336 0.152778 10 0.740234 0.775391 0.799826 0.139844 0.392014 3 0.697754 0.129126 0.902083 0.109326 0.151389 5 0.680664 0.323438 0.777083 0.06875 0.156944 3 0.660156 0.523438 0.873611 0.071875 0.195833 3 0.651367 0.116113 0.795139 0.088477 0.120833 3 0.647949 0.240234 0.770833 0.077344 0.120833 10 0.62793 0.914844 0.826389 0.170313 0.347222 3 0.592773 0.144897 0.701215 0.092627 0.103125 4 0.57373 0.18877 0.73316 0.075586 0.133681 4 0.558105 0.268164 0.845833 0.064062 0.15 5 0.537109 0.327734 0.537153 0.070312 0.094444 10 0.537109 0.110937 0.559722 0.147656 0.213889 4 0.53125 0.258203 0.620833 0.051562 0.102778 3 0.525391 0.346875 0.948264 0.074219 0.103472 10 0.486328 0.632812 0.364236 0.040625 0.117361 3 0.482422 0.296484 0.694444 0.055469 0.1 3 0.476562 0.660547 0.534028 0.044531 0.079167 7 0.432129 0.258594 0.621528 0.051562 0.102778 0 0.42627 0.025879 0.895139 0.051758 0.108333 3 0.420654 0.633594 0.452083 0.0375 0.077778 10 0.358398 0.046191 0.79375 0.091797 0.322222 10 0.352295 0.387305 0.386458 0.121484 0.123611 4 0.350342 0.665234 0.640278 0.075781 0.133333 10 0.334473 0.75 0.514583 0.084375 0.198611 6 0.32251 0.750391 0.515972 0.084375 0.2 10 0.31665 0.877344 0.615278 0.179688 0.216667 3 0.30249 0.475 0.477778 0.039062 0.05 3 0.295898 0.386719 0.532639 0.064844 0.065278 7 0.287842 0.18877 0.733507 0.079102 0.141319 3 0.282959 0.68125 0.474653 0.034375 0.0625 7 0.282959 0.66875 0.641319 0.066406 0.13125 3 0.270508 0.49375 0.441319 0.034375 0.048611 11 0.259766 0.345703 0.596875 0.089844 0.138194 9 0.248047 0.344922 0.597222 0.089063 0.133333 9 0.243652 0.189355 0.734549 0.074023 0.133681 3 0.233765 0.439063 0.473264 0.047656 0.059722 3 0.218018 0.188281 0.733333 0.077734 0.140278 3 0.19812 0.5125 0.408333 0.030469 0.048611 0 0.178955 0.216406 0.652778 0.036719 0.090278 3 0.111633 0.212305 0.504167 0.031641 0.059722
CCTV01^20260318-110000-20260318-120000_000753,3 0.710449 0.268164 0.909722 0.084766 0.175 3 0.70752 0.230078 0.794444 0.082813 0.131944 3 0.702637 0.344531 0.929167 0.083594 0.141667 4 0.679199 0.273047 0.681597 0.053516 0.11875 3 0.645996 0.31875 0.779167 0.067188 0.127778 3 0.640625 0.130957 0.8 0.094531 0.138889 3 0.637207 0.523438 0.872222 0.071875 0.2 3 0.605957 0.157617 0.860417 0.087109 0.141667 3 0.602051 0.713281 0.748438 0.076563 0.167014 10 0.592773 0.137793 0.625694 0.196289 0.2625 10 0.588867 0.664844 0.478472 0.075 0.183333 3 0.567871 0.213232 0.657292 0.083691 0.110417 6 0.554688 0.807813 0.635417 0.15625 0.295833 10 0.533203 0.914844 0.822917 0.170313 0.354167 5 0.5 0.338672 0.623264 0.067969 0.118056 2 0.492188 0.684375 0.638194 0.042188 0.098611 9 0.458984 0.915234 0.824306 0.169531 0.351389 10 0.410156 0.807813 0.631944 0.154688 0.293056 3 0.37207 0.270313 0.583333 0.075 0.081944 3 0.354004 0.294141 0.610417 0.064844 0.084722 3 0.309082 0.361328 0.53125 0.053906 0.067361 1 0.276611 0.800781 0.836111 0.034375 0.105556 4 0.26123 0.301758 0.472917 0.033594 0.073611 3 0.204346 0.491406 0.451042 0.036719 0.054167 2 0.203125 0.360352 0.484722 0.043359 0.054167 3 0.196777 0.360352 0.485417 0.044531 0.056944 3 0.181274 0.507031 0.416667 0.032813 0.047222 3 0.175537 0.453125 0.452778 0.046875 0.0625 3 0.132568 0.524609 0.379167 0.032813 0.044444 2 0.131592 0.507031 0.415972 0.032813 0.046528 1 0.115967 0.025562 0.947917 0.051123 0.104167 1 0.112427 0.313672 0.538889 0.030469 0.059722 0 0.11084 0.044916 0.848611 0.044055 0.102778 10 0.110107 0.022156 0.639583 0.043921 0.226389 4 0.105957 0.714063 0.570833 0.05625 0.106944 2 0.103027 0.714453 0.75 0.074219 0.172222
CCTV01^20260318-110000-20260318-120000_000757,3 0.712402 0.244141 0.911111 0.083594 0.158333 10 0.697754 0.356445 0.445139 0.141797 0.154167 3 0.682617 0.135254 0.779861 0.079492 0.131944 3 0.67041 0.318164 0.798611 0.074609 0.136111 3 0.67041 0.159766 0.91875 0.077344 0.158333 10 0.668945 0.835742 0.674306 0.175391 0.322222 3 0.668945 0.231055 0.797222 0.072656 0.119444 3 0.629883 0.523438 0.872917 0.071875 0.198611 3 0.604004 0.260352 0.701389 0.065234 0.106944 3 0.586914 0.214062 0.637847 0.053906 0.085417 11 0.584961 0.645312 0.45 0.050781 0.134722 3 0.584961 0.204102 0.714063 0.064062 0.105208 3 0.529297 0.316602 0.542361 0.066797 0.079167 3 0.517578 0.325 0.663889 0.066406 0.106944 2 0.501953 0.047046 0.816667 0.064014 0.125 3 0.494141 0.376367 0.576389 0.055078 0.081944 10 0.480469 0.700391 0.542361 0.06875 0.230556 3 0.476562 0.266016 0.592361 0.063281 0.086111 4 0.476562 0.291211 0.611111 0.051562 0.102778 10 0.470703 0.765234 0.818229 0.175781 0.363542 2 0.443604 0.96875 0.744444 0.0625 0.159722 10 0.414062 0.065039 0.711111 0.130078 0.273611 10 0.411133 0.111694 0.544097 0.148877 0.181944 2 0.359375 0.160352 0.918056 0.080078 0.161111 10 0.341553 0.628906 0.372569 0.046875 0.128472 10 0.270508 0.697656 0.417014 0.059375 0.142361 1 0.250977 0.158008 0.816667 0.041406 0.077778 2 0.236572 0.432031 0.469444 0.046875 0.059722 3 0.228149 0.432031 0.469444 0.046875 0.060417 7 0.219971 0.126465 0.699826 0.073242 0.114236 7 0.200562 0.478125 0.441667 0.05625 0.080556 10 0.199341 0.933594 0.865278 0.132812 0.269444 9 0.171021 0.644531 0.451389 0.046875 0.136111 2 0.170532 0.24375 0.911806 0.083594 0.163889 3 0.160278 0.457813 0.4125 0.046875 0.048611 0 0.14856 0.265234 0.495833 0.028516 0.069444 5 0.132935 0.485938 0.376389 0.045313 0.055556 10 0.10968 0.029126 0.644444 0.057959 0.245833 3 0.109314 0.566406 0.467014 0.033594 0.075 3 0.107788 0.512109 0.402778 0.032031 0.055556
CCTV01^20260318-110000-20260318-120000_000761,11 0.726562 0.733203 0.7 0.098438 0.252778 2 0.690918 0.765625 0.940972 0.066406 0.118056 3 0.682617 0.271484 0.822222 0.078906 0.141667 10 0.665527 0.888281 0.757118 0.223438 0.374653 3 0.647949 0.174219 0.796528 0.069922 0.129167 3 0.640625 0.523438 0.872222 0.071094 0.197222 10 0.629883 0.663281 0.513194 0.08125 0.209722 3 0.613281 0.256641 0.726389 0.06875 0.119444 10 0.57373 0.157056 0.575 0.174561 0.220833 3 0.565918 0.261523 0.641319 0.071875 0.092361 3 0.560059 0.324609 0.640278 0.063672 0.1 3 0.546875 0.099609 0.935069 0.069336 0.129861 3 0.542969 0.2625 0.569444 0.056641 0.076389 3 0.521484 0.387109 0.534722 0.057813 0.072222 4 0.519531 0.31582 0.532639 0.044922 0.0875 0 0.46875 0.351758 0.784722 0.048438 0.108333 5 0.460938 0.478125 0.456944 0.046875 0.073611 3 0.386719 0.358984 0.479861 0.064062 0.067361 2 0.38501 0.044995 0.752778 0.062549 0.111111 3 0.383057 0.413281 0.471181 0.055469 0.060417 0 0.348633 0.663281 0.858333 0.047656 0.138889 1 0.345215 0.801562 0.852083 0.032813 0.109722 3 0.343262 0.301953 0.502778 0.04375 0.064583 4 0.334473 0.382422 0.917361 0.111719 0.165278 0 0.324219 0.09668 0.769444 0.066992 0.130556 4 0.317383 0.218164 0.916667 0.076172 0.158333 0 0.309082 0.176172 0.7 0.044531 0.090278 10 0.30249 0.433594 0.395052 0.113281 0.122396 7 0.287842 0.382812 0.917361 0.110156 0.165278 10 0.254639 0.710938 0.424653 0.101562 0.138194 2 0.237915 0.271484 0.822222 0.077344 0.144444 2 0.235107 0.099805 0.936806 0.070703 0.126389 2 0.223999 0.664062 0.859722 0.046875 0.143056 2 0.20813 0.26875 0.492361 0.033594 0.073611 0 0.206909 0.321875 0.7125 0.034766 0.093056 6 0.199951 0.814844 0.493403 0.071875 0.154167 12 0.195557 0.352344 0.786111 0.053906 0.116667 1 0.179565 0.155859 0.890972 0.036328 0.093056 12 0.166626 0.32168 0.713194 0.036719 0.094444 2 0.154541 0.151172 0.673958 0.049609 0.099306 3 0.133423 0.444141 0.498958 0.055469 0.052083 10 0.125122 0.975781 0.913194 0.048438 0.173611 2 0.124207 0.566016 0.467708 0.035937 0.076389 12 0.117554 0.316016 0.857639 0.040625 0.101389 1 0.110474 0.340234 0.542014 0.022656 0.061806 10 0.107056 0.737891 0.540278 0.082031 0.197222
CCTV01^20260318-110000-20260318-120000_000765,10 0.753418 0.717188 0.719444 0.132812 0.354167 4 0.712402 0.297461 0.586806 0.066016 0.109722 6 0.665527 0.715625 0.715972 0.13125 0.351389 3 0.633301 0.523438 0.872222 0.071875 0.197222 4 0.600098 0.308984 0.822222 0.096875 0.155556 3 0.581543 0.290625 0.697222 0.060156 0.111111 3 0.5 0.356641 0.526389 0.05 0.069444 10 0.480469 0.118164 0.542361 0.155078 0.194444 10 0.460938 0.266797 0.457986 0.115625 0.151389 8 0.460938 0.774609 0.93125 0.149219 0.1375 3 0.453369 0.338086 0.610417 0.065234 0.086111 3 0.44165 0.223633 0.648611 0.071094 0.088194 3 0.430176 0.391016 0.548958 0.059375 0.063194 5 0.422607 0.489844 0.441319 0.04375 0.073611 0 0.320801 0.225195 0.764583 0.057031 0.098611 10 0.309082 0.875 0.826389 0.25 0.347222 10 0.304932 0.710938 0.499653 0.114844 0.20625 0 0.300781 0.159668 0.708333 0.0375 0.102778 5 0.289307 0.05835 0.740278 0.114941 0.144444 3 0.286133 0.411719 0.497222 0.050781 0.057639 7 0.271973 0.235547 0.701389 0.05625 0.113889 3 0.267334 0.050195 0.872222 0.100391 0.197222 7 0.243652 0.286719 0.521528 0.055469 0.0875 7 0.221313 0.050586 0.873611 0.101172 0.205556 3 0.216064 0.427344 0.454861 0.05 0.052778 3 0.20813 0.354297 0.395139 0.033594 0.04375 3 0.194946 0.118066 0.954167 0.120898 0.091667 2 0.191895 0.427344 0.455556 0.051562 0.052778 3 0.181274 0.453125 0.488889 0.054688 0.056944 3 0.17334 0.465234 0.426389 0.035156 0.048611 0 0.150513 0.34043 0.468403 0.030078 0.063194 2 0.147095 0.058691 0.740104 0.117383 0.144792 4 0.147095 0.058887 0.739583 0.117773 0.145833 6 0.108948 0.835156 0.55625 0.085938 0.184722
CCTV01^20260318-110000-20260318-120000_000769,3 0.642578 0.271094 0.900694 0.075781 0.154167 3 0.631836 0.523438 0.870833 0.071875 0.2 3 0.631836 0.20625 0.868056 0.092578 0.159722 2 0.611328 0.688281 0.679861 0.04375 0.106944 10 0.586914 0.782813 0.592361 0.1625 0.25 3 0.567871 0.294141 0.720139 0.0875 0.119444 2 0.565918 0.723437 0.940278 0.051562 0.119444 2 0.537109 0.717578 0.8375 0.050781 0.119444 10 0.494141 0.1375 0.529861 0.169531 0.193056 3 0.470703 0.754687 0.738194 0.048438 0.125 3 0.432129 0.360352 0.602431 0.074609 0.094444 2 0.401611 0.300781 0.619444 0.041406 0.090278 3 0.364746 0.271094 0.610417 0.067969 0.088889 4 0.350342 0.21875 0.539583 0.055469 0.094444 3 0.313965 0.094775 0.947222 0.077637 0.105556 10 0.299805 0.060352 0.771528 0.120703 0.295833 9 0.277588 0.205469 0.711285 0.125 0.169097 8 0.252441 0.364453 0.934722 0.245312 0.130556 1 0.24939 0.676172 0.848611 0.032031 0.122222 2 0.235107 0.671094 0.517361 0.03125 0.076389 10 0.221313 0.870313 0.828125 0.259375 0.34375 7 0.215332 0.205273 0.711806 0.125391 0.173611 3 0.206909 0.448047 0.485417 0.057031 0.048611 10 0.200562 0.65 0.364497 0.050781 0.133507 2 0.181885 0.448438 0.4875 0.057813 0.05 10 0.162964 0.311523 0.417361 0.107422 0.129167 3 0.148071 0.403125 0.536806 0.04375 0.070833 3 0.144165 0.674219 0.451389 0.032813 0.065972 3 0.135254 0.445312 0.455903 0.048438 0.040972 2 0.125977 0.566016 0.467014 0.032813 0.075 4 0.115967 0.315625 0.499306 0.038281 0.080556
CCTV01^20260318-110000-20260318-120000_000773,2 0.792969 0.248438 0.827778 0.057031 0.130556 2 0.665527 0.780469 0.879167 0.053125 0.138889 3 0.644043 0.285156 0.746528 0.063281 0.129167 3 0.620605 0.719922 0.747049 0.071875 0.147569 3 0.620605 0.523438 0.870833 0.071875 0.198611 10 0.571777 0.782813 0.601736 0.164062 0.278472 3 0.558105 0.058594 0.874306 0.117188 0.172222 11 0.505859 0.177832 0.734028 0.09707 0.230556 10 0.492188 0.241064 0.573611 0.202246 0.231944 3 0.466797 0.333594 0.647222 0.074219 0.098611 3 0.375732 0.271875 0.644097 0.085156 0.111111 1 0.258301 0.129395 0.870833 0.046875 0.105556 3 0.253906 0.490625 0.454167 0.045313 0.059028 10 0.252441 0.364258 0.392014 0.133203 0.136111 3 0.246582 0.480469 0.407639 0.04375 0.045139 3 0.24585 0.24043 0.953819 0.077734 0.092361 10 0.222046 0.213477 0.485764 0.169922 0.165972 10 0.202393 0.930859 0.674653 0.138281 0.297917 3 0.194336 0.461719 0.493056 0.057031 0.05 2 0.184204 0.461719 0.493403 0.05625 0.050694 10 0.15979 0.675391 0.459028 0.085938 0.190278 2 0.146606 0.508984 0.420833 0.033594 0.047222 10 0.136597 0.058643 0.638889 0.117285 0.231944 2 0.125122 0.418066 0.472222 0.056055 0.086111 9 0.109314 0.059961 0.650694 0.119531 0.252778 1 0.107788 0.11272 0.70434 0.025732 0.080208 3 0.106323 0.565625 0.46875 0.032813 0.075 10 0.105957 0.917969 0.889931 0.164062 0.220139
CCTV01^20260318-110000-20260318-120000_000777,2 0.73584 0.729688 0.880556 0.05625 0.140278 3 0.624512 0.523438 0.871528 0.071875 0.198611 3 0.611328 0.260742 0.869444 0.073047 0.152778 6 0.565918 0.716016 0.563194 0.110156 0.256944 10 0.541016 0.855469 0.691319 0.20625 0.334028 6 0.453369 0.051172 0.789583 0.102344 0.234722 3 0.445557 0.280078 0.740278 0.058594 0.111111 11 0.434082 0.395898 0.511458 0.067578 0.097917 2 0.413086 0.291016 0.583333 0.038672 0.081944 2 0.401611 0.279297 0.741493 0.061719 0.108681 10 0.358398 0.325 0.430208 0.147656 0.142361 3 0.339844 0.342578 0.572917 0.071094 0.078472 3 0.325195 0.198242 0.707118 0.099219 0.130208 0 0.297363 0.358984 0.939583 0.05625 0.118056 4 0.275146 0.685547 0.665278 0.063281 0.127778 10 0.269775 0.188281 0.611806 0.158984 0.198611 8 0.253906 0.239844 0.496181 0.070312 0.122917 2 0.250977 0.261328 0.868056 0.072656 0.155556 3 0.240723 0.342969 0.627083 0.066406 0.094444 1 0.226807 0.801367 0.951042 0.037891 0.097917 2 0.221313 0.634375 0.526389 0.046875 0.081944 3 0.218628 0.497266 0.444792 0.042969 0.056944 2 0.204346 0.478125 0.484028 0.05 0.047222 10 0.204346 0.422754 0.405642 0.104492 0.138715 9 0.203125 0.187891 0.610417 0.158203 0.197222 1 0.191284 0.048682 0.915972 0.058496 0.111111 3 0.185913 0.634766 0.526389 0.046094 0.081944 8 0.181885 0.396484 0.509722 0.069531 0.096528 3 0.176636 0.478125 0.484028 0.05 0.047222 2 0.175537 0.497656 0.445833 0.042188 0.058333 0 0.166626 0.101172 0.803472 0.056445 0.120833 7 0.153564 0.685156 0.659375 0.065625 0.14375 10 0.139404 0.051904 0.791667 0.103809 0.245833 9 0.138916 0.071387 0.626042 0.142773 0.252083 0 0.131592 0.15459 0.789583 0.059961 0.094444 9 0.129883 0.423438 0.40408 0.10625 0.139063 2 0.119629 0.565625 0.467708 0.036719 0.077083 10 0.110474 0.982813 0.748611 0.034375 0.229167 1 0.104492 0.332031 0.518056 0.0375 0.058333 2 0.101562 0.629687 0.422917 0.034375 0.063889
CCTV01^20260318-110000-20260318-120000_000781,9 0.97998 0.810156 0.763715 0.204688 0.386458 9 0.885742 0.148413 0.837153 0.189111 0.325694 3 0.611328 0.523438 0.872222 0.071875 0.2 2 0.567871 0.684766 0.809722 0.054688 0.141667 11 0.548828 0.453906 0.446528 0.052344 0.075 5 0.537109 0.274219 0.7875 0.0625 0.163889 3 0.460938 0.37832 0.896528 0.127734 0.206944 10 0.457031 0.114258 0.735938 0.227734 0.294792 3 0.44751 0.725781 0.929167 0.075 0.141667 2 0.357666 0.726562 0.929861 0.076563 0.140278 2 0.310791 0.670313 0.582292 0.05625 0.097917 3 0.308105 0.268359 0.943056 0.075 0.113889 9 0.297363 0.321875 0.49375 0.1125 0.147222 12 0.29248 0.318359 0.733333 0.036328 0.098611 3 0.264404 0.41709 0.502083 0.058008 0.066667 2 0.264404 0.268359 0.944444 0.073047 0.111111 3 0.248047 0.34375 0.552778 0.069531 0.079167 3 0.246582 0.301953 0.68125 0.070312 0.108333 2 0.237915 0.301953 0.680556 0.06875 0.105556 2 0.225464 0.343945 0.552778 0.069531 0.080556 3 0.222656 0.489844 0.467361 0.042188 0.051389 2 0.221313 0.490234 0.467361 0.042969 0.051389 9 0.190063 0.23042 0.584722 0.154004 0.190278 6 0.189575 0.321094 0.495139 0.113281 0.15 3 0.158203 0.400879 0.558333 0.03418 0.065278 10 0.158203 0.433984 0.390365 0.092969 0.126215 2 0.14856 0.335156 0.814583 0.051953 0.122222 2 0.132568 0.466797 0.494444 0.053125 0.044444 9 0.131592 0.434766 0.390278 0.092188 0.125 0 0.131226 0.710547 0.751389 0.040625 0.119444 10 0.125977 0.321289 0.492014 0.112891 0.145139 6 0.113586 0.230518 0.585069 0.156934 0.190972 3 0.108582 0.501563 0.433333 0.03125 0.041667 3 0.101257 0.466406 0.493056 0.053125 0.041667
CCTV01^20260318-110000-20260318-120000_000785,9 0.975586 0.814844 0.777778 0.204688 0.402778 9 0.959473 0.161035 0.830382 0.17832 0.339236 11 0.65332 0.474609 0.417014 0.04375 0.070833 11 0.633301 0.675781 0.545833 0.05 0.120833 3 0.620605 0.523438 0.871528 0.071875 0.198611 5 0.537109 0.284375 0.700174 0.063281 0.132986 2 0.527344 0.692969 0.69375 0.0625 0.129167 2 0.492188 0.269531 0.902083 0.06875 0.159722 3 0.413086 0.26875 0.9 0.06875 0.154167 3 0.345947 0.692969 0.695833 0.065625 0.131944 10 0.31665 0.259375 0.619444 0.180469 0.215278 3 0.300781 0.348047 0.830556 0.1125 0.188889 10 0.294922 0.082031 0.757639 0.163672 0.3 9 0.2854 0.080859 0.740278 0.161719 0.265278 9 0.257568 0.345703 0.472222 0.117969 0.138194 3 0.250977 0.494531 0.461806 0.041406 0.058333 3 0.228149 0.384766 0.515972 0.060156 0.084028 2 0.223999 0.494531 0.461458 0.041406 0.058333 9 0.215332 0.258154 0.619444 0.182129 0.2125 2 0.20813 0.385156 0.516319 0.060156 0.083333 2 0.169922 0.44375 0.467014 0.051562 0.061111 10 0.166626 0.46875 0.35842 0.0875 0.103993 2 0.165039 0.565625 0.468403 0.034375 0.075694 0 0.129883 0.751563 0.924306 0.060938 0.151389 5 0.102295 0.381836 0.577083 0.060547 0.0875
CCTV01^20260318-110000-20260318-120000_000789,9 0.969238 0.816406 0.777604 0.2 0.408681 9 0.937012 0.185254 0.776215 0.161914 0.339236 3 0.62793 0.523438 0.871528 0.071875 0.2 3 0.588867 0.726953 0.845833 0.082813 0.166667 11 0.565918 0.701563 0.694444 0.065625 0.155556 3 0.464844 0.309766 0.664236 0.066406 0.139583 2 0.455078 0.273438 0.831944 0.064062 0.1375 10 0.407227 0.06377 0.751563 0.127539 0.274653 3 0.405518 0.272266 0.831944 0.063281 0.136111 4 0.399902 0.311133 0.663889 0.0625 0.138889 3 0.375732 0.655469 0.464931 0.042188 0.103472 2 0.345215 0.318359 0.74375 0.051562 0.1 12 0.343262 0.35 0.868056 0.045313 0.127778 0 0.339844 0.349023 0.864583 0.0375 0.111111 2 0.310791 0.727734 0.847917 0.080469 0.168056 3 0.291016 0.505469 0.434722 0.039062 0.054167 9 0.279053 0.243701 0.575 0.156348 0.1875 2 0.276611 0.479297 0.480556 0.047656 0.054167 2 0.26123 0.505469 0.434028 0.039062 0.054167 3 0.258301 0.479688 0.480556 0.046875 0.052778 9 0.236572 0.374219 0.501389 0.110937 0.154167 2 0.216064 0.689063 0.463194 0.0375 0.066667 2 0.212036 0.567187 0.468056 0.035937 0.077778 12 0.212036 0.319531 0.813889 0.0375 0.102778 3 0.209473 0.689453 0.462847 0.0375 0.067361 3 0.154541 0.253516 0.956944 0.075 0.086111 0 0.151001 0.289062 0.898611 0.03125 0.108333 10 0.139893 0.243359 0.575 0.15625 0.182639 9 0.138428 0.436328 0.404167 0.082813 0.109722 0 0.117554 0.421875 0.943056 0.063281 0.109722 3 0.107788 0.479297 0.420833 0.0375 0.051389
CCTV01^20260318-110000-20260318-120000_000793,9 0.975586 0.816406 0.77934 0.203125 0.402431 9 0.943359 0.196777 0.745833 0.156445 0.323611 11 0.673828 0.719531 0.758507 0.075 0.171875 3 0.607422 0.523438 0.871528 0.071875 0.197222 3 0.449463 0.747656 0.918056 0.090625 0.163889 2 0.405518 0.276367 0.8125 0.065234 0.131944 3 0.380371 0.258398 0.944792 0.071875 0.110417 3 0.359375 0.275391 0.811111 0.066406 0.136111 10 0.354004 0.408594 0.468056 0.096875 0.140278 2 0.334473 0.258594 0.945139 0.071484 0.109722 2 0.303955 0.297656 0.646528 0.039062 0.093056 2 0.279785 0.333594 0.567361 0.034766 0.080556 3 0.236572 0.50625 0.429861 0.032031 0.047222 12 0.228149 0.325 0.74375 0.036719 0.101389 2 0.214722 0.480859 0.463889 0.046094 0.066667 2 0.20813 0.566406 0.468056 0.035937 0.079167 2 0.199341 0.746875 0.916667 0.0875 0.166667 2 0.196777 0.505469 0.429861 0.032813 0.047222 10 0.194336 0.235352 0.535417 0.15 0.195833 3 0.178955 0.481641 0.464583 0.046094 0.069444 10 0.158691 0.117188 0.899306 0.234375 0.201389 10 0.157715 0.05874 0.825174 0.11748 0.299653 0 0.154053 0.297852 0.867361 0.029297 0.093056 0 0.149536 0.373242 0.851389 0.052734 0.1125 9 0.125488 0.059912 0.8375 0.119824 0.319444 3 0.110107 0.477344 0.409722 0.042188 0.056944 0 0.107422 0.343359 0.925 0.076563 0.145833 10 0.105957 0.080225 0.605556 0.159473 0.244444
CCTV01^20260318-110000-20260318-120000_000797,9 0.974121 0.230078 0.670486 0.153125 0.279861 9 0.973145 0.817187 0.777951 0.203125 0.402431 11 0.751953 0.724219 0.770139 0.075 0.176389 8 0.644043 0.107251 0.722917 0.120264 0.145833 3 0.622559 0.523438 0.872222 0.071875 0.197222 3 0.435791 0.75 0.923611 0.089063 0.152778 10 0.37207 0.134473 0.855556 0.268945 0.288889 2 0.364746 0.751172 0.922569 0.085156 0.154861 3 0.331055 0.399219 0.509722 0.058594 0.065278 3 0.329346 0.253906 0.927778 0.078906 0.144444 2 0.270508 0.287109 0.751389 0.05625 0.104167 5 0.262939 0.497656 0.426389 0.039062 0.065972 3 0.252441 0.398828 0.558333 0.047656 0.072917 3 0.243652 0.690234 0.597917 0.060938 0.144444 12 0.236572 0.365039 0.898611 0.044141 0.125 2 0.218628 0.254492 0.927778 0.078906 0.144444 12 0.216064 0.387109 0.81875 0.040625 0.091667 12 0.196777 0.312891 0.870833 0.0375 0.105556 10 0.167725 0.250342 0.540972 0.162598 0.199306 12 0.166626 0.660156 0.761806 0.045313 0.122222 7 0.150513 0.046216 0.871875 0.092041 0.25625 0 0.143188 0.36543 0.9 0.043359 0.125 12 0.141235 0.325977 0.949306 0.040625 0.101389 12 0.136597 0.325 0.667014 0.032422 0.09375 2 0.13208 0.377344 0.462847 0.028906 0.063194 10 0.130737 0.376172 0.409722 0.10625 0.13125 10 0.118408 0.045703 0.872917 0.091113 0.254167 10 0.108215 0.081348 0.606944 0.161523 0.247222
CCTV01^20260318-110000-20260318-120000_000801,9 0.973633 0.817187 0.778472 0.203125 0.401389 9 0.947754 0.268164 0.610764 0.154688 0.252083 11 0.751953 0.723828 0.770139 0.075 0.177778 9 0.620605 0.086768 0.788194 0.172559 0.375 3 0.611328 0.523438 0.872222 0.071875 0.2 3 0.600098 0.275391 0.834722 0.091406 0.169444 10 0.431152 0.171777 0.810938 0.179102 0.355903 10 0.406494 0.086475 0.788194 0.169238 0.359722 12 0.401611 0.332813 0.755556 0.037891 0.097222 12 0.364746 0.336523 0.831944 0.044531 0.122222 2 0.325928 0.749219 0.922569 0.085938 0.154861 3 0.319092 0.75 0.924306 0.090625 0.151389 3 0.30249 0.498437 0.436806 0.0375 0.052778 3 0.262939 0.691016 0.592361 0.059375 0.129167 12 0.243652 0.328125 0.933333 0.052344 0.119444 10 0.199341 0.428125 0.414583 0.109375 0.141667 0 0.15564 0.328125 0.925 0.053125 0.120833 12 0.131226 0.65625 0.754861 0.035937 0.105556 12 0.122498 0.323242 0.695139 0.036328 0.1 2 0.106689 0.566016 0.465278 0.033594 0.073611 3 0.100525 0.509766 0.402083 0.03125 0.045833
CCTV01^20260318-110000-20260318-120000_000805,9 0.974609 0.816406 0.778472 0.201563 0.408333 9 0.874023 0.315039 0.552778 0.147266 0.201389 11 0.767578 0.724219 0.771007 0.076563 0.177431 3 0.611328 0.523438 0.872222 0.071875 0.197222 9 0.496094 0.219189 0.72934 0.184277 0.341319 2 0.455078 0.96875 0.779861 0.0625 0.159722 2 0.437744 0.04624 0.788889 0.061719 0.118056 3 0.381104 0.691406 0.597917 0.059375 0.135417 2 0.332764 0.751172 0.923264 0.083594 0.153472 3 0.330322 0.750391 0.923611 0.089063 0.152778 10 0.323486 0.218701 0.726389 0.186816 0.334722 10 0.271973 0.152637 0.659028 0.195898 0.288889 2 0.233765 0.461719 0.474306 0.055469 0.061111 3 0.2323 0.462109 0.473611 0.054688 0.0625 2 0.217285 0.015869 0.790278 0.031689 0.119444 12 0.175537 0.315625 0.704861 0.057813 0.129167 9 0.17334 0.135937 0.890972 0.271875 0.218056 2 0.171631 0.651953 0.536806 0.04375 0.079167 7 0.161377 0.107324 0.888889 0.214648 0.222222 2 0.153076 0.666406 0.465278 0.04375 0.077083 3 0.149048 0.652344 0.536806 0.04375 0.079167 0 0.145142 0.260547 0.882639 0.04375 0.101389 0 0.141724 0.660937 0.906944 0.046875 0.145833 2 0.134277 0.743359 0.454861 0.045313 0.077083 9 0.115967 0.081348 0.624306 0.162695 0.283333 12 0.100159 0.696875 0.952083 0.046875 0.095833
CCTV01^20260318-110000-20260318-120000_000809,9 0.97998 0.816406 0.777778 0.201563 0.398611 9 0.870605 0.168579 0.798611 0.19917 0.356944 11 0.743164 0.724219 0.771528 0.075 0.177778 2 0.686035 0.316406 0.772917 0.051562 0.116667 3 0.629883 0.523438 0.871528 0.071875 0.198611 3 0.498047 0.691406 0.6 0.059375 0.140278 3 0.492188 0.750781 0.924306 0.089844 0.151389 2 0.472656 0.96875 0.78125 0.0625 0.156944 10 0.434082 0.418066 0.483333 0.104492 0.178472 2 0.366699 0.751172 0.922917 0.083594 0.154167 2 0.262939 0.216797 0.890278 0.058984 0.130556 3 0.24939 0.142969 0.670833 0.061719 0.090278 2 0.243652 0.617578 0.511111 0.060938 0.097222 10 0.197388 0.235938 0.540625 0.139063 0.199306 3 0.183594 0.654688 0.547222 0.04375 0.081944 10 0.171021 0.031567 0.76875 0.062744 0.286111 0 0.15979 0.235352 0.943056 0.053516 0.113889 3 0.153076 0.667969 0.482986 0.0375 0.059028 0 0.153076 0.065771 0.915278 0.04502 0.125 2 0.147095 0.099561 0.7625 0.05127 0.083333 2 0.128906 0.667969 0.484028 0.035937 0.059722 9 0.125488 0.080664 0.597222 0.161328 0.222222 0 0.118408 0.313477 0.689931 0.035156 0.084028 3 0.117981 0.7125 0.436806 0.046875 0.05 2 0.115967 0.183203 0.947917 0.053125 0.101389 3 0.111267 0.564844 0.466667 0.03125 0.072222 1 0.10968 0.654688 0.925 0.036719 0.113889 0 0.101929 0.264453 0.864583 0.052344 0.126389
CCTV01^20260318-110000-20260318-120000_000954,7 0.873047 0.328906 0.803472 0.061719 0.141667 11 0.84082 0.704688 0.648611 0.067188 0.191667 11 0.746094 0.771875 0.747222 0.073438 0.227778 3 0.712402 0.244727 0.918056 0.077344 0.152778 3 0.686035 0.204736 0.822917 0.08584 0.147222 3 0.682617 0.694531 0.831944 0.057813 0.15 3 0.675781 0.741406 0.920486 0.079687 0.159028 3 0.624512 0.289648 0.752604 0.069531 0.117014 3 0.517578 0.436719 0.478472 0.059375 0.060417 3 0.476562 0.657422 0.597222 0.034375 0.0875 3 0.403564 0.960938 0.966667 0.075 0.066667 8 0.38501 0.062451 0.664583 0.080566 0.131944 0 0.381104 0.314844 0.636806 0.036719 0.090972 12 0.361084 0.907031 0.74375 0.121875 0.215278 5 0.361084 0.167383 0.75434 0.086328 0.152431 10 0.342529 0.666406 0.479167 0.06875 0.155556 6 0.336426 0.664844 0.477778 0.06875 0.152083 3 0.327637 0.827344 0.645833 0.048438 0.097222 2 0.307373 0.4875 0.432639 0.028125 0.055556 0 0.30249 0.985938 0.75625 0.028125 0.118056 11 0.289307 0.769531 0.529167 0.084375 0.142361 10 0.267334 0.227783 0.519444 0.159277 0.195139 11 0.243652 0.907031 0.74375 0.121875 0.220833 3 0.214722 0.941406 0.646528 0.0875 0.097222 0 0.195557 0.346094 0.571875 0.028906 0.073611 0 0.172729 0.380859 0.5375 0.025781 0.070833 3 0.148071 0.566406 0.469097 0.030469 0.077778 12 0.145142 0.062781 0.664931 0.076587 0.120139 3 0.143677 0.123804 0.945139 0.115283 0.109722 6 0.131226 0.16875 0.756944 0.083984 0.158333 8 0.11554 0.282031 0.565625 0.094531 0.117361 7 0.110107 0.828906 0.888889 0.110937 0.222222 2 0.102661 0.249609 0.6375 0.039062 0.079167
CCTV01^20260318-110000-20260318-120000_000966,11 0.750488 0.708594 0.665625 0.06875 0.199306 11 0.725098 0.775781 0.785417 0.075 0.255556 3 0.689453 0.699219 0.840972 0.05625 0.145833 10 0.654785 0.318164 0.54375 0.163672 0.209722 3 0.642578 0.265625 0.834722 0.076563 0.133333 9 0.62793 0.951953 0.838715 0.096094 0.314236 3 0.577637 0.853125 0.819444 0.0875 0.15 3 0.563965 0.7375 0.929861 0.078125 0.140278 3 0.544922 0.098975 0.850694 0.103223 0.148611 5 0.496094 0.238477 0.736806 0.080078 0.147222 7 0.470703 0.839063 0.933333 0.065625 0.131944 3 0.437744 0.648438 0.611806 0.05625 0.1125 3 0.420654 0.479297 0.455208 0.046094 0.067361 10 0.418701 0.415723 0.424306 0.106055 0.144444 2 0.411133 0.867188 0.765278 0.05625 0.111111 2 0.37207 0.341406 0.611806 0.049219 0.090278 3 0.358398 0.307031 0.688889 0.071875 0.115278 3 0.332764 0.205859 0.670833 0.085547 0.102778 2 0.319092 0.192383 0.734722 0.048047 0.109722 2 0.282959 0.307813 0.688194 0.069531 0.116667 1 0.271973 0.671484 0.951389 0.035156 0.097222 5 0.259766 0.395703 0.554514 0.060156 0.093056 3 0.243652 0.741016 0.497917 0.049219 0.065972 5 0.225464 0.511328 0.393056 0.035156 0.061806 7 0.147583 0.102173 0.718056 0.121436 0.172222 2 0.143677 0.207861 0.670139 0.084277 0.091667 2 0.12854 0.801562 0.578819 0.060938 0.136806 3 0.108948 0.624609 0.425 0.03125 0.052778
CCTV01^20260318-110000-20260318-120000_000970,9 0.875977 0.157031 0.734722 0.185938 0.343056 11 0.829102 0.780469 0.801389 0.08125 0.265278 3 0.744629 0.255469 0.821528 0.079687 0.141667 3 0.712402 0.7 0.852083 0.05625 0.145833 3 0.699219 0.9 0.882639 0.1 0.1625 11 0.679199 0.709375 0.676736 0.065625 0.196528 3 0.604004 0.739453 0.935069 0.069531 0.129861 2 0.53125 0.901563 0.793056 0.0625 0.101389 3 0.476562 0.321094 0.656944 0.073438 0.115278 10 0.453369 0.033301 0.769444 0.066602 0.355556 3 0.439697 0.271484 0.632639 0.042969 0.088889 10 0.436768 0.342187 0.461806 0.157031 0.158333 10 0.360352 0.480469 0.386719 0.084375 0.121007 3 0.357666 0.495313 0.449306 0.0375 0.059722 3 0.339844 0.826563 0.658681 0.059375 0.107639 3 0.334473 0.653125 0.621181 0.054688 0.114583 1 0.332764 0.845313 0.791667 0.028125 0.088889 2 0.317383 0.877344 0.671875 0.039062 0.09375 1 0.313965 0.671875 0.951389 0.032813 0.097222 3 0.289307 0.428906 0.476389 0.05 0.060417 5 0.281494 0.460156 0.476389 0.05 0.058333 3 0.275146 0.861719 0.966667 0.090625 0.066667 11 0.243652 0.942969 0.675347 0.1125 0.179861 9 0.165039 0.969531 0.888889 0.060938 0.220833 3 0.15918 0.779688 0.647222 0.053125 0.069444 2 0.157715 0.516797 0.409028 0.021875 0.048611 11 0.157715 0.969531 0.889236 0.060938 0.221528 8 0.127197 0.275 0.547222 0.105469 0.130556 8 0.119629 0.969531 0.880556 0.060938 0.209722 1 0.113586 0.600781 0.459028 0.01875 0.05 7 0.105591 0.275781 0.547222 0.105469 0.129167
CCTV01^20260318-110000-20260318-120000_000974,11 0.829102 0.779688 0.803472 0.08125 0.261111 3 0.73584 0.246484 0.897222 0.083203 0.154167 3 0.716797 0.700781 0.851389 0.05625 0.147222 3 0.700684 0.131665 0.851389 0.087842 0.147222 11 0.697754 0.709375 0.682292 0.064844 0.19375 3 0.680664 0.226904 0.804167 0.091504 0.130556 10 0.658203 0.266748 0.588889 0.171191 0.244444 3 0.622559 0.739453 0.935417 0.070312 0.129167 10 0.613281 0.0375 0.645139 0.074902 0.251389 3 0.600098 0.299219 0.690278 0.074219 0.115278 6 0.571777 0.885938 0.65 0.125 0.258333 3 0.494141 0.38125 0.578819 0.061719 0.084028 3 0.478516 0.848437 0.803472 0.078125 0.15 3 0.445557 0.658594 0.622569 0.042969 0.104861 5 0.42627 0.144238 0.708507 0.087695 0.130208 10 0.38501 0.885938 0.651736 0.125 0.254861 10 0.38208 0.821094 0.479861 0.079687 0.1875 1 0.346924 0.672656 0.954861 0.032813 0.090278 3 0.30249 0.975781 0.692361 0.048438 0.105556 0 0.30249 0.051575 0.810417 0.063452 0.130556 3 0.299072 0.625 0.425 0.032813 0.054861 2 0.27832 0.953906 0.604514 0.042188 0.085417 2 0.262939 0.743359 0.558681 0.042188 0.088194 0 0.252441 0.9875 0.8125 0.025 0.105556 4 0.24939 0.871875 0.91875 0.075 0.1625 3 0.240112 0.144238 0.706944 0.089648 0.134722 5 0.225464 0.975 0.696528 0.05 0.120833 2 0.223389 0.871875 0.920139 0.078125 0.159722 3 0.20813 0.321875 0.443403 0.048438 0.052083 10 0.193726 0.721875 0.425694 0.0875 0.159722 5 0.190674 0.500391 0.400694 0.036719 0.065278 5 0.155029 0.957812 0.913194 0.084375 0.173611 3 0.144165 0.173242 0.970139 0.107422 0.059722 1 0.139893 0.625781 0.574306 0.023438 0.064583 4 0.119995 0.636719 0.452083 0.026563 0.0625 5 0.119995 0.847656 0.802778 0.073438 0.152778 4 0.108948 0.782813 0.553819 0.042188 0.075694 11 0.108582 0.685156 0.512153 0.0875 0.170139 2 0.104126 0.794141 0.666319 0.075781 0.128472 2 0.10376 0.647656 0.510417 0.025 0.055556
CCTV01^20260318-110000-20260318-120000_000978,11 0.816406 0.780469 0.806944 0.08125 0.2625 11 0.726562 0.708594 0.682639 0.067188 0.193056 3 0.72168 0.701563 0.852778 0.05625 0.144444 5 0.72168 0.241748 0.859028 0.088379 0.179167 3 0.663574 0.283984 0.731944 0.06875 0.116667 3 0.635254 0.060059 0.904167 0.107617 0.172222 3 0.624512 0.739062 0.935417 0.06875 0.129167 10 0.609375 0.05708 0.592361 0.11416 0.223611 10 0.605957 0.90625 0.678125 0.165625 0.332639 3 0.594727 0.878125 0.838889 0.09375 0.144444 3 0.558105 0.142383 0.893056 0.108594 0.176389 3 0.533203 0.400684 0.525694 0.058008 0.065972 4 0.529297 0.829688 0.721528 0.05 0.102778 5 0.517578 0.34375 0.604861 0.061719 0.101389 9 0.515625 0.90625 0.675694 0.167187 0.329167 3 0.509766 0.166602 0.727083 0.091016 0.115278 5 0.5 0.319336 0.576389 0.077734 0.102778 2 0.490234 0.221094 0.584722 0.040625 0.083333 3 0.462891 0.204297 0.749826 0.084375 0.133681 3 0.457031 0.658594 0.621528 0.042188 0.104167 0 0.40918 0.108594 0.730556 0.049219 0.101389 3 0.403564 0.46875 0.471528 0.046094 0.052778 6 0.375732 0.431641 0.427431 0.111719 0.140972 2 0.324219 0.985938 0.707639 0.028125 0.106944 1 0.324219 0.673438 0.955208 0.035156 0.089583 3 0.309082 0.632031 0.438889 0.034375 0.054167 10 0.307373 0.431641 0.426736 0.1125 0.147917 7 0.295898 0.829688 0.720833 0.05 0.101389 3 0.27832 0.494141 0.434722 0.035156 0.051389 3 0.250977 0.3 0.488889 0.040625 0.059722 9 0.228149 0.86875 0.920139 0.071875 0.159722 3 0.201782 0.364844 0.477083 0.040234 0.056944 1 0.201172 0.670313 0.898611 0.034375 0.083333 4 0.193115 0.870313 0.918056 0.073438 0.163889 1 0.181274 0.627344 0.573611 0.025 0.0625 3 0.156128 0.215967 0.976389 0.100879 0.047222 0 0.150513 0.187402 0.582639 0.032227 0.076389 0 0.131226 0.164258 0.65625 0.047852 0.0875 3 0.129883 0.798828 0.625694 0.049219 0.094444 2 0.11438 0.365039 0.477431 0.039844 0.057639 10 0.10968 0.760156 0.483333 0.115625 0.193056
CCTV01^20260318-110000-20260318-120000_000982,9 0.86084 0.943359 0.814583 0.113281 0.369444 11 0.794434 0.780078 0.80816 0.078906 0.264236 3 0.710449 0.701563 0.852778 0.05625 0.147222 3 0.705566 0.239893 0.930556 0.080371 0.138889 3 0.704102 0.173926 0.902083 0.088867 0.158333 11 0.675781 0.709375 0.681944 0.067188 0.191667 3 0.631836 0.15293 0.783333 0.093359 0.134722 3 0.583008 0.739844 0.935417 0.06875 0.129167 5 0.554688 0.28418 0.761111 0.076953 0.154167 2 0.544922 0.158789 0.6875 0.055078 0.101389 3 0.494141 0.235156 0.738194 0.085938 0.134722 5 0.434082 0.325391 0.655556 0.082813 0.123611 5 0.418701 0.488281 0.394444 0.042188 0.060417 3 0.405518 0.503906 0.419444 0.035937 0.048611 3 0.388672 0.658594 0.622222 0.04375 0.1 1 0.373779 0.674609 0.952778 0.035156 0.094444 3 0.352295 0.480859 0.451389 0.042969 0.047222 3 0.346924 0.374023 0.5125 0.053516 0.077778 5 0.325928 0.285742 0.635417 0.078516 0.113889 4 0.300781 0.022729 0.838889 0.045361 0.169444 2 0.291016 0.626563 0.507639 0.040625 0.069444 3 0.289307 0.426172 0.421528 0.042969 0.048611 3 0.282959 0.625781 0.508333 0.039062 0.069444 2 0.256836 0.657813 0.545139 0.034375 0.0625 2 0.247314 0.871094 0.919444 0.075 0.161111 3 0.245117 0.299609 0.496875 0.052344 0.072917 0 0.23938 0.666406 0.892361 0.03125 0.090278 3 0.235107 0.660937 0.495139 0.04375 0.056944 4 0.229492 0.870313 0.919444 0.075 0.161111 3 0.228149 0.286328 0.569444 0.067969 0.070833 11 0.216064 0.353516 0.475 0.063672 0.094444 3 0.204346 0.470703 0.488194 0.048438 0.04375 2 0.15979 0.840625 0.845139 0.045313 0.125 0 0.153564 0.021814 0.843056 0.043628 0.166667 3 0.143188 0.428906 0.482639 0.05 0.042361 2 0.135742 0.623828 0.432292 0.032031 0.063889 10 0.125488 0.059766 0.579861 0.119531 0.220139 3 0.125122 0.378125 0.584722 0.064844 0.063889 4 0.111267 0.844531 0.84375 0.054688 0.123611 3 0.104858 0.332422 0.5625 0.061719 0.076389 7 0.103394 0.845313 0.84375 0.057813 0.131944
CCTV01^20260318-110000-20260318-120000_000986,9 0.848145 0.943359 0.813889 0.113281 0.372222 11 0.779785 0.782813 0.836806 0.08125 0.281944 3 0.72168 0.703125 0.868056 0.059375 0.144444 3 0.53125 0.267188 0.813889 0.073438 0.131944 3 0.519531 0.099365 0.855556 0.106934 0.147222 3 0.503906 0.212109 0.687153 0.077344 0.103472 5 0.476562 0.332422 0.64375 0.074219 0.122222 3 0.476562 0.251953 0.7125 0.077344 0.113889 10 0.462891 0.13418 0.649306 0.208594 0.2875 11 0.439697 0.717188 0.697569 0.075 0.200694 7 0.407227 0.192285 0.847222 0.089258 0.163889 3 0.386719 0.267578 0.583681 0.056641 0.079167 2 0.38501 0.267578 0.8125 0.073438 0.130556 5 0.341553 0.403906 0.486111 0.055469 0.080556 5 0.271973 0.245312 0.928472 0.094141 0.143056 3 0.267334 0.299609 0.625 0.0625 0.088889 3 0.255371 0.33457 0.521875 0.064062 0.084722 2 0.243652 0.661328 0.555208 0.034375 0.060417 5 0.23938 0.661328 0.622569 0.050781 0.1 2 0.236572 0.871875 0.91875 0.075 0.1625 3 0.235107 0.360938 0.552778 0.060156 0.080556 4 0.233032 0.871094 0.919444 0.073438 0.161111 3 0.212036 0.735938 0.951736 0.064062 0.096528 3 0.203125 0.464453 0.455903 0.039844 0.063194 3 0.200562 0.629687 0.515278 0.04375 0.068056 10 0.193115 0.041943 0.849653 0.083594 0.300694 3 0.191895 0.505469 0.436806 0.0375 0.05 3 0.182373 0.665625 0.504861 0.045313 0.058333 3 0.164551 0.382812 0.4625 0.048438 0.056944 2 0.15918 0.505469 0.436806 0.036719 0.05 2 0.155029 0.664844 0.504167 0.045313 0.056944 5 0.130249 0.464063 0.454861 0.039844 0.063194 4 0.102295 0.848437 0.844444 0.05625 0.113889 10 0.100525 0.025684 0.728472 0.051074 0.256944
CCTV01^20260318-110000-20260318-120000_000990,9 0.808105 0.947266 0.815278 0.105469 0.363889 11 0.796875 0.782031 0.836111 0.082813 0.275 3 0.728027 0.704688 0.884028 0.059375 0.15 2 0.710449 0.214062 0.916667 0.059375 0.141667 2 0.6875 0.267969 0.909722 0.058984 0.141667 3 0.498047 0.282813 0.8 0.073438 0.127778 5 0.480469 0.479688 0.457292 0.046875 0.074306 3 0.422607 0.13916 0.833333 0.095508 0.15 2 0.411133 0.282813 0.800694 0.072656 0.120833 11 0.38501 0.719531 0.694792 0.079687 0.204861 3 0.359375 0.226953 0.682986 0.078906 0.103472 3 0.348633 0.268945 0.693056 0.073438 0.102778 2 0.334473 0.871094 0.91875 0.071875 0.1625 3 0.329346 0.634375 0.527778 0.044531 0.072222 10 0.303955 0.155078 0.645139 0.203906 0.286111 5 0.29248 0.333984 0.64375 0.076953 0.122222 3 0.287842 0.369922 0.553472 0.057031 0.073611 1 0.286133 0.657813 0.859028 0.035156 0.108333 3 0.253906 0.660547 0.61875 0.049219 0.095833 4 0.2323 0.870313 0.919444 0.071875 0.161111 3 0.229492 0.429688 0.455208 0.045313 0.052083 5 0.229492 0.353125 0.509722 0.064062 0.081944 3 0.222656 0.403223 0.500694 0.057617 0.0625 1 0.199951 0.069714 0.913889 0.065063 0.108333 3 0.17334 0.119922 0.947917 0.126953 0.104167 2 0.169434 0.402344 0.501389 0.054688 0.061111 3 0.165649 0.736719 0.952083 0.064062 0.095833 2 0.164551 0.430469 0.454514 0.04375 0.051389 2 0.15564 0.664844 0.558681 0.032813 0.05625 5 0.151001 0.4625 0.410069 0.040625 0.061111 2 0.135742 0.413281 0.427083 0.051562 0.048611 3 0.131226 0.710547 0.509028 0.036719 0.038889 1 0.126343 0.659766 0.793056 0.032031 0.086111 7 0.123352 0.215967 0.800694 0.08916 0.145833 10 0.122131 0.024622 0.731771 0.049243 0.264236 3 0.121277 0.216748 0.800694 0.090723 0.145833 3 0.113159 0.413672 0.426389 0.052344 0.047917 3 0.103394 0.666797 0.508333 0.04375 0.056944
CCTV01^20260318-110000-20260318-120000_000994,11 0.809082 0.782813 0.840278 0.082813 0.280556 3 0.70752 0.704688 0.884722 0.059375 0.152778 10 0.704102 0.950781 0.825 0.098438 0.347222 3 0.631836 0.269141 0.845833 0.085156 0.141667 5 0.503906 0.112109 0.844444 0.125 0.183333 3 0.498047 0.156055 0.919444 0.107031 0.161111 2 0.44751 0.269922 0.747396 0.043359 0.105208 2 0.439697 0.301367 0.692014 0.039844 0.103472 2 0.359375 0.247266 0.699306 0.051562 0.104167 3 0.355713 0.641406 0.544444 0.045313 0.077778 1 0.327637 0.650781 0.861111 0.0375 0.102778 3 0.32251 0.381641 0.547917 0.057813 0.068056 3 0.313965 0.234375 0.663542 0.078516 0.097917 11 0.255371 0.721875 0.706771 0.075 0.208681 10 0.24585 0.084912 0.763715 0.169824 0.322569 9 0.224731 0.085303 0.765104 0.17002 0.322569 2 0.222656 0.484766 0.479861 0.042188 0.052778 3 0.205566 0.312305 0.607986 0.080859 0.103472 3 0.191895 0.485938 0.479861 0.040625 0.052778 3 0.191895 0.34707 0.623958 0.058594 0.072222 2 0.184814 0.870313 0.919097 0.071875 0.161806 1 0.181885 0.2125 0.829861 0.053125 0.093056 4 0.180054 0.870313 0.919444 0.071875 0.161111 3 0.158203 0.66875 0.514931 0.04375 0.061806 5 0.148071 0.496094 0.428819 0.040625 0.064583 2 0.136108 0.66875 0.515278 0.046094 0.0625 3 0.135254 0.710547 0.510417 0.038281 0.044444 3 0.124634 0.423438 0.470833 0.076563 0.0625 4 0.123352 0.85 0.845833 0.053125 0.111111 3 0.122925 0.644531 0.471528 0.040625 0.065278 1 0.113953 0.658594 0.8 0.03125 0.080556 1 0.105957 0.180273 0.697222 0.026758 0.073611 1 0.10376 0.672266 0.758333 0.03125 0.083333 3 0.102661 0.737109 0.952083 0.063281 0.095833 0 0.100525 0.212891 0.830556 0.054688 0.094444
CCTV01^20260318-110000-20260318-120000_000998,11 0.813965 0.783594 0.841493 0.082813 0.283681 10 0.705566 0.950781 0.827083 0.098438 0.345833 3 0.686035 0.280469 0.813194 0.077344 0.143056 3 0.684082 0.705078 0.886111 0.059375 0.15 3 0.611328 0.192383 0.824306 0.094531 0.148611 3 0.596191 0.096533 0.818056 0.120215 0.148611 2 0.575684 0.258203 0.647569 0.050781 0.097222 3 0.57373 0.299414 0.695833 0.089453 0.111111 9 0.488281 0.948438 0.827778 0.1 0.344444 2 0.462891 0.185352 0.699653 0.050781 0.103472 5 0.437744 0.356641 0.5625 0.082813 0.104167 3 0.383057 0.08877 0.979167 0.105859 0.041667 10 0.335449 0.189746 0.619444 0.174023 0.227778 3 0.317383 0.641406 0.54375 0.046875 0.075 1 0.299072 0.651563 0.858333 0.0375 0.102778 4 0.222046 0.869531 0.919444 0.070312 0.161111 3 0.220703 0.074805 0.970833 0.149609 0.058333 0 0.205566 0.081055 0.734028 0.037695 0.094444 9 0.19812 0.19209 0.618403 0.171289 0.229861 11 0.185303 0.725781 0.703472 0.078125 0.211111 5 0.168335 0.219873 0.928819 0.112598 0.142361 10 0.162964 0.034985 0.764583 0.069971 0.329167 10 0.145142 0.369336 0.447917 0.125391 0.154167 9 0.139404 0.041943 0.743056 0.083887 0.290278 2 0.136597 0.48125 0.470486 0.04375 0.05 2 0.128052 0.669531 0.577431 0.032813 0.058333 3 0.116333 0.66875 0.514583 0.04375 0.061111 2 0.115173 0.66875 0.515278 0.046875 0.0625 3 0.11438 0.736719 0.952778 0.064062 0.094444 3 0.108215 0.48125 0.472917 0.045313 0.055556 2 0.107056 0.870313 0.91875 0.071875 0.1625 1 0.10376 0.659375 0.792361 0.03125 0.075 3 0.103394 0.432031 0.470833 0.053125 0.065972
CCTV01^20260318-110000-20260318-120000_001002,11 0.788086 0.783594 0.843056 0.08125 0.286111 10 0.690918 0.950781 0.827083 0.098438 0.345833 3 0.677246 0.705469 0.886111 0.060938 0.15 3 0.662109 0.244922 0.892361 0.089063 0.151389 5 0.631836 0.286914 0.748611 0.075 0.15 10 0.57959 0.09043 0.803819 0.180859 0.392361 2 0.476562 0.169336 0.795833 0.058008 0.122222 3 0.375732 0.332031 0.649306 0.067578 0.1 9 0.37207 0.948438 0.827778 0.1 0.344444 1 0.310791 0.652344 0.859028 0.039062 0.105556 3 0.300781 0.372656 0.559722 0.067969 0.079167 1 0.282959 0.142773 0.905556 0.048047 0.097222 3 0.275146 0.644531 0.555208 0.045313 0.077778 5 0.256836 0.612891 0.489583 0.046875 0.093056 5 0.252441 0.427344 0.490972 0.059375 0.075 2 0.229492 0.644141 0.555556 0.046094 0.077778 11 0.225464 0.725 0.705556 0.080469 0.208333 9 0.196167 0.299023 0.510417 0.130078 0.158333 10 0.193115 0.299023 0.510764 0.129297 0.159722 3 0.166626 0.360156 0.523611 0.053125 0.063889 1 0.118408 0.206592 0.713889 0.028223 0.081944 3 0.104858 0.738281 0.474653 0.046875 0.059722 3 0.101257 0.670313 0.640972 0.040625 0.1 3 0.100891 0.671094 0.51875 0.046875 0.065278
CCTV01^20260318-110000-20260318-120000_001122,9 0.958984 0.198437 0.720833 0.182031 0.330556 5 0.694336 0.339844 0.826389 0.080469 0.175 3 0.645996 0.696875 0.834722 0.065625 0.158333 10 0.635254 0.664062 0.502083 0.098438 0.202778 5 0.629883 0.252734 0.8125 0.08125 0.168056 3 0.629883 0.280664 0.94375 0.073047 0.1125 2 0.616699 0.041504 0.85 0.063281 0.125 10 0.586914 0.328516 0.519444 0.159375 0.2 5 0.525391 0.699609 0.704861 0.059375 0.125 2 0.511719 0.474609 0.428472 0.025781 0.055556 3 0.494141 0.853125 0.794444 0.084375 0.130556 3 0.482422 0.925 0.737674 0.101562 0.144097 5 0.439697 0.810156 0.685417 0.092188 0.145833 3 0.40918 0.303711 0.694792 0.063672 0.122917 3 0.40918 0.789844 0.802778 0.073438 0.1375 2 0.407227 0.423438 0.492361 0.032813 0.068056 3 0.375732 0.369336 0.588542 0.066016 0.085417 8 0.348633 0.744531 0.916667 0.1375 0.166667 3 0.331055 0.753125 0.702951 0.064062 0.113542 2 0.325928 0.303516 0.695139 0.064844 0.120833 10 0.288574 0.749219 0.541667 0.1125 0.230556 3 0.283691 0.196973 0.954167 0.070898 0.091667 2 0.276611 0.851562 0.794444 0.084375 0.129167 3 0.273682 0.853125 0.65625 0.073438 0.111111 8 0.242188 0.882812 0.923611 0.085938 0.152778 2 0.214722 0.920313 0.852083 0.05 0.104167 2 0.212036 0.853906 0.657639 0.071875 0.108333 10 0.194946 0.027222 0.631944 0.053857 0.229167 1 0.181885 0.093018 0.864583 0.043457 0.090278 1 0.178345 0.519531 0.817361 0.057813 0.076389 3 0.177856 0.670313 0.631944 0.064062 0.1125 0 0.145142 0.069775 0.733333 0.047168 0.109722 4 0.129395 0.884375 0.923611 0.0875 0.152778 7 0.122498 0.745313 0.916667 0.134375 0.166667 1 0.119995 0.459766 0.417361 0.016406 0.044444 1 0.105957 0.982813 0.786806 0.034375 0.104167 7 0.103027 0.882812 0.924306 0.085938 0.151389 10 0.101929 0.515625 0.354514 0.064062 0.103472
CCTV02^20260511-140000-20260511-142440_002414,2 0.699219 0.292188 0.674653 0.039062 0.097917 2 0.594727 0.180859 0.794444 0.059766 0.113889 7 0.567871 0.621875 0.640278 0.0625 0.138889 9 0.517578 0.622656 0.640278 0.0625 0.144444 2 0.414795 0.293359 0.407639 0.036719 0.059722 2 0.366699 0.884375 0.738194 0.048438 0.116667 2 0.364746 0.871094 0.551042 0.039062 0.079167 2 0.324219 0.774219 0.454167 0.029687 0.068056 2 0.307373 0.835156 0.552778 0.032813 0.072222 2 0.284668 0.465625 0.240278 0.017188 0.036111 2 0.265869 0.354297 0.214583 0.017188 0.031944 2 0.240723 0.977344 0.685417 0.045313 0.101389 2 0.218628 0.376563 0.211111 0.017969 0.028472 1 0.127686 0.717969 0.499653 0.024219 0.060417 1 0.111633 0.547656 0.337153 0.021094 0.055556
CCTV02^20260511-140000-20260511-142440_002417,10 0.675781 0.387891 0.389931 0.046875 0.127083 2 0.535156 0.366406 0.306597 0.01875 0.045833 2 0.492188 0.615625 0.342014 0.023438 0.051389 2 0.474609 0.776563 0.461111 0.028906 0.072222 2 0.44165 0.809375 0.503472 0.025 0.073611 2 0.422607 0.851562 0.665278 0.048438 0.086111 2 0.392334 0.292969 0.40625 0.036719 0.059722 9 0.364746 0.466016 0.427778 0.049219 0.147222 10 0.351318 0.211279 0.847917 0.157129 0.304167 2 0.226807 0.976562 0.684722 0.046875 0.098611 2 0.144165 0.367969 0.217882 0.014844 0.035764 2 0.139893 0.882031 0.565972 0.034375 0.070833 2 0.115967 0.24375 0.584375 0.032813 0.085417 1 0.109314 0.717969 0.501389 0.025 0.057639
CCTV02^20260511-140000-20260511-142440_002421,2 0.602051 0.349023 0.462847 0.026172 0.064583 3 0.537109 0.710547 0.836806 0.078906 0.165278 10 0.527344 0.4125 0.353819 0.042188 0.113194 2 0.458984 0.720313 0.454167 0.029687 0.072917 3 0.455078 0.363086 0.5625 0.046875 0.0875 10 0.40918 0.264648 0.547222 0.093359 0.216667 2 0.363037 0.561719 0.319965 0.022656 0.046875 4 0.355713 0.436719 0.308681 0.027344 0.050694 2 0.281494 0.336719 0.360764 0.019531 0.050694 2 0.212036 0.374609 0.26059 0.015625 0.038889 2 0.145142 0.978125 0.684722 0.04375 0.102778 1 0.139404 0.749219 0.493056 0.034375 0.072222 2 0.110474 0.501563 0.247569 0.021875 0.040972 2 0.101929 0.935938 0.664583 0.040625 0.094444
CCTV02^20260511-140000-20260511-142440_002425,3 0.672363 0.372656 0.529861 0.037109 0.075 2 0.668945 0.32832 0.584028 0.037891 0.086111 2 0.629883 0.595313 0.369792 0.025 0.055556 2 0.604004 0.69375 0.436458 0.026563 0.061111 9 0.567871 0.494531 0.29375 0.042188 0.091667 2 0.567871 0.644531 0.373611 0.027344 0.054167 2 0.539062 0.721094 0.452083 0.026563 0.065278 2 0.40918 0.384766 0.270139 0.016406 0.038889 1 0.325928 0.441797 0.4875 0.021875 0.077083 2 0.248047 0.351758 0.250694 0.013672 0.040278 0 0.246582 0.970313 0.915278 0.059375 0.161111 2 0.237915 0.976562 0.684375 0.046875 0.102083 2 0.216064 0.361719 0.21875 0.013281 0.035417 10 0.20813 0.263672 0.548264 0.095312 0.211806 2 0.108582 0.558203 0.279861 0.021094 0.040972
CCTV02^20260511-140000-20260511-142440_002429,2 0.672363 0.254688 0.811806 0.049219 0.127778 2 0.575684 0.714844 0.469444 0.03125 0.068056 2 0.558105 0.691016 0.417361 0.028906 0.052778 2 0.556641 0.619922 0.403472 0.025 0.052778 2 0.533203 0.65 0.43125 0.029687 0.075 10 0.529297 0.305469 0.465972 0.090625 0.16875 2 0.44165 0.542969 0.362153 0.021875 0.05 9 0.363037 0.451562 0.402778 0.040625 0.081944 1 0.303955 0.533984 0.411806 0.019531 0.069444 2 0.289307 0.770312 0.46875 0.04375 0.057639 3 0.264404 0.319922 0.322917 0.029687 0.040278 2 0.259766 0.976562 0.684722 0.046875 0.102778 1 0.221313 0.593359 0.4125 0.019531 0.063889 2 0.199341 0.50625 0.259028 0.020313 0.040972 2 0.190674 0.371484 0.263542 0.020313 0.043056 2 0.17334 0.557813 0.280556 0.019531 0.039236 2 0.157104 0.813281 0.480556 0.032813 0.066667 2 0.133911 0.580078 0.356858 0.021875 0.051563
CCTV02^20260511-140000-20260511-142440_002433,2 0.62793 0.674219 0.452778 0.032813 0.0625 2 0.596191 0.602734 0.361458 0.025 0.051389 3 0.556641 0.438281 0.618403 0.042969 0.093056 2 0.490234 0.691016 0.417014 0.028125 0.052778 3 0.488281 0.570312 0.564583 0.042188 0.095833 2 0.434082 0.537891 0.322569 0.025 0.053472 2 0.432129 0.923438 0.654167 0.051562 0.101389 2 0.418701 0.360156 0.330208 0.01875 0.045139 4 0.416748 0.570312 0.56875 0.042188 0.105556 2 0.397949 0.628125 0.354514 0.021875 0.052778 2 0.339844 0.794141 0.500694 0.052344 0.076389 2 0.270508 0.37832 0.279167 0.016797 0.041667 2 0.252441 0.558594 0.281597 0.01875 0.035417 3 0.193115 0.422266 0.285069 0.022656 0.047569 5 0.177856 0.421875 0.283681 0.022656 0.044444 2 0.160767 0.851562 0.633333 0.039062 0.099306 2 0.151489 0.976562 0.686111 0.046875 0.102778
CCTV02^20260511-140000-20260511-142440_002437,2 0.550781 0.664453 0.416667 0.026563 0.056944 2 0.525391 0.703516 0.493403 0.033594 0.074306 2 0.5 0.690625 0.416667 0.026563 0.052778 2 0.5 0.854688 0.540278 0.040625 0.077778 2 0.494141 0.923438 0.652778 0.05 0.101389 2 0.492188 0.623438 0.359115 0.025 0.051215 10 0.460938 0.567969 0.474306 0.079687 0.19375 2 0.430176 0.739453 0.480556 0.039844 0.069444 2 0.366699 0.349609 0.344097 0.017188 0.050694 2 0.343262 0.970313 0.775 0.059375 0.111111 2 0.313965 0.802344 0.504861 0.025 0.073611 2 0.223999 0.525391 0.280729 0.017969 0.037847 0 0.210815 0.274219 0.494444 0.029687 0.072222 3 0.185913 0.505469 0.320486 0.030469 0.056944 2 0.135254 0.510156 0.258333 0.01875 0.040972 2 0.106323 0.357422 0.3125 0.016797 0.046528
CCTV02^20260511-140000-20260511-142440_002441,2 0.692871 0.257031 0.733507 0.045313 0.102431 2 0.686035 0.29707 0.495139 0.026563 0.067361 5 0.602051 0.633594 0.565278 0.054688 0.126389 2 0.586914 0.680469 0.500694 0.032813 0.070833 2 0.567871 0.960938 0.784722 0.0625 0.113889 7 0.53125 0.427734 0.302083 0.029687 0.066667 2 0.517578 0.603125 0.35625 0.028125 0.05625 2 0.513672 0.799219 0.526389 0.029687 0.065972 2 0.507812 0.907813 0.676389 0.053125 0.1 2 0.484375 0.70625 0.460417 0.032813 0.065278 2 0.46875 0.756641 0.555556 0.039844 0.088889 2 0.420654 0.676172 0.454167 0.028125 0.048611 3 0.38501 0.553516 0.495139 0.035937 0.075 2 0.345215 0.482031 0.238368 0.014844 0.034028 2 0.315674 0.374609 0.269792 0.01875 0.042708 9 0.273682 0.428125 0.303299 0.029687 0.068056 2 0.265869 0.467187 0.245833 0.017188 0.034722 2 0.221313 0.675781 0.396528 0.026563 0.051389 1 0.212036 0.55 0.321007 0.014063 0.048958 2 0.138916 0.977344 0.685417 0.045313 0.101389 2 0.128052 0.872656 0.514236 0.026563 0.070833 2 0.109314 0.693359 0.420833 0.023438 0.043056
CCTV02^20260511-140000-20260511-142440_002445,9 0.637207 0.522266 0.355469 0.045313 0.093229 2 0.607422 0.266016 0.558333 0.028906 0.076389 2 0.577637 0.722656 0.516319 0.034375 0.075 2 0.550781 0.807031 0.535764 0.029687 0.064583 2 0.509766 0.366016 0.369531 0.022656 0.053993 2 0.474609 0.553906 0.291667 0.01875 0.039583 2 0.451416 0.678906 0.435417 0.028125 0.054167 2 0.437744 0.703906 0.459722 0.026563 0.061111 2 0.407227 0.896094 0.686111 0.05 0.098611 2 0.355713 0.577344 0.326215 0.020313 0.045486 10 0.307373 0.414453 0.262326 0.035156 0.077431 7 0.270508 0.439063 0.503472 0.049219 0.116667 2 0.26123 0.676172 0.39375 0.025781 0.046528 2 0.246582 0.851562 0.548611 0.028125 0.080556 2 0.218628 0.727344 0.450694 0.029687 0.055556 9 0.214722 0.439063 0.502083 0.05 0.118056 2 0.166626 0.509375 0.271181 0.021875 0.049306
CCTV02^20260511-140000-20260511-142440_002449,2 0.663574 0.329297 0.454861 0.024609 0.063889 2 0.642578 0.639063 0.385417 0.028125 0.051389 2 0.588867 0.957031 0.830556 0.06875 0.119444 2 0.569824 0.68125 0.470833 0.028125 0.063889 2 0.537109 0.286719 0.49375 0.038281 0.065278 4 0.519531 0.703906 0.550694 0.060938 0.110417 3 0.492188 0.577734 0.439583 0.039844 0.060417 2 0.458984 0.704688 0.463194 0.029687 0.066667 2 0.407227 0.871875 0.534028 0.026563 0.076389 2 0.379395 0.95 0.705382 0.05625 0.094792 3 0.364746 0.406641 0.311806 0.021094 0.036111 2 0.320801 0.751563 0.538194 0.0375 0.072222 3 0.201782 0.552344 0.357639 0.032813 0.05 2 0.189575 0.5625 0.334375 0.023438 0.045833 9 0.182373 0.701563 0.549306 0.0625 0.105556 1 0.170532 0.647656 0.489583 0.019531 0.066667 4 0.134766 0.553125 0.357639 0.034375 0.05 2 0.119202 0.928125 0.659722 0.04375 0.080556 2 0.108582 0.772656 0.527778 0.032813 0.069444 2 0.107788 0.553125 0.356858 0.034375 0.047396
CCTV02^20260511-140000-20260511-142440_002453,2 0.67041 0.328906 0.571875 0.032813 0.079861 2 0.584961 0.704688 0.433333 0.03125 0.058333 2 0.583008 0.9 0.682639 0.05 0.095833 2 0.539062 0.892969 0.758333 0.051562 0.111111 2 0.523438 0.11748 0.739063 0.054883 0.102431 2 0.462891 0.861719 0.537847 0.032813 0.077083 9 0.38501 0.582031 0.491667 0.075 0.194444 3 0.324219 0.035449 0.744618 0.070898 0.096875 2 0.319092 0.984375 0.804167 0.03125 0.127778 3 0.245117 0.780469 0.663194 0.089063 0.109722 2 0.226807 0.976562 0.686458 0.046875 0.107639 10 0.216064 0.427344 0.275694 0.038281 0.090972 2 0.213379 0.357422 0.325 0.017188 0.054167 12 0.112427 0.995313 0.119531 0.009375 0.097396 1 0.10376 0.104297 0.921528 0.040039 0.129167 2 0.103027 0.378906 0.250347 0.017969 0.040972 12 0.101562 0.99375 0.11849 0.0125 0.143576
CCTV02^20260511-140000-20260511-142440_002457,3 0.679199 0.370703 0.465278 0.034375 0.0625 2 0.673828 0.332422 0.547222 0.029687 0.072222 2 0.562012 0.021729 0.873611 0.043213 0.126389 10 0.525391 0.649219 0.403559 0.075781 0.135937 2 0.5 0.964063 0.809722 0.0625 0.133333 2 0.492188 0.390234 0.305035 0.019531 0.044097 2 0.466797 0.70625 0.433333 0.028125 0.059028 2 0.462891 0.860938 0.537847 0.035937 0.077083 2 0.416748 0.898438 0.773611 0.048438 0.125 2 0.320801 0.420312 0.269792 0.021094 0.034722 2 0.320801 0.528125 0.289583 0.020313 0.048611 7 0.309082 0.453516 0.550694 0.042188 0.106944 2 0.307373 0.773438 0.465972 0.026563 0.0625 4 0.307373 0.392188 0.611806 0.063281 0.1375 2 0.26123 0.971875 0.686458 0.05625 0.104861 4 0.246582 0.453125 0.550694 0.040625 0.106944 2 0.205566 0.847656 0.653125 0.042188 0.107639 2 0.196777 0.578906 0.331597 0.021094 0.055556 9 0.164551 0.453516 0.55 0.042188 0.103472 9 0.143188 0.392969 0.614236 0.061719 0.139583 1 0.12854 0.308594 0.427083 0.015625 0.055556 0 0.119629 0.898438 0.775 0.05 0.130556
CCTV02^20260511-140000-20260511-142440_002461,4 0.766113 0.403906 0.565972 0.044531 0.108333 2 0.712402 0.357227 0.493403 0.026953 0.06875 2 0.680664 0.294141 0.818056 0.051562 0.133333 2 0.672363 0.022876 0.875 0.04541 0.125 2 0.644043 0.273828 0.632639 0.046484 0.088889 2 0.637207 0.310547 0.499306 0.026563 0.068056 7 0.482422 0.423828 0.312153 0.029687 0.063889 6 0.42627 0.710156 0.498611 0.0875 0.183333 3 0.32251 0.517188 0.360417 0.03125 0.059028 2 0.270508 0.380469 0.261458 0.015625 0.039583 2 0.175537 0.81875 0.548611 0.039062 0.069444 2 0.151001 0.403906 0.573611 0.04375 0.090278 2 0.14856 0.860938 0.538889 0.034375 0.075 2 0.127197 0.976562 0.687153 0.046875 0.102083 2 0.126343 0.363281 0.25191 0.015625 0.036806
CCTV02^20260511-140000-20260511-142440_002465,2 0.692871 0.02207 0.875694 0.043652 0.125 6 0.647949 0.739453 0.56875 0.094531 0.222222 2 0.588867 0.861719 0.538889 0.032813 0.076389 2 0.57373 0.608594 0.381944 0.028125 0.052778 2 0.563965 0.923438 0.659722 0.046875 0.097222 2 0.550781 0.370117 0.369792 0.022266 0.057639 2 0.492188 0.388672 0.299306 0.017188 0.045833 2 0.40918 0.403516 0.290972 0.01875 0.047222 2 0.300781 0.369141 0.255035 0.014063 0.037847 2 0.184204 0.569531 0.367361 0.025 0.058333 2 0.177246 0.407813 0.746528 0.054688 0.138889 2 0.176636 0.494531 0.305208 0.032813 0.073611 2 0.175537 0.976562 0.686458 0.046875 0.104861 4 0.12854 0.408496 0.743056 0.054883 0.138889 2 0.118774 0.704688 0.441319 0.03125 0.056944 1 0.103027 0.566016 0.368056 0.020313 0.059722
CCTV02^20260511-140000-20260511-142440_002469,2 0.651367 0.020166 0.875 0.039648 0.125 2 0.581543 0.861719 0.5375 0.034375 0.076389 2 0.541016 0.683594 0.411458 0.026563 0.052083 2 0.541016 0.924219 0.659028 0.045313 0.097222 3 0.451416 0.544531 0.473958 0.0375 0.094444 2 0.377441 0.664844 0.385069 0.025 0.049306 2 0.355713 0.165039 0.925 0.063281 0.1375 2 0.275146 0.519141 0.365972 0.035156 0.078472 2 0.248047 0.536719 0.308333 0.021094 0.041667 0 0.186523 0.267969 0.634722 0.040625 0.10625 10 0.180664 0.608594 0.420833 0.077344 0.156944 2 0.165039 0.978125 0.777083 0.04375 0.155556 4 0.13208 0.835938 0.473611 0.040625 0.077778 1 0.119202 0.717578 0.496528 0.024219 0.048611 2 0.108948 0.377344 0.235938 0.016406 0.040972
CCTV02^20260511-140000-20260511-142440_002473,2 0.672363 0.020752 0.876389 0.040967 0.125 2 0.625977 0.649219 0.456597 0.029687 0.059722 2 0.611328 0.591406 0.370486 0.024219 0.052778 2 0.611328 0.271484 0.581944 0.036719 0.077778 3 0.600098 0.714844 0.547222 0.054688 0.084722 2 0.496094 0.723437 0.453819 0.039062 0.060417 2 0.457031 0.664062 0.386806 0.028125 0.052083 2 0.424316 0.923438 0.659722 0.046875 0.1 3 0.416748 0.401953 0.402778 0.026563 0.051389 2 0.407227 0.524219 0.334549 0.021875 0.048264 0 0.336426 0.304297 0.429861 0.020313 0.063889 3 0.325928 0.385547 0.322917 0.021875 0.042014 2 0.218628 0.355469 0.286806 0.015625 0.047917 2 0.20813 0.304492 0.430556 0.021875 0.069444 2 0.176147 0.495313 0.263715 0.017188 0.039931 2 0.172119 0.977344 0.685417 0.045313 0.101389 2 0.144165 0.528125 0.303299 0.020313 0.037847 1 0.130737 0.673438 0.48125 0.024219 0.066667 1 0.10968 0.399609 0.357031 0.015625 0.047049
CCTV02^20260511-140000-20260511-142440_002476,2 0.692871 0.346094 0.485417 0.025 0.0625 2 0.690918 0.285547 0.581597 0.033594 0.075694 2 0.654785 0.021191 0.875 0.041602 0.122222 2 0.645996 0.649219 0.464583 0.032813 0.0625 2 0.637207 0.685156 0.5125 0.033594 0.070833 2 0.633301 0.726953 0.457639 0.039844 0.067361 2 0.624512 0.953125 0.725 0.0625 0.098611 3 0.569824 0.571094 0.575694 0.042188 0.093056 12 0.533203 0.39043 0.524306 0.058984 0.128472 2 0.521484 0.087891 0.739063 0.066406 0.088542 2 0.515625 0.635156 0.365278 0.024219 0.052778 2 0.46875 0.510156 0.318056 0.020313 0.046528 0 0.466797 0.320117 0.438194 0.020703 0.058333 4 0.386719 0.589844 0.378472 0.034375 0.072917 2 0.38501 0.892969 0.696528 0.045313 0.090278 2 0.368408 0.539062 0.332639 0.019531 0.046528 9 0.364746 0.390234 0.523958 0.059375 0.126389 2 0.281494 0.358984 0.311111 0.017188 0.045833 2 0.217285 0.760938 0.575694 0.040625 0.070833 2 0.193115 0.542969 0.292014 0.021094 0.044097 10 0.188354 0.410547 0.270313 0.036719 0.084028 2 0.187744 0.860938 0.533681 0.035937 0.076389 3 0.161377 0.525391 0.377778 0.028125 0.058333 2 0.124207 0.652344 0.426736 0.029687 0.050694 4 0.108215 0.525391 0.378472 0.028125 0.058333
CCTV02^20260511-140000-20260511-142440_002480,2 0.692871 0.02019 0.877083 0.039941 0.125 2 0.571777 0.895312 0.752604 0.05625 0.117014 2 0.562012 0.7125 0.470486 0.04375 0.06875 2 0.523438 0.371875 0.326042 0.019531 0.050694 10 0.476562 0.303125 0.548264 0.0625 0.209028 2 0.464844 0.354688 0.373264 0.021094 0.050694 1 0.338135 0.404297 0.342708 0.014844 0.052778 2 0.32251 0.976562 0.827778 0.046875 0.118056 2 0.245117 0.703125 0.429514 0.028125 0.048611 11 0.225464 0.797656 0.459722 0.05625 0.106944 9 0.201782 0.797656 0.460417 0.057813 0.106944 2 0.123352 0.978125 0.685069 0.04375 0.102083
CCTV02^20260511-140000-20260511-142440_002484,2 0.689453 0.021436 0.875694 0.042236 0.122222 3 0.624512 0.5375 0.409722 0.03125 0.061111 2 0.59082 0.206836 0.902778 0.062109 0.138889 2 0.584961 0.714453 0.469097 0.040625 0.06875 3 0.519531 0.465625 0.444792 0.029687 0.058333 2 0.496094 0.95625 0.722049 0.05625 0.097569 2 0.478516 0.540234 0.296701 0.019531 0.042014 4 0.40918 0.660937 0.467361 0.048438 0.0875 2 0.381104 0.315234 0.528472 0.038281 0.077778 2 0.325928 0.736719 0.461806 0.03125 0.065278 2 0.313965 0.342969 0.291319 0.016406 0.040972 10 0.242188 0.435937 0.341667 0.040625 0.111111 3 0.23938 0.660547 0.467361 0.048438 0.086111 7 0.209473 0.776563 0.676389 0.05 0.109722 0 0.146606 0.979688 0.791667 0.040625 0.119444
CCTV02^20260511-140000-20260511-142440_002488,2 0.702637 0.021069 0.875 0.041455 0.122222 2 0.660156 0.686719 0.514931 0.028906 0.075694 2 0.563965 0.086328 0.728472 0.069531 0.094444 2 0.488281 0.929688 0.829167 0.071875 0.122222 2 0.457031 0.285156 0.514236 0.028125 0.070833 2 0.411133 0.617969 0.347569 0.020313 0.048611 2 0.38501 0.378516 0.321007 0.021094 0.047569 2 0.324219 0.717969 0.467361 0.039062 0.061111 2 0.309082 0.527344 0.284375 0.020313 0.04375 3 0.222656 0.41875 0.301389 0.021875 0.036806 2 0.152588 0.973437 0.685417 0.053125 0.108333 7 0.12085 0.776563 0.682986 0.05625 0.121528
CCTV02^20260511-140000-20260511-142440_002492,2 0.695801 0.02345 0.876389 0.04646 0.125 2 0.677246 0.282031 0.692361 0.042188 0.098611 7 0.638672 0.559375 0.505556 0.051562 0.131944 2 0.62793 0.660937 0.479167 0.03125 0.068056 2 0.607422 0.380078 0.391667 0.021094 0.052778 2 0.563965 0.717969 0.473958 0.039062 0.06875 2 0.537109 0.360742 0.392361 0.019922 0.051389 2 0.519531 0.686719 0.443056 0.024219 0.059722 3 0.505859 0.437109 0.455903 0.03125 0.060417 2 0.478516 0.757031 0.556944 0.039844 0.081944 2 0.451416 0.932813 0.713194 0.053125 0.1 7 0.397949 0.589844 0.652778 0.051562 0.148611 2 0.397949 0.883594 0.694097 0.042188 0.09375 2 0.237915 0.982813 0.745139 0.034375 0.120833 2 0.180664 0.372656 0.277083 0.01875 0.042708 10 0.171021 0.600781 0.320486 0.067188 0.091667 12 0.149536 0.591016 0.65 0.054688 0.148611 9 0.141235 0.559375 0.511111 0.051562 0.148611 3 0.129883 0.657813 0.736111 0.1 0.234722
CCTV02^20260511-140000-20260511-142440_002496,2 0.654785 0.022839 0.876389 0.045386 0.125 2 0.651367 0.25918 0.848611 0.055078 0.134722 2 0.622559 0.719531 0.473264 0.040625 0.06875 2 0.611328 0.289062 0.588889 0.036719 0.080556 2 0.607422 0.379492 0.4125 0.023438 0.054167 2 0.602051 0.627734 0.416319 0.025781 0.054167 7 0.567871 0.469531 0.470833 0.042188 0.095833 2 0.521484 0.587891 0.3875 0.026563 0.058333 2 0.488281 0.555469 0.382639 0.023438 0.052778 2 0.484375 0.925 0.770833 0.059375 0.118056 3 0.451416 0.435937 0.357552 0.028125 0.050174 10 0.418701 0.667188 0.371875 0.073438 0.106944 2 0.309082 0.978906 0.72066 0.042188 0.103125 2 0.303955 0.534375 0.318576 0.01875 0.046181 2 0.270508 0.511328 0.310069 0.020313 0.043056 10 0.19812 0.660547 0.804167 0.157813 0.372222 2 0.153076 0.964844 0.895833 0.06875 0.138889 10 0.151489 0.323047 0.40408 0.054688 0.134896 2 0.147583 0.936719 0.7125 0.053125 0.090278
CCTV02^20260511-140000-20260511-142440_002500,2 0.672363 0.022266 0.875 0.044141 0.120833 2 0.647949 0.345313 0.466319 0.026953 0.065278 2 0.616699 0.707031 0.465278 0.039062 0.059722 2 0.598145 0.739844 0.557292 0.034375 0.071528 3 0.560059 0.421484 0.352691 0.025 0.043229 3 0.539062 0.494531 0.320139 0.025 0.042361 2 0.474609 0.765625 0.536806 0.035937 0.072917 10 0.470703 0.546094 0.372135 0.054688 0.14184 2 0.457031 0.973437 0.863889 0.053125 0.130556 10 0.434082 0.667578 0.375347 0.074219 0.104861 2 0.339844 0.732031 0.452431 0.03125 0.059722 2 0.297363 0.326562 0.340104 0.018359 0.047569 4 0.284668 0.43125 0.481944 0.042188 0.099306 2 0.243652 0.935938 0.715451 0.053125 0.096875 3 0.242188 0.317969 0.313194 0.023438 0.036806 2 0.225464 0.532813 0.269271 0.017969 0.038889 2 0.225464 0.608594 0.411111 0.021875 0.0625 2 0.191895 0.879687 0.691667 0.046875 0.101389 7 0.123352 0.430859 0.481597 0.042188 0.1 2 0.122131 0.979688 0.723611 0.040625 0.108333 2 0.121277 0.358398 0.202083 0.013281 0.029167
CCTV02^20260511-140000-20260511-142440_002504,2 0.67041 0.022461 0.875 0.044336 0.125 2 0.546875 0.689063 0.439931 0.032031 0.05625 3 0.511719 0.318359 0.312847 0.021875 0.036458 2 0.474609 0.735938 0.457292 0.034375 0.063889 2 0.470703 0.535156 0.295139 0.021875 0.044444 2 0.453369 0.904688 0.709722 0.05625 0.091667 9 0.44165 0.867773 0.877778 0.264453 0.244444 2 0.399902 0.80332 0.496875 0.027734 0.069444 10 0.397949 0.667188 0.372569 0.071875 0.102778 2 0.392334 0.300391 0.39375 0.022656 0.051389 2 0.37207 0.978125 0.723611 0.04375 0.106944 3 0.281494 0.477344 0.273958 0.023438 0.038889 2 0.218628 0.978125 0.929861 0.04375 0.140278 2 0.147583 0.857031 0.464236 0.029687 0.063889 10 0.126343 0.86875 0.878472 0.2625 0.243056 2 0.104858 0.378516 0.215278 0.015625 0.0375
CCTV02^20260511-140000-20260511-142440_002508,2 0.675781 0.018726 0.875694 0.03667 0.123611 2 0.672363 0.620313 0.569792 0.032813 0.084028 2 0.624512 0.970313 0.795833 0.059375 0.108333 2 0.616699 0.697656 0.470833 0.032813 0.0625 2 0.476562 0.857813 0.535417 0.042188 0.075 3 0.464844 0.318359 0.312674 0.022656 0.037847 2 0.386719 0.925 0.660417 0.04375 0.097222 10 0.345215 0.667188 0.373611 0.072656 0.1125 5 0.343262 0.579297 0.290972 0.03125 0.049306 2 0.317383 0.651953 0.410764 0.027344 0.045139 1 0.303955 0.544531 0.459028 0.017188 0.058333 2 0.281494 0.564844 0.431944 0.014063 0.053472 2 0.250977 0.570312 0.432639 0.025 0.056944 2 0.229492 0.80332 0.520486 0.024609 0.060417 9 0.163452 0.603125 0.402431 0.053125 0.086111 2 0.147095 0.85625 0.4625 0.028125 0.063889 4 0.129395 0.603125 0.402083 0.053125 0.0875 2 0.129395 0.978125 0.734028 0.04375 0.131944 1 0.115967 0.292188 0.693056 0.023438 0.075 12 0.112793 0.394922 0.202951 0.028906 0.062847 1 0.104492 0.574219 0.431944 0.017188 0.055556
CCTV02^20260511-140000-20260511-142440_002512,5 0.733887 0.632031 0.348611 0.026563 0.059028 2 0.6875 0.024304 0.875 0.047974 0.122222 10 0.686035 0.434375 0.392014 0.045313 0.130556 2 0.672363 0.355859 0.467361 0.027344 0.061806 2 0.546875 0.699219 0.446528 0.032813 0.066667 2 0.517578 0.747266 0.529861 0.032813 0.072222 3 0.462891 0.318359 0.313542 0.022656 0.0375 9 0.414795 0.938281 0.826389 0.121875 0.225 2 0.324219 0.926562 0.660069 0.046875 0.09375 10 0.24939 0.671094 0.381944 0.0625 0.106944 11 0.242188 0.936719 0.833333 0.126563 0.219444 2 0.223999 0.376563 0.284722 0.017188 0.046528 2 0.171631 0.978125 0.686111 0.04375 0.105556 2 0.158691 0.812305 0.546875 0.028516 0.068056 2 0.131592 0.846875 0.555556 0.028125 0.063194 0 0.121277 0.356055 0.299306 0.016406 0.051389
CCTV02^20260511-140000-20260511-142440_002813,5 0.847168 0.636719 0.347222 0.034375 0.057639 2 0.833496 0.160254 0.686111 0.045117 0.084722 10 0.775879 0.295703 0.588194 0.105469 0.238889 2 0.756348 0.315625 0.386111 0.01875 0.049306 3 0.754883 0.319141 0.312847 0.022656 0.034028 2 0.692871 0.678906 0.485417 0.032813 0.068056 2 0.625977 0.739062 0.488889 0.034375 0.066667 2 0.57959 0.630469 0.382986 0.025 0.046528 2 0.539062 0.874219 0.547917 0.045313 0.071528 10 0.494141 0.555469 0.363889 0.054688 0.125694 4 0.476562 0.975 0.7875 0.05 0.152778 3 0.46875 0.761719 0.679514 0.070312 0.092361 2 0.439697 0.925 0.649306 0.046875 0.088889 3 0.350342 0.510156 0.299653 0.023438 0.039583 2 0.289307 0.977344 0.682986 0.045313 0.100694 12 0.267334 0.620703 0.925694 0.020313 0.030556 3 0.250977 0.46875 0.268056 0.021094 0.037153 3 0.221313 0.503516 0.339931 0.029687 0.053472 4 0.178955 0.492188 0.253993 0.021875 0.039236 2 0.168335 0.807813 0.457639 0.026563 0.056944 11 0.144165 0.404297 0.227431 0.017188 0.033333
CCTV02^20260511-140000-20260511-142440_002817,5 0.851074 0.636719 0.347569 0.034375 0.059028 2 0.833496 0.160742 0.685417 0.044531 0.084722 3 0.786621 0.319141 0.312674 0.022656 0.034722 10 0.767578 0.648047 0.574306 0.1125 0.240278 2 0.73584 0.267969 0.570139 0.029687 0.06875 2 0.726562 0.315625 0.385417 0.018359 0.048611 2 0.726562 0.345117 0.564583 0.030859 0.070139 2 0.672363 0.714063 0.443056 0.029687 0.059722 2 0.656738 0.927344 0.698958 0.048438 0.092361 4 0.654785 0.550781 0.401389 0.028906 0.074306 3 0.631836 0.328711 0.919444 0.087891 0.144444 2 0.629883 0.88125 0.555556 0.040625 0.072222 2 0.552734 0.853125 0.53125 0.034375 0.066667 10 0.523438 0.392188 0.296701 0.032813 0.098264 2 0.509766 0.298438 0.521528 0.047266 0.069444 3 0.422607 0.767188 0.432986 0.04375 0.057639 2 0.413086 0.174805 0.932986 0.067188 0.134028 2 0.411133 0.337109 0.50625 0.026563 0.061111 2 0.299072 0.978125 0.681944 0.04375 0.102778 0 0.259766 0.299023 0.517361 0.046094 0.075694 1 0.190674 0.046973 0.759028 0.050781 0.068056 2 0.156616 0.926562 0.642361 0.04375 0.076389
CCTV02^20260511-140000-20260511-142440_002821,5 0.863281 0.636328 0.347917 0.034375 0.057639 2 0.855957 0.160547 0.684722 0.044922 0.084722 3 0.766113 0.318945 0.312847 0.023438 0.034722 2 0.728027 0.267969 0.570139 0.03125 0.068056 2 0.723145 0.31543 0.386111 0.019141 0.048611 2 0.694336 0.810156 0.527778 0.03125 0.063194 2 0.689453 0.610156 0.369792 0.023438 0.046528 2 0.680664 0.729297 0.549306 0.035156 0.077778 4 0.679199 0.435156 0.380556 0.022656 0.055556 2 0.673828 0.714063 0.442708 0.03125 0.060417 2 0.645996 0.294336 0.526736 0.039453 0.068056 3 0.633301 0.774219 0.507639 0.05625 0.073611 2 0.539062 0.367383 0.314583 0.015625 0.035417 2 0.537109 0.377148 0.339236 0.016406 0.044444 2 0.513672 0.925 0.651389 0.046875 0.095833 10 0.509766 0.651563 0.49375 0.08125 0.161111 2 0.430176 0.882812 0.557639 0.0375 0.076389 2 0.407227 0.978125 0.684375 0.04375 0.10625 2 0.355713 0.50625 0.262153 0.015625 0.03125 1 0.281494 0.348828 0.361111 0.013281 0.038889 6 0.182373 0.651563 0.493056 0.079687 0.163889 2 0.137939 0.853125 0.556944 0.03125 0.070833 2 0.106323 0.455469 0.234375 0.014844 0.032986
CCTV02^20260511-140000-20260511-142440_002825,5 0.862305 0.636328 0.348003 0.034375 0.05816 3 0.78125 0.319141 0.313194 0.023438 0.034722 2 0.757812 0.268359 0.570139 0.030469 0.067361 2 0.743164 0.315625 0.386806 0.019531 0.047917 2 0.6875 0.666406 0.470833 0.032813 0.063889 2 0.679199 0.294531 0.525694 0.039062 0.063889 2 0.647949 0.161719 0.682986 0.044531 0.08125 9 0.635254 0.579688 0.50625 0.057813 0.108333 3 0.605957 0.741406 0.515278 0.076563 0.069444 2 0.604004 0.88125 0.557639 0.040625 0.076389 2 0.602051 0.660156 0.404167 0.029687 0.047222 2 0.583008 0.79375 0.489236 0.04375 0.058333 2 0.544922 0.932813 0.663889 0.04375 0.095833 3 0.46875 0.143335 0.754167 0.117236 0.105556 10 0.455078 0.538281 0.349913 0.05625 0.126563 2 0.315674 0.734375 0.476389 0.040625 0.048611 2 0.259766 0.840625 0.567708 0.034375 0.064583 2 0.250977 0.876563 0.5125 0.026563 0.055556 2 0.250977 0.971875 0.927778 0.05625 0.136111 2 0.230957 0.976562 0.684722 0.046875 0.106944 4 0.204346 0.498437 0.283333 0.024219 0.040278
CCTV02^20260511-140000-20260511-142440_002829,5 0.875 0.636719 0.34783 0.034375 0.057118 3 0.816406 0.319141 0.313715 0.022656 0.034722 2 0.813965 0.160156 0.686111 0.043945 0.086111 2 0.744629 0.315625 0.386806 0.01875 0.048611 2 0.743164 0.268359 0.570486 0.030469 0.067361 4 0.694336 0.675 0.465625 0.042188 0.090278 2 0.692871 0.294531 0.525694 0.038281 0.063889 2 0.6875 0.828125 0.536806 0.028125 0.077778 3 0.651367 0.745313 0.513889 0.078125 0.065278 2 0.642578 0.919531 0.653472 0.045313 0.093056 2 0.563965 0.563672 0.373264 0.017969 0.044444 2 0.5 0.705859 0.445139 0.036719 0.066667 2 0.498047 0.884375 0.558333 0.0375 0.073611 7 0.286133 0.674219 0.465625 0.042188 0.090972 2 0.253906 0.977344 0.686111 0.045313 0.102778 2 0.24939 0.876563 0.512847 0.028125 0.053472 3 0.191895 0.383398 0.272569 0.01875 0.032639 0 0.178345 0.990625 0.809028 0.01875 0.1 3 0.15564 0.735938 0.827778 0.090625 0.208333 7 0.12854 0.735938 0.831944 0.090625 0.202778 9 0.107056 0.735938 0.822222 0.091406 0.213889 2 0.100159 0.9875 0.951389 0.025 0.097222
CCTV02^20260511-140000-20260511-142440_002833,4 0.900391 0.355469 0.523611 0.0375 0.077778 5 0.868164 0.636328 0.347917 0.034375 0.056944 2 0.800781 0.1625 0.685764 0.048828 0.084028 3 0.792969 0.319141 0.313021 0.022656 0.033681 2 0.73877 0.896875 0.671181 0.046875 0.095139 2 0.730957 0.268359 0.570139 0.030469 0.068056 2 0.710449 0.315234 0.386458 0.019531 0.047917 2 0.702637 0.682031 0.499306 0.032031 0.069444 2 0.675781 0.294141 0.526389 0.038281 0.065278 2 0.67041 0.811719 0.503472 0.028125 0.072222 2 0.665527 0.396875 0.375694 0.020313 0.041667 3 0.59082 0.744531 0.506597 0.076563 0.0625 7 0.366699 0.642969 0.623958 0.057813 0.109722 2 0.350342 0.978125 0.682292 0.04375 0.104861 4 0.336426 0.643359 0.623611 0.057813 0.109722 2 0.195557 0.925781 0.655556 0.0375 0.093056 9 0.172119 0.642969 0.621528 0.057813 0.107639 12 0.171021 0.621094 0.925694 0.020313 0.031944 0 0.10376 0.989844 0.809028 0.020313 0.098611
CCTV02^20260511-140000-20260511-142440_002836,5 0.862305 0.636719 0.347917 0.035937 0.056944 2 0.82666 0.160645 0.685417 0.044922 0.084722 3 0.796875 0.319336 0.313542 0.022656 0.034375 2 0.750488 0.898438 0.677083 0.046875 0.095833 2 0.747559 0.315625 0.386806 0.01875 0.048611 2 0.733887 0.268359 0.570486 0.030469 0.06875 2 0.700684 0.246484 0.755556 0.042188 0.1 2 0.694336 0.651563 0.413889 0.028125 0.052778 2 0.638672 0.294727 0.525694 0.038281 0.063889 3 0.622559 0.680469 0.526736 0.05625 0.072222 10 0.615234 0.326172 0.732639 0.122656 0.338889 2 0.552734 0.950781 0.747396 0.042188 0.107986 2 0.44751 0.815625 0.520139 0.028125 0.072222 3 0.388672 0.860938 0.547917 0.05 0.094444 4 0.348633 0.474219 0.263021 0.021875 0.0375 2 0.341553 0.978906 0.683333 0.042188 0.105556 2 0.291016 0.98125 0.871528 0.0375 0.1375 0 0.289307 0.98125 0.872917 0.0375 0.133333 9 0.184814 0.383984 0.291319 0.029687 0.071528 2 0.132568 0.5375 0.288194 0.019531 0.036806 2 0.132568 0.917188 0.582639 0.035937 0.083333 2 0.130249 0.810938 0.475694 0.0375 0.061111 2 0.113586 0.877344 0.513542 0.026563 0.061111
CCTV02^20260511-140000-20260511-142440_002840,5 0.847168 0.636719 0.348003 0.034375 0.05816 2 0.79834 0.16084 0.685764 0.043359 0.084028 3 0.782715 0.319141 0.313542 0.022656 0.034722 2 0.774414 0.307227 0.544444 0.028516 0.065278 10 0.740234 0.348047 0.404774 0.047656 0.134896 2 0.723145 0.268164 0.570139 0.029687 0.068056 2 0.715332 0.248828 0.657292 0.044531 0.08125 2 0.712402 0.316016 0.3875 0.01875 0.047222 10 0.694336 0.672656 0.608333 0.129688 0.277778 3 0.605957 0.596875 0.362847 0.03125 0.048611 9 0.556641 0.538281 0.396441 0.051562 0.108507 2 0.533203 0.767969 0.45625 0.042188 0.064583 2 0.455078 0.292188 0.521181 0.033594 0.054861 2 0.418701 0.977344 0.682986 0.045313 0.104861 12 0.397949 0.106641 0.733333 0.114453 0.120833 3 0.373779 0.860938 0.560764 0.053125 0.089583 4 0.287842 0.106445 0.734549 0.116406 0.125347 0 0.282959 0.978125 0.908333 0.04375 0.172222 2 0.264404 0.782813 0.536806 0.032813 0.083333 2 0.213379 0.917188 0.581944 0.040625 0.081944 7 0.20813 0.106543 0.735417 0.116992 0.127778 9 0.189575 0.106641 0.733333 0.114844 0.122222 3 0.169922 0.867188 0.743229 0.090625 0.127431 2 0.158691 0.878125 0.517361 0.025 0.061111 7 0.151001 0.578125 0.506597 0.054688 0.129861 2 0.144165 0.132031 0.735417 0.053125 0.097222 4 0.127686 0.132031 0.735417 0.053516 0.101389 4 0.125122 0.484766 0.247222 0.025 0.038889 4 0.12085 0.778906 0.634722 0.076563 0.108333 9 0.119202 0.579297 0.505556 0.053125 0.130556 4 0.112427 0.978125 0.90625 0.04375 0.172222
CCTV02^20260511-140000-20260511-142440_002844,5 0.865234 0.636719 0.348264 0.034375 0.056944 2 0.829102 0.160449 0.686458 0.045117 0.084028 10 0.774414 0.348047 0.405208 0.047656 0.135417 3 0.759277 0.319141 0.313542 0.022656 0.034722 10 0.743164 0.310156 0.674306 0.107813 0.277778 2 0.740234 0.314844 0.389583 0.021094 0.048611 2 0.728027 0.268359 0.570139 0.030469 0.06875 3 0.65332 0.59375 0.591667 0.054688 0.097222 3 0.635254 0.925 0.813889 0.09375 0.141667 2 0.57373 0.935156 0.673611 0.046875 0.097222 2 0.552734 0.594531 0.361458 0.026563 0.053472 2 0.478516 0.236328 0.942361 0.065625 0.115278 2 0.472656 0.383984 0.329167 0.015625 0.036111 2 0.418701 0.307031 0.536111 0.026563 0.048611 2 0.40918 0.292188 0.522569 0.035156 0.05625 4 0.375732 0.396875 0.348611 0.023438 0.054861 9 0.275879 0.754687 0.565972 0.06875 0.115278 2 0.269043 0.917188 0.582639 0.0375 0.079167 3 0.265869 0.425391 0.278299 0.021094 0.030903 2 0.206909 0.977344 0.685764 0.045313 0.103472 2 0.154541 0.39707 0.346441 0.022266 0.051563 4 0.119995 0.754687 0.566667 0.06875 0.119444
CCTV02^20260511-140000-20260511-142440_002848,5 0.862305 0.636719 0.347917 0.034375 0.057639 4 0.810547 0.632812 0.413889 0.035937 0.056944 2 0.806641 0.160254 0.685764 0.044141 0.084028 3 0.799316 0.319141 0.313194 0.022656 0.034375 10 0.764648 0.342187 0.561111 0.096875 0.218056 10 0.757812 0.347266 0.404861 0.047656 0.133333 2 0.728027 0.314844 0.388889 0.021875 0.05 2 0.725098 0.957031 0.705729 0.051562 0.096875 2 0.71875 0.657813 0.569097 0.03125 0.08125 2 0.70752 0.686719 0.465972 0.032813 0.065278 2 0.702637 0.639844 0.475 0.029687 0.063194 2 0.6875 0.267578 0.569792 0.03125 0.068056 2 0.665527 0.395508 0.337326 0.018359 0.038542 3 0.637207 0.45625 0.577431 0.039062 0.074306 9 0.496094 0.458984 0.380642 0.034375 0.077604 2 0.338135 0.917188 0.581944 0.0375 0.080556 2 0.281494 0.292188 0.521181 0.034375 0.052778 7 0.273682 0.9625 0.880556 0.075 0.205556 9 0.240723 0.9625 0.881944 0.075 0.205556 4 0.191895 0.962891 0.878472 0.074219 0.202778 12 0.162964 0.9625 0.881944 0.075 0.208333 3 0.140869 0.961719 0.886111 0.076563 0.205556 8 0.113159 0.9625 0.879167 0.075 0.202778
CCTV02^20260511-140000-20260511-142440_002852,5 0.876465 0.636719 0.347917 0.034375 0.056944 2 0.806641 0.160059 0.685069 0.044336 0.085417 3 0.795898 0.319141 0.313715 0.022266 0.034722 10 0.785156 0.346875 0.404948 0.048828 0.134549 2 0.774414 0.307422 0.54375 0.027734 0.065278 2 0.733887 0.95625 0.708333 0.053125 0.1 2 0.726562 0.314648 0.388889 0.020703 0.048611 2 0.726562 0.273242 0.557639 0.032031 0.068056 2 0.723145 0.376758 0.493056 0.025 0.059722 2 0.71875 0.384766 0.4375 0.023438 0.052778 3 0.682617 0.288672 0.74566 0.097656 0.103125 3 0.677246 0.414062 0.675694 0.053906 0.095833 2 0.631836 0.257227 0.670486 0.050391 0.096528 9 0.470703 0.455859 0.383681 0.035156 0.084722 2 0.407227 0.801562 0.461111 0.028125 0.061111 2 0.281494 0.917188 0.582292 0.0375 0.080556 10 0.226807 0.414844 0.302778 0.034375 0.094444 9 0.203125 0.480078 0.265972 0.027344 0.069444 0 0.116333 0.990625 0.816667 0.01875 0.113889
CCTV02^20260511-140000-20260511-142440_002856,5 0.812988 0.636719 0.348524 0.034375 0.058507 3 0.806641 0.319141 0.313542 0.022266 0.034722 2 0.795898 0.160449 0.686111 0.044727 0.086111 10 0.762207 0.348047 0.40408 0.045313 0.136285 2 0.746094 0.308594 0.540278 0.026563 0.063889 2 0.73584 0.314648 0.388194 0.020703 0.047222 2 0.723145 0.95625 0.707639 0.053125 0.101389 2 0.684082 0.341406 0.561806 0.034375 0.075 2 0.660156 0.272656 0.559722 0.032031 0.065972 2 0.457031 0.384375 0.302778 0.017969 0.034028 2 0.455078 0.782813 0.560417 0.0375 0.06875 2 0.388672 0.595313 0.345833 0.017188 0.042361 3 0.355713 0.446875 0.407292 0.027344 0.050694 2 0.329346 0.917188 0.582292 0.0375 0.079861 0 0.259766 0.2375 0.642708 0.039844 0.086111 0 0.115173 0.990625 0.815278 0.01875 0.113889
CCTV02^20260511-140000-20260511-142440_002860,2 0.827637 0.160352 0.686111 0.044531 0.084722 3 0.822266 0.319141 0.313194 0.022656 0.034375 5 0.818848 0.635938 0.348003 0.034375 0.05816 10 0.753418 0.347656 0.404861 0.048438 0.136111 2 0.732422 0.282813 0.633333 0.041797 0.0875 2 0.729492 0.95625 0.707639 0.053125 0.097222 2 0.713867 0.314453 0.388194 0.020313 0.046528 2 0.708984 0.255273 0.748611 0.05 0.101389 2 0.694336 0.587891 0.393056 0.023438 0.047917 2 0.692871 0.414062 0.397222 0.020313 0.048611 2 0.673828 0.655469 0.457292 0.030469 0.057639 2 0.663574 0.615234 0.389931 0.024219 0.050694 2 0.662109 0.385547 0.390278 0.019531 0.045833 2 0.640625 0.387891 0.324306 0.017969 0.036806 2 0.571777 0.552734 0.318229 0.019531 0.042361 2 0.569824 0.282813 0.534375 0.039844 0.072917 2 0.548828 0.899219 0.723611 0.045313 0.129167 0 0.355713 0.239063 0.640625 0.036719 0.086806 2 0.343262 0.917188 0.581944 0.039062 0.081944 2 0.203125 0.873438 0.640278 0.034375 0.091667 2 0.12085 0.845313 0.581944 0.034375 0.077778 0 0.117188 0.990625 0.809722 0.01875 0.1
CCTV02^20260511-140000-20260511-142440_002864,3 0.81543 0.319336 0.312847 0.022656 0.034722 10 0.809082 0.347852 0.405208 0.048047 0.135417 5 0.805664 0.635938 0.347569 0.034375 0.057639 2 0.771973 0.311719 0.685764 0.038281 0.089583 2 0.743164 0.314648 0.388889 0.019922 0.048611 2 0.689453 0.951563 0.853472 0.059375 0.123611 2 0.656738 0.160547 0.684028 0.045313 0.086111 2 0.645996 0.917188 0.751563 0.05 0.107986 2 0.62793 0.621875 0.367708 0.023438 0.045139 3 0.59082 0.513281 0.333681 0.025781 0.043056 2 0.583008 0.95625 0.703993 0.053125 0.092014 2 0.414795 0.83125 0.50625 0.025 0.067361 3 0.370117 0.577734 0.428125 0.036719 0.061111 2 0.331055 0.917969 0.581944 0.039062 0.080556 3 0.317383 0.474219 0.273611 0.020313 0.035417 2 0.30249 0.530469 0.271528 0.017188 0.034028 1 0.30249 0.777734 0.465278 0.017188 0.045139 2 0.297363 0.979688 0.820833 0.040625 0.113889 2 0.240723 0.507031 0.265972 0.015625 0.030556 2 0.107056 0.19082 0.690625 0.053516 0.086806
CCTV02^20260511-140000-20260511-142440_002868,5 0.870605 0.636328 0.347917 0.034375 0.057639 2 0.835449 0.160156 0.685417 0.045313 0.086111 3 0.806641 0.318945 0.313194 0.022656 0.035417 10 0.78418 0.347852 0.404861 0.047266 0.134722 2 0.767578 0.95625 0.708333 0.053125 0.1 2 0.729492 0.314648 0.388194 0.020313 0.047222 2 0.70752 0.703906 0.431944 0.030469 0.051389 2 0.672363 0.394141 0.348958 0.01875 0.038194 2 0.616699 0.299609 0.547222 0.028906 0.083333 3 0.609375 0.469141 0.559028 0.038281 0.070833 2 0.490234 0.85 0.545833 0.04375 0.076389 1 0.476562 0.600781 0.372917 0.0125 0.038889 4 0.472656 0.407129 0.433333 0.032617 0.073611 3 0.443604 0.588281 0.415972 0.032813 0.054167 9 0.26123 0.511328 0.292014 0.036719 0.059722 2 0.243652 0.917188 0.58125 0.0375 0.081944 7 0.235107 0.406641 0.434028 0.032031 0.074306 9 0.193115 0.406152 0.434375 0.031445 0.074306 0 0.165649 0.990625 0.811111 0.01875 0.105556 3 0.125488 0.336719 0.918056 0.083984 0.163889
CCTV02^20260511-140000-20260511-142440_002872,5 0.865234 0.636328 0.347569 0.034375 0.058333 2 0.84375 0.160352 0.685764 0.044531 0.084028 2 0.819824 0.957812 0.709722 0.053125 0.1 3 0.763672 0.319336 0.313368 0.023047 0.034722 2 0.750488 0.268359 0.583333 0.03125 0.070833 10 0.744629 0.348047 0.404948 0.047656 0.134549 2 0.725098 0.314648 0.388889 0.020703 0.048611 2 0.682617 0.703906 0.431597 0.030469 0.053472 10 0.67041 0.613672 0.507639 0.092188 0.2125 3 0.611328 0.525 0.359028 0.028125 0.059722 2 0.544922 0.88125 0.528472 0.029687 0.061806 3 0.525391 0.022461 0.784722 0.044238 0.072222 2 0.248047 0.917188 0.58125 0.035937 0.083333 2 0.180054 0.350977 0.267014 0.012891 0.035069 2 0.174927 0.792188 0.458333 0.026563 0.058333 3 0.163452 0.335156 0.150347 0.014063 0.017708 12 0.156128 0.619531 0.927778 0.017188 0.029167 2 0.154053 0.979688 0.682292 0.040625 0.096528 3 0.113159 0.991406 0.8125 0.017188 0.094444
CCTV02^20260511-140000-20260511-142440_002876,5 0.86084 0.635938 0.347917 0.034375 0.057639 2 0.81543 0.160742 0.685764 0.045313 0.085417 10 0.785156 0.347656 0.405642 0.047656 0.135937 2 0.78125 0.957031 0.709028 0.051562 0.095833 2 0.757812 0.271094 0.584375 0.037109 0.072222 2 0.750488 0.391797 0.438889 0.025781 0.051389 3 0.749023 0.31875 0.313194 0.022656 0.035069 2 0.737305 0.314453 0.388889 0.020313 0.047222 2 0.715332 0.703906 0.432639 0.030469 0.052778 2 0.571777 0.910156 0.656944 0.045313 0.091667 2 0.541016 0.88125 0.528472 0.03125 0.0625 3 0.464844 0.416406 0.291146 0.021875 0.032986 2 0.310791 0.803125 0.510417 0.023438 0.072222 2 0.303955 0.266016 0.468056 0.040234 0.072917 0 0.246582 0.80332 0.512847 0.024609 0.078472 10 0.209473 0.571094 0.327431 0.065625 0.111806 12 0.165649 0.620313 0.926389 0.01875 0.029167 3 0.158203 0.992188 0.811111 0.015625 0.094444 2 0.110474 0.979688 0.679861 0.040625 0.115278
CCTV02^20260511-140000-20260511-142440_002880,5 0.878418 0.635938 0.347917 0.034375 0.057639 3 0.805664 0.319141 0.313368 0.022656 0.035417 10 0.792969 0.347461 0.405642 0.047656 0.135937 2 0.78125 0.160547 0.684722 0.044141 0.081944 2 0.73877 0.314453 0.389583 0.020313 0.051389 2 0.684082 0.385547 0.369444 0.020313 0.042361 7 0.631836 0.466797 0.41875 0.036719 0.102778 3 0.598145 0.420312 0.390278 0.025 0.045833 2 0.594727 0.778125 0.465972 0.034375 0.058333 3 0.541016 0.180078 0.755556 0.105859 0.111111 2 0.368408 0.978906 0.684722 0.042188 0.1 2 0.313965 0.910156 0.655556 0.048438 0.1 2 0.230957 0.810938 0.468056 0.028125 0.055556 3 0.180054 0.992188 0.811806 0.015625 0.098611 2 0.138428 0.26875 0.457639 0.0375 0.085417 2 0.137085 0.917969 0.580903 0.039062 0.077083 12 0.132568 0.619922 0.925 0.019531 0.030556 0 0.11554 0.992188 0.809722 0.015625 0.094444
CCTV02^20260511-140000-20260511-142440_002884,5 0.872559 0.635938 0.347569 0.034375 0.057639 2 0.813965 0.160059 0.686458 0.044531 0.084028 3 0.805664 0.319141 0.313368 0.021875 0.035069 4 0.78418 0.4125 0.402083 0.028906 0.063889 10 0.766113 0.348242 0.404514 0.044922 0.135417 2 0.746094 0.314453 0.388542 0.021094 0.047917 2 0.680664 0.323828 0.666667 0.0375 0.095833 2 0.535156 0.217188 0.694444 0.055859 0.084722 5 0.484375 0.421094 0.260417 0.020313 0.040625 2 0.453369 0.976562 0.684722 0.046875 0.102778 10 0.433105 0.682813 0.698958 0.14375 0.340972 2 0.338135 0.79375 0.466667 0.029687 0.065278 2 0.284668 0.917188 0.581597 0.035937 0.079167 3 0.180054 0.992188 0.811111 0.015625 0.094444 2 0.172729 0.875781 0.702083 0.040625 0.0875 2 0.168823 0.764063 0.432639 0.029687 0.05 0 0.1427 0.9875 0.913194 0.025 0.104167 0 0.114746 0.992188 0.807639 0.015625 0.088889 2 0.112 0.266992 0.462153 0.039844 0.090972
CCTV02^20260511-140000-20260511-142440_002888,5 0.871582 0.636719 0.347917 0.035937 0.056944 2 0.835449 0.160352 0.685764 0.044531 0.085417 3 0.813965 0.319141 0.312847 0.022656 0.034722 10 0.795898 0.347461 0.405556 0.048047 0.134722 2 0.773438 0.357422 0.5875 0.03125 0.072222 10 0.753418 0.710938 0.696181 0.148438 0.340972 2 0.725098 0.314844 0.388194 0.021094 0.048611 3 0.675781 0.601562 0.578472 0.051562 0.085417 3 0.635254 0.53125 0.365191 0.028125 0.044618 3 0.600098 0.578516 0.486458 0.039844 0.063889 2 0.537109 0.976562 0.682639 0.046875 0.104167 2 0.445557 0.755469 0.466667 0.026563 0.0625 2 0.37207 0.917188 0.580556 0.0375 0.081944 2 0.264404 0.526563 0.26441 0.01875 0.032639 0 0.228149 0.755469 0.466667 0.026563 0.061806 3 0.190674 0.992188 0.811111 0.015625 0.094444 2 0.153564 0.365234 0.279167 0.013672 0.03125 2 0.129395 0.379883 0.29375 0.016406 0.038194
CCTV02^20260511-140000-20260511-142440_002892,5 0.873047 0.636328 0.34783 0.034375 0.057118 2 0.795898 0.160742 0.686111 0.044141 0.084722 10 0.754883 0.347656 0.405642 0.048438 0.135937 2 0.743164 0.314648 0.388889 0.020313 0.05 3 0.720215 0.319141 0.313542 0.022656 0.036111 2 0.694336 0.711719 0.447917 0.03125 0.059722 2 0.673828 0.404004 0.399306 0.02168 0.044444 3 0.673828 0.446094 0.551042 0.035937 0.06875 3 0.616699 0.5375 0.40625 0.032031 0.061111 2 0.609375 0.388672 0.368056 0.017969 0.040278 5 0.575684 0.456641 0.384722 0.027344 0.058333 2 0.521484 0.976562 0.684028 0.046875 0.106944 2 0.476562 0.815625 0.474306 0.025 0.056944 2 0.472656 0.755469 0.464931 0.025 0.056944 10 0.457031 0.425 0.298958 0.034375 0.075 2 0.457031 0.784375 0.467361 0.023438 0.060417 2 0.405518 0.91875 0.581944 0.0375 0.080556 6 0.363037 0.622656 0.473611 0.064062 0.122222 5 0.348633 0.5 0.316146 0.026563 0.048264 3 0.273682 0.500781 0.315972 0.026563 0.047917 3 0.216064 0.884375 0.463889 0.0625 0.059028 3 0.151001 0.991406 0.813889 0.017188 0.097222 2 0.110474 0.45625 0.385069 0.028125 0.059028 0 0.105225 0.991406 0.8125 0.017188 0.094444
CCTV02^20260511-140000-20260511-142440_002896,5 0.872559 0.636328 0.347917 0.035156 0.057639 2 0.827637 0.160156 0.686111 0.044727 0.084722 3 0.756348 0.318945 0.313542 0.022266 0.034028 10 0.749023 0.348242 0.404514 0.044922 0.136806 2 0.700684 0.596875 0.361111 0.021875 0.047917 2 0.699219 0.391016 0.398611 0.022656 0.048611 2 0.679199 0.314648 0.386806 0.019922 0.054167 3 0.645996 0.436719 0.39375 0.026563 0.045833 2 0.629883 0.920313 0.767361 0.048438 0.109722 2 0.539062 0.822656 0.504861 0.028125 0.071528 0 0.466797 0.325 0.621528 0.029687 0.080556 2 0.466797 0.923438 0.672917 0.040625 0.104167 2 0.413086 0.978125 0.684028 0.04375 0.1 4 0.345215 0.766797 0.485417 0.048438 0.066667 2 0.331055 0.324609 0.620833 0.030469 0.080556 2 0.250977 0.857031 0.58125 0.0375 0.080556 2 0.23938 0.917188 0.58125 0.035937 0.079167 2 0.182983 0.766406 0.484028 0.048438 0.060417 2 0.167725 0.414844 0.296528 0.021875 0.037847 3 0.160278 0.992188 0.811111 0.015625 0.091667
CCTV07^20260116-060000-20260116-065959_003584,12 0.805664 0.141016 0.767361 0.054688 0.177778 12 0.804199 0.129102 0.651389 0.030078 0.058333 12 0.640625 0.292188 0.469444 0.025 0.048611 3 0.624512 0.632812 0.748611 0.064062 0.069444 5 0.405518 0.792578 0.847222 0.097656 0.119444 3 0.348633 0.792578 0.847222 0.094531 0.122222
CCTV07^20260116-060000-20260116-065959_003588,12 0.805664 0.14082 0.767361 0.054102 0.179167 12 0.785156 0.129004 0.650347 0.030273 0.057639 12 0.750488 0.658984 0.728993 0.069531 0.183681 12 0.689453 0.25625 0.553472 0.020313 0.040278 12 0.567871 0.627344 0.730556 0.134375 0.188889 11 0.10968 0.194531 0.423611 0.014453 0.022222
CCTV07^20260116-060000-20260116-065959_003592,12 0.816406 0.14082 0.767361 0.053906 0.179167 12 0.786621 0.128906 0.650347 0.030469 0.058333 5 0.488281 0.375 0.549306 0.025 0.0375 5 0.329346 0.412402 0.555556 0.02832 0.036111 3 0.233765 0.412109 0.555208 0.028906 0.035417 10 0.112427 0.493359 0.791667 0.097656 0.15 9 0.104492 0.494531 0.795139 0.103125 0.154167
CCTV07^20260116-060000-20260116-065959_003596,12 0.816406 0.140918 0.767361 0.053711 0.179167 12 0.803223 0.129102 0.651042 0.030078 0.058333 12 0.583008 0.211523 0.46875 0.017969 0.038889 12 0.100159 0.320898 0.503472 0.021484 0.031944
CCTV07^20260116-060000-20260116-065959_003600,12 0.799316 0.140137 0.767361 0.056445 0.179167 12 0.777344 0.129102 0.650694 0.030469 0.056944 11 0.684082 0.227344 0.488194 0.025391 0.056944 10 0.592773 0.651563 0.695486 0.103125 0.146528 3 0.59082 0.495703 0.652083 0.042969 0.048611 12 0.183594 0.178711 0.4125 0.0125 0.025
CCTV07^20260116-060000-20260116-065959_003604,12 0.809082 0.141016 0.768229 0.054102 0.180208 12 0.788086 0.129297 0.651042 0.030273 0.058333 12 0.750488 0.310547 0.565278 0.042969 0.086111 3 0.59082 0.345703 0.713715 0.038281 0.053125 11 0.550781 0.205664 0.453125 0.014844 0.034722 2 0.284668 0.169141 0.535417 0.0125 0.025 11 0.149048 0.182227 0.417708 0.0125 0.029167 12 0.127197 0.181445 0.417361 0.012891 0.029861
CCTV07^20260116-060000-20260116-065959_003608,12 0.804199 0.141016 0.768056 0.053906 0.180556 12 0.790527 0.129004 0.651042 0.030078 0.058333 3 0.577637 0.355078 0.652083 0.032031 0.042361 5 0.565918 0.320703 0.60625 0.028906 0.036111 12 0.521484 0.205273 0.460417 0.012891 0.025694 12 0.401611 0.315625 0.660069 0.041406 0.071528 9 0.395996 0.625391 0.745833 0.088281 0.115278 11 0.20813 0.625 0.746007 0.0875 0.113542
CCTV07^20260116-060000-20260116-065959_003612,12 0.808105 0.141016 0.767361 0.053906 0.179167 12 0.789062 0.129102 0.651389 0.030078 0.058333 3 0.394287 0.255078 0.551389 0.020313 0.028472 11 0.370117 0.278906 0.538194 0.027344 0.045833 12 0.196777 0.187695 0.432639 0.010156 0.024306 5 0.150024 0.254883 0.550694 0.019922 0.027778
CCTV07^20260116-060000-20260116-065959_003627,12 0.806641 0.140918 0.767361 0.053516 0.179167 12 0.800781 0.129102 0.651389 0.030078 0.058333 12 0.237915 0.202539 0.465972 0.0125 0.023611 11 0.199341 0.202539 0.466667 0.0125 0.022222
CCTV07^20260116-060000-20260116-065959_003631,12 0.801758 0.141016 0.767361 0.053906 0.177778 12 0.800781 0.129102 0.651389 0.029687 0.058333 2 0.53125 0.200439 0.702083 0.020996 0.058333 10 0.503906 0.408496 0.777083 0.11582 0.204167 12 0.435791 0.275195 0.56875 0.040625 0.076389 5 0.267334 0.571094 0.717361 0.05625 0.073611 3 0.24939 0.571484 0.722917 0.05625 0.065278 4 0.194336 0.570312 0.716493 0.054688 0.078125
CCTV07^20260116-060000-20260116-065959_003635,12 0.81543 0.141016 0.766493 0.053906 0.178125 12 0.803223 0.129199 0.651389 0.029883 0.057639 11 0.675781 0.254688 0.545139 0.032031 0.061111 12 0.5 0.192578 0.434722 0.01875 0.040278 1 0.116333 0.277344 0.543056 0.008984 0.020833
CCTV07^20260116-060000-20260116-065959_003639,12 0.841797 0.307813 0.633333 0.050391 0.099306 12 0.817383 0.141016 0.766493 0.054297 0.178125 12 0.790527 0.129004 0.65 0.030273 0.058333 11 0.289307 0.404297 0.697569 0.046875 0.071528 2 0.213379 0.611328 0.61875 0.029687 0.044444 12 0.183594 0.184375 0.426389 0.010937 0.022222 9 0.176636 0.405566 0.697222 0.048242 0.072222 2 0.140381 0.17793 0.498264 0.009961 0.020139
CCTV07^20260116-060000-20260116-065959_003688,12 0.819824 0.141211 0.767361 0.053906 0.179167 12 0.799316 0.128711 0.65 0.029687 0.056944 11 0.519531 0.304492 0.554167 0.031641 0.071528 12 0.320801 0.154883 0.447917 0.015234 0.032639 3 0.190674 0.21875 0.486111 0.014063 0.019444
CCTV07^20260116-060000-20260116-065959_003692,12 0.845703 0.321094 0.661806 0.049219 0.098611 12 0.81543 0.141309 0.768056 0.054102 0.180556 12 0.795898 0.128906 0.652083 0.029687 0.055556 12 0.782715 0.217773 0.479861 0.023047 0.044444 12 0.732422 0.494922 0.784549 0.113281 0.178125 9 0.533203 0.416504 0.585417 0.041992 0.048611 1 0.513672 0.366016 0.691667 0.014453 0.033333 11 0.399902 0.202344 0.429167 0.0125 0.030556 2 0.366699 0.162207 0.513194 0.010937 0.022917 12 0.141235 0.416309 0.584722 0.042383 0.051389
CCTV07^20260116-060000-20260116-065959_003696,12 0.81543 0.129102 0.652083 0.029687 0.055556 12 0.813965 0.141211 0.768056 0.053906 0.180556 12 0.794434 0.234766 0.469444 0.021875 0.045833 12 0.694336 0.201563 0.459028 0.016016 0.029167 5 0.552734 0.432031 0.570833 0.028125 0.0375 2 0.525391 0.167285 0.536806 0.012695 0.024306 12 0.183594 0.181641 0.41875 0.014453 0.029861
CCTV07^20260116-060000-20260116-065959_003700,12 0.822266 0.129004 0.651736 0.029492 0.05625 12 0.808105 0.14082 0.767361 0.053125 0.177778 2 0.729492 0.187988 0.676389 0.021484 0.047222 12 0.539062 0.223633 0.671528 0.030859 0.076389 9 0.320801 0.224023 0.670833 0.029687 0.076389
CCTV07^20260116-060000-20260116-065959_003704,12 0.830078 0.141211 0.767361 0.053516 0.179167 12 0.825684 0.129102 0.652083 0.029687 0.055556 1 0.160767 0.6375 0.745833 0.023438 0.036111
CCTV07^20260116-060000-20260116-065959_003708,12 0.832031 0.128906 0.652083 0.029687 0.056944 12 0.823242 0.141406 0.768056 0.053516 0.179167 2 0.558105 0.576953 0.622222 0.025 0.043056
CCTV07^20260116-060000-20260116-065959_003712,12 0.824219 0.141113 0.767361 0.053906 0.179167 12 0.813965 0.128906 0.651736 0.029883 0.05625 1 0.112427 0.40625 0.557639 0.010937 0.022222
CCTV07^20260116-060000-20260116-065959_003716,12 0.816406 0.128906 0.652083 0.029297 0.055556 12 0.813965 0.141406 0.768056 0.053906 0.180556 12 0.811523 0.295703 0.547917 0.036719 0.073611 3 0.535156 0.397656 0.564931 0.027344 0.031944 2 0.533203 0.170215 0.548611 0.013086 0.025
CCTV07^20260116-060000-20260116-065959_003720,12 0.810547 0.141016 0.767361 0.053516 0.179167 12 0.809082 0.129102 0.652083 0.030078 0.055556 0 0.370117 0.181055 0.653472 0.019531 0.045833
CCTV07^20260116-060000-20260116-065959_003724,12 0.822266 0.141211 0.768229 0.053906 0.180208 12 0.817383 0.129102 0.652083 0.029687 0.055556 5 0.480469 0.214844 0.480556 0.014063 0.022222 12 0.458984 0.282227 0.45 0.022266 0.038194 5 0.348633 0.248828 0.502778 0.016016 0.023611 10 0.326904 0.382617 0.740104 0.070703 0.150347 3 0.264404 0.249219 0.502778 0.016016 0.022222 1 0.150513 0.230469 0.514583 0.007812 0.016667
CCTV07^20260116-060000-20260116-065959_003728,12 0.853027 0.489063 0.591667 0.060156 0.097222 12 0.82666 0.128906 0.652083 0.029687 0.055556 12 0.817383 0.141211 0.768056 0.053906 0.179167 11 0.519531 0.19541 0.442361 0.013477 0.034028 2 0.297363 0.173242 0.569097 0.012305 0.025 1 0.217285 0.458984 0.61875 0.013281 0.024306
CCTV07^20260116-060000-20260116-065959_003732,12 0.825684 0.141309 0.768056 0.053711 0.179167 12 0.817383 0.129102 0.652083 0.029687 0.055556
CCTV07^20260116-060000-20260116-065959_003736,12 0.825684 0.128906 0.652083 0.029492 0.055556 12 0.818848 0.141211 0.767361 0.053516 0.179167 1 0.462891 0.311719 0.727778 0.015625 0.033333 9 0.439697 0.628125 0.716493 0.064062 0.080903 1 0.170532 0.19707 0.672222 0.012109 0.040278 9 0.122498 0.496094 0.802083 0.09375 0.129167 2 0.11676 0.400781 0.5 0.014063 0.025 12 0.109314 0.496484 0.802083 0.09375 0.131944
CCTV07^20260116-060000-20260116-065959_003740,12 0.831055 0.141309 0.767882 0.053516 0.178125 12 0.825684 0.128906 0.652083 0.029297 0.055556 2 0.604004 0.774609 0.713715 0.036719 0.061458 2 0.445557 0.387891 0.740278 0.040625 0.061111 1 0.416748 0.311328 0.729167 0.016406 0.031944 5 0.348633 0.388281 0.741667 0.042188 0.066667 11 0.303955 0.216797 0.453472 0.014063 0.026389 12 0.169922 0.216797 0.455208 0.013672 0.024306
CCTV07^20260116-060000-20260116-065959_003744,12 0.837402 0.141992 0.758333 0.051953 0.177778 12 0.813965 0.128418 0.649653 0.027539 0.051389 9 0.615234 0.552344 0.682639 0.08125 0.119444 1 0.445557 0.311328 0.729167 0.016406 0.033333 2 0.416748 0.200391 0.573611 0.014063 0.031944 12 0.413086 0.2625 0.54375 0.039062 0.073611 3 0.131592 0.217578 0.459028 0.010156 0.018056
CCTV07^20260116-060000-20260116-065959_003748,12 0.795898 0.14375 0.727778 0.0625 0.161111 12 0.65332 0.128711 0.637847 0.027734 0.034722 12 0.519531 0.332031 0.671528 0.035156 0.080556 1 0.432129 0.311133 0.728472 0.016016 0.033333 12 0.262939 0.209766 0.440972 0.013672 0.029167 3 0.181274 0.211328 0.476389 0.014063 0.023611
CCTV07^20260116-060000-20260116-065959_003752,12 0.803223 0.142578 0.720139 0.06875 0.155556 2 0.567871 0.164258 0.524306 0.012109 0.023611 12 0.554688 0.128809 0.636111 0.027734 0.030556 1 0.457031 0.311133 0.729167 0.016406 0.033333 12 0.286133 0.191406 0.444097 0.010352 0.021528 3 0.230957 0.228906 0.476042 0.012109 0.01875 12 0.151001 0.168066 0.3875 0.023438 0.047222 7 0.115967 0.722656 0.703993 0.05 0.067014
CCTV07^20260116-060000-20260116-065959_003756,12 0.811523 0.206592 0.788889 0.063379 0.1625 12 0.762207 0.133887 0.700694 0.092383 0.134722 3 0.533203 0.264062 0.521875 0.017969 0.022917 2 0.519531 0.948438 0.806944 0.053125 0.075 1 0.464844 0.310547 0.723611 0.016406 0.031944 10 0.299072 0.297656 0.571528 0.05 0.0875 2 0.222656 0.166699 0.505903 0.011133 0.020139 1 0.15918 0.235547 0.534028 0.008594 0.017361 12 0.149048 0.297656 0.570833 0.050781 0.088889
CCTV07^20260116-060000-20260116-065959_003760,12 0.847168 0.141602 0.85625 0.08418 0.198611 12 0.82666 0.204883 0.783333 0.064453 0.1625 12 0.795898 0.128125 0.694444 0.092969 0.127778 12 0.779785 0.215234 0.475 0.021875 0.042361 12 0.73584 0.204102 0.651389 0.029687 0.0625 11 0.624512 0.247656 0.491667 0.021094 0.045833 5 0.264404 0.84375 0.751389 0.067188 0.088889 9 0.174438 0.84375 0.752083 0.065625 0.088889 1 0.10376 0.217188 0.517361 0.008594 0.018056
CCTV07^20260116-060000-20260116-065959_003764,12 0.837402 0.135156 0.795833 0.065234 0.169444 12 0.792969 0.205518 0.783333 0.063184 0.158333 12 0.716797 0.159399 0.695833 0.135107 0.118056 2 0.680664 0.821875 0.745139 0.04375 0.0625 5 0.615234 0.254102 0.544444 0.020703 0.027778 12 0.562012 0.159277 0.494097 0.014258 0.029167 5 0.462891 0.368945 0.552083 0.027734 0.034028 3 0.390381 0.782031 0.844444 0.082813 0.1 5 0.354004 0.782422 0.844444 0.085156 0.1 12 0.168823 0.180273 0.41875 0.011328 0.030556 5 0.105957 0.3375 0.500694 0.022656 0.033333
CCTV10^20251112-170000-20251112-175959_004127,11 0.57959 0.831055 0.667014 0.078516 0.10625 2 0.560059 0.107324 0.711806 0.027539 0.056944 12 0.38501 0.358203 0.714583 0.080469 0.140278 9 0.281494 0.358984 0.715278 0.077344 0.136111 5 0.184814 0.331641 0.617708 0.028906 0.049306 2 0.154541 0.128613 0.666667 0.023633 0.045833
CCTV10^20251112-170000-20251112-175959_004130,11 0.596191 0.829492 0.665972 0.078516 0.104167 1 0.407227 0.841406 0.745139 0.023438 0.055556 3 0.319092 0.592188 0.930556 0.079687 0.113889 5 0.294189 0.544531 0.572222 0.03125 0.045833 2 0.162964 0.123828 0.665625 0.022461 0.050694 1 0.120422 0.703125 0.664583 0.021875 0.05
CCTV10^20251112-170000-20251112-175959_004134,10 0.677246 0.465723 0.834722 0.14668 0.233333 2 0.629883 0.136328 0.879167 0.0375 0.086111 2 0.594727 0.194531 0.944444 0.051953 0.1 11 0.59082 0.830469 0.668056 0.08125 0.108333 2 0.556641 0.10498 0.808333 0.033398 0.072222 0 0.523438 0.165039 0.809028 0.030469 0.072222 2 0.505859 0.140039 0.827778 0.034375 0.069444 2 0.240723 0.138574 0.655903 0.024414 0.044444 7 0.156128 0.10791 0.74375 0.041992 0.081944 12 0.137085 0.107715 0.744444 0.041602 0.080556 2 0.124207 0.10791 0.743056 0.042188 0.083333
CCTV10^20251112-170000-20251112-175959_004138,2 0.690918 0.122461 0.719618 0.033203 0.060764 11 0.615234 0.830469 0.667361 0.079687 0.108333 3 0.420654 0.84375 0.8375 0.08125 0.113889 5 0.394287 0.84375 0.8375 0.08125 0.113889 5 0.295898 0.397852 0.636111 0.032422 0.048611 3 0.24939 0.398047 0.636111 0.03125 0.048611
CCTV10^20251112-170000-20251112-175959_004142,10 0.728027 0.708984 0.638542 0.074219 0.118056 2 0.70752 0.155664 0.851389 0.042969 0.083333 11 0.583008 0.829688 0.665972 0.073438 0.106944 2 0.527344 0.121777 0.707639 0.02832 0.061111 2 0.515625 0.114844 0.761111 0.029492 0.058333 2 0.515625 0.107056 0.815278 0.037061 0.079167 0 0.464844 0.107031 0.815278 0.036523 0.075 2 0.413086 0.092676 0.716667 0.024805 0.051389 6 0.144165 0.666406 0.945486 0.092188 0.109028
CCTV10^20251112-170000-20251112-175959_004146,10 0.720215 0.455469 0.775 0.11875 0.179167 0 0.702637 0.171875 0.921528 0.049219 0.095833 11 0.567871 0.829883 0.666667 0.077734 0.106944 1 0.329346 0.113672 0.741667 0.02168 0.055556 3 0.299072 0.605859 0.646528 0.04375 0.056944 2 0.29248 0.130078 0.720833 0.021484 0.063889 12 0.168823 0.129395 0.724306 0.024414 0.0625 1 0.148071 0.800781 0.7 0.020313 0.05 2 0.125977 0.975 0.701563 0.03125 0.049653
CCTV10^20251112-170000-20251112-175959_004150,2 0.631836 0.124805 0.781944 0.034766 0.070833 11 0.503906 0.831445 0.665278 0.080859 0.105556 3 0.490234 0.810938 0.777778 0.064062 0.088889 5 0.343262 0.594531 0.596181 0.035937 0.045139 1 0.271973 0.378125 0.661806 0.024219 0.05 3 0.262939 0.594531 0.595833 0.035937 0.047222 5 0.246582 0.810156 0.778472 0.0625 0.090278 2 0.204346 0.122363 0.676389 0.025977 0.05 1 0.148071 0.249023 0.700174 0.027344 0.052431 1 0.133911 0.398438 0.908333 0.023438 0.061111 4 0.121704 0.689063 0.909722 0.086719 0.125
CCTV10^20251112-170000-20251112-175959_004153,2 0.677246 0.116113 0.773611 0.038281 0.072222 11 0.613281 0.829688 0.667708 0.078125 0.107639 5 0.554688 0.599219 0.594444 0.040625 0.052778 1 0.445557 0.141602 0.851389 0.029687 0.068056 4 0.377441 0.562891 0.659722 0.042969 0.061806
CCTV10^20251112-170000-20251112-175959_004157,3 0.771973 0.85625 0.898611 0.084375 0.105556 2 0.708984 0.149609 0.8 0.036328 0.076389 11 0.594727 0.829688 0.667708 0.079687 0.107639 0 0.430176 0.2 0.865278 0.032422 0.075 10 0.343262 0.31875 0.589583 0.035937 0.111111 4 0.343262 0.628125 0.602083 0.046875 0.054167 11 0.219971 0.55625 0.661458 0.057813 0.086806 0 0.219971 0.251758 0.909722 0.037109 0.111111 2 0.193115 0.129688 0.659375 0.023047 0.047917 3 0.180054 0.628125 0.602083 0.045313 0.052083 9 0.171021 0.556641 0.661111 0.052344 0.083333 4 0.100891 0.55625 0.659722 0.051562 0.080556
CCTV10^20251112-170000-20251112-175959_004161,2 0.705566 0.130078 0.86875 0.046094 0.091667 5 0.658203 0.768359 0.7625 0.066406 0.094444 11 0.592773 0.829688 0.667014 0.078125 0.107639 3 0.334473 0.972656 0.699306 0.040625 0.054167 5 0.243652 0.433594 0.625694 0.032813 0.047222 3 0.240723 0.433594 0.625694 0.032813 0.048611 4 0.100891 0.770703 0.761111 0.074219 0.1
CCTV10^20251112-170000-20251112-175959_004165,10 0.753418 0.691406 0.617361 0.065625 0.109722 2 0.631836 0.208398 0.872222 0.044922 0.102778 11 0.548828 0.830469 0.663889 0.076563 0.104167 5 0.533203 0.624219 0.594444 0.032813 0.047917 9 0.26123 0.829688 0.664583 0.078125 0.098611 7 0.121704 0.991406 0.714583 0.017188 0.097222
CCTV10^20251112-170000-20251112-175959_004431,10 0.692871 0.865625 0.781944 0.146875 0.211111 1 0.361084 0.232617 0.69375 0.021484 0.051389 12 0.196777 0.298828 0.649653 0.04375 0.061806 7 0.144165 0.298438 0.651389 0.042969 0.061111 2 0.100525 0.995313 0.901389 0.009375 0.097222
CCTV10^20251112-170000-20251112-175959_004435,2 0.668945 0.13457 0.770139 0.034375 0.069444 1 0.341553 0.80293 0.690972 0.025391 0.054167 1 0.223999 0.238281 0.696528 0.019531 0.047222 2 0.155029 0.142188 0.680903 0.023828 0.057639 5 0.146606 0.9625 0.935417 0.075 0.129167
CCTV10^20251112-170000-20251112-175959_004439,2 0.763672 0.134766 0.870139 0.044531 0.093056 10 0.705566 0.29375 0.699306 0.077344 0.141667 0 0.300781 0.111621 0.693056 0.023828 0.054167 11 0.262939 0.649219 0.593403 0.045313 0.065278 9 0.230957 0.65 0.593056 0.046094 0.065278 4 0.167725 0.65 0.592361 0.046094 0.0625 11 0.12854 0.228174 0.927083 0.124121 0.145833
CCTV10^20251112-170000-20251112-175959_004442,2 0.596191 0.125879 0.727083 0.029102 0.058333 0 0.395996 0.097461 0.713889 0.024609 0.058333 1 0.370117 0.121191 0.794444 0.021875 0.055556 9 0.146118 0.964063 0.897222 0.071875 0.155556
CCTV10^20251112-170000-20251112-175959_004447,2 0.730957 0.178906 0.951389 0.048047 0.093056 3 0.677246 0.806055 0.843056 0.081641 0.105556 2 0.575684 0.11709 0.818056 0.036523 0.069444 11 0.525391 0.391797 0.715451 0.067969 0.121875 2 0.488281 0.126758 0.869444 0.040234 0.088889 1 0.44751 0.803906 0.723437 0.025 0.055903 1 0.416748 0.089063 0.765278 0.026563 0.058333 4 0.390381 0.175391 0.834028 0.058594 0.104167 5 0.199341 0.658594 0.939583 0.076563 0.111111 4 0.166626 0.116602 0.684028 0.039062 0.055556 9 0.156616 0.393359 0.715972 0.074219 0.127778 3 0.140381 0.657813 0.940278 0.079687 0.1125 3 0.139404 0.116504 0.684028 0.038867 0.055556
CCTV10^20251112-170000-20251112-175959_004452,1 0.535156 0.300781 0.843056 0.032031 0.066667 11 0.458984 0.460156 0.759028 0.082813 0.140278 5 0.437744 0.575 0.60625 0.033594 0.044444 1 0.394287 0.247852 0.709722 0.026563 0.05 3 0.392334 0.632031 0.59375 0.034375 0.043056 2 0.354004 0.133789 0.651389 0.023633 0.049306 9 0.313232 0.460156 0.760938 0.084375 0.136458 10 0.236572 0.460156 0.758333 0.08125 0.140278 3 0.206909 0.574609 0.606597 0.034375 0.046528 10 0.134766 0.5625 0.540972 0.041406 0.075
CCTV10^20251112-170000-20251112-175959_004456,10 0.663574 0.50625 0.882639 0.176563 0.234722 10 0.542969 0.932422 0.865278 0.135156 0.261111 3 0.24939 0.592578 0.627778 0.039844 0.052778 5 0.246582 0.592578 0.627778 0.041406 0.055556
CCTV10^20251112-170000-20251112-175959_004461,0 0.635254 0.118848 0.852778 0.031445 0.070833 0 0.458984 0.132617 0.722222 0.021484 0.0625 1 0.414795 0.170898 0.836111 0.033203 0.077778 1 0.29248 0.257422 0.939583 0.029687 0.075 1 0.101929 0.258203 0.936111 0.045313 0.090278
CCTV10^20251112-170000-20251112-175959_004465,0 0.462891 0.142383 0.770833 0.023633 0.063889 1 0.336426 0.355469 0.8375 0.028125 0.054167 0 0.281494 0.230078 0.895833 0.046094 0.093056 2 0.168335 0.229687 0.895139 0.045313 0.091667
CCTV10^20251112-170000-20251112-175959_004468,10 0.689453 0.361914 0.73125 0.094141 0.1625 2 0.297363 0.105884 0.695139 0.025732 0.056944 2 0.123779 0.188184 0.961806 0.045117 0.076389
CCTV10^20251112-170000-20251112-175959_004476,1 0.511719 0.124609 0.868056 0.030078 0.066667 2 0.476562 0.137207 0.680556 0.023242 0.059722 10 0.399902 0.644531 0.556944 0.04375 0.066667
CCTV10^20251112-170000-20251112-175959_004480,2 0.550781 0.112305 0.693056 0.02793 0.056944
CCTV10^20251112-170000-20251112-175959_004484,10 0.762207 0.413379 0.671181 0.07168 0.138194 2 0.673828 0.161914 0.911111 0.057422 0.1 2 0.397949 0.131641 0.710938 0.023828 0.058681
CCTV10^20251112-170000-20251112-175959_004488,10 0.715332 0.339453 0.648264 0.064453 0.115972 3 0.563965 0.437109 0.699306 0.042188 0.056944 3 0.501953 0.502344 0.711111 0.04375 0.063889 1 0.388672 0.266602 0.758333 0.022266 0.047222 1 0.32251 0.244336 0.709028 0.026563 0.045833 1 0.264404 0.117188 0.715451 0.024219 0.052431 2 0.185303 0.124609 0.677083 0.022656 0.045833 5 0.108948 0.421094 0.589931 0.029687 0.049306
CCTV10^20251112-170000-20251112-175959_004492,1 0.313965 0.212891 0.714063 0.021875 0.052431 3 0.154053 0.427344 0.605208 0.028125 0.040278 5 0.123352 0.427344 0.604514 0.028125 0.038194
CCTV10^20251112-170000-20251112-175959_004497,2 0.556641 0.0896 0.741667 0.028613 0.068056 2 0.546875 0.126367 0.854167 0.036719 0.080556 2 0.363037 0.098486 0.793056 0.030957 0.063889 0 0.324219 0.098633 0.792361 0.029297 0.063889 2 0.319092 0.135156 0.766667 0.030273 0.072222 0 0.243652 0.135449 0.766667 0.031055 0.072222 2 0.140381 0.992969 0.717361 0.014063 0.0625
CCTV10^20251112-170000-20251112-175959_004500,10 0.700684 0.632812 0.621528 0.06875 0.104167 3 0.575684 0.8375 0.872222 0.082813 0.094444 3 0.470703 0.853125 0.780556 0.075 0.088889 5 0.401611 0.85 0.78125 0.071875 0.088889 1 0.269043 0.266016 0.759722 0.024219 0.052778 2 0.250977 0.979688 0.705729 0.028125 0.049653 10 0.184204 0.330078 0.598611 0.061719 0.151389 10 0.146118 0.953125 0.746007 0.09375 0.210764
CCTV10^20251112-170000-20251112-175959_004504,2 0.697754 0.183691 0.952083 0.055273 0.095833 10 0.654785 0.821094 0.741667 0.132812 0.193056
CCTV10^20251112-170000-20251112-175959_004509,3 0.424316 0.576953 0.609028 0.038281 0.048611 2 0.403564 0.130469 0.711806 0.026172 0.056944 0 0.287842 0.242188 0.9125 0.039844 0.083333
CCTV10^20251112-170000-20251112-175959_004513,1 0.451416 0.296094 0.805556 0.028906 0.055556 1 0.375732 0.332227 0.786111 0.024609 0.047222 2 0.352295 0.103931 0.715278 0.024951 0.052778 0 0.206909 0.104492 0.714583 0.024805 0.052778
CCTV10^20251112-170000-20251112-175959_004517,10 0.767578 0.467187 0.778472 0.10625 0.172222 3 0.53125 0.722656 0.743056 0.057813 0.076389 1 0.478516 0.85 0.744444 0.028125 0.061111 10 0.394287 0.432031 0.595139 0.053125 0.092361 2 0.276611 0.143945 0.675694 0.028711 0.061111
CCTV10^20251112-170000-20251112-175959_004521,10 0.663574 0.300195 0.677083 0.069141 0.115278 2 0.37207 0.116602 0.703472 0.029297 0.061111
CCTV10^20251112-170000-20251112-175959_004524,3 0.503906 0.659375 0.614583 0.0375 0.045833 2 0.445557 0.783594 0.757639 0.059375 0.081944 0 0.434082 0.115259 0.71875 0.031592 0.065278 3 0.422607 0.784375 0.756944 0.060938 0.080556 2 0.27832 0.115332 0.718229 0.030664 0.063542 5 0.177856 0.785156 0.755556 0.060938 0.080556 2 0.163452 0.985938 0.713194 0.028125 0.055556
CCTV10^20251112-170000-20251112-175959_004528,10 0.702637 0.335742 0.656597 0.063672 0.11875 1 0.496094 0.176563 0.923611 0.035547 0.080556 1 0.434082 0.35918 0.784722 0.025 0.055556 0 0.346924 0.114551 0.715278 0.02793 0.070833 2 0.154053 0.114355 0.715972 0.030273 0.072222 1 0.153564 0.434375 0.971528 0.03125 0.056944
CCTV10^20251112-170000-20251112-175959_004532,2 0.496094 0.143457 0.788889 0.02832 0.069444 2 0.488281 0.09585 0.781944 0.031738 0.072222 3 0.428223 0.564453 0.954861 0.079687 0.090278 10 0.223999 0.628125 0.567361 0.05 0.079167 6 0.137573 0.641016 0.922222 0.090625 0.138889 0 0.101929 0.096289 0.780556 0.029297 0.068056
CCTV10^20251112-170000-20251112-175959_004536,2 0.656738 0.18418 0.961111 0.054297 0.077778 5 0.57373 0.88125 0.828472 0.089063 0.119444 10 0.399902 0.705078 0.618056 0.053125 0.083333 6 0.399902 0.704688 0.617361 0.053125 0.079167 1 0.248047 0.2375 0.697222 0.021875 0.048611 0 0.23938 0.088184 0.8125 0.022559 0.061111 2 0.184204 0.971875 0.696528 0.025 0.05 5 0.175537 0.375977 0.585417 0.028906 0.059722 6 0.11676 0.882812 0.830556 0.1 0.127778
CCTV10^20251112-170000-20251112-175959_004540,2 0.613281 0.14082 0.783333 0.032422 0.069444 10 0.307373 0.58125 0.55625 0.048438 0.075 0 0.129395 0.140039 0.783333 0.030078 0.063889
CCTV10^20251112-170000-20251112-175959_004544,3 0.46875 0.59375 0.646181 0.050781 0.061806 3 0.259766 0.558984 0.587153 0.032031 0.045139 3 0.196777 0.682422 0.629861 0.039062 0.051389 4 0.182373 0.682422 0.629861 0.039062 0.052778
CCTV10^20251112-170000-20251112-175959_004548,0 0.361084 0.131641 0.717882 0.024609 0.061458
CCTV10^20251112-170000-20251112-175959_004551,10 0.785156 0.310937 0.784722 0.13125 0.163889 10 0.150024 0.285547 0.675694 0.083203 0.108333
CCTV10^20251112-170000-20251112-175959_004555,10 0.635254 0.339063 0.701215 0.1 0.133681 10 0.59082 0.567969 0.585069 0.05625 0.088889 0 0.519531 0.115991 0.833333 0.037158 0.080556 1 0.430176 0.176855 0.829167 0.026563 0.063889 10 0.377441 0.657813 0.561806 0.05 0.075 2 0.312256 0.116577 0.834722 0.039502 0.083333 1 0.270508 0.272266 0.963194 0.034375 0.065278 1 0.269043 0.326758 0.881944 0.024219 0.055556
CCTV10^20251112-170000-20251112-175959_004559,5 0.567871 0.49375 0.746528 0.051562 0.0875 1 0.394287 0.457813 0.662153 0.032813 0.045139 1 0.343262 0.232422 0.682639 0.029687 0.043056 1 0.297363 0.373437 0.763889 0.024219 0.058333
CCTV10^20251112-170000-20251112-175959_004563,2 0.737305 0.117871 0.817361 0.041602 0.079167 5 0.629883 0.630469 0.617014 0.045313 0.063194 10 0.443604 0.290039 0.629861 0.062109 0.1 0 0.390381 0.176367 0.826389 0.032031 0.075 2 0.303955 0.175586 0.827778 0.033594 0.077778 0 0.160767 0.136328 0.686806 0.022656 0.058333
CCTV10^20251112-170000-20251112-175959_004568,2 0.716797 0.163672 0.923611 0.057813 0.111111 4 0.46875 0.410547 0.6625 0.042188 0.063889 1 0.313965 0.397852 0.931944 0.028516 0.069444 3 0.276611 0.617188 0.584722 0.040625 0.044444
CCTV10^20251112-170000-20251112-175959_004572,3 0.338135 0.83125 0.674306 0.046875 0.061111 2 0.210815 0.979688 0.69375 0.025 0.051389 1 0.178345 0.21543 0.663889 0.020313 0.041667
CCTV10^20251112-170000-20251112-175959_004575,2 0.746094 0.13291 0.877778 0.04707 0.091667 3 0.455078 0.65625 0.686806 0.048438 0.059722 3 0.361084 0.832031 0.674306 0.045313 0.061111
CCTV10^20251112-170000-20251112-175959_004579,3 0.414795 0.832031 0.674306 0.045313 0.058333 1 0.392334 0.100098 0.730556 0.01875 0.052778 2 0.248047 0.124512 0.677431 0.022852 0.054861 10 0.189575 0.605859 0.546528 0.04375 0.068056
CCTV10^20251112-170000-20251112-175959_004583,2 0.6875 0.096289 0.777083 0.035742 0.083333 3 0.275146 0.83125 0.675 0.04375 0.061111
CCTV10^20251112-170000-20251112-175959_004587,10 0.637207 0.676172 0.61875 0.073438 0.108333 2 0.581543 0.131738 0.729167 0.021094 0.058333 2 0.498047 0.219531 0.958333 0.054297 0.083333 3 0.37207 0.832031 0.674306 0.045313 0.061111 3 0.37207 0.451172 0.744444 0.054688 0.083333 5 0.200562 0.451953 0.743056 0.051562 0.086111 2 0.140869 0.273438 0.950694 0.050781 0.090278 1 0.116333 0.12207 0.692708 0.023047 0.049306
CCTV10^20251112-170000-20251112-175959_004591,2 0.726562 0.129199 0.827778 0.045117 0.086111 3 0.523438 0.283984 0.658333 0.032031 0.050694 2 0.482422 0.111133 0.696528 0.032813 0.068056 3 0.317383 0.83125 0.674306 0.04375 0.059722 1 0.26123 0.714063 0.614583 0.023438 0.048611 3 0.184814 0.585938 0.567361 0.029687 0.036806
CCTV10^20251112-170000-20251112-175959_004595,5 0.577637 0.584375 0.613194 0.04375 0.063889 2 0.552734 0.186328 0.922222 0.052344 0.097222 5 0.513672 0.696875 0.590625 0.050781 0.06875 3 0.332764 0.83125 0.674306 0.04375 0.058333 6 0.124207 0.696875 0.589583 0.052344 0.068056
CCTV10^20251112-170000-20251112-175959_004599,2 0.622559 0.139648 0.763889 0.030078 0.065278 0 0.533203 0.102954 0.801389 0.034717 0.068056 2 0.470703 0.104395 0.758333 0.042188 0.063889 3 0.299072 0.589453 0.579861 0.03125 0.040278 3 0.294189 0.83125 0.675 0.04375 0.059722 0 0.262939 0.101001 0.755556 0.04292 0.066667
CCTV10^20251112-170000-20251112-175959_004602,2 0.737305 0.100195 0.7625 0.034766 0.069444 10 0.668945 0.691406 0.625694 0.079687 0.118056 0 0.629883 0.144727 0.895833 0.039062 0.0875 9 0.498047 0.593359 0.89375 0.099219 0.165278 3 0.397949 0.404687 0.641667 0.036719 0.048611 3 0.348633 0.83125 0.674653 0.04375 0.059028 4 0.345215 0.60625 0.633681 0.044531 0.057639 11 0.17334 0.592578 0.897917 0.097656 0.177778
CCTV10^20251112-170000-20251112-175959_004606,2 0.732422 0.233203 0.916667 0.049219 0.088889 2 0.716797 0.170117 0.836111 0.047266 0.080556 10 0.686035 0.356836 0.699653 0.081641 0.14375 3 0.519531 0.683594 0.701389 0.05 0.068056 3 0.476562 0.482812 0.680556 0.038281 0.047222 11 0.472656 0.444531 0.630556 0.042188 0.066667 0 0.361084 0.101343 0.710417 0.026611 0.0625 3 0.334473 0.83125 0.674306 0.04375 0.059722
CCTV10^20251112-170000-20251112-175959_004610,3 0.361084 0.83125 0.674306 0.04375 0.059722 3 0.348633 0.667188 0.630556 0.039062 0.056944 5 0.300781 0.667188 0.63125 0.039844 0.054167 0 0.201782 0.243555 0.927778 0.041797 0.094444
CCTV10^20251112-170000-20251112-175959_004614,5 0.640625 0.711719 0.652778 0.045313 0.066667 3 0.354004 0.832031 0.674306 0.045313 0.059722 3 0.320801 0.614844 0.597917 0.034375 0.047917 0 0.145142 0.236328 0.9125 0.038281 0.080556 2 0.117981 0.236719 0.913889 0.038281 0.080556
CCTV10^20251112-170000-20251112-175959_004618,10 0.790527 0.845508 0.766667 0.137109 0.194444 2 0.264404 0.124414 0.679167 0.03418 0.055556 4 0.235107 0.124609 0.679167 0.033984 0.054167 3 0.15918 0.832031 0.673264 0.04375 0.05625 3 0.11554 0.124609 0.679514 0.033984 0.05625
CCTV10^20251112-170000-20251112-175959_004622,3 0.357666 0.703125 0.723611 0.054688 0.083333 3 0.346924 0.83125 0.674653 0.04375 0.059028 2 0.271973 0.127832 0.693403 0.024805 0.063194 1 0.253906 0.726172 0.621528 0.017969 0.038889 0 0.213379 0.12832 0.693056 0.023047 0.061111 5 0.206909 0.703125 0.722049 0.053125 0.083681 2 0.151001 0.719531 0.692361 0.053125 0.069444
CCTV10^20251112-170000-20251112-175959_004626,10 0.704102 0.794141 0.734722 0.100781 0.151389 2 0.507812 0.105273 0.690972 0.025391 0.05 2 0.364746 0.186719 0.959722 0.055469 0.080556 3 0.24939 0.68125 0.707639 0.059375 0.086111 5 0.222656 0.68125 0.707639 0.057031 0.083333 4 0.19812 0.378711 0.618403 0.030078 0.053472 1 0.184814 0.850781 0.724826 0.025 0.050347 11 0.174438 0.564063 0.595139 0.0375 0.056944 10 0.173828 0.789844 0.66875 0.089063 0.1125 11 0.141724 0.795313 0.736111 0.101562 0.156944
CCTV10^20251112-220000-20251112-225959_006480,5 0.46875 0.19707 0.944444 0.076563 0.111111 2 0.420654 0.196777 0.944444 0.075195 0.111111 12 0.395996 0.5125 0.836111 0.123438 0.225
CCTV10^20251112-220000-20251112-225959_006481,12 0.458984 0.395313 0.678472 0.0625 0.106944 2 0.256836 0.113452 0.709028 0.036377 0.084722 5 0.172119 0.113452 0.716667 0.034424 0.0625 12 0.108582 0.113379 0.700694 0.038281 0.104167
CCTV10^20251112-220000-20251112-225959_006482,
CCTV10^20251112-220000-20251112-225959_006483,
CCTV10^20251112-220000-20251112-225959_006484,10 0.133423 0.926562 0.799826 0.146875 0.364236
CCTV10^20251112-220000-20251112-225959_006485,5 0.30249 0.736719 0.689583 0.0375 0.052778 10 0.199341 0.926562 0.805729 0.146875 0.360764 9 0.113586 0.788281 0.817882 0.246875 0.355903
CCTV10^20251112-220000-20251112-225959_006486,10 0.147583 0.946875 0.822917 0.10625 0.354167
CCTV10^20251112-220000-20251112-225959_006487,12 0.397949 0.890625 0.695139 0.071875 0.109722 10 0.241455 0.95625 0.802083 0.0875 0.293056 10 0.132935 0.891406 0.693056 0.070312 0.106944 9 0.12085 0.14375 0.825694 0.080078 0.141667
CCTV10^20251112-220000-20251112-225959_006488,12 0.519531 0.890625 0.695486 0.073438 0.110417 5 0.332764 0.486719 0.780556 0.05 0.080556 1 0.154541 0.237891 0.661111 0.016406 0.034722
CCTV10^20251112-220000-20251112-225959_006489,5 0.539062 0.439844 0.652083 0.0375 0.056944 12 0.525391 0.890625 0.695139 0.075 0.109722 1 0.142212 0.230859 0.809028 0.023438 0.051389 10 0.110107 0.95625 0.766493 0.0875 0.222569
CCTV10^20251112-220000-20251112-225959_006490,5 0.143188 0.41875 0.599653 0.023438 0.038889 12 0.139404 0.890625 0.690972 0.071875 0.106944 10 0.10376 0.890625 0.691319 0.071875 0.10625
CCTV10^20251112-220000-20251112-225959_006491,10 0.754883 0.403906 0.760417 0.115625 0.172222
CCTV10^20251112-220000-20251112-225959_006492,12 0.253906 0.890625 0.691667 0.071875 0.105556 10 0.208862 0.332227 0.647917 0.070312 0.111111 10 0.122131 0.954688 0.821528 0.090625 0.345833 1 0.103394 0.230664 0.809722 0.023047 0.05
CCTV10^20251112-220000-20251112-225959_006493,12 0.453369 0.890625 0.694792 0.075 0.110417 9 0.296631 0.323633 0.634722 0.063281 0.145833 1 0.150024 0.230469 0.808333 0.022656 0.048611 10 0.147095 0.891406 0.692014 0.071875 0.107639
CCTV10^20251112-220000-20251112-225959_006494,12 0.420654 0.890625 0.695139 0.075 0.109722 10 0.167725 0.891406 0.693056 0.071875 0.106944 10 0.166626 0.954688 0.768229 0.090625 0.232986 1 0.11676 0.230273 0.808333 0.023047 0.048611
CCTV10^20251112-220000-20251112-225959_006495,12 0.560059 0.890625 0.694444 0.075 0.109722 10 0.174438 0.890625 0.693056 0.071875 0.108333 10 0.128906 0.953906 0.77066 0.092188 0.242014 1 0.106323 0.230859 0.808333 0.023438 0.05
CCTV10^20251112-220000-20251112-225959_006496,12 0.466797 0.889844 0.695139 0.076563 0.109722 1 0.20813 0.230273 0.811111 0.024219 0.052778 9 0.201172 0.203125 0.899306 0.130859 0.198611 12 0.172729 0.204883 0.895833 0.133203 0.208333 10 0.121704 0.953906 0.769618 0.092188 0.238542
CCTV10^20251112-220000-20251112-225959_006497,12 0.537109 0.889063 0.694097 0.078125 0.111806 7 0.267334 0.387891 0.660417 0.035937 0.051389 10 0.150024 0.889063 0.691319 0.076563 0.110417 11 0.105225 0.389258 0.659375 0.038672 0.050694
CCTV10^20251112-220000-20251112-225959_006498,12 0.527344 0.890625 0.691667 0.075 0.115278 0 0.281494 0.269531 0.815278 0.032422 0.061111 9 0.273682 0.532031 0.776389 0.05 0.063889 9 0.184204 0.161133 0.876389 0.108984 0.172222 5 0.148071 0.532031 0.776389 0.050781 0.066667 10 0.127686 0.953125 0.768229 0.09375 0.252431 6 0.106689 0.532031 0.776389 0.05 0.063889 12 0.104858 0.153613 0.875 0.121289 0.169444 10 0.101562 0.889063 0.688194 0.075 0.118056
CCTV10^20251112-220000-20251112-225959_006499,12 0.638672 0.890625 0.69375 0.073438 0.109722 3 0.373779 0.45625 0.663194 0.039062 0.044444 10 0.237183 0.954688 0.77066 0.090625 0.236458 9 0.197388 0.195801 0.918056 0.118945 0.163889
CCTV10^20251112-220000-20251112-225959_006500,12 0.598145 0.889844 0.692361 0.070312 0.105556 12 0.269043 0.540625 0.571875 0.032813 0.052778 1 0.204956 0.143066 0.880556 0.031055 0.063889
CCTV10^20251112-220000-20251112-225959_006501,12 0.629883 0.890625 0.692708 0.071875 0.107639 10 0.364746 0.575781 0.602778 0.04375 0.072222 1 0.303955 0.365625 0.841667 0.024219 0.047222 10 0.165649 0.890625 0.691667 0.071875 0.108333 11 0.136597 0.575781 0.603472 0.042188 0.070833
CCTV10^20251112-220000-20251112-225959_006502,12 0.37207 0.890625 0.691667 0.075 0.1125 1 0.332764 0.467578 0.751389 0.021094 0.036111 10 0.228149 0.628906 0.655903 0.057813 0.082639 10 0.19873 0.954688 0.78125 0.090625 0.259722 10 0.119995 0.889063 0.690278 0.075 0.113889
CCTV10^20251112-220000-20251112-225959_006503,12 0.668945 0.889063 0.690972 0.073438 0.113889 10 0.238647 0.954688 0.772222 0.090625 0.2375 12 0.165649 0.74375 0.783333 0.05625 0.125 10 0.118408 0.843555 0.820139 0.272266 0.359722
CCTV10^20251112-220000-20251112-225959_006504,12 0.513672 0.889063 0.693056 0.071875 0.106944
CCTV10^20251112-220000-20251112-225959_006505,12 0.445557 0.889063 0.692014 0.06875 0.10625
CCTV10^20251112-220000-20251112-225959_006506,12 0.604004 0.890625 0.693056 0.071875 0.106944 9 0.478516 0.828906 0.817361 0.292188 0.361111 3 0.164551 0.326953 0.508333 0.01875 0.036111 10 0.115967 0.890625 0.692361 0.071875 0.106944
CCTV10^20251112-220000-20251112-225959_006507,12 0.644043 0.890625 0.69375 0.075 0.111111
CCTV10^20251112-220000-20251112-225959_006508,12 0.375732 0.891406 0.694444 0.073438 0.111111 10 0.106689 0.889063 0.692361 0.075 0.111111
CCTV10^20251112-220000-20251112-225959_006509,2 0.424316 0.112695 0.745139 0.033398 0.0625 12 0.231567 0.892188 0.691667 0.071875 0.106944 1 0.105225 0.251953 0.804861 0.027344 0.061111 11 0.102295 0.889844 0.691667 0.075 0.109722 10 0.100159 0.954688 0.795833 0.090625 0.3
CCTV10^20251112-220000-20251112-225959_006510,2 0.420654 0.147656 0.917361 0.052734 0.098611 12 0.405518 0.889063 0.691667 0.078125 0.105556 12 0.329346 0.814844 0.733333 0.120313 0.154167 10 0.247314 0.816406 0.735417 0.120313 0.156944 10 0.189575 0.815625 0.824306 0.279687 0.347222 9 0.119629 0.803906 0.815972 0.223438 0.351389 10 0.101562 0.889063 0.690972 0.075 0.104167
CCTV10^20251112-220000-20251112-225959_006511,12 0.395996 0.891406 0.692361 0.071875 0.106944 9 0.176636 0.959375 0.793056 0.08125 0.236111 1 0.11438 0.229297 0.806944 0.020313 0.05 10 0.10376 0.957812 0.810417 0.084375 0.281944
CCTV10^20251112-220000-20251112-225959_006512,12 0.352295 0.890625 0.694097 0.075 0.110417 10 0.176147 0.954688 0.811111 0.090625 0.331944 10 0.125122 0.891406 0.692014 0.070312 0.107639
CCTV10^20251112-220000-20251112-225959_006513,12 0.390381 0.890625 0.69375 0.073438 0.108333 10 0.171021 0.890625 0.692361 0.071875 0.106944 1 0.137085 0.227344 0.8 0.017969 0.05 10 0.11084 0.833594 0.819444 0.285938 0.352778
CCTV10^20251112-220000-20251112-225959_006514,9 0.625977 0.839063 0.8625 0.321875 0.275 12 0.29248 0.890625 0.694444 0.071875 0.108333 10 0.136597 0.890625 0.692361 0.071875 0.106944 10 0.100891 0.954688 0.802604 0.090625 0.308681
CCTV10^20251112-220000-20251112-225959_006515,12 0.401611 0.890625 0.69375 0.071875 0.108333 10 0.168823 0.891406 0.691667 0.070312 0.105556 1 0.144653 0.20918 0.724306 0.020313 0.05
CCTV10^20251112-220000-20251112-225959_006516,12 0.414795 0.890625 0.693403 0.075 0.107639 11 0.341553 0.547656 0.577778 0.04375 0.070833 10 0.175537 0.955469 0.77066 0.089063 0.228125 10 0.124207 0.891406 0.691667 0.071875 0.106944
CCTV10^20251112-220000-20251112-225959_006517,10 0.490234 0.745703 0.673611 0.092188 0.116667 12 0.363037 0.890625 0.693056 0.075 0.105556 10 0.175537 0.590625 0.616319 0.057813 0.088194 10 0.162354 0.89375 0.692014 0.06875 0.10625
CCTV10^20251112-220000-20251112-225959_006518,10 0.335449 0.945312 0.884028 0.109375 0.231944 12 0.253906 0.890625 0.69375 0.073438 0.106944 11 0.210815 0.675 0.694097 0.084375 0.13125 10 0.183594 0.676562 0.696528 0.08125 0.134722 9 0.143188 0.677734 0.695139 0.088281 0.134722 10 0.103394 0.953906 0.783333 0.092188 0.266667
CCTV10^20251112-220000-20251112-225959_006519,12 0.169434 0.891406 0.69375 0.073438 0.108333 10 0.110474 0.890625 0.692014 0.071875 0.107639
CCTV10^20251112-220000-20251112-225959_006520,12 0.368408 0.890625 0.694444 0.075 0.109722 10 0.173828 0.955469 0.771528 0.089063 0.234722 10 0.134766 0.890625 0.692014 0.071875 0.107639
CCTV10^20251112-220000-20251112-225959_006521,2 0.726562 0.144922 0.902778 0.050391 0.090278 12 0.62793 0.890625 0.691667 0.071875 0.104167 10 0.15564 0.95625 0.76684 0.0875 0.224653
CCTV10^20251112-220000-20251112-225959_006522,2 0.541016 0.097705 0.740972 0.028418 0.0625 12 0.171021 0.891406 0.689583 0.071875 0.102778 10 0.108215 0.889063 0.690278 0.075 0.104167
CCTV10^20251112-220000-20251112-225959_006523,10 0.242188 0.954688 0.801389 0.090625 0.298611 10 0.194946 0.95 0.897569 0.1 0.204861 12 0.113159 0.891406 0.691667 0.071875 0.108333
CCTV10^20251112-220000-20251112-225959_006524,12 0.225464 0.892188 0.691667 0.071875 0.105556 10 0.137085 0.955469 0.783333 0.089063 0.261111
CCTV10^20251112-220000-20251112-225959_006525,12 0.279785 0.892188 0.691667 0.071875 0.106944 1 0.110474 0.23457 0.703993 0.021094 0.047569
CCTV10^20251112-220000-20251112-225959_006526,12 0.338135 0.890625 0.693403 0.076563 0.107639 10 0.17334 0.955469 0.777083 0.089063 0.251389 10 0.149048 0.896875 0.85625 0.20625 0.2875
CCTV10^20251112-220000-20251112-225959_006527,10 0.420654 0.9125 0.857639 0.171875 0.270833 12 0.234375 0.890625 0.694792 0.075 0.110417 10 0.126831 0.954688 0.802778 0.090625 0.309722 10 0.105225 0.89375 0.691319 0.06875 0.10625
CCTV10^20251112-220000-20251112-225959_006528,12 0.370117 0.891406 0.694444 0.073438 0.109722 10 0.176147 0.955469 0.769444 0.089063 0.229167 10 0.153076 0.892188 0.692361 0.071875 0.106944
CCTV10^20251112-220000-20251112-225959_006529,12 0.507812 0.890625 0.695139 0.073438 0.111111 12 0.346924 0.483203 0.894444 0.108594 0.211111 10 0.24585 0.483203 0.894444 0.109375 0.211111 10 0.165649 0.95625 0.771007 0.0875 0.232986 10 0.12854 0.890625 0.693056 0.071875 0.106944
CCTV10^20251112-220000-20251112-225959_006530,12 0.437744 0.891406 0.694444 0.073438 0.109722 10 0.391357 0.399219 0.760417 0.075781 0.122222 11 0.14856 0.400391 0.761111 0.077344 0.119444 10 0.147095 0.891406 0.692361 0.071875 0.106944 9 0.141724 0.498437 0.759722 0.067188 0.097222 10 0.124634 0.955469 0.769444 0.089063 0.230556
