image_id,PredictionString
CCTV01^20260318-110000-20260318-120000_000061,10 0.933105 0.775641 0.72614 0.150641 0.346866 3 0.892578 0.524439 0.878561 0.064904 0.191595 10 0.78125 0.410156 0.390491 0.108373 0.11218 3 0.766113 0.420473 0.501424 0.052484 0.058405 0 0.763672 0.864183 0.545762 0.029647 0.07443 0 0.750488 0.316506 0.479345 0.024439 0.056268 0 0.70752 0.141326 0.852208 0.063502 0.086182 0 0.6875 0.789663 0.477208 0.030449 0.066239 1 0.550781 0.882612 0.710292 0.040865 0.085114 0 0.539062 0.927484 0.662749 0.044071 0.090456 2 0.437744 0.191857 0.734152 0.060998 0.10292 7 0.424316 0.964343 0.634793 0.066506 0.117165 0 0.338135 0.304788 0.956553 0.043069 0.075499 0 0.329346 0.927885 0.664352 0.043269 0.0901 0 0.320801 0.8125 0.451389 0.027244 0.064459 10 0.224731 0.191707 0.616631 0.16226 0.226852 3 0.19873 0.642027 0.435007 0.046875 0.092949 0 0.17334 0.782252 0.93661 0.046875 0.098291
CCTV01^20260318-110000-20260318-120000_000065,0 0.905762 0.313802 0.808048 0.043069 0.103276 3 0.878906 0.524439 0.876424 0.064904 0.19302 3 0.868164 0.73137 0.626603 0.059695 0.105057 2 0.803223 0.24369 0.681624 0.052284 0.099715 10 0.762207 0.704327 0.446314 0.079327 0.175748 0 0.725098 0.898237 0.563034 0.048077 0.087607 1 0.689453 0.38752 0.549857 0.03105 0.052707 0 0.666992 0.29367 0.53953 0.036458 0.064815 3 0.286133 0.642628 0.404736 0.036058 0.071581 0 0.250977 0.899038 0.565883 0.044872 0.086182 1 0.243652 0.222556 0.797365 0.042067 0.083333 1 0.196777 0.222756 0.798077 0.048878 0.087607 4 0.188354 0.963542 0.633725 0.069711 0.110755 0 0.158203 0.941506 0.681802 0.052885 0.082265 7 0.154053 0.963542 0.633725 0.069711 0.111467
CCTV01^20260318-110000-20260318-120000_000069,3 0.853027 0.524038 0.875 0.060897 0.194444 0 0.830078 0.896234 0.687322 0.053686 0.094017 4 0.769043 0.701522 0.428775 0.056891 0.089031 2 0.686035 0.338742 0.504273 0.034455 0.064103 3 0.679199 0.70633 0.6599 0.048878 0.119658 1 0.584961 0.294371 0.659722 0.037861 0.07443 4 0.462891 0.971154 0.657051 0.057692 0.117521 0 0.413086 0.822917 0.49911 0.038461 0.064459 0 0.324219 0.925881 0.661859 0.040865 0.100783 0 0.276611 0.404848 0.470798 0.029247 0.058405 3 0.245117 0.883814 0.782764 0.06891 0.128205 10 0.234375 0.810897 0.795228 0.144231 0.393875 3 0.203735 0.350861 0.60292 0.067107 0.096154 0 0.169922 0.302885 0.513711 0.032051 0.057336
CCTV01^20260318-110000-20260318-120000_000073,3 0.891602 0.524038 0.877137 0.064103 0.19302 10 0.869629 0.244241 0.871083 0.129307 0.25641 3 0.859863 0.258313 0.688924 0.073918 0.106481 1 0.749023 0.201623 0.723647 0.035857 0.069801 1 0.737305 0.776843 0.653668 0.043269 0.076567 1 0.613281 0.664864 0.447828 0.027644 0.063034 1 0.598145 0.134866 0.798789 0.046575 0.084758 0 0.519531 0.319812 0.785969 0.049479 0.081909 5 0.428223 0.7498 0.379006 0.03726 0.071047 10 0.35498 0.875 0.598825 0.121795 0.256054 0 0.345215 0.944311 0.682514 0.039263 0.087963 1 0.286133 0.134415 0.799857 0.049279 0.08547 2 0.264404 0.804888 0.486823 0.032853 0.06339 6 0.243652 0.857171 0.883547 0.160657 0.232906 0 0.221313 0.320413 0.785969 0.046274 0.07906 1 0.176636 0.269631 0.551638 0.036859 0.064103
CCTV01^20260318-110000-20260318-120000_000077,7 0.977539 0.928686 0.729701 0.088141 0.130342 7 0.941406 0.831731 0.726496 0.11859 0.185185 5 0.906738 0.757412 0.615741 0.057292 0.131766 3 0.888672 0.524439 0.874644 0.066506 0.203704 2 0.873047 0.978365 0.67005 0.041667 0.085826 3 0.853027 0.697316 0.529915 0.046074 0.096866 0 0.708984 0.313201 0.752315 0.099159 0.199074 1 0.44165 0.74359 0.474715 0.036859 0.064815 2 0.413086 0.986378 0.873575 0.027244 0.114672 1 0.305664 0.886218 0.957265 0.067308 0.08547 5 0.299805 0.521234 0.375445 0.030449 0.058227 2 0.297363 0.983974 0.772436 0.032051 0.096154
CCTV01^20260318-110000-20260318-120000_000081,3 0.891113 0.770232 0.874288 0.058894 0.175926 3 0.862305 0.52484 0.877493 0.064904 0.196581 0 0.829102 0.279647 0.914886 0.058494 0.099003 1 0.804199 0.744992 0.675214 0.033253 0.079772 12 0.754883 0.815905 0.72062 0.062099 0.181268 3 0.737305 0.30619 0.749466 0.057091 0.123576 12 0.535156 0.347756 0.92735 0.083333 0.145299 10 0.457031 0.226913 0.708333 0.161959 0.361111 2 0.356689 0.363281 0.566417 0.051082 0.085826 0 0.267334 0.919872 0.736289 0.043269 0.105769 0 0.228149 0.920272 0.737536 0.047276 0.10755 2 0.156616 0.043582 0.707621 0.075295 0.108974
CCTV01^20260318-110000-20260318-120000_000085,3 0.89502 0.524038 0.877493 0.065705 0.198006 2 0.790527 0.696915 0.479523 0.039663 0.075855 2 0.777344 0.019594 0.851496 0.039037 0.124644 12 0.700684 0.304187 0.81161 0.09355 0.128917 0 0.675781 0.840945 0.494836 0.03125 0.069444 2 0.65332 0.098307 0.71688 0.054587 0.083333 4 0.594727 0.771635 0.429487 0.057692 0.103989 3 0.577637 0.180439 0.935897 0.075421 0.128205 10 0.567871 0.238782 0.677528 0.158654 0.3401 1 0.470703 0.843349 0.783476 0.040865 0.086895 10 0.455078 0.490184 0.426371 0.077324 0.138711 0 0.443604 0.347556 0.917023 0.058894 0.084758 0 0.42627 0.264323 0.891738 0.052684 0.08547 3 0.418701 0.832332 0.931268 0.062901 0.137464 0 0.289307 0.012432 0.956553 0.024865 0.086895 0 0.233765 0.006707 0.738782 0.013379 0.082265 0 0.226074 0.954327 0.624288 0.051282 0.108262 0 0.217285 0.379407 0.97614 0.054487 0.047721 0 0.203125 0.788462 0.651353 0.040865 0.080484 0 0.177856 0.006661 0.740385 0.013321 0.086182 0 0.172119 0.016088 0.671118 0.032176 0.069444 0 0.155029 0.788862 0.650463 0.04407 0.085826 2 0.154053 0.091647 0.794159 0.058293 0.103989
CCTV01^20260318-110000-20260318-120000_000089,3 0.884277 0.524439 0.877137 0.067308 0.200143 3 0.868652 0.499599 0.439815 0.032853 0.056268 3 0.833496 0.146434 0.70032 0.079327 0.099359 0 0.705566 0.077148 0.821225 0.062851 0.115385 2 0.705566 0.876202 0.910256 0.068109 0.179487 12 0.666992 0.297376 0.792735 0.094752 0.098291 10 0.635254 0.284155 0.604345 0.152043 0.269943 0 0.616699 0.751202 0.457799 0.033654 0.063746 10 0.583008 0.44992 0.401798 0.076122 0.107372 1 0.519531 0.727564 0.54416 0.030449 0.069801 2 0.496094 0.034655 0.726318 0.063301 0.097222 0 0.484375 0.854567 0.551994 0.029647 0.075499 3 0.482422 0.208083 0.828704 0.067007 0.131766 2 0.434082 0.805689 0.469729 0.028045 0.074786 3 0.389648 0.10016 0.959758 0.071114 0.080484 1 0.345215 0.167017 0.768875 0.037961 0.07906 1 0.297363 0.140325 0.819444 0.038462 0.086182 0 0.24939 0.889824 0.544338 0.029647 0.067308 3 0.24292 0.456731 0.474537 0.060897 0.059473 0 0.15564 0.875801 0.9099 0.067308 0.180199
CCTV01^20260318-110000-20260318-120000_000126,3 0.949219 0.299479 0.612714 0.091747 0.088675 10 0.93457 0.353165 0.442308 0.116587 0.141026 3 0.926758 0.52484 0.879986 0.067308 0.187322 2 0.92627 0.848157 0.48344 0.042468 0.083689 3 0.921387 0.208984 0.85933 0.082833 0.147436 2 0.911133 0.317107 0.536681 0.036458 0.078348 2 0.89502 0.937099 0.861467 0.064904 0.116097 0 0.875 0.222456 0.689993 0.030248 0.085826 0 0.873047 0.797276 0.548611 0.027244 0.07443 0 0.868652 0.188802 0.612714 0.026242 0.065171 1 0.863281 0.151292 0.801994 0.030148 0.089744 0 0.85791 0.275441 0.50463 0.026042 0.059829 1 0.852051 0.924279 0.967236 0.03766 0.064103 1 0.830078 0.263522 0.671652 0.022236 0.066952 1 0.830078 0.942708 0.688924 0.026442 0.070157 1 0.790527 0.192558 0.734687 0.023738 0.077635 1 0.769043 0.169772 0.715456 0.02504 0.071937 0 0.751953 0.198367 0.553063 0.028746 0.054843 1 0.744629 0.652244 0.467236 0.018429 0.054131 0 0.744629 0.395433 0.922365 0.032853 0.078348 0 0.740234 0.305589 0.892806 0.040264 0.100427 2 0.609375 0.30028 0.653846 0.034455 0.080484 0 0.605957 0.852564 0.598291 0.038461 0.090456 1 0.596191 0.957532 0.787037 0.036859 0.081197 0 0.542969 0.76262 0.922365 0.034856 0.112536 0 0.172119 0.896234 0.528134 0.023237 0.058405
CCTV01^20260318-110000-20260318-120000_000130,6 0.964355 0.926683 0.799857 0.120994 0.292023 10 0.940918 0.21234 0.654202 0.158654 0.261396 2 0.935059 0.210637 0.928419 0.065505 0.13604 3 0.924805 0.524639 0.880342 0.066907 0.189459 3 0.920898 0.501803 0.406339 0.03726 0.053419 2 0.912598 0.789663 0.935541 0.051282 0.118946 7 0.907227 0.231671 0.801994 0.063902 0.131054 3 0.906738 0.443109 0.45495 0.046474 0.062322 2 0.90332 0.113507 0.955128 0.057843 0.08547 2 0.901367 0.848958 0.483084 0.039263 0.079416 1 0.891602 0.130509 0.84188 0.033454 0.082621 1 0.879883 0.826522 0.70032 0.02484 0.079416 0 0.85791 0.804087 0.576745 0.026442 0.078704 3 0.837402 0.385917 0.570869 0.051082 0.069801 0 0.799316 0.270433 0.449608 0.027244 0.056624 2 0.79834 0.19381 0.539174 0.029046 0.066952 1 0.786621 0.727564 0.646011 0.024038 0.066952 0 0.625977 0.286659 0.535791 0.024439 0.065171 0 0.529297 0.286859 0.535791 0.024439 0.065883 0 0.403564 0.982772 0.68839 0.032853 0.087607 0 0.361084 0.244992 0.723825 0.032051 0.075142 0 0.282959 0.850962 0.564637 0.027244 0.060185 2 0.269043 0.849359 0.482906 0.038461 0.07906
CCTV01^20260318-110000-20260318-120000_000134,7 0.978516 0.309095 0.479879 0.03766 0.075142 10 0.943359 0.815304 0.598469 0.146635 0.261752 3 0.917969 0.52484 0.879986 0.064103 0.191595 2 0.891602 0.326522 0.821225 0.047276 0.11396 0 0.874023 0.864583 0.923077 0.041667 0.111111 3 0.871582 0.157552 0.893162 0.079527 0.155271 0 0.864258 0.186348 0.645655 0.040765 0.074074 4 0.861328 0.307492 0.713319 0.05609 0.111823 10 0.856934 0.482372 0.357906 0.077724 0.104701 2 0.831055 0.901843 0.574964 0.050481 0.105769 2 0.820801 0.274639 0.826567 0.042869 0.117521 0 0.766113 0.221955 0.522258 0.028846 0.059473 0 0.686035 0.376202 0.436966 0.021234 0.055556 0 0.672363 0.420673 0.948006 0.048077 0.103989 11 0.666992 0.409856 0.48985 0.082532 0.125 2 0.607422 0.321514 0.517806 0.036458 0.064103 0 0.451416 0.135016 0.646724 0.035657 0.080484
CCTV01^20260318-110000-20260318-120000_000138,9 0.929199 0.302183 0.841168 0.090745 0.19943 3 0.924316 0.52524 0.879986 0.065705 0.188746 3 0.920898 0.216196 0.782051 0.059996 0.108262 3 0.92041 0.782051 0.778312 0.065705 0.139957 0 0.913086 0.880609 0.711716 0.033654 0.095085 0 0.892578 0.958734 0.792735 0.045673 0.119658 1 0.881836 0.930288 0.831909 0.033654 0.08547 2 0.86084 0.915064 0.741097 0.038461 0.097578 0 0.830078 0.226863 0.572293 0.02504 0.061966 1 0.820801 0.283353 0.616631 0.026242 0.059473 0 0.800781 0.223057 0.682692 0.033454 0.077635 0 0.78418 0.852564 0.640135 0.036859 0.082977 1 0.638672 0.335737 0.619658 0.027244 0.060541 0 0.633301 0.13116 0.97151 0.0626 0.05698 3 0.581543 0.71274 0.530093 0.040865 0.073718 10 0.562012 0.392829 0.41818 0.106971 0.136574 0 0.552734 0.210186 0.525997 0.02474 0.054131 0 0.546875 0.988782 0.765848 0.022436 0.093661 3 0.525391 0.39363 0.568376 0.042869 0.059829 0 0.490234 0.141927 0.725783 0.032252 0.098291 9 0.445557 0.814103 0.5 0.057692 0.112536 1 0.403564 0.664062 0.433583 0.018029 0.050926 0 0.348633 0.901442 0.5974 0.033654 0.077279 0 0.259766 0.961939 0.801282 0.040865 0.105413 6 0.256836 0.404848 0.485043 0.102163 0.127493 3 0.226074 0.71254 0.529915 0.041266 0.074074
CCTV01^20260318-110000-20260318-120000_000142,10 0.961914 0.34355 0.532407 0.127003 0.183761 2 0.944824 0.308393 0.75641 0.038662 0.096866 3 0.925781 0.898237 0.812144 0.097756 0.179131 9 0.918945 0.448918 0.460826 0.055689 0.082621 3 0.918457 0.52524 0.880698 0.066506 0.188746 3 0.909668 0.869792 0.678419 0.055289 0.118946 3 0.901855 0.314704 0.681446 0.058894 0.082977 3 0.901855 0.252003 0.78312 0.059295 0.118946 0 0.901855 0.326122 0.957621 0.056891 0.084758 0 0.894043 0.817708 0.60292 0.026442 0.081909 0 0.859863 0.893429 0.556802 0.028846 0.06161 0 0.837402 0.852564 0.488426 0.024039 0.055912 1 0.827637 0.720953 0.663818 0.023638 0.078348 0 0.822266 0.177935 0.646367 0.031951 0.089031 1 0.818848 0.720353 0.571937 0.019231 0.061254 0 0.760742 0.979567 0.655805 0.032853 0.083689 0 0.704102 0.265925 0.866809 0.039062 0.118234 1 0.684082 0.80629 0.514423 0.018029 0.051638 0 0.656738 0.787861 0.470976 0.020433 0.058761 0 0.615234 0.299279 0.42646 0.021234 0.05235 1 0.414795 0.42488 0.417557 0.016426 0.042379 0 0.327637 0.265925 0.865741 0.038261 0.114672 9 0.289307 0.747796 0.880698 0.074119 0.234331 7 0.227417 0.747195 0.879986 0.072917 0.234331 0 0.151001 0.321114 0.848291 0.039263 0.095442
CCTV01^20260318-110000-20260318-120000_000146,2 0.9375 0.280048 0.589387 0.036859 0.076211 3 0.9375 0.239383 0.688746 0.05649 0.089744 3 0.927246 0.52484 0.879986 0.066506 0.188746 3 0.926758 0.494391 0.427707 0.032051 0.049145 10 0.91748 0.431891 0.420317 0.080128 0.128739 3 0.913574 0.465345 0.468127 0.038061 0.055199 3 0.912598 0.148638 0.854345 0.084535 0.131766 5 0.883301 0.343349 0.610221 0.075321 0.105057 0 0.875 0.363982 0.521189 0.021234 0.059473 1 0.872559 0.386819 0.510684 0.018029 0.051994 0 0.861328 0.311198 0.519765 0.023838 0.066595 10 0.842773 0.677284 0.400463 0.050881 0.145655 2 0.84082 0.323117 0.422721 0.024439 0.049145 0 0.835449 0.797476 0.509615 0.022035 0.062678 0 0.825684 0.354868 0.417201 0.025441 0.057336 0 0.819824 0.236979 0.867521 0.039663 0.111111 0 0.809082 0.353766 0.879986 0.055689 0.106125 0 0.803223 0.822316 0.501781 0.020433 0.056268 2 0.790527 0.284756 0.437144 0.021835 0.049501 0 0.78418 0.888221 0.87037 0.040865 0.125356 1 0.778809 0.770833 0.45584 0.017628 0.049145 10 0.770508 0.157352 0.529202 0.088542 0.181624 0 0.762207 0.124424 0.768518 0.044421 0.098291 0 0.71875 0.266426 0.457621 0.023638 0.05057 0 0.622559 0.062099 0.859687 0.040465 0.10114 1 0.594727 0.601562 0.44765 0.015625 0.044872 0 0.462891 0.97476 0.837251 0.036058 0.083333 7 0.393311 0.682893 0.511752 0.03726 0.069801 0 0.310791 0.892628 0.586004 0.028846 0.071581 7 0.26123 0.955929 0.932692 0.086538 0.134615 0 0.155029 0.930288 0.588141 0.028846 0.070869 7 0.151978 0.296975 0.75641 0.060296 0.162393
CCTV01^20260318-110000-20260318-120000_000150,3 0.94873 0.439703 0.421296 0.040465 0.05057 3 0.939453 0.285357 0.644231 0.067508 0.086895 3 0.936523 0.89984 0.780805 0.081731 0.126424 3 0.927734 0.52484 0.880342 0.067308 0.189459 3 0.924805 0.729167 0.637286 0.068109 0.107906 10 0.915039 0.834535 0.844551 0.151442 0.310897 3 0.907227 0.484175 0.410969 0.036458 0.048433 0 0.870605 0.954728 0.652956 0.034455 0.077279 0 0.868652 0.986378 0.676104 0.027244 0.083689 0 0.86084 0.276042 0.555199 0.02524 0.070513 0 0.85498 0.296174 0.501068 0.021434 0.051282 0 0.832031 0.223958 0.504095 0.025641 0.055912 1 0.823242 0.688502 0.699074 0.023638 0.066239 0 0.799316 0.778245 0.454416 0.022837 0.051282 0 0.790527 0.862179 0.559295 0.028846 0.063746 0 0.789062 0.299579 0.447471 0.023037 0.049501 0 0.764648 0.270232 0.450855 0.022035 0.049145 0 0.762207 0.913862 0.62963 0.032853 0.07265 0 0.730957 0.820112 0.508369 0.02484 0.062322 0 0.72168 0.340445 0.406695 0.021835 0.046296 1 0.640625 0.719752 0.886396 0.033253 0.113248 0 0.53125 0.382312 0.402066 0.019431 0.045584 11 0.519531 0.192959 0.451389 0.085637 0.144943 10 0.492188 0.192859 0.450855 0.085036 0.143875 3 0.342529 0.048603 0.941239 0.097206 0.116097 1 0.156128 0.721755 0.889245 0.038061 0.123219
CCTV01^20260318-110000-20260318-120000_000154,10 0.950195 0.376102 0.449608 0.123598 0.146368 3 0.92627 0.524639 0.87963 0.066106 0.18661 3 0.909668 0.389724 0.553597 0.057893 0.070157 0 0.888184 0.277544 0.498576 0.029447 0.06339 10 0.88623 0.208984 0.434117 0.099259 0.134615 0 0.885742 0.740785 0.704238 0.030449 0.097222 5 0.882324 0.266827 0.656695 0.072917 0.118234 0 0.863281 0.203976 0.634437 0.032752 0.065883 1 0.852051 0.14984 0.803419 0.034655 0.076923 0 0.84375 0.860176 0.633725 0.034455 0.087963 0 0.805664 0.179487 0.582443 0.032853 0.066595 0 0.799316 0.277244 0.871083 0.040064 0.118234 0 0.78125 0.320913 0.539174 0.023638 0.064815 0 0.774414 0.128055 0.716346 0.042768 0.084402 0 0.767578 0.955529 0.646902 0.03125 0.075142 0 0.764648 0.149289 0.907407 0.060196 0.125356 1 0.71875 0.627404 0.505342 0.024038 0.058405 0 0.692871 0.989183 0.678063 0.021635 0.078348 0 0.658203 0.308894 0.685007 0.032051 0.085114 1 0.640625 0.875401 0.883191 0.02484 0.103989 0 0.598145 0.922676 0.672187 0.040865 0.095798 0 0.554688 0.022248 0.702101 0.036684 0.077279 6 0.541016 0.822115 0.871795 0.11218 0.25641 0 0.527344 0.860176 0.513533 0.018429 0.062678 0 0.505859 0.360377 0.527956 0.022436 0.06161 0 0.458984 0.875 0.58084 0.020833 0.054131 0 0.455078 0.233173 0.775285 0.039263 0.09188 1 0.381104 0.471154 0.468661 0.016827 0.052707 0 0.334473 0.189904 0.542379 0.030248 0.06339 0 0.203125 0.921875 0.669694 0.039263 0.093661 0 0.162354 0.924279 0.675748 0.039263 0.091524
CCTV01^20260318-110000-20260318-120000_000158,3 0.922852 0.52504 0.880698 0.065305 0.188746 3 0.921387 0.198367 0.745014 0.083233 0.119658 0 0.916016 0.311198 0.931268 0.057893 0.123219 3 0.901367 0.32502 0.589031 0.065905 0.07265 7 0.898438 0.802083 0.862179 0.064103 0.17735 10 0.895508 0.207833 0.433583 0.097155 0.132123 2 0.871582 0.797075 0.467771 0.026042 0.055199 0 0.86084 0.282151 0.540954 0.023437 0.069088 0 0.85791 0.235877 0.658832 0.033854 0.087607 0 0.852051 0.296975 0.465634 0.020633 0.051638 0 0.847168 0.817909 0.539708 0.026042 0.066595 0 0.842773 0.246695 0.518519 0.023037 0.064815 0 0.79834 0.896234 0.786325 0.044071 0.108262 0 0.775879 0.300681 0.765848 0.032452 0.09651 1 0.760742 0.78726 0.758013 0.027244 0.072294 1 0.757812 0.734375 0.638177 0.025641 0.074074 0 0.615234 0.825521 0.491097 0.020433 0.051282 0 0.615234 0.894231 0.565527 0.020833 0.055556 0 0.529297 0.93109 0.59099 0.030449 0.07443 10 0.351318 0.059896 0.737357 0.119792 0.258903 0 0.345215 0.397236 0.971154 0.062901 0.057692 1 0.243652 0.112205 0.756944 0.028996 0.082977 0 0.225464 0.297977 0.415954 0.021034 0.04416 0 0.219971 0.705128 0.79131 0.038462 0.092593
CCTV01^20260318-110000-20260318-120000_000162,10 0.950195 0.150942 0.576389 0.154848 0.206197 0 0.938477 0.310998 0.893518 0.046675 0.121795 3 0.925781 0.524639 0.881054 0.066106 0.189459 3 0.922363 0.258614 0.845798 0.065304 0.124644 0 0.913086 0.805689 0.85755 0.03766 0.125356 5 0.90332 0.674479 0.446047 0.039663 0.08084 0 0.898926 0.89383 0.737536 0.045673 0.106125 10 0.895508 0.208634 0.429309 0.099559 0.124288 0 0.892578 0.839744 0.930199 0.043269 0.119658 0 0.885742 0.848157 0.639245 0.03125 0.088319 9 0.864258 0.291767 0.660613 0.049479 0.126781 0 0.806641 0.335236 0.470264 0.021034 0.048789 0 0.804199 0.767027 0.852208 0.035657 0.124644 10 0.803223 0.039901 0.750712 0.079552 0.293447 1 0.791992 0.779247 0.56339 0.023237 0.064103 2 0.786621 0.926282 0.724003 0.044872 0.099003 2 0.785156 0.849359 0.489138 0.044872 0.082265 0 0.769043 0.326923 0.426816 0.01883 0.048077 0 0.769043 0.335236 0.526709 0.025841 0.059117 1 0.764648 0.344351 0.559651 0.023638 0.051638 0 0.749023 0.815505 0.506944 0.024439 0.062322 0 0.680664 0.89383 0.570157 0.023237 0.066239 0 0.677246 0.872997 0.584758 0.029647 0.070513
CCTV01^20260318-110000-20260318-120000_000166,10 0.95166 0.208684 0.510862 0.119892 0.172009 3 0.938965 0.400441 0.505342 0.053285 0.070513 3 0.926758 0.524639 0.879986 0.065305 0.188746 2 0.922852 0.861779 0.553063 0.039263 0.095442 3 0.908203 0.323317 0.491987 0.044471 0.058761 5 0.906738 0.677684 0.556446 0.047676 0.113604 5 0.906738 0.736378 0.722934 0.067308 0.156695 3 0.901855 0.636819 0.423255 0.029247 0.054487 1 0.898438 0.103265 0.85933 0.031851 0.084758 0 0.885742 0.310797 0.896011 0.045072 0.099715 1 0.874023 0.261719 0.576745 0.024639 0.060185 10 0.874023 0.209335 0.43287 0.102163 0.134259 2 0.872559 0.769431 0.875356 0.046875 0.12963 0 0.869629 0.366987 0.453704 0.019231 0.055556 0 0.868164 0.94351 0.710114 0.039263 0.098291 0 0.847168 0.152594 0.68198 0.030148 0.077635 1 0.84082 0.855369 0.69391 0.03125 0.082265 10 0.81543 0.216797 0.707265 0.084836 0.30057 0 0.766113 0.911058 0.661325 0.035256 0.086182 0 0.733887 0.824719 0.485399 0.02524 0.061966 0 0.720215 0.322917 0.439993 0.020032 0.050214 10 0.658203 0.035231 0.731481 0.070262 0.279202 0 0.644043 0.26252 0.939815 0.046274 0.101852 0 0.560059 0.893429 0.56802 0.024038 0.060541 0 0.486328 0.849359 0.502849 0.022436 0.051994 0 0.182373 0.863782 0.639779 0.033654 0.063746 0 0.163452 0.995593 0.918091 0.008814 0.111111
CCTV01^20260318-110000-20260318-120000_000170,10 0.932617 0.207582 0.443554 0.104868 0.157764 3 0.932129 0.461739 0.447471 0.036458 0.050926 10 0.931152 0.238381 0.4651 0.104968 0.145299 3 0.921875 0.524639 0.879986 0.066106 0.188746 10 0.921387 0.741186 0.483974 0.092147 0.190171 3 0.919434 0.766026 0.932336 0.064103 0.135328 10 0.918945 0.362881 0.39708 0.072716 0.118946 3 0.915039 0.278546 0.659366 0.064704 0.095085 3 0.912598 0.39984 0.497863 0.052083 0.058405 3 0.908691 0.230819 0.647792 0.063201 0.081197 1 0.901367 0.764824 0.746795 0.029647 0.09188 2 0.889648 0.325521 0.581731 0.029247 0.075855 1 0.868164 0.718349 0.594551 0.023237 0.06802 1 0.859863 0.913862 0.746439 0.026442 0.079772 0 0.85791 0.290164 0.579772 0.024639 0.061966 1 0.855957 0.353165 0.956909 0.029647 0.076211 0 0.824219 0.233674 0.538283 0.029848 0.057336 0 0.820801 0.854567 0.555377 0.028045 0.065883 1 0.818848 0.33764 0.654736 0.021434 0.06161 0 0.805664 0.936298 0.69765 0.03125 0.089031 2 0.792969 0.320212 0.770833 0.041466 0.102208 0 0.786621 0.272736 0.514601 0.025441 0.058405 1 0.782715 0.663462 0.537927 0.020032 0.059473 5 0.763672 0.203626 0.798967 0.074319 0.152778 1 0.759277 0.655449 0.482194 0.020032 0.051994 0 0.751953 0.821114 0.500178 0.021234 0.055912 0 0.740234 0.271735 0.761218 0.035457 0.092949 10 0.726562 0.019168 0.672721 0.038336 0.247151 0 0.649414 0.155449 0.628027 0.028646 0.064459 1 0.611328 0.801282 0.491631 0.015224 0.048789 0 0.571777 0.91266 0.620192 0.043269 0.070869 0 0.533203 0.975561 0.819444 0.048878 0.111823 1 0.525391 0.442909 0.399038 0.015625 0.037393 0 0.498047 0.857372 0.488426 0.027244 0.054487 0 0.44165 0.872195 0.73255 0.03766 0.097578 1 0.37207 0.486779 0.409366 0.027244 0.03953 0 0.295898 0.981971 0.721332 0.034455 0.081553 0 0.284668 0.896635 0.575142 0.022436 0.060541 0 0.201172 0.975962 0.819088 0.048077 0.112536 1 0.162354 0.846955 0.606481 0.030449 0.064815
CCTV01^20260318-110000-20260318-120000_000174,6 0.944336 0.829127 0.469551 0.072516 0.142806 10 0.941895 0.18765 0.605413 0.177183 0.233618 10 0.931152 0.252454 0.446937 0.117288 0.131054 3 0.928223 0.524439 0.880698 0.066506 0.188746 3 0.924316 0.339844 0.577991 0.047877 0.069801 10 0.910645 0.208484 0.430912 0.09986 0.131054 0 0.891602 0.036133 0.915598 0.049529 0.104701 1 0.883301 0.709135 0.822293 0.028045 0.097578 1 0.875 0.759816 0.751959 0.024439 0.082977 0 0.870605 0.983574 0.73255 0.03125 0.087607 2 0.864258 0.923478 0.797721 0.077724 0.10114 1 0.855957 0.714143 0.554131 0.019631 0.057692 0 0.84375 0.334335 0.521546 0.025641 0.057336 3 0.836426 0.768229 0.460292 0.031651 0.058048 0 0.827637 0.32482 0.451567 0.024639 0.058405 3 0.827637 0.276242 0.660969 0.069712 0.081197 1 0.823242 0.299479 0.73433 0.026442 0.07265 1 0.822266 0.433894 0.401353 0.024039 0.039174 1 0.813965 0.79387 0.529024 0.019631 0.055912 0 0.810547 0.290465 0.517806 0.027644 0.062678 0 0.810547 0.767628 0.605947 0.025641 0.076567 0 0.803223 0.248297 0.873219 0.043069 0.105413 0 0.775879 0.377504 0.428241 0.021835 0.050214 1 0.766113 0.476362 0.457265 0.01843 0.054131 1 0.740234 0.294772 0.58458 0.021835 0.059473 0 0.638672 0.354968 0.413105 0.020833 0.047721 2 0.631836 0.489383 0.427172 0.022836 0.05235 0 0.613281 0.740986 0.577101 0.02524 0.067308 1 0.558105 0.595953 0.467058 0.014824 0.037393 2 0.517578 0.36879 0.457443 0.022035 0.055912 0 0.466797 0.185647 0.839031 0.036759 0.066952 1 0.407227 0.191456 0.883547 0.036558 0.077635 0 0.386719 0.896234 0.523504 0.023237 0.058405 10 0.332031 0.055789 0.80698 0.111579 0.27208 0 0.320801 0.36879 0.457443 0.022035 0.055912 0 0.273682 0.767828 0.605591 0.026042 0.075855 0 0.258301 0.952724 0.866097 0.043269 0.108262 3 0.192505 0.276042 0.661325 0.069712 0.081909 0 0.163452 0.248297 0.87037 0.041867 0.10114 0 0.160278 0.930689 0.59099 0.034455 0.073718
CCTV01^20260318-110000-20260318-120000_000178,10 0.953125 0.366286 0.49537 0.119992 0.171652 10 0.937012 0.308894 0.475427 0.104567 0.173077 10 0.933105 0.207632 0.432692 0.098357 0.133191 3 0.933105 0.244191 0.772258 0.071715 0.110755 0 0.931152 0.274539 0.905271 0.049479 0.116809 3 0.922852 0.524639 0.879986 0.065305 0.188746 2 0.911133 0.314804 0.80698 0.046675 0.108262 2 0.908203 0.894231 0.728098 0.05609 0.095085 2 0.904785 0.044621 0.818376 0.057893 0.112536 7 0.898438 0.102902 0.718305 0.110301 0.116097 1 0.896484 0.345453 0.76745 0.029046 0.073362 6 0.883301 0.884215 0.593483 0.103365 0.212607 3 0.862305 0.370693 0.600071 0.061899 0.071937 0 0.859863 0.928686 0.82443 0.051282 0.118946 1 0.85791 0.15635 0.827279 0.034255 0.084758 0 0.822266 0.801683 0.626959 0.028045 0.090812 1 0.786621 0.810296 0.732194 0.031651 0.065527 0 0.786621 0.81851 0.801282 0.034455 0.109687 1 0.766113 0.647236 0.440883 0.026042 0.048433 0 0.747559 0.033629 0.912749 0.046424 0.10755 1 0.542969 0.192959 0.946225 0.03155 0.070513 0 0.515625 0.203726 0.553597 0.032051 0.070869 0 0.484375 0.357772 0.961182 0.041667 0.076211 10 0.46875 0.040665 0.608974 0.080929 0.222222 0 0.424316 0.244792 0.685185 0.032452 0.069088 7 0.286133 0.771434 0.915598 0.062901 0.167379 0 0.242188 0.296575 0.977564 0.04347 0.044872 2 0.213379 0.76242 0.449608 0.024038 0.054487 9 0.175537 0.247796 0.614316 0.110577 0.12963 4 0.175537 0.771234 0.916667 0.061699 0.166667 0 0.171021 0.784255 0.428419 0.019631 0.054843
CCTV01^20260318-110000-20260318-120000_000182,3 0.945312 0.4998 0.417735 0.035657 0.051994 10 0.936523 0.174304 0.788818 0.16902 0.348291 6 0.935059 0.933894 0.677529 0.130609 0.263177 10 0.933594 0.208433 0.43287 0.099559 0.13141 10 0.925293 0.708934 0.462251 0.080529 0.174501 10 0.925293 0.064303 0.562144 0.128606 0.196225 0 0.922363 0.859375 0.702279 0.034455 0.086895 2 0.920898 0.329127 0.611467 0.042869 0.081197 3 0.920898 0.52484 0.880698 0.065705 0.188746 0 0.913086 0.338141 0.917735 0.052083 0.121795 0 0.891602 0.392027 0.910613 0.052484 0.110399 2 0.88623 0.341446 0.541132 0.061098 0.092236 0 0.845703 0.135216 0.661503 0.036458 0.067308 0 0.838867 0.808494 0.554309 0.023237 0.082265 0 0.817383 0.253005 0.493234 0.026843 0.054131 1 0.79834 0.786458 0.501781 0.016827 0.056268 1 0.791992 0.777444 0.466168 0.014824 0.047009 0 0.730957 0.840144 0.616631 0.029647 0.085114 1 0.728027 0.279347 0.67183 0.021034 0.063746 0 0.71875 0.246194 0.596866 0.028446 0.065527 0 0.699219 0.273237 0.531695 0.020433 0.051994 1 0.684082 0.189453 0.589566 0.022536 0.055199 0 0.658203 0.904247 0.730235 0.03766 0.093661 4 0.651367 0.319111 0.739672 0.05609 0.130342 0 0.552734 0.295473 0.541132 0.022436 0.058048 0 0.535156 0.222155 0.59099 0.028446 0.056624 0 0.529297 0.833333 0.445691 0.022436 0.050926 0 0.523438 0.290164 0.430199 0.023037 0.049145 2 0.464844 0.417368 0.507122 0.029848 0.060541 1 0.271973 0.769832 0.43198 0.015625 0.043447 0 0.15918 0.807893 0.480947 0.020433 0.057336
CCTV01^20260318-110000-20260318-120000_000186,10 0.937988 0.410557 0.449964 0.109976 0.146368 10 0.9375 0.089393 0.527244 0.145333 0.176282 10 0.930176 0.208033 0.433048 0.101162 0.132479 3 0.925781 0.524639 0.880342 0.066106 0.189459 3 0.910645 0.140725 0.945157 0.080929 0.109687 0 0.903809 0.916266 0.667379 0.032853 0.079772 2 0.902832 0.237981 0.733084 0.046875 0.103632 0 0.885742 0.232973 0.630876 0.027644 0.07443 0 0.884277 0.262921 0.583867 0.02504 0.072293 0 0.883301 0.192258 0.61485 0.03736 0.076567 0 0.881836 0.776643 0.559473 0.02524 0.076923 0 0.871582 0.146935 0.702101 0.030649 0.081553 2 0.85791 0.205329 0.684829 0.033654 0.089031 1 0.844727 0.7502 0.530449 0.019631 0.067308 1 0.809082 0.268229 0.900641 0.036859 0.077635 0 0.795898 0.05326 0.691239 0.039714 0.07906 2 0.78418 0.861378 0.548611 0.030449 0.065171 0 0.775879 0.24369 0.543269 0.024639 0.055199 0 0.743164 0.86899 0.64156 0.03125 0.083689 1 0.712402 0.495393 0.437856 0.014022 0.048077 0 0.675781 0.039125 0.75552 0.04665 0.097222 0 0.67041 0.890625 0.528312 0.026442 0.060185 10 0.59082 0.334836 0.462073 0.122796 0.154202 0 0.562012 0.008798 0.918447 0.017409 0.094729 0 0.537109 0.038023 0.755164 0.04675 0.095085 0 0.474609 0.256711 0.81802 0.037861 0.090456 2 0.370117 0.394631 0.955484 0.106571 0.089031 4 0.352295 0.317608 0.798433 0.065905 0.133903 1 0.350342 0.209185 0.565527 0.02474 0.048433 0 0.27832 0.782051 0.952635 0.041667 0.089031 0 0.235107 0.255909 0.818732 0.039463 0.090456 10 0.153076 0.088992 0.526353 0.148137 0.175214
CCTV01^20260318-110000-20260318-120000_000190,7 0.975586 0.348057 0.519409 0.036659 0.085114 3 0.934082 0.260817 0.763711 0.071314 0.110755 3 0.928223 0.331831 0.600427 0.063101 0.078348 3 0.924805 0.52484 0.879986 0.064904 0.188746 10 0.918945 0.366787 0.396724 0.081731 0.126068 10 0.916016 0.208734 0.428953 0.099359 0.126424 3 0.906738 0.492989 0.400463 0.038862 0.053775 10 0.899902 0.104768 0.516738 0.155449 0.171652 0 0.867188 0.245693 0.94302 0.066306 0.108262 2 0.863281 0.956731 0.691595 0.048077 0.084046 10 0.855957 0.453926 0.369213 0.08093 0.107016 1 0.842773 0.902244 0.736823 0.033654 0.084758 0 0.838867 0.220302 0.668447 0.033754 0.07265 1 0.823242 0.316907 0.492343 0.017228 0.047365 0 0.801758 0.279046 0.469195 0.024439 0.053063 0 0.774414 0.227464 0.507301 0.02504 0.05235 1 0.733887 0.265425 0.529202 0.021635 0.052707 0 0.680664 0.162009 0.671118 0.035156 0.075855 0 0.596191 0.121745 0.717058 0.03736 0.085826 0 0.503906 0.062149 0.76282 0.057392 0.074074 0 0.414795 0.820112 0.484687 0.028045 0.065527 0 0.201782 0.121244 0.715812 0.039764 0.086895 0 0.17334 0.314503 0.439103 0.025641 0.051994
CCTV01^20260318-110000-20260318-120000_000194,10 0.963867 0.182993 0.641382 0.149239 0.255698 10 0.950195 0.104267 0.51745 0.157652 0.174501 3 0.928223 0.524639 0.880342 0.066106 0.190883 3 0.928223 0.799279 0.914886 0.077724 0.168803 10 0.925781 0.207933 0.430912 0.098558 0.131766 10 0.920898 0.224058 0.7776 0.142428 0.340812 0 0.916504 0.372997 0.92735 0.058494 0.135328 3 0.916016 0.905449 0.72062 0.060897 0.120014 3 0.905273 0.727163 0.723825 0.053686 0.120726 3 0.896973 0.664864 0.497329 0.03726 0.077279 1 0.873047 0.327324 0.657942 0.022436 0.060897 0 0.863281 0.315705 0.508369 0.021635 0.059473 9 0.854004 0.79367 0.667379 0.058494 0.160969 1 0.852051 0.842147 0.662037 0.020833 0.069801 2 0.833496 0.366186 0.413105 0.025641 0.05057 2 0.830078 0.840144 0.571581 0.042468 0.103276 1 0.818848 0.745192 0.644765 0.022436 0.06802 0 0.809082 0.341546 0.462785 0.029247 0.05235 0 0.800781 0.263722 0.491631 0.027043 0.055199 1 0.774414 0.649239 0.429665 0.016426 0.047365 1 0.764648 0.708133 0.483262 0.016426 0.051282 1 0.673828 0.89984 0.636218 0.020833 0.057336 0 0.611328 0.29377 0.64797 0.027043 0.076567 2 0.607422 0.269732 0.949786 0.050681 0.093305 0 0.59082 0.278245 0.594373 0.025641 0.059829 3 0.509766 0.661458 0.372863 0.029647 0.059117 5 0.42627 0.783453 0.480235 0.03726 0.088675 0 0.336426 0.379808 0.433405 0.020433 0.048433 3 0.193115 0.072241 0.979345 0.082081 0.041311
CCTV01^20260318-110000-20260318-120000_000198,10 0.938965 0.104016 0.519231 0.156751 0.172365 2 0.928711 0.939103 0.733796 0.065705 0.085114 10 0.928223 0.209034 0.429665 0.099559 0.126424 3 0.927734 0.524639 0.881054 0.066106 0.189459 3 0.924316 0.243389 0.740385 0.065705 0.097578 10 0.916504 0.291767 0.505342 0.130008 0.178063 0 0.885742 0.869391 0.65901 0.032051 0.090812 0 0.869629 0.390224 0.514423 0.022837 0.065171 2 0.86084 0.476362 0.420584 0.025641 0.054843 0 0.859863 0.257212 0.646189 0.030449 0.08084 0 0.858887 0.91266 0.622151 0.033654 0.078348 1 0.853027 0.315405 0.626959 0.021034 0.059473 0 0.842773 0.211739 0.599893 0.026843 0.065171 0 0.829102 0.907051 0.893875 0.05609 0.123932 3 0.825684 0.420773 0.46688 0.046274 0.057692 10 0.820801 0.104016 0.519587 0.156951 0.17735 0 0.818848 0.852163 0.556624 0.026442 0.061254 1 0.812988 0.296875 0.718305 0.023237 0.069088 1 0.789062 0.715945 0.555734 0.022436 0.060897 0 0.78125 0.769631 0.674323 0.036859 0.087963 1 0.760742 0.231671 0.640313 0.023838 0.061966 0 0.746094 0.343249 0.633369 0.032252 0.069444 1 0.730957 0.579928 0.548077 0.030849 0.054843 10 0.584961 0.292368 0.50463 0.131611 0.178063 1 0.363037 0.828325 0.924857 0.038862 0.097578 1 0.336426 0.828726 0.924501 0.039664 0.099715 9 0.213989 0.338642 0.937322 0.156851 0.125356
CCTV01^20260318-110000-20260318-120000_000202,9 0.936523 0.65605 0.548967 0.066907 0.141382 10 0.924805 0.207983 0.433048 0.099659 0.134615 3 0.919434 0.52484 0.879986 0.065705 0.190171 3 0.913574 0.763622 0.91453 0.072115 0.17094 10 0.913086 0.103866 0.515491 0.158053 0.167735 3 0.905762 0.624599 0.45317 0.03125 0.057336 10 0.90332 0.730569 0.530271 0.110978 0.218661 0 0.896973 0.074206 0.9448 0.070738 0.110399 2 0.879883 0.8123 0.505342 0.027644 0.06339 0 0.866211 0.296675 0.527422 0.026843 0.059117 1 0.862305 0.335837 0.496439 0.015825 0.049858 10 0.850098 0.103766 0.515491 0.158854 0.170584 0 0.794434 0.417768 0.446403 0.022636 0.055199 1 0.789062 0.705529 0.93839 0.028045 0.093305 0 0.785156 0.889824 0.684117 0.034455 0.086895 9 0.658203 0.364483 0.428953 0.048277 0.07443 0 0.562012 0.793069 0.452813 0.022837 0.053063 0 0.42627 0.011118 0.922008 0.022236 0.09188
CCTV01^20260318-110000-20260318-120000_000206,10 0.935059 0.104317 0.51745 0.158353 0.170228 3 0.92627 0.52484 0.879986 0.066506 0.188746 3 0.92041 0.276743 0.717236 0.072316 0.106838 10 0.91748 0.924679 0.839565 0.150641 0.320869 3 0.911133 0.463742 0.440883 0.04367 0.054131 2 0.89502 0.827925 0.740207 0.039664 0.10933 2 0.893066 0.921474 0.665064 0.078526 0.101496 10 0.888672 0.208083 0.430734 0.099058 0.127137 2 0.885742 0.856971 0.952279 0.064904 0.095442 2 0.861328 0.244792 0.935897 0.068109 0.126781 1 0.86084 0.235276 0.584046 0.021434 0.058405 1 0.858887 0.765024 0.687144 0.023638 0.085826 3 0.852051 0.844151 0.509793 0.044071 0.067308 1 0.818848 0.708333 0.55146 0.020833 0.064459 0 0.805664 0.686899 0.730057 0.030849 0.098291 0 0.796875 0.821514 0.527422 0.023638 0.05698 10 0.796875 0.103816 0.517628 0.157151 0.174145 0 0.794434 0.790465 0.423789 0.020833 0.048433 0 0.705566 0.285757 0.482728 0.021034 0.050214 9 0.677246 0.763221 0.887464 0.096955 0.209402 3 0.583008 0.84375 0.509437 0.043269 0.066595 0 0.57959 0.267929 0.474715 0.019832 0.056268 1 0.435791 0.01535 0.882835 0.030699 0.083333 1 0.346924 0.995593 0.727208 0.008814 0.061254 3 0.215332 0.626202 0.425926 0.029647 0.057692 0 0.178955 0.01535 0.882835 0.030699 0.083333
CCTV01^20260318-110000-20260318-120000_000210,10 0.946777 0.103891 0.518875 0.158804 0.171652 1 0.941895 0.072842 0.720086 0.040915 0.071225 9 0.940918 0.745393 0.638889 0.098157 0.213675 10 0.934082 0.207282 0.43287 0.099058 0.134259 3 0.932129 0.701522 0.508725 0.044872 0.065883 3 0.927734 0.378005 0.56891 0.058093 0.075142 3 0.922852 0.524639 0.879986 0.066106 0.190171 2 0.918457 0.730168 0.861823 0.045272 0.125356 3 0.903809 0.215244 0.867165 0.077123 0.144587 2 0.901367 0.814503 0.536859 0.026442 0.060185 9 0.901367 0.323918 0.490385 0.043269 0.100427 1 0.895508 0.266727 0.896367 0.03145 0.083333 9 0.895508 0.229768 0.627137 0.061699 0.128917 3 0.888184 0.978365 0.880342 0.043269 0.123932 0 0.806641 0.251502 0.51745 0.022636 0.051994 0 0.803223 0.346054 0.959758 0.057893 0.080484 0 0.757812 0.281951 0.502493 0.022236 0.059117 10 0.749023 0.102915 0.519231 0.159756 0.176638 2 0.695801 0.901442 0.546296 0.033654 0.064815 0 0.622559 0.185847 0.56161 0.035357 0.054131 1 0.567871 0.128355 0.980057 0.036759 0.039886 1 0.476562 0.358073 0.437322 0.018229 0.04416 1 0.460938 0.795673 0.460826 0.016827 0.047721 0 0.332764 0.010079 0.765491 0.019757 0.075855 0 0.279785 0.257812 0.47614 0.018429 0.04416 1 0.205566 0.358173 0.437322 0.018029 0.044872 0 0.193115 0.30639 0.434829 0.01903 0.044872
CCTV01^20260318-110000-20260318-120000_000214,10 0.94873 0.104567 0.518519 0.158854 0.172365 2 0.938477 0.285757 0.656695 0.033854 0.088319 0 0.937988 0.173227 0.677885 0.03776 0.084402 10 0.9375 0.780849 0.759971 0.153045 0.387464 10 0.935547 0.207432 0.434829 0.098758 0.137464 3 0.928223 0.524439 0.879273 0.064904 0.188746 3 0.926758 0.661458 0.534188 0.040865 0.078348 2 0.916016 0.284054 0.783476 0.042468 0.103989 3 0.901367 0.702324 0.454594 0.036058 0.060897 2 0.900391 0.970353 0.682514 0.040064 0.08084 1 0.869629 0.80649 0.589387 0.01843 0.066239 1 0.866211 0.397336 0.508191 0.019832 0.048433 1 0.862305 0.35627 0.463675 0.017829 0.045584 1 0.861328 0.372596 0.520121 0.016827 0.050926 0 0.853027 0.084385 0.837607 0.049579 0.092593 0 0.808105 0.275841 0.497151 0.026843 0.054843 0 0.803223 0.833734 0.498041 0.02484 0.060897 0 0.686035 0.332131 0.45584 0.020433 0.054131 0 0.662109 0.929087 0.687144 0.032853 0.063034 2 0.556641 0.824519 0.446047 0.025641 0.047365 0 0.535156 0.332332 0.455306 0.021234 0.053775 10 0.5 0.103816 0.519231 0.159155 0.176638 10 0.29834 0.640224 0.409366 0.045673 0.113604 9 0.265869 0.9375 0.833867 0.125 0.253917 1 0.200562 0.673478 0.439815 0.01282 0.041311 0 0.188354 0.877404 0.611823 0.032051 0.075499 2 0.165649 0.877003 0.612714 0.03125 0.077279
CCTV01^20260318-110000-20260318-120000_000218,10 0.953125 0.104818 0.521011 0.161358 0.178775 10 0.945312 0.748397 0.768875 0.108974 0.326923 10 0.938477 0.097456 0.661681 0.19371 0.27208 3 0.933594 0.6877 0.641204 0.048478 0.103632 3 0.926758 0.524639 0.879986 0.066106 0.190171 3 0.925293 0.772436 0.582443 0.050481 0.086538 10 0.923828 0.208684 0.433405 0.103866 0.138177 3 0.923828 0.665465 0.478989 0.039263 0.061966 1 0.900391 0.895433 0.760862 0.028045 0.083689 0 0.898438 0.314704 0.934117 0.045272 0.110399 2 0.892578 0.969151 0.652422 0.042468 0.081197 3 0.882324 0.808093 0.779558 0.050481 0.138889 3 0.882324 0.85597 0.945869 0.08133 0.108262 0 0.876465 0.857372 0.769409 0.041667 0.102208 0 0.859863 0.249299 0.92735 0.051482 0.128205 1 0.835449 0.266226 0.650641 0.023237 0.069088 0 0.803223 0.257412 0.796652 0.03766 0.090456 0 0.73877 0.338441 0.463853 0.022236 0.054487 0 0.583008 0.659655 0.538818 0.027644 0.066239 0 0.519531 0.596354 0.47062 0.032452 0.060185 0 0.451416 0.521034 0.404558 0.023638 0.05057 0 0.291016 0.385417 0.907407 0.039263 0.095442 4 0.20813 0.985176 0.935541 0.029647 0.128917
CCTV01^20260318-110000-20260318-120000_000222,10 0.947266 0.121519 0.624644 0.18124 0.246439 10 0.944824 0.104267 0.525997 0.161258 0.190171 10 0.925293 0.208534 0.432692 0.102965 0.133191 3 0.925293 0.524439 0.879273 0.064103 0.188746 3 0.924316 0.268129 0.639067 0.049479 0.084402 1 0.911133 0.235076 0.755698 0.029447 0.07265 2 0.893066 0.336639 0.629986 0.039062 0.084758 0 0.890137 0.13747 0.892806 0.048778 0.12037 0 0.839844 0.91266 0.637108 0.028846 0.088319 0 0.822266 0.796675 0.51282 0.01883 0.061254 4 0.822266 0.851362 0.838319 0.055289 0.159544 0 0.799316 0.885016 0.563568 0.021635 0.063034 1 0.778809 0.686699 0.452457 0.015224 0.05235 2 0.775879 0.365585 0.411859 0.030048 0.055912 3 0.519531 0.414263 0.509971 0.048077 0.06339 0 0.403564 0.324619 0.456197 0.020633 0.043447 1 0.346924 0.822115 0.696403 0.020833 0.081553 3 0.154541 0.414463 0.51015 0.048478 0.063746 0 0.151978 0.127504 0.801994 0.040264 0.091168
CCTV01^20260318-110000-20260318-120000_000226,10 0.954102 0.104167 0.524216 0.159255 0.18661 10 0.942383 0.142553 0.588141 0.168419 0.206909 4 0.934082 0.305389 0.577813 0.053486 0.091524 3 0.926758 0.52484 0.880342 0.065705 0.188034 0 0.922363 0.713341 0.637286 0.028445 0.089387 10 0.922363 0.207432 0.431268 0.101562 0.130342 3 0.911621 0.439503 0.460826 0.040064 0.051994 0 0.902832 0.802885 0.67183 0.026442 0.092949 0 0.855957 0.834736 0.622507 0.032452 0.088319 1 0.847168 0.713742 0.470264 0.018029 0.049501 0 0.84375 0.803686 0.524573 0.027244 0.069088 0 0.831055 0.517428 0.434295 0.01883 0.049501 1 0.808105 0.267929 0.760328 0.026242 0.06339 0 0.773438 0.378906 0.427885 0.022636 0.05235 0 0.733887 0.334936 0.866809 0.035256 0.102564 1 0.700684 0.674279 0.469195 0.020032 0.049501 0 0.67041 0.234976 0.591702 0.032051 0.075142 0 0.59082 0.85016 0.489316 0.024039 0.05698 2 0.539062 0.404447 0.392272 0.030849 0.040954 2 0.482422 0.826723 0.511396 0.027644 0.060541 2 0.368408 0.826923 0.510506 0.027244 0.058761 2 0.240723 0.234876 0.591346 0.032252 0.075855 1 0.228149 0.367087 0.938034 0.031851 0.086895
CCTV01^20260318-110000-20260318-120000_000230,10 0.945801 0.234225 0.498754 0.141326 0.172009 10 0.936523 0.101512 0.520121 0.153345 0.176282 3 0.928223 0.524639 0.87963 0.064503 0.188034 9 0.924316 0.684695 0.434651 0.048878 0.105769 1 0.898926 0.862179 0.805556 0.027244 0.089744 1 0.887207 0.814904 0.730235 0.025641 0.076567 10 0.879883 0.209285 0.433583 0.102664 0.134259 0 0.879883 0.251202 0.864672 0.045673 0.103989 0 0.848145 0.850962 0.552172 0.028846 0.066595 0 0.820801 0.201022 0.965812 0.090745 0.068376 0 0.79834 0.292869 0.609687 0.029647 0.071225 0 0.764648 0.874199 0.525285 0.022436 0.06339 0 0.723145 0.510417 0.442842 0.016026 0.048789 0 0.723145 0.807893 0.457443 0.022035 0.060897 0 0.716797 0.269431 0.537215 0.028045 0.065171 10 0.687012 0.149489 0.665598 0.184996 0.261396 0 0.631836 0.309796 0.56891 0.022236 0.065171 2 0.618652 0.97516 0.804487 0.049679 0.123219 6 0.607422 0.345553 0.468305 0.085337 0.128917 0 0.533203 0.095177 0.829772 0.045823 0.094017 0 0.521484 0.821314 0.883191 0.028846 0.084046 10 0.190674 0.14989 0.665954 0.183393 0.263533 6 0.169922 0.345553 0.468127 0.085337 0.129273
CCTV01^20260318-110000-20260318-120000_000234,6 0.949707 0.272035 0.853276 0.147837 0.287749 10 0.946777 0.102714 0.519231 0.157953 0.175214 10 0.937012 0.809295 0.803953 0.157051 0.386396 3 0.935547 0.718349 0.601674 0.048077 0.087251 3 0.933594 0.667869 0.510506 0.038462 0.072293 3 0.930176 0.524439 0.879986 0.064904 0.188746 3 0.927246 0.341847 0.609687 0.05629 0.084046 3 0.925781 0.691707 0.449252 0.032452 0.062322 10 0.913086 0.203275 0.583867 0.122296 0.211895 10 0.905762 0.208784 0.43198 0.099259 0.130342 3 0.896973 0.251803 0.69854 0.063301 0.080128 10 0.888184 0.297676 0.456909 0.147436 0.153846 0 0.884766 0.164714 0.945157 0.049179 0.105413 0 0.870605 0.802083 0.575855 0.029647 0.076211 10 0.84082 0.477965 0.383636 0.07532 0.117343 1 0.817383 0.303385 0.664886 0.023037 0.064103 0 0.806641 0.85617 0.535969 0.021635 0.066239 1 0.804199 0.289563 0.573362 0.019832 0.057692 6 0.785156 0.419471 0.392628 0.070513 0.099359 7 0.760742 0.94391 0.818732 0.084936 0.173077 1 0.733887 0.472756 0.47062 0.021635 0.053775 9 0.729492 0.736979 0.940883 0.07492 0.118234 1 0.708984 0.85657 0.752315 0.020833 0.055199 10 0.470703 0.102464 0.520121 0.158454 0.178419 3 0.434082 0.777845 0.483618 0.034055 0.071225 0 0.363037 0.810697 0.476496 0.021234 0.048433 0 0.243652 0.808293 0.513711 0.022837 0.053775 0 0.23938 0.808894 0.508369 0.020833 0.04594 10 0.203125 0.297776 0.456197 0.148037 0.154558
CCTV01^20260318-110000-20260318-120000_000238,6 0.945801 0.174679 0.675214 0.197917 0.240741 6 0.941895 0.290264 0.544872 0.052484 0.160256 7 0.934082 0.324119 0.91631 0.080929 0.165954 3 0.932129 0.524639 0.880698 0.065305 0.188746 10 0.932129 0.341046 0.433583 0.157652 0.139957 3 0.927246 0.283754 0.712073 0.067508 0.097222 3 0.923828 0.915465 0.8198 0.092147 0.138177 3 0.908691 0.264523 0.833333 0.064704 0.122507 10 0.905762 0.209685 0.430377 0.100661 0.129274 10 0.890137 0.208433 0.535434 0.070713 0.167735 0 0.885742 0.805288 0.581909 0.025641 0.065527 1 0.884766 0.183243 0.797365 0.028746 0.080484 10 0.872559 0.104167 0.51745 0.157252 0.17094 1 0.866211 0.395933 0.547187 0.01903 0.054487 0 0.850098 0.772636 0.852208 0.042869 0.131766 10 0.849121 0.104367 0.517984 0.157051 0.177707 0 0.837402 0.779247 0.45406 0.021635 0.054131 0 0.832031 0.783453 0.541845 0.023638 0.065883 0 0.831055 0.462941 0.464209 0.023638 0.063746 0 0.825684 0.338041 0.585826 0.032652 0.073362 1 0.822266 0.690705 0.534544 0.01843 0.059117 1 0.820801 0.236979 0.721332 0.02524 0.068732 0 0.804199 0.35607 0.530983 0.027444 0.067664 0 0.800781 0.857372 0.597222 0.033654 0.076923 0 0.694336 0.867388 0.516382 0.021635 0.060541 6 0.571777 0.444511 0.380164 0.08133 0.092236 3 0.554688 0.14666 0.966524 0.103315 0.066952 2 0.53125 0.828726 0.462073 0.028445 0.053063 0 0.457031 0.895032 0.565171 0.025641 0.077635 2 0.445557 0.020846 0.985755 0.041692 0.02849 0 0.240723 0.835337 0.482906 0.021635 0.054843
CCTV01^20260318-110000-20260318-120000_000242,6 0.957031 0.308894 0.534544 0.108173 0.170228 10 0.953613 0.138421 0.631054 0.223558 0.239316 10 0.953125 0.104067 0.521367 0.158053 0.180912 10 0.944336 0.673878 0.493412 0.083333 0.194801 7 0.935547 0.388622 0.48433 0.033654 0.081909 3 0.93457 0.176683 0.828348 0.073718 0.122507 10 0.930664 0.413261 0.400997 0.125401 0.123932 3 0.928711 0.241787 0.932692 0.074519 0.134615 3 0.920898 0.524639 0.881054 0.064503 0.189459 0 0.919434 0.341446 0.879273 0.054687 0.130342 0 0.908691 0.963141 0.689815 0.030449 0.093305 5 0.908691 0.275741 0.654915 0.066306 0.121795 1 0.908203 0.229567 0.776353 0.028045 0.076923 5 0.905273 0.341146 0.628561 0.059696 0.109687 10 0.888184 0.244742 0.483796 0.097857 0.172721 2 0.875977 0.198968 0.712607 0.044772 0.084758 2 0.872559 0.877404 0.580128 0.048077 0.099715 2 0.85791 0.822115 0.472578 0.025641 0.054843 0 0.854004 0.796675 0.487001 0.022836 0.059473 1 0.838867 0.401843 0.520299 0.021635 0.047721 0 0.837402 0.275941 0.780983 0.033053 0.084758 1 0.822266 0.316106 0.712429 0.023638 0.060897 2 0.777344 0.985978 0.794872 0.028045 0.098291 0 0.773438 0.309695 0.808405 0.036859 0.089744 2 0.732422 0.83133 0.63141 0.036058 0.084758 1 0.665527 0.29347 0.704594 0.023638 0.059473 0 0.575684 0.593149 0.423255 0.028446 0.05235 0 0.565918 0.807692 0.81161 0.036859 0.094729 0 0.558105 0.041379 0.888177 0.066081 0.112536 0 0.515625 0.757212 0.909188 0.03766 0.100427 0 0.437744 0.138121 0.746261 0.041667 0.088675 0 0.42627 0.410056 0.950855 0.055689 0.098291 0 0.370117 0.232171 0.637286 0.029247 0.067308 0 0.357666 0.993189 0.717415 0.013622 0.085114 2 0.344238 0.83133 0.63141 0.036058 0.084046 7 0.294189 0.388622 0.484865 0.034054 0.082977 10 0.235107 0.209736 0.439281 0.10016 0.145655 0 0.172119 0.248698 0.726496 0.029447 0.062678 1 0.153076 0.248698 0.726496 0.029447 0.062678
CCTV01^20260318-110000-20260318-120000_000246,10 0.954102 0.103791 0.52297 0.160607 0.183405 10 0.950684 0.190605 0.60114 0.213341 0.230769 7 0.930664 0.355469 0.865028 0.084335 0.151709 3 0.924805 0.231771 0.728454 0.0625 0.105769 3 0.924316 0.524639 0.880698 0.066907 0.188746 10 0.919434 0.208283 0.43287 0.10026 0.134259 3 0.919434 0.275641 0.76282 0.058494 0.116809 3 0.908691 0.29347 0.63515 0.065304 0.082265 1 0.907227 0.185146 0.884615 0.032151 0.084046 2 0.890137 0.675881 0.474003 0.027244 0.059117 2 0.88623 0.467949 0.431624 0.029647 0.053419 0 0.877441 0.314303 0.91631 0.047276 0.114672 0 0.868652 0.290465 0.815527 0.03766 0.099715 1 0.864258 0.832933 0.666132 0.026442 0.085826 2 0.845703 0.919471 0.648326 0.064904 0.129274 1 0.838867 0.319411 0.567486 0.021434 0.050926 6 0.837402 0.351462 0.483084 0.095553 0.144943 1 0.830078 0.491386 0.461182 0.01883 0.049858 2 0.803223 0.40645 0.438568 0.022837 0.054487 0 0.800781 0.34976 0.553241 0.030048 0.067308 0 0.786621 0.326823 0.639067 0.035457 0.076567 0 0.779785 0.395232 0.539886 0.029647 0.061966 0 0.777344 0.240485 0.8198 0.03746 0.091168 0 0.746094 0.93149 0.7224 0.040865 0.089387 0 0.720215 0.322917 0.693732 0.030849 0.078348 2 0.695801 0.989183 0.828348 0.021635 0.108262 0 0.569824 0.170573 0.730413 0.040665 0.090456 2 0.542969 0.134064 0.858974 0.049379 0.121083 0 0.492188 0.830529 0.46047 0.020032 0.057692 0 0.458984 0.421274 0.488426 0.022837 0.050214 0 0.317383 0.897837 0.59651 0.028045 0.073362 0 0.210083 0.171024 0.72881 0.041967 0.093661 0 0.190674 0.444712 0.472578 0.022436 0.054843 0 0.180664 0.93109 0.723291 0.041667 0.094729 0 0.157104 0.783654 0.963675 0.046474 0.07265 0 0.155029 0.277544 0.592593 0.041466 0.074074
CCTV01^20260318-110000-20260318-120000_000250,6 0.946289 0.408654 0.410434 0.073718 0.116453 3 0.939453 0.266727 0.754273 0.063101 0.112536 2 0.936523 0.241386 0.693376 0.043269 0.084758 10 0.932129 0.304487 0.508903 0.168269 0.178063 3 0.921387 0.524639 0.879986 0.065305 0.188746 10 0.916504 0.844752 0.650997 0.167869 0.282051 10 0.915039 0.207131 0.433405 0.098157 0.13604 3 0.915039 0.272436 0.889601 0.077724 0.153846 3 0.911133 0.489383 0.452635 0.034856 0.060541 2 0.884766 0.925881 0.651175 0.053686 0.122863 2 0.878906 0.298077 0.649395 0.044071 0.078704 0 0.858887 0.163311 0.878205 0.045373 0.096866 10 0.847168 0.102013 0.517984 0.159355 0.177707 0 0.819824 0.401242 0.494302 0.028446 0.060541 0 0.799316 0.264223 0.603276 0.027644 0.071225 0 0.777344 0.323918 0.660256 0.029247 0.07265 6 0.76709 0.101362 0.82265 0.202724 0.290598 10 0.728516 0.102865 0.701923 0.205729 0.277066 0 0.723145 0.797877 0.451211 0.022035 0.058405 1 0.663574 0.454928 0.445157 0.017228 0.053419 1 0.635254 0.646034 0.471688 0.014022 0.055199 0 0.567871 0.320312 0.737714 0.030849 0.075855 2 0.533203 0.228466 0.613604 0.030248 0.081909 7 0.523438 0.3124 0.588319 0.041867 0.078348 0 0.286133 0.164313 0.871083 0.04397 0.086895 0 0.265137 0.336038 0.85933 0.039864 0.093305 10 0.230225 0.102739 0.518697 0.158303 0.174858
CCTV01^20260318-110000-20260318-120000_000255,6 0.95166 0.395933 0.492343 0.09996 0.134971 10 0.945801 0.264924 0.544516 0.159655 0.198006 10 0.945312 0.419571 0.398415 0.095152 0.112714 10 0.944824 0.103741 0.518697 0.157903 0.173433 2 0.927734 0.2497 0.694266 0.034655 0.092949 3 0.927246 0.52484 0.87963 0.064904 0.189459 10 0.923828 0.207031 0.431802 0.099159 0.129986 3 0.916504 0.354667 0.946225 0.107572 0.10755 3 0.915527 0.308093 0.811966 0.0625 0.118234 7 0.909668 0.205278 0.940171 0.089042 0.119658 3 0.901855 0.302784 0.696937 0.055489 0.110399 1 0.899902 0.380509 0.845442 0.033053 0.079772 1 0.887207 0.907452 0.727742 0.03766 0.067308 3 0.873047 0.735978 0.564103 0.057692 0.11396 2 0.859863 0.198217 0.839744 0.045072 0.10114 2 0.856934 0.921074 0.648682 0.063301 0.125 0 0.85498 0.771835 0.489494 0.027644 0.058048 0 0.85498 0.21895 0.733084 0.034856 0.095085 3 0.845703 0.491186 0.439103 0.03766 0.055556 1 0.817383 0.246595 0.797008 0.025641 0.074074 5 0.817383 0.29978 0.605057 0.075921 0.098291 1 0.771973 0.123297 0.769231 0.037861 0.065527 1 0.694336 0.620994 0.473291 0.016026 0.051994 0 0.59082 0.253105 0.890669 0.03746 0.083333 0 0.554688 0.338542 0.622329 0.028045 0.065171 2 0.466797 0.198518 0.839031 0.044872 0.102564 4 0.393311 0.850561 0.630876 0.050481 0.120727 2 0.386719 0.470152 0.479523 0.027644 0.053775 0 0.29834 0.85016 0.63052 0.049679 0.119302 0 0.221313 0.134665 0.969729 0.045172 0.060541
CCTV01^20260318-110000-20260318-120000_000259,7 0.986328 0.257312 0.539708 0.041867 0.075142 10 0.95166 0.10334 0.519587 0.159906 0.174501 10 0.941895 0.207181 0.43287 0.099659 0.132835 2 0.941406 0.819712 0.723469 0.036859 0.100071 10 0.933105 0.417568 0.408743 0.099159 0.125534 3 0.921875 0.296074 0.634081 0.061699 0.081553 3 0.915039 0.524639 0.880342 0.064503 0.190883 3 0.911621 0.376102 0.593127 0.063101 0.067308 2 0.908691 0.921875 0.652066 0.061699 0.118234 2 0.906738 0.283954 0.714565 0.041466 0.097934 1 0.905762 0.345954 0.823718 0.030048 0.076211 10 0.905273 0.078651 0.733262 0.147987 0.309829 2 0.904785 0.810296 0.552172 0.028445 0.06802 2 0.879883 0.330028 0.759615 0.041466 0.099003 3 0.868652 0.453125 0.48166 0.043269 0.05235 0 0.866211 0.757212 0.497507 0.022436 0.06339 1 0.861328 0.320813 0.661325 0.019431 0.057692 1 0.859863 0.345252 0.55235 0.023838 0.051282 3 0.836426 0.202073 0.768519 0.0622 0.125356 0 0.830078 0.237179 0.61485 0.031651 0.073718 0 0.819824 0.979968 0.836182 0.040064 0.105413 3 0.811523 0.267027 0.839387 0.059696 0.124644 1 0.782715 0.292167 0.487714 0.015425 0.045228 1 0.720215 0.363181 0.441595 0.018029 0.044872 2 0.71875 0.428285 0.46136 0.028846 0.058048 0 0.702637 0.627604 0.565527 0.022035 0.06339 0 0.586914 0.217698 0.575855 0.025341 0.067664 3 0.542969 0.506811 0.441952 0.034455 0.062678 1 0.455078 0.341146 0.469017 0.012019 0.040598 4 0.411133 0.469752 0.98896 0.054888 0.02208 0 0.359375 0.321014 0.47703 0.022636 0.05235 1 0.329346 0.81851 0.507657 0.016827 0.053063 3 0.299805 0.266927 0.839744 0.059495 0.123932 0 0.287842 0.348858 0.420584 0.023037 0.049145 2 0.259766 0.321014 0.47703 0.022636 0.05235 2 0.226807 0.970753 0.957621 0.058494 0.084758 7 0.182373 0.30599 0.93661 0.116787 0.126781 0 0.157104 0.825721 0.451389 0.020032 0.050926 0 0.150024 0.979968 0.837607 0.036859 0.098291
CCTV01^20260318-110000-20260318-120000_000263,4 0.964355 0.395433 0.534544 0.052083 0.089031 10 0.946289 0.101362 0.530805 0.157853 0.199074 4 0.945312 0.333233 0.919872 0.070312 0.158832 10 0.943359 0.155223 0.587963 0.135467 0.228632 9 0.942871 0.278646 0.640669 0.072917 0.152422 3 0.936523 0.177384 0.801638 0.071915 0.116097 2 0.933105 0.485577 0.444979 0.026442 0.055912 10 0.928711 0.207632 0.427885 0.102364 0.125 6 0.923828 0.398437 0.451033 0.067708 0.092949 3 0.923828 0.52504 0.881054 0.066106 0.189459 3 0.92041 0.255108 0.804131 0.066707 0.123932 3 0.901855 0.444111 0.478989 0.042869 0.049145 0 0.830078 0.735777 0.614494 0.02524 0.077991 3 0.825684 0.290164 0.56891 0.051082 0.055912 1 0.824219 0.395333 0.390491 0.017428 0.040242 0 0.81543 0.85617 0.63515 0.029647 0.082265 1 0.805664 0.353666 0.495548 0.017829 0.048789 0 0.803223 0.787861 0.615207 0.02524 0.073006 0 0.801758 0.306791 0.485399 0.024639 0.06339 1 0.800781 0.214994 0.655627 0.023938 0.062678 1 0.79834 0.241086 0.60292 0.020633 0.054843 0 0.78418 0.78766 0.71688 0.028846 0.09188 0 0.716797 0.264523 0.547365 0.028245 0.062678 1 0.462891 0.903045 0.652066 0.025641 0.088319 3 0.390381 0.211739 0.959402 0.089744 0.081197 0 0.366699 0.627604 0.567664 0.024439 0.068376 1 0.291016 0.372696 0.422543 0.014223 0.036681 7 0.279785 0.924279 0.892094 0.137019 0.215812 0 0.253906 0.76903 0.410256 0.017228 0.051282 4 0.244385 0.92508 0.891026 0.135417 0.2151 0 0.212036 0.330228 0.648682 0.029848 0.073718
CCTV01^20260318-110000-20260318-120000_000267,10 0.953125 0.254006 0.486823 0.146635 0.173789 10 0.950195 0.104067 0.520477 0.159856 0.179131 3 0.943359 0.364183 0.440349 0.032853 0.051638 10 0.938965 0.768229 0.601852 0.127003 0.260684 3 0.935547 0.311699 0.669694 0.064103 0.087963 3 0.930176 0.52484 0.880342 0.066506 0.189459 4 0.921387 0.360777 0.574252 0.048478 0.091524 4 0.917969 0.455329 0.467949 0.048478 0.07265 5 0.913086 0.305088 0.584758 0.0625 0.099003 3 0.904785 0.367087 0.512286 0.0623 0.075142 3 0.899902 0.421374 0.463497 0.044271 0.057336 0 0.880859 0.233874 0.745014 0.033454 0.089744 10 0.874023 0.208834 0.433583 0.103165 0.132835 0 0.862305 0.207382 0.676282 0.034355 0.071937 0 0.858887 0.348958 0.928419 0.044071 0.100427 7 0.854004 0.743389 0.878917 0.063702 0.213675 1 0.853027 0.819511 0.930912 0.030849 0.096866 3 0.848145 0.481771 0.436254 0.034856 0.047721 3 0.84082 0.401743 0.535969 0.045072 0.066239 10 0.818848 0.094501 0.718661 0.188201 0.292023 1 0.812988 0.684295 0.611111 0.024038 0.067664 0 0.743164 0.23758 0.631054 0.032853 0.071937 0 0.737305 0.794872 0.747329 0.032051 0.100783 3 0.730957 0.622396 0.404915 0.030849 0.066239 0 0.720215 0.860176 0.515491 0.023237 0.06161 2 0.686035 0.978766 0.728632 0.042468 0.096866 0 0.658203 0.173077 0.73718 0.040264 0.084046 9 0.633301 0.390825 0.385862 0.045272 0.08084 0 0.605957 0.627804 0.566595 0.023237 0.060541 0 0.517578 0.305188 0.512999 0.030248 0.056624 10 0.450439 0.023613 0.668091 0.046975 0.283476 3 0.394287 0.763822 0.48255 0.032452 0.061254 10 0.345215 0.672276 0.38693 0.05609 0.128561 0 0.193115 0.432893 0.424323 0.01883 0.040242 4 0.151978 0.845353 0.604167 0.036859 0.077279 0 0.151001 0.2501 0.834758 0.036258 0.096866
CCTV01^20260318-110000-20260318-120000_000271,10 0.956543 0.104692 0.522792 0.163211 0.18661 10 0.955566 0.144732 0.645833 0.196915 0.259615 10 0.937012 0.819111 0.641738 0.161458 0.292023 10 0.936523 0.34395 0.432692 0.141426 0.151709 2 0.93457 0.346955 0.5 0.048878 0.083333 6 0.933105 0.863181 0.539886 0.094151 0.188034 3 0.932129 0.738181 0.893875 0.062901 0.156695 3 0.926758 0.52484 0.879273 0.067308 0.191595 2 0.922852 0.02166 0.953704 0.043319 0.092593 10 0.921387 0.207432 0.432336 0.100361 0.138889 3 0.918945 0.711538 0.605235 0.052885 0.091524 1 0.908691 0.895833 0.863248 0.030449 0.088319 3 0.908203 0.729167 0.494658 0.03766 0.07906 3 0.901855 0.388722 0.5625 0.052684 0.075855 7 0.88623 0.23117 0.753561 0.055689 0.14245 1 0.880859 0.303886 0.621795 0.029247 0.061966 3 0.878418 0.474359 0.433048 0.036859 0.049145 2 0.852051 0.438502 0.461004 0.026843 0.060897 1 0.834473 0.315605 0.962251 0.035857 0.074074 0 0.832031 0.306691 0.537393 0.025641 0.060541 0 0.823242 0.304087 0.847934 0.038462 0.110399 0 0.819824 0.265725 0.573006 0.02504 0.059117 3 0.775879 0.471354 0.479345 0.038862 0.055556 10 0.677246 0.024289 0.664174 0.048478 0.26567 4 0.65332 0.509215 0.393964 0.033654 0.061788 0 0.615234 0.905849 0.941952 0.048878 0.106125 2 0.611328 0.789463 0.45495 0.026042 0.056624 2 0.556641 0.809495 0.489494 0.02524 0.058048 0 0.490234 0.764623 0.443554 0.020433 0.053775 1 0.460938 0.383013 0.517806 0.020433 0.042023 2 0.266602 0.978365 0.733618 0.041667 0.091168 0 0.255371 0.629207 0.571225 0.023638 0.066952 9 0.230225 0.632212 0.423255 0.03766 0.095085 1 0.229492 0.688502 0.396011 0.018029 0.056268 0 0.214722 0.257111 0.875356 0.040665 0.091168 0 0.190674 0.304187 0.844373 0.037861 0.10755
CCTV01^20260318-110000-20260318-120000_000275,6 0.966309 0.908654 0.629273 0.11859 0.231481 10 0.953125 0.228766 0.567308 0.182692 0.210114 10 0.946289 0.103941 0.521902 0.157903 0.18198 9 0.94043 0.721955 0.622329 0.080128 0.174145 10 0.93457 0.207933 0.429309 0.098958 0.125712 3 0.928223 0.52484 0.87963 0.067308 0.190883 2 0.922852 0.921875 0.82906 0.042468 0.108262 6 0.913574 0.80028 0.714031 0.074119 0.218661 3 0.908203 0.658654 0.521546 0.046474 0.073006 2 0.903809 0.861779 0.882479 0.047276 0.121083 3 0.888672 0.430188 0.473469 0.049079 0.065883 3 0.883301 0.667668 0.58084 0.042067 0.084758 1 0.878418 0.308894 0.903134 0.025641 0.079772 1 0.834473 0.317308 0.961538 0.032051 0.071225 3 0.816406 0.817107 0.600249 0.045272 0.087963 1 0.796875 0.780048 0.585292 0.021635 0.060897 0 0.791992 0.339844 0.610577 0.025841 0.064459 1 0.786621 0.327324 0.677529 0.021234 0.064459 1 0.770508 0.753405 0.524038 0.021234 0.06161 3 0.767578 0.490785 0.429131 0.036859 0.057692 1 0.750488 0.691707 0.737179 0.024439 0.076923 0 0.712402 0.322516 0.485933 0.020833 0.046652 2 0.668945 0.359575 0.467058 0.033253 0.067308 1 0.644043 0.831731 0.655627 0.016026 0.069801 10 0.644043 0.411859 0.395655 0.123397 0.126068 10 0.629883 0.412059 0.39521 0.122997 0.125534 0 0.592773 0.328425 0.441061 0.017829 0.045228 10 0.592773 0.249599 0.80057 0.13742 0.368946 1 0.44165 0.394932 0.547721 0.022236 0.054843 2 0.434082 0.982372 0.802706 0.035256 0.084046 2 0.364746 0.85657 0.51015 0.041667 0.078704 2 0.29834 0.359575 0.467058 0.033253 0.06802 0 0.291748 0.887019 0.711004 0.048077 0.086538 0 0.279785 0.336639 0.837963 0.037861 0.103276 10 0.247314 0.10612 0.8474 0.203626 0.299501
CCTV01^20260318-110000-20260318-120000_000279,10 0.95166 0.105919 0.527244 0.16276 0.196225 10 0.951172 0.175931 0.617343 0.198618 0.259615 9 0.949219 0.840945 0.902066 0.10016 0.195869 10 0.943359 0.301783 0.643697 0.126402 0.266738 10 0.939941 0.363782 0.457977 0.13141 0.152422 10 0.936523 0.163912 0.775641 0.175381 0.35755 3 0.935547 0.525641 0.880698 0.067308 0.19302 3 0.931152 0.929888 0.877137 0.092147 0.160256 10 0.927734 0.209435 0.431446 0.103165 0.132835 3 0.927734 0.732372 0.707087 0.053686 0.121439 3 0.925293 0.769231 0.845798 0.060096 0.161681 3 0.915039 0.23728 0.925926 0.079928 0.148148 3 0.896973 0.382512 0.9448 0.106771 0.110399 2 0.887207 0.810096 0.456375 0.024038 0.054487 11 0.868652 0.744992 0.531517 0.102163 0.18839 0 0.868164 0.059458 0.744658 0.04034 0.093305 0 0.851074 0.295773 0.964387 0.061899 0.071225 1 0.827637 0.305889 0.827991 0.029647 0.080484 1 0.804199 0.251703 0.804487 0.030649 0.076211 0 0.789062 0.329527 0.773504 0.034455 0.095442 1 0.757812 0.223458 0.826211 0.027444 0.075499 10 0.753418 0.955529 0.780983 0.088942 0.342593 2 0.660156 0.902644 0.626959 0.034455 0.084402 2 0.577637 0.013547 0.811254 0.027093 0.121083 3 0.44751 0.751603 0.94302 0.075321 0.11396 0 0.397949 0.059821 0.744836 0.041617 0.095798 0 0.364746 0.334736 0.878561 0.036859 0.080484 2 0.320801 0.013622 0.810541 0.027244 0.119658 10 0.303223 0.955529 0.783476 0.088942 0.344729 10 0.274414 0.488582 0.349359 0.078926 0.11396 0 0.190674 0.901442 0.626781 0.033654 0.081909 0 0.168823 0.285958 0.959402 0.045072 0.07265
CCTV01^20260318-110000-20260318-120000_000283,10 0.946777 0.361178 0.45495 0.127003 0.161325 10 0.945801 0.103816 0.525641 0.160757 0.189459 10 0.936523 0.265425 0.603454 0.151843 0.253205 10 0.933594 0.208534 0.432692 0.102965 0.138177 10 0.931152 0.815705 0.688746 0.150641 0.316239 3 0.926758 0.52484 0.87963 0.067308 0.195157 3 0.922852 0.365685 0.599715 0.065104 0.086895 11 0.921387 0.670272 0.468839 0.050481 0.124288 3 0.915527 0.270232 0.767806 0.074119 0.119658 3 0.911621 0.326322 0.839387 0.072516 0.127493 3 0.905273 0.802083 0.503383 0.038462 0.073006 0 0.893066 0.254607 0.891738 0.04367 0.116809 2 0.850098 0.902644 0.591524 0.03766 0.071225 1 0.841797 0.21905 0.838319 0.03105 0.084046 0 0.831055 0.309395 0.685719 0.03105 0.075143 2 0.825684 0.95032 0.662749 0.040064 0.082621 2 0.78125 0.949119 0.844729 0.047276 0.125356 2 0.763672 0.702724 0.471688 0.025641 0.062322 3 0.71875 0.835938 0.93198 0.070112 0.13604 1 0.584961 0.209836 0.905627 0.031851 0.080484 10 0.546875 0.485377 0.406072 0.083734 0.130876 3 0.533203 0.161558 0.934829 0.087139 0.130342 0 0.513672 0.354066 0.537393 0.025841 0.065527 10 0.507812 0.485577 0.405538 0.083333 0.131232 5 0.474609 0.376002 0.926994 0.123798 0.138889 10 0.363037 0.089293 0.753205 0.178586 0.336895 0 0.312256 0.256711 0.892806 0.049079 0.12037 2 0.306641 0.950721 0.662393 0.040865 0.081909 0 0.205566 0.254307 0.889957 0.042668 0.110399 0 0.195557 0.990785 0.741631 0.018429 0.077991 0 0.151978 0.991186 0.740741 0.017628 0.075499
CCTV01^20260318-110000-20260318-120000_000287,10 0.946777 0.103265 0.519053 0.158854 0.176994 5 0.944336 0.312099 0.821937 0.071314 0.155271 10 0.942871 0.306691 0.526531 0.170272 0.179843 10 0.942383 0.172025 0.729701 0.195212 0.329772 3 0.933594 0.52484 0.87963 0.066506 0.193732 10 0.930176 0.461338 0.418981 0.098958 0.144943 10 0.928223 0.209135 0.43287 0.101362 0.133547 3 0.922852 0.315204 0.678419 0.052284 0.09188 3 0.906738 0.69391 0.47062 0.039263 0.063034 3 0.905762 0.759415 0.680912 0.05008 0.125356 5 0.901367 0.092122 0.938034 0.114633 0.123932 11 0.897461 0.740585 0.869302 0.114984 0.261396 2 0.89502 0.231671 0.86859 0.04347 0.123219 1 0.788086 0.633814 0.422721 0.014423 0.044872 1 0.726562 0.200521 0.863604 0.030849 0.099003 0 0.725098 0.795873 0.468661 0.022035 0.061254 3 0.723145 0.2503 0.780805 0.07512 0.119302 2 0.672363 0.989183 0.736289 0.021635 0.092949 2 0.662109 0.900641 0.715278 0.064103 0.139245 3 0.588867 0.162159 0.957621 0.091546 0.084758 10 0.556641 0.924679 0.886396 0.150641 0.227208 0 0.470703 0.426883 0.894943 0.052484 0.111823 0 0.364746 0.273337 0.630876 0.025841 0.073006 2 0.311523 0.989583 0.740385 0.020833 0.096154 0 0.309082 0.374299 0.850427 0.043069 0.091168 3 0.306641 0.396835 0.946937 0.091747 0.106125 0 0.176636 0.3751 0.857906 0.040665 0.077635 1 0.157104 0.787059 0.845798 0.032452 0.097578
CCTV01^20260318-110000-20260318-120000_000291,10 0.939453 0.428786 0.447471 0.115184 0.151353 10 0.939453 0.109776 0.623575 0.211939 0.251424 10 0.937988 0.302684 0.568554 0.155849 0.221866 10 0.930664 0.104417 0.527244 0.160958 0.198362 3 0.930176 0.844551 0.840456 0.086538 0.150997 5 0.925781 0.223207 0.707621 0.076022 0.131766 3 0.923828 0.52484 0.880698 0.06891 0.191595 10 0.919434 0.208534 0.435897 0.103365 0.141026 5 0.915527 0.677284 0.445513 0.039663 0.07906 3 0.912598 0.316306 0.834758 0.067708 0.11396 10 0.911621 0.054788 0.871083 0.109575 0.257835 0 0.897461 0.189553 0.639957 0.033954 0.067664 3 0.895508 0.217348 0.850071 0.073317 0.133191 3 0.885742 0.476763 0.473825 0.041667 0.06161 3 0.875977 0.142653 0.949074 0.083083 0.101852 6 0.866699 0.285657 0.896368 0.128205 0.207265 3 0.856934 0.40645 0.9448 0.105369 0.110399 2 0.855957 0.261218 0.712073 0.039263 0.100071 0 0.852051 0.893429 0.658298 0.033654 0.089387 0 0.838867 0.271735 0.74911 0.03105 0.073006 0 0.82666 0.961538 0.669694 0.032051 0.08084 5 0.819824 0.374399 0.577635 0.059295 0.099003 0 0.806641 0.3122 0.705128 0.035056 0.086895 1 0.78125 0.842147 0.661859 0.024038 0.084402 3 0.725098 0.498197 0.419516 0.028446 0.055556 0 0.699219 0.345052 0.762108 0.038662 0.08547 0 0.694336 0.79347 0.474181 0.022035 0.055912 10 0.291748 0.024458 0.645655 0.04869 0.238604 2 0.27832 0.368289 0.98896 0.052684 0.02208 0 0.245117 0.651442 0.837963 0.034455 0.123219 1 0.190674 0.238582 0.759259 0.019631 0.055556 3 0.173828 0.497997 0.419516 0.028045 0.054131
CCTV01^20260318-110000-20260318-120000_000295,3 0.962891 0.482372 0.464565 0.040064 0.058048 10 0.953613 0.139974 0.712963 0.183193 0.307692 10 0.952637 0.103866 0.522258 0.157853 0.186966 10 0.941895 0.348558 0.521011 0.133013 0.191595 5 0.939941 0.285857 0.620726 0.08133 0.10114 2 0.939453 0.261919 0.684295 0.036258 0.088675 10 0.938965 0.241286 0.519943 0.166466 0.18661 3 0.927734 0.52504 0.880342 0.066907 0.190883 3 0.927734 0.154948 0.886396 0.069511 0.143162 3 0.922852 0.348157 0.862179 0.082131 0.126068 2 0.920898 0.353065 0.942664 0.051883 0.110399 6 0.917969 0.263221 0.869658 0.121795 0.253561 3 0.915039 0.051019 0.928775 0.101187 0.14245 10 0.912598 0.448718 0.430288 0.105769 0.136574 10 0.911621 0.209235 0.439815 0.101963 0.149573 3 0.908203 0.302183 0.752493 0.05028 0.104701 6 0.894043 0.820112 0.638533 0.076122 0.237179 0 0.878906 0.75641 0.608084 0.02484 0.080128 0 0.801758 0.229467 0.694088 0.029046 0.070513 0 0.779785 0.672676 0.390313 0.019231 0.048433 0 0.749023 0.300982 0.662037 0.030248 0.071225 0 0.694336 0.652043 0.842949 0.040465 0.131766 3 0.682617 0.98758 0.899216 0.02484 0.14886 5 0.644043 0.40024 0.537749 0.050481 0.086182 10 0.57373 0.02524 0.678419 0.050431 0.292735 0 0.462891 0.354467 0.598647 0.029848 0.066239 0 0.221313 0.814503 0.469729 0.021635 0.057692
CCTV01^20260318-110000-20260318-120000_000299,3 0.950195 0.158854 0.741275 0.080929 0.107194 10 0.949707 0.103866 0.519587 0.158454 0.181624 10 0.94873 0.422576 0.434295 0.095553 0.136396 10 0.941895 0.236178 0.578348 0.152644 0.217949 3 0.933105 0.420272 0.932692 0.092949 0.134615 5 0.931152 0.066732 0.846154 0.125751 0.168091 2 0.928711 0.257512 0.654736 0.035056 0.085826 10 0.927246 0.208834 0.434829 0.103165 0.138889 3 0.927246 0.327724 0.812678 0.073718 0.109687 3 0.926758 0.52504 0.881054 0.066106 0.190883 3 0.925293 0.504407 0.429309 0.032051 0.05235 3 0.925293 0.744391 0.809117 0.060897 0.14245 3 0.919434 0.300481 0.721866 0.045673 0.093305 3 0.918457 0.957532 0.869658 0.084936 0.153846 2 0.900391 0.335036 0.884615 0.051482 0.102564 2 0.872559 0.358674 0.954416 0.053886 0.091168 5 0.851074 0.370393 0.521724 0.058894 0.090456 0 0.831055 0.649439 0.837963 0.03766 0.123219 0 0.829102 0.790665 0.565527 0.024439 0.07265 6 0.826172 0.259615 0.861823 0.113782 0.257835 0 0.809082 0.869391 0.579594 0.028846 0.068732 0 0.79834 0.772837 0.675748 0.029647 0.098647 3 0.789062 0.480168 0.46599 0.039663 0.056624 0 0.78125 0.300581 0.637642 0.027845 0.065171 1 0.78125 0.690304 0.807336 0.028045 0.09188 1 0.773438 0.889423 0.640669 0.022436 0.069801 0 0.769043 0.786258 0.442308 0.022035 0.051282 0 0.760742 0.228866 0.67646 0.03145 0.073006 10 0.740234 0.352464 0.442842 0.121194 0.156339 3 0.631836 0.116987 0.944444 0.065905 0.111111 0 0.577637 0.929487 0.915242 0.052885 0.116809 0 0.439697 0.862179 0.540242 0.030449 0.060541 1 0.373779 0.027845 0.939815 0.054587 0.093305 1 0.358398 0.028633 0.939815 0.055013 0.096154 6 0.320068 0.851562 0.901353 0.098157 0.195869 3 0.275879 0.164714 0.842949 0.065605 0.134615 0 0.228149 0.772636 0.678063 0.030048 0.096866 0 0.165649 0.388421 0.53953 0.026442 0.06339
CCTV01^20260318-110000-20260318-120000_000303,10 0.950195 0.105694 0.524573 0.158403 0.190883 2 0.949707 0.308894 0.678953 0.038462 0.085826 10 0.948242 0.308594 0.498576 0.128405 0.174501 10 0.9375 0.154397 0.628027 0.203225 0.256766 6 0.936523 0.245593 0.768162 0.074519 0.201567 10 0.927246 0.208784 0.433583 0.102063 0.137108 3 0.921875 0.525441 0.87963 0.066106 0.185185 3 0.918945 0.381611 0.515313 0.046474 0.06339 5 0.913086 0.130183 0.754273 0.090996 0.136752 3 0.913086 0.177885 0.788105 0.063301 0.117521 10 0.910645 0.408453 0.400285 0.105369 0.12963 3 0.899902 0.208834 0.676994 0.079527 0.096154 3 0.877441 0.125751 0.913818 0.072015 0.136752 3 0.865234 0.352264 0.821225 0.080729 0.115385 1 0.85498 0.857372 0.793447 0.030449 0.096866 1 0.852051 0.127103 0.819444 0.028245 0.051994 2 0.827637 0.269231 0.594373 0.033654 0.070513 0 0.757812 0.904247 0.702991 0.036058 0.098291 3 0.756348 0.40024 0.544516 0.041667 0.070513 3 0.720215 0.271334 0.66631 0.060697 0.078348 5 0.70752 0.491787 0.428775 0.038862 0.068376 2 0.663574 0.979567 0.924145 0.040865 0.151709 3 0.658203 0.757412 0.931268 0.063702 0.137464 0 0.605957 0.651442 0.838319 0.034455 0.132479 2 0.501953 0.328926 0.624466 0.040064 0.081553 0 0.474609 0.83113 0.491097 0.022035 0.061966 10 0.462891 0.020771 0.658476 0.041391 0.25 0 0.414795 0.306891 0.917023 0.038862 0.108974 0 0.393311 0.409255 0.898504 0.038061 0.104701 0 0.370117 0.410256 0.903846 0.035256 0.10114 0 0.359375 0.892628 0.599003 0.033654 0.084046 3 0.323486 0.476562 0.969729 0.117388 0.060541 0 0.310791 0.336538 0.876781 0.045272 0.111111 0 0.291016 0.846955 0.476674 0.020833 0.06161 1 0.264404 0.308694 0.980057 0.028446 0.039886 0 0.253906 0.893029 0.600249 0.036058 0.083689 0 0.233765 0.05306 0.704594 0.026593 0.069444 0 0.221313 0.308293 0.930199 0.036859 0.08547 10 0.205566 0.019732 0.637108 0.039463 0.208689 3 0.19873 0.225962 0.945513 0.072115 0.108974
CCTV01^20260318-110000-20260318-120000_000307,10 0.953125 0.206831 0.586895 0.188101 0.235043 10 0.952637 0.104718 0.524395 0.160156 0.193376 10 0.947754 0.336438 0.475783 0.121595 0.172365 5 0.944336 0.241637 0.637999 0.088041 0.107194 3 0.936035 0.157552 0.802706 0.071514 0.119658 10 0.928223 0.208834 0.43287 0.101162 0.138533 3 0.927246 0.52524 0.879986 0.065705 0.191595 3 0.92627 0.255108 0.763355 0.058694 0.111467 3 0.919434 0.414964 0.484687 0.046675 0.061966 2 0.916504 0.097631 0.758903 0.044722 0.096154 3 0.908691 0.257212 0.685185 0.078526 0.095442 10 0.908691 0.821314 0.66453 0.152244 0.307692 9 0.908203 0.659054 0.451211 0.054487 0.103276 6 0.905762 0.453926 0.419516 0.03766 0.093305 3 0.891113 0.388221 0.562144 0.060897 0.075142 3 0.881836 0.816306 0.844729 0.085336 0.166667 3 0.873047 0.380609 0.871439 0.096955 0.151709 3 0.869629 0.334435 0.646724 0.056691 0.08547 10 0.852051 0.045623 0.778134 0.091046 0.342593 0 0.850098 0.309695 0.926282 0.036058 0.09188 3 0.84375 0.217097 0.89245 0.072216 0.159544 1 0.803223 0.707332 0.557514 0.021234 0.065171 3 0.801758 0.25611 0.685541 0.076723 0.096154 1 0.800781 0.70653 0.502137 0.019631 0.054131 3 0.795898 0.14035 0.926282 0.083884 0.146011 1 0.78418 0.194511 0.708511 0.026843 0.068732 0 0.759277 0.304287 0.710114 0.030449 0.075499 0 0.750488 0.315004 0.579594 0.033454 0.060897 2 0.680664 0.327724 0.540776 0.042869 0.066595 0 0.615234 0.903445 0.634259 0.034455 0.08547 0 0.615234 0.272736 0.860399 0.03746 0.112536 1 0.571777 0.157252 0.703348 0.039062 0.070513 0 0.521484 0.73778 0.875 0.073317 0.111823 0 0.492188 0.337139 0.755342 0.035657 0.067664 0 0.355713 0.461739 0.927707 0.05008 0.123219 2 0.354004 0.330529 0.539708 0.038462 0.063746 0 0.295898 0.286458 0.780627 0.029247 0.074074 0 0.270508 0.372897 0.954416 0.040665 0.091168 2 0.267334 0.329427 0.540776 0.040264 0.065171 3 0.257568 0.747195 0.962251 0.06891 0.075499 2 0.194336 0.889022 0.565171 0.03766 0.064815 1 0.160278 0.156751 0.705662 0.039864 0.070157
CCTV01^20260318-110000-20260318-120000_000311,10 0.940918 0.104442 0.526175 0.156901 0.192664 10 0.937012 0.094702 0.662037 0.180389 0.259971 3 0.925293 0.171274 0.779024 0.069311 0.111467 3 0.922852 0.524639 0.880342 0.065305 0.190883 10 0.922363 0.208684 0.432514 0.101062 0.134971 10 0.921875 0.309996 0.496617 0.141627 0.179131 3 0.913574 0.308193 0.59188 0.071915 0.075499 3 0.913574 0.245192 0.767806 0.06891 0.132479 3 0.90918 0.761018 0.851852 0.073317 0.166667 5 0.898926 0.466546 0.462073 0.041266 0.069444 3 0.897461 0.260016 0.660078 0.083333 0.098647 2 0.889648 0.745593 0.606303 0.035256 0.078704 10 0.882324 0.39994 0.426104 0.097556 0.149217 1 0.878418 0.833734 0.794516 0.026442 0.087607 0 0.835449 0.361478 0.537927 0.032652 0.072293 3 0.816406 0.323918 0.755698 0.06891 0.109687 0 0.796875 0.763221 0.533476 0.024038 0.066239 0 0.767578 0.301683 0.804843 0.042067 0.092593 1 0.744629 0.838942 0.909188 0.035256 0.101852 0 0.689453 0.775641 0.449074 0.028846 0.066952 0 0.662109 0.266526 0.837607 0.04387 0.122507 0 0.640625 0.400441 0.929131 0.041266 0.09188 0 0.629883 0.848558 0.525997 0.020833 0.054843 0 0.625977 0.325421 0.662215 0.03105 0.07443 0 0.609375 0.98117 0.715278 0.03766 0.095085 0 0.594727 0.301583 0.805556 0.043069 0.095442 0 0.588867 0.34986 0.910969 0.045072 0.106838 3 0.571777 0.363882 0.609865 0.065905 0.082977 0 0.562012 0.979567 0.708511 0.034455 0.081553 9 0.507812 0.936699 0.931624 0.126603 0.136752 7 0.480469 0.936699 0.931624 0.126603 0.136752 9 0.476562 0.863381 0.637464 0.130609 0.210826 0 0.466797 0.308894 0.917379 0.046474 0.115385 10 0.458008 0.020558 0.66631 0.041016 0.26567 0 0.341553 0.877003 0.548789 0.028045 0.06339 0 0.286133 0.41867 0.480057 0.02484 0.055556 3 0.282959 0.42528 0.462607 0.035657 0.049858 2 0.271973 0.395132 0.480057 0.019832 0.051282 0 0.218628 0.378405 0.842949 0.07492 0.111823 0 0.195557 0.876603 0.548789 0.028846 0.061254 1 0.191284 0.839744 0.910613 0.038461 0.106125 0 0.167725 0.993189 0.723469 0.013622 0.091524
CCTV01^20260318-110000-20260318-120000_000315,10 0.950684 0.122746 0.795406 0.223257 0.367878 10 0.947266 0.36859 0.441595 0.109776 0.151709 10 0.945312 0.138772 0.584046 0.141126 0.196581 10 0.9375 0.103916 0.532051 0.157953 0.207977 10 0.936523 0.208083 0.430377 0.099058 0.132123 3 0.936035 0.230669 0.801282 0.063101 0.111111 3 0.92627 0.52484 0.880698 0.067308 0.190171 0 0.92041 0.864984 0.798789 0.048878 0.10755 3 0.918457 0.252003 0.91631 0.067708 0.141738 3 0.914062 0.345553 0.60844 0.081731 0.088675 3 0.880859 0.305689 0.581731 0.069311 0.071581 3 0.880859 0.30599 0.695157 0.048678 0.11396 2 0.878418 0.8125 0.678419 0.038462 0.096154 3 0.871582 0.65645 0.466346 0.034054 0.073718 3 0.86084 0.176983 0.946225 0.065505 0.10755 0 0.858887 0.280549 0.799501 0.030649 0.071937 0 0.851074 0.360978 0.532407 0.029647 0.061966 0 0.835449 0.35627 0.953704 0.041066 0.092593 1 0.831055 0.749599 0.487892 0.022436 0.064103 0 0.829102 0.976763 0.770833 0.046474 0.116453 0 0.829102 0.310296 0.940883 0.046474 0.116809 3 0.816406 0.449119 0.476318 0.040865 0.055912 10 0.775879 0.444511 0.380164 0.08133 0.120014 0 0.766113 0.807292 0.47703 0.026442 0.062322 2 0.750488 0.855369 0.590456 0.034455 0.084046 0 0.743164 0.879006 0.89245 0.040064 0.115385 0 0.741699 0.350761 0.783476 0.052083 0.088319 0 0.726562 0.281651 0.52938 0.023638 0.056624 0 0.697754 0.236679 0.633369 0.032252 0.07443 3 0.697754 0.484175 0.484687 0.045272 0.05057 0 0.67041 0.913462 0.603276 0.032051 0.081909 3 0.605957 0.494792 0.444622 0.032051 0.047365 10 0.545898 0.070162 0.769943 0.140325 0.320513 0 0.432129 0.251302 0.59651 0.03145 0.069088 5 0.397949 0.40635 0.542023 0.048678 0.079772 0 0.386719 0.35627 0.950855 0.039463 0.094017 10 0.348633 0.020195 0.683048 0.040189 0.301994 0 0.253906 0.415064 0.473825 0.021635 0.056624 0 0.228882 0.288562 0.970086 0.050681 0.059829 0 0.217285 0.285757 0.967593 0.053486 0.064815 3 0.20813 0.494591 0.444266 0.032452 0.046652 0 0.158203 0.986779 0.7151 0.026442 0.08547
CCTV01^20260318-110000-20260318-120000_000319,10 0.953125 0.236228 0.636396 0.182993 0.269943 3 0.941895 0.135592 0.840812 0.083984 0.123219 10 0.939453 0.101738 0.526353 0.152694 0.192308 10 0.938965 0.796675 0.745726 0.134215 0.354701 3 0.935547 0.699119 0.728098 0.058494 0.130698 3 0.930176 0.52484 0.880698 0.068109 0.191595 3 0.928223 0.300581 0.683583 0.065905 0.097222 10 0.927246 0.208133 0.427528 0.10016 0.126424 3 0.926758 0.249599 0.810897 0.055288 0.123219 3 0.898926 0.186248 0.883547 0.059395 0.137464 10 0.878418 0.158554 0.571047 0.13762 0.208333 2 0.870605 0.074419 0.857194 0.066306 0.117521 3 0.868164 0.483373 0.439459 0.03726 0.060541 0 0.85791 0.86859 0.565883 0.027244 0.07265 3 0.835449 0.411959 0.480413 0.044671 0.05698 3 0.822266 0.448317 0.477564 0.041667 0.056268 10 0.809082 0.235927 0.56339 0.155549 0.217236 3 0.763672 0.420272 0.436076 0.032051 0.047365 0 0.716797 0.932692 0.660256 0.032051 0.074786 0 0.633301 0.981971 0.802706 0.036058 0.111111 0 0.618652 0.141176 0.738248 0.034355 0.073362 0 0.602051 0.378906 0.412037 0.020633 0.05057 0 0.544922 0.313802 0.781695 0.041867 0.083333 10 0.477539 0.052083 0.721866 0.104167 0.242877 10 0.470703 0.466747 0.364939 0.091346 0.112714 0 0.464844 0.310497 0.717949 0.028846 0.076923 0 0.411133 0.291166 0.817664 0.032652 0.074074 1 0.405518 0.025741 0.947293 0.051182 0.096866 0 0.379395 0.98117 0.80057 0.036058 0.105413 0 0.301514 0.229567 0.932336 0.046474 0.102564 0 0.203125 0.268329 0.866809 0.030649 0.084046 0 0.163452 0.231571 0.898504 0.038862 0.07906
CCTV01^20260318-110000-20260318-120000_000323,10 0.950684 0.185998 0.526709 0.122396 0.169516 10 0.935547 0.353766 0.874288 0.185897 0.251425 10 0.933594 0.334535 0.522258 0.127404 0.193376 10 0.930176 0.686298 0.472222 0.078526 0.187322 3 0.926758 0.524639 0.880698 0.066106 0.190171 3 0.92041 0.207282 0.928063 0.067808 0.123932 3 0.918457 0.260817 0.651531 0.0625 0.076567 3 0.890137 0.26272 0.722044 0.053085 0.087251 5 0.883301 0.751202 0.821937 0.073718 0.193732 2 0.880859 0.895433 0.92094 0.066506 0.136752 9 0.875 0.149389 0.868234 0.068409 0.146724 10 0.85498 0.078926 0.81339 0.157853 0.339031 0 0.850098 0.298978 0.640848 0.027043 0.075142 3 0.842773 0.498598 0.440527 0.03726 0.064815 1 0.841797 0.816106 0.928419 0.028045 0.09188 0 0.838867 0.206581 0.819088 0.033954 0.091168 0 0.812988 0.234675 0.594551 0.030248 0.065883 3 0.800781 0.20623 0.74911 0.053886 0.098647 10 0.773438 0.207332 0.427528 0.096955 0.123576 0 0.770508 0.832332 0.57532 0.024439 0.070157 10 0.764648 0.102013 0.52297 0.151542 0.182692 0 0.480469 0.196915 0.67557 0.042468 0.069801 2 0.42627 0.261919 0.538105 0.027444 0.069088 0 0.379395 0.248698 0.821937 0.036258 0.099715 3 0.251709 0.448518 0.485043 0.042869 0.054843 0 0.243652 0.247396 0.807336 0.036859 0.076211 10 0.228882 0.435697 0.411147 0.108574 0.133547 0 0.200562 0.250701 0.831909 0.033454 0.094017 10 0.19812 0.353666 0.874288 0.185296 0.251424 10 0.182983 0.101362 0.667735 0.201122 0.245726 3 0.160767 0.329327 0.640848 0.027644 0.070869
CCTV01^20260318-110000-20260318-120000_000327,10 0.936523 0.783253 0.73896 0.153045 0.373932 10 0.928711 0.252905 0.537037 0.180889 0.195157 3 0.914062 0.21865 0.880698 0.072316 0.131766 3 0.911133 0.139373 0.945869 0.078225 0.108262 2 0.905273 0.910657 0.918091 0.064904 0.12963 3 0.890137 0.523838 0.877849 0.067708 0.191595 9 0.884277 0.17523 0.783832 0.086238 0.130342 3 0.834473 0.29357 0.586895 0.067909 0.07906 1 0.71875 0.842949 0.685719 0.024038 0.073718 6 0.71875 0.323217 0.783832 0.111979 0.298433 1 0.713867 0.702123 0.884259 0.030048 0.10755 0 0.692871 0.259515 0.90812 0.042668 0.096866 10 0.651367 0.401042 0.449252 0.102564 0.161325 3 0.644043 0.064678 0.941239 0.105619 0.116097 0 0.556641 0.235577 0.772436 0.03726 0.077635 0 0.529297 0.25 0.734865 0.039663 0.088675 0 0.457031 0.203325 0.959402 0.056891 0.081197 7 0.413086 0.322816 0.782051 0.115184 0.294872 0 0.393311 0.284355 0.942664 0.044671 0.114672 6 0.353027 0.322816 0.784722 0.115986 0.30235 0 0.269043 0.282953 0.946581 0.039062 0.099715 12 0.236572 0.203776 0.959402 0.056791 0.081197
CCTV01^20260318-110000-20260318-120000_000331,10 0.9375 0.791667 0.748041 0.173077 0.378561 8 0.911621 0.351863 0.883191 0.092348 0.179487 3 0.908203 0.167969 0.861111 0.076723 0.126781 3 0.896973 0.524439 0.877493 0.069712 0.193732 3 0.864258 0.110777 0.869302 0.075721 0.12037 0 0.803223 0.702524 0.939815 0.049279 0.12037 3 0.773438 0.21895 0.71688 0.102965 0.116097 0 0.744629 0.25641 0.754986 0.034856 0.088319 0 0.660156 0.286358 0.897436 0.038261 0.081197 3 0.658203 0.322917 0.63052 0.065304 0.082977 0 0.602051 0.247696 0.855413 0.035857 0.102564 0 0.563965 0.221454 0.804131 0.041867 0.109687 3 0.535156 0.277945 0.969729 0.092748 0.060541 3 0.420654 0.313001 0.801994 0.061899 0.109687 0 0.397949 0.247496 0.85933 0.035056 0.099003 10 0.392334 0.159305 0.672721 0.220653 0.277066 0 0.386719 0.222456 0.805912 0.045072 0.111823 2 0.259766 0.449519 0.964744 0.072115 0.070513 10 0.227417 0.363181 0.46688 0.14383 0.158832 10 0.169922 0.021941 0.645477 0.043607 0.230413
CCTV01^20260318-110000-20260318-120000_000335,10 0.953125 0.810096 0.785613 0.197115 0.408832 10 0.95166 0.35647 0.501068 0.146835 0.193732 3 0.932129 0.167819 0.74359 0.075421 0.105413 8 0.913574 0.301482 0.913105 0.127805 0.172365 3 0.912598 0.524038 0.879273 0.064904 0.190171 11 0.911621 0.398938 0.89708 0.164463 0.204416 3 0.898926 0.237079 0.867877 0.066707 0.13604 3 0.887207 0.887019 0.686966 0.05609 0.111823 3 0.874023 0.210787 0.76104 0.069211 0.097578 2 0.827637 0.289663 0.759615 0.047676 0.087607 10 0.695312 0.951522 0.81802 0.096955 0.342593 2 0.663574 0.709135 0.56161 0.032051 0.073362 0 0.560059 0.253305 0.695869 0.029447 0.058405 2 0.513672 0.338441 0.745548 0.051082 0.097222 8 0.434082 0.29397 0.672543 0.049479 0.105057 0 0.418701 0.254808 0.64067 0.031651 0.060541 9 0.346924 0.247746 0.591168 0.095853 0.096866 8 0.301514 0.29397 0.670584 0.050681 0.103989 0 0.229492 0.821514 0.503739 0.030048 0.070869
CCTV01^20260318-110000-20260318-120000_000339,10 0.954102 0.903846 0.738426 0.190705 0.34651 8 0.931641 0.29998 0.911681 0.128806 0.175214 11 0.925293 0.366286 0.854701 0.125601 0.202279 3 0.910645 0.738982 0.728989 0.066106 0.158832 3 0.896973 0.23743 0.849003 0.065204 0.122507 3 0.894043 0.219952 0.740206 0.076122 0.09651 3 0.879883 0.524639 0.876068 0.066106 0.183761 8 0.869629 0.296675 0.646546 0.05008 0.104345 7 0.851074 0.364583 0.524929 0.081731 0.084758 3 0.847168 0.198317 0.701923 0.070513 0.100427 2 0.692871 0.321615 0.710826 0.047476 0.068376 10 0.552734 0.179337 0.574252 0.218249 0.204772 1 0.466797 0.787059 0.665954 0.031651 0.07265 7 0.435791 0.301282 0.552529 0.061699 0.084402 8 0.325195 0.296374 0.644943 0.05028 0.105413 0 0.29248 0.279547 0.788818 0.052284 0.083333 1 0.255371 0.685497 0.699074 0.025641 0.080484 0 0.2323 0.279247 0.788462 0.050481 0.084046 10 0.211426 0.323718 0.428152 0.135417 0.143697 2 0.172119 0.282352 0.726318 0.042268 0.06161
CCTV01^20260318-110000-20260318-120000_000343,3 0.941406 0.757812 0.801638 0.07492 0.183048 8 0.939453 0.299379 0.908476 0.132812 0.181624 10 0.931641 0.2498 0.532051 0.205529 0.197293 11 0.922363 0.359275 0.838675 0.128405 0.194444 8 0.912109 0.168119 0.633013 0.098458 0.125 0 0.90918 0.975561 0.889957 0.048878 0.131766 3 0.896484 0.239784 0.70406 0.067708 0.103276 3 0.888672 0.52484 0.877493 0.06891 0.188034 8 0.883789 0.31881 0.605057 0.071915 0.116097 3 0.84375 0.235777 0.841168 0.058093 0.122507 10 0.801758 0.346354 0.413373 0.144631 0.134793 8 0.681641 0.050506 0.699252 0.10001 0.176994 2 0.620605 0.280048 0.70584 0.040064 0.08547 2 0.439697 0.191056 0.764067 0.048578 0.100071 3 0.42627 0.22516 0.667557 0.076522 0.100071 7 0.370117 0.416066 0.498754 0.055689 0.065171 2 0.359375 0.319311 0.680377 0.038462 0.079416 3 0.303223 0.224209 0.668091 0.075621 0.10114 2 0.24939 0.279948 0.704238 0.039062 0.078704 7 0.219971 0.411258 0.502137 0.046074 0.062678
CCTV01^20260318-110000-20260318-120000_000347,8 0.943359 0.300881 0.903846 0.128205 0.192308 11 0.938965 0.359575 0.836538 0.124599 0.198718 10 0.931152 0.421775 0.422899 0.127604 0.147792 3 0.908691 0.253105 0.752493 0.057492 0.114672 8 0.902832 0.199319 0.54594 0.086138 0.135328 10 0.89502 0.102664 0.796296 0.205329 0.390313 3 0.885742 0.832532 0.64245 0.057692 0.11396 3 0.881836 0.524239 0.877137 0.067708 0.191595 8 0.876953 0.281751 0.545762 0.096354 0.125712 7 0.862305 0.691506 0.587607 0.061699 0.123932 2 0.850098 0.234876 0.664352 0.041466 0.088675 3 0.79834 0.305489 0.602386 0.089343 0.094373 4 0.622559 0.96234 0.891026 0.07532 0.156695 10 0.583008 0.7502 0.504095 0.108574 0.215456 3 0.462891 0.844151 0.913462 0.074519 0.171652 10 0.424316 0.7502 0.50463 0.107772 0.215812 0 0.352295 0.870192 0.72062 0.052885 0.107194 1 0.343262 0.992388 0.801638 0.015224 0.103276 0 0.329346 0.952724 0.748754 0.048077 0.099359 10 0.228149 0.067433 0.713853 0.134565 0.347222
CCTV01^20260318-110000-20260318-120000_000351,10 0.962402 0.307492 0.631588 0.153446 0.263889 10 0.957031 0.745593 0.553953 0.129006 0.241097 10 0.943848 0.153696 0.70495 0.200621 0.335114 8 0.941406 0.29978 0.90812 0.132812 0.183761 11 0.924805 0.360176 0.839031 0.124199 0.19943 3 0.820801 0.067458 0.940527 0.116086 0.118946 8 0.76709 0.728365 0.749288 0.059295 0.169516 3 0.682617 0.524439 0.875712 0.070513 0.191595 0 0.682617 0.175881 0.936966 0.05649 0.121795 2 0.496094 0.907452 0.959402 0.080929 0.081197 7 0.332031 0.744191 0.911325 0.074119 0.17735 0 0.269775 0.221554 0.931268 0.055689 0.097578 8 0.246582 0.448518 0.42183 0.058093 0.100071 7 0.240112 0.030899 0.90349 0.061799 0.163105 9 0.210815 0.524439 0.875712 0.070513 0.191595 0 0.164551 0.918269 0.691773 0.043269 0.092236
CCTV01^20260318-110000-20260318-120000_000355,10 0.946777 0.739183 0.559651 0.115385 0.255342 3 0.940918 0.820513 0.848647 0.086538 0.158832 4 0.922363 0.045448 0.822649 0.090595 0.162393 11 0.921387 0.309195 0.657585 0.063101 0.143518 3 0.919434 0.184996 0.782407 0.080329 0.118946 10 0.919434 0.334736 0.507122 0.155048 0.206553 3 0.916016 0.09092 0.921652 0.103616 0.156695 7 0.902832 0.320913 0.877493 0.1875 0.245014 8 0.896484 0.258514 0.74911 0.07512 0.171296 3 0.885742 0.166466 0.921296 0.102965 0.157407 3 0.82666 0.351162 0.822649 0.079327 0.121083 7 0.769043 0.742187 0.923433 0.078926 0.153134 8 0.756836 0.728165 0.768519 0.062099 0.178063 8 0.755859 0.875401 0.75641 0.10016 0.168091 10 0.740234 0.454928 0.411147 0.086939 0.142094 0 0.662109 0.965545 0.831197 0.059295 0.133903 3 0.501953 0.524439 0.877137 0.072115 0.195869 9 0.455078 0.524439 0.877137 0.072115 0.195869 0 0.216064 0.852163 0.970086 0.050481 0.059829 7 0.195557 0.245192 0.625356 0.074519 0.115385 0 0.172119 0.903445 0.950499 0.063301 0.099003
CCTV01^20260318-110000-20260318-120000_000359,10 0.946289 0.808093 0.721866 0.161058 0.368234 3 0.930664 0.250601 0.670762 0.075721 0.087963 8 0.925293 0.321114 0.59188 0.08133 0.159544 3 0.918457 0.180188 0.756766 0.087139 0.123219 8 0.904297 0.730769 0.82443 0.064103 0.191595 3 0.90332 0.0936 0.872863 0.098057 0.155983 3 0.868652 0.524038 0.876781 0.070513 0.195157 2 0.861328 0.709335 0.683761 0.038061 0.099715 2 0.732422 0.428085 0.913105 0.065304 0.139601 7 0.702637 0.299579 0.85114 0.147636 0.290598 10 0.583008 0.373998 0.436343 0.14383 0.168625 4 0.378418 0.201372 0.865741 0.070413 0.165954 6 0.363037 0.295272 0.852742 0.142628 0.294516
CCTV01^20260318-110000-20260318-120000_000363,6 0.927734 0.285156 0.784366 0.093149 0.281695 8 0.911621 0.739183 0.868946 0.071314 0.189459 3 0.906738 0.088003 0.839031 0.092824 0.125356 10 0.906738 0.885417 0.816952 0.224359 0.35755 3 0.905762 0.758013 0.688746 0.05609 0.11396 2 0.898926 0.179988 0.876068 0.061498 0.145299 10 0.894043 0.195513 0.613782 0.209135 0.276709 3 0.891113 0.523838 0.876068 0.070112 0.190883 2 0.888672 0.681691 0.93198 0.054888 0.134615 10 0.713867 0.707933 0.527244 0.108173 0.235399 2 0.70752 0.763822 0.801994 0.053285 0.096866 4 0.498047 0.066657 0.775997 0.094451 0.150285 0 0.462891 0.354667 0.904915 0.072716 0.127493 0 0.325928 0.161008 0.952279 0.046775 0.088319
CCTV01^20260318-110000-20260318-120000_000367,6 0.970215 0.283353 0.707977 0.099559 0.253561 10 0.949219 0.883013 0.835826 0.229167 0.326923 3 0.919434 0.752604 0.662037 0.065305 0.118946 2 0.910645 0.185397 0.741453 0.059095 0.126781 3 0.908691 0.368089 0.883903 0.111579 0.136752 5 0.902832 0.819111 0.620548 0.057292 0.137108 3 0.898438 0.523838 0.877493 0.072516 0.196581 2 0.868652 0.682091 0.933761 0.05649 0.132479 8 0.864746 0.742187 0.874288 0.076522 0.190171 4 0.839844 0.193009 0.640313 0.084736 0.108262 3 0.799316 0.039714 0.923077 0.079427 0.152422 4 0.690918 0.308694 0.544694 0.072516 0.093661
CCTV01^20260318-110000-20260318-120000_000371,10 0.951172 0.152294 0.798255 0.174579 0.383547 8 0.942383 0.335337 0.774216 0.092147 0.169516 5 0.911621 0.854768 0.862536 0.080529 0.226496 3 0.890137 0.247095 0.600249 0.058694 0.085114 10 0.869629 0.26242 0.78312 0.078526 0.146011 3 0.862305 0.320913 0.638533 0.0625 0.097578 0 0.833496 0.693309 0.874644 0.05008 0.119658 0 0.611328 0.253606 0.921652 0.070513 0.146724 3 0.560059 0.523638 0.875712 0.07532 0.194444 8 0.545898 0.756611 0.932692 0.078926 0.134615 9 0.486328 0.523638 0.875712 0.07532 0.194444 3 0.240112 0.053561 0.901709 0.069261 0.14245 2 0.226807 0.689103 0.971866 0.058494 0.056268
CCTV01^20260318-110000-20260318-120000_000375,5 0.950195 0.278145 0.711538 0.070312 0.136752 3 0.917969 0.115084 0.922365 0.132412 0.155271 10 0.913086 0.364383 0.49359 0.141426 0.198006 3 0.887207 0.12202 0.748576 0.092298 0.116809 2 0.85791 0.315304 0.606125 0.044471 0.102564 3 0.853027 0.524239 0.877493 0.075721 0.19943 0 0.851074 0.229067 0.794872 0.051082 0.125356 4 0.81543 0.366286 0.88604 0.101562 0.202279 5 0.811523 0.678285 0.520655 0.052083 0.12963 2 0.529297 0.289563 0.817308 0.049479 0.111823
CCTV01^20260318-110000-20260318-120000_000379,3 0.924316 0.239333 0.723113 0.083834 0.105057 3 0.920898 0.141977 0.888533 0.103065 0.155983 3 0.92041 0.754207 0.665776 0.067708 0.120014 10 0.911133 0.153596 0.601318 0.218049 0.23896 2 0.900391 0.800881 0.915242 0.058494 0.136752 3 0.878906 0.326122 0.922721 0.080128 0.153134 3 0.863281 0.306891 0.585114 0.081731 0.094729 3 0.84375 0.900641 0.823718 0.115385 0.165954 0 0.503906 0.229066 0.868946 0.04988 0.131054 5 0.402588 0.524239 0.876781 0.075721 0.198006 4 0.29834 0.323217 0.735933 0.077123 0.157764 3 0.264404 0.524439 0.876424 0.076122 0.198718 3 0.264404 0.05594 0.968305 0.111879 0.06339
CCTV01^20260318-110000-20260318-120000_000383,5 0.938477 0.239483 0.680199 0.085938 0.126781 10 0.938477 0.160306 0.667023 0.18139 0.281339 2 0.925293 0.330028 0.728276 0.053886 0.100427 5 0.919434 0.184345 0.878917 0.103265 0.190883 3 0.916016 0.253706 0.7573 0.075921 0.10933 3 0.911621 0.524439 0.877493 0.071314 0.193732 3 0.906738 0.304487 0.59651 0.073317 0.089744 3 0.88623 0.303986 0.820513 0.057893 0.11396 3 0.877441 0.320513 0.6599 0.059295 0.083333 3 0.496094 0.247196 0.959046 0.078926 0.081909 3 0.385742 0.018517 0.865741 0.037034 0.163105 10 0.258301 0.405248 0.435808 0.129407 0.154736 3 0.182373 0.018943 0.86396 0.037886 0.15812
CCTV01^20260318-110000-20260318-120000_000387,3 0.911621 0.084811 0.934117 0.111829 0.131766 3 0.907227 0.164163 0.929131 0.11278 0.141738 3 0.905273 0.259415 0.91453 0.072516 0.15812 3 0.901855 0.316106 0.695157 0.055288 0.098291 3 0.89502 0.318409 0.619124 0.060697 0.080128 3 0.884766 0.172726 0.814103 0.083233 0.122507 3 0.884766 0.524439 0.878561 0.072115 0.197293 0 0.878906 0.348157 0.799857 0.049679 0.116809 3 0.762207 0.272736 0.536681 0.061098 0.074786 3 0.604004 0.252204 0.702991 0.080529 0.141026 10 0.574707 0.873798 0.85292 0.213942 0.29416
CCTV01^20260318-110000-20260318-120000_000391,9 0.98584 0.167768 0.747329 0.09395 0.15349 3 0.926758 0.271735 0.830128 0.069111 0.124644 3 0.908691 0.226412 0.765491 0.074419 0.135684 3 0.896973 0.166066 0.92094 0.094952 0.146724 3 0.84375 0.524038 0.878205 0.072115 0.198006 3 0.830078 0.235176 0.639423 0.070913 0.10292 3 0.795898 0.789263 0.60933 0.070513 0.11396 3 0.620605 0.340244 0.551104 0.046675 0.066595 10 0.463867 0.171975 0.595086 0.178486 0.255698 5 0.208862 0.3126 0.61396 0.083133 0.118234
CCTV01^20260318-110000-20260318-120000_000395,3 0.906738 0.240184 0.922721 0.078125 0.150285 3 0.888672 0.264623 0.76015 0.080128 0.125 3 0.879883 0.323017 0.652956 0.060296 0.087963 3 0.86084 0.523638 0.877849 0.069712 0.195869 8 0.844238 0.303486 0.800926 0.061699 0.147436 4 0.812988 0.953526 0.795762 0.092949 0.152066 3 0.812988 0.154698 0.939103 0.094852 0.12037 10 0.795898 0.280649 0.467949 0.13742 0.155271 3 0.664551 0.165915 0.740919 0.226663 0.335826 10 0.635254 0.23117 0.564103 0.181891 0.185185
CCTV01^20260318-110000-20260318-120000_000399,3 0.919434 0.523438 0.877493 0.072516 0.192308 3 0.907227 0.76883 0.845442 0.080128 0.159544 3 0.906738 0.2185 0.766204 0.071414 0.11859 5 0.905762 0.304888 0.913105 0.114183 0.173789 2 0.871582 0.808093 0.76834 0.047276 0.112892 2 0.851074 0.358674 0.81802 0.058293 0.117521 8 0.808594 0.302885 0.782764 0.065304 0.133903 2 0.778809 0.270933 0.723291 0.048678 0.103276 10 0.634277 0.353566 0.524573 0.144631 0.222934 10 0.309814 0.919471 0.8198 0.161058 0.35755
CCTV01^20260318-110000-20260318-120000_000403,10 0.939941 0.234275 0.632301 0.190505 0.265313 5 0.919434 0.260116 0.914174 0.120793 0.170228 5 0.912598 0.760617 0.851852 0.086138 0.222222 5 0.911133 0.072641 0.75089 0.142778 0.164886 3 0.90918 0.15009 0.932692 0.087841 0.134615 5 0.908691 0.265625 0.779915 0.090946 0.146724 3 0.905762 0.3127 0.650819 0.078926 0.090812 3 0.893066 0.739984 0.694444 0.061699 0.111111 3 0.882324 0.524639 0.876781 0.074119 0.198006 3 0.855957 0.780649 0.570869 0.044471 0.090456 3 0.817383 0.845954 0.719729 0.059696 0.128917 10 0.610352 0.28736 0.459936 0.145232 0.152778 3 0.305664 0.72516 0.522258 0.054487 0.095798 0 0.253906 0.834135 0.866097 0.05609 0.145299 0 0.154541 0.834135 0.865741 0.054487 0.146011
CCTV01^20260318-110000-20260318-120000_000407,3 0.91748 0.064891 0.89886 0.114007 0.160969 5 0.913086 0.234926 0.767628 0.064603 0.162749 3 0.901367 0.686098 0.589922 0.05649 0.115741 3 0.875977 0.524439 0.876424 0.076122 0.197294 11 0.855957 0.145082 0.672543 0.129708 0.180556 8 0.82959 0.299179 0.730235 0.067508 0.129274 8 0.8125 0.796474 0.923789 0.092949 0.152422 3 0.677246 0.094827 0.946581 0.117638 0.106838 5 0.57959 0.285857 0.644053 0.07492 0.117165 3 0.470703 0.169121 0.844373 0.084435 0.131766 2 0.455078 0.091622 0.780449 0.062149 0.112892 0 0.42627 0.752804 0.69943 0.036058 0.08547 11 0.389648 0.264724 0.572471 0.130809 0.145655 9 0.377441 0.286258 0.644409 0.07492 0.117877 3 0.325928 0.911859 0.941595 0.102564 0.116809 4 0.29248 0.28776 0.882122 0.104768 0.215812 0 0.210815 0.752404 0.801994 0.04968 0.116809 0 0.185913 0.782051 0.677529 0.033654 0.092236
CCTV01^20260318-110000-20260318-120000_000412,3 0.918457 0.524038 0.877493 0.076122 0.198006 10 0.91748 0.748598 0.646902 0.138221 0.304487 5 0.913086 0.323718 0.571225 0.070112 0.111111 3 0.898926 0.135667 0.776175 0.08744 0.125712 3 0.898438 0.196364 0.766916 0.074419 0.120014 5 0.878906 0.335437 0.811432 0.091546 0.174857 3 0.870605 0.141176 0.875356 0.101863 0.139601 3 0.869629 0.035845 0.899217 0.071539 0.151709 5 0.622559 0.23157 0.638177 0.049679 0.099003 10 0.550781 0.917468 0.850427 0.165064 0.299145 8 0.349609 0.290966 0.632835 0.052684 0.112536 8 0.268066 0.291466 0.632122 0.054888 0.116809 7 0.240112 0.261518 0.721332 0.065104 0.152778 5 0.165039 0.082282 0.957621 0.117688 0.084758
CCTV01^20260318-110000-20260318-120000_000420,5 0.942871 0.167368 0.764245 0.094351 0.121083 2 0.932617 0.105719 0.855769 0.083433 0.144587 3 0.915527 0.251502 0.845442 0.067107 0.143875 10 0.834473 0.291767 0.507479 0.154848 0.209402 2 0.809082 0.319611 0.646724 0.061899 0.106125 9 0.747559 0.524639 0.877137 0.075721 0.198718 0 0.679199 0.227865 0.730769 0.039062 0.094017 3 0.596191 0.16877 0.703169 0.086739 0.086538 3 0.318359 0.524639 0.877137 0.075721 0.198718 0 0.181274 0.261819 0.709402 0.039663 0.099715 3 0.161865 0.173678 0.94302 0.078526 0.11396
CCTV01^20260318-110000-20260318-120000_000424,3 0.925293 0.177784 0.847578 0.067909 0.133903 3 0.922363 0.778045 0.688212 0.080128 0.122151 4 0.921875 0.247696 0.784544 0.0627 0.141738 3 0.911133 0.685497 0.577101 0.053686 0.093661 3 0.901367 0.276643 0.699074 0.082933 0.087607 3 0.896973 0.524639 0.878561 0.073317 0.195869 5 0.88623 0.269331 0.632479 0.078325 0.106838 3 0.871582 0.771034 0.838319 0.07492 0.162393 3 0.675781 0.323518 0.818732 0.075321 0.13604 0 0.584961 0.900641 0.948718 0.051282 0.10114 10 0.548828 0.77504 0.551638 0.119792 0.227208 2 0.470703 0.973558 0.794516 0.052885 0.117521 3 0.365723 0.323317 0.818376 0.075321 0.135328 0 0.354004 0.894231 0.718305 0.048077 0.110399
CCTV01^20260318-110000-20260318-120000_000428,3 0.931152 0.172175 0.9099 0.098357 0.154558 3 0.920898 0.267628 0.9099 0.078526 0.150285 3 0.907227 0.241186 0.696403 0.069712 0.101496 3 0.871582 0.52484 0.877493 0.07532 0.193732 5 0.796875 0.280849 0.743946 0.084936 0.155983 3 0.713867 0.336138 0.561966 0.071314 0.079772
CCTV01^20260318-110000-20260318-120000_000432,3 0.92041 0.258714 0.818732 0.070713 0.133191 3 0.905273 0.290465 0.695869 0.072917 0.12963 3 0.902832 0.238582 0.690527 0.069712 0.106125 6 0.817383 0.865385 0.603098 0.092949 0.219017 3 0.804199 0.524439 0.877137 0.072917 0.200143 3 0.800781 0.221605 0.935185 0.085236 0.12963 2 0.690918 0.848758 0.722044 0.079728 0.154202 10 0.588867 0.13116 0.691595 0.179187 0.304843 3 0.511719 0.324619 0.557692 0.063902 0.089031 1 0.383057 0.17518 0.788105 0.033454 0.086182 10 0.255371 0.130985 0.691417 0.179537 0.306624 0 0.190674 0.79367 0.605235 0.028846 0.084402
CCTV01^20260318-110000-20260318-120000_000605,2 0.957031 0.294171 0.77386 0.042268 0.104701 10 0.956543 0.797877 0.683405 0.170272 0.319801 10 0.94873 0.749599 0.805555 0.15625 0.38604 10 0.945801 0.317508 0.564815 0.116186 0.207265 10 0.939941 0.63101 0.470264 0.064904 0.185541 10 0.935547 0.247396 0.565349 0.135817 0.206909 5 0.910645 0.524439 0.880342 0.068109 0.190883 3 0.908691 0.313702 0.716524 0.046474 0.094017 3 0.905273 0.46855 0.475961 0.042869 0.047365 3 0.905273 0.257812 0.712963 0.066106 0.095442 3 0.900391 0.397236 0.498932 0.047676 0.054843 3 0.868164 0.440705 0.456019 0.044071 0.042379 3 0.86084 0.490184 0.437678 0.036458 0.043447 2 0.832031 0.368189 0.430556 0.022436 0.049145 2 0.801758 0.913862 0.703526 0.069711 0.135684 0 0.764648 0.150441 0.695869 0.034255 0.078348 10 0.733887 0.914663 0.58636 0.153045 0.246083 2 0.694336 0.870192 0.954772 0.054487 0.090456 1 0.644043 0.242788 0.78953 0.021234 0.044872 10 0.503906 0.480168 0.349537 0.119792 0.107194 1 0.209473 0.203325 0.820157 0.022436 0.051994 6 0.204956 0.66246 0.400997 0.03726 0.096866 3 0.19873 0.329227 0.410078 0.038662 0.041667 3 0.184814 0.467949 0.422543 0.034455 0.035256 10 0.151978 0.805889 0.588853 0.144631 0.266738
CCTV01^20260318-110000-20260318-120000_000609,10 0.942383 0.688101 0.63604 0.127804 0.294872 5 0.938965 0.32522 0.928419 0.080329 0.143162 10 0.937012 0.822115 0.600783 0.145833 0.246439 5 0.929199 0.524239 0.879986 0.06851 0.191595 10 0.927246 0.225411 0.692664 0.15615 0.289886 10 0.926758 0.416266 0.44854 0.108974 0.154202 0 0.92627 0.344752 0.771724 0.034455 0.073362 3 0.921875 0.734375 0.87037 0.074519 0.153846 3 0.921387 0.236228 0.963319 0.066807 0.073362 7 0.915039 0.791266 0.73255 0.069711 0.117521 11 0.90918 0.275741 0.773504 0.099559 0.219373 3 0.882324 0.353866 0.561254 0.066707 0.064103 2 0.879883 0.335637 0.632301 0.043069 0.085826 10 0.873047 0.729167 0.486467 0.082532 0.16453 3 0.822266 0.753606 0.400819 0.034455 0.048789 10 0.773438 0.904848 0.837607 0.188702 0.316239 3 0.644043 0.504207 0.415064 0.033253 0.055199 1 0.581543 0.18119 0.983262 0.024639 0.033476 6 0.503906 0.302384 0.492521 0.102364 0.125356 10 0.376709 0.074369 0.855591 0.148738 0.285969 10 0.319092 0.189453 0.609865 0.164363 0.201211 10 0.313965 0.301883 0.492521 0.103365 0.126068 10 0.244385 0.633614 0.483796 0.077324 0.182692 11 0.204956 0.275941 0.773504 0.100361 0.217949 10 0.188965 0.973558 0.789886 0.052885 0.356125 10 0.182983 0.633814 0.483084 0.076923 0.180556 10 0.15918 0.019663 0.652956 0.0391 0.241097
CCTV01^20260318-110000-20260318-120000_000613,10 0.95166 0.849159 0.667735 0.144631 0.299857 10 0.94873 0.352865 0.519231 0.130809 0.180912 10 0.944824 0.135016 0.714031 0.189503 0.298433 10 0.936523 0.620793 0.425303 0.053285 0.148682 10 0.931641 0.748798 0.519943 0.090545 0.182336 10 0.922852 0.433193 0.395032 0.078325 0.104523 6 0.919434 0.692308 0.589209 0.088141 0.178419 5 0.918945 0.524639 0.879986 0.06851 0.191595 3 0.913086 0.197466 0.815171 0.067408 0.117521 5 0.910645 0.324419 0.915242 0.072716 0.169516 10 0.90918 0.781851 0.878205 0.163862 0.242165 3 0.908203 0.23758 0.948006 0.069311 0.103989 11 0.893066 0.277143 0.761396 0.09355 0.212251 3 0.877441 0.634215 0.517094 0.038462 0.076211 6 0.875977 0.761218 0.330395 0.03766 0.081375 10 0.689453 0.683494 0.44943 0.041667 0.105413 3 0.596191 0.82472 0.496261 0.047676 0.058048 0 0.575684 0.345252 0.775641 0.033454 0.07265 3 0.548828 0.796074 0.783654 0.074519 0.139245 10 0.393311 0.069361 0.691595 0.138722 0.267806 2 0.370117 0.496194 0.435541 0.024439 0.055556 7 0.350342 0.957131 0.952635 0.084135 0.094729 3 0.342529 0.481771 0.42183 0.032452 0.046652 10 0.321777 0.291366 0.514779 0.119992 0.168447 0 0.235107 0.344952 0.774573 0.034455 0.071937 5 0.220703 0.678686 0.359063 0.028045 0.055377 2 0.212036 0.76262 0.419872 0.022837 0.044872 10 0.184204 0.52524 0.32817 0.069712 0.100071 2 0.161377 0.952724 0.848291 0.070513 0.150997
CCTV01^20260318-110000-20260318-120000_000617,10 0.95752 0.25651 0.512999 0.15605 0.178419 10 0.953613 0.128856 0.812678 0.16857 0.360399 10 0.953125 0.658253 0.546296 0.097756 0.222934 11 0.944336 0.468149 0.416667 0.061298 0.089744 6 0.944336 0.74399 0.594907 0.073718 0.1599 10 0.942383 0.855168 0.676994 0.145433 0.308405 2 0.933594 0.958333 0.897792 0.075321 0.187322 3 0.916504 0.323518 0.900285 0.091747 0.12963 2 0.916016 0.245994 0.782407 0.044872 0.101852 10 0.913574 0.394231 0.42646 0.092949 0.129273 5 0.911621 0.524639 0.87963 0.069311 0.189459 3 0.910645 0.724159 0.717058 0.064503 0.124288 5 0.902832 0.698518 0.42646 0.032452 0.069444 6 0.901367 0.760417 0.331019 0.036859 0.081553 12 0.891602 0.255108 0.665598 0.056691 0.127493 3 0.81543 0.417067 0.49448 0.054487 0.049501 3 0.712402 0.785056 0.8401 0.065305 0.118946 2 0.645996 0.066156 0.748754 0.039263 0.085114 5 0.550781 0.314002 0.665064 0.057492 0.120014 10 0.496094 0.019588 0.670762 0.03895 0.262464 7 0.482422 0.97516 0.735043 0.048077 0.156695 12 0.464844 0.97516 0.736823 0.049679 0.158832 10 0.38208 0.676482 0.360933 0.042869 0.112892 3 0.293457 0.397236 0.551816 0.047676 0.063746 10 0.27124 0.019381 0.637464 0.038762 0.198006 2 0.206299 0.30639 0.962963 0.059495 0.071225
CCTV01^20260318-110000-20260318-120000_000621,6 0.960938 0.793269 0.708333 0.084936 0.210114 12 0.95459 0.305489 0.63141 0.075721 0.137464 10 0.949707 0.313502 0.526709 0.150641 0.184473 10 0.941895 0.882412 0.724003 0.174279 0.341168 2 0.938477 0.96234 0.920584 0.07532 0.158832 10 0.9375 0.450721 0.373219 0.076122 0.103989 10 0.929199 0.63121 0.483974 0.072516 0.195869 3 0.928711 0.141977 0.769053 0.073017 0.107194 10 0.916504 0.768429 0.548077 0.09375 0.181624 6 0.913086 0.760016 0.330128 0.03766 0.080484 5 0.906738 0.52484 0.879986 0.06891 0.191595 3 0.904785 0.301182 0.868234 0.067107 0.132479 5 0.897461 0.209435 0.836182 0.077925 0.166667 2 0.896973 0.24389 0.73985 0.040665 0.097222 3 0.895508 0.132312 0.886752 0.079127 0.12963 2 0.88623 0.287059 0.754452 0.041266 0.102208 3 0.812988 0.913462 0.611645 0.065705 0.099359 3 0.809082 0.84395 0.529202 0.047676 0.07265 5 0.771973 0.706731 0.453348 0.035256 0.080484 10 0.722656 0.704728 0.67005 0.128205 0.295228 5 0.716797 0.502203 0.398148 0.035657 0.05698 3 0.710449 0.88101 0.953704 0.090545 0.092593 3 0.677246 0.2499 0.673433 0.052284 0.078348 12 0.567871 0.457933 0.423077 0.048077 0.077635 10 0.456055 0.126953 0.558405 0.16236 0.200855 3 0.29248 0.184846 0.972934 0.079427 0.054131 3 0.172729 0.35597 0.594373 0.042869 0.074074 2 0.167725 0.401342 0.471332 0.033053 0.057336
CCTV01^20260318-110000-20260318-120000_000625,2 0.942871 0.120393 0.811254 0.058694 0.112536 10 0.9375 0.407452 0.446047 0.11859 0.151353 10 0.936523 0.898237 0.739672 0.20032 0.326923 10 0.935547 0.661659 0.56802 0.108574 0.25 10 0.926758 0.665665 0.327012 0.039663 0.103811 3 0.916016 0.279948 0.891738 0.079127 0.139601 10 0.916016 0.762019 0.820691 0.163461 0.358618 3 0.915527 0.308093 0.701211 0.055288 0.097578 3 0.908691 0.09971 0.946581 0.098257 0.106838 5 0.905762 0.258814 0.674323 0.063702 0.122863 5 0.905762 0.524239 0.880698 0.069311 0.191595 10 0.905762 0.096755 0.74448 0.191707 0.308761 10 0.903809 0.777043 0.573184 0.096554 0.212607 3 0.894043 0.228816 0.834758 0.076823 0.139601 3 0.892578 0.18154 0.798433 0.072015 0.112536 12 0.878418 0.353065 0.582977 0.09395 0.118234 10 0.866211 0.617588 0.346243 0.03726 0.109509 2 0.824219 0.328125 0.43661 0.023237 0.049858 2 0.81543 0.280148 0.566239 0.03145 0.068376 1 0.811523 0.294271 0.787037 0.023638 0.049858 6 0.759277 0.760817 0.337429 0.03766 0.097222 3 0.692871 0.303886 0.516916 0.054087 0.055912 10 0.476562 0.448317 0.367165 0.098558 0.087607 10 0.399902 0.01965 0.686432 0.039075 0.296652 10 0.360352 0.905849 0.913818 0.188301 0.169516 10 0.283691 0.68129 0.4651 0.075721 0.179487 6 0.223389 0.760817 0.334313 0.036859 0.089922
CCTV01^20260318-110000-20260318-120000_000629,10 0.935547 0.620994 0.376068 0.042468 0.123932 10 0.933594 0.898237 0.749288 0.20032 0.347578 10 0.924805 0.298678 0.504095 0.143029 0.176994 10 0.92041 0.782051 0.846154 0.18109 0.307692 9 0.916504 0.346554 0.907407 0.074519 0.165242 3 0.913086 0.147636 0.835826 0.085737 0.113248 5 0.911621 0.409756 0.470442 0.061899 0.071937 3 0.911621 0.212841 0.854345 0.083934 0.13604 5 0.910645 0.294571 0.762642 0.060296 0.141382 5 0.903809 0.524439 0.880342 0.069712 0.190883 3 0.896973 0.271134 0.91916 0.071114 0.161681 3 0.894043 0.210737 0.711895 0.065705 0.094729 3 0.891113 0.325821 0.65438 0.058694 0.082977 2 0.888184 0.214343 0.615563 0.034054 0.079416 2 0.878906 0.17478 0.676816 0.04347 0.087251 3 0.875977 0.323317 0.564815 0.058894 0.062678 10 0.862305 0.780649 0.581553 0.094151 0.212963 10 0.82666 0.126052 0.554309 0.162159 0.191952 10 0.779785 0.499599 0.361378 0.076122 0.104167 3 0.770508 0.373898 0.547187 0.047476 0.059473 10 0.733398 0.669671 0.582799 0.11258 0.259615 6 0.662109 0.79407 0.414975 0.052885 0.115207 12 0.649414 0.486779 0.430021 0.045673 0.082977 10 0.592773 0.68149 0.373932 0.056891 0.126068 6 0.539062 0.794271 0.414708 0.052484 0.114316 2 0.527344 0.969551 0.940171 0.060897 0.119658 10 0.451416 0.02268 0.674145 0.045235 0.275641 3 0.345215 0.252804 0.729167 0.067708 0.117165 10 0.15918 0.669872 0.584046 0.112981 0.260684
CCTV01^20260318-110000-20260318-120000_000633,5 0.94873 0.746595 0.922009 0.080529 0.155983 10 0.942871 0.700521 0.680199 0.127003 0.321937 10 0.941406 0.899639 0.762464 0.197516 0.366809 10 0.941406 0.125901 0.844729 0.170473 0.307692 10 0.927246 0.626603 0.399217 0.052885 0.137464 3 0.922852 0.247095 0.890669 0.067508 0.140313 3 0.921387 0.870593 0.900641 0.092147 0.160256 9 0.913086 0.296474 0.782407 0.072115 0.134615 5 0.912598 0.524639 0.87963 0.06851 0.190883 3 0.905762 0.378806 0.501959 0.046474 0.053775 5 0.896484 0.464744 0.42183 0.044872 0.058048 6 0.895508 0.859375 0.522792 0.084135 0.156695 12 0.881836 0.248498 0.659544 0.086338 0.145299 3 0.880859 0.344151 0.474003 0.041667 0.051994 3 0.874023 0.333033 0.576033 0.061498 0.071581 5 0.859863 0.3751 0.586004 0.071915 0.082977 3 0.824219 0.630208 0.524751 0.036058 0.067308 3 0.824219 0.311999 0.536859 0.053886 0.059473 3 0.824219 0.314203 0.690705 0.058293 0.104345 3 0.789062 0.420673 0.486111 0.043269 0.054843 3 0.788086 0.494391 0.444088 0.035256 0.042735 3 0.740234 0.468149 0.479167 0.04367 0.050926 2 0.638672 0.819712 0.946937 0.05609 0.106125 10 0.525391 0.464543 0.368145 0.079728 0.101318 10 0.343262 0.066707 0.737536 0.133413 0.311254 3 0.161377 0.393029 0.44765 0.028045 0.047009
CCTV01^20260318-110000-20260318-120000_000637,12 0.944824 0.722556 0.620726 0.047676 0.123219 10 0.943359 0.825721 0.771546 0.196314 0.379986 10 0.927246 0.654046 0.504986 0.076522 0.190883 5 0.918457 0.524038 0.879273 0.068109 0.190171 3 0.914062 0.278946 0.713497 0.058694 0.101496 10 0.913086 0.948317 0.840634 0.103365 0.318732 10 0.905273 0.733173 0.447828 0.112179 0.158476 10 0.897461 0.111378 0.853632 0.211939 0.289886 12 0.888184 0.330128 0.526175 0.076923 0.10933 3 0.876465 0.489784 0.444266 0.038862 0.054487 3 0.853027 0.707532 0.727208 0.057692 0.099715 5 0.847168 0.751603 0.539708 0.048878 0.091524 12 0.818848 0.716747 0.846866 0.060897 0.169516 3 0.817383 0.391426 0.495905 0.048878 0.055912 10 0.813965 0.329828 0.443198 0.107973 0.143518 3 0.779785 0.345052 0.627849 0.052284 0.091168 5 0.733887 0.267929 0.893875 0.082732 0.162393 3 0.65332 0.513421 0.405805 0.031651 0.041667 2 0.437744 0.25621 0.529558 0.029247 0.064103 3 0.360352 0.436899 0.454416 0.039663 0.052707 10 0.23584 0.022668 0.657764 0.04511 0.248576 10 0.206909 0.146234 0.725427 0.205529 0.25 3 0.162964 0.442508 0.42005 0.045272 0.038105
CCTV01^20260318-110000-20260318-120000_000641,12 0.953125 0.391526 0.463319 0.064704 0.089031 10 0.931152 0.700521 0.684295 0.118189 0.306624 10 0.930664 0.838742 0.789886 0.200721 0.391738 10 0.921387 0.221955 0.706553 0.167468 0.299145 5 0.917969 0.29407 0.733262 0.069311 0.140313 10 0.893066 0.696715 0.415509 0.063301 0.156873 5 0.890137 0.52484 0.880698 0.067308 0.191595 5 0.838867 0.479167 0.455484 0.040865 0.071937 5 0.813965 0.728966 0.514245 0.059695 0.089744 10 0.754883 0.420974 0.379808 0.105168 0.112179 3 0.729492 0.516426 0.394231 0.032853 0.047721 3 0.726562 0.632011 0.491809 0.038061 0.07265 5 0.690918 0.348558 0.625534 0.063301 0.105057 10 0.489258 0.821915 0.535078 0.120593 0.200499 12 0.355713 0.780048 0.386129 0.028846 0.061788 3 0.229492 0.440705 0.446937 0.040865 0.052707
CCTV01^20260318-110000-20260318-120000_000645,10 0.943848 0.83774 0.789886 0.202724 0.39886 10 0.939453 0.26232 0.629452 0.154046 0.236823 10 0.921875 0.128606 0.839209 0.19391 0.318732 3 0.92041 0.710136 0.667557 0.051683 0.122151 3 0.919434 0.667668 0.627315 0.048478 0.095085 3 0.916504 0.715745 0.835826 0.066106 0.154558 3 0.90918 0.651242 0.556624 0.046875 0.080484 3 0.904785 0.708333 0.56713 0.052885 0.087251 10 0.898438 0.698518 0.43661 0.053285 0.167379 5 0.888672 0.52504 0.87963 0.066907 0.192308 10 0.881836 0.489183 0.330128 0.072917 0.097578 12 0.844727 0.344551 0.837251 0.064103 0.146011 5 0.816406 0.485577 0.440705 0.03766 0.06802 3 0.795898 0.743389 0.53401 0.049279 0.095798 3 0.764648 0.64383 0.50463 0.040865 0.061966 5 0.756348 0.333333 0.646902 0.070913 0.110043 3 0.740234 0.765625 0.479523 0.029647 0.063034 10 0.702637 0.628005 0.379184 0.04367 0.150463 12 0.638672 0.422776 0.432158 0.059095 0.088675 6 0.507812 0.252204 0.864316 0.103766 0.271368 3 0.492188 0.464744 0.483262 0.048878 0.054131 5 0.309814 0.369191 0.561075 0.049679 0.08084
CCTV01^20260318-110000-20260318-120000_000649,10 0.939453 0.83774 0.79042 0.199519 0.392094 10 0.935547 0.383213 0.496795 0.119792 0.17094 10 0.928223 0.694511 0.491987 0.054888 0.200499 12 0.925781 0.332432 0.813034 0.071514 0.130342 3 0.918945 0.727564 0.849003 0.073718 0.152422 5 0.911133 0.52484 0.880342 0.067308 0.190883 3 0.896484 0.684295 0.685007 0.052083 0.107194 10 0.88623 0.636819 0.506054 0.058894 0.204416 6 0.869629 0.295773 0.691417 0.087139 0.20406 3 0.867188 0.2503 0.93839 0.067508 0.123219 10 0.673828 0.195613 0.72062 0.147236 0.310897 3 0.616699 0.766226 0.484152 0.028446 0.066595 3 0.484375 0.170022 0.946581 0.078225 0.102564 3 0.384033 0.371595 0.965812 0.07492 0.068376 2 0.337158 0.039488 0.798789 0.061248 0.106125
CCTV01^20260318-110000-20260318-120000_000654,10 0.956543 0.841146 0.789352 0.200721 0.395655 10 0.950195 0.742588 0.809117 0.155849 0.381766 12 0.939453 0.29397 0.733796 0.0627 0.117878 10 0.930176 0.702324 0.516916 0.070513 0.21688 10 0.921875 0.290264 0.591702 0.167067 0.221866 3 0.914062 0.25631 0.87037 0.0623 0.132479 5 0.892578 0.524439 0.880342 0.066506 0.190883 3 0.878418 0.160807 0.901353 0.07502 0.147436 3 0.871582 0.328826 0.837607 0.071114 0.136752 3 0.764648 0.221805 0.766204 0.057592 0.101496 10 0.743164 0.640625 0.464922 0.048878 0.14067 5 0.598145 0.220853 0.956553 0.08113 0.086895 5 0.205566 0.483373 0.448896 0.042869 0.067308
CCTV01^20260318-110000-20260318-120000_000658,10 0.947754 0.104667 0.797365 0.209335 0.376781 10 0.947754 0.838341 0.790064 0.201522 0.391382 10 0.93457 0.386018 0.495192 0.133413 0.174858 3 0.921387 0.257712 0.780627 0.051082 0.108262 5 0.894043 0.524239 0.879986 0.066907 0.190171 5 0.880859 0.234475 0.907764 0.080329 0.183048 5 0.708984 0.492388 0.435363 0.043269 0.066595 3 0.70752 0.248998 0.685363 0.059696 0.077279 10 0.496094 0.701923 0.523682 0.063301 0.228989 0 0.435791 0.360477 0.96047 0.048678 0.07906 10 0.338867 0.641426 0.465812 0.048878 0.14245 3 0.337158 0.185347 0.811966 0.070012 0.116809 5 0.203735 0.314103 0.723469 0.044071 0.108618 3 0.174438 0.314002 0.723647 0.044271 0.108262
CCTV01^20260318-110000-20260318-120000_000662,10 0.950195 0.179637 0.693376 0.244892 0.299858 10 0.932617 0.701122 0.525285 0.0625 0.222934 10 0.931152 0.884615 0.824964 0.229167 0.347222 5 0.897461 0.256811 0.799323 0.066106 0.156339 10 0.882324 0.451322 0.426015 0.09976 0.132301 5 0.878418 0.524439 0.880342 0.067308 0.190883 5 0.85498 0.771635 0.603989 0.048077 0.116809 3 0.644043 0.336038 0.643162 0.064704 0.081197 3 0.622559 0.361579 0.861823 0.098157 0.126781 10 0.358398 0.640825 0.466168 0.048478 0.140313 10 0.283691 0.884415 0.825499 0.23117 0.347578
CCTV01^20260318-110000-20260318-120000_000666,10 0.938965 0.719752 0.679843 0.110978 0.345442 5 0.935547 0.266426 0.760684 0.063702 0.153846 10 0.93457 0.334936 0.552707 0.16266 0.220798 5 0.883301 0.785256 0.666311 0.057692 0.146011 5 0.874023 0.52484 0.880342 0.067308 0.189459 6 0.757812 0.649038 0.513533 0.05609 0.146724 3 0.673828 0.341747 0.828348 0.086538 0.109687 3 0.607422 0.041692 0.846866 0.083283 0.131054
CCTV01^20260318-110000-20260318-120000_000670,6 0.958496 0.673678 0.58458 0.08133 0.192664 5 0.927246 0.315304 0.641916 0.072917 0.111467 5 0.911133 0.524639 0.881054 0.067708 0.188034 10 0.896973 0.166642 0.726496 0.168319 0.319088 10 0.496094 0.788261 0.823006 0.203926 0.353989 10 0.220703 0.451422 0.423077 0.097957 0.12963 10 0.161865 0.788462 0.821581 0.205128 0.355413
CCTV01^20260318-110000-20260318-120000_000674,6 0.970215 0.697516 0.644587 0.09375 0.2151 5 0.95166 0.524239 0.880342 0.067708 0.185185 10 0.936035 0.202023 0.65349 0.160457 0.247151 3 0.84375 0.721354 0.884971 0.066907 0.165954 5 0.804199 0.319211 0.637464 0.071915 0.11396 10 0.609375 0.470954 0.406517 0.091747 0.125 10 0.513672 0.667869 0.366898 0.041667 0.126603 3 0.513672 0.879808 0.855057 0.065705 0.143162
CCTV01^20260318-110000-20260318-120000_000725,4 0.95166 0.691506 0.514601 0.055288 0.097578 3 0.941895 0.744191 0.674323 0.061298 0.114316 10 0.938477 0.675881 0.352208 0.048077 0.119658 3 0.937012 0.315905 0.671296 0.058093 0.084758 3 0.932129 0.685897 0.650997 0.050481 0.092593 3 0.927246 0.357272 0.59099 0.070713 0.07443 3 0.920898 0.243089 0.749644 0.083534 0.113248 10 0.918945 0.426883 0.405627 0.097356 0.126068 10 0.915039 0.625 0.31989 0.034455 0.095264 3 0.909668 0.257011 0.923433 0.080929 0.150285 3 0.897461 0.715345 0.87037 0.070913 0.159544 3 0.894043 0.732772 0.583511 0.048077 0.082977 10 0.892578 0.232071 0.611467 0.180088 0.258547 4 0.888672 0.784054 0.64797 0.052083 0.104345 3 0.869629 0.186548 0.895299 0.08764 0.139601 0 0.851074 0.164313 0.778134 0.032552 0.080484 4 0.825684 0.733574 0.511396 0.044071 0.086895 1 0.811523 0.702925 0.728276 0.050881 0.10755 10 0.799316 0.064666 0.836895 0.129282 0.326211 0 0.79834 0.303185 0.785256 0.045873 0.093305 10 0.740234 0.885417 0.841168 0.168269 0.316239 0 0.649414 0.761619 0.803419 0.039263 0.123932 3 0.542969 0.420373 0.496439 0.046274 0.052707 9 0.492188 0.675881 0.351852 0.048077 0.12037 2 0.490234 0.653646 0.561432 0.034856 0.07443 10 0.470703 0.333934 0.466702 0.143429 0.14708 2 0.443604 0.521835 0.872151 0.071715 0.191595 0 0.383057 0.924279 0.69943 0.044071 0.099715 0 0.320801 0.973958 0.914174 0.052083 0.134615 3 0.314941 0.521835 0.872151 0.071715 0.191595 0 0.29248 0.985978 0.834402 0.028045 0.086182 0 0.269043 0.940705 0.843305 0.032051 0.089744 0 0.264404 0.790665 0.748041 0.036458 0.092236 3 0.237915 0.702925 0.728454 0.050881 0.108618 2 0.168335 0.702925 0.728454 0.050881 0.108618
CCTV01^20260318-110000-20260318-120000_000729,10 0.945312 0.686098 0.376603 0.058894 0.137108 10 0.944824 0.633413 0.36859 0.053686 0.116097 3 0.94043 0.91266 0.839744 0.094551 0.149573 3 0.9375 0.285156 0.803775 0.066306 0.110399 10 0.937012 0.078626 0.807692 0.15645 0.378917 3 0.936523 0.343049 0.620014 0.061899 0.073362 3 0.930176 0.148838 0.931624 0.091346 0.135328 10 0.928711 0.383814 0.440171 0.11859 0.152422 3 0.922852 0.520833 0.871439 0.075321 0.19302 3 0.921875 0.737981 0.91916 0.079327 0.161681 2 0.913086 0.699319 0.790242 0.046074 0.10755 3 0.913086 0.277444 0.926282 0.076923 0.147436 2 0.903809 0.882612 0.706019 0.056891 0.099359 3 0.901367 0.189052 0.779024 0.06901 0.114316 3 0.884277 0.26853 0.705306 0.067107 0.09651 3 0.883301 0.822917 0.686432 0.080128 0.138533 4 0.866211 0.819912 0.778134 0.057292 0.116097 10 0.842773 0.271134 0.585826 0.184495 0.241453 10 0.835449 0.465345 0.37313 0.084535 0.117699 0 0.753418 0.704527 0.63604 0.030048 0.091168 4 0.730957 0.759215 0.679843 0.072917 0.147436 3 0.668945 0.392428 0.561432 0.04367 0.059473 3 0.498047 0.26853 0.705484 0.066306 0.097578 0 0.492188 0.807893 0.512464 0.02524 0.057692 2 0.341553 0.228115 0.819088 0.049379 0.111111 3 0.31665 0.836138 0.91453 0.098558 0.166667 2 0.280518 0.98117 0.680199 0.03766 0.09188 0 0.248657 0.211538 0.930912 0.050481 0.12963 3 0.185303 0.835337 0.912749 0.096955 0.161681
CCTV01^20260318-110000-20260318-120000_000733,4 0.972656 0.777644 0.692842 0.0625 0.094373 10 0.950684 0.069561 0.625534 0.139123 0.251781 10 0.945312 0.288562 0.499466 0.148037 0.186254 3 0.944824 0.921875 0.922721 0.08734 0.154558 3 0.941895 0.523037 0.872151 0.070913 0.194444 3 0.928223 0.21224 0.639067 0.067508 0.07443 3 0.928223 0.27504 0.628917 0.078926 0.089031 10 0.927246 0.451522 0.411681 0.088942 0.131766 3 0.925293 0.347656 0.610043 0.057091 0.077635 3 0.924805 0.176833 0.847934 0.089042 0.147436 3 0.924316 0.241136 0.920228 0.073417 0.153846 2 0.921387 0.150791 0.698896 0.039563 0.089387 10 0.891602 0.738381 0.544338 0.143429 0.222578 2 0.891113 0.350761 0.929487 0.065304 0.139601 4 0.869629 0.820913 0.811432 0.103365 0.183405 2 0.855957 0.722155 0.931268 0.053285 0.133191 0 0.824219 0.710737 0.799857 0.043269 0.123932 3 0.824219 0.794271 0.921652 0.06851 0.156695 3 0.818848 0.398838 0.501246 0.059695 0.062322 11 0.809082 0.294772 0.791845 0.0623 0.137108 3 0.790527 0.311699 0.688924 0.056891 0.07443 0 0.770508 0.982372 0.847222 0.035256 0.126068 10 0.631836 0.719151 0.424679 0.08734 0.136396 3 0.560059 0.311999 0.689281 0.057091 0.075142 2 0.523438 0.467548 0.478454 0.051282 0.055199 0 0.490234 0.213792 0.701745 0.037961 0.093661 3 0.351318 0.107272 0.972578 0.085937 0.054843 2 0.318359 0.332933 0.758547 0.053686 0.103989 0 0.287842 0.982772 0.849003 0.034455 0.119658 0 0.264404 0.644431 0.881054 0.030849 0.102564 3 0.228149 0.49359 0.439281 0.038462 0.048077 7 0.181274 0.633814 0.478632 0.040865 0.103989 0 0.180054 0.992788 0.704416 0.014423 0.105413
CCTV01^20260318-110000-20260318-120000_000737,3 0.931641 0.277043 0.635328 0.075721 0.099003 10 0.931152 0.409956 0.397881 0.11278 0.138711 3 0.931152 0.656851 0.607016 0.054087 0.097222 3 0.92627 0.29387 0.712251 0.06851 0.105413 3 0.924316 0.523237 0.873219 0.069712 0.190883 3 0.913574 0.311198 0.837251 0.078726 0.141738 2 0.889648 0.335136 0.634971 0.038061 0.080484 1 0.844727 0.346354 0.770655 0.029647 0.076923 11 0.841797 0.742989 0.644053 0.117388 0.207621 6 0.835938 0.074519 0.81161 0.149038 0.316952 5 0.834473 0.234976 0.797008 0.071715 0.152422 3 0.777344 0.082707 0.941952 0.090996 0.116097 3 0.769043 0.757812 0.820335 0.085337 0.225427 10 0.759277 0.790665 0.560897 0.125401 0.247151 10 0.744629 0.897837 0.803063 0.188301 0.385328 4 0.708984 0.633814 0.509615 0.036058 0.081197 3 0.708984 0.360477 0.545762 0.064704 0.075855 11 0.413086 0.322516 0.456731 0.036458 0.06802 0 0.329346 0.701322 0.855413 0.029247 0.106838 0 0.289307 0.148588 0.910969 0.039964 0.092593 0 0.256836 0.286859 0.485399 0.024439 0.054843 0 0.227417 0.289463 0.93198 0.063702 0.104701
CCTV01^20260318-110000-20260318-120000_000741,10 0.954102 0.907051 0.822293 0.185897 0.35114 10 0.943359 0.217047 0.533298 0.152845 0.207621 10 0.943359 0.807692 0.595085 0.129808 0.271367 3 0.936523 0.701322 0.94765 0.078926 0.104701 3 0.935059 0.752003 0.672009 0.056891 0.108974 3 0.931641 0.067859 0.871083 0.103466 0.156695 3 0.92627 0.382812 0.906339 0.093349 0.161681 3 0.91748 0.199018 0.726852 0.080729 0.108974 3 0.91748 0.523037 0.873575 0.070112 0.198718 3 0.916504 0.770232 0.795228 0.065305 0.140313 3 0.904785 0.305789 0.809117 0.06871 0.135328 3 0.899902 0.187049 0.945869 0.074619 0.108262 4 0.895508 0.673478 0.587429 0.055288 0.115028 3 0.88623 0.302284 0.936966 0.077324 0.126068 3 0.878906 0.263722 0.61485 0.0627 0.079416 4 0.803223 0.697716 0.74359 0.054888 0.135328 6 0.800781 0.355469 0.452813 0.091947 0.134259 3 0.548828 0.103616 0.945513 0.085036 0.108974 3 0.460938 0.229868 0.778668 0.04387 0.10933 5 0.40918 0.284756 0.676104 0.07512 0.129274 10 0.370117 0.078826 0.592771 0.142428 0.225427 4 0.263672 0.411558 0.978632 0.064704 0.042735 1 0.176636 0.328526 0.60114 0.020433 0.065527
CCTV01^20260318-110000-20260318-120000_000745,10 0.95166 0.896434 0.777422 0.191106 0.393875 3 0.940918 0.523237 0.872151 0.06891 0.194444 3 0.931641 0.207432 0.737892 0.076322 0.115385 10 0.929199 0.786258 0.519231 0.122997 0.211538 3 0.929199 0.284756 0.567308 0.061098 0.084758 3 0.927734 0.79387 0.876424 0.067708 0.157407 10 0.927246 0.08769 0.583689 0.149539 0.22151 3 0.92627 0.682692 0.55609 0.048077 0.095798 3 0.922852 0.3749 0.564637 0.063101 0.092236 10 0.910645 0.345553 0.410078 0.119391 0.135684 9 0.89502 0.334235 0.876424 0.110777 0.231482 3 0.894043 0.027995 0.861111 0.05599 0.109687 3 0.893066 0.697316 0.723469 0.061298 0.179843 3 0.841797 0.0469 0.955484 0.087991 0.089031 3 0.82666 0.036321 0.787749 0.072391 0.099715 9 0.823242 0.648037 0.46136 0.055689 0.124288 4 0.789062 0.243289 0.794159 0.057893 0.135328 4 0.746094 0.129307 0.847578 0.07472 0.17094 3 0.638672 0.367187 0.508547 0.049279 0.074786 3 0.437744 0.308694 0.679487 0.070913 0.118234 0 0.267334 0.187901 0.840812 0.039663 0.097578 3 0.250244 0.144982 0.946225 0.085837 0.10755
CCTV01^20260318-110000-20260318-120000_000749,3 0.960449 0.117238 0.798433 0.08123 0.115385 4 0.95752 0.189453 0.737536 0.070613 0.130342 3 0.94873 0.128856 0.909188 0.102865 0.141738 10 0.946289 0.776042 0.793091 0.133814 0.396724 3 0.941895 0.241887 0.773148 0.072716 0.113248 3 0.935059 0.660457 0.534544 0.042067 0.076923 3 0.933105 0.145583 0.701389 0.085036 0.091524 3 0.931641 0.523438 0.871795 0.06851 0.192308 3 0.90918 0.296875 0.700142 0.051282 0.099715 4 0.903809 0.671274 0.642094 0.05649 0.125356 4 0.896484 0.257612 0.619836 0.048878 0.101496 3 0.865234 0.633814 0.452991 0.035256 0.078348 4 0.84082 0.327023 0.538105 0.070312 0.089031 10 0.782715 0.751803 0.514067 0.082131 0.201923 10 0.750488 0.388822 0.382122 0.115785 0.111823 4 0.744629 0.323718 0.778134 0.064103 0.154558 10 0.683594 0.917067 0.825142 0.165865 0.346866 3 0.629883 0.344651 0.948006 0.073117 0.103989 3 0.625977 0.681891 0.475071 0.033654 0.066239 3 0.581543 0.210887 0.501959 0.039363 0.058761 3 0.533203 0.385817 0.533476 0.065705 0.071225 3 0.496094 0.344952 0.600783 0.084535 0.132479 9 0.400635 0.110477 0.562678 0.147436 0.227208 10 0.360352 0.110226 0.563212 0.148337 0.224715 3 0.256836 0.201172 0.919872 0.070012 0.155983 9 0.19873 0.344952 0.600783 0.084535 0.132479
CCTV01^20260318-110000-20260318-120000_000753,10 0.944336 0.135367 0.627493 0.196414 0.252137 10 0.944336 0.810296 0.634259 0.147035 0.281339 3 0.935547 0.130659 0.803063 0.088442 0.127493 3 0.932617 0.316807 0.781339 0.063101 0.115385 3 0.932617 0.23142 0.796652 0.075621 0.126068 10 0.931152 0.665264 0.477564 0.077324 0.183048 3 0.928223 0.212089 0.656695 0.077424 0.093305 3 0.926758 0.522837 0.872151 0.068109 0.194444 3 0.92627 0.713942 0.746083 0.063301 0.158832 3 0.915039 0.266927 0.915598 0.084736 0.163105 3 0.909668 0.157402 0.862536 0.079828 0.12963 3 0.907227 0.272236 0.583155 0.076122 0.08084 10 0.889648 0.916266 0.823718 0.167468 0.349715 3 0.863281 0.342147 0.931624 0.076923 0.136752 3 0.839844 0.293069 0.613604 0.061298 0.081909 4 0.809082 0.272536 0.673789 0.051482 0.116809 4 0.525391 0.713942 0.573184 0.044872 0.084402 4 0.498047 0.339042 0.624288 0.064704 0.115385 2 0.424316 0.684095 0.638711 0.034856 0.082265 0 0.379395 0.80008 0.835114 0.028846 0.103276 3 0.374756 0.171975 0.950142 0.104768 0.099715 3 0.345215 0.393229 0.537037 0.077324 0.10755 1 0.331055 0.80008 0.835114 0.028846 0.103276 10 0.267334 0.020871 0.657229 0.041592 0.249644 5 0.23584 0.339042 0.624466 0.064704 0.115741
CCTV01^20260318-110000-20260318-120000_000757,10 0.950195 0.841146 0.679487 0.179888 0.319088 3 0.947754 0.260517 0.705128 0.065104 0.105413 3 0.946289 0.233173 0.803775 0.06891 0.121795 3 0.945312 0.323317 0.66453 0.060497 0.106838 3 0.943359 0.376903 0.57532 0.053886 0.087963 3 0.939453 0.159004 0.922009 0.078425 0.155983 3 0.928711 0.315705 0.799857 0.067708 0.135328 3 0.928711 0.523237 0.873219 0.06891 0.202279 3 0.927734 0.316607 0.540954 0.065505 0.082621 3 0.927734 0.13737 0.782051 0.073818 0.122507 10 0.924805 0.35617 0.447471 0.139423 0.168447 10 0.924316 0.767828 0.816952 0.179086 0.366097 3 0.913086 0.203325 0.715634 0.063301 0.104345 3 0.908203 0.264623 0.593661 0.059295 0.089031 4 0.834473 0.290365 0.610755 0.050681 0.109687 2 0.825684 0.045711 0.818732 0.064729 0.116097 10 0.766113 0.702324 0.543981 0.072115 0.233262 3 0.622559 0.213592 0.638533 0.055589 0.090456 11 0.596191 0.644631 0.451211 0.045673 0.136752 3 0.430176 0.430789 0.469551 0.043069 0.064459 3 0.367432 0.244291 0.915954 0.08113 0.162393 10 0.312256 0.061799 0.717236 0.123598 0.2849 3 0.303955 0.213842 0.639067 0.05629 0.092236 3 0.275879 0.244491 0.915954 0.08153 0.163818
CCTV01^20260318-110000-20260318-120000_000761,4 0.974609 0.382312 0.919516 0.097556 0.160969 3 0.94043 0.174028 0.802707 0.067007 0.131054 3 0.938965 0.271434 0.828348 0.076122 0.143875 3 0.937988 0.523237 0.872151 0.070513 0.197293 10 0.937988 0.158303 0.577635 0.172175 0.217949 10 0.933594 0.890625 0.758725 0.21875 0.370014 3 0.933105 0.325521 0.643697 0.061699 0.102208 3 0.930664 0.257812 0.730413 0.067708 0.116097 3 0.930664 0.09976 0.93839 0.074119 0.123219 3 0.927734 0.217348 0.917379 0.075721 0.149573 3 0.926758 0.386318 0.533298 0.058293 0.07443 10 0.91748 0.433494 0.392806 0.111378 0.131054 4 0.913086 0.316406 0.530449 0.047476 0.090812 3 0.910645 0.358774 0.476674 0.062099 0.064459 3 0.909668 0.412961 0.469551 0.053886 0.063034 3 0.907227 0.262119 0.643697 0.071915 0.095798 3 0.900391 0.261919 0.570869 0.056691 0.078348 4 0.862305 0.016276 0.842236 0.032452 0.116097 11 0.850098 0.732772 0.699074 0.094551 0.245727 2 0.84082 0.764423 0.94302 0.065705 0.11396 0 0.827637 0.352163 0.788462 0.047676 0.115385 0 0.546875 0.320813 0.715456 0.036258 0.094729 10 0.474609 0.664663 0.513711 0.088942 0.211182 2 0.379395 0.663662 0.865029 0.044471 0.144587 1 0.350342 0.80028 0.857194 0.034055 0.099003 0 0.308105 0.095653 0.767628 0.064704 0.11859 1 0.286865 0.799679 0.854701 0.036058 0.105413 10 0.262207 0.433293 0.392628 0.110978 0.129986 5 0.190674 0.477163 0.457799 0.048077 0.07443 0 0.155029 0.317408 0.866453 0.044271 0.104701
CCTV01^20260318-110000-20260318-120000_000765,10 0.952148 0.719752 0.718839 0.13742 0.3401 3 0.945801 0.35637 0.526175 0.051683 0.069444 3 0.937988 0.230319 0.573896 0.065805 0.090812 3 0.933594 0.291066 0.69765 0.060096 0.108974 10 0.931641 0.265224 0.460114 0.116186 0.14886 10 0.928223 0.878405 0.826033 0.241586 0.343661 10 0.921387 0.715545 0.505698 0.11859 0.210114 3 0.902832 0.307792 0.822293 0.090745 0.144587 3 0.901855 0.236278 0.70406 0.055088 0.10755 9 0.864258 0.048578 0.876781 0.096855 0.183761 3 0.84375 0.338341 0.611111 0.065304 0.084046 3 0.803223 0.22526 0.649929 0.073518 0.091168 3 0.753418 0.392528 0.553241 0.059495 0.072293 5 0.749023 0.488982 0.441239 0.045272 0.07265 3 0.723145 0.523638 0.871083 0.071314 0.190883 4 0.70752 0.284054 0.521011 0.059295 0.077635 3 0.686035 0.297776 0.587073 0.064704 0.101496 0 0.679199 0.225861 0.76745 0.056691 0.097578 2 0.616699 0.410657 0.497151 0.047276 0.05698 2 0.602051 0.057367 0.73985 0.10602 0.120014 10 0.566895 0.11904 0.55057 0.152544 0.207977 2 0.171021 0.523638 0.871083 0.071314 0.190883
CCTV01^20260318-110000-20260318-120000_000769,3 0.945801 0.293369 0.722934 0.077925 0.106838 1 0.941895 0.717147 0.841168 0.046474 0.115385 10 0.936035 0.138572 0.527956 0.169972 0.195513 3 0.935059 0.20653 0.872507 0.086138 0.143875 3 0.924316 0.522837 0.872863 0.072917 0.195869 10 0.922363 0.878606 0.826567 0.239583 0.338319 10 0.919434 0.315905 0.412927 0.116987 0.127137 3 0.919434 0.270333 0.611823 0.064303 0.084758 2 0.88623 0.29988 0.62037 0.040865 0.089031 4 0.882324 0.2187 0.540954 0.053786 0.088319 10 0.853027 0.783453 0.59188 0.163862 0.262821 3 0.84375 0.359776 0.604345 0.073718 0.094729 9 0.827637 0.204427 0.712251 0.119191 0.148148 3 0.766113 0.401843 0.540242 0.043269 0.068376 3 0.725098 0.755008 0.741097 0.040465 0.124644 3 0.692871 0.093099 0.951211 0.078225 0.097578 2 0.613281 0.688502 0.680556 0.040465 0.101852 1 0.609375 0.723157 0.943732 0.050481 0.112536 3 0.5 0.272135 0.905271 0.076322 0.149573 10 0.301514 0.057442 0.783654 0.114884 0.301638 3 0.227417 0.448117 0.486289 0.057292 0.054487 4 0.151489 0.315605 0.500712 0.039062 0.082621
CCTV01^20260318-110000-20260318-120000_000773,9 0.967773 0.351062 0.550036 0.094351 0.120014 10 0.944824 0.783854 0.597578 0.163061 0.267806 3 0.943359 0.71875 0.749822 0.060897 0.135684 3 0.94043 0.523438 0.872507 0.069311 0.192308 10 0.936523 0.248197 0.565527 0.183093 0.232906 2 0.931641 0.247897 0.829772 0.04988 0.115385 3 0.931152 0.274539 0.646724 0.077925 0.093305 3 0.929199 0.335337 0.64797 0.070513 0.087963 10 0.928711 0.677083 0.461004 0.080128 0.193376 3 0.926758 0.285757 0.747863 0.055889 0.116809 3 0.924805 0.057116 0.877493 0.113532 0.159544 2 0.920898 0.779247 0.883547 0.051282 0.128917 11 0.919434 0.179087 0.734865 0.085337 0.221154 10 0.915527 0.214694 0.484687 0.16877 0.171652 3 0.901855 0.491186 0.453882 0.046474 0.060185 1 0.822266 0.113381 0.702991 0.027244 0.076923 10 0.767578 0.363181 0.394676 0.126202 0.125178 1 0.525391 0.13111 0.868946 0.044671 0.102564 3 0.472656 0.240986 0.958333 0.076923 0.083333 10 0.46875 0.93109 0.673255 0.13782 0.287393
CCTV01^20260318-110000-20260318-120000_000777,9 0.958984 0.420673 0.405004 0.104968 0.145121 9 0.958008 0.855369 0.689459 0.20593 0.321937 9 0.952637 0.189303 0.609687 0.163862 0.190883 2 0.95166 0.280148 0.742521 0.059495 0.108974 9 0.951172 0.716546 0.566952 0.109375 0.260684 2 0.946777 0.524239 0.872151 0.070112 0.194444 12 0.937988 0.153846 0.784188 0.059696 0.109687 3 0.934082 0.684896 0.667379 0.059696 0.121083 11 0.931152 0.39403 0.51015 0.069311 0.095798 2 0.928711 0.260817 0.87037 0.070112 0.150997 9 0.919434 0.322716 0.431268 0.144631 0.140313 2 0.899902 0.197616 0.70958 0.095152 0.120726 2 0.896973 0.634615 0.526175 0.046474 0.079416 1 0.896973 0.73117 0.890313 0.055288 0.14245 2 0.880859 0.34365 0.629452 0.069111 0.092236 12 0.868164 0.100811 0.80057 0.058193 0.116809 2 0.855957 0.346855 0.572828 0.077524 0.07443 0 0.837402 0.288762 0.660256 0.030649 0.074074 2 0.65332 0.629808 0.424679 0.033654 0.063034 9 0.602051 0.051169 0.791845 0.101788 0.235399 2 0.422607 0.477364 0.484687 0.048478 0.049145 2 0.180054 0.495793 0.445691 0.042067 0.060185 12 0.180054 0.360477 0.94302 0.05629 0.11396 2 0.169922 0.629607 0.424679 0.034054 0.063746 0 0.15979 0.050856 0.912749 0.061949 0.100427
CCTV01^20260318-110000-20260318-120000_000781,9 0.974609 0.812901 0.764067 0.196314 0.406339 9 0.962891 0.107622 0.741809 0.214243 0.285613 2 0.962402 0.524239 0.872863 0.071715 0.195869 9 0.95166 0.152794 0.837251 0.185998 0.325499 11 0.939941 0.454127 0.446047 0.052484 0.077279 4 0.938965 0.274339 0.787927 0.060296 0.159188 9 0.938477 0.233073 0.578882 0.146034 0.179843 2 0.936523 0.415665 0.501246 0.058093 0.067308 3 0.933105 0.804487 0.939459 0.092949 0.121083 3 0.928223 0.378806 0.899929 0.122997 0.188746 1 0.925293 0.683894 0.815883 0.047276 0.123219 9 0.897461 0.434495 0.39067 0.094952 0.138889 2 0.897461 0.342949 0.555377 0.071314 0.087251 0 0.888672 0.239884 0.863604 0.032252 0.094729 2 0.863281 0.670272 0.583689 0.050481 0.094729 2 0.85791 0.301983 0.688568 0.06871 0.117165 9 0.845703 0.323718 0.488248 0.112179 0.140313 2 0.827637 0.267027 0.947293 0.075721 0.105413 2 0.804199 0.489383 0.467415 0.042869 0.059473 2 0.684082 0.726963 0.930912 0.075721 0.138177 1 0.539062 0.727364 0.930912 0.07492 0.138177 12 0.535156 0.711138 0.758547 0.036058 0.115385 1 0.320801 0.334235 0.811966 0.04988 0.096866 1 0.199341 0.334535 0.811254 0.050481 0.095442
CCTV01^20260318-110000-20260318-120000_000785,9 0.970215 0.260567 0.612892 0.182792 0.200855 11 0.963867 0.67528 0.54594 0.04367 0.110399 2 0.961914 0.524038 0.872863 0.071314 0.194444 2 0.956543 0.269631 0.904915 0.064103 0.14886 9 0.954102 0.818109 0.771189 0.197115 0.40349 3 0.95166 0.347155 0.828704 0.102564 0.165954 9 0.949219 0.346755 0.474893 0.114583 0.125 2 0.949219 0.692107 0.69854 0.055689 0.122863 2 0.91748 0.444712 0.467771 0.051282 0.062322 2 0.909668 0.384816 0.514423 0.061298 0.077991 0 0.877441 0.259916 0.77849 0.025841 0.092593 9 0.874023 0.079978 0.754273 0.159956 0.277778 11 0.79834 0.472756 0.417735 0.041667 0.074074 2 0.763672 0.283954 0.703704 0.061899 0.138177 2 0.509766 0.506611 0.430556 0.035657 0.051282 9 0.500977 0.159054 0.827279 0.173478 0.345442 0 0.390381 0.30028 0.967949 0.034856 0.064103 2 0.169434 0.2502 0.985043 0.076122 0.029915
CCTV01^20260318-110000-20260318-120000_000789,9 0.964355 0.819111 0.769587 0.201522 0.399573 9 0.960449 0.373197 0.501246 0.111779 0.152778 2 0.959961 0.273838 0.836538 0.060497 0.13604 2 0.959961 0.523438 0.873219 0.071715 0.19943 9 0.958984 0.181691 0.77386 0.164663 0.344017 2 0.95752 0.727163 0.848291 0.076923 0.163818 9 0.95166 0.242939 0.570335 0.159956 0.179843 11 0.936035 0.701923 0.694979 0.061699 0.154202 0 0.92041 0.289062 0.900997 0.032051 0.102564 3 0.912598 0.3125 0.663818 0.059295 0.131054 2 0.909668 0.479167 0.480769 0.047276 0.054843 3 0.905762 0.65645 0.465812 0.041266 0.094729 0 0.901855 0.315304 0.884615 0.031651 0.103989 12 0.864258 0.349259 0.86396 0.038662 0.119658 2 0.836426 0.565705 0.469729 0.034455 0.080484 12 0.59082 0.320012 0.814815 0.037059 0.108262 1 0.413086 0.320012 0.743412 0.045473 0.085826 2 0.262939 0.478365 0.420406 0.036859 0.055199 2 0.227417 0.252003 0.960114 0.078926 0.079772
CCTV01^20260318-110000-20260318-120000_000793,2 0.965332 0.277143 0.814103 0.061899 0.132479 2 0.965332 0.747796 0.920228 0.086138 0.159544 2 0.958984 0.524038 0.873219 0.071314 0.196581 9 0.957031 0.819311 0.77208 0.196314 0.404558 11 0.955566 0.720953 0.758725 0.070112 0.167735 9 0.95166 0.407252 0.465456 0.097356 0.134615 9 0.947266 0.196514 0.743946 0.148638 0.325499 2 0.927246 0.505409 0.431446 0.032452 0.051638 3 0.925781 0.689904 0.59562 0.059295 0.137108 2 0.915039 0.480569 0.467415 0.046074 0.070157 9 0.913086 0.234625 0.533832 0.152945 0.183048 2 0.911133 0.25641 0.946225 0.07492 0.10755 12 0.898926 0.31881 0.959046 0.046274 0.081909 0 0.836426 0.297676 0.86859 0.030849 0.101852 1 0.771973 0.296575 0.64708 0.035857 0.09188 12 0.750488 0.342248 0.925214 0.0623 0.133903 2 0.720215 0.564904 0.47062 0.036058 0.076567 2 0.716797 0.477764 0.410434 0.042869 0.057336 12 0.690918 0.326522 0.740028 0.038862 0.103989 2 0.519531 0.517628 0.387999 0.032853 0.048789 1 0.462891 0.333534 0.569266 0.032452 0.077279 2 0.44751 0.564904 0.470264 0.036859 0.076567 0 0.345215 0.317007 0.823362 0.033854 0.094017 12 0.30249 0.342949 0.815171 0.036859 0.116097 12 0.188965 0.316506 0.822649 0.032452 0.099715 2 0.177856 0.477564 0.410612 0.041667 0.059117 12 0.174438 0.372596 0.850427 0.047276 0.123932
CCTV01^20260318-110000-20260318-120000_000797,2 0.961914 0.524038 0.873575 0.071314 0.194444 2 0.94873 0.751803 0.925926 0.090945 0.148148 9 0.946777 0.228365 0.673789 0.142628 0.289174 3 0.940918 0.690905 0.597934 0.058093 0.137464 12 0.938965 0.659856 0.766026 0.039263 0.118946 11 0.90918 0.724359 0.770833 0.072115 0.170584 2 0.864258 0.253105 0.929487 0.083133 0.141026 2 0.850098 0.28766 0.753917 0.056891 0.10755 9 0.847168 0.819712 0.771367 0.197115 0.403134 12 0.795898 0.325721 0.95406 0.039663 0.09188 12 0.790527 0.38752 0.826211 0.036258 0.098291 12 0.753418 0.364984 0.900285 0.038862 0.122507 12 0.665527 0.324319 0.668803 0.030849 0.096866 7 0.663574 0.107434 0.715812 0.116461 0.128205 2 0.571777 0.399139 0.510506 0.058293 0.06161 12 0.453369 0.3125 0.875356 0.036859 0.112536 0 0.411133 0.325521 0.596866 0.025641 0.066952 2 0.394287 0.565905 0.469907 0.034856 0.075855 9 0.310791 0.819712 0.769587 0.197115 0.406695
CCTV01^20260318-110000-20260318-120000_000801,9 0.966797 0.426683 0.414352 0.110577 0.136396 2 0.960449 0.524239 0.873575 0.072516 0.194444 9 0.958008 0.266226 0.611111 0.147035 0.250712 2 0.950195 0.751202 0.926638 0.092147 0.146724 9 0.946289 0.819311 0.770299 0.197917 0.405271 3 0.943359 0.690304 0.595976 0.060096 0.137108 9 0.936035 0.084685 0.79042 0.168169 0.373576 11 0.932129 0.724159 0.771189 0.072516 0.171296 2 0.905762 0.509816 0.402956 0.030849 0.046652 2 0.894043 0.27474 0.838319 0.086338 0.162393 9 0.852051 0.173377 0.820157 0.184495 0.359687 2 0.831055 0.497997 0.43839 0.036859 0.055556 12 0.830078 0.65645 0.77297 0.033253 0.130698 12 0.713867 0.328526 0.942308 0.042869 0.112536 2 0.505859 0.565505 0.469373 0.032452 0.075499 12 0.405518 0.65645 0.772436 0.033253 0.130342 12 0.396973 0.301883 0.683939 0.039263 0.105057 12 0.341553 0.301583 0.963675 0.048277 0.07265 12 0.34082 0.335437 0.82443 0.036659 0.123219 12 0.320801 0.335337 0.827991 0.03726 0.116097 12 0.206909 0.331731 0.750534 0.034455 0.091524 2 0.154053 0.517428 0.378294 0.036458 0.038996
CCTV01^20260318-110000-20260318-120000_000805,2 0.962402 0.523838 0.872863 0.072516 0.195869 1 0.945312 0.211639 0.923077 0.052684 0.119658 3 0.943848 0.691907 0.598469 0.057692 0.136396 2 0.943359 0.751603 0.926638 0.090545 0.146724 11 0.934082 0.724359 0.772258 0.072115 0.170584 9 0.932129 0.157202 0.655983 0.195212 0.293447 9 0.927734 0.223257 0.73255 0.179687 0.326923 3 0.907227 0.492188 0.414352 0.05649 0.072293 2 0.907227 0.461739 0.474715 0.053285 0.062678 2 0.907227 0.652845 0.537571 0.045272 0.079416 9 0.868652 0.313902 0.547365 0.139022 0.202991 9 0.714844 0.820713 0.769943 0.198317 0.405983 1 0.397949 0.176082 0.975783 0.057492 0.048433 2 0.36377 0.74399 0.456553 0.044872 0.076211 2 0.348633 0.666066 0.469195 0.04367 0.079416 1 0.345947 0.045711 0.788818 0.054112 0.10755 12 0.273682 0.661058 0.912037 0.040064 0.143162
CCTV01^20260318-110000-20260318-120000_000809,9 0.953125 0.234926 0.539352 0.136719 0.191239 2 0.951172 0.523638 0.872863 0.071314 0.194444 3 0.944824 0.691106 0.597578 0.057692 0.135328 2 0.942871 0.65645 0.548789 0.046074 0.080484 9 0.941895 0.820312 0.769765 0.195913 0.40349 2 0.936035 0.618189 0.509259 0.057692 0.089031 2 0.933105 0.752003 0.926638 0.089744 0.146724 11 0.930664 0.72496 0.77208 0.071715 0.169516 9 0.929199 0.165966 0.800392 0.199319 0.373575 2 0.862305 0.139673 0.673611 0.053986 0.087251 2 0.855957 0.734375 0.518162 0.039263 0.092593 0 0.751953 0.654447 0.925926 0.034054 0.119658 1 0.708984 0.216747 0.889245 0.050881 0.121795 9 0.689453 0.417969 0.483618 0.102364 0.179487 0 0.583008 0.690505 0.882122 0.035657 0.118946 3 0.577637 0.691506 0.515313 0.056891 0.094017 12 0.445557 0.315405 0.77386 0.045873 0.113248 9 0.279053 0.028721 0.814103 0.057442 0.358974 0 0.217285 0.691707 0.877137 0.033253 0.108974 12 0.193726 0.704527 0.959402 0.044471 0.081197 2 0.151978 0.669671 0.490385 0.040465 0.069801 2 0.151489 0.969151 0.779202 0.061699 0.153846
CCTV01^20260318-110000-20260318-120000_000954,7 0.907227 0.329427 0.803419 0.057091 0.136752 3 0.88623 0.566506 0.468661 0.024038 0.071225 2 0.877441 0.487179 0.433226 0.02484 0.050214 11 0.868164 0.704327 0.653312 0.065705 0.187678 0 0.827637 0.345653 0.570691 0.025441 0.059473 0 0.791992 0.98758 0.745726 0.02484 0.088319 0 0.789062 0.314503 0.639423 0.03125 0.064459 3 0.778809 0.359776 0.953704 0.116987 0.092593 0 0.773438 0.229267 0.689993 0.024639 0.073718 0 0.720215 0.27474 0.651175 0.028245 0.067308 0 0.713867 0.19987 0.659544 0.02494 0.059117 3 0.692871 0.657652 0.595798 0.033253 0.080484 3 0.633301 0.437099 0.475961 0.050481 0.047365 1 0.592773 0.677484 0.97792 0.027244 0.04416 0 0.517578 0.380809 0.538462 0.020833 0.054131 2 0.501953 0.247897 0.646546 0.028245 0.071581 0 0.492188 0.406651 0.806624 0.034455 0.067664 0 0.474609 0.253005 0.701033 0.030048 0.069444 0 0.394287 0.213141 0.623219 0.022436 0.051282 0 0.383057 0.275341 0.647792 0.027845 0.067664 0 0.212036 0.397236 0.418803 0.017228 0.04416 11 0.167236 0.664062 0.478098 0.063702 0.143518
CCTV01^20260318-110000-20260318-120000_000966,11 0.901855 0.708534 0.663996 0.06851 0.187678 3 0.799316 0.699119 0.839387 0.04968 0.134615 11 0.786621 0.775641 0.786681 0.070513 0.248576 2 0.756348 0.867788 0.758191 0.048077 0.086182 1 0.730957 0.157202 0.753383 0.027344 0.063034 1 0.692871 0.671474 0.951567 0.03125 0.08547 3 0.525391 0.625801 0.422187 0.03125 0.050214 3 0.507812 0.392027 0.551994 0.050881 0.081197 3 0.482422 0.205879 0.974715 0.081831 0.05057 3 0.383057 0.648037 0.603276 0.055689 0.093305 4 0.368408 0.022317 0.780805 0.044559 0.112179 0 0.259766 0.890625 0.709402 0.02484 0.069801 2 0.255371 0.189603 0.742877 0.039062 0.089744
CCTV01^20260318-110000-20260318-120000_000970,2 0.932129 0.901442 0.789174 0.059295 0.078348 2 0.916016 0.877404 0.667913 0.040064 0.091524 11 0.90332 0.709535 0.676104 0.065705 0.190527 11 0.897461 0.779647 0.801994 0.076923 0.25641 3 0.885742 0.319611 0.653312 0.061899 0.101496 10 0.863281 0.820112 0.512286 0.058494 0.157764 1 0.834473 0.844551 0.790242 0.030449 0.081909 3 0.825684 0.257111 0.822293 0.071514 0.127493 3 0.818848 0.653045 0.615206 0.052083 0.102208 3 0.81543 0.271334 0.629986 0.037861 0.073362 3 0.800781 0.70032 0.848647 0.050481 0.134615 3 0.785156 0.112981 0.966168 0.093349 0.067664 1 0.78418 0.600962 0.459402 0.020032 0.054131 3 0.746094 0.864583 0.972222 0.067308 0.055556 1 0.699219 0.672276 0.949786 0.033654 0.089031 3 0.656738 0.780048 0.64797 0.049679 0.06802 4 0.507812 0.761018 0.475783 0.02524 0.05057 4 0.480469 0.273438 0.543447 0.097756 0.113248 2 0.319092 0.517628 0.41364 0.021635 0.050926 3 0.317383 0.626002 0.421296 0.030849 0.049858 1 0.297363 0.808494 0.968305 0.030449 0.060541 3 0.265869 0.626202 0.421296 0.028846 0.051282 4 0.212036 0.972756 0.88604 0.054487 0.192308 11 0.194336 0.945112 0.676104 0.103365 0.152066
CCTV01^20260318-110000-20260318-120000_000974,11 0.915039 0.778646 0.80235 0.075721 0.251424 11 0.906738 0.870192 0.922365 0.073718 0.155271 0 0.895508 0.987179 0.810897 0.025641 0.09188 11 0.88623 0.710537 0.679665 0.065304 0.190527 3 0.866211 0.658854 0.619302 0.038061 0.08547 3 0.852051 0.700521 0.849359 0.050881 0.134615 3 0.836426 0.144081 0.704238 0.080228 0.107194 3 0.771973 0.171174 0.975427 0.087941 0.049145 4 0.767578 0.461538 0.428775 0.057692 0.07906 10 0.73877 0.821915 0.473647 0.064503 0.180912 1 0.726562 0.672676 0.952635 0.032051 0.087607 0 0.624512 0.050406 0.812678 0.056941 0.099715 0 0.519531 0.04973 0.811966 0.058794 0.099715 3 0.5 0.625 0.422365 0.028846 0.049858 3 0.496094 0.736578 0.939459 0.067708 0.121083 3 0.490234 0.847556 0.793447 0.064503 0.118234 1 0.411133 0.955929 0.80057 0.033654 0.081197 3 0.404541 0.74399 0.555199 0.041667 0.080484 3 0.38208 0.792668 0.616987 0.054888 0.056624 3 0.380371 0.382512 0.571759 0.057091 0.070869 1 0.156128 0.6252 0.569622 0.026042 0.066595
CCTV01^20260318-110000-20260318-120000_000978,2 0.914062 0.220553 0.58636 0.038462 0.079416 4 0.898438 0.829728 0.720442 0.042468 0.094729 3 0.896484 0.299379 0.487536 0.038662 0.054131 11 0.896484 0.710537 0.678775 0.066106 0.189459 3 0.883301 0.631611 0.438568 0.031651 0.055199 11 0.871582 0.779447 0.804487 0.074119 0.251424 3 0.869629 0.659054 0.616987 0.03766 0.084402 3 0.868164 0.700521 0.853276 0.047676 0.135328 0 0.84082 0.108674 0.724003 0.047075 0.094729 4 0.713867 0.670272 0.426638 0.03766 0.056268 1 0.705566 0.674279 0.952635 0.032051 0.090456 11 0.620605 0.869391 0.921652 0.06891 0.156695 2 0.537109 0.987179 0.703704 0.025641 0.095442 1 0.472656 0.626002 0.570869 0.029247 0.071937 3 0.342529 0.736578 0.939103 0.065305 0.121795 3 0.29834 0.467548 0.469551 0.043269 0.053063 1 0.291016 0.670873 0.893875 0.030048 0.078348 3 0.286865 0.40004 0.521902 0.053285 0.060185 3 0.276611 0.364483 0.475605 0.038261 0.053775 3 0.267334 0.494992 0.433226 0.031651 0.048789 0 0.256836 0.257712 0.512108 0.035857 0.075499 3 0.250977 0.211889 0.980413 0.082632 0.039174
CCTV01^20260318-110000-20260318-120000_000982,11 0.894043 0.711739 0.678953 0.066106 0.189103 3 0.885742 0.661058 0.495726 0.039263 0.051994 11 0.879883 0.779046 0.80609 0.073317 0.258191 3 0.875 0.70012 0.853632 0.048478 0.141738 4 0.864258 0.870593 0.921296 0.069711 0.157407 3 0.854004 0.625801 0.508369 0.035256 0.060897 10 0.82666 0.948317 0.810541 0.103365 0.368946 1 0.825684 0.674279 0.952279 0.03125 0.091168 2 0.825684 0.157853 0.689459 0.048878 0.086895 3 0.806641 0.624399 0.431446 0.027644 0.060185 3 0.704102 0.298177 0.496973 0.048678 0.06802 3 0.682617 0.658453 0.618946 0.03726 0.08547 3 0.680664 0.429287 0.481303 0.041266 0.035256 1 0.67041 0.624599 0.572828 0.025641 0.063746 3 0.654785 0.73778 0.939459 0.065305 0.121083 4 0.637207 0.84355 0.84188 0.051683 0.121083 2 0.567871 0.657853 0.548255 0.036058 0.064459 3 0.521484 0.086 0.947293 0.09062 0.10114 3 0.466797 0.429688 0.48166 0.041266 0.03312 3 0.44751 0.469551 0.48344 0.041667 0.03312 3 0.341553 0.470553 0.483974 0.042067 0.033476 3 0.335449 0.877003 0.66631 0.045673 0.093305 3 0.289307 0.480168 0.449964 0.039663 0.041667 3 0.206299 0.376402 0.58547 0.061699 0.053419 3 0.156128 0.480168 0.45032 0.039663 0.041667
CCTV01^20260318-110000-20260318-120000_000986,3 0.898438 0.702524 0.873219 0.052484 0.146724 10 0.888672 0.95032 0.811966 0.099359 0.37037 3 0.884277 0.661659 0.625356 0.046074 0.099715 1 0.872559 0.678486 0.965812 0.032452 0.068376 11 0.836426 0.784054 0.830484 0.077724 0.269231 11 0.827637 0.722556 0.68839 0.076522 0.188746 1 0.695801 0.622796 0.563212 0.027644 0.075142 4 0.629883 0.870192 0.92094 0.067308 0.15812 3 0.620605 0.734375 0.955484 0.061699 0.089031 3 0.59082 0.664864 0.505164 0.042067 0.05235 3 0.482422 0.630008 0.514779 0.038862 0.063746 3 0.458984 0.639824 0.460292 0.040064 0.054487 2 0.38501 0.66226 0.556268 0.032853 0.058405 3 0.24939 0.357372 0.549145 0.048878 0.059117 3 0.161865 0.098708 0.855413 0.08764 0.111111
CCTV01^20260318-110000-20260318-120000_000990,2 0.915527 0.268129 0.912749 0.047877 0.124644 2 0.909668 0.213441 0.916667 0.051082 0.128205 10 0.88623 0.952724 0.817842 0.092949 0.364316 3 0.875 0.705529 0.887464 0.050481 0.14245 1 0.836426 0.658453 0.858618 0.029247 0.101852 11 0.796875 0.783654 0.832799 0.076923 0.264601 11 0.760742 0.722356 0.690527 0.074519 0.188746 1 0.750488 0.677083 0.967949 0.032051 0.064103 4 0.44165 0.870593 0.92094 0.064904 0.15812 3 0.407227 0.662059 0.62963 0.044471 0.100427 3 0.390381 0.735377 0.956197 0.062099 0.087607 1 0.34082 0.068334 0.912037 0.061248 0.093305
CCTV01^20260318-110000-20260318-120000_000994,10 0.920898 0.953526 0.828704 0.091346 0.339744 2 0.910645 0.269131 0.747507 0.040264 0.089031 3 0.893066 0.705729 0.888533 0.053285 0.144587 2 0.85498 0.246194 0.705128 0.046875 0.10114 2 0.853027 0.300381 0.695513 0.034255 0.096154 1 0.785156 0.65004 0.862892 0.030849 0.096154 11 0.754883 0.782652 0.837073 0.078926 0.268875 1 0.720215 0.677083 0.967593 0.032051 0.064815 1 0.609375 0.179888 0.702991 0.026042 0.071225 1 0.492188 0.012229 0.952279 0.023869 0.075499 1 0.460938 0.327925 0.735221 0.025641 0.062322 11 0.455078 0.727163 0.696225 0.078526 0.188746 1 0.361084 0.210487 0.829416 0.04377 0.081909 1 0.242188 0.660056 0.797721 0.024439 0.074074 1 0.203735 0.210887 0.828704 0.044972 0.081909 1 0.150024 0.659655 0.795584 0.02524 0.069801
CCTV01^20260318-110000-20260318-120000_000998,10 0.927734 0.952724 0.829772 0.092949 0.339031 2 0.900391 0.183894 0.699252 0.045673 0.095798 3 0.854004 0.705929 0.88782 0.052083 0.143162 1 0.800781 0.651042 0.861467 0.030449 0.097578 11 0.767578 0.784054 0.838319 0.079327 0.270655 1 0.596191 0.677484 0.967593 0.032051 0.064815 1 0.457031 0.696514 0.780627 0.026042 0.075499 11 0.332031 0.726562 0.699252 0.080529 0.194088 1 0.255371 0.658654 0.792379 0.02484 0.064815 2 0.253174 0.258814 0.642806 0.046474 0.084046
CCTV01^20260318-110000-20260318-120000_001002,10 0.919434 0.951923 0.831197 0.094551 0.337607 3 0.869629 0.707332 0.889957 0.05649 0.146011 1 0.809082 0.651442 0.860755 0.030449 0.103276 11 0.747559 0.784255 0.838141 0.082131 0.265313 1 0.675781 0.142027 0.901709 0.044071 0.086895 1 0.656738 0.18119 0.97151 0.039062 0.055556 1 0.552734 0.677284 0.967949 0.034054 0.064103 11 0.348633 0.726362 0.699074 0.081731 0.188746 1 0.273682 0.31881 0.564103 0.026242 0.058405 1 0.256836 0.658654 0.791667 0.024038 0.061966 1 0.229492 0.205929 0.712963 0.026843 0.074074 1 0.229492 0.697316 0.780983 0.029247 0.074786
CCTV01^20260318-110000-20260318-120000_001122,5 0.908203 0.70012 0.698362 0.044471 0.106125 3 0.878418 0.755008 0.700142 0.055689 0.095442 3 0.855957 0.854968 0.792023 0.06891 0.108262 3 0.841797 0.697516 0.835826 0.053686 0.134615 10 0.819824 0.662861 0.499288 0.088542 0.189459 3 0.817383 0.791667 0.807336 0.059295 0.116097 2 0.803223 0.041241 0.85114 0.061048 0.111111 4 0.785156 0.819712 0.556802 0.04968 0.112892 3 0.773438 0.280549 0.949074 0.064704 0.101852 5 0.744629 0.341346 0.825855 0.063301 0.147436 0 0.741699 0.045523 0.956553 0.041767 0.074074 3 0.716797 0.303886 0.690527 0.055288 0.099003 5 0.700684 0.811098 0.673433 0.076522 0.116097 12 0.672363 0.883413 0.926282 0.074519 0.147436 5 0.607422 0.250801 0.809117 0.061699 0.149573 3 0.596191 0.195012 0.959046 0.061899 0.081909 3 0.581543 0.924279 0.733262 0.085737 0.114672 2 0.550781 0.423177 0.490563 0.029447 0.055199 3 0.535156 0.855369 0.65438 0.060096 0.095085 2 0.472656 0.47476 0.427885 0.02484 0.050926 1 0.392334 0.092773 0.862892 0.036008 0.073362 2 0.353027 0.898638 0.646189 0.042468 0.07443 3 0.250244 0.673478 0.633725 0.041667 0.095798
CCTV02^20260511-140000-20260511-142440_002414,1 0.847168 0.547476 0.340011 0.015625 0.058583 2 0.801758 0.182692 0.792023 0.050481 0.105413 2 0.613281 0.465945 0.23985 0.016827 0.033476 10 0.546875 0.326623 0.258102 0.029447 0.074964 9 0.525391 0.622596 0.637108 0.064904 0.14886 2 0.385742 0.291066 0.669694 0.039263 0.091524
CCTV02^20260511-140000-20260511-142440_002417,10 0.89502 0.388321 0.391649 0.045473 0.135506 2 0.766113 0.616587 0.343483 0.024038 0.050214 2 0.552734 0.366587 0.308494 0.020833 0.051104 0 0.324219 0.809295 0.498576 0.024038 0.064103 9 0.32251 0.465345 0.43198 0.046875 0.128205 10 0.21936 0.206581 0.850071 0.159355 0.295584
CCTV02^20260511-140000-20260511-142440_002421,2 0.85498 0.349459 0.460292 0.029848 0.06802 2 0.848145 0.563301 0.322561 0.025641 0.052172 3 0.737305 0.363882 0.560897 0.048277 0.099715 2 0.615234 0.502203 0.245994 0.019631 0.039352 10 0.609375 0.326522 0.258547 0.03125 0.079772 2 0.586914 0.33754 0.35942 0.021234 0.060363 2 0.470703 0.721354 0.452635 0.032452 0.069088 2 0.414795 0.721154 0.452991 0.033654 0.069801 1 0.253906 0.7502 0.495548 0.034856 0.065883 3 0.203125 0.436899 0.312144 0.024439 0.063034 9 0.151978 0.39393 0.203348 0.033454 0.080128
CCTV02^20260511-140000-20260511-142440_002425,2 0.868164 0.595353 0.370281 0.027244 0.058583 2 0.851074 0.644631 0.376514 0.028045 0.054665 3 0.845703 0.372897 0.532229 0.035457 0.077991 1 0.844727 0.442308 0.483262 0.018429 0.071937 2 0.835449 0.722356 0.454238 0.029647 0.064459 2 0.834473 0.69351 0.439993 0.029647 0.063746 2 0.795898 0.327825 0.581375 0.03746 0.088675 0 0.785156 0.968349 0.912393 0.063301 0.152422 2 0.771973 0.384716 0.269676 0.015825 0.036147 2 0.598145 0.559095 0.280271 0.020433 0.039886 2 0.245117 0.361879 0.22062 0.01222 0.031695 9 0.185303 0.494191 0.295495 0.038862 0.089209
CCTV02^20260511-140000-20260511-142440_002429,2 0.900391 0.619992 0.405449 0.02524 0.057336 2 0.84375 0.506611 0.259704 0.018029 0.03864 2 0.838867 0.650841 0.430199 0.029247 0.069088 2 0.837402 0.715545 0.472578 0.032853 0.066239 2 0.812988 0.581731 0.358618 0.020833 0.045584 2 0.749023 0.691106 0.419872 0.027244 0.055556 10 0.729492 0.326422 0.256855 0.030649 0.073896 2 0.720215 0.54347 0.363782 0.021234 0.053775 1 0.715332 0.533253 0.411147 0.017628 0.067308 1 0.700684 0.593349 0.407051 0.016026 0.055556 1 0.697754 0.603766 0.350249 0.015224 0.04594 2 0.680664 0.558494 0.28036 0.018429 0.039708 2 0.600098 0.770433 0.472044 0.040865 0.06161 2 0.550781 0.370593 0.263444 0.020433 0.043981 2 0.486328 0.254407 0.808405 0.052083 0.125356 2 0.182373 0.770633 0.471332 0.040465 0.063034
CCTV02^20260511-140000-20260511-142440_002433,2 0.894043 0.360477 0.330751 0.018229 0.046474 3 0.878906 0.4377 0.612179 0.039663 0.082621 2 0.831055 0.602564 0.359241 0.024038 0.049323 2 0.744629 0.378806 0.276976 0.014824 0.037215 2 0.732422 0.628806 0.354167 0.022035 0.05235 2 0.713867 0.538462 0.323184 0.022436 0.049858 2 0.618652 0.923878 0.652778 0.049679 0.091168 2 0.598145 0.559695 0.282496 0.019231 0.035791 2 0.586914 0.797676 0.503739 0.043269 0.071581 2 0.583008 0.673478 0.457265 0.032051 0.069088 2 0.498047 0.297476 0.422721 0.023638 0.053419 3 0.413086 0.421875 0.28677 0.022436 0.046474 2 0.237915 0.695112 0.434295 0.018429 0.035256 2 0.158203 0.692107 0.420584 0.026843 0.054843
CCTV02^20260511-140000-20260511-142440_002437,2 0.866211 0.623998 0.358351 0.023638 0.051816 2 0.852051 0.665264 0.41916 0.026042 0.05698 2 0.78125 0.743189 0.482728 0.030449 0.068732 2 0.762207 0.692308 0.419338 0.025641 0.055912 10 0.713867 0.326422 0.258458 0.027845 0.074252 2 0.656738 0.704127 0.491809 0.030849 0.069801 0 0.645996 0.802885 0.49911 0.021635 0.059473 2 0.616699 0.924679 0.652956 0.048077 0.091524 3 0.563965 0.505609 0.323629 0.028045 0.060007 2 0.537109 0.510016 0.256677 0.015224 0.033654 2 0.474609 0.349659 0.343305 0.016627 0.046296 2 0.364746 0.525641 0.280004 0.016026 0.035434
CCTV02^20260511-140000-20260511-142440_002441,2 0.89502 0.297676 0.495905 0.026442 0.066595 2 0.845703 0.603766 0.355324 0.025641 0.052172 2 0.789062 0.679287 0.5 0.030849 0.060541 1 0.774414 0.549479 0.320691 0.013221 0.049501 2 0.757812 0.706931 0.460292 0.030849 0.055912 2 0.651367 0.3753 0.266738 0.017027 0.036325 2 0.635254 0.798878 0.524216 0.027244 0.064815 9 0.615234 0.427885 0.298878 0.02484 0.056802 10 0.607422 0.326522 0.258369 0.028045 0.073006 2 0.537109 0.963141 0.780983 0.054487 0.108974 2 0.5 0.517027 0.245459 0.016426 0.033654 2 0.377441 0.676082 0.454772 0.026843 0.042023 2 0.32251 0.675881 0.398504 0.026442 0.051994 2 0.203125 0.794671 0.473112 0.023638 0.055199 2 0.178955 0.481971 0.239583 0.013622 0.029024 2 0.150024 0.909856 0.674323 0.045673 0.092949
CCTV02^20260511-140000-20260511-142440_002445,2 0.880859 0.366086 0.367521 0.021434 0.051282 2 0.810547 0.679487 0.437322 0.030449 0.059829 2 0.689453 0.509215 0.268073 0.01843 0.042201 2 0.666992 0.554087 0.291578 0.020032 0.041132 10 0.607422 0.326322 0.259704 0.029247 0.075321 2 0.602051 0.577724 0.324074 0.020032 0.042379 2 0.451416 0.705328 0.457443 0.026042 0.050926 2 0.449463 0.356971 0.229167 0.016827 0.041311 2 0.408203 0.722356 0.517094 0.034455 0.069801 2 0.352295 0.266126 0.56161 0.029447 0.069801 2 0.338135 0.808093 0.535078 0.024038 0.05235 2 0.312256 0.238882 0.564281 0.028245 0.066595 2 0.276611 0.809695 0.470264 0.023237 0.060185 2 0.243652 0.899038 0.686966 0.043269 0.086182 2 0.218628 0.852965 0.542557 0.023237 0.068732 2 0.167725 0.676482 0.394409 0.026843 0.04594
CCTV02^20260511-140000-20260511-142440_002449,2 0.881836 0.872596 0.528846 0.027244 0.067664 1 0.878418 0.647837 0.483974 0.019231 0.059117 2 0.875977 0.639423 0.384437 0.026442 0.050926 2 0.874023 0.330329 0.456553 0.02524 0.065527 3 0.817383 0.40615 0.312945 0.021835 0.042557 2 0.616699 0.705929 0.459758 0.028045 0.058405 2 0.616699 0.68109 0.46688 0.024038 0.054843 2 0.422607 0.285557 0.494302 0.032652 0.061966 2 0.416748 0.751402 0.464744 0.028446 0.049145 10 0.299072 0.326022 0.256944 0.027845 0.069444 3 0.269775 0.553085 0.356838 0.033253 0.056268
CCTV02^20260511-140000-20260511-142440_002453,2 0.845703 0.704928 0.434295 0.030849 0.058048 2 0.811523 0.115835 0.735755 0.049579 0.084046 2 0.777344 0.329127 0.568554 0.032452 0.075855 1 0.482422 0.515625 0.287838 0.01282 0.04505 2 0.46875 0.86258 0.532764 0.034455 0.073362 2 0.392334 0.901442 0.680912 0.048077 0.093305 2 0.2323 0.812901 0.482906 0.026442 0.055556 2 0.19812 0.788662 0.51834 0.034856 0.057336 2 0.185913 0.980769 0.683761 0.038461 0.094017
CCTV02^20260511-140000-20260511-142440_002457,3 0.89502 0.370994 0.464744 0.034455 0.06339 2 0.810547 0.707131 0.434651 0.028846 0.056624 2 0.743164 0.023613 0.872507 0.047226 0.121083 2 0.70752 0.333033 0.548611 0.028646 0.070869 2 0.647949 0.528245 0.291132 0.019631 0.041667 2 0.640625 0.389824 0.305377 0.018429 0.04416 7 0.358398 0.453526 0.548967 0.041667 0.097222 2 0.291016 0.578125 0.330395 0.022436 0.048611
CCTV02^20260511-140000-20260511-142440_002461,2 0.682617 0.357672 0.491809 0.027043 0.066952 4 0.682617 0.404046 0.56802 0.04367 0.112536 2 0.642578 0.310597 0.498575 0.028646 0.068376 2 0.449463 0.023613 0.873932 0.047226 0.118234 2 0.155029 0.380509 0.261841 0.015825 0.036503
CCTV02^20260511-140000-20260511-142440_002465,2 0.675781 0.608574 0.381499 0.024038 0.044694 2 0.663574 0.02002 0.875712 0.040039 0.113248 2 0.505859 0.369992 0.374199 0.021635 0.059295 2 0.332764 0.388722 0.299412 0.017428 0.040776 2 0.324219 0.569111 0.365474 0.023638 0.051104 2 0.277588 0.92508 0.653668 0.040865 0.085114
CCTV02^20260511-140000-20260511-142440_002469,2 0.439697 0.564904 0.312678 0.014423 0.036325 2 0.291016 0.665465 0.384437 0.021635 0.043091 2 0.233765 0.537059 0.306535 0.017228 0.034722 2 0.162354 0.684695 0.4099 0.021635 0.046296
CCTV02^20260511-140000-20260511-142440_002473,2 0.836426 0.591146 0.370014 0.022035 0.046296 2 0.829102 0.649038 0.45406 0.026442 0.056268 1 0.757812 0.604768 0.701567 0.021234 0.076923 2 0.70752 0.665865 0.389067 0.023237 0.05235 1 0.680664 0.675881 0.479879 0.016026 0.053775 0 0.660156 0.304888 0.428775 0.01883 0.057692 4 0.635254 0.431891 0.330306 0.026442 0.06161 2 0.615234 0.723758 0.455306 0.033253 0.055912 2 0.598145 0.019156 0.874288 0.038311 0.110399 2 0.533203 0.925881 0.656517 0.039263 0.087963 2 0.53125 0.271835 0.584224 0.035256 0.077991 2 0.498047 0.524038 0.331642 0.016827 0.037927 3 0.411133 0.385517 0.323629 0.019832 0.038996 3 0.379395 0.403345 0.403134 0.025841 0.051282 1 0.350342 0.399439 0.35568 0.013622 0.043625 3 0.325928 0.403445 0.40349 0.025641 0.051282 3 0.281494 0.467748 0.272525 0.020433 0.033654 2 0.262939 0.980369 0.68109 0.039263 0.087251 2 0.26123 0.495593 0.263088 0.014423 0.032585 3 0.250977 0.46855 0.274306 0.019631 0.032942
CCTV02^20260511-140000-20260511-142440_002476,2 0.90332 0.089844 0.735399 0.066506 0.080484 0 0.873047 0.320012 0.435007 0.017829 0.048789 1 0.869629 0.47476 0.269587 0.011218 0.036681 2 0.861328 0.346454 0.483974 0.023037 0.059829 2 0.834473 0.635617 0.36485 0.022035 0.046652 2 0.762207 0.285056 0.583511 0.028846 0.066595 2 0.744629 0.648638 0.461717 0.027244 0.055912 2 0.697754 0.359375 0.310541 0.017628 0.044872 2 0.618652 0.957131 0.724359 0.048878 0.086895 2 0.57959 0.510817 0.314192 0.017628 0.039352 2 0.57959 0.685096 0.508903 0.028045 0.059117 9 0.544922 0.389623 0.521367 0.054087 0.121083 2 0.460938 0.018242 0.873575 0.036483 0.10755 2 0.299072 0.86258 0.533832 0.029647 0.066239 2 0.29248 0.728365 0.459046 0.035256 0.067664 2 0.281494 0.538862 0.331909 0.017628 0.042023 0 0.279785 0.792668 0.462607 0.020433 0.049145 2 0.262939 0.894631 0.697115 0.036058 0.080128
CCTV02^20260511-140000-20260511-142440_002480,1 0.844727 0.403946 0.336895 0.013421 0.04416 2 0.818848 0.355669 0.375801 0.021434 0.051104 10 0.729492 0.304587 0.551638 0.063101 0.216524 2 0.716797 0.371394 0.324608 0.017628 0.040954 2 0.250977 0.71274 0.467058 0.032051 0.055912
CCTV02^20260511-140000-20260511-142440_002484,2 0.158203 0.792067 0.504095 0.023237 0.060185
CCTV02^20260511-140000-20260511-142440_002488,3 0.900391 0.41897 0.302618 0.020232 0.03864 2 0.829102 0.527644 0.284544 0.019231 0.039886 2 0.800781 0.378606 0.323095 0.019231 0.047187 2 0.749023 0.085387 0.725427 0.058794 0.07906 2 0.598145 0.686498 0.511396 0.028446 0.065527 2 0.478516 0.618189 0.350427 0.020032 0.048433
CCTV02^20260511-140000-20260511-142440_002492,3 0.808105 0.4373 0.457443 0.026042 0.062322 2 0.800781 0.380909 0.392272 0.019431 0.050214 2 0.732422 0.361378 0.392094 0.01883 0.046296 7 0.660156 0.590345 0.650641 0.04367 0.122507 2 0.46875 0.6877 0.441061 0.022837 0.05235 7 0.297363 0.555288 0.504452 0.04407 0.120014 2 0.248047 0.661058 0.473112 0.028045 0.055912 2 0.236572 0.88782 0.690883 0.035256 0.081197
CCTV02^20260511-140000-20260511-142440_002496,2 0.836426 0.588542 0.390313 0.024038 0.05057 2 0.824219 0.379708 0.412927 0.019832 0.048077 2 0.775879 0.628205 0.416845 0.023237 0.05235 2 0.680664 0.720152 0.472756 0.03726 0.062322 3 0.620605 0.435697 0.361556 0.02524 0.058227 2 0.439697 0.555689 0.384526 0.020833 0.049323 2 0.420654 0.511418 0.309295 0.015625 0.037749 2 0.319092 0.534856 0.316061 0.016827 0.038105 7 0.29834 0.469351 0.466524 0.03726 0.089031
CCTV02^20260511-140000-20260511-142440_002500,10 0.845703 0.552684 0.37411 0.062099 0.134972 3 0.762207 0.494591 0.318554 0.022035 0.038462 2 0.713867 0.345954 0.465456 0.025641 0.05698 3 0.542969 0.421474 0.35666 0.021635 0.05235 2 0.53125 0.732973 0.451923 0.028446 0.052707 2 0.453369 0.707131 0.464209 0.035256 0.055199 2 0.395996 0.018755 0.873932 0.03751 0.108262 2 0.32251 0.879006 0.688568 0.041667 0.087251 10 0.309082 0.667869 0.373932 0.06891 0.102564 7 0.299072 0.430689 0.474893 0.03766 0.079416 2 0.281494 0.766426 0.536325 0.03125 0.065527 2 0.172729 0.937901 0.712607 0.044071 0.087607
CCTV02^20260511-140000-20260511-142440_002504,10 0.944824 0.66847 0.374911 0.071715 0.102742 2 0.881836 0.909054 0.708867 0.052083 0.082265 3 0.841797 0.476562 0.276264 0.022837 0.040064 3 0.831055 0.31881 0.3125 0.021034 0.034544 2 0.809082 0.689103 0.439103 0.03125 0.051282 2 0.782715 0.020307 0.875 0.040615 0.110399 2 0.751953 0.535457 0.293002 0.018029 0.036147 2 0.62793 0.802083 0.494836 0.026442 0.060897 2 0.594727 0.735978 0.457087 0.032853 0.055199 0 0.494141 0.927484 0.848291 0.052083 0.103989 2 0.206299 0.98117 0.716524 0.036058 0.076923
CCTV02^20260511-140000-20260511-142440_002508,10 0.918457 0.66867 0.373219 0.072917 0.105413 9 0.908691 0.603365 0.401709 0.050481 0.078348 2 0.879883 0.018955 0.874644 0.037911 0.111111 3 0.874023 0.31901 0.311699 0.021835 0.036859 1 0.819824 0.54407 0.456909 0.015224 0.05057 2 0.816406 0.697316 0.469729 0.030048 0.060541 2 0.775879 0.927484 0.657585 0.039263 0.089387 2 0.764648 0.803085 0.518519 0.02524 0.060541 2 0.759277 0.974359 0.789174 0.049679 0.109687 5 0.740234 0.582332 0.290509 0.024439 0.046474 2 0.702637 0.570312 0.433939 0.02524 0.058048 2 0.571777 0.85657 0.464566 0.032051 0.063034 2 0.550781 0.620393 0.568198 0.032452 0.07443 2 0.535156 0.859375 0.53312 0.039263 0.069088 2 0.498047 0.784455 0.612714 0.042468 0.078704 2 0.153076 0.859375 0.533654 0.039263 0.070157
CCTV02^20260511-140000-20260511-142440_002512,10 0.945801 0.434896 0.390491 0.041266 0.122151 10 0.929199 0.672075 0.380876 0.060497 0.100071 5 0.924316 0.632812 0.348023 0.023638 0.052528 2 0.915527 0.355669 0.466346 0.025841 0.055912 2 0.82666 0.746995 0.529558 0.033253 0.068376 3 0.810547 0.31881 0.312945 0.021434 0.036503 2 0.775879 0.02181 0.873575 0.04362 0.113248 2 0.700684 0.927484 0.654736 0.042468 0.088675 2 0.379395 0.69992 0.442308 0.032051 0.053419 2 0.271973 0.69992 0.44213 0.032051 0.05235
CCTV02^20260511-140000-20260511-142440_002813,10 0.950195 0.294872 0.588675 0.098558 0.227208 10 0.934082 0.559695 0.364672 0.060897 0.121083 2 0.927734 0.159605 0.685363 0.042167 0.078704 2 0.904785 0.678886 0.485933 0.031651 0.063746 3 0.904785 0.760417 0.689993 0.072115 0.107194 2 0.896973 0.630008 0.385061 0.026843 0.048967 2 0.892578 0.316006 0.386574 0.019431 0.047365 2 0.889648 0.925481 0.650107 0.046474 0.08084 5 0.887207 0.636418 0.347311 0.034856 0.057514 3 0.854004 0.31901 0.312411 0.021835 0.03401 3 0.775879 0.46895 0.266827 0.019631 0.03401 2 0.771973 0.980369 0.684829 0.039263 0.086182 3 0.740234 0.503205 0.337429 0.027244 0.048077 3 0.73877 0.509014 0.299056 0.022035 0.036147 2 0.392334 0.73738 0.487001 0.034856 0.06161
CCTV02^20260511-140000-20260511-142440_002817,10 0.9375 0.646635 0.576211 0.104167 0.233618 2 0.934082 0.159355 0.685185 0.042668 0.079772 2 0.926758 0.928686 0.697471 0.046474 0.08084 2 0.915039 0.173478 0.939103 0.059696 0.121795 2 0.905762 0.713742 0.443554 0.028445 0.058048 10 0.887207 0.392829 0.297543 0.033654 0.095798 2 0.884277 0.315905 0.385417 0.020032 0.048255 5 0.879883 0.636619 0.347311 0.032051 0.055377 4 0.871582 0.550681 0.402778 0.030849 0.071937 3 0.85791 0.319111 0.312411 0.022035 0.035078 2 0.822266 0.267728 0.571403 0.029046 0.065171 2 0.763672 0.853766 0.530983 0.034455 0.064103 2 0.760742 0.298578 0.52297 0.044271 0.059473 0 0.692871 0.980369 0.828704 0.039263 0.116097 2 0.600098 0.33774 0.508725 0.028045 0.060897 2 0.515625 0.98117 0.685007 0.03766 0.091524 2 0.476562 0.345252 0.565349 0.03105 0.070157 3 0.434082 0.328025 0.917735 0.076723 0.131766 2 0.368408 0.926282 0.64708 0.044872 0.075499 2 0.154541 0.345353 0.564637 0.030849 0.071581
CCTV02^20260511-140000-20260511-142440_002821,4 0.941406 0.435697 0.381054 0.023638 0.054843 2 0.936035 0.159655 0.685007 0.041867 0.079416 2 0.929199 0.315805 0.385862 0.017829 0.04594 2 0.916504 0.810296 0.527778 0.02524 0.059117 3 0.913086 0.319111 0.3125 0.021234 0.033832 2 0.90332 0.713942 0.443376 0.028045 0.056268 5 0.90332 0.636619 0.348023 0.032853 0.056802 10 0.898926 0.65024 0.491809 0.077724 0.152422 2 0.89502 0.925481 0.651709 0.044872 0.082621 2 0.891602 0.609776 0.370192 0.024038 0.044516 2 0.853027 0.26883 0.572471 0.028846 0.065171 3 0.830078 0.774439 0.508725 0.049679 0.063746 2 0.796875 0.980369 0.685541 0.039263 0.089031 2 0.794434 0.377504 0.337162 0.016627 0.040064 1 0.57959 0.349159 0.359509 0.012821 0.032407 2 0.399902 0.729567 0.548611 0.032853 0.075142 2 0.328613 0.729567 0.549145 0.032853 0.074074 2 0.276611 0.294772 0.526175 0.036258 0.055199 2 0.245117 0.883013 0.554131 0.036859 0.066239 2 0.220703 0.882612 0.553775 0.036058 0.064815
CCTV02^20260511-140000-20260511-142440_002825,10 0.930176 0.538261 0.348291 0.05649 0.127493 2 0.927246 0.660056 0.403668 0.029247 0.04594 2 0.927246 0.161258 0.680912 0.044071 0.069088 3 0.924805 0.740986 0.515491 0.071715 0.060897 3 0.90332 0.143329 0.751603 0.109575 0.09651 9 0.901367 0.578325 0.504986 0.051683 0.10114 0 0.898438 0.972356 0.929843 0.055288 0.134615 2 0.888672 0.93149 0.662749 0.040865 0.090456 2 0.887207 0.666266 0.472044 0.033654 0.06161 3 0.874023 0.31901 0.313034 0.021434 0.034188 5 0.866211 0.636418 0.348202 0.032452 0.057158 2 0.861328 0.268429 0.571403 0.027644 0.060897 2 0.852051 0.315805 0.386396 0.017428 0.046296 2 0.692871 0.882612 0.553953 0.040865 0.067308 2 0.6875 0.980769 0.684295 0.038461 0.0901 2 0.567871 0.367488 0.972222 0.06871 0.055556 2 0.458984 0.294772 0.527422 0.037861 0.056268 2 0.151489 0.991587 0.819444 0.016827 0.103276
CCTV02^20260511-140000-20260511-142440_002829,4 0.933594 0.674679 0.466524 0.040064 0.079772 3 0.927246 0.745393 0.513533 0.074119 0.062678 2 0.916504 0.704928 0.450677 0.035657 0.06161 3 0.912598 0.31901 0.313479 0.021434 0.033654 2 0.90918 0.91867 0.649929 0.042468 0.089031 2 0.906738 0.315905 0.387464 0.017228 0.047009 4 0.890137 0.735377 0.833689 0.078926 0.17735 2 0.880859 0.565304 0.374288 0.023237 0.042735 2 0.869629 0.268329 0.572293 0.028245 0.062678 4 0.845703 0.833333 0.692308 0.076923 0.098291 2 0.67041 0.828926 0.536859 0.028045 0.06802 2 0.624512 0.159806 0.68661 0.041967 0.07906 2 0.57373 0.294872 0.527244 0.036859 0.056624 2 0.57373 0.159756 0.686788 0.042067 0.078704 2 0.525391 0.989183 0.948362 0.021635 0.097578 2 0.509766 0.980769 0.682514 0.038461 0.085826 5 0.476562 0.636619 0.349003 0.032853 0.056268 2 0.449463 0.989583 0.950855 0.020833 0.095442 7 0.204956 0.735577 0.832977 0.080128 0.183048 3 0.183594 0.383814 0.273059 0.015625 0.026887
CCTV02^20260511-140000-20260511-142440_002833,4 0.944824 0.643029 0.622507 0.054487 0.103276 2 0.937012 0.161959 0.685363 0.046074 0.077279 2 0.92627 0.315905 0.386129 0.017628 0.048255 3 0.925781 0.31891 0.312945 0.020833 0.03401 4 0.915527 0.355469 0.525463 0.036258 0.077991 2 0.910645 0.895833 0.672009 0.044872 0.083333 2 0.905273 0.811699 0.500712 0.027244 0.064815 5 0.870605 0.636619 0.348023 0.032051 0.055378 2 0.863281 0.396935 0.379719 0.020232 0.04968 2 0.850098 0.68129 0.500534 0.030849 0.066595 2 0.818848 0.26883 0.569801 0.028045 0.06339 3 0.767578 0.74359 0.50641 0.073718 0.059117 2 0.2854 0.991587 0.814459 0.016827 0.094729 2 0.243652 0.980769 0.683761 0.038461 0.092593
CCTV02^20260511-140000-20260511-142440_002836,3 0.936523 0.680689 0.526353 0.05609 0.069801 10 0.932617 0.325821 0.738604 0.113582 0.330484 2 0.918457 0.651643 0.41453 0.026843 0.051994 2 0.91748 0.895833 0.674501 0.041667 0.089031 2 0.908691 0.160256 0.685719 0.042067 0.079416 2 0.908203 0.315705 0.387286 0.017628 0.047365 3 0.905762 0.861779 0.549145 0.047276 0.08547 2 0.884277 0.246294 0.753027 0.039463 0.092236 2 0.855957 0.26853 0.571403 0.028646 0.063746 2 0.849121 0.947516 0.74537 0.039263 0.090456 2 0.819824 0.983173 0.870726 0.033654 0.116097 4 0.81543 0.815505 0.518875 0.024439 0.065527 11 0.611328 0.384215 0.297632 0.028846 0.058583 4 0.537109 0.472957 0.264779 0.019631 0.038105 5 0.385742 0.636619 0.348825 0.032853 0.057336 3 0.375732 0.319211 0.313212 0.021034 0.034544 2 0.329346 0.295172 0.526353 0.036258 0.056268 2 0.248047 0.295272 0.525997 0.036058 0.055556 5 0.193115 0.636819 0.349448 0.033253 0.057514 3 0.180054 0.319111 0.313034 0.020833 0.034544
CCTV02^20260511-140000-20260511-142440_002840,4 0.970215 0.780449 0.63141 0.06891 0.089031 9 0.949219 0.538862 0.392094 0.046474 0.089744 2 0.939941 0.247997 0.657585 0.042468 0.073006 10 0.93457 0.347957 0.406517 0.046875 0.13141 2 0.921875 0.160306 0.685007 0.042568 0.075855 10 0.918945 0.673878 0.613604 0.123397 0.277066 2 0.911621 0.982372 0.889601 0.035256 0.123932 3 0.898926 0.86258 0.564815 0.048878 0.092593 3 0.893066 0.319111 0.312945 0.022035 0.03401 2 0.889648 0.268429 0.571225 0.028846 0.062678 2 0.881836 0.307091 0.544516 0.028846 0.060541 2 0.876465 0.766426 0.457443 0.035256 0.051638 2 0.86084 0.315705 0.386218 0.017628 0.04594 5 0.849121 0.636619 0.348023 0.032853 0.055378 2 0.829102 0.978365 0.683761 0.043269 0.091168 7 0.756348 0.578125 0.509615 0.052083 0.116097 3 0.733887 0.596955 0.364494 0.030449 0.044516 3 0.484375 0.596955 0.363337 0.029647 0.043981 9 0.411133 0.105168 0.744302 0.09976 0.109687 3 0.306641 0.869792 0.743946 0.077724 0.116097 4 0.257568 0.009903 0.875 0.019807 0.124644 2 0.222656 0.782452 0.533654 0.030449 0.066595
CCTV02^20260511-140000-20260511-142440_002844,2 0.932617 0.160006 0.686076 0.042768 0.076567 4 0.931641 0.396635 0.348825 0.022436 0.05235 10 0.928223 0.348157 0.404558 0.046875 0.131054 2 0.928223 0.235477 0.9448 0.0623 0.110399 3 0.925781 0.31901 0.312856 0.021434 0.034188 2 0.912598 0.594752 0.363515 0.028445 0.045762 3 0.909668 0.926683 0.814815 0.074519 0.126781 3 0.904785 0.593349 0.591168 0.048077 0.087607 2 0.885742 0.26903 0.569088 0.028446 0.062678 2 0.882324 0.314503 0.389957 0.01883 0.048433 4 0.878906 0.753806 0.56161 0.06851 0.090456 5 0.820801 0.636218 0.348023 0.032051 0.054665 10 0.819824 0.309595 0.675214 0.101162 0.27208 10 0.734863 0.309595 0.674323 0.101562 0.272436 2 0.72168 0.934695 0.675392 0.045673 0.091524 2 0.640625 0.305789 0.540242 0.02504 0.049145 2 0.57373 0.980769 0.686788 0.038461 0.095085 2 0.509766 0.384515 0.331197 0.017027 0.037037 3 0.498047 0.991587 0.813034 0.016827 0.090456 2 0.478516 0.572115 0.325053 0.020833 0.035434 3 0.284668 0.425481 0.27662 0.019231 0.025463 0 0.275146 0.771635 0.568376 0.032051 0.06339
CCTV02^20260511-140000-20260511-142440_002848,4 0.973145 0.632812 0.415954 0.036458 0.056268 10 0.95166 0.342248 0.56161 0.091947 0.207265 10 0.931641 0.347656 0.403757 0.046675 0.128383 3 0.924805 0.455929 0.577457 0.03766 0.070869 2 0.911621 0.657853 0.568376 0.032051 0.075499 2 0.905273 0.686498 0.466702 0.031651 0.060185 2 0.891602 0.957131 0.707443 0.048878 0.089387 3 0.876465 0.319311 0.313301 0.022436 0.034366 2 0.861328 0.640224 0.475249 0.030449 0.056624 2 0.86084 0.314303 0.389957 0.01883 0.048433 9 0.850098 0.458734 0.378828 0.032853 0.072828 2 0.81543 0.395433 0.337518 0.019631 0.040064 2 0.78418 0.268429 0.569444 0.029647 0.06339 7 0.679199 0.964744 0.878561 0.06891 0.180199 2 0.662109 0.159555 0.685719 0.043069 0.080128 2 0.605957 0.917468 0.582265 0.038461 0.074786 2 0.513672 0.159555 0.685897 0.042869 0.080484 5 0.496094 0.637019 0.349537 0.033654 0.058048 2 0.407227 0.292768 0.52386 0.03145 0.049145 0 0.394287 0.241787 0.632479 0.040465 0.070513 5 0.33374 0.636619 0.349003 0.033654 0.057692 2 0.315674 0.303385 0.53953 0.020232 0.047009 4 0.221313 0.965545 0.87963 0.06891 0.183761
CCTV02^20260511-140000-20260511-142440_002852,2 0.946777 0.257312 0.667913 0.049079 0.075855 3 0.93457 0.413462 0.67646 0.052885 0.089387 10 0.929199 0.414463 0.303775 0.032452 0.089031 10 0.926758 0.347155 0.404736 0.046875 0.130698 2 0.924316 0.957131 0.709046 0.048878 0.09188 3 0.917969 0.319111 0.312767 0.021635 0.035078 2 0.885742 0.376402 0.490741 0.02524 0.052707 3 0.880859 0.288762 0.748219 0.095553 0.104701 2 0.878906 0.159655 0.685185 0.043069 0.081197 9 0.876465 0.455529 0.378739 0.035256 0.075855 2 0.859863 0.384415 0.435719 0.022837 0.051638 2 0.851074 0.801282 0.461538 0.028846 0.058405 2 0.823242 0.307091 0.543625 0.028045 0.060897 5 0.81543 0.636619 0.348113 0.032051 0.056624 2 0.767578 0.272736 0.558226 0.030248 0.063746 2 0.762207 0.918269 0.583155 0.038461 0.077991 2 0.640625 0.314303 0.388355 0.01883 0.045228 2 0.212036 0.314303 0.388889 0.01883 0.045584
CCTV02^20260511-140000-20260511-142440_002856,2 0.94873 0.159505 0.686966 0.043369 0.079772 10 0.932617 0.347756 0.406428 0.047276 0.130876 2 0.918945 0.95633 0.708867 0.048878 0.092236 2 0.895508 0.314503 0.389779 0.019231 0.046652 3 0.871582 0.446314 0.405805 0.026442 0.04594 2 0.868164 0.308494 0.540776 0.028045 0.060185 10 0.868164 0.496795 0.278846 0.036859 0.073362 5 0.822266 0.636418 0.348202 0.032452 0.058583 2 0.809082 0.91907 0.584046 0.040064 0.077635 0 0.794434 0.236879 0.64708 0.041466 0.067664 2 0.791992 0.782051 0.559117 0.03766 0.064815 2 0.773438 0.341446 0.560719 0.033454 0.070869 2 0.740234 0.272035 0.560541 0.030449 0.060541 4 0.716797 0.417468 0.301727 0.021635 0.04683 3 0.556641 0.31901 0.313034 0.021835 0.034188 2 0.548828 0.595953 0.345174 0.017228 0.041845 2 0.474609 0.384415 0.304309 0.018029 0.033476
CCTV02^20260511-140000-20260511-142440_002860,2 0.943359 0.159806 0.685719 0.041767 0.077991 2 0.930176 0.283353 0.633191 0.038662 0.076923 10 0.924316 0.347356 0.404915 0.046474 0.131766 3 0.922852 0.31901 0.312856 0.021034 0.033832 2 0.912598 0.655048 0.457621 0.028846 0.05698 2 0.911621 0.898237 0.725071 0.040064 0.099715 2 0.908203 0.256911 0.746973 0.04387 0.0901 5 0.901855 0.635417 0.348647 0.033654 0.057692 2 0.899902 0.958333 0.707621 0.048077 0.087607 2 0.893066 0.615585 0.390313 0.022836 0.046296 2 0.884766 0.413462 0.39797 0.020032 0.042379 2 0.882324 0.314503 0.388533 0.018029 0.044872 2 0.873047 0.386118 0.388889 0.01863 0.040598 2 0.873047 0.58774 0.392806 0.024038 0.045584 2 0.851074 0.552484 0.317308 0.020032 0.039174 2 0.838867 0.38762 0.322828 0.018029 0.034544 0 0.741699 0.238381 0.638889 0.036859 0.070513 2 0.488281 0.794671 0.602386 0.038061 0.071581 2 0.38501 0.872596 0.64334 0.030449 0.073718 2 0.294189 0.282953 0.534722 0.038662 0.062322 2 0.271973 0.917869 0.582265 0.03766 0.073362
CCTV02^20260511-140000-20260511-142440_002864,3 0.918945 0.31901 0.312233 0.021434 0.033654 10 0.917969 0.348057 0.40438 0.047075 0.129274 3 0.915039 0.577324 0.425926 0.035256 0.05698 2 0.898926 0.310797 0.683939 0.037861 0.082265 2 0.880859 0.958734 0.70584 0.048878 0.08547 2 0.879883 0.952724 0.85114 0.049679 0.109687 2 0.877441 0.621394 0.368056 0.022436 0.043091 2 0.856934 0.191206 0.690171 0.048678 0.07265 2 0.839844 0.917067 0.748041 0.040865 0.093661 3 0.827637 0.474159 0.27297 0.019631 0.030627 5 0.817383 0.63722 0.348558 0.031651 0.056446 3 0.79834 0.51262 0.332799 0.026042 0.040242 2 0.769043 0.160757 0.682692 0.04347 0.077635 2 0.633301 0.919471 0.583155 0.039263 0.076567 5 0.605957 0.637019 0.348914 0.032051 0.056446 2 0.525391 0.314303 0.389779 0.01883 0.047365 2 0.482422 0.53105 0.271189 0.017228 0.029558 2 0.462891 0.507412 0.266471 0.015625 0.031517 2 0.276611 0.314203 0.389067 0.01903 0.046652 2 0.218628 0.83133 0.507301 0.023237 0.060897 1 0.160278 0.778846 0.461895 0.019231 0.045584
CCTV02^20260511-140000-20260511-142440_002868,2 0.944824 0.159455 0.686076 0.043269 0.080128 2 0.922363 0.703325 0.433048 0.026843 0.05057 3 0.920898 0.31891 0.3125 0.022035 0.033476 2 0.902832 0.85016 0.550392 0.044872 0.070869 2 0.902832 0.957131 0.707799 0.048878 0.092949 3 0.890137 0.46855 0.560185 0.033253 0.066239 2 0.872559 0.314503 0.389779 0.01883 0.047365 2 0.862305 0.394131 0.347578 0.017027 0.036325 2 0.850098 0.29998 0.542201 0.026643 0.058761 5 0.822266 0.636218 0.348469 0.032051 0.056624 10 0.766113 0.347857 0.406072 0.047075 0.130876 1 0.751953 0.600361 0.372596 0.015625 0.04042 10 0.635254 0.348057 0.405093 0.047075 0.130698 9 0.560059 0.510417 0.292023 0.035256 0.050214 3 0.387695 0.58754 0.414174 0.033253 0.047721 2 0.253174 0.917869 0.583155 0.03766 0.077279 4 0.229492 0.58754 0.414174 0.033253 0.047721
CCTV02^20260511-140000-20260511-142440_002872,10 0.932129 0.614784 0.51193 0.08774 0.196937 3 0.930176 0.319211 0.312767 0.021835 0.034366 2 0.917969 0.957532 0.709046 0.049679 0.090456 2 0.900391 0.702925 0.432158 0.026042 0.048789 10 0.897461 0.348357 0.404736 0.046875 0.130698 2 0.870605 0.314704 0.39067 0.019231 0.05057 5 0.870605 0.636218 0.348291 0.032051 0.055556 2 0.859863 0.26853 0.586004 0.03145 0.072293 3 0.824219 0.52484 0.358618 0.025641 0.054131 2 0.811523 0.159505 0.685897 0.042568 0.079772 2 0.785156 0.881811 0.527956 0.029647 0.060897 0 0.581543 0.204627 0.829416 0.036659 0.081909 2 0.437744 0.159555 0.685897 0.042668 0.079772
CCTV02^20260511-140000-20260511-142440_002876,10 0.949707 0.347857 0.405805 0.045873 0.13141 2 0.94043 0.159355 0.686966 0.042268 0.07906 2 0.928223 0.391827 0.438568 0.024038 0.049501 3 0.925781 0.31901 0.313034 0.021835 0.0349 2 0.918457 0.909856 0.652956 0.042468 0.087963 10 0.914062 0.571514 0.329416 0.061298 0.103276 2 0.908691 0.703325 0.433761 0.026843 0.051282 2 0.908691 0.881811 0.528668 0.028045 0.060185 2 0.905273 0.958333 0.709936 0.049679 0.0901 3 0.878906 0.416066 0.290598 0.018029 0.031339 2 0.859863 0.314503 0.389601 0.01883 0.046296 5 0.853027 0.636218 0.3474 0.032051 0.055912 2 0.849121 0.270232 0.586004 0.033654 0.070869 0 0.513672 0.360877 0.316328 0.014623 0.027244 0 0.399902 0.802885 0.502493 0.022436 0.05698
CCTV02^20260511-140000-20260511-142440_002880,2 0.9375 0.159756 0.682336 0.04387 0.069088 3 0.902832 0.420373 0.389423 0.023838 0.044516 3 0.900391 0.31901 0.313034 0.021835 0.035613 2 0.891602 0.911058 0.652422 0.048077 0.099003 2 0.884766 0.314503 0.39156 0.01883 0.050926 9 0.856934 0.466947 0.413996 0.032452 0.092236 5 0.79834 0.636418 0.348469 0.033253 0.058048 2 0.796875 0.386118 0.369747 0.01903 0.042557 10 0.785156 0.347556 0.404915 0.045272 0.131054 2 0.782715 0.779647 0.464209 0.036058 0.059473 2 0.615234 0.979567 0.685185 0.040865 0.092593 10 0.395996 0.334135 0.851318 0.18109 0.294516 3 0.189575 0.420072 0.388889 0.023638 0.04416 3 0.171021 0.178235 0.753027 0.107472 0.092236
CCTV02^20260511-140000-20260511-142440_002884,4 0.963379 0.41226 0.402244 0.027244 0.056624 10 0.942383 0.682492 0.697293 0.135016 0.317664 2 0.936035 0.159555 0.686254 0.041466 0.075499 3 0.931152 0.31901 0.312856 0.021835 0.034544 2 0.931152 0.216647 0.690883 0.055088 0.075499 10 0.916504 0.347857 0.404915 0.046675 0.130342 2 0.880859 0.314603 0.39067 0.019431 0.049858 0 0.869629 0.323718 0.663996 0.034054 0.08084 5 0.834473 0.636418 0.348558 0.031651 0.056446 2 0.823242 0.978365 0.683761 0.043269 0.092593 2 0.747559 0.79347 0.466524 0.029247 0.061254 2 0.533203 0.874599 0.699786 0.03766 0.069088
CCTV02^20260511-140000-20260511-142440_002888,10 0.941406 0.711939 0.699608 0.141827 0.318732 2 0.933105 0.159856 0.685007 0.042067 0.080128 3 0.932617 0.578726 0.487536 0.038862 0.062678 3 0.925293 0.31901 0.312411 0.021835 0.03401 3 0.924316 0.601562 0.579594 0.049279 0.077279 10 0.85498 0.347857 0.406072 0.047075 0.130876 2 0.851074 0.314503 0.389067 0.019231 0.046652 2 0.842773 0.977965 0.685007 0.04407 0.094373 5 0.796875 0.636619 0.34838 0.032051 0.05609 3 0.771973 0.530649 0.364672 0.028446 0.043447 2 0.746094 0.917869 0.581909 0.036058 0.075499 2 0.6875 0.357071 0.587073 0.032252 0.06802 0 0.449463 0.754407 0.463141 0.025641 0.05235 10 0.414795 0.348057 0.405271 0.047476 0.131054 3 0.384033 0.53105 0.36485 0.027644 0.043803 2 0.366699 0.356871 0.587429 0.03145 0.065883
CCTV02^20260511-140000-20260511-142440_002892,3 0.943359 0.445513 0.55057 0.035256 0.064815 10 0.931152 0.347857 0.404647 0.046274 0.130876 3 0.930176 0.319211 0.312856 0.021434 0.034188 3 0.92041 0.536258 0.403668 0.032452 0.055912 2 0.915039 0.159756 0.683761 0.042268 0.074786 2 0.883301 0.977965 0.683405 0.04407 0.093305 2 0.879883 0.403546 0.398682 0.019832 0.046652 2 0.868164 0.314503 0.389245 0.01883 0.047721 2 0.864258 0.711138 0.446759 0.028045 0.054487 5 0.855957 0.636418 0.348023 0.031651 0.056802 2 0.830078 0.388722 0.369391 0.018229 0.037571 2 0.792969 0.918269 0.581731 0.038461 0.077279 2 0.767578 0.755208 0.461895 0.024038 0.053419 2 0.635254 0.814904 0.475249 0.025641 0.05235 2 0.533203 0.784455 0.465634 0.02484 0.055199 5 0.513672 0.622195 0.475427 0.060897 0.117521 10 0.337158 0.425381 0.298255 0.032252 0.070513 6 0.31665 0.622195 0.474893 0.060897 0.115741 3 0.282959 0.499599 0.314103 0.025641 0.045584 5 0.194336 0.45633 0.385061 0.025641 0.055377
CCTV02^20260511-140000-20260511-142440_002896,2 0.929199 0.391426 0.39797 0.020433 0.043091 3 0.917969 0.31901 0.312678 0.021034 0.032764 10 0.91748 0.347857 0.405093 0.045473 0.129986 2 0.908691 0.159706 0.686076 0.042368 0.079416 3 0.902832 0.436899 0.392984 0.023638 0.040242 2 0.890137 0.923478 0.672187 0.039263 0.091524 2 0.888184 0.596755 0.360043 0.021234 0.043447 5 0.881836 0.636218 0.347667 0.032853 0.056802 2 0.867188 0.314503 0.390135 0.018429 0.048789 2 0.827637 0.921074 0.767806 0.040865 0.099715 2 0.792969 0.822115 0.504808 0.027244 0.064459 2 0.740234 0.980769 0.684473 0.038461 0.089744 0 0.399902 0.324219 0.617521 0.028646 0.069801 2 0.211426 0.767027 0.480413 0.046875 0.066239 2 0.151001 0.414163 0.295762 0.021034 0.032764
CCTV07^20260116-060000-20260116-065959_003584,12 0.938965 0.140325 0.766916 0.052684 0.176994 3 0.862305 0.634816 0.748041 0.063702 0.070869 12 0.834473 0.128656 0.650107 0.031751 0.058048 5 0.746094 0.795272 0.847934 0.095353 0.123219 12 0.401611 0.291867 0.468839 0.023638 0.046652 3 0.184814 0.405248 0.553419 0.026843 0.029202
CCTV07^20260116-060000-20260116-065959_003588,12 0.941895 0.626603 0.729345 0.123397 0.185185 12 0.939453 0.140325 0.766916 0.053085 0.176994 12 0.829102 0.128405 0.650285 0.031851 0.057692 12 0.668945 0.255809 0.554309 0.020032 0.042379
CCTV07^20260116-060000-20260116-065959_003592,12 0.939941 0.140575 0.76656 0.051983 0.177707 3 0.868652 0.413161 0.555377 0.027845 0.033832 12 0.829102 0.128305 0.650285 0.03145 0.058405 5 0.168823 0.376102 0.550214 0.023438 0.038462
CCTV07^20260116-060000-20260116-065959_003596,12 0.941895 0.140325 0.766738 0.052885 0.17735 12 0.888184 0.211589 0.469373 0.018329 0.039174 12 0.818848 0.128355 0.649929 0.031951 0.058405
CCTV07^20260116-060000-20260116-065959_003600,12 0.941406 0.140274 0.766382 0.053185 0.176638 3 0.893066 0.496194 0.652778 0.042067 0.049145 12 0.803223 0.128305 0.649395 0.032652 0.059473 11 0.789062 0.226963 0.48807 0.02524 0.054487 10 0.620605 0.658654 0.694979 0.107372 0.137108
CCTV07^20260116-060000-20260116-065959_003604,12 0.937012 0.140475 0.766916 0.052183 0.176994 3 0.909668 0.345353 0.713497 0.038862 0.053063 12 0.817383 0.128405 0.649751 0.032051 0.058048 12 0.812988 0.310397 0.566239 0.044671 0.083333 2 0.65332 0.169471 0.536325 0.01262 0.02208 11 0.279053 0.205529 0.453526 0.014824 0.030271 9 0.199341 0.415765 0.561966 0.04347 0.075499
CCTV07^20260116-060000-20260116-065959_003608,12 0.941895 0.140274 0.766738 0.052985 0.17735 3 0.839844 0.355268 0.651709 0.032652 0.041311 12 0.812988 0.128205 0.649751 0.032051 0.058048 3 0.799316 0.320913 0.604879 0.026042 0.037393 9 0.21936 0.315204 0.659722 0.039864 0.071581
CCTV07^20260116-060000-20260116-065959_003612,12 0.937012 0.140375 0.766738 0.052384 0.175926 3 0.832031 0.255208 0.551816 0.019231 0.026709 12 0.827637 0.128405 0.650285 0.03125 0.057692 2 0.282959 0.15615 0.485933 0.013622 0.023148
CCTV07^20260116-060000-20260116-065959_003627,12 0.94043 0.140475 0.76656 0.052384 0.176282 12 0.782715 0.128456 0.650819 0.03135 0.055912 11 0.253174 0.203375 0.4651 0.014724 0.024929
CCTV07^20260116-060000-20260116-065959_003631,12 0.939453 0.140475 0.766916 0.052183 0.178419 12 0.803223 0.128355 0.649929 0.03135 0.058405 3 0.519531 0.572115 0.722044 0.053686 0.065883 12 0.488281 0.27474 0.568554 0.039864 0.078704 2 0.26123 0.200471 0.706019 0.01853 0.058048 10 0.15564 0.409455 0.777065 0.112179 0.198006
CCTV07^20260116-060000-20260116-065959_003635,12 0.94043 0.140425 0.766382 0.052484 0.176638 11 0.887207 0.254808 0.545228 0.031651 0.05698 12 0.819824 0.128556 0.650463 0.03095 0.058048 12 0.588867 0.192959 0.435897 0.017728 0.037749
CCTV07^20260116-060000-20260116-065959_003639,12 0.950195 0.140575 0.766738 0.052384 0.17735 12 0.92627 0.308393 0.632301 0.047476 0.092949 12 0.822266 0.128456 0.650641 0.030349 0.057692 0 0.808105 0.61258 0.619302 0.03125 0.043447 0 0.462891 0.178385 0.499288 0.008814 0.017806
CCTV07^20260116-060000-20260116-065959_003688,12 0.94873 0.140475 0.766738 0.052584 0.175926 11 0.914062 0.303786 0.555556 0.03105 0.071225 12 0.825684 0.155248 0.448718 0.014623 0.033476 12 0.740234 0.128205 0.651531 0.029848 0.054487 3 0.697754 0.21875 0.487357 0.013221 0.019587
CCTV07^20260116-060000-20260116-065959_003692,12 0.947754 0.140675 0.766916 0.052183 0.176994 12 0.884766 0.321214 0.662215 0.047877 0.095085 12 0.82666 0.218149 0.480947 0.020833 0.043091 12 0.810547 0.128506 0.651531 0.029647 0.055199 9 0.805664 0.415264 0.585114 0.041266 0.05057 2 0.759277 0.16241 0.513711 0.010717 0.021011 1 0.695801 0.366687 0.695513 0.014623 0.029915
CCTV07^20260116-060000-20260116-065959_003696,12 0.948242 0.140675 0.766916 0.051583 0.176994 2 0.921875 0.167618 0.537927 0.011719 0.02386 12 0.910645 0.234475 0.471154 0.020232 0.040598 3 0.820801 0.432492 0.570869 0.030048 0.038462 12 0.743164 0.128506 0.652422 0.029447 0.051994 12 0.730957 0.202224 0.45958 0.015425 0.026709 2 0.602051 0.163361 0.462963 0.010216 0.019943
CCTV07^20260116-060000-20260116-065959_003700,12 0.953125 0.140675 0.766738 0.051983 0.175926 2 0.91748 0.188151 0.680912 0.017929 0.042023 12 0.774414 0.128606 0.652244 0.029247 0.05235 12 0.370117 0.223558 0.66916 0.028045 0.078348 12 0.247314 0.223658 0.669694 0.028245 0.077991
CCTV07^20260116-060000-20260116-065959_003704,12 0.953125 0.140525 0.766738 0.051883 0.175926 12 0.741699 0.128456 0.651887 0.029547 0.053063 1 0.20813 0.638221 0.744302 0.021635 0.029915
CCTV07^20260116-060000-20260116-065959_003708,12 0.947266 0.140675 0.766916 0.051583 0.17557 2 0.78418 0.577324 0.626781 0.025641 0.042023 12 0.73584 0.128706 0.652956 0.029447 0.051638
CCTV07^20260116-060000-20260116-065959_003712,12 0.951172 0.140525 0.766916 0.052284 0.176994 12 0.732422 0.128355 0.652244 0.029948 0.053063 1 0.723145 0.40615 0.55787 0.01222 0.020299
CCTV07^20260116-060000-20260116-065959_003716,12 0.946777 0.140625 0.766916 0.051683 0.17557 3 0.875 0.397336 0.565527 0.026643 0.032051 12 0.842773 0.295974 0.550214 0.038261 0.076211 2 0.777344 0.170072 0.551104 0.013221 0.025997 12 0.720215 0.128305 0.652778 0.029046 0.051994 3 0.519531 0.320312 0.487714 0.020032 0.02386 5 0.339844 0.68109 0.764423 0.061699 0.075142
CCTV07^20260116-060000-20260116-065959_003720,12 0.95166 0.140475 0.767094 0.051983 0.175214 2 0.877441 0.18149 0.654558 0.018029 0.04416 12 0.743164 0.128255 0.652778 0.029347 0.051994 10 0.498047 0.196414 0.451033 0.015625 0.025285
CCTV07^20260116-060000-20260116-065959_003724,12 0.95166 0.140675 0.767094 0.051783 0.176638 12 0.893066 0.282953 0.450499 0.019431 0.035613 3 0.878418 0.249599 0.503917 0.016026 0.021368 12 0.763672 0.128606 0.652244 0.029046 0.053063 5 0.422607 0.215244 0.481838 0.013822 0.022792 1 0.386719 0.385216 0.540242 0.010417 0.019231 1 0.334473 0.230369 0.515491 0.008013 0.015313 11 0.233765 0.383514 0.742521 0.067107 0.147436
CCTV07^20260116-060000-20260116-065959_003728,12 0.94873 0.140475 0.767094 0.052183 0.176638 12 0.926758 0.488782 0.594551 0.060897 0.092949 12 0.715332 0.128355 0.651887 0.029147 0.05235 1 0.348633 0.460337 0.615206 0.016026 0.038105 3 0.317383 0.300881 0.482194 0.014423 0.019943 1 0.190674 0.460337 0.615029 0.016026 0.037037
CCTV07^20260116-060000-20260116-065959_003732,12 0.948242 0.140525 0.766738 0.052083 0.175926 12 0.746094 0.128506 0.652422 0.029046 0.051994
CCTV07^20260116-060000-20260116-065959_003736,12 0.953125 0.140525 0.767272 0.052284 0.176282 1 0.892578 0.311398 0.726318 0.015024 0.031695 12 0.740234 0.128355 0.652066 0.029547 0.051994 2 0.324219 0.400541 0.501068 0.013021 0.022792 1 0.162354 0.238682 0.517806 0.009014 0.016382
CCTV07^20260116-060000-20260116-065959_003740,12 0.954102 0.140475 0.76656 0.051783 0.176282 1 0.879883 0.311198 0.725962 0.015425 0.032407 12 0.732422 0.128506 0.652244 0.029247 0.05235 2 0.651367 0.775841 0.716168 0.03726 0.057692 2 0.27832 0.775841 0.71599 0.036458 0.059473
CCTV07^20260116-060000-20260116-065959_003744,12 0.944824 0.141076 0.758191 0.051382 0.170228 1 0.901367 0.311198 0.72703 0.015024 0.031695 10 0.850098 0.26272 0.54505 0.039864 0.067308 2 0.817383 0.200821 0.575499 0.013421 0.031339 11 0.790527 0.552284 0.683048 0.077324 0.112536 12 0.690918 0.128105 0.649395 0.028846 0.048077
CCTV07^20260116-060000-20260116-065959_003748,12 0.948242 0.143179 0.729701 0.057792 0.155983 7 0.907227 0.332432 0.674501 0.031851 0.076923 1 0.904785 0.310797 0.727742 0.014223 0.031695 12 0.73584 0.127404 0.639601 0.028846 0.0349
CCTV07^20260116-060000-20260116-065959_003752,12 0.956543 0.142478 0.722222 0.065805 0.150997 2 0.902832 0.164012 0.524929 0.011518 0.02208 3 0.462891 0.229467 0.477208 0.011819 0.018518 1 0.445557 0.310998 0.727386 0.015024 0.030983 2 0.430176 0.401442 0.500712 0.013221 0.02208 1 0.237915 0.311198 0.72703 0.015425 0.031695 12 0.216064 0.257512 0.978989 0.09996 0.042023 12 0.187744 0.127204 0.636752 0.030849 0.032764
CCTV07^20260116-060000-20260116-065959_003756,12 0.955566 0.20598 0.788283 0.061198 0.161325 10 0.943848 0.297676 0.570691 0.048878 0.082977 12 0.923828 0.133614 0.701033 0.091747 0.130698 1 0.900391 0.310397 0.723113 0.014223 0.030983 3 0.819824 0.264022 0.522258 0.016827 0.02386 2 0.631836 0.167368 0.505876 0.010216 0.018875 2 0.200562 0.947917 0.807336 0.04968 0.069088
CCTV07^20260116-060000-20260116-065959_003760,12 0.956543 0.203926 0.652422 0.029647 0.060541 12 0.946777 0.127003 0.694444 0.094151 0.122507 12 0.932617 0.204127 0.783298 0.061699 0.161325 12 0.899902 0.141476 0.853632 0.079627 0.195869 11 0.692871 0.247596 0.492343 0.019231 0.040242 12 0.65332 0.215545 0.47614 0.020433 0.042735 2 0.24292 0.842949 0.753205 0.0625 0.07906 1 0.168823 0.217448 0.51834 0.007412 0.013889
CCTV07^20260116-060000-20260116-065959_003764,12 0.94873 0.137169 0.793625 0.060397 0.170584 12 0.947266 0.158554 0.696047 0.131611 0.117877 2 0.879883 0.821114 0.746617 0.040465 0.058048 3 0.868164 0.369792 0.551816 0.023638 0.030983 12 0.849121 0.204327 0.782051 0.060897 0.159544 3 0.684082 0.253706 0.546118 0.01903 0.025997 3 0.533203 0.782452 0.840456 0.077724 0.089744 2 0.458984 0.821114 0.746617 0.042067 0.058048 3 0.364746 0.33764 0.501424 0.021434 0.029915 3 0.246582 0.337139 0.50089 0.020833 0.028846 12 0.210815 0.159856 0.495905 0.01242 0.024573
CCTV10^20251112-170000-20251112-175959_004127,12 0.92627 0.358974 0.709758 0.082532 0.117521 11 0.726562 0.83133 0.665242 0.085737 0.108262 5 0.437744 0.332432 0.618412 0.029046 0.047365 2 0.264404 0.108549 0.712963 0.032702 0.059829
CCTV10^20251112-170000-20251112-175959_004130,11 0.811523 0.831731 0.663462 0.083333 0.105413 1 0.801758 0.840945 0.749288 0.032853 0.061254 3 0.451416 0.591947 0.934829 0.077324 0.113248
CCTV10^20251112-170000-20251112-175959_004134,10 0.929199 0.466747 0.837251 0.142628 0.227208 2 0.868652 0.192708 0.948006 0.05609 0.098291 2 0.831055 0.137169 0.884259 0.041967 0.081909 2 0.766113 0.105669 0.806268 0.03105 0.059829 11 0.753418 0.831731 0.663818 0.083333 0.109687 2 0.310791 0.140224 0.827635 0.036859 0.068376 7 0.176636 0.108423 0.741987 0.044371 0.081553 0 0.174438 0.165615 0.809473 0.034756 0.074786
CCTV10^20251112-170000-20251112-175959_004138,5 0.852051 0.842348 0.838675 0.08133 0.10755 11 0.751953 0.832131 0.66364 0.084135 0.107194 3 0.490234 0.397837 0.637286 0.032051 0.04594 2 0.2323 0.123147 0.721688 0.036358 0.062322
CCTV10^20251112-170000-20251112-175959_004142,10 0.925781 0.754808 0.636752 0.073718 0.118234 10 0.925781 0.709535 0.640848 0.072115 0.115029 2 0.901855 0.155048 0.851852 0.04347 0.076923 5 0.803223 0.667468 0.945157 0.092949 0.109687 11 0.792969 0.832131 0.663996 0.082532 0.114316 2 0.747559 0.115184 0.760684 0.03105 0.05698 2 0.397949 0.107222 0.816952 0.030749 0.068376
CCTV10^20251112-170000-20251112-175959_004146,10 0.908203 0.454327 0.769765 0.116987 0.181268 11 0.829102 0.830328 0.662749 0.079728 0.105413 0 0.816406 0.171625 0.922009 0.046374 0.089031 3 0.712402 0.60657 0.648504 0.041667 0.056268 1 0.67041 0.80028 0.701923 0.024439 0.056268 1 0.435791 0.113982 0.739138 0.01903 0.057336 2 0.303955 0.13156 0.722578 0.030148 0.060541
CCTV10^20251112-170000-20251112-175959_004150,11 0.856934 0.83113 0.663283 0.082933 0.104345 1 0.774414 0.378305 0.660791 0.016627 0.046652 3 0.73877 0.811298 0.779915 0.063301 0.091168 1 0.704102 0.392328 0.905983 0.040665 0.075499 1 0.509766 0.248297 0.695513 0.019832 0.048433 2 0.460938 0.124299 0.781695 0.039062 0.073362 0 0.276611 0.123998 0.782051 0.037059 0.071225 5 0.240723 0.594351 0.597578 0.03726 0.051994
CCTV10^20251112-170000-20251112-175959_004153,10 0.92627 0.390325 0.620726 0.05028 0.093305 5 0.917969 0.599359 0.595976 0.044872 0.058761 1 0.884277 0.142378 0.851496 0.03135 0.06339 3 0.790527 0.563702 0.664886 0.04407 0.059829 11 0.779785 0.83113 0.663462 0.082933 0.108262 2 0.375732 0.116987 0.773148 0.036458 0.070513
CCTV10^20251112-170000-20251112-175959_004157,4 0.928711 0.55609 0.663105 0.053686 0.083333 3 0.909668 0.854968 0.897792 0.080128 0.100427 0 0.896484 0.200821 0.866097 0.037861 0.076923 2 0.838867 0.150791 0.800214 0.038361 0.074786 11 0.767578 0.83113 0.662927 0.082933 0.10933 0 0.767578 0.252804 0.920228 0.047676 0.109687 7 0.260498 0.952724 0.678419 0.051282 0.066239
CCTV10^20251112-170000-20251112-175959_004161,2 0.879883 0.130008 0.87037 0.045272 0.088319 5 0.838867 0.769431 0.767094 0.076522 0.10114 11 0.795898 0.830328 0.662749 0.082933 0.110399 1 0.644043 0.249199 0.701567 0.021234 0.05057 5 0.418701 0.971955 0.702101 0.048077 0.055912 3 0.199341 0.433694 0.626781 0.031651 0.04416
CCTV10^20251112-170000-20251112-175959_004165,10 0.919434 0.691907 0.623219 0.06891 0.106838 2 0.834473 0.207732 0.874288 0.048878 0.094729 11 0.800781 0.830929 0.663996 0.081731 0.112892 5 0.640625 0.624599 0.597578 0.036058 0.05698 7 0.165649 0.989183 0.716168 0.021635 0.10755
CCTV10^20251112-170000-20251112-175959_004431,10 0.944824 0.867388 0.78312 0.157853 0.210114 1 0.785156 0.232472 0.693554 0.027845 0.053775 9 0.762207 0.298878 0.651709 0.054487 0.069088
CCTV10^20251112-170000-20251112-175959_004435,2 0.822266 0.134465 0.767094 0.040565 0.071225 1 0.775879 0.803285 0.692842 0.023237 0.048789 1 0.723145 0.238582 0.695157 0.025641 0.046296 1 0.194336 0.222857 0.654736 0.017428 0.045228
CCTV10^20251112-170000-20251112-175959_004439,2 0.888184 0.133964 0.868946 0.044972 0.086895 10 0.837402 0.294371 0.697828 0.092348 0.151353 11 0.733887 0.229667 0.926638 0.128005 0.136752 0 0.694336 0.111203 0.694266 0.022786 0.063034 9 0.622559 0.65004 0.595085 0.051683 0.060541
CCTV10^20251112-170000-20251112-175959_004442,1 0.829102 0.122346 0.79416 0.03155 0.055556 0 0.723145 0.098508 0.716168 0.025541 0.060541 1 0.542969 0.730769 0.60933 0.017628 0.036325
CCTV10^20251112-170000-20251112-175959_004447,2 0.929199 0.126052 0.87037 0.041166 0.079772 2 0.921387 0.178385 0.953348 0.048478 0.084758 4 0.919434 0.17498 0.831553 0.063902 0.093305 3 0.809082 0.803886 0.838675 0.095753 0.106125 1 0.747559 0.803486 0.727208 0.029247 0.061254 12 0.723145 0.392127 0.714209 0.081931 0.117165 1 0.642578 0.089618 0.766382 0.020984 0.052707 2 0.556641 0.118189 0.817308 0.038862 0.059117 3 0.158691 0.657252 0.939815 0.084535 0.100427
CCTV10^20251112-170000-20251112-175959_004452,1 0.806641 0.300781 0.84188 0.034255 0.058405 3 0.770508 0.631811 0.593839 0.026442 0.042379 3 0.726562 0.574519 0.607016 0.032853 0.050214 1 0.699219 0.247195 0.710292 0.026042 0.05235 11 0.65332 0.458133 0.756588 0.076522 0.130698 3 0.373779 0.631611 0.594195 0.026843 0.043803
CCTV10^20251112-170000-20251112-175959_004456,10 0.892578 0.501202 0.879986 0.17468 0.225783 3 0.823242 0.59395 0.626781 0.05008 0.068376
CCTV10^20251112-170000-20251112-175959_004461,0 0.89502 0.170923 0.83547 0.032953 0.076923 0 0.889648 0.119742 0.853989 0.035357 0.076923 0 0.645996 0.132762 0.724003 0.023738 0.064815 1 0.625977 0.258213 0.93839 0.038061 0.071937
CCTV10^20251112-170000-20251112-175959_004465,0 0.78418 0.143229 0.771367 0.026442 0.061254 2 0.749023 0.230168 0.896724 0.050881 0.088319 1 0.624512 0.352264 0.835114 0.027043 0.05057
CCTV10^20251112-170000-20251112-175959_004468,10 0.925781 0.359876 0.728989 0.090345 0.157407 2 0.275146 0.106821 0.696581 0.029948 0.069801
CCTV10^20251112-170000-20251112-175959_004476,1 0.778809 0.1249 0.868946 0.030248 0.064103 2 0.665527 0.13727 0.683048 0.022937 0.061966
CCTV10^20251112-170000-20251112-175959_004480,2 0.695801 0.11268 0.695157 0.030849 0.064103
CCTV10^20251112-170000-20251112-175959_004484,2 0.927246 0.160106 0.911681 0.055589 0.088319 10 0.919434 0.411458 0.669516 0.077724 0.148148
CCTV10^20251112-170000-20251112-175959_004488,10 0.935547 0.338241 0.648504 0.063502 0.116097 3 0.864258 0.504207 0.714387 0.046875 0.061254 3 0.859863 0.4377 0.702991 0.044471 0.059829 1 0.791992 0.265024 0.753561 0.032452 0.055556 1 0.672363 0.244892 0.709224 0.027444 0.04594
CCTV10^20251112-170000-20251112-175959_004492,1 0.78125 0.21224 0.712963 0.027043 0.052707 3 0.312256 0.427684 0.60666 0.026042 0.044516
CCTV10^20251112-170000-20251112-175959_004497,0 0.810547 0.099209 0.789174 0.029748 0.066952 2 0.668945 0.127153 0.855769 0.03756 0.074786 0 0.660156 0.135867 0.765491 0.036158 0.075855 2 0.407227 0.090094 0.743412 0.036158 0.067308 2 0.151001 0.992388 0.722044 0.015224 0.053063
CCTV10^20251112-170000-20251112-175959_004500,10 0.931641 0.634215 0.619658 0.065705 0.105413 3 0.90332 0.839143 0.870014 0.082933 0.090456 1 0.84082 0.264523 0.752671 0.029447 0.057336 10 0.812988 0.328225 0.609509 0.054287 0.120014 2 0.161377 0.979567 0.710826 0.034455 0.061254 5 0.154053 0.853966 0.779915 0.083734 0.094017
CCTV10^20251112-170000-20251112-175959_004504,10 0.940918 0.819511 0.742343 0.131811 0.180556 2 0.679199 0.179888 0.954772 0.064904 0.086182
CCTV10^20251112-170000-20251112-175959_004509,3 0.81543 0.579127 0.610043 0.045272 0.061966 2 0.592773 0.132262 0.711182 0.030749 0.06339 0 0.281494 0.244191 0.907764 0.054888 0.090456 0 0.214722 0.241887 0.910613 0.048277 0.083333
CCTV10^20251112-170000-20251112-175959_004513,1 0.852051 0.295573 0.804843 0.034655 0.058405 1 0.818848 0.333333 0.787749 0.036859 0.061254 0 0.785156 0.104192 0.717236 0.027594 0.061254
CCTV10^20251112-170000-20251112-175959_004517,10 0.905762 0.432191 0.594729 0.046675 0.098291 3 0.865234 0.721554 0.743234 0.068109 0.077635 1 0.723145 0.84976 0.747329 0.028045 0.065171 10 0.611328 0.467548 0.774217 0.109776 0.178063 10 0.600098 0.468149 0.774038 0.111779 0.182692 2 0.451416 0.145683 0.676282 0.021134 0.05698 1 0.37207 0.361679 0.839744 0.030649 0.049858
CCTV10^20251112-170000-20251112-175959_004521,10 0.924805 0.299379 0.672721 0.068309 0.12037 2 0.414795 0.117188 0.703704 0.035857 0.065527 2 0.2323 0.116637 0.702991 0.034756 0.066952
CCTV10^20251112-170000-20251112-175959_004524,3 0.803223 0.659054 0.614138 0.034455 0.050926 3 0.737305 0.786659 0.758547 0.075721 0.089744 0 0.577637 0.116411 0.717415 0.034405 0.063746
CCTV10^20251112-170000-20251112-175959_004528,10 0.928223 0.335837 0.65438 0.064303 0.124288 1 0.782715 0.176733 0.923077 0.031751 0.068376 1 0.757812 0.357572 0.786681 0.035256 0.06339 0 0.705566 0.114233 0.717236 0.033954 0.076923 1 0.15918 0.436899 0.969729 0.03726 0.056268
CCTV10^20251112-170000-20251112-175959_004532,3 0.868652 0.562099 0.950499 0.077724 0.083333 1 0.773438 0.791667 0.654202 0.019231 0.042023 2 0.712402 0.098432 0.72881 0.026092 0.058048 0 0.466797 0.143379 0.786681 0.030749 0.073362 5 0.300781 0.643229 0.919516 0.078926 0.125356 2 0.221313 0.096179 0.783832 0.029197 0.069088 10 0.173828 0.629006 0.565883 0.048878 0.083333 3 0.16394 0.643229 0.920228 0.079728 0.123932
CCTV10^20251112-170000-20251112-175959_004536,10 0.853027 0.705729 0.616097 0.055689 0.073362 1 0.84375 0.237881 0.696047 0.027043 0.049501 5 0.366699 0.881811 0.83084 0.090545 0.116097 6 0.210815 0.882212 0.830128 0.091346 0.116097 2 0.168823 0.973958 0.698362 0.036058 0.053419 2 0.15918 0.139623 0.685541 0.021034 0.058405
CCTV10^20251112-170000-20251112-175959_004540,10 0.926758 0.582933 0.555199 0.048878 0.07906 2 0.820801 0.140775 0.78312 0.034555 0.066239 1 0.151978 0.13111 0.745905 0.021234 0.05235
CCTV10^20251112-170000-20251112-175959_004544,3 0.866211 0.592748 0.645833 0.054087 0.06161 3 0.527344 0.560096 0.588497 0.034455 0.047365 3 0.167725 0.683293 0.630876 0.039663 0.050214
CCTV10^20251112-170000-20251112-175959_004548,0 0.756348 0.131811 0.717058 0.022837 0.063034
CCTV10^20251112-170000-20251112-175959_004551,10 0.942383 0.315405 0.780805 0.142829 0.172009
CCTV10^20251112-170000-20251112-175959_004555,10 0.917969 0.56871 0.582621 0.05008 0.081909 10 0.916016 0.335837 0.699608 0.101963 0.123575 1 0.753418 0.177484 0.833333 0.026042 0.05698 1 0.695801 0.327724 0.883547 0.02484 0.061966 1 0.501953 0.272135 0.958689 0.035056 0.066952 0 0.291016 0.117213 0.834758 0.039814 0.079772 2 0.202393 0.117388 0.835114 0.041066 0.081909
CCTV10^20251112-170000-20251112-175959_004559,1 0.844727 0.458333 0.662037 0.030449 0.041311 1 0.822266 0.232071 0.684117 0.033454 0.048433 5 0.820801 0.495192 0.747329 0.057692 0.089387 1 0.689453 0.372396 0.76567 0.030849 0.05698
CCTV10^20251112-170000-20251112-175959_004563,10 0.941895 0.292167 0.624288 0.069111 0.106838 5 0.882324 0.630809 0.618234 0.046074 0.061254 2 0.774414 0.11854 0.81802 0.042568 0.074786 0 0.439697 0.177284 0.826567 0.036659 0.074786
CCTV10^20251112-170000-20251112-175959_004568,4 0.915527 0.409155 0.664352 0.039062 0.060185 2 0.757812 0.16261 0.926282 0.05599 0.093305 1 0.604004 0.397636 0.928775 0.042869 0.078348 1 0.529297 0.137119 0.749466 0.019431 0.055199 3 0.357666 0.616587 0.584758 0.039263 0.053419
CCTV10^20251112-170000-20251112-175959_004572,3 0.775879 0.830929 0.674857 0.043269 0.060541 1 0.732422 0.215645 0.660434 0.020232 0.044516
CCTV10^20251112-170000-20251112-175959_004575,3 0.836426 0.65625 0.687678 0.048077 0.061254 2 0.812988 0.132562 0.878917 0.049179 0.088319 3 0.679199 0.83113 0.675214 0.042869 0.061254
CCTV10^20251112-170000-20251112-175959_004579,3 0.813965 0.830729 0.675036 0.04367 0.060897 1 0.689453 0.101087 0.729345 0.018179 0.048433 2 0.291016 0.1251 0.675036 0.021635 0.057336
CCTV10^20251112-170000-20251112-175959_004583,2 0.868164 0.097681 0.77208 0.039613 0.074074 1 0.625977 0.686498 0.582799 0.017228 0.040242 3 0.600098 0.830529 0.675214 0.042468 0.062678
CCTV10^20251112-170000-20251112-175959_004587,10 0.917969 0.678686 0.621795 0.068109 0.103989 5 0.885742 0.451322 0.743946 0.048478 0.077635 2 0.844727 0.132462 0.729345 0.021735 0.055556 3 0.480469 0.83153 0.675036 0.046875 0.063746 1 0.284668 0.123848 0.689637 0.016526 0.045228
CCTV10^20251112-170000-20251112-175959_004591,2 0.909668 0.129758 0.827279 0.036558 0.069088 1 0.786621 0.714744 0.613248 0.017628 0.042023 2 0.73877 0.111278 0.696047 0.030649 0.06802 3 0.680664 0.283854 0.660434 0.031651 0.043091 3 0.476562 0.830729 0.674857 0.04367 0.064103 3 0.464844 0.283554 0.660613 0.031851 0.04416 3 0.460938 0.586739 0.568554 0.022837 0.03953 3 0.361084 0.586138 0.56891 0.023237 0.03953
CCTV10^20251112-170000-20251112-175959_004595,5 0.822266 0.584335 0.612001 0.045272 0.058761 3 0.620605 0.830729 0.674857 0.04367 0.062678 5 0.191895 0.697316 0.591702 0.041266 0.062322
CCTV10^20251112-170000-20251112-175959_004599,2 0.767578 0.140875 0.76282 0.030349 0.055556 2 0.766113 0.111053 0.762108 0.024089 0.054131 0 0.716797 0.103566 0.804843 0.028045 0.064103 3 0.675781 0.830929 0.67468 0.043269 0.062322 3 0.600098 0.589944 0.580306 0.029247 0.04594 0 0.541016 0.094076 0.758191 0.023187 0.064815 3 0.44165 0.590144 0.580662 0.029647 0.048077
CCTV10^20251112-170000-20251112-175959_004602,10 0.914062 0.69371 0.626246 0.08133 0.107906 0 0.902832 0.14398 0.896367 0.03756 0.077635 3 0.775879 0.404848 0.641026 0.030048 0.043447 4 0.635254 0.606771 0.634615 0.04367 0.049858 3 0.44165 0.830529 0.674857 0.044071 0.062678 3 0.413086 0.404447 0.641204 0.030048 0.043803 2 0.291016 0.102264 0.761396 0.035457 0.065527
CCTV10^20251112-170000-20251112-175959_004606,10 0.921875 0.35617 0.700142 0.082532 0.136752 2 0.902832 0.231771 0.918803 0.048478 0.088319 2 0.899902 0.169671 0.835114 0.044872 0.074786 3 0.887207 0.483574 0.680556 0.038462 0.04416 3 0.864258 0.684095 0.702813 0.04367 0.058761 11 0.823242 0.445713 0.631054 0.044471 0.071225 0 0.791992 0.100936 0.712073 0.022887 0.060185 3 0.294922 0.830929 0.674145 0.044872 0.062678
CCTV10^20251112-170000-20251112-175959_004610,3 0.906738 0.667468 0.631944 0.032853 0.049501 3 0.416748 0.830929 0.674501 0.043269 0.061254 0 0.363037 0.245192 0.926994 0.042869 0.081909 0 0.223999 0.245893 0.92735 0.045873 0.086895
CCTV10^20251112-170000-20251112-175959_004614,5 0.859863 0.710938 0.655805 0.039663 0.065171 3 0.609375 0.613982 0.599181 0.030849 0.048789 3 0.588867 0.614183 0.598647 0.030449 0.047721 3 0.336426 0.83113 0.67468 0.044471 0.063034
CCTV10^20251112-170000-20251112-175959_004618,10 0.946289 0.844551 0.760862 0.13141 0.176282 2 0.157104 0.1248 0.678953 0.029046 0.055199
CCTV10^20251112-170000-20251112-175959_004622,1 0.817383 0.726963 0.617521 0.017228 0.039174 5 0.677246 0.719151 0.693376 0.045673 0.070513 5 0.662109 0.700721 0.721688 0.053686 0.069444 0 0.631836 0.127855 0.695335 0.021735 0.060185
CCTV10^20251112-170000-20251112-175959_004626,10 0.91748 0.794671 0.734509 0.094952 0.144943 5 0.770508 0.564703 0.595976 0.040465 0.058761 2 0.672363 0.104768 0.695335 0.029848 0.057336 11 0.418701 0.379507 0.616987 0.029447 0.050214 1 0.332764 0.85016 0.723469 0.020833 0.047365 3 0.303223 0.680489 0.706375 0.048478 0.073006
CCTV10^20251112-220000-20251112-225959_006480,5 0.788086 0.195262 0.945157 0.074219 0.102564 12 0.567871 0.509215 0.820869 0.122596 0.181624 1 0.405518 0.232272 0.817664 0.026643 0.038462 3 0.170532 0.195513 0.945513 0.074519 0.101852
CCTV10^20251112-220000-20251112-225959_006481,12 0.850098 0.396034 0.68109 0.06851 0.10933 3 0.424316 0.114158 0.718661 0.032101 0.062678 1 0.324219 0.23107 0.818376 0.024239 0.041311 5 0.269775 0.114083 0.718839 0.031851 0.063746
CCTV10^20251112-220000-20251112-225959_006482,1 0.445557 0.23157 0.809473 0.026442 0.053419
CCTV10^20251112-220000-20251112-225959_006483,1 0.399902 0.23137 0.809473 0.025641 0.053419
CCTV10^20251112-220000-20251112-225959_006484,1 0.225464 0.23147 0.810541 0.026643 0.052707
CCTV10^20251112-220000-20251112-225959_006485,1 0.588867 0.231671 0.809117 0.025841 0.054131
CCTV10^20251112-220000-20251112-225959_006486,1 0.392334 0.232372 0.808761 0.026442 0.054843
CCTV10^20251112-220000-20251112-225959_006487,2 0.458984 0.221554 0.956197 0.074119 0.087607 12 0.39502 0.882612 0.692842 0.082532 0.107194 12 0.349609 0.141827 0.82443 0.081931 0.130342
CCTV10^20251112-220000-20251112-225959_006488,1 0.541016 0.158854 0.917023 0.029647 0.05057 12 0.386719 0.885817 0.69391 0.076122 0.105057 2 0.247314 0.11546 0.789174 0.044722 0.08547 1 0.222656 0.232672 0.817308 0.026242 0.039174
CCTV10^20251112-220000-20251112-225959_006489,5 0.751953 0.439503 0.654024 0.035256 0.058048 1 0.631836 0.105519 0.748576 0.018129 0.047009 12 0.462891 0.88782 0.694088 0.070513 0.104701 1 0.151978 0.231671 0.819444 0.026242 0.040598
CCTV10^20251112-220000-20251112-225959_006490,1 0.289307 0.231671 0.809829 0.027444 0.055556 12 0.27124 0.885016 0.693554 0.077724 0.105769
CCTV10^20251112-220000-20251112-225959_006491,10 0.936523 0.399339 0.757479 0.113982 0.16453 1 0.334473 0.232071 0.809829 0.02504 0.055556 10 0.233032 0.399038 0.757835 0.114583 0.165242
CCTV10^20251112-220000-20251112-225959_006492,12 0.88623 0.885417 0.69391 0.073718 0.106481 10 0.71875 0.328425 0.648326 0.057893 0.111467 1 0.501953 0.23127 0.810541 0.027043 0.054131 3 0.196777 0.901843 0.847934 0.064904 0.077635
CCTV10^20251112-220000-20251112-225959_006493,12 0.864258 0.885417 0.696047 0.07532 0.109331 1 0.352295 0.23157 0.809117 0.027244 0.054131
CCTV10^20251112-220000-20251112-225959_006494,12 0.884277 0.885817 0.695157 0.074519 0.108262 1 0.466797 0.23117 0.809473 0.027244 0.054843 1 0.460938 0.244391 0.940883 0.032853 0.071225
CCTV10^20251112-220000-20251112-225959_006495,12 0.854004 0.885016 0.6948 0.076122 0.10755 1 0.17334 0.231771 0.809117 0.026042 0.054131 1 0.151001 0.232572 0.816952 0.026042 0.041311
CCTV10^20251112-220000-20251112-225959_006496,12 0.790527 0.885817 0.695335 0.076122 0.106481 12 0.291748 0.458934 0.811254 0.070112 0.084046 11 0.24939 0.199569 0.895655 0.121294 0.194444 1 0.195557 0.23117 0.808761 0.028446 0.051994
CCTV10^20251112-220000-20251112-225959_006497,12 0.928711 0.116837 0.705306 0.047175 0.113604 12 0.830078 0.883013 0.694266 0.080128 0.108618 11 0.567871 0.213742 0.935185 0.109375 0.126781 3 0.164551 0.385517 0.660434 0.034655 0.049501
CCTV10^20251112-220000-20251112-225959_006498,12 0.911621 0.884215 0.693376 0.079327 0.110399 11 0.789062 0.113532 0.759971 0.050581 0.099715 1 0.713867 0.271635 0.814459 0.033654 0.053419 12 0.666992 0.159706 0.87037 0.08123 0.155271 5 0.647949 0.53125 0.774573 0.044872 0.060541
CCTV10^20251112-220000-20251112-225959_006499,12 0.845703 0.88742 0.695691 0.074519 0.105769 3 0.695801 0.455529 0.662571 0.036058 0.048789 12 0.629883 0.119742 0.704594 0.050581 0.093661 1 0.605957 0.254407 0.804487 0.027244 0.051994 3 0.324219 0.455328 0.662571 0.035657 0.047365 1 0.245117 0.230068 0.809829 0.021434 0.048433 12 0.206299 0.124023 0.700855 0.059846 0.102564
CCTV10^20251112-220000-20251112-225959_006500,12 0.912598 0.884615 0.693376 0.076923 0.104701 12 0.700684 0.110552 0.738426 0.053335 0.104345 1 0.350342 0.252704 0.806624 0.029848 0.053419 1 0.350342 0.141476 0.883191 0.028145 0.047009 1 0.318359 0.243289 0.809117 0.05028 0.062678
CCTV10^20251112-220000-20251112-225959_006501,12 0.911621 0.883013 0.693732 0.078526 0.105413 1 0.668945 0.252804 0.804843 0.028446 0.051282 1 0.644043 0.107697 0.815883 0.027794 0.047721 4 0.598145 0.575521 0.604167 0.046074 0.06802 1 0.392334 0.365485 0.841524 0.022636 0.043447 1 0.181274 0.229968 0.817664 0.020032 0.037037
CCTV10^20251112-220000-20251112-225959_006502,12 0.878418 0.883413 0.693732 0.077724 0.105413 1 0.84082 0.468349 0.748576 0.023237 0.04416 1 0.680664 0.253105 0.804487 0.028245 0.051994 4 0.615234 0.630409 0.655983 0.057292 0.079772 1 0.552734 0.110627 0.704416 0.015925 0.041311 1 0.245117 0.230769 0.816239 0.023237 0.041311
CCTV10^20251112-220000-20251112-225959_006503,12 0.898438 0.886619 0.695513 0.072917 0.103276 1 0.750488 0.252404 0.804843 0.029247 0.052706 1 0.377441 0.229968 0.818376 0.020433 0.038462
CCTV10^20251112-220000-20251112-225959_006504,12 0.915527 0.882212 0.69302 0.080128 0.102564 1 0.663574 0.252304 0.805556 0.029046 0.052706 1 0.373779 0.229167 0.810541 0.023638 0.052707 1 0.29248 0.229868 0.81339 0.022236 0.045584
CCTV10^20251112-220000-20251112-225959_006505,12 0.931641 0.884615 0.692664 0.07532 0.103276 1 0.730957 0.253005 0.804487 0.028446 0.054843 1 0.443604 0.229968 0.816952 0.020833 0.039886
CCTV10^20251112-220000-20251112-225959_006506,12 0.918945 0.885417 0.69391 0.073718 0.105057 1 0.720215 0.242688 0.808405 0.051482 0.064103 1 0.364746 0.232672 0.814459 0.027444 0.044872 1 0.15918 0.253806 0.806268 0.026843 0.051282
CCTV10^20251112-220000-20251112-225959_006507,1 0.715332 0.252804 0.805199 0.027244 0.053419 12 0.583008 0.832332 0.748219 0.096555 0.163105 12 0.262939 0.887019 0.695513 0.073718 0.106125
CCTV10^20251112-220000-20251112-225959_006508,12 0.876465 0.883013 0.695157 0.080128 0.109687 1 0.680664 0.252905 0.805199 0.029046 0.053419 1 0.509766 0.230369 0.816952 0.021635 0.041311
CCTV10^20251112-220000-20251112-225959_006509,3 0.832031 0.421775 0.688034 0.038662 0.053419 12 0.741699 0.885817 0.694266 0.074519 0.105769 1 0.6875 0.253205 0.803775 0.029247 0.054843 2 0.581543 0.112981 0.745726 0.028646 0.05698 1 0.439697 0.229167 0.810541 0.022436 0.051282 10 0.263672 0.588742 0.610933 0.057292 0.089387
CCTV10^20251112-220000-20251112-225959_006510,2 0.934082 0.145833 0.91631 0.045272 0.077635 1 0.712402 0.252804 0.804843 0.030048 0.052706 1 0.692871 0.230769 0.816595 0.023638 0.042023 12 0.501953 0.885016 0.694622 0.077724 0.11218
CCTV10^20251112-220000-20251112-225959_006511,3 0.845703 0.13772 0.872863 0.049479 0.073362 12 0.723145 0.886218 0.694088 0.073718 0.106125 1 0.604004 0.243289 0.807336 0.050681 0.06339 1 0.435791 0.253105 0.803775 0.029046 0.053419 0 0.212036 0.086639 0.751781 0.026442 0.064815 1 0.182373 0.23097 0.812322 0.023237 0.047721 11 0.151001 0.851763 0.808761 0.290064 0.356838
CCTV10^20251112-220000-20251112-225959_006512,12 0.759277 0.88742 0.694801 0.072917 0.104701 1 0.690918 0.124599 0.821937 0.024639 0.048433 1 0.675781 0.252804 0.804131 0.028446 0.052707 1 0.577637 0.229467 0.809117 0.023037 0.052707 1 0.15918 0.230168 0.813746 0.022436 0.044872
CCTV10^20251112-220000-20251112-225959_006513,12 0.811523 0.88742 0.695157 0.071314 0.108262 1 0.804199 0.227865 0.800926 0.024239 0.053419 1 0.769043 0.252804 0.805555 0.030449 0.055556
CCTV10^20251112-220000-20251112-225959_006514,1 0.831055 0.238582 0.791667 0.034455 0.059117 12 0.577637 0.88782 0.694801 0.072115 0.106125
CCTV10^20251112-220000-20251112-225959_006515,12 0.837402 0.88782 0.694801 0.072115 0.106125 1 0.789062 0.209385 0.721154 0.024339 0.049145
CCTV10^20251112-220000-20251112-225959_006516,12 0.879883 0.885016 0.694088 0.076122 0.108974
CCTV10^20251112-220000-20251112-225959_006517,10 0.766113 0.745192 0.669694 0.088141 0.126424 12 0.541016 0.886218 0.693732 0.075321 0.106838
CCTV10^20251112-220000-20251112-225959_006518,12 0.795898 0.88742 0.694622 0.074519 0.107906 11 0.256104 0.674479 0.694622 0.086138 0.116453
CCTV10^20251112-220000-20251112-225959_006519,12 0.700684 0.888221 0.694801 0.071314 0.106125
CCTV10^20251112-220000-20251112-225959_006520,12 0.699219 0.888221 0.694622 0.071314 0.105057
CCTV10^20251112-220000-20251112-225959_006521,2 0.875977 0.143329 0.902778 0.046274 0.080484 12 0.702637 0.882612 0.693554 0.080929 0.105769
CCTV10^20251112-220000-20251112-225959_006522,2 0.662109 0.097581 0.74359 0.035607 0.062678 12 0.227417 0.877003 0.692664 0.092147 0.106125
CCTV10^20251112-220000-20251112-225959_006523,
CCTV10^20251112-220000-20251112-225959_006524,10 0.481445 0.747796 0.799679 0.292869 0.377849 12 0.435791 0.88742 0.69391 0.072917 0.105057 1 0.407227 0.333433 0.852208 0.023437 0.05057
CCTV10^20251112-220000-20251112-225959_006525,12 0.84375 0.88742 0.694088 0.072917 0.103276 1 0.679199 0.235677 0.703348 0.027043 0.046296
CCTV10^20251112-220000-20251112-225959_006526,12 0.838867 0.883413 0.69213 0.079327 0.104345
CCTV10^20251112-220000-20251112-225959_006527,12 0.625977 0.889022 0.694801 0.071314 0.106125
CCTV10^20251112-220000-20251112-225959_006528,12 0.866211 0.885817 0.6948 0.074519 0.10755
CCTV10^20251112-220000-20251112-225959_006529,12 0.82666 0.886619 0.695335 0.074519 0.106481
CCTV10^20251112-220000-20251112-225959_006530,12 0.889648 0.886619 0.694979 0.072917 0.107194 12 0.844727 0.396835 0.760684 0.090946 0.125356
