image_id,PredictionString
CCTV01^20260318-110000-20260318-120000_000061,10 0.84375 0.77875 0.728889 0.160000 0.357778 10 0.785156 0.193438 0.617222 0.168125 0.256667 3 0.770508 0.525 0.878333 0.072500 0.195556 2 0.750488 0.19125 0.734444 0.055938 0.108889 0 0.620605 0.302188 0.946111 0.044375 0.091111 10 0.596191 0.413438 0.388333 0.112500 0.127778 0 0.59082 0.142109 0.86 0.062031 0.106667 0 0.588867 0.318125 0.4825 0.025000 0.057222 0 0.494141 0.78375 0.937778 0.052500 0.111111 3 0.443604 0.4225 0.504444 0.055000 0.070000 4 0.343262 0.96375 0.638889 0.071250 0.131111 0 0.313965 0.865 0.542222 0.027500 0.073333 0 0.284668 0.9275 0.665 0.045000 0.086667 10 0.265869 0.198437 0.445 0.110625 0.150000 2 0.264404 0.283281 0.429444 0.022813 0.052778 1 0.213379 0.8825 0.707778 0.037500 0.091111 3 0.176147 0.64125 0.44 0.038750 0.075556 10 0.137939 0.023477 0.68 0.046719 0.242222 3 0.079468 0.515938 0.384167 0.031875 0.045000 10 0.068542 0.6725 0.323889 0.050000 0.111111 0 0.051666 0.79 0.480833 0.025000 0.068333 3 0.045685 0.649375 0.401667 0.033750 0.051111 0 0.035278 0.060166 0.686667 0.058730 0.097778 4 0.03476 0.0604 0.687778 0.058262 0.097778 11 0.031616 0.021094 0.655556 0.041953 0.177778 0 0.031494 0.8125 0.452778 0.025000 0.057778 2 0.030792 0.059678 0.686667 0.063457 0.100000 9 0.021774 0.9625 0.636667 0.070000 0.128889 9 0.014954 0.023691 0.665556 0.047383 0.195556 0 0.014557 0.9075 0.578889 0.032500 0.067778 0 0.013123 0.3075 0.450556 0.016875 0.040556 1 0.011421 0.85875 0.745556 0.030000 0.077778 1 0.0112 0.307188 0.450556 0.016875 0.041111 0 0.005619 0.258437 0.4425 0.027500 0.051667 0 0.004574 0.319531 0.4825 0.039062 0.065556 11 0.00425 0.961875 0.628889 0.075000 0.160000 0 0.00399 0.903125 0.555556 0.030000 0.071111 11 0.003944 0.013828 0.638889 0.027656 0.161111 2 0.003914 0.994375 0.660556 0.011250 0.094444 1 0.003223 0.87 0.734445 0.040000 0.080000 10 0.003124 0.544375 0.251667 0.032500 0.111111 3 0.002253 0.84 0.961667 0.087500 0.076667 11 0.0021 0.544063 0.253889 0.031875 0.117222 1 0.0021 0.88875 0.706667 0.062500 0.104444 3 0.002003 0.008936 0.261389 0.017402 0.036667 0 0.001995 0.794375 0.475 0.042500 0.081111 1 0.00181 0.695 0.455556 0.020000 0.057778 2 0.001513 0.995 0.916667 0.010000 0.148889 0 0.001455 0.8825 0.49 0.025000 0.053333 1 0.001305 0.845 0.730556 0.040000 0.112222 0 0.001188 0.350313 0.383889 0.020625 0.048889
CCTV01^20260318-110000-20260318-120000_000065,3 0.817383 0.525 0.878333 0.071250 0.196667 10 0.762207 0.254375 0.497222 0.158125 0.181111 2 0.73877 0.244063 0.682778 0.049375 0.103333 3 0.729492 0.73 0.627778 0.063750 0.106667 10 0.710449 0.383125 0.439167 0.125000 0.150000 10 0.544922 0.491875 0.336389 0.080000 0.100556 0 0.533203 0.313438 0.803333 0.039375 0.113333 1 0.505859 0.220313 0.803889 0.034375 0.098889 10 0.470703 0.7 0.443056 0.067500 0.170000 2 0.394287 0.468125 0.451667 0.032500 0.061667 3 0.329346 0.642656 0.403889 0.029687 0.057222 4 0.300781 0.961875 0.64 0.071250 0.125556 0 0.295898 0.294062 0.539028 0.034375 0.075278 1 0.225464 0.38875 0.550556 0.025000 0.057778 0 0.180664 0.939375 0.681111 0.046250 0.084444 0 0.153076 0.89875 0.561111 0.045000 0.082222 10 0.141724 0.201406 0.445 0.118438 0.143333 1 0.11438 0.75125 0.473889 0.020000 0.057778 0 0.089478 0.138594 0.642222 0.036250 0.064444 2 0.083618 0.78875 0.461111 0.030000 0.056667 10 0.063049 0.074531 0.849444 0.149062 0.301111 5 0.016525 0.525 0.369444 0.032500 0.057778 4 0.014389 0.098984 0.703333 0.101719 0.115556 3 0.011467 0.525 0.368889 0.032500 0.060000 3 0.011375 0.097734 0.685556 0.094687 0.093333 9 0.009636 0.098613 0.695556 0.095586 0.104444 12 0.009018 0.625625 0.348056 0.027500 0.063333 0 0.005535 0.468125 0.446111 0.030000 0.067778 1 0.004467 0.72375 0.773333 0.040000 0.093333 5 0.00433 0.098672 0.692222 0.095937 0.106667 2 0.00425 0.333125 0.356111 0.020000 0.038889 3 0.003622 0.008877 0.261389 0.017305 0.036111 2 0.003565 0.99375 0.661111 0.012500 0.091111 0 0.003511 0.02627 0.728333 0.045820 0.076667 10 0.003483 0.71 0.216806 0.026250 0.066389 2 0.003429 0.991875 0.638889 0.016250 0.104444 1 0.003416 0.735 0.791111 0.055000 0.111111 11 0.003052 0.625625 0.348889 0.026250 0.062222 0 0.002653 0.202461 0.474722 0.113828 0.202778 3 0.002462 0.565938 0.228889 0.015625 0.042222 1 0.002388 0.768125 0.461111 0.016250 0.053333 0 0.002378 0.72375 0.78 0.040000 0.095556 0 0.00235 0.8075 0.437778 0.025000 0.057778 12 0.002323 0.314687 0.805 0.058750 0.126667 1 0.002132 0.743125 0.425833 0.020000 0.047778 1 0.002115 0.38 0.572778 0.025000 0.062222 2 0.002068 0.994687 0.928889 0.010625 0.132222 1 0.002058 0.390625 0.552222 0.038750 0.066667 0 0.001957 0.958125 0.631111 0.081250 0.153333 1 0.001741 0.227031 0.803333 0.062813 0.111111 12 0.001642 0.010342 0.056649 0.020488 0.088090 0 0.001611 0.94625 0.668889 0.057500 0.090000 2 0.001574 0.97 0.647778 0.057500 0.111111 1 0.001525 0.72 0.766667 0.026250 0.086667 0 0.001513 0.908125 0.573195 0.035000 0.075833 6 0.001478 0.491875 0.2275 0.025625 0.063889 3 0.001455 0.012666 0.891667 0.025098 0.216667 3 0.00145 0.61375 0.218889 0.012500 0.027222 0 0.001444 0.005986 0.654444 0.011973 0.077778 1 0.001427 0.745 0.806667 0.041250 0.088889 9 0.001341 0.961875 0.633333 0.075000 0.133333 11 0.001249 0.9625 0.628889 0.075000 0.155556 2 0.001206 0.9875 0.085278 0.025000 0.056667 1 0.001124 0.748125 0.474167 0.033750 0.073333 1 0.001099 0.133516 0.711111 0.029844 0.068889 3 0.001032 0.583125 0.156667 0.013750 0.022500 2 0.001017 0.9875 0.595556 0.025000 0.150000
CCTV01^20260318-110000-20260318-120000_000069,3 0.820801 0.524687 0.878889 0.073750 0.197778 10 0.78125 0.8125 0.797778 0.163750 0.404444 3 0.754883 0.70625 0.666667 0.052500 0.122222 10 0.730957 0.346953 0.427778 0.123594 0.143333 10 0.600098 0.452812 0.377778 0.095000 0.117778 10 0.596191 0.189531 0.64 0.185938 0.295556 2 0.57959 0.338672 0.506111 0.038906 0.071111 2 0.476562 0.299062 0.605556 0.041875 0.077778 3 0.44751 0.755 0.594444 0.057500 0.082222 5 0.430176 0.350938 0.61 0.073125 0.111111 4 0.397949 0.968438 0.658889 0.063125 0.135556 0 0.390381 0.8975 0.69 0.045000 0.097778 1 0.346924 0.2925 0.66 0.035000 0.073333 9 0.339844 0.350938 0.61 0.073750 0.113333 11 0.267334 0.7 0.435833 0.047500 0.086667 9 0.23938 0.203398 0.768889 0.132578 0.180000 3 0.19873 0.8775 0.781667 0.070000 0.132222 10 0.188965 0.2 0.445556 0.116875 0.148889 0 0.144653 0.865625 0.54875 0.031250 0.066944 11 0.099487 0.203594 0.768889 0.134375 0.175556 0 0.097717 0.928125 0.666667 0.038750 0.100000 4 0.06781 0.200664 0.766111 0.129297 0.164444 7 0.056641 0.202031 0.764444 0.132500 0.168889 9 0.053009 0.7 0.435556 0.050000 0.087778 0 0.05127 0.404687 0.470556 0.029375 0.071111 10 0.05014 0.517813 0.303333 0.051875 0.092222 10 0.041931 0.75875 0.350556 0.052500 0.113333 0 0.024887 0.315 0.55875 0.028125 0.058056 0 0.018829 0.304063 0.513889 0.031875 0.060000 0 0.018478 0.825 0.497778 0.031250 0.065556 0 0.016159 0.098984 0.891667 0.045938 0.097778 10 0.012238 0.072188 0.683333 0.143750 0.248889 1 0.009483 0.63375 0.412222 0.017500 0.050556 0 0.009453 0.313281 0.546111 0.028437 0.057778 0 0.007725 0.629375 0.805 0.027500 0.080000 0 0.006313 0.076875 0.656528 0.152188 0.311389 3 0.004101 0.241563 0.496111 0.052500 0.054444 1 0.003099 0.295938 0.965556 0.034375 0.067778 9 0.002779 0.372188 0.429722 0.065625 0.088889 1 0.002493 0.61125 0.423889 0.018750 0.051111 11 0.002306 0.968125 0.640556 0.063750 0.195556 3 0.00214 0.975 0.597778 0.050000 0.187778 0 0.0021 0.2775 0.513889 0.021875 0.055556 3 0.00205 0.009341 0.261736 0.017959 0.037639 2 0.002003 0.995313 0.917778 0.009375 0.155556 11 0.001904 0.279687 0.383889 0.049375 0.060000 7 0.001741 0.7 0.435278 0.048750 0.087778 1 0.001741 0.628125 0.416667 0.027500 0.056667 0 0.001472 0.88125 0.488889 0.028750 0.063333 3 0.001245 0.004609 0.874445 0.009150 0.166667 11 0.001235 0.335313 0.468611 0.053125 0.067222 1 0.001206 0.485 0.43 0.033125 0.050000 3 0.001206 0.333672 0.469444 0.055156 0.062222 10 0.001161 0.97 0.633472 0.060000 0.217500 0 0.00109 0.88 0.557222 0.040000 0.090000 2 0.001048 0.975 0.597778 0.050000 0.187778 0 0.001037 0.082969 0.586111 0.162500 0.227778
CCTV01^20260318-110000-20260318-120000_000073,3 0.811523 0.525 0.878889 0.073750 0.195556 10 0.740234 0.105469 0.718889 0.210313 0.311111 10 0.73584 0.37375 0.525556 0.136250 0.204444 0 0.624512 0.32125 0.792778 0.037500 0.097778 6 0.616699 0.87125 0.600556 0.132500 0.274444 1 0.484375 0.136641 0.803333 0.042344 0.082222 3 0.470703 0.258906 0.695556 0.077188 0.115556 1 0.416748 0.775 0.657778 0.032500 0.081111 0 0.297363 0.331172 0.853889 0.028906 0.083333 10 0.294189 0.463438 0.37 0.091875 0.116667 9 0.29248 0.345625 0.464167 0.130625 0.160556 2 0.282959 0.805625 0.487222 0.032500 0.061111 4 0.237915 0.69875 0.444722 0.037500 0.073889 10 0.208862 0.87125 0.603333 0.137500 0.282222 1 0.183594 0.260781 0.627222 0.029687 0.048889 1 0.174438 0.202969 0.72 0.030938 0.071111 6 0.15918 0.24125 0.870278 0.129375 0.259444 0 0.158691 0.364375 0.908889 0.042500 0.106667 9 0.126831 0.24125 0.870556 0.129063 0.258889 7 0.099792 0.241563 0.870556 0.129375 0.258889 0 0.090759 0.31625 0.721111 0.033750 0.062222 1 0.090393 0.665 0.45 0.020000 0.056667 11 0.072388 0.240469 0.870556 0.129688 0.258889 10 0.06488 0.344688 0.471111 0.128125 0.171111 1 0.046204 0.7775 0.656111 0.052500 0.088889 10 0.033081 0.198437 0.447778 0.111250 0.151667 1 0.024048 0.316719 0.721111 0.035937 0.068889 1 0.020493 0.27125 0.556111 0.030000 0.058889 9 0.02002 0.99375 0.763333 0.012500 0.171111 0 0.019501 0.9475 0.683333 0.037500 0.091111 3 0.01799 0.009629 0.262153 0.018555 0.034583 9 0.0149 0.99 0.761111 0.020000 0.197778 10 0.014061 0.247969 0.495833 0.143438 0.180556 0 0.012726 0.31125 0.693333 0.031875 0.068889 3 0.011688 0.005508 0.923889 0.010781 0.152222 1 0.011551 0.74 0.472778 0.020000 0.054444 0 0.010292 0.200664 0.478333 0.098672 0.190000 3 0.009087 0.9925 0.768333 0.015000 0.197778 0 0.008156 0.247813 0.493889 0.142500 0.182222 10 0.006851 0.855 0.880556 0.157500 0.238889 3 0.006489 0.012051 0.926111 0.024102 0.147778 1 0.006004 0.310313 0.69 0.031250 0.065556 2 0.005775 0.994375 0.754444 0.011250 0.157778 10 0.0056 0.380313 0.383889 0.096250 0.104444 6 0.004925 0.990625 0.748333 0.018750 0.184444 3 0.004829 0.75 0.379167 0.031250 0.059444 10 0.00433 0.99 0.783333 0.020000 0.278889 0 0.004116 0.76 0.475278 0.025000 0.052778 0 0.00407 0.993125 0.766667 0.013750 0.180000 1 0.002726 0.31375 0.705556 0.035625 0.075556 1 0.002234 0.35875 0.836111 0.026250 0.082222 4 0.002068 0.785625 0.404722 0.031250 0.051667 2 0.001926 0.78625 0.446389 0.030000 0.055556 11 0.001636 0.539375 0.251111 0.041250 0.112778 1 0.001623 0.509375 0.425278 0.015625 0.043889 2 0.001467 0.995 0.936389 0.010000 0.127222 0 0.001309 0.77125 0.476667 0.022500 0.054444 0 0.001285 0.370937 0.921111 0.062500 0.114444 10 0.001206 0.98 0.633333 0.040000 0.153333 0 0.001169 0.308281 0.717778 0.035937 0.068889 0 0.001143 0.9 0.478333 0.032500 0.068889 1 0.001086 0.75375 0.965556 0.045000 0.064444 0 0.001017 0.321562 0.831111 0.030625 0.075556
CCTV01^20260318-110000-20260318-120000_000077,7 0.902832 0.92625 0.741667 0.082500 0.127778 3 0.800781 0.524687 0.88 0.073125 0.200000 3 0.754883 0.756875 0.617778 0.053750 0.126667 2 0.649414 0.984375 0.872222 0.031250 0.117778 0 0.647949 0.318438 0.802778 0.046875 0.120000 3 0.631836 0.695 0.531667 0.045000 0.081111 1 0.616699 0.90375 0.836667 0.035000 0.112222 2 0.488281 0.97625 0.672222 0.047500 0.088889 10 0.457031 0.124297 0.826111 0.232969 0.347778 9 0.424316 0.82875 0.738889 0.110000 0.182222 0 0.401611 0.303594 0.713333 0.037187 0.093333 4 0.346924 0.82875 0.738889 0.105000 0.182222 1 0.327637 0.770625 0.54 0.023750 0.061111 3 0.259766 0.98625 0.949722 0.027500 0.100556 1 0.23938 0.889375 0.96 0.035000 0.077778 1 0.230957 0.74375 0.477778 0.025000 0.057222 10 0.225464 0.23375 0.631667 0.228750 0.264444 6 0.188354 0.442188 0.45 0.089375 0.107778 10 0.134766 0.203437 0.441667 0.113437 0.145556 2 0.077209 0.9825 0.78 0.035000 0.117778 10 0.067078 0.388125 0.437222 0.120000 0.158889 10 0.051849 0.441875 0.449167 0.091250 0.106111 9 0.048676 0.441875 0.449444 0.091250 0.107778 4 0.047943 0.053164 0.631667 0.038672 0.074444 9 0.047241 0.389062 0.435833 0.120000 0.158333 11 0.027588 0.82875 0.737778 0.112500 0.186667 0 0.023605 0.88 0.512222 0.035000 0.075556 0 0.018906 0.788125 0.406944 0.023750 0.055556 0 0.014618 0.86125 0.525 0.027500 0.054444 0 0.012054 0.386875 0.4375 0.120000 0.159444 3 0.010094 0.140156 0.59 0.065938 0.060000 3 0.009598 0.00915 0.261389 0.017734 0.037778 1 0.009598 0.905 0.838889 0.060000 0.120000 10 0.008064 0.985625 0.626667 0.028750 0.175556 2 0.006691 0.99125 0.765556 0.017500 0.151111 4 0.00634 0.985 0.893889 0.030000 0.212222 0 0.006145 0.876875 0.498333 0.033750 0.078889 3 0.005775 0.5225 0.377778 0.030000 0.052778 0 0.005554 0.201875 0.446389 0.111250 0.153889 12 0.005001 0.318438 0.802778 0.046875 0.123333 3 0.004467 0.626563 0.262153 0.017500 0.035694 0 0.003593 0.208125 0.629861 0.166250 0.249167 2 0.002958 0.368125 0.553333 0.035000 0.055556 0 0.00214 0.828125 0.735556 0.113750 0.204444 2 0.002132 0.479375 0.368333 0.042500 0.048889 0 0.002068 0.279531 0.471111 0.144687 0.175556 2 0.001875 0.37 0.576667 0.035000 0.053333 3 0.001761 0.9825 0.933889 0.035000 0.122222 2 0.001714 0.995 0.735556 0.010000 0.112222 0 0.0017 0.36 0.596667 0.026250 0.053333 1 0.001561 0.766875 0.545694 0.032500 0.075278 3 0.001421 0.479375 0.371111 0.043750 0.046667 0 0.001255 0.8575 0.531111 0.025000 0.044444 6 0.001211 0.985 0.843333 0.030000 0.268889 12 0.001206 0.303438 0.712222 0.039375 0.095556 12 0.001124 0.9775 0.896667 0.045000 0.206667 3 0.001048 0.60375 0.132917 0.012500 0.021667 0 0.001008 0.43625 0.405 0.088750 0.130000
CCTV01^20260318-110000-20260318-120000_000081,3 0.854004 0.77125 0.881667 0.070000 0.173333 12 0.822266 0.81625 0.721111 0.070000 0.184444 10 0.81543 0.226094 0.708889 0.187188 0.386667 3 0.803223 0.524375 0.877778 0.073750 0.200000 7 0.663574 0.347813 0.927778 0.084375 0.142222 0 0.598145 0.278281 0.92 0.063438 0.126667 3 0.548828 0.305 0.747778 0.066250 0.116667 0 0.533203 0.91875 0.736667 0.050000 0.104444 1 0.420654 0.743125 0.680556 0.028750 0.085556 3 0.411133 0.106387 0.893333 0.109102 0.186667 10 0.323486 0.214727 0.433333 0.119922 0.148889 12 0.213379 0.347578 0.927778 0.084844 0.142222 9 0.15918 0.485 0.429722 0.098750 0.145556 3 0.158691 0.84875 0.64 0.056250 0.122222 5 0.158203 0.85 0.642222 0.053750 0.115556 4 0.150024 0.024219 0.91 0.048281 0.151111 3 0.14856 0.169688 0.957222 0.081875 0.085556 10 0.147583 0.484375 0.43 0.098750 0.143889 9 0.147095 0.390625 0.464444 0.118125 0.154444 0 0.100891 0.9025 0.543472 0.037500 0.073056 9 0.094666 0.352812 0.419444 0.119375 0.140000 3 0.086914 0.02375 0.914445 0.047422 0.164444 6 0.075317 0.045625 0.708889 0.080938 0.128889 0 0.063232 0.87 0.516111 0.025000 0.063333 2 0.053192 0.36375 0.56875 0.055625 0.098056 2 0.032227 0.04543 0.711111 0.077422 0.123333 9 0.020798 0.17 0.628333 0.197813 0.257778 3 0.018127 0.99375 0.843333 0.012500 0.186667 9 0.017517 0.024492 0.912222 0.048750 0.175556 0 0.017181 0.267188 0.487778 0.029375 0.058889 10 0.016403 0.389375 0.467778 0.115000 0.160000 10 0.012527 0.024727 0.911111 0.049375 0.177778 3 0.009483 0.009346 0.261597 0.018145 0.039028 9 0.008743 0.631875 0.269444 0.030000 0.073333 1 0.007431 0.74625 0.68 0.055000 0.102222 3 0.006744 0.99 0.846111 0.020000 0.206667 4 0.005707 0.76375 0.404444 0.035000 0.074444 10 0.004398 0.165977 0.626111 0.203047 0.254444 0 0.004364 0.215625 0.435278 0.123750 0.148333 2 0.003855 0.99375 0.795556 0.012500 0.144444 0 0.00378 0.326562 0.59 0.033125 0.064444 4 0.002737 0.055391 0.623889 0.041094 0.076667 0 0.002714 0.36125 0.569861 0.046875 0.095833 0 0.002058 0.45625 0.433056 0.077500 0.156111 10 0.001942 0.99 0.850556 0.020000 0.298889 10 0.001846 0.445625 0.374444 0.095000 0.111111 3 0.001782 0.989375 0.793333 0.021250 0.160000 0 0.00149 0.44625 0.373889 0.093750 0.111111 3 0.001432 0.009985 0.884444 0.019619 0.144444 2 0.00132 0.484375 0.485833 0.030000 0.037778 9 0.001279 0.445625 0.373333 0.092500 0.106111 2 0.001216 0.994375 0.938333 0.011250 0.123333 11 0.001192 0.99 0.800556 0.020000 0.281111 0 0.001099 0.490625 0.353333 0.081250 0.099444 2 0.001032 0.619375 0.169722 0.011250 0.020000
CCTV01^20260318-110000-20260318-120000_000085,3 0.795898 0.524687 0.878889 0.072500 0.196667 2 0.779785 0.092793 0.802222 0.052852 0.113333 10 0.684082 0.36875 0.484167 0.142500 0.169444 0 0.647949 0.264062 0.893333 0.050000 0.091111 10 0.635254 0.240938 0.681667 0.177500 0.360000 2 0.631836 0.017617 0.862222 0.035156 0.131111 0 0.613281 0.7875 0.658889 0.040000 0.094444 3 0.604004 0.83125 0.933333 0.072500 0.133333 1 0.581543 0.8425 0.785 0.037500 0.092222 0 0.509766 0.345 0.911111 0.054375 0.097778 2 0.494141 0.6975 0.477778 0.030000 0.063333 2 0.476562 0.099453 0.722778 0.051719 0.090000 12 0.476562 0.301406 0.814444 0.085938 0.126667 3 0.428223 0.178711 0.937222 0.079453 0.125556 3 0.388672 0.101875 0.931111 0.092656 0.133333 10 0.338135 0.489375 0.428889 0.087500 0.151111 0 0.264404 0.015059 0.668889 0.030117 0.073333 0 0.228149 0.006445 0.737222 0.012852 0.082222 2 0.176147 0.98625 0.908889 0.027500 0.177778 0 0.115967 0.839375 0.495 0.027500 0.066667 10 0.07135 0.24375 0.418056 0.131250 0.140556 12 0.061432 0.985 0.908333 0.030000 0.182222 3 0.050903 0.305313 0.73 0.062500 0.080000 3 0.041138 0.98625 0.916389 0.027500 0.167222 4 0.034241 0.054844 0.630556 0.042969 0.066667 3 0.028763 0.277813 0.965556 0.103125 0.068889 0 0.022461 0.9875 0.917778 0.025000 0.155556 0 0.01799 0.378125 0.967778 0.053750 0.055556 0 0.016098 0.011611 0.956111 0.023223 0.087778 7 0.015076 0.300625 0.812222 0.085000 0.123333 1 0.0112 0.2075 0.575 0.027500 0.060000 2 0.010818 0.147813 0.763333 0.038125 0.102222 9 0.009598 0.98375 0.881111 0.032500 0.237778 0 0.009125 0.75125 0.451389 0.027500 0.055556 4 0.008812 0.76875 0.431111 0.035000 0.074444 1 0.007149 0.845625 0.785556 0.058750 0.104444 0 0.006744 0.055625 0.63 0.044141 0.066667 0 0.006512 0.2075 0.574444 0.027188 0.060000 10 0.005913 0.984375 0.858889 0.031250 0.282222 0 0.004608 0.097344 0.579444 0.021563 0.047778 2 0.004539 0.097656 0.58 0.020938 0.050000 6 0.00404 0.016035 0.894444 0.031914 0.204444 3 0.003796 0.008794 0.259167 0.017236 0.031667 0 0.003403 0.9925 0.957778 0.015000 0.084444 10 0.003197 0.387813 0.391667 0.109375 0.123333 1 0.002981 0.011777 0.957778 0.023320 0.084444 0 0.002834 0.80625 0.426667 0.026250 0.057778 0 0.002125 0.99375 0.649444 0.012500 0.096667 0 0.001987 0.388125 0.397222 0.110000 0.123333 5 0.001957 0.5475 0.153333 0.021250 0.036667 1 0.001912 0.37875 0.965556 0.053750 0.062222 3 0.001883 0.76875 0.431111 0.036250 0.076667 10 0.001867 0.009658 0.743333 0.019316 0.208889 0 0.001853 0.775 0.44 0.040000 0.061111 0 0.001775 0.7975 0.442222 0.022500 0.047778 0 0.001748 0.93875 0.627222 0.027500 0.068889 4 0.001727 0.148125 0.763333 0.038750 0.100000 2 0.001661 0.008325 0.953056 0.016436 0.093889 1 0.001579 0.79375 0.446389 0.018750 0.045000 2 0.001356 0.994375 0.852222 0.011250 0.146667 3 0.001305 0.148203 0.763889 0.036719 0.098889 1 0.001285 0.983125 0.896667 0.033750 0.152222 0 0.001099 0.334688 0.882778 0.035625 0.070000
CCTV01^20260318-110000-20260318-120000_000089,3 0.820801 0.524687 0.878333 0.073125 0.198889 10 0.690918 0.44875 0.403333 0.086250 0.118889 10 0.57373 0.287656 0.612222 0.172187 0.300000 12 0.517578 0.294688 0.793333 0.082500 0.102222 2 0.494141 0.805 0.468889 0.030000 0.071667 0 0.484375 0.85625 0.551667 0.030000 0.074444 3 0.480469 0.5 0.439444 0.037500 0.052222 0 0.472656 0.076016 0.842222 0.063281 0.115556 3 0.46875 0.207813 0.835556 0.071875 0.133333 3 0.379395 0.148906 0.708889 0.084063 0.100000 1 0.363037 0.167813 0.777778 0.031562 0.082222 2 0.361084 0.035352 0.728889 0.057656 0.106667 3 0.345215 0.455 0.477222 0.066250 0.060000 8 0.294189 0.87625 0.908889 0.070000 0.182222 1 0.281494 0.72625 0.543889 0.023750 0.068889 0 0.252441 0.889375 0.543194 0.031250 0.066944 1 0.219971 0.141094 0.825 0.032813 0.090000 0 0.184814 0.141406 0.824444 0.033125 0.092222 0 0.131226 0.75125 0.458056 0.025000 0.057778 3 0.120422 0.100078 0.961111 0.070000 0.077778 10 0.106689 0.291563 0.398056 0.142500 0.140556 0 0.096008 0.262813 0.891111 0.042500 0.080000 0 0.089111 0.903125 0.63 0.032500 0.071111 2 0.088501 0.87625 0.905 0.070000 0.176667 7 0.073425 0.875625 0.904444 0.068750 0.173333 0 0.06076 0.350625 0.9 0.048750 0.091111 9 0.060516 0.239844 0.546111 0.160313 0.212222 1 0.05127 0.079766 0.782222 0.035156 0.057778 3 0.045013 0.50875 0.403333 0.028750 0.038889 3 0.041779 0.3875 0.491111 0.054375 0.055556 0 0.040527 0.77125 0.44 0.020000 0.051111 7 0.037476 0.294063 0.793333 0.081875 0.102222 3 0.034088 0.305937 0.727778 0.061875 0.077778 10 0.02887 0.239414 0.545417 0.161172 0.209167 3 0.025955 0.009097 0.261389 0.017744 0.036111 2 0.024612 0.374375 0.403889 0.027500 0.053333 4 0.023865 0.320312 0.956389 0.056250 0.087222 1 0.023422 0.730625 0.543889 0.047500 0.077778 1 0.019714 0.983125 0.668889 0.033750 0.068889 2 0.0149 0.994063 0.938333 0.011875 0.123333 3 0.013428 0.240625 0.939444 0.111875 0.121111 0 0.012192 0.30375 0.873333 0.055625 0.097778 10 0.012009 0.72375 0.286389 0.035000 0.070000 0 0.009743 0.2425 0.865556 0.024375 0.064444 3 0.009453 0.5025 0.428056 0.036875 0.041667 1 0.008949 0.90375 0.626667 0.032500 0.077778 0 0.008316 0.92875 0.592222 0.032500 0.073333 0 0.007786 0.078906 0.784445 0.040469 0.062222 2 0.007519 0.98875 0.94 0.022500 0.120000 2 0.007175 0.395625 0.433889 0.030625 0.057778 12 0.00481 0.239063 0.941667 0.112500 0.116667 0 0.004719 0.17125 0.961111 0.057813 0.071111 11 0.004574 0.140078 0.616667 0.090469 0.141111 2 0.004101 0.346563 0.426111 0.030625 0.054444 0 0.003855 0.7425 0.455 0.030000 0.054444 3 0.003721 0.327813 0.956667 0.074375 0.086667 3 0.003429 0.203437 0.688333 0.042500 0.078889 3 0.003429 0.382188 0.948333 0.093750 0.103333 4 0.002958 0.304219 0.879444 0.057187 0.096667 0 0.00279 0.77 0.445 0.027500 0.071111 4 0.002541 0.381875 0.934445 0.102500 0.131111 0 0.001796 0.8925 0.555417 0.032500 0.071389 3 0.001755 0.225938 0.699444 0.089688 0.121111 0 0.001687 0.923125 0.608889 0.041250 0.095556 2 0.001513 0.995625 0.92 0.008750 0.135556 0 0.001416 0.77125 0.398889 0.017500 0.040000 2 0.001156 0.093672 0.58 0.024531 0.044444 2 0.001124 0.332188 0.449444 0.035000 0.037222 6 0.001048 0.133906 0.611111 0.067500 0.106667 0 0.001008 0.84875 0.470556 0.025000 0.056111
CCTV01^20260318-110000-20260318-120000_000126,10 0.868164 0.354297 0.451944 0.120156 0.163889 3 0.861328 0.524687 0.877778 0.070625 0.193333 3 0.825684 0.299062 0.605556 0.090000 0.077778 2 0.819824 0.936875 0.862222 0.070000 0.122222 2 0.808105 0.84875 0.4825 0.040000 0.081667 2 0.794434 0.3 0.650556 0.035000 0.087778 3 0.785156 0.21 0.861111 0.086875 0.153333 0 0.777344 0.305937 0.896111 0.043750 0.112222 0 0.767578 0.222188 0.691111 0.031562 0.080000 0 0.754883 0.7625 0.92 0.040000 0.107778 2 0.732422 0.317188 0.533889 0.035000 0.078889 0 0.72168 0.274687 0.506111 0.026875 0.061111 1 0.716797 0.263438 0.667778 0.021250 0.064444 1 0.713867 0.151562 0.801667 0.031250 0.087778 1 0.690918 0.192188 0.736111 0.026250 0.074444 0 0.682617 0.79625 0.548333 0.025000 0.070000 0 0.677246 0.39625 0.928889 0.036250 0.095556 1 0.67041 0.169727 0.713889 0.024922 0.067778 0 0.665527 0.189219 0.612222 0.028750 0.064444 0 0.57373 0.01665 0.870556 0.033184 0.116667 1 0.556641 0.6525 0.467222 0.021250 0.055556 0 0.544922 0.8525 0.594444 0.037500 0.082222 0 0.511719 0.37625 0.577222 0.026250 0.057778 1 0.44751 0.9425 0.686111 0.027500 0.073333 1 0.445557 0.9575 0.792778 0.042500 0.093333 0 0.383057 0.193438 0.560556 0.022188 0.047778 0 0.228149 0.82 0.472778 0.020000 0.060000 3 0.216064 0.7925 0.488056 0.035000 0.078333 4 0.191895 0.7925 0.4875 0.035000 0.080556 3 0.144165 0.145078 0.967778 0.086406 0.064444 0 0.139404 0.895625 0.5275 0.022500 0.059444 7 0.118408 0.791875 0.486389 0.036250 0.082222 1 0.097717 0.825 0.567778 0.017500 0.053333 0 0.093018 0.475938 0.398056 0.015625 0.056111 1 0.092346 0.7625 0.472778 0.017500 0.042222 1 0.091064 0.96375 0.805556 0.031250 0.072222 1 0.08728 0.925 0.965556 0.035000 0.064444 0 0.072083 0.005967 0.746667 0.011816 0.096667 0 0.064636 0.200625 0.547639 0.017813 0.042500 0 0.05127 0.261562 0.439444 0.021563 0.050000 6 0.041931 0.7675 0.385833 0.053750 0.100000 0 0.041473 0.073125 0.7 0.061250 0.084444 10 0.037323 0.67375 0.333889 0.050000 0.123333 0 0.030212 0.19875 0.535278 0.020000 0.040556 0 0.027374 0.16625 0.504444 0.025625 0.055556 0 0.026062 0.01248 0.86 0.024727 0.093333 1 0.025375 0.71625 0.959445 0.037500 0.067778 2 0.021286 0.166523 0.505556 0.026953 0.057778 0 0.021286 0.009526 0.747778 0.019053 0.111111 0 0.015305 0.97875 0.661667 0.036250 0.074444 1 0.014954 0.9775 0.662222 0.033750 0.073333 9 0.013901 0.073945 0.698889 0.061797 0.085556 5 0.012482 0.519375 0.338333 0.031250 0.051111 1 0.012192 0.397188 0.931111 0.042500 0.102222 7 0.012009 0.34875 0.380278 0.028750 0.050000 0 0.011032 0.941875 0.69 0.028750 0.075556 0 0.010406 0.225 0.462222 0.016875 0.041111 0 0.009819 0.769375 0.440833 0.021250 0.051111 1 0.007812 0.64875 0.4675 0.033750 0.062778 1 0.007576 0.400938 0.456667 0.017500 0.034444 0 0.006691 0.007993 0.701667 0.015986 0.082222 1 0.006615 0.225313 0.462778 0.016875 0.041111 2 0.006588 0.261562 0.438889 0.022187 0.048889 0 0.00605 0.94 0.592778 0.027500 0.062222 0 0.004963 0.9575 0.790556 0.042500 0.092222 0 0.004829 0.99 0.654444 0.020000 0.082222 1 0.00481 0.82875 0.564444 0.017500 0.051111 10 0.004646 0.010693 0.771667 0.021387 0.258889 1 0.004398 0.85375 0.638333 0.027500 0.058889 1 0.004299 0.209688 0.578889 0.016875 0.055556 2 0.00423 0.769375 0.440556 0.021250 0.050000 0 0.003622 0.99625 0.760556 0.007500 0.077778 1 0.003565 0.854375 0.67 0.031250 0.084444 2 0.003456 0.985 0.613333 0.030000 0.140000 0 0.003052 0.89875 0.58 0.025000 0.063333 1 0.00289 0.5075 0.383889 0.014375 0.034444 1 0.002693 0.176563 0.716111 0.030625 0.072222 1 0.002602 0.018516 0.888889 0.037031 0.096667 2 0.002571 0.99125 0.58 0.017500 0.124444 3 0.002306 0.006958 0.844444 0.013447 0.088889 1 0.00215 0.898125 0.577222 0.023750 0.060000 2 0.002132 0.519063 0.338889 0.030625 0.052778 1 0.002108 0.730625 0.439444 0.021250 0.046667 0 0.001942 0.199375 0.497778 0.019688 0.043333 0 0.001942 0.93375 0.586667 0.027500 0.062222 1 0.001912 0.494375 0.396111 0.013750 0.043333 1 0.001796 0.76125 0.461667 0.020000 0.056667 0 0.001782 0.178438 0.511389 0.021250 0.051667 0 0.001768 0.083984 0.686667 0.038750 0.066667 0 0.001714 0.875 0.504444 0.018750 0.048889 0 0.001707 0.045586 0.682778 0.027266 0.052222 1 0.0017 0.046523 0.724444 0.024766 0.056667 0 0.001636 0.20875 0.582222 0.015000 0.057778 0 0.001604 0.288438 0.442222 0.016875 0.042778 3 0.001567 0.008628 0.260833 0.017002 0.032222 1 0.001536 0.83 0.578333 0.017500 0.071111 0 0.001513 0.71 0.251667 0.013750 0.028889 0 0.001432 0.88 0.51 0.030000 0.053333 0 0.001432 0.025313 0.668889 0.028828 0.062222 1 0.001389 0.185312 0.731111 0.036250 0.080000 0 0.001378 0.1975 0.516667 0.018125 0.045556 1 0.001341 0.97 0.808889 0.047500 0.086667 0 0.001335 0.975 0.562778 0.041250 0.082222 0 0.001245 0.9125 0.528889 0.017500 0.052222 1 0.001206 0.74625 0.44 0.017500 0.045556 2 0.001121 0.025547 0.668333 0.030078 0.062222 3 0.001116 0.115605 0.962222 0.152227 0.075556 0 0.001107 0.895 0.521111 0.031250 0.067778 0 0.00109 0.184531 0.519167 0.018437 0.039444 0 0.001081 0.263438 0.661111 0.020000 0.064444 1 0.001048 0.484688 0.665556 0.018125 0.027778 1 0.001028 0.152266 0.817222 0.039219 0.078889 3 0.001024 0.318281 0.603333 0.053437 0.064444 2 0.001012 0.989375 0.637778 0.021250 0.097778
CCTV01^20260318-110000-20260318-120000_000130,6 0.916016 0.929375 0.805556 0.131250 0.317778 10 0.901855 0.213906 0.653333 0.163750 0.264444 3 0.855957 0.525 0.877778 0.071250 0.193333 2 0.809082 0.21 0.92 0.067500 0.128889 3 0.743164 0.442813 0.455833 0.047500 0.066667 2 0.740234 0.78875 0.931111 0.060000 0.130000 2 0.72168 0.848125 0.483333 0.041250 0.082222 3 0.71875 0.38625 0.570556 0.052500 0.072222 2 0.700684 0.112969 0.953333 0.060312 0.086667 1 0.692871 0.130391 0.838889 0.032344 0.086667 0 0.666992 0.270938 0.449444 0.026250 0.056667 0 0.658203 0.8025 0.576111 0.025000 0.073333 0 0.637207 0.285938 0.531944 0.025625 0.059444 2 0.581543 0.19375 0.537222 0.028750 0.064444 1 0.552734 0.726875 0.646667 0.026250 0.073333 3 0.542969 0.501875 0.404167 0.040000 0.055000 1 0.418701 0.8275 0.7 0.028750 0.082222 7 0.368408 0.23125 0.8 0.070625 0.140000 0 0.361084 0.246094 0.716111 0.029063 0.067778 10 0.303955 0.685 0.367778 0.057500 0.136667 10 0.297363 0.492813 0.34 0.075625 0.101667 0 0.225464 0.334063 0.396667 0.017500 0.045556 0 0.166138 0.20375 0.481111 0.016250 0.042222 0 0.15918 0.983125 0.694444 0.031250 0.075556 0 0.132935 0.39375 0.39 0.016875 0.038889 0 0.12085 0.366875 0.381111 0.025000 0.045556 1 0.111267 0.88125 0.641111 0.025000 0.058889 0 0.110474 0.795 0.53 0.025000 0.063333 0 0.108215 0.77375 0.4675 0.027500 0.060556 0 0.107788 0.165273 0.525556 0.023203 0.061111 0 0.069031 0.85 0.565 0.030000 0.065556 1 0.063477 0.6975 0.931111 0.027500 0.088889 1 0.05835 0.058984 0.771111 0.023594 0.075556 2 0.057709 0.74875 0.398333 0.022500 0.051111 8 0.039948 0.231563 0.798333 0.070000 0.143333 0 0.027588 0.33 0.4 0.025000 0.050000 0 0.026657 0.986875 0.705556 0.026250 0.060000 1 0.025757 0.120625 0.701111 0.019063 0.053333 0 0.02153 0.3625 0.391389 0.020000 0.045000 0 0.020569 0.226406 0.463611 0.018125 0.051667 1 0.018906 0.836875 0.560556 0.018750 0.056667 0 0.018341 0.235 0.479167 0.014375 0.037222 1 0.017044 0.72875 0.644444 0.045000 0.080000 0 0.015671 0.120234 0.702222 0.020313 0.056667 2 0.014282 0.165625 0.528889 0.024688 0.064444 1 0.013954 0.843125 0.565694 0.027500 0.066389 0 0.012672 0.815 0.497778 0.025000 0.061111 0 0.012291 0.088613 0.632222 0.019961 0.048889 0 0.010406 0.315313 0.405833 0.017500 0.043333 1 0.010208 0.82625 0.698889 0.045000 0.088889 1 0.0093 0.105078 0.653333 0.019219 0.044444 0 0.008949 0.229844 0.474167 0.019062 0.045000 1 0.008919 0.74375 0.728889 0.023750 0.082222 1 0.008614 0.85 0.566806 0.030000 0.073056 4 0.008614 0.07207 0.682222 0.041328 0.056667 0 0.007317 0.072344 0.682778 0.041250 0.056667 3 0.006985 0.009258 0.263333 0.017969 0.038333 3 0.006241 0.8525 0.563889 0.032500 0.072222 6 0.00573 0.67625 0.221806 0.027500 0.053889 1 0.004101 0.135859 0.841667 0.058281 0.104444 2 0.003197 0.006387 0.73 0.012656 0.084444 0 0.002758 0.995 0.722222 0.010000 0.075556 1 0.002531 0.109453 0.672222 0.020156 0.048889 1 0.002434 0.533125 0.36 0.015000 0.038889 1 0.002424 0.635 0.556111 0.025000 0.073333 1 0.002306 0.65875 0.440556 0.017500 0.047778 0 0.002028 0.804375 0.588889 0.033750 0.066667 0 0.00172 0.826875 0.704444 0.032500 0.084444 1 0.001567 0.84 0.577778 0.020000 0.057778 0 0.001507 0.77 0.413333 0.022500 0.046667 2 0.001472 0.770625 0.412222 0.022500 0.050000 0 0.001346 0.98 0.678333 0.038750 0.086667 3 0.001143 0.615625 0.109167 0.011250 0.022500 0 0.001099 0.025332 0.902778 0.028164 0.090000 3 0.00109 0.557187 0.153472 0.016875 0.031944
CCTV01^20260318-110000-20260318-120000_000134,2 0.86084 0.326172 0.822778 0.050156 0.118889 2 0.847168 0.32125 0.516667 0.038750 0.066667 10 0.801758 0.8175 0.601111 0.155000 0.282222 2 0.79834 0.274687 0.824445 0.046875 0.116667 3 0.796875 0.524687 0.877778 0.070625 0.194444 10 0.779785 0.4825 0.355 0.077500 0.108889 0 0.767578 0.185938 0.643333 0.040000 0.072222 0 0.759277 0.865 0.922222 0.045000 0.115556 2 0.753418 0.9025 0.575556 0.056250 0.108889 11 0.720215 0.409688 0.4925 0.087500 0.129444 0 0.71875 0.134844 0.651111 0.033125 0.073333 3 0.712402 0.159063 0.893333 0.084375 0.155556 4 0.697754 0.306875 0.716111 0.054375 0.113333 7 0.673828 0.307813 0.475 0.036875 0.070000 0 0.658203 0.37625 0.438889 0.020000 0.050000 0 0.416748 0.220469 0.517778 0.033750 0.057778 2 0.395996 0.785 0.439444 0.022500 0.047778 2 0.386719 0.288438 0.439444 0.022500 0.048889 0 0.363037 0.84375 0.512778 0.025000 0.055556 10 0.250244 0.05 0.870278 0.100000 0.259444 1 0.167236 0.09127 0.947222 0.029648 0.084444 0 0.090759 0.4225 0.962778 0.048750 0.065555 1 0.053192 0.281875 0.465278 0.017500 0.044444 0 0.038025 0.020786 0.713333 0.030225 0.073333 3 0.027908 0.62 0.208194 0.011875 0.023889 0 0.017242 0.28625 0.448333 0.022187 0.057778 10 0.014503 0.715 0.28 0.030000 0.067778 3 0.012337 0.322578 0.383333 0.051094 0.046667 0 0.0112 0.365938 0.884445 0.029375 0.097778 3 0.010208 0.009155 0.262222 0.017549 0.036111 0 0.008919 0.147031 0.593889 0.043437 0.068889 2 0.008919 0.148281 0.594444 0.043438 0.071111 1 0.007935 0.090605 0.907222 0.026602 0.087778 0 0.007637 0.414688 0.943889 0.036875 0.092222 4 0.007576 0.05207 0.634444 0.042109 0.071111 10 0.007259 0.543125 0.252708 0.037500 0.117917 0 0.006905 0.844375 0.482222 0.023750 0.055556 3 0.006168 0.55625 0.173056 0.015000 0.020556 0 0.006123 0.145 0.583333 0.030625 0.057778 0 0.005688 0.758125 0.403333 0.018750 0.045556 3 0.005405 0.99 0.727778 0.020000 0.122222 7 0.005081 0.25625 0.910556 0.148125 0.178889 5 0.004299 0.323203 0.383333 0.052344 0.047778 0 0.003855 0.283594 0.461389 0.020313 0.046111 0 0.003809 0.994687 0.933333 0.010625 0.126667 3 0.003593 0.541875 0.179722 0.018750 0.022222 6 0.003298 0.25625 0.909445 0.158750 0.181111 3 0.003172 0.99375 0.727778 0.012500 0.115556 2 0.002726 0.270781 0.425278 0.017500 0.040000 0 0.002512 0.061055 0.736667 0.025859 0.042222 0 0.002493 0.254375 0.438611 0.018750 0.048333 2 0.002253 0.09625 0.581111 0.027188 0.062222 3 0.001995 0.566563 0.227083 0.016250 0.047222 2 0.001611 0.995625 0.918889 0.008750 0.135556 0 0.001561 0.269688 0.425 0.017500 0.043333 10 0.001554 0.25625 0.908889 0.156250 0.182222 3 0.001335 0.55125 0.156111 0.020000 0.029444 3 0.001294 0.546875 0.120556 0.011875 0.017500 1 0.001245 0.093516 0.963333 0.040156 0.066667 0 0.001206 0.371875 0.901111 0.045625 0.077778 1 0.001161 0.6875 0.766667 0.022500 0.064444 3 0.001143 0.995 0.747778 0.010000 0.124444 0 0.001099 0.844375 0.522222 0.035000 0.075556 11 0.001086 0.542813 0.253056 0.033750 0.123333 1 0.00106 0.994063 0.944444 0.011875 0.111111 10 0.00104 0.98875 0.675556 0.022500 0.271111
CCTV01^20260318-110000-20260318-120000_000138,9 0.887207 0.30375 0.842778 0.096875 0.192222 3 0.836426 0.7825 0.78 0.067500 0.144444 3 0.830078 0.215781 0.784444 0.063438 0.111111 3 0.823242 0.524375 0.878889 0.071250 0.193333 0 0.794434 0.14125 0.732222 0.033125 0.084444 0 0.774414 0.223438 0.684444 0.036250 0.081111 0 0.773438 0.227188 0.573889 0.028125 0.071111 1 0.770508 0.283437 0.617778 0.030000 0.066667 0 0.741699 0.8525 0.639444 0.037500 0.080000 0 0.740234 0.88 0.712222 0.035000 0.093333 3 0.713867 0.713125 0.529444 0.046250 0.081111 2 0.677246 0.915 0.74 0.038750 0.100000 6 0.654785 0.405625 0.484722 0.108125 0.133889 1 0.624512 0.929375 0.824444 0.035000 0.091111 9 0.550781 0.814375 0.491111 0.060000 0.128889 10 0.544922 0.393437 0.421389 0.111250 0.143889 0 0.505859 0.960625 0.793333 0.043750 0.113333 0 0.466797 0.210625 0.529167 0.025938 0.060556 0 0.464844 0.98875 0.763889 0.022500 0.094444 1 0.437744 0.335 0.622222 0.027500 0.064444 3 0.294189 0.39125 0.57 0.046250 0.062222 10 0.275146 0.403438 0.485 0.107500 0.133333 0 0.26123 0.9 0.598333 0.040000 0.081111 0 0.188965 0.7875 0.443333 0.020000 0.051667 0 0.117188 0.017979 0.914445 0.035801 0.117778 0 0.099792 0.0071 0.828889 0.014199 0.075556 0 0.057281 0.191406 0.497778 0.021563 0.052778 3 0.054596 0.525625 0.364167 0.028750 0.043333 0 0.053589 0.313125 0.408889 0.019375 0.041667 0 0.046021 0.9125 0.560972 0.026250 0.064722 0 0.038757 0.104844 0.572222 0.023750 0.046667 0 0.028015 0.01123 0.827778 0.022461 0.084444 1 0.024338 0.665 0.436111 0.022500 0.055000 0 0.019867 0.254688 0.432222 0.021875 0.035556 1 0.017853 0.629375 0.356389 0.015000 0.041667 0 0.017181 0.116563 0.575556 0.030313 0.053333 0 0.014732 0.127188 0.966111 0.057813 0.060000 0 0.013954 0.123906 0.573333 0.025937 0.053333 0 0.013481 0.77 0.416111 0.017500 0.047778 0 0.012146 0.906875 0.58 0.035000 0.066667 0 0.009521 0.910625 0.548333 0.022500 0.064444 3 0.008156 0.71875 0.315833 0.022500 0.045556 1 0.007011 0.926875 0.803333 0.035000 0.093333 3 0.006851 0.01501 0.923889 0.029980 0.143333 0 0.006489 0.048047 0.665556 0.026406 0.056667 0 0.006363 0.224375 0.460833 0.015000 0.037778 0 0.005821 0.205313 0.518333 0.028125 0.053333 3 0.005642 0.009126 0.263264 0.017627 0.037917 1 0.005577 0.019219 0.913333 0.038438 0.108889 1 0.005363 0.295 0.953333 0.036250 0.058889 0 0.005219 0.139219 0.713889 0.027500 0.073333 0 0.004963 0.009839 0.892222 0.019424 0.100000 0 0.004906 0.059414 0.668333 0.028281 0.057778 0 0.004101 0.95375 0.769444 0.035000 0.075556 3 0.003593 0.471562 0.311111 0.021250 0.035556 2 0.003429 0.103438 0.572222 0.023750 0.048889 0 0.003286 0.292344 0.405278 0.017188 0.040000 0 0.003124 0.9925 0.786667 0.015000 0.115556 0 0.00304 0.005342 0.792222 0.010449 0.073333 0 0.002924 0.99125 0.717222 0.017500 0.130000 11 0.002779 0.5475 0.249444 0.033750 0.095556 0 0.002611 0.935 0.620556 0.025000 0.068889 0 0.00214 0.005674 0.746667 0.011133 0.088889 0 0.001897 0.755 0.433333 0.017500 0.048889 1 0.001846 0.95375 0.805556 0.037500 0.113333 0 0.001714 0.989375 0.677778 0.020000 0.088889 6 0.001574 0.0125 0.841667 0.025000 0.261111 0 0.001561 0.84375 0.483889 0.017500 0.058889 1 0.001536 0.279687 0.409167 0.017500 0.039444 0 0.001507 0.89375 0.586667 0.027500 0.064444 0 0.001484 0.93875 0.604445 0.025000 0.066667 0 0.001356 0.128906 0.567778 0.021250 0.046667 0 0.001325 0.785625 0.446667 0.030000 0.066667 0 0.00126 0.875 0.468611 0.022500 0.053333 0 0.001179 0.930625 0.595556 0.023750 0.070000 4 0.001069 0.755 0.381944 0.040000 0.061111 3 0.001057 0.62375 0.229306 0.018125 0.035833 1 0.001032 0.706875 0.751111 0.022500 0.076667
CCTV01^20260318-110000-20260318-120000_000142,3 0.861328 0.252031 0.777778 0.061562 0.111111 10 0.86084 0.344375 0.533889 0.130000 0.194444 2 0.829102 0.308437 0.756667 0.041250 0.102222 3 0.824219 0.524375 0.877222 0.070000 0.194444 3 0.788086 0.314375 0.682222 0.060000 0.088889 0 0.756348 0.177813 0.644444 0.030625 0.084444 0 0.753418 0.8175 0.603889 0.030000 0.088889 3 0.750488 0.87 0.677778 0.055000 0.120000 3 0.730957 0.89875 0.816111 0.105000 0.185556 0 0.697754 0.320937 0.842778 0.040000 0.110000 1 0.690918 0.72 0.571111 0.020000 0.062222 0 0.677246 0.323438 0.952222 0.064375 0.093333 1 0.666992 0.720625 0.664445 0.026250 0.084444 0 0.640625 0.89375 0.561111 0.030000 0.065556 0 0.637207 0.7875 0.469167 0.022500 0.057222 0 0.605957 0.8525 0.490278 0.027500 0.061667 0 0.474609 0.363125 0.392778 0.021250 0.042222 0 0.466797 0.299062 0.425 0.020625 0.048889 0 0.462891 0.98 0.652222 0.037500 0.084444 0 0.388672 0.26625 0.886667 0.040000 0.116667 2 0.386719 0.031699 0.74 0.062227 0.097778 3 0.37207 0.510625 0.397222 0.031250 0.043333 1 0.348633 0.80625 0.513056 0.020000 0.055000 0 0.187134 0.217031 0.955556 0.046563 0.082222 11 0.165649 0.449688 0.460556 0.059375 0.091111 0 0.150024 0.83 0.465 0.022500 0.054444 0 0.140381 0.012842 0.924444 0.025332 0.142222 7 0.113586 0.74625 0.866111 0.082500 0.267778 1 0.107056 0.42375 0.418333 0.016250 0.038889 0 0.107056 0.264375 0.859444 0.038125 0.116667 3 0.104858 0.479688 0.426111 0.034375 0.049444 10 0.092712 0.665 0.347222 0.040000 0.082778 0 0.072388 0.2425 0.457222 0.023750 0.047778 0 0.06488 0.393125 0.367778 0.021250 0.045556 12 0.053009 0.7475 0.883889 0.080000 0.224444 0 0.049774 0.33 0.401944 0.021875 0.046111 0 0.045013 0.75875 0.417778 0.022500 0.052222 9 0.041779 0.45 0.458889 0.060000 0.092222 4 0.0336 0.74875 0.866667 0.082500 0.264444 1 0.02298 0.81125 0.505833 0.020000 0.048333 0 0.018478 0.35625 0.366111 0.015000 0.034444 1 0.015717 0.824375 0.476111 0.018750 0.055556 3 0.013275 0.513438 0.405833 0.021875 0.048889 1 0.013222 0.7175 0.571111 0.031250 0.066667 1 0.013023 0.066797 0.670556 0.021406 0.060000 0 0.012825 0.171563 0.517778 0.021875 0.047778 0 0.011917 0.245312 0.444444 0.025625 0.056667 0 0.01107 0.8925 0.537917 0.027500 0.073056 0 0.009018 0.81 0.457778 0.012500 0.045556 1 0.007904 0.81125 0.455 0.012500 0.043333 0 0.007347 0.7425 0.371667 0.020000 0.052222 0 0.007317 0.127031 0.574444 0.025312 0.053333 0 0.007095 0.98625 0.638889 0.027500 0.091111 0 0.006878 0.89125 0.513056 0.025000 0.057222 3 0.005707 0.9875 0.618889 0.025000 0.088889 0 0.00528 0.841875 0.480556 0.037500 0.061111 0 0.005161 0.7375 0.402222 0.026250 0.083333 0 0.00452 0.249375 0.433611 0.021250 0.045556 0 0.004215 0.050586 0.676667 0.031641 0.062222 0 0.003416 0.060156 0.673333 0.034375 0.068889 0 0.003075 0.776875 0.415 0.016250 0.052222 2 0.003075 0.985 0.607222 0.030000 0.100000 3 0.002958 0.008848 0.261597 0.017246 0.034583 0 0.0028 0.31875 0.395 0.027500 0.046667 9 0.002602 0.7475 0.872222 0.080000 0.251111 2 0.00255 0.005057 0.812222 0.009846 0.146667 3 0.002287 0.012764 0.922222 0.025527 0.145556 0 0.002253 0.010469 0.89 0.020703 0.081111 0 0.002199 0.263125 0.827778 0.035625 0.068889 2 0.002003 0.009551 0.725 0.018652 0.125556 0 0.001949 0.135391 0.583889 0.021875 0.052222 0 0.001782 0.224844 0.461111 0.014063 0.040556 3 0.001611 0.004341 0.828333 0.008486 0.120000 0 0.001507 0.42625 0.417778 0.023750 0.042222 0 0.001455 0.78 0.406667 0.020000 0.051111 0 0.001305 0.75375 0.420556 0.025000 0.055556 0 0.001274 0.995 0.936667 0.010000 0.120000 0 0.001202 0.481563 0.3825 0.016875 0.036111 3 0.001161 0.600625 0.126111 0.011250 0.021111 6 0.001129 0.031563 0.756111 0.063125 0.151111 2 0.001107 0.61625 0.188333 0.008750 0.021111 0 0.001099 0.771875 0.419722 0.020000 0.049444 0 0.001024 0.376875 0.574444 0.025000 0.068889
CCTV01^20260318-110000-20260318-120000_000146,10 0.868652 0.156875 0.528056 0.095938 0.180556 7 0.837402 0.9575 0.933889 0.085000 0.132222 10 0.829102 0.432188 0.418333 0.083750 0.132778 2 0.818848 0.28 0.588889 0.038125 0.077778 5 0.809082 0.338438 0.607778 0.067500 0.106667 3 0.808105 0.524375 0.877778 0.070000 0.193333 0 0.804199 0.3525 0.882222 0.063125 0.113333 0 0.792969 0.36375 0.521111 0.022500 0.062222 0 0.786621 0.310625 0.519167 0.025000 0.066111 0 0.78125 0.886875 0.864444 0.043750 0.125556 3 0.778809 0.239688 0.687778 0.056250 0.093333 0 0.778809 0.122969 0.768889 0.047188 0.102222 4 0.770508 0.68375 0.51 0.037500 0.065556 3 0.766113 0.148594 0.853333 0.091563 0.141111 0 0.764648 0.062031 0.86 0.042188 0.100000 0 0.733887 0.236719 0.863333 0.042500 0.124444 0 0.708984 0.7975 0.508889 0.023750 0.062222 10 0.699219 0.6775 0.401111 0.055000 0.148889 1 0.699219 0.386875 0.511389 0.019375 0.052778 0 0.6875 0.821875 0.503889 0.022500 0.058889 0 0.656738 0.356562 0.42 0.021875 0.049444 2 0.65332 0.284531 0.436667 0.022500 0.050000 2 0.637207 0.323125 0.423333 0.025625 0.047778 0 0.577637 0.266563 0.458333 0.021563 0.053333 3 0.552734 0.465 0.466944 0.041250 0.057222 9 0.517578 0.297813 0.757778 0.065625 0.173333 1 0.5 0.770625 0.454167 0.018750 0.047778 3 0.44751 0.494063 0.426667 0.033125 0.048889 7 0.420654 0.297813 0.757778 0.065625 0.175556 1 0.373779 0.01668 0.871111 0.031875 0.073333 0 0.350342 0.89 0.583333 0.025000 0.063333 0 0.284668 0.891875 0.593889 0.033750 0.078889 1 0.258301 0.783125 0.571111 0.021250 0.064444 0 0.233765 0.34875 0.415278 0.017500 0.044444 0 0.208862 0.9775 0.844444 0.045000 0.097778 1 0.20813 0.706875 0.956667 0.030000 0.077778 0 0.187134 0.8225 0.463889 0.020000 0.043333 1 0.157715 0.60125 0.446111 0.016250 0.051111 1 0.154053 0.041953 0.927778 0.048125 0.097778 4 0.10968 0.95625 0.933889 0.087500 0.132222 0 0.107422 0.343125 0.410278 0.013750 0.040000 9 0.080383 0.97625 0.896667 0.047500 0.206667 4 0.068787 0.298594 0.759445 0.065937 0.176667 0 0.054596 0.04168 0.927778 0.045703 0.093333 0 0.039062 0.76875 0.407778 0.022500 0.051111 7 0.035828 0.97875 0.928889 0.042500 0.131111 1 0.031616 0.603438 0.430833 0.015625 0.038889 3 0.027908 0.63125 0.284444 0.018750 0.033333 0 0.026352 0.931875 0.587778 0.032500 0.064444 12 0.019562 0.98125 0.897778 0.037500 0.204444 0 0.017578 0.97625 0.886667 0.047500 0.186667 9 0.016724 0.963125 0.918333 0.072500 0.148889 1 0.016159 0.7675 0.455556 0.030000 0.046667 1 0.016098 0.012822 0.823333 0.025293 0.075556 0 0.014671 0.905 0.559861 0.018750 0.058056 1 0.01445 0.63 0.389167 0.015000 0.045556 1 0.011734 0.404375 0.568889 0.015625 0.044444 0 0.011734 0.236562 0.901111 0.041250 0.082222 0 0.011421 0.065391 0.792222 0.029375 0.075556 1 0.009895 0.895 0.603333 0.032500 0.075556 0 0.009781 0.011934 0.826111 0.023711 0.082222 2 0.009521 0.30125 0.384722 0.029375 0.046667 8 0.008125 0.955625 0.933333 0.088750 0.133333 3 0.008064 0.008818 0.26 0.017070 0.035000 1 0.008003 0.065156 0.793333 0.030156 0.077778 0 0.007549 0.92625 0.578889 0.033750 0.068889 0 0.007259 0.90875 0.550139 0.020000 0.053056 9 0.006878 0.5225 0.354722 0.038750 0.067222 1 0.006641 0.85625 0.538333 0.017500 0.058889 1 0.006027 0.605937 0.4025 0.013125 0.041111 1 0.005913 0.388438 0.520556 0.025000 0.063333 1 0.005512 0.022114 0.888889 0.037334 0.071111 0 0.004452 0.90125 0.57 0.022500 0.068889 2 0.004215 0.684375 0.513889 0.042500 0.074444 0 0.003929 0.04457 0.696667 0.040938 0.075556 0 0.003538 0.355 0.401111 0.021250 0.040000 1 0.003469 0.39125 0.506944 0.033750 0.056111 0 0.003456 0.383125 0.514722 0.023750 0.056111 1 0.003099 0.311563 0.420556 0.020000 0.043333 3 0.002958 0.619063 0.203056 0.011875 0.026667 0 0.002823 0.8975 0.611111 0.027500 0.062222 2 0.002653 0.007212 0.788889 0.014053 0.122222 0 0.002642 0.03543 0.702222 0.055391 0.080000 0 0.002512 0.308906 0.399444 0.021563 0.036667 1 0.002132 0.004048 0.926111 0.007666 0.093333 10 0.001727 0.010977 0.843333 0.021953 0.271111 1 0.001714 0.60375 0.442778 0.027500 0.056667 0 0.001694 0.0098 0.799444 0.019346 0.117778 0 0.001574 0.8225 0.483889 0.027500 0.065556 0 0.001525 0.8725 0.487778 0.022500 0.054444 0 0.001416 0.99625 0.762222 0.007500 0.068889 11 0.001356 0.5225 0.354722 0.038125 0.066111 6 0.001265 0.65125 0.169028 0.017500 0.034167 1 0.001188 0.774375 0.455 0.028750 0.053333 10 0.001143 0.5825 0.384444 0.021250 0.048889 1 0.001107 0.068906 0.888889 0.042656 0.084444 3 0.001032 0.556875 0.119861 0.010000 0.017500
CCTV01^20260318-110000-20260318-120000_000150,3 0.86084 0.524375 0.877778 0.070000 0.193333 10 0.835449 0.191602 0.45 0.088672 0.148889 0 0.819824 0.275938 0.552222 0.025625 0.070000 3 0.803223 0.73 0.638333 0.070000 0.116667 0 0.801758 0.296094 0.498611 0.020937 0.052778 3 0.799316 0.285625 0.643333 0.068750 0.086667 10 0.766113 0.8325 0.842778 0.151250 0.314444 3 0.763672 0.44 0.421111 0.041250 0.051111 3 0.763672 0.046953 0.938889 0.093906 0.111111 3 0.760742 0.899375 0.782222 0.086250 0.140000 0 0.751953 0.82 0.509444 0.023750 0.064444 0 0.704102 0.8625 0.561667 0.027500 0.071111 0 0.672363 0.223906 0.503333 0.025938 0.056667 0 0.665527 0.299219 0.448333 0.023750 0.056667 0 0.633301 0.95375 0.65 0.035000 0.077778 3 0.613281 0.484375 0.408889 0.036250 0.050000 0 0.571777 0.778125 0.456944 0.023750 0.055000 0 0.558105 0.270625 0.451667 0.021250 0.053333 10 0.550781 0.060313 0.748889 0.120625 0.271111 1 0.546875 0.68875 0.702222 0.025000 0.075556 0 0.527344 0.340625 0.405278 0.022500 0.050556 0 0.492188 0.91375 0.633333 0.032500 0.073333 0 0.484375 0.985625 0.673333 0.028750 0.084444 1 0.437744 0.718125 0.882222 0.031250 0.104444 1 0.345215 0.83 0.637778 0.025000 0.060000 0 0.32251 0.382812 0.402222 0.018750 0.045556 1 0.167725 0.67875 0.393889 0.015000 0.046667 1 0.129395 0.107031 0.752222 0.026250 0.077778 0 0.078918 0.818125 0.446111 0.018750 0.044444 1 0.046204 0.8925 0.542361 0.020000 0.055278 1 0.043854 0.520625 0.364444 0.015000 0.038889 0 0.029984 0.72 0.89 0.032500 0.100000 0 0.024796 0.92875 0.578889 0.032500 0.051111 4 0.021118 0.401563 0.379722 0.035625 0.049444 5 0.021118 0.042227 0.942222 0.083984 0.106667 3 0.016922 0.63125 0.289722 0.018750 0.036111 0 0.016785 0.103906 0.568889 0.023750 0.051111 0 0.016022 0.29625 0.486111 0.024688 0.043333 3 0.014671 0.319844 0.350833 0.021563 0.037222 0 0.014175 0.92375 0.574444 0.025000 0.044444 0 0.012924 0.78 0.413333 0.020000 0.043889 1 0.01049 0.69125 0.703889 0.038750 0.084444 0 0.010246 0.89125 0.544583 0.021250 0.055278 3 0.009636 0.40125 0.379722 0.037500 0.049444 0 0.008286 0.12125 0.570556 0.021406 0.053333 0 0.007374 0.5075 0.34 0.016875 0.041111 0 0.005844 0.87125 0.566667 0.040000 0.087778 0 0.004265 0.880625 0.515556 0.017500 0.050000 0 0.003944 0.815 0.495 0.031250 0.074444 0 0.003824 0.9375 0.586111 0.038750 0.057778 1 0.003136 0.71625 0.865556 0.022500 0.080000 1 0.002981 0.100234 0.962222 0.028125 0.062222 2 0.002693 0.3725 0.343889 0.020625 0.037778 0 0.002342 0.21375 0.502222 0.029063 0.058889 1 0.002287 0.508125 0.337778 0.016250 0.037778 1 0.002199 0.720625 0.904444 0.031250 0.082222 0 0.002132 0.25 0.436944 0.016250 0.043889 2 0.002003 0.122031 0.569444 0.020313 0.052222 2 0.001897 0.985 0.610556 0.028750 0.092222 0 0.001883 0.995 0.938889 0.010000 0.120000 2 0.001853 0.024727 0.915556 0.049453 0.101111 3 0.001782 0.008838 0.261736 0.017266 0.034306 1 0.001782 0.14875 0.573333 0.021875 0.060000 1 0.001748 0.4425 0.377222 0.021875 0.037222 0 0.001714 0.995 0.727778 0.010000 0.071111 1 0.001649 0.898125 0.551111 0.022500 0.057778 0 0.001561 0.88 0.528889 0.017500 0.064444 0 0.001543 0.132969 0.571111 0.022188 0.060000 0 0.001536 0.8775 0.581111 0.028750 0.066667 0 0.001356 0.263594 0.4425 0.028750 0.048333 0 0.0013 0.399375 0.382778 0.040000 0.050000 0 0.001294 0.755 0.380556 0.017500 0.044444 0 0.001235 0.88 0.503056 0.018750 0.052778 2 0.001206 0.013516 0.911111 0.026797 0.088889 2 0.001188 0.93625 0.585556 0.045000 0.058889
CCTV01^20260318-110000-20260318-120000_000154,10 0.904785 0.210313 0.433333 0.111563 0.140000 3 0.867188 0.525 0.877222 0.070000 0.192222 10 0.823242 0.376563 0.450556 0.127500 0.150000 0 0.792969 0.74 0.702222 0.030000 0.091111 0 0.792969 0.128438 0.722778 0.044375 0.083333 0 0.786621 0.2325 0.778889 0.040625 0.102222 0 0.775879 0.203437 0.633889 0.037500 0.070000 3 0.769043 0.39 0.553333 0.060625 0.075556 0 0.762207 0.32125 0.537778 0.023125 0.066667 0 0.753418 0.275313 0.868889 0.043125 0.120000 1 0.73877 0.149688 0.803333 0.036250 0.080000 0 0.733887 0.308594 0.684444 0.029687 0.086667 0 0.695801 0.275938 0.498333 0.029687 0.063333 0 0.675781 0.860625 0.508889 0.023750 0.061111 0 0.658203 0.86 0.635556 0.035000 0.080000 1 0.633301 0.47125 0.466667 0.018750 0.052222 0 0.594727 0.923125 0.672222 0.047500 0.102222 0 0.556641 0.6275 0.505556 0.026250 0.063333 0 0.542969 0.149453 0.912222 0.065469 0.146667 4 0.525391 0.26625 0.655556 0.077188 0.120000 7 0.445557 0.266563 0.655556 0.077187 0.120000 6 0.370117 0.8225 0.871667 0.115000 0.256667 1 0.32251 0.8975 0.538333 0.027500 0.052222 0 0.289307 0.359375 0.527222 0.020000 0.060000 0 0.284668 0.875 0.574444 0.022500 0.053333 0 0.275146 0.955625 0.646667 0.035000 0.073333 0 0.265869 0.192188 0.538333 0.029375 0.064444 0 0.264404 0.074609 0.668889 0.030781 0.080000 0 0.245117 0.98875 0.677778 0.022500 0.093333 1 0.23938 0.87625 0.885 0.023750 0.094444 1 0.201782 0.023223 0.723889 0.036602 0.065556 0 0.196167 0.177031 0.581667 0.036563 0.067778 1 0.162354 0.070781 0.705556 0.021094 0.051111 1 0.147583 0.69125 0.86 0.025000 0.091111 0 0.135742 0.021953 0.696667 0.040156 0.068889 2 0.104492 0.176836 0.581111 0.036953 0.066667 10 0.087891 0.8225 0.872222 0.115000 0.255556 0 0.069519 0.8725 0.507778 0.022500 0.056667 1 0.065369 0.8 0.477778 0.015000 0.055556 0 0.059875 0.89625 0.538889 0.027500 0.052222 1 0.050903 0.628125 0.503889 0.026250 0.065556 2 0.046387 0.509375 0.350556 0.023750 0.051111 0 0.039795 0.92875 0.584444 0.032500 0.060000 0 0.03891 0.090313 0.627778 0.022500 0.057778 0 0.036896 0.92 0.656667 0.037500 0.088889 1 0.035156 0.074141 0.681111 0.029219 0.086667 1 0.032104 0.124688 0.673333 0.020625 0.051111 0 0.025375 0.8775 0.503889 0.017500 0.048889 1 0.021774 0.031138 0.733333 0.035225 0.062222 0 0.016342 0.123438 0.584444 0.026719 0.053333 1 0.014732 0.4725 0.468333 0.033125 0.060000 0 0.013901 0.274375 0.433889 0.020625 0.043333 1 0.013535 0.87875 0.883333 0.045000 0.106667 0 0.010986 0.187812 0.548333 0.033750 0.056667 2 0.010612 0.1325 0.6 0.035000 0.057778 6 0.008987 0.93875 0.510556 0.055000 0.100000 0 0.008446 0.009375 0.678889 0.018691 0.062222 0 0.007755 0.8825 0.598889 0.022500 0.060000 0 0.007175 0.13375 0.601111 0.034062 0.057778 0 0.006691 0.274062 0.446667 0.023750 0.051111 0 0.006668 0.101719 0.57 0.025313 0.055556 1 0.00528 0.96875 0.697778 0.025000 0.062222 1 0.004574 0.077422 0.576667 0.019844 0.046667 10 0.00433 0.009883 0.635556 0.019766 0.090000 0 0.00433 0.9925 0.697778 0.015000 0.122222 1 0.00423 0.003711 0.858889 0.007266 0.093333 1 0.003944 0.741875 0.743333 0.025000 0.054444 10 0.003456 0.898125 0.811111 0.203750 0.377778 1 0.003248 0.995 0.949444 0.010000 0.101111 0 0.003172 0.253125 0.441944 0.022500 0.050556 4 0.00316 0.9375 0.511111 0.055000 0.100000 4 0.003136 0.051328 0.627222 0.036094 0.073333 0 0.003099 0.98125 0.683889 0.033750 0.083333 0 0.003075 0.84875 0.46 0.020000 0.048889 10 0.003052 0.9775 0.623889 0.045000 0.210000 0 0.002913 0.86625 0.613333 0.027500 0.087778 3 0.002846 0.009009 0.260833 0.017686 0.033333 0 0.002834 0.878125 0.566111 0.020000 0.052222 0 0.002737 0.86 0.495 0.026250 0.062222 10 0.002512 0.984375 0.681667 0.031250 0.216667 0 0.002434 0.929375 0.653333 0.041250 0.095556 1 0.002415 0.9575 0.655556 0.033750 0.080000 1 0.002342 0.8025 0.493889 0.017500 0.070000 3 0.002333 0.003713 0.872778 0.007368 0.101111 0 0.002115 0.995 0.938889 0.010000 0.106667 3 0.0021 0.608125 0.106389 0.011250 0.016944 3 0.001987 0.003838 0.848889 0.007510 0.097778 1 0.001942 0.748125 0.419444 0.013750 0.042222 0 0.001796 0.8 0.403889 0.025000 0.046667 1 0.001782 0.083203 0.573333 0.024844 0.052222 0 0.001585 0.99625 0.771111 0.007500 0.091111 1 0.001549 0.073047 0.701111 0.031406 0.062222 0 0.001421 0.004065 0.89 0.008130 0.133333 0 0.00141 0.965 0.658889 0.053750 0.111111 1 0.001341 0.935 0.698889 0.031250 0.067778 1 0.00132 0.017812 0.708889 0.034570 0.073333 0 0.001315 0.043555 0.685556 0.074141 0.114444 2 0.001309 0.123906 0.586667 0.028750 0.057778 0 0.001269 0.866875 0.588889 0.030000 0.053333 2 0.001265 0.93625 0.510556 0.055000 0.096667 0 0.001245 0.92125 0.631111 0.035000 0.082222 1 0.001197 0.2175 0.482778 0.016875 0.051111 0 0.001134 0.925625 0.668889 0.065000 0.131111 0 0.001116 0.010713 0.653333 0.021270 0.088889 2 0.001099 0.93375 0.588333 0.040000 0.065556 1 0.00109 0.835 0.736667 0.017500 0.046667 3 0.001081 0.556875 0.17375 0.019375 0.022222
CCTV01^20260318-110000-20260318-120000_000158,10 0.890137 0.208086 0.432222 0.108203 0.138889 3 0.889648 0.324453 0.587778 0.067344 0.075556 3 0.84082 0.198437 0.745556 0.088750 0.125556 0 0.823242 0.282188 0.544306 0.024375 0.069167 3 0.810547 0.525 0.876667 0.070000 0.193333 0 0.804199 0.23625 0.66 0.036250 0.084444 0 0.785156 0.89625 0.785556 0.045000 0.108889 0 0.78418 0.300938 0.764444 0.033750 0.095556 0 0.764648 0.296875 0.465 0.021250 0.054444 0 0.760742 0.31125 0.928889 0.056875 0.121111 0 0.759277 0.704375 0.788889 0.042500 0.106667 0 0.746094 0.8175 0.54 0.025000 0.066667 2 0.730957 0.796875 0.466944 0.027500 0.055556 0 0.715332 0.246563 0.518889 0.023125 0.064444 0 0.697754 0.82625 0.495556 0.022500 0.057778 1 0.684082 0.734375 0.635556 0.025000 0.076667 10 0.651367 0.065742 0.738889 0.131484 0.280000 0 0.548828 0.89375 0.573333 0.025000 0.070000 7 0.464844 0.801875 0.861667 0.071250 0.178889 1 0.445557 0.7875 0.763333 0.030000 0.086667 0 0.44165 0.298438 0.415278 0.021875 0.050000 1 0.343262 0.110469 0.756667 0.031563 0.082222 0 0.205566 0.928125 0.587778 0.032500 0.072222 4 0.201782 0.8025 0.860556 0.072500 0.185556 0 0.178345 0.110547 0.755556 0.030781 0.082222 0 0.174438 0.819375 0.530833 0.020000 0.053889 0 0.134277 0.78625 0.427222 0.016250 0.043889 0 0.133911 0.270938 0.428611 0.024375 0.053889 2 0.081238 0.775 0.405 0.020000 0.044444 1 0.063721 0.65125 0.438611 0.017500 0.047778 10 0.049225 0.135312 0.905 0.270625 0.190000 0 0.046387 0.390313 0.374167 0.018750 0.038333 7 0.03125 0.01127 0.824444 0.022227 0.082222 1 0.028656 0.406875 0.403889 0.015000 0.042222 0 0.026962 0.38875 0.963333 0.043750 0.057778 1 0.022797 0.784375 0.526111 0.018750 0.055556 1 0.02002 0.128438 0.744444 0.021875 0.075556 0 0.018982 0.148281 0.718889 0.026563 0.075556 10 0.018906 0.540625 0.260556 0.037500 0.124444 0 0.015129 0.112266 0.705556 0.025000 0.060000 1 0.013023 0.112031 0.705556 0.024687 0.057778 2 0.012238 0.110937 0.705 0.025625 0.060000 1 0.012146 0.7375 0.638889 0.047500 0.088889 1 0.01078 0.1325 0.735556 0.022812 0.071111 3 0.01033 0.534688 0.348056 0.026875 0.044444 0 0.01033 0.294062 0.421111 0.025000 0.055556 0 0.008446 0.82375 0.505 0.030000 0.057778 3 0.007404 0.009224 0.261597 0.017725 0.035694 10 0.007175 0.01209 0.807222 0.024180 0.385556 0 0.007095 0.933125 0.596667 0.033750 0.073333 4 0.006641 0.01043 0.823333 0.020625 0.084444 1 0.005619 0.69375 0.882222 0.025000 0.082222 1 0.0051 0.67375 0.358333 0.013750 0.042222 0 0.004944 0.819375 0.537222 0.036250 0.076667 0 0.00433 0.260625 0.435556 0.018750 0.043333 10 0.004135 0.540625 0.279167 0.035000 0.077222 0 0.004025 0.9175 0.616111 0.035000 0.077778 0 0.003147 0.368125 0.356389 0.016875 0.037222 1 0.002958 0.117031 0.722222 0.021875 0.074444 0 0.002935 0.80125 0.857222 0.067500 0.170000 0 0.002611 0.890625 0.588889 0.030000 0.066667 3 0.002216 0.61375 0.130278 0.011250 0.021111 0 0.002125 0.995 0.938333 0.010000 0.118889 3 0.00202 0.750625 0.348056 0.027500 0.055556 0 0.001897 0.13 0.569444 0.030937 0.072222 3 0.001789 0.6025 0.134444 0.007500 0.015833 4 0.001782 0.534375 0.346667 0.026250 0.048889 1 0.001629 0.1375 0.728889 0.031250 0.084444 3 0.001611 0.555625 0.119444 0.010000 0.017778 0 0.001597 0.93 0.573333 0.035000 0.066667 0 0.001597 0.123594 0.573333 0.025937 0.062222 0 0.001525 0.44875 0.362222 0.020625 0.043333 0 0.00145 0.788125 0.766667 0.042500 0.094444 0 0.00133 0.845 0.492778 0.010000 0.051111 0 0.00132 0.859375 0.522778 0.022500 0.055556 0 0.001305 0.8525 0.521389 0.017500 0.049444 1 0.001294 0.9675 0.606667 0.023750 0.062222 0 0.001265 0.99625 0.757222 0.007500 0.081111 0 0.001197 0.82625 0.471111 0.020000 0.055556 0 0.001095 0.1375 0.568889 0.023750 0.070000 0 0.001053 0.39 0.943333 0.043750 0.082222 0 0.001017 0.99625 0.854445 0.007500 0.100000 1 0.001012 0.12625 0.633333 0.019844 0.047778
CCTV01^20260318-110000-20260318-120000_000162,10 0.895508 0.207461 0.429444 0.108203 0.127778 2 0.873047 0.85 0.491667 0.046250 0.085556 3 0.872559 0.525313 0.878333 0.070000 0.192222 3 0.852051 0.257812 0.845556 0.068750 0.128889 9 0.831055 0.29125 0.663333 0.051250 0.135556 10 0.829102 0.153203 0.576111 0.153594 0.216667 0 0.806641 0.80625 0.854445 0.037500 0.122222 0 0.794434 0.7675 0.851111 0.040000 0.126667 0 0.788086 0.89375 0.737778 0.047500 0.102222 2 0.769043 0.925625 0.721111 0.048750 0.100000 0 0.712402 0.335625 0.470278 0.020000 0.048333 10 0.708984 0.03916 0.749444 0.078320 0.296667 0 0.70752 0.309688 0.894444 0.047500 0.122222 0 0.694336 0.815 0.506389 0.022500 0.059444 0 0.677246 0.83875 0.928889 0.046250 0.117778 1 0.673828 0.344375 0.561111 0.023750 0.048889 5 0.672363 0.675 0.444444 0.040000 0.084444 0 0.67041 0.84875 0.641111 0.031250 0.082222 1 0.663574 0.77875 0.563889 0.022500 0.056667 0 0.519531 0.326875 0.427778 0.018750 0.046667 0 0.513672 0.33125 0.384722 0.017500 0.043333 0 0.496094 0.894375 0.568889 0.023750 0.062222 0 0.46875 0.87375 0.582222 0.030000 0.060000 1 0.466797 0.33375 0.626111 0.025000 0.065556 1 0.390381 0.301719 0.603333 0.020000 0.057778 0 0.388672 0.798125 0.479444 0.018750 0.054444 0 0.357666 0.289687 0.427222 0.018125 0.050000 0 0.282959 0.791875 0.446667 0.018750 0.048889 0 0.236572 0.8875 0.577222 0.030000 0.066667 0 0.144165 0.9275 0.583889 0.032500 0.065556 0 0.129395 0.335 0.523333 0.028750 0.061111 0 0.124207 0.78 0.419167 0.017500 0.047778 1 0.112 0.290938 0.453889 0.016875 0.048889 4 0.093994 0.291563 0.663333 0.049688 0.131111 1 0.086914 0.185313 0.936111 0.034375 0.098889 0 0.070801 0.300625 0.611111 0.025000 0.064444 1 0.030914 0.336875 0.644444 0.018750 0.066667 9 0.025177 0.041055 0.823333 0.082109 0.155556 0 0.015488 0.8775 0.592222 0.032500 0.066667 1 0.012337 0.34875 0.4325 0.012500 0.042778 0 0.0121 0.76125 0.442222 0.017500 0.047778 0 0.011917 0.83375 0.509167 0.035000 0.063889 0 0.011734 0.85 0.4925 0.045000 0.085000 0 0.00927 0.290938 0.627222 0.038125 0.067778 0 0.008812 0.92375 0.597778 0.035000 0.068889 1 0.007095 0.780625 0.564444 0.033750 0.063333 3 0.006462 0.008936 0.261944 0.017402 0.036667 1 0.005959 0.78125 0.505833 0.017500 0.053889 1 0.004608 0.66625 0.3475 0.012500 0.040000 1 0.002684 0.069141 0.671111 0.028906 0.053333 0 0.002132 0.79375 0.450556 0.027500 0.052222 0 0.002125 0.93125 0.595556 0.035000 0.075556 1 0.002035 0.38 0.364167 0.013750 0.035000 1 0.001803 0.060859 0.652222 0.032969 0.064444 1 0.001714 0.062852 0.666667 0.029063 0.055556 1 0.001694 0.96875 0.605556 0.022500 0.057778 1 0.001649 0.635625 0.468333 0.016250 0.053333 0 0.001636 0.304375 0.861111 0.033750 0.068889 0 0.001579 0.89 0.711111 0.028750 0.060000 1 0.001561 0.763125 0.434444 0.016250 0.048889 2 0.001513 0.37 0.346667 0.018750 0.038889 0 0.00149 0.86875 0.567778 0.026250 0.065556 1 0.00149 0.337813 0.541667 0.030000 0.057778 0 0.001467 0.290469 0.664445 0.058125 0.144444 0 0.001255 0.9075 0.736667 0.098750 0.144444 0 0.001245 0.29375 0.61 0.031875 0.057778 0 0.001057 0.7925 0.483889 0.020000 0.067222
CCTV01^20260318-110000-20260318-120000_000166,5 0.863281 0.6775 0.555 0.055000 0.114444 3 0.849121 0.524687 0.877778 0.070625 0.193333 2 0.847168 0.8625 0.555 0.040000 0.100000 5 0.84082 0.735625 0.722778 0.071250 0.161111 2 0.82666 0.770625 0.874445 0.053750 0.144444 10 0.811523 0.20875 0.501667 0.127500 0.164444 3 0.789062 0.40125 0.506667 0.055625 0.074444 3 0.789062 0.323438 0.492222 0.045000 0.062778 0 0.773438 0.309063 0.896667 0.050625 0.110000 0 0.733887 0.366875 0.451667 0.020000 0.053333 0 0.733887 0.943125 0.705 0.033750 0.085556 1 0.726562 0.855 0.692222 0.028750 0.077778 10 0.682617 0.216719 0.706667 0.089688 0.302222 10 0.680664 0.035937 0.725 0.071875 0.285556 1 0.677246 0.103516 0.86 0.029531 0.086667 0 0.647949 0.910625 0.662222 0.037500 0.077778 0 0.615234 0.321875 0.439444 0.019375 0.046667 3 0.586914 0.6375 0.423611 0.031250 0.057778 0 0.583008 0.2625 0.94 0.048125 0.097778 10 0.560059 0.21 0.430556 0.108750 0.134444 0 0.554688 0.89375 0.571111 0.026250 0.068889 0 0.490234 0.825 0.4825 0.025000 0.057778 0 0.466797 0.153437 0.691667 0.031563 0.084444 0 0.451416 0.261563 0.574444 0.025000 0.060000 0 0.418701 0.79 0.428889 0.020000 0.050000 1 0.259766 0.298438 0.428333 0.017500 0.041111 0 0.221313 0.298594 0.429167 0.017812 0.042778 1 0.216064 0.863125 0.636667 0.031250 0.064444 10 0.205566 0.6725 0.332778 0.047500 0.115000 0 0.167236 0.8475 0.508889 0.020000 0.053333 1 0.112793 0.261875 0.575556 0.025000 0.060000 0 0.11084 0.77625 0.403333 0.018750 0.048889 0 0.105957 0.070469 0.644444 0.029687 0.060000 1 0.100891 0.96875 0.606667 0.025000 0.057778 0 0.088501 0.9275 0.581111 0.035000 0.064444 0 0.058777 0.85125 0.495278 0.017500 0.048889 0 0.032227 0.995 0.913333 0.010000 0.148889 0 0.030334 0.99375 0.942222 0.012500 0.104444 0 0.02655 0.43 0.368333 0.021250 0.042222 1 0.025955 0.85625 0.693333 0.047500 0.086667 0 0.025864 0.360625 0.366389 0.018750 0.039444 2 0.023331 0.110781 0.594444 0.044063 0.073333 1 0.019424 0.755 0.393889 0.015000 0.040556 1 0.016403 0.360938 0.367222 0.020000 0.041111 3 0.015671 0.98875 0.91 0.022500 0.166667 0 0.014229 0.78 0.412778 0.022500 0.058889 0 0.013374 0.81875 0.458889 0.017500 0.043889 0 0.011292 0.99625 0.892222 0.007500 0.120000 0 0.010902 0.84125 0.509444 0.027500 0.057778 3 0.008781 0.99125 0.94 0.017500 0.104444 1 0.008034 0.855 0.647778 0.025000 0.057778 3 0.007175 0.621875 0.290556 0.018750 0.041111 1 0.006439 0.9025 0.923333 0.040000 0.097778 1 0.005642 0.293438 0.46 0.020625 0.042222 1 0.005619 0.89875 0.9 0.037500 0.126667 0 0.005386 0.2925 0.460556 0.018750 0.040556 1 0.002758 0.99125 0.933889 0.017500 0.126667 10 0.002398 0.026563 0.693333 0.052969 0.220000 6 0.002068 0.9375 0.509444 0.055000 0.103333 0 0.002058 0.879375 0.553333 0.022500 0.076667 1 0.001839 0.298125 0.4175 0.016875 0.041111 0 0.001748 0.224844 0.559861 0.031562 0.066944 0 0.00172 0.99625 0.756111 0.007500 0.087778 0 0.001714 0.81375 0.471111 0.033750 0.061111 1 0.001714 0.90125 0.892778 0.057500 0.141111 0 0.001661 0.929375 0.566667 0.036250 0.060000 0 0.001636 0.055234 0.648889 0.040469 0.064444 11 0.001604 0.037422 0.786111 0.074766 0.172222 0 0.001597 0.81625 0.449444 0.015000 0.038889 0 0.001531 0.804375 0.463611 0.017500 0.051667 1 0.001467 0.106484 0.860556 0.055781 0.097778 3 0.001455 0.99375 0.951111 0.012500 0.097778 1 0.001444 0.895 0.872222 0.035000 0.097778 0 0.00141 0.99625 0.844444 0.007500 0.110000 0 0.001399 0.8775 0.496667 0.022500 0.061111 0 0.001367 0.303438 0.457778 0.015000 0.032222 0 0.001315 0.250781 0.564444 0.019375 0.055556 1 0.001285 0.293438 0.445 0.021875 0.046667 0 0.001078 0.0454 0.645556 0.032793 0.068889 0 0.001048 0.99625 0.731111 0.007500 0.095556 3 0.001044 0.106875 0.312778 0.023438 0.034444 0 0.001037 0.866875 0.557222 0.066250 0.121111
CCTV01^20260318-110000-20260318-120000_000170,10 0.874023 0.7425 0.481667 0.095000 0.196667 3 0.85791 0.524687 0.877778 0.069375 0.193333 10 0.850098 0.240469 0.464167 0.106875 0.155000 3 0.838867 0.231563 0.645 0.063750 0.085556 2 0.835449 0.319688 0.77 0.043750 0.113333 5 0.833496 0.204063 0.800556 0.079375 0.160000 10 0.824219 0.361563 0.3975 0.079375 0.125556 2 0.81543 0.325312 0.58 0.031250 0.077778 3 0.796875 0.400313 0.497778 0.053125 0.061111 3 0.792969 0.277969 0.655556 0.067188 0.100000 3 0.790527 0.46125 0.446667 0.038750 0.052778 3 0.786621 0.7675 0.928889 0.060000 0.133333 1 0.775879 0.353438 0.952778 0.030000 0.082222 0 0.767578 0.271406 0.762222 0.034063 0.100000 0 0.750488 0.873125 0.735556 0.038750 0.104444 1 0.71875 0.764375 0.747778 0.028750 0.091111 0 0.713867 0.29 0.578333 0.027500 0.066667 10 0.708984 0.207188 0.431667 0.100000 0.137778 0 0.699219 0.82125 0.501667 0.021250 0.062778 0 0.679199 0.272813 0.516111 0.028750 0.063333 1 0.672363 0.71875 0.593333 0.022500 0.063333 0 0.656738 0.93625 0.697778 0.035000 0.093333 1 0.65332 0.9125 0.743333 0.027500 0.082222 1 0.640625 0.66375 0.536111 0.020000 0.063333 0 0.640625 0.234063 0.542778 0.031250 0.058889 1 0.616699 0.3375 0.653889 0.021875 0.067778 0 0.615234 0.973125 0.814444 0.053750 0.106667 1 0.602051 0.655625 0.482778 0.018750 0.052778 0 0.552734 0.855 0.560556 0.027500 0.076667 0 0.539062 0.98125 0.719444 0.037500 0.088889 1 0.464844 0.80125 0.491389 0.015000 0.052222 1 0.44165 0.48875 0.409444 0.021250 0.037778 0 0.390381 0.91375 0.628333 0.040000 0.066667 0 0.327637 0.156406 0.631111 0.028125 0.070000 1 0.32251 0.442813 0.399167 0.016250 0.036111 0 0.300781 0.89625 0.576111 0.025000 0.065556 3 0.262939 0.52125 0.371111 0.031250 0.043333 10 0.24292 0.020391 0.681667 0.040781 0.285556 7 0.194336 0.010068 0.878889 0.019824 0.164444 0 0.15979 0.076602 0.648889 0.031484 0.062222 1 0.151978 0.6575 0.491667 0.020000 0.050556 0 0.149536 0.858125 0.492778 0.030000 0.055556 1 0.112427 0.69 0.803333 0.022500 0.082222 1 0.09436 0.475625 0.400556 0.018750 0.039444 1 0.090393 0.311563 0.452778 0.015000 0.044444 10 0.05014 0.7725 0.372778 0.053750 0.107778 2 0.042389 0.008804 0.876667 0.017588 0.162222 6 0.039642 0.7725 0.371667 0.052500 0.108889 0 0.025757 0.245937 0.505556 0.019375 0.048889 0 0.023071 0.00894 0.878889 0.017744 0.153333 0 0.019867 0.310625 0.450278 0.017500 0.041111 1 0.016281 0.597188 0.402222 0.017500 0.046667 1 0.015839 0.84375 0.606667 0.032500 0.066667 3 0.0149 0.112969 0.589445 0.050313 0.064444 1 0.014839 0.599375 0.42 0.015000 0.041111 0 0.013222 0.84125 0.602222 0.030000 0.064444 1 0.011551 0.46625 0.440556 0.035000 0.053333 2 0.011292 0.169531 0.512778 0.037812 0.065556 4 0.010696 0.007891 0.848889 0.015645 0.164444 0 0.009453 0.855625 0.476111 0.023750 0.056667 1 0.009453 0.065469 0.825556 0.025625 0.077778 1 0.008881 0.765 0.75 0.053750 0.102222 0 0.007904 0.92625 0.600556 0.040000 0.083333 1 0.007122 0.523438 0.402222 0.016875 0.037222 0 0.007122 0.260625 0.507222 0.041875 0.055556 0 0.006744 0.93125 0.588889 0.031250 0.066667 3 0.006691 0.009106 0.264722 0.017646 0.040000 1 0.006096 0.50625 0.401944 0.011250 0.032778 9 0.005981 0.010264 0.846667 0.020527 0.180000 1 0.005138 0.973125 0.608333 0.033750 0.058889 2 0.005039 0.99375 0.682222 0.012500 0.102222 1 0.005001 0.72 0.593333 0.037500 0.073333 3 0.004757 0.98 0.611667 0.040000 0.084444 1 0.004738 0.48125 0.401667 0.020000 0.044444 0 0.004539 0.99 0.702222 0.020000 0.120000 1 0.004467 0.323125 0.441389 0.015625 0.042222 0 0.004398 0.91875 0.586667 0.040000 0.082222 1 0.004314 0.491563 0.365 0.015625 0.040000 11 0.003914 0.019805 0.66125 0.039063 0.277500 10 0.003885 0.012285 0.885556 0.024570 0.228889 2 0.003223 0.995 0.928889 0.010000 0.115556 1 0.003172 0.919375 0.742222 0.058750 0.093333 1 0.003075 0.995 0.938889 0.010000 0.093333 1 0.002981 0.503125 0.407222 0.015000 0.036667 0 0.0028 0.923125 0.642222 0.036250 0.071111 3 0.002672 0.720625 0.292778 0.018750 0.032222 0 0.002571 0.99375 0.676111 0.012500 0.094444 0 0.002453 0.4925 0.365 0.015000 0.036667 10 0.002453 0.022148 0.743472 0.043984 0.441944 1 0.002415 0.881875 0.757778 0.036250 0.080000 1 0.002323 0.93875 0.716667 0.032500 0.075556 1 0.002115 0.66125 0.483333 0.035000 0.065556 0 0.001839 0.231406 0.531111 0.027813 0.061111 2 0.001661 0.9875 0.786111 0.025000 0.131111 1 0.001585 0.6575 0.53 0.030000 0.057778 0 0.001472 0.324297 0.431667 0.013906 0.044444 2 0.001472 0.980625 0.613333 0.037500 0.093333 1 0.001421 0.491875 0.389445 0.021250 0.042222 0 0.001161 0.985625 0.748889 0.028750 0.130000 10 0.001103 0.01292 0.802778 0.025840 0.236667 4 0.001081 0.984375 0.834445 0.031250 0.204444 0 0.001024 0.88375 0.734444 0.072500 0.122222 0 0.001008 0.916875 0.572222 0.022500 0.066667
CCTV01^20260318-110000-20260318-120000_000174,6 0.899902 0.828125 0.470833 0.073750 0.156111 10 0.865234 0.255 0.445278 0.118125 0.134444 3 0.853027 0.524375 0.877778 0.070000 0.195556 10 0.808105 0.187461 0.604445 0.181328 0.246667 3 0.78125 0.339687 0.576667 0.048750 0.077778 3 0.774414 0.276875 0.661111 0.070625 0.088889 2 0.762207 0.923125 0.791667 0.078750 0.112222 0 0.760742 0.248281 0.88 0.045938 0.122222 1 0.733887 0.3 0.732222 0.025000 0.075556 0 0.728027 0.035312 0.919444 0.048125 0.116667 0 0.720215 0.7675 0.604445 0.028750 0.077778 0 0.71875 0.9525 0.863333 0.042500 0.117778 0 0.705566 0.98375 0.735556 0.032500 0.097778 0 0.665527 0.290156 0.515 0.026875 0.062222 0 0.644043 0.355625 0.412778 0.019375 0.043333 0 0.629883 0.36875 0.456667 0.023750 0.056667 1 0.62793 0.40375 0.961667 0.037500 0.066667 0 0.620605 0.18875 0.875 0.041563 0.104444 3 0.616699 0.768125 0.46 0.031250 0.058333 0 0.616699 0.334375 0.520556 0.027500 0.060000 0 0.615234 0.324375 0.449444 0.024375 0.057778 1 0.550781 0.476875 0.456944 0.017500 0.050556 1 0.546875 0.76 0.748889 0.027500 0.084444 0 0.541016 0.74125 0.576667 0.027500 0.073333 10 0.537109 0.207344 0.433333 0.102188 0.143333 1 0.523438 0.294844 0.584444 0.021875 0.056667 0 0.517578 0.377187 0.424444 0.020000 0.048889 10 0.515625 0.02125 0.647778 0.042500 0.222222 1 0.509766 0.70875 0.822222 0.030000 0.102222 10 0.462891 0.06 0.822222 0.120000 0.306667 5 0.418701 0.4725 0.380833 0.037500 0.058333 1 0.383057 0.79375 0.529722 0.020000 0.058333 2 0.343262 0.489375 0.423333 0.022500 0.051111 1 0.315674 0.71375 0.554444 0.020000 0.062222 1 0.187744 0.741875 0.576111 0.026250 0.071111 2 0.167725 0.98875 0.926111 0.022500 0.147778 0 0.137085 0.89625 0.521944 0.025000 0.062778 0 0.134766 0.186562 0.843889 0.041562 0.090000 0 0.10968 0.9275 0.582778 0.035000 0.067778 0 0.089783 0.360938 0.369722 0.016250 0.040556 1 0.067322 0.97 0.606667 0.028750 0.060000 1 0.066101 0.595625 0.465 0.017500 0.042222 1 0.049591 0.590312 0.43 0.018125 0.043333 0 0.049042 0.94375 0.755556 0.037500 0.082222 0 0.045197 0.59625 0.465 0.017500 0.043333 1 0.030792 0.329688 0.868889 0.028750 0.097778 3 0.030212 0.52625 0.363056 0.028750 0.040556 4 0.029755 0.64 0.390556 0.027500 0.056667 3 0.025375 0.526875 0.327222 0.027500 0.036667 1 0.023956 0.765 0.753333 0.045000 0.097778 0 0.023865 0.43375 0.400833 0.022500 0.045000 0 0.021866 0.93875 0.741111 0.035000 0.082222 1 0.020966 0.4325 0.398333 0.022500 0.045000 3 0.020889 0.985625 0.938889 0.028750 0.122222 3 0.019943 0.009419 0.262778 0.018018 0.037222 1 0.019196 0.59125 0.439444 0.017500 0.045556 1 0.016403 0.9 0.572222 0.025000 0.057778 3 0.01622 0.505625 0.390833 0.033750 0.048889 0 0.014503 0.89875 0.578889 0.027500 0.070000 2 0.014336 0.526563 0.327778 0.027500 0.036111 0 0.013329 0.359375 0.418333 0.026250 0.048889 0 0.010208 0.76875 0.603889 0.042500 0.087778 0 0.009338 0.372188 0.441111 0.030000 0.062222 1 0.008286 0.478125 0.463056 0.023750 0.063889 0 0.007404 0.330938 0.508889 0.030000 0.065556 0 0.007404 0.075859 0.645 0.034688 0.065556 0 0.007095 0.9225 0.598333 0.037500 0.073333 1 0.005554 0.5975 0.416944 0.018125 0.045000 1 0.005344 0.189844 0.887222 0.039062 0.094444 0 0.005219 0.995 0.892222 0.010000 0.128889 0 0.003796 0.415 0.353333 0.020000 0.036667 1 0.003796 0.181562 0.806667 0.029375 0.071111 0 0.003593 0.76 0.411667 0.017500 0.044444 1 0.003483 0.74375 0.444444 0.015000 0.042222 1 0.003248 0.71875 0.560972 0.032500 0.069167 4 0.0028 0.9875 0.917778 0.025000 0.164444 0 0.002714 0.995625 0.831111 0.008750 0.117778 3 0.002512 0.995 0.812222 0.010000 0.111111 1 0.002481 0.18125 0.795556 0.023750 0.057778 1 0.002388 0.190313 0.908889 0.037500 0.073333 0 0.002378 0.9325 0.593889 0.037500 0.077778 1 0.002132 0.405937 0.974445 0.044375 0.050000 7 0.002035 0.64 0.392778 0.030000 0.061111 4 0.001897 0.975 0.91 0.050000 0.180000 3 0.00181 0.545625 0.381667 0.023750 0.040000 1 0.001789 0.596563 0.453889 0.023750 0.056667 1 0.001668 0.52375 0.411111 0.018750 0.040000 0 0.001629 0.9275 0.606667 0.032500 0.064444 1 0.001507 0.94 0.676667 0.022500 0.060000 0 0.001383 0.935 0.724444 0.032500 0.076667 0 0.001378 0.309375 0.454444 0.039375 0.062222 2 0.001367 0.77875 0.413889 0.020000 0.048889 0 0.001367 0.9225 0.567778 0.038750 0.062222 0 0.001335 0.88375 0.543194 0.027500 0.060278 0 0.001269 0.007383 0.911111 0.014512 0.120000 1 0.001211 0.286094 0.582222 0.037188 0.062222 10 0.001116 0.9825 0.921945 0.035000 0.156111 0 0.001053 0.904375 0.596667 0.031250 0.066667 3 0.001048 0.989375 0.823333 0.021250 0.131111
CCTV01^20260318-110000-20260318-120000_000178,6 0.925293 0.885 0.593333 0.112500 0.217778 10 0.892578 0.208125 0.432222 0.103125 0.136667 3 0.871582 0.524687 0.878333 0.070000 0.191111 2 0.854004 0.314687 0.804444 0.048750 0.117778 10 0.823242 0.367188 0.497778 0.127500 0.178889 2 0.820801 0.895 0.725556 0.060000 0.095556 2 0.809082 0.046367 0.818889 0.064531 0.115556 7 0.79834 0.100449 0.722222 0.117227 0.133333 3 0.794434 0.244688 0.771667 0.075000 0.114444 10 0.789062 0.043164 0.606806 0.086172 0.224167 0 0.78125 0.800625 0.626111 0.028750 0.084444 0 0.775879 0.274375 0.902222 0.050312 0.115556 0 0.764648 0.929375 0.823889 0.053750 0.118889 0 0.744629 0.8175 0.802222 0.037500 0.111111 0 0.741699 0.033633 0.916111 0.044375 0.116667 7 0.730957 0.77125 0.917222 0.063750 0.164444 4 0.725098 0.77125 0.916111 0.065000 0.163333 10 0.699219 0.308281 0.473611 0.109062 0.178333 10 0.694336 0.440938 0.368333 0.126250 0.112222 1 0.6875 0.155781 0.828889 0.034062 0.083333 1 0.642578 0.6475 0.441667 0.027500 0.045556 7 0.609375 0.246563 0.612222 0.116250 0.138889 3 0.609375 0.371875 0.598333 0.067500 0.071111 1 0.607422 0.81 0.735 0.035000 0.067778 0 0.602051 0.305 0.73 0.032500 0.080000 0 0.588867 0.245 0.685556 0.031875 0.068889 2 0.541016 0.7625 0.448889 0.026250 0.055556 9 0.430176 0.246563 0.610556 0.115000 0.136667 0 0.295898 0.344375 0.768889 0.027500 0.073333 1 0.281494 0.344375 0.77 0.026875 0.075556 3 0.270508 0.42625 0.399722 0.046250 0.048333 1 0.205566 0.600625 0.428056 0.019375 0.045556 0 0.158691 0.784375 0.426111 0.020000 0.051111 0 0.108215 0.204375 0.541667 0.029375 0.053333 1 0.073181 0.256719 0.96 0.029063 0.071111 1 0.051849 0.3575 0.957778 0.046250 0.077778 0 0.048126 0.308125 0.752778 0.038125 0.086667 1 0.047791 0.192813 0.948889 0.033125 0.082222 0 0.036072 0.150938 0.62 0.047188 0.076667 0 0.029877 0.076484 0.65 0.029531 0.057778 4 0.029419 0.245937 0.611111 0.114375 0.140000 4 0.028214 0.099922 0.721111 0.115469 0.140000 0 0.016586 0.9325 0.585556 0.032500 0.066667 0 0.010406 0.3575 0.958889 0.048125 0.072222 1 0.008316 0.96875 0.604445 0.026250 0.060000 2 0.008034 0.244375 0.507222 0.031875 0.067778 12 0.007637 0.092891 0.717778 0.099844 0.123333 3 0.007404 0.008965 0.259514 0.017344 0.036528 0 0.004868 0.83625 0.488056 0.017500 0.047222 0 0.004868 0.244063 0.507778 0.030625 0.066667 0 0.003914 0.294531 0.961667 0.035937 0.062222 2 0.003351 0.149688 0.614444 0.050000 0.080000 0 0.003172 0.198437 0.54 0.035625 0.062222 0 0.003147 0.100391 0.72 0.115000 0.140000 1 0.002714 0.7375 0.429444 0.017500 0.042222 1 0.002672 0.658125 0.582222 0.015000 0.051111 0 0.002512 0.8975 0.514444 0.020000 0.050000 0 0.002359 0.995 0.936111 0.010000 0.114444 0 0.00227 0.238125 0.677778 0.038437 0.051111 1 0.002253 0.75125 0.430278 0.025000 0.050556 1 0.001867 0.995 0.938889 0.010000 0.108889 1 0.001734 0.148281 0.621111 0.047187 0.073333 3 0.001649 0.599688 0.097917 0.020000 0.026111 0 0.001484 0.97 0.601111 0.027500 0.060000 0 0.00141 0.003677 0.937222 0.006953 0.107778 0 0.001405 0.202813 0.57 0.029375 0.064444 0 0.001394 0.200938 0.499444 0.028125 0.061111 0 0.001103 0.232813 0.468611 0.019688 0.037778 1 0.001024 0.370625 0.548333 0.020625 0.047778
CCTV01^20260318-110000-20260318-120000_000182,6 0.934082 0.932813 0.682222 0.134375 0.280000 10 0.914062 0.71 0.461111 0.085000 0.183333 10 0.893066 0.207852 0.432222 0.103047 0.140000 10 0.875 0.171875 0.79 0.178438 0.371111 3 0.865234 0.525 0.877778 0.068750 0.192222 2 0.825684 0.329297 0.608889 0.042656 0.082222 2 0.775879 0.34 0.54 0.061250 0.086667 0 0.774414 0.394375 0.911667 0.056250 0.123333 2 0.763672 0.41875 0.506667 0.032500 0.062222 4 0.753418 0.318906 0.741111 0.057188 0.135556 10 0.753418 0.064453 0.562083 0.128906 0.202500 0 0.744629 0.80875 0.554444 0.027500 0.078889 0 0.743164 0.859375 0.701667 0.038750 0.091111 0 0.726562 0.274062 0.528889 0.023125 0.063333 0 0.72168 0.33875 0.915556 0.048750 0.105556 3 0.689453 0.5 0.415278 0.034375 0.050000 0 0.6875 0.295625 0.542222 0.025312 0.057778 0 0.684082 0.135391 0.662778 0.038125 0.077778 0 0.65332 0.246563 0.597778 0.030000 0.068889 0 0.57959 0.905 0.738889 0.045000 0.105556 0 0.577637 0.291406 0.431667 0.022813 0.046667 0 0.542969 0.220625 0.591111 0.028437 0.053333 0 0.529297 0.2525 0.495556 0.026875 0.054444 1 0.525391 0.78625 0.503611 0.017500 0.052778 0 0.453369 0.355 0.565 0.024375 0.052222 0 0.424316 0.83875 0.629444 0.030000 0.064444 1 0.416748 0.279687 0.671111 0.021250 0.064444 0 0.355713 0.8075 0.479722 0.022500 0.057222 10 0.336426 0.41 0.346667 0.068750 0.107778 0 0.331055 0.83375 0.449444 0.025000 0.057778 0 0.329346 0.014053 0.928889 0.027910 0.133333 1 0.327637 0.7775 0.466667 0.015000 0.041111 10 0.273682 0.93375 0.683333 0.132500 0.275556 0 0.228149 0.297656 0.665556 0.035313 0.068889 0 0.226807 0.304063 0.5 0.021875 0.045556 0 0.212769 0.354375 0.486667 0.022500 0.041111 1 0.178955 0.769375 0.431667 0.018750 0.044444 2 0.169434 0.274375 0.410278 0.020313 0.048333 1 0.120422 0.189844 0.59 0.022812 0.053333 0 0.112 0.285625 0.668889 0.033125 0.064444 1 0.104492 0.303438 0.499444 0.021875 0.047778 2 0.095032 0.834375 0.450278 0.027500 0.059444 10 0.073975 0.513125 0.313889 0.055000 0.093333 0 0.054199 0.077109 0.654444 0.030469 0.057778 1 0.050323 0.256875 0.535 0.015625 0.047778 0 0.039337 0.184687 0.519444 0.025625 0.056667 6 0.030792 0.031523 0.855556 0.062891 0.275556 3 0.028763 0.013184 0.773333 0.026211 0.115556 0 0.023697 0.803125 0.431111 0.021250 0.043333 10 0.018982 0.032305 0.852222 0.064609 0.268889 0 0.018402 0.015098 0.956667 0.029570 0.080000 11 0.017853 0.031016 0.833333 0.062031 0.217778 0 0.017517 0.250625 0.453333 0.028125 0.050000 1 0.016586 0.7825 0.49 0.022500 0.060556 1 0.016586 0.00937 0.7 0.018584 0.080000 3 0.01519 0.025762 0.788889 0.051523 0.144444 0 0.015015 0.7875 0.504444 0.020000 0.056667 1 0.014061 0.078516 0.655556 0.032187 0.063333 4 0.013634 0.032188 0.815 0.064375 0.200000 1 0.010902 0.312188 0.951111 0.023750 0.086667 0 0.009636 0.8075 0.496667 0.025000 0.061111 0 0.009018 0.838125 0.593333 0.022500 0.057778 1 0.008446 0.253438 0.501667 0.024375 0.060000 1 0.008316 0.448438 0.365556 0.026875 0.049444 1 0.008217 0.250938 0.452778 0.026875 0.051111 3 0.007755 0.010254 0.758333 0.020273 0.090000 0 0.007374 0.008428 0.714445 0.016660 0.112222 1 0.006588 0.771875 0.441944 0.021250 0.056111 0 0.006123 0.359375 0.582222 0.021250 0.056667 0 0.00589 0.448125 0.362222 0.025000 0.046667 3 0.005798 0.009277 0.262778 0.017695 0.037222 2 0.005363 0.136563 0.571111 0.045313 0.074444 0 0.005322 0.3625 0.558333 0.018750 0.052222 1 0.00528 0.083105 0.663333 0.028789 0.066667 1 0.004539 0.8825 0.546806 0.025000 0.064167 0 0.004364 0.292188 0.409444 0.021875 0.051111 1 0.003679 0.7525 0.432222 0.015000 0.046667 1 0.003311 0.90625 0.746667 0.045000 0.093333 1 0.003273 0.88625 0.530556 0.030000 0.057778 0 0.00321 0.800625 0.412778 0.021250 0.052778 1 0.00316 0.058828 0.692222 0.023594 0.062222 3 0.002823 0.010586 0.713333 0.021172 0.108889 0 0.002693 0.325313 0.536806 0.035000 0.070833 4 0.002522 0.447188 0.318333 0.019375 0.038889 0 0.002306 0.190625 0.514444 0.029375 0.062222 1 0.002253 0.75625 0.435556 0.025000 0.052222 0 0.00215 0.37375 0.585 0.025000 0.046667 0 0.001883 0.88625 0.527778 0.027500 0.053333 2 0.001824 0.76875 0.370556 0.022500 0.044444 1 0.001768 0.75625 0.431111 0.015000 0.044444 1 0.001389 0.81125 0.606667 0.018750 0.057778 0 0.001378 0.00522 0.895556 0.010303 0.080000 3 0.001346 0.75625 0.298889 0.021250 0.036667 0 0.001169 0.995625 0.871111 0.008750 0.131111 0 0.001161 0.34875 0.955556 0.036250 0.062222 0 0.001116 0.444063 0.369167 0.024375 0.048889 2 0.001017 0.99 0.767778 0.020000 0.106667 0 0.001008 0.319531 0.542778 0.025312 0.071111 11 0.001008 0.024648 0.849445 0.049141 0.161111
CCTV01^20260318-110000-20260318-120000_000186,4 0.907227 0.317188 0.802778 0.066875 0.140000 2 0.891602 0.205781 0.684444 0.035937 0.091111 10 0.869629 0.207461 0.430556 0.102578 0.133333 10 0.868652 0.409688 0.449167 0.112500 0.153889 3 0.856934 0.524687 0.877222 0.069375 0.193333 10 0.85498 0.090137 0.527778 0.150664 0.187778 2 0.833496 0.23875 0.735556 0.046250 0.108889 0 0.790527 0.77625 0.556667 0.025000 0.074444 0 0.757812 0.232344 0.631111 0.028750 0.075556 0 0.729492 0.146797 0.702778 0.032656 0.076667 0 0.728027 0.262813 0.586667 0.026875 0.073333 1 0.728027 0.042354 0.897778 0.038105 0.110000 3 0.708984 0.141563 0.942222 0.079375 0.113333 0 0.690918 0.91625 0.672778 0.037500 0.082222 0 0.6875 0.191563 0.615556 0.036875 0.077778 0 0.6875 0.038008 0.756667 0.043984 0.097778 2 0.67041 0.8625 0.548333 0.028750 0.064444 10 0.635254 0.33375 0.465 0.123750 0.158889 1 0.618652 0.75 0.529722 0.018750 0.062778 0 0.588867 0.869375 0.643889 0.035000 0.085556 1 0.588867 0.2675 0.903889 0.033750 0.081111 0 0.496094 0.243125 0.546528 0.026875 0.062500 0 0.488281 0.053516 0.688889 0.039219 0.080000 1 0.466797 0.638125 0.468889 0.025000 0.052222 0 0.464844 0.7825 0.952222 0.045000 0.088889 1 0.397949 0.210625 0.565556 0.026250 0.051111 1 0.338135 0.495625 0.439167 0.015000 0.048333 2 0.334473 0.89 0.528889 0.028750 0.065556 0 0.275146 0.820625 0.533333 0.016250 0.058889 1 0.24939 0.009839 0.922222 0.019248 0.091111 3 0.222656 0.5175 0.374722 0.030000 0.043889 1 0.196167 0.461875 0.481111 0.017500 0.041111 0 0.174438 0.00856 0.921667 0.017080 0.096667 3 0.111267 0.658125 0.37 0.027500 0.051111 0 0.106323 0.005625 0.718333 0.011133 0.073333 4 0.093994 0.257969 0.827222 0.040625 0.101111 5 0.06781 0.98875 0.804444 0.022500 0.197778 0 0.064392 0.894375 0.593333 0.035000 0.073333 2 0.059418 0.288906 0.415556 0.019687 0.037778 0 0.055603 0.257344 0.826667 0.040625 0.102222 10 0.047089 0.9875 0.84 0.025000 0.320000 2 0.045013 0.98875 0.799444 0.022500 0.126667 3 0.044342 0.99 0.795556 0.020000 0.213333 1 0.036621 0.820625 0.532778 0.016250 0.060000 0 0.027481 0.894375 0.58 0.031250 0.055556 1 0.021286 0.7825 0.953333 0.045000 0.088889 0 0.016922 0.461563 0.475556 0.017500 0.047778 1 0.014557 0.7475 0.528333 0.030000 0.068889 1 0.014008 0.460625 0.471389 0.016250 0.050000 0 0.013847 0.89125 0.530556 0.030000 0.068889 2 0.011917 0.22875 0.491667 0.038125 0.064444 0 0.011826 0.93125 0.583333 0.030000 0.057778 1 0.010696 0.011426 0.603333 0.022695 0.060000 0 0.01033 0.241563 0.5025 0.021875 0.042778 0 0.00927 0.9875 0.656667 0.025000 0.075556 0 0.009163 0.00937 0.711111 0.018291 0.088889 0 0.008347 0.260938 0.511667 0.020000 0.046667 0 0.008095 0.900625 0.578889 0.023750 0.050000 1 0.007874 0.145469 0.571111 0.023906 0.068889 0 0.007786 0.82125 0.42 0.017500 0.043333 0 0.007488 0.078828 0.64 0.031875 0.050000 0 0.007347 0.990625 0.822778 0.018750 0.090000 1 0.007175 0.263125 0.512778 0.020625 0.045556 10 0.006771 0.744375 0.308333 0.055000 0.081111 10 0.004791 0.98 0.832222 0.040000 0.316667 10 0.004757 0.870313 0.798889 0.259375 0.402222 0 0.004593 0.004644 0.694444 0.008701 0.084444 0 0.0042 0.83875 0.456667 0.017500 0.044444 1 0.004101 0.07832 0.640556 0.032266 0.051111 10 0.003929 0.99 0.783889 0.020000 0.248889 10 0.003538 0.438125 0.323333 0.073750 0.098889 3 0.002115 0.393125 0.945 0.110625 0.110000 0 0.00209 0.995 0.690556 0.010000 0.082222 3 0.002043 0.004336 0.884445 0.008398 0.124444 2 0.002003 0.99375 0.757222 0.012500 0.158889 0 0.001649 0.321875 0.401111 0.019375 0.040000 1 0.001649 0.640625 0.472778 0.038750 0.060000 1 0.001611 0.8575 0.551111 0.032500 0.057778 0 0.001549 0.835 0.431111 0.018750 0.046667 1 0.001525 0.197813 0.539445 0.025625 0.054444 3 0.001444 0.00355 0.847778 0.006855 0.091111 10 0.001394 0.65 0.167083 0.020000 0.040833 0 0.001362 0.034102 0.735556 0.035156 0.075556 1 0.00133 0.77375 0.548889 0.027500 0.070000 1 0.001255 0.96125 0.651111 0.020000 0.057778 0 0.001206 0.137891 0.614444 0.026094 0.062222 4 0.001086 0.011563 0.920278 0.023047 0.159444 0 0.001078 0.90875 0.652778 0.076250 0.106667
CCTV01^20260318-110000-20260318-120000_000190,3 0.914062 0.330938 0.598889 0.060625 0.082222 10 0.891113 0.104082 0.518333 0.159023 0.185556 7 0.874023 0.34875 0.517222 0.037500 0.080000 10 0.868652 0.365625 0.396667 0.082500 0.130000 3 0.858887 0.524687 0.878889 0.070625 0.195556 10 0.855957 0.209102 0.430556 0.106172 0.134444 3 0.832031 0.260625 0.763333 0.074375 0.118889 0 0.775879 0.121406 0.718889 0.041875 0.095556 0 0.770508 0.220937 0.67 0.033750 0.075556 0 0.705566 0.279063 0.468889 0.024688 0.054444 2 0.694336 0.315 0.439444 0.025000 0.052222 0 0.684082 0.161914 0.677222 0.035547 0.083333 2 0.672363 0.95625 0.691111 0.051250 0.088889 1 0.662109 0.3175 0.492222 0.016875 0.044444 1 0.660156 0.266563 0.528333 0.021250 0.054444 0 0.57959 0.226562 0.509444 0.029375 0.058889 10 0.577637 0.452812 0.371667 0.086250 0.116667 1 0.546875 0.9025 0.737778 0.032500 0.088889 3 0.53125 0.492188 0.401389 0.041250 0.051111 0 0.492188 0.82 0.482778 0.023750 0.057778 0 0.435791 0.245469 0.938889 0.065625 0.107778 9 0.264404 0.768125 0.426111 0.048750 0.082222 0 0.162964 0.9225 0.644444 0.038750 0.084444 0 0.157104 0.91625 0.568333 0.040000 0.064444 1 0.125977 0.38875 0.536111 0.015000 0.041111 0 0.12085 0.381875 0.574444 0.031250 0.057778 2 0.113586 0.9225 0.643889 0.040000 0.087778 0 0.093994 0.81 0.461111 0.022500 0.060556 3 0.092712 0.745 0.376667 0.030000 0.043333 1 0.092712 0.64875 0.432222 0.021250 0.055000 0 0.08728 0.28625 0.43 0.016250 0.038889 0 0.065369 0.523125 0.418889 0.021250 0.048889 10 0.048859 0.063672 0.899444 0.127344 0.201111 0 0.046906 0.99375 0.703333 0.012500 0.071111 0 0.030212 0.304688 0.412778 0.018125 0.038889 0 0.022202 0.062812 0.766667 0.060938 0.086667 0 0.019714 0.045586 0.694444 0.035547 0.082222 0 0.017578 0.387812 0.537639 0.018750 0.044722 0 0.015129 0.005317 0.723333 0.010576 0.077778 1 0.013954 0.13 0.656111 0.017500 0.050000 0 0.012726 0.262031 0.434722 0.025312 0.046667 0 0.010246 0.240625 0.920556 0.060000 0.078889 1 0.008713 0.189063 0.887778 0.036875 0.106667 0 0.008675 0.230938 0.911111 0.040000 0.062222 0 0.008064 0.91875 0.588889 0.042500 0.080000 1 0.007965 0.062588 0.767222 0.061699 0.087778 3 0.007549 0.008867 0.261111 0.016973 0.032222 0 0.007431 0.290156 0.427222 0.021250 0.047778 2 0.007317 0.91625 0.568333 0.040000 0.068889 0 0.006771 0.006558 0.855556 0.013115 0.078889 4 0.00589 0.7675 0.427222 0.046250 0.078889 3 0.005161 0.620938 0.214722 0.013125 0.024722 0 0.004574 0.13875 0.615556 0.030000 0.055556 0 0.003975 0.82 0.482222 0.035000 0.065556 1 0.003914 0.92125 0.655556 0.032500 0.071111 3 0.003839 0.62375 0.246389 0.016250 0.030556 0 0.003708 0.8375 0.433056 0.022500 0.041667 0 0.003679 0.063437 0.688889 0.030703 0.068889 1 0.003429 0.315313 0.488056 0.025000 0.049444 2 0.003389 0.3075 0.419722 0.025625 0.052222 10 0.002981 0.755 0.315556 0.047500 0.079444 1 0.002867 0.161406 0.686667 0.032813 0.086667 1 0.00279 0.177031 0.718889 0.017813 0.037778 0 0.002611 0.04375 0.709444 0.029531 0.061111 0 0.002502 0.147813 0.562222 0.033750 0.074444 10 0.002234 0.533125 0.306389 0.048750 0.089444 0 0.002234 0.004849 0.703333 0.009414 0.088889 1 0.002132 0.265313 0.971667 0.037813 0.050000 0 0.002083 0.99125 0.697778 0.017500 0.086667 1 0.002043 0.639844 0.362778 0.015312 0.040000 0 0.001972 0.995313 0.928889 0.009375 0.126667 2 0.001883 0.330547 0.364722 0.022656 0.040000 0 0.0017 0.905 0.58 0.037500 0.066667 0 0.0017 0.99625 0.836667 0.007500 0.108889 0 0.001675 0.019238 0.705 0.026289 0.061111 0 0.001585 0.01293 0.854445 0.025781 0.084445 1 0.001561 0.09625 0.686667 0.031719 0.070000 0 0.001536 0.094141 0.686111 0.028125 0.073333 1 0.001467 0.072344 0.638889 0.040156 0.062222 3 0.001432 0.599688 0.106944 0.015625 0.021667 0 0.001427 0.99625 0.798333 0.007500 0.077778 1 0.001421 0.905625 0.739444 0.056250 0.103333 0 0.00123 0.011738 0.714445 0.022734 0.075556 3 0.001225 0.619375 0.151667 0.012500 0.024444 3 0.001225 0.621875 0.225417 0.015625 0.032500 3 0.001161 0.99625 0.792222 0.007500 0.075556 0 0.001124 0.92375 0.613889 0.037500 0.071111 0 0.00102 0.007925 0.636667 0.015811 0.055556
CCTV01^20260318-110000-20260318-120000_000194,10 0.892578 0.208594 0.428889 0.106563 0.131111 10 0.887207 0.180586 0.640139 0.150703 0.264167 10 0.878418 0.103125 0.52 0.159375 0.187778 3 0.853027 0.524375 0.877778 0.070000 0.193333 3 0.839844 0.798125 0.913333 0.081250 0.164444 10 0.835449 0.224414 0.777222 0.151172 0.351111 3 0.833496 0.7275 0.723333 0.060000 0.124444 0 0.795898 0.315625 0.507778 0.023125 0.063333 2 0.764648 0.269688 0.951111 0.055000 0.095556 0 0.749023 0.373437 0.923333 0.061250 0.135556 2 0.747559 0.366875 0.413611 0.025000 0.047778 0 0.747559 0.263438 0.493333 0.027500 0.060000 2 0.726562 0.84125 0.571667 0.046250 0.110000 3 0.708984 0.665 0.496389 0.037500 0.078333 0 0.675781 0.341875 0.462778 0.030625 0.052778 5 0.675781 0.78375 0.479167 0.040000 0.087778 0 0.668945 0.295 0.647222 0.024375 0.070000 0 0.65332 0.278594 0.593333 0.027812 0.060000 1 0.59082 0.74625 0.646667 0.025000 0.073333 1 0.550781 0.8425 0.661111 0.022500 0.065556 3 0.546875 0.905 0.719444 0.067500 0.120000 0 0.541016 0.380313 0.438333 0.021250 0.043333 1 0.46875 0.900625 0.632778 0.025000 0.064444 1 0.462891 0.327188 0.66 0.021250 0.064444 0 0.445557 0.97375 0.668889 0.040000 0.088889 1 0.432129 0.708125 0.485 0.017500 0.054444 1 0.373779 0.64875 0.428889 0.017500 0.048889 9 0.352295 0.795 0.665556 0.067500 0.157778 1 0.350342 0.43 0.483611 0.015000 0.037778 7 0.267334 0.350625 0.375556 0.032500 0.051111 0 0.243652 0.809375 0.461944 0.021250 0.051111 11 0.218628 0.795 0.663889 0.067500 0.156667 0 0.097717 0.327422 0.658889 0.021406 0.062222 3 0.097046 0.66125 0.373056 0.030000 0.058333 0 0.071838 0.995 0.897222 0.010000 0.124444 0 0.071594 0.80875 0.4425 0.022500 0.056667 0 0.05835 0.01041 0.700556 0.020820 0.072222 0 0.042084 0.9075 0.568889 0.020000 0.060000 1 0.036499 0.034023 0.768889 0.030234 0.084444 0 0.024612 0.023652 0.683333 0.036445 0.073333 0 0.016342 0.016914 0.696111 0.033594 0.081111 10 0.01445 0.75625 0.316111 0.045000 0.080000 1 0.013847 0.706875 0.485833 0.027500 0.058333 0 0.012482 0.93875 0.647778 0.022500 0.067778 3 0.0112 0.785625 0.478333 0.037500 0.087778 0 0.01078 0.840625 0.439444 0.017500 0.046667 1 0.010452 0.078633 0.645 0.031016 0.062222 2 0.01033 0.975 0.666667 0.040000 0.084444 0 0.009712 0.255 0.453333 0.016875 0.042222 0 0.007011 0.533125 0.416111 0.020625 0.055556 0 0.006462 0.99375 0.715556 0.012500 0.095556 3 0.005775 0.989375 0.903333 0.021250 0.142222 2 0.005001 0.352812 0.383889 0.030625 0.054444 2 0.004467 0.495625 0.3625 0.025625 0.053889 3 0.004314 0.008843 0.261181 0.017158 0.035417 2 0.00423 0.99375 0.732222 0.012500 0.108889 0 0.00404 0.99125 0.657778 0.017500 0.082222 0 0.003456 0.486562 0.485556 0.021875 0.038889 1 0.003443 0.735625 0.645 0.043750 0.084444 1 0.003325 0.904375 0.677778 0.043750 0.082222 3 0.002758 0.994375 0.735556 0.011250 0.113333 0 0.002672 0.501875 0.400556 0.021250 0.046667 1 0.002333 0.99 0.893333 0.020000 0.133333 0 0.002279 0.995625 0.849444 0.008750 0.134444 1 0.002165 0.81 0.468889 0.022500 0.055000 0 0.00215 0.005684 0.711111 0.011055 0.082222 0 0.001926 0.993125 0.691111 0.013750 0.068889 1 0.001789 0.501875 0.398889 0.018750 0.047778 1 0.001755 0.7725 0.651111 0.025000 0.108889 1 0.001694 0.65375 0.428333 0.031250 0.056667 1 0.001592 0.7125 0.486667 0.037500 0.068889 1 0.001536 0.429375 0.490556 0.018750 0.047778 10 0.00149 0.984375 0.627778 0.031250 0.141111 1 0.001467 0.75875 0.434444 0.017500 0.058333 3 0.001467 0.99125 0.739444 0.017500 0.140000 10 0.001455 0.6425 0.256944 0.038750 0.077778 0 0.001378 0.9025 0.61 0.027500 0.071111 3 0.001356 0.995 0.941111 0.010000 0.105556 0 0.001351 0.26 0.472778 0.022500 0.060000 10 0.001315 0.525625 0.296597 0.046250 0.091250 1 0.001294 0.90125 0.65 0.032500 0.061111 0 0.001294 0.97625 0.663333 0.047500 0.164444 0 0.001255 0.82875 0.503889 0.015000 0.046111 0 0.001235 0.498125 0.392778 0.023750 0.052778 1 0.001225 0.64625 0.433333 0.027500 0.057222 1 0.001206 0.83875 0.658889 0.035000 0.082222 0 0.001169 0.419375 0.353333 0.020000 0.035556 1 0.001073 0.213125 0.495556 0.018750 0.036667
CCTV01^20260318-110000-20260318-120000_000198,10 0.871582 0.2925 0.505278 0.133750 0.182778 3 0.866211 0.525 0.877778 0.070000 0.193333 10 0.86084 0.104609 0.519444 0.161719 0.185556 10 0.855957 0.207813 0.428333 0.103750 0.130000 3 0.839844 0.420625 0.466111 0.047500 0.056111 0 0.810547 0.063711 0.833333 0.040859 0.115556 0 0.805664 0.869375 0.66 0.032500 0.084444 1 0.804199 0.296875 0.718333 0.023438 0.067778 0 0.795898 0.9025 0.893333 0.055000 0.122222 3 0.785156 0.243438 0.740556 0.069375 0.102222 0 0.774414 0.76875 0.677778 0.037500 0.093333 1 0.771973 0.315625 0.627778 0.019375 0.062222 0 0.767578 0.2575 0.646667 0.029375 0.082222 0 0.766113 0.390625 0.514444 0.023750 0.061111 2 0.73877 0.94125 0.733333 0.070000 0.091111 1 0.720215 0.231563 0.641667 0.023750 0.063333 2 0.716797 0.476875 0.420556 0.025000 0.052222 0 0.694336 0.85125 0.559444 0.027500 0.065556 1 0.668945 0.715625 0.556667 0.021250 0.058889 0 0.62793 0.36 0.423889 0.021250 0.051111 1 0.604004 0.8275 0.923333 0.035000 0.102222 3 0.598145 0.62125 0.391111 0.028750 0.065556 0 0.560059 0.345 0.633333 0.037500 0.066667 0 0.535156 0.172813 0.58 0.025000 0.061111 10 0.527344 0.6925 0.368889 0.052500 0.128333 0 0.507812 0.9125 0.627778 0.035000 0.071111 0 0.40918 0.213125 0.602222 0.028125 0.067778 0 0.383057 0.5775 0.545556 0.023750 0.055556 4 0.287842 0.307656 0.934445 0.105313 0.124444 10 0.205566 0.770625 0.37 0.043750 0.100000 0 0.176636 0.32375 0.385556 0.024375 0.040556 1 0.157715 0.586875 0.554306 0.020000 0.044722 1 0.147583 0.221094 0.624444 0.031250 0.068889 10 0.143677 0.649375 0.324444 0.043750 0.105000 0 0.117554 0.955 0.683333 0.045000 0.072222 2 0.080078 0.137891 0.615556 0.030313 0.057778 1 0.051666 0.3375 0.664444 0.018750 0.050000 0 0.051086 0.37375 0.372778 0.023750 0.045556 2 0.05072 0.30375 0.930556 0.098750 0.112222 6 0.046906 0.770625 0.370556 0.043750 0.095556 0 0.043365 0.995 0.762222 0.010000 0.080000 0 0.041321 0.8925 0.523889 0.020000 0.057778 2 0.037048 0.7175 0.310556 0.017500 0.036667 0 0.021774 0.255625 0.447222 0.023750 0.042222 0 0.02002 0.206719 0.503889 0.028438 0.060000 0 0.019424 0.216875 0.568889 0.031250 0.062222 1 0.018982 0.245625 0.447222 0.019375 0.040000 3 0.016281 0.616563 0.311667 0.018750 0.036667 1 0.015778 0.194219 0.581667 0.014688 0.058889 1 0.0149 0.6825 0.431389 0.018750 0.046111 3 0.013634 0.009307 0.264444 0.017910 0.038333 1 0.013588 0.696875 0.617778 0.018750 0.065556 1 0.013168 0.675625 0.4325 0.018750 0.047778 1 0.012573 0.215 0.606667 0.027500 0.066667 0 0.010857 0.035156 0.634444 0.041406 0.071111 0 0.009674 0.137344 0.618889 0.030938 0.060000 1 0.008881 0.719375 0.556806 0.038750 0.070833 1 0.008575 0.337187 0.673889 0.015000 0.038889 1 0.006565 0.255625 0.640556 0.028125 0.074444 3 0.006512 0.6125 0.315 0.016875 0.038333 1 0.005512 0.6675 0.434444 0.015000 0.051111 0 0.005405 0.248906 0.458889 0.032813 0.058889 1 0.005363 0.076875 0.643333 0.028906 0.060000 0 0.005322 0.484375 0.483056 0.021875 0.043333 0 0.005119 0.995938 0.743333 0.008125 0.091111 7 0.004593 0.327422 0.955556 0.076406 0.087778 1 0.004265 0.915 0.948889 0.052500 0.068889 0 0.004055 0.96625 0.657222 0.028750 0.074444 0 0.003736 0.2625 0.44 0.016875 0.036667 1 0.003679 0.345625 0.643889 0.035000 0.080000 3 0.003593 0.756875 0.299444 0.021250 0.035556 0 0.003124 0.079766 0.636667 0.032031 0.058889 1 0.003004 0.175781 0.588333 0.025000 0.063333 0 0.002867 0.354688 0.404444 0.021875 0.040000 0 0.002611 0.531875 0.411389 0.017500 0.045000 0 0.00255 0.159297 0.564444 0.028281 0.073333 2 0.002462 0.73875 0.324722 0.016250 0.032778 0 0.002434 0.405 0.4025 0.017500 0.041667 1 0.002165 0.331563 0.648889 0.018125 0.066667 2 0.002035 0.995625 0.707778 0.008750 0.126667 1 0.001661 0.29875 0.715556 0.036875 0.077778 0 0.001567 0.2075 0.596667 0.033125 0.064444 0 0.001501 0.995 0.938333 0.010000 0.115556 0 0.001389 0.99125 0.757778 0.017500 0.091111 1 0.001285 0.595938 0.425 0.011250 0.045556 0 0.001245 0.345 0.498889 0.026875 0.056667 0 0.001211 0.995625 0.697778 0.008750 0.113333 0 0.001206 0.146484 0.557778 0.037031 0.073333 0 0.001202 0.9725 0.651111 0.027500 0.066667 2 0.001107 0.641406 0.216667 0.012187 0.025833 0 0.001048 0.99625 0.816667 0.007500 0.095556
CCTV01^20260318-110000-20260318-120000_000202,3 0.876465 0.7625 0.913333 0.077500 0.168889 10 0.875977 0.10377 0.517778 0.159961 0.182222 10 0.872559 0.207969 0.430556 0.106875 0.133333 10 0.862305 0.731875 0.528611 0.118750 0.227222 3 0.844727 0.524375 0.877778 0.069375 0.193333 9 0.842773 0.654844 0.550556 0.070312 0.145556 0 0.827637 0.296875 0.528333 0.027500 0.065556 0 0.778809 0.890625 0.681111 0.037500 0.091111 0 0.756348 0.4175 0.446389 0.022500 0.052778 2 0.743164 0.811875 0.504444 0.030000 0.064444 0 0.708984 0.072744 0.938333 0.066387 0.107778 1 0.704102 0.335625 0.496389 0.016250 0.050000 1 0.682617 0.704375 0.938889 0.031250 0.091111 3 0.662109 0.624687 0.452222 0.031875 0.061111 10 0.660156 0.96375 0.818889 0.072500 0.362222 11 0.541016 0.655 0.547222 0.071250 0.145556 0 0.529297 0.7925 0.451944 0.022500 0.052778 9 0.488281 0.365 0.431111 0.052500 0.075556 1 0.312256 0.010068 0.918333 0.020098 0.092222 10 0.250977 0.493125 0.349444 0.086250 0.113333 1 0.216064 0.759375 0.442778 0.016250 0.037778 0 0.199951 0.010625 0.92 0.021094 0.102222 10 0.157104 0.6925 0.366667 0.052500 0.124444 0 0.07782 0.39375 0.379722 0.022500 0.044444 2 0.046539 0.65625 0.397222 0.022500 0.052222 3 0.020798 0.528125 0.375833 0.027500 0.040556 2 0.02034 0.74375 0.306111 0.017500 0.033333 0 0.018127 0.264688 0.44 0.018125 0.047778 0 0.017517 0.137734 0.619444 0.030156 0.054444 1 0.016983 0.91 0.572222 0.018750 0.053333 0 0.013588 0.78 0.402778 0.021250 0.045556 1 0.007175 0.078672 0.647778 0.031406 0.060000 0 0.006851 0.76 0.423333 0.017500 0.045556 9 0.006145 0.617188 0.381667 0.031250 0.064444 0 0.006004 0.87625 0.581667 0.020000 0.058889 0 0.00573 0.84875 0.465 0.015000 0.040000 0 0.005447 0.90875 0.576111 0.022500 0.060000 0 0.005428 0.76 0.408889 0.017500 0.037778 0 0.005199 0.87375 0.572778 0.015000 0.042222 0 0.003944 0.305469 0.371111 0.018125 0.034444 4 0.003693 0.71875 0.310833 0.022500 0.049444 0 0.002867 0.329297 0.363333 0.020156 0.046111 1 0.002846 0.484375 0.664444 0.016875 0.027778 10 0.002737 0.874063 0.809444 0.251875 0.381111 1 0.002378 0.76 0.418889 0.017500 0.043333 1 0.002003 0.346875 0.5 0.028750 0.056667 3 0.001889 0.761875 0.337222 0.022500 0.042222 2 0.001867 0.71875 0.311111 0.022500 0.048889 0 0.001661 0.88125 0.59 0.020000 0.053333 1 0.001629 0.8725 0.575 0.020000 0.043333 0 0.001574 0.006294 0.892222 0.012139 0.122222 3 0.001567 0.008911 0.261667 0.017002 0.033333 0 0.001549 0.87 0.499444 0.017500 0.053333 10 0.001549 0.97875 0.719444 0.042500 0.318889 7 0.001513 0.6175 0.381667 0.031250 0.064444 2 0.001444 0.73375 0.277778 0.012500 0.030556 1 0.001325 0.58875 0.424722 0.015000 0.040000 1 0.001315 0.846875 0.525 0.018750 0.055556 0 0.001265 0.015234 0.725556 0.030430 0.091111 1 0.001216 0.67 0.426111 0.015000 0.038889 2 0.001197 0.99375 0.533333 0.012500 0.083333 0 0.001112 0.869375 0.58 0.023750 0.058889 10 0.001073 0.983125 0.65125 0.033750 0.253056 0 0.001065 0.993125 0.882222 0.013750 0.157778
CCTV01^20260318-110000-20260318-120000_000206,9 0.924805 0.76375 0.886667 0.100000 0.213333 2 0.870605 0.244375 0.932222 0.069375 0.128889 10 0.862305 0.208125 0.430556 0.105000 0.135556 10 0.862305 0.10252 0.518889 0.158086 0.185556 3 0.849121 0.524375 0.877778 0.070000 0.193333 10 0.829102 0.70125 0.396667 0.060000 0.145556 3 0.829102 0.276875 0.72 0.073125 0.115556 2 0.799316 0.828125 0.74 0.041250 0.107778 3 0.786621 0.463438 0.44 0.044375 0.056667 3 0.779785 0.844375 0.508889 0.047500 0.067778 0 0.72168 0.68625 0.735 0.032500 0.105556 0 0.71875 0.821875 0.528889 0.026250 0.056667 1 0.702637 0.7075 0.550972 0.020000 0.062500 0 0.686035 0.285938 0.483333 0.021250 0.055556 3 0.675781 0.625938 0.424444 0.029375 0.056667 2 0.673828 0.8575 0.950556 0.070000 0.096667 1 0.67041 0.235625 0.586667 0.022500 0.057778 1 0.609375 0.015332 0.881667 0.030352 0.094444 1 0.604004 0.765 0.686667 0.022500 0.084444 5 0.458984 0.921875 0.667778 0.081250 0.111111 0 0.432129 0.2675 0.471667 0.018125 0.057778 10 0.402588 0.92125 0.837778 0.157500 0.324444 2 0.312256 0.92125 0.665556 0.082500 0.108889 0 0.282959 0.790625 0.425 0.022500 0.049444 0 0.141724 0.006948 0.788889 0.013643 0.080000 0 0.137939 0.014023 0.88 0.028047 0.086667 1 0.099121 0.232656 0.574444 0.026250 0.063333 0 0.097412 0.365938 0.3775 0.021875 0.046667 3 0.056244 0.6525 0.406667 0.020000 0.046667 2 0.049774 0.6525 0.405 0.018750 0.046667 0 0.047424 0.207188 0.496944 0.027188 0.056667 0 0.044189 0.005605 0.767222 0.010937 0.101111 0 0.040253 0.82625 0.52 0.030000 0.063333 0 0.039642 0.138828 0.618889 0.027656 0.066667 7 0.033722 0.76375 0.884444 0.105000 0.211111 11 0.032837 0.62875 0.344722 0.032500 0.093889 0 0.025177 0.006934 0.721111 0.013770 0.106667 1 0.019348 0.65875 0.441667 0.020000 0.053333 1 0.018402 0.425625 0.425278 0.013125 0.040556 1 0.017776 0.2275 0.52 0.021250 0.060000 1 0.01519 0.23125 0.546111 0.023125 0.054444 0 0.014839 0.995 0.709444 0.010000 0.081111 0 0.013634 0.005635 0.702222 0.011270 0.068889 1 0.011917 0.665 0.436111 0.015000 0.052222 0 0.011421 0.99375 0.683889 0.012500 0.098889 2 0.01107 0.77125 0.39 0.022500 0.046667 0 0.01001 0.076797 0.647222 0.035156 0.060000 0 0.008919 0.009668 0.771667 0.019063 0.107778 0 0.008713 0.004556 0.658889 0.008936 0.055556 1 0.007668 0.995 0.719444 0.010000 0.064444 0 0.007462 0.251094 0.457222 0.015313 0.047778 0 0.006905 0.6875 0.717778 0.027500 0.082222 0 0.006691 0.53 0.411667 0.020000 0.047778 0 0.005535 0.226406 0.507778 0.018438 0.047778 3 0.004887 0.63 0.247778 0.016250 0.028889 1 0.004608 0.71 0.55125 0.035000 0.068611 0 0.004299 0.76375 0.883333 0.105000 0.213333 3 0.003796 0.009009 0.262222 0.017529 0.034444 3 0.003273 0.65125 0.331944 0.020000 0.041111 1 0.003099 0.2275 0.535694 0.023438 0.057500 1 0.002913 0.250313 0.452778 0.016250 0.048889 0 0.002901 0.265 0.424167 0.016250 0.046111 0 0.002737 0.2275 0.52 0.021563 0.060000 0 0.002653 0.012568 0.692778 0.023262 0.098889 1 0.00255 0.489375 0.392222 0.013750 0.038333 0 0.002493 0.010664 0.716667 0.020859 0.093333 0 0.0021 0.92 0.666111 0.097500 0.137778 0 0.00209 0.021655 0.675 0.026455 0.071111 1 0.002068 0.005732 0.918333 0.010840 0.105556 0 0.001919 0.253906 0.461944 0.015313 0.048333 2 0.001912 0.010449 0.747222 0.020898 0.115556 0 0.001687 0.99125 0.708889 0.017500 0.082222 10 0.001649 0.010371 0.765556 0.020742 0.264444 1 0.001561 0.769375 0.686667 0.045000 0.101111 0 0.001549 0.271875 0.435833 0.014687 0.040000 0 0.001513 0.27375 0.423889 0.013750 0.043333 3 0.001325 0.65875 0.445833 0.025000 0.060000 2 0.001255 0.69625 0.233333 0.010000 0.023889 3 0.001216 0.99125 0.721111 0.017500 0.083333 0 0.001073 0.292812 0.487222 0.026875 0.052222 10 0.001037 0.99 0.737778 0.020000 0.322222
CCTV01^20260318-110000-20260318-120000_000210,9 0.961426 0.74625 0.638889 0.102500 0.220000 10 0.911133 0.207461 0.429444 0.103203 0.134444 9 0.905273 0.229687 0.627778 0.068125 0.128889 1 0.888184 0.267969 0.897222 0.033437 0.092222 10 0.887207 0.102949 0.518333 0.159102 0.183333 3 0.850098 0.524375 0.878889 0.069375 0.191111 3 0.841797 0.215 0.866667 0.081250 0.144444 3 0.820801 0.3775 0.569861 0.058750 0.075833 2 0.816406 0.72875 0.862222 0.050000 0.132222 9 0.766113 0.323672 0.488333 0.043906 0.103333 0 0.753418 0.251875 0.517222 0.021875 0.053333 3 0.747559 0.70125 0.5075 0.043750 0.067222 0 0.740234 0.281875 0.503611 0.022500 0.060556 2 0.702637 0.815 0.536667 0.027500 0.067778 1 0.654785 0.35875 0.439444 0.017500 0.045556 2 0.602051 0.9025 0.545556 0.035000 0.067778 3 0.565918 0.9775 0.878889 0.045000 0.131111 1 0.527344 0.072891 0.716111 0.038594 0.068889 0 0.37207 0.258125 0.475556 0.018125 0.047222 0 0.345215 0.307188 0.437222 0.020000 0.048333 1 0.315674 0.79625 0.462778 0.015000 0.044444 0 0.276611 0.825 0.479444 0.022500 0.045556 2 0.236572 0.333125 0.3875 0.021250 0.042222 0 0.223999 0.255 0.487778 0.021250 0.050000 0 0.189575 0.012227 0.768333 0.024453 0.082222 1 0.186523 0.224688 0.4975 0.017188 0.049444 1 0.139893 0.343125 0.435833 0.012500 0.042778 1 0.097046 0.230469 0.515 0.013750 0.050000 0 0.096008 0.854375 0.738333 0.037500 0.054444 3 0.089111 0.780625 0.413333 0.032500 0.055556 1 0.080627 0.354688 0.437778 0.026875 0.050000 0 0.078918 0.9875 0.957778 0.025000 0.068889 1 0.075867 0.34875 0.4375 0.020000 0.046111 1 0.071045 0.631875 0.407222 0.018750 0.042222 0 0.070557 0.82875 0.471111 0.020000 0.052222 0 0.065125 0.333672 0.947778 0.043906 0.080000 1 0.048492 0.77125 0.453333 0.015000 0.046667 0 0.047241 0.185469 0.563333 0.036875 0.066667 0 0.042389 0.253594 0.451111 0.015938 0.041111 0 0.042389 0.010957 0.907778 0.021836 0.166667 1 0.040527 0.7575 0.437778 0.015000 0.050000 0 0.039642 0.282031 0.408333 0.025625 0.053333 0 0.034485 0.011553 0.877778 0.023105 0.097778 1 0.0336 0.20875 0.499444 0.019375 0.051667 10 0.033325 0.87125 0.875 0.150000 0.250000 1 0.032104 0.73375 0.775556 0.022500 0.062222 1 0.03186 0.339063 0.434444 0.015625 0.040000 3 0.026855 0.011523 0.891667 0.022813 0.123333 0 0.020721 0.29375 0.407222 0.019375 0.046667 0 0.020248 0.530937 0.414444 0.020625 0.045556 1 0.019714 0.986875 0.957778 0.026250 0.075556 1 0.017639 0.272188 0.466389 0.011250 0.041111 7 0.01297 0.011631 0.890556 0.023262 0.122222 2 0.010529 0.078828 0.638889 0.031875 0.053333 0 0.009674 0.329063 0.955556 0.068125 0.082222 3 0.008614 0.618125 0.225972 0.012500 0.026667 1 0.007874 0.227656 0.507778 0.017813 0.057778 1 0.007259 0.26125 0.409167 0.013125 0.040556 1 0.006615 0.128438 0.977778 0.032813 0.035556 1 0.006413 0.305312 0.436667 0.022812 0.046667 1 0.005665 0.500313 0.369444 0.013750 0.037778 1 0.005665 0.328125 0.432778 0.012500 0.033889 0 0.004982 0.216094 0.494444 0.023438 0.053333 3 0.004608 0.009097 0.261667 0.017646 0.033333 11 0.00399 0.229063 0.627778 0.068125 0.128889 3 0.003736 0.62 0.207222 0.011250 0.023889 2 0.003708 0.282031 0.408333 0.025625 0.056667 0 0.003635 0.207969 0.498889 0.020625 0.050000 0 0.00358 0.078711 0.638333 0.033203 0.054444 3 0.00358 0.01334 0.738889 0.025195 0.102222 0 0.003197 0.008203 0.941667 0.016328 0.107778 0 0.003185 0.151406 0.554444 0.048125 0.092222 0 0.003088 0.298438 0.408889 0.015625 0.040000 3 0.002779 0.009297 0.95 0.018438 0.091111 6 0.00227 0.011035 0.908889 0.022070 0.182222 1 0.00226 0.74 0.435833 0.015000 0.034444 0 0.002165 0.349375 0.955 0.055625 0.081111 3 0.00205 0.622188 0.203333 0.011875 0.023889 0 0.00202 0.254063 0.461944 0.021250 0.052778 4 0.002003 0.012432 0.907778 0.024863 0.184444 4 0.001987 0.97875 0.902222 0.042500 0.195556 1 0.001904 0.25 0.448889 0.017500 0.046667 1 0.001897 0.36375 0.441111 0.030625 0.053333 0 0.001889 0.386875 0.36 0.022500 0.041111 2 0.001661 0.743125 0.325 0.015000 0.038889 1 0.001611 0.361562 0.972778 0.033125 0.046667 1 0.001574 0.79125 0.468889 0.017500 0.045556 0 0.001421 0.36 0.972222 0.035000 0.046667 1 0.001378 0.356875 0.447778 0.025000 0.058333 0 0.00123 0.85375 0.755 0.040000 0.075556 0 0.001188 0.195625 0.5 0.021250 0.045556 1 0.001112 0.195 0.500556 0.020000 0.045556 1 0.001099 0.68 0.433889 0.022500 0.052222 0 0.001073 0.56125 0.431111 0.021875 0.054444 1 0.00106 0.7525 0.438333 0.020000 0.043333
CCTV01^20260318-110000-20260318-120000_000214,10 0.905273 0.10375 0.519167 0.161563 0.185000 10 0.895508 0.207227 0.432778 0.104297 0.141111 10 0.881836 0.7825 0.765556 0.157500 0.391111 2 0.868164 0.284688 0.782778 0.041875 0.107778 2 0.835449 0.285625 0.654444 0.035625 0.093333 0 0.822266 0.173281 0.678889 0.038438 0.087778 1 0.805664 0.356875 0.464444 0.016250 0.045000 1 0.795898 0.3725 0.52 0.017500 0.051111 3 0.78125 0.66125 0.533889 0.042500 0.076667 0 0.770508 0.275313 0.498333 0.028750 0.054444 0 0.766113 0.084512 0.838889 0.050977 0.097778 2 0.756348 0.97 0.684444 0.042500 0.084444 3 0.737305 0.7025 0.453333 0.038750 0.063333 0 0.737305 0.83375 0.5 0.027500 0.065556 1 0.729492 0.3975 0.509444 0.018750 0.050000 0 0.680664 0.3325 0.4575 0.021250 0.054444 10 0.654785 0.052578 0.8 0.105156 0.351111 1 0.65332 0.80625 0.593333 0.020000 0.068889 2 0.635254 0.825 0.447222 0.027500 0.051111 3 0.631836 0.524375 0.877778 0.068750 0.192222 0 0.615234 0.929375 0.685556 0.033750 0.068889 0 0.563965 0.428125 0.487222 0.033750 0.052222 10 0.556641 0.639688 0.409444 0.049375 0.122222 9 0.44165 0.935625 0.84 0.123750 0.268889 0 0.432129 0.760625 0.432222 0.021250 0.054444 0 0.401611 0.8775 0.616667 0.032500 0.075556 11 0.401611 0.93625 0.841111 0.122500 0.271111 2 0.379395 0.878125 0.615556 0.033750 0.077778 5 0.363037 0.524687 0.878889 0.068125 0.195556 9 0.23938 0.309844 0.43 0.039687 0.075556 2 0.11438 0.50125 0.374444 0.021250 0.046667 1 0.084778 0.230313 0.518333 0.021875 0.060000 11 0.069824 0.418125 0.355 0.050000 0.113333 0 0.034088 0.311875 0.447222 0.042500 0.053333 0 0.023422 0.450625 0.382778 0.021250 0.048889 1 0.020721 0.596563 0.414444 0.015000 0.055556 2 0.020493 0.45 0.380556 0.021875 0.048889 1 0.014008 0.335 0.461111 0.025000 0.050000 1 0.008575 0.815 0.591111 0.037500 0.067778 0 0.008545 0.641875 0.607778 0.028750 0.055556 0 0.007347 0.005547 0.917778 0.011094 0.126667 1 0.007317 0.7025 0.57 0.020000 0.062222 2 0.007038 0.005439 0.903333 0.010879 0.100000 1 0.006771 0.425938 0.490278 0.030000 0.053889 1 0.006191 0.391875 0.514444 0.021875 0.053333 4 0.00573 0.93625 0.838889 0.121250 0.273333 2 0.005688 0.00489 0.927778 0.009731 0.117778 1 0.005642 0.74 0.432222 0.015000 0.044444 0 0.0056 0.516875 0.405556 0.029375 0.054444 0 0.005512 0.3825 0.357222 0.018750 0.040000 1 0.005512 0.44125 0.411667 0.017500 0.034444 3 0.004486 0.008926 0.261597 0.017227 0.035694 1 0.004467 0.67375 0.435556 0.015000 0.050556 0 0.004116 0.272813 0.444722 0.030000 0.053333 3 0.003796 0.626875 0.249028 0.016250 0.029167 1 0.003651 0.3625 0.504722 0.020000 0.043333 3 0.002737 0.617188 0.199444 0.010625 0.025000 3 0.002415 0.583125 0.142361 0.010000 0.017778 1 0.002165 0.377187 0.520556 0.024375 0.058889 0 0.00215 0.77375 0.383611 0.018750 0.046667 2 0.002075 0.290938 0.33 0.016875 0.031667 0 0.001839 0.7525 0.433889 0.030000 0.053333 8 0.001796 0.297813 0.373333 0.051250 0.057778 12 0.001636 0.012793 0.105139 0.025547 0.119167 0 0.001604 0.434375 0.48 0.022500 0.053333 2 0.00149 0.007959 0.611111 0.015918 0.073333 11 0.00141 0.298594 0.372222 0.051562 0.055556 3 0.001399 0.63375 0.339444 0.022500 0.037222 0 0.001294 0.9875 0.613333 0.025000 0.080000 0 0.001184 0.502188 0.378333 0.023125 0.051111 0 0.001184 0.7625 0.434444 0.032500 0.064444 7 0.001169 0.943125 0.85 0.112500 0.266667 1 0.00109 0.4 0.519167 0.023750 0.066111 0 0.001012 0.99625 0.771667 0.007500 0.088889 10 0.001008 0.98625 0.613333 0.027500 0.093333
CCTV01^20260318-110000-20260318-120000_000218,10 0.92041 0.103594 0.524167 0.162813 0.193889 10 0.905273 0.209961 0.432778 0.109453 0.142222 10 0.888184 0.099531 0.661667 0.195313 0.286667 3 0.873047 0.80625 0.780556 0.052500 0.140000 6 0.836426 0.7525 0.773333 0.107500 0.322222 3 0.812988 0.524375 0.877778 0.068750 0.193333 3 0.78125 0.665 0.478056 0.040000 0.062778 3 0.779785 0.7725 0.582222 0.052500 0.084444 0 0.773438 0.249062 0.924444 0.052500 0.122222 3 0.769043 0.6875 0.64 0.045000 0.100000 0 0.767578 0.8575 0.765556 0.043750 0.091111 0 0.766113 0.314687 0.936111 0.043125 0.112222 0 0.762207 0.339375 0.465 0.021250 0.050000 2 0.762207 0.97 0.653333 0.047500 0.086667 1 0.760742 0.266875 0.648889 0.021875 0.064444 0 0.751953 0.659375 0.539445 0.030000 0.068889 1 0.737305 0.895 0.758889 0.027500 0.080000 3 0.732422 0.8525 0.946667 0.072500 0.106667 0 0.697754 0.258438 0.793889 0.040625 0.101111 0 0.665527 0.38625 0.906111 0.037500 0.091111 0 0.651367 0.6 0.468889 0.030000 0.061667 10 0.47168 0.75125 0.773333 0.107500 0.331111 3 0.418701 0.505 0.380278 0.036250 0.051111 0 0.383057 0.785625 0.441667 0.020000 0.052222 1 0.16394 0.88375 0.579444 0.026250 0.052222 1 0.139404 0.65375 0.437778 0.027500 0.043333 0 0.136597 0.3375 0.449722 0.023125 0.056667 0 0.10968 0.313125 0.421111 0.026875 0.046667 0 0.101257 0.374375 0.397778 0.017500 0.044444 1 0.090759 0.64875 0.443333 0.018750 0.044444 0 0.077515 0.52125 0.403333 0.022500 0.050000 1 0.062561 0.6625 0.4375 0.030000 0.046111 1 0.060974 0.228906 0.506111 0.014063 0.040000 2 0.059418 0.34625 0.406944 0.020000 0.040556 1 0.05014 0.665 0.430833 0.020000 0.038889 0 0.036621 0.33125 0.433333 0.021875 0.050000 0 0.030563 0.336875 0.427778 0.020000 0.042222 0 0.023697 0.253906 0.455556 0.028437 0.056111 0 0.020569 0.8 0.411667 0.017500 0.043333 1 0.017303 0.28 0.475833 0.016562 0.045000 1 0.01622 0.94 0.651111 0.017500 0.064444 0 0.016022 0.78125 0.431944 0.020000 0.059444 0 0.012428 0.6675 0.690556 0.020000 0.063333 1 0.011032 0.217188 0.504444 0.013750 0.041667 2 0.007935 0.530937 0.319722 0.017500 0.039444 1 0.007011 0.89 0.582222 0.032500 0.064444 3 0.006588 0.99 0.935 0.020000 0.130000 3 0.006027 0.008906 0.261597 0.017227 0.034583 0 0.004608 0.888125 0.587778 0.030000 0.064444 4 0.004314 0.415 0.382778 0.038750 0.063333 1 0.003824 0.67375 0.420556 0.021250 0.050000 3 0.003679 0.745 0.977222 0.055000 0.045556 0 0.003496 0.513438 0.389445 0.030625 0.058889 0 0.003273 0.280156 0.418889 0.019063 0.040556 1 0.003111 0.291563 0.4275 0.016250 0.036111 0 0.003004 0.99625 0.73 0.007500 0.077778 0 0.002834 0.66125 0.524722 0.032500 0.053889 3 0.002424 0.994375 0.918889 0.011250 0.144444 0 0.002287 0.291563 0.426667 0.016563 0.037778 2 0.002115 0.006328 0.619444 0.012480 0.090000 1 0.001926 0.24625 0.508333 0.015000 0.045556 1 0.00181 0.87625 0.581111 0.030000 0.051111 1 0.00181 0.89625 0.76 0.045000 0.091111 1 0.001432 0.670625 0.431111 0.027500 0.041111 1 0.001427 0.718125 0.450833 0.013750 0.052222 10 0.001245 0.011133 0.653333 0.022266 0.278889 1 0.001225 0.6175 0.405 0.011250 0.040000 2 0.001197 0.341563 0.4025 0.026250 0.046111 6 0.001169 0.415312 0.382222 0.039375 0.064444 1 0.001161 0.269375 0.646667 0.035000 0.068889 7 0.001099 0.415 0.382778 0.038750 0.061667 0 0.001065 0.99625 0.756667 0.007500 0.095556 2 0.001028 0.995 0.885 0.010000 0.128889
CCTV01^20260318-110000-20260318-120000_000222,10 0.931152 0.104219 0.521111 0.162188 0.191111 10 0.911621 0.208594 0.432222 0.105938 0.137778 10 0.898926 0.122969 0.626528 0.182812 0.251389 3 0.856934 0.524375 0.878889 0.068750 0.188889 2 0.847168 0.336875 0.629444 0.040625 0.086667 3 0.830078 0.415625 0.508889 0.050625 0.061111 0 0.795898 0.127813 0.804444 0.042500 0.100000 3 0.788086 0.268125 0.636667 0.049375 0.082222 0 0.712402 0.885 0.564583 0.023750 0.064167 0 0.704102 0.1375 0.892222 0.043906 0.102222 0 0.699219 0.9125 0.641111 0.030000 0.080000 1 0.6875 0.235313 0.756667 0.030000 0.075556 0 0.680664 0.324688 0.458056 0.020000 0.045556 1 0.618652 0.122969 0.732222 0.036563 0.064444 0 0.57959 0.79625 0.505556 0.020000 0.064444 7 0.575684 0.85125 0.818889 0.062500 0.206667 0 0.542969 0.79625 0.661111 0.020000 0.062222 1 0.533203 0.8225 0.694444 0.022500 0.077778 0 0.484375 0.367188 0.410556 0.026875 0.062222 1 0.46875 0.68625 0.452778 0.016250 0.052222 2 0.466797 0.366875 0.410278 0.027500 0.062778 0 0.411133 0.8225 0.697778 0.022500 0.077778 0 0.359375 0.315625 0.434444 0.020000 0.051111 1 0.273682 0.353125 0.458889 0.017500 0.040000 1 0.255371 0.725 0.530556 0.020000 0.058889 0 0.240723 0.80125 0.463889 0.017500 0.044444 1 0.218628 0.82 0.476944 0.017500 0.040000 0 0.149048 0.453438 0.382222 0.039375 0.055556 4 0.139893 0.454063 0.378889 0.036875 0.053333 1 0.123779 0.718125 0.666667 0.023750 0.073333 1 0.10968 0.7975 0.525556 0.017500 0.044444 4 0.079224 0.85125 0.83 0.060000 0.180000 0 0.071838 0.819375 0.474444 0.018750 0.044444 0 0.068787 0.006509 0.701667 0.012842 0.087778 0 0.052032 0.518125 0.360556 0.017500 0.047778 0 0.033325 0.42125 0.385833 0.041250 0.057222 0 0.028976 0.569375 0.428333 0.023750 0.064444 0 0.028549 0.220313 0.484444 0.015625 0.052222 0 0.023773 0.52875 0.403333 0.018750 0.047778 1 0.023514 0.004307 0.95 0.008613 0.092222 1 0.020966 0.780625 0.503333 0.011250 0.056667 0 0.019501 0.235469 0.756111 0.029375 0.075556 5 0.015671 0.851875 0.82 0.063750 0.220000 1 0.013069 0.7825 0.508889 0.010000 0.057778 2 0.010986 0.421562 0.386667 0.042500 0.058889 1 0.008812 0.7825 0.485556 0.010000 0.041667 3 0.007607 0.008955 0.261111 0.017266 0.035556 3 0.007404 0.603438 0.105417 0.011250 0.017222 3 0.006878 0.005117 0.936111 0.010234 0.113333 1 0.006641 0.8225 0.58 0.025000 0.055556 1 0.006241 0.350625 0.401667 0.015000 0.044444 0 0.00481 0.023613 0.704444 0.030547 0.080000 0 0.004433 0.255938 0.446667 0.025000 0.072222 1 0.004215 0.354375 0.451111 0.016250 0.038889 1 0.003914 0.791875 0.516389 0.018750 0.057222 0 0.003325 0.52625 0.304444 0.015000 0.038889 1 0.003325 0.691875 0.453333 0.032500 0.066667 0 0.002672 0.768125 0.407778 0.017500 0.039444 0 0.002512 0.388125 0.395833 0.013750 0.043889 0 0.002472 0.995313 0.931111 0.009375 0.108889 0 0.002378 0.72375 0.34 0.015000 0.038889 6 0.00214 0.9775 0.580972 0.045000 0.118056 1 0.002083 0.995 0.936667 0.010000 0.095556 1 0.00202 0.010134 0.943333 0.019536 0.113333 12 0.001549 0.569688 0.4275 0.022500 0.060000 0 0.001501 0.74 0.350278 0.015000 0.043889 1 0.001478 0.391563 0.394444 0.015625 0.037778 1 0.001432 0.68625 0.4625 0.022500 0.070556 1 0.001378 0.5975 0.415 0.010000 0.037778 3 0.001124 0.054258 0.242222 0.023516 0.028889 0 0.001116 0.004797 0.916667 0.009595 0.148889 0 0.001116 0.004712 0.952222 0.009326 0.095556 1 0.001081 0.69125 0.448333 0.022500 0.062222 3 0.001065 0.011367 0.927778 0.022617 0.140000 12 0.001048 0.012188 0.089028 0.024062 0.178056
CCTV01^20260318-110000-20260318-120000_000226,10 0.917969 0.142578 0.589445 0.176406 0.213333 10 0.912598 0.104199 0.517778 0.159727 0.186667 10 0.900391 0.207969 0.431944 0.103750 0.137222 3 0.819824 0.524375 0.877778 0.068750 0.191111 6 0.816406 0.083359 0.8 0.166719 0.308889 0 0.808105 0.335625 0.86 0.036250 0.100000 0 0.799316 0.71375 0.636111 0.027500 0.081111 0 0.796875 0.803125 0.672778 0.030000 0.090000 3 0.788086 0.439375 0.460833 0.042500 0.054444 0 0.785156 0.80375 0.52 0.027500 0.062222 0 0.760742 0.379063 0.426111 0.020625 0.048889 2 0.746094 0.8275 0.508889 0.027500 0.057778 0 0.732422 0.83375 0.616667 0.030000 0.090000 0 0.690918 0.234688 0.591111 0.031875 0.071111 0 0.662109 0.85 0.490833 0.022500 0.052778 1 0.656738 0.71375 0.469167 0.016250 0.048333 4 0.631836 0.305312 0.577778 0.054375 0.092222 0 0.541016 0.255 0.494444 0.025625 0.061111 1 0.496094 0.67375 0.467778 0.020000 0.053333 1 0.480469 0.267344 0.758889 0.025938 0.062222 0 0.453369 0.517812 0.432778 0.018750 0.055000 0 0.451416 0.305625 0.409444 0.018750 0.047778 1 0.363037 0.367812 0.938889 0.033750 0.097778 1 0.343262 0.81125 0.443056 0.017500 0.041111 0 0.281494 0.367188 0.938889 0.032500 0.095556 0 0.218628 0.823125 0.469167 0.021250 0.046111 9 0.217285 0.305937 0.575417 0.053125 0.091389 1 0.140381 0.679375 0.390278 0.015000 0.045556 0 0.12085 0.285469 0.461667 0.018438 0.047222 2 0.09668 0.404063 0.391111 0.032500 0.042222 1 0.086304 0.466875 0.448889 0.012500 0.040000 0 0.080383 0.282344 0.442778 0.023750 0.054444 1 0.074524 0.225469 0.497222 0.016875 0.047222 1 0.074524 0.821875 0.973333 0.032500 0.050000 3 0.06488 0.40375 0.391111 0.032500 0.044444 2 0.057709 0.83375 0.613889 0.027500 0.087778 0 0.036896 0.95125 0.661111 0.022500 0.062222 0 0.035004 0.911875 0.555417 0.022500 0.060278 3 0.031372 0.630625 0.322222 0.022500 0.048889 1 0.029541 0.9125 0.554306 0.020000 0.058056 1 0.021774 0.71875 0.465556 0.021250 0.047778 0 0.015251 0.152813 0.672222 0.026250 0.055556 0 0.014786 0.225 0.486667 0.016875 0.046111 0 0.011963 0.569688 0.429444 0.021250 0.060000 1 0.010452 0.95125 0.661111 0.020000 0.060000 0 0.010132 0.866875 0.495556 0.011250 0.044444 3 0.009018 0.008926 0.260625 0.017051 0.035417 1 0.006905 0.35625 0.395 0.011250 0.035556 0 0.005844 0.84125 0.488611 0.030000 0.058889 2 0.005577 0.98625 0.592222 0.027500 0.100000 1 0.004772 0.83 0.973611 0.052500 0.052778 1 0.004101 0.994687 0.925 0.010625 0.121111 1 0.003796 0.22125 0.509444 0.019375 0.044444 2 0.003765 0.99125 0.605556 0.017500 0.077778 0 0.003721 0.8375 0.447222 0.012500 0.034444 0 0.003622 0.86375 0.4975 0.015000 0.045556 0 0.002779 0.995313 0.916667 0.009375 0.133333 0 0.002672 0.5375 0.432222 0.016250 0.043333 0 0.002653 0.149375 0.657778 0.036250 0.052222 1 0.00226 0.92875 0.565 0.017500 0.050000 2 0.00215 0.979375 0.584306 0.041250 0.115833 3 0.002075 0.265938 0.4 0.019687 0.035556 0 0.002058 0.99625 0.686667 0.007500 0.090000 2 0.00202 0.011631 0.601667 0.022988 0.070000 3 0.001824 0.271563 0.410833 0.015000 0.034444 2 0.0017 0.5825 0.105972 0.009375 0.019722 12 0.001649 0.011621 0.073333 0.022969 0.146667 0 0.001561 0.99125 0.612222 0.017500 0.062222 1 0.001561 0.900625 0.678889 0.020000 0.064444 1 0.001549 0.2325 0.471667 0.014687 0.043333 0 0.001495 0.995625 0.662222 0.008750 0.095556 4 0.001421 0.64 0.278889 0.020000 0.042222 0 0.001367 0.586875 0.420278 0.013750 0.036111 1 0.001255 0.8075 0.441667 0.030000 0.043333 0 0.00123 0.386563 0.414167 0.036875 0.053889 1 0.001124 0.217969 0.520556 0.016250 0.043333 0 0.001008 0.845 0.477222 0.017500 0.052778
CCTV01^20260318-110000-20260318-120000_000230,10 0.88623 0.149219 0.666806 0.195000 0.273056 10 0.884277 0.101582 0.516111 0.155898 0.182222 10 0.875977 0.234219 0.491667 0.142813 0.166667 10 0.864258 0.209688 0.431667 0.108125 0.136667 6 0.839844 0.345 0.470556 0.091875 0.134444 3 0.822266 0.524375 0.878889 0.068125 0.188889 0 0.796875 0.311719 0.565556 0.022813 0.065556 0 0.770508 0.251563 0.865556 0.048125 0.106667 0 0.756348 0.2925 0.607222 0.031250 0.072222 0 0.73877 0.85 0.547778 0.025000 0.061111 1 0.692871 0.815 0.731111 0.027500 0.082222 0 0.6875 0.808125 0.454167 0.021250 0.055000 1 0.686035 0.86125 0.806111 0.030000 0.097778 0 0.651367 0.093301 0.831111 0.048086 0.088889 9 0.640625 0.685 0.435556 0.052500 0.108889 0 0.637207 0.875 0.529167 0.023750 0.062778 0 0.577637 0.268125 0.538333 0.031250 0.060000 0 0.537109 0.286719 0.549444 0.025312 0.056667 2 0.501953 0.973125 0.806111 0.053750 0.133333 2 0.482422 0.7775 0.896667 0.082500 0.203333 0 0.432129 0.510625 0.441667 0.018750 0.050000 1 0.334473 0.82125 0.883889 0.030000 0.088889 10 0.327637 0.345 0.471111 0.095625 0.136667 0 0.324219 0.278594 0.542778 0.022813 0.061111 0 0.305664 0.278906 0.546667 0.034687 0.058889 5 0.291016 0.7775 0.896667 0.082500 0.204444 10 0.267334 0.033145 0.802222 0.066211 0.351111 0 0.26123 0.98625 0.917778 0.027500 0.095556 4 0.248047 0.97375 0.806667 0.052500 0.131111 0 0.242188 0.98125 0.714445 0.032500 0.081111 11 0.236572 0.66125 0.341111 0.037500 0.081111 1 0.214722 0.500625 0.398333 0.013750 0.041667 10 0.189575 0.629375 0.255278 0.028750 0.072778 3 0.132935 0.628125 0.307222 0.020000 0.038889 0 0.063965 0.986875 0.732222 0.026250 0.108889 0 0.035278 0.991875 0.753333 0.016250 0.140000 0 0.03476 0.956875 0.594444 0.021250 0.055556 1 0.024994 0.5 0.387778 0.016250 0.053333 9 0.021286 0.625 0.370833 0.028750 0.075000 3 0.020416 0.008779 0.260556 0.017168 0.035000 0 0.019867 0.306875 0.550556 0.023125 0.055556 0 0.014008 0.869375 0.543333 0.015000 0.056667 2 0.011963 0.99125 0.787222 0.017500 0.173333 0 0.011116 0.57 0.4275 0.022500 0.064444 0 0.010292 0.8775 0.538333 0.020000 0.056667 11 0.009636 0.625 0.371111 0.028750 0.074444 0 0.009056 0.501875 0.4 0.018125 0.046667 0 0.008881 0.86375 0.55 0.012500 0.054444 0 0.006851 0.214219 0.966111 0.057813 0.063333 10 0.006691 0.024648 0.738889 0.049297 0.260000 2 0.006145 0.010215 0.603333 0.020117 0.068889 1 0.004646 0.9325 0.588889 0.020000 0.053333 1 0.004627 0.985 0.916667 0.030000 0.091111 0 0.004265 0.995625 0.943333 0.008750 0.108889 1 0.00404 0.86625 0.806667 0.057500 0.113333 2 0.003664 0.9825 0.800556 0.035000 0.187778 10 0.003538 0.029473 0.71 0.058789 0.166667 9 0.003429 0.033281 0.746667 0.066406 0.253333 3 0.003273 0.614375 0.209167 0.012500 0.025000 0 0.002621 0.312188 0.549444 0.022500 0.048889 3 0.002571 0.73125 0.416111 0.035000 0.063889 11 0.002522 0.030156 0.73 0.060078 0.218889 0 0.002493 0.81125 0.451667 0.035000 0.063333 2 0.002306 0.97625 0.773889 0.047500 0.086667 0 0.002199 0.94875 0.593333 0.032500 0.057778 2 0.001897 0.98125 0.586111 0.037500 0.127778 4 0.001597 0.98125 0.833333 0.037500 0.235556 2 0.001536 0.98625 0.597778 0.027500 0.102222 10 0.001525 0.985 0.593333 0.030000 0.108889 6 0.001169 0.98375 0.611667 0.032500 0.184444 12 0.001161 0.011738 0.073472 0.023242 0.146944 0 0.001134 0.519375 0.440556 0.017500 0.056667 0 0.001081 0.9325 0.589445 0.021250 0.054444
CCTV01^20260318-110000-20260318-120000_000234,10 0.90332 0.103125 0.517778 0.160625 0.184444 10 0.874023 0.202148 0.589028 0.130078 0.224167 6 0.861328 0.271563 0.855556 0.154375 0.288889 10 0.856934 0.209688 0.431111 0.109063 0.135556 10 0.85498 0.299219 0.454444 0.150938 0.156667 10 0.853027 0.8125 0.806111 0.160000 0.385556 3 0.847168 0.344688 0.607778 0.062500 0.080000 7 0.829102 0.945 0.822778 0.095000 0.190000 10 0.825684 0.477812 0.383611 0.085625 0.127778 3 0.812988 0.71875 0.601667 0.051250 0.091111 1 0.811523 0.30375 0.665556 0.024375 0.065556 0 0.796875 0.80125 0.577778 0.032500 0.084444 3 0.779785 0.524375 0.877778 0.068125 0.191111 3 0.778809 0.66875 0.509444 0.040000 0.071111 0 0.744629 0.855 0.536528 0.027500 0.069167 3 0.73584 0.6925 0.448611 0.033750 0.060000 3 0.705566 0.251875 0.7 0.066250 0.088889 1 0.690918 0.474375 0.468333 0.020000 0.043889 0 0.690918 0.16625 0.945556 0.048750 0.103333 1 0.686035 0.289844 0.574444 0.020313 0.057778 0 0.600098 0.127813 0.682222 0.031250 0.077778 0 0.567871 0.81 0.477778 0.025000 0.054444 7 0.496094 0.65375 0.406111 0.031250 0.072222 10 0.463867 0.074219 0.833056 0.148438 0.333889 3 0.449463 0.778125 0.481667 0.036250 0.075556 0 0.339844 0.80875 0.515833 0.022500 0.056111 6 0.258301 0.073008 0.833333 0.145859 0.333333 10 0.24585 0.054922 0.702222 0.109844 0.235556 1 0.204346 0.85625 0.753333 0.025000 0.060000 1 0.11084 0.157578 0.535 0.023281 0.043333 0 0.098083 0.751875 0.399444 0.018750 0.048889 0 0.089478 0.79875 0.428611 0.022500 0.046667 0 0.062103 0.3825 0.432222 0.021250 0.055556 10 0.060974 0.419688 0.391389 0.074375 0.113333 0 0.042084 0.569375 0.428889 0.023750 0.063333 2 0.028442 0.995 0.717222 0.010000 0.085556 0 0.012291 0.77875 0.44 0.022500 0.034444 1 0.011826 0.633125 0.373889 0.013750 0.039444 0 0.01033 0.995 0.722222 0.010000 0.100000 7 0.009933 0.270938 0.853333 0.153125 0.293333 1 0.009819 0.161406 0.528889 0.028437 0.055556 7 0.005798 0.73625 0.937778 0.075000 0.124444 1 0.005199 0.287813 0.573333 0.030625 0.064444 1 0.0047 0.127813 0.693333 0.031562 0.071111 0 0.004608 0.97125 0.662222 0.022500 0.067778 3 0.003944 0.995 0.729445 0.010000 0.105556 1 0.003693 0.85875 0.752222 0.037500 0.066667 1 0.002981 0.300156 0.666667 0.039375 0.071111 2 0.002913 0.9875 0.613333 0.025000 0.078889 1 0.002846 0.155781 0.545 0.028125 0.048889 1 0.002453 0.4725 0.452222 0.020000 0.042778 1 0.002333 0.986875 0.62 0.025000 0.064444 1 0.002323 0.330313 0.807778 0.021875 0.075556 3 0.00227 0.65875 0.361111 0.025000 0.044444 12 0.00226 0.735 0.937778 0.075000 0.124444 3 0.00215 0.008438 0.26 0.016465 0.033333 0 0.002132 0.5325 0.395 0.018750 0.048889 0 0.001919 0.005137 0.918333 0.010273 0.086667 0 0.001661 0.77 0.377222 0.017500 0.046667 6 0.001378 0.419375 0.391111 0.068750 0.103333 0 0.001341 0.80625 0.528333 0.027500 0.061111 2 0.001134 0.984375 0.597778 0.031250 0.104444 1 0.001107 0.308125 0.673333 0.045000 0.075556 2 0.00109 0.99625 0.952222 0.007500 0.095556 2 0.001048 0.65875 0.361111 0.023750 0.043889
CCTV01^20260318-110000-20260318-120000_000238,7 0.90332 0.32375 0.916667 0.084375 0.166667 6 0.894043 0.174844 0.676111 0.200000 0.252222 10 0.892578 0.102813 0.518889 0.160625 0.187778 6 0.881836 0.289375 0.546111 0.056875 0.163333 3 0.874023 0.264219 0.831667 0.067188 0.123333 10 0.85791 0.207852 0.429444 0.104922 0.133333 10 0.829102 0.341953 0.435278 0.158594 0.145000 3 0.818848 0.282813 0.710556 0.070312 0.098889 3 0.810547 0.524375 0.878333 0.068750 0.191111 0 0.790527 0.805 0.578889 0.027500 0.064444 0 0.775879 0.85875 0.597778 0.032500 0.080000 3 0.775879 0.91625 0.82 0.100000 0.147778 0 0.754883 0.338125 0.585 0.033750 0.073333 0 0.753418 0.784375 0.536667 0.026250 0.071111 0 0.726562 0.77125 0.86 0.042500 0.117778 1 0.71875 0.183125 0.800556 0.031875 0.077778 0 0.715332 0.35625 0.528333 0.025000 0.064444 10 0.713867 0.207813 0.537222 0.076250 0.176667 0 0.680664 0.895 0.567778 0.027500 0.086667 0 0.67041 0.8675 0.518333 0.025000 0.064444 1 0.65332 0.237344 0.723333 0.025312 0.065556 1 0.638672 0.690625 0.533889 0.018750 0.057778 1 0.637207 0.395625 0.546528 0.017500 0.051389 2 0.602051 0.82875 0.457222 0.030000 0.052222 0 0.57959 0.8375 0.486111 0.020000 0.052222 0 0.571777 0.462188 0.463889 0.025000 0.064444 0 0.439697 0.78 0.4525 0.020000 0.056111 1 0.435791 0.4325 0.476667 0.018750 0.047222 6 0.366699 0.445 0.379167 0.088125 0.096667 10 0.155029 0.075586 0.738333 0.151172 0.328889 3 0.09845 0.151484 0.966667 0.085469 0.066667 10 0.046387 0.445 0.38 0.087500 0.100000 0 0.043213 0.36625 0.599444 0.042500 0.067778 1 0.042572 0.7675 0.4275 0.015000 0.052222 1 0.027176 0.655625 0.437778 0.018750 0.052222 0 0.020172 0.357188 0.593889 0.029375 0.064444 1 0.015076 0.238594 0.707778 0.025937 0.064444 1 0.011826 0.6925 0.535278 0.030000 0.065000 3 0.011642 0.806875 0.973889 0.060000 0.052222 3 0.010986 0.365625 0.601111 0.045000 0.071111 0 0.010132 0.57 0.428889 0.023750 0.062222 1 0.008812 0.259688 0.517778 0.015625 0.053333 0 0.008476 0.655625 0.437222 0.017500 0.051111 1 0.004963 0.3975 0.551667 0.023125 0.070000 1 0.004646 0.027188 0.817778 0.034375 0.078889 1 0.00433 0.43625 0.474722 0.027500 0.058889 3 0.004135 0.008135 0.259167 0.015918 0.033333 0 0.002216 0.89375 0.597778 0.027500 0.066667 0 0.001987 0.81875 0.423889 0.013750 0.037778 1 0.001972 0.994375 0.967778 0.011250 0.064444 1 0.001912 0.433125 0.485556 0.022500 0.055556 0 0.001741 0.995625 0.934445 0.008750 0.124444 1 0.001714 0.447813 0.470556 0.038125 0.063333 0 0.001661 0.888125 0.552222 0.032500 0.067778 1 0.001585 0.685 0.529167 0.032500 0.059444 0 0.00149 0.006641 0.808889 0.013184 0.064444 3 0.001455 0.054219 0.24375 0.025312 0.031944 0 0.001389 0.7825 0.551111 0.027500 0.066667 1 0.001265 0.895 0.6 0.023750 0.062222 0 0.001134 0.9375 0.509444 0.052500 0.088889 3 0.00109 0.041875 0.761111 0.083750 0.151111 0 0.001073 0.99625 0.76 0.007500 0.093333 4 0.00104 0.9375 0.513056 0.055000 0.101667
CCTV01^20260318-110000-20260318-120000_000242,10 0.923828 0.105313 0.522222 0.163125 0.192222 10 0.90332 0.673125 0.493333 0.086250 0.195556 10 0.885742 0.138047 0.630556 0.226094 0.255556 6 0.873047 0.307344 0.533056 0.118438 0.177222 2 0.868652 0.8775 0.580139 0.051250 0.101944 7 0.865234 0.3875 0.484722 0.033750 0.078889 10 0.841797 0.414375 0.403333 0.128750 0.130000 3 0.834473 0.24 0.931667 0.075000 0.134444 5 0.830078 0.275 0.652222 0.073750 0.117778 3 0.827637 0.177148 0.826667 0.079453 0.123333 2 0.810547 0.199531 0.713333 0.051562 0.091111 1 0.79834 0.229687 0.775556 0.029375 0.075556 3 0.788086 0.524375 0.877778 0.068750 0.191111 0 0.779785 0.80875 0.807778 0.042500 0.102222 10 0.774414 0.208477 0.433889 0.106797 0.140000 5 0.771973 0.339063 0.63 0.062500 0.111111 0 0.769043 0.309375 0.805556 0.034375 0.086667 0 0.766113 0.3425 0.876111 0.055625 0.124444 0 0.764648 0.274687 0.783333 0.033125 0.074444 2 0.759277 0.8225 0.472778 0.027500 0.056667 2 0.757812 0.83125 0.63 0.037500 0.086667 0 0.749023 0.040313 0.892222 0.073750 0.123333 1 0.737305 0.316563 0.716667 0.024375 0.064444 10 0.730957 0.247344 0.467222 0.106563 0.156667 0 0.716797 0.79625 0.485 0.025000 0.058333 2 0.715332 0.985 0.793889 0.030000 0.110000 0 0.715332 0.7575 0.907778 0.040000 0.102222 0 0.708984 0.963125 0.692222 0.033750 0.093333 0 0.665527 0.138984 0.75 0.046719 0.086667 1 0.571777 0.292812 0.709444 0.027500 0.065556 0 0.550781 0.9925 0.710556 0.015000 0.073333 10 0.437744 0.674375 0.338333 0.046250 0.110000 10 0.416748 0.307813 0.533889 0.116875 0.176667 1 0.403564 0.401875 0.521111 0.021250 0.048889 0 0.246582 0.85 0.481111 0.016250 0.045556 0 0.20752 0.9125 0.575 0.030000 0.055556 0 0.206299 0.233906 0.641111 0.030313 0.068889 0 0.181885 0.307656 0.955556 0.054062 0.080000 1 0.169434 0.305 0.715556 0.013750 0.062222 0 0.125122 0.8675 0.504722 0.017500 0.050000 0 0.119629 0.252187 0.726667 0.038437 0.075556 0 0.092041 0.495 0.398333 0.021250 0.046667 1 0.072083 0.251406 0.726667 0.037812 0.073333 10 0.06189 0.04875 0.824444 0.097500 0.304444 1 0.050903 0.276719 0.758889 0.022813 0.057778 0 0.048676 0.296563 0.953333 0.033750 0.081111 6 0.043213 0.31625 0.451111 0.073750 0.121111 0 0.039185 0.75875 0.39 0.018750 0.047778 1 0.03125 0.294375 0.948889 0.027500 0.080000 0 0.028976 0.77625 0.383333 0.017500 0.051111 0 0.027802 0.994687 0.699445 0.010625 0.083333 0 0.025375 0.332813 0.574444 0.035000 0.057778 0 0.017303 0.909375 0.548889 0.023750 0.051111 0 0.013374 0.81875 0.434167 0.016250 0.032222 6 0.012772 0.483125 0.352222 0.072500 0.092778 3 0.010735 0.008838 0.260278 0.017012 0.033333 1 0.010651 0.818125 0.429444 0.015000 0.042778 2 0.010056 0.251875 0.724444 0.038437 0.073333 1 0.009781 0.240625 0.756667 0.035000 0.080000 1 0.009521 0.88125 0.515556 0.017500 0.051111 2 0.00927 0.739375 0.374444 0.020000 0.045000 3 0.009125 0.52375 0.381667 0.028750 0.045000 0 0.008575 0.853125 0.488056 0.018750 0.053333 0 0.007317 0.59625 0.420556 0.027500 0.055556 10 0.007175 0.48375 0.350556 0.070000 0.093333 1 0.007038 0.77875 0.434167 0.015000 0.037778 6 0.006439 0.047539 0.824445 0.094609 0.300000 2 0.005619 0.006235 0.628333 0.012295 0.067778 1 0.0051 0.332188 0.380278 0.015625 0.033333 0 0.004364 0.99 0.745 0.020000 0.121111 11 0.00396 0.046992 0.817778 0.093516 0.135556 1 0.003944 0.00626 0.626667 0.012520 0.062222 2 0.003944 0.009346 0.624444 0.018691 0.066667 0 0.003607 0.30125 0.373333 0.017500 0.042222 1 0.003172 0.915 0.597778 0.026250 0.062222 0 0.002981 0.7925 0.475 0.026250 0.051111 0 0.002878 0.991875 0.611111 0.016250 0.064444 10 0.002174 0.985 0.848333 0.030000 0.303333 1 0.002068 0.88375 0.51 0.012500 0.047778 3 0.001853 0.332578 0.577778 0.039844 0.064444 0 0.001661 0.82 0.461389 0.022500 0.060556 2 0.001554 0.331797 0.577778 0.037656 0.064444 0 0.001285 0.995625 0.663333 0.008750 0.088889 0 0.001274 0.99625 0.857778 0.007500 0.106667 1 0.001206 0.288438 0.7 0.040000 0.075556 2 0.001184 0.9825 0.58875 0.035000 0.109167 0 0.001143 0.905625 0.528333 0.015000 0.048889 0 0.001134 0.99625 0.885556 0.007500 0.094444 0 0.001073 0.39125 0.495 0.037500 0.074444 0 0.001069 0.7575 0.400556 0.022500 0.057778 1 0.001065 0.2775 0.656111 0.062188 0.118889 0 0.001044 0.316406 0.666667 0.020313 0.044444 3 0.001032 0.054375 0.2425 0.024375 0.028333
CCTV01^20260318-110000-20260318-120000_000246,7 0.918945 0.35375 0.866667 0.086875 0.160000 10 0.916016 0.103438 0.522778 0.162813 0.192222 10 0.895508 0.208164 0.432778 0.105547 0.141111 2 0.880859 0.92 0.641667 0.067500 0.121111 10 0.873047 0.188281 0.597917 0.207500 0.233056 3 0.856934 0.524375 0.878889 0.067500 0.188889 6 0.852051 0.350625 0.4775 0.099375 0.148333 3 0.844727 0.230312 0.724444 0.066875 0.104444 3 0.836426 0.275781 0.757778 0.060313 0.113333 3 0.834473 0.291719 0.631667 0.064062 0.082222 2 0.820801 0.133125 0.859445 0.052500 0.126667 2 0.801758 0.67625 0.475278 0.030000 0.061667 2 0.775879 0.9875 0.827778 0.025000 0.117778 0 0.753418 0.93 0.724444 0.047500 0.095556 0 0.726562 0.313594 0.916111 0.047812 0.112222 10 0.710449 0.465312 0.365278 0.094375 0.115556 1 0.700684 0.185625 0.885 0.033125 0.085556 0 0.682617 0.35 0.553889 0.028750 0.068889 0 0.682617 0.322813 0.695556 0.032500 0.077778 0 0.668945 0.17125 0.73 0.042500 0.091111 0 0.651367 0.289844 0.815556 0.037188 0.100000 1 0.649414 0.8325 0.668889 0.023750 0.077778 3 0.647949 0.240938 0.931111 0.076250 0.133333 0 0.640625 0.395 0.543333 0.031250 0.062222 0 0.637207 0.83125 0.463889 0.022500 0.057778 2 0.629883 0.468437 0.432222 0.029375 0.054444 0 0.613281 0.24125 0.818889 0.038750 0.086667 10 0.607422 0.069531 0.816667 0.139063 0.366667 0 0.586914 0.327188 0.634444 0.033750 0.068889 2 0.57959 0.407188 0.438333 0.023125 0.056667 10 0.563965 0.3075 0.397222 0.067500 0.121111 1 0.490234 0.319688 0.563333 0.021875 0.050000 0 0.428223 0.283281 0.586111 0.037500 0.054444 0 0.40918 0.420938 0.492778 0.020625 0.052222 10 0.377441 0.674375 0.339444 0.046250 0.110000 10 0.29248 0.351875 0.479722 0.102500 0.153889 1 0.23938 0.491875 0.461667 0.018750 0.048333 0 0.171021 0.445625 0.474722 0.019375 0.047222 1 0.134277 0.704375 0.396667 0.017500 0.044444 5 0.118408 0.5225 0.370556 0.033750 0.058889 2 0.11676 0.5225 0.370278 0.032500 0.058889 1 0.095032 0.37 0.586667 0.035000 0.057778 0 0.093323 0.443438 0.432222 0.018750 0.054444 0 0.093323 0.4925 0.461944 0.018750 0.048889 0 0.086609 0.277656 0.593889 0.038125 0.062222 0 0.069031 0.894375 0.585556 0.025000 0.053333 1 0.039795 0.188906 0.811111 0.035625 0.082222 0 0.03949 0.99625 0.697778 0.007500 0.070000 1 0.037323 0.955 0.673333 0.017500 0.060000 0 0.030792 0.98125 0.669444 0.027500 0.084444 0 0.029648 0.420625 0.505556 0.022500 0.058889 1 0.025467 0.98125 0.67 0.027500 0.082222 3 0.022888 0.73 0.253611 0.015000 0.030556 2 0.015129 0.995 0.942222 0.010000 0.102222 0 0.014839 0.441875 0.480556 0.021250 0.051111 0 0.013687 0.283125 0.791111 0.045000 0.077778 0 0.009598 0.472813 0.450556 0.038750 0.050000 3 0.009598 0.98625 0.602222 0.027500 0.084444 0 0.009598 0.9525 0.673333 0.021250 0.064444 0 0.009453 0.371875 0.581111 0.031250 0.055556 0 0.009453 0.94375 0.618889 0.027500 0.066667 1 0.00927 0.829375 0.668333 0.037500 0.083333 0 0.008781 0.995625 0.738889 0.008750 0.097778 0 0.008675 0.467813 0.433056 0.028750 0.053333 3 0.008514 0.467813 0.498889 0.034375 0.028889 1 0.007874 0.995 0.942222 0.010000 0.100000 0 0.006744 0.361875 0.39 0.023750 0.044444 4 0.005219 0.938125 0.513889 0.055000 0.101111 0 0.004887 0.3625 0.407222 0.030000 0.045556 0 0.004608 0.385938 0.516111 0.041875 0.063333 1 0.004433 0.326875 0.614444 0.026875 0.055556 2 0.004433 0.98875 0.620556 0.022500 0.090000 0 0.003099 0.296406 0.835556 0.033750 0.088889 0 0.003027 0.9375 0.511111 0.052500 0.094444 0 0.002958 0.78375 0.961667 0.045000 0.070000 2 0.002823 0.985 0.595556 0.030000 0.095556 1 0.002571 0.317813 0.556111 0.028125 0.050000 0 0.002398 0.995625 0.768333 0.008750 0.100000 0 0.002398 0.99375 0.86 0.012500 0.121111 0 0.00215 0.990625 0.672222 0.018750 0.095556 0 0.002132 0.995625 0.927778 0.008750 0.108889 1 0.002003 0.069063 0.63 0.031875 0.051111 0 0.001883 0.41375 0.528333 0.019375 0.064444 1 0.001883 0.84 0.674444 0.052500 0.097778 3 0.001796 0.008975 0.262292 0.017383 0.038750 10 0.001755 0.543125 0.285278 0.035000 0.069444 0 0.0017 0.306719 0.868889 0.030937 0.075556 0 0.001642 0.333438 0.621111 0.027500 0.061111 0 0.00149 0.348125 0.57 0.028750 0.068889 0 0.001427 0.395 0.385833 0.022500 0.039444 2 0.001315 0.005381 0.625556 0.010762 0.071111 0 0.001309 0.8875 0.588889 0.030000 0.055556 4 0.001309 0.988125 0.8775 0.023750 0.245000 4 0.001269 0.3625 0.410833 0.033750 0.045556 0 0.001225 0.315313 0.455556 0.040000 0.064444 10 0.001216 0.99 0.861667 0.020000 0.256667 1 0.001165 0.3375 0.411667 0.012500 0.043333 2 0.001151 0.3175 0.455556 0.042500 0.068889 1 0.001143 0.95875 0.67 0.022500 0.075556 7 0.001081 0.339063 0.826667 0.056875 0.091111 0 0.001024 0.9175 0.637778 0.075000 0.144444 12 0.001017 0.011709 0.064861 0.023145 0.104444 0 0.001008 0.415 0.494444 0.031250 0.056111
CCTV01^20260318-110000-20260318-120000_000250,10 0.905762 0.103594 0.52 0.161250 0.186667 2 0.877441 0.242344 0.695 0.046563 0.088889 10 0.876465 0.206836 0.434167 0.103203 0.142778 10 0.875 0.303281 0.508056 0.170937 0.185000 10 0.851074 0.84625 0.649444 0.173750 0.292222 3 0.849121 0.266719 0.752778 0.065000 0.117778 3 0.832031 0.270625 0.891111 0.080313 0.164444 2 0.818848 0.297188 0.651667 0.045625 0.083333 3 0.805664 0.524375 0.877778 0.068750 0.191111 3 0.799316 0.489063 0.45 0.036250 0.056111 0 0.713867 0.323672 0.661111 0.031406 0.082222 0 0.700684 0.400625 0.496111 0.028750 0.062222 10 0.663574 0.104297 0.707222 0.206406 0.280000 0 0.645996 0.798125 0.452222 0.023750 0.061111 0 0.615234 0.164687 0.875556 0.046250 0.112222 0 0.613281 0.335547 0.853333 0.041406 0.104444 1 0.571777 0.455625 0.443889 0.017500 0.046111 0 0.562012 0.320547 0.733889 0.032656 0.077778 6 0.480469 0.409688 0.410556 0.078750 0.117778 7 0.383057 0.313281 0.587778 0.041563 0.084444 1 0.336426 0.64625 0.471389 0.016250 0.056111 10 0.297363 0.484062 0.348333 0.075625 0.113333 6 0.277588 0.105 0.836667 0.206875 0.326667 10 0.172729 0.40875 0.41 0.081250 0.118889 0 0.156616 0.265625 0.613333 0.027500 0.062222 4 0.108582 0.228281 0.608889 0.033437 0.088889 5 0.100891 0.084297 0.944444 0.092969 0.111111 2 0.085693 0.229375 0.61 0.032188 0.086667 10 0.080383 0.290938 0.375 0.078125 0.124444 4 0.07135 0.313125 0.583889 0.043750 0.080000 3 0.062805 0.228594 0.608889 0.033125 0.088889 0 0.054199 0.213125 0.581111 0.032187 0.062222 1 0.05072 0.165898 0.874444 0.044453 0.113333 0 0.046722 0.6675 0.385833 0.020000 0.047778 10 0.036499 0.103906 0.84 0.205625 0.320000 0 0.035278 0.995313 0.747778 0.009375 0.084444 0 0.033203 0.9825 0.672778 0.030000 0.082222 2 0.031143 0.925625 0.646111 0.056250 0.124444 1 0.024887 0.84 0.463611 0.015000 0.043333 1 0.020248 0.75375 0.388056 0.015000 0.042222 2 0.018402 0.79875 0.450556 0.025000 0.065556 4 0.016159 0.926875 0.648889 0.057500 0.126667 3 0.013329 0.078281 0.942778 0.113437 0.114444 0 0.012726 0.221406 0.6 0.042813 0.093333 0 0.012383 0.96 0.642222 0.030000 0.080000 3 0.008743 0.5325 0.364722 0.022500 0.041667 2 0.008095 0.309375 0.656667 0.054375 0.082222 1 0.007637 0.743125 0.428889 0.017500 0.038889 0 0.006538 0.211875 0.539445 0.020625 0.048889 0 0.00589 0.99 0.67 0.020000 0.097778 0 0.005344 0.995 0.694444 0.010000 0.097778 0 0.00528 0.805 0.445556 0.032500 0.058333 0 0.005138 0.23 0.625556 0.028125 0.068889 1 0.004299 0.63 0.312778 0.012500 0.036667 0 0.003975 0.341875 0.395556 0.022500 0.045556 0 0.003511 0.95375 0.638889 0.035000 0.097778 1 0.003483 0.180938 0.543333 0.021250 0.046667 1 0.003456 0.169688 0.541667 0.019375 0.041111 1 0.002958 0.19125 0.519722 0.016875 0.037222 0 0.002878 0.9325 0.652222 0.060000 0.118889 1 0.002834 0.173438 0.547917 0.020000 0.044167 0 0.002434 0.1775 0.587778 0.037187 0.050000 1 0.002314 0.188438 0.524722 0.020000 0.042778 1 0.001623 0.630625 0.336667 0.013750 0.033333 1 0.001611 0.453125 0.446667 0.025000 0.063333 1 0.001574 0.774375 0.451111 0.017500 0.052222 3 0.001543 0.008901 0.261944 0.017041 0.036111 1 0.001501 0.26375 0.601111 0.028125 0.056667 0 0.001444 0.995 0.923333 0.010000 0.137778 1 0.00141 0.161211 0.531667 0.021328 0.040000 0 0.001383 0.399375 0.482778 0.032500 0.072222 0 0.001169 0.242188 0.668333 0.040000 0.045556 2 0.001138 0.995313 0.912222 0.009375 0.151111
CCTV01^20260318-110000-20260318-120000_000255,2 0.908691 0.92 0.645556 0.067500 0.128889 10 0.893066 0.206602 0.431111 0.104297 0.136667 10 0.888672 0.103457 0.516667 0.158398 0.183333 5 0.878906 0.299531 0.604445 0.079687 0.098889 3 0.874023 0.30875 0.813333 0.066250 0.120000 2 0.872559 0.198437 0.844444 0.051875 0.116667 10 0.856934 0.268438 0.542361 0.160625 0.204167 2 0.841797 0.249844 0.693333 0.036875 0.092222 3 0.838867 0.301563 0.695556 0.056875 0.113333 6 0.804199 0.395938 0.492778 0.105000 0.141111 3 0.78418 0.524375 0.877222 0.068750 0.192222 0 0.757812 0.7725 0.488889 0.027500 0.056667 1 0.747559 0.246875 0.796667 0.025938 0.078889 0 0.744629 0.2525 0.890556 0.041250 0.098889 3 0.741699 0.7375 0.565 0.060000 0.111111 1 0.705566 0.9075 0.726111 0.042500 0.065556 0 0.692871 0.218906 0.734445 0.034063 0.093333 1 0.680664 0.38 0.847778 0.034375 0.075556 3 0.675781 0.353672 0.945278 0.107656 0.109444 1 0.640625 0.620625 0.473056 0.017500 0.053889 9 0.613281 0.204102 0.941667 0.090547 0.113333 2 0.575684 0.85125 0.628889 0.051250 0.122222 10 0.563965 0.419375 0.398333 0.096250 0.117778 2 0.464844 0.47 0.476944 0.032500 0.053333 10 0.40918 0.056172 0.858889 0.112344 0.282222 4 0.407227 0.85125 0.628889 0.050000 0.124444 0 0.379395 0.035156 0.697778 0.062188 0.091111 0 0.375732 0.338438 0.616667 0.030000 0.060000 10 0.352295 0.292188 0.373333 0.075625 0.113333 1 0.341553 0.124375 0.774444 0.036563 0.071111 0 0.300781 0.183438 0.778889 0.036250 0.093333 0 0.219971 0.9925 0.712222 0.015000 0.082222 0 0.201782 0.993125 0.923889 0.013750 0.102222 0 0.15918 0.124766 0.773333 0.036719 0.071111 1 0.1427 0.183438 0.777778 0.034375 0.093333 1 0.139893 0.795 0.787778 0.027500 0.106667 0 0.136108 0.108613 0.71 0.058086 0.097778 1 0.117188 0.99375 0.917778 0.012500 0.115556 2 0.105225 0.5125 0.371111 0.021250 0.045000 4 0.09436 0.489375 0.440556 0.040000 0.057778 10 0.080383 0.48125 0.354444 0.067500 0.094444 0 0.079468 0.47125 0.418611 0.020625 0.050000 1 0.063721 0.133906 0.967778 0.038750 0.057778 1 0.060089 0.99625 0.786667 0.007500 0.068889 2 0.054993 0.994375 0.908889 0.011250 0.130000 1 0.048859 0.99 0.924444 0.020000 0.117778 0 0.046387 0.99125 0.646667 0.017500 0.080000 0 0.045349 0.449063 0.421944 0.022500 0.048333 3 0.045349 0.489375 0.441667 0.040000 0.058333 0 0.028656 0.9925 0.68 0.015000 0.140000 0 0.020721 0.349688 0.421111 0.026250 0.052222 0 0.017853 0.995 0.75 0.010000 0.131111 1 0.016846 0.6225 0.473333 0.031250 0.063333 0 0.016342 0.99625 0.787778 0.007500 0.077778 10 0.010986 0.545 0.242639 0.032500 0.085278 2 0.009087 0.989375 0.91 0.021250 0.146667 2 0.009018 0.35 0.421667 0.025625 0.053333 0 0.008286 0.24 0.463333 0.016563 0.050000 2 0.00589 0.97875 0.582222 0.042500 0.117778 1 0.005302 0.21625 0.495556 0.019687 0.035556 0 0.005138 0.76375 0.383889 0.020000 0.048889 0 0.004791 0.7725 0.465 0.023750 0.048889 1 0.004433 0.073281 0.644444 0.039062 0.067778 2 0.004417 0.709375 0.285278 0.015000 0.033333 0 0.004364 0.98625 0.613333 0.027500 0.124444 3 0.003565 0.008389 0.261111 0.016426 0.034444 0 0.003273 0.98875 0.928889 0.022500 0.110000 7 0.003248 0.203477 0.942222 0.090547 0.111111 1 0.002913 0.9175 0.955556 0.027500 0.073333 1 0.002693 0.990625 0.788889 0.018750 0.076667 1 0.00259 0.217969 0.484722 0.017500 0.047222 2 0.002512 0.536875 0.368056 0.020000 0.042222 0 0.002472 0.671875 0.382222 0.028750 0.054444 1 0.002359 0.77 0.4925 0.032500 0.059444 2 0.002306 0.99625 0.871667 0.007500 0.114444 1 0.002287 0.248438 0.797778 0.038125 0.091111 0 0.00227 0.90625 0.560139 0.025000 0.066389 4 0.002243 0.204219 0.941111 0.088437 0.112222 0 0.00205 0.99625 0.849444 0.007500 0.095556 0 0.001957 0.444375 0.432778 0.022500 0.050000 0 0.0017 0.208438 0.501944 0.033438 0.047778 0 0.001649 0.995 0.937778 0.010000 0.120000 0 0.00149 0.91125 0.542778 0.020000 0.064444 4 0.001356 0.6725 0.382222 0.030000 0.055000 3 0.001225 0.73 0.257222 0.017500 0.033889 0 0.001169 0.004287 0.693333 0.008311 0.066667 10 0.001161 0.9925 0.538889 0.015000 0.111111 1 0.001073 0.905 0.56 0.020000 0.058889 0 0.001053 0.324063 0.417222 0.025000 0.050000 0 0.001044 0.990625 0.742222 0.018750 0.117778 0 0.001032 0.95375 0.646667 0.027500 0.080000 1 0.00102 0.69875 0.244722 0.012500 0.028333 10 0.00102 0.98875 0.602222 0.022500 0.182222
CCTV01^20260318-110000-20260318-120000_000259,10 0.91748 0.104375 0.515833 0.161563 0.181667 10 0.901855 0.206875 0.433889 0.102500 0.144444 10 0.890137 0.07832 0.733333 0.147422 0.320000 3 0.874023 0.266563 0.838889 0.060000 0.124444 10 0.852051 0.417812 0.409167 0.103125 0.129444 3 0.84082 0.295938 0.632222 0.062500 0.080000 2 0.838867 0.283125 0.713333 0.040625 0.094444 2 0.833496 0.330313 0.758889 0.040625 0.101111 3 0.833496 0.20125 0.768889 0.064375 0.126667 3 0.833496 0.524375 0.877778 0.068125 0.191111 2 0.831055 0.9225 0.650556 0.067500 0.123333 2 0.790527 0.81 0.55125 0.027500 0.068611 1 0.782715 0.058662 0.937778 0.055957 0.080000 2 0.78125 0.432188 0.459444 0.037500 0.065556 1 0.766113 0.345 0.552361 0.024375 0.053056 2 0.763672 0.819375 0.721111 0.038750 0.100000 0 0.757812 0.75625 0.494444 0.025000 0.063333 0 0.750488 0.2375 0.615556 0.031250 0.075556 3 0.740234 0.374375 0.591667 0.063125 0.070000 3 0.697754 0.452812 0.480833 0.045000 0.052778 3 0.694336 0.50625 0.441389 0.036875 0.062778 0 0.673828 0.32125 0.480556 0.023125 0.053333 7 0.673828 0.256719 0.541667 0.046562 0.076667 0 0.672363 0.218125 0.579444 0.025625 0.064444 0 0.57373 0.9775 0.842222 0.045000 0.124444 1 0.569824 0.90875 0.831667 0.030000 0.094444 0 0.562012 0.825 0.450556 0.022500 0.053333 9 0.501953 0.256875 0.540972 0.047500 0.075833 1 0.486328 0.345937 0.827778 0.029375 0.070000 1 0.472656 0.8175 0.501944 0.017500 0.042778 1 0.460938 0.320937 0.661667 0.016875 0.058889 0 0.418701 0.87625 0.531944 0.022500 0.058333 1 0.416748 0.291875 0.488333 0.015000 0.044444 8 0.381104 0.303125 0.935 0.128125 0.130000 1 0.324219 0.36375 0.446111 0.017500 0.041111 0 0.248047 0.172813 0.596667 0.023125 0.066667 0 0.246582 0.34875 0.422778 0.021250 0.046667 0 0.199951 0.34625 0.827778 0.028750 0.068889 7 0.149048 0.63875 0.379167 0.026250 0.058333 2 0.128906 0.290469 0.435833 0.025312 0.048889 1 0.113159 0.257188 0.484444 0.018125 0.044444 6 0.093018 0.505313 0.3775 0.061875 0.093333 0 0.080627 0.628125 0.564444 0.025000 0.064444 0 0.071045 0.206563 0.526111 0.034063 0.054444 10 0.06189 0.505 0.377778 0.061250 0.094444 0 0.055206 0.995625 0.747778 0.008750 0.106667 0 0.049957 0.275313 0.455556 0.018750 0.039444 2 0.042725 0.010166 0.731111 0.020059 0.088889 3 0.041321 0.011182 0.736667 0.022246 0.111111 0 0.040833 0.44 0.447222 0.033750 0.052222 4 0.0401 0.63875 0.378889 0.026250 0.058889 1 0.030563 0.54 0.434444 0.018750 0.044444 0 0.030334 0.210156 0.513611 0.026875 0.047222 0 0.025177 0.995 0.695556 0.010000 0.073333 0 0.024704 0.214531 0.547222 0.028125 0.044444 10 0.022629 0.4925 0.341111 0.070000 0.121111 0 0.022034 0.995 0.787778 0.010000 0.115555 4 0.016159 0.97875 0.845 0.042500 0.113333 7 0.015305 0.287656 0.937778 0.085313 0.122222 0 0.0149 0.211563 0.504722 0.021875 0.036667 0 0.012527 0.99375 0.712222 0.012500 0.095556 4 0.008919 0.965625 0.96 0.066250 0.075556 5 0.006958 0.99125 0.732222 0.017500 0.157778 0 0.006798 0.7775 0.408611 0.017500 0.048333 0 0.005775 0.8225 0.441111 0.022500 0.050000 1 0.005363 0.786875 0.458333 0.018750 0.048889 3 0.005344 0.988125 0.597222 0.023750 0.086667 3 0.00526 0.008926 0.262222 0.016973 0.037778 1 0.004539 0.210781 0.528889 0.032813 0.051111 7 0.00433 0.965625 0.96 0.067500 0.080000 10 0.003197 0.295781 0.378333 0.068437 0.106667 9 0.003147 0.951875 0.954444 0.095000 0.091111 8 0.003099 0.275938 0.398333 0.030000 0.047778 1 0.003075 0.173125 0.59 0.025625 0.071111 0 0.002958 0.259375 0.428333 0.019375 0.043889 1 0.002935 0.97375 0.673333 0.017500 0.060000 0 0.002924 0.96375 0.958889 0.066250 0.073333 10 0.002834 0.97875 0.578889 0.042500 0.126667 3 0.00259 0.66 0.344167 0.025000 0.057222 0 0.002512 0.35 0.381111 0.018750 0.040556 1 0.002512 0.322578 0.658889 0.027344 0.066667 4 0.002388 0.66 0.344444 0.025000 0.057778 1 0.002174 0.340937 0.472778 0.012500 0.047778 0 0.0021 0.99375 0.612222 0.012500 0.066667 4 0.002075 0.986875 0.858333 0.026250 0.176667 0 0.002003 0.36125 0.435 0.018125 0.043333 0 0.001926 0.98375 0.818889 0.030000 0.084444 5 0.001853 0.54125 0.182917 0.018750 0.032222 0 0.00181 0.27625 0.443056 0.016875 0.047222 0 0.001768 0.631875 0.567639 0.036250 0.075833 10 0.001675 0.58125 0.375 0.031250 0.073333 6 0.001675 0.97875 0.577917 0.042500 0.130833 0 0.001661 0.75125 0.389444 0.017500 0.047222 1 0.001616 0.254375 0.456944 0.019375 0.042222 1 0.001616 0.144922 0.558333 0.030156 0.057778 3 0.001549 0.99125 0.731111 0.017500 0.157778 1 0.001467 0.79875 0.566667 0.015000 0.055556 1 0.001444 0.79125 0.577222 0.017500 0.053333 1 0.001399 0.18625 0.532222 0.017813 0.048889 3 0.001315 0.090918 0.978056 0.074414 0.043889 0 0.001279 0.995625 0.666667 0.008750 0.111111 1 0.001274 0.768125 0.453611 0.012500 0.031111 10 0.00123 0.011719 0.74 0.023320 0.302222 1 0.001143 0.72625 0.473333 0.021250 0.055556
CCTV01^20260318-110000-20260318-120000_000263,4 0.93457 0.332422 0.915556 0.070156 0.153333 10 0.908203 0.104141 0.52 0.158281 0.187778 10 0.898926 0.155938 0.58875 0.134375 0.224722 10 0.891602 0.206875 0.43 0.103437 0.133333 3 0.842773 0.176602 0.800556 0.073672 0.121111 9 0.82666 0.278125 0.643333 0.074375 0.146667 3 0.81543 0.254688 0.802222 0.065625 0.124444 3 0.811523 0.524375 0.877778 0.068750 0.191111 0 0.803223 0.8575 0.633889 0.030000 0.081111 0 0.800781 0.735 0.615556 0.027500 0.077778 0 0.796875 0.7875 0.616667 0.027500 0.073333 6 0.779785 0.400313 0.457222 0.068125 0.093333 0 0.778809 0.7875 0.719444 0.031250 0.095556 0 0.774414 0.329688 0.651667 0.028125 0.075556 1 0.760742 0.353125 0.496667 0.018750 0.048333 0 0.746094 0.264062 0.546667 0.028125 0.057778 1 0.73584 0.215625 0.655 0.024375 0.063333 0 0.715332 0.306875 0.486111 0.023750 0.057778 3 0.713867 0.44375 0.479167 0.043750 0.050556 3 0.668945 0.287813 0.57 0.057500 0.057778 2 0.525391 0.484688 0.445556 0.028750 0.053889 4 0.474609 0.399062 0.534444 0.059375 0.086667 10 0.440674 0.021133 0.655556 0.041875 0.263333 0 0.439697 0.90375 0.654444 0.027500 0.077778 3 0.355713 0.51125 0.411944 0.031250 0.047222 10 0.338135 0.494375 0.347778 0.080000 0.101111 0 0.329346 0.625938 0.566667 0.029375 0.066667 9 0.294189 0.398438 0.533889 0.058125 0.085556 0 0.29248 0.259375 0.477222 0.023125 0.046667 3 0.286133 0.119922 0.950556 0.090781 0.098889 9 0.281494 0.925625 0.890833 0.138750 0.218333 1 0.26123 0.24125 0.605556 0.021875 0.055556 4 0.258301 0.925 0.891389 0.137500 0.217222 5 0.229492 0.471562 0.413056 0.043125 0.054444 1 0.213379 0.9025 0.657778 0.025000 0.072222 10 0.180054 0.659375 0.327778 0.042500 0.111111 3 0.169922 0.47125 0.413889 0.042500 0.055556 7 0.157104 0.292813 0.448611 0.034375 0.066667 0 0.150513 0.241406 0.605 0.021875 0.054444 0 0.149048 0.991875 0.728333 0.016250 0.085556 3 0.134766 0.216563 0.957778 0.078125 0.083333 1 0.132935 0.373125 0.425833 0.012500 0.032778 7 0.119995 0.92625 0.891111 0.137500 0.217778 0 0.117554 0.76875 0.408889 0.017500 0.048889 1 0.115967 0.370625 0.393056 0.012500 0.035556 1 0.10376 0.395 0.391944 0.017500 0.040000 1 0.07135 0.99 0.726667 0.020000 0.084444 1 0.069031 0.7375 0.948889 0.022500 0.062222 0 0.065125 0.257812 0.465 0.024688 0.060000 3 0.063721 0.735625 0.385 0.027500 0.046667 4 0.063232 0.292188 0.447778 0.035000 0.067778 0 0.052612 0.37375 0.426944 0.015000 0.036111 0 0.047791 0.3475 0.389445 0.016875 0.036667 1 0.046906 0.7425 0.451389 0.018750 0.046111 0 0.046387 0.90625 0.638889 0.032500 0.077778 1 0.03595 0.248125 0.874444 0.022500 0.075556 3 0.034241 0.529375 0.375556 0.027500 0.040000 0 0.031372 0.995 0.716667 0.010000 0.090000 10 0.028015 0.3 0.377778 0.060625 0.110000 2 0.024139 0.99 0.733333 0.020000 0.071111 1 0.019638 0.83 0.711667 0.027500 0.081111 9 0.016983 0.01874 0.84 0.037363 0.205556 0 0.015717 0.260469 0.455 0.026250 0.054444 3 0.014557 0.009062 0.262708 0.017266 0.036806 0 0.013794 0.297813 0.451667 0.032500 0.063333 3 0.01178 0.482188 0.437778 0.030625 0.047778 10 0.010406 0.016777 0.612778 0.033555 0.173333 10 0.009972 0.639375 0.222778 0.027500 0.063333 3 0.008476 0.74125 0.379444 0.026250 0.041111 1 0.007404 0.98125 0.72 0.020000 0.095556 1 0.007347 0.978125 0.709444 0.018750 0.071111 1 0.006878 0.233125 0.591667 0.025000 0.054444 3 0.00639 0.749375 0.364444 0.025000 0.045556 1 0.006363 0.98875 0.64 0.021250 0.068889 1 0.006241 0.3725 0.428056 0.018750 0.040556 10 0.00526 0.050156 0.660556 0.096562 0.270000 0 0.005138 0.9075 0.617778 0.030000 0.071111 4 0.005062 0.7525 0.360556 0.027500 0.050000 1 0.004963 0.70875 0.775 0.022500 0.081111 0 0.004868 0.9925 0.638889 0.015000 0.080000 0 0.004868 0.995 0.772222 0.010000 0.094444 1 0.004364 0.223125 0.574444 0.013750 0.051111 10 0.004265 0.273906 0.397778 0.033750 0.058889 8 0.003593 0.273125 0.395556 0.035000 0.056667 10 0.003565 0.016855 0.864444 0.033711 0.271111 0 0.003389 0.43625 0.413056 0.026250 0.038333 1 0.003235 0.981875 0.668889 0.021250 0.060000 0 0.003147 0.284375 0.444722 0.029375 0.053889 0 0.003052 0.249375 0.590556 0.028750 0.055556 1 0.002935 0.356875 0.502778 0.032500 0.061111 0 0.002913 0.995 0.684444 0.010000 0.108889 0 0.00289 0.253437 0.452222 0.021875 0.053889 10 0.002867 0.014268 0.678333 0.028535 0.302222 1 0.002823 0.436875 0.413889 0.022500 0.038889 4 0.002714 0.484688 0.447222 0.030625 0.056111 2 0.002693 0.436875 0.413889 0.022500 0.037222 0 0.002253 0.277813 0.441111 0.021250 0.053333 9 0.001987 0.29875 0.415833 0.044375 0.060556 0 0.001987 0.98875 0.627222 0.022500 0.076667 0 0.001949 0.649375 0.443333 0.022500 0.045556 1 0.001926 0.24625 0.858889 0.028125 0.062222 2 0.001741 0.471875 0.411667 0.042500 0.058889 2 0.001661 0.995 0.897778 0.010000 0.140000 2 0.001597 0.92 0.886111 0.127500 0.207778 11 0.001519 0.013926 0.834167 0.027773 0.331667 10 0.001367 0.69875 0.256944 0.027500 0.065556 1 0.001356 0.82375 0.503611 0.017500 0.055556 9 0.001305 0.04793 0.67 0.095703 0.135556 12 0.001285 0.273281 0.397222 0.033750 0.058333 7 0.00123 0.016992 0.841111 0.033984 0.131111 0 0.001169 0.995 0.908333 0.010000 0.138889 1 0.001073 0.73625 0.947778 0.030000 0.077778 3 0.00102 0.499687 0.389722 0.025625 0.036111
CCTV01^20260318-110000-20260318-120000_000267,7 0.898438 0.744375 0.88 0.070000 0.231111 10 0.885742 0.77 0.597222 0.130000 0.255556 10 0.884277 0.102637 0.517222 0.159727 0.186667 5 0.868164 0.304844 0.582778 0.065313 0.096667 10 0.862305 0.254375 0.487222 0.145000 0.171111 4 0.845703 0.359063 0.567778 0.044375 0.093333 10 0.837402 0.207852 0.432222 0.106797 0.136667 3 0.831055 0.310625 0.667778 0.065625 0.093333 10 0.825684 0.095469 0.732778 0.190625 0.321111 3 0.811523 0.524375 0.877778 0.068750 0.191111 3 0.771973 0.364063 0.439167 0.030625 0.050556 0 0.754883 0.348125 0.925556 0.048750 0.106667 3 0.749023 0.366875 0.509167 0.061250 0.062778 0 0.747559 0.249844 0.847778 0.036875 0.088889 0 0.740234 0.86 0.516389 0.026250 0.063889 0 0.726562 0.234219 0.744444 0.034063 0.091111 0 0.72168 0.795 0.748889 0.035000 0.088889 3 0.708984 0.42 0.461944 0.040000 0.052778 1 0.705566 0.68375 0.611111 0.020000 0.068889 0 0.682617 0.207656 0.677778 0.035938 0.077778 2 0.660156 0.979375 0.726667 0.041250 0.095556 3 0.642578 0.400313 0.533611 0.045625 0.063889 10 0.602051 0.024766 0.657778 0.049141 0.267778 0 0.594727 0.175664 0.731111 0.041797 0.093333 0 0.546875 0.236562 0.632222 0.035000 0.071111 1 0.507812 0.82 0.931111 0.030000 0.092222 2 0.5 0.108262 0.818889 0.117852 0.153333 10 0.494141 0.77625 0.399444 0.071250 0.117778 3 0.466797 0.76375 0.478611 0.032500 0.053333 12 0.439697 0.744375 0.877778 0.071250 0.224444 3 0.418701 0.623125 0.403889 0.032500 0.068889 2 0.38501 0.032422 0.91 0.064844 0.128889 0 0.350342 0.304375 0.506111 0.030625 0.053333 3 0.348633 0.48 0.436111 0.036250 0.049444 10 0.336426 0.6725 0.386944 0.055000 0.135000 9 0.29248 0.390313 0.385 0.044375 0.074444 10 0.202393 0.291719 0.375833 0.074063 0.120000 4 0.184814 0.45625 0.473333 0.051250 0.071111 1 0.124634 0.274844 0.958889 0.024688 0.067778 2 0.119629 0.84625 0.603889 0.035000 0.086667 0 0.115173 0.626875 0.568889 0.027500 0.066667 0 0.107422 0.340625 0.420556 0.021250 0.051111 9 0.085388 0.455625 0.4725 0.050000 0.070556 4 0.048859 0.84625 0.604445 0.037500 0.085556 3 0.042389 0.391875 0.523056 0.037500 0.065000 1 0.036224 0.433125 0.423889 0.018750 0.036667 2 0.026962 0.518125 0.381389 0.023750 0.046111 1 0.02034 0.72 0.438889 0.021250 0.047778 0 0.016281 0.247813 0.826111 0.031875 0.083333 7 0.0159 0.39 0.384444 0.046250 0.073333 0 0.014839 0.82 0.934445 0.030000 0.091111 12 0.012527 0.39 0.383611 0.046250 0.076667 1 0.009857 0.40625 0.561111 0.021250 0.040000 10 0.008575 0.020254 0.607222 0.040430 0.167778 0 0.007755 0.245312 0.812222 0.026875 0.066667 5 0.007404 0.110547 0.817222 0.114844 0.154444 0 0.007175 0.994687 0.938889 0.010625 0.113333 0 0.006931 0.8475 0.607778 0.032500 0.084444 0 0.006145 0.98 0.725 0.040000 0.096667 1 0.0056 0.690625 0.612222 0.043750 0.084444 1 0.005138 0.338125 0.573333 0.012500 0.066667 0 0.004829 0.429375 0.441667 0.025000 0.036667 2 0.002834 0.979375 0.582778 0.041250 0.118889 2 0.002562 0.019531 0.909444 0.038711 0.133333 4 0.002453 0.032227 0.917778 0.064453 0.164444 3 0.00227 0.601875 0.105139 0.012500 0.015833 3 0.001883 0.99375 0.701111 0.012500 0.097778 1 0.001853 0.73625 0.436111 0.017500 0.037778 0 0.001579 0.995625 0.916667 0.008750 0.148889 0 0.001536 0.004058 0.978333 0.007949 0.043333 10 0.001519 0.5075 0.357778 0.046250 0.070000 2 0.001346 0.005684 0.877778 0.011113 0.131111 0 0.001216 0.289375 0.516667 0.030000 0.053333 0 0.001081 0.351875 0.577222 0.031250 0.077778
CCTV01^20260318-110000-20260318-120000_000271,10 0.921875 0.104375 0.521111 0.161875 0.191111 10 0.899902 0.207188 0.430833 0.104688 0.140556 10 0.889648 0.146328 0.645556 0.201094 0.270000 3 0.854004 0.7375 0.894444 0.066250 0.162222 9 0.850098 0.63125 0.421667 0.038750 0.101111 2 0.850098 0.347813 0.498333 0.050000 0.078889 10 0.84375 0.81875 0.647778 0.162500 0.296667 1 0.813965 0.315625 0.96 0.035625 0.075556 3 0.801758 0.524375 0.877778 0.069375 0.191111 10 0.790527 0.344688 0.428611 0.140625 0.148333 1 0.788086 0.305 0.620556 0.028750 0.060000 0 0.785156 0.265625 0.575556 0.024375 0.055556 3 0.778809 0.389375 0.565 0.054375 0.074444 2 0.766113 0.43875 0.461944 0.028750 0.057222 0 0.766113 0.305 0.851111 0.038125 0.106667 7 0.764648 0.23125 0.751111 0.057500 0.142222 3 0.757812 0.71125 0.605 0.055000 0.092222 0 0.725098 0.257969 0.88 0.042500 0.106667 3 0.686035 0.73 0.494444 0.037500 0.073333 10 0.677246 0.027773 0.650556 0.055391 0.238889 0 0.675781 0.306719 0.538333 0.024687 0.061111 0 0.624512 0.629687 0.571111 0.025625 0.064444 1 0.615234 0.89625 0.86 0.030000 0.091111 6 0.598145 0.8625 0.539861 0.097500 0.193611 0 0.594727 0.905 0.941111 0.050000 0.102222 2 0.57959 0.97875 0.728889 0.042500 0.093333 2 0.571777 0.81 0.489444 0.026250 0.056667 0 0.554688 0.259219 0.522778 0.023125 0.066667 2 0.505859 0.021699 0.952778 0.043164 0.094444 8 0.496094 0.230938 0.751667 0.057500 0.145556 1 0.472656 0.383437 0.515278 0.019375 0.036667 3 0.46875 0.473125 0.433056 0.036250 0.046667 3 0.466797 0.47125 0.478333 0.040000 0.052222 2 0.236572 0.79 0.454444 0.025000 0.056667 11 0.228149 0.631875 0.421111 0.038750 0.102222 0 0.194946 0.765 0.445 0.022500 0.056667 1 0.150024 0.69 0.406111 0.015000 0.043333 3 0.105591 0.440625 0.385 0.052500 0.048889 1 0.10376 0.995625 0.795556 0.008750 0.071111 0 0.089478 0.62 0.573333 0.046250 0.066667 10 0.083313 0.021562 0.838889 0.042813 0.322222 9 0.071838 0.509375 0.394444 0.032500 0.057778 0 0.071045 0.79 0.455 0.025000 0.058889 3 0.068054 0.53 0.365278 0.023750 0.037778 0 0.05542 0.955 0.618889 0.037500 0.068889 0 0.052612 0.420625 0.443333 0.032500 0.053333 0 0.05014 0.276563 0.494444 0.027500 0.053333 1 0.045532 0.60125 0.413333 0.013750 0.040000 0 0.039948 0.273438 0.505 0.023750 0.066667 1 0.037476 0.70625 0.418056 0.015000 0.042778 1 0.037201 0.66375 0.425278 0.017500 0.051111 3 0.034088 0.994375 0.796667 0.011250 0.077778 2 0.032959 0.4275 0.449444 0.038125 0.047778 1 0.031738 0.77125 0.471111 0.016250 0.038889 0 0.028442 0.995625 0.795556 0.008750 0.066667 1 0.026962 0.024395 0.693889 0.029180 0.070000 0 0.025864 0.228125 0.515556 0.020625 0.047778 1 0.020966 0.4175 0.451945 0.024375 0.042222 0 0.018478 0.023145 0.696667 0.031602 0.071111 11 0.0159 0.509375 0.396111 0.033750 0.057778 1 0.012871 0.60375 0.572222 0.020000 0.056667 10 0.011642 0.027188 0.626667 0.048125 0.127778 1 0.011467 0.89625 0.858333 0.055000 0.102222 11 0.011032 0.021445 0.814444 0.042578 0.228889 0 0.009193 0.420625 0.421389 0.028750 0.052222 1 0.007607 0.774375 0.480556 0.017500 0.041111 10 0.007488 0.261094 0.355833 0.103437 0.096111 1 0.007488 0.990625 0.793333 0.018750 0.077778 10 0.007462 0.022852 0.749444 0.045703 0.445556 10 0.007374 0.86375 0.54 0.097500 0.195556 1 0.007259 0.036406 0.688889 0.030156 0.066667 2 0.006565 0.661875 0.426667 0.020000 0.053333 3 0.006462 0.99 0.798333 0.020000 0.073333 7 0.00634 0.51125 0.3925 0.032500 0.061111 1 0.005577 0.3875 0.529167 0.035000 0.036111 3 0.004848 0.626563 0.236111 0.016250 0.029167 2 0.0047 0.017012 0.745556 0.033242 0.111111 1 0.004467 0.7825 0.476111 0.022500 0.055556 11 0.004398 0.018018 0.836111 0.036035 0.327778 9 0.004181 0.02043 0.787222 0.040859 0.204444 4 0.004101 0.51125 0.346667 0.030625 0.046667 2 0.00399 0.005103 0.862222 0.010186 0.092222 1 0.003796 0.67625 0.381111 0.012500 0.034444 3 0.003147 0.60375 0.134861 0.010000 0.016944 3 0.002846 0.515312 0.382778 0.028750 0.062222 0 0.002846 0.344063 0.496111 0.044375 0.067222 1 0.002779 0.705 0.394722 0.012500 0.042778 2 0.002758 0.005195 0.886111 0.010137 0.075556 0 0.002182 0.264062 0.508889 0.032500 0.064444 0 0.0021 0.204844 0.488056 0.035000 0.067222 2 0.00202 0.020566 0.782222 0.041133 0.175556 1 0.001987 0.90375 0.948333 0.047500 0.094444 0 0.001734 0.014766 0.853889 0.029531 0.106667 4 0.001592 0.509062 0.3975 0.033750 0.056667 1 0.001561 0.77875 0.498056 0.017500 0.039444 1 0.00149 0.017168 0.685556 0.029180 0.097778 10 0.001455 0.649375 0.161111 0.026250 0.057778 2 0.001356 0.995313 0.912222 0.009375 0.155556 1 0.001346 0.032578 0.64 0.026719 0.053333 2 0.001235 0.98875 0.608889 0.022500 0.091111 1 0.001225 0.043428 0.688889 0.021895 0.072222 0 0.001216 0.435 0.4175 0.018750 0.038333 1 0.001179 0.249375 0.448611 0.016875 0.051111 12 0.001143 0.991875 0.029583 0.016250 0.059167 1 0.001124 0.76125 0.385556 0.013750 0.031111 0 0.001124 0.995 0.921111 0.010000 0.146667 0 0.001116 0.99625 0.683333 0.007500 0.082222 0 0.001078 0.99625 0.866667 0.007500 0.097778 10 0.001044 0.54125 0.237639 0.026250 0.076944
CCTV01^20260318-110000-20260318-120000_000275,6 0.954102 0.91 0.632083 0.125000 0.240278 9 0.937988 0.7225 0.622222 0.082500 0.174444 10 0.90332 0.207656 0.430556 0.105313 0.133333 10 0.885742 0.228594 0.565556 0.180312 0.222222 2 0.865234 0.86375 0.885 0.052500 0.127778 10 0.856934 0.251563 0.803333 0.139375 0.383333 10 0.830078 0.103672 0.521111 0.160156 0.186667 3 0.804199 0.6675 0.580556 0.040000 0.082222 2 0.789062 0.359688 0.467778 0.034375 0.072222 6 0.779785 0.8 0.716667 0.077500 0.224444 0 0.775879 0.336875 0.835556 0.038125 0.113333 2 0.771973 0.8575 0.507222 0.042500 0.076667 3 0.753418 0.524375 0.877222 0.069375 0.192222 0 0.733887 0.339375 0.614444 0.027500 0.070000 10 0.725098 0.41125 0.3925 0.123750 0.140556 3 0.713867 0.659375 0.52 0.047500 0.070000 1 0.694336 0.308125 0.905556 0.028125 0.084444 2 0.673828 0.92125 0.826667 0.047500 0.113333 1 0.620605 0.32625 0.677778 0.021250 0.066667 0 0.615234 0.88875 0.710556 0.047500 0.092222 0 0.600098 0.88375 0.822778 0.041250 0.102222 2 0.588867 0.98125 0.802222 0.037500 0.091111 1 0.57959 0.315625 0.961111 0.036875 0.068889 3 0.567871 0.430313 0.472222 0.050625 0.066667 1 0.560059 0.7525 0.524167 0.020000 0.062778 3 0.550781 0.81625 0.596667 0.042500 0.080000 0 0.521484 0.322813 0.489444 0.023125 0.052222 1 0.505859 0.78 0.586111 0.022500 0.060000 10 0.485352 0.107969 0.838333 0.215937 0.323333 10 0.463867 0.025703 0.664445 0.050156 0.248889 1 0.462891 0.690625 0.735556 0.025000 0.075556 2 0.435791 0.83125 0.447778 0.025000 0.058889 1 0.414795 0.395 0.548333 0.022500 0.056667 3 0.297363 0.489063 0.427222 0.038125 0.054444 10 0.253906 0.073789 0.790556 0.147578 0.368889 0 0.219971 0.327813 0.441111 0.020000 0.050556 2 0.160767 0.98375 0.827778 0.032500 0.124444 12 0.140869 0.80125 0.716667 0.077500 0.224444 6 0.138428 0.980625 0.908333 0.038750 0.183333 10 0.064636 0.980938 0.903611 0.038125 0.192778 0 0.06076 0.7725 0.398333 0.022500 0.047778 5 0.058563 0.98125 0.908889 0.037500 0.182222 0 0.035156 0.981875 0.656667 0.032500 0.075556 3 0.030563 0.515313 0.375556 0.028125 0.043333 0 0.016022 0.87 0.773889 0.032500 0.080000 0 0.013374 0.8775 0.788889 0.042500 0.084444 2 0.012924 0.124531 0.661111 0.035937 0.071111 2 0.012772 0.033066 0.822778 0.065117 0.114444 2 0.00956 0.009741 0.873889 0.019482 0.081111 0 0.008125 0.99 0.762222 0.020000 0.125556 1 0.007637 0.011738 0.871111 0.023242 0.081111 3 0.007175 0.6325 0.310833 0.021250 0.043889 0 0.006718 0.99125 0.722222 0.017500 0.088889 2 0.006588 0.99 0.893333 0.020000 0.156667 0 0.006004 0.9925 0.67 0.015000 0.084444 0 0.005665 0.324688 0.395 0.016250 0.042222 2 0.005489 0.98375 0.908889 0.032500 0.182222 8 0.00528 0.295156 0.446667 0.033125 0.070556 10 0.004757 0.019434 0.625 0.038711 0.153333 3 0.004593 0.27 0.576667 0.070625 0.085556 1 0.004398 0.7475 0.521944 0.035000 0.069444 12 0.003483 0.295312 0.446111 0.033125 0.068889 1 0.00316 0.025117 0.837778 0.049375 0.115555 1 0.002581 0.313438 0.892222 0.033125 0.080000 1 0.002342 0.82875 0.647778 0.025000 0.068889 1 0.002333 0.765 0.563333 0.027500 0.044444 3 0.002333 0.8475 0.971111 0.060000 0.057778 10 0.00227 0.988125 0.657778 0.023750 0.242222 1 0.002182 0.725625 0.440556 0.016250 0.048889 0 0.002125 0.993125 0.696667 0.013750 0.095556 2 0.002035 0.014316 0.857778 0.028359 0.097778 3 0.002003 0.6475 0.251042 0.017500 0.027917 1 0.001824 0.333047 0.676667 0.032656 0.075556 1 0.0017 0.733125 0.45 0.021250 0.052222 0 0.001642 0.348125 0.410278 0.015000 0.046667 3 0.001585 0.51875 0.341111 0.025000 0.035556 1 0.001478 0.565625 0.485833 0.013750 0.036667 0 0.001389 0.98875 0.657778 0.022500 0.088889 10 0.001335 0.043672 0.682222 0.084063 0.307778 3 0.001197 0.254688 0.587778 0.038750 0.062222 0 0.001179 0.317188 0.4925 0.030000 0.054444 1 0.001151 0.82 0.636667 0.042500 0.097778 0 0.001044 0.251563 0.633889 0.037500 0.064444 12 0.001017 0.011426 0.057431 0.022500 0.069861
CCTV01^20260318-110000-20260318-120000_000279,10 0.911133 0.207656 0.431667 0.105313 0.137778 10 0.906738 0.104219 0.526111 0.163438 0.198889 10 0.868652 0.299844 0.643889 0.129062 0.272222 10 0.841797 0.166563 0.775 0.182812 0.380000 10 0.824219 0.363438 0.457778 0.133125 0.161111 3 0.818848 0.7325 0.704444 0.055000 0.120000 10 0.813965 0.175352 0.612361 0.201172 0.250833 3 0.804199 0.769375 0.836667 0.061250 0.148889 3 0.792969 0.93125 0.874444 0.095000 0.162222 11 0.782715 0.74625 0.530556 0.100000 0.190000 3 0.770508 0.238438 0.916667 0.082500 0.155556 3 0.749023 0.379688 0.944444 0.108125 0.111111 2 0.684082 0.81 0.458056 0.025000 0.059444 3 0.662109 0.750625 0.945833 0.068750 0.108333 10 0.638672 0.9525 0.782778 0.095000 0.341111 10 0.635254 0.48875 0.347222 0.083750 0.110000 0 0.600098 0.059844 0.749444 0.042656 0.098889 0 0.592773 0.329688 0.772222 0.034375 0.095556 1 0.563965 0.306719 0.826667 0.030312 0.082222 3 0.554688 0.525 0.878889 0.070000 0.193333 1 0.552734 0.253125 0.811111 0.031875 0.071111 0 0.539062 0.335078 0.876667 0.039844 0.077778 0 0.383057 0.90625 0.631111 0.040000 0.081111 5 0.338135 0.525 0.877778 0.068750 0.193333 2 0.29248 0.015693 0.823333 0.031309 0.148889 10 0.256836 0.680625 0.380556 0.056250 0.134444 1 0.204346 0.63375 0.416667 0.017500 0.053333 9 0.132568 0.838125 0.899444 0.103750 0.201111 7 0.093994 0.83875 0.888889 0.105000 0.218889 0 0.078918 0.8825 0.530556 0.021250 0.065556 1 0.07666 0.22375 0.825 0.031875 0.071111 0 0.07666 0.291875 0.96 0.063750 0.074444 1 0.040833 0.648594 0.757778 0.027812 0.080000 2 0.019714 0.745625 0.349722 0.021250 0.041111 1 0.016663 0.432188 0.418333 0.020000 0.042778 6 0.016342 0.017256 0.872222 0.034512 0.255556 10 0.014503 0.020703 0.87 0.040625 0.260000 0 0.013069 0.326562 0.851667 0.025625 0.071111 3 0.011292 0.7125 0.290833 0.020000 0.035556 3 0.009453 0.014238 0.693333 0.027617 0.131111 0 0.007668 0.858125 0.493333 0.018750 0.051667 12 0.005821 0.98375 0.028611 0.032500 0.057222 12 0.00528 0.262344 0.39 0.027813 0.063333 0 0.004738 0.308594 0.834445 0.032813 0.085556 10 0.004314 0.020371 0.725556 0.040352 0.306667 1 0.004086 0.88375 0.54 0.020000 0.063333 8 0.003099 0.83625 0.892778 0.107500 0.214444 5 0.00255 0.015391 0.7 0.030703 0.153333 0 0.002502 0.307813 0.381667 0.020625 0.037222 0 0.002493 0.016709 0.736667 0.031973 0.077778 2 0.001912 0.013984 0.787778 0.027695 0.117778 0 0.001661 0.319219 0.841111 0.030312 0.073333 10 0.001611 0.9825 0.668333 0.035000 0.281111 10 0.001432 0.017051 0.813333 0.034102 0.373333 2 0.00141 0.90625 0.631111 0.045000 0.086667 10 0.001367 0.97125 0.811944 0.057500 0.376111 2 0.001362 0.104219 0.745556 0.044063 0.094444 1 0.00109 0.237813 0.808333 0.040625 0.087778
CCTV01^20260318-110000-20260318-120000_000283,10 0.888672 0.208281 0.430556 0.106250 0.134444 10 0.870605 0.265156 0.598889 0.149688 0.243333 3 0.867188 0.325313 0.841667 0.076875 0.131111 10 0.864258 0.81625 0.689861 0.155000 0.320278 10 0.842773 0.361875 0.455278 0.131250 0.160556 3 0.799316 0.272031 0.758889 0.078437 0.126667 10 0.779785 0.102734 0.521667 0.160781 0.190000 11 0.769043 0.67125 0.466667 0.055000 0.127778 3 0.769043 0.524687 0.877222 0.070000 0.192222 3 0.741699 0.8025 0.503889 0.037500 0.072222 0 0.737305 0.253438 0.895556 0.042500 0.113333 2 0.732422 0.94875 0.847778 0.052500 0.124444 3 0.730957 0.36625 0.598889 0.068750 0.084444 10 0.728027 0.48625 0.402222 0.086250 0.134444 2 0.672363 0.95125 0.664444 0.047500 0.088889 3 0.624512 0.162031 0.937778 0.087188 0.122222 1 0.613281 0.3925 0.851111 0.030000 0.078889 1 0.521484 0.431875 0.471111 0.020000 0.053333 10 0.519531 0.090938 0.776111 0.181875 0.382222 2 0.515625 0.90125 0.592778 0.042500 0.073333 3 0.457031 0.835 0.93 0.062500 0.133333 2 0.414795 0.70375 0.471111 0.025000 0.060000 0 0.407227 0.99 0.737222 0.020000 0.081111 0 0.375732 0.98375 0.881667 0.032500 0.114444 1 0.29248 0.21875 0.838333 0.029375 0.074444 0 0.262939 0.309063 0.687222 0.030000 0.073333 5 0.262939 0.375 0.926667 0.126250 0.137778 3 0.206909 0.99125 0.950556 0.017500 0.098889 3 0.197388 0.375703 0.925556 0.124844 0.127778 1 0.193726 0.71875 0.429444 0.020000 0.042222 0 0.191284 0.21875 0.837778 0.030000 0.077778 0 0.15918 0.354063 0.536111 0.025000 0.060000 1 0.108582 0.211094 0.898333 0.032500 0.072222 2 0.105225 0.227813 0.956667 0.055625 0.081111 1 0.084778 0.7975 0.448889 0.015000 0.040000 0 0.042389 0.280313 0.940556 0.025625 0.058889 3 0.025955 0.228125 0.953333 0.055625 0.080000 0 0.025665 0.009502 0.67 0.019004 0.080000 2 0.020889 0.363438 0.486389 0.052500 0.062778 5 0.019867 0.351953 0.923889 0.083594 0.125556 2 0.019119 0.200625 0.566667 0.037188 0.072222 1 0.018982 0.65875 0.391667 0.012500 0.038889 0 0.01799 0.8025 0.43 0.020000 0.051111 0 0.0159 0.99 0.917778 0.020000 0.102222 10 0.015305 0.46 0.382778 0.087500 0.124444 1 0.012527 0.21375 0.884445 0.031875 0.060000 3 0.011375 0.7575 0.969444 0.057500 0.060000 0 0.011162 0.9825 0.905556 0.032500 0.095556 1 0.010208 0.8 0.442222 0.020000 0.048889 1 0.009712 0.71625 0.822222 0.022500 0.076667 0 0.007904 0.9825 0.927778 0.027500 0.081111 0 0.005867 0.77125 0.436667 0.025000 0.051111 4 0.00528 0.3 0.42 0.034375 0.062222 1 0.005001 0.77375 0.437222 0.026250 0.052222 1 0.004467 0.6625 0.396389 0.015000 0.037778 1 0.00433 0.33625 0.65 0.016250 0.046667 1 0.003975 0.339375 0.642222 0.020000 0.045556 0 0.003027 0.345625 0.52 0.023750 0.048889 0 0.003027 0.30625 0.672222 0.021875 0.051111 0 0.002834 0.390938 0.845556 0.030000 0.077778 1 0.002779 0.003867 0.855556 0.007734 0.075556 0 0.002737 0.995 0.704444 0.010000 0.111111 0 0.002531 0.353125 0.521389 0.031250 0.050556 0 0.002342 0.279375 0.95 0.038438 0.073333 1 0.002323 0.3425 0.623333 0.023125 0.071111 0 0.00215 0.215937 0.547917 0.037500 0.073056 0 0.0021 0.995313 0.795556 0.009375 0.093333 1 0.001965 0.321797 0.74 0.022656 0.064444 1 0.0017 0.395625 0.852778 0.053750 0.092222 0 0.001616 0.225469 0.536111 0.039062 0.058889 3 0.001335 0.005913 0.874444 0.011826 0.106667 0 0.001269 0.22 0.525556 0.027812 0.045556 1 0.001169 0.705 0.470278 0.030000 0.068889 3 0.001165 0.542813 0.165556 0.016875 0.021111 1 0.001161 0.68625 0.41 0.012500 0.044444 1 0.001081 0.43 0.455556 0.018750 0.045556 0 0.001078 0.37 0.483889 0.046250 0.061111 0 0.001048 0.985312 0.734444 0.029375 0.088889 10 0.001037 0.013301 0.708889 0.026523 0.277778 3 0.001024 0.008823 0.2575 0.017119 0.040556 0 0.001017 0.9875 0.857778 0.025000 0.082222 3 0.001004 0.545313 0.161389 0.012500 0.022778
CCTV01^20260318-110000-20260318-120000_000287,10 0.907227 0.208086 0.431111 0.103828 0.134444 10 0.890137 0.461563 0.418056 0.105625 0.147222 10 0.889648 0.173438 0.725556 0.204375 0.342222 11 0.877441 0.74125 0.868889 0.122500 0.262222 10 0.871582 0.304063 0.529444 0.173125 0.183333 2 0.862305 0.230938 0.868889 0.043750 0.124444 3 0.853027 0.315 0.676667 0.050625 0.091111 10 0.824219 0.102578 0.521389 0.157656 0.185000 3 0.813965 0.76 0.68 0.052500 0.120000 3 0.809082 0.248594 0.782778 0.074688 0.122222 3 0.773438 0.524375 0.877778 0.068750 0.191111 0 0.726562 0.42625 0.894444 0.061250 0.116667 0 0.702637 0.795 0.468889 0.022500 0.061111 3 0.690918 0.69375 0.469167 0.041250 0.067222 2 0.67041 0.9875 0.74 0.025000 0.102222 0 0.647949 0.78625 0.844444 0.035000 0.095556 1 0.583008 0.2 0.863333 0.031250 0.097778 0 0.57959 0.272813 0.632222 0.027813 0.062222 0 0.537109 0.95625 0.79 0.041250 0.095556 2 0.515625 0.900625 0.711667 0.063750 0.138889 10 0.411133 0.409375 0.417778 0.108125 0.140556 1 0.399902 0.634375 0.424722 0.016250 0.052222 0 0.383057 0.305937 0.422222 0.023125 0.051111 5 0.370117 0.312188 0.826667 0.073125 0.162222 0 0.355713 0.845 0.472778 0.017500 0.046667 3 0.343262 0.047422 0.877222 0.091406 0.155556 3 0.336426 0.3125 0.824444 0.074375 0.157778 10 0.332764 0.067578 0.672778 0.135156 0.242222 2 0.327637 0.340625 0.395 0.021250 0.053333 3 0.282959 0.164531 0.96 0.083438 0.080000 2 0.273682 0.925 0.608889 0.055000 0.080000 0 0.265869 0.370937 0.84 0.040000 0.088889 5 0.189575 0.046797 0.878889 0.088125 0.155556 0 0.140381 0.373125 0.86 0.038750 0.067778 9 0.126343 0.9 0.71 0.062500 0.137778 1 0.111267 0.61625 0.425 0.018125 0.047778 12 0.09845 0.9 0.711111 0.063750 0.137778 7 0.098083 0.9 0.71 0.062500 0.137778 10 0.092346 0.925 0.883889 0.150000 0.232222 0 0.088196 0.96 0.811111 0.036250 0.073333 3 0.086914 0.394375 0.946111 0.090000 0.105556 0 0.086304 0.364063 0.833889 0.028125 0.084444 0 0.078369 0.87375 0.483611 0.023750 0.053889 1 0.059204 0.408125 0.498889 0.020000 0.043333 0 0.058563 0.405625 0.545 0.022500 0.054444 5 0.039642 0.091406 0.937778 0.116875 0.120000 1 0.028656 0.405 0.546111 0.023750 0.054444 8 0.025269 0.116406 0.668333 0.114688 0.147778 10 0.020966 0.019531 0.617639 0.038906 0.171389 10 0.020416 0.337422 0.932778 0.206406 0.134444 10 0.018372 0.040313 0.67 0.079219 0.266667 0 0.017715 0.3775 0.884444 0.044375 0.083333 1 0.013222 0.408125 0.509444 0.022500 0.051111 1 0.013168 0.606563 0.438889 0.013125 0.040000 6 0.012573 0.047109 0.88 0.091250 0.162222 0 0.011597 0.370625 0.906667 0.036875 0.057778 3 0.010567 0.924375 0.61 0.053750 0.077778 10 0.01001 0.020977 0.666111 0.041953 0.266667 1 0.009056 0.625625 0.422778 0.016875 0.050000 0 0.008347 0.3775 0.858333 0.051250 0.087778 3 0.008125 0.624063 0.238611 0.016875 0.033333 0 0.007149 0.017734 0.828889 0.034609 0.084444 0 0.007122 0.3925 0.824445 0.037500 0.088889 2 0.006439 0.993125 0.663333 0.013750 0.086667 10 0.006191 0.12248 0.67 0.126602 0.194444 4 0.00573 0.6425 0.353611 0.023750 0.046667 1 0.005535 0.202031 0.836667 0.032500 0.128889 2 0.004848 0.9925 0.687222 0.015000 0.125556 2 0.004314 0.405625 0.543889 0.025000 0.062222 1 0.00423 0.621875 0.43 0.024375 0.056667 11 0.0042 0.116797 0.67 0.116094 0.154444 10 0.00404 0.264688 0.393611 0.027500 0.051111 1 0.003855 0.61125 0.433333 0.020000 0.056667 3 0.00378 0.359453 0.936667 0.163594 0.126667 0 0.003765 0.256875 0.449444 0.014688 0.046111 1 0.003298 0.608125 0.420556 0.016250 0.045556 0 0.003052 0.369063 0.921667 0.036875 0.062222 9 0.003016 0.74 0.874445 0.121250 0.250000 0 0.003004 0.385938 0.94 0.070000 0.108889 6 0.002958 0.98875 0.780556 0.022500 0.223333 0 0.002913 0.26875 0.587778 0.034687 0.051111 10 0.002867 0.024805 0.817222 0.048828 0.333333 0 0.0028 0.011855 0.836667 0.023594 0.084444 3 0.002714 0.155391 0.581111 0.058906 0.068889 1 0.002296 0.258125 0.888889 0.020000 0.072222 2 0.00227 0.355 0.384444 0.016250 0.045556 1 0.00215 0.3925 0.461111 0.022500 0.050000 4 0.001972 0.379922 0.915556 0.126406 0.166667 4 0.001768 0.74875 0.924444 0.107500 0.151111 1 0.001727 0.400625 0.810556 0.025000 0.066667 1 0.001642 0.669375 0.341111 0.012500 0.042778 0 0.001642 0.022109 0.809445 0.043906 0.121111 0 0.001642 0.258125 0.886667 0.023125 0.071111 1 0.001478 0.4025 0.455 0.026250 0.054444 2 0.001461 0.012715 0.810556 0.025117 0.114444 10 0.001427 0.98875 0.827778 0.022500 0.288889 0 0.001325 0.99125 0.657778 0.017500 0.097778 10 0.001216 0.469375 0.387222 0.093750 0.153333 10 0.001197 0.036211 0.609861 0.069609 0.226944 5 0.001188 0.580625 0.384722 0.025000 0.052778 0 0.001174 0.39375 0.461111 0.025000 0.048889 0 0.001147 0.99625 0.784445 0.007500 0.102222
CCTV01^20260318-110000-20260318-120000_000291,10 0.912598 0.2075 0.434444 0.106250 0.141111 10 0.911621 0.104297 0.519444 0.163906 0.184444 10 0.905273 0.3025 0.566667 0.156250 0.224444 3 0.896973 0.316094 0.833333 0.067812 0.120000 10 0.880859 0.429375 0.444444 0.120000 0.154444 6 0.869629 0.285 0.895556 0.130000 0.208889 5 0.851074 0.21875 0.705 0.068750 0.127778 10 0.834473 0.110234 0.626806 0.218906 0.255278 3 0.829102 0.524375 0.876667 0.070000 0.191111 3 0.82666 0.216875 0.846667 0.075000 0.133333 3 0.812988 0.84375 0.840556 0.095000 0.160000 0 0.78125 0.65125 0.837778 0.036250 0.131111 0 0.775879 0.311719 0.706667 0.034687 0.091111 0 0.769043 0.89375 0.658889 0.037500 0.088889 0 0.713867 0.344375 0.765556 0.036875 0.084445 0 0.702637 0.96125 0.674444 0.037500 0.093333 0 0.702637 0.272031 0.746667 0.032188 0.078889 5 0.694336 0.6775 0.444444 0.040000 0.083333 2 0.680664 0.260313 0.703889 0.041875 0.092222 3 0.665527 0.4075 0.945 0.101875 0.110000 3 0.624512 0.144141 0.95 0.077031 0.100000 1 0.556641 0.23875 0.754444 0.022500 0.057778 10 0.535156 0.053555 0.872778 0.107109 0.254444 3 0.517578 0.476875 0.472222 0.043750 0.054444 5 0.509766 0.374375 0.571667 0.061250 0.085556 1 0.492188 0.841875 0.661667 0.025000 0.075556 0 0.435791 0.186562 0.638889 0.033750 0.071111 0 0.386719 0.793125 0.471667 0.022500 0.053333 2 0.307373 0.259062 0.48 0.024062 0.058889 10 0.2854 0.025859 0.632778 0.051406 0.216667 1 0.193115 0.66 0.392778 0.015000 0.042222 0 0.181274 0.262813 0.712222 0.041250 0.095556 1 0.136597 0.81375 0.453333 0.017500 0.045556 3 0.083313 0.4975 0.415278 0.030000 0.050000 1 0.080078 0.746875 0.478889 0.022500 0.053889 10 0.065613 0.460313 0.360556 0.078750 0.086111 0 0.063232 0.813125 0.455 0.020000 0.044444 5 0.059662 0.4975 0.415 0.030000 0.050000 1 0.050323 0.27875 0.421111 0.018750 0.043333 1 0.038757 0.995 0.941111 0.010000 0.091111 1 0.035828 0.3275 0.621667 0.031250 0.062222 10 0.034363 0.745 0.348333 0.042500 0.094444 1 0.027588 0.73875 0.435556 0.018750 0.043333 1 0.024612 0.318125 0.65 0.020000 0.048889 0 0.02272 0.7975 0.464167 0.025000 0.052778 0 0.018127 0.995 0.938889 0.010000 0.104444 9 0.015671 0.32125 0.475833 0.071250 0.077222 10 0.01519 0.011182 0.787778 0.022324 0.333333 1 0.014839 0.322188 0.63 0.024375 0.071111 0 0.014008 0.219375 0.63 0.025000 0.055556 0 0.013901 0.39375 0.496667 0.028750 0.046111 0 0.013535 0.32625 0.623889 0.031250 0.067778 1 0.012428 0.237813 0.746667 0.030625 0.061111 1 0.011963 0.385 0.398333 0.017500 0.037222 1 0.010696 0.74125 0.449167 0.025000 0.051111 1 0.010406 0.336875 0.623889 0.025625 0.060000 0 0.008713 0.314687 0.679444 0.027500 0.061111 0 0.008514 0.22125 0.654444 0.037500 0.062222 0 0.007904 0.21875 0.637778 0.033750 0.060000 1 0.006512 0.342813 0.628889 0.025625 0.064444 3 0.005981 0.40125 0.492778 0.043125 0.055556 0 0.0056 0.006445 0.708889 0.012813 0.110000 0 0.004791 0.244375 0.461111 0.016875 0.041111 0 0.004574 0.205938 0.628333 0.024687 0.056667 3 0.003765 0.005225 0.681111 0.010371 0.133333 2 0.003651 0.006313 0.684444 0.012529 0.131111 0 0.003538 0.78375 0.4 0.022500 0.046667 3 0.002632 0.1975 0.587778 0.045625 0.082222 1 0.002632 0.333125 0.611111 0.034375 0.077778 3 0.00259 0.985 0.592222 0.030000 0.098889 0 0.002443 0.256563 0.483056 0.026875 0.058889 0 0.002398 0.010313 0.708889 0.020625 0.120000 1 0.002314 0.270938 0.747222 0.035625 0.077778 10 0.002035 0.023828 0.593194 0.047266 0.131389 1 0.00181 0.99 0.941667 0.020000 0.101111 1 0.001727 0.235938 0.73 0.031875 0.082222 0 0.0017 0.250469 0.470556 0.021562 0.048333 1 0.001567 0.94125 0.594444 0.026250 0.060000 0 0.001554 0.178438 0.642778 0.031250 0.066667 0 0.001478 0.40125 0.491944 0.038125 0.051667 0 0.001467 0.99625 0.761111 0.007500 0.095556 10 0.001432 0.51125 0.322778 0.053750 0.096667 3 0.00132 0.414375 0.518611 0.036250 0.051667 0 0.001255 0.99625 0.732222 0.007500 0.087778 10 0.001151 0.028633 0.752778 0.057266 0.392222 1 0.001124 0.34875 0.623333 0.027500 0.064444 0 0.001116 0.996563 0.709444 0.006875 0.082222
CCTV01^20260318-110000-20260318-120000_000295,6 0.95752 0.2625 0.866667 0.123125 0.257778 10 0.902832 0.239375 0.518889 0.168750 0.185556 10 0.898926 0.349453 0.521111 0.139844 0.201111 10 0.868652 0.142344 0.708889 0.186875 0.311111 10 0.864258 0.207852 0.429167 0.106172 0.131667 10 0.86084 0.101855 0.521111 0.158789 0.184444 5 0.858887 0.284688 0.62 0.080000 0.097778 3 0.858887 0.302344 0.751111 0.054688 0.108889 2 0.836426 0.261719 0.682222 0.036250 0.092222 3 0.836426 0.347422 0.860556 0.083906 0.122222 3 0.835449 0.524375 0.876667 0.070000 0.193333 3 0.829102 0.155078 0.884445 0.071406 0.146667 10 0.819824 0.448125 0.423611 0.106250 0.131111 0 0.770508 0.652656 0.837778 0.039687 0.124444 2 0.747559 0.355 0.942222 0.057500 0.103333 0 0.743164 0.75625 0.609444 0.027500 0.085556 0 0.713867 0.301406 0.662222 0.027813 0.071111 0 0.704102 0.228125 0.691111 0.028750 0.076667 6 0.700684 0.82125 0.641667 0.077500 0.238889 0 0.67041 0.815 0.467222 0.022500 0.056667 3 0.67041 0.98625 0.901111 0.027500 0.157778 3 0.649414 0.051367 0.924444 0.102734 0.144444 3 0.535156 0.482812 0.463333 0.041875 0.055556 0 0.494141 0.8375 0.504444 0.026250 0.056667 10 0.42334 0.02875 0.645556 0.056953 0.232222 5 0.299072 0.402187 0.542778 0.055000 0.097778 1 0.122925 0.6775 0.612222 0.020000 0.065556 0 0.091064 0.260781 0.682222 0.038437 0.091111 0 0.076416 0.79375 0.427778 0.020000 0.046667 10 0.059875 0.040977 0.831111 0.081797 0.337778 1 0.051453 0.68625 0.443333 0.020000 0.054444 0 0.044678 0.353125 0.606667 0.028125 0.057778 2 0.032837 0.673125 0.389167 0.022500 0.051667 3 0.031616 0.4525 0.495556 0.046875 0.041111 3 0.021942 0.115469 0.977222 0.075156 0.045556 0 0.020569 0.673125 0.389722 0.021250 0.051667 1 0.019943 0.43125 0.463611 0.016250 0.042778 0 0.018829 0.35625 0.587778 0.031250 0.068889 2 0.018341 0.287344 0.627778 0.072187 0.104444 3 0.012726 0.525625 0.375556 0.030000 0.044444 3 0.012291 0.631875 0.322778 0.021250 0.042222 10 0.011162 0.030938 0.715556 0.061406 0.377778 3 0.010696 0.45125 0.969167 0.076250 0.061667 10 0.009972 0.493125 0.335556 0.071250 0.101111 2 0.008125 0.98625 0.614444 0.027500 0.073333 0 0.007694 0.995 0.917778 0.010000 0.136667 3 0.007404 0.989375 0.875556 0.021250 0.122222 0 0.00526 0.36625 0.56 0.031250 0.056667 0 0.004772 0.365 0.590556 0.053750 0.082222 0 0.004555 0.839375 0.549028 0.017500 0.044167 3 0.00425 0.60375 0.137917 0.011875 0.021389 1 0.004086 0.451875 0.452778 0.025000 0.047778 1 0.003975 0.293281 0.671667 0.027188 0.077778 0 0.003824 0.231875 0.677222 0.022187 0.070000 1 0.003796 0.343125 0.770556 0.025000 0.072222 0 0.003338 0.3875 0.572222 0.023750 0.047778 1 0.00297 0.416875 0.47 0.014375 0.036667 0 0.002531 0.99625 0.751111 0.007500 0.066667 1 0.002531 0.108438 0.885556 0.025000 0.075556 1 0.002192 0.253906 0.590556 0.021563 0.051111 0 0.002083 0.431875 0.465278 0.021250 0.043889 0 0.001926 0.8425 0.486667 0.020000 0.043333 1 0.001912 0.239063 0.643889 0.013750 0.053333 0 0.001897 0.995625 0.947778 0.008750 0.077778 10 0.001897 0.055625 0.774445 0.110781 0.388889 1 0.001755 0.681875 0.611111 0.033750 0.073333 2 0.001661 0.99125 0.645556 0.017500 0.122222 2 0.001574 0.2825 0.605556 0.076250 0.086667 3 0.001467 0.442813 0.484444 0.051250 0.037778 10 0.001378 0.985 0.905556 0.030000 0.188889 0 0.001367 0.248438 0.697222 0.023125 0.075556 1 0.001285 0.443125 0.459167 0.026250 0.047222 1 0.001151 0.60375 0.400833 0.015000 0.037778 0 0.001107 0.79625 0.415556 0.022500 0.054444 3 0.001107 0.441563 0.466111 0.035000 0.045556 3 0.00109 0.625625 0.247222 0.016250 0.030000 3 0.001081 0.013086 0.687778 0.025938 0.124444 2 0.001069 0.072383 0.646667 0.040234 0.071111 0 0.001048 0.823125 0.470278 0.038750 0.062222
CCTV01^20260318-110000-20260318-120000_000299,6 0.946777 0.259531 0.861111 0.117500 0.257778 10 0.896484 0.208164 0.434444 0.107422 0.141111 10 0.889648 0.423125 0.432222 0.102500 0.138889 10 0.873047 0.234844 0.578889 0.153438 0.222222 3 0.862305 0.743125 0.81 0.060000 0.144444 3 0.855957 0.300313 0.722222 0.047500 0.100000 5 0.850098 0.36875 0.521389 0.055000 0.082778 3 0.844727 0.524375 0.877778 0.070000 0.188889 3 0.84082 0.327813 0.811667 0.076250 0.110000 10 0.829102 0.102031 0.523056 0.156250 0.189444 3 0.808105 0.165 0.842222 0.068750 0.137778 0 0.794434 0.93 0.915 0.057500 0.125556 3 0.789062 0.4225 0.93 0.093750 0.131111 2 0.779785 0.259375 0.652222 0.034063 0.091111 0 0.763672 0.790625 0.565 0.026250 0.074444 3 0.759277 0.158516 0.732222 0.084531 0.106667 3 0.750488 0.95625 0.866111 0.087500 0.156667 0 0.715332 0.7725 0.685556 0.030000 0.095556 2 0.705566 0.335 0.886667 0.052500 0.100000 10 0.699219 0.081797 0.747222 0.163594 0.346667 0 0.695801 0.325 0.605556 0.027500 0.091111 0 0.692871 0.229375 0.677222 0.031250 0.077778 5 0.690918 0.066523 0.845556 0.131484 0.184444 1 0.689453 0.68875 0.807778 0.030000 0.088889 0 0.6875 0.300313 0.638889 0.028437 0.075556 2 0.6875 0.36 0.952222 0.058750 0.091111 0 0.684082 0.648125 0.833333 0.041250 0.120000 0 0.662109 0.871875 0.576667 0.027500 0.066667 3 0.645996 0.118359 0.943889 0.070156 0.112222 3 0.622559 0.479375 0.467222 0.042500 0.057778 3 0.484375 0.504375 0.428889 0.034375 0.051111 0 0.434082 0.78625 0.443889 0.025000 0.056667 10 0.414062 0.353828 0.4425 0.128594 0.150556 0 0.310791 0.86 0.537222 0.030000 0.056667 1 0.309082 0.0275 0.937778 0.054375 0.093333 5 0.299072 0.428125 0.500833 0.051250 0.076111 1 0.252441 0.89 0.637778 0.022500 0.065556 0 0.223999 0.258437 0.655556 0.033125 0.088889 0 0.150513 0.3875 0.542083 0.028750 0.062500 1 0.110474 0.358125 0.592222 0.025000 0.062222 0 0.097717 0.8675 0.567639 0.030000 0.071389 0 0.097717 0.98375 0.805556 0.032500 0.128889 1 0.083618 0.774375 0.626111 0.025000 0.066667 2 0.074524 0.128828 0.576111 0.040000 0.055556 3 0.060974 0.849375 0.903056 0.096250 0.193889 4 0.057068 0.770625 0.394722 0.032500 0.060556 2 0.054596 0.771875 0.393889 0.033750 0.063333 5 0.039185 0.85 0.902778 0.096250 0.193333 1 0.028656 0.016855 0.934445 0.033633 0.091111 0 0.026764 0.93875 0.73 0.040000 0.102222 1 0.025467 0.939375 0.733889 0.033750 0.095556 0 0.023239 0.96625 0.671111 0.030000 0.068889 4 0.022888 0.84875 0.902222 0.092500 0.186667 1 0.019638 0.68 0.436111 0.017500 0.057222 3 0.019348 0.35875 0.951111 0.060000 0.093333 1 0.017441 0.77375 0.674444 0.028750 0.091111 1 0.017303 0.773125 0.617222 0.020000 0.048889 0 0.016586 0.359063 0.584444 0.023750 0.053333 1 0.015961 0.97125 0.672222 0.037500 0.071111 0 0.015076 0.825 0.468056 0.022500 0.055000 1 0.014336 0.988125 0.775556 0.023750 0.077778 1 0.011467 0.89125 0.635556 0.032500 0.077778 2 0.01001 0.98375 0.82 0.032500 0.124444 9 0.009781 0.986875 0.85 0.026250 0.244444 0 0.009377 0.934375 0.707778 0.043750 0.100000 0 0.008286 0.97375 0.674444 0.041250 0.075556 1 0.007462 0.6525 0.487778 0.022500 0.052222 0 0.005913 0.8875 0.63 0.027500 0.077778 10 0.004791 0.524063 0.351389 0.067500 0.100000 0 0.004738 0.87875 0.593333 0.030000 0.061111 0 0.004364 0.85 0.901667 0.095000 0.181111 1 0.0042 0.352188 0.596667 0.018750 0.073333 3 0.004135 0.008823 0.661111 0.017646 0.124444 1 0.004101 0.9775 0.718889 0.022500 0.057778 11 0.003765 0.989375 0.823889 0.021250 0.263333 10 0.00358 0.634375 0.213889 0.030000 0.059444 0 0.003496 0.93625 0.688889 0.045000 0.066667 1 0.003311 0.009951 0.924444 0.019551 0.100000 3 0.003004 0.98375 0.855556 0.032500 0.164444 2 0.002993 0.295469 0.380556 0.021563 0.044444 0 0.00289 0.320312 0.577778 0.016875 0.053333 1 0.002846 0.68 0.838889 0.022500 0.063333 1 0.002726 0.94 0.713333 0.040000 0.092222 1 0.002684 0.8025 0.636111 0.022500 0.063333 0 0.00255 0.399375 0.57 0.021250 0.051111 0 0.002405 0.3225 0.594444 0.020625 0.077778 10 0.002287 0.014785 0.734444 0.029570 0.344444 12 0.002234 0.94625 0.722778 0.077500 0.150000 0 0.002083 0.305625 0.66 0.025625 0.057778 1 0.001926 0.355 0.575556 0.025000 0.048889 0 0.001796 0.3275 0.622778 0.024375 0.067778 1 0.001782 0.955 0.684444 0.022500 0.066667 0 0.001675 0.395625 0.517778 0.031250 0.063333 1 0.001661 0.9875 0.7 0.023750 0.060000 1 0.001611 0.9925 0.765 0.015000 0.063333 1 0.001611 0.675 0.869444 0.025000 0.076667 0 0.00145 0.865 0.527222 0.030000 0.055556 11 0.001416 0.96125 0.818889 0.077500 0.280000 10 0.001265 0.012363 0.646667 0.024180 0.246667 1 0.001188 0.98375 0.761667 0.032500 0.062222 0 0.001099 0.943125 0.724444 0.083750 0.190000 9 0.001099 0.966875 0.853333 0.066250 0.231111 3 0.001073 0.598125 0.116389 0.010000 0.022778 1 0.001017 0.97125 0.712222 0.025000 0.064444 0 0.001012 0.392813 0.557222 0.024375 0.067778
CCTV01^20260318-110000-20260318-120000_000303,10 0.927734 0.104062 0.526667 0.161563 0.200000 10 0.90918 0.209414 0.433889 0.107422 0.140000 6 0.891113 0.244688 0.766667 0.075000 0.208889 10 0.864258 0.309219 0.505 0.130938 0.188889 3 0.861328 0.354453 0.822222 0.079844 0.118889 10 0.861328 0.152578 0.626667 0.204844 0.261111 3 0.859863 0.524687 0.877222 0.070000 0.190000 2 0.836426 0.309375 0.681111 0.038750 0.088889 3 0.830078 0.7575 0.927778 0.065000 0.137778 2 0.820801 0.328203 0.624444 0.037344 0.084444 3 0.785156 0.124063 0.915556 0.069688 0.146667 0 0.778809 0.90375 0.702222 0.037500 0.094444 3 0.777344 0.38125 0.513333 0.048750 0.061111 3 0.777344 0.207969 0.674444 0.087187 0.097778 2 0.769043 0.27 0.593333 0.034375 0.066667 0 0.766113 0.69125 0.853333 0.036250 0.132222 0 0.750488 0.650625 0.835556 0.037500 0.128889 3 0.749023 0.178398 0.786667 0.066328 0.120000 5 0.713867 0.128203 0.751111 0.097656 0.142222 10 0.697754 0.40875 0.395833 0.107500 0.128333 3 0.67041 0.269531 0.667778 0.064062 0.093333 3 0.662109 0.40125 0.543194 0.045000 0.069167 0 0.658203 0.830625 0.488889 0.023750 0.057778 1 0.656738 0.8575 0.793333 0.028750 0.088889 3 0.647949 0.225938 0.942222 0.071250 0.113333 0 0.616699 0.336875 0.875556 0.043125 0.108889 0 0.57959 0.306094 0.904444 0.037812 0.091111 0 0.560059 0.41 0.905556 0.040000 0.115556 0 0.529297 0.848125 0.478333 0.021250 0.054444 1 0.505859 0.127422 0.813889 0.034531 0.063333 2 0.414795 0.98 0.921667 0.040000 0.156667 0 0.392334 0.89 0.594444 0.032500 0.077778 5 0.388672 0.4825 0.394444 0.039375 0.060000 10 0.378418 0.02875 0.867222 0.057500 0.265556 5 0.338135 0.490625 0.428333 0.038125 0.062222 3 0.300781 0.633125 0.380278 0.030000 0.063889 2 0.228149 0.78125 0.399722 0.022500 0.049444 10 0.212036 0.515 0.342778 0.080000 0.103333 0 0.191895 0.809375 0.479444 0.018750 0.055556 0 0.188965 0.301875 0.845 0.033750 0.074444 0 0.164551 0.98 0.921111 0.040000 0.153333 0 0.151978 0.394375 0.471111 0.026250 0.037222 1 0.125122 0.625625 0.421667 0.016250 0.042222 0 0.10376 0.4125 0.930556 0.038750 0.078889 0 0.093018 0.237188 0.607778 0.032500 0.050000 10 0.091064 0.66875 0.341667 0.045000 0.113333 0 0.07666 0.389062 0.463889 0.033750 0.045556 5 0.072388 0.485625 0.41 0.040000 0.058889 10 0.070557 0.023457 0.647917 0.046289 0.241945 0 0.068054 0.308437 0.937222 0.041250 0.113333 0 0.065857 0.75 0.390556 0.020000 0.047778 1 0.065613 0.634375 0.559444 0.022500 0.070000 0 0.064392 0.38 0.458056 0.021250 0.043333 0 0.060303 0.408125 0.872222 0.037500 0.071111 2 0.05835 0.49125 0.426389 0.038125 0.057778 0 0.054413 0.304063 0.866667 0.035000 0.103333 1 0.053589 0.80875 0.476944 0.017500 0.051667 1 0.046722 0.7075 0.615556 0.022500 0.062222 2 0.043213 0.270313 0.967778 0.036250 0.061111 3 0.041626 0.01501 0.807222 0.030020 0.138889 0 0.03833 0.841875 0.480556 0.028750 0.058889 6 0.025864 0.026367 0.867778 0.052344 0.264444 0 0.025467 0.8175 0.941667 0.041250 0.076667 3 0.024994 0.514063 0.403056 0.026250 0.041667 1 0.023956 0.02168 0.690556 0.026563 0.064444 0 0.023605 0.302344 0.818889 0.031250 0.091111 0 0.022461 0.63375 0.559444 0.025000 0.076667 0 0.022293 0.051719 0.702222 0.031094 0.068889 0 0.01445 0.271875 0.966667 0.033125 0.062222 2 0.012428 0.493125 0.473611 0.040000 0.063889 10 0.011116 0.016367 0.615556 0.032422 0.177778 1 0.010948 0.303438 0.804444 0.023125 0.071111 5 0.00956 0.513125 0.403333 0.026250 0.043333 0 0.009087 0.242656 0.601667 0.026563 0.054444 0 0.007786 0.3775 0.449167 0.017500 0.045000 0 0.007519 0.980625 0.634444 0.036250 0.073333 1 0.007233 0.607813 0.328056 0.011875 0.039444 1 0.007206 0.815 0.942222 0.040000 0.076667 0 0.006565 0.324375 0.897222 0.024375 0.102222 6 0.006439 0.705 0.254444 0.025000 0.060000 5 0.006313 0.49875 0.415 0.043750 0.051111 0 0.005821 0.85 0.477778 0.035000 0.067222 10 0.005775 0.035039 0.596528 0.068203 0.278056 0 0.005688 0.894375 0.61 0.031250 0.062222 0 0.005386 0.309375 0.958889 0.038750 0.073333 7 0.004963 0.310937 0.963889 0.039375 0.064444 3 0.004906 0.633125 0.263264 0.018750 0.033472 3 0.004719 0.008311 0.781667 0.016406 0.093333 3 0.0047 0.47125 0.97 0.120000 0.060000 3 0.0042 0.30625 0.368056 0.023125 0.040556 0 0.00404 0.3925 0.485 0.030000 0.050000 1 0.003651 0.43375 0.44 0.020000 0.045000 2 0.003052 0.50625 0.465 0.018750 0.056667 0 0.002867 0.82375 0.943333 0.067500 0.081111 0 0.002653 0.348125 0.908889 0.035000 0.077778 0 0.002443 0.341563 0.853333 0.055000 0.086667 3 0.002306 0.004341 0.728889 0.008369 0.086667 4 0.002199 0.98 0.918889 0.040000 0.162222 1 0.00205 0.13375 0.802222 0.032500 0.071111 1 0.00202 0.74375 0.407222 0.015000 0.063333 0 0.001883 0.00394 0.72 0.007764 0.085556 2 0.001755 0.30625 0.367222 0.021875 0.041111 1 0.001755 0.605625 0.406111 0.011250 0.034444 1 0.001741 0.471875 0.474167 0.020000 0.046111 1 0.001661 0.700625 0.776667 0.020000 0.064444 1 0.001597 0.8575 0.792222 0.047500 0.097778 0 0.001561 0.020332 0.691111 0.031289 0.073333 3 0.001525 0.174375 0.661111 0.095000 0.110000 1 0.001455 0.061875 0.82 0.032656 0.075556 3 0.001356 0.628125 0.340278 0.019375 0.034444 1 0.001356 0.307969 0.97 0.035313 0.055556 0 0.001235 0.84875 0.424167 0.027500 0.050556 2 0.001235 0.99375 0.886667 0.012500 0.123333 0 0.001225 0.815 0.486667 0.022500 0.061111 1 0.001151 0.403125 0.952778 0.030000 0.063333 1 0.001124 0.8075 0.475556 0.030000 0.056667 7 0.001008 0.066406 0.783333 0.042500 0.097778
CCTV01^20260318-110000-20260318-120000_000307,10 0.885742 0.2075 0.432222 0.105000 0.138889 10 0.85498 0.20625 0.585 0.184375 0.227778 3 0.842773 0.38375 0.87 0.095000 0.146667 10 0.832031 0.33625 0.476111 0.131250 0.173333 0 0.829102 0.31 0.835556 0.042500 0.093333 3 0.82666 0.81625 0.846111 0.092500 0.170000 3 0.804199 0.256563 0.681667 0.083750 0.093333 5 0.800781 0.239531 0.635556 0.091875 0.111111 3 0.799316 0.255938 0.764444 0.063438 0.111111 3 0.791992 0.386875 0.562778 0.062500 0.078889 3 0.788086 0.332188 0.647222 0.054375 0.085556 2 0.782715 0.097031 0.76 0.048594 0.102222 10 0.782715 0.103359 0.52 0.158906 0.188889 3 0.779785 0.41375 0.480833 0.050000 0.058333 3 0.778809 0.217812 0.887778 0.073125 0.174444 10 0.778809 0.825 0.665556 0.162500 0.315556 3 0.726562 0.524687 0.876667 0.070000 0.191111 3 0.708984 0.139219 0.927778 0.079375 0.140000 0 0.704102 0.273906 0.858889 0.038750 0.111111 1 0.702637 0.7075 0.556111 0.020000 0.060000 9 0.675781 0.659844 0.446111 0.055312 0.110000 0 0.656738 0.73625 0.875556 0.081250 0.117778 1 0.631836 0.155469 0.704444 0.041562 0.071111 3 0.613281 0.156719 0.798333 0.075312 0.118889 10 0.605957 0.047539 0.806111 0.095078 0.387778 0 0.600098 0.334688 0.745556 0.036875 0.088889 1 0.57959 0.194688 0.711667 0.028750 0.066667 1 0.571777 0.706875 0.502778 0.020000 0.055000 0 0.542969 0.307969 0.925556 0.037812 0.093333 0 0.527344 0.316563 0.581111 0.038750 0.057778 0 0.511719 0.305 0.71 0.032500 0.075556 2 0.505859 0.88875 0.566111 0.037500 0.070000 0 0.498047 0.90375 0.637778 0.037500 0.082222 9 0.476562 0.45375 0.418333 0.040000 0.093333 0 0.443604 0.36875 0.955556 0.050000 0.077778 0 0.437744 0.828125 0.463889 0.022500 0.057222 2 0.420654 0.332813 0.53875 0.035000 0.060278 1 0.416748 0.77875 0.463889 0.020000 0.060000 0 0.310791 0.286563 0.79 0.031250 0.084444 10 0.250977 0.023125 0.656528 0.045469 0.260278 1 0.237915 0.385 0.506389 0.021875 0.046667 1 0.225464 0.76125 0.412778 0.016250 0.045556 1 0.144165 0.68125 0.371944 0.012500 0.040556 0 0.117981 0.346875 0.906667 0.043750 0.088889 0 0.116333 0.331875 0.718889 0.027500 0.060000 10 0.108582 0.464687 0.356667 0.093750 0.106667 3 0.098755 0.63125 0.376389 0.030000 0.060556 0 0.073425 0.4275 0.961111 0.046250 0.062222 0 0.072388 0.90625 0.536111 0.037500 0.067778 1 0.067078 0.456875 0.902222 0.040000 0.080000 0 0.052429 0.461875 0.923333 0.054375 0.120000 0 0.048492 0.332188 0.694444 0.023750 0.053333 0 0.041931 0.328125 0.543194 0.041875 0.060278 2 0.040253 0.73 0.871111 0.073750 0.115555 0 0.039062 0.3375 0.875556 0.022500 0.062222 10 0.037201 0.017891 0.616667 0.035625 0.183333 0 0.03067 0.333125 0.967222 0.041250 0.061111 1 0.030212 0.77625 0.471111 0.027500 0.053333 4 0.020966 0.454375 0.418333 0.040000 0.094444 0 0.019638 0.384375 0.505278 0.022500 0.052778 0 0.017517 0.319219 0.756667 0.017188 0.060000 2 0.017242 0.9875 0.082083 0.025000 0.056944 0 0.015015 0.332813 0.703333 0.031875 0.071111 1 0.014839 0.455 0.886667 0.026250 0.055556 0 0.01445 0.466875 0.95 0.051250 0.088889 1 0.012772 0.710625 0.555556 0.035000 0.071111 0 0.012672 0.354063 0.922222 0.056875 0.104444 10 0.011467 0.030703 0.624444 0.059375 0.230000 0 0.009338 0.8325 0.454444 0.020000 0.050000 0 0.008316 0.328125 0.901111 0.024375 0.082222 9 0.008034 0.635 0.290833 0.030000 0.074444 12 0.007462 0.98375 0.026979 0.032500 0.053958 0 0.007122 0.337187 0.861111 0.015625 0.057778 10 0.007095 0.02791 0.76 0.055586 0.407778 1 0.005798 0.71125 0.505 0.035000 0.064444 0 0.005302 0.288438 0.776667 0.025625 0.067778 10 0.004719 0.45375 0.420833 0.041250 0.096667 2 0.004681 0.357812 0.355556 0.023750 0.042222 0 0.004574 0.34 0.891667 0.030000 0.085556 0 0.004299 0.305937 0.688889 0.024375 0.051111 0 0.004025 0.305469 0.854445 0.034687 0.105556 0 0.003796 0.4575 0.905 0.041250 0.085556 0 0.0028 0.421875 0.950556 0.035000 0.078889 0 0.002502 0.269063 0.896667 0.029375 0.073333 0 0.002493 0.333438 0.767222 0.035000 0.071111 1 0.002472 0.196875 0.705556 0.045625 0.068889 0 0.002296 0.311719 0.753333 0.024688 0.051111 0 0.002234 0.2675 0.877778 0.033125 0.104444 0 0.002192 0.311875 0.724445 0.020000 0.068889 11 0.002125 0.635 0.291111 0.028750 0.073333 1 0.0021 0.7025 0.499444 0.031250 0.063333 0 0.002068 0.3425 0.768889 0.027500 0.063333 0 0.001972 0.33375 0.531111 0.035000 0.054444 1 0.001972 0.36625 0.576111 0.025000 0.050000 0 0.001972 0.419375 0.928889 0.030625 0.062222 0 0.00181 0.833125 0.458333 0.035000 0.065556 1 0.00172 0.345313 0.772778 0.024375 0.062222 0 0.001675 0.470625 0.964445 0.045625 0.062222 1 0.001642 0.197031 0.691111 0.028750 0.073333 0 0.001585 0.323203 0.776667 0.024844 0.062222 2 0.001356 0.994375 0.625556 0.011250 0.077778 2 0.0013 0.52125 0.365556 0.023125 0.047778
CCTV01^20260318-110000-20260318-120000_000311,10 0.906738 0.207969 0.431667 0.105937 0.137778 10 0.881836 0.102637 0.526667 0.159102 0.193333 3 0.866211 0.245 0.763333 0.074375 0.137778 10 0.862305 0.093594 0.660139 0.186875 0.277500 10 0.854004 0.308437 0.496111 0.143125 0.185556 3 0.84375 0.760625 0.853333 0.080000 0.173333 3 0.835449 0.524687 0.876667 0.070625 0.191111 3 0.831055 0.260625 0.657222 0.084375 0.098889 3 0.819824 0.322578 0.748889 0.072344 0.102222 0 0.808105 0.301563 0.803333 0.041875 0.093333 2 0.800781 0.745625 0.605556 0.037500 0.082222 3 0.799316 0.3075 0.59 0.073125 0.075556 10 0.785156 0.400313 0.417222 0.103125 0.148889 0 0.757812 0.265 0.825 0.041875 0.114444 0 0.741699 0.349375 0.907778 0.050000 0.106667 3 0.740234 0.171563 0.776111 0.073125 0.115556 0 0.73877 0.763125 0.533333 0.025000 0.065556 1 0.699219 0.83375 0.795556 0.027500 0.088889 11 0.694336 0.86375 0.636111 0.137500 0.221111 0 0.690918 0.324922 0.664444 0.031406 0.077778 0 0.689453 0.309063 0.912778 0.051875 0.122222 1 0.680664 0.8375 0.910556 0.032500 0.098889 5 0.647949 0.465938 0.462778 0.045000 0.071667 0 0.609375 0.824375 0.466944 0.025000 0.057222 1 0.602051 0.400625 0.528333 0.030000 0.053333 0 0.577637 0.98 0.706667 0.037500 0.080000 0 0.546875 0.3625 0.538333 0.031250 0.063333 0 0.523438 0.3625 0.836667 0.037500 0.084444 7 0.501953 0.935625 0.930556 0.128750 0.138889 0 0.496094 0.400625 0.933889 0.045000 0.093333 0 0.414795 0.77625 0.445556 0.022500 0.055556 0 0.373779 0.84875 0.524444 0.023750 0.055556 3 0.359375 0.36125 0.606667 0.062500 0.066667 3 0.357666 0.48625 0.428056 0.033750 0.048333 1 0.334473 0.249844 0.591667 0.029062 0.054444 10 0.319092 0.023281 0.653889 0.045469 0.256667 0 0.299072 0.8775 0.543889 0.030000 0.055556 0 0.262939 0.3975 0.847778 0.044375 0.091111 0 0.209473 0.990625 0.718889 0.018750 0.083333 3 0.206909 0.4675 0.462222 0.046250 0.071111 1 0.152588 0.7125 0.781111 0.027500 0.085556 2 0.135254 0.362188 0.501667 0.029375 0.055556 3 0.132568 0.423438 0.470278 0.039375 0.059444 9 0.12085 0.935 0.929722 0.127500 0.140556 0 0.117554 0.42 0.477222 0.031250 0.054444 0 0.091064 0.361875 0.505 0.030000 0.060000 0 0.089478 0.75875 0.408333 0.020000 0.047778 10 0.085083 0.51 0.334167 0.088750 0.108333 0 0.082703 0.393438 0.477778 0.021875 0.051111 1 0.082703 0.191563 0.694444 0.025312 0.053333 6 0.064392 0.031875 0.9075 0.063750 0.185000 3 0.062805 0.9875 0.938889 0.025000 0.122222 0 0.061646 0.5125 0.441389 0.020000 0.051667 3 0.060516 0.307344 0.386111 0.035312 0.042222 0 0.043701 0.7125 0.779444 0.025000 0.085556 0 0.037201 0.328438 0.838889 0.024375 0.060000 0 0.036774 0.874375 0.560139 0.030000 0.050833 1 0.031982 0.4 0.861111 0.045000 0.094444 0 0.030563 0.341875 0.864444 0.036250 0.071111 0 0.026855 0.355312 0.82 0.035625 0.076667 0 0.022797 0.334063 0.849444 0.029375 0.070000 0 0.018906 0.40125 0.868333 0.045000 0.098889 0 0.017853 0.309531 0.942222 0.052813 0.100000 1 0.014557 0.36 0.541667 0.033750 0.061111 10 0.012527 0.016504 0.613889 0.032773 0.175556 0 0.012527 0.99375 0.707778 0.012500 0.082222 10 0.011162 0.033965 0.907222 0.067930 0.185556 0 0.010406 0.34375 0.842222 0.030000 0.086667 10 0.009338 0.035449 0.616111 0.067539 0.265556 10 0.009056 0.031191 0.792222 0.062383 0.288889 6 0.007965 0.041563 0.844444 0.082969 0.297778 1 0.007404 0.063047 0.819444 0.035156 0.088889 10 0.007317 0.457813 0.373333 0.043125 0.081667 0 0.007122 0.3025 0.885556 0.037500 0.071111 0 0.006931 0.319688 0.966667 0.065625 0.057778 3 0.006718 0.35125 0.607222 0.040000 0.060000 0 0.006668 0.41375 0.470556 0.023750 0.055556 0 0.006538 0.401875 0.897778 0.046250 0.124444 0 0.006512 0.410625 0.481944 0.018750 0.051111 0 0.00629 0.369375 0.489444 0.022500 0.047778 0 0.006073 0.312813 0.814444 0.038125 0.080000 0 0.005577 0.344375 0.813889 0.031250 0.068889 0 0.005138 0.392188 0.828889 0.031250 0.061111 0 0.004887 0.337813 0.373611 0.019375 0.044444 0 0.004646 0.293125 0.868889 0.024375 0.057778 1 0.004627 0.3775 0.555556 0.032500 0.067778 0 0.00404 0.74625 0.420556 0.022500 0.050000 0 0.003593 0.351875 0.805 0.028125 0.058889 1 0.003376 0.83625 0.795556 0.052500 0.102222 8 0.002453 0.935625 0.928611 0.128750 0.142778 1 0.002359 0.76625 0.468056 0.015000 0.037222 0 0.002296 0.33375 0.962222 0.043750 0.062222 9 0.00227 0.985 0.923889 0.030000 0.152222 0 0.00202 0.8325 0.567778 0.067500 0.090000 0 0.001942 0.84 0.503611 0.035000 0.046111 0 0.001934 0.341875 0.661667 0.021250 0.074444 1 0.001867 0.7375 0.378333 0.015000 0.038889 3 0.001853 0.42875 0.442222 0.028750 0.032222 1 0.001803 0.195938 0.702222 0.028125 0.073333 0 0.001768 0.403125 0.524444 0.029375 0.054444 0 0.001761 0.994375 0.685556 0.010000 0.092222 3 0.001623 0.995 0.771111 0.010000 0.102222 0 0.001549 0.315313 0.768333 0.060625 0.128889 3 0.00145 0.603125 0.135694 0.011250 0.016389 9 0.001444 0.964375 0.929722 0.071250 0.140556 3 0.001421 0.008813 0.260833 0.017217 0.033333 10 0.001416 0.9875 0.913333 0.025000 0.173333 0 0.001346 0.738125 0.433889 0.018750 0.030000 0 0.001315 0.328125 0.681111 0.045000 0.078889 10 0.001305 0.62875 0.171944 0.021250 0.057778 0 0.001274 0.48375 0.389445 0.016250 0.034444 2 0.001255 0.368125 0.378889 0.029375 0.041111 0 0.001179 0.77875 0.445278 0.038750 0.065556 0 0.001174 0.829375 0.4525 0.023750 0.045556 12 0.001017 0.010937 0.057639 0.021484 0.078750 3 0.001004 0.474687 0.432222 0.029375 0.054444
CCTV01^20260318-110000-20260318-120000_000315,10 0.911133 0.208125 0.431111 0.106875 0.136667 3 0.894043 0.337813 0.605556 0.075000 0.091111 10 0.880859 0.122891 0.795556 0.242969 0.393333 10 0.875977 0.104297 0.525 0.161719 0.192222 10 0.875 0.368125 0.441389 0.113750 0.163889 3 0.853027 0.524375 0.877778 0.071250 0.191111 3 0.850098 0.303594 0.581667 0.067188 0.072222 3 0.850098 0.25 0.916111 0.071250 0.150000 3 0.809082 0.230469 0.8 0.069375 0.115556 10 0.796875 0.132168 0.592361 0.156289 0.219722 3 0.78418 0.308125 0.692222 0.048125 0.106667 2 0.779785 0.810625 0.676667 0.037500 0.097778 0 0.773438 0.975 0.77 0.045000 0.104444 0 0.733887 0.309375 0.939444 0.049375 0.108889 3 0.720215 0.656875 0.466389 0.033750 0.073333 0 0.720215 0.86625 0.8 0.052500 0.104444 3 0.713867 0.178906 0.943889 0.064687 0.112222 0 0.70752 0.8775 0.892222 0.043750 0.120000 0 0.662109 0.806875 0.475556 0.025000 0.058333 10 0.644043 0.443125 0.379167 0.086250 0.123889 0 0.638672 0.236406 0.631111 0.032813 0.075556 1 0.637207 0.75 0.487778 0.022500 0.058889 0 0.637207 0.254063 0.602222 0.026250 0.060000 3 0.622559 0.44875 0.475278 0.043750 0.057222 2 0.607422 0.855625 0.589445 0.032500 0.081111 3 0.600098 0.495 0.442222 0.035000 0.047222 3 0.59082 0.484375 0.484444 0.046875 0.045556 0 0.57373 0.9125 0.607778 0.032500 0.071111 0 0.529297 0.282188 0.798889 0.034063 0.078889 0 0.527344 0.36 0.535 0.031250 0.056667 0 0.523438 0.985625 0.711667 0.028750 0.080000 1 0.498047 0.282969 0.736667 0.035313 0.078889 3 0.476562 0.42625 0.454444 0.033750 0.047778 0 0.476562 0.3525 0.793333 0.051250 0.073333 5 0.44165 0.405 0.540139 0.047500 0.077500 10 0.307373 0.022148 0.656806 0.044297 0.257500 0 0.221313 0.415625 0.475833 0.021250 0.049444 0 0.180054 0.288438 0.457222 0.021250 0.054444 5 0.175537 0.495625 0.404444 0.038750 0.054444 0 0.17334 0.77875 0.415833 0.022500 0.052222 3 0.170532 0.495313 0.411111 0.037500 0.065556 0 0.15979 0.245312 0.567222 0.025625 0.054444 3 0.144165 0.404375 0.54 0.048125 0.080000 0 0.138916 0.395 0.473611 0.018750 0.046111 3 0.137085 0.52375 0.361111 0.028750 0.045556 0 0.119995 0.281875 0.531389 0.022812 0.053889 0 0.11084 0.355938 0.946667 0.038750 0.086667 0 0.104858 0.40625 0.475556 0.022500 0.052222 0 0.095703 0.269375 0.492222 0.029062 0.060000 0 0.063049 0.254063 0.531667 0.022500 0.052222 1 0.060089 0.281719 0.726111 0.024062 0.062222 0 0.059204 0.250625 0.548889 0.028125 0.048889 3 0.056641 0.650156 0.379722 0.027188 0.048333 1 0.043518 0.39375 0.474444 0.022500 0.048889 0 0.034882 0.336875 0.763333 0.025000 0.066667 1 0.033203 0.225 0.538333 0.024375 0.061111 1 0.028549 0.336562 0.758889 0.023125 0.060000 10 0.024231 0.016563 0.617917 0.032813 0.184167 1 0.024048 0.705 0.485556 0.023750 0.063333 7 0.023956 0.74 0.357222 0.031250 0.070000 0 0.019272 0.22625 0.541667 0.023750 0.064444 1 0.018341 0.6675 0.403333 0.017500 0.043333 1 0.012871 0.995 0.941111 0.010000 0.102222 10 0.009857 0.6275 0.245833 0.027500 0.066111 10 0.008949 0.66125 0.248889 0.032500 0.071667 0 0.007874 0.35 0.777778 0.043750 0.070000 1 0.006588 0.355625 0.95 0.040000 0.087778 10 0.005688 0.01833 0.74 0.036660 0.342222 10 0.005219 0.032266 0.62 0.060938 0.243333 0 0.004848 0.278906 0.96 0.041563 0.071111 0 0.004829 0.43125 0.422222 0.025000 0.041111 3 0.004539 0.009224 0.264722 0.017549 0.041667 0 0.003914 0.99375 0.697222 0.012500 0.077778 0 0.00375 0.269688 0.471667 0.024375 0.058333 0 0.00375 0.359375 0.516944 0.033125 0.051667 12 0.003736 0.01125 0.057101 0.022070 0.071354 10 0.003708 0.067656 0.789445 0.135156 0.325556 3 0.003511 0.312344 0.39 0.024688 0.042222 0 0.003197 0.280938 0.817778 0.035000 0.084444 0 0.003099 0.360625 0.932778 0.033125 0.082222 3 0.00304 0.6025 0.139306 0.012500 0.019722 0 0.002314 0.284063 0.971111 0.046875 0.051111 0 0.002132 0.28 0.463333 0.022500 0.058333 0 0.001867 0.36125 0.495 0.028750 0.045556 1 0.00181 0.96375 0.635556 0.025000 0.060000 2 0.001649 0.581875 0.11875 0.012500 0.022778 1 0.001501 0.235 0.645 0.026250 0.074444 0 0.00149 0.256563 0.562222 0.030000 0.048889 0 0.00149 0.283125 0.550972 0.027500 0.051389 3 0.001416 0.402813 0.447222 0.035625 0.052222 0 0.00141 0.995 0.932778 0.010000 0.130000 0 0.001367 0.855625 0.590556 0.035000 0.082222 1 0.001285 0.365 0.488611 0.027500 0.051111 1 0.001285 0.314844 0.607778 0.028437 0.053333 1 0.001174 0.287813 0.748889 0.040000 0.085556 2 0.001161 0.995 0.861111 0.010000 0.127778 0 0.001143 0.016035 0.911111 0.032070 0.115556 0 0.001134 0.963125 0.637222 0.025000 0.072222 1 0.001024 0.2875 0.772222 0.042812 0.082222
CCTV01^20260318-110000-20260318-120000_000319,10 0.875 0.237344 0.641111 0.181562 0.276667 10 0.863281 0.205938 0.428611 0.100625 0.129444 10 0.863281 0.79625 0.745556 0.140000 0.364444 3 0.85498 0.301094 0.68 0.074688 0.100000 3 0.851074 0.249375 0.806667 0.060625 0.120000 3 0.847168 0.185781 0.878889 0.065000 0.137778 3 0.811523 0.69875 0.726667 0.057500 0.130000 10 0.79834 0.101074 0.520278 0.156914 0.187222 3 0.757812 0.135547 0.837778 0.090469 0.135556 0 0.730957 0.931875 0.658889 0.036250 0.080000 3 0.708984 0.42125 0.435 0.032500 0.048889 0 0.70752 0.86875 0.563333 0.027500 0.070000 3 0.686035 0.411563 0.479167 0.045000 0.053889 10 0.677246 0.465625 0.360556 0.091875 0.114444 0 0.662109 0.98125 0.795556 0.037500 0.097778 10 0.658203 0.159531 0.565556 0.143438 0.207778 0 0.633301 0.22875 0.923333 0.047187 0.120000 0 0.616699 0.267188 0.871111 0.027187 0.088889 3 0.600098 0.52375 0.876667 0.071875 0.191111 10 0.563965 0.054453 0.742222 0.108750 0.302222 0 0.556641 0.379375 0.412222 0.021250 0.051111 0 0.556641 0.290625 0.815556 0.032500 0.071111 10 0.556641 0.232969 0.547222 0.160313 0.192222 0 0.505859 0.30875 0.715556 0.030625 0.071111 0 0.505859 0.141563 0.739444 0.035312 0.076667 0 0.503906 0.315 0.782778 0.044375 0.078889 2 0.470703 0.071992 0.854445 0.058828 0.117778 1 0.460938 0.3225 0.436667 0.017500 0.044444 1 0.460938 0.645156 0.4675 0.027187 0.048889 0 0.449463 0.921875 0.758889 0.028750 0.086667 3 0.432129 0.4825 0.436389 0.037500 0.054444 3 0.424316 0.446875 0.478889 0.047500 0.066667 5 0.350342 0.52375 0.877778 0.072500 0.193333 3 0.332764 0.509375 0.398333 0.033750 0.047778 1 0.331055 0.363438 0.52 0.019375 0.050000 0 0.226807 0.326797 0.681111 0.026406 0.073333 10 0.202393 0.023086 0.647639 0.045156 0.244722 3 0.190063 0.41625 0.458611 0.041250 0.054444 3 0.173828 0.531875 0.360556 0.026250 0.042222 0 0.151001 0.78 0.407778 0.020000 0.053889 1 0.108582 0.9225 0.758889 0.032500 0.088889 0 0.073975 0.304844 0.687778 0.063438 0.082222 0 0.06781 0.233437 0.892222 0.035000 0.082222 0 0.048309 0.31625 0.688889 0.036250 0.064444 0 0.045868 0.34875 0.410556 0.020000 0.041111 1 0.037903 0.653125 0.417778 0.013750 0.042222 0 0.037201 0.4825 0.472778 0.023750 0.051111 3 0.024994 0.129844 0.956111 0.086250 0.087778 0 0.022537 0.085234 0.779444 0.040938 0.060000 0 0.019562 0.384375 0.531944 0.027500 0.055000 10 0.019348 0.018545 0.615556 0.036816 0.180000 0 0.018539 0.3525 0.601111 0.027500 0.064444 2 0.018402 0.302031 0.419167 0.022188 0.046111 1 0.018402 0.028125 0.945556 0.056094 0.093333 3 0.015671 0.426875 0.448889 0.028750 0.054444 2 0.014229 0.015713 0.900556 0.031348 0.072222 1 0.013687 0.374375 0.528611 0.025000 0.053889 1 0.012192 0.385625 0.532222 0.023750 0.053333 0 0.012146 0.380625 0.543889 0.038750 0.067778 0 0.010132 0.090703 0.768889 0.046719 0.075556 0 0.009636 0.02791 0.943333 0.055508 0.097778 1 0.009453 0.101875 0.772222 0.032500 0.080000 3 0.009377 0.324688 0.395556 0.022500 0.033333 0 0.008514 0.4025 0.548333 0.025000 0.075556 0 0.008217 0.302188 0.419167 0.022500 0.046111 0 0.007122 0.367188 0.591667 0.050625 0.070000 10 0.006958 0.660625 0.249167 0.032500 0.071667 1 0.004627 0.304688 0.75 0.034375 0.066667 0 0.004627 0.03375 0.831111 0.042656 0.086667 2 0.004055 0.021934 0.878889 0.043477 0.160000 3 0.003929 0.41375 0.492222 0.046250 0.056667 1 0.003885 0.995 0.947778 0.010000 0.093333 0 0.003565 0.984375 0.816667 0.031250 0.116667 0 0.003311 0.995313 0.944444 0.009375 0.095556 0 0.00321 0.5325 0.403889 0.020000 0.049444 3 0.002993 0.009146 0.2625 0.017334 0.037778 1 0.002867 0.358125 0.446111 0.013750 0.038889 0 0.002672 0.164844 0.743889 0.029375 0.075556 0 0.002632 0.408125 0.537778 0.031250 0.061111 3 0.002493 0.629687 0.230833 0.015000 0.029444 3 0.002296 0.48125 0.422778 0.037500 0.052222 0 0.00205 0.7825 0.406667 0.032500 0.063889 1 0.001972 0.316406 0.61 0.016563 0.047778 1 0.001846 0.6475 0.466111 0.042500 0.055556 12 0.001707 0.745 0.902778 0.081250 0.194444 0 0.001642 0.161719 0.738889 0.052188 0.091111 3 0.001567 0.313438 0.393889 0.044375 0.035556 0 0.001561 0.266094 0.891111 0.022813 0.093333 3 0.001549 0.48125 0.407222 0.041250 0.051111 0 0.001513 0.101094 0.752222 0.021250 0.053333 3 0.001501 0.5025 0.373056 0.015625 0.026111 0 0.00145 0.091016 0.741111 0.032188 0.053333 1 0.001444 0.658125 0.355 0.013750 0.038889 10 0.001356 0.382188 0.908889 0.226250 0.182222 1 0.001325 0.105938 0.79 0.031250 0.074444 1 0.001255 0.66875 0.418333 0.015000 0.051111 1 0.001235 0.091406 0.773333 0.053437 0.086667 0 0.001206 0.30625 0.705556 0.046250 0.071111 0 0.001151 0.375 0.583889 0.052500 0.060000 3 0.001099 0.407813 0.541111 0.031875 0.077778 0 0.001095 0.154219 0.762222 0.040000 0.060000 1 0.001065 0.638125 0.433333 0.020000 0.042222 0 0.001008 0.076563 0.837778 0.051875 0.124444
CCTV01^20260318-110000-20260318-120000_000323,5 0.839844 0.75 0.821667 0.077500 0.190000 10 0.829102 0.68625 0.47 0.085000 0.188889 10 0.827637 0.336875 0.524167 0.136875 0.202778 3 0.81543 0.261875 0.721111 0.055625 0.087778 3 0.794434 0.20625 0.746667 0.059375 0.100000 10 0.788086 0.185898 0.523889 0.126953 0.178889 3 0.786621 0.207344 0.93 0.073437 0.128889 3 0.770508 0.259688 0.651111 0.068125 0.086667 3 0.757812 0.524375 0.876667 0.070000 0.193333 10 0.744629 0.43375 0.414167 0.109375 0.139444 1 0.743164 0.81625 0.929444 0.032500 0.094444 10 0.704102 0.207656 0.429722 0.106250 0.129444 3 0.704102 0.150156 0.868889 0.075000 0.153333 2 0.704102 0.894375 0.916667 0.071250 0.142222 2 0.675781 0.262031 0.537222 0.028750 0.071111 0 0.663574 0.8325 0.572778 0.028750 0.077778 10 0.629883 0.087187 0.791111 0.174375 0.417778 10 0.548828 0.104766 0.526111 0.162344 0.190000 0 0.529297 0.234375 0.593333 0.030938 0.071111 3 0.486328 0.449063 0.483056 0.046250 0.047222 3 0.449463 0.49875 0.439444 0.040000 0.060000 0 0.405518 0.3 0.637778 0.026250 0.080000 1 0.397949 0.7925 0.440556 0.016250 0.046667 0 0.38501 0.196875 0.676667 0.042500 0.077778 0 0.375732 0.247813 0.821667 0.035625 0.085556 10 0.345947 0.351172 0.8775 0.193906 0.245000 0 0.334473 0.329063 0.641111 0.028125 0.068889 0 0.32251 0.207188 0.813333 0.037500 0.091111 10 0.142212 0.023008 0.658333 0.044922 0.265556 5 0.106689 0.300156 0.392778 0.050938 0.061111 0 0.070312 0.26 0.773333 0.034375 0.071111 0 0.068298 0.470938 0.433056 0.020000 0.047778 10 0.067566 0.105156 0.674444 0.210313 0.264444 0 0.066833 0.420938 0.482778 0.026250 0.041667 3 0.037598 0.3 0.392222 0.051875 0.061111 0 0.030441 0.238438 0.786667 0.038125 0.070000 0 0.029312 0.2325 0.78 0.031250 0.063333 0 0.022369 0.425625 0.473333 0.030000 0.052222 10 0.018768 0.017324 0.613889 0.034336 0.185556 1 0.017517 0.816875 0.930556 0.050000 0.107778 2 0.013847 0.51625 0.377222 0.027500 0.046667 1 0.013634 0.012568 0.967778 0.025098 0.064444 3 0.013481 0.515625 0.347778 0.027500 0.036667 1 0.013069 0.631875 0.336111 0.013750 0.036667 0 0.01297 0.253125 0.775556 0.056875 0.066667 0 0.009895 0.252969 0.964445 0.041562 0.062222 1 0.009781 0.247656 0.856667 0.028437 0.066667 3 0.007607 0.440938 0.473333 0.057500 0.053889 1 0.007206 0.47125 0.435556 0.020000 0.048333 1 0.004467 0.245 0.841111 0.028125 0.073333 1 0.004299 0.794375 0.442222 0.025000 0.053333 1 0.00428 0.82625 0.951111 0.052500 0.084444 1 0.004135 0.995 0.941111 0.010000 0.088889 0 0.003622 0.994687 0.935 0.010625 0.103333 0 0.003593 0.24875 0.841111 0.031875 0.086667 10 0.003525 0.66125 0.248333 0.035000 0.074444 8 0.003235 0.73125 0.947222 0.092500 0.105556 2 0.002453 0.995 0.93 0.010000 0.126667 10 0.002323 0.029297 0.62125 0.055859 0.228611 1 0.001867 0.010313 0.95 0.020625 0.086667 10 0.001399 0.045547 0.722222 0.091094 0.344444 3 0.001255 0.380313 0.362778 0.021875 0.034444 10 0.001161 0.011836 0.215556 0.022109 0.111667 0 0.001124 0.99625 0.76 0.007500 0.090000 1 0.001116 0.18875 0.683333 0.035000 0.080000 1 0.001095 0.394375 0.516667 0.017500 0.045556 1 0.001081 0.73125 0.452778 0.028750 0.062222 1 0.001048 0.497188 0.409167 0.022500 0.025556 2 0.001032 0.99625 0.895556 0.007500 0.132222 3 0.001017 0.008438 0.261944 0.016484 0.040000
CCTV01^20260318-110000-20260318-120000_000327,6 0.972168 0.322813 0.79 0.111875 0.295556 10 0.878906 0.250469 0.542778 0.182812 0.205556 10 0.850098 0.7825 0.74 0.160000 0.375556 3 0.842773 0.219844 0.885 0.074063 0.145556 10 0.813965 0.4025 0.452778 0.107500 0.170000 3 0.811523 0.29375 0.592222 0.069375 0.071111 10 0.777344 0.102344 0.777778 0.202813 0.377778 10 0.746094 0.209063 0.432778 0.107500 0.137778 2 0.73877 0.908125 0.922222 0.062500 0.135556 10 0.702637 0.102813 0.522222 0.160625 0.187778 0 0.699219 0.224062 0.666667 0.028750 0.082222 3 0.689453 0.178086 0.784445 0.078828 0.142222 3 0.684082 0.140703 0.945556 0.068906 0.108889 0 0.665527 0.25875 0.902778 0.038438 0.093333 0 0.654785 0.92375 0.733333 0.046250 0.093333 0 0.647949 0.24875 0.734444 0.034687 0.084444 0 0.575684 0.282656 0.937778 0.043750 0.108889 0 0.554688 0.234375 0.772222 0.037500 0.084444 3 0.496094 0.524687 0.878889 0.071250 0.195556 3 0.478516 0.459375 0.48 0.047500 0.050556 1 0.470703 0.8425 0.685 0.027500 0.078889 2 0.437744 0.9525 0.654444 0.045000 0.088889 1 0.363037 0.701875 0.885 0.032500 0.110000 5 0.357666 0.524375 0.877778 0.070000 0.195556 3 0.331055 0.068984 0.942222 0.096719 0.111111 2 0.327637 0.79875 0.464444 0.035000 0.081111 0 0.307373 0.835625 0.506111 0.027500 0.063333 0 0.264404 0.241094 0.750556 0.035000 0.094444 0 0.225464 0.328125 0.603333 0.023125 0.061111 3 0.185913 0.505 0.397778 0.028750 0.047222 5 0.17334 0.785 0.94 0.080000 0.120000 1 0.169922 0.6975 0.461389 0.028750 0.058333 10 0.154053 0.02416 0.656111 0.047773 0.257778 3 0.11084 0.261875 0.684444 0.033750 0.084444 0 0.091064 0.254063 0.723333 0.038125 0.091111 0 0.065613 0.7475 0.533889 0.027500 0.054444 1 0.064392 0.8775 0.953889 0.030000 0.083333 0 0.062805 0.78 0.487778 0.017500 0.053333 0 0.061646 0.296875 0.616111 0.028750 0.053333 0 0.057068 0.85375 0.493889 0.027500 0.063333 1 0.054199 0.77875 0.490833 0.020000 0.057778 10 0.041321 0.63875 0.311667 0.037500 0.095556 10 0.038177 0.366563 0.431667 0.109375 0.150000 0 0.038177 0.201875 0.956667 0.053125 0.081111 0 0.0354 0.93 0.681111 0.047500 0.073333 10 0.018021 0.277969 0.448889 0.128438 0.140000 1 0.015717 0.330312 0.54125 0.031875 0.050833 10 0.015015 0.017539 0.613889 0.034727 0.196667 0 0.012482 0.46375 0.419722 0.021250 0.045000 0 0.011116 0.84875 0.498333 0.040000 0.074444 1 0.007175 0.29875 0.613333 0.035000 0.055556 0 0.00639 0.329063 0.539028 0.030000 0.046389 10 0.005688 0.030488 0.611111 0.058477 0.253333 4 0.00526 0.495 0.273056 0.018750 0.030000 1 0.004452 0.84625 0.686667 0.055000 0.093333 6 0.00415 0.5075 0.350278 0.033750 0.059444 3 0.003004 0.005054 0.878889 0.009775 0.131111 1 0.002663 0.70625 0.886667 0.062500 0.120000 10 0.002472 0.66125 0.251736 0.031250 0.077639 1 0.00235 0.611875 0.422222 0.015000 0.051667 0 0.00215 0.995 0.939444 0.010000 0.121111 3 0.002132 0.411875 0.321944 0.031250 0.036111 0 0.002068 0.325 0.612778 0.025625 0.062222 10 0.00205 0.016475 0.736111 0.032949 0.382222 0 0.002043 0.280313 0.963333 0.049375 0.064444 2 0.001883 0.004998 0.88 0.009731 0.131111 3 0.0017 0.49625 0.271944 0.020000 0.032778 3 0.001461 0.034766 0.908889 0.069375 0.115556 3 0.001455 0.78625 0.940556 0.076250 0.118889 7 0.001367 0.5075 0.347778 0.036250 0.063333 0 0.001356 0.360938 0.893333 0.036250 0.084445 0 0.001315 0.81125 0.489167 0.037500 0.060556 0 0.001134 0.33125 0.607778 0.033750 0.071111 2 0.001048 0.995 0.932778 0.010000 0.134444
CCTV01^20260318-110000-20260318-120000_000331,10 0.878418 0.78875 0.753889 0.172500 0.394444 10 0.827637 0.1625 0.68 0.221250 0.296667 3 0.808105 0.323438 0.636667 0.065625 0.083333 3 0.771973 0.22125 0.722778 0.091250 0.112222 10 0.749023 0.102188 0.523333 0.159375 0.192222 10 0.704102 0.214336 0.428056 0.114453 0.140556 3 0.689453 0.312813 0.805 0.060000 0.116667 10 0.67041 0.449375 0.471111 0.103750 0.143333 3 0.660156 0.170313 0.866667 0.075625 0.135556 3 0.654785 0.524687 0.879444 0.071250 0.195556 0 0.640625 0.247656 0.845556 0.035000 0.095556 0 0.629883 0.285469 0.886111 0.044062 0.111111 2 0.554688 0.449375 0.966111 0.072500 0.067778 10 0.451416 0.366328 0.475278 0.151094 0.162778 0 0.42627 0.224688 0.806667 0.049062 0.112222 2 0.42627 0.37625 0.816667 0.057500 0.095556 8 0.424316 0.349922 0.88 0.091406 0.186667 0 0.416748 0.329063 0.675556 0.030625 0.073333 10 0.405518 0.465312 0.382222 0.094375 0.110000 0 0.345215 0.257188 0.752222 0.035000 0.097778 3 0.334473 0.114609 0.873889 0.075781 0.133333 0 0.294189 0.8675 0.574444 0.038750 0.082222 0 0.23938 0.891875 0.668333 0.038750 0.088889 3 0.209473 0.66625 0.436667 0.037500 0.064444 0 0.20752 0.028555 0.756111 0.055234 0.102222 0 0.188354 0.805 0.509722 0.030000 0.070556 10 0.187744 0.024355 0.664445 0.048711 0.271111 7 0.157104 0.351328 0.884445 0.092344 0.190000 3 0.14856 0.523125 0.363056 0.025625 0.043333 2 0.131226 0.225313 0.805556 0.051250 0.112222 0 0.128052 0.238125 0.83 0.046250 0.108889 12 0.115967 0.35125 0.884445 0.091875 0.191111 0 0.091736 0.7 0.940556 0.050000 0.116667 10 0.069519 0.94 0.861667 0.120000 0.276667 4 0.069275 0.029492 0.762222 0.058828 0.120000 0 0.068054 0.9825 0.698333 0.035000 0.087778 10 0.065613 0.295 0.445556 0.135000 0.153333 5 0.053589 0.786875 0.943889 0.083750 0.112222 10 0.048676 0.66125 0.302778 0.035000 0.101111 0 0.026764 0.81 0.445 0.027500 0.062222 0 0.026764 0.9075 0.644444 0.035000 0.086667 2 0.019424 0.89125 0.765556 0.040000 0.101111 1 0.012726 0.012363 0.811667 0.024609 0.075556 1 0.011505 0.028945 0.753333 0.053516 0.088889 3 0.010132 0.78625 0.945 0.082500 0.110000 3 0.008286 0.272031 0.97 0.072187 0.060000 10 0.00639 0.03375 0.590972 0.065781 0.280278 3 0.0056 0.025703 0.765556 0.051406 0.121111 1 0.005199 0.604062 0.426667 0.025000 0.056667 1 0.004829 0.157656 0.947778 0.048125 0.092222 0 0.004791 0.28125 0.87 0.030938 0.093333 6 0.004505 0.041719 0.912222 0.083438 0.175556 2 0.004299 0.156641 0.948889 0.049844 0.095556 2 0.00407 0.63125 0.215556 0.012500 0.025556 1 0.004005 0.278906 0.858889 0.020937 0.073333 10 0.003063 0.020977 0.615 0.041406 0.207778 3 0.002758 0.231875 0.532222 0.033125 0.043333 0 0.002653 0.910625 0.627778 0.033750 0.084444 4 0.002571 0.024297 0.817778 0.048438 0.233333 3 0.002472 0.491875 0.284444 0.021250 0.035556 0 0.002398 0.0179 0.77 0.035801 0.128889 1 0.002398 0.177813 0.931111 0.028125 0.071111 2 0.001972 0.213438 0.506111 0.025625 0.048889 0 0.001761 0.01793 0.736667 0.033672 0.067778 0 0.001623 0.009722 0.733333 0.018975 0.065556 2 0.001536 0.7175 0.330556 0.022500 0.040000 4 0.001525 0.49125 0.285 0.021250 0.033333 10 0.001467 0.013857 0.784444 0.027715 0.228889 9 0.001235 0.457188 0.285556 0.032500 0.060000 10 0.001192 0.015576 0.85 0.031152 0.300000 3 0.001053 0.008721 0.263333 0.017051 0.040556 0 0.00104 0.267188 0.862222 0.031875 0.102222 10 0.001028 0.026797 0.847778 0.052969 0.304444 6 0.001024 0.024043 0.832778 0.047930 0.263333
CCTV01^20260318-110000-20260318-120000_000335,10 0.903809 0.813125 0.786667 0.206250 0.415556 8 0.770508 0.302813 0.912222 0.130000 0.173333 2 0.760742 0.33875 0.752222 0.054375 0.100000 8 0.737305 0.293594 0.675556 0.048750 0.106667 3 0.733887 0.236094 0.871667 0.060000 0.135556 10 0.712402 0.94875 0.823889 0.102500 0.352222 10 0.708984 0.673125 0.381667 0.055000 0.132222 3 0.631836 0.88625 0.687778 0.062500 0.118889 2 0.62793 0.70875 0.561667 0.033750 0.080000 11 0.62793 0.392813 0.897778 0.141875 0.200000 3 0.57373 0.524063 0.877778 0.070000 0.193333 10 0.565918 0.357188 0.505278 0.148125 0.193889 3 0.513672 0.167812 0.75 0.072812 0.113333 2 0.503906 0.290625 0.762222 0.046250 0.103333 10 0.470703 0.065586 0.8575 0.131172 0.285000 3 0.355713 0.479063 0.46 0.041250 0.043333 10 0.35498 0.102344 0.521944 0.159688 0.189444 0 0.329346 0.82125 0.506111 0.032500 0.072222 10 0.299805 0.295312 0.440833 0.137500 0.148333 10 0.270508 0.22 0.427778 0.119375 0.135556 3 0.243652 0.211406 0.762222 0.070938 0.110000 10 0.235107 0.08875 0.676667 0.177500 0.294444 3 0.189575 0.317813 0.635556 0.048125 0.086667 0 0.17334 0.218438 0.657222 0.036250 0.087778 0 0.169922 0.194063 0.885556 0.041875 0.106667 12 0.158203 0.395 0.897778 0.146250 0.204444 10 0.157715 0.50625 0.3925 0.053750 0.103889 0 0.146606 0.320938 0.811111 0.037500 0.073333 3 0.1427 0.465312 0.485278 0.047500 0.038889 10 0.101562 0.468125 0.391667 0.092500 0.127778 11 0.086914 0.160313 0.665556 0.089688 0.115556 0 0.068298 0.253125 0.694444 0.031875 0.077778 2 0.05835 0.219063 0.657222 0.037188 0.087778 4 0.05603 0.253594 0.595 0.089687 0.093333 10 0.045868 0.380625 0.417222 0.101250 0.105556 2 0.029755 0.175898 0.819444 0.061953 0.087778 3 0.028336 0.63 0.354444 0.023750 0.060556 0 0.02626 0.785 0.453889 0.027500 0.060000 4 0.023071 0.252969 0.695556 0.033438 0.075556 2 0.020645 0.76125 0.405556 0.021250 0.045556 3 0.016403 0.229219 0.536111 0.032500 0.058889 6 0.011917 0.50625 0.392778 0.053125 0.104444 3 0.010735 0.268438 0.594444 0.059375 0.088889 9 0.009933 0.160313 0.661111 0.092188 0.115556 3 0.009483 0.028203 0.904444 0.056094 0.191111 0 0.009453 0.253281 0.657778 0.030938 0.086667 11 0.00885 0.24625 0.593333 0.092500 0.100000 7 0.006313 0.189063 0.649444 0.033750 0.081111 9 0.00605 0.245156 0.595556 0.090313 0.095556 7 0.005867 0.249531 0.594444 0.099375 0.101111 11 0.004944 0.153281 0.688889 0.101250 0.182222 3 0.004665 0.009224 0.261944 0.017568 0.036667 4 0.004265 0.189375 0.646667 0.034375 0.082222 9 0.003824 0.383125 0.895556 0.122500 0.196667 6 0.00289 0.12377 0.915556 0.137773 0.168889 0 0.002611 0.446875 0.881667 0.036250 0.056667 0 0.002571 0.450625 0.905556 0.051250 0.102222 10 0.00235 0.021055 0.673194 0.042109 0.313611 10 0.002306 0.9575 0.694444 0.085000 0.277778 2 0.00227 0.765625 0.361111 0.017500 0.041111 3 0.00227 0.172344 0.815 0.056563 0.078889 12 0.00214 0.011133 0.074861 0.021875 0.109444 4 0.001853 0.192188 0.524444 0.043125 0.082222 4 0.001623 0.27125 0.595556 0.058125 0.080000 10 0.001438 0.031152 0.598889 0.061289 0.297778 3 0.001285 0.24625 0.590556 0.090937 0.100000 3 0.001274 0.256563 0.531944 0.040313 0.066111 3 0.001255 0.465312 0.460833 0.055000 0.033333 2 0.001206 0.264062 0.532222 0.046875 0.075556 0 0.001179 0.301875 0.796667 0.032500 0.073333 10 0.001107 0.017773 0.611667 0.035078 0.185556
CCTV01^20260318-110000-20260318-120000_000339,8 0.923828 0.299844 0.912222 0.130938 0.175556 11 0.90918 0.370547 0.852778 0.133906 0.220000 3 0.820801 0.7375 0.732222 0.067500 0.164444 8 0.811523 0.295156 0.651111 0.051562 0.104444 3 0.801758 0.235625 0.854445 0.064375 0.137778 10 0.769043 0.900625 0.741111 0.198750 0.376667 3 0.754883 0.198437 0.706111 0.076250 0.107778 8 0.744629 0.167148 0.633889 0.108203 0.118889 3 0.743164 0.524687 0.878889 0.071250 0.197778 10 0.677246 0.174531 0.573333 0.212188 0.230000 3 0.583008 0.219219 0.746667 0.079063 0.113333 1 0.486328 0.7875 0.673333 0.027500 0.082222 4 0.466797 0.36375 0.521389 0.082500 0.090556 0 0.38501 0.279375 0.785 0.045625 0.083333 2 0.315674 0.281719 0.730556 0.045937 0.077778 3 0.310791 0.325625 0.615556 0.050625 0.088889 2 0.300781 0.90125 0.876667 0.062500 0.131111 7 0.29248 0.291875 0.562222 0.086250 0.091111 10 0.287842 0.087734 0.826667 0.174844 0.346667 3 0.282959 0.476875 0.472778 0.045625 0.058889 7 0.281494 0.364688 0.520556 0.084375 0.092222 0 0.235107 0.68625 0.701111 0.027500 0.091111 2 0.172119 0.321953 0.716667 0.047344 0.073333 3 0.126831 0.50125 0.433333 0.036250 0.050556 10 0.119202 0.43375 0.431111 0.107500 0.148889 10 0.106689 0.321562 0.425833 0.143125 0.152778 9 0.104126 0.29125 0.563472 0.082500 0.090833 1 0.102295 0.68625 0.701111 0.027500 0.091111 10 0.083862 0.01752 0.822222 0.035039 0.326667 0 0.075317 0.84875 0.531389 0.027500 0.072778 10 0.063477 0.843125 0.855556 0.166250 0.288889 0 0.060303 0.81 0.494444 0.025000 0.061111 0 0.059662 0.83 0.553889 0.030000 0.071111 9 0.055817 0.435313 0.43 0.108125 0.151667 1 0.051086 0.64875 0.456111 0.021250 0.060000 0 0.050903 0.252969 0.678889 0.033438 0.057778 10 0.044342 0.52 0.362778 0.046875 0.093333 0 0.044006 0.7775 0.464444 0.027500 0.066667 11 0.041779 0.291875 0.561667 0.081250 0.091111 10 0.033478 0.023066 0.686528 0.046055 0.324722 0 0.028763 0.420625 0.852222 0.053750 0.105556 1 0.019272 0.74375 0.478333 0.025000 0.058333 8 0.01078 0.016533 0.79 0.032871 0.184444 2 0.010612 0.5 0.434444 0.037500 0.053333 0 0.008377 0.319688 0.424167 0.145000 0.147222 0 0.008316 0.320078 0.76 0.033594 0.062222 10 0.007122 0.100762 0.526111 0.155039 0.197778 0 0.006439 0.435937 0.430556 0.108125 0.156667 3 0.00639 0.605 0.132222 0.012500 0.019444 4 0.006313 0.2525 0.677778 0.033125 0.064444 3 0.005753 0.009243 0.261667 0.017920 0.038889 0 0.005707 0.259375 0.631111 0.035000 0.073333 0 0.004982 0.820625 0.456667 0.021250 0.052778 8 0.004757 0.174375 0.576111 0.195625 0.240000 0 0.004135 0.255313 0.65 0.033125 0.071111 3 0.00404 0.239688 0.612778 0.045313 0.091111 0 0.003538 0.03375 0.59875 0.065938 0.304722 0 0.003456 0.103672 0.530278 0.155781 0.196111 12 0.003443 0.011152 0.061372 0.022109 0.061424 10 0.00316 0.022773 0.620556 0.045156 0.218889 8 0.003147 0.277187 0.510556 0.045000 0.076667 3 0.003075 0.012666 0.742222 0.024980 0.197778 2 0.002947 0.380625 0.915556 0.075000 0.120000 4 0.002935 0.322188 0.591111 0.051250 0.097778 10 0.002747 0.016123 0.778333 0.031973 0.183333 2 0.002653 0.175664 0.8 0.048672 0.071111 3 0.00255 0.020176 0.653889 0.040195 0.092222 8 0.002531 0.010625 0.810556 0.021094 0.210000 2 0.002512 0.785625 0.401111 0.021250 0.047778 1 0.002434 0.6525 0.455556 0.036250 0.067778 3 0.002398 0.053984 0.240556 0.026406 0.036667 4 0.00209 0.009272 0.824444 0.018506 0.212222 0 0.001853 0.76625 0.417778 0.022500 0.050556 4 0.001768 0.250938 0.622778 0.045625 0.082222 10 0.001755 0.648125 0.160833 0.022500 0.054444 4 0.001629 0.240313 0.614444 0.046250 0.088889 12 0.001623 0.374063 0.983889 0.120625 0.032222 8 0.001585 0.292812 0.563194 0.080000 0.089167 1 0.001549 0.385 0.924444 0.068125 0.103333 0 0.001525 0.343672 0.796667 0.066406 0.095556 3 0.001356 0.016504 0.783333 0.032773 0.184444 3 0.001325 0.47625 0.457222 0.035625 0.051111 1 0.001169 0.173906 0.8 0.052188 0.074444 10 0.001151 0.266563 0.575 0.111875 0.157778 7 0.001151 0.138906 0.903889 0.162188 0.192222 4 0.001099 0.335625 0.78 0.063125 0.098889 0 0.001057 0.84375 0.486111 0.022500 0.053333 0 0.00104 0.331953 0.793333 0.041094 0.084445 0 0.001024 0.84625 0.507778 0.025000 0.050000
CCTV01^20260318-110000-20260318-120000_000343,8 0.94043 0.30125 0.905833 0.131250 0.188333 11 0.929199 0.364063 0.841111 0.127500 0.198889 8 0.896973 0.317969 0.61 0.072813 0.120000 8 0.881836 0.17 0.63 0.116250 0.126667 10 0.874023 0.244961 0.529167 0.198203 0.199444 3 0.855957 0.239375 0.708889 0.073750 0.113333 3 0.833496 0.7575 0.805 0.082500 0.186667 3 0.81543 0.524375 0.877778 0.072500 0.195556 3 0.710449 0.237344 0.842222 0.065937 0.131111 0 0.640625 0.9725 0.888889 0.055000 0.145556 10 0.485352 0.345 0.416667 0.147500 0.152222 3 0.472656 0.220625 0.677778 0.071250 0.104445 10 0.414795 0.092188 0.824722 0.183438 0.350556 10 0.315674 0.494375 0.378611 0.092500 0.122222 1 0.309082 0.31875 0.683333 0.039375 0.088889 10 0.297363 0.022656 0.697222 0.045156 0.355556 2 0.27832 0.318125 0.682778 0.040000 0.090000 2 0.2323 0.189219 0.768333 0.055625 0.098889 2 0.223999 0.28125 0.703333 0.045625 0.091111 2 0.210815 0.79875 0.487778 0.040000 0.070000 1 0.201782 0.8225 0.631111 0.036250 0.083333 1 0.200562 0.189375 0.767778 0.055625 0.100000 8 0.183594 0.051016 0.708889 0.102031 0.188889 0 0.071838 0.78 0.516667 0.035000 0.076667 3 0.054993 0.79875 0.488056 0.040000 0.070556 2 0.051849 0.79 0.433611 0.027500 0.053333 0 0.051849 0.75 0.952222 0.055000 0.091111 7 0.05127 0.419375 0.473889 0.071250 0.097778 0 0.048859 0.835 0.495278 0.028750 0.070000 11 0.037323 0.051406 0.705556 0.102813 0.197778 9 0.036621 0.344063 0.413333 0.146875 0.140556 4 0.032837 0.25625 0.621111 0.042500 0.065556 3 0.032471 0.418125 0.467222 0.068750 0.080000 3 0.025085 0.336875 0.569444 0.048750 0.070000 1 0.024231 0.281094 0.701111 0.044687 0.086667 0 0.02211 0.310313 0.736667 0.037500 0.075556 10 0.015961 0.419375 0.481111 0.071875 0.128889 12 0.012573 0.7525 0.958889 0.050000 0.076667 1 0.01107 0.74375 0.446667 0.032500 0.046667 10 0.01107 0.025371 0.623333 0.050430 0.243333 0 0.00956 0.25625 0.615556 0.044375 0.066667 0 0.007259 0.268125 0.776667 0.048125 0.111111 0 0.007206 0.222344 0.941111 0.051875 0.115556 10 0.006931 0.100391 0.519167 0.153594 0.191667 1 0.006073 0.769375 0.441667 0.018750 0.050000 3 0.005959 0.993125 0.710556 0.013750 0.161111 0 0.0056 0.284844 0.583333 0.029687 0.068889 9 0.004681 0.984375 0.589861 0.031250 0.120278 3 0.004433 0.281563 0.7 0.041875 0.082222 0 0.004398 0.101641 0.519444 0.160781 0.198889 3 0.003929 0.017646 0.787778 0.034980 0.226667 6 0.00375 0.636563 0.198889 0.021875 0.050556 9 0.003223 0.305312 0.540556 0.051875 0.063333 3 0.002958 0.989375 0.721111 0.021250 0.191111 0 0.002935 0.3075 0.756667 0.032500 0.077778 3 0.001912 0.246719 0.593333 0.057500 0.068889 12 0.001912 0.218125 0.961667 0.052812 0.076667 3 0.001585 0.418125 0.305556 0.029375 0.044444 3 0.001549 0.994375 0.841111 0.011250 0.135556 4 0.001513 0.416875 0.503889 0.061250 0.084444 2 0.001335 0.993125 0.686667 0.013750 0.140000 2 0.001309 0.9875 0.081736 0.025000 0.061806 3 0.001285 0.99375 0.935556 0.012500 0.128889 8 0.00126 0.41875 0.499444 0.062500 0.091111 6 0.001245 0.7375 0.246111 0.022500 0.045556 1 0.001081 0.255 0.752222 0.030313 0.068889 10 0.001048 0.01874 0.822222 0.037480 0.348889 1 0.001024 0.317344 0.666667 0.047187 0.066667
CCTV01^20260318-110000-20260318-120000_000347,8 0.94043 0.300156 0.901667 0.131563 0.196667 8 0.930176 0.280156 0.544444 0.100313 0.131111 11 0.851074 0.363047 0.837778 0.135156 0.204444 7 0.812988 0.690625 0.587778 0.066250 0.124444 3 0.789062 0.524375 0.877778 0.072500 0.195556 3 0.789062 0.84125 0.916111 0.077500 0.167778 3 0.756348 0.83125 0.642222 0.060000 0.113333 10 0.726562 0.423125 0.426111 0.135000 0.158889 3 0.720215 0.250938 0.75 0.066875 0.124444 10 0.704102 0.750625 0.508611 0.111250 0.218333 3 0.699219 0.304688 0.602222 0.086875 0.088889 10 0.654785 0.102656 0.796111 0.205313 0.405556 7 0.620605 0.96 0.888889 0.080000 0.175556 4 0.602051 0.959375 0.888333 0.081250 0.174444 0 0.588867 0.870625 0.718889 0.058750 0.113333 2 0.558105 0.34625 0.53 0.042500 0.073333 10 0.537109 0.069766 0.702778 0.139531 0.337778 0 0.46875 0.951875 0.748889 0.047500 0.107778 3 0.451416 0.34625 0.528889 0.043750 0.072222 2 0.437744 0.232188 0.665 0.044062 0.082222 8 0.357666 0.200625 0.546667 0.091563 0.144444 4 0.332764 0.69125 0.588889 0.067500 0.126667 3 0.320801 0.690625 0.588333 0.066250 0.126667 0 0.284668 0.300625 0.662222 0.034687 0.082222 10 0.255371 0.496875 0.343333 0.093750 0.108889 0 0.20813 0.269688 0.66 0.032500 0.086667 2 0.151001 0.51375 0.391667 0.025000 0.050000 3 0.108582 0.96 0.892222 0.080000 0.180000 10 0.099792 0.034492 0.698333 0.068984 0.341111 0 0.080383 0.99 0.801111 0.020000 0.140000 9 0.043518 0.101113 0.515556 0.158711 0.187778 1 0.035828 0.81 0.565556 0.022500 0.060000 3 0.035828 0.9875 0.816667 0.025000 0.168889 10 0.021698 0.026328 0.617222 0.052656 0.207778 3 0.020172 0.9775 0.911667 0.045000 0.138889 9 0.019119 0.365313 0.405278 0.130625 0.115556 10 0.018341 0.050703 0.786667 0.101250 0.426667 3 0.015488 0.017871 0.766111 0.035039 0.104444 9 0.013847 0.98375 0.587778 0.032500 0.120000 7 0.013329 0.979375 0.899445 0.041250 0.161111 0 0.012672 0.317188 0.471667 0.030000 0.057778 0 0.011642 0.208594 0.725556 0.054062 0.097778 0 0.01133 0.99375 0.782778 0.012500 0.121111 7 0.010902 0.630625 0.384444 0.031250 0.073333 0 0.009377 0.84 0.488333 0.030000 0.063333 6 0.009338 0.738125 0.2775 0.027500 0.066111 9 0.007755 0.497813 0.343889 0.095625 0.108889 10 0.006668 0.13 0.865 0.221875 0.270000 0 0.0047 0.216875 0.947778 0.041875 0.090000 0 0.004539 0.099551 0.518889 0.156211 0.191111 3 0.004505 0.41875 0.517778 0.032500 0.055556 2 0.004364 0.53375 0.369444 0.020000 0.050556 1 0.003721 0.347188 0.480556 0.030000 0.047778 10 0.003147 0.359922 0.404444 0.122656 0.113333 0 0.002359 0.027227 0.623889 0.053594 0.232222 10 0.001987 0.024551 0.645 0.049023 0.130000 0 0.001782 0.28625 0.662222 0.038750 0.082222 9 0.001629 0.98625 0.607222 0.027500 0.093333 3 0.001507 0.611875 0.149722 0.011875 0.023889 0 0.001467 0.8175 0.531111 0.030000 0.063333 8 0.00123 0.249375 0.555556 0.056875 0.107778 3 0.001116 0.99 0.78 0.020000 0.150000 10 0.001116 0.100469 0.52 0.162188 0.200000 4 0.001078 0.209375 0.730556 0.058125 0.120000 1 0.001057 0.815 0.543889 0.030000 0.065556 2 0.001032 0.290625 0.482222 0.028125 0.046667 0 0.001028 0.218125 0.935556 0.033750 0.071111
CCTV01^20260318-110000-20260318-120000_000351,8 0.861328 0.300938 0.903889 0.130000 0.191111 10 0.835449 0.304063 0.634306 0.146250 0.262500 8 0.834473 0.72875 0.752778 0.062500 0.171111 10 0.82666 0.157578 0.707778 0.211406 0.342222 10 0.813965 0.74625 0.560556 0.132500 0.251111 11 0.804199 0.36375 0.835556 0.131250 0.202222 3 0.789062 0.524375 0.877778 0.073125 0.196667 7 0.762207 0.034473 0.912778 0.068945 0.170000 7 0.699219 0.745625 0.912222 0.078750 0.173333 8 0.620605 0.45125 0.422778 0.065000 0.094444 3 0.411133 0.071797 0.937222 0.112344 0.125556 1 0.370117 0.91875 0.866667 0.037500 0.100000 3 0.235107 0.480938 0.461944 0.043750 0.062222 10 0.196167 0.418125 0.388889 0.120625 0.137778 10 0.190063 0.023242 0.658333 0.046484 0.263333 12 0.182373 0.364922 0.838889 0.132656 0.211111 1 0.177246 0.894375 0.805556 0.043750 0.108889 2 0.117981 0.66375 0.389167 0.030000 0.053889 0 0.106323 0.918125 0.695 0.047500 0.086667 0 0.087891 0.222656 0.924444 0.046875 0.111111 3 0.086914 0.034648 0.913333 0.069297 0.173333 2 0.070557 0.90625 0.959167 0.085000 0.081667 3 0.059204 0.505313 0.410278 0.031875 0.049444 10 0.054413 0.733125 0.312778 0.038750 0.085556 8 0.049225 0.76625 0.418056 0.042500 0.084444 9 0.043701 0.4175 0.389167 0.121250 0.138333 2 0.041473 0.505625 0.41 0.031875 0.051111 0 0.040375 0.94375 0.772778 0.052500 0.105556 3 0.039795 0.98125 0.906111 0.037500 0.187778 1 0.039062 0.64875 0.468333 0.023750 0.061111 0 0.037048 0.89375 0.804444 0.040000 0.100000 5 0.037048 0.031465 0.914167 0.062930 0.171667 5 0.032593 0.981875 0.902222 0.036250 0.195556 0 0.03125 0.215469 0.754444 0.046250 0.080000 3 0.030334 0.343438 0.468889 0.034375 0.055000 0 0.029984 0.030977 0.806111 0.060938 0.105556 2 0.020721 0.343125 0.467778 0.033750 0.053333 10 0.019012 0.119219 0.639861 0.197813 0.253611 4 0.018188 0.032188 0.832222 0.064375 0.162222 10 0.017715 0.52375 0.339167 0.067500 0.106111 3 0.016785 0.302031 0.514444 0.064687 0.080000 0 0.016663 0.377187 0.472222 0.024375 0.058889 4 0.016098 0.032734 0.913889 0.065469 0.172222 1 0.015671 0.943125 0.773333 0.051250 0.104444 10 0.015251 0.017754 0.612222 0.035195 0.193333 12 0.014282 0.7675 0.4175 0.042500 0.084444 10 0.014114 0.6425 0.277778 0.033750 0.095556 1 0.012054 0.38625 0.517778 0.033125 0.055556 10 0.012009 0.209336 0.49 0.159453 0.152222 0 0.011375 0.78375 0.505 0.030000 0.070000 10 0.010902 0.099141 0.527222 0.155156 0.197778 8 0.009819 0.328047 0.4 0.058906 0.091111 2 0.00956 0.303125 0.513333 0.068125 0.080000 9 0.009125 0.9825 0.866667 0.035000 0.266667 6 0.008743 0.983125 0.863333 0.033750 0.273333 0 0.006241 0.174531 0.954444 0.051875 0.086667 0 0.006004 0.839375 0.531111 0.031250 0.068889 0 0.00547 0.215781 0.486944 0.141563 0.153889 2 0.004574 0.215781 0.761667 0.049063 0.091111 0 0.004467 0.89 0.636667 0.037500 0.077778 0 0.004135 0.1825 0.898889 0.049375 0.094444 10 0.004101 0.98 0.854445 0.040000 0.291111 0 0.00404 0.8025 0.4925 0.030000 0.058333 0 0.003975 0.029199 0.625417 0.056133 0.222500 7 0.003708 0.98 0.848333 0.040000 0.303333 0 0.002779 0.184375 0.866667 0.051875 0.117778 0 0.002758 0.314063 0.467222 0.025625 0.052222 4 0.002758 0.177813 0.934445 0.060313 0.126667 4 0.002747 0.314375 0.466667 0.026875 0.053333 0 0.002581 0.8325 0.466667 0.027500 0.074444 4 0.00227 0.505938 0.409167 0.032500 0.053889 4 0.00227 0.181914 0.868889 0.049922 0.115556 0 0.002182 0.100645 0.526945 0.158711 0.200556 6 0.00202 0.70625 0.228056 0.025000 0.052778 10 0.001861 0.013945 0.691111 0.027734 0.324444 3 0.001782 0.290312 0.564444 0.039375 0.057778 2 0.001768 0.76625 0.425833 0.042500 0.076667 0 0.001741 0.178281 0.923333 0.050938 0.093333 12 0.001734 0.955 0.998333 0.090000 0.003333 3 0.001315 0.009297 0.262292 0.017695 0.038750 0 0.001245 0.77875 0.473889 0.032500 0.050000 10 0.001095 0.166563 0.577778 0.101563 0.152222
CCTV01^20260318-110000-20260318-120000_000355,3 0.844727 0.166289 0.92 0.101172 0.155556 3 0.832031 0.81875 0.850556 0.090000 0.170000 10 0.827637 0.74 0.561667 0.118750 0.266667 8 0.825684 0.73 0.772222 0.065000 0.180000 3 0.809082 0.524687 0.877778 0.073125 0.197778 8 0.806641 0.26 0.747778 0.086250 0.176667 7 0.775879 0.245937 0.622778 0.080938 0.112222 10 0.770508 0.331875 0.512778 0.148750 0.196667 3 0.741699 0.091953 0.915556 0.105469 0.160000 3 0.712402 0.18625 0.779444 0.083438 0.131111 2 0.689453 0.81875 0.850556 0.087500 0.170000 11 0.680664 0.309531 0.660556 0.060313 0.162222 3 0.615234 0.349453 0.824444 0.086094 0.134444 0 0.600098 0.963125 0.830556 0.061250 0.132222 7 0.529297 0.316875 0.878333 0.186875 0.243333 7 0.373779 0.049063 0.824444 0.098125 0.157778 2 0.368408 0.66875 0.502778 0.043750 0.081111 10 0.294189 0.023555 0.651111 0.046953 0.262222 7 0.284668 0.741875 0.919444 0.080000 0.161111 3 0.281494 0.87375 0.78 0.102500 0.220000 4 0.273682 0.049961 0.814444 0.099922 0.155556 8 0.223999 0.8725 0.777778 0.106250 0.222222 11 0.177856 0.87375 0.777778 0.103750 0.215556 7 0.146606 0.875 0.782222 0.107500 0.228889 9 0.1427 0.799375 0.454444 0.075000 0.147778 9 0.134277 0.875 0.781667 0.107500 0.223333 8 0.124207 0.245312 0.620556 0.082500 0.117778 3 0.113159 0.668125 0.504167 0.045000 0.081667 10 0.106323 0.455 0.42 0.075000 0.133889 0 0.09845 0.931875 0.654444 0.048750 0.100000 1 0.088196 0.027227 0.919444 0.045547 0.101111 9 0.086609 0.048945 0.831111 0.097734 0.158889 8 0.082092 0.7425 0.922222 0.080000 0.155556 10 0.066101 0.799375 0.454444 0.073750 0.145556 2 0.054199 0.638125 0.404444 0.021250 0.051667 12 0.046387 0.026992 0.919444 0.047422 0.106667 0 0.045349 0.419063 0.893333 0.063750 0.132222 6 0.044678 0.8 0.456111 0.072500 0.143889 2 0.040253 0.66625 0.39 0.022500 0.050000 0 0.018768 0.97125 0.637778 0.040000 0.082222 12 0.017776 0.418125 0.893889 0.062500 0.126667 1 0.016983 0.85375 0.642222 0.050000 0.077778 0 0.010406 0.898125 0.945 0.056250 0.110000 10 0.009712 0.019414 0.614444 0.038477 0.202222 10 0.008644 0.101387 0.521667 0.155977 0.196667 1 0.008156 0.197812 0.662222 0.036250 0.075556 0 0.007549 0.102051 0.521111 0.159023 0.197778 10 0.007233 0.03168 0.611111 0.062109 0.245556 1 0.00639 0.148516 0.787778 0.033906 0.090000 1 0.005577 0.495 0.468889 0.021250 0.054444 0 0.005512 0.272813 0.493333 0.141875 0.173333 3 0.004505 0.246563 0.624444 0.074687 0.113333 3 0.004265 0.36125 0.412778 0.036250 0.036667 1 0.004166 0.136719 0.71 0.049375 0.081111 10 0.003796 0.755 0.361944 0.051250 0.092778 0 0.003679 0.136719 0.708889 0.050937 0.082222 0 0.003538 0.854375 0.642222 0.050000 0.076667 3 0.003511 0.995 0.817778 0.010000 0.162222 0 0.003172 0.004048 0.942222 0.007666 0.115556 3 0.002867 0.003916 0.961944 0.007617 0.076111 12 0.002779 0.48625 0.998611 0.087500 0.002778 2 0.002758 0.292344 0.576667 0.039687 0.061111 0 0.002611 0.851875 0.970278 0.047500 0.059444 9 0.002571 0.32625 0.507222 0.140000 0.184444 12 0.002369 0.40875 0.999444 0.098750 0.001111 0 0.002323 0.44375 0.960556 0.032500 0.078889 9 0.002199 0.26125 0.494444 0.116250 0.162222 3 0.002083 0.210313 0.948333 0.072500 0.103333 3 0.001912 0.008965 0.256597 0.017266 0.040139 0 0.001687 0.406875 0.4725 0.025000 0.059444 1 0.001597 0.444688 0.966111 0.033125 0.067778 2 0.001525 0.65375 0.344167 0.022500 0.044444 3 0.001484 0.286875 0.564444 0.051250 0.088889 2 0.001346 0.983125 0.591667 0.033750 0.136667 8 0.001346 0.870625 0.717222 0.088750 0.094444 0 0.001294 0.146797 0.788889 0.037969 0.097778 3 0.001279 0.994375 0.64 0.011250 0.093333 3 0.001269 0.994687 0.666667 0.010625 0.091111 3 0.001235 0.51625 0.395833 0.030000 0.051667 0 0.001169 0.86125 0.569444 0.027500 0.066667 3 0.001107 0.054141 0.242778 0.025469 0.030000 10 0.001081 0.521875 0.317778 0.056250 0.107778 11 0.001057 0.309688 0.696111 0.061250 0.105556
CCTV01^20260318-110000-20260318-120000_000359,8 0.908691 0.319688 0.596806 0.083125 0.157500 3 0.897461 0.180977 0.755556 0.086797 0.133333 10 0.848145 0.80875 0.723333 0.172500 0.384444 3 0.817383 0.524375 0.877778 0.073125 0.197778 7 0.804199 0.297031 0.851111 0.143438 0.297778 10 0.777344 0.373672 0.439444 0.148906 0.165556 12 0.764648 0.38125 0.831111 0.041250 0.104444 4 0.749023 0.200625 0.866111 0.068125 0.170000 8 0.747559 0.73375 0.82 0.072500 0.188889 3 0.723145 0.250938 0.672222 0.079375 0.097778 1 0.70752 0.71 0.686667 0.040000 0.100000 3 0.666992 0.088906 0.864444 0.091719 0.170000 10 0.488281 0.093594 0.767222 0.187188 0.378889 2 0.420654 0.428438 0.916667 0.072500 0.143333 2 0.32251 0.71 0.688889 0.040000 0.105556 7 0.256836 0.259375 0.598333 0.056250 0.090000 6 0.234375 0.297813 0.851667 0.146250 0.296667 10 0.229492 0.023984 0.669028 0.047969 0.308611 3 0.225464 0.190977 0.632778 0.084297 0.114444 10 0.185303 0.956563 0.851389 0.086875 0.297222 0 0.183594 0.699375 0.607778 0.032500 0.082222 3 0.182983 0.30375 0.698333 0.058125 0.072222 3 0.180054 0.036211 0.955 0.072422 0.090000 1 0.162354 0.427812 0.916667 0.069375 0.144444 6 0.134766 0.8125 0.4775 0.082500 0.162778 9 0.121277 0.955 0.852222 0.090000 0.295556 12 0.074768 0.133594 0.883889 0.058438 0.130000 10 0.071594 0.260781 0.463333 0.132188 0.171111 2 0.06076 0.191523 0.632222 0.083203 0.114444 0 0.06076 0.134531 0.882778 0.058750 0.125556 3 0.053986 0.2225 0.778889 0.045625 0.117778 3 0.046204 0.743125 0.548333 0.051250 0.074444 2 0.044189 0.8825 0.594444 0.040000 0.091111 6 0.036621 0.95625 0.849444 0.087500 0.301111 3 0.034607 0.766875 0.431667 0.035000 0.063889 10 0.027802 0.021836 0.609861 0.043359 0.202500 3 0.023605 0.35875 0.520556 0.055000 0.113333 1 0.017517 0.4275 0.472778 0.031250 0.052222 12 0.015961 0.151797 0.941111 0.063906 0.097778 11 0.01519 0.35875 0.521944 0.053750 0.110556 0 0.014732 0.335 0.766667 0.040625 0.088889 10 0.014061 0.81125 0.4775 0.082500 0.160556 4 0.012726 0.73875 0.928056 0.077500 0.143889 0 0.012672 0.67875 0.701111 0.022500 0.080000 3 0.012192 0.258281 0.597222 0.055625 0.087778 10 0.010651 0.023418 0.791667 0.046836 0.416667 0 0.009193 0.951875 0.652222 0.043750 0.088889 11 0.008644 0.88 0.518056 0.072500 0.109444 2 0.007965 0.76625 0.432222 0.035000 0.058889 0 0.007965 0.345625 0.837778 0.033750 0.104444 3 0.006313 0.21875 0.576667 0.049375 0.065556 0 0.005821 0.101719 0.52 0.160000 0.196667 0 0.005577 0.459375 0.431667 0.023125 0.058889 11 0.005512 0.739375 0.9475 0.076250 0.105000 10 0.005386 0.100938 0.521667 0.156563 0.193333 9 0.005161 0.259062 0.598333 0.056875 0.090000 0 0.004608 0.260469 0.463889 0.130313 0.174444 3 0.004539 0.202969 0.758889 0.048750 0.120000 7 0.003403 0.953125 0.85 0.093750 0.300000 0 0.003099 0.7075 0.698333 0.035000 0.097778 11 0.003099 0.73875 0.915556 0.080000 0.168889 12 0.002958 0.346875 0.837778 0.031250 0.102222 10 0.002901 0.975 0.576111 0.050000 0.150000 11 0.002758 0.34625 0.542222 0.075000 0.152222 3 0.002693 0.227969 0.634444 0.052813 0.104444 0 0.002472 0.147422 0.862222 0.047656 0.133333 3 0.001853 0.046602 0.855556 0.093047 0.160000 9 0.001714 0.016621 0.734445 0.033242 0.235556 9 0.001687 0.975 0.600556 0.050000 0.190000 3 0.001484 0.86 0.961389 0.075000 0.077222 12 0.001455 0.159922 0.975833 0.072031 0.048333 4 0.001378 0.224375 0.584444 0.053125 0.082222 2 0.001294 0.85875 0.961667 0.075000 0.076667 10 0.001285 0.9775 0.632361 0.045000 0.253056 11 0.001255 0.88 0.556667 0.062500 0.070000 0 0.001192 0.389375 0.938889 0.052500 0.122222 0 0.001188 0.96125 0.712222 0.056250 0.091111 3 0.001169 0.77 0.402222 0.035000 0.043889 3 0.001103 0.98 0.736667 0.040000 0.157778 9 0.001024 0.98125 0.582222 0.037500 0.130000
CCTV01^20260318-110000-20260318-120000_000363,6 0.933105 0.281719 0.787778 0.099062 0.280000 10 0.827637 0.7075 0.528611 0.115000 0.228333 3 0.775879 0.524687 0.878889 0.073750 0.198889 10 0.764648 0.192969 0.619861 0.216563 0.266944 8 0.732422 0.74 0.872778 0.077500 0.191111 3 0.728027 0.165586 0.731111 0.081953 0.114444 2 0.72168 0.180312 0.878889 0.068125 0.157778 3 0.715332 0.76 0.691111 0.050000 0.114444 2 0.710449 0.68125 0.93 0.057500 0.133333 7 0.638672 0.83 0.562778 0.062500 0.096667 3 0.609375 0.250625 0.657222 0.076250 0.091111 0 0.609375 0.355 0.914445 0.070625 0.128889 3 0.605957 0.090547 0.835556 0.105625 0.142222 8 0.577637 0.369063 0.461111 0.053125 0.091111 10 0.554688 0.88375 0.820278 0.227500 0.359444 2 0.507812 0.464375 0.46 0.041250 0.056667 1 0.492188 0.76375 0.807778 0.056250 0.108889 10 0.421631 0.035293 0.777222 0.070430 0.305556 12 0.388672 0.221563 0.821667 0.042500 0.093333 5 0.243652 0.774375 0.430278 0.040000 0.076667 0 0.209473 0.310156 0.6 0.032188 0.086667 0 0.193115 0.01627 0.877778 0.032539 0.104444 0 0.180054 0.67875 0.825556 0.040000 0.111111 3 0.167725 0.464375 0.459444 0.041250 0.054444 2 0.15564 0.764375 0.809445 0.055000 0.110000 0 0.150513 0.348125 0.779444 0.033750 0.084445 7 0.131226 0.202813 0.751111 0.045000 0.117778 4 0.126831 0.82875 0.560556 0.060000 0.092222 2 0.11554 0.32 0.688333 0.047500 0.102222 10 0.093018 0.520938 0.341667 0.074375 0.110000 10 0.085388 0.026914 0.668333 0.053672 0.296667 1 0.083862 0.67375 0.648889 0.031250 0.075556 8 0.083618 0.37 0.486667 0.066875 0.161111 3 0.077209 0.5 0.416944 0.037500 0.054444 8 0.063232 0.370625 0.520556 0.068750 0.087778 0 0.039337 0.222656 0.82 0.040000 0.102222 0 0.033844 0.076523 0.927222 0.075078 0.124444 10 0.031982 0.350625 0.383333 0.101250 0.134444 2 0.030334 0.5 0.417778 0.038750 0.055556 7 0.026352 0.193438 0.742222 0.048750 0.135556 11 0.02626 0.368125 0.485278 0.070000 0.153889 12 0.025467 0.343125 0.584444 0.028125 0.080000 12 0.024429 0.122578 0.882778 0.047969 0.114444 1 0.024048 0.89 0.701111 0.035000 0.084444 4 0.020172 0.062969 0.812778 0.087188 0.107778 0 0.018829 0.231562 0.902222 0.043750 0.093333 4 0.017044 0.202813 0.75 0.045625 0.122222 11 0.016724 0.283594 0.792222 0.097187 0.306667 7 0.016586 0.371875 0.52 0.068750 0.092222 1 0.014786 0.825 0.617778 0.030000 0.065556 10 0.014008 0.285 0.791111 0.097500 0.304444 0 0.012054 0.247188 0.941111 0.060625 0.102222 0 0.011292 0.240938 0.915556 0.054375 0.102222 0 0.011032 0.226406 0.882222 0.042500 0.086667 3 0.010902 0.070234 0.817778 0.098281 0.108889 3 0.010246 0.37 0.518056 0.067500 0.091667 4 0.010208 0.067031 0.772222 0.087344 0.121111 10 0.009056 0.01835 0.610972 0.036426 0.198056 8 0.008881 0.120703 0.884445 0.049219 0.117778 0 0.008781 0.011914 0.894444 0.023594 0.131111 9 0.008377 0.9875 0.930556 0.025000 0.126667 4 0.008217 0.088984 0.74 0.063594 0.096667 3 0.007725 0.989375 0.933889 0.021250 0.105556 2 0.007431 0.990625 0.940556 0.018750 0.101111 4 0.00605 0.366875 0.519444 0.067500 0.093333 1 0.005241 0.331328 0.731111 0.028594 0.076667 0 0.005219 0.79625 0.487778 0.025000 0.061111 0 0.004681 0.100781 0.523333 0.158438 0.200000 0 0.004574 0.816875 0.499444 0.023750 0.064444 0 0.0042 0.3425 0.586667 0.028750 0.073333 10 0.004166 0.101875 0.523611 0.161250 0.205000 0 0.004055 0.353438 0.381667 0.102500 0.134444 0 0.003824 0.316719 0.588889 0.033438 0.092222 0 0.003693 0.032578 0.612222 0.063594 0.266667 0 0.003622 0.324375 0.481389 0.032500 0.057778 0 0.003248 0.006143 0.94 0.012129 0.120000 9 0.003197 0.369688 0.521667 0.069375 0.088889 0 0.003075 0.304531 0.515 0.022187 0.055556 3 0.002947 0.774375 0.430556 0.038750 0.076667 2 0.002562 0.98625 0.084167 0.027500 0.057778 0 0.002342 0.296875 0.48 0.027500 0.050000 11 0.002043 0.203125 0.750556 0.046250 0.118889 12 0.001972 0.251094 0.96 0.054375 0.075556 0 0.001942 0.8475 0.501111 0.032500 0.062222 3 0.001912 0.9825 0.933889 0.035000 0.120000 0 0.001883 0.270313 0.456667 0.026250 0.057778 3 0.001867 0.403125 0.526667 0.030000 0.080000 3 0.00181 0.009048 0.256667 0.017705 0.041667 3 0.001675 0.005552 0.941111 0.010986 0.117778 2 0.00145 0.461562 0.475 0.034375 0.051111 10 0.001294 0.021797 0.81 0.043594 0.377778 3 0.001235 0.28375 0.795 0.091875 0.260000 9 0.001184 0.050234 0.766111 0.090781 0.263333 0 0.001151 0.233594 0.726667 0.036250 0.148889 0 0.001048 0.320937 0.564444 0.026250 0.057778 1 0.001048 0.331328 0.745556 0.024844 0.064444
CCTV01^20260318-110000-20260318-120000_000367,3 0.863281 0.368203 0.887222 0.104844 0.147778 6 0.861328 0.277969 0.706667 0.099063 0.251111 3 0.813965 0.524375 0.877778 0.073750 0.196667 2 0.71875 0.68125 0.931667 0.058750 0.133333 8 0.713867 0.74125 0.876111 0.077500 0.192222 3 0.654785 0.75125 0.659445 0.070000 0.118889 3 0.539062 0.045117 0.903333 0.083828 0.133333 10 0.455078 0.88 0.838333 0.237500 0.323333 5 0.428223 0.82 0.621111 0.065000 0.127778 10 0.408203 0.023906 0.657222 0.047734 0.275556 2 0.383057 0.184063 0.737778 0.065625 0.135556 10 0.383057 0.250625 0.523889 0.150625 0.181111 4 0.377441 0.189336 0.643333 0.091953 0.110000 2 0.338135 0.82 0.62 0.062500 0.128889 4 0.317383 0.237344 0.870556 0.047187 0.081111 10 0.267334 0.410625 0.441667 0.116250 0.153333 0 0.264404 0.67875 0.821111 0.040000 0.113333 2 0.24939 0.38875 0.531667 0.035000 0.073333 0 0.226807 0.081113 0.771111 0.045273 0.108889 8 0.209473 0.34875 0.421111 0.051250 0.090000 0 0.20813 0.638125 0.872222 0.030000 0.093333 2 0.199341 0.871875 0.536111 0.038750 0.071111 2 0.194336 0.251563 0.944167 0.077187 0.111667 0 0.193115 0.101016 0.734445 0.042812 0.093333 1 0.192505 0.69375 0.514722 0.022500 0.062778 7 0.175537 0.315625 0.549444 0.076875 0.112222 2 0.171631 0.94875 0.722778 0.058750 0.114444 0 0.162354 0.865 0.634444 0.038750 0.080000 9 0.144165 0.410625 0.44 0.117500 0.156111 3 0.139404 0.984375 0.934445 0.031250 0.124444 0 0.137573 0.949375 0.721111 0.058750 0.117778 3 0.133911 0.184102 0.738889 0.065547 0.132222 9 0.124634 0.9825 0.924444 0.035000 0.137778 4 0.124207 0.315625 0.562778 0.076875 0.102222 0 0.110107 0.264062 0.883333 0.041250 0.093333 9 0.096375 0.966875 0.898889 0.066250 0.196667 0 0.095337 0.176094 0.855556 0.048125 0.110000 0 0.092712 0.225781 0.756667 0.037188 0.095556 6 0.084778 0.9825 0.914445 0.035000 0.171111 5 0.066345 0.984375 0.932222 0.031250 0.120000 2 0.064636 0.015488 0.878889 0.030586 0.145556 1 0.062805 0.67875 0.485833 0.020000 0.055000 3 0.062317 0.5075 0.392222 0.035000 0.054444 3 0.057709 0.31625 0.566806 0.078750 0.099722 1 0.046539 0.765 0.531667 0.025000 0.064444 6 0.045532 0.973125 0.898889 0.053750 0.195556 10 0.041138 0.101328 0.520833 0.157344 0.193889 8 0.03595 0.049053 0.743333 0.043457 0.111111 4 0.029755 0.215313 0.833333 0.043750 0.093333 0 0.026154 0.006445 0.724444 0.012695 0.114444 3 0.025375 0.483125 0.486111 0.056250 0.047778 1 0.018616 0.650625 0.502222 0.022500 0.061111 0 0.018188 0.212969 0.823333 0.040000 0.084444 0 0.014786 0.331875 0.690556 0.021250 0.068889 5 0.013168 0.01877 0.887222 0.037539 0.225556 3 0.01178 0.016074 0.888889 0.032148 0.137778 3 0.011642 0.340078 0.962222 0.094844 0.075556 2 0.011292 0.215 0.951111 0.059375 0.095556 3 0.01017 0.441563 0.480556 0.056875 0.057778 2 0.010094 0.441563 0.481667 0.056250 0.062222 10 0.009598 0.018652 0.614444 0.036992 0.200000 0 0.00927 0.7875 0.424722 0.025000 0.056111 0 0.00927 0.010215 0.721111 0.020430 0.128889 1 0.008919 0.71 0.455556 0.022500 0.051111 7 0.007843 0.191094 0.636667 0.087500 0.108889 0 0.007488 0.855625 0.569861 0.033750 0.075833 3 0.007404 0.106953 0.880556 0.111094 0.170000 0 0.007374 0.323125 0.617222 0.034375 0.080000 3 0.00634 0.966875 0.896667 0.066250 0.195556 2 0.005619 0.00959 0.862222 0.018984 0.133333 0 0.005138 0.102031 0.518889 0.162500 0.197778 2 0.004925 0.308281 0.459444 0.035313 0.059444 3 0.004925 0.30875 0.458611 0.035625 0.061111 10 0.004906 0.033496 0.625 0.065352 0.267778 1 0.004646 0.35125 0.604445 0.030000 0.068889 12 0.004574 0.225938 0.76 0.040000 0.100000 3 0.004101 0.006665 0.813889 0.013154 0.112222 2 0.003914 0.482812 0.487778 0.058125 0.051111 3 0.003914 0.022617 0.883889 0.045000 0.232222 10 0.003351 0.975 0.892222 0.050000 0.215556 0 0.003197 0.089141 0.755556 0.051094 0.113333 2 0.00297 0.863125 0.552083 0.031250 0.089167 1 0.002737 0.775625 0.490556 0.027500 0.062222 3 0.002216 0.007983 0.701111 0.015791 0.120000 0 0.002199 0.642656 0.861111 0.024688 0.092222 0 0.002165 0.018496 0.799444 0.034453 0.076667 0 0.002132 0.032227 0.824444 0.041719 0.084444 3 0.002075 0.022969 0.621667 0.045703 0.176667 2 0.002068 0.9475 0.612222 0.041250 0.094444 0 0.001897 0.94875 0.613333 0.043750 0.095556 10 0.001775 0.015039 0.760556 0.030078 0.348889 2 0.001714 0.986875 0.598889 0.026250 0.112222 3 0.001675 0.009175 0.922778 0.018193 0.154444 0 0.001525 0.86125 0.607778 0.037500 0.093333 3 0.001372 0.143047 0.566111 0.071406 0.098889 9 0.00126 0.018652 0.881111 0.037148 0.237778 0 0.001048 0.007036 0.748889 0.013857 0.102222 2 0.00104 0.9875 0.08625 0.025000 0.061667 1 0.001008 0.654375 0.496667 0.035000 0.073889 0 0.001008 0.21875 0.836667 0.046250 0.086667
CCTV01^20260318-110000-20260318-120000_000371,8 0.891113 0.331563 0.776111 0.096250 0.176667 3 0.813965 0.524375 0.877222 0.074375 0.197778 5 0.699219 0.855 0.868889 0.086250 0.220000 3 0.649414 0.247188 0.601111 0.058125 0.092222 3 0.620605 0.32125 0.643889 0.065000 0.094444 2 0.59082 0.476875 0.456944 0.058750 0.056111 9 0.562012 0.150781 0.800556 0.189063 0.398889 0 0.505859 0.695 0.887778 0.052500 0.142222 5 0.503906 0.265 0.787778 0.090625 0.160000 0 0.492188 0.255625 0.915556 0.053750 0.135556 3 0.462891 0.054541 0.903889 0.073730 0.151111 9 0.381104 0.264531 0.786667 0.090312 0.168889 11 0.297363 0.945 0.692778 0.110000 0.247778 10 0.256104 0.149453 0.801111 0.186406 0.397778 3 0.255371 0.255938 0.539861 0.073125 0.082500 0 0.23938 0.69625 0.570139 0.025000 0.073056 3 0.226807 0.660625 0.470556 0.041250 0.072222 3 0.216064 0.476875 0.455556 0.058125 0.053333 9 0.19812 0.945938 0.692222 0.108125 0.253333 2 0.171631 0.305781 0.938889 0.057187 0.122222 6 0.171021 0.325 0.496667 0.076250 0.151111 1 0.157104 0.69625 0.569444 0.025000 0.074444 3 0.135254 0.305312 0.938333 0.055625 0.123333 12 0.133423 0.35875 0.926667 0.051250 0.137778 12 0.099487 0.225 0.845 0.040000 0.118889 1 0.088196 0.725625 0.553333 0.027500 0.077778 0 0.085999 0.808125 0.494444 0.028750 0.067778 9 0.060974 0.421875 0.415 0.131250 0.131111 10 0.055206 0.024531 0.655 0.049063 0.270000 4 0.049591 0.76625 0.385833 0.032500 0.064444 0 0.034088 0.225938 0.848889 0.041250 0.122222 1 0.027695 0.661875 0.935 0.035000 0.095556 2 0.026154 0.69625 0.398333 0.025000 0.055556 9 0.024612 0.324688 0.497222 0.075625 0.148889 12 0.023239 0.213594 0.955556 0.054375 0.088889 2 0.020645 0.202813 0.561667 0.042813 0.087778 0 0.020248 0.359688 0.925556 0.050625 0.142222 1 0.018127 0.326875 0.586111 0.021250 0.052222 11 0.015427 0.331563 0.778889 0.094375 0.171111 3 0.015015 0.325078 0.496389 0.076094 0.149444 0 0.012238 0.685 0.647222 0.032500 0.074444 1 0.00927 0.7525 0.936667 0.080000 0.126667 6 0.009125 0.145938 0.8 0.178750 0.400000 0 0.008316 0.213125 0.95 0.052500 0.100000 0 0.007786 0.661875 0.934444 0.032500 0.094444 10 0.007095 0.4125 0.415 0.113750 0.125556 1 0.006538 0.7275 0.553472 0.050000 0.084167 0 0.006096 0.3175 0.695556 0.039375 0.072222 8 0.005344 0.75125 0.935278 0.085000 0.129444 2 0.004887 0.855625 0.868889 0.087500 0.224444 0 0.004665 0.071797 0.741111 0.088281 0.104444 10 0.004467 0.101328 0.520556 0.156719 0.195556 0 0.00404 0.224375 0.818889 0.037500 0.082222 12 0.004025 0.255938 0.918889 0.055000 0.144444 0 0.004025 0.101875 0.519444 0.160625 0.196667 3 0.004005 0.995625 0.866111 0.008750 0.153333 0 0.003975 0.030391 0.618333 0.059453 0.254444 9 0.003885 0.448438 0.412222 0.074375 0.100556 12 0.003809 0.315 0.7 0.040000 0.073333 12 0.003809 0.695625 0.892778 0.057500 0.157778 2 0.003796 0.81125 0.446667 0.023750 0.046667 3 0.003298 0.99 0.874445 0.020000 0.200000 3 0.003147 0.301875 0.846111 0.046875 0.093333 0 0.002846 0.30125 0.844444 0.046250 0.092222 0 0.002758 0.693125 0.906111 0.040000 0.103333 12 0.002758 0.391563 0.998889 0.151250 0.002222 8 0.002663 0.126387 0.862222 0.133477 0.275556 3 0.002028 0.270625 0.537917 0.045938 0.081944 11 0.00201 0.452188 0.412222 0.071875 0.098889 3 0.001839 0.261562 0.492222 0.048750 0.093333 1 0.001616 0.688125 0.972778 0.048750 0.054444 10 0.001536 0.5375 0.290556 0.041250 0.087778 2 0.001444 0.255625 0.91 0.049375 0.126667 0 0.001416 0.285625 0.489444 0.027500 0.051111 0 0.00141 0.75625 0.443333 0.025000 0.061111 1 0.001279 0.68625 0.645556 0.035000 0.074444 11 0.001274 0.122891 0.765556 0.111094 0.215556 0 0.001255 0.018594 0.696667 0.037188 0.104444 0 0.00109 0.85875 0.508889 0.030000 0.055556
CCTV01^20260318-110000-20260318-120000_000375,3 0.818848 0.524375 0.877778 0.074375 0.197778 1 0.791992 0.289062 0.82 0.047813 0.127778 4 0.73584 0.369688 0.887222 0.110000 0.203333 3 0.697754 0.119551 0.920556 0.122148 0.155556 10 0.656738 0.361797 0.495278 0.143906 0.185000 3 0.654785 0.122168 0.748889 0.095039 0.122222 0 0.535156 0.80125 0.7 0.050000 0.122222 5 0.505859 0.6775 0.521667 0.052500 0.114444 0 0.501953 0.229687 0.801111 0.053125 0.131111 2 0.464844 0.289687 0.821111 0.048125 0.126667 5 0.435791 0.276563 0.714445 0.074375 0.142222 1 0.289307 0.73 0.599444 0.032500 0.081111 1 0.279785 0.303125 0.89 0.035625 0.086667 2 0.267334 0.222813 0.694444 0.060000 0.093333 3 0.265869 0.26875 0.945833 0.077500 0.108333 2 0.262939 0.315625 0.607778 0.047500 0.106667 9 0.23938 0.065391 0.766667 0.130781 0.348889 3 0.218628 0.368437 0.89 0.108750 0.195556 10 0.151978 0.065469 0.754444 0.130938 0.324444 0 0.147095 0.142656 0.786111 0.044687 0.108889 2 0.135254 0.84125 0.461389 0.045000 0.077778 0 0.129395 0.181836 0.787778 0.043828 0.123333 1 0.128052 0.77375 0.641111 0.032500 0.078889 9 0.127197 0.276563 0.716111 0.074375 0.141111 9 0.103027 0.48 0.433611 0.051875 0.083333 2 0.099792 0.863125 0.604445 0.058750 0.102222 0 0.088806 0.82875 0.540972 0.035000 0.075833 7 0.087585 0.368203 0.886667 0.112344 0.202222 0 0.068787 0.204844 0.88 0.034687 0.102222 1 0.065613 0.768125 0.878889 0.033750 0.088889 0 0.064209 0.315781 0.608889 0.045937 0.105556 3 0.063965 0.024473 0.880556 0.048945 0.191111 10 0.045685 0.024727 0.685556 0.049453 0.318889 9 0.042877 0.270313 0.529444 0.071250 0.113333 1 0.03891 0.633125 0.456111 0.022500 0.061111 10 0.026352 0.101484 0.521667 0.157656 0.191111 10 0.024994 0.455625 0.382222 0.092500 0.117778 0 0.024612 0.307031 0.756667 0.044688 0.112222 5 0.015366 0.031602 0.890833 0.063203 0.218333 10 0.014732 0.021504 0.623194 0.043008 0.258056 3 0.014282 0.306875 0.761111 0.045625 0.113333 11 0.014229 0.48 0.433889 0.053125 0.083889 0 0.011467 0.1025 0.518889 0.161250 0.196667 0 0.011116 0.9075 0.631111 0.042500 0.093333 8 0.010567 0.27125 0.527778 0.071563 0.106667 10 0.00956 0.031582 0.885 0.063008 0.230000 4 0.008614 0.038809 0.895 0.077617 0.210000 1 0.008255 0.299062 0.86 0.035000 0.066667 0 0.006439 0.791875 0.470556 0.027500 0.070000 12 0.006241 0.23 0.8 0.052500 0.137778 6 0.005821 0.399375 0.363333 0.060000 0.090000 3 0.005707 0.629375 0.321667 0.022500 0.042222 0 0.00433 0.035059 0.603333 0.068398 0.268889 3 0.003765 0.035352 0.895556 0.069141 0.208889 0 0.003736 0.33125 0.761667 0.022500 0.087778 4 0.002779 0.399375 0.363333 0.060000 0.090000 3 0.002253 0.016514 0.847778 0.032832 0.135556 2 0.002192 0.994063 0.921945 0.011875 0.156111 7 0.001957 0.035273 0.891111 0.070078 0.217778 2 0.001949 0.995 0.890556 0.010000 0.155556 12 0.001912 0.143125 0.786667 0.045625 0.115556 0 0.001789 0.81 0.466944 0.020000 0.057778 1 0.001727 0.768125 0.881111 0.051250 0.114444 3 0.001675 0.32125 0.963889 0.051875 0.072222 2 0.001668 0.130078 0.573889 0.044844 0.096667 4 0.001597 0.8825 0.605556 0.112500 0.140000 1 0.001531 0.715625 0.874445 0.032500 0.088889 0 0.001472 0.209688 0.8 0.035625 0.131111 0 0.001372 0.183906 0.811111 0.040313 0.088889 3 0.001367 0.149375 0.921667 0.061250 0.121111 1 0.001151 0.765 0.622222 0.040000 0.100000 3 0.001147 0.13 0.573195 0.045625 0.091389 4 0.001138 0.321328 0.961111 0.051094 0.077778 3 0.001107 0.008892 0.260556 0.017139 0.037778 9 0.00104 0.023535 0.621111 0.047070 0.200000 0 0.00104 0.77625 0.624444 0.036250 0.104444
CCTV01^20260318-110000-20260318-120000_000379,4 0.884766 0.324062 0.738889 0.082500 0.168889 3 0.834473 0.240313 0.726667 0.084375 0.111111 10 0.827637 0.152656 0.603333 0.223438 0.236667 3 0.812988 0.143594 0.887778 0.104063 0.180000 3 0.800781 0.524375 0.878889 0.073750 0.200000 3 0.79834 0.307188 0.587778 0.075625 0.095556 3 0.757812 0.755 0.665556 0.068750 0.125556 3 0.725098 0.901875 0.824444 0.116250 0.168889 3 0.658203 0.328203 0.92 0.076094 0.157778 2 0.517578 0.8025 0.912222 0.057500 0.146667 10 0.479492 0.079531 0.825 0.159063 0.350000 0 0.430176 0.283281 0.826667 0.035313 0.100000 0 0.405518 0.228906 0.871667 0.052813 0.142222 5 0.339844 0.499375 0.406667 0.043750 0.067778 0 0.331055 0.255625 0.642222 0.045625 0.073333 2 0.331055 0.3275 0.921111 0.076250 0.155556 0 0.245117 0.249062 0.798889 0.039375 0.106667 3 0.178955 0.312188 0.420556 0.033750 0.051111 0 0.153564 0.983125 0.835 0.033750 0.143333 3 0.134277 0.280156 0.516111 0.041563 0.067778 10 0.125977 0.104375 0.526111 0.163125 0.202222 2 0.112427 0.47 0.46 0.031250 0.064444 2 0.101257 0.84125 0.463056 0.041250 0.075556 3 0.097046 0.98375 0.854445 0.032500 0.166667 10 0.071045 0.025273 0.615694 0.050391 0.221944 0 0.06488 0.85 0.543194 0.033750 0.075833 12 0.044861 0.228906 0.871667 0.054688 0.140000 0 0.034088 0.329375 0.466111 0.036250 0.067222 3 0.028336 0.177461 0.963056 0.083203 0.073889 1 0.027802 0.213438 0.804444 0.031250 0.086667 4 0.027267 0.84125 0.463333 0.042500 0.077778 1 0.023239 0.348125 0.59 0.032500 0.068889 2 0.021362 0.4025 0.433333 0.025000 0.055556 0 0.018539 0.213438 0.805 0.031250 0.087778 2 0.013741 0.32875 0.464444 0.036875 0.063333 3 0.01297 0.4025 0.547222 0.043750 0.070000 1 0.012772 0.255469 0.641111 0.050938 0.080000 1 0.012192 0.34625 0.502222 0.022500 0.060000 0 0.01133 0.297969 0.527778 0.054062 0.074444 3 0.010902 0.00917 0.261389 0.017637 0.034444 1 0.01001 0.81 0.492778 0.025000 0.060000 2 0.009598 0.400313 0.548889 0.043750 0.080000 0 0.009125 0.30625 0.516944 0.040625 0.076111 1 0.005489 0.633125 0.390556 0.016250 0.046111 0 0.005322 0.230625 0.828333 0.040625 0.077778 0 0.004608 0.35375 0.473333 0.027500 0.063333 9 0.004166 0.985 0.865833 0.030000 0.268333 1 0.003651 0.41125 0.475556 0.033750 0.052222 1 0.003483 0.374375 0.505 0.026250 0.058889 10 0.003429 0.026953 0.776667 0.053438 0.380000 0 0.003311 0.249375 0.51 0.028437 0.068889 3 0.003124 0.289375 0.521944 0.054375 0.075000 8 0.003111 0.473125 0.385 0.057500 0.075556 0 0.003088 0.31125 0.510556 0.028125 0.063333 3 0.002981 0.171406 0.885556 0.044375 0.113333 2 0.00259 0.9925 0.776667 0.015000 0.158889 2 0.002398 0.286094 0.521944 0.048438 0.069444 4 0.002226 0.198594 0.922222 0.048750 0.115556 0 0.002083 0.29 0.435 0.021875 0.048889 3 0.00205 0.99125 0.88 0.017500 0.191111 11 0.001926 0.181289 0.397778 0.073672 0.108889 10 0.001818 0.653125 0.219444 0.030000 0.065000 3 0.001768 0.985 0.625556 0.030000 0.121111 0 0.001755 0.345313 0.3875 0.025000 0.040000 1 0.001741 0.34875 0.491111 0.025625 0.071111 0 0.001478 0.31875 0.484444 0.030000 0.068889 2 0.001315 0.995 0.761111 0.010000 0.144444 1 0.001279 0.80375 0.913889 0.063750 0.151111 4 0.001169 0.29875 0.522778 0.056250 0.081111 0 0.00109 0.021328 0.678889 0.042656 0.102222 10 0.001069 0.985 0.874444 0.030000 0.251111
CCTV01^20260318-110000-20260318-120000_000383,10 0.847168 0.160625 0.669444 0.196875 0.294444 3 0.829102 0.304063 0.817778 0.061875 0.113333 3 0.82666 0.524375 0.877778 0.073125 0.197778 3 0.773438 0.321328 0.665556 0.063594 0.092222 3 0.741699 0.254375 0.753889 0.081875 0.111111 2 0.695801 0.331875 0.727778 0.060000 0.108889 3 0.622559 0.30375 0.598889 0.075625 0.095556 5 0.611328 0.238438 0.68 0.093750 0.137778 5 0.458984 0.184727 0.874444 0.111172 0.192222 0 0.403564 0.295625 0.889444 0.058750 0.134444 9 0.397949 0.239687 0.68 0.096250 0.135556 0 0.370117 0.87875 0.635556 0.045000 0.100000 3 0.368408 0.811875 0.514167 0.046250 0.072778 3 0.329346 0.25125 0.959445 0.072813 0.081111 10 0.279053 0.405937 0.441111 0.128750 0.155556 2 0.213379 0.84375 0.466944 0.041250 0.078333 9 0.177246 0.405625 0.440278 0.128750 0.156111 10 0.164551 0.022109 0.879167 0.043984 0.241667 1 0.15564 0.064688 0.921111 0.048438 0.104444 3 0.126343 0.185625 0.883333 0.108125 0.202222 10 0.071838 0.629375 0.278333 0.031250 0.086667 10 0.054413 0.025391 0.649444 0.050781 0.254444 3 0.042389 0.02002 0.868333 0.040039 0.174444 3 0.03595 0.497188 0.414167 0.036250 0.051667 1 0.032349 0.114531 0.887222 0.039687 0.093333 0 0.031372 0.255 0.827778 0.032813 0.088889 1 0.016525 0.255313 0.826667 0.033750 0.086667 9 0.016525 0.184414 0.875556 0.108672 0.195556 10 0.015839 0.018115 0.608333 0.035879 0.183333 1 0.015671 0.024629 0.966111 0.045508 0.066667 3 0.015076 0.487813 0.372778 0.040000 0.045556 1 0.015015 0.057617 0.816667 0.038516 0.093333 10 0.013329 0.103262 0.525 0.159727 0.200000 0 0.008316 0.356563 0.564444 0.033125 0.078889 3 0.008255 0.009243 0.259931 0.018057 0.040139 0 0.006462 0.103594 0.5225 0.163438 0.201667 3 0.006027 0.235938 0.864444 0.034687 0.103333 0 0.005344 0.991875 0.658333 0.016250 0.094444 1 0.0047 0.172187 0.965556 0.070312 0.068889 12 0.004467 0.389062 0.523611 0.025625 0.056111 0 0.003721 0.031992 0.614583 0.062266 0.266389 1 0.003693 0.170039 0.768889 0.076797 0.111111 0 0.003538 0.38875 0.525278 0.025000 0.055000 0 0.003099 0.27625 0.843889 0.024375 0.078889 12 0.002693 0.356875 0.564583 0.033750 0.077500 1 0.002493 0.072031 0.904444 0.045156 0.113333 1 0.002481 0.060547 0.942222 0.033438 0.075556 10 0.002216 0.98625 0.651111 0.027500 0.160000 3 0.001934 0.529375 0.319722 0.026250 0.036667 0 0.001926 0.2 0.524444 0.026563 0.060000 1 0.001926 0.240313 0.892222 0.038750 0.084444 0 0.001839 0.272813 0.827222 0.026875 0.096667 0 0.001768 0.242812 0.826667 0.043125 0.100000 1 0.001734 0.331563 0.729445 0.058750 0.106667 1 0.001714 0.240625 0.844444 0.036875 0.106667 1 0.001611 0.088672 0.845556 0.043594 0.088889 8 0.001427 0.077891 0.626111 0.074531 0.126667 2 0.001335 0.994687 0.928333 0.010625 0.135556 0 0.001285 0.91 0.557778 0.030000 0.076667 1 0.001225 0.189688 0.758889 0.038750 0.080000 4 0.001225 0.237188 0.863333 0.035625 0.100000 3 0.001116 0.994375 0.675 0.011250 0.101111 11 0.001032 0.589375 0.074583 0.046250 0.040833
CCTV01^20260318-110000-20260318-120000_000387,3 0.86084 0.260469 0.908333 0.075937 0.161111 3 0.831055 0.317188 0.694444 0.060000 0.102222 3 0.816406 0.524375 0.877778 0.073125 0.197778 3 0.753418 0.31875 0.618889 0.064375 0.085556 3 0.697754 0.173594 0.812222 0.084062 0.128889 5 0.665527 0.250938 0.702778 0.082188 0.136667 3 0.658203 0.272813 0.538333 0.063750 0.078889 3 0.600098 0.164648 0.929444 0.109453 0.141111 10 0.598145 0.357188 0.473611 0.130000 0.173889 0 0.533203 0.34875 0.806667 0.055000 0.124444 3 0.480469 0.086387 0.934445 0.104414 0.131111 2 0.46875 0.474375 0.476111 0.047500 0.057222 4 0.439697 0.951875 0.861667 0.096250 0.171111 2 0.265869 0.968125 0.752778 0.063750 0.161111 2 0.233765 0.373125 0.531944 0.038125 0.082778 0 0.176147 0.277187 0.793333 0.040000 0.105556 10 0.173828 0.061758 0.820833 0.123516 0.358333 0 0.167725 0.73 0.844444 0.035000 0.106667 1 0.145142 0.73 0.843333 0.037500 0.111111 1 0.143188 0.152969 0.726667 0.037500 0.084444 3 0.117554 0.474375 0.475 0.047500 0.055000 2 0.076965 0.432188 0.468056 0.058125 0.074444 9 0.061646 0.431563 0.467778 0.057500 0.072222 5 0.05603 0.431875 0.468056 0.057500 0.073333 5 0.052612 0.6725 0.475833 0.048750 0.095556 2 0.048126 0.304375 0.427222 0.030625 0.053333 1 0.047607 0.274375 0.613333 0.031250 0.071111 1 0.047241 0.344375 0.556111 0.030000 0.070000 9 0.044189 0.102949 0.519444 0.159414 0.194444 10 0.036499 0.024395 0.676667 0.048789 0.306667 1 0.034363 0.228125 0.79 0.035625 0.084444 3 0.029755 0.95125 0.866111 0.092500 0.175556 9 0.029541 0.0625 0.81 0.124844 0.355556 0 0.028214 0.9675 0.634444 0.052500 0.086667 0 0.027588 0.228437 0.792222 0.034375 0.082222 10 0.019348 0.865 0.850833 0.210000 0.298333 3 0.018906 0.6725 0.476111 0.047500 0.094444 1 0.016724 0.199375 0.673333 0.032500 0.073333 0 0.013901 0.2575 0.773889 0.024375 0.080000 10 0.013741 0.103594 0.518889 0.161563 0.194444 3 0.012291 0.431875 0.468333 0.056875 0.073333 10 0.009087 0.019473 0.611111 0.038789 0.183333 3 0.008919 0.75875 0.398056 0.032500 0.055556 11 0.006191 0.590625 0.070833 0.046250 0.049444 3 0.006123 0.2725 0.518333 0.060000 0.092222 2 0.006027 0.874375 0.577778 0.048750 0.082222 7 0.005535 0.95 0.88 0.098750 0.236667 3 0.005428 0.473125 0.429722 0.051250 0.052222 10 0.004757 0.03457 0.76 0.069141 0.355556 3 0.004398 0.133437 0.572222 0.060313 0.101111 0 0.004135 0.278437 0.478333 0.031250 0.057778 0 0.003944 0.029609 0.619444 0.057344 0.236667 1 0.003403 0.305625 0.571111 0.049375 0.075556 2 0.003376 0.1325 0.572222 0.057813 0.095556 1 0.003235 0.245937 0.6 0.031875 0.075556 2 0.003197 0.985625 0.592361 0.028750 0.121944 0 0.003099 0.102813 0.521667 0.162188 0.196667 3 0.003099 0.32625 0.948333 0.107500 0.103333 3 0.003063 0.43125 0.420556 0.043750 0.041111 0 0.002216 0.2475 0.602222 0.033125 0.068889 3 0.002132 0.986875 0.600556 0.026250 0.113333 10 0.002058 0.95375 0.839445 0.092500 0.321111 5 0.001853 0.985625 0.592083 0.028750 0.113611 0 0.001846 0.81125 0.453611 0.028750 0.064444 1 0.001687 0.325938 0.558889 0.026250 0.068889 11 0.001661 0.965625 0.756667 0.068750 0.193333 1 0.001536 0.187188 0.565 0.031875 0.075556 0 0.001309 0.8375 0.473889 0.027500 0.061111 0 0.001265 0.96625 0.754444 0.067500 0.188889 1 0.001211 0.212656 0.654444 0.055000 0.112222 0 0.001169 0.875 0.576667 0.045000 0.077778 3 0.001124 0.97 0.926111 0.060000 0.145556 0 0.001024 0.186563 0.568333 0.032500 0.072222
CCTV01^20260318-110000-20260318-120000_000391,3 0.868652 0.270938 0.832222 0.071875 0.126667 3 0.820801 0.524375 0.878333 0.073125 0.197778 3 0.750488 0.7875 0.606667 0.072500 0.122222 5 0.747559 0.313281 0.614444 0.087812 0.111111 3 0.747559 0.166719 0.923333 0.097188 0.152222 3 0.716797 0.235156 0.638333 0.075938 0.114444 3 0.656738 0.224375 0.947222 0.080000 0.105556 3 0.613281 0.225156 0.765556 0.081562 0.142222 5 0.53125 0.168398 0.746667 0.095703 0.155556 9 0.498047 0.169062 0.746667 0.097812 0.153333 10 0.496094 0.170938 0.596667 0.183750 0.257778 3 0.474609 0.3075 0.538889 0.053750 0.066667 8 0.375732 0.306875 0.925556 0.092500 0.146667 11 0.364746 0.171094 0.596806 0.184688 0.259722 0 0.359375 0.836875 0.721111 0.035000 0.097778 0 0.250977 0.30875 0.731667 0.034375 0.100000 10 0.216064 0.102891 0.519444 0.164531 0.194444 10 0.214722 0.4725 0.373889 0.082500 0.117778 2 0.154541 0.358125 0.486389 0.041250 0.070556 3 0.150513 0.339687 0.555 0.047500 0.062222 0 0.149048 0.277813 0.735556 0.035000 0.093333 0 0.121277 0.8375 0.718889 0.055000 0.106667 4 0.103394 0.6825 0.443889 0.047500 0.088889 2 0.087585 0.340313 0.555417 0.046875 0.062500 9 0.079224 0.170781 0.596111 0.185313 0.253333 0 0.078064 0.8575 0.562222 0.037500 0.080000 9 0.05835 0.103594 0.520833 0.162500 0.190556 10 0.046539 0.051211 0.782222 0.102266 0.284444 2 0.043365 0.512813 0.411389 0.035625 0.052222 3 0.041473 0.513125 0.410833 0.036250 0.052778 2 0.040985 0.858125 0.562222 0.040000 0.083333 0 0.036774 0.319063 0.688889 0.043125 0.100000 7 0.036224 0.403125 0.420833 0.043750 0.057778 3 0.030563 0.681875 0.444167 0.046250 0.091111 1 0.028107 0.255313 0.677222 0.031250 0.071111 10 0.024048 0.025605 0.678333 0.051133 0.298889 0 0.023697 0.95 0.631111 0.035000 0.073333 0 0.022537 0.81375 0.4925 0.025000 0.065556 12 0.022034 0.305469 0.926111 0.087188 0.147778 10 0.019501 0.024902 0.616111 0.049414 0.200000 9 0.019501 0.054336 0.777778 0.108516 0.304445 2 0.018402 0.296875 0.417778 0.024375 0.054444 3 0.013329 0.060469 0.806111 0.120938 0.322222 0 0.010651 0.89125 0.534722 0.040000 0.076111 10 0.010651 0.03834 0.705556 0.076523 0.308889 1 0.009636 0.320312 0.489444 0.020000 0.051111 1 0.007965 0.45375 0.450278 0.022500 0.051667 1 0.007065 0.395 0.453333 0.026250 0.052222 2 0.007011 0.316406 0.546528 0.059687 0.064722 12 0.006538 0.010811 0.054306 0.021504 0.073472 0 0.00634 0.328125 0.439167 0.023125 0.048333 1 0.006073 0.8075 0.569444 0.025000 0.070000 3 0.004887 0.089766 0.801111 0.070938 0.093333 0 0.004829 0.855 0.500556 0.027500 0.056667 1 0.004005 0.674375 0.35 0.015000 0.045556 3 0.00375 0.49375 0.406111 0.027500 0.048889 0 0.003551 0.030508 0.619444 0.059766 0.254445 0 0.002243 0.599375 0.447778 0.022500 0.063333 10 0.001995 0.98875 0.663333 0.022500 0.157778 9 0.001897 0.045547 0.725556 0.090781 0.144444 7 0.001875 0.68125 0.443889 0.045000 0.090556 3 0.001796 0.047461 0.774444 0.094922 0.134444 0 0.001592 0.320937 0.489444 0.021250 0.051111 2 0.001549 0.995 0.665556 0.010000 0.106667 4 0.001525 0.045469 0.722222 0.090938 0.137778 3 0.001501 0.106719 0.310833 0.024062 0.032778 9 0.001432 0.022305 0.601667 0.044609 0.196667 3 0.001405 0.046016 0.734445 0.092031 0.132222 0 0.001372 0.8075 0.569444 0.025000 0.071111 12 0.001245 0.310781 0.747778 0.031562 0.088889 1 0.001179 0.83875 0.721667 0.052500 0.103333 2 0.001138 0.994063 0.936944 0.011875 0.126111 4 0.001065 0.088047 0.773889 0.071406 0.150000
CCTV01^20260318-110000-20260318-120000_000395,8 0.88623 0.303438 0.805 0.066875 0.153333 3 0.791992 0.524063 0.877778 0.072500 0.197778 3 0.782715 0.267812 0.756667 0.081875 0.137778 10 0.766113 0.165781 0.751111 0.237188 0.364444 4 0.740234 0.952813 0.791111 0.094375 0.148889 3 0.737305 0.241719 0.918889 0.079687 0.157778 0 0.692871 0.8225 0.805556 0.042500 0.115556 3 0.605957 0.322422 0.651111 0.063906 0.091111 2 0.544922 0.806875 0.511944 0.030000 0.063889 0 0.451416 0.75375 0.559444 0.031250 0.061111 2 0.414795 0.78375 0.478333 0.026250 0.062222 7 0.414795 0.71625 0.607222 0.067500 0.145556 5 0.388672 0.440938 0.451945 0.058125 0.076667 3 0.366699 0.37125 0.451111 0.036250 0.068889 9 0.305664 0.71625 0.607778 0.070000 0.147778 3 0.262939 0.152813 0.937778 0.091250 0.124444 3 0.185303 0.486562 0.422222 0.043750 0.063889 4 0.181274 0.716875 0.607639 0.070000 0.146944 0 0.138428 0.345 0.581667 0.033750 0.076667 0 0.099487 0.98875 0.703333 0.022500 0.077778 10 0.074219 0.075352 0.694444 0.150703 0.313333 1 0.042236 0.327813 0.722222 0.032500 0.064444 3 0.040985 0.40125 0.383056 0.031250 0.044444 9 0.036224 0.076367 0.695417 0.152734 0.320278 10 0.033478 0.026973 0.621667 0.053633 0.210000 0 0.033478 0.351875 0.776667 0.036250 0.088889 10 0.03067 0.222813 0.581667 0.193125 0.215556 4 0.030334 0.37125 0.45 0.036250 0.067778 9 0.025085 0.222969 0.576111 0.199688 0.206667 0 0.023865 0.403125 0.49 0.026250 0.068889 5 0.020416 0.346875 0.944167 0.123750 0.111667 10 0.019196 0.278906 0.475833 0.141563 0.152778 3 0.018982 0.521875 0.374167 0.036250 0.048889 10 0.017181 0.6475 0.314722 0.040000 0.101667 10 0.0159 0.034473 0.692222 0.068945 0.323333 1 0.008156 0.352812 0.774444 0.038750 0.084444 1 0.007786 0.7425 0.433056 0.020000 0.042778 2 0.007488 0.955 0.791111 0.090000 0.148889 9 0.006878 0.291094 0.465833 0.111562 0.137222 0 0.006718 0.9875 0.65 0.025000 0.075556 0 0.00634 0.102813 0.521667 0.162188 0.198889 3 0.006241 0.98875 0.708333 0.022500 0.086667 0 0.006218 0.9875 0.676667 0.025000 0.108889 1 0.004627 0.334063 0.72 0.035625 0.082222 3 0.004398 0.35375 0.943333 0.134375 0.113333 3 0.003796 0.51625 0.367778 0.032500 0.045556 1 0.003389 0.338125 0.730556 0.025625 0.062222 3 0.003298 0.622188 0.250139 0.015625 0.031389 3 0.00304 0.009136 0.261389 0.017549 0.039444 2 0.002359 0.77625 0.38 0.020000 0.042222 0 0.00227 0.9275 0.573333 0.030000 0.064444 10 0.002058 0.101094 0.521944 0.164375 0.200556 3 0.001987 0.260625 0.66 0.039375 0.084444 1 0.001912 0.323125 0.73 0.030000 0.084444 10 0.001592 0.027637 0.755 0.055273 0.465556 0 0.001561 0.345625 0.418056 0.027500 0.047778 10 0.00123 0.27625 0.577778 0.096875 0.186667 2 0.001206 0.791875 0.406389 0.022500 0.047222 8 0.001188 0.110078 0.764444 0.120469 0.233333 10 0.001161 0.013076 0.76 0.026152 0.437778 2 0.001143 0.994687 0.93 0.010625 0.140000 3 0.001086 0.27375 0.723333 0.065625 0.084444
CCTV01^20260318-110000-20260318-120000_000399,3 0.861328 0.768125 0.846667 0.077500 0.166667 3 0.838867 0.524375 0.877778 0.073750 0.197778 8 0.806641 0.303438 0.785556 0.067500 0.151111 10 0.757812 0.91875 0.82 0.162500 0.360000 3 0.754883 0.218125 0.768889 0.074375 0.131111 10 0.699219 0.131406 0.604306 0.203437 0.255833 9 0.640625 0.429063 0.418333 0.110625 0.134444 2 0.637207 0.808125 0.771667 0.047500 0.125556 5 0.62793 0.310937 0.907222 0.120000 0.185556 2 0.618652 0.505625 0.418889 0.036250 0.058333 2 0.544922 0.470938 0.473333 0.049375 0.062222 2 0.539062 0.36 0.818889 0.065000 0.128889 10 0.491211 0.355938 0.527222 0.147500 0.222222 3 0.354004 0.34625 0.627222 0.060000 0.085556 2 0.327637 0.86625 0.55 0.040000 0.077778 2 0.312256 0.274062 0.725 0.051250 0.105556 3 0.259766 0.47125 0.473056 0.050000 0.063333 3 0.223999 0.169648 0.950556 0.100078 0.098889 10 0.190063 0.280313 0.5175 0.146875 0.215000 3 0.185303 0.308906 0.909722 0.118438 0.180556 0 0.152588 0.195156 0.875 0.039063 0.080000 0 0.125977 0.395313 0.9 0.065000 0.100000 1 0.113586 0.22875 0.651111 0.039375 0.068889 10 0.110107 0.078242 0.865 0.156484 0.270000 1 0.093018 0.7025 0.503889 0.028750 0.068889 3 0.090393 0.32125 0.597778 0.078125 0.105556 10 0.065613 0.021797 0.660556 0.043594 0.313333 3 0.060303 0.38125 0.525833 0.090000 0.120556 0 0.044006 0.825625 0.481667 0.032500 0.067222 9 0.04303 0.282188 0.520278 0.150625 0.209444 0 0.040527 0.196406 0.851667 0.040625 0.113333 10 0.032959 0.018633 0.605 0.037070 0.192222 10 0.030334 0.429375 0.415556 0.107500 0.135556 0 0.024887 0.160469 0.87 0.039375 0.097778 2 0.020798 0.523125 0.373889 0.030000 0.047778 1 0.018402 0.160156 0.876667 0.039688 0.091111 0 0.013954 0.7025 0.502778 0.027500 0.067778 1 0.013222 0.360625 0.82 0.063750 0.124444 1 0.011734 0.639375 0.401111 0.021250 0.047778 0 0.008514 0.75125 0.449444 0.030000 0.066667 1 0.007549 0.71125 0.497222 0.027500 0.066667 3 0.005219 0.506875 0.420833 0.040000 0.063889 10 0.0047 0.475313 0.354444 0.082500 0.103333 1 0.004539 0.278125 0.724444 0.059375 0.103333 1 0.0042 0.8075 0.772778 0.045000 0.124444 3 0.004166 0.9025 0.597222 0.050000 0.084444 0 0.004101 0.025762 0.618333 0.050352 0.247778 1 0.003429 0.2 0.836667 0.040000 0.086667 7 0.003416 0.3075 0.911111 0.122500 0.177778 10 0.003403 0.101797 0.524167 0.160781 0.189444 0 0.00316 0.72 0.491944 0.022500 0.063889 10 0.003147 0.974375 0.570556 0.051250 0.163333 10 0.003147 0.031367 0.857778 0.062344 0.284444 1 0.002493 0.72 0.492222 0.020000 0.060000 3 0.002472 0.524375 0.372778 0.031875 0.052222 0 0.002287 0.476875 0.360556 0.081250 0.102222 0 0.002132 0.102188 0.528056 0.157500 0.185000 0 0.002083 0.805 0.446389 0.026250 0.055000 11 0.002028 0.4525 0.429167 0.063750 0.102222 3 0.001623 0.336797 0.6 0.061406 0.117778 3 0.001461 0.93 0.681111 0.065000 0.086667 2 0.001389 0.512813 0.386667 0.028125 0.035556 0 0.001289 0.38875 0.865556 0.051250 0.075556 2 0.001107 0.935 0.683333 0.042500 0.077778
CCTV01^20260318-110000-20260318-120000_000403,3 0.835449 0.52375 0.877778 0.073750 0.197778 3 0.823242 0.739375 0.694444 0.065000 0.121111 3 0.817383 0.148281 0.932222 0.080000 0.135556 3 0.788086 0.3125 0.653889 0.077500 0.101111 5 0.778809 0.26375 0.783889 0.089375 0.158889 10 0.747559 0.233125 0.639028 0.203125 0.286389 2 0.73877 0.503125 0.443889 0.036250 0.060000 5 0.697754 0.760625 0.855 0.085000 0.217778 3 0.692871 0.84625 0.721111 0.065000 0.133333 10 0.684082 0.28625 0.475 0.150000 0.178889 0 0.629883 0.8325 0.867778 0.055000 0.151111 3 0.569824 0.724375 0.526111 0.055000 0.086667 0 0.556641 0.364375 0.924444 0.054375 0.130000 10 0.470703 0.468125 0.403889 0.093750 0.144444 5 0.46875 0.26 0.909445 0.118125 0.181111 3 0.380371 0.259531 0.912222 0.114375 0.175556 3 0.364746 0.78125 0.572361 0.047500 0.093056 9 0.254639 0.285781 0.475 0.149688 0.182222 2 0.250977 0.053867 0.867778 0.081016 0.140000 10 0.186523 0.9425 0.860556 0.115000 0.278889 8 0.146118 0.7875 0.4675 0.036250 0.082778 12 0.134766 0.364375 0.926111 0.053750 0.132222 3 0.129883 0.053516 0.866111 0.082500 0.142222 10 0.084167 0.076602 0.774445 0.153047 0.313333 6 0.072388 0.0775 0.774444 0.153125 0.282222 0 0.069275 0.1675 0.814444 0.067500 0.111111 2 0.064209 0.74875 0.456111 0.027500 0.066111 0 0.061646 0.98875 0.755556 0.022500 0.104445 10 0.055603 0.053281 0.697778 0.106563 0.317778 0 0.053406 0.291094 0.722222 0.044063 0.093333 2 0.039337 0.7875 0.468333 0.037500 0.082778 10 0.036621 0.026992 0.672778 0.052969 0.294445 10 0.036224 0.02123 0.613333 0.042305 0.186667 2 0.024704 0.403125 0.549444 0.041875 0.084444 3 0.023605 0.033711 0.963889 0.065781 0.072222 0 0.021042 0.8775 0.531944 0.035000 0.076111 1 0.018188 0.382188 0.5 0.026875 0.051111 2 0.017639 0.445 0.485 0.040000 0.045556 10 0.017181 0.406875 0.409722 0.106875 0.158333 12 0.016846 0.341875 0.521111 0.023750 0.062222 0 0.016281 0.85125 0.537639 0.033750 0.075833 9 0.013168 0.405 0.413333 0.097500 0.156667 4 0.012054 0.9875 0.777778 0.025000 0.153333 1 0.009781 0.23 0.973333 0.042500 0.053333 0 0.00885 0.34125 0.523333 0.023750 0.061111 12 0.008255 0.831875 0.868889 0.051250 0.146667 0 0.007317 0.410625 0.408889 0.113125 0.157222 1 0.005981 0.630625 0.411111 0.020000 0.050000 9 0.00573 0.102109 0.517222 0.158906 0.192222 0 0.0056 0.102813 0.518333 0.163750 0.195556 0 0.004982 0.183594 0.965556 0.044375 0.066667 2 0.004906 0.988125 0.080694 0.023750 0.055694 3 0.004433 0.97 0.82 0.060000 0.213333 9 0.00404 0.50375 0.342222 0.065000 0.101111 3 0.003456 0.99125 0.741111 0.017500 0.131111 0 0.002878 0.8175 0.61 0.025000 0.074444 10 0.0028 0.101953 0.518333 0.158594 0.192222 12 0.002531 0.011191 0.052431 0.022109 0.069306 9 0.00235 0.233164 0.637222 0.202422 0.277778 0 0.00227 0.864375 0.533333 0.047500 0.077778 10 0.001768 0.9775 0.838333 0.045000 0.311111 3 0.001734 0.009277 0.261111 0.017637 0.037222 1 0.001714 0.233125 0.951667 0.052813 0.096667 0 0.001561 0.341875 0.520556 0.032500 0.075556 3 0.001467 0.006377 0.924722 0.012461 0.150556 0 0.001285 0.8125 0.4425 0.022500 0.056111 3 0.001285 0.184063 0.544306 0.051875 0.084722 3 0.001265 0.008599 0.951111 0.016631 0.097778 1 0.001221 0.226562 0.961111 0.037812 0.075556 3 0.001073 0.9875 0.817778 0.025000 0.200000
CCTV01^20260318-110000-20260318-120000_000407,11 0.932129 0.147207 0.683333 0.138086 0.191111 3 0.842773 0.167031 0.845556 0.081250 0.137778 8 0.837402 0.298125 0.733333 0.066875 0.128889 3 0.837402 0.524375 0.877778 0.073125 0.197778 11 0.79834 0.262969 0.572222 0.134062 0.168889 3 0.773438 0.68375 0.588333 0.055000 0.108889 3 0.750488 0.063906 0.904444 0.117188 0.166667 9 0.72168 0.41 0.470556 0.123750 0.187778 0 0.694336 0.75 0.801111 0.042500 0.117778 0 0.663574 0.755 0.702222 0.038750 0.095556 4 0.660156 0.2875 0.879444 0.098125 0.203333 2 0.594727 0.51375 0.411111 0.031250 0.050000 3 0.584961 0.79 0.527778 0.042500 0.086667 0 0.519531 0.78125 0.678333 0.032500 0.094444 5 0.496094 0.285156 0.644444 0.075938 0.118889 3 0.480469 0.411563 0.928889 0.130625 0.142222 5 0.435791 0.23375 0.766667 0.068125 0.166667 10 0.321777 0.088906 0.681111 0.177813 0.303333 2 0.297363 0.091328 0.786667 0.056250 0.106667 10 0.289307 0.405625 0.466944 0.125625 0.182778 1 0.279785 0.091719 0.788333 0.053281 0.107778 3 0.259766 0.094863 0.946389 0.099961 0.107222 3 0.217285 0.90375 0.943333 0.082500 0.113333 8 0.194336 0.312813 0.489444 0.042500 0.080000 0 0.182983 0.7975 0.626667 0.030000 0.073333 0 0.147583 0.174688 0.932222 0.053750 0.122222 2 0.117981 0.84375 0.57 0.036250 0.082222 0 0.111633 0.758125 0.488333 0.031250 0.070000 3 0.108215 0.224063 0.532778 0.056875 0.068889 0 0.092346 0.96625 0.697778 0.060000 0.114444 1 0.089478 0.7975 0.626667 0.030000 0.077778 0 0.059418 0.007236 0.935556 0.014473 0.108889 0 0.053009 0.91 0.683333 0.052500 0.100000 8 0.049225 0.795625 0.924444 0.070000 0.151111 10 0.048676 0.653594 0.266389 0.030312 0.076111 3 0.048126 0.97125 0.907778 0.057500 0.184444 1 0.044861 0.91125 0.683333 0.051250 0.097778 9 0.044189 0.146855 0.682222 0.134414 0.193333 10 0.042236 0.9725 0.908333 0.055000 0.183333 2 0.038177 0.79625 0.923889 0.067500 0.148889 10 0.035553 0.494375 0.336111 0.073750 0.104444 10 0.033966 0.3925 0.401667 0.124375 0.140000 4 0.03186 0.22 0.947778 0.067500 0.104444 0 0.028763 0.147344 0.773333 0.047812 0.111111 12 0.024048 0.219844 0.947778 0.069063 0.104444 10 0.022797 0.026172 0.614444 0.052031 0.192222 4 0.021942 0.79625 0.924444 0.067500 0.148889 3 0.021454 0.75875 0.408333 0.032500 0.052778 10 0.019348 0.022695 0.662778 0.045391 0.268889 1 0.018539 0.041025 0.833333 0.052949 0.085556 2 0.01738 0.75875 0.488333 0.032500 0.071111 6 0.017303 0.97375 0.908333 0.052500 0.183333 0 0.016922 0.020469 0.9 0.040938 0.106667 12 0.016663 0.486875 0.460278 0.027500 0.061667 3 0.015366 0.007231 0.846111 0.014463 0.127778 7 0.013954 0.285938 0.878333 0.101875 0.212222 7 0.012238 0.218438 0.948056 0.064375 0.103889 3 0.0121 0.79625 0.924444 0.067500 0.151111 0 0.011642 0.486875 0.46 0.029375 0.062222 7 0.01107 0.199062 0.944444 0.096250 0.111111 2 0.010529 0.48875 0.417222 0.030000 0.042778 0 0.009895 0.855 0.519444 0.031250 0.063333 5 0.009483 0.973125 0.907778 0.053750 0.184444 0 0.008987 0.803125 0.455833 0.025000 0.060556 8 0.008514 0.258125 0.575556 0.138125 0.163333 0 0.007755 0.005098 0.842222 0.010176 0.137778 0 0.006073 0.101719 0.536667 0.163125 0.200000 12 0.005959 0.175781 0.937778 0.051875 0.120000 7 0.005119 0.618438 0.207778 0.021875 0.046667 0 0.005081 0.89375 0.626667 0.050000 0.082222 3 0.00358 0.01166 0.841111 0.023320 0.157778 0 0.003311 0.9875 0.672778 0.025000 0.096667 2 0.003099 0.286563 0.4575 0.029375 0.060556 0 0.003099 0.174102 0.954444 0.048672 0.085556 9 0.00304 0.287188 0.884445 0.099375 0.204444 9 0.002672 0.393438 0.400278 0.128125 0.142778 0 0.002541 0.056709 0.761111 0.035176 0.091111 12 0.002415 0.007666 0.943333 0.014863 0.113333 2 0.002388 0.75625 0.414722 0.035000 0.057222 3 0.002165 0.994375 0.746667 0.011250 0.128889 0 0.001987 0.84875 0.460556 0.032500 0.056667 2 0.001957 0.495 0.389722 0.030000 0.043333 4 0.001957 0.012461 0.842778 0.024922 0.160000 3 0.001942 0.512813 0.409167 0.033125 0.053333 10 0.001919 0.099375 0.524444 0.156875 0.192222 2 0.001912 0.322188 0.437222 0.031250 0.057222 12 0.001782 0.011094 0.056875 0.021875 0.077500 3 0.001707 0.97375 0.937778 0.052500 0.124444 0 0.001604 0.92 0.659445 0.122500 0.176667 2 0.001579 0.5325 0.365556 0.026250 0.050556 3 0.001335 0.046719 0.845556 0.088906 0.215556 0 0.001325 0.991875 0.679444 0.016250 0.102222 1 0.001197 0.89 0.63 0.042500 0.074444 11 0.001151 0.8925 0.537778 0.060000 0.111111 3 0.001107 0.01166 0.9 0.023320 0.200000 0 0.001057 0.77375 0.680556 0.052500 0.110000 3 0.001017 0.009448 0.261111 0.017900 0.037222
CCTV01^20260318-110000-20260318-120000_000412,10 0.822266 0.748125 0.658889 0.136250 0.316667 8 0.809082 0.290312 0.633333 0.055312 0.120000 5 0.786621 0.33625 0.815556 0.095625 0.175556 3 0.78418 0.524375 0.877778 0.072500 0.200000 3 0.750488 0.139531 0.876111 0.097188 0.151111 3 0.743164 0.195898 0.771111 0.076328 0.128889 3 0.737305 0.036895 0.903889 0.073789 0.164444 3 0.6875 0.136797 0.774444 0.086406 0.126667 5 0.615234 0.3225 0.569444 0.071250 0.107778 4 0.513672 0.260625 0.728889 0.067500 0.161111 2 0.368408 0.288281 0.881111 0.052813 0.136667 11 0.348633 0.398438 0.476111 0.100625 0.125556 0 0.324219 0.43875 0.909445 0.070000 0.115556 2 0.317383 0.331563 0.942222 0.075625 0.113333 4 0.253906 0.240625 0.845556 0.071250 0.162222 0 0.246582 0.175156 0.913889 0.052188 0.122222 12 0.221313 0.439375 0.909445 0.070000 0.120000 3 0.218628 0.80875 0.662222 0.050000 0.117778 10 0.197388 0.08875 0.673333 0.177500 0.291111 5 0.190674 0.232969 0.651111 0.051562 0.124444 1 0.170532 0.28875 0.881111 0.053125 0.133333 12 0.136597 0.240938 0.846111 0.069062 0.160000 9 0.119995 0.335 0.816667 0.086875 0.182222 12 0.109314 0.7575 0.901111 0.045000 0.108889 3 0.102295 0.161836 0.668333 0.091328 0.141111 9 0.097717 0.162852 0.669444 0.088672 0.132222 0 0.09436 0.7575 0.901111 0.045000 0.111111 1 0.09436 0.334375 0.945556 0.068750 0.106667 1 0.089111 0.756875 0.902222 0.045000 0.107778 3 0.083618 0.262344 0.728889 0.060938 0.160000 2 0.06781 0.227813 0.485833 0.036875 0.068333 4 0.065613 0.235313 0.786111 0.035625 0.090000 3 0.065125 0.228125 0.486111 0.038125 0.071111 3 0.057281 0.242188 0.844444 0.065625 0.148889 3 0.056641 0.298125 0.529444 0.098750 0.128889 10 0.054413 0.916562 0.848056 0.166875 0.303889 2 0.053986 0.64875 0.388333 0.035000 0.071111 1 0.049774 0.655 0.515 0.025000 0.073333 10 0.042572 0.51125 0.360833 0.076875 0.120000 11 0.0401 0.296563 0.526945 0.095625 0.121667 0 0.0336 0.344688 0.452778 0.028750 0.061111 0 0.029648 0.374375 0.922778 0.071250 0.131111 0 0.026657 0.263438 0.73 0.058750 0.155556 4 0.024796 0.233125 0.652778 0.052188 0.127778 1 0.022034 0.090937 0.796667 0.041875 0.091111 12 0.019196 0.175625 0.922222 0.055625 0.115556 2 0.018906 0.194688 0.511111 0.038125 0.064444 9 0.016663 0.296563 0.526111 0.094375 0.120000 10 0.015541 0.025586 0.611667 0.050859 0.193333 2 0.014732 0.665 0.332222 0.023750 0.043333 7 0.011246 0.83125 0.459722 0.040000 0.081667 11 0.010246 0.261562 0.73 0.068125 0.166667 0 0.009087 0.49875 0.437778 0.025000 0.060556 4 0.006905 0.83 0.459444 0.040000 0.084444 3 0.006073 0.648906 0.389167 0.034687 0.070556 11 0.005447 0.162852 0.67 0.093672 0.144444 2 0.005363 0.83125 0.461111 0.040000 0.085556 0 0.005344 0.100703 0.522778 0.161719 0.192222 2 0.005062 0.309063 0.462778 0.032500 0.047778 3 0.004848 0.013057 0.902222 0.025723 0.177778 12 0.004665 0.375625 0.927778 0.063750 0.122222 2 0.004555 0.1925 0.536667 0.035625 0.077778 2 0.003496 0.613438 0.151111 0.013750 0.028333 3 0.003136 0.085801 0.948333 0.125586 0.103333 10 0.003063 0.034766 0.678333 0.069531 0.298889 1 0.002981 0.79875 0.488889 0.025000 0.055556 6 0.002867 0.161563 0.668333 0.095938 0.146667 3 0.002737 0.334453 0.942222 0.067344 0.113333 3 0.002453 0.205 0.588889 0.038750 0.082222 12 0.002453 0.939688 0.998333 0.120625 0.003333 1 0.002405 0.100547 0.746667 0.051094 0.095556 10 0.00227 0.100313 0.523889 0.159375 0.192222 12 0.001883 0.265625 0.73 0.055938 0.151111 3 0.001824 0.027051 0.87 0.054102 0.260000 2 0.001782 0.625938 0.299444 0.020625 0.041111 4 0.001755 0.204844 0.59 0.037187 0.081111 3 0.001675 0.08998 0.958889 0.096289 0.082222 9 0.001597 0.396875 0.478333 0.096250 0.120000 6 0.001134 0.653125 0.259722 0.028750 0.070000 3 0.001069 0.021523 0.772222 0.042891 0.103333
CCTV01^20260318-110000-20260318-120000_000420,3 0.848145 0.2525 0.842778 0.066250 0.141111 3 0.837402 0.524063 0.878333 0.073125 0.197778 2 0.737305 0.320078 0.651111 0.064844 0.113333 2 0.715332 0.10498 0.857222 0.081602 0.141111 10 0.70752 0.9225 0.791111 0.155000 0.417778 5 0.680664 0.168438 0.765556 0.104063 0.135556 10 0.677246 0.29125 0.509444 0.155000 0.207778 3 0.658203 0.172813 0.941667 0.072187 0.116667 2 0.53125 0.373125 0.508611 0.060000 0.095000 0 0.422607 0.298281 0.912222 0.055938 0.142222 2 0.334473 0.8275 0.479444 0.027500 0.060556 2 0.32251 0.798125 0.488333 0.031250 0.062222 10 0.320801 0.129688 0.599861 0.196563 0.240278 1 0.300781 0.8 0.682222 0.035000 0.093333 3 0.299072 0.167773 0.710556 0.092578 0.106667 2 0.282959 0.078008 0.800556 0.087734 0.133333 0 0.270508 0.169961 0.834445 0.048203 0.108889 0 0.267334 0.815 0.531389 0.027500 0.071667 3 0.253906 0.479375 0.412778 0.042500 0.053333 0 0.233765 0.227813 0.735556 0.046875 0.108889 3 0.216064 0.648125 0.402222 0.030000 0.053333 10 0.178955 0.67 0.341944 0.032500 0.095000 10 0.137573 0.021797 0.66125 0.043594 0.277500 0 0.100525 0.263125 0.712222 0.043438 0.100000 4 0.082703 0.299688 0.737778 0.043125 0.115556 0 0.068298 0.3 0.741111 0.042500 0.113333 0 0.045197 0.61625 0.436667 0.036875 0.068889 3 0.036896 0.449687 0.491667 0.054375 0.041667 0 0.031616 0.020605 0.7 0.041211 0.091111 0 0.029205 0.104668 0.699444 0.056914 0.082222 2 0.028442 0.8525 0.478333 0.025000 0.062222 0 0.025955 0.22625 0.625 0.033750 0.080000 3 0.020966 0.519063 0.367778 0.033125 0.058889 10 0.020889 0.016748 0.612778 0.033379 0.193333 0 0.016922 0.8525 0.479444 0.025000 0.063333 3 0.015602 0.008472 0.896667 0.016943 0.206667 0 0.011597 0.239687 0.66 0.039375 0.070000 10 0.011597 0.102031 0.523889 0.157500 0.191111 3 0.011116 0.634062 0.2525 0.016875 0.032222 2 0.010452 0.880625 0.550139 0.038750 0.075278 0 0.009018 0.798125 0.488889 0.032500 0.062222 2 0.008377 0.018418 0.706667 0.036836 0.091111 1 0.007843 0.34 0.593333 0.025000 0.068889 0 0.007755 0.8275 0.478611 0.030000 0.066667 10 0.007233 0.032539 0.612778 0.063828 0.256667 0 0.006668 0.88 0.550139 0.038750 0.077500 3 0.005665 0.006943 0.868889 0.013887 0.171111 3 0.004467 0.272813 0.656667 0.045625 0.124444 0 0.004433 0.16875 0.854445 0.042813 0.092222 3 0.003607 0.009253 0.260069 0.017979 0.036528 3 0.003551 0.278594 0.636667 0.041875 0.090000 5 0.003469 0.37375 0.508889 0.061250 0.097778 10 0.002632 0.018799 0.747778 0.037598 0.353333 6 0.002541 0.705 0.239583 0.027500 0.055278 2 0.002462 0.004854 0.785556 0.009668 0.113333 3 0.00214 0.293125 0.392778 0.045000 0.058889 1 0.001853 0.282813 0.632222 0.034687 0.081111 10 0.001853 0.017695 0.882222 0.035391 0.235556 4 0.001661 0.635 0.336944 0.023750 0.055000 3 0.001629 0.635 0.336111 0.023750 0.055556 5 0.001501 0.32 0.642778 0.065000 0.123333 8 0.001478 0.010977 0.864444 0.021953 0.196667 3 0.001444 0.98625 0.939722 0.027500 0.120556 6 0.001245 0.73125 0.228333 0.020000 0.037222 0 0.001081 0.816875 0.533333 0.047500 0.080000 2 0.001044 0.98875 0.708889 0.022500 0.142222 3 0.00102 0.991875 0.944722 0.016250 0.110556 12 0.001004 0.010957 0.055538 0.021680 0.075035 1 0.001004 0.366563 0.426111 0.020000 0.048889
CCTV01^20260318-110000-20260318-120000_000424,3 0.878418 0.77125 0.841111 0.077500 0.166667 3 0.835449 0.524375 0.878889 0.073125 0.197778 11 0.82666 0.165156 0.626111 0.198750 0.236667 3 0.809082 0.3225 0.816667 0.078750 0.140000 3 0.737305 0.272031 0.706667 0.089687 0.107778 5 0.73584 0.268438 0.630556 0.083125 0.104444 3 0.733887 0.68375 0.575 0.055000 0.096667 3 0.700684 0.178594 0.847778 0.075313 0.151111 3 0.668945 0.77625 0.686667 0.077500 0.115556 8 0.602051 0.39125 0.551667 0.057500 0.101111 10 0.546875 0.77375 0.556111 0.120000 0.214444 4 0.544922 0.2475 0.786667 0.062812 0.142222 10 0.537109 0.02375 0.667639 0.047344 0.284722 2 0.517578 0.9725 0.792222 0.055000 0.122222 2 0.494141 0.3325 0.59 0.046875 0.082222 0 0.486328 0.8925 0.716667 0.047500 0.111111 7 0.383057 0.2475 0.785556 0.063125 0.144444 1 0.379395 0.96625 0.936667 0.042500 0.104444 3 0.255371 0.4225 0.488889 0.056250 0.051111 6 0.241455 0.77375 0.556528 0.120000 0.213611 0 0.201782 0.280938 0.874445 0.067500 0.122222 4 0.174438 0.9 0.947222 0.052500 0.105556 10 0.17334 0.103594 0.522222 0.163438 0.197778 0 0.171021 0.102949 0.778333 0.053164 0.114444 0 0.161865 0.844375 0.55 0.033750 0.077778 10 0.132935 0.235938 0.508333 0.172500 0.168889 4 0.128052 0.279687 0.874444 0.069375 0.123333 1 0.093994 0.327813 0.641111 0.028125 0.066667 2 0.060303 0.441875 0.407778 0.030000 0.068889 6 0.057068 0.035312 0.855 0.070625 0.290000 0 0.048676 0.9 0.946667 0.051250 0.104444 10 0.047943 0.72125 0.308889 0.037500 0.094444 5 0.044342 0.035781 0.855278 0.071562 0.289444 10 0.017242 0.765625 0.356389 0.051250 0.104444 10 0.016785 0.019893 0.760833 0.039785 0.478333 10 0.012573 0.017207 0.614444 0.034180 0.197778 0 0.012383 0.441875 0.408333 0.031875 0.072222 0 0.011688 0.369688 0.955556 0.068125 0.088889 2 0.010567 0.03168 0.909445 0.063359 0.181111 1 0.009743 0.9 0.947222 0.051250 0.105556 1 0.008217 0.968125 0.934445 0.061250 0.123333 10 0.007122 0.035156 0.855 0.070312 0.290000 3 0.007011 0.009365 0.261389 0.018027 0.035556 10 0.006439 0.03416 0.615417 0.066055 0.249167 2 0.006027 0.421875 0.489167 0.057500 0.056667 3 0.00589 0.032441 0.896111 0.064883 0.207778 9 0.00547 0.200781 0.599444 0.131875 0.165556 9 0.005039 0.95875 0.657222 0.082500 0.135556 0 0.004364 0.995313 0.881111 0.009375 0.115556 0 0.00423 0.37875 0.416111 0.025000 0.052222 11 0.00423 0.033164 0.880556 0.066250 0.238889 11 0.004166 0.196094 0.601111 0.120000 0.161111 0 0.004086 0.82125 0.495556 0.025000 0.055556 2 0.002947 0.345625 0.520556 0.046250 0.074444 0 0.002935 0.9625 0.666667 0.072500 0.134444 1 0.002199 0.37 0.967222 0.068750 0.065556 3 0.001727 0.240938 0.583194 0.043750 0.100278 3 0.001668 0.995313 0.908889 0.009375 0.164444 2 0.001642 0.845 0.552083 0.035000 0.084722 12 0.001616 0.37 0.966667 0.068750 0.066667 2 0.001604 0.993125 0.756667 0.013750 0.118889 0 0.001585 0.103125 0.522778 0.167187 0.202222 4 0.001525 0.030195 0.872222 0.060234 0.255556 12 0.001356 0.9875 0.028229 0.025000 0.056458 3 0.001315 0.3425 0.520556 0.045000 0.066667 1 0.001225 0.331563 0.593333 0.043125 0.081111 3 0.001188 0.013428 0.678889 0.026621 0.122222 12 0.001024 0.73125 0.2275 0.022500 0.038333 8 0.001024 0.191406 0.601667 0.124062 0.171111
CCTV01^20260318-110000-20260318-120000_000428,3 0.865234 0.266719 0.908889 0.075937 0.158889 3 0.832031 0.524375 0.878333 0.072500 0.196667 3 0.72168 0.173906 0.907778 0.093750 0.166667 3 0.647949 0.2425 0.696111 0.070625 0.108889 3 0.635254 0.337187 0.563333 0.069375 0.084444 5 0.625977 0.280625 0.743333 0.080000 0.146667 10 0.558105 0.340078 0.444444 0.138594 0.157778 10 0.510742 0.121406 0.63 0.204063 0.233333 6 0.445557 0.033164 0.834722 0.066328 0.330556 1 0.399902 0.97125 0.952222 0.056250 0.091111 0 0.394287 0.74375 0.768889 0.037500 0.104444 1 0.381104 0.715 0.834445 0.030000 0.097778 1 0.315674 0.196094 0.708889 0.030938 0.073333 3 0.294189 0.25875 0.534444 0.043750 0.085556 3 0.269043 0.494063 0.443889 0.039375 0.062222 1 0.264404 0.167813 0.674444 0.046250 0.075556 1 0.206909 0.249062 0.621667 0.032187 0.062222 0 0.184204 0.216719 0.92 0.039375 0.100000 10 0.176636 0.023086 0.667639 0.046172 0.282500 0 0.09668 0.30125 0.643333 0.039375 0.083333 1 0.087891 0.18125 0.698889 0.056875 0.082222 0 0.070312 0.338125 0.62 0.040000 0.093333 3 0.054596 0.41375 0.526945 0.037500 0.068333 8 0.037476 0.47125 0.384167 0.070000 0.120000 0 0.033722 0.338125 0.764444 0.042500 0.107778 3 0.032959 0.339063 0.766111 0.041875 0.110000 0 0.023773 0.228125 0.57 0.031562 0.064444 10 0.021622 0.101875 0.522222 0.160000 0.194444 2 0.017639 0.033359 0.878889 0.066719 0.242222 10 0.016464 0.017656 0.611667 0.035078 0.193333 10 0.012291 0.725 0.323611 0.050000 0.111667 4 0.011871 0.228438 0.568333 0.035000 0.067778 10 0.011642 0.03166 0.837222 0.063320 0.325556 12 0.010857 0.47125 0.383889 0.070000 0.122222 11 0.010651 0.47125 0.383889 0.070000 0.122222 10 0.01049 0.78375 0.392222 0.055000 0.114444 2 0.01049 0.417813 0.390556 0.030625 0.057778 11 0.007431 0.251563 0.461667 0.048750 0.076111 0 0.006905 0.89625 0.543472 0.042500 0.086389 4 0.006168 0.935 0.609444 0.070000 0.117778 10 0.00605 0.031211 0.612361 0.060547 0.250833 10 0.00589 0.83125 0.782778 0.175000 0.434444 11 0.00573 0.034023 0.88 0.068047 0.240000 1 0.005577 0.6025 0.426389 0.022500 0.049444 9 0.005577 0.181406 0.589444 0.086875 0.144444 0 0.005199 0.4125 0.527222 0.033750 0.066667 0 0.004181 0.102656 0.523333 0.161563 0.200000 3 0.003622 0.605625 0.135278 0.010000 0.019444 9 0.003429 0.25125 0.462778 0.050938 0.077778 0 0.002901 0.8775 0.493889 0.030000 0.060000 3 0.0028 0.338047 0.62 0.040156 0.095556 2 0.002359 0.415625 0.406667 0.030000 0.057778 0 0.00215 0.835 0.452778 0.025000 0.055556 9 0.0021 0.028672 0.744444 0.055469 0.451111 0 0.001919 0.754375 0.772222 0.076250 0.133333 1 0.001741 0.7175 0.837222 0.055000 0.114444 2 0.001444 0.011787 0.654444 0.023301 0.057778 2 0.001325 0.935 0.61 0.070000 0.115556 10 0.001216 0.019658 0.754444 0.039316 0.442222 3 0.00102 0.009492 0.262222 0.018164 0.037778
CCTV01^20260318-110000-20260318-120000_000432,3 0.873047 0.258281 0.822222 0.070312 0.126667 3 0.849121 0.289687 0.701111 0.072500 0.133333 3 0.84375 0.24125 0.691111 0.069375 0.108889 3 0.816406 0.524375 0.877778 0.072500 0.195556 6 0.760742 0.86375 0.602778 0.105000 0.234444 10 0.720215 0.131016 0.693889 0.186406 0.328889 0 0.689453 0.309063 0.861111 0.060625 0.120000 3 0.6875 0.326875 0.558889 0.065000 0.080000 3 0.660156 0.221875 0.939167 0.083125 0.121667 0 0.581543 0.79375 0.603889 0.032500 0.092222 9 0.390381 0.442188 0.425 0.098750 0.127778 3 0.377441 0.364375 0.601667 0.072500 0.104444 3 0.348633 0.401875 0.514444 0.063750 0.080000 0 0.319092 0.175469 0.79 0.039375 0.093333 4 0.199341 0.84875 0.721111 0.075000 0.164444 5 0.184814 0.8475 0.722222 0.078750 0.166667 10 0.171631 0.4425 0.425 0.098750 0.127778 3 0.166626 0.498125 0.441111 0.040000 0.061111 0 0.155029 0.7775 0.485556 0.027500 0.065000 2 0.147583 0.4975 0.441111 0.041250 0.060000 1 0.14563 0.71 0.496944 0.020000 0.060556 1 0.143188 0.175313 0.791111 0.038125 0.091111 0 0.124634 0.319688 0.727222 0.028750 0.087778 10 0.120422 0.019297 0.847222 0.038438 0.305556 1 0.103394 0.328438 0.506111 0.026875 0.047778 2 0.09845 0.8475 0.722222 0.077500 0.164444 1 0.079224 0.265625 0.594444 0.030625 0.071111 0 0.052826 0.275313 0.499444 0.033125 0.070000 1 0.049225 0.32 0.726111 0.028750 0.085556 3 0.045685 0.123145 0.962778 0.096211 0.074444 10 0.041473 0.021387 0.609444 0.042461 0.177778 9 0.035004 0.130625 0.693333 0.183750 0.331111 0 0.034485 0.275781 0.958889 0.032813 0.075556 0 0.03186 0.376563 0.475 0.028125 0.062222 11 0.029984 0.040859 0.696667 0.081719 0.240000 5 0.024338 0.019443 0.872222 0.038613 0.251111 1 0.024231 0.275781 0.958889 0.033125 0.075556 10 0.022293 0.02375 0.764028 0.047500 0.471944 10 0.020889 0.023105 0.672778 0.046133 0.302222 3 0.02002 0.019434 0.876667 0.038672 0.246667 1 0.018768 0.347188 0.481389 0.020625 0.053889 9 0.017776 0.470625 0.350833 0.083750 0.095000 3 0.016922 0.643906 0.393333 0.029687 0.054444 3 0.01622 0.5275 0.366389 0.027500 0.044444 10 0.014282 0.470625 0.351111 0.083750 0.095556 1 0.012871 0.708125 0.497222 0.032500 0.066667 4 0.011551 0.316094 0.957778 0.045313 0.082222 2 0.010948 0.222188 0.938889 0.085625 0.122222 3 0.010818 0.103047 0.953889 0.137031 0.092222 3 0.009338 0.774375 0.393611 0.028750 0.045556 0 0.009338 0.3475 0.483056 0.026250 0.060556 0 0.009018 0.81875 0.472778 0.025000 0.057778 12 0.008881 0.315938 0.955556 0.049375 0.086667 1 0.008286 0.3325 0.497778 0.023750 0.052778 3 0.008156 0.162344 0.705556 0.096563 0.146667 9 0.007488 0.102656 0.513889 0.162500 0.184444 10 0.007038 0.102578 0.511111 0.157656 0.177778 10 0.006439 0.038516 0.681111 0.076719 0.304444 1 0.006123 0.323438 0.501111 0.030000 0.047222 10 0.005821 0.70875 0.238889 0.027500 0.069444 10 0.005821 0.733125 0.341111 0.052500 0.116667 0 0.00573 0.313438 0.476111 0.036875 0.063333 2 0.005665 0.994063 0.934445 0.011875 0.124444 10 0.0056 0.015352 0.853333 0.030547 0.214444 3 0.0042 0.008955 0.259444 0.017539 0.036111 0 0.004166 0.8775 0.495 0.031250 0.060000 0 0.00399 0.103281 0.515 0.164687 0.190000 1 0.003248 0.610313 0.324167 0.013125 0.031667 3 0.00255 0.020371 0.595417 0.040273 0.153611 10 0.002058 0.066797 0.685417 0.126250 0.311389 1 0.00202 0.315781 0.956667 0.046563 0.084444 5 0.001942 0.013311 0.845556 0.026426 0.206667 6 0.001818 0.019199 0.883889 0.038281 0.232222 0 0.001525 0.349375 0.4475 0.020000 0.043889 3 0.001467 0.327813 0.545417 0.053125 0.080278 0 0.001341 0.3525 0.433333 0.016250 0.045556 2 0.001279 0.936875 0.514444 0.063750 0.103333 3 0.001274 0.174727 0.725556 0.046172 0.117778 4 0.001179 0.310781 0.426389 0.035312 0.073333 0 0.001081 0.826875 0.475 0.036250 0.056667
CCTV01^20260318-110000-20260318-120000_000605,10 0.889648 0.631563 0.472222 0.066875 0.193333 10 0.84375 0.3175 0.563194 0.114375 0.213611 5 0.84082 0.524375 0.877778 0.068750 0.195556 10 0.831055 0.74875 0.808889 0.167500 0.382222 2 0.819824 0.294062 0.772222 0.043750 0.108889 3 0.720215 0.259062 0.711111 0.069375 0.102222 2 0.713867 0.915625 0.701667 0.070000 0.143333 3 0.629883 0.312813 0.710556 0.045625 0.096667 1 0.609375 0.2 0.796667 0.030000 0.084444 1 0.604004 0.240938 0.774445 0.026875 0.077778 0 0.556641 0.150312 0.691667 0.035625 0.088889 10 0.537109 0.7975 0.682222 0.172500 0.323333 3 0.533203 0.398125 0.498333 0.047500 0.060000 10 0.527344 0.250469 0.560556 0.139688 0.212222 3 0.416748 0.46875 0.476111 0.043750 0.051111 10 0.35498 0.063906 0.79 0.127813 0.313333 10 0.27832 0.7175 0.469722 0.080000 0.153889 10 0.269775 0.121563 0.557222 0.161875 0.208889 3 0.269043 0.331953 0.444444 0.036094 0.041111 3 0.269043 0.440625 0.455 0.043750 0.046667 1 0.219971 0.921875 0.936111 0.038750 0.092222 3 0.199951 0.66 0.581111 0.046250 0.077778 3 0.138428 0.43 0.502778 0.045000 0.054444 7 0.115967 0.69875 0.566111 0.050000 0.090000 3 0.104492 0.505625 0.403333 0.036250 0.044444 2 0.092712 0.368437 0.428333 0.021875 0.050556 3 0.086609 0.49 0.436667 0.038750 0.052222 2 0.077209 0.869375 0.950556 0.058750 0.098889 6 0.071838 0.06375 0.783333 0.127500 0.300000 10 0.068298 0.022422 0.673333 0.044844 0.293333 1 0.062317 0.981875 0.793889 0.036250 0.098889 1 0.061432 0.9225 0.828889 0.040000 0.085556 1 0.061188 0.90875 0.882222 0.026250 0.077778 4 0.060303 0.9725 0.911111 0.055000 0.164444 2 0.05542 0.7675 0.392778 0.023750 0.047778 2 0.055206 0.489375 0.437778 0.039375 0.051111 0 0.055206 0.9825 0.793333 0.035000 0.097778 3 0.048676 0.468125 0.423333 0.033750 0.045556 10 0.036774 0.80625 0.569028 0.142500 0.233056 2 0.028976 0.83125 0.487778 0.032500 0.068889 10 0.027176 0.109063 0.892222 0.200625 0.215556 3 0.025864 0.67625 0.484444 0.027500 0.064444 10 0.023514 0.097734 0.518056 0.154219 0.182778 5 0.021622 0.489375 0.4375 0.037500 0.051667 10 0.016922 0.91625 0.578333 0.157500 0.254444 10 0.016342 0.021465 0.615556 0.042461 0.200000 10 0.015602 0.618437 0.295556 0.033125 0.072778 10 0.015602 0.671875 0.662222 0.043750 0.135556 3 0.010696 0.66125 0.279722 0.018750 0.038889 4 0.010452 0.69875 0.566667 0.047500 0.090000 3 0.010056 0.448125 0.408611 0.033125 0.043889 0 0.009521 0.99375 0.831667 0.012500 0.082222 0 0.009193 0.91625 0.577778 0.157500 0.254444 0 0.008713 0.131016 0.646667 0.043594 0.060000 12 0.008255 0.671875 0.661111 0.043750 0.133333 10 0.007874 0.481875 0.3475 0.118750 0.115556 3 0.007431 0.331563 0.415 0.039375 0.056667 11 0.007175 0.67125 0.662222 0.042500 0.133333 2 0.006771 0.58 0.124583 0.012500 0.023056 0 0.006565 0.394375 0.393056 0.020000 0.046111 2 0.006439 0.67 0.5225 0.022500 0.059444 7 0.0056 0.969375 0.911111 0.061250 0.177778 0 0.004982 0.923125 0.834444 0.047500 0.100000 0 0.004364 0.121406 0.56 0.170938 0.212222 6 0.003721 0.97 0.913611 0.060000 0.172778 10 0.003593 0.97 0.913333 0.060000 0.173333 2 0.003416 0.6725 0.663333 0.045000 0.133333 3 0.002693 0.008877 0.261042 0.016934 0.035694 5 0.002672 0.6625 0.399167 0.042500 0.095000 2 0.00259 0.676875 0.491389 0.023750 0.060556 0 0.002502 0.41625 0.391389 0.020000 0.039444 2 0.002279 0.94625 0.858889 0.067500 0.108889 1 0.00214 0.7525 0.409444 0.015000 0.039444 0 0.001972 0.94 0.849444 0.072500 0.117778 1 0.001824 0.400625 0.571667 0.015000 0.044444 4 0.00181 0.946875 0.853889 0.071250 0.104444 0 0.001796 0.9925 0.863889 0.015000 0.130000 0 0.001741 0.98875 0.835556 0.022500 0.122222 11 0.001574 0.6625 0.400556 0.041250 0.096667 10 0.001549 0.26 0.47 0.048125 0.076667 3 0.00149 0.634062 0.125694 0.011875 0.019444 4 0.001294 0.980625 0.868889 0.038750 0.144444 2 0.001285 0.04543 0.030035 0.035391 0.060069 2 0.001265 0.296563 0.443611 0.032500 0.041111 3 0.001134 0.296563 0.444444 0.031875 0.041667 3 0.001037 0.646875 0.338889 0.023750 0.046111
CCTV01^20260318-110000-20260318-120000_000609,11 0.906738 0.275156 0.771111 0.099062 0.233333 10 0.893066 0.225039 0.694444 0.150547 0.297778 10 0.881836 0.72875 0.487778 0.082500 0.170000 10 0.879883 0.692656 0.636667 0.132188 0.302222 10 0.836426 0.41625 0.446667 0.110000 0.158889 10 0.817383 0.82125 0.595556 0.150000 0.254444 5 0.81543 0.32375 0.926667 0.079375 0.146667 3 0.808105 0.735 0.873333 0.077500 0.164444 2 0.78125 0.335547 0.628333 0.042656 0.085556 1 0.767578 0.182188 0.953333 0.032500 0.091111 10 0.749023 0.633125 0.486944 0.073750 0.199444 3 0.708984 0.353125 0.560972 0.065000 0.066944 5 0.6875 0.524375 0.88 0.068750 0.194444 10 0.662109 0.614062 0.339444 0.040000 0.105556 0 0.654785 0.343125 0.760556 0.033750 0.072222 10 0.631836 0.187812 0.609444 0.161250 0.211111 5 0.583008 0.505 0.413889 0.032500 0.060000 4 0.554688 0.789375 0.729445 0.072500 0.126667 1 0.498047 0.135781 0.945 0.043438 0.095556 1 0.486328 0.218438 0.891111 0.030625 0.086667 3 0.472656 0.75375 0.401111 0.035000 0.053333 3 0.472656 0.524375 0.878333 0.068750 0.192222 3 0.428223 0.504687 0.413889 0.032500 0.060556 7 0.403564 0.789375 0.728889 0.073750 0.128889 10 0.399902 0.9725 0.772222 0.055000 0.323333 10 0.357666 0.906563 0.838333 0.186875 0.323333 10 0.331055 0.300938 0.493056 0.103125 0.131667 3 0.279785 0.236719 0.960556 0.063438 0.078889 3 0.201782 0.47875 0.409444 0.026875 0.045556 5 0.183594 0.72875 0.962222 0.072500 0.073333 0 0.092346 0.803125 0.465 0.021250 0.056667 0 0.089783 0.7925 0.432778 0.022500 0.051111 6 0.086609 0.301094 0.492778 0.102813 0.130000 2 0.086609 0.8425 0.510556 0.027500 0.051111 10 0.084473 0.075391 0.855 0.150781 0.290000 10 0.071045 0.099707 0.516667 0.156211 0.181111 3 0.045868 0.3875 0.381111 0.028750 0.042222 4 0.039185 0.6675 0.313889 0.020000 0.042222 2 0.02887 0.4 0.563889 0.028125 0.053333 3 0.028549 0.5075 0.355 0.030000 0.044444 10 0.023148 0.023438 0.662778 0.045703 0.267778 10 0.022461 0.121797 0.56 0.175781 0.208889 11 0.01738 0.289375 0.416667 0.045625 0.076667 2 0.016785 0.854375 0.462222 0.028750 0.054444 10 0.015427 0.665625 0.431667 0.046250 0.103333 3 0.013275 0.399375 0.564444 0.027500 0.051111 10 0.011375 0.67875 0.368056 0.035000 0.082778 10 0.010986 0.658125 0.279167 0.028750 0.076111 6 0.010406 0.664375 0.298333 0.027500 0.065556 10 0.006958 0.017559 0.618333 0.034727 0.184444 9 0.006588 0.125938 0.56 0.168750 0.210000 6 0.006264 0.67875 0.368333 0.035000 0.082778 3 0.006191 0.645625 0.363889 0.026250 0.056667 6 0.00399 0.65875 0.280556 0.030000 0.081111 3 0.002947 0.66875 0.315 0.021250 0.044444 11 0.002693 0.67875 0.367222 0.037500 0.083333 11 0.002684 0.658125 0.28 0.028750 0.078889 3 0.002359 0.634375 0.125694 0.012500 0.020000 1 0.002115 0.750625 0.368333 0.018750 0.024444 1 0.002083 0.7375 0.355833 0.012500 0.035000 5 0.002035 0.665625 0.429722 0.045000 0.101667 3 0.002035 0.665625 0.429444 0.045000 0.100000 11 0.00202 0.91375 0.674444 0.067500 0.117778 11 0.001861 0.66625 0.428889 0.042500 0.101111 10 0.001675 0.445937 0.37 0.093750 0.104444 5 0.001636 0.40125 0.562083 0.032500 0.062500 0 0.001536 0.82875 0.450556 0.021250 0.046667 1 0.00145 0.705 0.390833 0.015000 0.043889 9 0.001325 0.289687 0.416667 0.044375 0.075556 2 0.001315 0.98625 0.082431 0.027500 0.063472
CCTV01^20260318-110000-20260318-120000_000613,10 0.954102 0.62 0.426389 0.053750 0.153889 6 0.934082 0.6925 0.589028 0.087500 0.181944 10 0.90918 0.355938 0.525 0.128750 0.190000 5 0.896973 0.322813 0.915 0.071250 0.170000 10 0.878418 0.74875 0.517778 0.095000 0.190000 10 0.858887 0.85125 0.670556 0.147500 0.318889 11 0.84375 0.275625 0.757778 0.095625 0.222222 10 0.84375 0.135937 0.715556 0.192188 0.315556 3 0.831055 0.198125 0.814444 0.065625 0.120000 2 0.818848 0.954375 0.852222 0.068750 0.168889 10 0.791992 0.430625 0.397778 0.073750 0.103333 10 0.774414 0.300781 0.513611 0.133437 0.177222 3 0.766113 0.238125 0.946667 0.068125 0.106667 3 0.753418 0.524375 0.877778 0.068750 0.192222 10 0.749023 0.072813 0.702222 0.145625 0.282222 6 0.747559 0.7625 0.328889 0.037500 0.078889 0 0.733887 0.344063 0.763889 0.034375 0.074444 3 0.689453 0.634062 0.516111 0.039375 0.081111 3 0.651367 0.79625 0.785556 0.080000 0.153333 2 0.611328 0.106953 0.893333 0.063906 0.111111 1 0.575684 0.7625 0.63 0.023750 0.062222 1 0.523438 0.70875 0.747778 0.025000 0.072222 6 0.503906 0.683125 0.448889 0.042500 0.106667 3 0.480469 0.825625 0.4975 0.052500 0.071111 10 0.462891 0.66125 0.308333 0.032500 0.086667 0 0.457031 0.219063 0.710556 0.031875 0.063333 3 0.405518 0.480625 0.420556 0.030000 0.047778 1 0.401611 0.68375 0.804444 0.028750 0.097778 7 0.355713 0.95625 0.950556 0.082500 0.098889 10 0.338135 0.683125 0.448889 0.042500 0.103333 0 0.327637 0.683125 0.804444 0.028750 0.097778 10 0.31665 0.975 0.806667 0.050000 0.364444 10 0.265869 0.524063 0.328333 0.065625 0.101111 2 0.264404 0.7625 0.417778 0.025000 0.050000 2 0.236572 0.496875 0.432778 0.022500 0.052222 10 0.234375 0.77625 0.875 0.157500 0.250000 5 0.219971 0.678125 0.357778 0.028750 0.057778 2 0.149536 0.9025 0.512778 0.030000 0.067778 9 0.102661 0.98 0.806111 0.040000 0.374444 7 0.100159 0.9325 0.728889 0.035000 0.088889 5 0.081787 0.65375 0.420556 0.028750 0.083889 10 0.067322 0.022539 0.680972 0.043828 0.304722 1 0.049957 0.22 0.71 0.034062 0.064444 0 0.042572 0.80375 0.433889 0.017500 0.055556 1 0.029877 0.786875 0.454444 0.018750 0.045000 3 0.028976 0.67875 0.358611 0.030000 0.058333 0 0.027267 0.7875 0.452778 0.020000 0.044444 10 0.023697 0.65375 0.421944 0.028750 0.086111 1 0.022797 0.048867 0.888889 0.046250 0.063333 0 0.021454 0.048984 0.887778 0.048828 0.066667 1 0.018478 0.289375 0.647778 0.024375 0.048889 10 0.017441 0.12625 0.55 0.169063 0.191111 4 0.01445 0.954375 0.856667 0.068750 0.178889 0 0.012627 0.761875 0.627222 0.022500 0.068889 10 0.012009 0.098359 0.5175 0.154531 0.182778 1 0.011963 0.49125 0.477222 0.012500 0.028889 10 0.011917 0.016826 0.610972 0.033457 0.182500 6 0.011917 0.986875 0.815 0.026250 0.370000 6 0.011162 0.96125 0.835556 0.077500 0.317778 10 0.006313 0.988125 0.841111 0.023750 0.231111 10 0.006241 0.63 0.293333 0.031250 0.090556 3 0.005405 0.00873 0.258056 0.016680 0.035556 1 0.005386 0.80375 0.438056 0.017500 0.056111 3 0.0047 0.79 0.761111 0.067500 0.104445 10 0.004364 0.985 0.793333 0.030000 0.306667 0 0.004265 0.123125 0.541667 0.172500 0.178889 1 0.003538 0.484062 0.386667 0.016250 0.030000 0 0.003338 0.705 0.429444 0.017500 0.063889 3 0.003325 0.056172 0.953333 0.112344 0.091111 1 0.00326 0.5125 0.475556 0.017500 0.040000 10 0.003147 0.026855 0.604306 0.052617 0.235833 11 0.00304 0.958125 0.874444 0.083750 0.247778 1 0.002855 0.21375 0.688333 0.020000 0.047778 10 0.002846 0.24625 0.373889 0.054375 0.081111 4 0.002602 0.9325 0.728889 0.035000 0.086667 11 0.00227 0.98625 0.86 0.027500 0.280000 4 0.001972 0.988125 0.873889 0.023750 0.252222 0 0.001875 0.327188 0.385556 0.023125 0.044444 1 0.001694 0.76 0.627778 0.035000 0.073333 3 0.001661 0.991875 0.91 0.016250 0.177778 0 0.001649 0.851875 0.4875 0.025000 0.055000 2 0.001636 0.735 0.358889 0.022500 0.045556 5 0.001501 0.458125 0.330556 0.027500 0.043333 0 0.001501 0.513125 0.416667 0.016250 0.035556 0 0.001495 0.990625 0.834445 0.018750 0.213333 12 0.001455 0.022988 0.103333 0.045820 0.160278 3 0.001294 0.02043 0.616667 0.040078 0.093333 11 0.001294 0.94 0.662222 0.080000 0.126667 0 0.00123 0.7875 0.412778 0.020000 0.050000 11 0.001184 0.99 0.813333 0.020000 0.251111 4 0.001156 0.516875 0.398611 0.027500 0.048889 0 0.001143 0.799375 0.430556 0.021250 0.055556 0 0.001095 0.005967 0.943333 0.011621 0.093333
CCTV01^20260318-110000-20260318-120000_000617,10 0.905273 0.66 0.544583 0.100000 0.226389 2 0.883301 0.9575 0.896111 0.068750 0.188889 10 0.883301 0.128594 0.809444 0.172188 0.367778 6 0.876465 0.7425 0.596528 0.082500 0.164722 5 0.869629 0.314687 0.663333 0.061250 0.122222 10 0.868164 0.2575 0.5075 0.152500 0.180556 10 0.856934 0.8525 0.680139 0.155000 0.324167 5 0.85498 0.524375 0.878333 0.068750 0.192222 2 0.84375 0.245312 0.777778 0.041875 0.100000 3 0.823242 0.32375 0.897778 0.092500 0.137778 10 0.788086 0.397188 0.428056 0.097500 0.145556 3 0.762207 0.72375 0.712778 0.067500 0.127778 11 0.737305 0.46875 0.4125 0.056250 0.091111 3 0.689453 0.39625 0.550139 0.047500 0.073056 3 0.679199 0.4175 0.491111 0.055625 0.051111 10 0.677246 0.618125 0.427778 0.051250 0.166667 6 0.673828 0.760625 0.328611 0.037500 0.079444 0 0.647949 0.350938 0.595556 0.026250 0.057778 3 0.635254 0.784375 0.841667 0.068750 0.128889 5 0.605957 0.6975 0.425556 0.035000 0.073333 10 0.588867 0.67625 0.3625 0.042500 0.115556 2 0.584961 0.345313 0.494167 0.030625 0.057222 10 0.583008 0.755 0.52 0.087500 0.165556 1 0.550781 0.322188 0.735556 0.025625 0.072222 2 0.537109 0.065234 0.757778 0.040313 0.088889 0 0.533203 0.33125 0.531667 0.031250 0.061111 7 0.464844 0.254844 0.662222 0.059687 0.131111 2 0.464844 0.306563 0.960556 0.059375 0.074444 1 0.403564 0.312188 0.572222 0.031250 0.060000 4 0.319092 0.6975 0.425556 0.035000 0.073333 12 0.284668 0.255313 0.662222 0.059375 0.128889 12 0.270508 0.974375 0.737778 0.051250 0.164444 3 0.212036 0.840625 0.522778 0.048750 0.073333 0 0.20813 0.341875 0.498333 0.030000 0.054444 10 0.191284 0.46625 0.356667 0.077500 0.092778 10 0.149048 0.635938 0.34 0.040625 0.113333 1 0.115173 0.031738 0.822222 0.029805 0.077778 1 0.082703 0.227188 0.61 0.025000 0.057778 8 0.081787 0.97375 0.735556 0.052500 0.165556 10 0.077209 0.119219 0.556667 0.160625 0.204444 0 0.076965 0.313438 0.567778 0.028750 0.053333 10 0.07135 0.021914 0.666111 0.043281 0.278889 2 0.070557 0.011895 0.923889 0.023594 0.131111 11 0.069031 0.974375 0.735556 0.051250 0.164444 0 0.065613 0.99125 0.86 0.017500 0.117778 1 0.062317 0.389375 0.488056 0.017500 0.043333 1 0.062317 0.042773 0.686111 0.045234 0.070000 7 0.051849 0.22125 0.91 0.097500 0.175556 1 0.049591 0.35 0.562778 0.018750 0.040000 12 0.048309 0.220313 0.911667 0.094375 0.176667 2 0.043701 0.72125 0.417222 0.020000 0.047778 1 0.038605 0.350313 0.554306 0.015000 0.044722 10 0.035156 0.100234 0.517222 0.156719 0.184444 1 0.033081 0.51125 0.398333 0.012500 0.042222 7 0.031143 0.93625 0.733333 0.027500 0.085556 1 0.025375 0.332578 0.534444 0.033594 0.062222 3 0.024231 0.6975 0.425 0.032500 0.075556 0 0.018127 0.765 0.396111 0.020000 0.048889 1 0.017044 0.788125 0.464444 0.017500 0.048889 3 0.016785 0.7275 0.351667 0.025000 0.044444 0 0.016525 0.3225 0.731111 0.025625 0.068889 3 0.015961 0.00937 0.928889 0.018467 0.124444 1 0.015717 0.102969 0.677222 0.039219 0.076667 1 0.015366 0.70875 0.4975 0.017500 0.041111 0 0.014229 0.010361 0.925 0.020605 0.118889 3 0.014008 0.22 0.910556 0.097813 0.178889 8 0.010132 0.220313 0.911111 0.096875 0.177778 0 0.009972 0.101562 0.677778 0.042813 0.077778 3 0.009636 0.66125 0.44 0.030000 0.060000 9 0.008347 0.935625 0.733333 0.028750 0.087778 1 0.008125 0.305 0.59 0.024688 0.055556 1 0.008064 0.065586 0.676111 0.032109 0.064444 0 0.007843 0.40125 0.488611 0.037500 0.048889 1 0.007755 0.003333 0.788889 0.006489 0.066667 0 0.007576 0.836875 0.457222 0.023750 0.049444 0 0.007519 0.4125 0.489722 0.053750 0.052778 3 0.007095 0.003945 0.79 0.007637 0.066667 10 0.006691 0.013916 0.894167 0.027793 0.211667 1 0.006413 0.3525 0.535556 0.018125 0.041111 1 0.00629 0.7375 0.421667 0.015000 0.038333 1 0.006096 0.375625 0.586667 0.019375 0.046667 2 0.006073 0.300625 0.963333 0.083750 0.073333 11 0.006027 0.983125 0.8 0.033750 0.293333 3 0.0056 0.865 0.495 0.028750 0.060000 1 0.004665 0.018984 0.884445 0.030000 0.093333 0 0.004608 0.34875 0.49 0.035000 0.051111 4 0.00452 0.93625 0.731111 0.025000 0.084444 0 0.00423 0.99375 0.847222 0.012500 0.116667 10 0.00423 0.017783 0.6 0.035449 0.253333 0 0.004166 0.99375 0.886111 0.012500 0.162222 2 0.004135 0.876875 0.535 0.032500 0.063333 0 0.00404 0.8975 0.558333 0.023750 0.066667 1 0.003855 0.295781 0.616667 0.020000 0.046667 1 0.003824 0.53 0.39 0.016250 0.042222 1 0.003483 0.399375 0.572222 0.030000 0.042222 1 0.003338 0.037109 0.811111 0.026406 0.066667 0 0.003273 0.308906 0.503333 0.044687 0.074444 6 0.00326 0.71875 0.300278 0.021250 0.053889 0 0.00316 0.78875 0.471667 0.020000 0.054444 0 0.003111 0.064219 0.76 0.037344 0.088889 0 0.003052 0.120078 0.555556 0.164219 0.204444 3 0.003004 0.008706 0.260556 0.016611 0.036667 0 0.002958 0.016484 0.906667 0.031719 0.137778 1 0.002672 0.384375 0.493333 0.025000 0.052222 3 0.0021 0.801875 0.51 0.032500 0.047778 1 0.001831 0.052744 0.677778 0.057480 0.068889 1 0.001574 0.020234 0.858889 0.026719 0.057778 3 0.001567 0.429063 0.511667 0.036875 0.044444 2 0.001519 0.86875 0.4875 0.025000 0.051667 0 0.001484 0.360625 0.590556 0.031250 0.053333 4 0.001335 0.71875 0.300556 0.022500 0.054444 10 0.001265 0.74125 0.593333 0.086250 0.162222 0 0.001225 0.01166 0.893333 0.022539 0.143333 10 0.001225 0.988125 0.877222 0.023750 0.245556 0 0.001197 0.007803 0.865556 0.014648 0.082222 2 0.001184 0.71625 0.419444 0.017500 0.056111 1 0.001184 0.606875 0.491667 0.017500 0.045556 0 0.001121 0.041836 0.667778 0.047656 0.093333 10 0.001065 0.021523 0.883056 0.043047 0.233889 1 0.001032 0.384688 0.579444 0.027500 0.048889 5 0.001012 0.80375 0.927222 0.095000 0.145556
CCTV01^20260318-110000-20260318-120000_000621,12 0.924316 0.306875 0.635556 0.081875 0.146667 10 0.916504 0.630625 0.481389 0.071250 0.190556 5 0.898926 0.524375 0.878889 0.068750 0.195556 6 0.878906 0.79375 0.706111 0.091250 0.211111 10 0.876465 0.7075 0.673194 0.130000 0.311389 10 0.850098 0.88625 0.727778 0.175000 0.360000 3 0.831055 0.301563 0.87 0.067500 0.140000 2 0.792969 0.9625 0.917778 0.070000 0.164444 2 0.778809 0.286563 0.753889 0.040625 0.098889 5 0.777344 0.7075 0.453056 0.035000 0.077222 10 0.726562 0.451875 0.375833 0.080000 0.113333 10 0.720215 0.310156 0.528611 0.153437 0.197222 6 0.686035 0.76125 0.328889 0.037500 0.079444 10 0.680664 0.76875 0.551667 0.096250 0.196667 3 0.675781 0.131875 0.885556 0.083125 0.137778 2 0.656738 0.400938 0.47 0.035000 0.058889 2 0.651367 0.243281 0.740556 0.040000 0.091111 10 0.620605 0.6175 0.309444 0.033750 0.094444 3 0.616699 0.142188 0.767778 0.080313 0.115556 3 0.550781 0.844375 0.5275 0.052500 0.079444 10 0.539062 0.65875 0.286389 0.032500 0.081111 10 0.535156 0.33625 0.437778 0.119375 0.135556 5 0.513672 0.5025 0.396111 0.038125 0.061667 5 0.505859 0.209531 0.835556 0.084062 0.170000 12 0.439697 0.4575 0.42 0.050000 0.073333 3 0.401611 0.355938 0.584444 0.041250 0.062222 3 0.338135 0.24875 0.675556 0.051250 0.087778 1 0.252441 0.109609 0.741111 0.030781 0.075556 10 0.217285 0.044297 0.857778 0.088594 0.284444 0 0.176636 0.144688 0.642778 0.050625 0.081111 10 0.156128 0.023125 0.662222 0.045938 0.266667 2 0.133911 0.974375 0.738333 0.045000 0.103333 1 0.115967 0.054922 0.966667 0.039297 0.060000 10 0.092712 0.510938 0.320556 0.068125 0.091111 2 0.088501 0.9075 0.538333 0.032500 0.073333 1 0.08728 0.188438 0.663333 0.026250 0.064444 9 0.084167 0.96375 0.917222 0.072500 0.165556 3 0.083862 0.8775 0.953056 0.085000 0.093889 10 0.061646 0.7925 0.709444 0.093750 0.213333 3 0.060303 0.91625 0.615556 0.063750 0.093333 1 0.027069 0.20125 0.722778 0.030625 0.067778 10 0.024048 0.655 0.399722 0.060000 0.140556 3 0.020569 0.185313 0.971111 0.078750 0.057778 0 0.019196 0.102813 0.657222 0.039687 0.054444 10 0.013535 0.018975 0.62 0.037559 0.196667 1 0.013275 0.21125 0.686111 0.026875 0.072222 3 0.012054 0.009189 0.264444 0.017637 0.041111 10 0.010857 0.68875 0.375556 0.052500 0.112222 8 0.01017 0.789375 0.478889 0.046250 0.103333 3 0.009232 0.387812 0.441111 0.035000 0.054444 1 0.007843 0.449375 0.481667 0.017500 0.042222 10 0.007011 0.098203 0.5175 0.154844 0.182778 0 0.006565 0.124297 0.561667 0.167031 0.215556 2 0.006512 0.96875 0.683333 0.052500 0.066667 6 0.005753 0.79 0.480833 0.045000 0.109444 3 0.005363 0.635312 0.125833 0.013125 0.020000 0 0.004868 0.284844 0.415278 0.021875 0.038333 5 0.004433 0.78625 0.934445 0.062500 0.118889 2 0.003901 0.986875 0.676667 0.026250 0.095556 11 0.003765 0.79 0.473889 0.045000 0.091111 1 0.003456 0.44625 0.464167 0.021250 0.035000 10 0.003456 0.98375 0.604445 0.032500 0.122222 1 0.003248 0.196563 0.668889 0.041250 0.077778 3 0.003248 0.00582 0.756667 0.011406 0.131111 0 0.003235 0.270625 0.476667 0.018125 0.038889 2 0.002981 0.995 0.855556 0.010000 0.116667 1 0.002947 0.193125 0.682778 0.034375 0.071111 2 0.002867 0.9925 0.7 0.015000 0.078889 10 0.002779 0.013262 0.824444 0.026523 0.351111 3 0.002768 0.995 0.861111 0.010000 0.116667 1 0.002632 0.206563 0.698889 0.030625 0.084444 0 0.002415 0.006689 0.757778 0.013379 0.133333 3 0.00235 0.993125 0.891111 0.013750 0.132222 3 0.002287 0.79 0.484722 0.045000 0.091667 10 0.002108 0.124687 0.562222 0.165312 0.216667 10 0.00209 0.013398 0.721667 0.026797 0.362222 0 0.002083 0.4075 0.412778 0.020000 0.041111 6 0.001987 0.97125 0.913889 0.057500 0.172222 3 0.001972 0.986875 0.881111 0.026250 0.133333 0 0.001934 0.84125 0.433333 0.020000 0.042222 3 0.001867 0.98625 0.667778 0.027500 0.097778 3 0.001853 0.976875 0.681111 0.046250 0.084444 1 0.001853 0.283437 0.977778 0.030000 0.035556 1 0.001824 0.451875 0.441667 0.031250 0.063333 3 0.001824 0.6825 0.515 0.038750 0.052222 0 0.001727 0.88 0.505278 0.025000 0.053333 2 0.001714 0.99375 0.718889 0.012500 0.080000 2 0.001687 0.286719 0.415556 0.022813 0.044444 3 0.001513 0.010176 0.757222 0.020352 0.156667 0 0.001495 0.87 0.498333 0.037500 0.053333 3 0.001416 0.985625 0.816667 0.027500 0.157778 0 0.001394 0.9775 0.745556 0.037500 0.102222 6 0.001335 0.986875 0.901111 0.026250 0.197778 2 0.001255 0.7325 0.575 0.030000 0.063333 1 0.001255 0.484688 0.664445 0.016875 0.026667 3 0.00124 0.506563 0.372222 0.031875 0.061667 9 0.001225 0.456875 0.421667 0.048750 0.074444 0 0.001216 0.95375 0.613333 0.027500 0.065556 7 0.001161 0.456875 0.424444 0.044375 0.082222 3 0.001134 0.900625 0.584444 0.040000 0.047778 10 0.001124 0.99 0.745556 0.020000 0.260000 0 0.001116 0.034043 0.64 0.028086 0.060000 10 0.001073 0.009536 0.661111 0.019014 0.098889
CCTV01^20260318-110000-20260318-120000_000625,10 0.897461 0.776875 0.572361 0.102500 0.215278 5 0.880859 0.524375 0.878889 0.069375 0.195556 10 0.872559 0.409063 0.445 0.121875 0.156667 10 0.862305 0.75625 0.817778 0.167500 0.364444 10 0.859863 0.665 0.326111 0.040000 0.103889 10 0.845703 0.661875 0.566111 0.112500 0.267778 3 0.841797 0.307188 0.7 0.056250 0.097778 10 0.822266 0.100156 0.735556 0.200312 0.337778 10 0.819824 0.618438 0.343611 0.040625 0.113889 10 0.819824 0.898125 0.746111 0.203750 0.347778 3 0.808105 0.278438 0.893333 0.069375 0.147778 3 0.785156 0.228437 0.833889 0.075000 0.147778 1 0.766113 0.291875 0.768889 0.026875 0.078889 3 0.732422 0.183594 0.797778 0.075000 0.117778 2 0.673828 0.120313 0.81 0.059375 0.108889 2 0.654785 0.28 0.566667 0.031250 0.068889 6 0.625977 0.76125 0.327222 0.037500 0.076667 12 0.616699 0.353203 0.590139 0.098594 0.146389 5 0.616699 0.257812 0.673333 0.065625 0.124444 10 0.609375 0.679844 0.463889 0.080313 0.184444 3 0.586914 0.101562 0.944444 0.091406 0.111111 3 0.517578 0.303594 0.516667 0.050313 0.062222 1 0.488281 0.190781 0.715556 0.035000 0.066667 3 0.437744 0.235313 0.631111 0.051875 0.075556 1 0.352295 0.331875 0.731111 0.024375 0.075556 1 0.341553 0.205469 0.676667 0.026563 0.062222 1 0.267334 0.5975 0.524722 0.017500 0.051667 1 0.253906 0.579688 0.496111 0.016250 0.045556 2 0.212036 0.84625 0.561111 0.035000 0.065556 3 0.209473 0.165898 0.956667 0.082578 0.084444 2 0.19812 0.328125 0.437222 0.021875 0.048333 10 0.179565 0.446562 0.363611 0.099375 0.101667 1 0.135254 0.201875 0.685556 0.028750 0.064444 5 0.128052 0.969375 0.939444 0.061250 0.120000 0 0.116333 0.331563 0.727778 0.023125 0.074444 0 0.109314 0.205469 0.677778 0.027187 0.062222 10 0.066101 0.525625 0.315556 0.058750 0.090000 10 0.033844 0.022695 0.664583 0.044453 0.273056 12 0.033081 0.639063 0.403889 0.020625 0.064444 3 0.029648 0.98 0.745556 0.040000 0.102222 9 0.02655 0.352812 0.592222 0.093750 0.147778 0 0.025085 0.9925 0.705556 0.015000 0.077778 3 0.024521 0.728125 0.6 0.033750 0.061111 4 0.021362 0.63875 0.403333 0.021250 0.064444 10 0.01799 0.017451 0.743333 0.034785 0.333333 10 0.016785 0.020938 0.609444 0.041406 0.180000 3 0.014839 0.9925 0.73 0.015000 0.113333 10 0.012825 0.893125 0.907778 0.138750 0.184444 0 0.012726 0.27375 0.487222 0.026250 0.058333 2 0.012428 0.805 0.772222 0.025000 0.061111 0 0.011688 0.210938 0.67 0.025937 0.051111 10 0.011597 0.125 0.55 0.169375 0.188889 6 0.010406 0.969375 0.9375 0.061250 0.125000 0 0.008217 0.91625 0.538889 0.027500 0.062222 3 0.006145 0.9925 0.91 0.015000 0.128889 0 0.005981 0.5875 0.446667 0.013125 0.041111 5 0.005775 0.750625 0.662222 0.062500 0.120000 3 0.005386 0.751875 0.663889 0.065000 0.122222 1 0.004646 0.59375 0.516944 0.020000 0.050556 0 0.004608 0.122656 0.551111 0.172813 0.196667 10 0.004299 0.7325 0.433333 0.107500 0.153333 2 0.003975 0.7275 0.344167 0.020000 0.043889 3 0.003929 0.80375 0.771667 0.030000 0.068889 5 0.003004 0.726875 0.487222 0.026250 0.081111 1 0.00255 0.484375 0.664445 0.016875 0.028889 1 0.002182 0.52375 0.362222 0.015000 0.034444 2 0.001926 0.345937 0.366667 0.019375 0.042222 10 0.001912 0.100078 0.52 0.157344 0.184444 0 0.001883 0.170664 0.584444 0.031797 0.062222 3 0.001741 0.73375 0.612222 0.033750 0.050000 0 0.0017 0.7325 0.438333 0.107500 0.158889 2 0.001661 0.017354 0.692778 0.034551 0.165556 3 0.001623 0.046484 0.784445 0.092344 0.248889 10 0.001597 0.745 0.259444 0.042500 0.075000 12 0.001513 0.959688 0.998611 0.080625 0.002778 3 0.001501 0.635 0.125556 0.011250 0.018889 1 0.001378 0.643906 0.348333 0.009688 0.057778 1 0.001367 0.575625 0.49 0.023750 0.056667 2 0.001245 0.302031 0.421944 0.032500 0.065000 3 0.00123 0.634375 0.252292 0.015000 0.033194 3 0.001221 0.008789 0.260278 0.016875 0.038889 1 0.001216 0.2875 0.742778 0.029375 0.052222 1 0.001151 0.6525 0.333333 0.027500 0.097778 10 0.001099 0.9875 0.678889 0.025000 0.253333 10 0.00109 0.015283 0.702222 0.030410 0.184444 0 0.001032 0.615625 0.416111 0.017500 0.045556
CCTV01^20260318-110000-20260318-120000_000629,9 0.923828 0.346563 0.903333 0.075000 0.157778 10 0.913574 0.621562 0.372778 0.045625 0.131111 5 0.902832 0.524375 0.877778 0.068750 0.193333 10 0.880859 0.669375 0.582361 0.113750 0.268611 10 0.809082 0.775 0.845 0.172500 0.310000 10 0.794434 0.29875 0.506111 0.143750 0.175556 3 0.788086 0.21375 0.856667 0.080000 0.143333 3 0.785156 0.270313 0.916667 0.070000 0.160000 10 0.78125 0.779375 0.580556 0.101250 0.221111 10 0.779785 0.89875 0.744444 0.202500 0.357778 5 0.777344 0.294688 0.761111 0.064375 0.140000 3 0.743164 0.326172 0.653333 0.060156 0.093333 3 0.737305 0.374063 0.546111 0.046875 0.064444 6 0.733887 0.795 0.413889 0.052500 0.116667 3 0.71875 0.32375 0.564444 0.059375 0.067778 2 0.675781 0.214844 0.611667 0.033125 0.080000 3 0.673828 0.149141 0.834445 0.082969 0.117778 2 0.613281 0.174336 0.674444 0.043828 0.091111 5 0.607422 0.41125 0.468889 0.061875 0.077778 3 0.511719 0.251875 0.728889 0.068125 0.122222 3 0.496094 0.211406 0.708333 0.069063 0.097778 10 0.46875 0.499687 0.359722 0.079375 0.107778 10 0.416748 0.6975 0.487778 0.097500 0.195556 12 0.364746 0.485625 0.431111 0.048750 0.086667 10 0.345215 0.68125 0.374444 0.060000 0.133333 3 0.300781 0.4625 0.486389 0.043750 0.037778 10 0.29248 0.124922 0.555 0.162969 0.205556 0 0.213379 0.006846 0.841111 0.013574 0.171111 3 0.181885 0.43375 0.433333 0.038750 0.035556 1 0.165039 0.574687 0.533889 0.016875 0.061111 0 0.132568 0.007344 0.89 0.014531 0.181111 10 0.117981 0.024512 0.654306 0.048008 0.258056 1 0.09436 0.509062 0.464444 0.020000 0.044444 1 0.058563 0.36875 0.496667 0.020000 0.040000 3 0.054413 0.402812 0.553889 0.033750 0.071111 5 0.050507 0.9675 0.939444 0.065000 0.120000 10 0.043518 0.01168 0.873889 0.023359 0.252222 0 0.021362 0.010293 0.843333 0.020586 0.187778 1 0.020721 0.058359 0.77 0.024687 0.075556 0 0.019791 0.345313 0.399167 0.023125 0.047222 0 0.019714 0.894375 0.566806 0.038750 0.073056 6 0.016586 0.011895 0.872222 0.023789 0.255556 1 0.016281 0.585 0.523889 0.010625 0.046667 10 0.0159 0.097969 0.517778 0.154062 0.182222 5 0.015541 0.4025 0.553194 0.033125 0.071389 2 0.013901 0.99 0.907778 0.020000 0.144444 10 0.013023 0.016934 0.616667 0.033555 0.193333 0 0.011917 0.167969 0.604445 0.039375 0.080000 2 0.01133 0.009907 0.86 0.019814 0.206667 1 0.0112 0.44125 0.397222 0.016250 0.035556 0 0.010292 0.010342 0.906944 0.020566 0.186111 3 0.009163 0.73875 0.624444 0.035000 0.068889 9 0.007431 0.009609 0.893333 0.019141 0.191111 3 0.006168 0.635 0.266944 0.016250 0.034444 3 0.005665 0.0075 0.81 0.014648 0.110000 3 0.005577 0.009067 0.261667 0.017256 0.035000 3 0.003944 0.385 0.375833 0.023750 0.046111 10 0.00375 0.735 0.844444 0.095000 0.311111 0 0.003004 0.07875 0.683333 0.032969 0.084444 3 0.002398 0.758125 0.669444 0.056250 0.066667 3 0.002234 0.6025 0.126528 0.018125 0.025833 0 0.002209 0.588125 0.508889 0.015000 0.046667 0 0.002157 0.849375 0.878333 0.040000 0.084444 1 0.002068 0.369063 0.402222 0.014375 0.036667 2 0.00205 0.328125 0.349444 0.018750 0.041111 2 0.001824 0.9875 0.877222 0.025000 0.231111 1 0.0017 0.685 0.773333 0.027500 0.088889 2 0.001661 0.011289 0.907778 0.022578 0.184444 3 0.001642 0.461875 0.441667 0.025000 0.043333 3 0.001623 0.556875 0.119583 0.010000 0.019444 1 0.001611 0.079258 0.682222 0.029766 0.082222 6 0.001561 0.95375 0.938889 0.091250 0.122222 1 0.001501 0.484375 0.664445 0.017500 0.026667 3 0.001455 0.010217 0.792778 0.019995 0.104444 0 0.001399 0.834375 0.468889 0.027500 0.062222 0 0.00133 0.118125 0.551111 0.170000 0.210000 3 0.001285 0.9675 0.94 0.062500 0.117778 1 0.001274 0.5025 0.465 0.023125 0.032222 10 0.001235 0.968125 0.698889 0.063750 0.297778 3 0.001225 0.012451 0.667222 0.024629 0.083333 10 0.001188 0.98125 0.764444 0.037500 0.417778 3 0.001179 0.620313 0.283333 0.020000 0.037778 10 0.001165 0.95375 0.746667 0.092500 0.328889 3 0.001143 0.425938 0.430556 0.031250 0.032778 0 0.001057 0.77 0.447778 0.017500 0.058889 0 0.00104 0.60375 0.541667 0.016250 0.052222
CCTV01^20260318-110000-20260318-120000_000633,5 0.919434 0.524375 0.878889 0.070000 0.191111 9 0.901367 0.295625 0.782222 0.073125 0.128889 10 0.878418 0.7025 0.683472 0.135000 0.330833 10 0.868652 0.625625 0.394167 0.053750 0.145000 12 0.859863 0.250469 0.658889 0.095312 0.155556 10 0.824219 0.89875 0.767778 0.202500 0.388889 3 0.817383 0.245938 0.891111 0.067188 0.151111 5 0.813965 0.464375 0.421944 0.045000 0.063333 6 0.810547 0.859375 0.526111 0.093750 0.167778 3 0.803223 0.344063 0.472222 0.042500 0.056667 2 0.778809 0.82 0.945556 0.057500 0.108889 5 0.773438 0.745 0.918889 0.072500 0.162222 10 0.770508 0.72 0.561111 0.105000 0.252222 3 0.766113 0.379375 0.500556 0.045000 0.058889 3 0.753418 0.39375 0.446111 0.028125 0.051667 3 0.740234 0.86875 0.9 0.093750 0.170000 3 0.73877 0.311563 0.536111 0.054375 0.063333 10 0.730957 0.120625 0.845556 0.183125 0.308889 3 0.723145 0.313438 0.689444 0.061250 0.106667 0 0.71875 0.259219 0.511944 0.024375 0.056111 3 0.665527 0.3325 0.575 0.063125 0.077778 5 0.665527 0.37375 0.585 0.075000 0.093333 3 0.660156 0.495 0.443056 0.036250 0.048889 10 0.571777 0.725 0.432222 0.112500 0.167778 3 0.542969 0.6275 0.522222 0.030000 0.063333 3 0.533203 0.468125 0.478889 0.046250 0.057778 10 0.53125 0.070703 0.748889 0.141250 0.331111 3 0.521484 0.419688 0.483889 0.041250 0.057778 11 0.264404 0.295312 0.782222 0.072500 0.126667 10 0.258301 0.464375 0.371667 0.087500 0.110556 10 0.230225 0.6725 0.358333 0.042500 0.116667 10 0.215332 0.783125 0.579861 0.091250 0.226944 0 0.180054 0.985625 0.653333 0.027500 0.075556 12 0.175537 0.66125 0.468611 0.030000 0.087778 1 0.131226 0.334375 0.388056 0.018125 0.049444 10 0.118408 0.023242 0.665694 0.045391 0.273056 1 0.100891 0.605 0.529444 0.016875 0.047778 7 0.092041 0.66125 0.469167 0.030000 0.086667 3 0.078064 0.477812 0.438056 0.038750 0.050556 1 0.074768 0.611563 0.567778 0.024375 0.060000 2 0.073669 0.36125 0.379722 0.021875 0.052222 1 0.059204 0.608125 0.536111 0.021250 0.048889 10 0.047943 0.75875 0.571667 0.145000 0.243333 10 0.035004 0.122344 0.552361 0.161250 0.195278 12 0.034485 0.508125 0.39 0.037500 0.072778 0 0.033722 0.61125 0.548333 0.021250 0.055556 0 0.02626 0.18625 0.555556 0.036250 0.070000 10 0.019943 0.53375 0.327778 0.061250 0.103333 0 0.017853 0.36125 0.384444 0.021250 0.058889 1 0.015076 0.363438 0.413333 0.017500 0.038889 0 0.014786 0.2575 0.480833 0.017500 0.050556 1 0.011292 0.385 0.416111 0.013750 0.036667 10 0.010246 0.101484 0.512778 0.162031 0.183333 2 0.007694 0.719375 0.319444 0.017500 0.036667 5 0.006878 0.978125 0.964445 0.042500 0.068889 2 0.004982 0.73875 0.339722 0.017500 0.039444 3 0.004467 0.6225 0.2925 0.020625 0.040000 0 0.00423 0.257969 0.470556 0.014375 0.043333 0 0.00407 0.122813 0.548889 0.165625 0.190000 1 0.003248 0.485 0.665556 0.017500 0.026667 3 0.003099 0.008984 0.262778 0.017227 0.037778 3 0.002165 0.66125 0.472778 0.028750 0.085556 3 0.002132 0.640625 0.299722 0.016250 0.038333 0 0.001853 0.163906 0.572222 0.038438 0.068889 10 0.001741 0.017363 0.614583 0.034414 0.177500 0 0.001636 0.251719 0.504167 0.025938 0.050556 1 0.001636 0.615938 0.58 0.024375 0.057778 10 0.001507 0.031348 0.609444 0.061211 0.282222 2 0.001399 0.98125 0.963333 0.037500 0.073333 3 0.001367 0.374375 0.56125 0.073750 0.057500 10 0.001073 0.74375 0.258403 0.040000 0.076528 10 0.001053 0.044531 0.734444 0.089063 0.364444
CCTV01^20260318-110000-20260318-120000_000637,10 0.904785 0.655156 0.503889 0.079687 0.196667 10 0.891113 0.8275 0.775556 0.200000 0.391111 5 0.884766 0.524375 0.878333 0.068750 0.194444 12 0.84082 0.331172 0.523056 0.073906 0.103889 3 0.822266 0.278438 0.712778 0.058750 0.103333 3 0.786621 0.265625 0.896667 0.081250 0.166667 5 0.740234 0.4875 0.388889 0.032500 0.052222 10 0.732422 0.330938 0.440278 0.108750 0.140000 3 0.726562 0.70875 0.726667 0.057500 0.100000 3 0.690918 0.3925 0.496667 0.048125 0.061111 3 0.645996 0.393125 0.456389 0.047500 0.052222 3 0.635254 0.489375 0.443889 0.038750 0.061111 10 0.625977 0.113906 0.851667 0.222500 0.296667 2 0.607422 0.256094 0.528889 0.029687 0.065556 1 0.596191 0.261875 0.784444 0.035000 0.066667 3 0.583008 0.514375 0.405 0.028750 0.043333 3 0.523438 0.43625 0.454444 0.038750 0.061111 7 0.521484 0.7225 0.619444 0.045000 0.131111 3 0.511719 0.345313 0.623889 0.051875 0.090000 0 0.509766 0.659375 0.801667 0.028750 0.094444 12 0.439697 0.71625 0.835556 0.062500 0.155556 1 0.432129 0.67 0.920556 0.027500 0.061111 12 0.420654 0.7225 0.617222 0.050000 0.131111 10 0.406494 0.94 0.839722 0.120000 0.320556 10 0.36377 0.149687 0.723333 0.207500 0.268889 5 0.357666 0.75125 0.539445 0.051250 0.093333 3 0.317383 0.45375 0.490278 0.047500 0.040556 1 0.242188 0.259531 0.642778 0.026563 0.058889 3 0.225464 0.4425 0.417222 0.040000 0.038889 3 0.222656 0.445938 0.39 0.041250 0.036667 9 0.203125 0.299688 0.604445 0.060625 0.097778 7 0.171021 0.71625 0.835556 0.060000 0.157778 10 0.167236 0.135 0.608333 0.182500 0.241111 1 0.16394 0.665 0.69 0.025000 0.080000 0 0.12854 0.67125 0.891111 0.030000 0.081111 0 0.118408 0.665 0.688889 0.025000 0.077778 1 0.118408 0.67 0.896667 0.030000 0.092222 10 0.112427 0.7325 0.446667 0.112500 0.162222 3 0.111633 0.641875 0.35 0.021250 0.050000 1 0.111267 0.651094 0.949444 0.022813 0.054444 2 0.100525 0.260938 0.586667 0.025625 0.062222 3 0.093018 0.445312 0.405 0.043125 0.040000 11 0.088501 0.299219 0.604445 0.061562 0.097778 3 0.060303 0.611562 0.397222 0.025000 0.056667 1 0.040527 0.26 0.595556 0.028750 0.075556 1 0.03891 0.6875 0.973333 0.028750 0.051111 10 0.035278 0.505625 0.328889 0.068750 0.085556 0 0.035156 0.260625 0.587222 0.027500 0.063333 1 0.032715 0.658125 0.8 0.032500 0.095556 9 0.032104 0.132031 0.614306 0.182812 0.253611 3 0.023697 0.675 0.446667 0.032500 0.065556 1 0.022369 0.665 0.931111 0.026250 0.066667 10 0.017853 0.625625 0.240556 0.027500 0.070556 10 0.014061 0.023301 0.652361 0.045898 0.257500 9 0.013954 0.73375 0.446111 0.112500 0.170000 3 0.012825 0.404063 0.536111 0.045000 0.074444 10 0.01107 0.118125 0.543889 0.171250 0.175556 5 0.010056 0.403125 0.536667 0.042500 0.073333 10 0.006145 0.64875 0.221667 0.030000 0.066111 10 0.005913 0.6775 0.358611 0.056250 0.126667 10 0.005386 0.90125 0.607639 0.160000 0.249167 3 0.004963 0.60375 0.121389 0.008750 0.017222 3 0.004299 0.335078 0.51 0.058594 0.088889 5 0.00404 0.675625 0.448333 0.031250 0.070000 1 0.003708 0.413438 0.444722 0.015625 0.047778 3 0.003679 0.407813 0.523889 0.049375 0.052222 3 0.00358 0.641406 0.302778 0.022188 0.038889 1 0.003363 0.328125 0.672222 0.016875 0.048889 3 0.00316 0.62 0.358889 0.022500 0.055556 3 0.003004 0.619063 0.3125 0.018750 0.042222 2 0.002823 0.399375 0.537222 0.035000 0.071111 3 0.002693 0.647344 0.283333 0.017812 0.031111 1 0.002512 0.653125 0.954444 0.033750 0.066667 10 0.002253 0.016807 0.614444 0.033262 0.186667 1 0.002234 0.6675 0.881111 0.027500 0.082222 1 0.001604 0.465312 0.421667 0.013125 0.041667 4 0.001432 0.500938 0.378333 0.017500 0.046111 1 0.001432 0.258594 0.618889 0.032188 0.066667 3 0.001315 0.43625 0.396111 0.032500 0.040000 10 0.00124 0.118906 0.742222 0.140938 0.224444 2 0.001216 0.97875 0.969444 0.040000 0.061111 0 0.001151 0.74875 0.321944 0.015000 0.038333 5 0.001124 0.345937 0.624444 0.051250 0.091111 1 0.001073 0.4675 0.427778 0.016250 0.047778 3 0.001032 0.398125 0.518889 0.045000 0.053333
CCTV01^20260318-110000-20260318-120000_000641,10 0.879883 0.222344 0.705 0.168750 0.307778 10 0.878906 0.839375 0.792222 0.205000 0.411111 10 0.865234 0.70125 0.685556 0.117500 0.322222 10 0.862305 0.695 0.412778 0.065000 0.154444 5 0.85498 0.524375 0.877778 0.070000 0.193333 12 0.830078 0.390938 0.466111 0.066250 0.096667 10 0.729492 0.629687 0.31 0.031875 0.097778 5 0.700684 0.344375 0.621111 0.055000 0.097778 3 0.658203 0.630625 0.487778 0.035000 0.072222 5 0.605957 0.47875 0.455556 0.041250 0.072222 10 0.567871 0.421875 0.376667 0.106250 0.114444 3 0.565918 0.6675 0.481667 0.040000 0.068333 10 0.548828 0.074922 0.821111 0.149844 0.357778 5 0.503906 0.293594 0.733333 0.075312 0.141111 1 0.403564 0.323828 0.806667 0.027344 0.066667 5 0.401611 0.728125 0.510833 0.061250 0.090556 0 0.310791 0.36125 0.915556 0.035000 0.091111 10 0.238647 0.320938 0.501667 0.081250 0.140000 3 0.2323 0.72875 0.511111 0.062500 0.088889 3 0.229492 0.515625 0.392222 0.033750 0.051111 3 0.225464 0.632188 0.443889 0.028125 0.050000 3 0.199341 0.440312 0.445556 0.043125 0.053333 3 0.182983 0.620625 0.409722 0.027500 0.053333 5 0.177856 0.244062 0.904444 0.109688 0.191111 3 0.136597 0.39875 0.560556 0.039375 0.066667 3 0.105957 0.488125 0.385 0.028750 0.035556 3 0.104858 0.499375 0.422222 0.030000 0.043333 1 0.096008 0.50375 0.469722 0.016250 0.042222 3 0.093018 0.74875 0.394444 0.030000 0.052222 10 0.079224 0.023633 0.659445 0.047188 0.263333 10 0.073425 0.92625 0.782222 0.147500 0.373333 11 0.065613 0.359063 0.536111 0.056250 0.086667 3 0.046906 0.469375 0.409167 0.035000 0.042222 3 0.046722 0.4375 0.427778 0.041875 0.035556 3 0.037476 0.244062 0.904444 0.111875 0.191111 3 0.029541 0.4375 0.417778 0.039375 0.033333 10 0.028442 0.82125 0.536111 0.125000 0.207778 3 0.026855 0.76625 0.575694 0.050000 0.086389 2 0.026657 0.601875 0.107917 0.010000 0.022500 6 0.026062 0.2425 0.905278 0.110312 0.189444 3 0.024612 0.535 0.3675 0.020000 0.037222 10 0.024521 0.216094 0.605556 0.172813 0.240000 6 0.022797 0.32125 0.497222 0.078750 0.140000 1 0.019348 0.361562 0.913889 0.031875 0.087778 3 0.018402 0.451875 0.493611 0.045000 0.042778 3 0.016983 0.56625 0.102778 0.010000 0.017222 3 0.014839 0.485625 0.368889 0.028750 0.035556 3 0.012627 0.64125 0.44 0.025000 0.047778 3 0.012482 0.620313 0.366667 0.021875 0.036667 1 0.012482 0.324375 0.782222 0.026875 0.064444 2 0.012146 0.6525 0.417222 0.028750 0.061111 9 0.010612 0.214531 0.611111 0.172500 0.225556 3 0.01033 0.51375 0.352778 0.033750 0.044444 9 0.010208 0.015146 0.7 0.029746 0.146667 2 0.009636 0.484688 0.3675 0.026250 0.035000 3 0.009193 0.650625 0.412222 0.028750 0.071111 3 0.008919 0.648125 0.391667 0.022500 0.056667 1 0.008644 0.273125 0.787778 0.030625 0.047778 3 0.008286 0.6675 0.331111 0.022500 0.041111 3 0.007374 0.49125 0.420556 0.033750 0.040000 10 0.007175 0.109063 0.891111 0.203125 0.217778 3 0.006615 0.78 0.382222 0.030000 0.061111 0 0.005913 0.114609 0.556667 0.149531 0.206667 4 0.005062 0.78 0.382222 0.030000 0.060000 1 0.004963 0.765 0.428333 0.015000 0.038333 1 0.004608 0.325938 0.797778 0.050625 0.091111 5 0.00428 0.514688 0.356667 0.033125 0.040000 3 0.004135 0.6 0.105972 0.013750 0.025000 11 0.003765 0.015264 0.706111 0.030215 0.170000 3 0.003721 0.601875 0.113333 0.010000 0.019722 10 0.00358 0.017002 0.613333 0.033652 0.171111 3 0.003456 0.480313 0.450833 0.038125 0.069444 0 0.003403 0.738125 0.346667 0.018750 0.043333 0 0.003124 0.820625 0.536528 0.126250 0.206944 2 0.003075 0.008047 0.941111 0.015898 0.110000 3 0.002901 0.514375 0.38 0.033750 0.050556 10 0.002737 0.933438 0.706667 0.133125 0.275556 3 0.002602 0.536563 0.380556 0.018125 0.040000 3 0.002165 0.445938 0.486111 0.039375 0.031667 4 0.002035 0.016387 0.692778 0.032031 0.128889 10 0.002003 0.102188 0.524167 0.165000 0.207222 10 0.002003 0.01877 0.758889 0.037539 0.304444 3 0.001768 0.66625 0.536111 0.040000 0.070000 3 0.001681 0.505625 0.359444 0.040000 0.037778 1 0.001649 0.009204 0.946667 0.018232 0.093333 1 0.001536 0.510625 0.470833 0.018750 0.043889 3 0.001507 0.568125 0.116944 0.009375 0.014167 3 0.001399 0.625313 0.429444 0.028125 0.050000 3 0.001356 0.61625 0.415833 0.025625 0.055000 1 0.00133 0.484375 0.664445 0.018750 0.030000 0 0.001112 0.216211 0.595 0.170078 0.243333
CCTV01^20260318-110000-20260318-120000_000645,10 0.937012 0.6975 0.436111 0.055000 0.174444 10 0.910645 0.628125 0.375833 0.043750 0.150556 10 0.888672 0.8375 0.793889 0.210000 0.407778 5 0.883301 0.52375 0.878889 0.070625 0.193333 12 0.845703 0.345078 0.835 0.067344 0.150000 12 0.819824 0.4225 0.433333 0.062500 0.093333 3 0.817383 0.715625 0.835 0.070000 0.160000 10 0.813965 0.262188 0.632083 0.151875 0.251389 3 0.777344 0.71125 0.667222 0.050000 0.123333 3 0.774414 0.6675 0.625 0.045000 0.090000 3 0.740234 0.649844 0.552083 0.047813 0.075833 6 0.73877 0.253125 0.865 0.102187 0.267778 10 0.712402 0.3325 0.471944 0.108125 0.167222 3 0.697754 0.7075 0.566111 0.051250 0.084444 10 0.673828 0.13125 0.838333 0.203438 0.323333 3 0.67041 0.643906 0.503056 0.039688 0.062222 5 0.642578 0.485313 0.439444 0.037500 0.064444 0 0.470703 0.313594 0.938333 0.029062 0.080000 5 0.453369 0.329922 0.648333 0.067656 0.121111 10 0.450439 0.835 0.561667 0.127500 0.227778 3 0.434082 0.464063 0.483056 0.051250 0.054444 10 0.414795 0.489063 0.328611 0.073750 0.092222 3 0.413086 0.369375 0.56125 0.047500 0.081944 3 0.359375 0.744375 0.5275 0.051250 0.086111 3 0.222656 0.765625 0.478889 0.028750 0.060000 1 0.200562 0.5075 0.466111 0.019375 0.043333 10 0.19812 0.92625 0.806667 0.147500 0.371111 10 0.133911 0.255938 0.86 0.105000 0.275556 10 0.123352 0.024062 0.649861 0.047656 0.244722 3 0.113953 0.507188 0.414444 0.023750 0.046667 3 0.105957 0.525 0.378333 0.033750 0.043889 5 0.089111 0.37 0.560556 0.048750 0.082222 5 0.074768 0.65 0.325833 0.022500 0.049444 3 0.064209 0.6475 0.466944 0.032500 0.061111 10 0.060303 0.945 0.727778 0.110000 0.308889 10 0.059418 0.154063 0.655417 0.200625 0.269167 1 0.057922 0.31875 0.752222 0.024375 0.064444 12 0.052826 0.04375 0.824444 0.085469 0.218889 4 0.042725 0.014805 0.678889 0.029258 0.106667 9 0.040253 0.384375 0.498889 0.048125 0.074444 11 0.038452 0.384375 0.498611 0.050000 0.079444 1 0.03775 0.01915 0.932222 0.036855 0.091111 3 0.035004 0.7675 0.575 0.047500 0.070000 9 0.028549 0.945 0.754444 0.110000 0.360000 7 0.027588 0.385 0.498333 0.048750 0.076667 0 0.025375 0.307188 0.861111 0.020000 0.080000 10 0.025177 0.66 0.278611 0.032500 0.076667 3 0.023956 0.485 0.403889 0.056250 0.053333 3 0.017242 0.47875 0.396111 0.042500 0.051111 5 0.014839 0.66875 0.340833 0.022500 0.042778 1 0.014839 0.316875 0.738333 0.023750 0.066667 0 0.014336 0.090234 0.798889 0.039531 0.086667 8 0.013535 0.034121 0.82 0.067930 0.173333 10 0.012672 0.251719 0.486667 0.134062 0.176667 10 0.012428 0.099922 0.518056 0.156406 0.186111 2 0.012009 0.7525 0.336667 0.020000 0.038889 10 0.010651 0.017344 0.61 0.034297 0.182222 2 0.010368 0.738125 0.373333 0.020000 0.038889 4 0.009056 0.649375 0.326111 0.022500 0.050000 11 0.008743 0.043125 0.818333 0.085156 0.215556 10 0.008575 0.118125 0.556806 0.158750 0.208611 3 0.008316 0.66875 0.341111 0.023750 0.043333 5 0.007935 0.7675 0.573333 0.047500 0.066667 10 0.007175 0.98125 0.812222 0.037500 0.364444 12 0.006691 0.8 0.431389 0.030000 0.061667 9 0.005344 0.157969 0.649444 0.209375 0.267778 1 0.004719 0.296875 0.704444 0.028750 0.057778 0 0.004665 0.77375 0.388889 0.020000 0.050000 5 0.004627 0.250625 0.886111 0.093438 0.225556 1 0.004505 0.525625 0.400556 0.015000 0.033333 3 0.003311 0.8 0.431111 0.032500 0.062222 3 0.003172 0.516875 0.36 0.032500 0.040000 0 0.00316 0.015781 0.678333 0.030117 0.091111 0 0.002811 0.112207 0.551667 0.159648 0.216667 10 0.002747 0.960625 0.817222 0.078750 0.350000 2 0.002493 0.018906 0.935556 0.037813 0.113333 1 0.002287 0.743125 0.476389 0.016250 0.036111 3 0.002182 0.40625 0.549444 0.021250 0.046667 1 0.002132 0.311563 0.758333 0.027500 0.072222 1 0.002132 0.013906 0.915556 0.027734 0.080000 0 0.002003 0.251875 0.487222 0.133125 0.177778 10 0.00198 0.390625 0.393333 0.055000 0.084444 1 0.00198 0.484375 0.665556 0.017500 0.028889 5 0.001768 0.470625 0.391667 0.035000 0.052222 11 0.001649 0.028125 0.817778 0.056172 0.167778 10 0.001592 0.014063 0.707222 0.028125 0.215556 5 0.00141 0.6675 0.330556 0.022500 0.044444 1 0.001265 0.50375 0.478889 0.022500 0.042222 2 0.00124 0.73625 0.366667 0.025000 0.045556 3 0.001216 0.332578 0.617778 0.042344 0.057778 3 0.001206 0.646094 0.480556 0.040312 0.068889 1 0.001174 0.023516 0.955 0.045156 0.081111 0 0.001124 0.751875 0.398889 0.018750 0.056667 1 0.001057 0.739375 0.478333 0.015000 0.032222 3 0.001053 0.635 0.229167 0.016250 0.029444
CCTV01^20260318-110000-20260318-120000_000649,10 0.91748 0.694375 0.491111 0.057500 0.210000 10 0.907227 0.635625 0.502778 0.062500 0.208889 5 0.893066 0.524375 0.878889 0.068750 0.195556 10 0.878906 0.195937 0.717778 0.149375 0.326667 10 0.875977 0.839375 0.793333 0.208750 0.411111 6 0.827637 0.294375 0.695556 0.089375 0.205556 12 0.813965 0.331328 0.811111 0.082344 0.137778 3 0.777344 0.7275 0.849444 0.075000 0.160000 10 0.749023 0.383437 0.498333 0.125000 0.177778 3 0.666992 0.684375 0.677778 0.055000 0.118889 3 0.656738 0.249375 0.94 0.067500 0.117778 3 0.46875 0.465 0.482778 0.043750 0.047778 3 0.453369 0.7275 0.642222 0.038750 0.104444 3 0.399902 0.169531 0.948889 0.074062 0.100000 2 0.361084 0.040078 0.796111 0.066250 0.114444 3 0.230957 0.49 0.444444 0.039375 0.058889 0 0.229492 0.311875 0.902778 0.043125 0.090000 5 0.20813 0.7275 0.641111 0.040000 0.104444 3 0.181885 0.468125 0.424444 0.036250 0.062222 5 0.146606 0.49 0.444444 0.040000 0.057778 3 0.124207 0.74625 0.530556 0.052500 0.091111 3 0.09436 0.3725 0.965556 0.065000 0.068889 10 0.092346 0.93125 0.800278 0.137500 0.399444 10 0.084473 0.295312 0.694444 0.086875 0.204445 1 0.074219 0.274375 0.82 0.027500 0.077778 5 0.068542 0.468125 0.424167 0.036250 0.060556 10 0.063049 0.84375 0.576111 0.127500 0.227778 3 0.044342 0.7675 0.577778 0.045000 0.068889 10 0.044006 0.664375 0.303333 0.036250 0.095556 3 0.04303 0.76625 0.483889 0.032500 0.070000 10 0.040527 0.024727 0.647222 0.049375 0.234444 9 0.037323 0.014688 0.688889 0.028594 0.131111 11 0.035828 0.01458 0.693333 0.028926 0.142222 1 0.027481 0.008633 0.967222 0.017051 0.060000 5 0.02626 0.74625 0.530556 0.052500 0.097778 5 0.023956 0.503125 0.405556 0.033750 0.057778 10 0.011597 0.9675 0.818889 0.065000 0.360000 10 0.011551 0.62375 0.370556 0.032500 0.075000 3 0.01017 0.740625 0.380556 0.031250 0.058333 3 0.010094 0.6025 0.104306 0.015000 0.014444 1 0.010056 0.343125 0.6 0.021250 0.048889 5 0.009521 0.768125 0.577778 0.043750 0.068889 1 0.009232 0.285625 0.834445 0.033750 0.062222 1 0.008881 0.092188 0.752222 0.030937 0.071111 1 0.008286 0.295312 0.84 0.025000 0.062222 10 0.007812 0.42125 0.391389 0.096250 0.117778 10 0.00729 0.98 0.805278 0.040000 0.389444 10 0.006512 0.310937 0.503889 0.140000 0.178889 6 0.00634 0.735625 0.325278 0.051250 0.081667 12 0.00634 0.510625 0.334444 0.043750 0.065556 0 0.006096 0.115918 0.552222 0.154414 0.213333 3 0.005344 0.474375 0.432222 0.045625 0.062778 0 0.004925 0.010215 0.966111 0.020039 0.061111 3 0.004627 0.054063 0.241944 0.023438 0.030000 3 0.0042 0.465625 0.466667 0.042500 0.053333 3 0.003885 0.635 0.126389 0.012500 0.020556 3 0.003496 0.66875 0.378889 0.025000 0.053333 3 0.003351 0.6025 0.138611 0.010000 0.014444 3 0.002867 0.008735 0.261667 0.016709 0.036667 0 0.002846 0.065156 0.897778 0.035000 0.088889 3 0.002823 0.645625 0.365 0.018750 0.044444 3 0.002369 0.625 0.1225 0.010000 0.020278 0 0.002359 0.030156 0.723333 0.030781 0.073333 1 0.002359 0.119531 0.861111 0.027813 0.092222 5 0.00226 0.74125 0.380556 0.032500 0.056667 11 0.002157 0.210313 0.588889 0.091875 0.104444 10 0.001904 0.73625 0.326389 0.055000 0.092778 1 0.001585 0.73125 0.695556 0.022500 0.054444 10 0.001478 0.106641 0.516667 0.160469 0.187778 0 0.001472 0.007383 0.957778 0.014492 0.080000 1 0.001421 0.484688 0.665 0.017500 0.027778 0 0.001383 0.3125 0.505556 0.145625 0.183333 3 0.001249 0.631563 0.31 0.019375 0.036667 6 0.001225 0.099844 0.665556 0.093438 0.126667 0 0.001202 0.20625 0.53875 0.146875 0.191389
CCTV01^20260318-110000-20260318-120000_000654,10 0.901367 0.7025 0.507778 0.075000 0.208889 10 0.866211 0.288438 0.593333 0.170000 0.235556 10 0.838867 0.84375 0.792222 0.206250 0.413333 3 0.837402 0.255625 0.868333 0.059375 0.135556 5 0.833496 0.524375 0.878889 0.070000 0.195556 10 0.800781 0.64125 0.465556 0.051250 0.143333 10 0.754883 0.74375 0.81 0.163750 0.380000 3 0.71875 0.330078 0.835556 0.072344 0.140000 5 0.622559 0.485 0.449444 0.041250 0.067778 12 0.556641 0.29375 0.730556 0.066250 0.123333 3 0.539062 0.161406 0.898889 0.075938 0.155556 10 0.5 0.455 0.41 0.086250 0.133333 6 0.422607 0.410625 0.504444 0.082500 0.127778 3 0.38501 0.223125 0.765 0.060000 0.104444 11 0.250977 0.063047 0.832222 0.126094 0.251111 3 0.246582 0.7575 0.518056 0.035000 0.065000 0 0.174438 0.155781 0.681111 0.055313 0.088889 9 0.091736 0.91375 0.703333 0.167500 0.313333 9 0.091064 0.062188 0.813889 0.123125 0.213333 10 0.075867 0.9625 0.891667 0.075000 0.216667 5 0.071594 0.221875 0.956111 0.076875 0.087778 10 0.060516 0.66375 0.339444 0.037500 0.111111 3 0.054413 0.508125 0.419722 0.023750 0.043889 3 0.041931 0.768125 0.470833 0.033750 0.077778 10 0.040985 0.410938 0.504444 0.082500 0.125556 3 0.028336 0.7675 0.575556 0.045000 0.066667 10 0.02655 0.404687 0.417222 0.096250 0.135556 10 0.025757 0.610625 0.393611 0.032500 0.122778 3 0.019638 0.219063 0.957222 0.072500 0.085556 7 0.016846 0.294375 0.731111 0.066875 0.122222 5 0.014282 0.522813 0.345833 0.035000 0.043889 8 0.013428 0.061797 0.821111 0.123594 0.224444 2 0.012772 0.154219 0.681111 0.056250 0.091111 4 0.012383 0.7675 0.575556 0.047500 0.066667 10 0.010056 0.287813 0.483611 0.138125 0.168333 3 0.008881 0.2 0.543889 0.051875 0.083333 3 0.008217 0.610625 0.121667 0.012500 0.018333 3 0.007725 0.62375 0.241389 0.015000 0.030556 5 0.007694 0.77 0.469444 0.032500 0.074444 0 0.007519 0.123828 0.557917 0.164844 0.210833 0 0.007347 0.40625 0.416667 0.102500 0.131111 10 0.006565 0.913125 0.700556 0.168750 0.305556 2 0.006512 0.97875 0.703333 0.041250 0.084444 5 0.006439 0.518125 0.385556 0.031250 0.046667 5 0.006439 0.199688 0.545 0.050000 0.084444 10 0.006264 0.769375 0.383889 0.056250 0.113333 3 0.006241 0.675625 0.397778 0.026250 0.044444 2 0.0056 0.614375 0.1975 0.013750 0.029444 10 0.004772 0.125312 0.562361 0.168750 0.208611 2 0.004574 0.07375 0.7 0.057187 0.084444 2 0.00423 0.7575 0.517222 0.037500 0.071111 3 0.003975 0.60125 0.099097 0.010000 0.014167 11 0.003736 0.016543 0.703333 0.032734 0.167778 3 0.003325 0.633125 0.366667 0.020000 0.040556 2 0.003197 0.623438 0.171806 0.015000 0.028611 10 0.003172 0.02332 0.619861 0.046641 0.200278 1 0.002714 0.484375 0.666111 0.018125 0.026667 9 0.002663 0.018828 0.69 0.036914 0.146667 0 0.002434 0.287656 0.484722 0.135313 0.170556 6 0.002287 0.77 0.383889 0.055000 0.113333 3 0.001513 0.008711 0.261111 0.016582 0.037222 2 0.001455 0.518438 0.385556 0.030625 0.047778 12 0.001211 0.010596 0.057847 0.020918 0.065139 4 0.00106 0.199688 0.545417 0.050000 0.082500
CCTV01^20260318-110000-20260318-120000_000658,10 0.919434 0.7025 0.521667 0.067500 0.228889 10 0.869629 0.83875 0.79 0.210000 0.408889 10 0.84082 0.385938 0.496944 0.131875 0.179444 5 0.810547 0.524375 0.878889 0.070000 0.194444 10 0.756348 0.64125 0.466667 0.050000 0.142222 3 0.743164 0.258125 0.777222 0.052500 0.104444 10 0.741699 0.105313 0.785 0.210000 0.352222 5 0.73877 0.234063 0.903333 0.082500 0.180000 1 0.644043 0.785625 0.962222 0.038750 0.073333 3 0.629883 0.249688 0.683889 0.061250 0.086667 0 0.596191 0.35875 0.942222 0.053750 0.100000 5 0.434082 0.315156 0.725 0.047812 0.115556 3 0.42627 0.185313 0.807778 0.077812 0.130000 5 0.300781 0.49375 0.433889 0.040000 0.067778 12 0.297363 0.302188 0.624444 0.044375 0.100000 11 0.259766 0.255781 0.564306 0.116250 0.140278 3 0.252441 0.315 0.725556 0.049375 0.117778 3 0.195557 0.49375 0.434167 0.041250 0.067778 10 0.157104 0.6625 0.339444 0.040000 0.115556 10 0.137939 0.924375 0.797778 0.151250 0.404444 9 0.125122 0.93125 0.797778 0.137500 0.404444 3 0.065857 0.76875 0.573333 0.047500 0.068889 6 0.058777 0.81375 0.469444 0.070000 0.146667 11 0.048126 0.64 0.466111 0.051250 0.137778 3 0.036072 0.518125 0.399444 0.021875 0.044444 1 0.034241 0.695 0.373056 0.012500 0.034444 10 0.031738 0.535625 0.327222 0.068750 0.101111 10 0.031738 0.60875 0.401667 0.036250 0.123333 3 0.028107 0.7675 0.398333 0.028750 0.048889 3 0.027069 0.138594 0.931667 0.098125 0.132222 3 0.024521 0.840625 0.619444 0.071250 0.117778 3 0.022537 0.755625 0.517222 0.028750 0.056667 11 0.02211 0.022461 0.696667 0.044609 0.208889 3 0.020416 0.675 0.399444 0.027500 0.047778 3 0.02002 0.730625 0.65 0.038750 0.104444 5 0.017242 0.518438 0.399722 0.021875 0.042778 3 0.016586 0.601875 0.1225 0.011250 0.018889 10 0.014557 0.813125 0.469444 0.068750 0.145556 3 0.013535 0.054375 0.2425 0.024375 0.030000 4 0.008476 0.76875 0.479167 0.032500 0.074444 10 0.008446 0.306563 0.466111 0.131250 0.152222 10 0.007404 0.95125 0.844722 0.097500 0.310556 0 0.006824 0.125625 0.556667 0.165313 0.208889 3 0.006798 0.008667 0.260833 0.016592 0.036111 4 0.005001 0.781875 0.548333 0.027500 0.054444 3 0.004738 0.61875 0.323889 0.022500 0.044444 8 0.004486 0.302656 0.623889 0.042188 0.094444 3 0.00404 0.633125 0.373333 0.020000 0.042222 0 0.00396 0.783125 0.547222 0.028750 0.055556 4 0.003885 0.78375 0.359444 0.028750 0.056667 10 0.003693 0.649375 0.166944 0.022500 0.036667 5 0.00289 0.755625 0.517222 0.030000 0.060000 2 0.002571 0.78375 0.359167 0.027500 0.056111 10 0.00215 0.469063 0.411389 0.052500 0.092222 10 0.001831 0.026602 0.624306 0.052812 0.204722 0 0.001803 0.306563 0.463333 0.130625 0.151111 10 0.001796 0.125938 0.557639 0.165625 0.209167 3 0.001768 0.76875 0.478333 0.032500 0.073333 9 0.001561 0.3825 0.384444 0.097500 0.120000 3 0.001531 0.605313 0.15 0.011875 0.019722 0 0.001367 0.21 0.448333 0.162500 0.147778 10 0.001335 0.464063 0.355833 0.076875 0.093889 11 0.001289 0.61 0.398889 0.030000 0.114444 10 0.001279 0.205781 0.455556 0.154687 0.136667 10 0.001265 0.74375 0.262222 0.040000 0.083889 3 0.001206 0.773125 0.506111 0.027500 0.036667 10 0.001095 0.38375 0.386667 0.098750 0.124444
CCTV01^20260318-110000-20260318-120000_000662,10 0.898926 0.70125 0.521944 0.067500 0.233889 10 0.81543 0.64125 0.466111 0.052500 0.143333 10 0.800781 0.452188 0.425833 0.103125 0.142778 10 0.779785 0.179961 0.682778 0.248828 0.296667 5 0.720215 0.524375 0.878889 0.070000 0.195556 3 0.666992 0.361875 0.853889 0.103125 0.117778 10 0.665527 0.881875 0.822222 0.236250 0.355556 5 0.600098 0.258281 0.797222 0.070625 0.156667 5 0.558105 0.77 0.603333 0.055000 0.120000 3 0.556641 0.335 0.639444 0.064375 0.086667 3 0.464844 0.379375 0.566111 0.060000 0.070000 3 0.388672 0.7475 0.662222 0.067500 0.113333 7 0.364746 0.300938 0.922778 0.129375 0.154444 3 0.327637 0.805 0.527222 0.037500 0.074444 4 0.223999 0.041641 0.881667 0.082969 0.155556 11 0.146118 0.3525 0.481667 0.093125 0.122222 1 0.144165 0.298281 0.825556 0.031562 0.075556 7 0.129395 0.04082 0.881111 0.081484 0.162222 0 0.119202 0.311719 0.745556 0.037188 0.102222 4 0.078613 0.302969 0.924722 0.132812 0.150556 6 0.078064 0.880625 0.592222 0.118750 0.210000 3 0.069275 0.239063 0.732222 0.089687 0.124444 7 0.066345 0.311563 0.741111 0.038125 0.108889 9 0.048126 0.042109 0.898333 0.084219 0.203333 9 0.045685 0.304375 0.921667 0.140000 0.156667 1 0.043365 0.74875 0.733333 0.027500 0.080000 4 0.036224 0.311563 0.746111 0.038125 0.098889 3 0.030334 0.75625 0.522222 0.032500 0.067778 10 0.030212 0.663125 0.34 0.040000 0.117778 11 0.025757 0.023105 0.707778 0.045430 0.200000 5 0.02211 0.884375 0.699444 0.058750 0.103333 10 0.016098 0.949375 0.834444 0.101250 0.331111 1 0.014282 0.6375 0.576667 0.018750 0.051111 4 0.013374 0.146953 0.918889 0.103281 0.152222 3 0.013069 0.76875 0.485 0.032500 0.074444 1 0.012627 0.160313 0.824444 0.030000 0.071111 1 0.010292 0.810625 0.606111 0.023750 0.071111 6 0.010246 0.785 0.36 0.030000 0.056667 5 0.00956 0.525937 0.375556 0.031875 0.053889 10 0.008919 0.389375 0.385 0.102500 0.124444 10 0.008743 0.612813 0.395278 0.039375 0.137222 10 0.007519 0.025586 0.617778 0.051172 0.198889 3 0.007233 0.1475 0.916667 0.104063 0.146667 3 0.007149 0.885 0.701111 0.057500 0.104444 0 0.006004 0.77 0.748889 0.026250 0.080000 2 0.004646 0.97625 0.695556 0.047500 0.132222 0 0.004574 0.3925 0.907778 0.047500 0.088889 11 0.004452 0.014785 0.714445 0.029141 0.186667 0 0.003914 0.42625 0.912778 0.037500 0.073333 12 0.003736 0.4325 0.961111 0.056250 0.073333 3 0.003622 0.67625 0.402222 0.027500 0.052222 0 0.003538 0.304844 0.463333 0.126563 0.144444 10 0.003483 0.125938 0.565417 0.162500 0.224722 3 0.003298 0.008794 0.258611 0.016865 0.036111 3 0.003075 0.431875 0.505 0.043125 0.046667 10 0.002981 0.305469 0.463333 0.130312 0.150000 0 0.002981 0.058359 0.734444 0.035312 0.084444 0 0.00279 0.125313 0.564306 0.164688 0.220278 11 0.002493 0.042148 0.898056 0.084297 0.203889 0 0.002165 0.38875 0.391111 0.101250 0.128889 3 0.00215 0.053906 0.243333 0.024375 0.029444 3 0.002108 0.7425 0.402222 0.037500 0.083333 0 0.002083 0.299375 0.816111 0.030625 0.085556 2 0.002058 0.784375 0.360278 0.030000 0.057222 0 0.00205 0.218398 0.45 0.163828 0.160000 12 0.001972 0.111719 0.917778 0.178125 0.164444 2 0.001919 0.76875 0.481667 0.035000 0.078889 10 0.001853 0.74375 0.260556 0.042500 0.081667 11 0.001642 0.311875 0.918333 0.126875 0.163333 3 0.001561 0.013789 0.375 0.026914 0.071667 10 0.001549 0.9825 0.706667 0.035000 0.220000 12 0.001549 0.146875 0.920833 0.103125 0.158333 1 0.001525 0.429375 0.917778 0.040000 0.075556 10 0.001507 0.878125 0.591667 0.118750 0.204444 2 0.001335 0.74375 0.521111 0.025000 0.065556 4 0.001225 0.884375 0.701111 0.060000 0.108889 0 0.001165 0.369688 0.92 0.030625 0.066667 3 0.001116 0.71875 0.198333 0.015000 0.026111 0 0.001024 0.38375 0.916667 0.056250 0.075556
CCTV01^20260318-110000-20260318-120000_000666,10 0.875 0.72375 0.681111 0.110000 0.346667 5 0.850098 0.524375 0.878889 0.070000 0.195556 10 0.705566 0.334688 0.551667 0.165000 0.218889 3 0.575684 0.485313 0.457222 0.040625 0.053889 3 0.527344 0.34125 0.822778 0.090000 0.118889 5 0.501953 0.2675 0.757222 0.064375 0.143333 5 0.464844 0.50375 0.406667 0.032500 0.053333 10 0.428223 0.65 0.513056 0.057500 0.155000 3 0.394287 0.045469 0.842222 0.090938 0.136667 5 0.204346 0.785 0.662222 0.060000 0.142222 6 0.196777 0.649844 0.513889 0.057813 0.155556 3 0.134277 0.75875 0.507778 0.047500 0.083333 10 0.123779 0.665 0.345 0.042500 0.118889 3 0.097412 0.818125 0.635556 0.041250 0.091111 11 0.086304 0.435 0.425 0.072500 0.107778 3 0.080627 0.69 0.456111 0.036250 0.081111 5 0.062317 0.8825 0.708889 0.067500 0.122222 10 0.059875 0.90875 0.8625 0.182500 0.275000 1 0.054596 0.83625 0.685556 0.027500 0.071111 2 0.053009 0.786875 0.535 0.031250 0.067778 0 0.045532 0.4025 0.896667 0.036250 0.080000 1 0.041931 0.310313 0.735556 0.025625 0.071111 5 0.040253 0.645625 0.416944 0.028750 0.054444 1 0.033325 0.514375 0.46 0.015000 0.042222 6 0.032837 0.88125 0.597222 0.112500 0.212222 4 0.027588 0.187461 0.815556 0.100703 0.176667 4 0.027267 0.283125 0.895556 0.102500 0.142222 10 0.024704 0.95 0.838889 0.100000 0.322222 1 0.019058 0.416563 0.814444 0.033125 0.068889 7 0.017181 0.339687 0.888889 0.052500 0.095556 3 0.016098 0.187773 0.812222 0.095078 0.164444 12 0.014732 0.28125 0.897778 0.106875 0.160000 0 0.013741 0.374688 0.860556 0.033750 0.062222 0 0.013588 0.155078 0.646667 0.029844 0.064444 0 0.012009 0.322188 0.696111 0.034375 0.078889 9 0.010735 0.281875 0.888889 0.112500 0.148889 10 0.010368 0.126641 0.557778 0.167344 0.208889 10 0.009895 0.026055 0.613333 0.051484 0.195556 10 0.009056 0.325 0.458056 0.148750 0.157222 2 0.008812 0.7975 0.474167 0.027500 0.058889 3 0.008781 0.61625 0.334444 0.023125 0.045556 2 0.008446 0.188789 0.815556 0.102422 0.177778 3 0.008156 0.624063 0.294167 0.018125 0.035000 12 0.007935 0.98875 0.0825 0.022500 0.057778 9 0.007935 0.023574 0.675556 0.046914 0.120000 0 0.007374 0.126094 0.556528 0.165938 0.211389 3 0.007206 0.68875 0.474444 0.035000 0.067778 1 0.006905 0.666875 0.75 0.025000 0.060000 0 0.006771 0.312969 0.723889 0.026563 0.087778 7 0.006241 0.188711 0.812222 0.102578 0.168889 0 0.006168 0.367188 0.914445 0.031875 0.064444 1 0.006145 0.3725 0.966111 0.040000 0.065556 7 0.006096 0.021484 0.686667 0.042656 0.142222 8 0.005688 0.283281 0.898889 0.103438 0.160000 10 0.005138 0.051953 0.843333 0.103906 0.162222 3 0.005001 0.645 0.416389 0.027500 0.053333 10 0.004505 0.613125 0.438333 0.036250 0.091111 2 0.004364 0.76875 0.452222 0.030000 0.067778 11 0.004349 0.610625 0.418333 0.036250 0.134444 10 0.003679 0.984375 0.733333 0.031250 0.148889 0 0.003565 0.344375 0.895556 0.035000 0.075556 1 0.003197 0.146719 0.757778 0.036562 0.093333 1 0.003004 0.484375 0.664445 0.018750 0.028889 10 0.002737 0.978125 0.72 0.043750 0.220000 11 0.002562 0.213164 0.673333 0.113047 0.142222 7 0.002481 0.286719 0.897778 0.092812 0.130000 0 0.002453 0.391875 0.875556 0.042500 0.073333 3 0.002342 0.79875 0.655556 0.070000 0.135556 3 0.002253 0.678125 0.410556 0.028750 0.051111 3 0.002192 0.7475 0.577778 0.025000 0.064444 2 0.00215 0.631875 0.376667 0.017500 0.036667 0 0.00215 0.324688 0.847778 0.045625 0.068889 10 0.001912 0.88 0.594444 0.112500 0.198889 0 0.001912 0.403125 0.381389 0.108750 0.120556 0 0.001853 0.81875 0.456111 0.020000 0.053333 10 0.001839 0.6125 0.418333 0.040000 0.140000 0 0.001839 0.21125 0.450556 0.165625 0.150000 0 0.00181 0.78625 0.380278 0.030000 0.045000 0 0.001741 0.247187 0.447778 0.096250 0.150000 3 0.001592 0.310937 0.651111 0.071250 0.086667 12 0.001549 0.42875 0.965556 0.038750 0.060000 10 0.001513 0.402813 0.383056 0.109375 0.126111 3 0.00141 0.718125 0.197639 0.016250 0.026389 10 0.00141 0.656094 0.283819 0.037812 0.080139 6 0.00141 0.7825 0.355 0.031250 0.047778 10 0.001341 0.963125 0.72 0.073750 0.213333 7 0.001235 0.081953 0.893333 0.163906 0.213333 0 0.001206 0.408125 0.905556 0.053750 0.084444 3 0.001188 0.201563 0.932778 0.074062 0.107778 12 0.001151 0.40625 0.900556 0.051250 0.085556 2 0.001048 0.324375 0.847778 0.048125 0.067778 0 0.001032 0.813125 0.529444 0.027500 0.061111
CCTV01^20260318-110000-20260318-120000_000670,10 0.754883 0.7875 0.822222 0.207500 0.355556 5 0.673828 0.524375 0.878889 0.071250 0.195556 6 0.665527 0.67375 0.582778 0.083750 0.187778 10 0.654785 0.16668 0.715 0.179766 0.316667 5 0.484375 0.315625 0.635 0.079375 0.117778 8 0.428223 0.309375 0.508333 0.083125 0.096667 10 0.320801 0.66625 0.353611 0.042500 0.120556 3 0.269043 0.301875 0.724445 0.055625 0.077778 8 0.223999 0.9475 0.801667 0.062500 0.156667 10 0.213379 0.673125 0.585 0.083750 0.192222 11 0.108582 0.88375 0.599861 0.122500 0.238056 10 0.100891 0.453125 0.425 0.100000 0.135556 3 0.098083 0.3825 0.584444 0.058750 0.066667 3 0.095032 0.8875 0.73 0.070000 0.157778 0 0.089111 0.361875 0.778889 0.045000 0.093333 12 0.081543 0.361562 0.78 0.044375 0.093333 5 0.076416 0.886875 0.73 0.072500 0.158889 0 0.05014 0.685 0.937778 0.047500 0.117778 6 0.041473 0.883125 0.600972 0.122500 0.240278 9 0.040985 0.240313 0.826667 0.079063 0.142222 6 0.03949 0.78375 0.359444 0.027500 0.055556 12 0.03891 0.292344 0.898889 0.048750 0.111111 12 0.030563 0.685625 0.939444 0.048750 0.116667 11 0.025085 0.9475 0.804444 0.060000 0.152222 0 0.024231 0.293125 0.901111 0.048750 0.111111 8 0.02153 0.311563 0.460556 0.074375 0.073889 4 0.020569 0.743125 0.560556 0.035000 0.063333 9 0.020493 0.154863 0.597222 0.152773 0.205556 2 0.020096 0.424687 0.918889 0.065000 0.104444 4 0.018906 0.239687 0.826111 0.080625 0.142222 12 0.017639 0.067852 0.928889 0.095234 0.140000 3 0.014618 0.51625 0.392778 0.028750 0.046667 4 0.014336 0.77625 0.531667 0.037500 0.096667 5 0.014282 0.80875 0.738889 0.062500 0.146667 9 0.014229 0.88375 0.602361 0.120000 0.230833 10 0.013847 0.025078 0.605 0.050156 0.188889 2 0.012627 0.776875 0.531111 0.036250 0.094444 7 0.012238 0.241563 0.826111 0.081250 0.140000 0 0.01078 0.265 0.948056 0.060000 0.103889 3 0.01017 0.69 0.472778 0.035000 0.072222 4 0.009895 0.7325 0.495833 0.035000 0.070556 2 0.009598 0.7975 0.406944 0.027500 0.050000 10 0.009056 0.155645 0.597917 0.153711 0.206389 2 0.008347 0.783125 0.359444 0.028750 0.055556 7 0.007755 0.067734 0.928889 0.097031 0.137778 0 0.007374 0.793125 0.458611 0.030000 0.056667 0 0.007011 0.154219 0.593333 0.150000 0.211111 9 0.006905 0.988125 0.89 0.023750 0.208889 0 0.006668 0.333125 0.908333 0.036250 0.064444 12 0.006191 0.176914 0.112639 0.055547 0.107500 9 0.006145 0.06793 0.93 0.097266 0.140000 0 0.00605 0.68 0.865556 0.037500 0.091111 3 0.005867 0.69125 0.499722 0.035000 0.065000 2 0.005798 0.43625 0.927778 0.040625 0.084444 4 0.004505 0.68625 0.938889 0.050000 0.122222 3 0.004398 0.77875 0.63 0.037500 0.080000 0 0.00396 0.360938 0.875556 0.048125 0.080000 10 0.003914 0.988125 0.888889 0.023750 0.168889 3 0.003885 0.199961 0.93 0.080078 0.137778 6 0.003839 0.77625 0.531667 0.037500 0.096667 5 0.003693 0.651875 0.452222 0.033750 0.071667 12 0.003693 0.9475 0.803333 0.062500 0.155556 1 0.003622 0.68 0.865556 0.040000 0.093333 10 0.003593 0.660625 0.29 0.042500 0.080556 0 0.003351 0.02168 0.732222 0.043203 0.104444 0 0.003273 0.136719 0.9 0.039375 0.082222 2 0.003052 0.830625 0.694444 0.048750 0.108889 10 0.002993 0.954375 0.917778 0.091250 0.164444 3 0.002981 0.626875 0.315556 0.018750 0.041111 2 0.002878 0.72125 0.305 0.016250 0.034444 2 0.002867 0.7775 0.63 0.037500 0.077778 8 0.002758 0.308594 0.552222 0.085938 0.102222 0 0.002747 0.063438 0.795556 0.032969 0.084444 10 0.002737 0.615 0.3675 0.027500 0.062778 4 0.002571 0.289219 0.81 0.051562 0.106667 3 0.00255 0.73375 0.358333 0.035000 0.058889 2 0.002512 0.292344 0.575417 0.051250 0.080278 3 0.002369 0.830625 0.694444 0.051250 0.111111 2 0.002199 0.419375 0.896667 0.076250 0.135556 0 0.002199 0.43875 0.398889 0.126250 0.134444 0 0.002083 0.288438 0.803333 0.050625 0.112222 0 0.001987 0.454063 0.425 0.098750 0.130556 3 0.001934 0.053516 0.243194 0.024844 0.030278 0 0.001926 0.81 0.597778 0.027500 0.075556 12 0.001675 0.46875 0.970833 0.046250 0.058333 11 0.001636 0.2425 0.824444 0.086875 0.146667 3 0.001549 0.614688 0.366944 0.028125 0.062778 12 0.001549 0.365625 0.795 0.037500 0.086667 0 0.001549 0.213438 0.447222 0.170000 0.153333 0 0.001501 0.128281 0.561111 0.172187 0.186667 0 0.001467 0.860625 0.462778 0.027500 0.052778 2 0.001372 0.580625 0.386111 0.022500 0.050000 10 0.001367 0.449375 0.374444 0.110000 0.137222 3 0.001265 0.346563 0.409444 0.026250 0.050000 4 0.00126 0.015361 0.688333 0.030410 0.148889 0 0.001249 0.824375 0.498333 0.027500 0.062222 11 0.001245 0.018867 0.695556 0.037656 0.166667 0 0.001188 0.00542 0.908889 0.010645 0.137778 10 0.001151 0.745 0.262292 0.042500 0.080972 3 0.001116 0.009048 0.258819 0.017490 0.040139 8 0.001057 0.985 0.897222 0.030000 0.180000 3 0.001048 0.356875 0.934445 0.081250 0.126667 3 0.001017 0.331875 0.563889 0.038750 0.056667
CCTV01^20260318-110000-20260318-120000_000674,10 0.837402 0.203281 0.655556 0.172187 0.266667 3 0.743164 0.721875 0.881111 0.070000 0.177778 10 0.680664 0.4725 0.406667 0.095000 0.135556 5 0.654785 0.318438 0.631111 0.078125 0.117778 3 0.581543 0.87875 0.853333 0.077500 0.166667 9 0.509766 0.94375 0.726667 0.112500 0.277778 3 0.44751 0.524063 0.876667 0.070625 0.191111 10 0.412109 0.6975 0.643333 0.097500 0.220000 0 0.40918 0.96 0.83 0.057500 0.131111 5 0.407227 0.525 0.878889 0.071250 0.195556 2 0.373779 0.79875 0.6 0.047500 0.111111 6 0.317383 0.6975 0.640972 0.095000 0.218056 3 0.305664 0.067021 0.951389 0.066895 0.097222 2 0.265869 0.397813 0.857778 0.064375 0.080000 9 0.253906 0.235938 0.801111 0.074375 0.142222 3 0.190063 0.320625 0.562083 0.081875 0.078056 2 0.168335 0.7625 0.768889 0.040000 0.102222 3 0.167725 0.303438 0.721111 0.051250 0.082222 2 0.151978 0.82 0.467222 0.037500 0.083333 10 0.141724 0.94375 0.738889 0.112500 0.300000 4 0.132935 0.88625 0.71 0.050000 0.102222 7 0.10968 0.885625 0.711667 0.048750 0.104444 10 0.090393 0.66625 0.367222 0.042500 0.137778 3 0.088196 0.695 0.48 0.036250 0.060000 11 0.086914 0.82 0.468333 0.037500 0.083333 0 0.086304 0.35125 0.763333 0.041875 0.084444 0 0.084473 0.618437 0.557222 0.023750 0.058889 5 0.082703 0.785625 0.53 0.043750 0.095556 1 0.080078 0.731875 0.782222 0.022500 0.051111 4 0.073181 0.78625 0.529444 0.042500 0.097778 12 0.068054 0.3525 0.763333 0.042500 0.086667 4 0.060516 0.235 0.8 0.074375 0.146667 9 0.059418 0.0625 0.753333 0.123438 0.337778 0 0.05899 0.8225 0.677222 0.057500 0.076667 2 0.058777 0.85125 0.521111 0.030000 0.061111 12 0.058563 0.82 0.468333 0.037500 0.083889 3 0.055603 0.79875 0.6 0.050000 0.108889 4 0.055206 0.798125 0.598889 0.048750 0.111111 3 0.054413 0.69625 0.525 0.037500 0.071111 0 0.05127 0.91375 0.822222 0.045000 0.122222 10 0.049042 0.8225 0.901667 0.165000 0.196667 0 0.046539 0.8525 0.572222 0.027500 0.066667 0 0.046204 0.285625 0.881111 0.046875 0.105556 6 0.045868 0.82 0.468333 0.037500 0.085556 9 0.044189 0.374375 0.468333 0.071250 0.094444 7 0.044006 0.101172 0.813333 0.071875 0.155556 5 0.03595 0.74125 0.588333 0.045000 0.131111 4 0.035156 0.255625 0.947778 0.051875 0.093333 2 0.032471 0.88 0.852222 0.075000 0.157778 10 0.031372 0.065078 0.763333 0.130156 0.380000 1 0.031143 0.82375 0.677222 0.055000 0.075556 3 0.030792 0.740625 0.586528 0.045000 0.133611 10 0.030334 0.623125 0.2375 0.025000 0.066111 3 0.030334 0.81875 0.797222 0.071250 0.115556 3 0.029755 0.389688 0.576667 0.047500 0.062222 4 0.025558 0.86 0.733889 0.042500 0.085556 0 0.025085 0.391563 0.519444 0.033125 0.062222 2 0.023697 0.715 0.431111 0.031250 0.066667 10 0.021942 0.225625 0.532778 0.126875 0.170000 3 0.020645 0.310625 0.48 0.041250 0.053333 0 0.017517 0.885 0.616111 0.040000 0.075556 11 0.016022 0.37375 0.468333 0.070000 0.095556 11 0.015305 0.23625 0.801111 0.076875 0.142222 11 0.01519 0.645 0.513056 0.053750 0.086111 2 0.014618 0.38875 0.576667 0.048750 0.065556 12 0.014389 0.101406 0.811111 0.073125 0.155556 9 0.014282 0.229687 0.533889 0.133750 0.174444 11 0.013847 0.61625 0.455556 0.035000 0.094444 4 0.013275 0.91375 0.822778 0.047500 0.126667 0 0.011826 0.99375 0.851111 0.012500 0.101111 12 0.01078 0.285938 0.88 0.046250 0.103333 12 0.006931 0.320312 0.777778 0.040625 0.095556 12 0.006744 0.61625 0.454167 0.035000 0.094444 9 0.006489 0.740625 0.587917 0.043750 0.139722 2 0.006218 0.81125 0.728889 0.052500 0.080000 0 0.006145 0.50625 0.439167 0.014375 0.043889 9 0.005844 0.9875 0.663333 0.025000 0.128889 5 0.005619 0.65375 0.463056 0.040000 0.079444 1 0.005119 0.151172 0.918889 0.036094 0.081111 2 0.004887 0.93125 0.953889 0.081250 0.092222 8 0.004772 0.10252 0.811111 0.074961 0.155556 2 0.004627 0.348203 0.947778 0.071094 0.102222 2 0.004467 0.73 0.350833 0.020000 0.045000 12 0.004433 0.011504 0.092778 0.022617 0.146667 1 0.004433 0.61875 0.552778 0.020000 0.056667 3 0.00404 0.627813 0.330556 0.018750 0.037778 3 0.00404 0.613438 0.385 0.030625 0.061111 3 0.00396 0.191406 0.894444 0.059063 0.120000 9 0.003914 0.100859 0.813333 0.072031 0.155556 0 0.003736 0.98875 0.653333 0.022500 0.095556 2 0.003565 0.991875 0.831111 0.016250 0.123333 3 0.003376 0.009131 0.260278 0.018066 0.043333 0 0.003376 0.160156 0.807778 0.030938 0.078889 0 0.003351 0.995 0.867222 0.010000 0.103333 0 0.003248 0.320703 0.780556 0.039844 0.086667 1 0.003063 0.35875 0.403889 0.017500 0.042222 10 0.003052 0.436875 0.463889 0.062500 0.101111 0 0.002981 0.122344 0.554444 0.159062 0.196667 10 0.002867 0.50125 0.344722 0.078125 0.091111 0 0.002632 0.989062 0.831111 0.021875 0.135556 3 0.002253 0.69 0.448611 0.030000 0.042778 2 0.002199 0.98875 0.665 0.022500 0.120000 7 0.002199 0.23625 0.802222 0.075000 0.144444 3 0.002157 0.053984 0.242639 0.024531 0.030278 1 0.00215 0.526875 0.431667 0.015000 0.045556 1 0.0021 0.8175 0.472222 0.037500 0.082222 3 0.002075 0.98875 0.647778 0.022500 0.086667 0 0.002058 0.995625 0.938333 0.008750 0.098889 10 0.002003 0.022148 0.618333 0.044062 0.195556 3 0.001824 0.305312 0.494167 0.038125 0.065000 1 0.001796 0.153438 0.958889 0.039062 0.075556 10 0.001714 0.012471 0.706667 0.024902 0.186667 5 0.001675 0.821875 0.814444 0.080000 0.152222 1 0.001668 0.125156 0.903889 0.044687 0.090000 4 0.001574 0.349453 0.94 0.073594 0.117778 0 0.001507 0.314375 0.77 0.043750 0.077778 3 0.00149 0.646094 0.506944 0.052812 0.086111 10 0.001455 0.663125 0.297222 0.038750 0.083333 2 0.001427 0.849375 0.578889 0.035000 0.075556 0 0.001394 0.280625 0.777778 0.041875 0.097778 10 0.001294 0.64625 0.514444 0.057500 0.116667 3 0.001245 0.785 0.533333 0.038750 0.090000 12 0.001225 0.015937 0.105 0.031875 0.177222 2 0.001225 0.592188 0.441111 0.020625 0.053333 8 0.001225 0.340625 0.876111 0.113750 0.216667 7 0.001216 0.3 0.500278 0.033125 0.070000 2 0.001174 0.3925 0.525833 0.036250 0.069444 10 0.001151 0.024512 0.665556 0.049023 0.271111 0 0.001143 0.25 0.932222 0.051875 0.110000 12 0.001134 0.336953 0.999444 0.108594 0.001111 0 0.001129 0.349453 0.944444 0.073594 0.108889 11 0.001124 0.438125 0.467778 0.060625 0.097222 3 0.001107 0.6425 0.354444 0.016250 0.035556 3 0.001095 0.269375 0.958333 0.069375 0.081111 0 0.00106 0.890625 0.585556 0.046250 0.108889 3 0.001057 0.21625 0.947778 0.040000 0.095556 12 0.001048 0.009561 0.072014 0.018809 0.109861 1 0.001048 0.995313 0.942778 0.009375 0.087778 0 0.001044 0.643125 0.575556 0.027500 0.062222 1 0.001028 0.73 0.772778 0.035000 0.063333 10 0.00102 0.115859 0.555556 0.143281 0.185556
CCTV01^20260318-110000-20260318-120000_000725,3 0.873047 0.243438 0.746667 0.083125 0.117778 3 0.868164 0.523125 0.872778 0.072500 0.195556 3 0.850098 0.71375 0.87 0.070000 0.164444 3 0.849121 0.68625 0.650556 0.052500 0.098889 10 0.836426 0.334063 0.472778 0.147500 0.163333 10 0.79834 0.625 0.318333 0.036250 0.099444 3 0.794434 0.743125 0.673333 0.061250 0.111111 3 0.785156 0.315937 0.671111 0.062500 0.094444 10 0.78125 0.234063 0.609861 0.185625 0.249167 3 0.763672 0.257656 0.921111 0.081562 0.153333 2 0.743164 0.703125 0.729445 0.051250 0.110000 10 0.73877 0.42875 0.406111 0.098750 0.132222 0 0.730957 0.303594 0.784445 0.046562 0.097778 3 0.720215 0.7325 0.583889 0.045000 0.084444 2 0.704102 0.653125 0.56 0.035000 0.080000 3 0.694336 0.7325 0.508889 0.042500 0.086667 3 0.692871 0.356563 0.592222 0.073125 0.081111 10 0.672363 0.67625 0.352222 0.050000 0.121111 0 0.672363 0.924375 0.698889 0.042500 0.100000 3 0.640625 0.186602 0.893889 0.088047 0.143333 4 0.584961 0.78375 0.646667 0.055000 0.108889 0 0.537109 0.78875 0.520556 0.025000 0.070000 1 0.537109 0.24875 0.81 0.028750 0.082222 10 0.519531 0.065312 0.833333 0.130625 0.333333 0 0.498047 0.164336 0.775556 0.036328 0.080000 2 0.457031 0.865625 0.543889 0.033750 0.080000 10 0.397949 0.042813 0.711111 0.085625 0.268889 5 0.388672 0.69125 0.514167 0.057500 0.100556 0 0.386719 0.791875 0.74 0.037500 0.080000 0 0.38501 0.8075 0.494444 0.021250 0.063333 0 0.38501 0.76125 0.800556 0.038750 0.131111 2 0.352295 0.885 0.528611 0.035000 0.067222 3 0.221313 0.4525 0.444722 0.042500 0.046111 6 0.219971 0.88 0.839445 0.175000 0.321111 0 0.200562 0.97125 0.911111 0.057500 0.140000 3 0.199951 0.4225 0.494722 0.047500 0.055000 0 0.166138 0.98625 0.826667 0.027500 0.075556 0 0.160278 0.400625 0.528333 0.022500 0.053333 1 0.140381 0.99125 0.714445 0.017500 0.071111 3 0.127686 0.490625 0.419444 0.035000 0.044444 10 0.085693 0.885 0.839167 0.175000 0.321667 3 0.080383 0.478125 0.455833 0.046250 0.050556 1 0.070557 0.94 0.843333 0.031250 0.093333 2 0.067566 0.479375 0.455 0.045000 0.052222 2 0.054596 0.52 0.395556 0.021250 0.048333 0 0.053406 0.83625 0.462222 0.025000 0.060000 0 0.051849 0.7525 0.4 0.020000 0.048889 1 0.045349 0.98625 0.824444 0.027500 0.071111 0 0.041931 0.7725 0.419722 0.020000 0.054444 1 0.040527 0.37375 0.967778 0.038750 0.061111 0 0.026962 0.373437 0.961111 0.038125 0.073333 2 0.024994 0.330938 0.544444 0.026875 0.064444 9 0.022369 0.98 0.593333 0.040000 0.108889 2 0.019119 0.7175 0.318333 0.017500 0.038889 0 0.0159 0.79125 0.412778 0.022500 0.050000 3 0.015076 0.493437 0.398889 0.030625 0.054444 3 0.014114 0.460313 0.485 0.054375 0.051111 3 0.011551 0.981875 0.594444 0.036250 0.107778 0 0.011375 0.201406 0.734444 0.030313 0.070000 0 0.010986 0.995 0.75 0.010000 0.124444 0 0.010818 0.993125 0.711111 0.013750 0.074444 3 0.008644 0.485 0.4375 0.040625 0.030000 1 0.008514 0.971875 0.923333 0.056250 0.113333 0 0.006744 0.984375 0.88 0.031250 0.137778 3 0.006565 0.99 0.711667 0.020000 0.078889 3 0.005489 0.64875 0.318333 0.012500 0.042222 0 0.005447 0.40875 0.512222 0.032500 0.047778 0 0.004829 0.995 0.805 0.010000 0.107778 0 0.004719 0.077344 0.624444 0.023438 0.051111 2 0.004467 0.135859 0.525 0.041406 0.078889 0 0.004215 0.77 0.428611 0.020000 0.052778 2 0.0042 0.979375 0.594444 0.041250 0.117778 0 0.004101 0.97875 0.878333 0.042500 0.098889 10 0.00375 0.020234 0.616667 0.040469 0.193333 10 0.003635 0.991875 0.531667 0.016250 0.144444 0 0.003538 0.73625 0.358333 0.017500 0.041111 3 0.003416 0.603125 0.145139 0.011250 0.018889 12 0.003197 0.961875 0.997222 0.076250 0.005556 4 0.00297 0.98 0.594444 0.040000 0.102222 3 0.002747 0.6025 0.138611 0.010000 0.016111 2 0.002705 0.511875 0.348333 0.020000 0.045556 1 0.002693 0.984688 0.71 0.030625 0.084444 1 0.002165 0.7625 0.461667 0.018750 0.050000 3 0.00215 0.995 0.695 0.010000 0.096667 0 0.00205 0.196094 0.488333 0.017500 0.063333 0 0.00205 0.39875 0.922222 0.040000 0.102222 5 0.001912 0.143906 0.136111 0.038125 0.083056 3 0.001782 0.014053 0.372778 0.027441 0.073333 1 0.001775 0.703125 0.73 0.052500 0.113333 6 0.001741 0.98375 0.606667 0.032500 0.165556 1 0.001525 0.197188 0.495556 0.020000 0.061667 3 0.001467 0.054375 0.242361 0.025938 0.033611 0 0.001427 0.81375 0.402222 0.020000 0.050000 3 0.001399 0.544688 0.171944 0.012500 0.016667 3 0.001285 0.44625 0.440556 0.061250 0.052222 4 0.001269 0.69125 0.513889 0.056250 0.100000 6 0.001269 0.99 0.56 0.020000 0.172222 5 0.001235 0.139609 0.152222 0.028281 0.051667 10 0.001221 0.98375 0.617778 0.032500 0.194444 10 0.001197 0.98875 0.592222 0.022500 0.173333 1 0.001184 0.75875 0.83 0.035000 0.088889 1 0.001179 0.90375 0.758889 0.022500 0.057778 0 0.001138 0.398125 0.513889 0.032500 0.052222 3 0.001078 0.98875 0.692778 0.020000 0.103333 3 0.001032 0.648125 0.29 0.016250 0.047778
CCTV01^20260318-110000-20260318-120000_000729,10 0.88623 0.632812 0.368056 0.055625 0.123889 3 0.876465 0.5225 0.873333 0.073750 0.195556 3 0.872559 0.190156 0.778889 0.072812 0.123333 3 0.852051 0.284219 0.805556 0.066562 0.117778 10 0.836426 0.079297 0.805556 0.158594 0.388889 3 0.827637 0.7375 0.918333 0.080000 0.163333 3 0.816406 0.277187 0.926667 0.076250 0.146667 10 0.81543 0.269531 0.579861 0.189063 0.238056 2 0.795898 0.7 0.791111 0.047500 0.115556 3 0.790527 0.267656 0.706667 0.073438 0.103333 3 0.782715 0.9125 0.841111 0.100000 0.162222 10 0.773438 0.385 0.437778 0.121250 0.160000 3 0.771973 0.835 0.910556 0.102500 0.167778 3 0.751953 0.149297 0.93 0.090156 0.137778 3 0.750488 0.345 0.621111 0.066875 0.076667 0 0.737305 0.705 0.635556 0.031250 0.093333 10 0.729492 0.68625 0.377778 0.055000 0.137778 2 0.725098 0.883125 0.704444 0.055000 0.100000 2 0.665527 0.227344 0.82 0.050000 0.113333 10 0.658203 0.469375 0.37 0.083750 0.110556 3 0.633301 0.821875 0.686667 0.085000 0.142222 3 0.556641 0.393125 0.560556 0.048750 0.061111 5 0.550781 0.75875 0.678889 0.075000 0.155556 4 0.494141 0.82 0.778889 0.057500 0.114444 3 0.434082 0.465625 0.435556 0.037500 0.049444 2 0.422607 0.98125 0.676667 0.037500 0.091111 0 0.317383 0.8525 0.626667 0.025000 0.077778 3 0.299072 0.227813 0.820556 0.050000 0.114444 5 0.29248 0.49375 0.458333 0.043750 0.071667 0 0.29248 0.939375 0.626667 0.036250 0.081111 1 0.258301 0.96375 0.742222 0.040000 0.077778 0 0.253906 0.8075 0.51 0.027500 0.062222 3 0.209473 0.493437 0.458333 0.043125 0.071111 0 0.192505 0.990625 0.846111 0.018750 0.077778 0 0.187744 0.321172 0.712222 0.038906 0.098889 3 0.172119 0.989375 0.79 0.021250 0.131111 3 0.157104 0.515625 0.3825 0.035625 0.042222 8 0.155029 0.122266 0.543472 0.077969 0.101944 0 0.139404 0.87875 0.611111 0.035000 0.073333 0 0.118774 0.96375 0.741111 0.038750 0.076667 9 0.102661 0.057266 0.662361 0.114531 0.279722 0 0.100891 0.86375 0.521667 0.035000 0.064444 1 0.089783 0.720625 0.449444 0.022500 0.046667 1 0.080627 0.725 0.446389 0.017500 0.048889 1 0.070557 0.433437 0.468611 0.028125 0.052778 4 0.054993 0.736875 0.359444 0.026250 0.046667 10 0.05127 0.06 0.67 0.119844 0.288889 1 0.050903 0.71625 0.493333 0.023750 0.057778 3 0.047607 0.501563 0.415833 0.034375 0.046667 0 0.046021 0.990625 0.777778 0.018750 0.103333 2 0.038177 0.853125 0.626667 0.026250 0.078889 3 0.033325 0.45375 0.497778 0.057500 0.038889 3 0.029419 0.535 0.354444 0.021250 0.037778 0 0.025375 0.7725 0.421111 0.022500 0.051111 0 0.020248 0.87625 0.591111 0.037500 0.080000 3 0.018265 0.98 0.587778 0.040000 0.111111 0 0.018051 0.43375 0.464444 0.028125 0.054444 0 0.011871 0.611563 0.417222 0.021250 0.052222 1 0.01107 0.345625 0.567778 0.023750 0.042222 0 0.007065 0.871875 0.571111 0.030000 0.062222 3 0.006985 0.009277 0.260833 0.017871 0.036667 0 0.005642 0.60625 0.415 0.018750 0.051667 2 0.005219 0.99 0.672222 0.020000 0.113333 3 0.004627 0.212344 0.936667 0.045938 0.115556 1 0.00433 0.8075 0.513333 0.032500 0.074444 0 0.004299 0.249375 0.508056 0.025000 0.051667 0 0.003929 0.19875 0.487222 0.024375 0.056667 2 0.003593 0.58125 0.386667 0.021875 0.053333 4 0.003496 0.75875 0.678333 0.075000 0.154444 3 0.003469 0.475313 0.444167 0.050625 0.057778 0 0.003376 0.624375 0.418333 0.021250 0.051111 1 0.003363 0.48375 0.288333 0.013750 0.031111 6 0.003325 0.99 0.826667 0.020000 0.230000 0 0.002935 0.210781 0.918889 0.040000 0.120000 0 0.002632 0.153594 0.750556 0.025312 0.076667 3 0.002632 0.38125 0.942778 0.066250 0.108889 4 0.00259 0.320625 0.708889 0.041250 0.102222 0 0.002493 0.85 0.633333 0.037500 0.072222 0 0.002405 0.435313 0.4525 0.025625 0.049444 1 0.002296 0.183438 0.970556 0.037500 0.058889 2 0.002234 0.995 0.741667 0.010000 0.093333 0 0.002132 0.7625 0.386667 0.022500 0.046667 1 0.002132 0.73 0.443333 0.020000 0.049444 0 0.002075 0.246563 0.515556 0.033125 0.055556 6 0.00205 0.98 0.58 0.040000 0.135556 1 0.002035 0.47375 0.415 0.033125 0.057778 3 0.002028 0.053594 0.240972 0.025469 0.030833 10 0.001987 0.029102 0.610556 0.058047 0.207778 12 0.001987 0.429375 0.999444 0.128750 0.001111 10 0.001912 0.979375 0.582222 0.041250 0.123333 9 0.001897 0.99 0.813889 0.020000 0.216667 1 0.001889 0.249219 0.506667 0.025000 0.050000 10 0.001867 0.99 0.835556 0.020000 0.260000 3 0.001853 0.58125 0.385833 0.022500 0.052778 4 0.001839 0.984375 0.594306 0.031250 0.120278 0 0.001782 0.606875 0.429722 0.020000 0.059444 2 0.001768 0.498125 0.411111 0.038750 0.045000 1 0.001748 0.335625 0.668889 0.020000 0.051111 2 0.001714 0.7525 0.306944 0.016250 0.033889 12 0.0017 0.363438 0.947778 0.107500 0.104444 3 0.001642 0.487813 0.425556 0.053125 0.043333 3 0.001561 0.36625 0.941667 0.105000 0.116667 3 0.001525 0.665 0.279444 0.021250 0.042222 0 0.001455 0.76 0.379444 0.020000 0.048889 0 0.001455 0.80875 0.510556 0.045000 0.072222 5 0.001389 0.142344 0.14125 0.034531 0.070278 3 0.001383 0.124531 0.577778 0.050313 0.080000 1 0.001294 0.155156 0.747778 0.023125 0.064444 10 0.001274 0.9925 0.553889 0.015000 0.155556 4 0.001161 0.211875 0.925556 0.044375 0.128889 6 0.001065 0.985 0.590556 0.030000 0.190000 0 0.00102 0.984063 0.837778 0.031875 0.108889
CCTV01^20260318-110000-20260318-120000_000733,3 0.863281 0.52375 0.873333 0.072500 0.195556 10 0.86084 0.73625 0.542222 0.146250 0.217778 10 0.85791 0.28875 0.497778 0.149375 0.182222 3 0.849121 0.313438 0.686667 0.060000 0.075556 3 0.841797 0.274062 0.627778 0.077188 0.091111 10 0.841797 0.071328 0.625417 0.142031 0.251389 2 0.84082 0.351562 0.92 0.065625 0.128889 3 0.824219 0.240313 0.917778 0.071250 0.153333 10 0.800781 0.451875 0.409167 0.091250 0.138333 3 0.786621 0.176563 0.844444 0.094375 0.160000 3 0.782715 0.3975 0.502222 0.056250 0.062778 0 0.769043 0.71125 0.795556 0.037500 0.117778 3 0.766113 0.214062 0.641667 0.072500 0.090000 2 0.760742 0.33 0.753333 0.057500 0.104444 2 0.746094 0.72125 0.927778 0.052500 0.128889 2 0.743164 0.151094 0.698889 0.044375 0.097778 3 0.695801 0.9225 0.92 0.085000 0.160000 4 0.694336 0.778125 0.694444 0.066250 0.102222 3 0.682617 0.351875 0.607778 0.066250 0.080000 0 0.622559 0.98 0.84 0.040000 0.124444 4 0.622559 0.79625 0.918889 0.072500 0.156667 5 0.607422 0.82125 0.812778 0.110000 0.192222 0 0.604004 0.215 0.705 0.040937 0.102222 10 0.565918 0.71625 0.425278 0.087500 0.143889 0 0.537109 0.356563 0.838333 0.042500 0.083333 7 0.424316 0.29375 0.788889 0.062500 0.137778 3 0.363037 0.492812 0.440278 0.037500 0.050556 3 0.345215 0.46625 0.477222 0.056250 0.056667 0 0.297363 0.645 0.878889 0.031250 0.102222 0 0.286133 0.85 0.535 0.028750 0.067778 0 0.228149 0.9875 0.697222 0.025000 0.103333 3 0.217285 0.66625 0.406111 0.030000 0.054444 0 0.210815 0.305625 0.548889 0.030625 0.058889 12 0.200562 0.293438 0.788889 0.064375 0.140000 2 0.199341 0.376563 0.457778 0.025000 0.052222 0 0.175537 0.88875 0.591667 0.038750 0.082222 3 0.165649 0.516875 0.395556 0.031250 0.043333 0 0.156128 0.824375 0.517778 0.025000 0.064444 0 0.156128 0.90625 0.677222 0.040000 0.076667 3 0.122925 0.105234 0.970556 0.082500 0.058889 1 0.101562 0.4025 0.548333 0.025000 0.054444 2 0.097412 0.77 0.4425 0.022500 0.052222 10 0.063232 0.633125 0.440833 0.047500 0.188889 1 0.049957 0.92 0.687778 0.030000 0.077778 9 0.045013 0.633125 0.478333 0.046250 0.110000 1 0.035675 0.52125 0.424722 0.015625 0.041667 10 0.0354 0.479375 0.341667 0.075000 0.097778 0 0.023697 0.014102 0.892222 0.028086 0.121111 3 0.02298 0.9875 0.592222 0.025000 0.123333 1 0.021866 0.904375 0.676667 0.031250 0.075556 1 0.020248 0.3025 0.632778 0.026250 0.062222 3 0.017853 0.82125 0.812222 0.110000 0.193333 3 0.017441 0.639375 0.325556 0.026250 0.037778 2 0.01622 0.4675 0.478056 0.051875 0.056667 3 0.012527 0.67 0.340556 0.020000 0.040000 10 0.011871 0.633125 0.477222 0.045000 0.112778 11 0.009743 0.628125 0.388889 0.038750 0.081111 0 0.00956 0.170938 0.552778 0.026250 0.045556 0 0.009453 0.9925 0.687778 0.015000 0.108889 1 0.009232 0.7425 0.381667 0.015000 0.038889 3 0.008286 0.99 0.686667 0.020000 0.108889 1 0.007175 0.389688 0.431667 0.022500 0.045556 2 0.006123 0.60625 0.363333 0.015000 0.041111 3 0.005913 0.309688 0.378333 0.050625 0.042222 3 0.005642 0.008979 0.260556 0.017158 0.038333 10 0.0056 0.97875 0.587639 0.042500 0.129167 4 0.005001 0.647656 0.356667 0.022188 0.056667 5 0.004906 0.143984 0.138021 0.033594 0.077292 1 0.004906 0.048193 0.756667 0.026426 0.080000 3 0.004868 0.6075 0.362778 0.016250 0.042222 3 0.004299 0.925 0.566667 0.025000 0.074444 2 0.004005 0.991875 0.607222 0.016250 0.094444 2 0.003796 0.8875 0.593333 0.040000 0.080000 3 0.003651 0.318906 0.372778 0.044688 0.041111 10 0.003483 0.029414 0.611111 0.058594 0.282222 3 0.003351 0.418437 0.272222 0.020625 0.026667 3 0.003052 0.648594 0.360556 0.020313 0.051111 11 0.002913 0.63375 0.479444 0.043750 0.105556 10 0.002913 0.99375 0.533889 0.012500 0.154444 3 0.002823 0.32 0.385833 0.035625 0.042778 0 0.0028 0.993125 0.63 0.013750 0.064444 4 0.002653 0.540625 0.350556 0.022500 0.047778 1 0.00259 0.80125 0.498889 0.022500 0.068889 3 0.002415 0.98625 0.8 0.027500 0.068889 0 0.002306 0.00416 0.773889 0.008320 0.117778 1 0.002182 0.59375 0.434167 0.013750 0.057222 3 0.002182 0.99125 0.62 0.017500 0.066667 3 0.002182 0.004785 0.787778 0.009512 0.111111 10 0.002075 0.02127 0.622222 0.042461 0.228889 3 0.00205 0.995 0.788889 0.010000 0.086667 3 0.00201 0.979375 0.588889 0.041250 0.130000 0 0.001714 0.38875 0.431389 0.021875 0.046667 3 0.001694 0.616875 0.154722 0.008750 0.020000 3 0.001611 0.053594 0.241389 0.024531 0.028889 3 0.001536 0.644375 0.328889 0.025000 0.037778 10 0.001513 0.540938 0.291111 0.045625 0.085556 0 0.001507 0.995 0.779444 0.010000 0.081111 0 0.001501 0.82375 0.477778 0.022500 0.047778 6 0.00149 0.9775 0.585556 0.045000 0.140000 3 0.00145 0.014766 0.911667 0.029531 0.176667 1 0.001427 0.5375 0.428889 0.019375 0.047222 0 0.001399 0.115938 0.806111 0.031250 0.096667 4 0.001367 0.981875 0.865 0.036250 0.196667 3 0.001315 0.66875 0.305556 0.020000 0.033889 3 0.001255 0.513125 0.383889 0.025625 0.047778 3 0.001249 0.6625 0.285556 0.017500 0.040000 4 0.001169 0.64625 0.34 0.022500 0.040000 3 0.001124 0.07707 0.957222 0.143984 0.085556 3 0.001099 0.330625 0.355556 0.026250 0.034444 0 0.001048 0.855 0.552222 0.027500 0.065556 1 0.001048 0.215313 0.688333 0.043750 0.082222 11 0.001024 0.98625 0.854445 0.027500 0.251111
CCTV01^20260318-110000-20260318-120000_000737,11 0.875 0.745 0.642222 0.122500 0.215556 3 0.85498 0.52375 0.873333 0.072500 0.193333 3 0.853027 0.310937 0.835556 0.080625 0.140000 10 0.836426 0.9 0.8 0.191250 0.397778 10 0.794434 0.410625 0.4 0.113125 0.140000 3 0.794434 0.277813 0.633333 0.075000 0.097778 3 0.791992 0.292969 0.713333 0.070312 0.108889 10 0.740234 0.79 0.553333 0.127500 0.235556 3 0.723145 0.655 0.606111 0.056250 0.094444 4 0.720215 0.193438 0.737778 0.071875 0.151111 10 0.704102 0.079531 0.816667 0.159063 0.337778 3 0.689453 0.082168 0.94 0.090039 0.120000 5 0.663574 0.234375 0.798889 0.074375 0.155556 3 0.625977 0.484375 0.448889 0.041250 0.060000 4 0.600098 0.63375 0.511667 0.040000 0.073333 10 0.550781 0.0775 0.583333 0.148438 0.203333 3 0.519531 0.36125 0.544583 0.062500 0.077500 2 0.460938 0.338125 0.632778 0.042500 0.085556 0 0.460938 0.148438 0.909445 0.044062 0.102222 3 0.457031 0.391875 0.474722 0.050000 0.056667 0 0.451416 0.70125 0.853333 0.030000 0.106667 0 0.44751 0.220625 0.895556 0.051250 0.104444 3 0.439697 0.463438 0.422778 0.037500 0.046667 0 0.435791 0.286875 0.486111 0.023750 0.060000 0 0.422607 0.215313 0.54875 0.030000 0.069167 3 0.420654 0.4375 0.452778 0.041250 0.047778 3 0.373779 0.463438 0.487778 0.048750 0.043333 3 0.363037 0.51 0.407778 0.032500 0.048889 3 0.361084 0.64 0.467222 0.043750 0.062222 11 0.334473 0.75875 0.821667 0.092500 0.230000 0 0.310791 0.186875 0.85 0.028750 0.082222 1 0.275146 0.258437 0.567778 0.024375 0.052222 7 0.270508 0.321953 0.456944 0.037344 0.070000 2 0.252441 0.41375 0.489722 0.037500 0.056667 0 0.243652 0.224375 0.618889 0.030938 0.066667 9 0.241455 0.760625 0.821111 0.098750 0.224444 3 0.201782 0.718125 0.495833 0.033750 0.070000 10 0.199951 0.634375 0.290625 0.030000 0.082083 0 0.176147 0.279531 0.924444 0.046563 0.095556 1 0.174927 0.225 0.617222 0.031875 0.065556 4 0.167725 0.790625 0.451111 0.031250 0.054444 0 0.167725 0.984375 0.745 0.031250 0.087778 1 0.16394 0.345625 0.773333 0.031250 0.074444 0 0.156616 0.141563 0.807222 0.036875 0.096667 3 0.151489 0.69125 0.426667 0.030000 0.057222 0 0.137573 0.345937 0.773333 0.032500 0.071111 1 0.12854 0.187813 0.848889 0.030938 0.084445 11 0.125122 0.321953 0.457222 0.037344 0.070000 1 0.119995 0.69375 0.475556 0.020000 0.055556 3 0.119202 0.98875 0.661111 0.022500 0.091111 3 0.115173 0.661875 0.334722 0.018750 0.035000 9 0.108582 0.193906 0.741111 0.073125 0.140000 2 0.09668 0.4375 0.453056 0.041875 0.052778 0 0.081787 0.89375 0.623333 0.035000 0.077778 10 0.072632 0.660625 0.260833 0.030000 0.082222 0 0.063477 0.991562 0.821667 0.016875 0.080000 0 0.049957 0.291406 0.934445 0.067188 0.113333 11 0.046021 0.193594 0.747778 0.072812 0.131111 3 0.042572 0.6775 0.3625 0.026250 0.052778 0 0.041779 0.263125 0.445 0.020625 0.051111 3 0.040985 0.403125 0.543889 0.037500 0.062222 1 0.037048 0.990313 0.842222 0.019375 0.117778 0 0.032104 0.99 0.842222 0.020000 0.115556 10 0.025177 0.050078 0.715 0.100156 0.264444 3 0.024338 0.185977 0.976667 0.062422 0.046667 0 0.02298 0.89125 0.571667 0.032500 0.083333 3 0.022293 0.50375 0.401667 0.030625 0.047778 10 0.01297 0.609375 0.376389 0.031875 0.075556 0 0.012291 0.69375 0.474444 0.021250 0.054444 2 0.01017 0.469375 0.383333 0.021250 0.034444 0 0.007843 0.490938 0.390833 0.023125 0.046111 2 0.006824 0.33 0.400556 0.021875 0.047778 3 0.00629 0.4875 0.436667 0.045000 0.062222 1 0.00573 0.171523 0.552222 0.028203 0.053333 4 0.005707 0.296563 0.941667 0.056875 0.111111 1 0.005642 0.990313 0.815556 0.019375 0.077778 0 0.005386 0.170664 0.55 0.028672 0.055556 10 0.005062 0.020039 0.662778 0.040078 0.287778 9 0.004829 0.325078 0.351667 0.028594 0.063333 0 0.004467 0.329922 0.400278 0.021406 0.048333 3 0.004383 0.375625 0.587778 0.052500 0.060000 3 0.004135 0.653125 0.398889 0.027500 0.046667 10 0.004005 0.985 0.818333 0.028750 0.362222 0 0.003855 0.9925 0.865556 0.015000 0.102222 3 0.003736 0.195781 0.758889 0.076875 0.116667 3 0.003664 0.60125 0.105833 0.011250 0.018056 0 0.003622 0.19875 0.487222 0.022500 0.053333 10 0.003593 0.985 0.637778 0.030000 0.170000 2 0.003538 0.323125 0.459167 0.036875 0.075000 2 0.003496 0.710625 0.273333 0.013750 0.031111 2 0.003363 0.65375 0.398333 0.027500 0.046667 1 0.003004 0.185 0.826667 0.027500 0.075556 0 0.002672 0.89125 0.602778 0.040000 0.078889 1 0.00259 0.1825 0.815 0.024375 0.056667 4 0.00255 0.6375 0.486667 0.045000 0.101111 1 0.00255 0.260625 0.567778 0.036875 0.060000 10 0.002512 0.022734 0.606528 0.045469 0.249167 3 0.002462 0.053672 0.242222 0.026094 0.032222 10 0.001942 0.988125 0.674444 0.023750 0.264444 0 0.001926 0.28125 0.412222 0.018125 0.043333 3 0.001796 0.014668 0.637222 0.028633 0.138889 5 0.001755 0.143438 0.138889 0.030938 0.076111 3 0.001755 0.98125 0.619444 0.027500 0.064444 3 0.001727 0.605625 0.120278 0.010625 0.012778 3 0.001714 0.617813 0.333056 0.018750 0.043333 3 0.001642 0.65125 0.367778 0.026250 0.043333 3 0.001585 0.633125 0.406944 0.026250 0.063889 3 0.001536 0.40625 0.485278 0.050000 0.060000 0 0.001525 0.7025 0.395 0.017500 0.036667 3 0.001519 0.605937 0.150833 0.013125 0.021111 0 0.001501 0.95125 0.62 0.027500 0.068889 2 0.00149 0.73 0.331667 0.017500 0.042222 4 0.00149 0.633438 0.402222 0.026875 0.063333 10 0.001444 0.01832 0.612361 0.036641 0.181944 0 0.001421 0.186563 0.706667 0.050000 0.097778 3 0.001351 0.009326 0.261944 0.017832 0.037778 0 0.001335 0.175313 0.493333 0.025625 0.050000 10 0.001211 0.74375 0.26 0.042500 0.077222 1 0.001078 0.108203 0.632778 0.032500 0.057778 3 0.001078 0.98125 0.924444 0.037500 0.142222 3 0.001057 0.994375 0.901111 0.011250 0.157778
CCTV01^20260318-110000-20260318-120000_000741,4 0.89502 0.6975 0.742222 0.057500 0.137778 4 0.879883 0.671875 0.586528 0.061250 0.113611 3 0.86084 0.523125 0.873333 0.072500 0.197778 3 0.849121 0.200469 0.726667 0.086563 0.113333 10 0.842773 0.21875 0.531667 0.154688 0.212222 3 0.830078 0.306563 0.81 0.071250 0.133333 3 0.818848 0.77 0.796667 0.070000 0.142222 3 0.818848 0.385625 0.906111 0.108125 0.167778 2 0.774414 0.229687 0.78 0.047500 0.108889 10 0.774414 0.805 0.594583 0.137500 0.270833 3 0.770508 0.068672 0.869444 0.117656 0.165556 3 0.760742 0.750625 0.672222 0.058750 0.104445 3 0.740234 0.263438 0.616667 0.063750 0.080000 3 0.740234 0.301094 0.936667 0.076563 0.126667 3 0.672363 0.104141 0.946945 0.082656 0.106111 3 0.668945 0.187813 0.945 0.072500 0.110000 10 0.663574 0.077578 0.59 0.143438 0.224444 10 0.660156 0.356172 0.450278 0.097656 0.135000 10 0.660156 0.47625 0.356111 0.102500 0.112222 10 0.598145 0.664375 0.355278 0.053750 0.111667 2 0.548828 0.69625 0.465 0.045000 0.067778 5 0.537109 0.284844 0.676667 0.082188 0.128889 2 0.462891 0.2 0.638889 0.049375 0.076667 0 0.435791 0.162031 0.841111 0.065312 0.120000 3 0.432129 0.475 0.474722 0.047500 0.057778 10 0.413086 0.905625 0.819444 0.188750 0.361111 1 0.383057 0.328672 0.6 0.022656 0.066667 3 0.373779 0.696875 0.948333 0.073750 0.103333 2 0.307373 0.416875 0.501944 0.037500 0.065000 10 0.305664 0.614375 0.476944 0.046250 0.101667 3 0.303955 0.463125 0.413611 0.045000 0.043889 0 0.300781 0.096641 0.762222 0.047969 0.077778 3 0.291016 0.59625 0.418889 0.040000 0.060000 2 0.279785 0.85625 0.526667 0.042500 0.075556 2 0.23938 0.447813 0.4525 0.048125 0.058333 3 0.233765 0.619687 0.372778 0.025625 0.052222 4 0.187134 0.963125 0.667778 0.052500 0.097778 0 0.17334 0.044063 0.732222 0.063125 0.101111 2 0.165649 0.475 0.474444 0.047500 0.057778 4 0.148071 0.49625 0.425556 0.035000 0.052222 1 0.143188 0.37375 0.514444 0.026250 0.062222 9 0.138916 0.129922 0.665556 0.085156 0.121111 3 0.112793 0.384375 0.58 0.056875 0.075556 12 0.110474 0.128984 0.664445 0.085469 0.122222 0 0.110474 0.154688 0.685556 0.051250 0.093333 9 0.084167 0.98125 0.603333 0.037500 0.150000 3 0.082397 0.614688 0.478333 0.045625 0.101111 11 0.081787 0.12875 0.665556 0.082500 0.117778 3 0.075012 0.448438 0.453333 0.046875 0.060000 0 0.073669 0.9925 0.751111 0.015000 0.078889 0 0.061432 0.97875 0.757778 0.042500 0.072222 3 0.054413 0.495937 0.425 0.034375 0.053333 4 0.040985 0.019922 0.803889 0.039805 0.106667 7 0.040985 0.86125 0.911667 0.130000 0.176667 6 0.04068 0.35625 0.449722 0.095625 0.131111 1 0.028015 0.23 0.596667 0.027500 0.066667 10 0.025757 0.981875 0.6 0.036250 0.140000 4 0.022537 0.400938 0.478889 0.035625 0.066667 9 0.02002 0.323125 0.351667 0.031250 0.064444 10 0.019943 0.012441 0.684444 0.024883 0.321111 0 0.019791 0.96375 0.667778 0.050000 0.097778 3 0.018829 0.995 0.820556 0.010000 0.168889 10 0.016403 0.97625 0.634306 0.047500 0.249167 1 0.015717 0.367188 0.512222 0.031250 0.051111 5 0.014008 0.010137 0.645556 0.020273 0.115556 0 0.013588 0.873125 0.481111 0.023750 0.055000 10 0.010902 0.009697 0.648889 0.019355 0.114444 3 0.010529 0.420938 0.439444 0.038125 0.048333 8 0.010292 0.86 0.909445 0.142500 0.181111 10 0.009743 0.01582 0.634444 0.031641 0.277778 10 0.009712 0.023184 0.600972 0.046289 0.240278 3 0.009483 0.995 0.728889 0.010000 0.114444 7 0.009232 0.7375 0.350278 0.027500 0.057222 10 0.009087 0.04001 0.577222 0.079980 0.263333 3 0.009056 0.020977 0.802778 0.041797 0.098889 1 0.00885 0.020098 0.805556 0.040195 0.093333 7 0.008545 0.614375 0.478889 0.045000 0.101111 4 0.008034 0.155156 0.686667 0.054688 0.097778 3 0.007607 0.69625 0.463333 0.042500 0.070556 3 0.007549 0.993125 0.862222 0.013750 0.174444 3 0.007122 0.69875 0.425556 0.037500 0.046667 3 0.007095 0.009038 0.260625 0.017666 0.039861 3 0.006615 0.402187 0.469167 0.031875 0.060000 9 0.006588 0.355703 0.449167 0.096094 0.130556 3 0.00605 0.76625 0.472222 0.050000 0.058333 2 0.005913 0.405625 0.486111 0.038750 0.062222 3 0.005512 0.003931 0.911667 0.007705 0.141111 11 0.005062 0.189648 0.583333 0.092578 0.118889 6 0.00428 0.98 0.584444 0.040000 0.160000 8 0.004005 0.192539 0.577222 0.101172 0.122222 0 0.003855 0.985 0.765556 0.030000 0.106667 3 0.003403 0.988125 0.859445 0.023750 0.204444 0 0.003325 0.003701 0.952778 0.007402 0.094444 3 0.003273 0.415938 0.451667 0.042500 0.053333 3 0.003004 0.995938 0.711111 0.008125 0.133333 3 0.0028 0.00395 0.776667 0.007891 0.144444 0 0.002562 0.401875 0.491944 0.036250 0.066667 5 0.002531 0.142969 0.149722 0.033438 0.052222 1 0.002531 0.33 0.598889 0.035625 0.076667 0 0.002472 0.010576 0.819444 0.020879 0.096667 3 0.002434 0.003862 0.953889 0.007686 0.092222 0 0.002058 0.86625 0.476389 0.027500 0.056667 1 0.001889 0.395 0.493611 0.029375 0.073333 10 0.001846 0.051406 0.520556 0.102656 0.365556 5 0.001796 0.143516 0.136701 0.041719 0.074931 4 0.001681 0.93625 0.511667 0.052500 0.097778 0 0.001661 0.301875 0.386389 0.018125 0.042778 3 0.001636 0.97875 0.590139 0.042500 0.130833 0 0.001567 0.855 0.466667 0.020000 0.050000 3 0.001444 0.61375 0.329444 0.030625 0.073333 3 0.00141 0.9825 0.722222 0.035000 0.137778 1 0.001356 0.225625 0.595 0.039375 0.078889 9 0.001315 0.015039 0.831111 0.030078 0.255556 0 0.001305 0.153281 0.801111 0.050625 0.077778 3 0.001099 0.061211 0.652222 0.090547 0.110000 10 0.001057 0.611563 0.322222 0.033125 0.074444 3 0.00104 0.76 0.483333 0.042500 0.063333
CCTV01^20260318-110000-20260318-120000_000745,9 0.889648 0.647344 0.463889 0.055312 0.120000 3 0.866211 0.20625 0.735556 0.080000 0.115556 3 0.865234 0.7925 0.873333 0.070000 0.160000 10 0.858887 0.8975 0.778889 0.202500 0.411111 10 0.854004 0.083906 0.581667 0.150937 0.224444 3 0.853027 0.52375 0.873333 0.071250 0.195556 10 0.851074 0.78625 0.522778 0.125000 0.210000 4 0.831055 0.243281 0.791111 0.062812 0.140000 3 0.789062 0.69875 0.723333 0.065000 0.181111 3 0.766113 0.6825 0.555417 0.048750 0.089167 10 0.764648 0.345938 0.413889 0.121250 0.133333 3 0.759277 0.309219 0.676667 0.075937 0.115556 11 0.743164 0.334922 0.871667 0.121406 0.230000 3 0.73877 0.295938 0.618889 0.072500 0.080000 3 0.73877 0.029766 0.862222 0.059531 0.124444 3 0.716797 0.037363 0.78 0.074492 0.115556 10 0.660156 0.7025 0.3975 0.062500 0.137222 3 0.638672 0.283906 0.567778 0.064062 0.086667 5 0.618652 0.130469 0.842222 0.085625 0.173333 3 0.598145 0.374687 0.564444 0.067500 0.092222 9 0.565918 0.334375 0.871667 0.120000 0.232222 3 0.513672 0.367812 0.503889 0.051875 0.065556 1 0.430176 0.195 0.66 0.036250 0.066667 3 0.359375 0.047734 0.950556 0.089688 0.098889 11 0.331055 0.281563 0.485278 0.054375 0.083333 2 0.312256 0.475625 0.474444 0.047500 0.055556 0 0.248047 0.23625 0.626667 0.038125 0.073333 3 0.245117 0.475 0.475278 0.047500 0.053333 10 0.20813 0.645 0.375 0.053750 0.110000 7 0.187134 0.295938 0.491667 0.065000 0.084444 0 0.186523 0.014668 0.929444 0.029336 0.096667 2 0.184814 0.501875 0.431667 0.036250 0.053333 3 0.14856 0.501875 0.431667 0.036875 0.053333 4 0.128906 0.324375 0.488333 0.036250 0.073333 3 0.117554 0.421562 0.418611 0.043125 0.046667 2 0.115173 0.239687 0.526667 0.035000 0.068889 4 0.106689 0.140313 0.9425 0.080000 0.115000 8 0.103027 0.283125 0.489444 0.059375 0.087778 0 0.087585 0.325703 0.904444 0.054844 0.143333 4 0.082092 0.324062 0.891111 0.091250 0.175556 3 0.078369 0.432188 0.474444 0.056875 0.078889 1 0.073975 0.188438 0.842222 0.046562 0.113333 3 0.062561 0.566875 0.468889 0.032500 0.075556 9 0.061188 0.431875 0.475556 0.056250 0.073333 3 0.05899 0.038672 0.800556 0.077188 0.198889 0 0.056244 0.350313 0.898889 0.060000 0.153333 0 0.055817 0.081426 0.813333 0.053711 0.106667 3 0.05072 0.187812 0.842222 0.046250 0.110000 3 0.038605 0.427812 0.443333 0.045000 0.038889 0 0.038025 0.3275 0.485 0.029375 0.058889 3 0.036499 0.430625 0.452222 0.053750 0.056667 12 0.03595 0.187812 0.838889 0.043750 0.115556 2 0.030334 0.463125 0.4375 0.030000 0.042778 2 0.030334 0.855 0.486389 0.027500 0.060000 0 0.029419 0.139297 0.943333 0.078281 0.108889 5 0.028015 0.431875 0.475556 0.056250 0.072222 3 0.02655 0.96375 0.930278 0.072500 0.139444 0 0.02626 0.9725 0.737778 0.055000 0.100000 0 0.02034 0.177031 0.596667 0.042500 0.075556 0 0.019058 0.23125 0.613889 0.038125 0.075556 1 0.018539 0.79375 0.97 0.047500 0.060000 0 0.0159 0.220156 0.561111 0.029687 0.067778 0 0.014229 0.339375 0.880556 0.026250 0.087778 10 0.010651 0.01748 0.632778 0.034961 0.302222 0 0.009712 0.228125 0.6 0.034375 0.062222 2 0.008347 0.891875 0.54875 0.048750 0.078056 3 0.006824 0.518438 0.383889 0.036250 0.052222 2 0.006489 0.9925 0.817778 0.015000 0.133333 4 0.006264 0.307188 0.496111 0.053125 0.078889 4 0.005936 0.567187 0.467222 0.030000 0.073333 2 0.005821 0.9875 0.818889 0.025000 0.133333 9 0.005344 0.965 0.9325 0.070000 0.135000 0 0.005219 0.248438 0.481111 0.026250 0.048889 0 0.0051 0.041865 0.706667 0.044395 0.062222 0 0.00481 0.194688 0.66 0.033750 0.064444 2 0.004166 0.994687 0.801111 0.010625 0.122222 2 0.003975 0.081953 0.815 0.053438 0.108889 9 0.003914 0.28125 0.488333 0.055000 0.085556 0 0.003885 0.224063 0.582778 0.031250 0.070000 0 0.003736 0.98375 0.705556 0.032500 0.091111 10 0.003708 0.02668 0.646111 0.051484 0.343333 4 0.003538 0.615313 0.350556 0.018125 0.055556 10 0.003403 0.654375 0.247639 0.033750 0.092500 10 0.003248 0.981875 0.594583 0.036250 0.124167 2 0.003124 0.9925 0.87 0.015000 0.126667 2 0.002672 0.97875 0.582361 0.042500 0.166389 0 0.002653 0.34875 0.463889 0.021250 0.047778 0 0.002531 0.242344 0.473333 0.034687 0.057222 0 0.002342 0.332578 0.477222 0.034844 0.059444 2 0.002323 0.515625 0.384167 0.036250 0.052778 3 0.002287 0.765 0.409167 0.030000 0.042222 0 0.002182 0.010801 0.7 0.021602 0.084444 0 0.002182 0.186875 0.835 0.043750 0.106667 10 0.00215 0.012998 0.633889 0.025918 0.106667 2 0.002132 0.97125 0.736667 0.055000 0.104444 10 0.002108 0.96625 0.923333 0.067500 0.153333 2 0.0021 0.98875 0.845 0.022500 0.085556 10 0.00209 0.9875 0.797778 0.025000 0.354444 10 0.002083 0.015 0.641667 0.029492 0.190000 4 0.002068 0.6625 0.330833 0.022500 0.055556 4 0.00205 0.74625 0.349444 0.025000 0.051111 10 0.001926 0.48125 0.357222 0.084375 0.095556 9 0.001926 0.97875 0.592222 0.042500 0.123333 3 0.001889 0.430625 0.428889 0.050000 0.042222 3 0.001831 0.053945 0.2425 0.025234 0.030556 4 0.00181 0.248125 0.48 0.026250 0.046667 3 0.001714 0.006328 0.730556 0.012324 0.114444 10 0.001636 0.624375 0.262778 0.030000 0.077222 10 0.001495 0.033516 0.566111 0.066406 0.276667 3 0.001356 0.00937 0.261389 0.017881 0.038889 0 0.001315 0.240938 0.455 0.025625 0.050000 10 0.001315 0.023594 0.612222 0.046797 0.226667 2 0.001265 0.99375 0.732222 0.012500 0.100000 0 0.00124 0.168164 0.545417 0.024297 0.060278 2 0.001169 0.138281 0.940556 0.077813 0.104444 3 0.001161 0.9825 0.9 0.035000 0.135556 12 0.001116 0.176211 0.594444 0.042578 0.075556 7 0.001099 0.280469 0.486667 0.051250 0.085556 3 0.001099 0.240313 0.516111 0.037500 0.076667 5 0.001086 0.145 0.138924 0.034063 0.079931 3 0.001048 0.901875 0.617222 0.060000 0.124444 2 0.001024 0.131016 0.84 0.082656 0.168889 0 0.001008 0.339375 0.470556 0.032500 0.050000 3 0.001008 0.9875 0.843333 0.025000 0.073333
CCTV01^20260318-110000-20260318-120000_000749,3 0.867188 0.523125 0.873333 0.072500 0.195556 3 0.864258 0.2 0.917222 0.070625 0.160000 3 0.842773 0.117168 0.793889 0.083477 0.120000 3 0.81543 0.127188 0.905556 0.110625 0.155556 10 0.806641 0.109531 0.560972 0.146563 0.222500 10 0.795898 0.77625 0.796667 0.145000 0.400000 3 0.791992 0.241406 0.771667 0.075938 0.118889 3 0.789062 0.296094 0.697222 0.059063 0.098889 10 0.757812 0.6325 0.362778 0.041250 0.115556 5 0.744629 0.325 0.778889 0.070625 0.153333 10 0.733887 0.75125 0.512222 0.082500 0.197778 3 0.730957 0.144219 0.7 0.088750 0.098889 3 0.710449 0.660625 0.534445 0.043750 0.077778 3 0.663574 0.63375 0.4525 0.036250 0.077222 3 0.644043 0.186211 0.735556 0.077578 0.128889 3 0.635254 0.384375 0.531667 0.072500 0.071111 5 0.631836 0.328203 0.534167 0.072344 0.090556 0 0.62793 0.026797 0.891667 0.053594 0.118889 10 0.616699 0.914375 0.825833 0.171250 0.348333 10 0.609375 0.388438 0.384444 0.120625 0.124444 4 0.600098 0.258125 0.620556 0.052500 0.101111 7 0.594727 0.258125 0.621111 0.052500 0.102222 10 0.584961 0.045625 0.802222 0.091250 0.317778 4 0.577637 0.268125 0.843333 0.067812 0.160000 4 0.486328 0.188281 0.735556 0.075938 0.131111 7 0.470703 0.67 0.643333 0.062500 0.124444 4 0.464844 0.669375 0.645 0.062500 0.126667 3 0.457031 0.210313 0.501667 0.036563 0.067778 7 0.407227 0.68625 0.406944 0.032500 0.063889 3 0.388672 0.345625 0.95 0.075625 0.100000 3 0.366699 0.681875 0.473333 0.033750 0.063333 3 0.345215 0.257969 0.621111 0.053437 0.102222 0 0.307373 0.216094 0.655556 0.037500 0.086667 7 0.259766 0.335625 0.461389 0.033750 0.058333 3 0.258301 0.439375 0.470556 0.045000 0.060000 10 0.225464 0.880625 0.632222 0.180000 0.253333 4 0.216064 0.34375 0.595556 0.090625 0.137778 2 0.200562 0.474375 0.480556 0.042500 0.055556 3 0.179565 0.345078 0.594444 0.094844 0.136667 12 0.168335 0.142891 0.631667 0.040469 0.073333 2 0.166626 0.49375 0.443056 0.033750 0.049444 3 0.133423 0.49375 0.442778 0.035000 0.049444 11 0.122498 0.342813 0.596528 0.090625 0.140278 9 0.108582 0.345625 0.592361 0.094375 0.141944 3 0.103394 0.3025 0.504722 0.036875 0.079444 4 0.101257 0.335703 0.463889 0.033594 0.053889 4 0.087891 0.68625 0.407778 0.032500 0.063333 0 0.083008 0.26375 0.487778 0.026875 0.065556 3 0.075562 0.566875 0.468056 0.033750 0.077778 9 0.066833 0.462813 0.429444 0.043125 0.060000 5 0.05835 0.4625 0.43 0.042500 0.058889 3 0.053589 0.462813 0.429167 0.043125 0.058333 11 0.053192 0.313438 0.445833 0.051875 0.070556 2 0.052246 0.775625 0.438611 0.025000 0.052778 1 0.048492 0.40125 0.473333 0.030625 0.055556 2 0.043213 0.441563 0.475 0.050000 0.056667 4 0.03891 0.339375 0.450556 0.034375 0.063333 2 0.03891 0.39375 0.446667 0.037500 0.062222 9 0.032715 0.880625 0.63 0.178750 0.251111 0 0.031494 0.984375 0.736667 0.031250 0.103333 1 0.025269 0.70375 0.526667 0.017500 0.060000 0 0.024704 0.142734 0.63 0.038281 0.073333 1 0.024231 0.211875 0.593333 0.033125 0.065556 3 0.023148 0.5125 0.407222 0.030000 0.051111 3 0.019424 0.43875 0.427222 0.030000 0.041111 3 0.018616 0.475 0.479444 0.046250 0.055000 0 0.016785 0.238281 0.489444 0.019375 0.060556 3 0.016342 0.39375 0.445556 0.037500 0.058889 2 0.015778 0.438125 0.426111 0.029375 0.041111 2 0.015541 0.4025 0.470278 0.028750 0.054444 2 0.015488 0.804375 0.437222 0.027500 0.056667 3 0.01445 0.4775 0.399444 0.033750 0.036667 2 0.013901 0.462813 0.429167 0.042500 0.057222 9 0.012238 0.328125 0.534167 0.073125 0.091667 0 0.011467 0.360625 0.442778 0.026875 0.053333 0 0.011292 0.240938 0.527778 0.026250 0.066667 1 0.010948 0.710625 0.451667 0.016250 0.054444 2 0.008446 0.512187 0.407222 0.030625 0.052778 0 0.008377 0.231719 0.557639 0.036250 0.060278 10 0.008125 0.024688 0.660972 0.049375 0.313611 3 0.006462 0.50375 0.427778 0.033750 0.048333 2 0.0056 0.484375 0.401111 0.023750 0.037778 1 0.00528 0.186406 0.619444 0.024688 0.065556 3 0.004398 0.009194 0.2625 0.017744 0.040000 10 0.0042 0.674375 0.351389 0.047500 0.121667 4 0.003914 0.360625 0.442778 0.026250 0.055556 3 0.003824 0.053945 0.241667 0.025078 0.030000 12 0.003622 0.096484 0.176944 0.038906 0.066389 2 0.003403 0.994063 0.67 0.011875 0.096667 4 0.003389 0.352187 0.445556 0.048125 0.073333 11 0.003248 0.30875 0.498889 0.048125 0.083333 1 0.003052 0.199375 0.609444 0.030313 0.065556 4 0.002737 0.8375 0.481111 0.050000 0.072222 10 0.002653 0.98375 0.647222 0.032500 0.240000 10 0.00259 0.035684 0.581111 0.071367 0.302222 10 0.002453 0.029531 0.726667 0.058594 0.377778 0 0.002192 0.71 0.45 0.017500 0.062222 0 0.002192 0.210938 0.578333 0.027813 0.065556 10 0.002115 0.98375 0.623333 0.032500 0.138889 1 0.001995 0.231094 0.557917 0.036250 0.061944 5 0.001949 0.68625 0.408333 0.032500 0.066667 2 0.001796 0.9925 0.705556 0.015000 0.148889 2 0.001734 0.99375 0.815 0.012500 0.156667 0 0.001467 0.21375 0.615556 0.038125 0.082222 12 0.001455 0.38625 0.999444 0.125000 0.001111 1 0.001432 0.148281 0.634444 0.033750 0.066667 12 0.001432 0.241406 0.996111 0.112188 0.007778 0 0.001378 0.9925 0.752222 0.015000 0.131111 10 0.001335 0.988437 0.723333 0.023125 0.277778 9 0.001197 0.02582 0.601667 0.051016 0.205556 0 0.001169 0.206875 0.598333 0.034375 0.070000 4 0.001161 0.229687 0.558333 0.038125 0.065556 2 0.001134 0.99 0.684444 0.020000 0.117778 3 0.001116 0.485313 0.403889 0.026250 0.043333 0 0.001107 0.245156 0.469167 0.015000 0.060000
CCTV01^20260318-110000-20260318-120000_000753,4 0.905273 0.2725 0.677778 0.055000 0.117778 3 0.878906 0.317188 0.782222 0.063125 0.113333 3 0.872559 0.266875 0.913889 0.084688 0.165556 3 0.867188 0.231094 0.795 0.080313 0.126667 3 0.865234 0.71375 0.748889 0.072500 0.164444 3 0.859863 0.13125 0.797778 0.089063 0.140000 3 0.836426 0.211406 0.654444 0.083438 0.101111 3 0.829102 0.157969 0.861111 0.085625 0.138889 3 0.827637 0.523125 0.872222 0.072500 0.197778 10 0.759277 0.139531 0.627917 0.194688 0.264167 10 0.746094 0.66625 0.478056 0.076250 0.180556 3 0.741699 0.29125 0.613889 0.070000 0.080000 10 0.726562 0.809375 0.633889 0.156250 0.288889 0 0.723145 0.799375 0.836667 0.031250 0.104444 3 0.700684 0.343828 0.931667 0.078594 0.136667 3 0.680664 0.269375 0.580556 0.075625 0.080000 7 0.640625 0.71375 0.571667 0.055000 0.092222 3 0.588867 0.36 0.4825 0.045000 0.056111 5 0.586914 0.339063 0.623889 0.069375 0.116667 10 0.583008 0.415938 0.373333 0.116250 0.120556 10 0.565918 0.91375 0.823889 0.172500 0.352222 2 0.554688 0.684375 0.64 0.038750 0.084444 1 0.546875 0.68375 0.641111 0.037500 0.086667 3 0.517578 0.172656 0.949444 0.099062 0.098889 3 0.455078 0.357188 0.5325 0.048125 0.067222 2 0.428223 0.490625 0.453333 0.036250 0.056667 3 0.310791 0.45375 0.449444 0.042500 0.057778 0 0.289307 0.16625 0.705 0.037500 0.090000 1 0.243652 0.314219 0.538889 0.033437 0.060000 4 0.201782 0.713125 0.571111 0.055000 0.092222 2 0.172729 0.454375 0.450278 0.045000 0.059444 3 0.161865 0.4 0.436389 0.038750 0.066111 2 0.129395 0.5675 0.469444 0.030000 0.077778 3 0.124207 0.463125 0.487778 0.053750 0.050000 3 0.116333 0.23 0.435556 0.034375 0.053333 0 0.112 0.041318 0.848889 0.054551 0.100000 2 0.104492 0.46375 0.488056 0.053750 0.046667 0 0.104126 0.02623 0.943889 0.052461 0.105556 3 0.103394 0.490625 0.453611 0.037500 0.060556 4 0.096008 0.301563 0.471111 0.036250 0.073333 10 0.087891 0.021309 0.646667 0.042617 0.277778 10 0.063477 0.108262 0.557222 0.138477 0.210000 3 0.060089 0.506875 0.417778 0.031250 0.047778 4 0.05899 0.339375 0.447222 0.036250 0.053333 2 0.055206 0.006729 0.826667 0.013457 0.102222 1 0.053589 0.025898 0.946111 0.051641 0.100000 2 0.048126 0.444063 0.419444 0.044375 0.067778 4 0.046539 0.3875 0.541667 0.071250 0.114444 7 0.044006 0.339375 0.446667 0.036875 0.052778 3 0.037598 0.3875 0.54 0.070000 0.120000 8 0.03476 0.384375 0.549444 0.061250 0.105556 5 0.031372 0.4425 0.417222 0.041250 0.064444 3 0.03125 0.474375 0.409444 0.036250 0.055556 2 0.02626 0.229219 0.435556 0.033438 0.055556 8 0.022629 0.340937 0.421111 0.046875 0.077778 5 0.022629 0.474687 0.409444 0.036875 0.055556 3 0.022369 0.371563 0.542778 0.074375 0.091111 3 0.019714 0.414375 0.4975 0.048750 0.058333 3 0.019196 0.5675 0.468889 0.031250 0.078889 2 0.018188 0.400625 0.435556 0.038750 0.065556 3 0.015366 0.525 0.379444 0.028750 0.043889 10 0.013481 0.6925 0.409444 0.062500 0.160000 3 0.013374 0.740625 0.491111 0.050000 0.088889 1 0.012924 0.018027 0.724444 0.035977 0.073333 9 0.011688 0.302344 0.470556 0.040313 0.075556 3 0.011246 0.4425 0.4175 0.041250 0.063889 0 0.0112 0.025938 0.772778 0.041797 0.083333 4 0.01049 0.880625 0.542222 0.053750 0.093333 2 0.009743 0.011797 0.821111 0.023594 0.126667 3 0.009056 0.023867 0.774444 0.042188 0.096667 0 0.008812 0.012529 0.88 0.025059 0.106667 11 0.006931 0.341953 0.414444 0.049844 0.070000 3 0.006145 0.408437 0.456944 0.046875 0.055000 0 0.005642 0.266719 0.457222 0.032187 0.062222 10 0.004829 0.028359 0.585 0.056719 0.298889 0 0.00481 0.124063 0.717778 0.044688 0.068889 5 0.004398 0.139531 0.150139 0.026250 0.051944 0 0.004314 0.071992 0.796667 0.043828 0.088889 3 0.0042 0.009272 0.260833 0.017861 0.040556 9 0.004101 0.024531 0.598889 0.048594 0.217778 3 0.003855 0.98625 0.695556 0.027500 0.173333 3 0.003429 0.01209 0.840556 0.024180 0.131111 3 0.003376 0.023164 0.618889 0.045859 0.153333 0 0.003351 0.78 0.446111 0.027500 0.061111 10 0.003124 0.016016 0.720556 0.032031 0.327778 0 0.002993 0.018516 0.718889 0.037031 0.082222 5 0.002823 0.143438 0.142743 0.032813 0.071181 10 0.002653 0.978125 0.587222 0.043750 0.148889 3 0.002306 0.40875 0.550556 0.024375 0.080000 2 0.00226 0.738125 0.977222 0.052500 0.045556 10 0.002174 0.9575 0.790556 0.085000 0.363333 12 0.00215 0.74 0.490556 0.050000 0.086667 2 0.001926 0.413438 0.5 0.045625 0.056667 11 0.001912 0.301406 0.471667 0.040313 0.074444 3 0.001889 0.98875 0.677778 0.022500 0.124444 6 0.001818 0.72875 0.301111 0.022500 0.044444 12 0.001818 0.04168 0.850556 0.055547 0.098889 0 0.0017 0.012285 0.731111 0.024336 0.082222 0 0.001561 0.018135 0.912778 0.036270 0.123333 0 0.001554 0.036797 0.680556 0.028750 0.081111 4 0.001536 0.283125 0.419444 0.036250 0.065556 0 0.001495 0.137422 0.705 0.028281 0.081111 5 0.00141 0.14625 0.150972 0.020000 0.050833 3 0.001372 0.337813 0.452222 0.038750 0.063333 0 0.001245 0.816875 0.742222 0.046250 0.078889 4 0.001221 0.102031 0.731667 0.085938 0.091111 10 0.001202 0.171094 0.610139 0.126563 0.224167 10 0.001202 0.026445 0.712778 0.052891 0.283333 12 0.001179 0.39 0.999444 0.127500 0.001111 11 0.001129 0.9875 0.675 0.025000 0.125556 10 0.001099 0.98 0.767778 0.040000 0.337778
CCTV01^20260318-110000-20260318-120000_000757,3 0.896973 0.26 0.704444 0.067500 0.104444 3 0.896484 0.232031 0.797778 0.069688 0.113333 3 0.871582 0.32375 0.665556 0.064375 0.104444 10 0.865234 0.358203 0.441111 0.146094 0.165556 3 0.862305 0.31625 0.8 0.070000 0.135556 3 0.855957 0.20375 0.712222 0.065625 0.106667 3 0.852051 0.523125 0.873333 0.073750 0.197778 3 0.847168 0.160625 0.920278 0.082188 0.159444 3 0.841797 0.136719 0.778889 0.076250 0.122222 3 0.832031 0.244375 0.914445 0.081875 0.160000 10 0.81543 0.70125 0.537639 0.072500 0.231389 10 0.805664 0.83625 0.678333 0.180000 0.323333 3 0.773438 0.214375 0.634444 0.058125 0.082222 3 0.757812 0.31625 0.539444 0.067500 0.077778 2 0.746094 0.045195 0.816667 0.068984 0.120000 10 0.73877 0.110332 0.540972 0.151836 0.184722 3 0.733887 0.37625 0.575 0.056250 0.083333 3 0.728027 0.266563 0.59 0.068125 0.086667 4 0.660156 0.29 0.616667 0.054375 0.098889 10 0.62793 0.065156 0.727778 0.130313 0.302222 11 0.42627 0.644375 0.452778 0.048750 0.142222 9 0.361084 0.7675 0.818611 0.180000 0.362778 2 0.338135 0.430625 0.468333 0.046875 0.058889 10 0.336426 0.766875 0.817778 0.178750 0.364444 0 0.307373 0.264844 0.495278 0.029063 0.067222 1 0.281494 0.156719 0.813333 0.045313 0.077778 3 0.270508 0.430937 0.4675 0.047500 0.061667 2 0.26123 0.51125 0.404444 0.033750 0.058889 2 0.209473 0.159375 0.653333 0.041562 0.084444 2 0.196777 0.566875 0.469722 0.032500 0.078889 10 0.150513 0.504375 0.322778 0.080000 0.100000 3 0.132935 0.457188 0.413333 0.045625 0.052222 1 0.096008 0.190156 0.778889 0.031250 0.077778 3 0.086914 0.51125 0.403889 0.033750 0.058889 4 0.059662 0.9675 0.745556 0.065000 0.173333 10 0.058563 0.030762 0.633333 0.061523 0.233333 3 0.048676 0.447188 0.488056 0.053125 0.042778 11 0.045013 0.478125 0.443333 0.056250 0.084444 8 0.03891 0.476875 0.443611 0.060000 0.085556 2 0.037323 0.485 0.375 0.043750 0.054444 10 0.031372 0.935 0.864444 0.130000 0.271111 3 0.03125 0.478438 0.444722 0.059375 0.086111 0 0.028442 0.094844 0.754444 0.042188 0.091111 3 0.024612 0.153906 0.573889 0.055625 0.084444 11 0.022537 0.966875 0.748333 0.066250 0.194444 4 0.022461 0.20375 0.537639 0.040000 0.069167 3 0.021042 0.203594 0.536667 0.040625 0.071111 4 0.019714 0.279687 0.606667 0.068125 0.100000 3 0.017441 0.2275 0.430278 0.039375 0.067222 3 0.016846 0.485313 0.374444 0.044375 0.054444 9 0.01445 0.96625 0.753333 0.067500 0.206667 10 0.013069 0.629063 0.375278 0.043125 0.126111 2 0.012627 0.968125 0.74 0.063750 0.151111 0 0.012573 0.193906 0.59 0.037187 0.068889 0 0.012146 0.134375 0.690556 0.053125 0.078889 10 0.011467 0.710625 0.289444 0.036250 0.075556 8 0.011246 0.461563 0.422222 0.045000 0.058889 0 0.009483 0.74625 0.586667 0.031250 0.084444 3 0.008446 0.224688 0.502222 0.035000 0.078889 3 0.007965 0.498437 0.416111 0.034375 0.061111 2 0.007347 0.53 0.361667 0.030000 0.052222 0 0.007038 0.27 0.449167 0.029063 0.048333 4 0.006588 0.222188 0.505 0.038125 0.082222 3 0.004887 0.107031 0.664445 0.037500 0.091111 10 0.0047 0.66375 0.338333 0.045000 0.102222 1 0.004433 0.199063 0.777778 0.051875 0.084444 2 0.004383 0.227969 0.432778 0.039375 0.061667 1 0.004383 0.193281 0.591111 0.037500 0.066667 9 0.004166 0.793125 0.676528 0.095000 0.320278 2 0.003708 0.7475 0.586667 0.030000 0.080000 4 0.003693 0.155859 0.64 0.048594 0.082222 10 0.003469 0.96375 0.848333 0.072500 0.301111 3 0.003099 0.457813 0.481111 0.035625 0.043333 4 0.003099 0.88375 0.549028 0.057500 0.101944 2 0.00304 0.4575 0.412222 0.042500 0.051111 0 0.002958 0.2625 0.410833 0.023125 0.047222 3 0.002453 0.52375 0.372778 0.037500 0.058889 0 0.002369 0.095293 0.738889 0.035352 0.071111 10 0.002287 0.035664 0.583889 0.071094 0.210000 7 0.002253 0.474375 0.453889 0.064375 0.115556 1 0.002165 0.375625 0.575556 0.058750 0.083333 3 0.0021 0.4475 0.381111 0.049375 0.043333 4 0.002068 0.7825 0.371667 0.032500 0.057778 2 0.002035 0.15375 0.633333 0.042500 0.064444 6 0.001824 0.97 0.742222 0.060000 0.268889 0 0.001461 0.31125 0.957222 0.100000 0.085556 11 0.001432 0.701875 0.516111 0.068750 0.176667 3 0.001416 0.053984 0.242361 0.024844 0.030833 7 0.00141 0.224531 0.500556 0.033438 0.076667 3 0.001378 0.104375 0.643333 0.040156 0.093333 3 0.001356 0.309063 0.957222 0.095000 0.085556 0 0.001325 0.205313 0.532778 0.050625 0.085556 2 0.001255 0.004121 0.874444 0.008164 0.108889 0 0.001188 0.124375 0.697778 0.058438 0.088889 2 0.001065 0.004709 0.904444 0.009360 0.160000 9 0.001032 0.013027 0.801111 0.026055 0.397778 1 0.001004 0.177031 0.791111 0.040000 0.093333
CCTV01^20260318-110000-20260318-120000_000761,3 0.880859 0.256875 0.724445 0.070000 0.113333 10 0.872559 0.88875 0.755556 0.222500 0.380000 3 0.859863 0.270938 0.823889 0.076250 0.138889 3 0.85791 0.174219 0.798889 0.070937 0.124444 3 0.850098 0.261875 0.641111 0.072500 0.087778 10 0.818848 0.157813 0.571111 0.173125 0.224444 10 0.811523 0.661875 0.517222 0.082500 0.210000 3 0.804199 0.32375 0.640556 0.064375 0.093333 10 0.792969 0.433125 0.394444 0.112500 0.142222 2 0.779785 0.765 0.942222 0.067500 0.115556 11 0.770508 0.7325 0.697222 0.100000 0.252222 4 0.767578 0.380625 0.912222 0.106875 0.162222 3 0.744629 0.261875 0.568333 0.057188 0.075556 3 0.729492 0.386875 0.535556 0.061250 0.080000 3 0.71875 0.522813 0.872222 0.073125 0.195556 3 0.672363 0.358125 0.476944 0.066250 0.063889 4 0.665527 0.31625 0.531667 0.048125 0.083333 0 0.651367 0.351875 0.785556 0.047500 0.106667 5 0.594727 0.47625 0.456111 0.048750 0.073889 3 0.586914 0.099766 0.937222 0.072969 0.125556 1 0.57373 0.8 0.853333 0.035000 0.104444 2 0.544922 0.662344 0.863333 0.045313 0.140000 0 0.541016 0.320625 0.714445 0.035000 0.084444 0 0.53125 0.175469 0.699444 0.045313 0.082222 2 0.503906 0.151562 0.674444 0.050625 0.094444 3 0.501953 0.302188 0.501667 0.045000 0.063333 4 0.486328 0.219531 0.918889 0.074688 0.144444 3 0.478516 0.412813 0.469444 0.054375 0.056667 0 0.443604 0.096016 0.762222 0.065156 0.106667 2 0.428223 0.267188 0.492222 0.035625 0.071111 4 0.366699 0.30375 0.506111 0.043750 0.070000 7 0.325928 0.019141 0.846111 0.038281 0.125556 4 0.309082 0.019121 0.843333 0.038242 0.124444 0 0.309082 0.155313 0.892222 0.039375 0.105556 0 0.271973 0.317344 0.864444 0.047187 0.102222 3 0.23938 0.219062 0.917778 0.074375 0.148889 2 0.165039 0.099609 0.937778 0.072187 0.124444 3 0.130737 0.378125 0.912222 0.101250 0.158889 6 0.125977 0.815 0.490833 0.075000 0.157222 2 0.117554 0.043555 0.748889 0.069141 0.113333 4 0.113586 0.295938 0.934445 0.110625 0.131111 1 0.107788 0.340313 0.541111 0.020625 0.058889 1 0.099487 0.218438 0.636667 0.029375 0.064444 1 0.097717 0.599375 0.480556 0.018750 0.054444 10 0.086914 0.71 0.422778 0.095000 0.146667 10 0.084167 0.620313 0.313889 0.041875 0.107222 10 0.074768 0.73875 0.547639 0.085000 0.218056 2 0.068542 0.566875 0.47 0.032500 0.078333 3 0.058563 0.293281 0.931667 0.107187 0.136667 3 0.037476 0.465625 0.426667 0.038750 0.052222 1 0.036224 0.611875 0.426389 0.016250 0.051111 12 0.031143 0.351875 0.785 0.051250 0.113333 7 0.024429 0.379375 0.913333 0.113750 0.164444 0 0.021774 0.80125 0.86 0.030000 0.095556 0 0.021362 0.218438 0.637778 0.030937 0.066667 7 0.021362 0.29625 0.932778 0.111250 0.134444 3 0.014618 0.053984 0.242222 0.025156 0.031111 0 0.014336 0.303906 0.444722 0.028125 0.053333 9 0.013329 0.9825 0.591667 0.035000 0.117778 0 0.011917 0.269375 0.483611 0.032500 0.072222 10 0.011292 0.029766 0.596806 0.059531 0.159722 2 0.009972 0.75875 0.395556 0.026250 0.045556 0 0.009338 0.331328 0.726667 0.032344 0.086667 3 0.008476 0.445 0.493056 0.050000 0.040000 10 0.008186 0.975 0.893889 0.050000 0.212222 9 0.007462 0.711875 0.425556 0.096250 0.147778 0 0.006565 0.225 0.571111 0.030312 0.062222 3 0.005867 0.50125 0.382778 0.045000 0.052222 0 0.005512 0.188125 0.620556 0.040000 0.066667 0 0.005344 0.34125 0.421111 0.029375 0.052222 1 0.004738 0.572812 0.474444 0.052500 0.074444 4 0.004627 0.88625 0.546667 0.055000 0.095556 3 0.004314 0.51875 0.352222 0.037500 0.046667 2 0.003885 0.781875 0.373889 0.031250 0.054444 2 0.003824 0.042432 0.705 0.053105 0.083333 1 0.003651 0.365625 0.878889 0.070000 0.095556 4 0.003551 0.338125 0.529722 0.035000 0.080556 3 0.003363 0.502188 0.412778 0.036875 0.073333 0 0.00326 0.593125 0.419444 0.015000 0.045556 0 0.003099 0.110059 0.552083 0.152383 0.204722 3 0.002947 0.36375 0.882222 0.066250 0.107778 0 0.00255 0.216563 0.585556 0.041875 0.073333 10 0.002434 0.66625 0.3475 0.053750 0.122778 10 0.002199 0.98625 0.596528 0.027500 0.122500 0 0.002165 0.198125 0.62 0.039062 0.068889 2 0.001972 0.395625 0.402778 0.037500 0.087778 10 0.001897 0.105313 0.546806 0.154375 0.195278 3 0.001782 0.363438 0.499167 0.040000 0.043333 0 0.001734 0.319688 0.417778 0.022500 0.053333 5 0.0017 0.7375 0.517222 0.077500 0.150000 3 0.001495 0.995625 0.670556 0.008750 0.111111 10 0.001484 0.011992 0.7 0.023984 0.258889 9 0.001472 0.015684 0.719444 0.031016 0.162222 0 0.001472 0.027422 0.608889 0.054844 0.193333 4 0.001444 0.009678 0.826667 0.018984 0.135556 11 0.00141 0.014834 0.629444 0.029629 0.083333 4 0.001389 0.017188 0.878333 0.034297 0.212222 5 0.0013 0.97625 0.922778 0.047500 0.154444 10 0.001294 0.98 0.586528 0.040000 0.122500 2 0.001274 0.383125 0.390556 0.024375 0.071111 0 0.001265 0.665 0.643333 0.018750 0.060000 0 0.001265 0.3475 0.757778 0.037500 0.088889 6 0.001225 0.97875 0.584444 0.042500 0.127778 0 0.001225 0.07875 0.536528 0.153437 0.335833 11 0.001206 0.7375 0.537917 0.077500 0.190833 1 0.001206 0.034644 0.637778 0.031025 0.068889 2 0.001192 0.228438 0.438333 0.033125 0.056667 4 0.001169 0.781875 0.373889 0.032500 0.056667 3 0.001116 0.9925 0.895556 0.015000 0.208889 10 0.001107 0.190469 0.545556 0.104062 0.171111 2 0.001057 0.046758 0.691111 0.045703 0.067778 3 0.001032 0.0146 0.380278 0.028809 0.089444 10 0.001008 0.016133 0.656111 0.032266 0.245556
CCTV01^20260318-110000-20260318-120000_000765,10 0.84082 0.7175 0.721111 0.138750 0.346667 3 0.833496 0.289844 0.697778 0.062188 0.111111 3 0.730957 0.356563 0.524444 0.054375 0.070000 5 0.704102 0.489375 0.440833 0.042500 0.073333 2 0.660156 0.39 0.551667 0.057500 0.068889 10 0.656738 0.878125 0.825 0.243750 0.350000 2 0.647949 0.338438 0.609444 0.067500 0.087778 10 0.645996 0.266563 0.46 0.121875 0.157778 2 0.642578 0.52375 0.872222 0.073750 0.193333 3 0.637207 0.2225 0.645556 0.071875 0.086667 7 0.625977 0.050703 0.878889 0.101406 0.206667 7 0.624512 0.296563 0.586667 0.068125 0.102222 2 0.613281 0.41 0.4975 0.046875 0.056667 4 0.605957 0.30875 0.821667 0.096250 0.153333 10 0.604004 0.118516 0.545 0.153281 0.207778 2 0.59082 0.424375 0.454167 0.056250 0.051667 3 0.546875 0.523125 0.872222 0.072500 0.194444 3 0.5 0.30875 0.821111 0.093750 0.151111 3 0.458984 0.338125 0.609444 0.069375 0.088889 10 0.417725 0.71125 0.503611 0.115000 0.208333 10 0.413086 0.481563 0.357778 0.093125 0.114444 3 0.413086 0.389375 0.552083 0.057500 0.069167 4 0.309082 0.235313 0.697778 0.058750 0.108889 3 0.271973 0.296875 0.585556 0.066250 0.102222 0 0.253906 0.225313 0.766667 0.064688 0.097778 4 0.233765 0.283906 0.519444 0.062812 0.085556 0 0.228149 0.159063 0.71 0.040000 0.100000 3 0.181885 0.453125 0.484444 0.054375 0.048889 2 0.180664 0.231562 0.568333 0.068750 0.090000 4 0.173828 0.050742 0.886667 0.101484 0.222222 4 0.163452 0.297188 0.584444 0.068750 0.104444 3 0.152588 0.4275 0.454167 0.052500 0.050000 10 0.151489 0.028203 0.73 0.056328 0.320000 6 0.147095 0.058594 0.736667 0.117188 0.148889 9 0.147095 0.050703 0.886667 0.101406 0.217778 3 0.140869 0.128613 0.952778 0.097773 0.094444 2 0.135742 0.786875 0.578889 0.037500 0.080000 3 0.105591 0.354063 0.395 0.033750 0.040000 2 0.10376 0.41875 0.476111 0.062500 0.039444 9 0.053589 0.284688 0.520556 0.061250 0.083333 2 0.052612 0.489688 0.440556 0.044375 0.068889 4 0.05014 0.058477 0.737778 0.116328 0.151111 2 0.049225 0.464375 0.425 0.033750 0.047778 2 0.046204 0.35375 0.395 0.034375 0.042222 0 0.042389 0.34 0.467778 0.030625 0.060000 3 0.041473 0.23125 0.57 0.069688 0.095556 10 0.040253 0.835625 0.552222 0.085000 0.193333 5 0.034363 0.23125 0.570556 0.069375 0.093333 3 0.033325 0.464375 0.425556 0.033750 0.047778 1 0.030212 0.371875 0.473333 0.026250 0.050000 1 0.029083 0.78 0.623333 0.025000 0.066667 10 0.029083 0.93875 0.776111 0.122500 0.323333 2 0.028015 0.454375 0.483889 0.051250 0.048889 4 0.025467 0.23125 0.57 0.070000 0.093333 2 0.021942 0.566875 0.468333 0.032500 0.075556 2 0.021698 0.392812 0.53 0.056875 0.026667 3 0.019119 0.400625 0.440556 0.040000 0.056667 6 0.018051 0.835625 0.557222 0.087500 0.200000 10 0.015839 0.023984 0.622778 0.047734 0.135556 3 0.015366 0.5675 0.469722 0.031250 0.076667 2 0.015305 0.3525 0.426667 0.026250 0.044444 0 0.012291 0.131641 0.664445 0.042656 0.082222 9 0.0112 0.058711 0.736667 0.113672 0.148889 2 0.010406 0.40125 0.439444 0.040000 0.056667 10 0.009415 0.025664 0.630556 0.051328 0.228889 8 0.009415 0.7725 0.925 0.137500 0.150000 0 0.009338 0.006865 0.785556 0.013379 0.122222 12 0.008644 0.131797 0.663333 0.042656 0.082222 4 0.008347 0.900625 0.57 0.060000 0.108889 7 0.008217 0.285156 0.519444 0.065313 0.087778 0 0.006073 0.37125 0.472778 0.025000 0.050000 11 0.005535 0.022344 0.62 0.044688 0.106667 3 0.005322 0.50125 0.4075 0.043750 0.081667 3 0.005138 0.006245 0.816111 0.012432 0.123333 10 0.005138 0.7225 0.432222 0.097500 0.161667 10 0.004868 0.621875 0.215278 0.026250 0.063889 9 0.004299 0.94 0.845 0.120000 0.310000 4 0.004265 0.01125 0.792222 0.022500 0.140000 11 0.00423 0.513125 0.387222 0.031250 0.070000 0 0.003855 0.1725 0.647778 0.042500 0.077778 3 0.002653 0.009058 0.261736 0.017510 0.043194 0 0.002378 0.010508 0.787778 0.020664 0.142222 3 0.002132 0.511875 0.388889 0.033750 0.074444 2 0.002068 0.828125 0.11059 0.008750 0.023264 9 0.002003 0.012393 0.798333 0.024785 0.125556 3 0.001965 0.051914 0.886111 0.103672 0.227778 10 0.001883 0.015635 0.795 0.031270 0.352222 3 0.001796 0.458438 0.461667 0.048750 0.044444 9 0.001694 0.013779 0.850833 0.027559 0.298333 9 0.001611 0.723125 0.429722 0.095000 0.158333 0 0.001501 0.64625 0.586111 0.023750 0.074444 5 0.001444 0.144688 0.139306 0.037813 0.074444 4 0.001383 0.51375 0.385556 0.030000 0.066667 3 0.001372 0.354375 0.503333 0.056250 0.086667 3 0.001305 0.605 0.118333 0.007500 0.015278 0 0.001294 0.065078 0.548333 0.122344 0.385556 2 0.001285 0.05918 0.736667 0.111328 0.141111 3 0.001235 0.596875 0.114479 0.011250 0.018819 10 0.001184 0.039141 0.678333 0.073125 0.232222 1 0.001165 0.78625 0.594444 0.033750 0.062222 0 0.001143 0.615313 0.353889 0.019375 0.048889 0 0.001086 0.136406 0.682222 0.046250 0.097778 0 0.001073 0.055234 0.613333 0.098594 0.290000 12 0.001065 0.775 0.925833 0.130000 0.148333 0 0.001028 0.37 0.436944 0.021250 0.042222
CCTV01^20260318-110000-20260318-120000_000769,1 0.94043 0.7175 0.835556 0.050000 0.111111 10 0.811523 0.136875 0.529167 0.168438 0.190556 3 0.805664 0.2925 0.717778 0.081875 0.113333 2 0.800781 0.523125 0.872778 0.075000 0.194444 3 0.769043 0.35875 0.601667 0.074375 0.094444 3 0.763672 0.271563 0.903333 0.079063 0.157778 9 0.729492 0.204336 0.71 0.127578 0.160000 3 0.716797 0.205313 0.868889 0.090625 0.155556 3 0.712402 0.273438 0.608889 0.076875 0.095556 1 0.700684 0.688125 0.68 0.037500 0.103333 3 0.663574 0.75375 0.738889 0.040000 0.122222 0 0.656738 0.676875 0.850556 0.032500 0.128889 1 0.629883 0.72375 0.941667 0.055000 0.116667 3 0.615234 0.093418 0.947222 0.077852 0.105556 10 0.615234 0.316406 0.414444 0.118438 0.132222 10 0.604004 0.87625 0.825 0.247500 0.350000 1 0.596191 0.67125 0.518333 0.035000 0.076667 2 0.562012 0.403125 0.54 0.046250 0.072222 9 0.556641 0.785 0.591111 0.165000 0.267778 4 0.533203 0.219375 0.536806 0.059375 0.093056 3 0.498047 0.67375 0.451111 0.032500 0.065556 2 0.470703 0.72375 0.940556 0.055000 0.118889 2 0.46875 0.67125 0.518611 0.033750 0.076111 2 0.464844 0.6875 0.68 0.037500 0.104444 2 0.435791 0.50125 0.423889 0.041250 0.058889 3 0.434082 0.4025 0.539861 0.046250 0.071389 10 0.418701 0.057656 0.811667 0.115156 0.376667 2 0.405518 0.300313 0.617778 0.042500 0.088889 3 0.338135 0.448438 0.486111 0.056875 0.049444 2 0.320801 0.754375 0.738889 0.040000 0.121111 10 0.281494 0.651094 0.363333 0.055312 0.137778 2 0.262939 0.674375 0.450833 0.033750 0.067222 4 0.218628 0.315781 0.495278 0.039687 0.086111 3 0.185913 0.315781 0.495 0.039687 0.087778 3 0.161377 0.4375 0.445556 0.055625 0.060556 3 0.15979 0.501875 0.422778 0.040625 0.060000 2 0.136597 0.447813 0.485 0.056875 0.046667 3 0.133423 0.52375 0.873333 0.071250 0.193333 2 0.125977 0.445 0.453889 0.053750 0.045556 7 0.115967 0.21875 0.536667 0.060312 0.100000 3 0.114746 0.361875 0.476944 0.047500 0.061111 2 0.101562 0.389688 0.497222 0.062500 0.093333 11 0.09845 0.203477 0.705556 0.126797 0.177778 9 0.086304 0.760625 0.470556 0.130000 0.184444 2 0.081787 0.361875 0.477222 0.047500 0.060556 2 0.076416 0.565938 0.468889 0.032500 0.076667 11 0.07135 0.387187 0.931667 0.233125 0.136667 10 0.048126 0.76 0.470556 0.127500 0.185556 0 0.046722 0.277813 0.530556 0.030000 0.067778 2 0.03891 0.436563 0.441111 0.048125 0.051111 12 0.037476 0.385547 0.931111 0.235156 0.137778 2 0.022369 0.52 0.381667 0.041250 0.062222 3 0.020416 0.388125 0.497778 0.058750 0.086667 9 0.016922 0.369375 0.420556 0.046250 0.064444 10 0.016922 0.92875 0.743333 0.142500 0.304444 10 0.015961 0.027617 0.63 0.055078 0.153333 0 0.013901 0.679375 0.871111 0.025000 0.091111 9 0.011963 0.92875 0.77 0.142500 0.360000 9 0.0112 0.383125 0.424444 0.063750 0.066667 3 0.010696 0.386875 0.425 0.055000 0.068333 3 0.006615 0.009067 0.263264 0.017666 0.044583 3 0.00639 0.442813 0.468056 0.055000 0.057778 3 0.0051 0.185273 0.654444 0.057578 0.084444 10 0.004982 0.04582 0.721111 0.091641 0.318889 2 0.004791 0.5075 0.411111 0.040000 0.061111 3 0.00452 0.005044 0.939167 0.010029 0.121667 4 0.004467 0.364375 0.421389 0.035000 0.060556 10 0.004433 0.03377 0.67 0.067539 0.214444 2 0.00423 0.38875 0.425556 0.050625 0.068889 11 0.00423 0.027246 0.631111 0.054258 0.142222 1 0.003975 0.345625 0.510833 0.025000 0.057222 7 0.003708 0.394375 0.936111 0.238750 0.127778 8 0.003185 0.3825 0.424722 0.066250 0.067222 0 0.002684 0.274063 0.512222 0.031250 0.062222 2 0.002672 0.46375 0.385556 0.038750 0.045556 3 0.002398 0.463125 0.385833 0.040000 0.046667 0 0.002333 0.25875 0.480278 0.027500 0.057222 4 0.002209 0.093516 0.697778 0.042031 0.086667 0 0.002115 0.48375 0.442778 0.023750 0.058889 0 0.001912 0.301563 0.498333 0.044375 0.081111 3 0.001846 0.010557 0.930556 0.021113 0.138889 5 0.001824 0.39 0.424444 0.048750 0.066667 2 0.00181 0.47625 0.408333 0.033125 0.053333 9 0.001755 0.984375 0.597778 0.031250 0.106667 0 0.001389 0.237656 0.468889 0.022187 0.050000 4 0.00132 0.079922 0.725 0.075469 0.157778 9 0.00132 0.75 0.59 0.095000 0.257778 2 0.001305 0.232813 0.422222 0.030312 0.048889 4 0.001294 0.41125 0.45 0.033750 0.067778 0 0.001294 0.289688 0.502778 0.028125 0.071111 3 0.001116 0.446875 0.453611 0.055000 0.061667 2 0.001008 0.42375 0.392222 0.042500 0.056667 10 0.001004 0.929375 0.853333 0.141250 0.293333
CCTV01^20260318-110000-20260318-120000_000773,2 0.895508 0.523438 0.872222 0.074375 0.194444 3 0.850098 0.269844 0.643333 0.080938 0.104444 11 0.839844 0.180156 0.735556 0.092500 0.231111 10 0.813965 0.246406 0.564306 0.192813 0.233611 3 0.810547 0.719375 0.75 0.063750 0.146667 3 0.804199 0.285625 0.746667 0.062500 0.125556 1 0.804199 0.77875 0.878889 0.050000 0.137778 10 0.796875 0.67625 0.461111 0.091250 0.192222 9 0.795898 0.346953 0.551111 0.087344 0.114444 2 0.788086 0.248438 0.825556 0.053750 0.123333 10 0.785156 0.3625 0.391667 0.133125 0.137222 9 0.771973 0.785 0.602222 0.167500 0.282222 9 0.729492 0.93 0.677639 0.140000 0.318056 3 0.726562 0.058828 0.874444 0.117344 0.180000 10 0.716797 0.215469 0.481389 0.165000 0.177222 10 0.715332 0.78375 0.601111 0.165000 0.283333 3 0.710449 0.333672 0.644444 0.072656 0.093333 2 0.609375 0.49 0.453611 0.045000 0.057222 2 0.600098 0.779375 0.878889 0.051250 0.136667 2 0.5 0.48 0.408333 0.043750 0.050000 1 0.455078 0.130547 0.870556 0.052813 0.111111 3 0.395996 0.242031 0.955 0.074688 0.090000 2 0.375732 0.455 0.447778 0.040000 0.050556 3 0.346924 0.490625 0.453889 0.045000 0.058889 5 0.309082 0.057031 0.875 0.114063 0.174444 10 0.276611 0.053203 0.665694 0.106406 0.286389 2 0.178345 0.508125 0.421111 0.033125 0.048889 10 0.090759 0.9175 0.891667 0.165000 0.216667 1 0.086304 0.376875 0.794444 0.029375 0.075556 3 0.086304 0.524375 0.872222 0.071250 0.193333 3 0.082703 0.458125 0.491111 0.057500 0.042778 2 0.074524 0.402188 0.558333 0.035625 0.062222 3 0.072388 0.38125 0.511389 0.044375 0.051667 1 0.07135 0.113594 0.703333 0.026406 0.077778 2 0.05542 0.525625 0.375 0.035000 0.051111 2 0.051086 0.239687 0.955556 0.073125 0.088889 2 0.049957 0.38 0.513889 0.047500 0.048889 10 0.047791 0.9575 0.878333 0.085000 0.243333 9 0.041138 0.9575 0.876111 0.085000 0.247778 7 0.03775 0.348125 0.555694 0.081250 0.106389 3 0.035553 0.479375 0.4 0.043750 0.050000 10 0.027374 0.93 0.672083 0.140000 0.309167 2 0.026657 0.496875 0.415 0.031250 0.044444 1 0.022629 0.105469 0.866667 0.065469 0.115556 10 0.021774 0.012979 0.834444 0.025684 0.331111 2 0.017853 0.4175 0.468333 0.058750 0.081111 3 0.015602 0.416875 0.468333 0.058750 0.080000 3 0.014618 0.40125 0.558333 0.035000 0.061111 2 0.014008 0.567187 0.470556 0.031875 0.073333 0 0.013481 0.114766 0.698889 0.031875 0.077778 2 0.0121 0.47625 0.3825 0.041250 0.040556 1 0.01033 0.095547 0.876667 0.042812 0.097778 10 0.009598 0.614688 0.416667 0.028125 0.065556 3 0.00927 0.012285 0.763889 0.024531 0.167778 10 0.009125 0.015322 0.711111 0.030605 0.380000 10 0.008286 0.023516 0.593889 0.046563 0.131111 3 0.007812 0.475938 0.380278 0.036250 0.037222 3 0.007755 0.91875 0.896945 0.162500 0.206111 1 0.007607 0.370625 0.568333 0.036250 0.073333 9 0.006439 0.214023 0.486111 0.165078 0.176667 1 0.00639 0.614375 0.465278 0.017500 0.049444 0 0.005959 0.79875 0.501944 0.032500 0.064444 3 0.005554 0.5675 0.469444 0.030625 0.072222 9 0.00547 0.050859 0.876667 0.100469 0.173333 7 0.004925 0.955625 0.875556 0.087500 0.248889 4 0.003721 0.417812 0.467222 0.059375 0.084444 10 0.003483 0.048711 0.604445 0.097422 0.193333 3 0.003338 0.443125 0.415556 0.038750 0.048333 11 0.003311 0.615 0.417222 0.027500 0.066667 3 0.003172 0.005991 0.872222 0.011689 0.161111 2 0.003075 0.5825 0.122917 0.011250 0.020000 0 0.00297 0.84125 0.492778 0.032500 0.065556 9 0.002846 0.98875 0.814444 0.022500 0.200000 10 0.002653 0.049531 0.57 0.099063 0.103333 2 0.002611 0.69375 0.556528 0.033750 0.069167 9 0.002493 0.361797 0.394444 0.133906 0.135556 3 0.002068 0.007783 0.756111 0.015508 0.147778 0 0.001897 0.7375 0.331111 0.017500 0.056667 3 0.001867 0.450625 0.438333 0.043750 0.056667 3 0.001561 0.409375 0.318889 0.025625 0.037778 8 0.001536 0.961875 0.830556 0.076250 0.172222 2 0.001309 0.423125 0.345833 0.023750 0.042778 3 0.001305 0.317656 0.657778 0.042812 0.077778 2 0.001294 0.459688 0.371667 0.024375 0.043333 3 0.001206 0.459688 0.505 0.057500 0.051111 1 0.001188 0.69375 0.555 0.035000 0.074444 10 0.001184 0.027715 0.866667 0.055117 0.211111 0 0.001138 0.119062 0.637222 0.036875 0.066667 3 0.001044 0.006372 0.806667 0.012705 0.155556 11 0.001032 0.341563 0.550556 0.101250 0.137778
CCTV01^20260318-110000-20260318-120000_000777,2 0.932617 0.523125 0.873333 0.075000 0.195556 2 0.917969 0.635 0.526945 0.046250 0.081667 9 0.889648 0.715 0.562778 0.110000 0.260000 9 0.884277 0.856875 0.687778 0.208750 0.331111 2 0.766113 0.629687 0.422222 0.035625 0.067778 2 0.754883 0.495938 0.446111 0.043125 0.061111 11 0.720215 0.39375 0.509444 0.067500 0.094444 9 0.672363 0.424063 0.400556 0.102500 0.136667 1 0.663574 0.73125 0.884444 0.055000 0.144444 3 0.660156 0.279687 0.742222 0.061250 0.111111 3 0.647949 0.341563 0.625556 0.071250 0.095556 9 0.640625 0.325547 0.422778 0.148906 0.152222 2 0.622559 0.4775 0.485 0.048750 0.051111 3 0.622559 0.68625 0.666667 0.060000 0.128889 3 0.588867 0.259844 0.866667 0.074687 0.152222 3 0.581543 0.198125 0.705556 0.097188 0.126667 2 0.57959 0.342813 0.571667 0.073125 0.083333 2 0.511719 0.730625 0.883889 0.055000 0.144444 10 0.40918 0.053828 0.813889 0.107656 0.292222 2 0.368408 0.289687 0.582778 0.038125 0.078889 3 0.343262 0.343672 0.568889 0.073906 0.076667 6 0.338135 0.185 0.61 0.162188 0.203333 0 0.327637 0.359375 0.940556 0.057500 0.114444 2 0.287842 0.343438 0.625 0.071250 0.095556 1 0.27832 0.80125 0.951111 0.040000 0.095556 0 0.233765 0.100391 0.804444 0.062656 0.125556 0 0.229492 0.049141 0.915556 0.064219 0.112222 2 0.226807 0.279687 0.741111 0.061250 0.110000 11 0.225464 0.240313 0.493333 0.069375 0.130000 1 0.190063 0.049141 0.916111 0.066406 0.114444 9 0.182373 0.053828 0.82 0.107344 0.307778 9 0.171631 0.195469 0.704444 0.095313 0.125556 2 0.151978 0.56625 0.469444 0.033750 0.075556 10 0.151978 0.184688 0.612083 0.163750 0.202500 0 0.138428 0.147969 0.795556 0.048438 0.078889 5 0.128052 0.149688 0.914167 0.127812 0.171667 0 0.100891 0.289531 0.66 0.032813 0.071111 10 0.093323 0.423125 0.401667 0.102500 0.142222 9 0.085388 0.9775 0.806111 0.045000 0.316667 9 0.084778 0.96375 0.880556 0.072500 0.238889 10 0.065125 0.98125 0.807778 0.037500 0.322222 9 0.063965 0.185625 0.614444 0.163125 0.203333 3 0.063049 0.477188 0.484722 0.048750 0.049444 4 0.054596 0.449375 0.440556 0.046875 0.066667 9 0.048126 0.98375 0.773889 0.032500 0.253333 2 0.039795 0.484375 0.468889 0.057500 0.051111 2 0.036072 0.449687 0.440556 0.046250 0.070000 3 0.034088 0.566563 0.468611 0.031250 0.076111 8 0.033478 0.240625 0.495278 0.069375 0.130556 3 0.032715 0.524375 0.873333 0.071250 0.195556 0 0.031143 0.80125 0.951111 0.040000 0.095556 10 0.031021 0.9675 0.892222 0.065000 0.215556 10 0.028549 0.98375 0.757778 0.032500 0.220000 2 0.023865 0.74375 0.473333 0.033750 0.064444 1 0.023773 0.33 0.513889 0.040625 0.062222 10 0.022629 0.97375 0.821111 0.052500 0.357778 1 0.021942 0.28875 0.658333 0.036250 0.076667 3 0.020248 0.500625 0.435278 0.040000 0.060556 0 0.013222 0.064375 0.627778 0.128125 0.262222 10 0.011505 0.925 0.902222 0.150000 0.195556 11 0.008919 0.68625 0.665 0.062500 0.124444 3 0.007374 0.402813 0.557917 0.037500 0.070833 12 0.00634 0.148438 0.795556 0.046875 0.084444 3 0.006123 0.449063 0.441667 0.048125 0.071111 10 0.005775 0.061484 0.632083 0.120469 0.222500 2 0.005554 0.5 0.407778 0.027500 0.032222 0 0.004906 0.783125 0.459167 0.026250 0.067778 7 0.004135 0.136406 0.912222 0.147188 0.175556 1 0.00396 0.043711 0.754444 0.038672 0.062222 3 0.003796 0.073203 0.627778 0.084531 0.086667 0 0.003765 0.164531 0.774444 0.040000 0.097778 3 0.003351 0.425313 0.477778 0.045000 0.050000 5 0.003338 0.068125 0.628333 0.094375 0.100000 10 0.002913 0.027285 0.597917 0.054102 0.146389 3 0.002913 0.923125 0.905833 0.153750 0.188333 3 0.00289 0.259062 0.966111 0.075000 0.067778 0 0.002472 0.448438 0.354444 0.110625 0.117778 2 0.002378 0.401875 0.555417 0.038125 0.069167 3 0.002359 0.47875 0.413889 0.035000 0.044444 11 0.001926 0.96375 0.636667 0.072500 0.115556 12 0.001897 0.165664 0.77 0.038047 0.086667 0 0.001867 0.436563 0.383333 0.121875 0.150556 0 0.001655 0.833125 0.546111 0.036250 0.060000 2 0.001579 0.529688 0.360833 0.025625 0.036111 12 0.001478 0.099512 0.808333 0.062852 0.126667 0 0.001389 0.328672 0.726667 0.023906 0.084444 0 0.001367 0.87875 0.505 0.025000 0.060000 12 0.001367 0.359375 0.942222 0.058750 0.113333 1 0.001315 0.259062 0.966389 0.076875 0.067222 11 0.001225 0.045938 0.633333 0.091875 0.195556 0 0.001151 0.004209 0.950556 0.008418 0.098889 3 0.001134 0.009106 0.261736 0.017314 0.038750 6 0.001086 0.137207 0.912778 0.146211 0.174444 2 0.001044 0.429375 0.48 0.043750 0.055000
CCTV01^20260318-110000-20260318-120000_000781,2 0.952637 0.729375 0.93 0.073750 0.140000 2 0.938965 0.523125 0.873333 0.075000 0.195556 9 0.937012 0.112344 0.735556 0.224688 0.284444 2 0.936523 0.341875 0.55 0.068125 0.075556 9 0.929199 0.815 0.763889 0.202500 0.401111 11 0.922852 0.453125 0.446667 0.053125 0.074444 1 0.920898 0.68375 0.813333 0.045000 0.122222 2 0.918457 0.67 0.581111 0.050000 0.092222 9 0.884277 0.225 0.577639 0.153750 0.184722 2 0.839844 0.48875 0.467222 0.042500 0.056111 2 0.788086 0.414062 0.501111 0.055625 0.063333 2 0.779785 0.3 0.684444 0.068125 0.108889 9 0.682617 0.322813 0.489444 0.113750 0.145556 9 0.675781 0.148984 0.834444 0.193281 0.331111 1 0.65332 0.33375 0.816667 0.048750 0.106667 3 0.640625 0.381563 0.9 0.123125 0.200000 2 0.605957 0.267188 0.947222 0.068438 0.105556 5 0.604004 0.273438 0.788889 0.060000 0.160000 2 0.588867 0.50125 0.431389 0.032500 0.042778 9 0.577637 0.435 0.385556 0.093125 0.127222 3 0.505859 0.8 0.937222 0.093750 0.125556 12 0.379395 0.711875 0.761111 0.035000 0.113333 9 0.280518 0.332578 0.41 0.142344 0.143333 3 0.271973 0.301094 0.686111 0.068438 0.108889 9 0.226807 0.970625 0.899167 0.058750 0.201667 0 0.192505 0.239219 0.863333 0.029687 0.093333 0 0.188965 0.71125 0.761667 0.035000 0.116667 10 0.178955 0.728125 0.304514 0.047500 0.119861 4 0.147095 0.274375 0.788889 0.058750 0.157778 2 0.126343 0.27375 0.788333 0.061250 0.156667 12 0.117188 0.326875 0.596667 0.040625 0.068889 10 0.113586 0.43625 0.387778 0.095000 0.136667 2 0.090088 0.566875 0.471111 0.032500 0.075556 0 0.090088 0.327578 0.594444 0.042344 0.073333 2 0.088196 0.510625 0.402778 0.032500 0.047222 0 0.080933 0.318438 0.724445 0.031875 0.091111 2 0.069275 0.46625 0.491111 0.050000 0.038889 2 0.060089 0.399688 0.561111 0.034375 0.062222 2 0.058563 0.474375 0.486667 0.051250 0.038333 0 0.053986 0.013145 0.932778 0.026250 0.134444 12 0.026352 0.70125 0.643889 0.032500 0.104444 12 0.024139 0.3775 0.453889 0.023750 0.052222 12 0.013535 0.69125 0.715556 0.022500 0.068889 1 0.012192 0.273125 0.787778 0.056875 0.157778 10 0.011162 0.92875 0.903333 0.142500 0.193333 0 0.01107 0.277344 0.61 0.049062 0.090000 12 0.010986 0.318594 0.726667 0.030938 0.093333 12 0.010735 0.2775 0.608889 0.048125 0.086667 10 0.010735 0.96625 0.901667 0.067500 0.196667 0 0.010208 0.34625 0.593333 0.042500 0.074444 2 0.009743 0.478125 0.418889 0.033750 0.041111 10 0.007812 0.113438 0.734445 0.226562 0.291111 3 0.007122 0.477812 0.419444 0.032500 0.043333 9 0.007011 0.85625 0.679028 0.215000 0.333056 3 0.006512 0.398125 0.561111 0.033750 0.065556 10 0.006512 0.028242 0.599444 0.056016 0.150000 0 0.006462 0.077734 0.619444 0.154375 0.276667 2 0.005959 0.011045 0.908333 0.021973 0.173333 9 0.005821 0.484375 0.335278 0.071250 0.104444 1 0.005489 0.7125 0.761111 0.035000 0.113333 11 0.004574 0.129531 0.88 0.132188 0.236667 3 0.003885 0.012559 0.907778 0.025117 0.184444 9 0.003496 0.013594 0.812222 0.027188 0.375556 8 0.00297 0.260313 0.420556 0.065000 0.121111 3 0.002947 0.053672 0.243889 0.026563 0.036111 3 0.002714 0.415 0.501111 0.058750 0.060000 10 0.002632 0.078555 0.626667 0.155547 0.293333 3 0.002502 0.510625 0.402778 0.032500 0.047222 0 0.002165 0.384688 0.5325 0.019375 0.061667 12 0.001957 0.384375 0.53 0.021875 0.063333 11 0.00181 0.260625 0.421389 0.066875 0.121667 6 0.001796 0.320937 0.488889 0.113125 0.147778 3 0.001668 0.926875 0.905556 0.146250 0.188889 2 0.001636 0.422188 0.450556 0.026875 0.054444 10 0.001579 0.861875 0.679028 0.203750 0.317500 1 0.001335 0.107031 0.806111 0.050625 0.108889 1 0.001245 0.69625 0.811111 0.027500 0.124444 10 0.001161 0.014209 0.628889 0.028262 0.153333 10 0.001161 0.016387 0.794444 0.032734 0.362222 2 0.001107 0.985 0.629444 0.030000 0.161111
CCTV01^20260318-110000-20260318-120000_000785,11 0.973633 0.675 0.545694 0.045000 0.115278 2 0.950684 0.691875 0.697222 0.055000 0.125556 11 0.94873 0.4725 0.418333 0.043125 0.075556 2 0.947754 0.269844 0.904444 0.062812 0.151111 2 0.947266 0.523438 0.872778 0.074375 0.195556 2 0.92627 0.493125 0.462222 0.041250 0.062222 9 0.922852 0.81875 0.775556 0.205000 0.407778 9 0.909668 0.259688 0.610139 0.179375 0.197500 9 0.905273 0.345547 0.472778 0.117656 0.128889 9 0.875977 0.156016 0.826667 0.182344 0.346667 9 0.85791 0.083984 0.753333 0.167969 0.297778 2 0.829102 0.50625 0.428889 0.033750 0.045556 2 0.82666 0.444375 0.465833 0.053750 0.058333 3 0.78125 0.346797 0.826667 0.108906 0.175556 2 0.779785 0.384375 0.511111 0.061250 0.075556 2 0.775879 0.38375 0.576667 0.061875 0.075556 9 0.565918 0.46625 0.355556 0.082500 0.105556 5 0.544922 0.283125 0.701667 0.061250 0.133333 12 0.363037 0.259688 0.780556 0.028125 0.097778 2 0.331055 0.56625 0.470556 0.031250 0.075556 2 0.258301 0.51125 0.397778 0.028750 0.034444 9 0.253174 0.351172 0.407778 0.146406 0.138333 1 0.171021 0.312656 0.751111 0.042812 0.084444 9 0.164551 0.9775 0.904444 0.045000 0.191111 12 0.089478 0.331563 0.64 0.030000 0.093333 12 0.076965 0.334063 0.934445 0.055625 0.131111 0 0.068787 0.042109 0.846667 0.076250 0.131111 12 0.041931 0.75 0.937222 0.057500 0.125556 1 0.041473 0.042148 0.848333 0.074453 0.122222 2 0.039948 0.042334 0.848889 0.075332 0.120000 2 0.039185 0.2825 0.701111 0.060625 0.133333 8 0.036896 0.238125 0.359444 0.075937 0.100000 2 0.035278 0.508438 0.405833 0.033125 0.042222 0 0.028107 0.75 0.938333 0.057500 0.123333 10 0.02655 0.517188 0.312222 0.063125 0.100000 2 0.025467 0.506875 0.38 0.037500 0.051111 0 0.020889 0.100625 0.789445 0.055312 0.103333 10 0.015961 0.465625 0.354444 0.085000 0.107778 0 0.014282 0.258125 0.782222 0.031250 0.108889 4 0.013535 0.97 0.766667 0.057500 0.133333 10 0.012337 0.973125 0.902778 0.053750 0.194444 12 0.0112 0.7925 0.961667 0.037500 0.076667 10 0.010246 0.933125 0.903889 0.133750 0.192222 0 0.009895 0.074141 0.612222 0.147031 0.255556 10 0.007576 0.075 0.609861 0.147813 0.251389 12 0.006798 0.042422 0.851111 0.074063 0.122222 8 0.006439 0.86875 0.536667 0.070000 0.177778 10 0.006191 0.350938 0.405278 0.143125 0.142778 12 0.005428 0.298125 0.97 0.031250 0.060000 10 0.004906 0.84625 0.506111 0.112500 0.244444 12 0.004433 0.017363 0.956667 0.031680 0.084444 4 0.004364 0.04082 0.843889 0.079297 0.145556 3 0.004005 0.009482 0.265 0.018008 0.043333 0 0.003824 0.6975 0.882778 0.021250 0.088889 0 0.003721 0.297969 0.969444 0.030625 0.061111 10 0.003124 0.014404 0.819444 0.028809 0.361111 3 0.002867 0.73625 0.376111 0.031250 0.057222 0 0.002846 0.76375 0.447222 0.020000 0.052222 0 0.002811 0.093984 0.803333 0.036094 0.104444 8 0.002522 0.97 0.768889 0.060000 0.133333 3 0.00214 0.791875 0.962778 0.037500 0.074444 2 0.002132 0.98125 0.588333 0.037500 0.121111 3 0.001942 0.755625 0.348333 0.026250 0.053333 12 0.001839 0.003916 0.969167 0.007539 0.061667 10 0.001782 0.028145 0.603889 0.055742 0.157778 2 0.001597 0.9875 0.079653 0.025000 0.059306 3 0.001567 0.053828 0.243333 0.026094 0.034444 1 0.001561 0.79125 0.962778 0.037500 0.074444 3 0.001501 0.615625 0.105 0.011250 0.018056 10 0.001478 0.743125 0.2575 0.043750 0.078889 2 0.001455 0.73625 0.375556 0.031250 0.055556 3 0.00141 0.9825 0.920556 0.035000 0.146667 2 0.001383 0.004541 0.938889 0.008633 0.108889 3 0.001294 0.9725 0.918889 0.055000 0.157778 0 0.001274 0.990313 0.746667 0.019375 0.120000 0 0.001245 0.77625 0.406111 0.025000 0.053333 10 0.001225 0.2575 0.609444 0.185000 0.212222 3 0.001216 0.924375 0.903333 0.151250 0.193333 0 0.001197 0.746875 0.433889 0.017500 0.050000 4 0.001151 0.9825 0.860556 0.035000 0.198889 1 0.001129 0.307344 0.738889 0.034687 0.068889 2 0.001103 0.451875 0.453889 0.055000 0.064444 12 0.001099 0.100703 0.222222 0.020469 0.033333 10 0.001017 0.031582 0.603333 0.063164 0.232222
CCTV01^20260318-110000-20260318-120000_000789,2 0.962402 0.273125 0.833889 0.059062 0.126667 11 0.942383 0.701875 0.694444 0.060000 0.154445 2 0.936523 0.479063 0.480556 0.048125 0.057778 2 0.936035 0.523125 0.873333 0.073750 0.197778 9 0.928711 0.8225 0.775 0.207500 0.411111 2 0.915527 0.726875 0.848889 0.076250 0.164444 9 0.896973 0.374453 0.498889 0.114844 0.148889 1 0.895508 0.317813 0.746111 0.048750 0.097778 9 0.888184 0.241563 0.574444 0.155625 0.195556 9 0.88623 0.180781 0.790556 0.169687 0.377778 12 0.871582 0.35 0.867778 0.036875 0.115556 2 0.866211 0.505625 0.434444 0.037500 0.056667 9 0.813965 0.434375 0.398611 0.076250 0.096111 2 0.775879 0.69 0.465 0.035000 0.067778 12 0.773438 0.320625 0.817778 0.037500 0.097778 3 0.762207 0.3125 0.648889 0.061250 0.164444 2 0.733887 0.4775 0.420833 0.040000 0.063333 2 0.660156 0.440625 0.449444 0.038750 0.053333 9 0.640625 0.062344 0.757222 0.124688 0.287778 2 0.607422 0.5125 0.401667 0.030000 0.043333 3 0.596191 0.655625 0.465278 0.041250 0.098333 12 0.563965 0.315938 0.889444 0.028750 0.086667 12 0.546875 0.389062 0.853889 0.031875 0.092222 0 0.413086 0.288438 0.9 0.028750 0.102222 0 0.399902 0.389375 0.852222 0.032500 0.093333 10 0.381104 0.374297 0.5 0.115156 0.151111 2 0.291016 0.567813 0.470556 0.032500 0.078889 10 0.282227 0.063711 0.774444 0.127422 0.320000 2 0.27832 0.379375 0.583333 0.068125 0.088889 3 0.206909 0.379375 0.580556 0.068750 0.085556 9 0.172729 0.455938 0.351111 0.103125 0.095556 12 0.154053 0.414375 0.933333 0.045000 0.093333 0 0.151978 0.420312 0.936667 0.057500 0.104444 12 0.139893 0.432813 0.964445 0.042500 0.071111 0 0.123779 0.426563 0.959445 0.053125 0.080000 12 0.099792 0.351875 0.778333 0.017500 0.053333 2 0.09845 0.254688 0.962222 0.069375 0.075556 2 0.060089 0.510625 0.413333 0.033750 0.063333 5 0.059418 0.379063 0.581111 0.068750 0.086667 11 0.037323 0.520938 0.355 0.036875 0.061111 0 0.035156 0.7475 0.498333 0.025000 0.061111 2 0.03125 0.433125 0.404444 0.072500 0.106667 3 0.023697 0.254688 0.961111 0.068125 0.077778 0 0.023239 0.352187 0.778889 0.016250 0.053333 3 0.020798 0.52375 0.873333 0.071250 0.195556 10 0.018829 0.457188 0.345556 0.098125 0.090000 1 0.018692 0.6975 0.412222 0.020000 0.053333 1 0.016663 0.351562 0.777778 0.020000 0.055556 3 0.014732 0.77875 0.514722 0.047500 0.061667 2 0.011467 0.274375 0.606667 0.038125 0.095556 3 0.0112 0.743125 0.357222 0.032500 0.058889 3 0.010368 0.81625 0.435 0.037500 0.076667 11 0.009743 0.167852 0.777778 0.119922 0.155556 3 0.008812 0.9925 0.9375 0.015000 0.125000 0 0.007812 0.345937 0.825556 0.016875 0.057778 12 0.007233 0.520938 0.355 0.036875 0.061111 3 0.006958 0.015371 0.965833 0.030430 0.068333 0 0.006931 0.795 0.461667 0.022500 0.056667 3 0.006439 0.053438 0.242917 0.025000 0.031944 1 0.006145 0.75125 0.965556 0.037500 0.068889 3 0.005577 0.9875 0.940556 0.025000 0.118889 9 0.005512 0.52125 0.353889 0.037500 0.063333 0 0.005219 0.076211 0.580139 0.147422 0.190833 2 0.005199 0.99375 0.933333 0.012500 0.124444 4 0.005161 0.81625 0.435556 0.040000 0.075556 3 0.004944 0.976875 0.934445 0.046250 0.131111 2 0.004646 0.81625 0.435 0.037500 0.075556 2 0.004593 0.7775 0.515 0.047500 0.058889 9 0.004398 0.85625 0.678333 0.210000 0.327778 3 0.004349 0.61375 0.104028 0.010000 0.017500 1 0.003736 0.325938 0.604445 0.035000 0.075556 2 0.003538 0.828125 0.111111 0.008750 0.024167 1 0.003248 0.089238 0.795556 0.033086 0.083333 10 0.003197 0.856875 0.671111 0.198750 0.280000 3 0.003075 0.98625 0.618889 0.027500 0.122222 12 0.00289 0.411563 0.997222 0.118125 0.005556 10 0.002811 0.926562 0.908056 0.146875 0.183889 1 0.002779 0.413125 0.931111 0.042500 0.084444 2 0.002653 0.7425 0.358333 0.032500 0.058889 0 0.00227 0.089141 0.797778 0.032813 0.084444 1 0.002132 0.7125 0.963611 0.057500 0.072778 3 0.0021 0.75 0.964445 0.036250 0.071111 9 0.001987 0.079492 0.566667 0.144766 0.162222 1 0.001897 0.335625 0.735556 0.022500 0.080000 3 0.00181 0.294688 0.692778 0.021875 0.068889 10 0.001796 0.078594 0.560556 0.146875 0.156667 5 0.0017 0.125078 0.184583 0.020313 0.058611 3 0.0017 0.009023 0.261944 0.017344 0.039444 3 0.001655 0.014687 0.378611 0.028906 0.085000 3 0.001604 0.011279 0.93 0.022285 0.140000 0 0.001531 0.750625 0.965 0.035000 0.070000 0 0.001378 0.316875 0.826667 0.028750 0.117778 5 0.001346 0.144063 0.138889 0.036875 0.075833 2 0.001335 0.9875 0.084375 0.025000 0.063750 10 0.001225 0.745 0.259722 0.046250 0.082222 0 0.001134 0.5425 0.394444 0.022500 0.051111 9 0.001121 0.360625 0.451111 0.098125 0.111111 3 0.001065 0.005591 0.925 0.011045 0.150000 1 0.001057 0.335 0.755556 0.018750 0.088889 12 0.001044 0.78125 0.998889 0.107500 0.002222
CCTV01^20260318-110000-20260318-120000_000793,2 0.968262 0.276875 0.812222 0.061875 0.124444 11 0.952148 0.720625 0.76 0.071250 0.170000 2 0.942383 0.523125 0.872778 0.075000 0.195556 2 0.933105 0.748125 0.919444 0.086250 0.161111 9 0.920898 0.824375 0.775556 0.203750 0.411111 2 0.896484 0.480312 0.464444 0.046875 0.066667 9 0.89502 0.232656 0.524444 0.154375 0.191111 9 0.855957 0.4075 0.462778 0.102500 0.135556 2 0.844727 0.50625 0.431111 0.031250 0.051111 9 0.833496 0.193711 0.768333 0.158203 0.361111 12 0.782715 0.2975 0.864444 0.028750 0.091111 2 0.728027 0.25875 0.946111 0.068750 0.107778 3 0.71875 0.69 0.587778 0.055000 0.124444 2 0.695801 0.516875 0.387222 0.030000 0.048889 12 0.690918 0.339687 0.819444 0.030000 0.086667 12 0.642578 0.324688 0.741111 0.035000 0.101111 2 0.57373 0.296875 0.647778 0.035937 0.093333 9 0.544922 0.357812 0.464722 0.101250 0.150556 2 0.542969 0.476875 0.409722 0.042500 0.060556 1 0.515625 0.297031 0.647778 0.035313 0.090000 4 0.515625 0.056289 0.813333 0.111484 0.168889 12 0.462891 0.372187 0.848889 0.050000 0.124444 2 0.394287 0.725 0.592222 0.033750 0.082222 12 0.366699 0.34375 0.922222 0.067500 0.133333 2 0.284668 0.333125 0.568333 0.035000 0.076667 12 0.250977 0.316094 0.818889 0.023438 0.082222 1 0.245117 0.333438 0.566528 0.035000 0.075833 3 0.228149 0.275313 0.61 0.045000 0.077778 0 0.193726 0.308125 0.702222 0.029375 0.071111 12 0.105957 0.307813 0.701111 0.028125 0.071111 0 0.082092 0.2975 0.865556 0.031250 0.095556 12 0.047241 0.6775 0.740556 0.017500 0.064444 2 0.043854 0.566875 0.470556 0.031250 0.075556 3 0.040253 0.85375 0.550556 0.065000 0.110000 2 0.030792 0.275313 0.608889 0.048125 0.077778 2 0.027176 0.77 0.505 0.052500 0.048889 10 0.025757 0.519375 0.341111 0.062500 0.078889 0 0.025177 0.67625 0.736667 0.022500 0.068889 12 0.022202 0.67125 0.705 0.030000 0.107778 12 0.020569 0.298438 0.53875 0.030000 0.084722 12 0.019348 0.666875 0.744444 0.018750 0.064444 4 0.019272 0.979375 0.662778 0.041250 0.093333 9 0.017776 0.056484 0.836667 0.111875 0.224444 12 0.015488 0.396875 0.933333 0.052500 0.133333 3 0.015129 0.055313 0.827222 0.103125 0.132222 3 0.014618 0.77125 0.505278 0.055000 0.052222 0 0.013374 0.075391 0.611111 0.149219 0.256667 7 0.012924 0.075898 0.796667 0.065703 0.161111 0 0.011642 0.298438 0.537917 0.030625 0.075278 0 0.011642 0.97875 0.665 0.042500 0.092222 1 0.009338 0.670625 0.697778 0.031250 0.093333 9 0.008614 0.03584 0.766667 0.071680 0.171111 12 0.007874 0.2975 0.559444 0.025625 0.065556 10 0.007431 0.074375 0.612778 0.145156 0.256667 2 0.007374 0.7675 0.539445 0.045000 0.073333 12 0.005867 0.36375 0.771111 0.038125 0.080000 10 0.005844 0.056953 0.831111 0.112344 0.241111 12 0.005753 0.307813 0.843333 0.016875 0.116667 0 0.005753 0.31625 0.960556 0.038125 0.078889 12 0.005386 0.300312 0.652222 0.034375 0.093333 6 0.00526 0.517812 0.341944 0.056250 0.078889 0 0.00518 0.101953 0.715556 0.064531 0.097778 3 0.0047 0.009365 0.2625 0.017656 0.037222 11 0.004574 0.057656 0.827778 0.107813 0.192222 9 0.004539 0.77125 0.720556 0.097500 0.286667 12 0.004505 0.343125 0.8 0.025000 0.106667 10 0.004433 0.159219 0.894444 0.219687 0.211111 5 0.00433 0.855 0.549444 0.065000 0.111111 11 0.004215 0.041367 0.713333 0.082734 0.244444 2 0.00407 0.770625 0.519722 0.050000 0.041667 3 0.003635 0.926875 0.905 0.146250 0.190000 8 0.003622 0.038184 0.705 0.076367 0.212222 3 0.003197 0.9925 0.930278 0.015000 0.139444 9 0.003016 0.43375 0.386389 0.075000 0.095000 3 0.002913 0.979375 0.663333 0.041250 0.082222 12 0.002846 0.316563 0.962222 0.041875 0.075556 10 0.002693 0.92875 0.903889 0.142500 0.192222 12 0.002581 0.320625 0.722222 0.036250 0.115556 0 0.002481 0.146406 0.637778 0.028125 0.061111 0 0.002323 0.369688 0.781111 0.039375 0.084444 10 0.00214 0.036445 0.796667 0.072891 0.276667 12 0.002132 0.054922 0.418889 0.095937 0.210000 3 0.001889 0.9875 0.938333 0.025000 0.122222 10 0.001839 0.52125 0.298333 0.057500 0.072222 10 0.001789 0.8525 0.684306 0.220000 0.311389 3 0.0017 0.053789 0.243194 0.026172 0.034167 12 0.001675 0.314687 0.859445 0.016875 0.097778 10 0.001574 0.036055 0.724445 0.072109 0.257778 12 0.001561 0.425 0.9975 0.143750 0.005000 2 0.001383 0.344375 0.587778 0.043750 0.093333 3 0.001294 0.9825 0.920556 0.035000 0.158889 3 0.00126 0.615 0.104861 0.010625 0.017778 9 0.001206 0.03168 0.718889 0.063281 0.244444 12 0.001188 0.146094 0.641667 0.024375 0.060000 3 0.001161 0.81375 0.430556 0.040000 0.067778 12 0.001081 0.67625 0.721667 0.022500 0.095556
CCTV01^20260318-110000-20260318-120000_000797,2 0.95459 0.75125 0.925278 0.087500 0.149444 11 0.952148 0.72375 0.771667 0.072500 0.173333 2 0.94873 0.523125 0.872222 0.075000 0.195556 9 0.929199 0.824375 0.773333 0.203750 0.411111 2 0.905273 0.398438 0.509444 0.058125 0.065556 2 0.882324 0.28625 0.752778 0.053125 0.095556 9 0.876465 0.228125 0.675694 0.148438 0.290833 9 0.853027 0.375938 0.405 0.108125 0.130000 2 0.779785 0.254219 0.931667 0.076563 0.136667 3 0.777344 0.69 0.6 0.057500 0.144444 9 0.71875 0.775 0.477778 0.120000 0.152222 2 0.647949 0.398125 0.557639 0.046250 0.071389 12 0.629883 0.63375 0.785556 0.018750 0.071111 9 0.618652 0.461875 0.394444 0.075000 0.100556 12 0.600098 0.386875 0.822222 0.036250 0.097778 12 0.577637 0.312969 0.868889 0.039062 0.117778 12 0.567871 0.36625 0.903333 0.041250 0.125556 2 0.525391 0.724375 0.593333 0.033750 0.080000 9 0.521484 0.246875 0.543194 0.161875 0.215833 3 0.424316 0.675 0.486667 0.055000 0.085556 12 0.424316 0.324688 0.667222 0.028750 0.093333 10 0.309082 0.774375 0.474722 0.118750 0.153889 12 0.307373 0.32625 0.956111 0.041875 0.087778 2 0.279785 0.497813 0.426111 0.040000 0.070000 12 0.151978 0.66375 0.764444 0.030000 0.108889 0 0.149048 0.325938 0.6 0.023125 0.060000 11 0.140381 0.110605 0.716667 0.118164 0.156667 3 0.124207 0.9875 0.831111 0.025000 0.175556 10 0.123779 0.375625 0.407222 0.107500 0.131111 2 0.084778 0.566875 0.470278 0.031875 0.078333 2 0.07666 0.3775 0.463889 0.030000 0.063333 5 0.07135 0.9875 0.841111 0.025000 0.194444 12 0.065613 0.290781 0.816667 0.049375 0.104444 5 0.064636 0.4975 0.426667 0.040625 0.067778 12 0.05481 0.3325 0.788889 0.055625 0.122222 12 0.05127 0.349063 0.866667 0.036875 0.096667 3 0.047607 0.455938 0.471667 0.065625 0.074444 10 0.044006 0.046016 0.874444 0.092031 0.251111 3 0.036774 0.00939 0.263889 0.017900 0.040000 6 0.034241 0.109531 0.721111 0.118125 0.157778 10 0.0336 0.719375 0.3025 0.042500 0.092778 9 0.030106 0.171094 0.857222 0.140938 0.285556 9 0.026062 0.109844 0.720556 0.121563 0.155556 2 0.025375 0.515625 0.390556 0.032500 0.055556 12 0.024048 0.64875 0.763333 0.013750 0.106667 10 0.023865 0.145469 0.855 0.193438 0.290000 2 0.021454 0.98625 0.815556 0.027500 0.153333 8 0.019714 0.109609 0.716667 0.115781 0.153333 0 0.017715 0.076133 0.610556 0.149922 0.252222 9 0.01001 0.855 0.679861 0.217500 0.333611 10 0.009636 0.98625 0.868056 0.027500 0.263889 2 0.009163 0.9825 0.602222 0.035000 0.113333 10 0.007694 0.930313 0.903611 0.139375 0.192778 9 0.006931 0.77125 0.720556 0.097500 0.303333 12 0.006313 0.34 0.867778 0.018750 0.107778 10 0.005821 0.965 0.870278 0.070000 0.259444 12 0.004166 0.399375 0.446667 0.022500 0.067778 3 0.003975 0.9675 0.941111 0.065000 0.117778 12 0.003651 0.36125 0.778889 0.037500 0.088889 9 0.003172 0.978438 0.866111 0.043125 0.267778 10 0.003075 0.025039 0.858333 0.050078 0.283333 12 0.002958 0.36125 0.921667 0.033750 0.105556 3 0.002823 0.925 0.906111 0.150000 0.187778 12 0.002434 0.329688 0.562778 0.022500 0.052222 10 0.002388 0.02752 0.599861 0.054492 0.144722 3 0.002234 0.257188 0.931667 0.070625 0.136667 3 0.002234 0.98875 0.940556 0.022500 0.118889 3 0.002216 0.985625 0.877778 0.028750 0.244444 10 0.002043 0.077148 0.615556 0.154297 0.268889 10 0.001972 0.030117 0.789445 0.059688 0.180000 2 0.001796 0.81625 0.430556 0.037500 0.066667 10 0.001775 0.020039 0.800556 0.040078 0.237778 12 0.001649 0.6525 0.761111 0.023750 0.106667 0 0.001525 0.329297 0.561667 0.023906 0.051111 12 0.001399 0.337187 0.883333 0.014375 0.086667 4 0.001335 0.363125 0.885 0.045000 0.123333 2 0.001315 0.456563 0.473056 0.067500 0.072778 12 0.001235 0.356563 0.998333 0.114375 0.003333 9 0.001188 0.99 0.703333 0.020000 0.153333 11 0.001057 0.95 0.471389 0.092500 0.178333 8 0.001008 0.031484 0.779444 0.062969 0.160000
CCTV01^20260318-110000-20260318-120000_000801,2 0.958496 0.75125 0.924444 0.087500 0.151111 11 0.95752 0.72375 0.771111 0.073750 0.175556 9 0.94873 0.175156 0.816111 0.187188 0.367778 2 0.94043 0.523438 0.872778 0.074375 0.195556 9 0.92041 0.824375 0.773889 0.203750 0.411111 3 0.900391 0.69 0.593333 0.057500 0.131111 9 0.899902 0.265469 0.607778 0.147813 0.248889 12 0.896973 0.335547 0.83 0.036406 0.097778 9 0.894043 0.4275 0.414444 0.112500 0.143333 2 0.853027 0.49875 0.437222 0.036250 0.053333 2 0.847168 0.276094 0.836667 0.084687 0.168889 2 0.789062 0.509375 0.401667 0.028750 0.043333 12 0.694336 0.6225 0.796667 0.018750 0.070000 12 0.65332 0.3275 0.941111 0.051250 0.102222 9 0.57959 0.084297 0.771111 0.168281 0.353333 12 0.529297 0.331328 0.747778 0.032344 0.106667 12 0.303955 0.321875 0.686667 0.027500 0.077778 12 0.276611 0.65875 0.76 0.030000 0.100000 2 0.270508 0.5675 0.468333 0.032500 0.073333 12 0.267334 0.685 0.701111 0.030000 0.092222 10 0.259766 0.426875 0.416944 0.115000 0.142778 3 0.226807 0.276406 0.836111 0.079062 0.165556 10 0.171021 0.174531 0.815833 0.184063 0.368333 12 0.135254 0.303438 0.673889 0.033125 0.090000 7 0.096008 0.34 0.481944 0.067500 0.063889 2 0.088196 0.515312 0.380556 0.032500 0.041111 0 0.087585 0.299062 0.683333 0.030625 0.102222 3 0.085083 0.339375 0.482778 0.066875 0.066667 4 0.083313 0.969375 0.631111 0.061250 0.117778 4 0.081238 0.338672 0.482222 0.066406 0.064444 10 0.063477 0.082969 0.781111 0.164687 0.368889 12 0.062317 0.3825 0.515556 0.027500 0.066667 2 0.048126 0.725 0.595556 0.035000 0.080000 7 0.044006 0.969375 0.633333 0.061250 0.113333 12 0.042877 0.3475 0.526667 0.026250 0.066667 12 0.033203 0.65125 0.758333 0.022500 0.097778 12 0.02887 0.31625 0.707778 0.020000 0.097778 12 0.027588 0.332813 0.649444 0.026875 0.093333 0 0.025177 0.330625 0.88 0.018750 0.053333 0 0.024612 0.655 0.823333 0.020000 0.063333 12 0.023956 0.365938 0.531111 0.020625 0.057778 12 0.023773 0.3325 0.884445 0.019375 0.045556 10 0.023697 0.76875 0.391667 0.081250 0.138889 3 0.016098 0.725 0.595556 0.032500 0.080000 9 0.015129 0.76875 0.392222 0.080000 0.136111 3 0.014954 0.96875 0.633333 0.062500 0.113333 3 0.013374 0.436875 0.966667 0.057500 0.066667 0 0.012054 0.247969 0.518889 0.034063 0.067778 0 0.01178 0.3475 0.526111 0.026875 0.065556 12 0.008743 0.329375 0.877778 0.017500 0.052222 12 0.007874 0.370625 0.5275 0.026250 0.071667 12 0.007725 0.365938 0.578889 0.043125 0.077778 10 0.006565 0.92875 0.905 0.142500 0.190000 3 0.005798 0.008999 0.261667 0.017041 0.036111 0 0.005363 0.317031 0.734444 0.017813 0.084444 9 0.004738 0.856875 0.680556 0.206250 0.330000 9 0.0042 0.77125 0.723333 0.097500 0.297778 3 0.003885 0.99375 0.930278 0.012500 0.139444 3 0.003855 0.98 0.921945 0.040000 0.156111 12 0.003708 0.3325 0.86 0.025625 0.086667 0 0.003403 0.334375 0.435833 0.026875 0.050000 12 0.003248 0.353047 0.998889 0.101406 0.002222 3 0.003223 0.615 0.153889 0.010000 0.018333 12 0.003147 0.299844 0.964445 0.047812 0.071111 12 0.003075 0.308125 0.705 0.015937 0.076667 12 0.002958 0.33625 0.637778 0.026250 0.068889 3 0.002621 0.052969 0.244861 0.027734 0.034722 0 0.002522 0.685 0.696667 0.032500 0.084444 3 0.002434 0.925 0.904722 0.150000 0.190556 12 0.002342 0.35625 0.583333 0.031250 0.077778 2 0.002083 0.606875 0.105903 0.009375 0.019028 12 0.001987 0.038008 0.843333 0.076016 0.288889 10 0.001957 0.855 0.677778 0.211250 0.320000 4 0.001904 0.82375 0.492222 0.037500 0.060556 2 0.001796 0.696875 0.513889 0.055000 0.103333 7 0.001789 0.294219 0.459444 0.032188 0.062222 2 0.001687 0.295 0.459167 0.032500 0.063333 0 0.001611 0.077773 0.572778 0.150078 0.184444 12 0.00149 0.625625 0.784445 0.022500 0.095556 9 0.001383 0.4425 0.352778 0.095000 0.107778 10 0.001367 0.029355 0.615556 0.058086 0.176667 0 0.001367 0.298281 0.961111 0.044062 0.071111 12 0.001335 0.365 0.516667 0.027500 0.081111 11 0.001325 0.41875 0.044167 0.080000 0.088333 0 0.001325 0.304531 0.662222 0.030313 0.073333 3 0.001255 0.96625 0.928333 0.067500 0.143333 3 0.001124 0.69625 0.515 0.052500 0.088889 1 0.001107 0.610625 0.781111 0.020000 0.075556 12 0.00106 0.65625 0.821667 0.020000 0.063333
CCTV01^20260318-110000-20260318-120000_000805,11 0.970703 0.725 0.771111 0.072500 0.171111 2 0.960938 0.75125 0.925556 0.087500 0.148889 2 0.956543 0.6525 0.536806 0.040000 0.077500 2 0.955078 0.523125 0.872778 0.073750 0.194444 9 0.950684 0.15125 0.654583 0.200000 0.293056 9 0.927246 0.82 0.774444 0.202500 0.404444 9 0.918945 0.314375 0.551111 0.143750 0.206667 9 0.910645 0.218711 0.74 0.186328 0.357778 3 0.849121 0.69125 0.602222 0.055000 0.142222 12 0.813965 0.66125 0.917778 0.040000 0.144444 2 0.660156 0.46125 0.473889 0.057500 0.064444 2 0.649414 0.74375 0.453333 0.045000 0.076667 1 0.602051 0.210938 0.915556 0.050000 0.115555 0 0.482422 0.675 0.692778 0.025000 0.090000 2 0.416748 0.665 0.465833 0.042500 0.076667 12 0.346924 0.309531 0.710556 0.045937 0.115556 2 0.325928 0.046758 0.785 0.068203 0.127778 12 0.291016 0.364375 0.583333 0.035000 0.084444 2 0.149536 0.725 0.595556 0.030000 0.080000 12 0.142212 0.319688 0.925556 0.066875 0.128889 9 0.12085 0.269219 0.486667 0.167187 0.176667 12 0.116333 0.2625 0.882222 0.045625 0.113333 12 0.110474 0.404375 0.542778 0.023750 0.081111 12 0.070068 0.695625 0.95 0.041250 0.100000 7 0.063232 0.493438 0.413333 0.056250 0.070000 10 0.049408 0.268906 0.490556 0.165937 0.178889 3 0.03125 0.6975 0.511667 0.052500 0.103333 9 0.024139 0.501875 0.358889 0.093750 0.113333 0 0.020416 0.673125 0.784445 0.023750 0.082222 12 0.020172 0.673125 0.781111 0.023750 0.088889 3 0.019867 0.492813 0.415 0.054375 0.068889 2 0.018341 0.5675 0.469722 0.032500 0.077778 0 0.014503 0.259688 0.879444 0.045000 0.110000 1 0.013329 0.31875 0.926111 0.064375 0.128889 10 0.013123 0.8225 0.520833 0.105000 0.230556 10 0.012428 0.965938 0.768333 0.068125 0.178889 0 0.010452 0.272188 0.935 0.029375 0.076667 10 0.01001 0.92875 0.905 0.142500 0.190000 0 0.009933 0.075938 0.61 0.150937 0.255556 12 0.006691 0.641875 0.603333 0.028750 0.068889 0 0.006073 0.699375 0.950833 0.041250 0.098333 10 0.005001 0.76875 0.366111 0.057500 0.106667 9 0.004719 0.77125 0.720556 0.097500 0.298889 9 0.004574 0.076094 0.607778 0.150781 0.251111 2 0.004383 0.014775 0.787778 0.029434 0.133333 3 0.00407 0.9675 0.77 0.065000 0.171111 0 0.003855 0.40375 0.541667 0.030000 0.076667 6 0.003824 0.823125 0.510556 0.107500 0.210000 5 0.003708 0.968125 0.771111 0.063750 0.171111 9 0.003664 0.9725 0.865556 0.055000 0.268889 3 0.003538 0.639375 0.239722 0.016250 0.031667 2 0.00316 0.4925 0.414722 0.053750 0.071111 4 0.002947 0.232813 0.960278 0.057500 0.079444 3 0.002913 0.053828 0.242778 0.024375 0.031111 3 0.002779 0.925 0.905 0.150000 0.190000 2 0.002632 0.643906 0.290556 0.019687 0.040000 9 0.002632 0.96375 0.761667 0.070000 0.195556 3 0.002415 0.644375 0.291111 0.020000 0.042222 10 0.002157 0.50125 0.359722 0.093750 0.121667 10 0.00201 0.84875 0.685556 0.220000 0.302222 6 0.001949 0.9675 0.773333 0.065000 0.173333 4 0.001926 0.968125 0.77 0.063750 0.177778 11 0.001912 0.017559 0.718333 0.035039 0.141111 10 0.001853 0.014121 0.833333 0.028242 0.333333 10 0.001478 0.027559 0.595 0.054648 0.137778 3 0.001478 0.966875 0.928333 0.066250 0.143333 10 0.001285 0.040508 0.601667 0.081016 0.216667 3 0.001124 0.00938 0.263611 0.017744 0.041111 4 0.001037 0.49375 0.413333 0.057500 0.072222 10 0.001024 0.012549 0.772778 0.025098 0.254444
CCTV01^20260318-110000-20260318-120000_000809,2 0.95752 0.75125 0.925556 0.087500 0.148889 2 0.947266 0.523125 0.872222 0.073750 0.195556 9 0.933594 0.825 0.774445 0.205000 0.411111 9 0.905762 0.163438 0.800556 0.207500 0.375556 11 0.899902 0.725 0.771111 0.072500 0.171111 1 0.89502 0.216875 0.892222 0.051875 0.131111 2 0.868652 0.65625 0.547639 0.046250 0.080278 3 0.853027 0.69125 0.601667 0.057500 0.134444 9 0.766113 0.235 0.534445 0.141875 0.200000 2 0.609375 0.66875 0.485 0.037500 0.056667 2 0.586914 0.61625 0.508889 0.060000 0.095556 2 0.535156 0.315625 0.775556 0.045000 0.113333 2 0.416748 0.69625 0.523056 0.053750 0.083889 2 0.403564 0.735 0.5175 0.038750 0.090556 10 0.345215 0.418125 0.471111 0.102500 0.162222 2 0.307373 0.140156 0.671111 0.057813 0.091111 3 0.300781 0.696875 0.521944 0.052500 0.088333 2 0.252441 0.71125 0.436667 0.045000 0.054444 10 0.24292 0.445625 0.378333 0.106250 0.128889 12 0.200562 0.264375 0.873333 0.053750 0.128889 3 0.137939 0.315313 0.417222 0.036875 0.060000 3 0.113586 0.735 0.516944 0.037500 0.090556 3 0.085693 0.140625 0.671111 0.059063 0.092222 2 0.080383 0.725 0.596111 0.033750 0.082222 3 0.073181 0.711875 0.437222 0.045000 0.053333 8 0.059875 0.264375 0.873889 0.053125 0.126667 4 0.057709 0.784375 0.480556 0.045000 0.082778 3 0.055603 0.725625 0.595556 0.033750 0.082222 9 0.05542 0.445625 0.378889 0.106250 0.128889 10 0.049042 0.78625 0.391667 0.070000 0.117778 10 0.049042 0.03002 0.823333 0.060039 0.348889 12 0.048492 0.280938 0.692222 0.030000 0.084444 2 0.047791 0.091484 0.731111 0.063750 0.102222 0 0.046387 0.69 0.895 0.030000 0.104444 0 0.045013 0.655156 0.925556 0.034687 0.116667 7 0.037048 0.78375 0.48 0.045000 0.085000 1 0.030106 0.31625 0.776111 0.045625 0.114444 3 0.026855 0.78375 0.48 0.045000 0.082222 10 0.018616 0.74375 0.257778 0.041250 0.076111 9 0.016022 0.357578 0.489444 0.106094 0.186667 4 0.013847 0.721875 0.339444 0.022500 0.051111 2 0.013329 0.567187 0.468333 0.033125 0.076667 0 0.013023 0.077852 0.598889 0.154453 0.236667 9 0.011734 0.030273 0.801111 0.060547 0.353333 12 0.009743 0.067578 0.914445 0.054688 0.137778 1 0.008347 0.028008 0.923333 0.048203 0.115556 10 0.007755 0.92875 0.904167 0.142500 0.191667 12 0.007431 0.26875 0.66 0.021250 0.088889 3 0.007175 0.7125 0.478889 0.032500 0.060000 1 0.006718 0.18125 0.947778 0.055625 0.102222 10 0.006439 0.966875 0.772222 0.066250 0.175556 0 0.006073 0.066523 0.912222 0.050859 0.137778 12 0.005577 0.275938 0.681111 0.028125 0.115556 4 0.005512 0.473125 0.423333 0.025625 0.056667 0 0.005161 0.269375 0.656111 0.023750 0.076667 9 0.004486 0.78375 0.480278 0.043750 0.081667 4 0.0042 0.71875 0.328333 0.030000 0.070000 3 0.004005 0.005454 0.93 0.010811 0.137778 10 0.003975 0.031797 0.738889 0.063594 0.302222 10 0.003855 0.235 0.538333 0.141250 0.207778 10 0.003736 0.9875 0.78 0.025000 0.206667 9 0.003565 0.77 0.719444 0.095000 0.294444 2 0.003124 0.098125 0.762222 0.060312 0.091111 10 0.002541 0.079883 0.639444 0.159141 0.321111 0 0.002434 0.7625 0.436667 0.020000 0.053333 4 0.002378 0.262656 0.872222 0.051875 0.122222 0 0.00235 0.006299 0.94 0.012598 0.120000 3 0.002199 0.70375 0.957778 0.042500 0.084444 1 0.002174 0.218125 0.868889 0.045000 0.080000 0 0.002165 0.232813 0.944444 0.057500 0.111111 6 0.002132 0.9675 0.775556 0.065000 0.173333 0 0.001987 0.005313 0.923333 0.010352 0.128889 0 0.00198 0.026328 0.922778 0.052031 0.126667 7 0.001965 0.473125 0.423889 0.028125 0.059444 10 0.001919 0.030605 0.597222 0.060820 0.147778 4 0.001853 0.968125 0.774445 0.063750 0.166667 3 0.001768 0.964375 0.911111 0.071250 0.173333 0 0.001741 0.595625 0.421667 0.020000 0.052222 9 0.001727 0.06625 0.696111 0.131406 0.334444 3 0.001727 0.925625 0.906111 0.148750 0.187778 3 0.001707 0.605625 0.139444 0.011875 0.020556 4 0.001567 0.79 0.557778 0.062500 0.067778 4 0.001536 0.566875 0.467778 0.032500 0.076667 3 0.001501 0.98125 0.927778 0.037500 0.144444 3 0.001455 0.014473 0.377778 0.028438 0.082222 5 0.001421 0.969375 0.771111 0.061250 0.160000 3 0.001399 0.053594 0.241944 0.024844 0.029444 3 0.001169 0.734375 0.371944 0.026250 0.053333 1 0.001143 0.2075 0.901111 0.037500 0.126667 3 0.001107 0.025879 0.799444 0.051367 0.204444 0 0.001081 0.685 0.916667 0.027500 0.108889 3 0.001044 0.718125 0.319444 0.028750 0.057778
CCTV01^20260318-110000-20260318-120000_000954,11 0.880859 0.704375 0.649445 0.067500 0.185556 7 0.72168 0.32875 0.804444 0.060000 0.142222 3 0.720215 0.695625 0.828333 0.057500 0.134444 3 0.720215 0.24375 0.921111 0.075625 0.151111 3 0.65332 0.290312 0.754444 0.066875 0.107778 0 0.633301 0.314531 0.638889 0.032813 0.064444 3 0.611328 0.436875 0.477778 0.058750 0.056667 3 0.571777 0.65875 0.597778 0.030000 0.082222 6 0.494141 0.166211 0.752778 0.083203 0.147778 3 0.455078 0.206406 0.823889 0.081875 0.137778 3 0.451416 0.133672 0.949444 0.086094 0.101111 3 0.44751 0.8275 0.646667 0.045000 0.100000 3 0.445557 0.94125 0.645556 0.086250 0.104444 9 0.432129 0.064521 0.667778 0.074863 0.120000 11 0.432129 0.77375 0.751111 0.075000 0.233333 11 0.411133 0.905 0.733333 0.117500 0.246667 2 0.407227 0.4875 0.432778 0.027500 0.051111 0 0.370117 0.228125 0.680556 0.030000 0.075556 0 0.343262 0.40875 0.816667 0.035000 0.066667 2 0.336426 0.249688 0.636667 0.035625 0.071111 3 0.309082 0.739375 0.923333 0.073750 0.153333 0 0.305664 0.38 0.536667 0.026875 0.073333 11 0.30249 0.663906 0.478889 0.067188 0.151111 11 0.291016 0.77 0.528611 0.082500 0.135000 0 0.291016 0.345625 0.572222 0.028750 0.068889 10 0.223999 0.222656 0.519444 0.143125 0.192222 5 0.194336 0.739375 0.923333 0.073750 0.153333 11 0.180054 0.278906 0.567222 0.083437 0.106667 3 0.176636 0.168086 0.651111 0.050078 0.077778 0 0.165039 0.009849 0.744444 0.019697 0.066667 0 0.157715 0.251875 0.703889 0.038750 0.065556 0 0.139893 0.986875 0.751111 0.026250 0.095556 2 0.12854 0.227813 0.675 0.030312 0.063333 0 0.118408 0.317188 0.476111 0.028125 0.060556 0 0.113586 0.27375 0.651667 0.032500 0.064444 3 0.112 0.352187 0.951667 0.100000 0.096667 10 0.108215 0.825 0.887778 0.103750 0.224444 4 0.083862 0.351875 0.950278 0.098750 0.099444 3 0.069275 0.56625 0.470556 0.028125 0.074444 0 0.067566 0.20125 0.651111 0.025625 0.065556 7 0.065857 0.355625 0.507778 0.036875 0.081111 10 0.064209 0.481563 0.358889 0.085625 0.112222 6 0.061188 0.8275 0.89 0.100000 0.215556 0 0.053802 0.396875 0.417222 0.017500 0.045556 12 0.048676 0.904375 0.732778 0.117500 0.247778 3 0.044525 0.70625 0.504444 0.027500 0.065556 3 0.041626 0.96125 0.967778 0.071250 0.064444 3 0.040833 0.615 0.357222 0.026250 0.063889 3 0.033966 0.361875 0.466111 0.036250 0.050000 1 0.033325 0.252187 0.702222 0.038750 0.071111 4 0.028336 0.334375 0.421944 0.035625 0.076667 0 0.026352 0.329375 0.516111 0.016250 0.044444 7 0.024521 0.334688 0.422222 0.035000 0.077222 7 0.024231 0.36 0.474444 0.038750 0.063333 12 0.023773 0.278125 0.566667 0.081875 0.108889 10 0.020416 0.052266 0.880556 0.104531 0.238889 4 0.017914 0.35375 0.507222 0.035000 0.077778 3 0.0149 0.506875 0.391667 0.032500 0.053333 0 0.013588 0.3775 0.41 0.016250 0.038889 0 0.012871 0.249844 0.675556 0.024688 0.042222 8 0.011688 0.901875 0.73 0.126250 0.257778 1 0.010612 0.273594 0.655556 0.032188 0.071111 1 0.009781 0.676875 0.974444 0.027500 0.051111 0 0.009125 0.317188 0.607778 0.026875 0.044444 0 0.008347 0.974375 0.618333 0.027500 0.067778 1 0.007786 0.256875 0.686111 0.025312 0.056667 2 0.007317 0.819375 0.552222 0.030000 0.067778 0 0.006718 0.245 0.710556 0.037500 0.073333 12 0.006641 0.476875 0.943889 0.050000 0.103333 3 0.006538 0.145938 0.67 0.035937 0.066667 9 0.006439 0.334297 0.4225 0.035156 0.077778 0 0.006413 0.00478 0.672778 0.009385 0.058889 3 0.006123 0.148281 0.952778 0.054375 0.094444 5 0.005959 0.705 0.443889 0.037500 0.065556 7 0.00573 0.475625 0.944444 0.047500 0.102222 0 0.005405 0.232813 0.695556 0.031562 0.088889 0 0.005322 0.99125 0.760556 0.017500 0.098889 10 0.00526 0.66625 0.478333 0.066250 0.156667 0 0.005199 0.283125 0.621111 0.032500 0.055556 1 0.004757 0.410313 0.819444 0.034375 0.068889 3 0.0042 0.705 0.443333 0.037500 0.062222 10 0.00407 0.6675 0.280625 0.032500 0.076528 9 0.003914 0.279063 0.56875 0.080000 0.113611 11 0.00378 0.75125 0.501111 0.042500 0.080000 11 0.003469 0.7575 0.469722 0.052500 0.098889 0 0.003363 0.320937 0.582778 0.023750 0.062222 0 0.003172 0.123438 0.648889 0.025781 0.046667 4 0.002913 0.7775 0.53 0.073750 0.138889 4 0.002846 0.70375 0.444167 0.037500 0.066111 1 0.002823 0.246406 0.714445 0.035937 0.073333 4 0.002632 0.8725 0.58 0.030000 0.066667 0 0.002611 0.314687 0.402222 0.017500 0.044444 0 0.002522 0.215313 0.613333 0.028125 0.064444 10 0.002493 0.715 0.276111 0.032500 0.068889 0 0.002453 0.478125 0.956667 0.048750 0.080000 3 0.002199 0.615625 0.229861 0.013125 0.029444 0 0.002068 0.11625 0.666667 0.034063 0.056667 6 0.00205 0.79375 0.322222 0.025000 0.048889 1 0.002028 0.8425 0.564444 0.017500 0.048889 0 0.001912 0.006431 0.656667 0.012744 0.091111 3 0.001853 0.92125 0.567778 0.032500 0.048889 11 0.001824 0.764375 0.508333 0.070000 0.093333 2 0.001796 0.282344 0.616111 0.037500 0.048889 10 0.001681 0.669844 0.369444 0.062813 0.105556 0 0.001649 0.008154 0.725556 0.015684 0.084444 4 0.001597 0.628438 0.425556 0.021250 0.058889 3 0.001574 0.473125 0.303611 0.026875 0.037222 11 0.001549 0.744375 0.494444 0.027500 0.065556 2 0.001346 0.47625 0.407778 0.026250 0.032778 1 0.00132 0.307344 0.66 0.028437 0.054444 0 0.001225 0.400625 0.808333 0.026875 0.064444 0 0.001216 0.220313 0.663333 0.030625 0.055556 3 0.001188 0.98875 0.744444 0.022500 0.093333 1 0.001174 0.69875 0.911111 0.027500 0.062222 8 0.001129 0.8175 0.451111 0.032500 0.066667 10 0.001121 0.012188 0.863889 0.024219 0.272222 1 0.001073 0.52875 0.412778 0.016250 0.032222 2 0.001048 0.143125 0.667778 0.032500 0.057778 0 0.001017 0.32 0.594444 0.023125 0.044444
CCTV01^20260318-110000-20260318-120000_000966,11 0.873047 0.71 0.663333 0.071250 0.188889 1 0.79834 0.67125 0.951667 0.032500 0.088889 3 0.794434 0.7 0.840556 0.052500 0.141111 11 0.647949 0.77625 0.79 0.077500 0.252222 10 0.615234 0.415625 0.423333 0.101875 0.146667 3 0.577637 0.265469 0.838333 0.071250 0.126667 2 0.542969 0.341953 0.610556 0.046094 0.080000 7 0.503906 0.84 0.927778 0.065000 0.122222 2 0.490234 0.18875 0.739444 0.041875 0.095556 2 0.466797 0.868125 0.756667 0.055000 0.093333 4 0.411133 0.47875 0.452222 0.047500 0.070000 5 0.394287 0.23625 0.735556 0.076250 0.135556 10 0.355713 0.317188 0.542778 0.161875 0.205556 1 0.346924 0.85625 0.692222 0.025000 0.054444 3 0.345215 0.098887 0.846667 0.101289 0.140000 9 0.341553 0.8 0.575694 0.057500 0.128611 3 0.338135 0.73625 0.931111 0.080000 0.137778 3 0.334473 0.305937 0.687778 0.064375 0.106667 3 0.329346 0.85 0.821111 0.090000 0.143333 3 0.30249 0.74125 0.571667 0.051250 0.080000 10 0.287842 0.81 0.461667 0.057500 0.141111 11 0.287842 0.8 0.576111 0.057500 0.130000 3 0.24939 0.205 0.671111 0.079687 0.086667 3 0.194946 0.649375 0.604445 0.055000 0.088889 7 0.174438 0.47875 0.453333 0.045000 0.067778 5 0.11554 0.51125 0.393333 0.033750 0.060000 9 0.108582 0.10377 0.720556 0.112461 0.150000 0 0.092346 0.8725 0.657778 0.032500 0.075556 5 0.090393 0.39375 0.553333 0.056250 0.084444 0 0.089111 0.889375 0.714445 0.030000 0.080000 3 0.072876 0.7425 0.499444 0.042500 0.063333 11 0.062103 0.102363 0.722778 0.112148 0.173333 11 0.058563 0.68375 0.511667 0.070000 0.151111 3 0.057495 0.623438 0.422778 0.028125 0.053333 11 0.052246 0.95125 0.842222 0.095000 0.282222 3 0.048676 0.84 0.927778 0.060000 0.117778 4 0.047607 0.646406 0.507778 0.022188 0.055556 3 0.041138 0.435625 0.499722 0.048750 0.040556 1 0.040527 0.156953 0.751111 0.027031 0.068889 4 0.031494 0.635938 0.453333 0.023125 0.060000 10 0.024704 0.027598 0.851111 0.054805 0.262222 5 0.023071 0.736875 0.931111 0.077500 0.134444 3 0.021042 0.511563 0.393889 0.033750 0.060000 10 0.020645 0.6725 0.320556 0.040000 0.108333 9 0.018982 0.31125 0.424444 0.049375 0.082222 4 0.017303 0.10377 0.721111 0.111211 0.160000 2 0.016983 0.025898 0.795556 0.051562 0.143333 3 0.016724 0.024297 0.793333 0.048594 0.140000 3 0.016022 0.287188 0.476111 0.041250 0.050000 11 0.015366 0.93 0.667778 0.103750 0.144444 3 0.012627 0.715 0.504444 0.035000 0.055556 3 0.010208 0.758125 0.453333 0.027500 0.053333 3 0.009895 0.394375 0.552778 0.055000 0.083333 0 0.008545 0.157109 0.749444 0.030469 0.070000 1 0.008186 0.520625 0.431944 0.016250 0.033889 9 0.007874 0.9375 0.67 0.087500 0.144444 6 0.007404 0.025723 0.791111 0.051445 0.142222 4 0.006168 0.76375 0.415 0.028750 0.047778 10 0.006168 0.97375 0.775556 0.052500 0.162222 12 0.006096 0.103613 0.72 0.109648 0.164444 3 0.00605 0.515625 0.401667 0.025000 0.054444 3 0.006004 0.74375 0.386389 0.025000 0.040556 0 0.005775 0.183164 0.571667 0.169922 0.216667 0 0.005665 0.975 0.620556 0.027500 0.066667 11 0.005119 0.975 0.851111 0.050000 0.277778 3 0.004738 0.68125 0.403333 0.030000 0.056667 5 0.004681 0.287344 0.480833 0.043125 0.061111 3 0.004555 0.207656 0.972222 0.079062 0.055556 11 0.004314 0.68125 0.541667 0.057500 0.085556 4 0.00326 0.608125 0.366667 0.024375 0.052222 3 0.003124 0.425 0.499722 0.033750 0.043333 4 0.003099 0.626563 0.38 0.023125 0.045556 4 0.002924 0.023672 0.787222 0.047344 0.128889 9 0.002115 0.9525 0.839445 0.095000 0.273333 0 0.002108 0.7125 0.268333 0.012500 0.030000 2 0.001831 0.9 0.578889 0.035000 0.050000 10 0.001741 0.715625 0.434167 0.041250 0.073889 10 0.0017 0.984375 0.773333 0.031250 0.172222 4 0.001574 0.948125 0.686667 0.065000 0.111111 2 0.001525 0.866875 0.59 0.037500 0.068889 10 0.00149 0.77625 0.354444 0.060000 0.113333 2 0.001461 0.015898 0.776111 0.031680 0.104444 11 0.001444 0.979375 0.784445 0.041250 0.128889 6 0.001399 0.015645 0.796667 0.031289 0.151111 0 0.001383 0.043447 0.645556 0.025605 0.062222 0 0.001346 0.99375 0.61 0.012500 0.077778 1 0.001221 0.650625 0.404167 0.016250 0.036111 10 0.001211 0.39375 0.387222 0.091250 0.113333 0 0.001103 0.995 0.63 0.010000 0.093333 11 0.00104 0.940625 0.8 0.072500 0.168889 12 0.001008 0.95125 0.835556 0.095000 0.297778 11 0.001004 0.99125 0.827778 0.017500 0.143333
CCTV01^20260318-110000-20260318-120000_000970,11 0.862305 0.71125 0.677778 0.070000 0.191111 10 0.817383 0.153672 0.732222 0.183594 0.344444 1 0.811523 0.67125 0.952222 0.032500 0.091111 11 0.789062 0.78125 0.797778 0.085000 0.272222 3 0.786621 0.7 0.853889 0.051250 0.138889 3 0.750488 0.255938 0.82 0.076250 0.134444 3 0.733887 0.898125 0.885556 0.096250 0.152222 10 0.649414 0.030898 0.791667 0.061797 0.378889 2 0.622559 0.901875 0.79 0.063750 0.086667 3 0.605957 0.320312 0.656111 0.069375 0.114444 1 0.600098 0.845 0.788333 0.030000 0.082222 2 0.533203 0.87625 0.668889 0.040000 0.092222 10 0.525391 0.82 0.516667 0.062500 0.166667 10 0.49707 0.345703 0.456944 0.156094 0.155000 3 0.474609 0.495938 0.45 0.035625 0.059444 10 0.449463 0.47875 0.386944 0.083750 0.126111 3 0.435791 0.271719 0.631667 0.040937 0.083333 11 0.420654 0.681875 0.51 0.072500 0.142222 3 0.418701 0.739375 0.936667 0.068750 0.120000 3 0.37207 0.82625 0.655556 0.060000 0.100000 9 0.267334 0.94375 0.682222 0.110000 0.171111 3 0.20813 0.652656 0.614444 0.052187 0.097778 3 0.20813 0.113906 0.962222 0.090625 0.075556 4 0.166626 0.77375 0.553889 0.051250 0.115556 2 0.162354 0.516875 0.41 0.021250 0.050000 11 0.150024 0.773125 0.554444 0.051250 0.118889 9 0.14856 0.971875 0.893056 0.056250 0.213889 3 0.130737 0.42875 0.476667 0.048750 0.058889 1 0.085388 0.600625 0.460556 0.016250 0.050000 3 0.074768 0.62375 0.423889 0.026250 0.054444 5 0.069824 0.4575 0.478333 0.052500 0.064444 7 0.061646 0.97125 0.891111 0.057500 0.212222 11 0.052032 0.971875 0.893611 0.056250 0.212778 4 0.047791 0.76125 0.473611 0.030000 0.054444 11 0.046539 0.944375 0.68 0.111250 0.171111 3 0.038452 0.7825 0.653333 0.050000 0.077778 10 0.035828 0.7 0.388889 0.065000 0.137778 1 0.029083 0.575938 0.528889 0.015000 0.050000 3 0.027481 0.86625 0.969444 0.057500 0.061111 2 0.026962 0.517813 0.422778 0.020000 0.061111 4 0.025375 0.646875 0.509444 0.021250 0.053333 1 0.024139 0.635625 0.556667 0.017500 0.045556 3 0.02298 0.725 0.476111 0.037500 0.057778 2 0.021942 0.49625 0.447778 0.036250 0.065556 11 0.02153 0.725625 0.525278 0.037500 0.091667 4 0.020172 0.635625 0.453611 0.022500 0.059444 9 0.009857 0.277187 0.545417 0.114375 0.120278 1 0.008743 0.810625 0.968889 0.026250 0.055556 3 0.008316 0.456563 0.478333 0.054375 0.065556 0 0.007694 0.885625 0.583333 0.025000 0.062222 4 0.007095 0.725625 0.525833 0.037500 0.090556 10 0.006565 0.6325 0.263333 0.033750 0.087222 0 0.006168 0.016914 0.868333 0.033750 0.114444 5 0.005936 0.479688 0.47 0.051875 0.060000 5 0.005775 0.739375 0.937778 0.070000 0.120000 6 0.005577 0.971875 0.891667 0.056250 0.216667 4 0.005199 0.65125 0.395 0.026250 0.044444 1 0.004719 0.31625 0.551667 0.030625 0.058889 3 0.00387 0.64625 0.509444 0.021250 0.053333 1 0.00375 0.31125 0.561111 0.028125 0.048889 5 0.003565 0.725 0.487778 0.037500 0.068889 0 0.003223 0.160625 0.543889 0.023438 0.055556 1 0.002935 0.60375 0.407222 0.013750 0.041667 7 0.002811 0.276406 0.55 0.102813 0.107778 0 0.002443 0.97625 0.617222 0.027500 0.057778 2 0.002003 0.99125 0.685 0.017500 0.093333 10 0.001839 0.51625 0.317778 0.058750 0.093333 3 0.001839 0.76 0.42 0.030000 0.055556 1 0.001831 0.70125 0.98 0.026250 0.038889 0 0.001789 0.975 0.628333 0.035000 0.078889 3 0.001727 0.7775 0.641111 0.042500 0.057778 10 0.001536 0.978125 0.884445 0.043750 0.231111 3 0.001421 0.210313 0.568889 0.045625 0.048889 2 0.001372 0.132031 0.546667 0.017500 0.044444 3 0.001279 0.63625 0.451389 0.021250 0.055000 10 0.001197 0.555313 0.336389 0.036875 0.076667 1 0.001165 0.71 0.288889 0.012500 0.030000
CCTV01^20260318-110000-20260318-120000_000974,1 0.854004 0.673125 0.956111 0.032500 0.086667 11 0.823242 0.7125 0.678333 0.067500 0.195556 3 0.812988 0.7 0.853889 0.050000 0.138889 11 0.800781 0.78 0.804444 0.077500 0.260000 10 0.774414 0.268125 0.584583 0.168750 0.237500 3 0.700684 0.227656 0.806667 0.088125 0.117778 3 0.651367 0.247813 0.897778 0.085000 0.148889 3 0.637207 0.381875 0.577778 0.061250 0.077778 3 0.637207 0.29875 0.69 0.070000 0.104444 6 0.584961 0.88625 0.648889 0.122500 0.254444 1 0.537109 0.955 0.807778 0.030000 0.075556 3 0.535156 0.132266 0.852778 0.085781 0.134444 3 0.515625 0.73875 0.938333 0.070000 0.118889 4 0.507812 0.783125 0.555417 0.038750 0.069167 3 0.501953 0.32 0.443056 0.043125 0.050000 3 0.490234 0.84875 0.803333 0.072500 0.142222 4 0.470703 0.8725 0.920556 0.072500 0.158889 10 0.463867 0.885625 0.64875 0.122500 0.258056 0 0.453369 0.9875 0.809444 0.025000 0.094444 7 0.434082 0.87125 0.920833 0.075000 0.158333 3 0.432129 0.659375 0.622222 0.038750 0.091111 3 0.42627 0.976875 0.695 0.046250 0.101111 10 0.410156 0.03207 0.648333 0.064141 0.248889 0 0.352295 0.051494 0.806667 0.061699 0.120000 3 0.343262 0.74375 0.557778 0.037500 0.085556 5 0.327637 0.144766 0.707222 0.082969 0.114444 2 0.282959 0.95375 0.608889 0.040000 0.066667 1 0.23938 0.628438 0.567778 0.024375 0.058889 6 0.228149 0.79125 0.665 0.075000 0.132222 3 0.178955 0.96 0.918889 0.080000 0.162222 5 0.125977 0.5 0.401111 0.036250 0.062222 0 0.113159 0.007061 0.837778 0.014121 0.088889 3 0.111633 0.624375 0.420833 0.028750 0.053333 3 0.110474 0.144609 0.707778 0.082344 0.115556 2 0.108582 0.791875 0.665556 0.075000 0.131111 10 0.106323 0.821875 0.478889 0.073750 0.184444 11 0.09436 0.462187 0.425556 0.058750 0.089444 3 0.070312 0.359375 0.391389 0.031250 0.043333 3 0.068542 0.7975 0.621111 0.047500 0.071111 0 0.066833 0.268438 0.469722 0.026250 0.053889 1 0.065125 0.648125 0.558333 0.022500 0.054444 10 0.057709 0.438125 0.395278 0.110000 0.131667 9 0.045868 0.98 0.696667 0.040000 0.102222 4 0.042389 0.636563 0.451111 0.023125 0.061111 3 0.037323 0.172187 0.972222 0.080625 0.055556 1 0.036072 0.95875 0.753889 0.023750 0.056667 10 0.032715 0.640156 0.344167 0.042188 0.112778 3 0.027908 0.009053 0.261944 0.017500 0.036667 3 0.021866 0.79625 0.608889 0.042500 0.047778 1 0.020798 0.956875 0.79 0.028750 0.084444 10 0.02002 0.72375 0.428333 0.085000 0.158889 3 0.019501 0.67625 0.389167 0.020000 0.045556 5 0.014839 0.95875 0.92 0.081250 0.160000 4 0.013428 0.624063 0.395278 0.023750 0.073333 7 0.013123 0.636875 0.451667 0.022500 0.061111 3 0.012627 0.054063 0.241528 0.024219 0.029722 2 0.01133 0.67 0.311667 0.017500 0.035556 5 0.01049 0.139844 0.150417 0.027500 0.051389 1 0.010452 0.640625 0.564444 0.025000 0.053333 3 0.010056 0.63625 0.453333 0.022500 0.061111 0 0.008476 0.99375 0.767222 0.012500 0.121111 1 0.007874 0.023403 0.782222 0.026943 0.064444 3 0.007347 0.648906 0.513333 0.024688 0.055556 0 0.007206 0.011084 0.828889 0.020762 0.100000 10 0.007175 0.006748 0.660972 0.013184 0.275833 0 0.006878 0.995 0.742222 0.010000 0.080000 5 0.00605 0.146094 0.151111 0.022187 0.050556 4 0.005844 0.4625 0.427778 0.058750 0.086667 2 0.005775 0.96 0.584444 0.040000 0.075556 3 0.005688 0.624375 0.403889 0.028750 0.091111 3 0.005447 0.66625 0.346111 0.018750 0.040556 2 0.004963 0.006362 0.857778 0.012725 0.108889 2 0.004116 0.648125 0.513333 0.023750 0.054444 2 0.004101 0.100859 0.58 0.022656 0.055556 1 0.003651 0.81 0.978889 0.022500 0.036667 1 0.003223 0.9575 0.770556 0.027500 0.078889 1 0.002958 0.6975 0.979722 0.030000 0.040556 2 0.002846 0.610625 0.325 0.014375 0.038889 2 0.002811 0.66625 0.346667 0.020000 0.042222 3 0.002714 0.995 0.682222 0.010000 0.113333 2 0.002693 0.074219 0.576667 0.016719 0.046667 0 0.002405 0.99625 0.643333 0.007500 0.077778 10 0.002296 0.641094 0.361667 0.037812 0.074444 3 0.00215 0.995 0.712778 0.010000 0.112222 1 0.002035 0.98625 0.807778 0.027500 0.091111 3 0.001942 0.99125 0.73 0.017500 0.104444 2 0.001846 0.101094 0.221944 0.019687 0.031667 3 0.001768 0.012988 0.369444 0.025000 0.061111 11 0.001741 0.685 0.527778 0.087500 0.178889 0 0.001714 0.344688 0.505556 0.024375 0.066667 1 0.001567 0.625313 0.576667 0.024375 0.060000 2 0.001444 0.091582 0.579444 0.028086 0.054444 5 0.001346 0.144688 0.142188 0.033750 0.070625 10 0.00132 0.9925 0.552361 0.015000 0.117500 0 0.001255 0.955 0.702778 0.027500 0.067778 1 0.001216 0.076797 0.720556 0.027188 0.075556 0 0.001192 0.99125 0.553889 0.017500 0.116667 3 0.001174 0.84125 0.767778 0.052500 0.075556 10 0.001138 0.011572 0.874444 0.023145 0.251111 0 0.001124 0.348125 0.515 0.017500 0.055556 2 0.001099 0.325625 0.449444 0.039375 0.056667 3 0.001069 0.773125 0.451945 0.023750 0.054444 10 0.00104 0.98875 0.700556 0.022500 0.148889 1 0.001032 0.347813 0.514167 0.016875 0.053889 11 0.001032 0.031289 0.652222 0.062578 0.256667 12 0.001008 0.019834 0.094167 0.039668 0.188333
CCTV01^20260318-110000-20260318-120000_000978,11 0.839844 0.7125 0.678889 0.070000 0.195556 4 0.818848 0.829375 0.721111 0.043750 0.095556 1 0.796875 0.674375 0.956111 0.035000 0.086667 3 0.782715 0.701875 0.855556 0.051250 0.135556 10 0.728027 0.913125 0.677639 0.160000 0.326945 11 0.705566 0.78125 0.806667 0.083750 0.262222 3 0.675781 0.061055 0.904444 0.107578 0.168889 3 0.594727 0.283437 0.732222 0.065937 0.106667 3 0.592773 0.658906 0.618889 0.039687 0.088889 2 0.546875 0.220313 0.585556 0.039375 0.078889 3 0.535156 0.142031 0.894444 0.108437 0.171111 5 0.533203 0.240938 0.86 0.087500 0.173333 4 0.511719 0.67125 0.43 0.037500 0.058333 3 0.503906 0.73875 0.938333 0.067500 0.120000 4 0.484375 0.86875 0.92 0.067500 0.157778 3 0.462891 0.167852 0.728889 0.080547 0.106667 0 0.460938 0.10875 0.726111 0.045000 0.086667 2 0.413086 0.98625 0.697778 0.027500 0.095556 1 0.392334 0.67 0.897778 0.035000 0.073333 3 0.343262 0.468125 0.471944 0.046250 0.053333 3 0.29248 0.364375 0.476389 0.040000 0.056111 3 0.289307 0.631875 0.438889 0.033750 0.055556 10 0.283691 0.054219 0.586806 0.107813 0.237500 3 0.282959 0.4 0.523889 0.060000 0.071111 3 0.275146 0.800625 0.627222 0.045000 0.086667 3 0.271973 0.3 0.488333 0.040000 0.060000 5 0.267334 0.347578 0.603333 0.072344 0.100000 3 0.229492 0.87625 0.841111 0.086250 0.137778 3 0.209473 0.205 0.748889 0.080625 0.124444 0 0.181885 0.16375 0.657222 0.042188 0.067778 1 0.180664 0.626875 0.572222 0.025000 0.062222 3 0.13208 0.49375 0.434722 0.035000 0.051667 2 0.085999 0.995 0.937778 0.010000 0.094444 2 0.07666 0.99125 0.71 0.017500 0.091111 9 0.076416 0.31875 0.576667 0.072500 0.104444 7 0.065125 0.143125 0.895 0.109688 0.174444 2 0.064392 0.494063 0.434722 0.035000 0.051667 2 0.062317 0.96375 0.577778 0.035000 0.073333 1 0.052032 0.274687 0.527222 0.030312 0.053333 10 0.048859 0.430937 0.425 0.105000 0.147778 10 0.043365 0.76375 0.481389 0.107500 0.190556 5 0.041321 0.319688 0.577222 0.073125 0.102222 3 0.034607 0.505625 0.397778 0.037500 0.044444 9 0.030106 0.43 0.427222 0.106875 0.143333 0 0.025467 0.99625 0.794444 0.007500 0.084444 3 0.016663 0.7375 0.353333 0.025000 0.042222 3 0.014732 0.3475 0.604445 0.073750 0.097778 1 0.01178 0.648125 0.558889 0.020000 0.054444 0 0.011467 0.158047 0.646667 0.037656 0.060000 11 0.010208 0.042344 0.597917 0.084688 0.221944 0 0.01017 0.274219 0.5275 0.030000 0.056111 0 0.009895 0.260156 0.520556 0.032813 0.060000 0 0.009781 0.255 0.513889 0.030625 0.060000 1 0.009193 0.99 0.936667 0.020000 0.104444 0 0.006798 0.229375 0.504444 0.028750 0.060000 2 0.005642 0.665 0.555 0.035000 0.061111 7 0.005161 0.66875 0.486667 0.052500 0.088889 3 0.004982 0.87375 0.814444 0.077500 0.080000 0 0.004646 0.142656 0.623333 0.027656 0.062222 3 0.004467 0.009062 0.262222 0.017656 0.040000 1 0.004166 0.635625 0.565556 0.022500 0.053333 4 0.004005 0.650625 0.468889 0.021250 0.051111 4 0.003944 0.331563 0.43 0.036875 0.055556 10 0.003855 0.656406 0.367222 0.062187 0.114444 3 0.003839 0.331875 0.428889 0.036250 0.054444 2 0.003824 0.99375 0.683333 0.012500 0.114444 3 0.003708 0.76375 0.480556 0.107500 0.192222 11 0.003651 0.6725 0.493889 0.047500 0.090000 3 0.003551 0.05375 0.241944 0.023906 0.027778 2 0.003075 0.995938 0.757222 0.008125 0.096667 5 0.003004 0.135547 0.151389 0.017969 0.043333 2 0.002653 0.99 0.936667 0.020000 0.113333 0 0.002481 0.99625 0.929444 0.007500 0.111111 1 0.002388 0.70125 0.980833 0.022500 0.038333 3 0.002306 0.627813 0.275278 0.018750 0.039444 2 0.00209 0.15375 0.605556 0.046875 0.086667 0 0.001883 0.975 0.765 0.032500 0.095556 0 0.001755 0.186562 0.583889 0.030625 0.064444 2 0.001748 0.36875 0.43 0.028750 0.044444 5 0.001741 0.125 0.184444 0.020625 0.060556 12 0.001597 0.500938 0.143611 0.018750 0.050556 3 0.001597 0.609375 0.371111 0.021250 0.045556 2 0.001536 0.6575 0.557222 0.032500 0.057778 3 0.001421 0.62125 0.395556 0.025625 0.047778 11 0.00141 0.036758 0.644444 0.073516 0.121111 0 0.001305 0.9925 0.594444 0.015000 0.068889 12 0.001245 0.008887 0.083958 0.017344 0.167917 9 0.001169 0.86375 0.459722 0.041250 0.077778 0 0.001138 0.003945 0.718333 0.007891 0.086667 2 0.001116 0.82875 0.110868 0.010000 0.024375 3 0.00104 0.216094 0.976945 0.074375 0.046111
CCTV01^20260318-110000-20260318-120000_000982,11 0.812988 0.7125 0.677222 0.070000 0.196667 3 0.791992 0.700625 0.855 0.050000 0.141111 11 0.786621 0.779375 0.808333 0.078750 0.266667 1 0.771973 0.67375 0.954444 0.037500 0.088889 10 0.769043 0.945 0.81 0.110000 0.380000 2 0.700684 0.159688 0.688333 0.050937 0.090000 4 0.689453 0.84375 0.840556 0.047500 0.121111 3 0.602051 0.172656 0.903333 0.085938 0.146667 3 0.539062 0.23875 0.932222 0.078125 0.135556 3 0.517578 0.083105 0.945278 0.092852 0.109444 3 0.513672 0.659375 0.622222 0.038750 0.088889 3 0.486328 0.73875 0.937778 0.067500 0.118889 3 0.482422 0.152031 0.784445 0.086250 0.120000 4 0.418701 0.87125 0.917778 0.070000 0.164444 3 0.403564 0.625938 0.509444 0.038125 0.067778 2 0.357666 0.6575 0.545694 0.032500 0.064167 3 0.355713 0.374375 0.511667 0.055000 0.073333 3 0.336426 0.660625 0.496111 0.040000 0.055556 3 0.252441 0.480625 0.451667 0.038750 0.043333 3 0.250977 0.429375 0.483611 0.045000 0.038889 5 0.24939 0.283438 0.761111 0.071875 0.146667 3 0.248047 0.298438 0.497222 0.051875 0.072778 3 0.245117 0.42625 0.421667 0.043750 0.048889 3 0.243652 0.376563 0.586667 0.067500 0.060000 5 0.23938 0.319375 0.657778 0.065625 0.114444 3 0.229492 0.02002 0.848333 0.040039 0.145556 10 0.224731 0.663125 0.384722 0.063750 0.122222 3 0.194946 0.467813 0.486667 0.045000 0.035000 3 0.185913 0.233125 0.741111 0.076250 0.122222 1 0.122131 0.220937 0.641111 0.027500 0.075556 3 0.120422 0.504375 0.419722 0.033750 0.052778 3 0.120422 0.62375 0.432778 0.030000 0.060000 3 0.11438 0.87875 0.662222 0.050000 0.104444 3 0.090088 0.00999 0.723333 0.019688 0.093333 3 0.088501 0.705 0.4975 0.035000 0.042778 6 0.084778 0.283437 0.760556 0.071250 0.145556 5 0.076111 0.021074 0.853333 0.041914 0.173333 3 0.066833 0.319688 0.656667 0.065000 0.115556 12 0.061646 0.684375 0.456111 0.036250 0.070000 0 0.06076 0.66625 0.893889 0.030000 0.082222 3 0.060516 0.332813 0.565694 0.060625 0.075278 1 0.053192 0.66625 0.893333 0.031250 0.080000 0 0.046722 0.018047 0.762222 0.036094 0.082222 10 0.036499 0.02084 0.85 0.041445 0.173333 3 0.026657 0.283125 0.636667 0.070938 0.106667 4 0.026062 0.684375 0.456389 0.036250 0.069444 3 0.020966 0.68375 0.457222 0.037500 0.070000 5 0.020096 0.283594 0.634444 0.070937 0.105556 1 0.019562 0.6275 0.572222 0.023750 0.055556 3 0.014336 0.366875 0.402222 0.030000 0.040000 3 0.012871 0.28375 0.567222 0.062500 0.065556 10 0.012009 0.020039 0.860833 0.040078 0.278333 5 0.011688 0.489375 0.397778 0.040625 0.064444 7 0.01107 0.3525 0.473889 0.058750 0.088333 3 0.01017 0.41125 0.523333 0.040000 0.063333 1 0.008514 0.220781 0.662222 0.027500 0.063333 3 0.008476 0.486563 0.398889 0.042500 0.057778 3 0.008377 0.72625 0.455556 0.025000 0.057778 3 0.008217 0.868125 0.712222 0.045000 0.104444 4 0.008156 0.80375 0.424722 0.037500 0.077778 11 0.006462 0.351875 0.473333 0.058750 0.087778 3 0.006168 0.352187 0.474444 0.061875 0.090000 3 0.005821 0.054141 0.243333 0.025469 0.033889 10 0.005554 0.66625 0.312222 0.037500 0.077778 2 0.005386 0.019912 0.846667 0.039824 0.162222 2 0.005039 0.638125 0.560556 0.027500 0.066667 1 0.004925 0.399375 0.457778 0.013750 0.041111 3 0.004719 0.68625 0.541667 0.025000 0.051111 5 0.004467 0.410313 0.524167 0.039375 0.065000 10 0.004135 0.059492 0.574444 0.118516 0.228889 1 0.004005 0.70125 0.977222 0.025000 0.044444 2 0.003944 0.010898 0.817778 0.021680 0.180000 3 0.003351 0.68375 0.474444 0.031250 0.046667 1 0.003311 0.267188 0.841111 0.031875 0.060000 3 0.002779 0.418125 0.511389 0.051250 0.051667 10 0.002705 0.526875 0.336389 0.070625 0.106667 1 0.002611 0.596875 0.427222 0.015625 0.044444 10 0.002378 0.61 0.370556 0.029375 0.066667 3 0.002234 0.34375 0.420556 0.031250 0.040000 3 0.00205 0.723125 0.471111 0.025000 0.047778 3 0.002043 0.009067 0.260833 0.017412 0.036667 10 0.001972 0.99 0.758889 0.020000 0.205556 3 0.001649 0.428125 0.456111 0.050625 0.060000 4 0.001636 0.906875 0.572778 0.056250 0.103333 3 0.001549 0.755 0.402222 0.028750 0.041667 1 0.001421 0.441875 0.454444 0.015000 0.035000 4 0.001325 0.3525 0.475833 0.060000 0.089444 2 0.00126 0.995 0.71 0.010000 0.131111 10 0.001112 0.014082 0.791111 0.028164 0.297778 10 0.001065 0.99375 0.786667 0.012500 0.180000 3 0.001044 0.361875 0.409444 0.033750 0.042222 3 0.001032 0.631875 0.213611 0.013750 0.025556
CCTV01^20260318-110000-20260318-120000_000986,11 0.836426 0.7825 0.832222 0.082500 0.280000 3 0.770508 0.70375 0.868889 0.052500 0.144444 10 0.749023 0.945 0.810556 0.110000 0.378889 11 0.562012 0.72375 0.693889 0.087500 0.201111 10 0.477539 0.133047 0.644306 0.207656 0.284722 3 0.401611 0.735 0.955833 0.060000 0.088333 1 0.345215 0.6775 0.965 0.037500 0.065556 4 0.336426 0.870625 0.915556 0.067500 0.166667 3 0.320801 0.267656 0.81 0.068125 0.118889 3 0.317383 0.210938 0.686667 0.071875 0.092222 3 0.287842 0.639844 0.460278 0.037813 0.053333 5 0.282959 0.244688 0.930278 0.089375 0.139444 2 0.275146 0.6625 0.555417 0.030000 0.055833 3 0.269043 0.099512 0.855556 0.100352 0.128889 3 0.26123 0.63 0.516111 0.041250 0.065556 3 0.255371 0.2675 0.583889 0.055000 0.075556 3 0.252441 0.659375 0.625556 0.052500 0.100000 3 0.252441 0.25125 0.711111 0.071875 0.097778 5 0.237915 0.33 0.645556 0.071875 0.120000 4 0.201782 0.685 0.457222 0.037500 0.070000 3 0.195557 0.665 0.506111 0.042500 0.058889 3 0.188354 0.334375 0.520556 0.063125 0.078889 9 0.172729 0.192031 0.851111 0.080938 0.146667 9 0.169922 0.098906 0.853333 0.102656 0.131111 11 0.144165 0.192148 0.851667 0.078828 0.148889 3 0.133911 0.46375 0.455 0.038750 0.063333 3 0.129883 0.505 0.438889 0.035000 0.050000 3 0.125122 0.403125 0.484444 0.053750 0.072778 4 0.119629 0.84625 0.846667 0.045000 0.102222 5 0.106323 0.46375 0.455 0.040000 0.063333 3 0.106323 0.297188 0.624444 0.058125 0.082222 3 0.084778 0.359063 0.551111 0.062500 0.073333 3 0.065369 0.384375 0.462778 0.050000 0.055556 3 0.055817 0.4625 0.4 0.038750 0.046667 0 0.048676 0.624062 0.568333 0.021875 0.063333 3 0.042236 0.42125 0.419444 0.036250 0.044444 9 0.0401 0.329922 0.645556 0.071406 0.121111 10 0.036621 0.035234 0.853611 0.070391 0.292778 1 0.036072 0.67625 0.911111 0.035000 0.075556 3 0.032715 0.876875 0.583333 0.043750 0.060000 3 0.027695 0.395313 0.556528 0.056250 0.084722 3 0.027267 0.70875 0.5075 0.032500 0.040000 5 0.027176 0.07832 0.956111 0.100859 0.087778 2 0.023697 0.358125 0.551111 0.060000 0.073333 10 0.02121 0.99125 0.776667 0.017500 0.185556 3 0.021042 0.445 0.443611 0.045625 0.062778 3 0.02034 0.438125 0.436667 0.035625 0.057778 1 0.019638 0.624375 0.57 0.022500 0.066667 3 0.01297 0.330938 0.645556 0.070625 0.120000 3 0.012871 0.481875 0.420278 0.021250 0.037222 5 0.010452 0.403125 0.482778 0.053750 0.066667 3 0.006218 0.72625 0.461944 0.032500 0.057778 5 0.005489 0.099609 0.852778 0.099063 0.128889 10 0.005428 0.6725 0.387778 0.072500 0.125556 2 0.0051 0.334375 0.4025 0.023750 0.050556 2 0.003796 0.99375 0.738889 0.012500 0.111111 3 0.003651 0.620625 0.216528 0.012500 0.025833 5 0.003027 0.461875 0.400278 0.038750 0.043889 3 0.002737 0.50125 0.359444 0.037500 0.053333 0 0.002323 0.611875 0.446667 0.017500 0.041667 11 0.002279 0.7775 0.626667 0.112500 0.140000 3 0.002234 0.395938 0.380556 0.031875 0.046667 10 0.002209 0.019238 0.863333 0.038477 0.273333 2 0.002165 0.995 0.722222 0.010000 0.102222 5 0.002035 0.39375 0.555556 0.055000 0.083333 10 0.001965 0.016455 0.788889 0.032910 0.357778 3 0.001897 0.695 0.546528 0.025000 0.049167 3 0.001867 0.498125 0.390833 0.037500 0.030556 3 0.001782 0.416875 0.430556 0.030000 0.036667 4 0.001734 0.395625 0.380833 0.032500 0.048889 3 0.0017 0.204531 0.796667 0.059063 0.100000 3 0.001675 0.077109 0.955 0.096094 0.084444 10 0.00149 0.031309 0.781111 0.062617 0.340000 0 0.001294 0.885 0.667222 0.040000 0.081111 3 0.001225 0.054375 0.246806 0.027031 0.039722 3 0.001206 0.244375 0.928889 0.088750 0.142222 3 0.001188 0.49875 0.407778 0.025000 0.029444 10 0.001032 0.059844 0.856389 0.119687 0.287222
CCTV01^20260318-110000-20260318-120000_000990,11 0.819824 0.7825 0.834445 0.085000 0.280000 10 0.778809 0.945 0.816667 0.107500 0.366667 3 0.694336 0.70625 0.886667 0.055000 0.146667 2 0.673828 0.268438 0.912222 0.053125 0.131111 11 0.525391 0.72375 0.696667 0.085000 0.204444 2 0.505859 0.213125 0.916111 0.055625 0.134444 1 0.496094 0.6575 0.855556 0.031250 0.097778 1 0.405518 0.067881 0.912222 0.063770 0.095556 3 0.377441 0.660625 0.62 0.047500 0.088889 11 0.329346 0.68875 0.463056 0.035000 0.075000 3 0.315674 0.73625 0.954444 0.060000 0.088889 5 0.310791 0.479375 0.456667 0.043750 0.070000 3 0.309082 0.268281 0.693333 0.066875 0.095556 4 0.307373 0.845 0.847778 0.042500 0.100000 3 0.291016 0.63375 0.528333 0.041250 0.068889 3 0.203125 0.2825 0.801111 0.068125 0.111111 3 0.196167 0.127891 0.952778 0.099219 0.094444 2 0.185303 0.6675 0.558889 0.026250 0.052222 3 0.141724 0.66625 0.510833 0.041250 0.059444 4 0.141235 0.87 0.915 0.067500 0.168889 5 0.138916 0.332813 0.643333 0.070000 0.117778 0 0.135742 0.068438 0.912222 0.063125 0.095556 3 0.130737 0.43125 0.455 0.042500 0.045556 1 0.121704 0.67875 0.968889 0.032500 0.057778 3 0.11438 0.139219 0.836667 0.088438 0.138889 3 0.089783 0.413125 0.426667 0.049375 0.048889 3 0.089111 0.370313 0.552778 0.053125 0.061111 3 0.081543 0.225938 0.682222 0.068125 0.097778 3 0.075012 0.71125 0.508611 0.032500 0.038889 10 0.073181 0.024766 0.863889 0.049531 0.272222 1 0.071594 0.659375 0.785556 0.026250 0.067778 3 0.058136 0.479375 0.456667 0.043750 0.070000 3 0.057281 0.641875 0.465278 0.037500 0.056667 12 0.046722 0.68875 0.462778 0.035000 0.073333 6 0.045349 0.332813 0.644444 0.069375 0.122222 4 0.036499 0.043682 0.71 0.047012 0.084444 4 0.032227 0.68875 0.462778 0.035000 0.072222 3 0.031494 0.401875 0.499722 0.046250 0.058333 3 0.023865 0.332422 0.643333 0.068906 0.117778 10 0.021286 0.155391 0.642222 0.198906 0.281111 10 0.020569 0.672656 0.389445 0.067188 0.117778 0 0.017639 0.281875 0.505833 0.145625 0.189444 9 0.017181 0.3325 0.643333 0.068125 0.117778 7 0.013535 0.043594 0.709444 0.046719 0.084444 1 0.013374 0.660625 0.671111 0.022500 0.066667 5 0.013023 0.46125 0.41 0.040000 0.058889 3 0.01297 0.688125 0.463056 0.035000 0.075556 3 0.011963 0.501563 0.416944 0.031875 0.048333 3 0.010056 0.39 0.464444 0.041250 0.045000 3 0.009377 0.433125 0.476667 0.046250 0.030000 2 0.009125 0.99375 0.703333 0.012500 0.104444 3 0.006462 0.460625 0.412222 0.038750 0.057778 0 0.005959 0.153906 0.644583 0.201250 0.279722 3 0.005821 0.397188 0.577222 0.031875 0.047778 3 0.005577 0.442813 0.492222 0.041875 0.043333 3 0.005554 0.705 0.28 0.017500 0.033333 10 0.005512 0.99125 0.781111 0.017500 0.202222 4 0.005322 0.695625 0.553889 0.028750 0.055556 10 0.004982 0.813125 0.553472 0.136250 0.239722 3 0.004627 0.70375 0.511944 0.025000 0.036111 11 0.003914 0.310625 0.598889 0.068750 0.101111 3 0.003809 0.504687 0.423333 0.021875 0.043333 5 0.003765 0.62 0.421667 0.032500 0.070000 3 0.00316 0.351562 0.507778 0.060625 0.073333 3 0.003099 0.7325 0.465278 0.032500 0.061667 1 0.003004 0.326875 0.964445 0.035000 0.068889 3 0.002684 0.583125 0.118889 0.010000 0.016111 3 0.002398 0.501563 0.377778 0.032500 0.054444 0 0.002306 0.96875 0.62 0.035000 0.071111 0 0.002306 0.043516 0.707778 0.045937 0.084444 1 0.002287 0.166094 0.731111 0.031562 0.065556 2 0.0021 0.993125 0.742222 0.013750 0.177778 5 0.00198 0.663125 0.62 0.050000 0.087778 3 0.001889 0.9075 0.634444 0.055000 0.093333 1 0.001727 0.66 0.79 0.036250 0.088889 3 0.001611 0.40375 0.448333 0.052500 0.039444 3 0.00149 0.62 0.423333 0.031250 0.072222 10 0.001389 0.99375 0.803889 0.012500 0.194444 10 0.001269 0.280938 0.51 0.149375 0.204444 10 0.001134 0.016836 0.773333 0.033516 0.322222 3 0.001069 0.583125 0.102639 0.011875 0.016389 3 0.001065 0.008901 0.259722 0.016982 0.036667 3 0.001012 0.054141 0.243194 0.024922 0.033056
CCTV01^20260318-110000-20260318-120000_000994,11 0.833496 0.78375 0.841111 0.083750 0.277778 10 0.794434 0.95125 0.827222 0.097500 0.345556 3 0.705566 0.705625 0.886667 0.056250 0.151111 2 0.645996 0.3 0.692778 0.037500 0.094444 2 0.611328 0.269375 0.747778 0.041250 0.088889 11 0.523438 0.73125 0.703333 0.090000 0.206667 2 0.498047 0.245625 0.7 0.048125 0.091111 1 0.492188 0.65125 0.86 0.036250 0.086667 5 0.484375 0.1125 0.844444 0.120000 0.180000 3 0.42627 0.484375 0.480278 0.038750 0.047778 3 0.370117 0.269688 0.846667 0.078750 0.126667 3 0.338135 0.735 0.955556 0.057500 0.087778 4 0.265869 0.68875 0.462778 0.035000 0.070000 3 0.262939 0.155469 0.92 0.103438 0.152222 3 0.252441 0.640625 0.545556 0.042500 0.073333 1 0.248047 0.65875 0.797222 0.027500 0.068889 1 0.243652 0.6775 0.965 0.031250 0.065556 6 0.243652 0.112637 0.844444 0.120977 0.180000 3 0.226807 0.2325 0.665556 0.071875 0.090000 3 0.219971 0.38125 0.547222 0.055625 0.064444 3 0.201782 0.668125 0.515 0.042500 0.063333 0 0.186523 0.32875 0.737778 0.030625 0.075556 1 0.136597 0.2125 0.828889 0.052813 0.082222 4 0.12085 0.845 0.844444 0.040000 0.095556 3 0.119629 0.346563 0.628333 0.051250 0.076667 1 0.117981 0.66875 0.787778 0.027500 0.064444 3 0.088196 0.64375 0.471111 0.037500 0.063333 1 0.075012 0.67125 0.746667 0.025000 0.058889 0 0.063721 0.180312 0.7 0.025000 0.064444 3 0.063477 0.423438 0.469444 0.072500 0.061111 3 0.063232 0.705 0.510833 0.027500 0.040556 4 0.05127 0.87 0.916667 0.068750 0.166667 0 0.047089 0.212031 0.826667 0.050937 0.077778 1 0.046539 0.180156 0.698333 0.024688 0.065556 3 0.044006 0.73125 0.463889 0.037500 0.061111 9 0.036499 0.087187 0.776667 0.174375 0.317778 10 0.036072 0.087187 0.780556 0.174375 0.334444 3 0.034882 0.6675 0.633333 0.042500 0.088889 9 0.033966 0.114453 0.842778 0.122031 0.178889 1 0.03067 0.329375 0.711667 0.026875 0.066667 1 0.027802 0.33 0.681667 0.024375 0.058889 0 0.025375 0.277031 0.5275 0.158438 0.197222 0 0.021286 0.374453 0.427778 0.116094 0.150000 3 0.018265 0.407188 0.47 0.039375 0.056667 3 0.016846 0.68875 0.463333 0.035000 0.071111 9 0.016022 0.425 0.468889 0.077500 0.067778 5 0.013741 0.495625 0.428333 0.038750 0.063333 2 0.013428 0.013262 0.949722 0.026172 0.100556 3 0.012726 0.62125 0.424722 0.031250 0.072222 10 0.012291 0.672656 0.391667 0.069688 0.122222 0 0.0121 0.01417 0.951111 0.028066 0.097778 11 0.010246 0.426875 0.468333 0.072500 0.070000 3 0.009712 0.4375 0.494444 0.047500 0.033333 3 0.008949 0.489375 0.468889 0.041875 0.038889 5 0.008377 0.6675 0.635556 0.043750 0.093333 3 0.006931 0.461875 0.435833 0.033750 0.046667 4 0.006168 0.695 0.559444 0.031250 0.057778 3 0.004608 0.320078 0.612222 0.071094 0.088889 5 0.004574 0.461562 0.437778 0.031250 0.047778 1 0.004539 0.655156 0.826667 0.032188 0.068889 4 0.00425 0.425 0.469167 0.077500 0.064444 2 0.003551 0.484688 0.483889 0.040625 0.055556 3 0.003124 0.52125 0.378889 0.031250 0.052778 3 0.003124 0.7175 0.505833 0.030000 0.039444 10 0.002855 0.9925 0.802222 0.015000 0.241111 10 0.002621 0.276406 0.5275 0.157813 0.199444 2 0.002562 0.70875 0.277222 0.015000 0.032222 0 0.002434 0.087031 0.767222 0.174063 0.312222 4 0.002287 0.62125 0.423889 0.031250 0.069444 3 0.001972 0.604688 0.100556 0.008750 0.014444 5 0.001853 0.62125 0.423611 0.031250 0.068889 10 0.001824 0.374453 0.428056 0.117344 0.157222 0 0.001789 0.178125 0.703333 0.033750 0.082222 5 0.0017 0.20625 0.373889 0.036250 0.050000 3 0.001554 0.054023 0.241944 0.023672 0.030556 2 0.001519 0.297188 0.712222 0.031562 0.066667 0 0.00149 0.986875 0.686667 0.025000 0.075556 1 0.001255 0.6725 0.77 0.030000 0.082222 11 0.00123 0.86 0.87 0.065000 0.255556 1 0.00109 0.75625 0.627778 0.038750 0.066667
CCTV01^20260318-110000-20260318-120000_000998,11 0.834473 0.78375 0.841667 0.082500 0.281111 10 0.806641 0.95 0.827222 0.100000 0.345556 3 0.712402 0.70625 0.886667 0.055000 0.145556 3 0.649414 0.280625 0.815 0.070000 0.137778 2 0.629883 0.2575 0.646667 0.047188 0.091111 2 0.625977 0.185625 0.698889 0.048125 0.097778 3 0.616699 0.097578 0.816667 0.121406 0.134444 5 0.515625 0.3575 0.560972 0.073750 0.093611 1 0.509766 0.651875 0.855 0.035000 0.093333 11 0.503906 0.7325 0.704444 0.090000 0.210000 3 0.449463 0.297031 0.693333 0.079063 0.095556 3 0.381104 0.735 0.956111 0.058750 0.087778 5 0.329346 0.219688 0.932222 0.103125 0.135556 3 0.312256 0.19375 0.824444 0.084375 0.132222 3 0.23938 0.640625 0.545 0.042500 0.072222 3 0.229492 0.64375 0.470833 0.037500 0.063889 5 0.221313 0.601875 0.464444 0.035000 0.085556 3 0.221313 0.48125 0.469167 0.037500 0.043889 3 0.184204 0.66875 0.515 0.042500 0.061111 0 0.180054 0.007432 0.843889 0.014766 0.116667 1 0.172729 0.6725 0.786667 0.021250 0.066667 1 0.170532 0.6775 0.965 0.030000 0.066667 4 0.163452 0.845625 0.845 0.042500 0.098889 1 0.153564 0.65625 0.816667 0.027500 0.073333 1 0.137939 0.658125 0.797778 0.026250 0.077778 1 0.135742 0.2975 0.561667 0.021875 0.061111 10 0.120422 0.031758 0.752222 0.063516 0.260000 1 0.11676 0.654375 0.833889 0.031250 0.073333 4 0.101562 0.69125 0.471944 0.035000 0.073889 1 0.096008 0.6975 0.783333 0.027500 0.073333 4 0.062805 0.870625 0.916111 0.067500 0.167778 5 0.060089 0.495 0.427778 0.036250 0.063333 3 0.054596 0.69125 0.471389 0.035000 0.073889 0 0.053192 0.080938 0.73 0.038281 0.085556 3 0.043701 0.380625 0.511667 0.047500 0.044444 3 0.039062 0.67125 0.638889 0.037500 0.091111 3 0.037598 0.611875 0.410833 0.027500 0.052778 1 0.029312 0.647656 0.873889 0.029687 0.071111 0 0.026062 0.436875 0.832222 0.042500 0.093333 2 0.025864 0.99 0.703333 0.020000 0.088889 6 0.024994 0.190469 0.617222 0.166875 0.226667 10 0.024994 0.189063 0.617222 0.167500 0.227778 10 0.023422 0.671406 0.394444 0.072188 0.131111 3 0.021866 0.220625 0.930833 0.101875 0.138333 3 0.016159 0.092324 0.976945 0.078164 0.046111 3 0.014282 0.739375 0.473889 0.041250 0.058889 3 0.013847 0.700625 0.510556 0.020000 0.027778 2 0.013794 0.669375 0.576667 0.027500 0.053333 10 0.013329 0.98875 0.762778 0.022500 0.212222 3 0.012009 0.494375 0.427778 0.036250 0.059444 0 0.010452 0.370938 0.444444 0.124375 0.156667 3 0.009521 0.473125 0.482778 0.043750 0.037778 0 0.009483 0.460625 0.372778 0.093750 0.115556 3 0.009415 0.46875 0.490556 0.038125 0.041111 10 0.009338 0.9925 0.784445 0.015000 0.204444 1 0.008919 0.436875 0.830556 0.041250 0.091111 9 0.008255 0.189375 0.615417 0.168125 0.222500 3 0.007874 0.46 0.442222 0.035000 0.036667 10 0.007812 0.37 0.445 0.124375 0.157778 10 0.007755 0.015137 0.805 0.030273 0.352222 3 0.006744 0.602188 0.464444 0.034375 0.086111 3 0.005642 0.435 0.478056 0.056875 0.051667 3 0.005322 0.71125 0.513889 0.032500 0.037778 10 0.003664 0.459375 0.382778 0.095000 0.098333 3 0.003651 0.054297 0.2425 0.025156 0.035556 10 0.002958 0.01127 0.848333 0.022539 0.303333 1 0.002714 0.675 0.755556 0.027500 0.064444 1 0.002541 0.67125 0.77 0.025000 0.064444 4 0.002434 0.695 0.557917 0.032500 0.057500 10 0.001965 0.99375 0.833889 0.012500 0.216667 1 0.001949 0.369063 0.944444 0.034375 0.095556 3 0.001611 0.010566 0.83 0.020781 0.113333 3 0.00149 0.469375 0.412222 0.028750 0.035556 12 0.001389 0.394063 0.998056 0.123125 0.003889 0 0.001305 0.3675 0.94 0.036250 0.088889 3 0.001274 0.71 0.313333 0.021250 0.044444 3 0.001274 0.7 0.519444 0.020000 0.031111
CCTV01^20260318-110000-20260318-120000_001002,11 0.852051 0.785 0.841667 0.085000 0.282222 10 0.811523 0.95 0.827222 0.100000 0.345556 3 0.72168 0.70625 0.887778 0.057500 0.151111 1 0.575684 0.651875 0.86 0.035000 0.088889 2 0.567871 0.169414 0.797778 0.054297 0.118889 10 0.558105 0.092031 0.795556 0.183125 0.377778 11 0.539062 0.73 0.703333 0.087500 0.204444 3 0.523438 0.244688 0.892222 0.085625 0.148889 5 0.484375 0.285469 0.747778 0.070938 0.142222 3 0.343262 0.734375 0.955556 0.056250 0.086667 3 0.339844 0.370625 0.56 0.062500 0.070000 1 0.331055 0.205938 0.712222 0.028438 0.077778 3 0.30249 0.36 0.526667 0.055000 0.061111 1 0.271973 0.142813 0.904444 0.046875 0.091111 3 0.267334 0.643906 0.556111 0.042188 0.075556 1 0.236572 0.658125 0.801111 0.025000 0.066667 10 0.222656 0.298438 0.507778 0.128750 0.165556 1 0.20813 0.6775 0.966667 0.032500 0.064444 3 0.176636 0.32875 0.648889 0.061250 0.095556 3 0.165039 0.645 0.474444 0.036250 0.064444 3 0.140869 0.67125 0.518611 0.037500 0.060556 2 0.135254 0.35875 0.407222 0.026250 0.053333 5 0.11084 0.6125 0.49 0.045000 0.087778 1 0.110107 0.67 0.787222 0.022500 0.067778 1 0.090759 0.173789 0.9675 0.054922 0.065000 3 0.078613 0.713125 0.514722 0.035000 0.040556 4 0.075317 0.69125 0.471667 0.033750 0.073333 6 0.072876 0.266406 0.654444 0.102187 0.166667 3 0.056854 0.73875 0.475556 0.043750 0.061111 9 0.046722 0.298281 0.509167 0.125937 0.167222 1 0.045013 0.319375 0.564444 0.026250 0.055556 2 0.04303 0.989375 0.685556 0.021250 0.095556 1 0.042236 0.669375 0.706667 0.022500 0.057778 3 0.036499 0.98875 0.693333 0.022500 0.114444 1 0.031982 0.654375 0.83 0.031250 0.080000 10 0.029648 0.623125 0.251667 0.026250 0.075556 3 0.028336 0.69125 0.470833 0.035000 0.076111 11 0.02626 0.26625 0.650556 0.102188 0.167778 10 0.025864 0.02918 0.757778 0.058203 0.301111 3 0.023239 0.67125 0.64 0.035000 0.088889 3 0.020645 0.71625 0.433611 0.023750 0.049444 11 0.017578 0.77625 0.517222 0.040000 0.086667 1 0.017303 0.669375 0.755556 0.027500 0.073333 3 0.016846 0.627188 0.418611 0.026875 0.054444 0 0.014229 0.223438 0.530833 0.028125 0.056111 11 0.012871 0.69125 0.469722 0.032500 0.073333 10 0.012726 0.650625 0.2525 0.028750 0.088333 10 0.01178 0.674375 0.4025 0.070000 0.136111 3 0.011551 0.869375 0.931667 0.073750 0.136667 1 0.010452 0.698125 0.784445 0.027500 0.074444 5 0.010208 0.42625 0.490556 0.058750 0.075556 4 0.008812 0.8675 0.933889 0.072500 0.132222 11 0.008255 0.409375 0.412778 0.035000 0.056111 3 0.008034 0.365 0.542083 0.060000 0.055833 10 0.007233 0.441875 0.392778 0.107500 0.142222 10 0.006145 0.71875 0.303333 0.038750 0.081111 0 0.005959 0.441563 0.395 0.104375 0.141111 3 0.005405 0.399687 0.475833 0.033125 0.052222 3 0.005405 0.400313 0.557639 0.034375 0.064722 10 0.005062 0.98875 0.716667 0.022500 0.120000 4 0.004868 0.845625 0.876667 0.038750 0.108889 2 0.004398 0.489375 0.465278 0.027500 0.047778 1 0.00433 0.68 0.977778 0.037500 0.044444 10 0.00423 0.9925 0.822778 0.015000 0.216667 4 0.004025 0.69875 0.562778 0.037500 0.068889 3 0.003765 0.054453 0.244028 0.025000 0.034167 4 0.003325 0.265938 0.651111 0.102500 0.164444 7 0.003185 0.6975 0.562778 0.037500 0.070000 3 0.003147 0.4775 0.490556 0.035000 0.027778 10 0.003124 0.99 0.753333 0.020000 0.188889 1 0.00259 0.669375 0.726111 0.025000 0.066667 0 0.002493 0.376875 0.393333 0.017500 0.036667 2 0.002398 0.388125 0.453889 0.030000 0.051111 3 0.002359 0.42625 0.490556 0.058750 0.076667 3 0.002234 0.6625 0.303056 0.017500 0.032222 2 0.002216 0.509375 0.418889 0.026250 0.038889 2 0.00215 0.99 0.715556 0.020000 0.108889 1 0.002075 0.333125 0.413333 0.016250 0.039444 3 0.002003 0.484375 0.4775 0.030625 0.040556 3 0.001987 0.84625 0.737778 0.087500 0.155556 9 0.001942 0.77625 0.518333 0.040000 0.088889 12 0.001824 0.995625 0.226111 0.008750 0.047222 2 0.001824 0.3425 0.373611 0.017500 0.038889 3 0.00181 0.61375 0.390278 0.025625 0.050556 10 0.001796 0.98625 0.748889 0.027500 0.235556 10 0.001789 0.070703 0.574444 0.141406 0.222222 10 0.001636 0.99375 0.780556 0.012500 0.205556 11 0.001597 0.7875 0.645 0.100000 0.116667 10 0.001549 0.01751 0.791667 0.035020 0.356667 4 0.001536 0.426875 0.490556 0.058750 0.075556 3 0.001501 0.603125 0.438333 0.021250 0.037222 1 0.001501 0.206563 0.711111 0.048125 0.082222 1 0.001467 0.3875 0.964445 0.031250 0.068889 1 0.00145 0.156719 0.947778 0.043750 0.065556 3 0.001116 0.50875 0.418333 0.027500 0.037778 2 0.001116 0.475 0.451945 0.030000 0.051667 4 0.001057 0.48875 0.466111 0.027500 0.048889 2 0.001057 0.993125 0.675556 0.013750 0.106667 12 0.00102 0.979375 0.235833 0.023750 0.044444 0 0.00102 0.298438 0.508889 0.125625 0.163333 3 0.001017 0.632188 0.388889 0.016875 0.040000
CCTV01^20260318-110000-20260318-120000_001122,10 0.848145 0.198398 0.716667 0.180078 0.324444 10 0.84082 0.661406 0.499444 0.102187 0.196667 3 0.786621 0.696875 0.836667 0.061250 0.155556 10 0.756348 0.328438 0.519722 0.154375 0.200556 5 0.71875 0.34 0.826667 0.075000 0.167778 2 0.712402 0.04 0.85 0.064219 0.122222 3 0.6875 0.304219 0.694444 0.064062 0.120000 3 0.666992 0.9225 0.739444 0.095000 0.138889 5 0.663574 0.253438 0.811667 0.077813 0.156667 5 0.660156 0.699375 0.704444 0.057500 0.117778 3 0.651367 0.280469 0.946111 0.069688 0.107778 12 0.640625 0.8825 0.923889 0.072500 0.152222 3 0.613281 0.854375 0.793333 0.080000 0.122222 3 0.546875 0.67625 0.633889 0.047500 0.096667 2 0.542969 0.475 0.428333 0.026250 0.055556 3 0.521484 0.755 0.702222 0.060000 0.104444 3 0.451416 0.79125 0.802222 0.065000 0.122222 3 0.435791 0.196563 0.957222 0.068125 0.085556 10 0.422607 0.750625 0.53875 0.106250 0.233611 2 0.373779 0.423125 0.490833 0.031875 0.061667 3 0.355713 0.369375 0.587778 0.065000 0.080000 3 0.345215 0.853125 0.655556 0.068750 0.102222 1 0.338135 0.045352 0.954444 0.043984 0.082222 1 0.336426 0.093984 0.861667 0.041406 0.082222 10 0.326904 0.199102 0.509167 0.118047 0.178333 5 0.259766 0.81 0.682222 0.086250 0.140000 0 0.188965 0.064766 0.741111 0.037812 0.082222 2 0.178955 0.8825 0.923889 0.075000 0.152222 3 0.160767 0.81 0.682222 0.086250 0.137778 11 0.153076 0.745 0.913889 0.132500 0.172222 1 0.135742 0.985 0.785556 0.030000 0.086667 0 0.133911 0.045273 0.953333 0.043672 0.082222 1 0.130249 0.593125 0.468889 0.013750 0.052222 3 0.128052 0.369375 0.394444 0.028125 0.052222 0 0.099792 0.330312 0.413333 0.021250 0.052222 7 0.095337 0.745625 0.915 0.131250 0.170000 2 0.084167 0.92 0.857778 0.047500 0.107778 1 0.069824 0.63375 0.786667 0.025000 0.073333 0 0.054413 0.093438 0.865556 0.041562 0.084445 0 0.045532 0.104062 0.745556 0.037500 0.080000 0 0.039795 0.291563 0.447778 0.020000 0.044444 0 0.039337 0.975 0.882222 0.050000 0.146667 0 0.034607 0.7475 0.786667 0.035000 0.082222 1 0.033844 0.097344 0.777778 0.032187 0.066667 3 0.033478 0.82 0.558889 0.050000 0.113333 2 0.029755 0.910625 0.568889 0.033750 0.057778 10 0.028549 0.02668 0.636111 0.053359 0.232222 0 0.02626 0.071484 0.665 0.033906 0.056667 0 0.026062 0.995 0.704444 0.010000 0.073333 4 0.023331 0.975 0.891111 0.050000 0.148889 10 0.022293 0.515625 0.353333 0.063750 0.096667 0 0.019058 0.98875 0.891111 0.022500 0.140000 4 0.018127 0.985 0.901111 0.030000 0.135556 1 0.017105 0.100781 0.757778 0.037500 0.095556 12 0.015541 0.011719 0.059583 0.023086 0.119167 10 0.015251 0.651875 0.265 0.033750 0.073889 1 0.0149 0.131406 0.673889 0.034062 0.064444 1 0.014008 0.81375 0.953333 0.037500 0.086667 0 0.011963 0.053271 0.675 0.029863 0.062222 0 0.011467 0.135547 0.675556 0.041406 0.066667 0 0.010368 0.07582 0.704444 0.032734 0.051111 0 0.01017 0.027129 0.712222 0.032383 0.077778 10 0.009857 0.778125 0.408056 0.060000 0.119444 0 0.00956 0.060664 0.668333 0.035703 0.061111 2 0.008476 0.285469 0.403333 0.025625 0.048333 4 0.008377 0.94625 0.697778 0.050000 0.095556 0 0.008156 0.8775 0.518333 0.027500 0.064444 2 0.007576 0.89875 0.647778 0.041250 0.068889 1 0.006798 0.976875 0.84 0.041250 0.077778 10 0.006718 0.618437 0.215833 0.023750 0.067778 3 0.00639 0.96 0.92 0.067500 0.122222 2 0.00518 0.9875 0.906667 0.025000 0.133333 2 0.005062 0.938125 0.625 0.055000 0.083333 5 0.004791 0.138906 0.150139 0.022656 0.047222 1 0.004593 0.460313 0.418889 0.016875 0.047778 0 0.004135 0.975625 0.695 0.036250 0.080000 0 0.004101 0.034434 0.721111 0.029883 0.068889 0 0.003885 0.004412 0.752222 0.008813 0.080000 0 0.003622 0.845625 0.864444 0.030000 0.068889 3 0.003607 0.98875 0.914445 0.022500 0.142222 1 0.003469 0.414688 0.827778 0.040000 0.088889 3 0.003456 0.604062 0.121667 0.010625 0.019444 2 0.003443 0.995 0.732222 0.010000 0.104444 0 0.003075 0.069453 0.718889 0.034844 0.057778 2 0.003016 0.99375 0.822778 0.012500 0.108889 0 0.002958 0.094922 0.754444 0.038281 0.093333 2 0.002693 0.5175 0.406944 0.017500 0.037222 12 0.002531 0.74375 0.917222 0.132500 0.165556 0 0.002522 0.065234 0.685556 0.039844 0.066667 3 0.002512 0.009116 0.261111 0.017959 0.046667 10 0.002415 0.6225 0.4125 0.050000 0.160000 11 0.002415 0.935625 0.519722 0.066250 0.119444 0 0.002378 0.088672 0.628889 0.019844 0.048889 2 0.002043 0.528438 0.438056 0.025000 0.045556 0 0.00202 0.993125 0.861111 0.013750 0.120000 1 0.001965 0.627188 0.782222 0.041875 0.088889 3 0.001748 0.014258 0.380833 0.027930 0.088889 0 0.001714 0.56 0.436667 0.017500 0.050556 5 0.001675 0.143516 0.135833 0.028906 0.079444 1 0.001675 0.84625 0.862778 0.030000 0.068889 4 0.001616 0.5175 0.825556 0.060000 0.057778 2 0.001592 0.975 0.696111 0.038750 0.088889 3 0.001536 0.5175 0.826667 0.061250 0.060000 10 0.001472 0.70375 0.251667 0.032500 0.065556 10 0.001455 0.025645 0.642222 0.050508 0.142222 2 0.001444 0.99625 0.607778 0.007500 0.077778 10 0.001438 0.620625 0.272222 0.025625 0.092778 0 0.001432 0.28875 0.453333 0.028750 0.050000 0 0.001399 0.006318 0.698889 0.012637 0.084444 0 0.001367 0.98375 0.662222 0.032500 0.068889 0 0.001294 0.008403 0.685 0.016807 0.062222 0 0.001255 0.5175 0.405556 0.016250 0.034444 0 0.001179 0.017861 0.708889 0.032949 0.093333 10 0.001151 0.01127 0.763333 0.022539 0.215556 10 0.001138 0.014424 0.703333 0.028848 0.235556 0 0.001124 0.081328 0.673333 0.042812 0.071111 3 0.001116 0.72 0.428611 0.035000 0.044444 10 0.00109 0.018369 0.646111 0.036543 0.098889 0 0.001073 0.72 0.947222 0.080000 0.100000 3 0.001069 0.054062 0.241111 0.024844 0.030000 10 0.001048 0.905 0.070069 0.042500 0.124306 2 0.00104 0.995 0.624444 0.010000 0.093333 10 0.001037 0.989375 0.8 0.021250 0.274444 4 0.001032 0.816875 0.901111 0.048750 0.091111 0 0.001024 0.093594 0.66 0.024062 0.051111 3 0.001004 0.60625 0.135833 0.010000 0.013333
CCTV02^20260511-140000-20260511-142440_002414,2 0.789062 0.180469 0.793889 0.060625 0.105556 2 0.750488 0.29125 0.672778 0.039688 0.091111 1 0.729492 0.5475 0.334444 0.013750 0.044444 9 0.62793 0.622188 0.646667 0.061875 0.148889 10 0.565918 0.326328 0.261944 0.033594 0.083333 2 0.437744 0.87125 0.547917 0.037500 0.075278 2 0.289307 0.46625 0.239167 0.016250 0.034444 2 0.204346 0.2925 0.405278 0.035625 0.056111 2 0.156128 0.976875 0.681667 0.046250 0.094444 2 0.122131 0.773125 0.452222 0.030000 0.068889 2 0.10968 0.376875 0.214167 0.015000 0.032500 2 0.090393 0.88625 0.735 0.048750 0.106667 2 0.085693 0.354063 0.215278 0.015000 0.030000 5 0.079468 0.463125 0.207222 0.025000 0.035000 2 0.055603 0.993125 0.740556 0.013750 0.087778 2 0.048676 0.76125 0.442778 0.040000 0.081111 1 0.047424 0.7175 0.492222 0.025000 0.052778 2 0.04303 0.835 0.551111 0.032500 0.071111 2 0.042877 0.494063 0.221806 0.013750 0.035278 2 0.037598 0.77375 0.461389 0.025000 0.047778 1 0.010612 0.83375 0.550139 0.032500 0.070833 1 0.01033 0.54375 0.335556 0.022500 0.051111 2 0.007519 0.489063 0.209722 0.017500 0.032222 1 0.007347 0.9925 0.96 0.015000 0.075556 12 0.006123 0.445938 0.032569 0.048750 0.065139 2 0.00526 0.9175 0.572778 0.047500 0.077778 2 0.004364 0.7525 0.438889 0.022500 0.071111 2 0.004116 0.995625 0.451389 0.008750 0.059444 12 0.003483 0.995625 0.108403 0.008750 0.065417 2 0.003443 0.463438 0.208056 0.025000 0.032778 2 0.003111 0.491875 0.217222 0.016250 0.039444 12 0.002981 0.99375 0.202222 0.012500 0.064444 2 0.002878 0.888125 0.712778 0.047500 0.063333 1 0.002714 0.8225 0.88 0.052500 0.113333 2 0.002306 0.99625 0.535278 0.007500 0.062778 12 0.00215 0.557813 0.127778 0.028125 0.043611 0 0.0021 0.99375 0.949444 0.012500 0.096667 1 0.001934 0.549375 0.341111 0.020000 0.057778 1 0.001919 0.120547 0.71 0.026406 0.052222 3 0.001755 0.4025 0.240278 0.016250 0.027778 12 0.00172 0.031855 0.646667 0.063633 0.178889 12 0.001714 0.011748 0.648889 0.023066 0.195556 2 0.001661 0.99 0.745556 0.020000 0.106667 0 0.001592 0.90125 0.472222 0.022500 0.052222 0 0.001325 0.7175 0.499444 0.027500 0.066667 2 0.001134 0.98875 0.701111 0.022500 0.100000 3 0.001107 0.994375 0.932778 0.011250 0.121111 2 0.001099 0.718125 0.499722 0.030000 0.072778 10 0.001008 0.995 0.187778 0.010000 0.082778
CCTV02^20260511-140000-20260511-142440_002417,10 0.775879 0.3875 0.388333 0.050000 0.127778 2 0.741699 0.615 0.342778 0.023750 0.051111 9 0.720215 0.465625 0.436667 0.051875 0.146667 10 0.624512 0.212539 0.853889 0.153672 0.292222 2 0.523438 0.775625 0.464722 0.028750 0.063889 2 0.503906 0.36625 0.306111 0.018750 0.046667 10 0.486328 0.325312 0.263333 0.034375 0.082778 0 0.476562 0.80875 0.505833 0.027500 0.072778 2 0.242188 0.367188 0.215 0.013750 0.031111 2 0.11438 0.851875 0.667222 0.046250 0.081111 2 0.10376 0.80875 0.505 0.027500 0.071111 2 0.078369 0.292969 0.406111 0.036250 0.058889 2 0.048309 0.72875 0.365833 0.022500 0.038333 2 0.023422 0.241875 0.586667 0.034688 0.084444 1 0.022293 0.7175 0.490278 0.025000 0.047222 2 0.017914 0.99375 0.740556 0.012500 0.083333 2 0.009415 0.976875 0.683333 0.046250 0.102222 2 0.009087 0.99375 0.541667 0.012500 0.083333 3 0.006489 0.99 0.93 0.020000 0.135556 12 0.0051 0.995625 0.107778 0.008750 0.067778 2 0.003885 0.990625 0.732778 0.018750 0.077778 2 0.003124 0.8725 0.469444 0.037500 0.067778 12 0.00297 0.01584 0.648889 0.031328 0.191111 3 0.002846 0.401875 0.240556 0.017500 0.027222 2 0.002405 0.885 0.562778 0.040000 0.070000 1 0.00181 0.715 0.3925 0.015000 0.038333 0 0.001681 0.99375 0.543194 0.012500 0.078056 2 0.001636 0.61875 0.343333 0.038750 0.052778 2 0.00149 0.3725 0.306667 0.031250 0.052222 2 0.00141 0.994063 0.714445 0.011875 0.073333 12 0.001399 0.034531 0.650556 0.069063 0.173333 12 0.001274 0.99375 0.201389 0.012500 0.061667 2 0.001151 0.765625 0.455556 0.030000 0.057778 2 0.001124 0.3475 0.1825 0.010000 0.026667 12 0.001124 0.995313 0.213889 0.009375 0.080000
CCTV02^20260511-140000-20260511-142440_002421,2 0.741699 0.720625 0.453056 0.030000 0.066111 2 0.715332 0.5625 0.321389 0.021250 0.043333 3 0.515625 0.70875 0.826111 0.080000 0.178889 4 0.458984 0.436563 0.308333 0.025625 0.051111 2 0.451416 0.336875 0.362222 0.020625 0.057778 10 0.44751 0.325 0.265 0.036250 0.096111 2 0.439697 0.374375 0.260833 0.015000 0.040556 2 0.430176 0.34875 0.468333 0.028750 0.074444 5 0.418701 0.363125 0.562778 0.048750 0.092222 10 0.414795 0.411563 0.35 0.039375 0.108889 0 0.394287 0.34875 0.467778 0.028750 0.070000 2 0.357666 0.9375 0.663333 0.042500 0.088889 2 0.222656 0.50125 0.248889 0.019375 0.038333 3 0.221313 0.362813 0.561667 0.048125 0.091111 1 0.038025 0.749375 0.493889 0.031250 0.057778 2 0.037598 0.47125 0.215278 0.015000 0.029444 3 0.036621 0.7825 0.930556 0.100000 0.138889 2 0.02626 0.73375 0.483889 0.017500 0.054444 3 0.024139 0.444688 0.224722 0.017500 0.028333 2 0.017517 0.565 0.3275 0.024375 0.058889 2 0.015427 0.7475 0.492778 0.037500 0.058889 2 0.014282 0.49875 0.235556 0.021875 0.038333 10 0.014229 0.39125 0.198472 0.035000 0.066944 2 0.010208 0.99375 0.742222 0.012500 0.084444 7 0.009056 0.660625 0.924444 0.077500 0.151111 3 0.008781 0.99125 0.936111 0.017500 0.120000 2 0.008255 0.992813 0.721111 0.014375 0.062222 12 0.007755 0.995625 0.106597 0.008750 0.057917 11 0.007095 0.99 0.628889 0.020000 0.121111 10 0.006905 0.261875 0.558889 0.100000 0.231111 2 0.006413 0.375625 0.262292 0.021250 0.049861 12 0.006027 0.785 0.923333 0.097500 0.153333 12 0.005577 0.99375 0.200278 0.012500 0.060000 2 0.005363 0.990625 0.734445 0.018750 0.093333 2 0.003622 0.775 0.462778 0.026250 0.047778 2 0.003172 0.97875 0.682222 0.042500 0.100000 2 0.0028 0.73875 0.487778 0.022500 0.054444 2 0.002779 0.785 0.929444 0.098750 0.141111 2 0.002758 0.55625 0.32 0.033750 0.045556 4 0.002174 0.99125 0.625 0.017500 0.108889 10 0.00205 0.034707 0.646667 0.069414 0.182222 12 0.001853 0.659844 0.931111 0.075312 0.133333 3 0.001796 0.65375 0.861111 0.075000 0.171111 2 0.001687 0.91375 0.568889 0.041250 0.077778 12 0.001661 0.010449 0.648889 0.020547 0.185556 12 0.001574 0.995 0.214444 0.010000 0.082778 10 0.001543 0.99125 0.638889 0.017500 0.128889 2 0.001467 0.570938 0.299444 0.014375 0.034444 2 0.001444 0.341563 0.363056 0.030625 0.065000 10 0.001399 0.356875 0.163889 0.028750 0.047778 2 0.001367 0.504375 0.249722 0.028750 0.048333 2 0.001265 0.006631 0.87 0.013242 0.128889 2 0.001225 0.445625 0.224861 0.020625 0.032222 2 0.001174 0.995 0.481111 0.010000 0.083333 0 0.001169 0.995625 0.53875 0.008750 0.069167 0 0.001032 0.29375 0.408333 0.034375 0.059444
CCTV02^20260511-140000-20260511-142440_002425,1 0.809082 0.442188 0.482222 0.019375 0.061111 2 0.767578 0.595625 0.368889 0.022500 0.051111 9 0.764648 0.494063 0.29 0.041875 0.096667 2 0.73877 0.327188 0.584444 0.040625 0.084444 2 0.716797 0.69375 0.436944 0.025000 0.056667 2 0.700684 0.644375 0.374167 0.025000 0.051111 3 0.672363 0.3725 0.528889 0.036250 0.066667 2 0.654785 0.72125 0.450556 0.030000 0.061111 2 0.649414 0.385 0.268958 0.015625 0.038750 2 0.533203 0.558438 0.281667 0.022500 0.041111 2 0.511719 0.36125 0.219167 0.011250 0.032500 2 0.455078 0.35125 0.247917 0.013125 0.041389 10 0.346924 0.323672 0.268958 0.035156 0.099861 2 0.216064 0.37625 0.237361 0.011250 0.026944 2 0.169434 0.376875 0.230833 0.011250 0.028333 3 0.077209 0.4025 0.240417 0.015000 0.026389 2 0.06189 0.162813 0.672778 0.048125 0.074444 2 0.029648 0.97625 0.683333 0.047500 0.100000 1 0.027176 0.445 0.486667 0.028750 0.076667 0 0.024521 0.97125 0.901111 0.055000 0.128889 1 0.022202 0.438438 0.482778 0.033125 0.067222 9 0.021774 0.26 0.552778 0.101875 0.223333 2 0.020798 0.56 0.289444 0.028125 0.057778 10 0.020645 0.256719 0.549444 0.107500 0.200000 2 0.015129 0.375 0.2025 0.012500 0.029444 2 0.015076 0.99375 0.74 0.012500 0.086667 2 0.011963 0.38625 0.273611 0.022500 0.055556 2 0.011116 0.383437 0.243611 0.013125 0.029444 2 0.008743 0.401875 0.240278 0.015000 0.027778 2 0.006798 0.860625 0.612222 0.046250 0.088889 2 0.00547 0.352187 0.252778 0.016250 0.056667 2 0.005447 0.291563 0.408333 0.036875 0.063889 1 0.0051 0.71375 0.393333 0.017500 0.038889 12 0.0047 0.995313 0.114132 0.009375 0.076181 0 0.004646 0.291563 0.408333 0.037812 0.065556 1 0.004505 0.72625 0.402778 0.016250 0.033333 11 0.004486 0.99 0.628889 0.020000 0.122222 0 0.004166 0.983125 0.912778 0.033750 0.142222 12 0.004101 0.39625 0.765556 0.255625 0.295556 2 0.00387 0.915625 0.574444 0.048750 0.091111 2 0.003376 0.465312 0.204444 0.015000 0.028333 2 0.003223 0.99 0.894444 0.020000 0.168889 2 0.002846 0.990625 0.730556 0.018750 0.074444 2 0.002253 0.990625 0.704444 0.018750 0.092222 0 0.002043 0.38375 0.273889 0.020625 0.055000 0 0.001796 0.9925 0.875556 0.015000 0.160000 2 0.0017 0.775 0.46 0.023750 0.051111 0 0.001531 0.994375 0.847222 0.011250 0.120000 2 0.001519 0.790625 0.420556 0.021250 0.041111 2 0.001519 0.995 0.762222 0.010000 0.120000 2 0.00141 0.371875 0.200833 0.017500 0.033889 2 0.001378 0.3625 0.229167 0.013125 0.031667 2 0.001356 0.593437 0.275556 0.019375 0.038889 2 0.001235 0.38 0.231389 0.013125 0.033056 4 0.00123 0.86875 0.463889 0.037500 0.056667 2 0.001216 0.98875 0.478611 0.022500 0.065000 2 0.001151 0.576875 0.361111 0.021250 0.057778 0 0.001116 0.99 0.918889 0.020000 0.131111
CCTV02^20260511-140000-20260511-142440_002429,1 0.834473 0.53375 0.415 0.015000 0.057778 2 0.795898 0.254375 0.815 0.050313 0.118889 2 0.767578 0.54375 0.361667 0.020000 0.047778 2 0.756348 0.620625 0.405 0.025000 0.052222 2 0.737305 0.69125 0.419444 0.027500 0.054444 10 0.730957 0.302656 0.47 0.092188 0.166667 2 0.604004 0.71625 0.471111 0.028750 0.060556 2 0.59082 0.65 0.43 0.030000 0.063333 2 0.558105 0.58125 0.358333 0.020625 0.042222 2 0.548828 0.370938 0.2625 0.018750 0.038889 2 0.546875 0.50625 0.258611 0.016250 0.036667 2 0.517578 0.557813 0.281111 0.021875 0.037778 2 0.420654 0.566563 0.389722 0.013750 0.042778 1 0.418701 0.59375 0.408333 0.020000 0.058889 2 0.368408 0.77 0.47 0.037500 0.057778 0 0.166626 0.602812 0.352222 0.016250 0.043333 2 0.119202 0.97625 0.685556 0.047500 0.100000 10 0.105591 0.4525 0.402778 0.037500 0.078889 2 0.09668 0.8125 0.481667 0.032500 0.061111 1 0.06189 0.535 0.414167 0.021250 0.069444 1 0.056244 0.6025 0.350556 0.016250 0.043333 3 0.048676 0.45125 0.401944 0.039375 0.081667 2 0.040833 0.6025 0.353333 0.017500 0.043333 2 0.035553 0.5925 0.403889 0.018750 0.055556 1 0.0336 0.566875 0.401389 0.015000 0.056111 2 0.026657 0.99375 0.740556 0.012500 0.081111 2 0.020096 0.624687 0.415556 0.030000 0.063333 10 0.02002 0.325703 0.256389 0.031094 0.068889 2 0.019501 0.91625 0.578333 0.040000 0.066667 1 0.018906 0.8575 0.56 0.020000 0.046667 3 0.018188 0.402187 0.242917 0.014375 0.024722 2 0.0159 0.468125 0.217917 0.018125 0.034167 2 0.014282 0.5375 0.380556 0.015000 0.030000 11 0.013847 0.99 0.631111 0.020000 0.131111 2 0.009636 0.56875 0.376389 0.011250 0.039444 2 0.009056 0.89875 0.55 0.038750 0.072222 2 0.008034 0.373437 0.265556 0.026875 0.047778 12 0.007122 0.995 0.122917 0.010000 0.101389 2 0.006824 0.3425 0.201944 0.012500 0.026111 1 0.006462 0.340313 0.300278 0.020625 0.043333 1 0.006264 0.532813 0.425278 0.018750 0.067778 2 0.005753 0.990625 0.733333 0.018750 0.088889 5 0.004608 0.45125 0.401944 0.041250 0.080556 3 0.00452 0.994375 0.941111 0.011250 0.115556 2 0.004299 0.995 0.755556 0.010000 0.097778 0 0.003197 0.3375 0.299167 0.023750 0.046111 3 0.002846 0.317188 0.324167 0.034375 0.042778 2 0.002779 0.565938 0.29 0.021250 0.034444 9 0.002693 0.865 0.486667 0.040000 0.067778 2 0.002611 0.601875 0.4075 0.019375 0.057778 2 0.002453 0.995 0.463889 0.010000 0.050000 2 0.00215 0.76375 0.485556 0.032500 0.073333 2 0.001965 0.486875 0.222222 0.011250 0.025833 9 0.001957 0.99125 0.633333 0.017500 0.124444 2 0.001912 0.57625 0.371667 0.011250 0.041111 2 0.001796 0.5325 0.228333 0.017500 0.030556 1 0.001755 0.538125 0.393333 0.018750 0.056667 0 0.001741 0.60625 0.355556 0.025625 0.050000 12 0.001687 0.99375 0.206667 0.012500 0.071667 1 0.001597 0.824375 0.883333 0.045000 0.102222 10 0.001549 0.86625 0.4875 0.040000 0.067222 2 0.001421 0.610625 0.364444 0.027500 0.040556 2 0.001383 0.995 0.477778 0.010000 0.060000 2 0.001289 0.568125 0.405 0.016250 0.061111 1 0.001289 0.81375 0.913333 0.037500 0.095556 2 0.001255 0.485625 0.20875 0.012500 0.025000 7 0.001161 0.4525 0.409167 0.036250 0.082778 2 0.001124 0.339375 0.210972 0.011875 0.025278 2 0.001073 0.536875 0.361667 0.031250 0.046667 2 0.001037 0.344688 0.191806 0.014375 0.026667
CCTV02^20260511-140000-20260511-142440_002433,2 0.81543 0.67375 0.452222 0.032500 0.064444 2 0.751953 0.6025 0.358889 0.022500 0.044444 2 0.690918 0.691875 0.418889 0.025000 0.052222 2 0.686035 0.53875 0.321389 0.021250 0.043889 2 0.622559 0.360625 0.331111 0.018750 0.046667 3 0.560059 0.570625 0.562222 0.040625 0.083333 2 0.511719 0.62875 0.3525 0.018750 0.045556 2 0.498047 0.559062 0.281667 0.020000 0.036111 2 0.453369 0.92375 0.656667 0.053750 0.093333 2 0.413086 0.37875 0.277778 0.016250 0.038889 5 0.289307 0.421875 0.286389 0.022500 0.043889 2 0.217285 0.7975 0.5 0.045000 0.064444 3 0.187134 0.4375 0.616111 0.041875 0.083333 4 0.181274 0.4375 0.616667 0.040000 0.084444 5 0.178955 0.4375 0.616667 0.041250 0.084444 2 0.147583 0.54 0.300556 0.021250 0.028333 7 0.096008 0.7275 0.803333 0.082500 0.147778 2 0.090088 0.298594 0.423333 0.023438 0.056667 1 0.078064 0.7175 0.488889 0.022500 0.048889 10 0.070801 0.325625 0.258958 0.030000 0.080972 3 0.053802 0.4225 0.29 0.023750 0.054444 2 0.035004 0.97625 0.685556 0.047500 0.102222 3 0.027374 0.401875 0.239167 0.013125 0.023889 2 0.022797 0.995 0.742222 0.010000 0.073333 4 0.015366 0.990625 0.622222 0.018750 0.090000 2 0.013069 0.995 0.463889 0.010000 0.054444 10 0.012871 0.371875 0.208472 0.025000 0.059167 2 0.010735 0.36125 0.337222 0.023750 0.066667 2 0.010132 0.800625 0.554306 0.030000 0.060278 2 0.008812 0.7975 0.517222 0.030000 0.050000 2 0.008781 0.488438 0.2225 0.016250 0.035000 0 0.008675 0.99375 0.546111 0.012500 0.058889 2 0.007904 0.85125 0.636667 0.041250 0.088889 2 0.006439 0.6825 0.437778 0.037500 0.055556 2 0.005913 0.37875 0.246944 0.015000 0.033889 11 0.004608 0.989375 0.635556 0.021250 0.127778 0 0.004574 0.36125 0.337778 0.022500 0.066667 2 0.004181 0.865 0.515 0.027500 0.050000 12 0.00399 0.995 0.111667 0.010000 0.073333 3 0.003975 0.9875 0.933333 0.025000 0.131111 10 0.002823 0.385 0.162083 0.032500 0.048056 12 0.002737 0.99375 0.201528 0.012500 0.059722 2 0.00255 0.874375 0.501111 0.031250 0.062222 2 0.002443 0.795 0.529444 0.032500 0.062222 2 0.002306 0.53875 0.293056 0.020625 0.036111 2 0.002115 0.99125 0.734444 0.017500 0.086667 2 0.001867 0.791875 0.507778 0.033750 0.061111 2 0.001789 0.5675 0.29 0.018750 0.032222 4 0.001755 0.7275 0.81 0.080000 0.140000 2 0.001748 0.633438 0.353333 0.028125 0.055556 2 0.001649 0.548125 0.288889 0.020625 0.035556 3 0.001416 0.319844 0.315 0.021563 0.042222 12 0.00141 0.44625 0.03375 0.049375 0.067500 2 0.00141 0.8825 0.539445 0.022500 0.062222 1 0.001399 0.80875 0.932778 0.050000 0.130000 2 0.001378 0.561563 0.293333 0.023125 0.051667 2 0.001341 0.467187 0.208333 0.011250 0.037778 2 0.001116 0.147344 0.658333 0.038437 0.063333
CCTV02^20260511-140000-20260511-142440_002437,2 0.733887 0.665 0.418333 0.027500 0.052222 2 0.720215 0.623125 0.357222 0.024375 0.044444 2 0.666992 0.525937 0.279444 0.016875 0.035556 2 0.660156 0.705 0.492222 0.032500 0.065556 2 0.594727 0.691875 0.415556 0.025000 0.048889 2 0.554688 0.74125 0.481111 0.035000 0.063333 2 0.484375 0.51 0.256667 0.014375 0.032778 2 0.42627 0.92375 0.657778 0.052500 0.093333 10 0.407227 0.568438 0.466667 0.075625 0.178889 0 0.361084 0.801875 0.509167 0.025000 0.066111 4 0.354004 0.505 0.321667 0.028750 0.051111 2 0.352295 0.35 0.345833 0.018750 0.056111 0 0.295898 0.27375 0.4975 0.028750 0.068333 2 0.29248 0.97625 0.774445 0.047500 0.111111 2 0.291016 0.8025 0.508889 0.025000 0.066667 0 0.202393 0.9475 0.823333 0.056250 0.114444 3 0.158203 0.46875 0.263819 0.023750 0.039028 2 0.106689 0.356875 0.315833 0.017500 0.049444 9 0.093689 0.40125 0.230556 0.018750 0.040000 2 0.09137 0.274063 0.497778 0.028125 0.067778 4 0.080933 0.975 0.931667 0.050000 0.116667 10 0.080078 0.326172 0.258611 0.032656 0.075000 2 0.075317 0.85625 0.54125 0.042500 0.077500 2 0.069031 0.449375 0.214167 0.012500 0.029167 2 0.058777 0.40125 0.230139 0.020000 0.039722 2 0.040527 0.46375 0.219167 0.012500 0.028889 3 0.035675 0.505 0.320556 0.027500 0.055556 2 0.026657 0.4875 0.22 0.017500 0.033889 2 0.024704 0.52375 0.2725 0.020000 0.035000 2 0.018402 0.354063 0.331944 0.025000 0.067222 2 0.010056 0.76125 0.452222 0.035000 0.056667 2 0.006878 0.292344 0.409444 0.034063 0.060000 2 0.006565 0.755625 0.399444 0.022500 0.043333 2 0.006512 0.238906 0.563889 0.022812 0.056667 4 0.006462 0.984375 0.916667 0.031250 0.133333 3 0.006241 0.435 0.218333 0.013750 0.022778 2 0.00518 0.97625 0.685556 0.047500 0.106667 12 0.004539 0.995 0.113854 0.010000 0.073403 12 0.004539 0.99375 0.205833 0.012500 0.070000 2 0.0042 0.9925 0.876111 0.015000 0.112222 2 0.004166 0.99375 0.856667 0.012500 0.073333 2 0.003929 0.641094 0.347778 0.022813 0.040556 4 0.003824 0.99 0.888889 0.020000 0.155556 2 0.003403 0.351875 0.356667 0.022500 0.070000 2 0.003124 0.141094 0.662222 0.050937 0.077778 3 0.002913 0.99125 0.888333 0.017500 0.144444 10 0.002571 0.400313 0.226667 0.020625 0.045000 4 0.002571 0.991875 0.622222 0.016250 0.095556 2 0.002493 0.61 0.363056 0.031250 0.038889 0 0.002415 0.351875 0.356944 0.021250 0.068889 2 0.002253 0.516875 0.308889 0.018125 0.041111 2 0.0021 0.275313 0.521389 0.030313 0.069444 2 0.002083 0.616563 0.359722 0.038125 0.042778 3 0.00205 0.319063 0.313889 0.021250 0.042222 11 0.001649 0.99 0.628889 0.020000 0.115556 3 0.001636 0.432813 0.219444 0.018750 0.028333 2 0.001574 0.995 0.554444 0.010000 0.068889 12 0.00149 0.44625 0.032639 0.046250 0.065278 9 0.001478 0.990625 0.624444 0.018750 0.102222 2 0.001255 0.484062 0.212778 0.020000 0.030000 2 0.001249 0.486875 0.228194 0.016250 0.038056 2 0.001245 0.9925 0.82 0.015000 0.082222 10 0.001197 0.99125 0.640556 0.017500 0.134444 2 0.001174 0.82875 0.448333 0.030000 0.057778 12 0.001078 0.007715 0.649445 0.015137 0.183333
CCTV02^20260511-140000-20260511-142440_002441,2 0.760742 0.297344 0.495278 0.025938 0.062778 5 0.740234 0.63375 0.564444 0.052500 0.120000 1 0.732422 0.549375 0.319444 0.013750 0.045556 2 0.726562 0.255938 0.732778 0.044375 0.100000 2 0.713867 0.60375 0.355556 0.023750 0.046667 2 0.702637 0.960625 0.783333 0.060000 0.102222 2 0.695801 0.679375 0.498056 0.033750 0.063889 2 0.666992 0.75625 0.551111 0.040000 0.071111 7 0.638672 0.428125 0.3 0.027500 0.063889 2 0.588867 0.374375 0.268264 0.016875 0.042361 2 0.535156 0.908125 0.676667 0.055000 0.093333 2 0.513672 0.675625 0.397222 0.025000 0.050000 2 0.511719 0.7075 0.460556 0.035000 0.057778 3 0.414795 0.55375 0.496667 0.033750 0.070000 2 0.405518 0.481563 0.238333 0.012500 0.029444 2 0.370117 0.467187 0.245833 0.014375 0.033889 2 0.339844 0.676875 0.452222 0.025000 0.045556 4 0.275146 0.555 0.496667 0.033750 0.073333 2 0.258301 0.760625 0.456111 0.026250 0.052222 2 0.250977 0.79875 0.5275 0.031250 0.065000 3 0.204346 0.67375 0.805556 0.068750 0.120000 10 0.154053 0.326172 0.259722 0.032656 0.077222 2 0.11554 0.516875 0.251181 0.015000 0.034306 2 0.042877 0.49375 0.225556 0.012500 0.028333 2 0.038605 0.87375 0.513889 0.027500 0.070000 2 0.027695 0.67875 0.406667 0.020000 0.046667 3 0.027176 0.995 0.940556 0.010000 0.116667 2 0.026855 0.794375 0.476111 0.025000 0.054444 2 0.023773 0.994375 0.941111 0.011250 0.111111 2 0.019867 0.99375 0.751667 0.012500 0.088889 2 0.018692 0.374063 0.272153 0.021875 0.057917 2 0.014618 0.694375 0.418611 0.018750 0.037222 3 0.014557 0.98875 0.928889 0.022500 0.142222 2 0.01297 0.495 0.231528 0.012500 0.028056 2 0.011505 0.474375 0.242361 0.015000 0.032500 1 0.009056 0.543437 0.319167 0.023750 0.047222 2 0.00885 0.9775 0.686667 0.045000 0.102222 2 0.006771 0.264219 0.484444 0.034375 0.057778 3 0.006004 0.402188 0.241806 0.015000 0.024167 2 0.004963 0.140234 0.662778 0.050469 0.074444 2 0.003929 0.66875 0.393333 0.037500 0.052222 2 0.003622 0.993125 0.732778 0.013750 0.074444 2 0.003538 0.301875 0.507222 0.032813 0.075556 2 0.003429 0.32 0.315 0.021250 0.041111 2 0.003429 0.79625 0.489444 0.027500 0.063333 12 0.003403 0.995 0.113854 0.010000 0.082292 2 0.003197 0.995 0.771111 0.010000 0.090000 2 0.002846 0.299062 0.447222 0.025625 0.045556 2 0.00259 0.5175 0.26 0.015000 0.045000 12 0.002323 0.995625 0.101528 0.008750 0.072778 3 0.002132 0.123281 0.205972 0.014063 0.021111 2 0.00202 0.713125 0.436944 0.028750 0.047222 2 0.001831 0.294688 0.371111 0.035625 0.058889 4 0.001818 0.991875 0.623333 0.016250 0.088889 2 0.001755 0.346875 0.195278 0.011250 0.024444 7 0.001748 0.429375 0.308333 0.036250 0.090000 9 0.001714 0.99 0.629444 0.020000 0.110000 1 0.001592 0.569375 0.317222 0.012500 0.052222 1 0.001531 0.72625 0.401389 0.016250 0.035000 2 0.00141 0.69875 0.425 0.025000 0.044444 1 0.001367 0.71625 0.398889 0.016250 0.036667 2 0.001221 0.44875 0.201528 0.012500 0.027500 10 0.001216 0.99125 0.640556 0.017500 0.128889 2 0.001161 0.467187 0.206667 0.010625 0.022222 11 0.001147 0.98875 0.635556 0.022500 0.131111 12 0.001086 0.99375 0.204444 0.012500 0.066667 2 0.001081 0.875 0.757778 0.032500 0.066667 2 0.001024 0.239687 0.557222 0.024375 0.058889
CCTV02^20260511-140000-20260511-142440_002445,2 0.71875 0.55375 0.2925 0.018750 0.041667 2 0.713867 0.7225 0.513889 0.033750 0.065556 2 0.710449 0.266094 0.557639 0.029375 0.073611 2 0.699219 0.36625 0.368611 0.022500 0.055000 7 0.682617 0.439375 0.502778 0.045000 0.108889 10 0.660156 0.41375 0.265278 0.037500 0.083333 2 0.642578 0.5775 0.326667 0.018750 0.043333 2 0.604004 0.68 0.435556 0.027500 0.050000 2 0.586914 0.509375 0.269167 0.019375 0.044444 2 0.584961 0.70375 0.458333 0.025000 0.054444 2 0.577637 0.80875 0.532778 0.027500 0.064444 2 0.486328 0.356875 0.227222 0.013750 0.032778 2 0.470703 0.895 0.685 0.050000 0.088889 2 0.361084 0.72875 0.451944 0.027500 0.052778 2 0.339844 0.67625 0.394167 0.025000 0.043333 9 0.320801 0.439063 0.501667 0.045625 0.108889 10 0.228149 0.325625 0.26 0.031250 0.075000 2 0.194336 0.479375 0.245 0.021250 0.037222 2 0.157104 0.77 0.58 0.035000 0.075556 9 0.13208 0.520312 0.35 0.044375 0.104444 2 0.107056 0.85375 0.533889 0.025000 0.060000 1 0.046539 0.98875 0.912222 0.022500 0.126667 0 0.042572 0.911875 0.812222 0.057500 0.102222 1 0.032104 0.9125 0.817778 0.057500 0.104444 2 0.025558 0.369688 0.367778 0.034375 0.066667 2 0.019714 0.774375 0.452222 0.027500 0.053333 2 0.019638 0.239063 0.559444 0.023750 0.065556 2 0.015076 0.81 0.473333 0.025000 0.057778 2 0.013794 0.995 0.742222 0.010000 0.078889 0 0.01133 0.991875 0.898889 0.016250 0.133333 1 0.009972 0.700625 0.473333 0.020000 0.057222 2 0.00956 0.54875 0.288333 0.032500 0.045556 3 0.009338 0.45375 0.233611 0.013750 0.026944 2 0.007965 0.513125 0.2675 0.028750 0.055000 2 0.007462 0.99375 0.875556 0.012500 0.137778 12 0.007175 0.995 0.121146 0.010000 0.096042 12 0.006615 0.995625 0.106528 0.008750 0.081667 2 0.006363 0.701875 0.428333 0.028750 0.036667 1 0.005447 0.979375 0.908889 0.041250 0.136667 2 0.005219 0.465938 0.206944 0.012500 0.025556 2 0.004982 0.57375 0.302222 0.015000 0.035556 2 0.004848 0.98875 0.726667 0.022500 0.075556 2 0.003721 0.57 0.304722 0.025000 0.052778 1 0.003124 0.7425 0.478056 0.015000 0.039444 2 0.00259 0.319922 0.315 0.021406 0.042222 2 0.002512 0.139844 0.666667 0.051562 0.075556 2 0.002296 0.673125 0.387222 0.032500 0.052222 0 0.0021 0.8525 0.544444 0.025000 0.074444 3 0.002003 0.319375 0.313889 0.020625 0.040556 2 0.002003 0.9075 0.792222 0.045000 0.075556 2 0.001912 0.72875 0.398889 0.016250 0.036667 0 0.001912 0.975937 0.897222 0.048125 0.138889 2 0.001883 0.99 0.881111 0.020000 0.140000 2 0.001755 0.341875 0.248333 0.013750 0.063889 2 0.0017 0.9925 0.622222 0.015000 0.088889 0 0.001687 0.70875 0.394167 0.017500 0.033889 2 0.001642 0.995625 0.842778 0.008750 0.112222 2 0.001507 0.5175 0.276111 0.032500 0.066111 2 0.001421 0.294688 0.373333 0.036875 0.065556 0 0.001325 0.728125 0.400278 0.015000 0.035556 2 0.001325 0.7525 0.453056 0.022500 0.051667 12 0.00124 0.99375 0.207222 0.012500 0.072222 4 0.001103 0.99 0.623889 0.020000 0.092222 2 0.001065 0.266563 0.491111 0.030000 0.054444 2 0.00106 0.2725 0.564444 0.040625 0.074444 1 0.001057 0.7525 0.465556 0.017500 0.048889
CCTV02^20260511-140000-20260511-142440_002449,2 0.760742 0.330078 0.457222 0.026094 0.066667 2 0.753418 0.64 0.385556 0.027500 0.050000 2 0.73877 0.68 0.471667 0.025000 0.061111 1 0.72168 0.647344 0.485556 0.017812 0.057778 2 0.70752 0.7075 0.462778 0.032500 0.061111 3 0.682617 0.406563 0.311111 0.021875 0.035556 3 0.675781 0.55375 0.358889 0.033750 0.050556 3 0.67041 0.5775 0.441111 0.038750 0.062222 2 0.594727 0.75 0.468889 0.033750 0.056667 2 0.496094 0.75125 0.537222 0.035000 0.058889 2 0.492188 0.87125 0.532778 0.025000 0.072222 2 0.46875 0.955 0.832222 0.067500 0.120000 2 0.309082 0.286875 0.495833 0.038750 0.067778 2 0.307373 0.950625 0.703333 0.060000 0.080000 2 0.252441 0.7725 0.523611 0.030000 0.060556 2 0.226807 0.79125 0.489444 0.022500 0.050000 1 0.180664 0.835 0.503889 0.017500 0.048889 9 0.153076 0.7025 0.547778 0.062500 0.102222 2 0.116333 0.561875 0.332222 0.022500 0.035556 2 0.075317 0.92875 0.659444 0.045000 0.076667 4 0.073181 0.7025 0.548889 0.063750 0.102222 10 0.057068 0.325625 0.260625 0.033125 0.076528 1 0.030441 0.64625 0.487778 0.026250 0.065556 2 0.02655 0.855 0.458889 0.026250 0.057778 1 0.026352 0.80625 0.543889 0.017500 0.051111 2 0.025757 0.994375 0.740556 0.011250 0.075556 3 0.015305 0.560938 0.339167 0.023750 0.043889 2 0.013123 0.375938 0.196806 0.016875 0.030278 2 0.012009 0.8975 0.544444 0.030000 0.065556 2 0.00885 0.695625 0.468333 0.026250 0.061111 2 0.006168 0.240313 0.568333 0.029063 0.064444 2 0.005959 0.795 0.573333 0.037500 0.075556 3 0.005344 0.318438 0.313889 0.023125 0.043333 12 0.005241 0.995 0.112361 0.010000 0.069167 2 0.004887 0.7875 0.573889 0.030000 0.065556 3 0.004467 0.41125 0.309444 0.033750 0.041111 1 0.004417 0.828125 0.965556 0.056250 0.068889 2 0.00415 0.804375 0.543889 0.022500 0.051111 2 0.003855 0.14 0.667778 0.054375 0.080000 2 0.003824 0.345625 0.228056 0.016875 0.031667 1 0.003765 0.67875 0.473611 0.030000 0.062778 4 0.003664 0.99125 0.626111 0.017500 0.091111 9 0.003223 0.99 0.63 0.020000 0.107778 2 0.003136 0.319219 0.314444 0.023438 0.042222 3 0.003027 0.317813 0.13375 0.010000 0.020000 3 0.0028 0.98625 0.925 0.027500 0.146667 2 0.002632 0.995625 0.460833 0.008750 0.043889 2 0.002481 0.990625 0.643333 0.018750 0.133333 3 0.002462 0.99375 0.928889 0.012500 0.137778 2 0.002434 0.990625 0.718889 0.018750 0.066667 12 0.00209 0.445312 0.036042 0.050625 0.072083 11 0.001912 0.954375 0.515833 0.088750 0.121667 10 0.001623 0.033438 0.642222 0.066719 0.193333 2 0.001536 0.336562 0.01941 0.033750 0.038819 2 0.00149 0.995 0.549444 0.010000 0.054444 2 0.001378 0.99625 0.448611 0.007500 0.059444 12 0.001346 0.99375 0.204444 0.012500 0.065000 2 0.001255 0.292969 0.371667 0.038438 0.063333 0 0.001032 0.003643 0.474722 0.007266 0.055000
CCTV02^20260511-140000-20260511-142440_002453,2 0.750488 0.329063 0.570556 0.030625 0.075556 2 0.744629 0.11625 0.737778 0.053750 0.086667 10 0.704102 0.426563 0.276111 0.038125 0.083333 2 0.586914 0.891875 0.757778 0.048750 0.106667 2 0.558105 0.90125 0.682222 0.050000 0.088889 1 0.525391 0.516875 0.284444 0.013125 0.040000 2 0.498047 0.86125 0.534445 0.036250 0.072222 2 0.486328 0.357188 0.321389 0.016875 0.047222 3 0.478516 0.77875 0.658889 0.087500 0.098889 2 0.470703 0.985 0.809445 0.030000 0.137778 3 0.443604 0.035273 0.741111 0.070000 0.091111 2 0.394287 0.704375 0.437222 0.030000 0.055556 2 0.38501 0.37875 0.249028 0.016250 0.040278 4 0.136597 0.485313 0.285 0.028125 0.064444 7 0.135742 0.48625 0.285556 0.026250 0.056667 2 0.110474 0.975625 0.685556 0.048750 0.100000 9 0.107422 0.48625 0.285 0.026250 0.058889 2 0.107422 0.81375 0.488889 0.022500 0.050000 10 0.066101 0.325938 0.257778 0.028750 0.075000 2 0.060303 0.47875 0.239722 0.014375 0.027222 2 0.046021 0.487187 0.214861 0.015000 0.029444 11 0.042572 0.579375 0.492778 0.078750 0.183333 2 0.039642 0.79 0.528333 0.035000 0.056667 1 0.031372 0.517188 0.288889 0.016250 0.055556 2 0.022034 0.239375 0.566111 0.026250 0.065556 2 0.019638 0.99 0.624444 0.020000 0.082222 2 0.013222 0.771875 0.450556 0.023750 0.046111 2 0.012672 0.470625 0.2025 0.013750 0.028889 2 0.012383 0.79625 0.542778 0.048750 0.055556 2 0.012238 0.855 0.656111 0.031250 0.067778 1 0.012009 0.995625 0.546528 0.008750 0.053611 2 0.011292 0.995625 0.527222 0.008750 0.082222 1 0.010132 0.329375 0.365 0.012500 0.040000 2 0.009674 0.401875 0.240139 0.012500 0.027500 2 0.009163 0.7975 0.441667 0.025000 0.050000 4 0.008919 0.7775 0.489444 0.051250 0.066667 1 0.008476 0.57 0.757778 0.015000 0.043333 1 0.007965 0.7275 0.4 0.012500 0.032222 0 0.007462 0.995625 0.540139 0.008750 0.068611 1 0.007175 0.66125 0.435556 0.017500 0.048889 10 0.00634 0.98375 0.858889 0.032500 0.280000 2 0.005405 0.995625 0.458056 0.008750 0.062778 2 0.004982 0.991875 0.742778 0.016250 0.085556 3 0.004646 0.98 0.903889 0.040000 0.192222 2 0.004452 0.328203 0.32 0.017344 0.042778 1 0.004398 0.104375 0.908333 0.044219 0.118889 3 0.004314 0.9825 0.927778 0.035000 0.144444 10 0.00423 0.035547 0.742222 0.071094 0.115556 12 0.004215 0.995 0.124583 0.010000 0.105556 2 0.003538 0.745 0.409722 0.020000 0.032222 2 0.003376 0.75375 0.443333 0.017500 0.044444 2 0.003325 0.895 0.546528 0.027500 0.062500 12 0.003298 0.995625 0.107708 0.008750 0.089583 2 0.003136 0.3225 0.316667 0.019375 0.042222 2 0.002913 0.145313 0.658889 0.034063 0.066667 3 0.002611 0.400625 0.238194 0.015000 0.034167 3 0.002611 0.319219 0.314444 0.020937 0.042222 11 0.002405 0.94125 0.506667 0.077500 0.105556 12 0.002083 0.011865 0.653333 0.023457 0.202222 9 0.002068 0.78375 0.492778 0.037500 0.065556 2 0.001867 0.77625 0.478611 0.050000 0.063889 2 0.001818 0.299688 0.415278 0.025000 0.051667 1 0.001818 0.9775 0.548333 0.025000 0.055556 1 0.001768 0.513125 0.283889 0.020000 0.050000 3 0.001661 0.98625 0.936667 0.027500 0.126667 2 0.001394 0.760625 0.4625 0.030000 0.063889 2 0.001362 0.99 0.828889 0.020000 0.137778 2 0.001356 0.740625 0.405833 0.022500 0.035000 2 0.00132 0.355 0.3275 0.023750 0.062222 3 0.001265 0.24625 0.136111 0.011250 0.020556 4 0.001265 0.98375 0.814444 0.032500 0.110000 9 0.001225 0.579375 0.493611 0.076875 0.181667 3 0.001225 0.8 0.541111 0.042500 0.055556 2 0.001156 0.231563 0.566667 0.042500 0.074444 2 0.001134 0.746875 0.4175 0.021250 0.039444 2 0.00109 0.98875 0.72 0.021250 0.053333 1 0.001065 0.114375 0.918889 0.063437 0.137778 9 0.001048 0.985 0.826111 0.030000 0.141111 2 0.00104 0.798125 0.560556 0.046250 0.071111 12 0.00104 0.005884 0.663333 0.011553 0.222222
CCTV02^20260511-140000-20260511-142440_002457,2 0.770508 0.333125 0.547778 0.030000 0.072222 10 0.753418 0.648906 0.404167 0.074688 0.125000 2 0.723145 0.39 0.303611 0.018125 0.043333 3 0.716797 0.370937 0.466667 0.033750 0.060000 2 0.700684 0.860625 0.534444 0.037500 0.073333 2 0.668945 0.527812 0.287222 0.019375 0.044444 2 0.666992 0.578125 0.333333 0.020000 0.050000 2 0.631836 0.70625 0.433056 0.025000 0.052778 2 0.511719 0.024844 0.871111 0.049063 0.117778 7 0.457031 0.3925 0.615556 0.060000 0.133333 2 0.44165 0.7725 0.477222 0.025000 0.042222 2 0.42627 0.9625 0.800556 0.062500 0.125556 9 0.420654 0.453438 0.555417 0.038750 0.102500 2 0.242188 0.8975 0.756667 0.045000 0.095556 2 0.23938 0.503125 0.234306 0.016250 0.031944 1 0.217285 0.308125 0.4275 0.016875 0.065000 3 0.206909 0.42 0.27 0.018750 0.035556 7 0.206909 0.453438 0.553889 0.039375 0.101111 9 0.14856 0.3925 0.616667 0.060625 0.137778 3 0.143677 0.985 0.933333 0.030000 0.133333 2 0.113953 0.419688 0.269444 0.018750 0.034444 10 0.073425 0.326172 0.258403 0.030156 0.073194 2 0.070312 0.855 0.4575 0.027500 0.059444 4 0.054199 0.024121 0.872222 0.047930 0.122222 2 0.051086 0.68875 0.406111 0.017500 0.042222 2 0.031616 0.34625 0.200556 0.012500 0.029444 9 0.029205 0.399375 0.220833 0.020000 0.042222 2 0.027481 0.993125 0.74 0.013750 0.094444 2 0.019501 0.77375 0.467778 0.022500 0.045556 2 0.016098 0.90875 0.649444 0.047500 0.095556 2 0.016022 0.302813 0.419444 0.022500 0.060000 2 0.015305 0.971875 0.682222 0.056250 0.102222 1 0.014061 0.30625 0.417222 0.018750 0.047778 2 0.0121 0.695 0.422222 0.025000 0.053333 1 0.01133 0.77375 0.641111 0.030000 0.068889 0 0.010612 0.77375 0.647778 0.030000 0.065556 2 0.010292 0.990938 0.724445 0.018125 0.063333 1 0.009933 0.99125 0.734444 0.017500 0.086667 11 0.009483 0.399375 0.221111 0.020000 0.043333 2 0.009415 0.7525 0.433333 0.020000 0.052222 2 0.007935 0.571875 0.298333 0.013750 0.031111 2 0.007668 0.77375 0.646667 0.030000 0.068889 0 0.007637 0.99375 0.758333 0.012500 0.097778 3 0.007206 0.98875 0.911944 0.022500 0.176111 1 0.006691 0.71625 0.395833 0.015000 0.036667 2 0.006489 0.7275 0.399444 0.012500 0.033333 3 0.005707 0.99 0.946111 0.020000 0.107778 2 0.005405 0.885625 0.500556 0.032500 0.044444 2 0.005302 0.785 0.453333 0.035000 0.051111 2 0.005161 0.006118 0.903333 0.011943 0.095556 4 0.004738 0.399375 0.224444 0.021250 0.051667 4 0.0047 0.98875 0.622222 0.022500 0.093333 12 0.00452 0.99375 0.204306 0.012500 0.068056 12 0.003855 0.995313 0.12 0.009375 0.093889 2 0.003765 0.140937 0.663889 0.052500 0.077778 10 0.003593 0.4 0.223333 0.021250 0.051944 3 0.003099 0.32 0.313333 0.020000 0.040000 1 0.003075 0.303438 0.431667 0.022812 0.071111 2 0.003075 0.995 0.549444 0.010000 0.062222 2 0.003027 0.238438 0.562222 0.028437 0.070000 3 0.00289 0.024883 0.872222 0.049375 0.124444 2 0.002714 0.99 0.625556 0.020000 0.095556 4 0.002472 0.972188 0.682222 0.055625 0.104444 2 0.002132 0.86875 0.520556 0.045000 0.063333 2 0.002115 0.89625 0.538333 0.031250 0.060000 0 0.002108 0.994687 0.788889 0.010625 0.100000 2 0.001957 0.393125 0.302778 0.028750 0.052222 2 0.001768 0.320625 0.314167 0.022500 0.041111 2 0.001741 0.81125 0.451667 0.031250 0.058889 10 0.001507 0.986875 0.89 0.026250 0.220000 3 0.001467 0.004053 0.969167 0.008105 0.061667 2 0.001315 0.74 0.383889 0.025000 0.044444 2 0.001274 0.030254 0.889444 0.051836 0.085556 2 0.00124 0.77375 0.454444 0.022500 0.055556 0 0.001235 0.03459 0.927778 0.046914 0.097778 2 0.001221 0.85 0.636667 0.030000 0.071111 2 0.001124 0.91375 0.568889 0.040000 0.066667 3 0.001099 0.995 0.812222 0.010000 0.111111 3 0.00109 0.012031 0.867778 0.023477 0.126667 2 0.001069 0.7 0.428611 0.035000 0.051667 0 0.001008 0.003896 0.498333 0.007598 0.065556
CCTV02^20260511-140000-20260511-142440_002461,2 0.750488 0.3575 0.493611 0.026875 0.064444 2 0.750488 0.273438 0.632222 0.046875 0.085556 2 0.749023 0.310625 0.498889 0.028125 0.065556 2 0.744629 0.025625 0.873333 0.051094 0.120000 2 0.682617 0.293125 0.82 0.050625 0.122222 2 0.645996 0.380313 0.258819 0.013125 0.032361 10 0.620605 0.71 0.497778 0.087500 0.174444 4 0.600098 0.40375 0.573195 0.042500 0.115833 7 0.596191 0.422188 0.308889 0.029375 0.063333 2 0.584961 0.362813 0.249444 0.013750 0.032778 3 0.312256 0.516875 0.361111 0.027500 0.053333 2 0.20813 0.86 0.536111 0.040000 0.074444 2 0.161865 0.975 0.685556 0.050000 0.100000 2 0.15979 0.52375 0.269722 0.018750 0.041111 2 0.141235 0.81875 0.546528 0.035000 0.062500 4 0.139893 0.516875 0.361667 0.028750 0.056667 2 0.111633 0.41625 0.261389 0.017500 0.034444 2 0.094666 0.68375 0.403611 0.027500 0.036667 10 0.09436 0.32625 0.259167 0.030625 0.074444 9 0.069824 0.403438 0.573889 0.043750 0.113333 2 0.068542 0.776875 0.457222 0.027500 0.052222 9 0.035675 0.42375 0.32 0.028750 0.084444 2 0.026855 0.995313 0.538889 0.009375 0.061111 2 0.021042 0.8275 0.499444 0.025000 0.064444 2 0.017715 0.7825 0.462222 0.037500 0.053889 2 0.017303 0.141875 0.663889 0.054375 0.077778 2 0.01297 0.994375 0.748889 0.011250 0.077778 2 0.011688 0.99375 0.727222 0.012500 0.068889 2 0.0112 0.364063 0.256667 0.017500 0.050000 10 0.010406 0.47625 0.256736 0.042500 0.079861 2 0.009521 0.6775 0.401667 0.042500 0.046111 3 0.007874 0.319688 0.313333 0.020000 0.036111 3 0.007317 0.416563 0.259444 0.020000 0.041111 1 0.00729 0.934375 0.643333 0.018750 0.042222 2 0.007233 0.99625 0.459444 0.007500 0.046667 2 0.006641 0.78875 0.469167 0.030000 0.060000 3 0.00639 0.439375 0.219722 0.018750 0.030556 3 0.005577 0.3225 0.117465 0.012500 0.023403 1 0.005577 0.57125 0.294444 0.011250 0.027778 10 0.005344 0.386562 0.222222 0.023125 0.040000 2 0.00526 0.72625 0.4 0.015000 0.034444 0 0.00526 0.268906 0.521944 0.026250 0.061667 5 0.005081 0.415938 0.259375 0.019375 0.037917 5 0.005001 0.826875 0.5 0.025000 0.064444 2 0.004215 0.99125 0.737778 0.017500 0.096667 2 0.004101 0.97625 0.519722 0.043750 0.052778 2 0.00404 0.995 0.551667 0.010000 0.058889 2 0.003511 0.8525 0.571111 0.035000 0.070000 3 0.003197 0.9875 0.916667 0.025000 0.166667 2 0.003075 0.9925 0.519167 0.015000 0.052778 2 0.002823 0.419375 0.295556 0.025000 0.087778 12 0.002737 0.995 0.116701 0.010000 0.085486 3 0.002737 0.365938 0.18625 0.014375 0.024722 1 0.00259 0.99125 0.728889 0.017500 0.066667 2 0.002571 0.85375 0.549444 0.037500 0.081111 2 0.002182 0.99625 0.499167 0.007500 0.070000 4 0.002125 0.98875 0.62 0.022500 0.091111 2 0.001957 0.8975 0.545 0.035000 0.071111 2 0.001867 0.511563 0.260556 0.017500 0.037778 12 0.001782 0.2625 0.106042 0.011250 0.017639 12 0.001727 0.99375 0.204444 0.012500 0.067222 2 0.001727 0.85375 0.489444 0.022500 0.054444 2 0.001727 0.91875 0.577778 0.042500 0.080000 2 0.00172 0.0154 0.868333 0.030293 0.132222 3 0.001623 0.327813 0.129722 0.008750 0.015278 12 0.001585 0.995625 0.102222 0.008750 0.071667 2 0.001525 0.008081 0.895556 0.015576 0.093333 3 0.001513 0.36125 0.150556 0.017500 0.028889 2 0.001513 0.237813 0.566111 0.028125 0.062222 1 0.00145 0.660625 0.451667 0.013750 0.043333 1 0.001432 0.315313 0.518333 0.026875 0.078889 2 0.001285 0.38875 0.228472 0.016250 0.043611 2 0.001099 0.413125 0.256944 0.019375 0.037222 12 0.001048 0.205625 0.152778 0.013750 0.025556 3 0.001012 0.331875 0.133889 0.011250 0.018056 2 0.001012 0.328672 0.315556 0.023906 0.047778
CCTV02^20260511-140000-20260511-142440_002465,2 0.730957 0.403125 0.287778 0.016250 0.041111 2 0.72168 0.609375 0.383611 0.027500 0.050000 2 0.715332 0.370313 0.368056 0.022500 0.053889 4 0.704102 0.408125 0.748889 0.053125 0.130000 2 0.689453 0.02082 0.872778 0.041172 0.115556 2 0.615234 0.388125 0.295556 0.015625 0.040000 2 0.592773 0.923125 0.659444 0.047500 0.092222 2 0.581543 0.86125 0.537778 0.035000 0.070000 6 0.569824 0.74 0.571111 0.090000 0.212222 2 0.462891 0.386875 0.253889 0.015000 0.033889 2 0.455078 0.369375 0.251111 0.012500 0.032778 10 0.334473 0.74 0.570556 0.095000 0.212222 7 0.30249 0.494375 0.306111 0.031250 0.070000 2 0.286133 0.566875 0.363889 0.020000 0.053333 2 0.246582 0.363125 0.215 0.011250 0.025556 2 0.206909 0.77625 0.453889 0.028750 0.050000 1 0.190674 0.5675 0.364444 0.021250 0.054444 2 0.184814 0.39875 0.292222 0.022500 0.042222 4 0.129883 0.494375 0.306111 0.031875 0.071111 10 0.121704 0.325078 0.260069 0.028594 0.074306 2 0.11438 0.70375 0.441111 0.033750 0.052222 4 0.10376 0.021328 0.874445 0.042031 0.122222 3 0.080078 0.456875 0.248889 0.020000 0.033333 2 0.06781 0.975 0.685556 0.050000 0.100000 9 0.053192 0.49375 0.306389 0.032500 0.071111 2 0.048676 0.480313 0.223056 0.014375 0.030556 2 0.048492 0.4075 0.746667 0.053750 0.128889 10 0.042572 0.651875 0.436667 0.071250 0.129444 2 0.030106 0.239219 0.563333 0.027187 0.066667 2 0.018906 0.375625 0.193889 0.013750 0.026667 4 0.016983 0.991875 0.621667 0.016250 0.090000 4 0.016586 0.851875 0.465833 0.023750 0.062222 3 0.013687 0.97875 0.873333 0.042500 0.180000 4 0.01297 0.98625 0.842222 0.027500 0.244444 2 0.012871 0.57 0.376389 0.025000 0.067778 2 0.012772 0.1425 0.662222 0.049063 0.077778 2 0.012146 0.359688 0.2025 0.011250 0.023889 2 0.011375 0.99125 0.832222 0.017500 0.206667 5 0.010651 0.98 0.869444 0.040000 0.188889 5 0.008881 0.99 0.840556 0.020000 0.227778 10 0.008614 0.98625 0.854445 0.027500 0.291111 2 0.008446 0.35625 0.189306 0.010000 0.025556 2 0.008217 0.851875 0.465556 0.023750 0.063333 2 0.007755 0.37125 0.261042 0.013750 0.042361 2 0.007637 0.33875 0.203611 0.010000 0.027778 3 0.006512 0.685 0.404167 0.025000 0.035556 3 0.006168 0.021621 0.874444 0.042852 0.124444 9 0.00589 0.654375 0.437222 0.071250 0.123889 1 0.005428 0.5725 0.370556 0.027500 0.062778 3 0.005344 0.85125 0.466944 0.025000 0.062778 2 0.004829 0.320937 0.314444 0.020625 0.041111 2 0.004398 0.685 0.403889 0.025000 0.036667 7 0.00433 0.851875 0.464444 0.025000 0.064444 2 0.004299 0.995 0.788889 0.010000 0.113333 4 0.003975 0.989375 0.632222 0.021250 0.117778 3 0.003248 0.319688 0.312778 0.020000 0.039444 2 0.003197 0.995 0.552778 0.010000 0.062222 2 0.0028 0.995 0.751111 0.010000 0.091111 10 0.002522 0.509062 0.232083 0.033125 0.057500 3 0.002398 0.003828 0.9725 0.007656 0.055000 2 0.002306 0.3875 0.306111 0.018750 0.060000 4 0.00205 0.455625 0.250139 0.023750 0.036389 3 0.001972 0.66625 0.381111 0.021250 0.031111 2 0.001957 0.008755 0.442222 0.016592 0.040000 3 0.001942 0.133047 0.209444 0.009219 0.017222 2 0.001926 0.99 0.787778 0.020000 0.151111 2 0.00181 0.573125 0.364444 0.026250 0.060000 4 0.001796 0.051006 0.501667 0.044238 0.087778 2 0.001782 0.2325 0.565556 0.040625 0.074444 12 0.001741 0.995 0.1275 0.010000 0.116111 2 0.001687 0.665 0.377778 0.025000 0.033333 3 0.001561 0.127188 0.205694 0.013125 0.015556 2 0.001495 0.340625 0.199167 0.011250 0.027778 3 0.001495 0.99 0.873333 0.020000 0.166667 12 0.001467 0.99375 0.206806 0.012500 0.071667 2 0.001389 0.003699 0.497222 0.007231 0.058889 1 0.001356 0.570625 0.295556 0.013750 0.031111 2 0.001356 0.005742 0.443889 0.010937 0.036667 2 0.001305 0.464688 0.221667 0.011250 0.024444 2 0.001285 0.46125 0.211111 0.011250 0.022778 2 0.00126 0.885625 0.475833 0.037500 0.064444 2 0.001179 0.4975 0.251736 0.015000 0.034306 2 0.001129 0.3 0.419444 0.025000 0.046111 12 0.001099 0.485 0.071667 0.037500 0.058333 0 0.001024 0.005947 0.443611 0.011777 0.036111 10 0.001008 0.97625 0.829444 0.047500 0.341111
CCTV02^20260511-140000-20260511-142440_002469,3 0.759277 0.544375 0.471667 0.037500 0.085556 2 0.673828 0.020879 0.872778 0.041211 0.115556 2 0.609375 0.861875 0.535556 0.036250 0.068889 2 0.584961 0.923125 0.658889 0.045000 0.091111 2 0.416748 0.537813 0.297778 0.017500 0.047778 10 0.360352 0.608125 0.418333 0.077500 0.151111 2 0.359375 0.565 0.315556 0.015000 0.041111 2 0.212036 0.377188 0.231389 0.015625 0.036944 2 0.20813 0.68375 0.411667 0.023750 0.050000 4 0.200562 0.02127 0.873889 0.041992 0.122222 2 0.188965 0.980625 0.76 0.038750 0.111111 9 0.181274 0.51875 0.365833 0.033750 0.077778 2 0.145142 0.66375 0.384722 0.027500 0.049444 1 0.115967 0.7175 0.488333 0.022500 0.051111 2 0.106323 0.57875 0.333333 0.016250 0.033333 0 0.070312 0.268594 0.660556 0.043125 0.081111 7 0.063477 0.51875 0.366667 0.033750 0.078889 2 0.057709 0.535313 0.307222 0.021875 0.047778 10 0.039642 0.326562 0.259514 0.031875 0.076528 3 0.030106 0.161914 0.909445 0.058672 0.103333 0 0.024796 0.718125 0.486667 0.021250 0.050000 2 0.016846 0.68625 0.42 0.023750 0.052778 9 0.016464 0.835 0.474444 0.042500 0.075000 2 0.016022 0.162969 0.91 0.061563 0.102222 0 0.012825 0.267188 0.636667 0.040937 0.080000 4 0.010902 0.835 0.474444 0.041250 0.073333 2 0.010292 0.51875 0.365833 0.033125 0.077778 2 0.009781 0.141172 0.665556 0.054219 0.082222 7 0.008545 0.83375 0.473889 0.042500 0.073333 2 0.007607 0.57375 0.326111 0.018750 0.044444 4 0.007488 0.9925 0.623333 0.015000 0.093333 3 0.006931 0.021621 0.873889 0.042852 0.123333 2 0.006878 0.77625 0.461111 0.030000 0.051111 0 0.006718 0.98625 0.927222 0.027500 0.127778 2 0.005489 0.97625 0.678889 0.047500 0.084444 2 0.00528 0.57125 0.299167 0.013750 0.031667 3 0.004829 0.456563 0.232778 0.011250 0.026667 3 0.004025 0.319688 0.311944 0.020625 0.037778 10 0.003975 0.294688 0.365556 0.047500 0.083333 3 0.003351 0.985625 0.924444 0.028750 0.124444 2 0.003099 0.401875 0.238056 0.016250 0.032778 2 0.002672 0.994375 0.547778 0.011250 0.057778 12 0.002512 0.995625 0.100486 0.008750 0.072639 0 0.002378 0.267656 0.62 0.035937 0.062222 1 0.002216 0.991875 0.935556 0.016250 0.124444 2 0.002083 0.75625 0.391667 0.020000 0.027778 2 0.002083 0.99125 0.66 0.017500 0.151111 2 0.001839 0.771875 0.701111 0.047500 0.102222 2 0.001782 0.299375 0.42 0.025938 0.040000 2 0.001782 0.009775 0.891667 0.018906 0.096667 1 0.001714 0.7025 0.435 0.012500 0.037778 1 0.001714 0.7175 0.5 0.027500 0.066667 2 0.001675 0.7525 0.427778 0.017500 0.044444 10 0.001561 0.47875 0.263333 0.040000 0.082778 0 0.001455 0.003745 0.485556 0.007373 0.065556 2 0.001305 0.563125 0.313889 0.022500 0.052222 3 0.001289 0.003843 0.972778 0.007676 0.054444 4 0.001221 0.99 0.641667 0.020000 0.128889 2 0.001179 0.835 0.481667 0.032500 0.063333 2 0.001134 0.265625 0.486667 0.031562 0.061111 12 0.001099 0.99375 0.201667 0.012500 0.061111 0 0.001065 0.1675 0.902222 0.074688 0.123333 2 0.001057 0.37875 0.23875 0.018750 0.050278
CCTV02^20260511-140000-20260511-142440_002473,2 0.763672 0.272031 0.583333 0.038438 0.077778 2 0.759277 0.592188 0.37 0.023750 0.047778 2 0.677246 0.648594 0.456111 0.030313 0.058333 3 0.668945 0.401875 0.402222 0.026250 0.047778 2 0.663574 0.021211 0.872778 0.041953 0.114444 3 0.642578 0.715 0.547222 0.052500 0.080000 2 0.584961 0.524375 0.335 0.020000 0.045556 1 0.581543 0.67625 0.483333 0.017500 0.051667 2 0.513672 0.495 0.263611 0.016250 0.035556 1 0.472656 0.399375 0.351667 0.015000 0.036667 2 0.434082 0.9225 0.659444 0.045000 0.092222 2 0.414795 0.66375 0.385 0.028750 0.052222 2 0.390381 0.52875 0.302222 0.017500 0.033333 3 0.350342 0.385938 0.323889 0.021875 0.042222 2 0.341553 0.7225 0.455278 0.037500 0.056667 2 0.327637 0.304375 0.427222 0.021250 0.058889 2 0.276611 0.355625 0.283611 0.016250 0.044444 1 0.2323 0.395938 0.340556 0.015000 0.045000 2 0.213379 0.431875 0.327778 0.028750 0.061111 1 0.160278 0.671875 0.473333 0.018750 0.053889 3 0.13208 0.021602 0.874444 0.042656 0.124444 5 0.108582 0.431875 0.328611 0.028750 0.060556 1 0.095032 0.605 0.704444 0.025000 0.073333 0 0.093323 0.305312 0.428056 0.023750 0.059444 2 0.088806 0.778125 0.632222 0.043750 0.082222 2 0.085388 0.485625 0.223056 0.012500 0.030000 4 0.081543 0.431875 0.328889 0.028750 0.062222 1 0.066589 0.67625 0.492222 0.022500 0.057778 3 0.064636 0.443125 0.230556 0.017500 0.032778 2 0.05127 0.47125 0.219583 0.011250 0.028056 2 0.048492 0.654375 0.465 0.035000 0.058333 2 0.042236 0.305469 0.444444 0.020313 0.071667 2 0.04068 0.74875 0.496111 0.037500 0.058889 2 0.027802 0.994375 0.741111 0.011250 0.073333 1 0.019638 0.675 0.506111 0.020000 0.052222 2 0.019501 0.975625 0.686111 0.048750 0.095556 4 0.017441 0.82875 0.502222 0.037500 0.066667 3 0.014618 0.465938 0.258611 0.023125 0.041667 1 0.012672 0.67 0.432222 0.017500 0.044444 2 0.012482 0.526563 0.2775 0.016250 0.032778 4 0.012054 0.74875 0.495278 0.037500 0.058889 2 0.009636 0.778125 0.542778 0.037500 0.070000 3 0.009163 0.98625 0.917778 0.027500 0.164444 2 0.009018 0.23875 0.566667 0.025000 0.071111 3 0.007843 0.401875 0.242222 0.017500 0.027222 3 0.007725 0.82875 0.5025 0.037500 0.066111 2 0.007668 0.509688 0.238889 0.013750 0.032222 10 0.007095 0.325625 0.259375 0.030000 0.073472 2 0.00634 0.99625 0.459444 0.007500 0.037778 2 0.005775 0.849375 0.557917 0.021250 0.057500 3 0.005688 0.80625 0.485556 0.027500 0.057222 11 0.005405 0.989375 0.625556 0.021250 0.128889 3 0.005344 0.319688 0.312222 0.019375 0.038889 2 0.004433 0.77625 0.446111 0.030000 0.060000 2 0.0042 0.67 0.434444 0.017500 0.044444 0 0.00407 0.748125 0.498333 0.037500 0.070000 2 0.003796 0.978125 0.522778 0.043750 0.056667 2 0.003248 0.86375 0.536806 0.032500 0.077500 2 0.003185 0.524375 0.299444 0.020000 0.040000 2 0.003063 0.99125 0.733889 0.017500 0.083333 12 0.0028 0.995 0.115035 0.010000 0.075486 12 0.002342 0.995625 0.104444 0.008750 0.070278 0 0.002182 0.003672 0.485833 0.007246 0.064444 12 0.001965 0.262656 0.107222 0.010937 0.020000 1 0.001949 0.393125 0.342222 0.026250 0.050000 3 0.001883 0.99 0.935278 0.020000 0.129444 2 0.00181 0.527188 0.286111 0.018125 0.040556 2 0.00181 0.570938 0.296389 0.012500 0.032222 2 0.001636 0.45875 0.211389 0.012500 0.025833 3 0.001636 0.43125 0.322778 0.028750 0.058889 0 0.001623 0.830625 0.556806 0.025000 0.066389 2 0.001501 0.050195 0.512778 0.033984 0.063333 10 0.001467 0.99125 0.64 0.017500 0.131111 2 0.001383 0.76875 0.643889 0.037500 0.072222 2 0.001305 0.50625 0.232778 0.013750 0.032222 2 0.001206 0.995 0.513056 0.010000 0.063889 7 0.001188 0.77875 0.541111 0.040000 0.077778 2 0.001138 0.494688 0.272153 0.018750 0.051250 2 0.001134 0.748125 0.448889 0.025000 0.047778 3 0.001107 0.004016 0.965556 0.007983 0.068889 1 0.001024 0.725 0.400556 0.017500 0.034444
CCTV02^20260511-140000-20260511-142440_002476,2 0.791992 0.685 0.512222 0.032500 0.066667 2 0.790527 0.64875 0.465 0.031250 0.056667 9 0.760742 0.39 0.521389 0.058125 0.123889 2 0.747559 0.34625 0.486111 0.025625 0.063333 2 0.746094 0.285 0.583889 0.035000 0.078889 2 0.700684 0.019727 0.872222 0.038828 0.113333 2 0.690918 0.635625 0.364167 0.022500 0.046111 2 0.663574 0.090781 0.741111 0.075938 0.080000 2 0.629883 0.359063 0.308611 0.016875 0.043889 2 0.618652 0.510625 0.316111 0.018750 0.041111 2 0.581543 0.7275 0.457778 0.037500 0.055556 2 0.554688 0.53875 0.332222 0.018750 0.044444 2 0.527344 0.86 0.531111 0.035000 0.073333 2 0.498047 0.955 0.728889 0.060000 0.095556 4 0.476562 0.459375 0.448056 0.037500 0.088333 0 0.445557 0.320078 0.436111 0.021094 0.054444 4 0.443604 0.020117 0.873333 0.039766 0.120000 2 0.413086 0.320312 0.436111 0.020625 0.057778 2 0.397949 0.34125 0.308889 0.013750 0.037778 2 0.363037 0.5425 0.288889 0.018750 0.037778 10 0.339844 0.410938 0.271944 0.037500 0.085000 4 0.259766 0.571563 0.576806 0.040625 0.086389 2 0.221313 0.89375 0.696667 0.045000 0.080000 3 0.203125 0.57125 0.576111 0.040000 0.083333 0 0.179565 0.653594 0.426111 0.027813 0.048889 3 0.17334 0.525 0.379444 0.028125 0.060000 7 0.150024 0.45875 0.447778 0.038125 0.091667 2 0.143188 0.75625 0.622222 0.040000 0.088889 1 0.124207 0.475 0.269444 0.011250 0.033333 7 0.11676 0.97125 0.941111 0.057500 0.115556 4 0.106323 0.9775 0.881111 0.045000 0.130000 2 0.090393 0.645625 0.847778 0.065000 0.175556 4 0.076111 0.97125 0.941111 0.057500 0.115556 2 0.071594 0.77875 0.461667 0.033750 0.060000 5 0.062805 0.64625 0.846667 0.067500 0.168889 0 0.060089 0.75625 0.618333 0.040000 0.086667 2 0.056458 0.65375 0.425556 0.027500 0.051111 4 0.056244 0.825625 0.5075 0.040000 0.077222 2 0.047791 0.97875 0.881111 0.042500 0.126667 2 0.047607 0.78625 0.464722 0.033750 0.061667 2 0.042389 0.57125 0.295556 0.011250 0.030000 4 0.038025 0.590625 0.377222 0.032500 0.065556 2 0.028015 0.485313 0.225833 0.015625 0.032778 3 0.025375 0.978125 0.878889 0.043750 0.122222 10 0.02211 0.326562 0.258056 0.030000 0.070556 2 0.021042 0.760625 0.577778 0.040000 0.068889 9 0.020645 0.97125 0.941111 0.057500 0.115556 3 0.019424 0.319688 0.312778 0.019375 0.038889 9 0.017517 0.59 0.376667 0.031875 0.066111 2 0.017044 0.8125 0.436667 0.027500 0.050000 2 0.016098 0.75875 0.598889 0.042500 0.108889 7 0.013222 0.825 0.508333 0.040000 0.075556 9 0.011246 0.41125 0.270486 0.036250 0.084583 3 0.008881 0.358125 0.171389 0.013750 0.021111 1 0.008675 0.99375 0.734445 0.012500 0.082222 0 0.008514 0.75875 0.594444 0.042500 0.102222 2 0.007576 0.995625 0.463889 0.008750 0.041111 2 0.007206 0.363125 0.307778 0.026875 0.052222 2 0.007149 0.995 0.554306 0.010000 0.071389 1 0.007011 0.97125 0.942222 0.057500 0.115556 2 0.006878 0.5825 0.338333 0.020000 0.035556 2 0.006218 0.748125 0.445278 0.022500 0.045556 0 0.005936 0.978125 0.865556 0.042500 0.095556 1 0.005665 0.72625 0.4 0.015000 0.032222 9 0.005665 0.97625 0.896667 0.047500 0.163333 2 0.005161 0.74125 0.77 0.037500 0.070000 4 0.005001 0.99125 0.623333 0.017500 0.095556 2 0.004398 0.99625 0.4525 0.007500 0.059444 2 0.004398 0.87375 0.713333 0.027500 0.073333 2 0.00433 0.995 0.744444 0.010000 0.068889 3 0.00407 0.760625 0.577778 0.040000 0.068889 7 0.003664 0.59 0.376944 0.031250 0.065000 2 0.003635 0.99375 0.535556 0.012500 0.062222 2 0.003525 0.8875 0.727778 0.046250 0.087778 1 0.003147 0.99125 0.723889 0.017500 0.070000 2 0.003004 0.449687 0.1975 0.013125 0.025278 12 0.002823 0.995625 0.106389 0.008750 0.060556 0 0.002737 0.003853 0.485 0.007568 0.059444 2 0.002672 0.75875 0.391944 0.017500 0.030556 2 0.00214 0.815 0.549444 0.030000 0.075556 2 0.001912 0.006948 0.897222 0.013330 0.081111 1 0.001883 0.474687 0.276667 0.015000 0.046667 10 0.001768 0.295312 0.375278 0.036562 0.071667 12 0.001768 0.021426 0.64 0.042617 0.186667 11 0.001768 0.98875 0.640556 0.022500 0.134444 3 0.001714 0.43625 0.209444 0.013125 0.024444 1 0.001636 0.7375 0.472778 0.027500 0.056667 2 0.001636 0.89375 0.625556 0.030000 0.057778 2 0.001636 0.976875 0.686667 0.046250 0.111111 2 0.001597 0.99125 0.722222 0.017500 0.066667 7 0.001525 0.815625 0.547222 0.030000 0.078889 2 0.001507 0.75625 0.645556 0.040000 0.077778 0 0.001478 0.506875 0.318333 0.026250 0.048889 2 0.001438 0.570625 0.300556 0.013750 0.043889 1 0.001305 0.289062 0.628889 0.031875 0.066667 2 0.001216 0.238281 0.563889 0.025000 0.065556 2 0.001188 0.98375 0.524444 0.032500 0.066667 0 0.001184 0.68125 0.358333 0.017500 0.032222 2 0.001161 0.991875 0.87 0.016250 0.125556 7 0.001143 0.645 0.826667 0.061250 0.140000
CCTV02^20260511-140000-20260511-142440_002480,1 0.796875 0.404375 0.336667 0.013750 0.046667 2 0.777344 0.355 0.374444 0.021250 0.050000 2 0.740234 0.371875 0.324167 0.018125 0.046111 2 0.728027 0.019687 0.873889 0.038633 0.114444 2 0.525391 0.894375 0.75 0.055000 0.097778 9 0.517578 0.79875 0.461111 0.055000 0.102222 2 0.472656 0.703125 0.429444 0.026250 0.043333 10 0.455078 0.304375 0.553194 0.071250 0.224722 2 0.324219 0.71125 0.467222 0.035000 0.053333 2 0.252441 0.735 0.457778 0.030000 0.054444 1 0.152588 0.69375 0.491111 0.022500 0.051667 5 0.14563 0.020059 0.874444 0.039375 0.120000 2 0.108948 0.978125 0.827222 0.043750 0.108889 2 0.086914 0.369375 0.222639 0.013750 0.033611 2 0.085693 0.9925 0.734444 0.015000 0.075556 10 0.055603 0.326328 0.259444 0.031094 0.073889 2 0.054199 0.696875 0.483333 0.023750 0.056667 2 0.048859 0.239375 0.563472 0.023750 0.061944 2 0.042389 0.97875 0.687222 0.042500 0.093333 2 0.039185 0.9775 0.866667 0.045000 0.186667 1 0.030563 0.402812 0.341944 0.021250 0.064444 3 0.027176 0.9775 0.862778 0.045000 0.178889 2 0.025085 0.473125 0.218611 0.012500 0.025556 4 0.022888 0.99125 0.625 0.017500 0.088889 2 0.020966 0.76375 0.458611 0.022500 0.051111 4 0.020798 0.8225 0.545 0.037500 0.075556 4 0.018616 0.9775 0.875556 0.045000 0.206667 10 0.0159 0.9775 0.882222 0.045000 0.235556 7 0.014954 0.82125 0.546111 0.037500 0.078889 3 0.014954 0.020625 0.874444 0.040938 0.120000 9 0.010406 0.9775 0.883333 0.045000 0.224444 2 0.01033 0.485 0.228194 0.011250 0.024722 3 0.01017 0.319219 0.311667 0.020313 0.037778 1 0.009453 0.4075 0.344444 0.021250 0.065000 2 0.009232 0.7775 0.561667 0.028750 0.060000 1 0.008881 0.9925 0.733889 0.015000 0.071111 2 0.007011 0.994375 0.531389 0.011250 0.056111 2 0.006264 0.99375 0.784445 0.012500 0.108889 2 0.00605 0.98 0.519444 0.037500 0.050000 11 0.005642 0.989375 0.634444 0.021250 0.113333 2 0.005428 0.99625 0.459722 0.007500 0.038333 4 0.003855 0.8375 0.651111 0.075000 0.106667 2 0.003496 0.33875 0.207917 0.011250 0.024722 4 0.003496 0.823125 0.646667 0.043750 0.091111 1 0.003147 0.212031 0.571111 0.021563 0.057778 12 0.002737 0.995 0.11625 0.010000 0.078889 2 0.002714 0.047539 0.502222 0.031094 0.076667 2 0.002415 0.96625 0.697778 0.042500 0.075556 3 0.002378 0.9775 0.518889 0.042500 0.051111 2 0.002342 0.231875 0.567778 0.038437 0.067778 2 0.002306 0.995 0.552222 0.010000 0.053333 4 0.002287 0.85125 0.653333 0.050000 0.100000 4 0.002165 0.709375 0.485556 0.046250 0.067778 12 0.00215 0.995625 0.104722 0.008750 0.069444 2 0.002132 0.89375 0.628889 0.027500 0.053333 1 0.002115 0.66125 0.448889 0.015000 0.045556 10 0.001824 0.294688 0.378611 0.035000 0.062778 2 0.001661 0.9525 0.703333 0.026250 0.060000 12 0.001455 0.835 0.653889 0.077500 0.138889 12 0.001444 0.2575 0.10875 0.013125 0.026389 10 0.001432 0.023203 0.61 0.046406 0.238889 3 0.001265 0.995 0.506389 0.010000 0.065000 2 0.001192 0.95 0.678889 0.027500 0.051111 1 0.001124 0.73625 0.487778 0.020000 0.036667
CCTV02^20260511-140000-20260511-142440_002484,3 0.78125 0.536875 0.409722 0.028750 0.058889 2 0.725098 0.31125 0.531111 0.031875 0.070000 2 0.695801 0.206875 0.904444 0.063125 0.133333 2 0.694336 0.540313 0.297222 0.018750 0.037778 3 0.689453 0.465 0.444167 0.027500 0.052778 2 0.62793 0.021035 0.874444 0.041445 0.113333 3 0.577637 0.66125 0.465556 0.046250 0.080000 2 0.556641 0.71125 0.468333 0.033750 0.054444 10 0.394287 0.408125 0.241806 0.033750 0.071944 10 0.38501 0.435 0.342778 0.037500 0.105556 2 0.329346 0.96125 0.727778 0.057500 0.094444 2 0.269043 0.7375 0.461667 0.027500 0.055556 9 0.259766 0.381563 0.202778 0.017500 0.041111 10 0.214722 0.322813 0.410556 0.055000 0.144444 4 0.177856 0.77625 0.686667 0.050000 0.114444 3 0.148071 0.021406 0.875556 0.041953 0.120000 2 0.116333 0.98 0.790556 0.040000 0.094444 0 0.100159 0.98 0.791667 0.040000 0.097778 2 0.095337 0.765 0.482778 0.022500 0.056111 2 0.070557 0.343125 0.292222 0.014375 0.038333 2 0.059204 0.473125 0.219861 0.011875 0.025278 2 0.049408 0.48625 0.225278 0.012500 0.027500 10 0.043854 0.325313 0.256389 0.028750 0.073333 4 0.03775 0.66125 0.466111 0.046250 0.078889 2 0.03476 0.239375 0.563333 0.026250 0.064444 2 0.033966 0.79 0.506111 0.022500 0.060000 3 0.025467 0.319219 0.311667 0.020313 0.033333 9 0.020721 0.77625 0.687778 0.051250 0.114444 2 0.009712 0.35625 0.191944 0.013750 0.028889 4 0.008125 0.86 0.628889 0.042500 0.080000 2 0.007317 0.359688 0.195556 0.013125 0.032500 2 0.004829 0.31875 0.526111 0.050625 0.075556 2 0.004772 0.9825 0.678889 0.035000 0.104444 2 0.004757 0.34875 0.18875 0.011875 0.025556 2 0.0042 0.99625 0.463333 0.007500 0.041111 9 0.004166 0.73375 0.817778 0.096250 0.151111 2 0.003651 0.88 0.568333 0.035000 0.066667 3 0.003538 0.9875 0.931667 0.025000 0.136667 2 0.00316 0.994375 0.535278 0.011250 0.057222 2 0.002672 0.049492 0.504167 0.025078 0.059444 12 0.002531 0.995 0.117743 0.010000 0.083958 2 0.002378 0.99 0.933889 0.020000 0.132222 2 0.002199 0.543125 0.297778 0.027500 0.043333 12 0.002165 0.85875 0.843889 0.041250 0.065556 12 0.001912 0.995625 0.104931 0.008750 0.071528 2 0.001867 0.23125 0.568333 0.040625 0.071111 7 0.001867 0.86375 0.796667 0.073750 0.160000 1 0.001623 0.336875 0.532778 0.016250 0.060000 2 0.001549 0.35 0.193889 0.012500 0.031111 2 0.001507 0.995 0.553333 0.010000 0.063333 1 0.001484 0.775625 0.683333 0.051250 0.091111 3 0.001389 0.435625 0.331389 0.033750 0.081111 2 0.001383 0.809375 0.481667 0.025000 0.068889 2 0.00109 0.536563 0.300556 0.027500 0.041111 2 0.00109 0.994375 0.512222 0.011250 0.068889 5 0.00109 0.9875 0.930556 0.025000 0.138889 1 0.001073 0.946875 0.662222 0.026250 0.051111 1 0.001012 0.65625 0.393611 0.017500 0.030000
CCTV02^20260511-140000-20260511-142440_002488,2 0.82666 0.686875 0.512222 0.028750 0.068889 2 0.791992 0.084844 0.73 0.067969 0.084444 3 0.732422 0.419375 0.299722 0.020000 0.035556 2 0.645996 0.378125 0.319444 0.017500 0.044444 2 0.645996 0.020469 0.872222 0.040312 0.111111 2 0.629883 0.5275 0.283333 0.018750 0.037778 2 0.625977 0.285625 0.512222 0.025625 0.062222 2 0.611328 0.618125 0.345833 0.017500 0.040000 2 0.558105 0.935 0.83 0.067500 0.123333 10 0.453369 0.322813 0.409444 0.055000 0.140000 2 0.403564 0.715 0.469167 0.035000 0.051667 5 0.264404 0.020859 0.873333 0.041094 0.115556 4 0.250977 0.77625 0.698889 0.052500 0.120000 4 0.223999 0.020781 0.873333 0.040781 0.115556 2 0.196167 0.7925 0.489167 0.022500 0.058333 2 0.165649 0.505 0.245556 0.015000 0.039444 2 0.135742 0.7225 0.513056 0.037500 0.050556 2 0.113953 0.6175 0.369444 0.016250 0.042222 9 0.104858 0.75375 0.550556 0.085000 0.123333 2 0.087891 0.3625 0.229722 0.014375 0.035000 2 0.085999 0.83375 0.519722 0.030000 0.067222 9 0.073425 0.4575 0.237778 0.028750 0.051667 2 0.071045 0.99125 0.794444 0.017500 0.104444 2 0.06781 0.97375 0.685556 0.052500 0.102222 3 0.066589 0.864375 0.694444 0.081250 0.111111 4 0.06076 0.99 0.796667 0.020000 0.113333 7 0.056244 0.865 0.694444 0.080000 0.115556 2 0.046387 0.9125 0.642222 0.050000 0.090000 3 0.046021 0.99125 0.796667 0.017500 0.106667 2 0.031616 0.994687 0.536806 0.010625 0.059722 2 0.030334 0.7525 0.475556 0.033750 0.055000 9 0.019424 0.73625 0.56 0.050000 0.107778 2 0.017517 0.24 0.560972 0.023750 0.055833 4 0.016846 0.735 0.562778 0.045000 0.100000 2 0.016281 0.72 0.481111 0.038750 0.053333 2 0.014389 0.608125 0.362778 0.020000 0.031111 4 0.012825 0.93375 0.827778 0.063750 0.122222 2 0.012672 0.978125 0.52 0.043750 0.061111 10 0.011871 0.324688 0.258819 0.030000 0.076806 0 0.010292 0.834375 0.521111 0.031250 0.070000 1 0.009895 0.995 0.546528 0.010000 0.055833 3 0.009338 0.97625 0.521111 0.045000 0.063333 3 0.009056 0.87 0.473056 0.060000 0.072222 1 0.008095 0.70875 0.533333 0.012500 0.040000 2 0.007965 0.774375 0.459444 0.018750 0.038889 2 0.007462 0.995625 0.459444 0.008750 0.043333 4 0.006565 0.865 0.693333 0.080000 0.113333 3 0.00573 0.317969 0.310833 0.020313 0.035556 5 0.004944 0.870625 0.475 0.061250 0.074444 2 0.004906 0.004224 0.444444 0.008447 0.040000 2 0.004593 0.99125 0.733333 0.017500 0.077778 2 0.004135 0.99125 0.927222 0.017500 0.136667 2 0.004025 0.614375 0.356111 0.023750 0.036111 2 0.003286 0.99 0.825 0.020000 0.114444 2 0.002846 0.615625 0.345556 0.025000 0.046667 2 0.002823 0.474687 0.218889 0.015000 0.031111 3 0.002714 0.994375 0.505556 0.011250 0.074444 2 0.002522 0.609062 0.370833 0.027500 0.043889 9 0.002512 0.98625 0.642778 0.027500 0.168889 1 0.002199 0.121719 0.693333 0.020000 0.042222 1 0.00215 0.9925 0.720556 0.015000 0.057778 3 0.002132 0.334375 0.326389 0.018125 0.031667 2 0.00205 0.87875 0.504444 0.035000 0.056667 9 0.001867 0.989375 0.617778 0.021250 0.112222 2 0.001846 0.52875 0.290833 0.022500 0.054444 12 0.001839 0.995313 0.118611 0.009375 0.088611 0 0.001839 0.756875 0.550556 0.090000 0.127778 11 0.001768 0.9875 0.627778 0.025000 0.131111 4 0.001536 0.97625 0.518889 0.045000 0.063333 4 0.001513 0.725 0.512778 0.036250 0.051111 3 0.001484 0.984375 0.782778 0.031250 0.122222 2 0.001455 0.77625 0.7 0.052500 0.117778 1 0.001356 0.70875 0.552083 0.015000 0.049167 2 0.001305 0.99 0.714445 0.020000 0.057778 11 0.001245 0.99125 0.644444 0.017500 0.146667 2 0.001151 0.003975 0.433333 0.007754 0.055556 4 0.001073 0.77875 0.667778 0.046250 0.064444 2 0.001073 0.993125 0.907778 0.013750 0.097778 1 0.001032 0.66125 0.455833 0.012500 0.045556
CCTV02^20260511-140000-20260511-142440_002492,3 0.822266 0.436875 0.454444 0.027500 0.052222 2 0.800781 0.380625 0.391667 0.020000 0.051111 2 0.770508 0.66 0.477778 0.030000 0.060556 2 0.767578 0.281563 0.688889 0.041250 0.086667 2 0.766113 0.360938 0.389444 0.018750 0.044444 2 0.746094 0.686875 0.442778 0.022500 0.052778 2 0.699219 0.023359 0.875556 0.045938 0.115556 2 0.690918 0.885625 0.692778 0.038750 0.087778 2 0.680664 0.7575 0.556667 0.041250 0.075556 2 0.523438 0.716875 0.475278 0.037500 0.063333 2 0.513672 0.525937 0.287222 0.016875 0.036667 10 0.505859 0.599688 0.319444 0.063125 0.083333 7 0.390381 0.589688 0.651667 0.052500 0.131111 2 0.27832 0.935 0.712778 0.050000 0.093333 2 0.240723 0.3725 0.276667 0.016250 0.041111 2 0.203125 0.98375 0.737778 0.032500 0.104444 3 0.203125 0.021875 0.875556 0.043125 0.122222 10 0.194336 0.493125 0.276111 0.049375 0.093333 10 0.108215 0.3225 0.410556 0.054375 0.144444 2 0.09137 0.924375 0.651111 0.042500 0.072222 12 0.077515 0.59 0.653333 0.054375 0.128889 10 0.057068 0.325313 0.258333 0.029375 0.076111 9 0.028015 0.557187 0.502222 0.047500 0.134444 3 0.023239 0.319375 0.313333 0.020000 0.033333 2 0.021942 0.24 0.565417 0.025000 0.060278 2 0.016159 0.766875 0.460556 0.026250 0.051667 2 0.014732 0.995313 0.535556 0.009375 0.056667 2 0.014389 0.988125 0.624444 0.023750 0.081111 2 0.013847 0.829375 0.547222 0.032500 0.073333 1 0.01049 0.628125 0.377222 0.012500 0.038889 2 0.01049 0.995625 0.461667 0.008750 0.044444 0 0.009674 0.82875 0.546806 0.032500 0.073056 2 0.008316 0.98125 0.518889 0.036250 0.053333 1 0.008095 0.569688 0.761111 0.014375 0.040000 10 0.007347 0.326953 0.477222 0.053594 0.150000 2 0.005161 0.353438 0.222083 0.013125 0.028889 5 0.004982 0.74125 0.395 0.038750 0.045556 4 0.004982 0.650156 0.688889 0.077188 0.095556 2 0.00425 0.92 0.724444 0.027500 0.062222 2 0.004135 0.375 0.278611 0.023750 0.050000 2 0.004135 0.995 0.548889 0.010000 0.062222 2 0.003901 0.74875 0.508889 0.032500 0.047778 2 0.003635 0.464063 0.22875 0.012500 0.028333 2 0.003593 0.003789 0.486667 0.007568 0.052222 2 0.003389 0.99375 0.507778 0.012500 0.066667 2 0.003004 0.793125 0.424722 0.021250 0.038333 11 0.002823 0.65375 0.69 0.088750 0.105556 1 0.002571 0.83125 0.55 0.037500 0.078889 12 0.002541 0.995625 0.11625 0.008750 0.077222 0 0.002541 0.9875 0.748889 0.025000 0.091111 2 0.00227 0.765 0.471667 0.025000 0.057778 2 0.001926 0.73625 0.5 0.020000 0.042778 0 0.001926 0.65125 0.693333 0.085000 0.100000 1 0.001768 0.027773 0.882222 0.052109 0.102222 2 0.001649 0.755 0.491111 0.025000 0.048889 3 0.001636 0.988125 0.915 0.023750 0.170000 1 0.001543 0.576563 0.752222 0.023750 0.051111 2 0.001455 0.52375 0.258264 0.017500 0.034583 3 0.001421 0.246875 0.134444 0.010625 0.015000 2 0.00132 0.89 0.569444 0.027500 0.066667 4 0.001197 0.571875 0.536667 0.018750 0.065556 7 0.001095 0.68375 0.798889 0.040000 0.093333
CCTV02^20260511-140000-20260511-142440_002496,2 0.818848 0.258125 0.848889 0.055313 0.127778 3 0.771973 0.43625 0.358056 0.026250 0.048889 2 0.766113 0.021836 0.873889 0.043203 0.112222 2 0.763672 0.588125 0.388611 0.023750 0.051111 2 0.750488 0.288438 0.588333 0.039062 0.076667 2 0.749023 0.62875 0.415556 0.026250 0.052222 10 0.716797 0.6675 0.372778 0.071250 0.108889 2 0.710449 0.379688 0.412778 0.021250 0.051111 2 0.637207 0.72 0.471944 0.037500 0.060000 2 0.625977 0.555938 0.382222 0.021875 0.048333 2 0.5 0.925 0.771111 0.055000 0.106667 9 0.494141 0.469375 0.458333 0.040625 0.111111 2 0.492188 0.534375 0.321111 0.017500 0.038889 2 0.375732 0.6925 0.433611 0.037500 0.050556 2 0.325928 0.510938 0.307778 0.015625 0.037778 2 0.289307 0.96375 0.895556 0.067500 0.120000 2 0.252441 0.556875 0.336667 0.015000 0.036667 10 0.251709 0.66 0.802778 0.153750 0.394444 2 0.235107 0.502813 0.289444 0.015625 0.032222 2 0.167725 0.565313 0.345556 0.015625 0.033333 2 0.14856 0.555313 0.343889 0.015000 0.033333 10 0.130249 0.323125 0.407222 0.054375 0.137778 2 0.113159 0.994375 0.817778 0.011250 0.068889 2 0.111267 0.9375 0.716667 0.055000 0.090000 2 0.100525 0.99125 0.857778 0.017500 0.092222 2 0.045685 0.23875 0.561111 0.025000 0.073333 2 0.040985 0.5475 0.306667 0.015000 0.032222 3 0.038025 0.989375 0.87 0.021250 0.113333 2 0.037323 0.555313 0.323333 0.013750 0.030000 2 0.035004 0.905 0.663333 0.047500 0.096667 2 0.028549 0.56125 0.327222 0.018750 0.033333 2 0.025558 0.505313 0.298333 0.022500 0.044444 2 0.024429 0.522813 0.254722 0.016250 0.033889 10 0.023865 0.325938 0.2575 0.029375 0.073889 2 0.02002 0.5425 0.323889 0.013750 0.033333 2 0.016663 0.9825 0.525833 0.035000 0.056111 2 0.009712 0.53375 0.301389 0.016250 0.032778 3 0.009453 0.319688 0.311944 0.018750 0.033333 2 0.008743 0.97625 0.712222 0.047500 0.104444 3 0.008675 0.372813 0.1925 0.014375 0.022778 2 0.008575 0.53875 0.258611 0.016250 0.031667 2 0.008446 0.991875 0.825 0.016250 0.085556 2 0.007965 0.80625 0.617222 0.045000 0.070000 3 0.007694 0.964375 0.896667 0.071250 0.137778 3 0.006615 0.683125 0.823333 0.061250 0.135556 2 0.005867 0.805 0.604445 0.053750 0.097778 2 0.00573 0.42875 0.018021 0.036875 0.036042 2 0.004166 0.995625 0.79 0.008750 0.082222 2 0.004135 0.9925 0.939722 0.015000 0.120556 2 0.003223 0.38125 0.424444 0.023750 0.072778 4 0.003172 0.990625 0.624444 0.018750 0.104444 2 0.002878 0.995625 0.547222 0.008750 0.056667 2 0.002672 0.403125 0.260833 0.022500 0.042778 12 0.002115 0.018252 0.623194 0.036191 0.242500 12 0.002075 0.995625 0.102986 0.008750 0.077083 12 0.001875 0.008076 0.642778 0.015859 0.205556 2 0.00181 0.896875 0.458889 0.032500 0.051111 3 0.001741 0.681094 0.916111 0.102813 0.167778 4 0.001727 0.403125 0.258333 0.021250 0.038889 1 0.001714 0.9625 0.891111 0.065000 0.111111 2 0.001675 0.265938 0.486667 0.031875 0.060000 2 0.001325 0.048916 0.496667 0.024043 0.053333 2 0.001156 0.713125 0.459167 0.027500 0.053889 10 0.001069 0.023945 0.611667 0.047891 0.232222
CCTV02^20260511-140000-20260511-142440_002500,10 0.832031 0.5475 0.374167 0.057500 0.136111 2 0.78418 0.345625 0.466111 0.026250 0.062222 3 0.764648 0.421562 0.351667 0.023125 0.042222 10 0.732422 0.668125 0.373333 0.072500 0.105556 2 0.729492 0.73875 0.559444 0.037500 0.070000 2 0.704102 0.021406 0.874445 0.042188 0.111111 3 0.692871 0.49375 0.319444 0.023750 0.043333 2 0.575684 0.765 0.536111 0.035000 0.067778 2 0.496094 0.733125 0.451111 0.030000 0.052222 2 0.488281 0.705 0.466389 0.040000 0.053889 2 0.488281 0.974375 0.864444 0.051250 0.122222 2 0.392334 0.5325 0.272222 0.018750 0.036667 0 0.383057 0.608438 0.410556 0.019375 0.060000 2 0.370117 0.608125 0.408333 0.020000 0.057778 2 0.212036 0.88 0.689444 0.042500 0.087778 4 0.20813 0.430625 0.479444 0.038750 0.088889 2 0.196777 0.32625 0.338611 0.016875 0.047222 2 0.196777 0.936875 0.713333 0.051250 0.093333 9 0.184204 0.43 0.479167 0.038750 0.087778 10 0.166626 0.356875 0.305556 0.040000 0.095556 3 0.100525 0.021582 0.874444 0.042461 0.117778 2 0.081787 0.64 0.408889 0.017500 0.047778 2 0.074768 0.375313 0.212222 0.011250 0.027222 3 0.068787 0.319063 0.313056 0.020625 0.036111 2 0.068542 0.980625 0.718333 0.038750 0.093333 2 0.056641 0.6975 0.437222 0.032500 0.043333 2 0.025375 0.474375 0.218889 0.015000 0.028889 2 0.015015 0.995625 0.461111 0.008750 0.048889 2 0.01178 0.7 0.457778 0.036250 0.055556 2 0.010406 0.578438 0.399167 0.015000 0.060000 2 0.009743 0.7775 0.445556 0.026250 0.050000 10 0.008713 0.325313 0.256944 0.030000 0.070000 2 0.008675 0.81375 0.469444 0.030000 0.051111 2 0.008286 0.239687 0.563333 0.025625 0.064444 2 0.006145 0.3475 0.205833 0.012500 0.028889 2 0.00407 0.995625 0.54125 0.008750 0.059722 2 0.003929 0.995625 0.822222 0.008750 0.060000 3 0.003901 0.322813 0.328889 0.020625 0.048333 1 0.003796 0.82625 0.794444 0.032500 0.078889 3 0.003622 0.4025 0.241389 0.015000 0.025000 0 0.003311 0.825 0.784445 0.035000 0.091111 2 0.003075 0.813125 0.571111 0.033750 0.064444 6 0.002958 0.97875 0.715556 0.042500 0.106667 2 0.002714 0.98 0.842222 0.037500 0.071111 3 0.002632 0.419375 0.354444 0.031250 0.052222 0 0.002443 0.995625 0.545417 0.008750 0.060278 2 0.002378 0.995 0.55 0.010000 0.062222 2 0.002378 0.823125 0.772222 0.036250 0.088889 3 0.00205 0.368125 0.2625 0.013750 0.027778 2 0.001889 0.294063 0.378889 0.030000 0.057778 2 0.001824 0.735 0.573333 0.032500 0.073333 12 0.001796 0.006616 0.644444 0.012959 0.202222 2 0.001741 0.71375 0.449444 0.035000 0.052222 2 0.001714 0.9925 0.753333 0.015000 0.077778 2 0.001597 0.358125 0.202222 0.012500 0.029444 2 0.001585 0.81625 0.656667 0.045000 0.084444 2 0.001513 0.7275 0.456389 0.025000 0.047222 2 0.001472 0.995 0.49 0.010000 0.086667 12 0.00141 0.019678 0.632222 0.039043 0.224444 2 0.001405 0.73 0.593333 0.030000 0.064444 2 0.001351 0.949375 0.736667 0.030000 0.066667 12 0.001305 0.99375 0.205972 0.012500 0.071389 2 0.001305 0.295625 0.415278 0.022500 0.056111 12 0.001294 0.995313 0.112917 0.009375 0.083333 2 0.001124 0.36875 0.265833 0.015000 0.034444 4 0.001081 0.99125 0.62 0.017500 0.090000
CCTV02^20260511-140000-20260511-142440_002504,2 0.775879 0.022812 0.874444 0.045078 0.113333 10 0.728027 0.666875 0.372778 0.072500 0.105556 2 0.649414 0.68875 0.441667 0.032500 0.052222 2 0.631836 0.535 0.293611 0.020000 0.040556 2 0.631836 0.735 0.459444 0.032500 0.055556 2 0.625977 0.90625 0.71 0.057500 0.091111 2 0.517578 0.8575 0.465556 0.028750 0.062222 2 0.432129 0.80375 0.505278 0.023750 0.052778 2 0.413086 0.97875 0.715556 0.042500 0.091111 2 0.386719 0.299688 0.398056 0.023125 0.050556 3 0.350342 0.47625 0.275556 0.023750 0.038333 2 0.233765 0.639688 0.414444 0.018125 0.044444 2 0.226807 0.379375 0.215556 0.012500 0.030556 0 0.204956 0.92625 0.846111 0.057500 0.103333 2 0.156616 0.978125 0.928889 0.043750 0.137778 3 0.147583 0.319063 0.312778 0.020000 0.036667 2 0.137939 0.925 0.650556 0.041250 0.072222 3 0.113586 0.97875 0.93 0.042500 0.140000 1 0.101929 0.994375 0.825556 0.011250 0.075556 2 0.043365 0.45375 0.221667 0.015625 0.029444 3 0.041626 0.4025 0.240833 0.015000 0.026111 2 0.0401 0.473125 0.216806 0.012500 0.026389 1 0.036346 0.99125 0.826667 0.017500 0.082222 4 0.031143 0.9275 0.845556 0.057500 0.103333 10 0.028763 0.326953 0.258889 0.031094 0.073333 2 0.026062 0.995625 0.817778 0.008750 0.088889 2 0.015015 0.485938 0.221806 0.011250 0.026944 2 0.012428 0.995 0.537778 0.010000 0.057778 1 0.010292 0.9775 0.931111 0.043750 0.137778 0 0.006744 0.8275 0.47 0.025000 0.048889 3 0.005039 0.97625 0.5225 0.045000 0.063889 10 0.004982 0.295469 0.346667 0.035625 0.086667 2 0.004829 0.460625 0.215833 0.013750 0.025833 2 0.004681 0.345625 0.2025 0.011250 0.026111 4 0.004665 0.47625 0.277778 0.025000 0.044444 0 0.003622 0.995 0.544306 0.010000 0.055833 2 0.003525 0.387188 0.187778 0.008750 0.018889 10 0.003273 0.864375 0.881111 0.223750 0.237778 2 0.002981 0.995 0.463611 0.010000 0.055000 2 0.002502 0.994375 0.843889 0.011250 0.111111 2 0.002472 0.239219 0.563889 0.026563 0.071111 1 0.002434 0.71 0.431111 0.015000 0.040556 2 0.002398 0.769375 0.698333 0.038750 0.088889 2 0.002378 0.048506 0.499444 0.026738 0.060000 1 0.002359 0.569375 0.762222 0.014375 0.040000 2 0.002359 0.006475 0.891111 0.012207 0.100000 12 0.002296 0.995625 0.102292 0.008750 0.077917 2 0.002253 0.48625 0.213889 0.011250 0.023889 2 0.002083 0.995 0.500556 0.010000 0.088889 2 0.001681 0.30125 0.411111 0.025000 0.065556 12 0.001501 0.00709 0.646667 0.013965 0.207778 2 0.001356 0.8 0.500278 0.037500 0.065000 1 0.001147 0.76625 0.681667 0.030000 0.050000 7 0.001129 0.90375 0.713333 0.062500 0.101111 2 0.001116 0.335625 0.21 0.007500 0.023333 2 0.001048 0.369375 0.214722 0.015000 0.032778 2 0.001024 0.556563 0.304444 0.022500 0.046667 2 0.001012 0.98125 0.69 0.037500 0.144444
CCTV02^20260511-140000-20260511-142440_002508,2 0.786621 0.022793 0.874444 0.045039 0.113333 2 0.766113 0.62 0.572222 0.032500 0.078889 9 0.716797 0.604062 0.402778 0.050625 0.077778 2 0.708984 0.971875 0.793333 0.056250 0.108889 2 0.704102 0.698125 0.471389 0.032500 0.060000 10 0.697754 0.6675 0.374444 0.073750 0.111111 1 0.673828 0.291875 0.693333 0.023125 0.062222 2 0.672363 0.785 0.608889 0.045000 0.086667 2 0.665527 0.569688 0.432778 0.022500 0.057222 2 0.560059 0.925 0.66 0.045000 0.084444 2 0.529297 0.80375 0.52 0.025000 0.060000 2 0.505859 0.65125 0.410556 0.027500 0.043333 1 0.494141 0.544063 0.456111 0.013750 0.048889 2 0.287842 0.85625 0.464444 0.027500 0.056667 5 0.282959 0.579688 0.290556 0.028125 0.047778 9 0.270508 0.395 0.20625 0.027500 0.055833 3 0.242188 0.319063 0.311667 0.020625 0.037778 2 0.219971 0.86 0.533611 0.042500 0.072778 2 0.064209 0.473125 0.217778 0.013750 0.026111 1 0.05835 0.289062 0.693333 0.033750 0.072222 7 0.052032 0.86 0.532778 0.040000 0.075556 2 0.034882 0.9775 0.709444 0.041250 0.071111 1 0.034607 0.648125 0.412222 0.031250 0.047222 2 0.029648 0.775625 0.462778 0.025000 0.058889 2 0.028656 0.239375 0.560556 0.025000 0.058889 10 0.019714 0.326562 0.258889 0.031250 0.075556 0 0.018768 0.80375 0.522778 0.027500 0.065556 2 0.018478 0.57875 0.29 0.031250 0.050000 3 0.015427 0.341875 0.161944 0.013750 0.020556 2 0.013535 0.80125 0.516389 0.038750 0.066111 0 0.010094 0.541875 0.458889 0.018750 0.053889 2 0.009674 0.604688 0.362778 0.023125 0.036667 2 0.007843 0.99375 0.74 0.012500 0.113333 2 0.007668 0.995625 0.463889 0.008750 0.050000 7 0.007347 0.7425 0.813889 0.112500 0.170000 3 0.006668 0.98625 0.936667 0.027500 0.120000 3 0.006615 0.605937 0.365556 0.026250 0.033333 2 0.006073 0.995 0.548889 0.010000 0.060000 2 0.0056 0.9775 0.715556 0.045000 0.134444 1 0.005241 0.569375 0.761111 0.015000 0.041111 3 0.004101 0.743125 0.811111 0.113750 0.182222 3 0.003944 0.976875 0.521111 0.045000 0.060000 10 0.003565 0.294531 0.353889 0.039687 0.110000 2 0.003351 0.994375 0.492778 0.011250 0.084444 4 0.00289 0.976875 0.519444 0.045000 0.064444 3 0.0028 0.98375 0.528056 0.032500 0.063889 2 0.002663 0.236562 0.561111 0.033750 0.074444 2 0.002602 0.989375 0.626111 0.021250 0.092222 3 0.002306 0.34 0.17125 0.011875 0.016944 3 0.00227 0.99125 0.941111 0.017500 0.111111 1 0.002199 0.875625 0.907778 0.036250 0.102222 3 0.002083 0.336875 0.133611 0.008750 0.016667 1 0.001649 0.030273 0.880556 0.057187 0.102222 1 0.001597 0.7 0.4325 0.020000 0.040000 12 0.001362 0.030566 0.644444 0.061055 0.180000 2 0.001346 0.916875 0.575556 0.041250 0.071111 1 0.001169 0.642344 0.395833 0.020313 0.045556 1 0.001169 0.573125 0.446111 0.018750 0.063889 2 0.001138 0.459375 0.199861 0.013750 0.027778 12 0.001099 0.995 0.124479 0.010000 0.108819 1 0.001099 0.210313 0.575556 0.022500 0.055556 2 0.001078 0.465625 0.207778 0.014375 0.022778 2 0.00104 0.82375 0.443056 0.030000 0.057222 4 0.001017 0.98625 0.624444 0.027500 0.093333
CCTV02^20260511-140000-20260511-142440_002512,10 0.782715 0.67125 0.378889 0.060000 0.102222 5 0.774414 0.63125 0.347222 0.027500 0.056667 2 0.730957 0.355625 0.469444 0.027500 0.062222 2 0.704102 0.7475 0.53 0.032500 0.067778 2 0.704102 0.023945 0.873333 0.047578 0.115556 10 0.679199 0.435 0.388056 0.043750 0.127778 2 0.596191 0.69875 0.445556 0.032500 0.055556 2 0.548828 0.375938 0.281111 0.016875 0.041111 2 0.377441 0.92625 0.658889 0.042500 0.086667 2 0.259766 0.8125 0.549444 0.027500 0.070000 3 0.242188 0.319219 0.313333 0.020313 0.036667 4 0.166626 0.940625 0.833333 0.118750 0.204444 2 0.075562 0.355625 0.296111 0.016250 0.046667 12 0.066345 0.939063 0.827778 0.121875 0.217778 2 0.06189 0.96 0.734445 0.055000 0.082222 1 0.054596 0.324453 0.458889 0.014844 0.056667 2 0.05014 0.881875 0.647222 0.033750 0.063333 2 0.0336 0.75125 0.487778 0.027500 0.044444 0 0.031982 0.355 0.296111 0.016250 0.044444 2 0.030441 0.846875 0.556667 0.030000 0.074444 10 0.025955 0.325938 0.258611 0.027500 0.073333 4 0.022369 0.98625 0.624444 0.027500 0.088889 2 0.016464 0.87625 0.558333 0.032500 0.074444 3 0.013481 0.9875 0.921667 0.025000 0.156667 2 0.013428 0.48625 0.229444 0.016250 0.030556 9 0.013222 0.98875 0.9225 0.022500 0.155000 2 0.01078 0.239375 0.563333 0.026875 0.066667 2 0.010735 0.372188 0.286667 0.018125 0.045556 1 0.010368 0.328438 0.471667 0.017500 0.068333 0 0.010132 0.6475 0.4175 0.016250 0.041667 2 0.008316 0.979375 0.683889 0.041250 0.096667 2 0.007607 0.72125 0.487778 0.022500 0.050000 2 0.005798 0.806875 0.556806 0.031250 0.066389 2 0.005489 0.995 0.738889 0.010000 0.082222 3 0.003765 0.97875 0.913333 0.042500 0.163333 10 0.00375 0.936875 0.828889 0.126250 0.228889 2 0.002913 0.381875 0.280556 0.030000 0.050000 12 0.002684 0.010986 0.647222 0.021777 0.194444 3 0.00227 0.401875 0.241944 0.015000 0.026111 0 0.0021 0.995 0.555417 0.010000 0.066944 11 0.002083 0.93875 0.831111 0.122500 0.217778 12 0.001818 0.995625 0.116528 0.008750 0.090556 3 0.001741 0.325625 0.305556 0.023750 0.047778 2 0.001741 0.7925 0.488611 0.025000 0.065556 3 0.0017 0.004126 0.95 0.008135 0.100000 2 0.001649 0.991875 0.928889 0.016250 0.137778 12 0.001623 0.965625 0.993889 0.067500 0.012222 2 0.001519 0.745 0.4875 0.030000 0.051667 2 0.001444 0.401875 0.241111 0.016250 0.028889 2 0.001432 0.99 0.733889 0.020000 0.090000 1 0.001378 0.99625 0.546667 0.007500 0.057778 2 0.001188 0.80625 0.537778 0.037500 0.063333 2 0.001099 0.99625 0.535556 0.007500 0.067778 2 0.001065 0.988125 0.668889 0.023750 0.157778 2 0.001057 0.241563 0.554444 0.035625 0.086667
CCTV02^20260511-140000-20260511-142440_002813,10 0.90918 0.295 0.594444 0.102500 0.251111 10 0.895508 0.560313 0.365833 0.061875 0.119444 2 0.888184 0.159844 0.686111 0.045313 0.081111 5 0.85791 0.636875 0.345833 0.036250 0.055000 3 0.799316 0.319375 0.312222 0.021875 0.036667 2 0.799316 0.67875 0.485833 0.032500 0.061667 2 0.744629 0.31625 0.386111 0.018750 0.046667 2 0.71875 0.736875 0.485833 0.038750 0.060000 2 0.6875 0.63125 0.383333 0.025000 0.044444 3 0.675781 0.509375 0.299444 0.022500 0.036667 2 0.642578 0.875 0.548889 0.052500 0.066667 2 0.577637 0.92375 0.649444 0.047500 0.080000 2 0.455078 0.808125 0.456667 0.026250 0.051667 3 0.422607 0.97625 0.788889 0.047500 0.131111 3 0.375732 0.468125 0.268333 0.022500 0.035556 3 0.361084 0.503125 0.338333 0.030000 0.053889 2 0.325928 0.978125 0.684444 0.043750 0.093333 2 0.264404 0.634375 0.350556 0.032500 0.057778 2 0.149048 0.995 0.898889 0.010000 0.111111 3 0.089783 0.759375 0.691111 0.073750 0.115556 5 0.065613 0.755 0.695556 0.080000 0.128889 2 0.057709 0.8375 0.544444 0.032500 0.078889 2 0.043213 0.57125 0.296389 0.017500 0.039444 0 0.039642 0.57125 0.296111 0.016250 0.037778 1 0.036499 0.99 0.903333 0.020000 0.131111 2 0.025269 0.869375 0.513889 0.032500 0.052222 4 0.023605 0.491875 0.254722 0.021250 0.034444 2 0.023148 0.99 0.624444 0.020000 0.084444 1 0.016785 0.725 0.396667 0.012500 0.033889 2 0.015305 0.312344 0.383611 0.021563 0.053889 2 0.0121 0.99375 0.921111 0.012500 0.124444 2 0.010529 0.321953 0.386667 0.029844 0.053333 2 0.009781 0.491875 0.253958 0.020000 0.035417 12 0.008316 0.995313 0.108889 0.009375 0.082778 10 0.007206 0.97625 0.831111 0.047500 0.238889 2 0.006985 0.9175 0.574444 0.035000 0.064444 1 0.006905 0.7125 0.390833 0.012500 0.035556 4 0.006824 0.97875 0.782222 0.042500 0.144444 2 0.00629 0.98875 0.916111 0.022500 0.121111 3 0.006073 0.99125 0.894444 0.017500 0.117778 0 0.005844 0.995 0.855556 0.010000 0.114444 10 0.00502 0.021602 0.630139 0.043203 0.190833 2 0.004738 0.99 0.678333 0.020000 0.116667 3 0.004608 0.83375 0.650556 0.040000 0.072222 4 0.00428 0.5 0.335556 0.035000 0.060000 3 0.004166 0.490625 0.261181 0.020000 0.038750 10 0.003765 0.325625 0.257292 0.026875 0.066528 2 0.003651 0.853125 0.59 0.028750 0.055556 1 0.003496 0.855 0.65 0.022500 0.057778 0 0.003052 0.995 0.828333 0.010000 0.076667 4 0.003052 0.97625 0.831111 0.047500 0.242222 10 0.002611 0.98875 0.838333 0.022500 0.304444 1 0.001629 0.84625 0.652222 0.037500 0.062222 2 0.001611 0.8025 0.469444 0.025000 0.063333 3 0.001567 0.300938 0.335556 0.033125 0.041111 2 0.001399 0.835 0.556528 0.025000 0.069167 3 0.00132 0.74375 0.811111 0.122500 0.166667 0 0.001161 0.995 0.564583 0.010000 0.079722 1 0.001099 0.57 0.762222 0.013750 0.035556 0 0.001032 0.995625 0.542361 0.008750 0.066389 2 0.001024 0.8175 0.595556 0.023750 0.053333
CCTV02^20260511-140000-20260511-142440_002817,10 0.867188 0.646875 0.573333 0.111250 0.232222 2 0.865234 0.159922 0.685556 0.044531 0.080000 4 0.864258 0.55125 0.402222 0.030000 0.068889 2 0.851074 0.345313 0.564306 0.030625 0.066944 10 0.848145 0.391563 0.295833 0.032500 0.093889 5 0.830078 0.636875 0.346111 0.035000 0.056667 2 0.822266 0.268125 0.571111 0.029375 0.062222 2 0.811523 0.7125 0.443333 0.030000 0.053333 3 0.792969 0.319531 0.312222 0.021563 0.035556 2 0.756348 0.883125 0.554583 0.036250 0.066389 2 0.729492 0.315937 0.386667 0.018750 0.047222 2 0.713867 0.93125 0.696667 0.053750 0.084444 2 0.620605 0.85375 0.532222 0.032500 0.063333 2 0.565918 0.172227 0.941111 0.062422 0.115556 3 0.53125 0.766875 0.432222 0.042500 0.053333 2 0.503906 0.287188 0.524167 0.024062 0.048333 2 0.430176 0.306563 0.493333 0.029375 0.047222 4 0.399902 0.337187 0.506667 0.025625 0.060000 2 0.329346 0.337187 0.506111 0.025625 0.058889 2 0.29248 0.97875 0.683333 0.042500 0.098889 3 0.204346 0.327578 0.917778 0.083594 0.140000 2 0.194336 0.92375 0.644444 0.045000 0.065556 2 0.186523 0.306875 0.512778 0.029375 0.056667 0 0.170532 0.046914 0.757222 0.048359 0.060000 1 0.135254 0.046318 0.758333 0.048926 0.065556 9 0.067078 0.97875 0.834445 0.042500 0.137778 1 0.065125 0.725 0.399444 0.012500 0.031111 2 0.064636 0.298125 0.5225 0.041875 0.048333 7 0.061188 0.9875 0.924444 0.025000 0.144444 1 0.053986 0.715 0.393333 0.012500 0.035556 1 0.044006 0.7125 0.391111 0.012500 0.035556 2 0.043213 0.99125 0.628889 0.017500 0.087778 3 0.02887 0.976875 0.774444 0.046250 0.108889 4 0.019058 0.979375 0.83 0.041250 0.126667 10 0.018799 0.019961 0.63 0.039922 0.182222 2 0.018616 0.87625 0.545556 0.030000 0.063333 3 0.015671 0.988125 0.766111 0.023750 0.114444 2 0.015541 0.9175 0.57 0.032500 0.065556 1 0.010651 0.57 0.763333 0.013750 0.034444 2 0.007694 0.988125 0.672222 0.023750 0.135556 7 0.006073 0.965 0.91 0.070000 0.146667 12 0.005867 0.995 0.110313 0.010000 0.090486 3 0.005619 0.535625 0.255278 0.020000 0.031111 2 0.004757 0.310781 0.383333 0.019687 0.053333 9 0.004757 0.97875 0.867222 0.042500 0.265556 10 0.004574 0.9775 0.866667 0.045000 0.266667 11 0.003944 0.978125 0.861389 0.043750 0.277222 1 0.003622 0.73375 0.406389 0.012500 0.030556 2 0.003351 0.995625 0.552778 0.008750 0.056667 1 0.003325 0.711875 0.395 0.020000 0.036667 7 0.002531 0.991875 0.933333 0.016250 0.120000 0 0.002306 0.99625 0.542778 0.007500 0.051111 10 0.002132 0.326797 0.255833 0.028906 0.071111 10 0.002115 0.227813 0.597778 0.046250 0.104444 2 0.002083 0.240156 0.552222 0.024375 0.058889 0 0.001957 0.7575 0.389445 0.017500 0.030000 2 0.001755 0.99625 0.537222 0.007500 0.063333 2 0.001687 0.321875 0.386389 0.030625 0.052778 2 0.001623 0.994375 0.610556 0.011250 0.090000 2 0.001543 0.98375 0.626667 0.027500 0.080000 1 0.001421 0.57375 0.75 0.020000 0.051111 2 0.001367 0.234688 0.578333 0.035000 0.092222 1 0.001073 0.761875 0.425 0.036250 0.043333 1 0.001008 0.338438 0.537778 0.031875 0.048889 6 0.001008 0.227187 0.596667 0.046250 0.113333
CCTV02^20260511-140000-20260511-142440_002821,10 0.90918 0.650625 0.490833 0.081250 0.156111 2 0.890137 0.159688 0.685556 0.045000 0.082222 4 0.834473 0.435 0.379167 0.021250 0.052778 5 0.833496 0.636875 0.347222 0.035000 0.055556 2 0.819824 0.268125 0.571111 0.030000 0.062222 2 0.800781 0.72875 0.549028 0.037500 0.077500 3 0.791992 0.319531 0.312778 0.021563 0.036667 2 0.769043 0.810625 0.528333 0.028750 0.063333 2 0.763672 0.61 0.368889 0.023125 0.045556 2 0.759277 0.713125 0.442222 0.032500 0.052222 2 0.746094 0.294063 0.525 0.038437 0.061111 3 0.73584 0.77375 0.507778 0.051250 0.067778 2 0.72168 0.883125 0.554583 0.038750 0.070833 2 0.638672 0.315938 0.387222 0.018125 0.046667 2 0.554688 0.3775 0.338056 0.015000 0.038889 2 0.550781 0.3675 0.3125 0.016250 0.032778 2 0.519531 0.925 0.651667 0.050000 0.083333 2 0.480469 0.9775 0.683333 0.045000 0.097778 1 0.457031 0.349688 0.359167 0.012500 0.036667 3 0.366699 0.99 0.811111 0.020000 0.100000 2 0.276611 0.50625 0.264444 0.013750 0.029444 2 0.252441 0.8525 0.548889 0.030000 0.074444 0 0.233765 0.85125 0.552222 0.028750 0.073333 2 0.130737 0.85625 0.51 0.030000 0.055556 2 0.030212 0.995 0.775556 0.010000 0.112222 2 0.02887 0.51625 0.256944 0.011250 0.024444 2 0.027176 0.993125 0.919444 0.013750 0.158889 2 0.026764 0.995 0.906667 0.010000 0.122222 1 0.023239 0.7125 0.388889 0.012500 0.033333 0 0.02211 0.349688 0.363611 0.015000 0.049444 2 0.021362 0.990625 0.633333 0.018750 0.093333 2 0.01519 0.371875 0.255833 0.016250 0.034444 0 0.014389 0.995 0.888333 0.010000 0.088889 10 0.013481 0.326562 0.256597 0.028750 0.069028 2 0.010818 0.9175 0.573333 0.032500 0.066667 2 0.009377 0.274219 0.472778 0.032188 0.050000 12 0.008034 0.995313 0.104722 0.009375 0.067778 2 0.006512 0.455 0.231806 0.012500 0.026944 2 0.006123 0.003469 0.478889 0.006938 0.047778 2 0.006027 0.995 0.569861 0.010000 0.095833 2 0.004665 0.99625 0.543889 0.007500 0.058889 2 0.004505 0.518438 0.252778 0.013125 0.026111 3 0.004467 0.536875 0.255833 0.017500 0.027778 10 0.004467 0.98875 0.855 0.022500 0.290000 10 0.004433 0.020918 0.626528 0.041836 0.191389 2 0.00415 0.98875 0.922222 0.022500 0.155556 1 0.003679 0.570625 0.763333 0.014375 0.036667 2 0.002981 0.984375 0.625556 0.028750 0.075556 0 0.002653 0.3775 0.343611 0.016250 0.050556 0 0.002611 0.98625 0.626667 0.027500 0.082222 2 0.00259 0.995 0.738889 0.010000 0.075556 0 0.002512 0.695 0.373333 0.012500 0.033333 2 0.002165 0.240313 0.553333 0.023750 0.061111 10 0.001853 0.235 0.582222 0.035000 0.100000 1 0.001727 0.71125 0.393056 0.020000 0.037222 1 0.0017 0.760625 0.441389 0.015000 0.039444 10 0.001525 0.227969 0.596667 0.047187 0.104444 1 0.00149 0.119609 0.72 0.022031 0.042222 2 0.001478 0.99375 0.6 0.012500 0.088889 0 0.001444 0.7825 0.415 0.017500 0.035556 0 0.00141 0.2425 0.526111 0.023750 0.042222 3 0.001356 0.9875 0.94 0.025000 0.113333 1 0.001294 0.695625 0.3725 0.011250 0.031667 10 0.001289 0.990625 0.801111 0.018750 0.302222 1 0.001279 0.72625 0.401111 0.012500 0.031111 12 0.001065 0.995625 0.176667 0.008750 0.091667 3 0.001008 0.990625 0.876111 0.018750 0.132222
CCTV02^20260511-140000-20260511-142440_002825,10 0.925293 0.538438 0.349722 0.055625 0.121667 9 0.898438 0.577188 0.503611 0.056875 0.107222 5 0.85791 0.636563 0.347222 0.035625 0.057778 3 0.831055 0.319375 0.312778 0.021875 0.036667 2 0.82666 0.268125 0.571111 0.029375 0.062222 3 0.820801 0.74375 0.514722 0.080000 0.061667 3 0.818848 0.141641 0.747222 0.111094 0.092222 2 0.816406 0.163438 0.680556 0.048750 0.072222 2 0.782715 0.666875 0.471667 0.031250 0.055556 2 0.763672 0.294844 0.525278 0.038125 0.058333 2 0.747559 0.315625 0.387222 0.018750 0.046667 2 0.658203 0.66 0.403333 0.028750 0.043889 2 0.642578 0.9325 0.663333 0.045000 0.088889 2 0.535156 0.8425 0.568889 0.037500 0.064444 2 0.533203 0.88375 0.556111 0.042500 0.072222 2 0.460938 0.795 0.487778 0.037500 0.050000 0 0.44165 0.97125 0.923333 0.057500 0.120000 4 0.437744 0.498125 0.283333 0.021250 0.034444 3 0.379395 0.99 0.807778 0.020000 0.095556 2 0.23938 0.97875 0.682222 0.042500 0.100000 2 0.11438 0.876875 0.510833 0.028750 0.052778 2 0.101562 0.97 0.925556 0.060000 0.126667 2 0.09668 0.735 0.474167 0.040000 0.041111 2 0.090088 0.80375 0.451667 0.025000 0.041667 7 0.080078 0.4725 0.246806 0.020000 0.038611 2 0.049591 0.995 0.778889 0.010000 0.104444 2 0.036774 0.91875 0.578889 0.035000 0.071111 4 0.033203 0.473125 0.247639 0.021250 0.038611 2 0.018982 0.98625 0.705556 0.027500 0.073333 4 0.015717 0.535 0.255278 0.020000 0.031667 2 0.012383 0.145469 0.744444 0.104063 0.086667 1 0.010292 0.570312 0.762222 0.013750 0.035556 0 0.010246 0.660625 0.405 0.030000 0.047778 12 0.010056 0.995 0.109167 0.010000 0.083333 2 0.009232 0.99 0.627222 0.020000 0.092222 2 0.008545 0.994375 0.733333 0.011250 0.068889 2 0.008125 0.31125 0.3825 0.020000 0.047222 2 0.006123 0.78375 0.464444 0.020000 0.047778 2 0.004398 0.75875 0.401944 0.015000 0.033889 2 0.004299 0.995 0.556528 0.010000 0.073611 2 0.003944 0.995625 0.888889 0.008750 0.086667 2 0.003248 0.995625 0.537917 0.008750 0.070833 10 0.003075 0.025508 0.641111 0.050859 0.166667 10 0.002768 0.234219 0.583333 0.037188 0.102222 6 0.002705 0.2275 0.597222 0.046875 0.105556 2 0.002693 0.321562 0.387778 0.030625 0.053333 2 0.002672 0.130469 0.703889 0.040937 0.035556 1 0.002253 0.72375 0.395556 0.012500 0.033333 0 0.002132 0.99625 0.544306 0.007500 0.058056 4 0.002003 0.988125 0.625 0.023750 0.088889 2 0.001782 0.268906 0.469444 0.028437 0.052222 2 0.001768 0.992188 0.92 0.015625 0.135556 10 0.001727 0.990625 0.791111 0.018750 0.280000 12 0.00145 0.99625 0.094583 0.007500 0.086389 0 0.001346 0.73625 0.479444 0.047500 0.051111 1 0.001265 0.125 0.697778 0.028437 0.037778 10 0.001255 0.326172 0.256389 0.027656 0.069444 2 0.00124 0.99125 0.714445 0.017500 0.062222 2 0.001202 0.85 0.466667 0.020000 0.048889 10 0.001138 0.227187 0.591111 0.049375 0.124444 5 0.001099 0.83125 0.230833 0.027500 0.095000 3 0.001024 0.894375 0.470833 0.042500 0.050556
CCTV02^20260511-140000-20260511-142440_002829,2 0.870605 0.159453 0.686111 0.043906 0.081111 4 0.856934 0.674375 0.465833 0.041250 0.084444 5 0.835449 0.636875 0.347222 0.035000 0.056667 3 0.835449 0.745625 0.513611 0.076250 0.062778 3 0.833496 0.319375 0.313333 0.021875 0.036667 2 0.829102 0.295 0.524444 0.038125 0.056667 2 0.812988 0.268438 0.571667 0.030000 0.062222 2 0.756348 0.8275 0.539028 0.027500 0.070833 2 0.712402 0.315938 0.387222 0.018125 0.047778 2 0.690918 0.91875 0.651111 0.047500 0.086667 2 0.556641 0.70625 0.452222 0.032500 0.054444 2 0.515625 0.88375 0.555417 0.040000 0.064722 2 0.361084 0.564063 0.373889 0.018125 0.045556 3 0.334473 0.99 0.812778 0.020000 0.102222 7 0.329346 0.734375 0.83 0.090000 0.204444 2 0.203125 0.85875 0.565556 0.025000 0.056667 2 0.174927 0.986875 0.948889 0.026250 0.091111 3 0.125977 0.38375 0.273056 0.018125 0.030556 4 0.110474 0.7375 0.814444 0.100000 0.235556 2 0.072632 0.87625 0.511944 0.027500 0.052778 1 0.050507 0.725 0.398889 0.010000 0.031111 1 0.042389 0.988125 0.951111 0.023750 0.090000 2 0.036774 0.99375 0.918333 0.012500 0.133333 0 0.027176 0.995 0.892222 0.010000 0.088889 2 0.024139 0.98 0.681111 0.040000 0.093333 1 0.020889 0.7125 0.391667 0.010000 0.032222 2 0.020721 0.993125 0.717778 0.013750 0.061111 2 0.01519 0.995 0.777222 0.010000 0.107778 2 0.010208 0.86 0.574444 0.032500 0.075556 2 0.009743 0.460625 0.230972 0.013750 0.028611 10 0.008919 0.325625 0.257847 0.027500 0.068750 2 0.008881 0.9175 0.574444 0.032500 0.064444 2 0.008743 0.7525 0.426111 0.017500 0.037778 4 0.007935 0.535 0.255278 0.021250 0.033333 2 0.007404 0.78125 0.415 0.017500 0.032222 12 0.007317 0.995625 0.101528 0.008750 0.073611 12 0.006413 0.83125 0.227917 0.027500 0.091944 2 0.005535 0.99 0.923333 0.020000 0.140000 2 0.005405 0.995 0.732222 0.010000 0.082222 2 0.0051 0.75875 0.390833 0.015000 0.030000 1 0.0051 0.99 0.713333 0.020000 0.060000 3 0.004944 0.98625 0.951667 0.027500 0.088889 2 0.004627 0.995625 0.539444 0.008750 0.072222 2 0.004433 0.7475 0.867778 0.060000 0.137778 0 0.003311 0.19875 0.65 0.018125 0.051111 4 0.003223 0.70625 0.453333 0.032500 0.058889 12 0.003223 0.735 0.824444 0.097500 0.220000 0 0.003172 0.695625 0.373611 0.011250 0.031111 2 0.002834 0.310625 0.383333 0.020625 0.051111 1 0.002737 0.57125 0.295 0.010625 0.028889 1 0.002541 0.570938 0.758333 0.015000 0.038889 4 0.002472 0.834375 0.693333 0.077500 0.106667 2 0.002443 0.99 0.643889 0.020000 0.116667 0 0.00226 0.564375 0.378056 0.020000 0.055000 3 0.002216 0.535313 0.256944 0.021875 0.034444 0 0.002132 0.7525 0.426111 0.017500 0.037778 12 0.002115 0.835 0.711111 0.077500 0.135556 10 0.002108 0.99 0.848889 0.020000 0.264444 2 0.001768 0.7525 0.891667 0.050000 0.117778 0 0.001585 0.243438 0.529444 0.021875 0.048889 0 0.001519 0.99625 0.548889 0.007500 0.062222 1 0.001513 0.57375 0.747222 0.021250 0.060000 2 0.00149 0.995 0.570972 0.010000 0.100278 2 0.001421 0.98625 0.671111 0.027500 0.130000 2 0.001367 0.005605 0.4725 0.011211 0.048333 1 0.001305 0.71125 0.396111 0.017500 0.033889 0 0.001305 0.96375 0.705556 0.042500 0.071111 2 0.001121 0.955 0.709444 0.032500 0.054444 1 0.001116 0.97125 0.715556 0.025000 0.053333 3 0.001048 0.301875 0.333333 0.038750 0.035556 1 0.001048 0.198906 0.651111 0.018437 0.053333 2 0.00104 0.97375 0.697222 0.035000 0.084444 0 0.001032 0.758125 0.393333 0.015000 0.028889
CCTV02^20260511-140000-20260511-142440_002833,2 0.900391 0.162031 0.685556 0.049687 0.082222 5 0.868164 0.636875 0.346944 0.035000 0.056667 4 0.854004 0.355938 0.522778 0.037500 0.074444 3 0.852051 0.74375 0.506389 0.072500 0.059444 2 0.834473 0.268438 0.571111 0.029375 0.062222 3 0.824219 0.319375 0.312778 0.021875 0.035556 2 0.790527 0.81125 0.499444 0.027500 0.066667 2 0.777344 0.396875 0.375556 0.020000 0.043889 2 0.753418 0.68125 0.499722 0.030000 0.060556 2 0.725098 0.89625 0.67 0.048750 0.086667 2 0.697754 0.315938 0.388056 0.018125 0.048333 2 0.666992 0.294531 0.523889 0.037812 0.056667 4 0.658203 0.643125 0.621111 0.056250 0.101111 2 0.435791 0.92625 0.654444 0.035000 0.086667 2 0.336426 0.98 0.683333 0.040000 0.093333 3 0.309082 0.99 0.811111 0.020000 0.100000 2 0.074768 0.99375 0.912222 0.012500 0.136667 2 0.063049 0.99125 0.919444 0.017500 0.161111 3 0.044189 0.78 0.436111 0.040000 0.054444 0 0.035004 0.713125 0.392778 0.015000 0.032222 2 0.032471 0.995 0.768889 0.010000 0.100000 10 0.027802 0.038711 0.638889 0.077422 0.167778 2 0.013374 0.5175 0.255 0.014375 0.030000 2 0.007549 0.480937 0.240278 0.013125 0.026667 2 0.006718 0.99125 0.634444 0.017500 0.095556 10 0.006538 0.98875 0.850556 0.022500 0.298889 12 0.006413 0.995 0.109861 0.010000 0.070556 2 0.005959 0.995 0.737778 0.010000 0.073333 2 0.005798 0.298125 0.537778 0.034062 0.060000 1 0.005302 0.570625 0.761111 0.015000 0.038889 10 0.004608 0.016152 0.627222 0.032305 0.194444 2 0.003855 0.8825 0.581111 0.040000 0.073333 1 0.003593 0.571875 0.751667 0.017500 0.051111 2 0.003456 0.311563 0.382778 0.020625 0.050000 3 0.00279 0.99125 0.895556 0.017500 0.108889 6 0.002779 0.7775 0.435 0.045000 0.056667 0 0.002571 0.695 0.373056 0.013750 0.033889 10 0.002253 0.234844 0.582083 0.036562 0.100278 4 0.002226 0.989375 0.815556 0.020000 0.113333 2 0.002132 0.047812 0.778333 0.040078 0.072222 2 0.001824 0.9875 0.932222 0.025000 0.128889 2 0.00181 0.291719 0.392222 0.019687 0.042222 1 0.001714 0.695 0.372222 0.012500 0.032222 0 0.00149 0.003921 0.476667 0.007842 0.048889 9 0.001421 0.7775 0.433889 0.045000 0.058889 3 0.001235 0.89625 0.471667 0.045000 0.050000 11 0.001225 0.26625 0.477778 0.037812 0.068889 2 0.001188 0.995 0.563889 0.010000 0.090000 2 0.001179 0.846875 0.486667 0.018750 0.058889 1 0.001138 0.725 0.399444 0.011250 0.030000 3 0.001134 0.297344 0.340556 0.030000 0.037222 2 0.001095 0.322188 0.387778 0.030000 0.053333 11 0.001073 0.9875 0.626667 0.025000 0.095556 2 0.001065 0.995625 0.547222 0.008750 0.062222
CCTV02^20260511-140000-20260511-142440_002836,2 0.884766 0.161094 0.684444 0.046562 0.082222 5 0.862305 0.636875 0.3475 0.035000 0.057222 3 0.830078 0.319219 0.312778 0.021562 0.036667 2 0.827637 0.268281 0.571111 0.029062 0.063333 2 0.805664 0.651875 0.412778 0.026250 0.047778 2 0.78125 0.294844 0.524167 0.038125 0.057222 2 0.779785 0.89625 0.677778 0.047500 0.086667 3 0.775879 0.680625 0.525278 0.053750 0.069444 2 0.760742 0.245625 0.752222 0.043125 0.091111 2 0.73584 0.95 0.745556 0.040000 0.100000 2 0.712402 0.315625 0.387778 0.018750 0.048333 2 0.705566 0.9825 0.871111 0.035000 0.117778 10 0.656738 0.322578 0.734444 0.121094 0.328889 3 0.537109 0.86125 0.546806 0.047500 0.090833 4 0.523438 0.815 0.515556 0.025000 0.066667 4 0.422607 0.47375 0.264167 0.020000 0.036667 2 0.373779 0.97875 0.683889 0.042500 0.100000 2 0.200562 0.805625 0.477778 0.027500 0.054444 9 0.168335 0.38375 0.293056 0.027500 0.061111 2 0.151978 0.918125 0.582222 0.038750 0.077778 3 0.144653 0.989375 0.814444 0.021250 0.104444 2 0.132935 0.5375 0.286667 0.016250 0.032222 2 0.067322 0.995 0.76 0.010000 0.100000 2 0.065369 0.815 0.515833 0.026250 0.070556 3 0.061646 0.403125 0.23 0.016250 0.027222 0 0.032959 0.995 0.537222 0.010000 0.055556 0 0.027481 0.7125 0.391111 0.012500 0.035556 1 0.025177 0.7125 0.391111 0.012500 0.034444 1 0.021042 0.725 0.397222 0.012500 0.032222 2 0.016525 0.990625 0.633333 0.018750 0.095556 2 0.013123 0.87875 0.516111 0.023750 0.065556 2 0.010857 0.311719 0.384444 0.020313 0.048889 0 0.008614 0.805 0.4775 0.027500 0.055000 1 0.008286 0.570625 0.76 0.013750 0.037778 12 0.007549 0.995625 0.107431 0.008750 0.065139 2 0.00518 0.949375 0.763333 0.035000 0.072222 1 0.005119 0.57375 0.747778 0.020000 0.057778 1 0.005001 0.120156 0.718889 0.022031 0.042222 10 0.003736 0.325312 0.255833 0.028125 0.072222 2 0.0028 0.80875 0.489722 0.032500 0.057222 0 0.002768 0.695 0.373889 0.012500 0.031111 2 0.002531 0.291719 0.391111 0.019375 0.040000 10 0.002502 0.020117 0.626667 0.040234 0.191111 2 0.002434 0.99 0.89 0.020000 0.114444 2 0.00227 0.384062 0.299444 0.028125 0.078333 2 0.002209 0.75875 0.3925 0.015000 0.028333 2 0.002182 0.990625 0.721667 0.018750 0.063333 2 0.00215 0.9675 0.549444 0.038750 0.061111 10 0.0021 0.97875 0.877222 0.042500 0.245556 6 0.00209 0.986875 0.87 0.026250 0.260000 3 0.001611 0.534063 0.257222 0.020000 0.036111 2 0.001294 0.751875 0.424722 0.017500 0.038889 0 0.001274 0.99375 0.528333 0.012500 0.081111 2 0.00123 0.77375 0.715556 0.032500 0.064444 0 0.001179 0.006001 0.697222 0.011865 0.062222 2 0.001134 0.535313 0.2575 0.018125 0.033333 1 0.001116 0.188906 0.674444 0.015625 0.051111 2 0.001024 0.237031 0.570972 0.031562 0.078056
CCTV02^20260511-140000-20260511-142440_002840,10 0.935547 0.348438 0.405 0.046875 0.133333 2 0.871582 0.160273 0.686667 0.042578 0.077778 3 0.844727 0.319063 0.313333 0.022500 0.036667 2 0.837402 0.247031 0.656667 0.044375 0.080000 5 0.836426 0.63625 0.346667 0.035000 0.056667 10 0.834473 0.6725 0.607222 0.130000 0.274444 3 0.818848 0.5975 0.364444 0.031250 0.046667 2 0.818848 0.3075 0.542083 0.028750 0.060278 2 0.808105 0.267969 0.57 0.028125 0.062222 2 0.773438 0.315469 0.387778 0.017813 0.045556 2 0.729492 0.7675 0.456111 0.040000 0.054444 3 0.704102 0.863125 0.560556 0.048750 0.087778 9 0.638672 0.538438 0.388889 0.048125 0.092222 2 0.605957 0.97875 0.682222 0.042500 0.093333 0 0.472656 0.98125 0.902222 0.037500 0.153333 2 0.388672 0.781875 0.535556 0.031250 0.073333 4 0.361084 0.576875 0.513611 0.054375 0.109444 11 0.354004 0.538438 0.387778 0.048750 0.094444 2 0.279785 0.98125 0.902222 0.037500 0.153333 2 0.27832 0.8525 0.608889 0.030000 0.070000 2 0.196777 0.87875 0.513889 0.025000 0.056667 3 0.195557 0.99 0.807778 0.020000 0.088889 2 0.185303 0.91875 0.580556 0.040000 0.074444 2 0.152588 0.292656 0.521944 0.036875 0.053889 4 0.130249 0.788125 0.633333 0.058750 0.086667 2 0.129395 0.989688 0.806667 0.020625 0.097778 4 0.104858 0.011543 0.89 0.022617 0.175556 9 0.073181 0.011699 0.888889 0.023086 0.168889 3 0.069519 0.588125 0.472778 0.034375 0.058889 4 0.06488 0.485625 0.247361 0.021250 0.034167 7 0.059662 0.579063 0.5125 0.049375 0.111667 12 0.057709 0.104297 0.728889 0.107188 0.104444 2 0.051453 0.69625 0.796667 0.056250 0.113333 2 0.044678 0.989375 0.635556 0.021250 0.091111 2 0.039948 0.994375 0.766111 0.011250 0.093333 9 0.030441 0.107051 0.731111 0.104961 0.097778 2 0.027802 0.85625 0.487778 0.027500 0.052778 1 0.017578 0.935 0.641111 0.018750 0.045556 4 0.017578 0.86 0.751111 0.100000 0.140000 2 0.016525 0.132578 0.74 0.046094 0.077778 1 0.012772 0.724375 0.394444 0.011250 0.032222 2 0.012146 0.7875 0.635 0.057500 0.085556 0 0.012054 0.7575 0.621111 0.022500 0.060000 10 0.009598 0.025 0.632778 0.049531 0.182222 2 0.008675 0.994375 0.734444 0.011250 0.073333 1 0.008415 0.7125 0.390556 0.013750 0.033333 0 0.007668 0.6975 0.792778 0.055000 0.116667 12 0.006824 0.995625 0.104167 0.008750 0.074167 2 0.006363 0.106328 0.73 0.101719 0.100000 2 0.006218 0.485625 0.247361 0.021875 0.034167 3 0.006191 0.89375 0.468333 0.045000 0.055556 2 0.005913 0.9875 0.666667 0.025000 0.140000 7 0.005535 0.010674 0.888333 0.021074 0.163333 2 0.00528 0.75 0.387778 0.027500 0.038889 2 0.005161 0.495625 0.220833 0.017500 0.030000 5 0.005062 0.535 0.254722 0.020000 0.033333 10 0.004738 0.325625 0.256389 0.028750 0.071111 1 0.0042 0.754375 0.62 0.023750 0.061111 2 0.004025 0.75875 0.626667 0.026250 0.071111 0 0.003551 0.71375 0.391667 0.015000 0.035556 0 0.003376 0.766875 0.631667 0.042500 0.074444 6 0.00321 0.227344 0.598889 0.047187 0.115556 2 0.003197 0.985625 0.621667 0.028750 0.085556 1 0.002913 0.8375 0.870556 0.042500 0.107778 2 0.002758 0.132812 0.756667 0.040625 0.060000 12 0.00255 0.86 0.755556 0.103750 0.153333 9 0.002453 0.024414 0.861111 0.048203 0.186667 3 0.002378 0.310625 0.325 0.033750 0.034444 2 0.00205 0.8325 0.486389 0.017500 0.045556 2 0.001818 0.931875 0.628889 0.028750 0.064444 1 0.001803 0.950625 0.712222 0.032500 0.046667 3 0.001782 0.565625 0.523333 0.031250 0.090000 2 0.001755 0.929375 0.613889 0.030000 0.050000 1 0.001649 0.57125 0.295 0.010000 0.030000 7 0.001649 0.695 0.794444 0.060000 0.120000 1 0.001574 0.83625 0.855556 0.035000 0.081111 3 0.001549 0.54375 0.377778 0.035000 0.083333 1 0.001501 0.74875 0.422778 0.021250 0.032222 4 0.001472 0.98375 0.905556 0.032500 0.184444 2 0.001432 0.84375 0.597222 0.032500 0.071111 0 0.001427 0.2425 0.528611 0.023125 0.048333 1 0.00141 0.935625 0.645556 0.026250 0.061111 3 0.001346 0.535 0.255556 0.021250 0.035000 2 0.001346 0.049805 0.512222 0.033047 0.066667 9 0.001285 0.985 0.9 0.030000 0.200000 2 0.001235 0.77375 0.722222 0.032500 0.057778 2 0.001197 0.7875 0.56875 0.032500 0.066944 0 0.001151 0.71125 0.387222 0.015000 0.036111 0 0.001116 0.859375 0.753889 0.103750 0.146667 12 0.00109 0.257188 0.115833 0.017500 0.040278 2 0.001057 0.83875 0.59 0.017500 0.060000 1 0.001048 0.934375 0.526111 0.021250 0.040000 3 0.001024 0.86625 0.744444 0.090000 0.122222 10 0.001017 0.988125 0.866667 0.023750 0.266667
CCTV02^20260511-140000-20260511-142440_002844,10 0.921387 0.348125 0.404444 0.045625 0.132778 2 0.88623 0.160352 0.685556 0.045547 0.082222 5 0.854004 0.635938 0.347222 0.035625 0.055556 10 0.845703 0.309688 0.675556 0.108125 0.280000 2 0.830078 0.934375 0.671667 0.047500 0.091111 2 0.824219 0.268125 0.571111 0.029375 0.062222 3 0.803223 0.319375 0.313056 0.021875 0.037222 3 0.788086 0.593125 0.592222 0.052500 0.091111 2 0.779785 0.314219 0.389445 0.019688 0.047778 3 0.767578 0.9275 0.813333 0.078750 0.137778 2 0.728027 0.38375 0.327778 0.015000 0.036667 2 0.679199 0.594375 0.361667 0.026875 0.048889 4 0.607422 0.396875 0.35 0.021250 0.051111 3 0.596191 0.425625 0.279444 0.020000 0.032222 2 0.59082 0.235781 0.944444 0.065000 0.108889 2 0.507812 0.9175 0.583333 0.037500 0.075556 2 0.482422 0.97875 0.680556 0.042500 0.093333 2 0.363037 0.397188 0.348889 0.020000 0.049444 4 0.327637 0.7525 0.563194 0.070000 0.106944 9 0.317383 0.753125 0.563333 0.070000 0.104444 1 0.276611 0.19125 0.672778 0.019375 0.050000 3 0.270508 0.99 0.808889 0.020000 0.095556 7 0.233765 0.7525 0.562222 0.065000 0.104444 2 0.2323 0.2925 0.522222 0.036250 0.053333 2 0.204346 0.571875 0.3275 0.018750 0.041667 2 0.119995 0.30625 0.538333 0.026250 0.055556 0 0.056458 0.71 0.386667 0.017500 0.036667 2 0.027069 0.994375 0.766111 0.011250 0.101111 7 0.022293 0.46625 0.251944 0.020000 0.041111 2 0.02211 0.99125 0.815556 0.017500 0.108889 2 0.020721 0.388125 0.330556 0.023750 0.040000 2 0.018341 0.99125 0.642222 0.017500 0.102222 2 0.018127 0.99375 0.937778 0.012500 0.116667 2 0.016281 0.77125 0.418056 0.017500 0.037778 1 0.01622 0.725 0.3975 0.012500 0.031111 0 0.014786 0.571875 0.328889 0.018750 0.049444 2 0.013168 0.393125 0.336111 0.024375 0.045556 0 0.01178 0.995313 0.884445 0.009375 0.082222 1 0.010406 0.9925 0.721111 0.015000 0.060000 12 0.009674 0.995313 0.105903 0.009375 0.062639 0 0.009483 0.99625 0.548889 0.007500 0.042222 2 0.008713 0.995 0.557222 0.010000 0.060000 2 0.008255 0.99625 0.533333 0.007500 0.061111 4 0.007374 0.54 0.262847 0.020000 0.034306 2 0.004906 0.259062 0.486389 0.026875 0.053333 2 0.004868 0.915 0.558889 0.035000 0.060000 2 0.004025 0.301719 0.759444 0.076563 0.105556 3 0.003944 0.54 0.262153 0.020000 0.034583 2 0.00387 0.99625 0.494722 0.007500 0.047778 0 0.003796 0.98875 0.634444 0.022500 0.091111 1 0.003693 0.90875 0.533889 0.022500 0.044444 2 0.00358 0.9875 0.673333 0.025000 0.124444 2 0.003075 0.850625 0.489167 0.025000 0.056667 5 0.002924 0.539688 0.264167 0.020000 0.033333 0 0.0028 0.6975 0.372778 0.012500 0.033333 0 0.002758 0.7075 0.3725 0.017500 0.037222 10 0.002758 0.99 0.857222 0.020000 0.258889 4 0.002398 0.4675 0.258403 0.018750 0.044306 2 0.002398 0.98375 0.625556 0.030000 0.073333 2 0.002342 0.990625 0.92 0.018750 0.153333 1 0.002287 0.384062 0.329167 0.020000 0.044444 5 0.002216 0.57125 0.65 0.016875 0.133333 1 0.002165 0.68 0.356667 0.012500 0.031111 2 0.002165 0.99375 0.594444 0.012500 0.091111 2 0.00215 0.451875 0.224167 0.011250 0.020000 2 0.002108 0.989375 0.706667 0.021250 0.075556 2 0.001987 0.97875 0.539445 0.022500 0.043333 3 0.001748 0.315156 0.319167 0.029062 0.037778 2 0.001611 0.995 0.484444 0.010000 0.061111 10 0.001579 0.234531 0.577778 0.035000 0.093333 1 0.001495 0.57375 0.751111 0.021250 0.055556 12 0.001478 0.995938 0.166944 0.008125 0.071667 10 0.001438 0.325625 0.257778 0.028125 0.069444 3 0.001249 0.314063 0.3025 0.022500 0.032778 2 0.001179 0.93875 0.526111 0.025000 0.046667 1 0.001179 0.571562 0.757222 0.016250 0.043333 3 0.001169 0.571875 0.663333 0.017500 0.104444 1 0.001143 0.69625 0.371111 0.011250 0.032222 0 0.001116 0.57125 0.307778 0.015000 0.039444 0 0.001107 0.243438 0.526945 0.021250 0.042778 10 0.00109 0.227813 0.597778 0.046250 0.106667
CCTV02^20260511-140000-20260511-142440_002848,10 0.890137 0.348125 0.401667 0.045000 0.127778 2 0.888672 0.159531 0.686111 0.043750 0.082222 10 0.880859 0.342187 0.562083 0.093125 0.211389 5 0.863281 0.63625 0.347778 0.035000 0.056667 4 0.85498 0.6325 0.412222 0.036250 0.056667 2 0.837402 0.9575 0.707778 0.052500 0.091111 2 0.827637 0.268438 0.571111 0.029063 0.063333 3 0.812988 0.45625 0.577778 0.038125 0.071111 3 0.811523 0.319375 0.313056 0.021875 0.036667 2 0.790527 0.395625 0.335 0.017500 0.040000 2 0.788086 0.64 0.473889 0.030000 0.055556 2 0.785156 0.65875 0.568333 0.032500 0.073333 2 0.741699 0.68625 0.466667 0.032500 0.053333 2 0.684082 0.314063 0.388889 0.020625 0.048889 2 0.600098 0.91875 0.582222 0.038750 0.075556 9 0.563965 0.459375 0.379167 0.033750 0.078333 0 0.533203 0.242969 0.636667 0.040313 0.075556 9 0.294189 0.96375 0.882222 0.072500 0.200000 7 0.269043 0.963125 0.877778 0.073750 0.197778 3 0.12085 0.99 0.836667 0.020000 0.142222 5 0.112793 0.9625 0.881111 0.072500 0.200000 2 0.099792 0.98125 0.681111 0.037500 0.095556 1 0.073669 0.93375 0.641111 0.020000 0.044444 2 0.062805 0.291563 0.52 0.032500 0.047778 4 0.062103 0.963125 0.883889 0.072500 0.205556 3 0.053009 0.991875 0.808889 0.016250 0.086667 2 0.025955 0.995 0.755 0.010000 0.056667 2 0.015541 0.99125 0.646667 0.017500 0.107778 2 0.015427 0.75375 0.394444 0.022500 0.042222 2 0.013794 0.7075 0.391111 0.018750 0.033333 2 0.013687 0.995 0.733333 0.010000 0.077778 2 0.012672 0.99625 0.531944 0.007500 0.050556 1 0.010567 0.72625 0.398889 0.012500 0.031111 2 0.010368 0.940625 0.528889 0.028750 0.044444 10 0.008949 0.024863 0.64 0.049258 0.185556 12 0.008064 0.83125 0.230417 0.027500 0.095278 1 0.007233 0.201875 0.658889 0.020000 0.057778 12 0.005821 0.96125 0.881111 0.075000 0.217778 0 0.005753 0.78875 0.412222 0.015000 0.036667 12 0.0051 0.995313 0.113333 0.009375 0.082500 1 0.004433 0.90875 0.530556 0.022500 0.042222 2 0.004398 0.297344 0.525 0.027187 0.053333 1 0.004364 0.72375 0.395556 0.012500 0.030556 1 0.004135 0.570625 0.761111 0.015000 0.035556 0 0.004005 0.202344 0.657778 0.020313 0.057778 0 0.003403 0.3 0.541667 0.016875 0.056667 2 0.003376 0.99625 0.515 0.007500 0.065556 10 0.003248 0.995 0.563333 0.010000 0.097778 2 0.002981 0.79 0.411111 0.015000 0.036667 1 0.002621 0.119922 0.718333 0.021719 0.043333 1 0.002611 0.573125 0.747778 0.018750 0.057778 1 0.002602 0.299688 0.546667 0.015000 0.055556 11 0.002342 0.99125 0.596111 0.017500 0.095556 2 0.002199 0.995625 0.498333 0.008750 0.054444 10 0.00215 0.98875 0.861389 0.022500 0.277222 0 0.002132 0.99 0.636667 0.020000 0.088889 1 0.002035 0.9325 0.632222 0.027500 0.063333 10 0.001755 0.325938 0.257222 0.028750 0.070556 2 0.001681 0.300938 0.539445 0.018125 0.062222 1 0.001335 0.779375 0.453611 0.013750 0.032778 12 0.001188 0.8875 0.646667 0.042500 0.071111 2 0.001179 0.983125 0.508333 0.016250 0.036111 4 0.001143 0.98 0.875 0.040000 0.216667 2 0.001124 0.91 0.529167 0.022500 0.047222 12 0.001112 0.9925 0.627222 0.015000 0.087778 6 0.001053 0.96875 0.883333 0.062500 0.200000
CCTV02^20260511-140000-20260511-142440_002852,10 0.895508 0.3475 0.403889 0.045000 0.131111 2 0.879883 0.159688 0.684444 0.044375 0.082222 5 0.876465 0.636563 0.346944 0.034375 0.056111 2 0.861328 0.95625 0.705556 0.052500 0.091111 3 0.837402 0.319219 0.313056 0.022188 0.037222 2 0.820801 0.273438 0.557639 0.031875 0.064722 2 0.810547 0.307813 0.542778 0.028125 0.063333 2 0.805664 0.384688 0.437222 0.022500 0.052222 2 0.796875 0.257188 0.666667 0.053437 0.080000 2 0.794434 0.37625 0.492222 0.025625 0.055000 3 0.746094 0.288438 0.74 0.096250 0.097778 3 0.743164 0.414375 0.674444 0.051250 0.084444 4 0.740234 0.48 0.283333 0.021250 0.036667 2 0.73584 0.314063 0.389444 0.020000 0.050000 10 0.616699 0.414375 0.302222 0.031875 0.095556 2 0.472656 0.91875 0.582222 0.040000 0.077778 2 0.42627 0.8025 0.461667 0.030000 0.057778 3 0.399902 0.99 0.811111 0.020000 0.094444 2 0.219971 0.295781 0.519444 0.030937 0.050000 2 0.126343 0.98125 0.681667 0.037500 0.095556 2 0.066589 0.302188 0.531111 0.030000 0.061111 9 0.059418 0.456875 0.376389 0.033750 0.075556 3 0.031616 0.450625 0.230556 0.018750 0.037222 2 0.031143 0.995 0.761111 0.010000 0.068889 4 0.027588 0.456875 0.376667 0.033125 0.075556 2 0.020966 0.99 0.643333 0.020000 0.108889 1 0.02002 0.935 0.641667 0.020000 0.042222 2 0.018616 0.995 0.724445 0.010000 0.066667 2 0.014008 0.994375 0.912222 0.011250 0.135556 10 0.012825 0.456875 0.377222 0.035625 0.075556 2 0.012726 0.9925 0.94 0.015000 0.115556 1 0.01049 0.570938 0.76 0.014375 0.038889 4 0.009377 0.48 0.261181 0.025000 0.052083 12 0.009232 0.995 0.109306 0.010000 0.070556 1 0.006824 0.574375 0.746667 0.021250 0.062222 10 0.006145 0.024102 0.635 0.047891 0.192222 0 0.00605 0.99625 0.535 0.007500 0.052222 10 0.005959 0.989375 0.867222 0.021250 0.265556 9 0.004791 0.99 0.916667 0.020000 0.166667 10 0.004398 0.325703 0.255556 0.028594 0.071667 0 0.003824 0.237344 0.638889 0.034063 0.075556 2 0.003765 0.292188 0.394167 0.017500 0.041111 2 0.003197 0.259375 0.49 0.021875 0.047778 2 0.002867 0.48 0.256181 0.025000 0.040972 2 0.002632 0.995 0.561667 0.010000 0.077778 3 0.002571 0.415 0.303333 0.028125 0.093333 3 0.001987 0.294688 0.511944 0.033125 0.045000 2 0.001853 0.99625 0.509167 0.007500 0.059444 2 0.001839 0.284063 0.505 0.034688 0.045556 2 0.00181 0.990625 0.911111 0.018750 0.166667 2 0.001574 0.99625 0.492778 0.007500 0.056667 1 0.001472 0.119688 0.72 0.020938 0.041111 3 0.00141 0.451875 0.242639 0.016875 0.042500 2 0.001367 0.269688 0.467778 0.029063 0.054444 2 0.001315 0.9925 0.601111 0.015000 0.097778 1 0.001235 0.90875 0.534167 0.022500 0.043889 2 0.001197 0.005937 0.702778 0.011680 0.064444 5 0.001188 0.83125 0.233611 0.027500 0.105000 0 0.001138 0.005859 0.698889 0.011563 0.057778 3 0.001048 0.88625 0.465278 0.058750 0.061667
CCTV02^20260511-140000-20260511-142440_002856,10 0.925293 0.3475 0.404444 0.046250 0.133333 2 0.872559 0.16 0.685556 0.044688 0.082222 2 0.856934 0.956875 0.706667 0.052500 0.087778 3 0.820801 0.319219 0.312778 0.021562 0.036667 5 0.820801 0.6375 0.347778 0.033750 0.057778 2 0.818848 0.274063 0.556667 0.034375 0.066667 2 0.818848 0.340625 0.56 0.032500 0.066667 2 0.813965 0.30875 0.540556 0.029375 0.062222 2 0.733887 0.314063 0.388611 0.019375 0.048333 2 0.692871 0.595625 0.345 0.016250 0.042222 2 0.575684 0.78375 0.558333 0.035000 0.064444 3 0.567871 0.44625 0.408333 0.025625 0.044444 2 0.565918 0.91875 0.581667 0.038750 0.075556 0 0.548828 0.237344 0.64 0.039375 0.074444 10 0.527344 0.4975 0.278264 0.038125 0.076806 2 0.484375 0.38375 0.301667 0.017500 0.035000 4 0.348633 0.418437 0.301111 0.022500 0.053333 3 0.248047 0.990625 0.810556 0.018750 0.094444 2 0.086304 0.98 0.681667 0.037500 0.091111 2 0.076416 0.9925 0.943333 0.015000 0.108889 2 0.037598 0.995 0.756111 0.010000 0.057778 2 0.036224 0.9925 0.721667 0.015000 0.066667 2 0.027481 0.279687 0.525 0.035625 0.046667 0 0.025757 0.99625 0.543333 0.007500 0.042222 2 0.022369 0.99625 0.531111 0.007500 0.055556 2 0.014336 0.99125 0.633333 0.017500 0.096667 2 0.013535 0.995 0.902222 0.010000 0.104444 1 0.013329 0.9925 0.717222 0.015000 0.056667 2 0.012054 0.465625 0.232361 0.013125 0.027500 1 0.012009 0.93375 0.638889 0.020000 0.043333 12 0.010857 0.995 0.107014 0.010000 0.072917 2 0.010292 0.783125 0.479444 0.026250 0.040000 2 0.009598 0.292812 0.397222 0.017500 0.040000 0 0.00956 0.995 0.552222 0.010000 0.053333 2 0.008781 0.99 0.924444 0.020000 0.151111 10 0.008286 0.325703 0.256944 0.028594 0.072778 10 0.007694 0.99 0.866667 0.020000 0.264444 2 0.007122 0.9425 0.530278 0.023750 0.043889 3 0.006931 0.296094 0.348333 0.030938 0.050000 2 0.006027 0.9325 0.627778 0.027500 0.060000 0 0.005867 0.976875 0.541111 0.023750 0.045556 1 0.004848 0.57125 0.295833 0.011250 0.031111 2 0.004116 0.978125 0.538889 0.023750 0.044444 1 0.003796 0.9075 0.531667 0.020000 0.042222 2 0.003511 0.985625 0.641111 0.028750 0.111111 2 0.003403 0.99625 0.490556 0.007500 0.048333 2 0.003286 0.98375 0.509444 0.015000 0.040000 2 0.003197 0.97375 0.545 0.030000 0.053333 2 0.00289 0.75375 0.394444 0.022500 0.042222 1 0.002846 0.570312 0.761111 0.013750 0.035556 1 0.002472 0.605 0.621111 0.012500 0.035556 10 0.002314 0.02168 0.624583 0.043359 0.208611 2 0.002253 0.99625 0.506111 0.007500 0.048333 2 0.00215 0.85125 0.436111 0.017500 0.045556 1 0.001768 0.121719 0.707778 0.026250 0.057778 2 0.0013 0.99375 0.6 0.012500 0.075556 0 0.001235 0.90375 0.578889 0.030000 0.064444 5 0.001134 0.89875 0.471944 0.032500 0.047222 2 0.00106 0.274375 0.51 0.031250 0.037778 2 0.001037 0.96375 0.563889 0.030000 0.050000 2 0.001024 0.995 0.486111 0.010000 0.060556
CCTV02^20260511-140000-20260511-142440_002860,10 0.921387 0.3475 0.403889 0.045000 0.132222 2 0.867188 0.159766 0.685556 0.044844 0.081111 5 0.849121 0.63625 0.347222 0.036250 0.057778 2 0.847168 0.9575 0.705556 0.052500 0.085556 2 0.838867 0.41375 0.396667 0.019375 0.043333 3 0.819824 0.319531 0.312778 0.022187 0.036667 2 0.808105 0.254531 0.747778 0.049063 0.093333 2 0.805664 0.655 0.456944 0.028750 0.056111 2 0.792969 0.282813 0.632222 0.043125 0.082222 2 0.791992 0.385938 0.389445 0.018750 0.045000 2 0.78125 0.615 0.389445 0.022500 0.046111 2 0.763672 0.588125 0.392222 0.022500 0.047778 2 0.732422 0.388125 0.322222 0.018750 0.036667 2 0.704102 0.314375 0.389445 0.019375 0.048889 2 0.699219 0.282656 0.534444 0.040937 0.063333 2 0.609375 0.91875 0.583333 0.040000 0.074444 2 0.558105 0.5525 0.318056 0.018750 0.042778 0 0.521484 0.239531 0.641111 0.037813 0.075556 2 0.295898 0.9 0.731111 0.042500 0.100000 3 0.289307 0.990625 0.806667 0.018750 0.087778 2 0.24939 0.79 0.593333 0.037500 0.086667 2 0.245117 0.635938 0.348889 0.035625 0.054444 2 0.188965 0.8725 0.64 0.031250 0.078889 2 0.174438 0.990625 0.804444 0.018750 0.087778 2 0.069275 0.845625 0.578889 0.031250 0.066667 0 0.067566 0.873125 0.64 0.032500 0.081111 2 0.047424 0.98125 0.682222 0.037500 0.097778 2 0.042877 0.995 0.772222 0.010000 0.088889 2 0.039337 0.993125 0.721111 0.013750 0.066667 2 0.0336 0.75375 0.391667 0.022500 0.042222 0 0.022888 0.995625 0.885 0.008750 0.072222 2 0.021118 0.995 0.917222 0.010000 0.148889 1 0.016846 0.319063 0.463889 0.011875 0.037778 2 0.010986 0.9925 0.823333 0.015000 0.120000 2 0.008919 0.99625 0.530556 0.007500 0.063333 1 0.008514 0.935 0.641667 0.020000 0.043333 2 0.007965 0.99 0.646667 0.020000 0.108889 0 0.007488 0.99625 0.543889 0.007500 0.046667 2 0.005775 0.99375 0.945556 0.012500 0.104444 10 0.005512 0.325938 0.257222 0.028125 0.070000 12 0.005489 0.995 0.107917 0.010000 0.071667 2 0.005489 0.8475 0.594444 0.027500 0.064444 10 0.005302 0.021055 0.625556 0.042109 0.190000 1 0.00502 0.570312 0.76 0.013750 0.035556 0 0.003403 0.99375 0.942222 0.012500 0.115556 0 0.003363 0.79 0.41 0.016250 0.037778 2 0.002935 0.7875 0.475 0.025000 0.055556 3 0.002726 0.298594 0.3375 0.029375 0.031667 2 0.002512 0.89875 0.748889 0.037500 0.075556 1 0.002216 0.571563 0.296111 0.009375 0.032222 2 0.002209 0.995 0.562222 0.010000 0.076667 2 0.002068 0.990625 0.915556 0.018750 0.160000 0 0.00202 0.552813 0.324444 0.019375 0.053889 0 0.001972 0.67875 0.353889 0.015000 0.037222 2 0.001889 0.258594 0.722778 0.035000 0.046667 0 0.001883 0.24375 0.771111 0.030000 0.055556 2 0.001741 0.995 0.486667 0.010000 0.058333 4 0.001501 0.88625 0.468611 0.058750 0.068333 1 0.00149 0.908125 0.528889 0.026250 0.051111 6 0.001378 0.22875 0.594444 0.051875 0.136667 2 0.001356 0.906875 0.518056 0.028750 0.066111 2 0.001305 0.783125 0.471111 0.021250 0.044444 2 0.001265 0.83875 0.587778 0.037500 0.071111 2 0.001249 0.985 0.631111 0.030000 0.086667 1 0.001197 0.573438 0.748889 0.018750 0.055556 2 0.001024 0.292031 0.395556 0.019687 0.043889 1 0.001008 0.12 0.718889 0.021250 0.042222
CCTV02^20260511-140000-20260511-142440_002864,10 0.921875 0.348125 0.404444 0.047500 0.132222 3 0.861328 0.319063 0.3125 0.021875 0.036667 5 0.85791 0.636563 0.346667 0.035625 0.055556 2 0.833496 0.9525 0.853333 0.057500 0.117778 2 0.820801 0.311406 0.684444 0.039687 0.084444 2 0.813965 0.9575 0.707778 0.051250 0.088889 2 0.775879 0.194375 0.688889 0.049375 0.077778 3 0.771973 0.513125 0.333889 0.025625 0.041111 2 0.753418 0.62125 0.366667 0.021250 0.040000 2 0.750488 0.314375 0.388889 0.019375 0.047222 2 0.750488 0.8325 0.507222 0.022500 0.062222 2 0.749023 0.160586 0.684444 0.044453 0.084444 3 0.592773 0.47375 0.273333 0.020625 0.033333 2 0.59082 0.918125 0.745556 0.047500 0.100000 2 0.583008 0.91875 0.582222 0.040000 0.075556 1 0.562012 0.7775 0.461667 0.017500 0.044444 2 0.556641 0.979375 0.817778 0.041250 0.110000 3 0.434082 0.578125 0.428333 0.036250 0.063333 2 0.395996 0.530625 0.271667 0.017500 0.031111 4 0.17334 0.578125 0.427778 0.035000 0.061111 2 0.144165 0.507812 0.266042 0.015625 0.031250 2 0.075867 0.626875 0.362778 0.025000 0.040000 2 0.066345 0.98125 0.681111 0.037500 0.095556 2 0.038605 0.99125 0.627778 0.017500 0.082222 2 0.036346 0.86375 0.624444 0.037500 0.100000 1 0.019424 0.93375 0.64 0.020000 0.044444 12 0.013123 0.995 0.108333 0.010000 0.078611 2 0.012871 0.754375 0.391944 0.023750 0.041667 2 0.012672 0.176563 0.688889 0.065625 0.076667 2 0.009895 0.989375 0.788333 0.021250 0.118889 2 0.008034 0.993125 0.746667 0.013750 0.115556 0 0.007812 0.69375 0.365 0.017500 0.032778 2 0.004772 0.99375 0.718889 0.012500 0.053333 1 0.004314 0.57125 0.292222 0.010000 0.028889 4 0.004181 0.865 0.637778 0.037500 0.080000 2 0.003593 0.995625 0.956667 0.008750 0.077778 1 0.00358 0.905625 0.533333 0.018750 0.044444 10 0.003511 0.018174 0.626667 0.036348 0.194444 2 0.003403 0.170469 0.696667 0.034688 0.063333 2 0.003185 0.9825 0.763333 0.035000 0.102222 3 0.002481 0.90375 0.475556 0.025000 0.036667 1 0.002434 0.78375 0.463333 0.032500 0.061111 2 0.002434 0.89 0.751111 0.020000 0.057778 10 0.002323 0.32625 0.256667 0.028125 0.069444 2 0.00227 0.99375 0.605556 0.012500 0.084444 1 0.0021 0.933125 0.651111 0.023750 0.062222 2 0.002068 0.988125 0.640556 0.023750 0.107778 1 0.001972 0.570938 0.761111 0.014375 0.037778 2 0.001707 0.291875 0.392778 0.018750 0.042222 4 0.001687 0.856875 0.626111 0.042500 0.080000 3 0.001438 0.5075 0.333889 0.028750 0.051111 2 0.001421 0.934375 0.630556 0.026250 0.061111 2 0.00141 0.37125 0.245417 0.014375 0.040278 0 0.001169 0.241875 0.530556 0.025625 0.050000 3 0.001116 0.315625 0.304167 0.023750 0.035000 3 0.001099 0.875 0.459444 0.037500 0.048889 2 0.001069 0.995 0.574444 0.010000 0.088889 2 0.001057 0.9825 0.65 0.035000 0.091111 0 0.001028 0.78875 0.4125 0.017500 0.038333 3 0.001024 0.312344 0.326111 0.028437 0.030000 0 0.001024 0.68125 0.356111 0.020000 0.036111 2 0.001017 0.79 0.411667 0.017500 0.038889
CCTV02^20260511-140000-20260511-142440_002868,10 0.927734 0.348125 0.404444 0.045625 0.132222 2 0.897461 0.9575 0.707778 0.052500 0.088889 5 0.874023 0.63625 0.346667 0.035000 0.056667 2 0.873047 0.159688 0.686111 0.045625 0.081111 7 0.842773 0.405937 0.433333 0.033125 0.073333 3 0.82666 0.319219 0.312222 0.022188 0.036111 3 0.778809 0.469063 0.559444 0.035625 0.066667 2 0.763672 0.299688 0.545556 0.028125 0.071111 2 0.762207 0.314063 0.388889 0.020000 0.047778 3 0.759277 0.588125 0.413333 0.033750 0.052222 2 0.756348 0.7025 0.432222 0.027500 0.045556 2 0.750488 0.394063 0.347778 0.018125 0.038889 1 0.625977 0.600313 0.371111 0.013125 0.036667 9 0.541016 0.510625 0.293333 0.036250 0.057778 5 0.533203 0.337813 0.916667 0.080000 0.157778 2 0.370117 0.91875 0.582222 0.037500 0.077778 2 0.324219 0.84 0.548889 0.030000 0.058889 3 0.299072 0.337187 0.914445 0.076250 0.151111 7 0.284668 0.853125 0.548333 0.038750 0.062222 3 0.216064 0.990625 0.81 0.018750 0.091111 0 0.189575 0.3 0.547917 0.029375 0.077500 2 0.137573 0.85125 0.548889 0.042500 0.063333 2 0.072876 0.87625 0.475278 0.030000 0.056667 2 0.057709 0.98125 0.681111 0.037500 0.095556 2 0.042877 0.2925 0.396111 0.019375 0.041667 2 0.037048 0.8325 0.548889 0.020000 0.055556 2 0.034088 0.99125 0.815556 0.017500 0.103333 2 0.023865 0.995 0.757778 0.010000 0.062222 2 0.02272 0.995 0.929444 0.010000 0.128889 2 0.011917 0.994375 0.726667 0.011250 0.071111 2 0.011551 0.9925 0.938333 0.015000 0.121111 1 0.011421 0.99625 0.542778 0.007500 0.044444 1 0.010208 0.57 0.761111 0.012500 0.033333 2 0.008949 0.75375 0.393889 0.022500 0.041111 2 0.008377 0.996563 0.537778 0.006875 0.053333 12 0.007519 0.995313 0.1075 0.009375 0.075556 2 0.006798 0.995625 0.458611 0.008750 0.061667 2 0.006264 0.99125 0.633333 0.017500 0.093333 10 0.006191 0.02416 0.638333 0.048086 0.174444 1 0.006004 0.72625 0.401111 0.011250 0.028889 2 0.005821 0.995 0.549444 0.010000 0.060000 2 0.005821 0.98875 0.932778 0.022500 0.134444 2 0.005707 0.98625 0.672222 0.027500 0.126667 1 0.004982 0.8325 0.551111 0.018750 0.055556 12 0.004593 0.831875 0.229306 0.027500 0.095833 0 0.004215 0.763125 0.486667 0.015000 0.041111 1 0.003593 0.119922 0.718333 0.020156 0.043333 2 0.003273 0.78125 0.485833 0.025000 0.048889 1 0.002878 0.906875 0.529444 0.021250 0.044444 4 0.002611 0.8775 0.474444 0.030000 0.060000 2 0.002502 0.99625 0.517778 0.007500 0.071111 1 0.002424 0.87625 0.567778 0.018750 0.051111 10 0.001912 0.99 0.863333 0.020000 0.264444 2 0.001897 0.68 0.352778 0.015000 0.033889 0 0.001796 0.69625 0.373611 0.016250 0.028889 0 0.001661 0.68 0.353889 0.016250 0.035000 10 0.001642 0.325625 0.256597 0.028125 0.070139 0 0.001356 0.242969 0.531111 0.025312 0.054444 1 0.001351 0.875 0.578333 0.020000 0.055556 2 0.00132 0.86 0.446111 0.016250 0.031111 0 0.00126 0.79125 0.41 0.015000 0.038333 3 0.00123 0.30125 0.335 0.035000 0.025556 2 0.001206 0.99625 0.478611 0.007500 0.065000 2 0.001197 0.243438 0.531667 0.025625 0.055556
CCTV02^20260511-140000-20260511-142440_002872,10 0.913086 0.348125 0.403889 0.046250 0.133333 2 0.869629 0.159609 0.685556 0.044531 0.081111 2 0.85498 0.956875 0.706111 0.052500 0.090000 2 0.851074 0.268594 0.583333 0.031562 0.073333 5 0.84082 0.63625 0.346667 0.033750 0.057778 3 0.827637 0.319375 0.312778 0.021875 0.035556 10 0.753418 0.611875 0.508333 0.090000 0.193333 2 0.750488 0.314219 0.389167 0.019688 0.048889 2 0.750488 0.703125 0.431944 0.027500 0.047222 2 0.729492 0.88125 0.528056 0.030000 0.063889 3 0.654785 0.022441 0.79 0.044648 0.077778 3 0.548828 0.524688 0.360278 0.028125 0.056111 2 0.413086 0.91875 0.582778 0.037500 0.076667 5 0.325928 0.525 0.36 0.027500 0.056667 3 0.30249 0.9925 0.807222 0.015000 0.081111 2 0.287842 0.991875 0.807222 0.016250 0.084445 0 0.27832 0.203437 0.84 0.046250 0.102222 2 0.264404 0.481875 0.250278 0.016250 0.032778 2 0.148071 0.79125 0.461667 0.027500 0.047778 2 0.070068 0.995 0.760556 0.010000 0.054444 2 0.068298 0.35125 0.266389 0.012500 0.032222 1 0.055603 0.20625 0.829444 0.040625 0.085556 2 0.053589 0.98125 0.682222 0.037500 0.095556 2 0.030212 0.99375 0.925 0.012500 0.144444 2 0.021286 0.995 0.727778 0.010000 0.071111 1 0.012238 0.570312 0.762222 0.012500 0.035556 2 0.011467 0.990625 0.642222 0.018750 0.104444 1 0.009781 0.20875 0.818889 0.030625 0.068889 2 0.009636 0.9875 0.671111 0.025000 0.131111 1 0.008377 0.93625 0.637778 0.021250 0.050000 2 0.007038 0.8275 0.47 0.027500 0.058889 2 0.006985 0.99625 0.539445 0.007500 0.052222 0 0.005363 0.9925 0.926944 0.015000 0.146111 2 0.00526 0.99625 0.517222 0.007500 0.081111 2 0.005241 0.291875 0.394444 0.017500 0.041111 9 0.0051 0.98875 0.925556 0.022500 0.148889 2 0.004738 0.995 0.463889 0.010000 0.057778 2 0.004608 0.99 0.922778 0.020000 0.154444 12 0.004555 0.995 0.106319 0.010000 0.079028 0 0.00433 0.995 0.881667 0.010000 0.094444 2 0.003914 0.89125 0.753333 0.026250 0.055556 1 0.003736 0.725 0.401667 0.010000 0.028889 0 0.003511 0.99625 0.543889 0.007500 0.051111 1 0.003403 0.120078 0.717778 0.022188 0.042222 3 0.002642 0.299531 0.332222 0.031562 0.033889 2 0.002621 0.995 0.567778 0.010000 0.093333 2 0.002512 0.345625 0.213611 0.011250 0.023889 10 0.002405 0.325312 0.257222 0.028125 0.068333 1 0.002342 0.9925 0.714445 0.015000 0.060000 10 0.002323 0.02377 0.638889 0.047305 0.157778 10 0.001839 0.989375 0.878333 0.021250 0.243333 2 0.001597 0.9925 0.715556 0.015000 0.057778 1 0.001478 0.57375 0.754444 0.016875 0.042222 2 0.001467 0.935 0.624444 0.030000 0.075556 3 0.001455 0.608125 0.27 0.018750 0.030000 1 0.001421 0.335 0.318889 0.011250 0.032222 3 0.001057 0.004009 0.857778 0.008018 0.124444 2 0.001032 0.76875 0.4475 0.018750 0.048333 1 0.001004 0.82875 0.858333 0.027500 0.072222
CCTV02^20260511-140000-20260511-142440_002876,10 0.916504 0.3475 0.404722 0.045000 0.131667 2 0.878906 0.16 0.685 0.044688 0.082222 3 0.861328 0.319063 0.313056 0.021875 0.036667 2 0.86084 0.270625 0.585 0.035312 0.072222 2 0.85791 0.9575 0.703889 0.052500 0.088889 10 0.847168 0.57125 0.326111 0.065000 0.104444 2 0.835449 0.391875 0.438611 0.025000 0.051111 5 0.830078 0.63625 0.346667 0.035000 0.056667 2 0.779785 0.314219 0.388889 0.019062 0.046667 2 0.769043 0.91 0.655556 0.045000 0.086667 2 0.763672 0.88125 0.527222 0.030000 0.062222 2 0.760742 0.703125 0.432778 0.027500 0.046667 2 0.633301 0.80375 0.507222 0.022500 0.062222 3 0.604004 0.416563 0.291667 0.020000 0.033889 0 0.523438 0.360313 0.313611 0.015625 0.034444 2 0.399902 0.918125 0.58 0.036250 0.072222 3 0.327637 0.9925 0.805556 0.015000 0.080000 2 0.221313 0.9925 0.806111 0.015000 0.087778 2 0.112793 0.980625 0.682222 0.038750 0.095556 2 0.035675 0.995 0.763333 0.010000 0.066667 2 0.029083 0.99 0.628889 0.020000 0.084444 2 0.027588 0.99375 0.922222 0.012500 0.144444 2 0.018982 0.994375 0.725 0.011250 0.070000 2 0.017639 0.995 0.893333 0.010000 0.082222 1 0.014954 0.119375 0.718889 0.020937 0.040000 2 0.013374 0.90875 0.524444 0.022500 0.046667 2 0.009415 0.99625 0.53875 0.007500 0.055833 12 0.008781 0.995313 0.106389 0.009375 0.073056 4 0.008286 0.87375 0.471389 0.035000 0.060000 0 0.008095 0.99625 0.542361 0.007500 0.050833 2 0.006985 0.7825 0.491667 0.025000 0.048333 1 0.006462 0.57125 0.76 0.015000 0.037778 2 0.005753 0.291719 0.395 0.017813 0.041111 1 0.005428 0.9075 0.529444 0.022500 0.045556 2 0.005062 0.75375 0.391111 0.022500 0.041111 1 0.004944 0.78125 0.487778 0.020000 0.043333 3 0.0047 0.298906 0.335 0.027187 0.028889 2 0.004505 0.99625 0.519444 0.007500 0.072222 10 0.004505 0.023828 0.645 0.047188 0.180000 2 0.004364 0.995625 0.4675 0.008750 0.043889 2 0.003483 0.9875 0.936111 0.025000 0.127778 2 0.003197 0.936875 0.524167 0.030000 0.050556 12 0.002541 0.83125 0.223889 0.028750 0.090556 2 0.002493 0.789375 0.410556 0.015000 0.035000 2 0.002333 0.99375 0.707222 0.012500 0.078889 0 0.002132 0.69875 0.372222 0.017500 0.034444 2 0.001636 0.87375 0.47 0.035000 0.061111 0 0.001531 0.905 0.584444 0.027500 0.058889 10 0.001421 0.98875 0.868889 0.022500 0.262222 3 0.001389 0.90125 0.473056 0.027500 0.043333 2 0.001351 0.99125 0.892222 0.017500 0.106667 10 0.001255 0.325625 0.258611 0.027500 0.067778 2 0.001245 0.78 0.410833 0.015000 0.031111 2 0.001116 0.257812 0.487778 0.028125 0.051111 10 0.001081 0.228438 0.598889 0.046250 0.104444 0 0.001044 0.003726 0.472222 0.007334 0.060000 1 0.001032 0.7275 0.398333 0.012500 0.033333 0 0.001032 0.78 0.489444 0.022500 0.047778
CCTV02^20260511-140000-20260511-142440_002880,10 0.935059 0.3475 0.405 0.045000 0.131111 5 0.861328 0.636875 0.347222 0.033750 0.056667 2 0.851074 0.16 0.681111 0.043750 0.068889 3 0.832031 0.319063 0.312778 0.022500 0.036667 9 0.829102 0.466875 0.411389 0.035000 0.094444 3 0.788086 0.42 0.389445 0.024375 0.042222 2 0.749023 0.314063 0.389445 0.019375 0.048889 3 0.746094 0.179531 0.752222 0.107188 0.088889 2 0.740234 0.91125 0.653333 0.048750 0.091111 2 0.700684 0.38625 0.370556 0.020000 0.044444 2 0.577637 0.78 0.465 0.035000 0.053333 10 0.558105 0.337187 0.849444 0.180000 0.301111 2 0.554688 0.9175 0.58 0.037500 0.073333 2 0.521484 0.9775 0.682222 0.042500 0.095556 2 0.237915 0.9925 0.807778 0.015000 0.091111 2 0.206909 0.8075 0.463889 0.035000 0.056667 3 0.072632 0.99125 0.808333 0.017500 0.091111 0 0.054596 0.386563 0.370278 0.021875 0.046667 11 0.044678 0.467187 0.411944 0.033750 0.097222 2 0.041779 0.994375 0.765556 0.011250 0.104444 2 0.029083 0.914375 0.564444 0.035000 0.070000 2 0.018127 0.87375 0.470556 0.032500 0.061667 1 0.013634 0.90875 0.531667 0.025000 0.043333 0 0.010902 0.99625 0.540556 0.007500 0.051111 10 0.009415 0.02541 0.631111 0.050586 0.191111 4 0.007694 0.87375 0.47 0.032500 0.061111 2 0.007694 0.995 0.463333 0.010000 0.056667 2 0.007462 0.995 0.74 0.010000 0.084444 0 0.007259 0.340313 0.795556 0.028750 0.058889 2 0.006565 0.99 0.632222 0.020000 0.097778 0 0.00639 0.995 0.546528 0.010000 0.064722 12 0.00547 0.995 0.109722 0.010000 0.079444 0 0.004868 0.335 0.804444 0.033125 0.066667 10 0.004757 0.324922 0.256667 0.026406 0.070000 2 0.004681 0.94125 0.524167 0.030000 0.052778 2 0.00407 0.9575 0.584444 0.026250 0.063333 5 0.003885 0.83125 0.239028 0.027500 0.115833 2 0.003593 0.292188 0.397778 0.016875 0.040000 1 0.003172 0.91 0.518333 0.022500 0.056667 2 0.002035 0.99625 0.522222 0.007500 0.076667 2 0.002035 0.995 0.923333 0.010000 0.137778 0 0.001741 0.338438 0.894444 0.032500 0.077778 2 0.001734 0.768125 0.586667 0.021250 0.057778 2 0.001727 0.98125 0.624444 0.027500 0.071111 1 0.00172 0.121094 0.717778 0.023438 0.040000 2 0.001675 0.99375 0.608889 0.012500 0.084444 2 0.001574 0.98625 0.671111 0.027500 0.135556 10 0.001561 0.990625 0.805556 0.018750 0.304445 2 0.001513 0.90375 0.583889 0.027500 0.061111 2 0.001513 0.985 0.805556 0.030000 0.096667 3 0.001461 0.312813 0.323611 0.031875 0.031667 0 0.001421 0.330625 0.811111 0.043750 0.088889 2 0.001305 0.255938 0.488333 0.023750 0.052222 2 0.001265 0.990625 0.725556 0.018750 0.064444 2 0.001245 0.99 0.756667 0.018750 0.113333 0 0.001245 0.3475 0.786667 0.026250 0.055556 0 0.001197 0.336562 0.904444 0.043125 0.073333 0 0.001188 0.331563 0.927778 0.069375 0.120000 2 0.001057 0.770625 0.706111 0.036250 0.080000
CCTV02^20260511-140000-20260511-142440_002884,4 0.942871 0.4125 0.398611 0.026250 0.056111 10 0.926758 0.348125 0.404444 0.046250 0.132222 2 0.881836 0.159531 0.685556 0.043750 0.082222 3 0.85498 0.319375 0.312778 0.021250 0.036667 5 0.845703 0.636875 0.346667 0.035000 0.057222 0 0.73584 0.323203 0.665556 0.034844 0.088889 2 0.699219 0.314063 0.389445 0.020000 0.050556 10 0.640625 0.676875 0.705556 0.130000 0.335556 2 0.596191 0.2175 0.691667 0.056875 0.078889 2 0.544922 0.918125 0.581667 0.037500 0.074444 2 0.513672 0.9775 0.682222 0.042500 0.092222 1 0.422607 0.9875 0.903333 0.025000 0.086667 2 0.405518 0.7675 0.436111 0.022500 0.043333 2 0.324219 0.79375 0.468889 0.031250 0.056667 2 0.26123 0.991875 0.805 0.016250 0.086667 3 0.2323 0.991875 0.805556 0.016250 0.080000 2 0.218628 0.87625 0.484444 0.037500 0.057778 2 0.192505 0.87625 0.700556 0.040000 0.074444 0 0.114746 0.98875 0.898333 0.022500 0.080000 2 0.088806 0.994375 0.756667 0.011250 0.084444 0 0.084167 0.87625 0.701111 0.041250 0.077778 2 0.030914 0.99625 0.54 0.007500 0.050000 2 0.029877 0.9425 0.525556 0.032500 0.050000 1 0.026962 0.90875 0.531667 0.023750 0.041111 2 0.026154 0.99 0.636667 0.020000 0.100000 1 0.024796 0.995938 0.542778 0.008125 0.045556 3 0.01622 0.42125 0.261111 0.020000 0.037778 3 0.012291 0.39 0.271389 0.018750 0.034444 2 0.0112 0.914375 0.556111 0.033750 0.052222 2 0.009895 0.88375 0.490556 0.032500 0.047778 1 0.008781 0.995 0.740556 0.010000 0.078889 2 0.007874 0.291875 0.398333 0.016250 0.038889 0 0.006313 0.71375 0.393611 0.012500 0.030556 2 0.006313 0.996875 0.518889 0.006250 0.066667 1 0.005512 0.91 0.521111 0.022500 0.051111 10 0.005489 0.325625 0.258333 0.028750 0.070556 0 0.004982 0.904375 0.578889 0.031250 0.065556 12 0.004963 0.995 0.109028 0.010000 0.076667 1 0.004791 0.86625 0.523889 0.017500 0.035556 2 0.004505 0.976875 0.530556 0.026250 0.053333 2 0.004433 0.93625 0.516667 0.027500 0.061111 2 0.0042 0.995625 0.46 0.008750 0.053333 1 0.004135 0.99375 0.725556 0.012500 0.068889 0 0.00404 0.726875 0.398333 0.015000 0.034444 4 0.00387 0.389375 0.271389 0.018750 0.035000 1 0.003593 0.93625 0.522222 0.027500 0.054444 1 0.003565 0.8325 0.861111 0.040000 0.095556 0 0.003351 0.99375 0.924444 0.012500 0.128889 2 0.002512 0.993125 0.605556 0.013750 0.082222 2 0.002132 0.99 0.745556 0.020000 0.093333 2 0.002003 0.989688 0.7 0.020625 0.093333 2 0.001926 0.88625 0.740556 0.032500 0.072222 1 0.001875 0.12 0.719444 0.020781 0.041111 2 0.001714 0.995938 0.479167 0.008125 0.056111 2 0.001623 0.97375 0.542222 0.030000 0.054444 1 0.001611 0.99 0.725556 0.020000 0.062222 1 0.00141 0.339687 0.308333 0.011875 0.025556 2 0.001356 0.98375 0.642222 0.030000 0.080000 2 0.00124 0.98125 0.516111 0.018750 0.038889 10 0.00123 0.023281 0.640556 0.046172 0.180000 10 0.001134 0.990625 0.792222 0.018750 0.268889 1 0.001124 0.830625 0.852778 0.028750 0.077778 1 0.001112 0.984063 0.918889 0.031875 0.114444 3 0.001081 0.895 0.4675 0.040000 0.056111 2 0.001048 0.98125 0.543889 0.022500 0.054444
CCTV02^20260511-140000-20260511-142440_002888,10 0.926758 0.348125 0.405 0.046250 0.132222 2 0.878418 0.159844 0.685 0.044375 0.081111 5 0.84375 0.636875 0.347222 0.035000 0.056667 3 0.838867 0.319219 0.3125 0.022188 0.036667 3 0.831055 0.601875 0.578889 0.048750 0.081111 2 0.827637 0.356875 0.586667 0.032500 0.068889 3 0.799316 0.53125 0.365556 0.028125 0.044444 10 0.771973 0.711094 0.704444 0.147812 0.333333 3 0.747559 0.57875 0.484444 0.036250 0.062778 2 0.732422 0.313906 0.388333 0.019062 0.046667 2 0.618652 0.9175 0.582222 0.036250 0.071111 2 0.609375 0.380313 0.293333 0.014375 0.035000 2 0.592773 0.9775 0.683333 0.042500 0.091111 0 0.583008 0.754375 0.466111 0.025000 0.058889 2 0.554688 0.365625 0.279444 0.012500 0.030000 2 0.341553 0.991875 0.808889 0.016250 0.091111 3 0.267334 0.88875 0.465278 0.055000 0.057222 2 0.161865 0.754375 0.464444 0.026250 0.058889 2 0.076416 0.995 0.756111 0.010000 0.076667 2 0.07135 0.52625 0.263333 0.016250 0.032222 3 0.062561 0.99125 0.809445 0.017500 0.087778 2 0.042236 0.8525 0.478889 0.022500 0.045556 2 0.02153 0.989375 0.641111 0.021250 0.104444 1 0.016098 0.99625 0.539445 0.007500 0.046667 2 0.013123 0.995 0.903333 0.010000 0.097778 2 0.011917 0.99375 0.915556 0.012500 0.134445 2 0.011871 0.99625 0.536667 0.007500 0.051111 0 0.010696 0.995 0.888333 0.010000 0.084444 1 0.010651 0.935625 0.637778 0.020000 0.044444 3 0.009453 0.296563 0.339167 0.028125 0.030556 2 0.009232 0.753125 0.479722 0.026250 0.070000 2 0.008575 0.292188 0.396111 0.016875 0.040000 1 0.007374 0.570938 0.760556 0.014375 0.036667 1 0.007233 0.994375 0.734445 0.011250 0.071111 2 0.006241 0.9475 0.5325 0.022500 0.042778 12 0.005512 0.995 0.111528 0.010000 0.082222 2 0.005512 0.996563 0.522222 0.006875 0.066667 2 0.005138 0.85125 0.483889 0.027500 0.064444 2 0.004982 0.995 0.545556 0.010000 0.058889 1 0.004906 0.995 0.942222 0.010000 0.101111 1 0.004627 0.884375 0.505556 0.016250 0.044444 10 0.004608 0.558438 0.473889 0.073125 0.173333 0 0.004486 0.75375 0.481389 0.026250 0.068333 1 0.00316 0.120156 0.72 0.021094 0.041111 10 0.002758 0.325625 0.255833 0.027500 0.070556 1 0.002737 0.57375 0.747222 0.018750 0.058889 2 0.00215 0.933125 0.621111 0.030000 0.064444 2 0.00205 0.348125 0.274722 0.010000 0.027778 2 0.001995 0.936875 0.826667 0.073750 0.140000 10 0.001987 0.024121 0.634444 0.048008 0.181111 1 0.001957 0.986875 0.942222 0.026250 0.105556 2 0.001897 0.986875 0.668889 0.026250 0.145556 1 0.00181 0.99 0.721667 0.020000 0.056667 2 0.001574 0.79 0.410278 0.015000 0.036667 2 0.001305 0.99 0.914445 0.020000 0.148889 2 0.001165 0.925 0.508889 0.047500 0.068889 1 0.001161 0.906875 0.531111 0.016250 0.040000 2 0.001143 0.9825 0.514722 0.017500 0.036111 10 0.001134 0.990625 0.804444 0.018750 0.308889 10 0.00109 0.557813 0.437778 0.056250 0.133333 1 0.001073 0.9775 0.542778 0.025000 0.051111 1 0.001057 0.9375 0.631111 0.026250 0.060000
CCTV02^20260511-140000-20260511-142440_002892,10 0.907227 0.348125 0.403333 0.046250 0.133333 5 0.865234 0.63625 0.347222 0.033750 0.056667 2 0.859863 0.160469 0.685 0.043750 0.081111 2 0.842773 0.403125 0.398333 0.020000 0.045556 3 0.804199 0.445938 0.550556 0.035625 0.063333 3 0.770508 0.318906 0.313333 0.020937 0.036111 3 0.770508 0.536875 0.406667 0.031875 0.058889 2 0.766113 0.71125 0.448889 0.028750 0.056111 2 0.746094 0.314219 0.388889 0.019062 0.048889 2 0.733887 0.38875 0.371389 0.017500 0.043333 3 0.700684 0.499687 0.316111 0.027500 0.051111 2 0.583008 0.91875 0.582222 0.040000 0.075556 2 0.581543 0.815 0.472778 0.026250 0.056667 10 0.577637 0.425 0.296667 0.032500 0.074444 2 0.542969 0.755 0.464167 0.023750 0.052778 2 0.432129 0.9775 0.682778 0.045000 0.097778 6 0.424316 0.62125 0.470556 0.062500 0.113333 2 0.407227 0.785 0.466389 0.022500 0.053333 0 0.390381 0.755 0.463889 0.023750 0.052778 10 0.377441 0.621875 0.471667 0.062500 0.113333 3 0.350342 0.456875 0.386111 0.026250 0.057778 2 0.312256 0.99125 0.806667 0.017500 0.090000 5 0.190674 0.456875 0.386111 0.026250 0.055556 3 0.120422 0.99125 0.807222 0.017500 0.085556 3 0.109314 0.885625 0.465556 0.058750 0.056111 1 0.073975 0.335625 0.316667 0.012500 0.033333 2 0.062103 0.995 0.775556 0.010000 0.104444 3 0.042084 0.108594 0.749444 0.125625 0.110000 2 0.032715 0.292031 0.396111 0.018125 0.038889 2 0.030563 0.9925 0.917778 0.015000 0.146667 10 0.026764 0.109355 0.75 0.122852 0.111111 2 0.023697 0.994687 0.887778 0.010625 0.080000 1 0.01738 0.570625 0.761111 0.014375 0.037778 0 0.014282 0.99625 0.541667 0.007500 0.048889 2 0.013954 0.300625 0.425 0.013750 0.036667 2 0.013481 0.990938 0.627778 0.018125 0.084444 12 0.011642 0.995 0.105972 0.010000 0.076944 2 0.009636 0.975 0.543889 0.030000 0.052222 2 0.008347 0.94375 0.525 0.030000 0.050000 5 0.008217 0.425625 0.296667 0.033750 0.078333 2 0.008064 0.78 0.450556 0.023750 0.046667 2 0.005936 0.995 0.743333 0.010000 0.080000 0 0.005707 0.007061 0.701667 0.014121 0.076667 2 0.005642 0.7675 0.432222 0.015000 0.027778 1 0.005447 0.573125 0.745556 0.018750 0.062222 2 0.005302 0.99625 0.520278 0.007500 0.065000 12 0.004757 0.107188 0.748889 0.127813 0.122222 1 0.004215 0.72875 0.401667 0.015000 0.032222 2 0.003914 0.9875 0.665556 0.025000 0.145556 12 0.003651 0.83125 0.226667 0.030000 0.091667 2 0.003469 0.995625 0.467778 0.008750 0.041111 10 0.00326 0.025449 0.637778 0.050742 0.164444 0 0.003016 0.975 0.542361 0.030000 0.050833 2 0.002493 0.9875 0.925556 0.025000 0.143333 2 0.002453 0.915625 0.567639 0.036250 0.073611 2 0.002398 0.008965 0.699445 0.017891 0.074444 10 0.002043 0.989375 0.852778 0.021250 0.294444 2 0.002003 0.72875 0.4 0.015000 0.036667 1 0.001889 0.909375 0.533056 0.023750 0.045000 2 0.001782 0.119687 0.745556 0.101250 0.097778 3 0.001681 0.297031 0.354444 0.033750 0.057778 2 0.001611 0.93125 0.614444 0.031250 0.075556 12 0.001561 0.995938 0.093056 0.008125 0.092778 2 0.001549 0.004399 0.484444 0.008799 0.051667 2 0.001536 0.99625 0.478056 0.007500 0.053889 2 0.00141 0.99 0.761667 0.020000 0.115556 10 0.001378 0.324922 0.256111 0.027656 0.073889 1 0.001305 0.122031 0.696667 0.022500 0.046667 0 0.001202 0.753125 0.48 0.026250 0.072778 2 0.001151 0.391875 0.381667 0.022500 0.053333 10 0.001081 0.009297 0.645556 0.018594 0.157778 1 0.001057 0.935 0.638889 0.022500 0.044444 2 0.001017 0.99375 0.604445 0.012500 0.095556
CCTV02^20260511-140000-20260511-142440_002896,10 0.925781 0.347813 0.404722 0.045625 0.132222 2 0.878418 0.160156 0.686111 0.045625 0.082222 5 0.85498 0.636563 0.347222 0.035625 0.056667 3 0.847168 0.437187 0.392222 0.023125 0.041111 3 0.827637 0.319063 0.312778 0.021875 0.036667 0 0.817383 0.324688 0.621111 0.030625 0.075556 2 0.803223 0.9225 0.672778 0.040000 0.088889 2 0.778809 0.59625 0.361389 0.020000 0.044444 2 0.770508 0.391875 0.4 0.021250 0.046667 2 0.769043 0.8225 0.502222 0.028750 0.072222 2 0.73584 0.92125 0.768889 0.042500 0.094444 2 0.611328 0.314375 0.388333 0.020000 0.052222 2 0.602051 0.85875 0.584444 0.035000 0.080000 2 0.457031 0.766875 0.480556 0.047500 0.058889 2 0.42627 0.978125 0.682778 0.042500 0.093333 2 0.403564 0.9925 0.807778 0.015000 0.078889 2 0.375732 0.9175 0.58 0.037500 0.077778 4 0.299072 0.766875 0.481389 0.047500 0.060556 3 0.240723 0.414062 0.296667 0.020625 0.034444 0 0.193115 0.28375 0.482778 0.016875 0.042222 3 0.138428 0.89 0.466944 0.052500 0.055556 2 0.072876 0.995 0.754444 0.010000 0.064444 1 0.025558 0.570625 0.761111 0.013750 0.035556 2 0.019196 0.395 0.248611 0.014375 0.030000 10 0.019119 0.325312 0.256736 0.028125 0.069861 2 0.014336 0.8575 0.465556 0.030000 0.051111 0 0.012192 0.99625 0.537778 0.007500 0.055556 2 0.0112 0.49375 0.239722 0.015000 0.031667 2 0.010651 0.995625 0.460833 0.008750 0.054444 2 0.007347 0.98875 0.645556 0.022500 0.116667 10 0.00729 0.023652 0.642222 0.047070 0.162222 1 0.006771 0.574375 0.743889 0.018125 0.063333 2 0.006641 0.995625 0.902778 0.008750 0.098889 2 0.006538 0.994375 0.922222 0.011250 0.135556 2 0.005798 0.275 0.481667 0.030000 0.051111 2 0.005554 0.994375 0.724445 0.011250 0.068889 12 0.005302 0.995 0.110521 0.010000 0.084514 2 0.004772 0.995 0.545 0.010000 0.068889 3 0.004467 0.294531 0.340556 0.027187 0.031667 2 0.003901 0.90375 0.585556 0.031250 0.077778 0 0.003389 0.995625 0.881111 0.008750 0.080000 1 0.003027 0.061563 0.694444 0.021250 0.051111 2 0.002867 0.995938 0.521667 0.008125 0.074444 1 0.002571 0.3175 0.369444 0.018125 0.044444 2 0.002226 0.753125 0.448333 0.018750 0.034444 2 0.002035 0.94375 0.523889 0.032500 0.063333 12 0.001957 0.83125 0.231111 0.030000 0.100556 2 0.001883 0.004067 0.473056 0.008086 0.063889 5 0.001687 0.83125 0.241111 0.027500 0.120000 2 0.001455 0.990625 0.724444 0.018750 0.062222 2 0.001427 0.99125 0.698333 0.017500 0.092222 1 0.001305 0.061641 0.694444 0.033281 0.064444 0 0.001225 0.243125 0.530556 0.024688 0.050000 0 0.001112 0.003652 0.480556 0.007295 0.057778 2 0.001073 0.292188 0.396667 0.018125 0.041111
CCTV07^20260116-060000-20260116-065959_003584,12 0.849121 0.140391 0.767222 0.056406 0.181111 12 0.777344 0.127891 0.65 0.033906 0.057778 3 0.642578 0.634375 0.747778 0.063750 0.073333 5 0.513672 0.795625 0.848889 0.101250 0.124444 11 0.309082 0.291563 0.468333 0.023750 0.043333 3 0.309082 0.794375 0.848889 0.101250 0.127778 1 0.151489 0.163398 0.571111 0.008828 0.024444 3 0.122498 0.40625 0.560556 0.026250 0.031111 10 0.112793 0.79625 0.847222 0.103750 0.123333 3 0.049957 0.40375 0.554444 0.025000 0.028889 3 0.02298 0.150938 0.480278 0.010781 0.020556 12 0.011421 0.1925 0.4225 0.009062 0.018333 12 0.004646 0.88125 0.656111 0.032500 0.054444 11 0.00209 0.349375 0.55 0.025000 0.048889 1 0.001957 0.157891 0.568889 0.008906 0.022222 10 0.001741 0.8075 0.89 0.130000 0.217778 12 0.001478 0.189531 0.4225 0.010312 0.016667
CCTV07^20260116-060000-20260116-065959_003588,12 0.85498 0.139766 0.766667 0.055156 0.182222 12 0.777344 0.256719 0.553889 0.020937 0.041111 12 0.764648 0.127656 0.65 0.034062 0.057778 12 0.704102 0.629687 0.732778 0.139375 0.192222 11 0.313965 0.636875 0.73 0.152500 0.211111 12 0.028015 0.194375 0.422778 0.011875 0.021111 12 0.025665 0.88 0.655556 0.030000 0.048889 8 0.017715 0.604375 0.675556 0.088750 0.078889 12 0.006905 0.656875 0.755556 0.115000 0.158889 12 0.004681 0.195781 0.428056 0.009375 0.020556 3 0.003839 0.333125 0.466667 0.010000 0.016667 11 0.003147 0.34625 0.546806 0.035000 0.057500 12 0.001513 0.150469 0.480556 0.010937 0.021111 2 0.001065 0.153516 0.503333 0.006562 0.018889
CCTV07^20260116-060000-20260116-065959_003592,12 0.849121 0.14 0.767778 0.055000 0.182222 12 0.754883 0.127969 0.650556 0.034063 0.057778 5 0.680664 0.375625 0.550556 0.025000 0.041111 3 0.383057 0.412187 0.555556 0.026875 0.036667 12 0.184814 0.189219 0.441111 0.010937 0.017778 12 0.010208 0.502188 0.802222 0.069375 0.124444 12 0.007259 0.188438 0.431111 0.011250 0.025556 5 0.006241 0.504687 0.793889 0.067500 0.130000 4 0.004738 0.491875 0.822778 0.077500 0.096667 0 0.003607 0.54875 0.597222 0.015000 0.030000 12 0.002993 0.49625 0.824444 0.080000 0.095556 7 0.0017 0.188438 0.4475 0.010000 0.018889 12 0.001597 0.191719 0.431111 0.011250 0.027778 12 0.001245 0.150781 0.480278 0.010625 0.020556 12 0.001235 0.8825 0.657778 0.031250 0.053333 5 0.001143 0.79125 0.292778 0.022500 0.028889
CCTV07^20260116-060000-20260116-065959_003596,12 0.854004 0.140234 0.767222 0.054531 0.182222 12 0.774414 0.127969 0.650556 0.034375 0.056667 12 0.679199 0.211562 0.468611 0.019375 0.038889 3 0.14563 0.231094 0.478333 0.010625 0.016667 12 0.116333 0.216563 0.445 0.015000 0.023889 11 0.065125 0.320625 0.502778 0.017500 0.032222 4 0.033081 0.320547 0.503889 0.017656 0.033333 12 0.028107 0.228594 0.477222 0.008750 0.015556 12 0.02626 0.267344 0.438889 0.014063 0.030000 12 0.022888 0.88 0.656111 0.030000 0.054444 3 0.018982 0.150781 0.480556 0.011250 0.021111 12 0.008919 0.22125 0.456667 0.009375 0.017778 12 0.004364 0.169375 0.401111 0.014375 0.025556 12 0.004314 0.212188 0.452222 0.018750 0.038333 12 0.004005 0.219844 0.447222 0.012500 0.025000 12 0.0028 0.262969 0.433333 0.020625 0.037778 12 0.002132 0.165469 0.389722 0.023750 0.048333 11 0.001225 0.348125 0.553889 0.017500 0.036667 2 0.001169 0.187344 0.592222 0.018125 0.037778 5 0.001037 0.755 0.343889 0.030000 0.068333
CCTV07^20260116-060000-20260116-065959_003600,12 0.855957 0.139531 0.766667 0.055625 0.182222 12 0.759277 0.128125 0.65 0.034375 0.057778 11 0.668945 0.226562 0.487222 0.025625 0.054444 3 0.645996 0.49625 0.653889 0.040000 0.052222 10 0.484375 0.650625 0.695556 0.107500 0.151111 4 0.245117 0.446562 0.527778 0.030000 0.041111 12 0.209473 0.179688 0.411944 0.012500 0.025000 9 0.098755 0.446875 0.528333 0.031875 0.042222 3 0.0401 0.154766 0.480556 0.010312 0.021111 2 0.033478 0.457813 0.547222 0.017500 0.024444 3 0.018127 0.276875 0.457778 0.010625 0.022222 1 0.00452 0.255938 0.428611 0.011250 0.026111 2 0.004314 0.453125 0.513889 0.018750 0.029444 2 0.00404 0.455 0.499722 0.013125 0.023333 1 0.003651 0.254375 0.433889 0.010000 0.022778 12 0.001897 0.267656 0.447222 0.015938 0.038889 0 0.00149 0.409688 0.476111 0.011875 0.023333 12 0.001315 0.162969 0.376667 0.022187 0.037778 2 0.001161 0.410625 0.476111 0.011250 0.020000 2 0.001099 0.4525 0.534444 0.027500 0.034444
CCTV07^20260116-060000-20260116-065959_003604,12 0.875 0.310937 0.565 0.042500 0.082222 12 0.855957 0.140078 0.767222 0.055156 0.182222 12 0.757812 0.127813 0.651111 0.034375 0.056667 11 0.753418 0.205625 0.453889 0.015625 0.031111 3 0.728027 0.345625 0.713333 0.036250 0.055556 2 0.38501 0.169375 0.535556 0.011875 0.024444 11 0.299072 0.417188 0.558333 0.046875 0.080000 12 0.270508 0.181562 0.418889 0.013125 0.026667 3 0.258301 0.35375 0.476667 0.013125 0.021111 0 0.218628 0.17 0.535556 0.011563 0.024444 9 0.094666 0.416875 0.557222 0.045000 0.078889 3 0.051453 0.150938 0.480278 0.010312 0.020556 0 0.034363 0.17375 0.474444 0.005625 0.014444 9 0.022369 0.41 0.575556 0.027500 0.047778 10 0.011467 0.106875 0.475278 0.057188 0.082222 1 0.009895 0.26625 0.446111 0.009375 0.021111 12 0.007175 0.88 0.656667 0.030000 0.055556 11 0.005512 0.348125 0.546667 0.028750 0.053333 2 0.00502 0.267969 0.448889 0.010000 0.018889 2 0.004005 0.189063 0.592222 0.015625 0.038889 5 0.002846 0.755 0.343889 0.030000 0.068889 2 0.002653 0.152031 0.435278 0.007500 0.016111 3 0.001714 0.152109 0.484444 0.008750 0.016667 0 0.001714 0.411563 0.583333 0.022500 0.040000 11 0.001399 0.408125 0.583333 0.021250 0.028889 1 0.001169 0.313594 0.468889 0.009687 0.015556
CCTV07^20260116-060000-20260116-065959_003608,12 0.856934 0.14 0.766667 0.054688 0.182222 3 0.803223 0.355938 0.651111 0.033750 0.044444 12 0.750488 0.127969 0.65 0.034375 0.057778 3 0.741699 0.320312 0.605 0.027500 0.033333 9 0.647949 0.625625 0.75 0.091250 0.108889 12 0.537109 0.200938 0.426667 0.013750 0.030000 9 0.379395 0.315313 0.660556 0.041250 0.071111 11 0.355713 0.315938 0.661111 0.040000 0.071111 11 0.144165 0.62375 0.751667 0.096250 0.113333 12 0.132935 0.205625 0.462222 0.013750 0.026111 9 0.070068 0.6125 0.742222 0.063750 0.091111 0 0.047424 0.188438 0.522222 0.008125 0.018889 3 0.011871 0.150625 0.480556 0.011406 0.021111 12 0.007843 0.88 0.657222 0.030000 0.054444 12 0.007607 0.200469 0.421111 0.016563 0.041667 2 0.006004 0.153047 0.425556 0.006875 0.018889 1 0.004166 0.19125 0.523889 0.008750 0.017222 11 0.003765 0.346875 0.546667 0.033750 0.056667 5 0.001294 0.755 0.343333 0.030000 0.066667 12 0.001116 0.165937 0.38 0.028750 0.046667 3 0.001008 0.151562 0.484444 0.010312 0.018889
CCTV07^20260116-060000-20260116-065959_003612,12 0.853027 0.14 0.767222 0.054688 0.182222 12 0.774414 0.127813 0.651111 0.033750 0.055556 3 0.762207 0.254688 0.551667 0.017500 0.026667 3 0.286133 0.280625 0.546111 0.021875 0.025556 12 0.17334 0.187812 0.432222 0.011875 0.022222 12 0.143188 0.186875 0.427222 0.011250 0.022778 1 0.0401 0.352812 0.490278 0.010625 0.015000 5 0.023773 0.156875 0.483889 0.012500 0.024444 11 0.0056 0.279063 0.542222 0.025625 0.034444 1 0.00387 0.55125 0.602222 0.013125 0.026667 5 0.003099 0.755 0.343889 0.030000 0.067778 12 0.002672 0.881875 0.655556 0.033750 0.060000 11 0.001926 0.3475 0.548333 0.035000 0.055556 1 0.00181 0.333125 0.459722 0.009375 0.017778 4 0.001611 0.88125 0.655556 0.032500 0.057778 1 0.001245 0.550625 0.613333 0.013750 0.026667 12 0.00123 0.17625 0.401389 0.007500 0.018889 10 0.001211 0.990625 0.654444 0.018750 0.193333 10 0.001197 0.105703 0.476944 0.056719 0.085000 12 0.001103 0.184219 0.411667 0.008750 0.022222
CCTV07^20260116-060000-20260116-065959_003627,12 0.854004 0.139844 0.767778 0.055625 0.182222 12 0.767578 0.127813 0.65 0.033438 0.057778 12 0.341553 0.202969 0.465 0.012812 0.024444 12 0.029755 0.150234 0.415 0.011562 0.025556 3 0.011246 0.150781 0.48 0.010937 0.021111 4 0.006824 0.282969 0.461667 0.008750 0.018333 3 0.00205 0.187188 0.603333 0.019687 0.035556 1 0.001687 0.603125 0.643333 0.014375 0.035556 0 0.00141 0.284063 0.466111 0.007500 0.017778 12 0.001389 0.280156 0.46 0.011875 0.020000 3 0.001315 0.030703 0.426389 0.056563 0.055556 11 0.001255 0.347188 0.55 0.035625 0.055556
CCTV07^20260116-060000-20260116-065959_003631,12 0.85498 0.140234 0.766667 0.055781 0.182222 12 0.818848 0.275 0.56875 0.038750 0.071389 12 0.764648 0.127969 0.650556 0.034063 0.056667 2 0.666992 0.200312 0.703889 0.018750 0.056667 10 0.640625 0.406875 0.777778 0.111250 0.206667 3 0.620605 0.571875 0.722222 0.055625 0.068889 11 0.048492 0.350625 0.511667 0.018125 0.030000 12 0.047424 0.349688 0.507222 0.020000 0.035556 3 0.042236 0.57125 0.702778 0.047500 0.047778 3 0.009933 0.150938 0.480556 0.010625 0.020000 12 0.008614 0.88125 0.655556 0.032500 0.055556 0 0.005821 0.201406 0.711111 0.020313 0.065556 4 0.003363 0.880625 0.655556 0.032500 0.055556 1 0.003063 0.35875 0.546806 0.011250 0.024167 1 0.002493 0.36 0.555556 0.012500 0.020000 11 0.001824 0.354375 0.521667 0.013125 0.026667 1 0.001525 0.3575 0.556667 0.011250 0.022222 5 0.001495 0.434375 0.733333 0.058750 0.095556 3 0.001202 0.151953 0.484444 0.009375 0.017778 10 0.001024 0.990625 0.66 0.018750 0.188889
CCTV07^20260116-060000-20260116-065959_003635,12 0.847168 0.140156 0.766667 0.055313 0.182222 12 0.754883 0.127891 0.65 0.033750 0.057778 12 0.712402 0.1925 0.431389 0.020000 0.041667 10 0.401611 0.254844 0.545 0.030000 0.055556 1 0.390381 0.222031 0.468333 0.007500 0.013333 9 0.368408 0.254844 0.545417 0.029687 0.055833 1 0.334473 0.278437 0.541111 0.009375 0.024444 12 0.190674 0.255 0.546111 0.030625 0.056667 0 0.07782 0.37125 0.483889 0.012500 0.021111 12 0.033203 0.192344 0.436667 0.015000 0.039444 1 0.024994 0.222188 0.463889 0.007812 0.018889 2 0.020493 0.370625 0.482222 0.012500 0.022222 3 0.011963 0.156094 0.481111 0.010313 0.022222 1 0.009933 0.219688 0.47 0.010000 0.011667 2 0.005039 0.164062 0.4525 0.005000 0.014444 5 0.004646 0.754375 0.344444 0.030000 0.070000 12 0.004005 0.87875 0.657778 0.030000 0.056667 2 0.003824 0.157344 0.482778 0.010625 0.021667 3 0.002165 0.187188 0.602222 0.020313 0.037778 2 0.002075 0.164375 0.444444 0.005937 0.016667 1 0.001741 0.273125 0.551111 0.013125 0.028889 4 0.001245 0.879375 0.657778 0.031250 0.057778
CCTV07^20260116-060000-20260116-065959_003639,12 0.876465 0.307813 0.631111 0.047500 0.091111 12 0.849121 0.140078 0.766667 0.054844 0.182222 12 0.747559 0.127813 0.65 0.033438 0.057778 9 0.317383 0.404687 0.701111 0.047500 0.073333 0 0.312256 0.177813 0.499167 0.009375 0.020556 2 0.222656 0.6125 0.618889 0.030000 0.046667 7 0.213379 0.404375 0.701111 0.047500 0.073333 1 0.187744 0.178125 0.500556 0.009375 0.020000 3 0.178345 0.313281 0.481389 0.009687 0.019444 1 0.108215 0.313906 0.484444 0.009375 0.017778 4 0.079224 0.404375 0.701111 0.047500 0.072222 11 0.072876 0.405 0.7 0.048750 0.071111 12 0.069031 0.184375 0.426111 0.010625 0.020000 3 0.034485 0.151172 0.479444 0.010312 0.018889 0 0.024338 0.179688 0.502222 0.011875 0.020000 12 0.018341 0.172031 0.401944 0.007812 0.021667 2 0.006588 0.153281 0.433889 0.006875 0.015556 3 0.005642 0.152188 0.483889 0.008750 0.016667 1 0.003363 0.231563 0.426111 0.010625 0.021111 3 0.003273 0.151406 0.460556 0.008437 0.017778 2 0.002068 0.154375 0.427778 0.006250 0.018889 12 0.001782 0.17 0.4 0.013125 0.025556 12 0.001714 0.879375 0.657778 0.030000 0.055556 1 0.001687 0.235625 0.431944 0.007500 0.017778 1 0.001561 0.229063 0.422222 0.010000 0.018889 10 0.001543 0.990625 0.657778 0.018750 0.195556 10 0.001147 0.99125 0.595 0.017500 0.188889 11 0.001044 0.3475 0.548889 0.032500 0.052222
CCTV07^20260116-060000-20260116-065959_003688,11 0.866211 0.304375 0.555556 0.034375 0.068889 12 0.855957 0.140313 0.766667 0.054688 0.182222 12 0.771973 0.127969 0.651111 0.033750 0.057778 12 0.638672 0.154219 0.448333 0.014063 0.031111 3 0.352295 0.219063 0.486111 0.013125 0.021111 12 0.250977 0.5475 0.924444 0.156250 0.151111 3 0.233765 0.150938 0.48 0.010469 0.018333 12 0.034607 0.193125 0.426667 0.008125 0.016667 2 0.012192 0.410625 0.477778 0.010000 0.019444 12 0.01107 0.193438 0.43 0.006875 0.016667 3 0.005798 0.189844 0.425 0.010625 0.016667 3 0.004486 0.149375 0.488611 0.011250 0.017778 2 0.003483 0.455 0.502778 0.015625 0.024444 0 0.002481 0.4125 0.491111 0.010625 0.015556 2 0.001687 0.88 0.653333 0.028750 0.051111 5 0.001367 0.754375 0.344444 0.030000 0.068889 10 0.001255 0.553125 0.915556 0.166250 0.168889 2 0.001099 0.14625 0.508333 0.009375 0.020000
CCTV07^20260116-060000-20260116-065959_003692,12 0.907227 0.49 0.772778 0.116250 0.168889 12 0.880859 0.217812 0.478611 0.023750 0.046111 12 0.85498 0.140156 0.767222 0.054688 0.181111 12 0.754883 0.321562 0.661111 0.049375 0.092222 12 0.730957 0.128125 0.651111 0.033125 0.056667 1 0.666992 0.36625 0.687778 0.013750 0.038889 2 0.548828 0.162188 0.512222 0.010000 0.022222 9 0.363037 0.41625 0.585556 0.042500 0.051111 4 0.20813 0.41625 0.585556 0.042500 0.051111 11 0.112 0.41625 0.585556 0.041250 0.051111 11 0.066101 0.202813 0.428333 0.012500 0.023333 12 0.060303 0.202969 0.430556 0.010312 0.021111 0 0.049957 0.162031 0.513889 0.010625 0.026667 11 0.017242 0.32125 0.659444 0.050625 0.092222 3 0.017044 0.150312 0.480556 0.011250 0.020000 2 0.013794 0.410625 0.478056 0.011250 0.020000 12 0.008644 0.201875 0.428056 0.015000 0.025000 1 0.007874 0.364375 0.687778 0.022500 0.044444 11 0.007206 0.346875 0.549444 0.030000 0.051111 2 0.006565 0.184063 0.432222 0.007500 0.015556 3 0.003664 0.15125 0.4175 0.010000 0.015556 2 0.002779 0.455 0.503056 0.015000 0.024444 0 0.002493 0.4125 0.491111 0.011250 0.015556 3 0.002199 0.152813 0.485278 0.008438 0.017222 2 0.002115 0.145313 0.507778 0.008438 0.017778 4 0.001987 0.297813 0.48 0.011875 0.022222 12 0.001649 0.170469 0.395278 0.013125 0.030000 2 0.001536 0.189219 0.590556 0.015625 0.036667 2 0.001525 0.159609 0.515556 0.011406 0.026667 12 0.001472 0.184687 0.427222 0.007500 0.018889 2 0.001472 0.87875 0.651667 0.027500 0.052222 4 0.001335 0.300469 0.4825 0.013125 0.023889
CCTV07^20260116-060000-20260116-065959_003696,12 0.864258 0.235 0.469444 0.022500 0.043333 12 0.85498 0.140781 0.767778 0.055000 0.182222 12 0.744629 0.128047 0.650556 0.033281 0.056667 3 0.730957 0.431875 0.57 0.028750 0.040000 2 0.656738 0.168125 0.536111 0.011875 0.023333 12 0.554688 0.201094 0.458333 0.015625 0.029444 11 0.237915 0.18125 0.418889 0.013750 0.026667 2 0.130249 0.163438 0.461667 0.008750 0.017778 12 0.090393 0.180938 0.417778 0.013750 0.027778 2 0.080627 0.162188 0.464167 0.009063 0.019444 3 0.008415 0.153047 0.477222 0.007500 0.015556 11 0.006191 0.348125 0.548333 0.033750 0.057778 3 0.005981 0.160273 0.462222 0.011328 0.019444 2 0.005062 0.152344 0.426389 0.006875 0.016667 3 0.004433 0.187188 0.6 0.019375 0.040000 2 0.003456 0.410938 0.4775 0.010625 0.020556 3 0.003338 0.148828 0.480556 0.010469 0.021111 3 0.00289 0.1475 0.491944 0.010000 0.016111 2 0.002003 0.455625 0.5025 0.016250 0.026111 2 0.002003 0.188438 0.591111 0.016250 0.037778 12 0.001957 0.151953 0.432222 0.007187 0.015556 1 0.001831 0.274687 0.433333 0.009375 0.017222 3 0.00149 0.152031 0.485 0.009687 0.015556 11 0.001305 0.25125 0.47 0.010625 0.031111 2 0.001279 0.88 0.655556 0.027500 0.053333 12 0.001134 0.147188 0.425 0.007500 0.017778 3 0.001107 0.137344 0.499444 0.013438 0.022222 3 0.001107 0.77625 0.242639 0.062500 0.110278
CCTV07^20260116-060000-20260116-065959_003700,12 0.868652 0.140078 0.767222 0.055156 0.181111 2 0.817383 0.188125 0.678333 0.020000 0.044444 12 0.777344 0.127969 0.651111 0.033125 0.056667 12 0.581543 0.223281 0.671111 0.029687 0.066667 3 0.157715 0.150391 0.480556 0.010937 0.020000 0 0.126831 0.198437 0.568889 0.010625 0.024444 12 0.113953 0.193594 0.416111 0.012812 0.027778 1 0.037048 0.361562 0.483889 0.018125 0.023333 4 0.030792 0.360625 0.480556 0.017500 0.023889 12 0.029541 0.175313 0.41 0.010312 0.019444 2 0.028336 0.36125 0.481389 0.016875 0.023889 2 0.021286 0.154063 0.445556 0.005937 0.017778 2 0.019058 0.153594 0.45 0.006562 0.016111 2 0.017441 0.41125 0.476111 0.011250 0.021111 3 0.016342 0.176406 0.411944 0.009375 0.018889 0 0.011505 0.199531 0.572778 0.013437 0.032222 3 0.008064 0.151562 0.483611 0.010312 0.018889 2 0.007404 0.19875 0.576667 0.012813 0.031111 11 0.003809 0.34875 0.549861 0.033750 0.053611 3 0.003565 0.186563 0.601111 0.019375 0.036667 2 0.003223 0.880625 0.654444 0.028750 0.053333 12 0.002935 0.880625 0.654444 0.028750 0.053333 1 0.002924 0.287188 0.475556 0.009375 0.020556 1 0.002359 0.2925 0.482778 0.007500 0.020000 0 0.0017 0.273125 0.794444 0.024062 0.050000 12 0.001668 0.169062 0.405556 0.011875 0.021111 0 0.00149 0.321562 0.509167 0.009375 0.016667 2 0.001467 0.619063 0.577778 0.021250 0.042222 5 0.00145 0.148359 0.491111 0.010625 0.018333 0 0.001285 0.4125 0.490556 0.011250 0.017778 2 0.001017 0.455625 0.502222 0.016250 0.025556
CCTV07^20260116-060000-20260116-065959_003704,12 0.864258 0.140078 0.766667 0.054844 0.180000 12 0.762207 0.127969 0.650556 0.032813 0.056667 1 0.111633 0.636875 0.746667 0.023750 0.037778 3 0.009857 0.318438 0.472222 0.009375 0.015556 11 0.004593 0.34625 0.548333 0.028125 0.050000 3 0.004005 0.152813 0.475278 0.011250 0.023889 2 0.003325 0.410625 0.477222 0.011250 0.020000 5 0.002779 0.144219 0.507222 0.009375 0.017778 3 0.002642 0.187031 0.601667 0.019375 0.038889 2 0.002234 0.18875 0.591111 0.015937 0.037778 1 0.001965 0.55 0.598333 0.012500 0.027778 12 0.001942 0.879375 0.651111 0.026250 0.046667 4 0.001912 0.685625 0.660556 0.031250 0.052222 2 0.001846 0.140781 0.5275 0.012187 0.025000 2 0.001687 0.140937 0.556111 0.013437 0.026667 1 0.001416 0.550625 0.613333 0.013750 0.024444 12 0.001372 0.68625 0.661111 0.030000 0.051111 3 0.001315 0.455 0.503333 0.016250 0.024444 0 0.001289 0.55 0.603333 0.013125 0.026667 5 0.001192 0.145938 0.496111 0.010937 0.020000 2 0.001048 0.685 0.662222 0.032500 0.052222 3 0.001037 0.77625 0.241389 0.062500 0.111111
CCTV07^20260116-060000-20260116-065959_003708,12 0.862305 0.140156 0.766667 0.055000 0.180000 12 0.775879 0.128047 0.651667 0.032969 0.055556 2 0.462891 0.5775 0.62 0.024375 0.042222 3 0.219971 0.313438 0.480278 0.008750 0.018333 2 0.062317 0.160313 0.488611 0.010000 0.016667 0 0.022537 0.413125 0.504722 0.011250 0.019444 2 0.017441 0.320937 0.508889 0.010625 0.018889 0 0.015366 0.4125 0.496667 0.011875 0.020000 3 0.008743 0.310313 0.478889 0.011875 0.018889 3 0.007607 0.314375 0.483611 0.009375 0.018333 3 0.005981 0.154922 0.4825 0.007812 0.021111 3 0.00407 0.455 0.503333 0.015625 0.024444 1 0.003765 0.550625 0.61 0.012500 0.028889 0 0.003651 0.55 0.603333 0.012500 0.028889 2 0.00358 0.410625 0.479444 0.011250 0.020000 11 0.003456 0.349688 0.547778 0.020625 0.045556 11 0.003147 0.34625 0.547222 0.031250 0.054444 2 0.002823 0.410625 0.491111 0.012500 0.020000 3 0.002253 0.186875 0.601667 0.019375 0.037778 2 0.001839 0.144688 0.508333 0.008750 0.020000 2 0.001687 0.140156 0.555556 0.014531 0.026667 12 0.001574 0.88 0.653333 0.026250 0.050000 2 0.001536 0.18875 0.591111 0.015625 0.036667 3 0.001472 0.146641 0.494444 0.008281 0.017222 2 0.001245 0.319063 0.504722 0.010625 0.023889 0 0.00104 0.272969 0.794444 0.023438 0.048889
CCTV07^20260116-060000-20260116-065959_003712,12 0.861328 0.140156 0.766667 0.055000 0.182222 12 0.767578 0.127891 0.651111 0.033438 0.055556 1 0.548828 0.405938 0.553333 0.012500 0.024444 3 0.082092 0.150625 0.48 0.010625 0.018889 2 0.052612 0.876875 0.763333 0.033750 0.057778 3 0.021118 0.34875 0.490556 0.011250 0.016667 3 0.011597 0.151719 0.483611 0.009688 0.017778 1 0.009018 0.350313 0.494444 0.012500 0.018889 0 0.007233 0.87625 0.764444 0.035000 0.057778 2 0.005428 0.410625 0.477778 0.010625 0.018889 2 0.004398 0.455 0.502222 0.015000 0.023333 1 0.003885 0.408125 0.558889 0.015000 0.023333 11 0.003311 0.346875 0.548889 0.036250 0.060000 1 0.002571 0.55 0.597778 0.012500 0.026667 11 0.00198 0.349688 0.55 0.025000 0.051111 3 0.001782 0.187188 0.602222 0.019375 0.035556 1 0.001561 0.550625 0.613333 0.012500 0.024444 3 0.001245 0.77625 0.241389 0.062500 0.113333 2 0.001017 0.619375 0.577778 0.020000 0.040000
CCTV07^20260116-060000-20260116-065959_003716,12 0.926758 0.296875 0.54875 0.037812 0.073611 12 0.859863 0.140547 0.767778 0.055469 0.182222 12 0.753418 0.127891 0.651111 0.032813 0.056667 3 0.6875 0.3975 0.564444 0.027500 0.033333 2 0.629883 0.170313 0.550556 0.013750 0.027778 3 0.476562 0.68125 0.768333 0.062500 0.073333 4 0.336426 0.321328 0.492778 0.018594 0.024444 1 0.112427 0.171563 0.474722 0.007812 0.017222 2 0.029877 0.410625 0.477222 0.011250 0.020000 3 0.029312 0.320078 0.487778 0.019844 0.031111 1 0.023148 0.169062 0.473333 0.008750 0.016111 2 0.014061 0.68125 0.768889 0.062500 0.075556 12 0.012009 0.320547 0.488611 0.020156 0.032778 3 0.011246 0.151484 0.48 0.009531 0.020000 3 0.005241 0.186875 0.600556 0.019375 0.041111 1 0.004135 0.174063 0.485 0.005625 0.015556 2 0.003736 0.172187 0.577778 0.010625 0.022222 1 0.003075 0.169688 0.575 0.011875 0.026667 2 0.00289 0.188281 0.59 0.015937 0.036667 3 0.002693 0.1525 0.485278 0.007812 0.017778 11 0.002611 0.3375 0.546111 0.051875 0.066667 2 0.002481 0.155703 0.556667 0.009844 0.024444 1 0.001926 0.272813 0.435556 0.009375 0.015556 3 0.001585 0.205312 0.396111 0.008750 0.016667 2 0.001255 0.455625 0.503056 0.016250 0.025556 10 0.001053 0.99125 0.664444 0.017500 0.162222
CCTV07^20260116-060000-20260116-065959_003720,12 0.858887 0.140156 0.766667 0.055000 0.180000 12 0.756348 0.127813 0.651111 0.033594 0.056667 2 0.586914 0.181406 0.654444 0.018437 0.042222 2 0.29248 0.268125 0.797778 0.024375 0.051111 3 0.228149 0.224375 0.467222 0.010625 0.016111 11 0.190674 0.195625 0.449444 0.016250 0.030000 12 0.119202 0.19625 0.45 0.016250 0.030000 3 0.046722 0.150625 0.480556 0.010625 0.020000 2 0.026657 0.410625 0.477778 0.011250 0.020000 12 0.019791 0.151719 0.432778 0.007812 0.016667 3 0.006718 0.151406 0.484444 0.010000 0.017222 12 0.004719 0.152344 0.427778 0.007187 0.018333 12 0.00404 0.88 0.653333 0.027500 0.048889 2 0.003483 0.26625 0.796667 0.035000 0.061111 11 0.002705 0.345625 0.548333 0.033750 0.055556 0 0.001889 0.4125 0.490278 0.011250 0.016667 3 0.001853 0.454375 0.505278 0.016250 0.025556 0 0.001755 0.18875 0.593333 0.015625 0.037778 2 0.001687 0.189219 0.591111 0.015938 0.036667 12 0.001574 0.229687 0.414722 0.010937 0.020556 2 0.00149 0.88 0.653889 0.027500 0.050000 12 0.001432 0.199063 0.418889 0.019375 0.031111 3 0.001399 0.77625 0.24125 0.062500 0.113056 3 0.00133 0.147656 0.493333 0.009375 0.016667 2 0.001315 0.145234 0.507778 0.008750 0.018889 2 0.001265 0.451875 0.52 0.020000 0.025000
CCTV07^20260116-060000-20260116-065959_003724,12 0.864258 0.140859 0.767778 0.055156 0.182222 12 0.779785 0.128125 0.651667 0.032813 0.056667 3 0.673828 0.249844 0.502222 0.015313 0.022222 12 0.464844 0.282813 0.45 0.019375 0.035556 1 0.265869 0.230938 0.511667 0.009375 0.018889 1 0.209473 0.385 0.538333 0.010000 0.021111 3 0.151001 0.215625 0.479722 0.013125 0.023333 10 0.103394 0.3825 0.741111 0.068125 0.146667 1 0.059204 0.231406 0.517778 0.008437 0.018889 4 0.029541 0.380625 0.740556 0.070000 0.147778 1 0.018341 0.229219 0.518611 0.009687 0.020000 3 0.01799 0.155156 0.482222 0.007812 0.022222 3 0.013222 0.217969 0.463333 0.010625 0.020000 2 0.010094 0.156484 0.483889 0.008281 0.021111 2 0.005642 0.41125 0.477778 0.011250 0.020556 11 0.00358 0.35 0.553333 0.022500 0.041111 2 0.003273 0.146719 0.492778 0.008594 0.018889 2 0.0021 0.145 0.507222 0.008125 0.018333 3 0.001623 0.187188 0.601111 0.019375 0.037778 2 0.001294 0.141016 0.556111 0.012969 0.025556 2 0.001274 0.879375 0.652222 0.026250 0.051111 2 0.001255 0.18875 0.591111 0.015625 0.036667 2 0.001188 0.455 0.502222 0.016250 0.025556 1 0.001169 0.398125 0.793889 0.027500 0.052222 2 0.001024 0.141328 0.528056 0.012187 0.027222
CCTV07^20260116-060000-20260116-065959_003728,12 0.86084 0.140781 0.767778 0.055313 0.182222 12 0.847168 0.489688 0.592222 0.061875 0.093333 12 0.779785 0.127813 0.651667 0.033125 0.056667 2 0.62793 0.171875 0.570556 0.014375 0.030000 1 0.229492 0.459375 0.612222 0.015000 0.031111 11 0.155029 0.195469 0.445833 0.012500 0.025556 12 0.100525 0.195937 0.446667 0.011875 0.023333 3 0.082703 0.307188 0.476389 0.016563 0.020556 3 0.062561 0.150938 0.48 0.010312 0.019444 3 0.038757 0.30375 0.48 0.019687 0.026667 3 0.014618 0.1875 0.593889 0.018750 0.041111 2 0.014389 0.187969 0.590556 0.017813 0.037778 2 0.010368 0.41125 0.477222 0.011250 0.021667 2 0.006824 0.321172 0.509167 0.010156 0.018889 3 0.006489 0.151875 0.483889 0.009375 0.017778 3 0.003298 0.308906 0.491667 0.016562 0.025000 12 0.003197 0.1925 0.444444 0.016250 0.026111 11 0.00289 0.3475 0.551667 0.030625 0.047778 12 0.002758 0.88 0.653333 0.027500 0.048889 2 0.002075 0.88 0.653333 0.027500 0.048889 2 0.001597 0.995 0.877778 0.010000 0.073333 2 0.001549 0.15125 0.435 0.008125 0.016667 2 0.00141 0.145938 0.509444 0.009375 0.018889 0 0.001279 0.35875 0.547778 0.015000 0.030000 2 0.001188 0.455 0.499444 0.013750 0.024444 0 0.00109 0.273438 0.794444 0.023750 0.048889 1 0.001048 0.165313 0.586667 0.014063 0.042222 2 0.001024 0.619375 0.578889 0.021250 0.042222
CCTV07^20260116-060000-20260116-065959_003732,12 0.85791 0.140156 0.766667 0.054375 0.180000 12 0.769043 0.127969 0.651111 0.032813 0.055556 3 0.153076 0.150859 0.479167 0.010469 0.019444 2 0.028336 0.151562 0.4375 0.007812 0.015556 3 0.016983 0.151484 0.483333 0.010312 0.018889 2 0.013687 0.410625 0.478611 0.011250 0.020556 11 0.004627 0.346875 0.550556 0.029375 0.050000 12 0.004417 0.171563 0.400556 0.008125 0.022222 11 0.00321 0.349375 0.551667 0.020000 0.042222 2 0.0028 0.455625 0.502778 0.015625 0.024444 5 0.002306 0.754375 0.344444 0.030000 0.070000 3 0.002296 0.187188 0.600556 0.019375 0.038889 12 0.00205 0.148906 0.440833 0.009063 0.016111 1 0.001867 0.359063 0.547222 0.014375 0.028889 1 0.001853 0.55 0.598333 0.013750 0.026667 3 0.001782 0.147266 0.491667 0.009531 0.016667 0 0.001372 0.4125 0.491667 0.011250 0.016111 2 0.001372 0.188906 0.591111 0.015937 0.037778 2 0.001192 0.145078 0.508333 0.008906 0.018333 0 0.001012 0.41 0.487778 0.012500 0.018889
CCTV07^20260116-060000-20260116-065959_003736,12 0.864258 0.140313 0.766667 0.054688 0.181111 12 0.770508 0.128125 0.651111 0.032969 0.055556 7 0.486328 0.6275 0.719444 0.063750 0.075556 1 0.40918 0.238281 0.517222 0.009063 0.021667 1 0.299072 0.31125 0.726111 0.013125 0.030000 2 0.29248 0.4 0.499167 0.012500 0.022222 9 0.23938 0.626875 0.720556 0.065000 0.074444 12 0.190674 0.626875 0.721111 0.066250 0.075556 4 0.148071 0.6275 0.720556 0.066250 0.076667 1 0.128906 0.24 0.514722 0.010625 0.018889 3 0.099792 0.150781 0.48 0.010625 0.019444 1 0.048309 0.197656 0.671111 0.011875 0.037778 12 0.041138 0.184063 0.424444 0.007500 0.015000 12 0.023422 0.219688 0.415556 0.011250 0.017778 2 0.016159 0.184219 0.431667 0.006875 0.014444 3 0.015717 0.151875 0.483611 0.010000 0.017778 11 0.0149 0.3475 0.546111 0.035000 0.061111 12 0.012772 0.491563 0.799444 0.098750 0.134444 2 0.010094 0.41125 0.478333 0.010000 0.018889 3 0.009193 0.22 0.415556 0.011250 0.017778 5 0.006824 0.49125 0.802222 0.101250 0.135556 2 0.006744 0.139922 0.557778 0.014531 0.026667 0 0.003088 0.571875 0.691111 0.021250 0.033333 1 0.002846 0.31 0.72 0.013750 0.033333 3 0.002562 0.187188 0.602222 0.019062 0.036667 2 0.002512 0.140937 0.527778 0.012187 0.025556 2 0.002342 0.162969 0.436111 0.005938 0.012222 2 0.00227 0.455 0.5025 0.016250 0.025000 2 0.002234 0.88 0.653889 0.030000 0.052222 3 0.002132 0.492812 0.803333 0.096875 0.131111 2 0.00209 0.145938 0.508333 0.009375 0.018889 12 0.00209 0.476562 0.771667 0.070000 0.178889 2 0.002035 0.140313 0.551111 0.013750 0.026667 3 0.001803 0.177656 0.423611 0.006875 0.014444 1 0.001623 0.550938 0.615556 0.013125 0.026667 2 0.001525 0.431875 0.493333 0.012500 0.021667 3 0.001513 0.147813 0.493611 0.009688 0.016667 2 0.001249 0.40875 0.478889 0.010000 0.021667 3 0.00124 0.77625 0.241667 0.062500 0.112222
CCTV07^20260116-060000-20260116-065959_003740,12 0.858887 0.140078 0.766667 0.054844 0.181111 12 0.747559 0.127813 0.651111 0.033125 0.055556 2 0.604004 0.77625 0.713333 0.035000 0.062222 1 0.46875 0.310937 0.726667 0.013125 0.028889 3 0.331055 0.216094 0.452778 0.015938 0.023333 2 0.157104 0.172813 0.475833 0.006875 0.016667 1 0.093323 0.311563 0.716111 0.013125 0.030000 3 0.084167 0.187969 0.435 0.009687 0.016667 3 0.063965 0.150937 0.480556 0.010156 0.020000 2 0.039337 0.39375 0.743333 0.031250 0.055556 1 0.034088 0.173438 0.484722 0.005938 0.015000 2 0.032227 0.410625 0.4775 0.010625 0.020000 3 0.027374 0.391875 0.74 0.033750 0.055556 3 0.025375 0.278125 0.46 0.013125 0.022222 3 0.009338 0.152344 0.483889 0.008438 0.017778 12 0.005642 0.278125 0.463333 0.015000 0.024444 3 0.005386 0.154219 0.4525 0.005000 0.015000 3 0.005302 0.187812 0.429444 0.008750 0.021111 2 0.0047 0.88 0.653889 0.028750 0.052222 11 0.00425 0.3475 0.54875 0.032500 0.053611 3 0.003325 0.28 0.467222 0.012500 0.018889 2 0.003052 0.154375 0.420278 0.006875 0.015000 11 0.002522 0.35 0.550972 0.022500 0.044722 3 0.002512 0.187031 0.6 0.019375 0.040000 2 0.002493 0.18875 0.591111 0.015937 0.036667 4 0.001995 0.279063 0.464722 0.012188 0.020556 3 0.001987 0.147813 0.491944 0.009688 0.016667 0 0.001957 0.7725 0.712222 0.045000 0.066667 3 0.001549 0.77625 0.242083 0.062500 0.111389 1 0.001405 0.168906 0.476111 0.008125 0.012222 3 0.001367 0.2525 0.438333 0.006875 0.013333 0 0.001225 0.41 0.486667 0.012500 0.017778 2 0.001073 0.145078 0.508333 0.008750 0.018333
CCTV07^20260116-060000-20260116-065959_003744,12 0.882324 0.141172 0.757778 0.053594 0.175556 12 0.763672 0.127734 0.647778 0.031094 0.051111 10 0.680664 0.262344 0.545694 0.037812 0.068611 11 0.588867 0.551875 0.678889 0.083750 0.120000 3 0.462891 0.217188 0.458889 0.011250 0.020000 1 0.354004 0.310625 0.726667 0.014063 0.030000 3 0.07782 0.150547 0.48 0.011094 0.020000 2 0.053406 0.165 0.457222 0.006250 0.016667 0 0.044861 0.198906 0.570556 0.010937 0.024444 2 0.027267 0.139063 0.557778 0.015937 0.026667 2 0.025467 0.2 0.573889 0.013125 0.030000 2 0.01297 0.410625 0.477222 0.011250 0.020000 2 0.012482 0.198594 0.579444 0.012500 0.031111 1 0.008377 0.310313 0.718889 0.013750 0.033333 11 0.004314 0.3475 0.546667 0.033125 0.055556 2 0.003855 0.140781 0.527778 0.012656 0.025556 3 0.003593 0.186563 0.6 0.020625 0.040000 3 0.003538 0.175 0.414722 0.007500 0.013889 2 0.003338 0.88125 0.653333 0.027500 0.048889 3 0.002157 0.146719 0.494167 0.008437 0.016111 6 0.001934 0.552813 0.678889 0.084375 0.120000 12 0.001768 0.880625 0.653333 0.026250 0.046667 0 0.001525 0.409375 0.486111 0.011250 0.018889 2 0.001513 0.67 0.617778 0.022500 0.046667 5 0.001389 0.18875 0.590556 0.015625 0.037778 12 0.001367 0.174375 0.408056 0.006875 0.018333 1 0.001367 0.55 0.605556 0.013750 0.028889 2 0.001325 0.145781 0.507222 0.009375 0.018889 2 0.001169 0.200781 0.583333 0.015625 0.042222 2 0.001165 0.455312 0.5025 0.015625 0.025000
CCTV07^20260116-060000-20260116-065959_003748,12 0.869629 0.1425 0.73 0.062813 0.155556 12 0.666992 0.127031 0.638889 0.030938 0.035556 1 0.458984 0.31125 0.726667 0.013125 0.032222 3 0.416748 0.211562 0.476111 0.013125 0.022222 7 0.359375 0.331875 0.671111 0.033125 0.077778 12 0.350342 0.210156 0.439722 0.013438 0.028889 9 0.226807 0.332188 0.671667 0.033750 0.078889 3 0.135742 0.272031 0.452222 0.013125 0.019444 2 0.025955 0.410625 0.479444 0.010625 0.020000 2 0.022369 0.182812 0.435 0.008125 0.016667 12 0.020645 0.331797 0.672778 0.032656 0.076667 3 0.019867 0.150469 0.480556 0.011250 0.020556 1 0.016983 0.310156 0.72 0.013438 0.034444 12 0.014282 0.173438 0.402778 0.010625 0.022778 2 0.012871 0.199375 0.584444 0.015000 0.033333 2 0.006363 0.179063 0.435556 0.009375 0.015556 0 0.004982 0.409375 0.485833 0.011250 0.020000 3 0.003622 0.291875 0.434722 0.010000 0.015556 2 0.003483 0.138906 0.557778 0.016563 0.028889 0 0.003197 0.411875 0.488333 0.011250 0.016667 12 0.002935 0.210781 0.446111 0.013125 0.025556 11 0.002434 0.349063 0.549861 0.018125 0.044722 3 0.002199 0.272031 0.448611 0.015937 0.023889 3 0.001839 0.186563 0.602778 0.019375 0.036667 2 0.00181 0.45625 0.503889 0.017500 0.026667 11 0.001796 0.346875 0.549444 0.030000 0.053333 0 0.001389 0.2725 0.793889 0.022500 0.047778 3 0.001335 0.151719 0.484444 0.010000 0.018333 3 0.001315 0.176406 0.414444 0.006875 0.015000 2 0.001315 0.88 0.655 0.027500 0.054444 2 0.001165 0.995 0.877778 0.010000 0.077778
CCTV07^20260116-060000-20260116-065959_003752,12 0.866211 0.142891 0.722778 0.068594 0.151111 2 0.712402 0.164375 0.524444 0.011563 0.023333 3 0.505859 0.229063 0.478333 0.010625 0.018889 12 0.405518 0.126719 0.638333 0.030625 0.035556 0 0.242188 0.310937 0.727222 0.013438 0.031111 1 0.217285 0.310625 0.726667 0.013750 0.031111 12 0.056458 0.19125 0.444444 0.010000 0.021111 3 0.033966 0.150312 0.48 0.011250 0.018889 2 0.019867 0.40125 0.498611 0.012500 0.019444 1 0.019714 0.400625 0.503889 0.012500 0.021111 2 0.015717 0.400938 0.503333 0.012500 0.021111 2 0.01297 0.410938 0.477778 0.010625 0.018889 4 0.012573 0.400313 0.498333 0.012500 0.021111 3 0.006073 0.151484 0.485556 0.010625 0.016667 2 0.005363 0.619375 0.578889 0.020000 0.040000 3 0.00399 0.1475 0.495556 0.010000 0.016667 2 0.003511 0.160781 0.523333 0.013125 0.023333 2 0.003456 0.188906 0.591111 0.015937 0.036667 2 0.002714 0.189844 0.446667 0.011563 0.023333 12 0.00227 0.88125 0.654444 0.028750 0.051111 2 0.00198 0.455313 0.503333 0.016250 0.025556 11 0.001796 0.3475 0.549444 0.030000 0.051111 3 0.001761 0.186875 0.601111 0.019375 0.037778 11 0.001649 0.349375 0.553194 0.020000 0.040278 2 0.001636 0.601562 0.567222 0.013125 0.031111 12 0.001525 0.175 0.396667 0.010625 0.026667 0 0.001245 0.359063 0.548333 0.014375 0.028889 2 0.001121 0.88125 0.655 0.028750 0.052222
CCTV07^20260116-060000-20260116-065959_003756,10 0.85498 0.297969 0.57125 0.052813 0.086389 12 0.833496 0.133984 0.699445 0.093906 0.135556 12 0.820801 0.205469 0.792222 0.063437 0.171111 3 0.764648 0.264375 0.521389 0.016250 0.024444 1 0.598145 0.235313 0.531667 0.009375 0.021111 1 0.542969 0.310156 0.721667 0.013125 0.026667 2 0.414795 0.167813 0.505 0.011250 0.022222 2 0.381104 0.94875 0.806667 0.052500 0.078889 3 0.348633 0.365313 0.491667 0.021250 0.023333 3 0.325928 0.32625 0.455 0.012500 0.018889 3 0.196167 0.205 0.443056 0.010312 0.016111 0 0.166138 0.47375 0.563333 0.016250 0.031111 3 0.097412 0.151094 0.48 0.010312 0.020000 1 0.039337 0.473438 0.563333 0.019375 0.031111 3 0.017044 0.326562 0.446667 0.011250 0.022222 3 0.015015 0.205312 0.446667 0.008750 0.017778 1 0.011871 0.30625 0.730556 0.013125 0.028889 2 0.008377 0.138906 0.558333 0.016875 0.030000 2 0.005665 0.410625 0.477778 0.011250 0.020000 3 0.004574 0.1675 0.503333 0.010000 0.025556 12 0.004417 0.881875 0.656111 0.031250 0.055556 3 0.00404 0.15375 0.486111 0.007812 0.016111 12 0.003622 0.151562 0.437778 0.008125 0.015000 0 0.003593 0.47125 0.567778 0.022500 0.031111 2 0.003197 0.61875 0.578889 0.021250 0.042222 0 0.002714 0.409688 0.487222 0.011250 0.018889 3 0.002693 0.147266 0.492778 0.009687 0.015556 1 0.002642 0.296563 0.728889 0.014375 0.028889 3 0.002472 0.32875 0.456111 0.013750 0.015000 3 0.002287 0.200313 0.442778 0.011563 0.015556 0 0.002157 0.411875 0.491667 0.011250 0.016111 0 0.002068 0.175781 0.589445 0.013125 0.035556 0 0.001972 0.475938 0.566667 0.025000 0.042222 11 0.001942 0.304844 0.522222 0.037812 0.071111 1 0.001912 0.230781 0.532222 0.013125 0.023333 0 0.001782 0.550625 0.605556 0.013125 0.026667 3 0.001761 0.17625 0.416111 0.005938 0.013333 1 0.001755 0.550938 0.613333 0.013750 0.026667 2 0.001727 0.187656 0.59 0.017813 0.037778 1 0.001636 0.55 0.601111 0.013750 0.026667 4 0.001623 0.88125 0.655556 0.032500 0.055556 2 0.001604 0.145 0.508056 0.008438 0.018333 2 0.001235 0.880625 0.661111 0.032500 0.060000 3 0.001202 0.454688 0.504444 0.015625 0.025556 11 0.001179 0.134063 0.698889 0.092813 0.136667 4 0.00104 0.347813 0.54125 0.030625 0.046389
CCTV07^20260116-060000-20260116-065959_003760,12 0.900391 0.143125 0.851667 0.088125 0.200000 12 0.86084 0.214375 0.474722 0.022500 0.045556 12 0.836426 0.129141 0.691111 0.095469 0.133333 12 0.811523 0.202813 0.785 0.067500 0.164444 11 0.810547 0.247813 0.491667 0.021250 0.042222 12 0.490234 0.20375 0.651111 0.029375 0.062222 5 0.174438 0.8425 0.751667 0.067500 0.091111 1 0.169922 0.217969 0.520556 0.009687 0.020000 2 0.141724 0.8425 0.751667 0.067500 0.092222 2 0.046021 0.183594 0.435556 0.008438 0.015556 3 0.040375 0.174688 0.407778 0.011250 0.017778 1 0.025177 0.22 0.517222 0.010625 0.021111 3 0.020096 0.175625 0.411389 0.010625 0.019444 11 0.014008 0.126875 0.695 0.095000 0.132222 3 0.013023 0.186563 0.601111 0.021875 0.040000 3 0.01178 0.151641 0.475556 0.011719 0.025000 2 0.008064 0.409062 0.478611 0.010625 0.022222 3 0.004868 0.146016 0.496667 0.010156 0.018889 2 0.004467 0.152656 0.425278 0.007500 0.016111 0 0.003099 0.35875 0.546667 0.013750 0.027778 3 0.002672 0.151406 0.482222 0.011250 0.022222 3 0.002632 0.184219 0.422222 0.005000 0.010556 12 0.002522 0.241406 0.428889 0.010625 0.020000 12 0.002083 0.246875 0.488333 0.026250 0.042222 3 0.002068 0.038242 0.968056 0.044844 0.063889 2 0.001513 0.179063 0.436667 0.010000 0.015556 11 0.00141 0.345 0.546667 0.030000 0.050000 0 0.001274 0.359688 0.556111 0.013125 0.021111 12 0.001134 0.1825 0.381667 0.009375 0.020000
CCTV07^20260116-060000-20260116-065959_003764,12 0.892578 0.137031 0.795556 0.065625 0.167778 3 0.842773 0.25375 0.544444 0.018750 0.027778 12 0.809082 0.204688 0.782222 0.062813 0.168889 3 0.697754 0.783125 0.843333 0.082500 0.095556 2 0.642578 0.821875 0.747778 0.041250 0.064444 3 0.525391 0.36875 0.55125 0.025000 0.033056 12 0.397949 0.180469 0.417222 0.012188 0.028889 5 0.341553 0.336875 0.500556 0.022500 0.034444 12 0.14856 0.145313 0.694444 0.104375 0.126667 2 0.098083 0.159844 0.494722 0.013125 0.028889 12 0.021622 0.191563 0.417778 0.010625 0.025556 2 0.016342 0.410625 0.477778 0.011250 0.020000 12 0.015427 0.133203 0.681111 0.078906 0.097778 1 0.007607 0.353125 0.533889 0.013750 0.028889 12 0.005798 0.182969 0.433889 0.008750 0.012222 12 0.005707 0.190469 0.414722 0.015313 0.028889 2 0.002672 0.144453 0.51 0.008594 0.018889 3 0.002472 0.34625 0.527778 0.018750 0.030000 2 0.002342 0.455625 0.502222 0.016250 0.024444 3 0.001867 0.15375 0.483333 0.007812 0.022778 2 0.001623 0.432188 0.494444 0.011875 0.021111 2 0.001611 0.1475 0.495556 0.010313 0.020556 0 0.001444 0.409062 0.486667 0.011875 0.020000 2 0.00141 0.185313 0.452778 0.007500 0.016667 0 0.001305 0.183906 0.897222 0.018437 0.050000 2 0.001161 0.151719 0.402778 0.008750 0.018889 2 0.001116 0.994375 0.875556 0.011250 0.075556
CCTV10^20251112-170000-20251112-175959_004127,11 0.741699 0.83125 0.661111 0.082500 0.111111 2 0.631836 0.107188 0.712222 0.026562 0.057778 12 0.519531 0.358828 0.712222 0.089844 0.144444 2 0.455078 0.129219 0.666111 0.024375 0.053333 3 0.252441 0.3325 0.617778 0.026875 0.051111 3 0.033844 0.37125 0.576667 0.019375 0.035556 1 0.021286 0.79875 0.680556 0.022500 0.050000 2 0.006512 0.99375 0.658889 0.012500 0.068889 0 0.004906 0.268438 0.320833 0.011250 0.033889 3 0.00297 0.405 0.514444 0.025000 0.106667 2 0.002388 0.82625 0.561111 0.026250 0.044444 10 0.001883 0.99375 0.686667 0.012500 0.115556 2 0.001478 0.012041 0.978611 0.023965 0.042778 2 0.001346 0.810625 0.546667 0.023750 0.038889 2 0.001147 0.989375 0.652222 0.020000 0.070000 3 0.001004 0.011758 0.192778 0.020820 0.094444
CCTV10^20251112-170000-20251112-175959_004130,3 0.79834 0.59 0.934445 0.084375 0.113333 11 0.779785 0.83 0.66 0.083750 0.111111 5 0.684082 0.544375 0.571111 0.031250 0.048889 1 0.505859 0.84125 0.746111 0.032500 0.064444 2 0.282959 0.123203 0.666667 0.022969 0.051111 3 0.005161 0.40375 0.521667 0.028750 0.084444 2 0.004086 0.119531 0.662222 0.034375 0.053333 1 0.003124 0.705 0.666667 0.027500 0.051111 0 0.002981 0.268438 0.320278 0.011250 0.032778 2 0.002234 0.36125 0.513056 0.016250 0.048333 2 0.001325 0.012148 0.978056 0.024141 0.043889 0 0.001017 0.121406 0.675556 0.025625 0.064444
CCTV10^20251112-170000-20251112-175959_004134,10 0.808105 0.4675 0.839445 0.146250 0.247778 11 0.757812 0.83 0.662222 0.085000 0.113333 2 0.705566 0.136641 0.881111 0.039844 0.084444 2 0.694336 0.105078 0.805556 0.033594 0.068889 2 0.682617 0.192812 0.934445 0.052500 0.106667 2 0.672363 0.139219 0.826667 0.037031 0.062222 0 0.638672 0.165937 0.81 0.035000 0.071111 2 0.562012 0.138438 0.655556 0.023125 0.046667 7 0.200562 0.1075 0.745 0.042812 0.083333 2 0.154541 0.108203 0.744444 0.042813 0.082222 1 0.102661 0.080547 0.741111 0.025469 0.066667 2 0.075012 0.165664 0.814444 0.033047 0.073333 0 0.06781 0.080469 0.74 0.024531 0.058889 12 0.065613 0.107656 0.744444 0.041875 0.083333 1 0.02887 0.5725 0.645 0.020000 0.046667 1 0.004265 0.182031 0.905556 0.043438 0.080000 1 0.003483 0.176563 0.9 0.029375 0.068889 0 0.00255 0.268438 0.320556 0.011250 0.033333 0 0.002512 0.192188 0.933333 0.053750 0.111111 2 0.001734 0.149844 0.772778 0.020000 0.047778 2 0.0017 0.9275 0.438889 0.057500 0.062222 4 0.001597 0.98875 0.648889 0.021250 0.068889
CCTV10^20251112-170000-20251112-175959_004138,11 0.791992 0.83 0.661111 0.085000 0.111111 2 0.744629 0.123594 0.721667 0.032031 0.062222 5 0.548828 0.397813 0.637222 0.035625 0.052222 3 0.525391 0.8425 0.836667 0.086250 0.121111 5 0.329346 0.84125 0.836667 0.090000 0.123333 3 0.115967 0.398125 0.636667 0.043750 0.060000 0 0.005821 0.268438 0.320278 0.011250 0.032778 10 0.003325 0.323438 0.54 0.030625 0.095556 1 0.003111 0.6775 0.661111 0.025000 0.050000 2 0.002398 0.928125 0.440556 0.055000 0.060556
CCTV10^20251112-170000-20251112-175959_004142,10 0.810547 0.711875 0.642222 0.081250 0.120000 11 0.759277 0.83125 0.66 0.080000 0.113333 2 0.756348 0.153828 0.853333 0.043594 0.082222 2 0.592773 0.122656 0.71 0.025937 0.063333 2 0.575684 0.114531 0.761111 0.028750 0.058889 2 0.453369 0.1075 0.816111 0.034688 0.073333 2 0.437744 0.095156 0.713333 0.027813 0.062222 0 0.416748 0.107031 0.815 0.033750 0.073333 3 0.287842 0.665625 0.939444 0.088750 0.121111 5 0.229492 0.666094 0.942222 0.090313 0.115556 10 0.037048 0.755625 0.638333 0.066250 0.118889 10 0.030441 0.7675 0.641111 0.042500 0.111111 0 0.004646 0.268438 0.320556 0.011250 0.034444 3 0.002901 0.080234 0.659444 0.021562 0.035556 4 0.002611 0.97625 0.634444 0.035000 0.051111 2 0.002462 0.9275 0.442222 0.055000 0.062222 0 0.001165 0.117734 0.763333 0.041094 0.057778 11 0.001116 0.974375 0.752222 0.051250 0.173333 4 0.00109 0.979375 0.702222 0.040000 0.077778
CCTV10^20251112-170000-20251112-175959_004146,10 0.845703 0.457188 0.768889 0.120000 0.186667 11 0.779785 0.83 0.66 0.083750 0.113333 2 0.725098 0.129375 0.721667 0.025937 0.063333 0 0.710449 0.171563 0.921667 0.047187 0.092222 3 0.682617 0.606875 0.644444 0.046250 0.057778 0 0.44751 0.112891 0.742778 0.024844 0.058889 2 0.16394 0.113359 0.742222 0.022031 0.055556 1 0.130737 0.80125 0.701667 0.022500 0.053333 2 0.029648 0.124063 0.728333 0.034219 0.074444 2 0.013535 0.975 0.701667 0.033750 0.054444 10 0.003443 0.8325 0.656111 0.085000 0.125556 0 0.003298 0.268438 0.320833 0.011250 0.033889 0 0.002642 0.11625 0.732222 0.030312 0.068889 1 0.002512 0.6825 0.658889 0.025000 0.042222 3 0.001853 0.9925 0.711111 0.015000 0.071111 3 0.001675 0.401875 0.546806 0.018750 0.035278 2 0.001668 0.99375 0.658889 0.012500 0.075556 3 0.001561 0.405625 0.521389 0.030000 0.080556 2 0.001536 0.99125 0.701667 0.017500 0.068889 2 0.001221 0.24625 0.278889 0.010000 0.020000 2 0.001179 0.012246 0.977222 0.024297 0.045556 3 0.001143 0.011934 0.196667 0.020625 0.061667
CCTV10^20251112-170000-20251112-175959_004150,11 0.790527 0.83 0.66 0.085000 0.111111 0 0.675781 0.123594 0.783333 0.044687 0.076667 1 0.598145 0.3775 0.659445 0.025000 0.050000 3 0.552734 0.81125 0.778333 0.067500 0.097778 3 0.474609 0.594688 0.597778 0.035625 0.048889 1 0.32251 0.248125 0.698889 0.025625 0.048889 1 0.205566 0.398125 0.902778 0.036250 0.076667 2 0.204346 0.123047 0.781111 0.041250 0.077778 5 0.19812 0.81125 0.778333 0.067500 0.097778 2 0.121704 0.123438 0.676667 0.026563 0.055556 0 0.083862 0.123281 0.676111 0.026563 0.054444 4 0.081543 0.6825 0.903333 0.101250 0.131111 2 0.030792 0.678125 0.898889 0.115000 0.133333 1 0.022369 0.99375 0.841111 0.012500 0.068889 10 0.016022 0.648594 0.861667 0.180313 0.223333 3 0.014229 0.68 0.906111 0.110000 0.123333 0 0.014008 0.128281 0.653889 0.031406 0.044444 2 0.007668 0.41 0.56 0.021250 0.044444 1 0.005535 0.240313 0.703333 0.036250 0.051111 4 0.00526 0.978125 0.637778 0.032500 0.051111 0 0.005062 0.995 0.837778 0.010000 0.071111 2 0.003622 0.99375 0.660556 0.012500 0.074444 2 0.003172 0.268438 0.320556 0.011250 0.033333 3 0.002323 0.236562 0.705556 0.029062 0.043333 4 0.00226 0.65875 0.862222 0.162500 0.206667 3 0.002199 0.41 0.561111 0.021875 0.044444 1 0.002075 0.990625 0.838889 0.018750 0.082222 3 0.001897 0.435 0.555556 0.032500 0.073333 2 0.00181 0.995 0.877778 0.010000 0.137778 4 0.001681 0.98875 0.651111 0.022500 0.077778 3 0.001455 0.011448 0.19875 0.019917 0.056667 1 0.001305 0.115 0.872222 0.025313 0.060000 10 0.001206 0.8325 0.656667 0.087500 0.123333 0 0.001065 0.127969 0.658889 0.039062 0.062222
CCTV10^20251112-170000-20251112-175959_004153,5 0.788086 0.598125 0.594444 0.038750 0.056667 11 0.760742 0.83 0.661111 0.085000 0.113333 2 0.728027 0.115937 0.773333 0.035625 0.071111 1 0.699219 0.1425 0.851111 0.029062 0.064444 3 0.490234 0.561563 0.661111 0.045625 0.055556 7 0.206909 0.393125 0.624444 0.053750 0.091111 12 0.056854 0.394375 0.623333 0.056875 0.091111 2 0.011116 0.928125 0.439722 0.053750 0.058333 0 0.004467 0.268438 0.320556 0.011250 0.034444 3 0.004364 0.398125 0.530833 0.020000 0.043889 3 0.004265 0.995 0.83 0.010000 0.077778 3 0.001912 0.51625 0.543889 0.021250 0.033333 3 0.001501 0.99125 0.826111 0.017500 0.076667 0 0.001346 0.995313 0.826667 0.009375 0.073333 2 0.00133 0.245937 0.278611 0.010000 0.020000 2 0.001169 0.99375 0.663889 0.012500 0.081111
CCTV10^20251112-170000-20251112-175959_004157,3 0.847168 0.854375 0.896111 0.091250 0.114444 11 0.805664 0.83 0.661111 0.085000 0.111111 0 0.782715 0.200313 0.864444 0.041875 0.082222 2 0.78125 0.150625 0.801667 0.042500 0.080000 0 0.651367 0.253125 0.921111 0.049375 0.117778 4 0.505859 0.554375 0.658889 0.050000 0.080000 4 0.381104 0.626875 0.603333 0.046250 0.053333 1 0.147583 0.088516 0.71 0.018750 0.042222 2 0.049774 0.25625 0.927778 0.060000 0.115556 3 0.049042 0.626875 0.602222 0.046250 0.056667 0 0.042877 0.55375 0.658889 0.053750 0.081111 2 0.023148 0.130234 0.658889 0.023281 0.052222 0 0.022629 0.129766 0.661111 0.025156 0.060000 10 0.018982 0.3175 0.588889 0.041875 0.123333 11 0.010368 0.130547 0.658333 0.024844 0.053333 4 0.007519 0.95625 0.677778 0.037500 0.060000 1 0.003351 0.084395 0.706111 0.023398 0.047778 0 0.002913 0.268438 0.321111 0.011250 0.034444 3 0.002621 0.955625 0.677222 0.036250 0.056667 2 0.001649 0.9275 0.438611 0.052500 0.058333 1 0.001478 0.34875 0.603889 0.015000 0.044444 7 0.001245 0.955 0.677778 0.038750 0.060000 3 0.001174 0.011719 0.192778 0.020586 0.075000 2 0.001151 0.245937 0.278333 0.010000 0.020000 3 0.001151 0.9925 0.793889 0.015000 0.092222 1 0.00104 0.2025 0.87 0.041875 0.081111
CCTV10^20251112-170000-20251112-175959_004161,11 0.800781 0.829375 0.662222 0.083750 0.108889 5 0.800781 0.76875 0.761111 0.075000 0.104445 2 0.720215 0.130313 0.868889 0.045937 0.091111 3 0.223999 0.433125 0.625556 0.031875 0.044444 3 0.158203 0.97375 0.699444 0.042500 0.054444 1 0.047607 0.249062 0.698889 0.021250 0.046667 4 0.018829 0.67875 0.583333 0.047500 0.057778 11 0.010132 0.983125 0.767778 0.033750 0.126667 3 0.009598 0.991875 0.691111 0.015000 0.060000 4 0.007488 0.53 0.558889 0.025000 0.040000 2 0.006718 0.99375 0.659444 0.012500 0.067778 3 0.004829 0.53 0.561111 0.027500 0.046667 2 0.004135 0.432813 0.621667 0.037500 0.056667 2 0.003088 0.9275 0.440556 0.052500 0.057778 5 0.002867 0.433125 0.621111 0.037500 0.055556 0 0.002855 0.268438 0.320833 0.011250 0.033889 1 0.002581 0.65125 0.574444 0.013750 0.037778 3 0.002512 0.67875 0.583889 0.048750 0.057778 3 0.001867 0.98875 0.701667 0.020000 0.058889 3 0.001274 0.99375 0.721111 0.012500 0.064444 1 0.001174 0.107422 0.671111 0.014688 0.035556 10 0.00109 0.321797 0.548333 0.035156 0.114444
CCTV10^20251112-170000-20251112-175959_004165,10 0.864258 0.693125 0.621111 0.075000 0.112222 11 0.825684 0.82875 0.661111 0.082500 0.111111 2 0.771973 0.207656 0.871111 0.051250 0.100000 5 0.737305 0.625 0.595556 0.033750 0.055556 2 0.014061 0.994375 0.938889 0.011250 0.122222 2 0.00259 0.989375 0.930833 0.021250 0.138333 2 0.002068 0.267969 0.322778 0.011562 0.038889 10 0.001912 0.99125 0.735556 0.017500 0.151111 11 0.001169 0.99125 0.732778 0.017500 0.156667 3 0.001116 0.01165 0.200972 0.020059 0.057500 5 0.001103 0.625 0.595556 0.048750 0.073333 2 0.001065 0.012305 0.977778 0.024414 0.044444
CCTV10^20251112-170000-20251112-175959_004431,1 0.649414 0.233125 0.693333 0.022500 0.053333 10 0.625977 0.865625 0.791111 0.148750 0.222222 2 0.258301 0.9475 0.662778 0.030000 0.056667 2 0.235107 0.994375 0.898889 0.011250 0.117778 4 0.209473 0.29875 0.651111 0.050625 0.075556 7 0.188354 0.298281 0.650556 0.050937 0.075556 12 0.131226 0.298594 0.650556 0.054688 0.080000 2 0.099792 0.98875 0.906667 0.022500 0.117778 1 0.047791 0.228594 0.691111 0.037813 0.057778 1 0.042877 0.2375 0.695 0.036250 0.065556 3 0.018051 0.268906 0.318333 0.012188 0.031111 2 0.006123 0.99375 0.926111 0.012500 0.116667 2 0.005821 0.245938 0.278333 0.009375 0.018889 12 0.002768 0.975 0.757222 0.050000 0.158889 2 0.001655 0.995313 0.874444 0.009375 0.120000 3 0.00149 0.012246 0.201111 0.020508 0.050000 0 0.001285 0.246563 0.265 0.008437 0.021111 1 0.001124 0.16375 0.333333 0.010625 0.024444 7 0.001124 0.89125 0.813333 0.100000 0.148889
CCTV10^20251112-170000-20251112-175959_004435,2 0.72168 0.135547 0.770556 0.037812 0.071111 1 0.529297 0.238594 0.696667 0.023125 0.051111 3 0.383057 0.96 0.935833 0.080000 0.128333 1 0.364746 0.804375 0.690556 0.025000 0.056667 0 0.303955 0.141719 0.681111 0.023125 0.055556 1 0.270508 0.4 0.9 0.041875 0.085556 2 0.199341 0.142266 0.681111 0.022969 0.053333 1 0.047424 0.2225 0.654444 0.016875 0.037778 2 0.039337 0.97 0.684444 0.047500 0.067778 6 0.03595 0.959375 0.934722 0.081250 0.130556 1 0.022797 0.242188 0.696111 0.037500 0.057778 3 0.019714 0.268906 0.318333 0.011875 0.030556 2 0.015778 0.97 0.686111 0.032500 0.054445 1 0.009598 0.233594 0.705556 0.023438 0.046667 1 0.008255 0.8 0.687778 0.040000 0.066667 10 0.007576 0.954062 0.929722 0.091875 0.140556 2 0.004101 0.245937 0.277778 0.009063 0.018889 2 0.003403 0.995 0.668889 0.010000 0.093333 3 0.002705 0.99125 0.716667 0.017500 0.086667 3 0.002531 0.371875 0.577778 0.020000 0.034444 3 0.001325 0.011465 0.199444 0.019766 0.055556
CCTV10^20251112-170000-20251112-175959_004439,2 0.830078 0.134219 0.868889 0.043125 0.088889 10 0.790527 0.295781 0.697778 0.087187 0.145556 0 0.496094 0.111875 0.696667 0.022812 0.053333 4 0.455078 0.649375 0.593889 0.043750 0.065556 12 0.282959 0.228906 0.924722 0.125938 0.150556 11 0.252441 0.230156 0.927222 0.128438 0.145556 11 0.196777 0.650156 0.593889 0.044687 0.066667 9 0.152588 0.649375 0.593333 0.045000 0.066667 3 0.014336 0.26875 0.318333 0.011875 0.030000 0 0.010368 0.113906 0.688889 0.030938 0.064444 2 0.004963 0.245938 0.278056 0.009375 0.018889 10 0.001853 0.99375 0.685556 0.012500 0.122222 9 0.001831 0.229375 0.923889 0.125625 0.152222 3 0.001675 0.011484 0.196389 0.020000 0.068889 2 0.00145 0.995 0.666111 0.010000 0.091111 1 0.001245 0.163789 0.332778 0.010547 0.024444 0 0.001188 0.246563 0.265 0.008437 0.021111 2 0.001107 0.011914 0.978056 0.023633 0.043889
CCTV10^20251112-170000-20251112-175959_004442,2 0.73877 0.125859 0.725556 0.030469 0.061111 1 0.708984 0.121406 0.793333 0.026406 0.060000 0 0.546875 0.0975 0.717222 0.025625 0.057778 2 0.53125 0.142422 0.66 0.022344 0.042222 11 0.445557 0.963125 0.900556 0.073750 0.174444 10 0.194336 0.95875 0.901667 0.082500 0.196667 4 0.108582 0.963125 0.892778 0.073750 0.153333 9 0.048309 0.957812 0.897222 0.084375 0.205556 1 0.022888 0.73125 0.611111 0.020000 0.044444 3 0.015541 0.268906 0.318333 0.012188 0.030556 2 0.005062 0.928125 0.658889 0.028750 0.046667 1 0.004757 0.73 0.61 0.030000 0.055556 2 0.004364 0.24625 0.278056 0.009375 0.019444 5 0.00423 0.560625 0.547778 0.030000 0.050000 2 0.002287 0.080078 0.66 0.022656 0.037778 12 0.00172 0.53 0.107986 0.045000 0.062639 10 0.001174 0.993125 0.683333 0.013750 0.117778 0 0.001161 0.246563 0.265278 0.008125 0.021667 3 0.001053 0.560625 0.546667 0.030000 0.052222 2 0.001044 0.99375 0.666667 0.012500 0.093333 10 0.001004 0.285469 0.532778 0.039062 0.107778
CCTV10^20251112-170000-20251112-175959_004447,3 0.824219 0.65375 0.93 0.087500 0.126667 3 0.817383 0.80375 0.84 0.082500 0.110000 4 0.598145 0.175 0.833333 0.066250 0.105556 1 0.544922 0.088437 0.765 0.023594 0.057778 0 0.535156 0.17875 0.95 0.050000 0.090000 2 0.480469 0.125938 0.868889 0.040312 0.093333 2 0.428223 0.118281 0.817778 0.037500 0.062222 1 0.395996 0.805 0.724444 0.030000 0.062222 11 0.325928 0.39375 0.712222 0.083750 0.124444 4 0.300781 0.116875 0.682778 0.040625 0.061111 7 0.252441 0.175625 0.834445 0.066875 0.107778 12 0.228149 0.393125 0.71 0.081250 0.124444 3 0.195557 0.119062 0.818889 0.040000 0.067778 5 0.152588 0.117188 0.683333 0.040625 0.060000 9 0.095703 0.3925 0.710556 0.088750 0.124444 0 0.069031 0.140937 0.637778 0.016875 0.033333 3 0.014336 0.26875 0.318056 0.012500 0.030556 1 0.006851 0.98 0.702778 0.028750 0.052222 2 0.006313 0.245938 0.278333 0.009375 0.018889 3 0.003416 0.079844 0.66 0.022500 0.037778 1 0.003004 0.8075 0.724444 0.046250 0.067778 0 0.002924 0.121406 0.815556 0.037813 0.062222 3 0.002234 0.115469 0.682778 0.048594 0.065556 2 0.002068 0.995 0.675 0.010000 0.103333 0 0.00181 0.140938 0.631111 0.021875 0.044444 3 0.00132 0.011445 0.200833 0.019570 0.051111 1 0.001197 0.125156 0.87 0.038125 0.091111 10 0.001161 0.9925 0.697778 0.015000 0.108889 0 0.001057 0.246563 0.265 0.008125 0.021111
CCTV10^20251112-170000-20251112-175959_004452,11 0.904785 0.460625 0.755556 0.088750 0.137778 1 0.779785 0.249844 0.712778 0.030000 0.047778 1 0.616699 0.300938 0.841111 0.033750 0.064444 3 0.592773 0.632812 0.594444 0.031875 0.044444 3 0.511719 0.575625 0.608333 0.035000 0.047778 10 0.271973 0.564687 0.54 0.043750 0.075556 1 0.137939 0.923125 0.718333 0.028750 0.061111 6 0.053986 0.564375 0.54 0.043750 0.076667 2 0.041321 0.132266 0.65 0.024375 0.051111 5 0.027069 0.132031 0.648889 0.024063 0.051111 10 0.02153 0.131797 0.648889 0.025313 0.048889 4 0.017776 0.9775 0.688889 0.045000 0.095556 1 0.008125 0.348438 0.604445 0.016250 0.038889 3 0.00639 0.269375 0.318333 0.012188 0.029444 2 0.005344 0.012373 0.978333 0.024395 0.043333 1 0.004868 0.259531 0.724444 0.029687 0.045556 3 0.003325 0.633125 0.590556 0.045000 0.067778 10 0.002234 0.784375 0.265556 0.026250 0.038333 3 0.001623 0.786875 0.266181 0.030000 0.039861 2 0.001383 0.725 0.551111 0.023750 0.035556 2 0.001294 0.78625 0.293333 0.012500 0.021111 2 0.001265 0.246875 0.264444 0.008125 0.022222 12 0.001134 0.529063 0.105556 0.046875 0.068333
CCTV10^20251112-170000-20251112-175959_004456,3 0.726562 0.594688 0.628889 0.044375 0.066667 10 0.699219 0.9325 0.862778 0.135000 0.274444 10 0.645996 0.500625 0.883333 0.176250 0.233333 1 0.026962 0.921875 0.715 0.028750 0.053333 3 0.023605 0.269062 0.318333 0.012500 0.031111 10 0.007786 0.284688 0.535417 0.030625 0.102500 2 0.007175 0.245938 0.278333 0.009375 0.019444 1 0.001675 0.164062 0.333333 0.010312 0.024444 3 0.001325 0.011702 0.202778 0.019487 0.043333 10 0.001305 0.9525 0.82 0.095000 0.360000 2 0.001211 0.246406 0.264722 0.008438 0.021111 12 0.00106 0.53 0.108403 0.045000 0.060972
CCTV10^20251112-170000-20251112-175959_004461,0 0.73877 0.17125 0.834445 0.040625 0.086667 0 0.737305 0.119219 0.853333 0.040469 0.078889 0 0.702637 0.133125 0.723333 0.023750 0.062222 0 0.29248 0.111563 0.676667 0.019375 0.044444 1 0.175537 0.25875 0.937778 0.040625 0.082222 3 0.018188 0.269063 0.318333 0.011875 0.030000 1 0.017181 0.921875 0.715556 0.028750 0.053333 2 0.016464 0.259375 0.937778 0.050625 0.091111 3 0.014389 0.146016 0.633889 0.027812 0.046667 5 0.01107 0.14625 0.633889 0.028750 0.051111 2 0.009712 0.246094 0.2775 0.009063 0.019444 1 0.003622 0.151875 0.659444 0.014375 0.031111 2 0.002323 0.176094 0.84 0.055000 0.093333 2 0.002234 0.106719 0.671111 0.027813 0.048889 3 0.0021 0.011709 0.205556 0.018730 0.037222 2 0.00181 0.9925 0.656667 0.015000 0.088889 12 0.001741 0.246563 0.265 0.008125 0.021667 0 0.001727 0.255938 0.934445 0.048750 0.084444 3 0.001501 0.784375 0.265556 0.023750 0.031667 4 0.001501 0.98625 0.647778 0.026250 0.075556 2 0.001245 0.99375 0.681111 0.012500 0.115556 2 0.001221 0.8275 0.553889 0.022500 0.037778 3 0.001206 0.079531 0.664444 0.023125 0.044444 1 0.001197 0.163906 0.333056 0.010313 0.023889 3 0.001184 0.96875 0.562222 0.040000 0.046667
CCTV10^20251112-170000-20251112-175959_004465,0 0.645996 0.142813 0.773333 0.027187 0.066667 2 0.411133 0.22875 0.896667 0.055625 0.095556 0 0.405518 0.228437 0.895556 0.056250 0.097778 4 0.281494 0.104063 0.772778 0.042500 0.085556 1 0.143677 0.353125 0.837222 0.028750 0.055556 7 0.095337 0.104063 0.71 0.040938 0.084444 2 0.053589 0.103906 0.772778 0.044531 0.085556 2 0.048309 0.136719 0.717778 0.021875 0.054444 3 0.028336 0.269062 0.318056 0.012500 0.030556 1 0.014786 0.921875 0.715556 0.028750 0.054444 10 0.012428 0.364063 0.551111 0.027500 0.071111 2 0.008713 0.245938 0.277778 0.009375 0.018889 0 0.008064 0.137969 0.72 0.021563 0.055556 2 0.007149 0.10375 0.711111 0.039687 0.080000 0 0.005119 0.139219 0.707778 0.019375 0.054444 2 0.00407 0.1175 0.663889 0.021250 0.041111 3 0.003456 0.080137 0.66 0.022539 0.037778 12 0.001734 0.9775 0.767778 0.045000 0.146667 1 0.001472 0.163594 0.333056 0.010312 0.023889 12 0.001444 0.24625 0.264444 0.008437 0.021111 3 0.001432 0.011758 0.2025 0.019883 0.045556 2 0.001383 0.142109 0.776667 0.030469 0.075556 0 0.001274 0.10123 0.754444 0.055352 0.125556 0 0.00123 0.117656 0.663889 0.024063 0.043333 2 0.001081 0.994375 0.655556 0.011250 0.075556
CCTV10^20251112-170000-20251112-175959_004468,10 0.741699 0.359063 0.734445 0.107500 0.168889 0 0.226807 0.10625 0.696667 0.027812 0.057778 2 0.191284 0.106797 0.693333 0.030156 0.068889 0 0.161377 0.190313 0.964445 0.046562 0.071111 12 0.052612 0.189688 0.965556 0.045000 0.068889 3 0.016663 0.269063 0.3175 0.011875 0.028889 1 0.010986 0.92125 0.717778 0.027500 0.053333 1 0.009483 0.95375 0.673333 0.020000 0.044444 2 0.00605 0.245938 0.278056 0.009375 0.019444 1 0.002913 0.951875 0.674444 0.026250 0.056667 2 0.002846 0.993125 0.662222 0.013750 0.086667 10 0.002562 0.9925 0.695 0.015000 0.126667 12 0.002531 0.9775 0.761111 0.045000 0.153333 9 0.0021 0.98625 0.71 0.027500 0.151111 2 0.001597 0.246406 0.263889 0.008125 0.021111 2 0.001399 0.012109 0.978333 0.023984 0.043333 1 0.001372 0.16375 0.332778 0.010000 0.023333 3 0.001151 0.012893 0.205556 0.019409 0.045556
CCTV10^20251112-170000-20251112-175959_004476,1 0.548828 0.124609 0.869444 0.034063 0.070000 2 0.401611 0.137344 0.681667 0.023438 0.054444 10 0.294189 0.643125 0.556667 0.041250 0.067778 6 0.158203 0.643594 0.556528 0.042812 0.069167 3 0.009636 0.269688 0.318333 0.013125 0.031111 2 0.003839 0.24625 0.278333 0.009063 0.020000 1 0.003456 0.92125 0.717778 0.030000 0.055556 3 0.003325 0.78375 0.266111 0.023750 0.035556 12 0.003004 0.97875 0.761111 0.042500 0.146667 12 0.002958 0.53 0.110139 0.043750 0.058333 2 0.002333 0.142656 0.683333 0.029687 0.063333 3 0.002035 0.518125 0.545556 0.022500 0.033333 2 0.001165 0.246563 0.264444 0.008125 0.021111 2 0.001099 0.011963 0.978333 0.023496 0.043333 3 0.001065 0.77875 0.273611 0.017500 0.026667
CCTV10^20251112-170000-20251112-175959_004480,2 0.550781 0.113125 0.694444 0.029687 0.062222 1 0.044678 0.921875 0.714445 0.031250 0.062222 10 0.025177 0.4125 0.563194 0.036250 0.073611 3 0.017181 0.269375 0.318056 0.012500 0.031111 2 0.00304 0.246094 0.263333 0.007500 0.022222 12 0.001755 0.98 0.763889 0.040000 0.148889 2 0.00149 0.245469 0.273889 0.008125 0.025000 2 0.001151 0.993125 0.665556 0.013750 0.102222
CCTV10^20251112-170000-20251112-175959_004484,10 0.852051 0.413125 0.671111 0.081250 0.143333 2 0.757812 0.160469 0.911111 0.058125 0.096667 0 0.488281 0.132734 0.712778 0.025156 0.060000 2 0.112427 0.148906 0.663333 0.022812 0.042222 1 0.054413 0.921875 0.716667 0.028750 0.053333 3 0.007904 0.269062 0.317222 0.012500 0.030000 2 0.005405 0.245938 0.279444 0.009375 0.018889 2 0.002562 0.99375 0.660556 0.012500 0.076667 0 0.002472 0.144609 0.666111 0.025156 0.040000 10 0.002199 0.993125 0.685 0.013750 0.112222 2 0.001972 0.137969 0.707778 0.024531 0.058889 3 0.001611 0.011592 0.199167 0.019980 0.057222 3 0.001519 0.78375 0.265556 0.022500 0.030000 12 0.001289 0.978125 0.764444 0.043750 0.147778 1 0.001069 0.163906 0.333056 0.010313 0.024444 2 0.001044 0.24625 0.290833 0.008125 0.020000 10 0.001012 0.319531 0.567917 0.030312 0.081944
CCTV10^20251112-170000-20251112-175959_004488,10 0.782715 0.338125 0.646667 0.061250 0.115556 3 0.751953 0.5025 0.712222 0.043750 0.066667 1 0.560059 0.266563 0.754444 0.020625 0.046667 1 0.511719 0.115 0.721111 0.016875 0.038889 1 0.486328 0.24125 0.708889 0.028750 0.044444 3 0.42627 0.437188 0.7 0.046875 0.062222 2 0.390381 0.125 0.677778 0.022187 0.046667 1 0.072388 0.251563 0.714445 0.025000 0.031111 1 0.061432 0.144063 0.681111 0.015312 0.042222 1 0.023148 0.921875 0.713889 0.028750 0.060000 2 0.014671 0.124609 0.676111 0.029062 0.063333 3 0.010094 0.269062 0.317778 0.012500 0.031111 1 0.0047 0.2675 0.753333 0.040313 0.052222 2 0.004555 0.245938 0.277778 0.009375 0.020000 3 0.002693 0.4225 0.592222 0.030000 0.056667 3 0.002672 0.97125 0.567778 0.030000 0.034444 1 0.002157 0.26125 0.735556 0.028437 0.036667 3 0.001636 0.011289 0.197639 0.019727 0.062778 2 0.001611 0.118906 0.686667 0.032813 0.057778 2 0.001592 0.99375 0.663333 0.012500 0.086667 2 0.001554 0.118359 0.669444 0.032344 0.050000 1 0.001309 0.163711 0.333333 0.010078 0.024444 1 0.001274 0.243438 0.718333 0.031875 0.050000 2 0.001235 0.24625 0.265 0.008125 0.022222 1 0.001188 0.265781 0.767222 0.023125 0.064444 3 0.001073 0.079609 0.662222 0.021719 0.042222 2 0.001017 0.147422 0.684444 0.020469 0.046667
CCTV10^20251112-170000-20251112-175959_004492,1 0.527344 0.212813 0.713333 0.023125 0.053333 3 0.235107 0.4275 0.606111 0.025625 0.038889 1 0.080627 0.209688 0.714445 0.034688 0.060000 5 0.066589 0.985 0.707778 0.030000 0.071111 1 0.058777 0.921875 0.715556 0.028750 0.054444 3 0.038757 0.985 0.708889 0.030000 0.071111 3 0.010612 0.427812 0.608889 0.029375 0.060000 2 0.007149 0.245938 0.278056 0.009375 0.019444 3 0.005344 0.268906 0.317222 0.012188 0.030000 11 0.003651 0.98375 0.759444 0.032500 0.134444 2 0.002359 0.993125 0.688333 0.013750 0.118889 3 0.002157 0.9725 0.562222 0.033750 0.040000 2 0.001285 0.985 0.698889 0.030000 0.097778 12 0.001188 0.246406 0.265278 0.008438 0.021667 3 0.001143 0.012041 0.204167 0.019902 0.046111 10 0.001017 0.324375 0.527778 0.026875 0.077778
CCTV10^20251112-170000-20251112-175959_004497,2 0.640625 0.089707 0.742222 0.027461 0.064444 2 0.517578 0.135 0.765 0.032813 0.073333 0 0.482422 0.09875 0.792222 0.029688 0.062222 0 0.407227 0.128047 0.856667 0.037187 0.081111 2 0.354004 0.127656 0.856111 0.038281 0.081111 0 0.310791 0.135469 0.765556 0.033438 0.071111 10 0.161377 0.275781 0.601111 0.039062 0.112222 1 0.098755 0.945 0.75 0.022500 0.055556 2 0.095032 0.098984 0.792222 0.032500 0.064444 2 0.074524 0.9925 0.718889 0.015000 0.047778 2 0.009972 0.94375 0.743333 0.035000 0.075556 1 0.0093 0.598125 0.576667 0.013750 0.031111 2 0.009018 0.9925 0.66 0.015000 0.093333 3 0.004925 0.269063 0.317222 0.012188 0.030000 2 0.004829 0.246094 0.277778 0.009063 0.018889 2 0.004738 0.99375 0.741111 0.012500 0.100000 2 0.004135 0.095547 0.778889 0.035313 0.073333 2 0.002958 0.993125 0.698889 0.013750 0.091111 2 0.001675 0.133359 0.748889 0.030469 0.064444 3 0.001421 0.01208 0.205833 0.020020 0.043333 4 0.00141 0.98875 0.651667 0.021250 0.085556 12 0.001389 0.246406 0.264722 0.008438 0.021667 12 0.001378 0.287656 0.965556 0.048750 0.068889 1 0.001081 0.59625 0.581111 0.020000 0.048889
CCTV10^20251112-170000-20251112-175959_004500,3 0.818848 0.835625 0.874444 0.080000 0.104444 10 0.596191 0.635625 0.62 0.073750 0.106667 1 0.542969 0.264375 0.754444 0.027500 0.053333 3 0.420654 0.85375 0.781111 0.085000 0.104444 5 0.392334 0.8525 0.781111 0.078750 0.097778 10 0.348633 0.330938 0.614444 0.058125 0.131111 2 0.046387 0.98 0.705556 0.030000 0.052222 1 0.019867 0.265938 0.757222 0.045313 0.061111 2 0.013901 0.99375 0.666111 0.012500 0.101111 12 0.013741 0.9925 0.77 0.015000 0.102222 1 0.009018 0.265781 0.768333 0.024062 0.058889 2 0.008644 0.985 0.748333 0.028750 0.101111 9 0.008476 0.98875 0.765556 0.022500 0.120000 10 0.007812 0.60875 0.52 0.046250 0.068889 1 0.005489 0.260469 0.746111 0.028750 0.055556 2 0.003929 0.91 0.492778 0.040000 0.082222 2 0.002834 0.993125 0.697778 0.012500 0.066667 12 0.0028 0.988125 0.771111 0.023750 0.117778 2 0.002758 0.0121 0.979445 0.023848 0.041111 2 0.00255 0.98 0.712222 0.037500 0.085556 1 0.00226 0.216719 0.353333 0.011875 0.026667 10 0.002234 0.985 0.735 0.030000 0.165556 3 0.00214 0.269375 0.317222 0.011250 0.028889 0 0.001536 0.765 0.311111 0.007500 0.024444 2 0.001501 0.246719 0.263889 0.007500 0.024444 5 0.001367 0.126172 0.547222 0.050469 0.172222 12 0.001289 0.124375 0.535417 0.058281 0.182500
CCTV10^20251112-170000-20251112-175959_004504,10 0.844727 0.82 0.743889 0.132500 0.184444 2 0.432129 0.183437 0.954444 0.049375 0.088889 0 0.334473 0.184219 0.954444 0.051250 0.086667 11 0.011597 0.82 0.744444 0.132500 0.188889 3 0.003809 0.268906 0.317222 0.012812 0.030000 2 0.003052 0.246094 0.278333 0.009375 0.020000 2 0.002672 0.99375 0.66 0.012500 0.075556 3 0.001755 0.01168 0.198333 0.020352 0.059444
CCTV10^20251112-170000-20251112-175959_004509,3 0.732422 0.57875 0.611111 0.041250 0.055556 2 0.662109 0.131719 0.711111 0.026875 0.060000 0 0.151978 0.242188 0.911111 0.047500 0.086667 2 0.144165 0.110781 0.685556 0.022813 0.056667 2 0.061646 0.2425 0.911111 0.049375 0.086667 1 0.03125 0.241406 0.911111 0.045313 0.086667 10 0.020493 0.99 0.763333 0.020000 0.186667 10 0.009338 0.286875 0.529444 0.032500 0.094444 5 0.004215 0.99 0.727778 0.020000 0.112222 2 0.00407 0.245938 0.278333 0.009375 0.018889 3 0.00407 0.26875 0.316111 0.011875 0.027778 9 0.003622 0.99 0.733889 0.020000 0.125556 2 0.003111 0.99375 0.667778 0.012500 0.100000 2 0.002306 0.115859 0.693333 0.036875 0.078889 2 0.001592 0.107891 0.696667 0.021875 0.060000 3 0.001394 0.079844 0.66 0.021875 0.037778 3 0.00133 0.01168 0.199028 0.020234 0.057500 12 0.001305 0.24625 0.264444 0.008125 0.021667 3 0.001116 0.585625 0.610556 0.056250 0.070000
CCTV10^20251112-170000-20251112-175959_004513,1 0.756348 0.3325 0.785 0.026250 0.050000 1 0.695801 0.295156 0.805 0.032500 0.063333 0 0.560059 0.104531 0.716667 0.026563 0.055556 1 0.038605 0.214375 0.976111 0.050000 0.047778 1 0.016098 0.29875 0.807778 0.048750 0.072222 1 0.01297 0.30625 0.795556 0.058125 0.064444 3 0.003914 0.26875 0.317222 0.012500 0.030000 2 0.003664 0.245938 0.277778 0.009375 0.020000 2 0.001255 0.10125 0.715556 0.038125 0.060000 2 0.00123 0.08 0.660556 0.022187 0.037778 3 0.001078 0.012012 0.201944 0.020430 0.050556
CCTV10^20251112-170000-20251112-175959_004517,10 0.770508 0.433125 0.596667 0.051250 0.096667 3 0.713867 0.72375 0.745 0.067500 0.085556 10 0.680664 0.469688 0.778333 0.113125 0.185556 1 0.386719 0.850625 0.746111 0.031250 0.067778 12 0.093018 0.47 0.776111 0.107500 0.185556 2 0.069275 0.144609 0.679444 0.023281 0.054444 0 0.017578 0.144375 0.678333 0.026250 0.054444 1 0.007065 0.3525 0.850556 0.022500 0.047778 2 0.006798 0.245938 0.277222 0.009375 0.021111 3 0.005844 0.269062 0.316667 0.012500 0.028889 0 0.00259 0.24625 0.265556 0.008437 0.022222 10 0.001926 0.99375 0.683333 0.012500 0.113333 3 0.001818 0.011289 0.196528 0.019922 0.074722 2 0.001037 0.8275 0.553889 0.022500 0.036667
CCTV10^20251112-170000-20251112-175959_004521,10 0.773438 0.301719 0.675556 0.075938 0.124444 2 0.195557 0.117188 0.701111 0.029375 0.064444 12 0.135254 0.117188 0.701111 0.028750 0.062222 4 0.046722 0.117344 0.701111 0.030156 0.064444 9 0.032593 0.117266 0.700556 0.030781 0.064444 0 0.025085 0.137656 0.642222 0.018437 0.040000 3 0.013123 0.322578 0.598889 0.022344 0.048889 2 0.009338 0.137812 0.643333 0.018906 0.040000 2 0.006439 0.245938 0.276667 0.009375 0.021111 3 0.00502 0.269219 0.317222 0.013125 0.031111 0 0.002359 0.136875 0.635556 0.024375 0.053333 3 0.001567 0.011514 0.200694 0.019941 0.057778 2 0.001525 0.24625 0.265278 0.008750 0.022222 3 0.001467 0.07957 0.661111 0.022109 0.038889 3 0.001017 0.97 0.565556 0.035000 0.040000
CCTV10^20251112-170000-20251112-175959_004524,3 0.757812 0.785 0.76 0.070000 0.091111 3 0.663574 0.66 0.615556 0.036250 0.048889 0 0.399902 0.114609 0.721667 0.032031 0.064444 1 0.089111 0.6875 0.587222 0.017500 0.036667 2 0.034882 0.113281 0.726111 0.034375 0.071111 2 0.010986 0.98625 0.71 0.027500 0.062222 2 0.005959 0.245781 0.276667 0.009062 0.021667 3 0.003325 0.269375 0.317222 0.013125 0.031111 2 0.003124 0.9925 0.698889 0.015000 0.081111 2 0.001642 0.995 0.678889 0.010000 0.111111 2 0.001585 0.24625 0.265556 0.008125 0.023333 1 0.001367 0.681875 0.591111 0.026250 0.042222 3 0.001081 0.011462 0.203889 0.019575 0.047222
CCTV10^20251112-170000-20251112-175959_004528,10 0.82666 0.336563 0.654444 0.065625 0.117778 1 0.622559 0.175352 0.922222 0.034297 0.071111 1 0.611328 0.3575 0.782222 0.034375 0.060000 0 0.546875 0.114219 0.716667 0.029063 0.068889 1 0.038452 0.434375 0.97 0.037500 0.060000 2 0.012627 0.245625 0.2775 0.009687 0.021111 1 0.00629 0.44 0.962778 0.052500 0.074444 1 0.005554 0.18375 0.935556 0.056875 0.100000 3 0.003111 0.269375 0.317222 0.013125 0.030556 2 0.002531 0.24625 0.265833 0.008750 0.022778 1 0.002216 0.171875 0.923333 0.049063 0.088889 3 0.001129 0.97125 0.562222 0.035000 0.038889
CCTV10^20251112-170000-20251112-175959_004532,3 0.759277 0.561563 0.956111 0.075625 0.087778 3 0.713867 0.641875 0.918889 0.087500 0.128889 10 0.665527 0.62875 0.567222 0.052500 0.090000 0 0.660156 0.096875 0.782778 0.031562 0.073333 1 0.435791 0.791875 0.653333 0.018750 0.040000 0 0.370117 0.144688 0.79 0.030937 0.068889 2 0.300781 0.098906 0.728889 0.027187 0.054444 2 0.23938 0.145156 0.790556 0.033437 0.070000 2 0.166138 0.096797 0.783333 0.033281 0.076667 1 0.163452 0.133281 0.748889 0.022500 0.053333 2 0.105957 0.135937 0.687778 0.023125 0.062222 0 0.09668 0.137656 0.750556 0.029687 0.054444 2 0.074219 0.105469 0.707778 0.036250 0.076667 11 0.06076 0.109375 0.684444 0.036563 0.062222 6 0.052612 0.109531 0.683889 0.037500 0.062222 1 0.019714 0.79375 0.65 0.028750 0.048889 2 0.005081 0.245938 0.277222 0.009375 0.021111 2 0.002855 0.126406 0.686667 0.029219 0.062222 12 0.002192 0.976875 0.762222 0.046250 0.148889 3 0.001957 0.9475 0.671111 0.045000 0.064444 3 0.00149 0.268906 0.316667 0.012812 0.030000 2 0.001478 0.24625 0.266111 0.008437 0.022222 2 0.001179 0.142031 0.686667 0.033125 0.071111 3 0.001161 0.01158 0.203194 0.019849 0.050833 12 0.001124 0.110625 0.680556 0.037500 0.072222
CCTV10^20251112-170000-20251112-175959_004536,5 0.806641 0.8825 0.830556 0.095000 0.125556 6 0.607422 0.705 0.616111 0.052500 0.083333 2 0.537109 0.139531 0.683889 0.022344 0.052222 1 0.523438 0.23875 0.696111 0.025000 0.053333 0 0.388672 0.089453 0.815556 0.026719 0.060000 2 0.307373 0.183281 0.961667 0.051250 0.076667 2 0.085693 0.127188 0.651111 0.020156 0.042222 2 0.069519 0.9725 0.695 0.032500 0.060000 0 0.05014 0.183281 0.962222 0.048125 0.075556 5 0.049774 0.377187 0.587778 0.026875 0.057778 1 0.015488 0.234219 0.703333 0.024688 0.048889 2 0.009781 0.142344 0.684444 0.030469 0.064444 1 0.004738 0.150781 0.627222 0.013437 0.031111 2 0.004433 0.99375 0.664445 0.012500 0.087778 2 0.003975 0.985625 0.684444 0.027500 0.093333 3 0.003708 0.3775 0.588889 0.026250 0.057778 2 0.003376 0.24625 0.277222 0.009375 0.020556 3 0.002981 0.269219 0.316667 0.013438 0.030556 3 0.001661 0.011914 0.200278 0.020469 0.057778 0 0.00126 0.246406 0.266111 0.008438 0.023333
CCTV10^20251112-170000-20251112-175959_004540,2 0.672363 0.141016 0.784445 0.035312 0.068889 10 0.618652 0.582188 0.555417 0.048125 0.080278 0 0.166626 0.1325 0.744444 0.024375 0.052222 0 0.063049 0.135391 0.76 0.033594 0.077778 2 0.01001 0.99375 0.727778 0.012500 0.048889 2 0.007904 0.24625 0.277222 0.009063 0.020556 3 0.002867 0.269688 0.3175 0.014375 0.031667 2 0.002581 0.99375 0.761111 0.012500 0.140000 3 0.00227 0.406563 0.56 0.020000 0.031111 2 0.001904 0.24625 0.265556 0.008437 0.022222 1 0.001681 0.163906 0.332778 0.010000 0.023333 9 0.001536 0.978125 0.761111 0.043750 0.160000 2 0.001432 0.99375 0.67 0.012500 0.102222 3 0.00132 0.99125 0.726667 0.017500 0.060000 2 0.001174 0.994375 0.696667 0.011250 0.111111 3 0.001028 0.97 0.562222 0.035000 0.043333
CCTV10^20251112-170000-20251112-175959_004544,3 0.743164 0.593125 0.646667 0.050625 0.057778 3 0.716797 0.559375 0.587778 0.030000 0.045556 3 0.449463 0.68375 0.632778 0.038750 0.055556 2 0.010696 0.245938 0.2775 0.009375 0.021111 1 0.002823 0.164062 0.332778 0.010000 0.023333 3 0.002611 0.269688 0.317222 0.014375 0.032222 2 0.002115 0.24625 0.265833 0.008437 0.023333 3 0.001919 0.96875 0.561111 0.037500 0.046667 3 0.001341 0.011853 0.205833 0.019692 0.045000 2 0.001081 0.99375 0.667222 0.012500 0.096667
CCTV10^20251112-170000-20251112-175959_004548,0 0.689453 0.131406 0.72 0.026406 0.060000 2 0.011467 0.24625 0.276111 0.009375 0.021111 4 0.005219 0.425 0.578889 0.033750 0.056667 3 0.003147 0.269844 0.317222 0.014375 0.032222 2 0.002632 0.130859 0.725 0.030469 0.072222 2 0.002493 0.24625 0.265833 0.008750 0.023333 3 0.002434 0.97 0.562222 0.035000 0.044444 1 0.00145 0.16375 0.332778 0.010000 0.023889 2 0.001032 0.9925 0.664445 0.015000 0.100000
CCTV10^20251112-170000-20251112-175959_004551,10 0.830078 0.311563 0.781111 0.126250 0.177778 3 0.071594 0.7275 0.928889 0.135000 0.142222 5 0.018906 0.728125 0.930556 0.132500 0.138889 2 0.011162 0.245625 0.276389 0.009375 0.022778 2 0.002981 0.246094 0.265556 0.008437 0.023333 10 0.002226 0.72875 0.918889 0.135000 0.162222 3 0.001919 0.011533 0.202778 0.019746 0.050556 3 0.001289 0.269688 0.316389 0.013750 0.031667 1 0.001245 0.164023 0.332778 0.010078 0.024444 11 0.001225 0.73 0.915556 0.135000 0.168889 3 0.001161 0.970625 0.564444 0.035000 0.041111 2 0.001161 0.9925 0.666667 0.015000 0.102222 12 0.001032 0.0075 0.404444 0.014844 0.075556
CCTV10^20251112-170000-20251112-175959_004555,10 0.829102 0.33875 0.699445 0.105625 0.141111 10 0.771973 0.569375 0.583194 0.054375 0.095833 1 0.607422 0.177031 0.83 0.033125 0.066667 2 0.416748 0.117188 0.834444 0.041563 0.083333 1 0.329346 0.271875 0.956667 0.044375 0.080000 0 0.324219 0.1175 0.834445 0.041562 0.084444 0 0.230957 0.120313 0.671667 0.022187 0.052222 0 0.190063 0.3275 0.886111 0.028125 0.066667 10 0.15979 0.65625 0.560556 0.046250 0.074444 6 0.110107 0.65625 0.560972 0.047500 0.073611 1 0.110107 0.326797 0.886111 0.027656 0.067778 2 0.024139 0.120469 0.669444 0.022500 0.050000 2 0.015251 0.275625 0.948889 0.057500 0.095556 10 0.006691 0.374375 0.578889 0.038750 0.080000 1 0.005981 0.333125 0.881111 0.043125 0.073333 10 0.005219 0.320625 0.590556 0.027500 0.082222 1 0.004681 0.282188 0.965556 0.058125 0.062222 2 0.002901 0.246094 0.276667 0.009063 0.022222 2 0.002234 0.9925 0.66 0.015000 0.091111 3 0.001507 0.97125 0.562222 0.035000 0.044444 3 0.001294 0.269688 0.316389 0.014375 0.030556 1 0.001169 0.347813 0.601111 0.015000 0.048889 2 0.001143 0.011768 0.978056 0.023340 0.043889 3 0.001073 0.011504 0.202083 0.020078 0.058056
CCTV10^20251112-170000-20251112-175959_004559,5 0.756348 0.493125 0.745556 0.051250 0.086667 1 0.511719 0.45875 0.661111 0.037500 0.046667 1 0.474609 0.3725 0.765556 0.032500 0.062222 1 0.437744 0.233125 0.681111 0.031250 0.044444 5 0.104858 0.4175 0.574444 0.025000 0.044444 3 0.06189 0.372187 0.588889 0.021875 0.041111 2 0.022888 0.372188 0.588333 0.022500 0.041111 3 0.011688 0.41625 0.574444 0.027500 0.047778 1 0.011292 0.235625 0.682222 0.040625 0.060000 10 0.007431 0.28625 0.531389 0.031875 0.087222 2 0.00526 0.245781 0.2775 0.009375 0.022222 0 0.002823 0.3725 0.594444 0.026875 0.064444 2 0.002359 0.9925 0.661111 0.015000 0.088889 1 0.002192 0.2275 0.686667 0.034375 0.047778 2 0.001942 0.246094 0.265556 0.008437 0.022778 1 0.001904 0.37875 0.765556 0.055000 0.076667 3 0.001536 0.97 0.562222 0.036250 0.044444 12 0.00109 0.3225 0.560556 0.031250 0.116667 3 0.001012 0.373125 0.596667 0.026250 0.062222
CCTV10^20251112-170000-20251112-175959_004563,5 0.789062 0.631875 0.62 0.043750 0.064444 10 0.743164 0.289687 0.627222 0.064375 0.104444 2 0.73584 0.118672 0.817778 0.044687 0.075556 0 0.70752 0.176719 0.825556 0.039375 0.080000 0 0.348633 0.136406 0.686111 0.020313 0.056667 2 0.095337 0.177813 0.826667 0.048750 0.084445 2 0.005219 0.245938 0.277222 0.009375 0.021111 3 0.002571 0.97 0.56 0.040000 0.048889 10 0.002216 0.324688 0.524722 0.025000 0.069444 4 0.001926 0.9875 0.647778 0.025000 0.075556 3 0.0017 0.635 0.621111 0.053750 0.080000 0 0.001495 0.24625 0.266389 0.008125 0.023333 3 0.001188 0.269063 0.316667 0.013125 0.031111 2 0.001116 0.99375 0.657778 0.012500 0.081111
CCTV10^20251112-170000-20251112-175959_004568,4 0.804199 0.409688 0.661667 0.045625 0.068889 2 0.702637 0.164687 0.925556 0.056875 0.101111 3 0.501953 0.616875 0.582778 0.038125 0.046667 1 0.476562 0.397813 0.933333 0.036875 0.075556 1 0.137573 0.136797 0.747778 0.021094 0.055556 2 0.007812 0.245781 0.276667 0.009375 0.021111 3 0.003483 0.970625 0.562222 0.037500 0.044444 2 0.002165 0.24625 0.265278 0.008437 0.022222 3 0.001853 0.270313 0.316667 0.015625 0.032222 1 0.001768 0.163594 0.332778 0.010000 0.023333 3 0.001455 0.011855 0.207222 0.019648 0.040000 2 0.00145 0.995 0.72 0.010000 0.077778 1 0.001416 0.392813 0.946111 0.043125 0.084445 12 0.001156 0.995 0.737778 0.010000 0.090000 0 0.001138 0.135078 0.746667 0.026406 0.057778 2 0.001134 0.99375 0.675556 0.012500 0.112222
CCTV10^20251112-170000-20251112-175959_004572,3 0.535156 0.83125 0.673333 0.048750 0.066667 1 0.413086 0.215 0.662222 0.017812 0.042222 2 0.014229 0.9725 0.687778 0.045000 0.064444 1 0.012291 0.218125 0.667222 0.026563 0.048889 2 0.006588 0.995 0.671111 0.010000 0.086667 4 0.0047 0.760625 0.613333 0.051250 0.066667 2 0.004025 0.245938 0.2775 0.009375 0.020556 1 0.00227 0.211875 0.656111 0.023125 0.057778 3 0.002226 0.969375 0.561667 0.036250 0.046667 3 0.001675 0.27 0.317222 0.015000 0.032222 2 0.001507 0.99375 0.684444 0.012500 0.072222 3 0.00149 0.76 0.616667 0.050000 0.057778
CCTV10^20251112-170000-20251112-175959_004575,2 0.73877 0.133359 0.877778 0.046562 0.088889 3 0.642578 0.656875 0.687778 0.047500 0.062222 3 0.57959 0.83125 0.673889 0.048750 0.066667 2 0.066101 0.2775 0.975 0.046250 0.050000 2 0.003765 0.245781 0.276667 0.009062 0.021667 4 0.001467 0.76125 0.612222 0.047500 0.066667 3 0.001335 0.760625 0.615556 0.048750 0.057778 3 0.001269 0.97 0.562222 0.037500 0.046667 3 0.001065 0.01166 0.198611 0.020547 0.067222
CCTV10^20251112-170000-20251112-175959_004579,3 0.513672 0.83125 0.673333 0.047500 0.064444 1 0.363037 0.100625 0.73 0.019063 0.053333 2 0.083618 0.125469 0.676111 0.022969 0.064444 10 0.076965 0.604688 0.544306 0.042500 0.069167 2 0.060089 0.150469 0.666667 0.020625 0.048889 2 0.006123 0.245469 0.276667 0.009375 0.021667 2 0.00227 0.24625 0.265556 0.008125 0.022222 4 0.001768 0.76125 0.616667 0.047500 0.057778 3 0.001623 0.76125 0.617778 0.047500 0.054444 3 0.001367 0.269531 0.315833 0.014063 0.030000 2 0.001346 0.116094 0.662222 0.030313 0.042222 3 0.001235 0.9725 0.561667 0.035000 0.041111 2 0.001124 0.079297 0.662778 0.022656 0.042222
CCTV10^20251112-170000-20251112-175959_004583,2 0.700684 0.097656 0.776667 0.034375 0.077778 3 0.521484 0.83125 0.673889 0.050000 0.066667 1 0.381104 0.6875 0.584444 0.020000 0.040000 1 0.032715 0.69 0.59 0.027500 0.064444 2 0.005913 0.245625 0.274722 0.009063 0.023889 3 0.00518 0.760625 0.619444 0.047500 0.052222 0 0.00279 0.099395 0.776667 0.043398 0.080000 2 0.002705 0.246094 0.265 0.008437 0.023333 4 0.002512 0.760625 0.617222 0.047500 0.057778 2 0.001536 0.760625 0.603333 0.048750 0.084444
CCTV10^20251112-170000-20251112-175959_004587,10 0.835449 0.676875 0.621111 0.073750 0.111111 5 0.743164 0.450625 0.742778 0.055000 0.083333 2 0.679199 0.132109 0.729445 0.023125 0.057778 2 0.665527 0.273281 0.947778 0.050625 0.086667 2 0.633301 0.219688 0.958889 0.058750 0.080000 3 0.521484 0.83125 0.673889 0.048750 0.066667 1 0.315674 0.121328 0.690556 0.018594 0.043333 0 0.169922 0.104531 0.678889 0.020937 0.051111 1 0.028107 0.11 0.682778 0.025625 0.052222 2 0.014175 0.245938 0.275 0.009375 0.022222 11 0.014008 0.555 0.556111 0.030625 0.051111 4 0.011871 0.555 0.556667 0.032500 0.057778 2 0.005913 0.246094 0.265556 0.008750 0.023333 2 0.005798 0.128594 0.723333 0.034375 0.057778 2 0.004025 0.99375 0.661111 0.012500 0.082222 1 0.003736 0.163906 0.332778 0.010000 0.023333 0 0.003376 0.125625 0.698333 0.026250 0.055556 3 0.002758 0.27 0.314444 0.014375 0.028333 0 0.00227 0.135703 0.733333 0.026875 0.063333 3 0.00202 0.41 0.573889 0.021250 0.034444 10 0.001604 0.950625 0.212778 0.098750 0.425556 1 0.001315 0.290625 0.321944 0.009375 0.022778 1 0.0013 0.123594 0.683333 0.030937 0.055556 2 0.001151 0.7875 0.296111 0.010000 0.023333
CCTV10^20251112-170000-20251112-175959_004591,2 0.725098 0.129375 0.828333 0.046563 0.077778 1 0.686035 0.71375 0.614444 0.020000 0.042222 2 0.59082 0.11125 0.697778 0.033750 0.067778 3 0.527344 0.83125 0.673889 0.047500 0.065556 5 0.505859 0.284063 0.66 0.030625 0.050000 3 0.428223 0.585625 0.565556 0.026875 0.040000 3 0.237915 0.284375 0.661111 0.030625 0.046667 2 0.009163 0.245937 0.275 0.009063 0.023889 4 0.004848 0.141094 0.663333 0.021094 0.046667 4 0.00399 0.9775 0.963333 0.045000 0.073333 2 0.003944 0.246094 0.265556 0.008437 0.024444 1 0.003679 0.7125 0.606667 0.030000 0.064444 2 0.003235 0.141016 0.663889 0.020781 0.045556 3 0.00259 0.589688 0.566667 0.036875 0.051111 3 0.002174 0.8275 0.553333 0.020000 0.042222 2 0.001421 0.7875 0.295556 0.010000 0.024444 2 0.001289 0.994375 0.667222 0.011250 0.094444 2 0.001124 0.8275 0.554444 0.021250 0.038889 3 0.001065 0.269375 0.314444 0.013750 0.027778
CCTV10^20251112-170000-20251112-175959_004595,5 0.858887 0.585938 0.612222 0.041250 0.064444 2 0.6875 0.183711 0.92 0.048828 0.091111 3 0.527344 0.831875 0.673889 0.048750 0.066667 5 0.256836 0.69625 0.592222 0.051250 0.071111 10 0.069275 0.69625 0.591667 0.050000 0.074444 6 0.065613 0.69625 0.591111 0.050000 0.067778 0 0.030563 0.184063 0.922222 0.049375 0.091111 2 0.011551 0.245625 0.275 0.009375 0.022778 2 0.004417 0.245937 0.265556 0.008438 0.022222 2 0.002323 0.7875 0.296111 0.010000 0.023333 2 0.001687 0.99375 0.665 0.012500 0.087778 3 0.001372 0.269063 0.315 0.013750 0.027778 9 0.001143 0.985 0.708889 0.030000 0.060000
CCTV10^20251112-170000-20251112-175959_004599,2 0.740234 0.140156 0.762222 0.032500 0.064444 2 0.725098 0.109375 0.761111 0.030313 0.057778 0 0.644043 0.103047 0.802222 0.030469 0.062222 3 0.556641 0.59 0.579444 0.028750 0.041111 3 0.498047 0.83125 0.673889 0.047500 0.065556 1 0.392334 0.678125 0.585556 0.018750 0.033333 0 0.359375 0.095469 0.752222 0.027500 0.057778 2 0.250977 0.133281 0.651111 0.022500 0.048889 0 0.221313 0.101719 0.756667 0.036563 0.060000 0 0.169922 0.140156 0.691111 0.018125 0.044444 0 0.117554 0.1025 0.774444 0.032344 0.053333 2 0.083862 0.139688 0.692222 0.020313 0.046667 1 0.010132 0.68 0.581111 0.025000 0.046667 2 0.007549 0.245625 0.274444 0.009375 0.024444 1 0.007065 0.67625 0.582222 0.027500 0.035556 0 0.004944 0.092969 0.742222 0.022500 0.051111 2 0.003551 0.246094 0.265556 0.008437 0.023889 4 0.001853 0.760625 0.616111 0.048750 0.060000 2 0.001714 0.136563 0.698333 0.028281 0.043333 2 0.001629 0.100469 0.805 0.037188 0.071111 2 0.001455 0.9925 0.658889 0.015000 0.086667 3 0.001399 0.011172 0.195 0.019844 0.078889 2 0.001346 0.128359 0.642222 0.033594 0.051111 10 0.001289 0.5725 0.52 0.038750 0.058889 3 0.001057 0.269063 0.314444 0.014375 0.028889 0 0.001048 0.136875 0.676111 0.027812 0.041111
CCTV10^20251112-170000-20251112-175959_004602,10 0.861328 0.69375 0.624444 0.077500 0.115556 2 0.777344 0.101562 0.761667 0.037500 0.067778 4 0.763672 0.609063 0.634444 0.046875 0.063333 3 0.702637 0.405625 0.642222 0.040000 0.055556 0 0.635254 0.144531 0.894444 0.043750 0.084444 3 0.541016 0.83125 0.673889 0.047500 0.064444 12 0.338135 0.5975 0.907778 0.087500 0.153333 7 0.063477 0.598125 0.906667 0.086250 0.153333 0 0.010208 0.082012 0.671111 0.031289 0.057778 2 0.007233 0.081074 0.67 0.028789 0.054444 2 0.006439 0.245938 0.274444 0.009375 0.024444 2 0.004757 0.24625 0.265 0.008750 0.023333 3 0.003944 0.57125 0.85 0.053750 0.066667 2 0.001741 0.7875 0.295556 0.010000 0.023333 12 0.001124 0.143594 0.898889 0.041563 0.091111
CCTV10^20251112-170000-20251112-175959_004606,10 0.84082 0.357578 0.696667 0.082344 0.143333 2 0.775879 0.233125 0.917778 0.049063 0.088889 2 0.770508 0.171289 0.837222 0.049922 0.081111 11 0.763672 0.445625 0.635 0.047500 0.071111 3 0.737305 0.483438 0.68 0.039375 0.055556 3 0.730957 0.685 0.703333 0.050000 0.067778 0 0.668945 0.101562 0.712222 0.024687 0.062222 3 0.563965 0.83125 0.673889 0.047500 0.064444 0 0.016022 0.100078 0.711111 0.036406 0.073333 2 0.013168 0.245625 0.273889 0.009375 0.025000 2 0.01001 0.245937 0.265278 0.008750 0.023333 9 0.009781 0.445937 0.633333 0.046875 0.068889 1 0.00215 0.163789 0.332222 0.009922 0.023333 3 0.001727 0.269219 0.314167 0.013438 0.025556 12 0.001629 0.007329 0.406111 0.014482 0.061667 10 0.001567 0.94875 0.216111 0.102500 0.432222 3 0.00149 0.76125 0.62 0.047500 0.051111 2 0.001455 0.7875 0.294167 0.010000 0.022778 4 0.0013 0.76125 0.620556 0.047500 0.051111 2 0.001156 0.99375 0.664445 0.012500 0.084444 2 0.00109 0.30125 0.972778 0.048125 0.053333 0 0.001078 0.82625 0.327222 0.015000 0.047778
CCTV10^20251112-170000-20251112-175959_004610,3 0.594727 0.6675 0.633333 0.037500 0.054444 3 0.554688 0.83125 0.674444 0.047500 0.066667 0 0.457031 0.246094 0.924444 0.046875 0.095556 2 0.033844 0.247188 0.927778 0.053750 0.097778 1 0.014336 0.053672 0.791667 0.019375 0.060000 2 0.010902 0.245625 0.274167 0.009375 0.023889 0 0.009781 0.053438 0.79 0.019531 0.057778 2 0.007175 0.245937 0.265278 0.008750 0.023333 3 0.005241 0.41 0.565 0.017500 0.032222 4 0.002562 0.761875 0.618889 0.047500 0.053333 3 0.002182 0.522188 0.548889 0.025000 0.037778 10 0.001649 0.9475 0.212778 0.105000 0.425556 11 0.001351 0.370625 0.578889 0.033750 0.071111 0 0.001325 0.82625 0.3275 0.015000 0.048333 1 0.00124 0.16375 0.332222 0.010000 0.024444 9 0.001134 0.369375 0.577778 0.031875 0.071111 3 0.001112 0.269219 0.313889 0.014063 0.026667 3 0.001065 0.01125 0.196389 0.019844 0.066111
CCTV10^20251112-170000-20251112-175959_004614,5 0.57373 0.711875 0.654444 0.041250 0.068889 3 0.558105 0.831875 0.673333 0.048750 0.064444 3 0.501953 0.615625 0.6 0.032500 0.045556 2 0.201782 0.23625 0.911111 0.041250 0.086667 0 0.187744 0.237031 0.911111 0.040937 0.085556 2 0.019638 0.245625 0.273889 0.009375 0.024444 0 0.016342 0.054609 0.794444 0.022031 0.048889 2 0.016098 0.245781 0.265278 0.008437 0.023333 3 0.006824 0.6175 0.6 0.043750 0.057778 1 0.004944 0.163711 0.332222 0.009453 0.022222 2 0.004757 0.99375 0.658889 0.012500 0.086667 10 0.003679 0.94875 0.214028 0.102500 0.428056 0 0.001875 0.82625 0.327222 0.015000 0.048889 3 0.001455 0.268281 0.3125 0.012500 0.023333 3 0.00104 0.010986 0.197222 0.019199 0.063056
CCTV10^20251112-170000-20251112-175959_004618,10 0.817383 0.84625 0.766111 0.135000 0.192222 5 0.29248 0.123906 0.68 0.034063 0.053333 3 0.279785 0.8325 0.672222 0.043750 0.056667 2 0.144165 0.124063 0.681111 0.034375 0.055556 2 0.025955 0.245625 0.273889 0.009375 0.025556 2 0.014389 0.245937 0.265556 0.008750 0.023333 1 0.006462 0.215625 0.772222 0.016250 0.038889 0 0.003824 0.82625 0.327222 0.015000 0.049444 1 0.003124 0.16375 0.332222 0.009375 0.022778 10 0.002581 0.946875 0.2125 0.106250 0.425000 3 0.002306 0.268281 0.311667 0.011875 0.022222 4 0.00227 0.76125 0.618333 0.047500 0.055556 2 0.00209 0.7875 0.295 0.010000 0.022222 2 0.001616 0.9925 0.658889 0.015000 0.086667 3 0.001536 0.76125 0.618333 0.047500 0.053333 1 0.001461 0.215781 0.35 0.011250 0.023333 12 0.001309 0.007495 0.405278 0.014834 0.057222 4 0.001221 0.98875 0.647778 0.022500 0.077778 2 0.001206 0.764375 0.311667 0.008750 0.025000 2 0.001121 0.7875 0.309167 0.007500 0.016667 2 0.001095 0.011826 0.978889 0.023223 0.042222
CCTV10^20251112-170000-20251112-175959_004622,3 0.541016 0.83125 0.673333 0.047500 0.064444 3 0.482422 0.703125 0.723333 0.051250 0.080000 4 0.348633 0.72 0.689444 0.047500 0.066667 1 0.320801 0.725625 0.617778 0.020000 0.042222 2 0.275146 0.127969 0.695 0.022500 0.056667 3 0.258301 0.72 0.690556 0.047500 0.066667 5 0.218628 0.70375 0.723333 0.050000 0.080000 2 0.016525 0.245312 0.273889 0.009375 0.024444 2 0.007404 0.245625 0.265 0.008750 0.022778 0 0.004467 0.82625 0.3275 0.015000 0.049444 3 0.004101 0.70875 0.708333 0.055000 0.078889 10 0.002855 0.94625 0.2075 0.107500 0.415000 2 0.001775 0.7875 0.295556 0.010000 0.024444 1 0.001467 0.16375 0.332222 0.009687 0.023333 3 0.001179 0.01168 0.188333 0.020508 0.082778
CCTV10^20251112-170000-20251112-175959_004626,10 0.672363 0.79375 0.735 0.105000 0.153333 2 0.605957 0.104531 0.689444 0.028750 0.057778 0 0.586914 0.187969 0.962222 0.048125 0.075556 5 0.519531 0.68125 0.706667 0.052500 0.082222 3 0.414795 0.681875 0.706667 0.056250 0.082222 4 0.363037 0.38 0.617778 0.031250 0.055556 1 0.317383 0.850625 0.725 0.022500 0.048889 6 0.315674 0.564375 0.595556 0.037500 0.060000 5 0.188354 0.564688 0.595556 0.038125 0.058889 1 0.129883 0.131719 0.661111 0.014063 0.040000 3 0.097046 0.834375 0.672222 0.038750 0.048889 10 0.068787 0.78875 0.67 0.090000 0.120000 2 0.015305 0.139297 0.643333 0.020781 0.040000 1 0.012428 0.68625 0.58 0.015000 0.031111 2 0.0121 0.245937 0.263611 0.008125 0.022222 1 0.010452 0.853125 0.723889 0.031250 0.063333 11 0.009743 0.79375 0.734444 0.102500 0.153333 2 0.009453 0.245312 0.273333 0.009063 0.025556 1 0.006668 0.68625 0.581111 0.020000 0.040000 0 0.00502 0.82625 0.326111 0.015000 0.047778 12 0.004539 0.188438 0.963333 0.046875 0.068889 10 0.00235 0.94875 0.210833 0.102500 0.421667 12 0.001472 0.007124 0.404167 0.014092 0.058333 1 0.001432 0.163789 0.331667 0.009922 0.023333 2 0.001367 0.7875 0.295 0.010000 0.024444 2 0.001169 0.101094 0.681667 0.043125 0.062222 2 0.001161 0.011846 0.978333 0.023418 0.043333 1 0.001147 0.346875 0.603333 0.016250 0.040000 1 0.001081 0.137266 0.651667 0.023281 0.056667
CCTV10^20251112-220000-20251112-225959_006480,9 0.494141 0.514375 0.817778 0.121250 0.164444 3 0.40918 0.195312 0.944444 0.066875 0.096667 1 0.26123 0.23 0.807778 0.018438 0.044444 11 0.119995 0.515312 0.820556 0.127500 0.182222 10 0.112427 0.384688 0.610556 0.033750 0.057778 12 0.086304 0.930625 0.868333 0.138750 0.210000 5 0.078064 0.19375 0.944444 0.064375 0.095556 11 0.062561 0.384688 0.61 0.034375 0.060000 8 0.057068 0.935 0.876111 0.127500 0.247778 8 0.029312 0.901875 0.712222 0.096250 0.133333 12 0.028976 0.51375 0.815 0.122500 0.162222 4 0.026352 0.385 0.61 0.035625 0.057778 12 0.014618 0.943438 0.901667 0.113125 0.196667 10 0.006462 0.8875 0.266111 0.225000 0.532222 12 0.006363 0.00687 0.496667 0.013662 0.272222 12 0.004868 0.7875 0.866944 0.222500 0.266111 12 0.004539 0.159688 0.375556 0.015938 0.031111 1 0.00404 0.233437 0.81 0.027500 0.051111 3 0.003929 0.329375 0.625556 0.031250 0.062222 12 0.003708 0.98375 0.857778 0.032500 0.284444 12 0.003622 0.9525 0.752778 0.092500 0.216667 12 0.003197 0.74625 0.846667 0.145000 0.215556 7 0.003075 0.91375 0.73 0.107500 0.126667 0 0.00304 0.395 0.618889 0.027500 0.037778 10 0.002958 0.007319 0.509167 0.014639 0.281667 12 0.002935 0.965625 0.836111 0.067500 0.327778 12 0.002672 0.608125 0.469722 0.022500 0.063889 5 0.002571 0.559375 0.540972 0.041250 0.084722 12 0.002424 0.193281 0.935 0.073125 0.124444 12 0.002359 0.579688 0.492222 0.061875 0.166667 1 0.002199 0.213125 0.834445 0.013750 0.042222 12 0.001897 0.905625 0.875556 0.187500 0.248889 7 0.001399 0.91875 0.720556 0.066250 0.111111 12 0.001279 0.159375 0.390278 0.017500 0.057222 12 0.001121 0.53375 0.876667 0.082500 0.193333 12 0.001008 0.101719 0.381667 0.015000 0.036667
CCTV10^20251112-220000-20251112-225959_006481,12 0.809082 0.39625 0.683333 0.066250 0.108889 5 0.458984 0.113516 0.717778 0.031250 0.055556 1 0.310791 0.23 0.806667 0.020000 0.046667 3 0.178345 0.113438 0.717778 0.033125 0.060000 12 0.104126 0.903125 0.823333 0.192500 0.351111 2 0.017776 0.113594 0.714445 0.033125 0.064444 8 0.017303 0.90375 0.708889 0.092500 0.131111 12 0.013687 0.160313 0.3725 0.014375 0.025000 12 0.008919 0.159766 0.380833 0.016094 0.037222 10 0.008186 0.885 0.271944 0.230000 0.543889 12 0.005798 0.005684 0.479444 0.011328 0.167778 12 0.005199 0.605625 0.466667 0.023750 0.063333 12 0.00425 0.006616 0.498889 0.013193 0.266667 1 0.003721 0.214062 0.837222 0.015000 0.041111 12 0.003197 0.92125 0.735556 0.127500 0.131111 10 0.003052 0.284219 0.588889 0.043125 0.104444 3 0.001942 0.192188 0.588889 0.034375 0.071111 3 0.001741 0.345 0.613333 0.015000 0.037778 12 0.001636 0.959375 0.817222 0.080000 0.351111 2 0.001561 0.8225 0.557778 0.020000 0.050000 7 0.001455 0.91375 0.728889 0.100000 0.115556 1 0.001294 0.400625 0.618889 0.016250 0.027778 11 0.001099 0.401875 0.692778 0.077500 0.127778 12 0.001053 0.101406 0.381111 0.013750 0.034444 12 0.001048 0.93375 0.938611 0.132500 0.122778 12 0.00104 0.519375 0.372778 0.062500 0.087778 4 0.001004 0.016602 0.911111 0.033125 0.133333
CCTV10^20251112-220000-20251112-225959_006482,4 0.482422 0.438438 0.83 0.057500 0.091111 1 0.216064 0.23 0.806667 0.020625 0.046667 12 0.168335 0.936875 0.871111 0.126250 0.208889 12 0.068787 0.368125 0.585694 0.033750 0.124167 8 0.047424 0.9375 0.876111 0.122500 0.247778 12 0.036621 0.8925 0.83 0.215000 0.340000 10 0.029541 0.885 0.269444 0.230000 0.538889 3 0.021622 0.67625 0.623333 0.031250 0.043333 12 0.012527 0.160273 0.373056 0.013828 0.025000 1 0.012054 0.400625 0.618889 0.018750 0.031111 5 0.007549 0.170781 0.537778 0.060000 0.157778 1 0.007549 0.233125 0.807778 0.029375 0.055556 8 0.007233 0.908125 0.716111 0.093750 0.140000 0 0.006615 0.40125 0.62 0.020000 0.033333 12 0.006073 0.606875 0.465556 0.025000 0.070556 12 0.0056 0.970625 0.840556 0.057500 0.318889 12 0.004681 0.9825 0.858333 0.035000 0.283333 12 0.004086 0.159844 0.379444 0.015625 0.035556 12 0.003483 0.369375 0.615 0.029375 0.065556 1 0.003363 0.21375 0.837778 0.015000 0.042222 0 0.002621 0.43125 0.818333 0.042500 0.070000 2 0.002453 0.286406 0.592222 0.046250 0.102222 12 0.002434 0.953125 0.752222 0.091250 0.202222 12 0.001912 0.474375 0.474444 0.075000 0.152222 12 0.001875 0.101641 0.380556 0.013906 0.035000 10 0.001714 0.285313 0.59 0.045313 0.106667 10 0.001675 0.007344 0.508611 0.014648 0.280556 12 0.001501 0.5225 0.373333 0.056250 0.083333 0 0.001421 0.82375 0.537639 0.017500 0.044722 12 0.00133 0.006821 0.502222 0.013564 0.270000 2 0.001315 0.82375 0.551667 0.020000 0.054444 3 0.001315 0.429688 0.550139 0.035000 0.055278 12 0.001206 0.087969 0.385 0.014687 0.036111 2 0.001179 0.296719 0.624444 0.014375 0.035556
CCTV10^20251112-220000-20251112-225959_006483,4 0.366699 0.34125 0.71 0.037500 0.060000 1 0.188354 0.229375 0.805556 0.018125 0.044444 12 0.112793 0.930625 0.891111 0.138750 0.217778 8 0.104492 0.93625 0.876111 0.125000 0.247778 12 0.069031 0.160781 0.381667 0.016563 0.041111 3 0.032227 0.33875 0.703333 0.036250 0.051111 12 0.023773 0.8625 0.863889 0.275000 0.272222 12 0.019791 0.339687 0.705556 0.038125 0.057778 0 0.009743 0.3425 0.714445 0.033750 0.062222 3 0.007874 0.76375 0.715556 0.042500 0.057778 1 0.007374 0.213125 0.839445 0.015000 0.040000 7 0.006744 0.905625 0.720556 0.088750 0.123333 12 0.006718 0.005942 0.482778 0.011885 0.170000 7 0.006363 0.92125 0.717778 0.060000 0.110000 8 0.005913 0.905 0.713333 0.087500 0.123333 1 0.004349 0.233437 0.807778 0.028750 0.055556 10 0.004055 0.88375 0.328333 0.232500 0.598889 12 0.003736 0.006431 0.499722 0.012803 0.273889 1 0.003235 0.40125 0.621667 0.016875 0.027778 12 0.003052 0.98 0.83 0.040000 0.302222 2 0.00215 0.34625 0.611111 0.015000 0.040000 2 0.002058 0.823125 0.553889 0.020000 0.052222 3 0.001957 0.3475 0.710556 0.047500 0.064444 12 0.001883 0.94875 0.752222 0.100000 0.206667 12 0.001687 0.961875 0.846111 0.075000 0.307778 12 0.001356 0.101953 0.381667 0.015625 0.037778 12 0.001294 0.608438 0.462778 0.023750 0.074444 12 0.001274 0.087969 0.385556 0.014219 0.034444 12 0.001197 0.475938 0.475 0.083125 0.153333 0 0.001165 0.2275 0.804444 0.030000 0.048889 10 0.00109 0.007124 0.939722 0.014248 0.120556
CCTV10^20251112-220000-20251112-225959_006484,1 0.245117 0.229219 0.806111 0.017813 0.044444 3 0.017578 0.634062 0.595556 0.033125 0.044444 8 0.017578 0.904375 0.724444 0.098750 0.164444 2 0.012672 0.285938 0.64 0.030000 0.057778 12 0.012337 0.160273 0.374444 0.014453 0.028889 5 0.010056 0.17 0.526389 0.055313 0.133889 0 0.00885 0.401563 0.62 0.016875 0.031111 4 0.008743 0.28625 0.639444 0.029062 0.052222 2 0.008095 0.346875 0.614444 0.013750 0.033333 12 0.007519 0.9 0.724444 0.105000 0.173333 10 0.007095 0.286094 0.639444 0.030000 0.054444 12 0.006771 0.00604 0.488333 0.012080 0.258889 2 0.006264 0.800625 0.490556 0.043750 0.057778 11 0.005959 0.905625 0.723889 0.101250 0.171111 0 0.005577 0.285313 0.646667 0.030000 0.066667 2 0.00528 0.636875 0.656111 0.042500 0.064444 1 0.005138 0.233437 0.808889 0.028750 0.053333 10 0.003708 0.891875 0.325556 0.216250 0.586667 1 0.003273 0.214062 0.837778 0.015000 0.042222 12 0.002028 0.82375 0.562222 0.021250 0.046667 12 0.001912 0.475 0.476667 0.077500 0.155556 12 0.001597 0.007227 0.450833 0.014453 0.136667 12 0.001444 0.101875 0.374444 0.013750 0.031111 0 0.001216 0.346563 0.617222 0.015000 0.036667 10 0.00109 0.007051 0.938889 0.014102 0.122222 10 0.001086 0.2875 0.603333 0.049375 0.116667
CCTV10^20251112-220000-20251112-225959_006485,1 0.352295 0.23 0.806667 0.019062 0.046667 12 0.122498 0.858125 0.821667 0.283750 0.356667 10 0.046539 0.88625 0.270556 0.227500 0.541111 3 0.035553 0.73875 0.687778 0.038750 0.048889 12 0.019501 0.159844 0.381667 0.015625 0.040556 12 0.017639 0.933125 0.893889 0.132500 0.212222 2 0.016663 0.346875 0.613889 0.013750 0.030000 8 0.012825 0.9025 0.728333 0.097500 0.160000 2 0.011597 0.295156 0.626111 0.011563 0.030000 3 0.011292 0.70125 0.647778 0.035000 0.048889 1 0.009163 0.233125 0.808333 0.028125 0.053333 4 0.007725 0.9475 0.906667 0.105000 0.177778 1 0.006241 0.213438 0.838333 0.015000 0.040000 12 0.00573 0.160156 0.373889 0.014375 0.027778 12 0.004791 0.890312 0.864444 0.219375 0.271111 2 0.004101 0.273438 0.596667 0.019688 0.048889 5 0.003363 0.171875 0.526111 0.052500 0.134444 12 0.003124 0.47875 0.475556 0.077500 0.151111 9 0.002342 0.93625 0.903333 0.125000 0.184444 4 0.002075 0.689375 0.642222 0.060000 0.057778 0 0.001585 0.8225 0.55875 0.018750 0.046944 12 0.001513 0.101562 0.378889 0.014063 0.032222 0 0.00145 0.400625 0.620556 0.016250 0.027778 12 0.001309 0.006582 0.497222 0.013008 0.273333 11 0.001255 0.9025 0.724445 0.102500 0.168889 12 0.001206 0.52 0.370278 0.061875 0.088889 2 0.001188 0.34375 0.612778 0.020000 0.035556 3 0.001124 0.43 0.549861 0.034375 0.049167 12 0.00109 0.006484 0.465 0.012969 0.156667 12 0.00109 0.719375 0.722778 0.117500 0.186667 10 0.001081 0.017305 0.904444 0.034609 0.132222
CCTV10^20251112-220000-20251112-225959_006486,1 0.14563 0.229375 0.806111 0.018750 0.045556 12 0.060303 0.159961 0.385833 0.016328 0.039444 10 0.043365 0.88 0.273056 0.237500 0.546111 5 0.013687 0.169219 0.521389 0.055313 0.120556 2 0.013428 0.346875 0.614444 0.013750 0.031111 12 0.010651 0.16 0.375556 0.015313 0.028889 12 0.005447 0.483438 0.475278 0.084375 0.162778 12 0.004944 0.85625 0.914722 0.115000 0.170556 10 0.003565 0.945 0.786667 0.107500 0.271111 12 0.003298 0.109609 0.682222 0.021719 0.053333 12 0.002737 0.90125 0.891389 0.197500 0.217222 3 0.002714 0.429375 0.55 0.035000 0.051111 12 0.002611 0.92625 0.818889 0.146250 0.344444 1 0.002453 0.232656 0.807778 0.029687 0.046667 9 0.00215 0.824375 0.737778 0.060000 0.115556 12 0.001636 0.88625 0.685556 0.072500 0.106667 1 0.001478 0.3875 0.784445 0.020000 0.046667 12 0.001315 0.51875 0.368889 0.065000 0.091111 10 0.001235 0.006914 0.929444 0.013828 0.141111 2 0.001216 0.295625 0.625556 0.011250 0.028889 2 0.001134 0.823125 0.557222 0.021250 0.051111 2 0.001134 0.343438 0.612778 0.020000 0.036667 1 0.001057 0.29 0.583333 0.011875 0.024444
CCTV10^20251112-220000-20251112-225959_006487,12 0.702637 0.14375 0.825556 0.078750 0.128889 9 0.486328 0.144219 0.825556 0.078750 0.128889 1 0.165039 0.229844 0.808333 0.018750 0.043333 12 0.104126 0.160625 0.915 0.100625 0.076667 12 0.06076 0.148594 0.873333 0.090312 0.120000 12 0.040985 0.89625 0.690556 0.067500 0.111111 12 0.040375 0.15875 0.904444 0.070625 0.062222 12 0.033844 0.1575 0.916667 0.131875 0.113333 1 0.025177 0.322422 0.734445 0.020156 0.037778 10 0.018097 0.88375 0.269444 0.232500 0.538889 1 0.017776 0.320312 0.727778 0.020625 0.037778 10 0.017517 0.9625 0.825556 0.072500 0.262222 12 0.014175 0.159844 0.926111 0.065937 0.082222 1 0.009193 0.260938 0.68 0.018750 0.042222 2 0.007874 0.346875 0.615 0.013750 0.031111 3 0.007065 0.219219 0.956667 0.071562 0.082222 12 0.00547 0.476875 0.475556 0.075625 0.152222 1 0.004887 0.106406 0.783889 0.013438 0.035556 12 0.004665 0.159844 0.379167 0.015625 0.036667 10 0.004265 0.73875 0.283333 0.337500 0.566667 12 0.00407 0.160469 0.372778 0.013750 0.026111 3 0.002958 0.146563 0.938889 0.098438 0.108889 5 0.002935 0.169219 0.518333 0.054062 0.116667 7 0.002562 0.154219 0.934445 0.125312 0.108889 10 0.002132 0.007271 0.94 0.014541 0.120000 12 0.001623 0.517188 0.368333 0.071250 0.093333 12 0.001501 0.152344 0.884445 0.066875 0.087778 1 0.001455 0.232969 0.811111 0.028437 0.048889 1 0.001285 0.317188 0.735556 0.028750 0.044444 10 0.001188 0.017041 0.918889 0.034082 0.155556
CCTV10^20251112-220000-20251112-225959_006488,5 0.577637 0.48625 0.778889 0.046875 0.084444 12 0.348633 0.108438 0.706667 0.053438 0.117778 1 0.32251 0.230469 0.806667 0.022187 0.046667 1 0.294189 0.158594 0.914445 0.031562 0.073333 12 0.178955 0.89125 0.691111 0.076250 0.111111 2 0.06076 0.107734 0.708333 0.052969 0.102222 12 0.04303 0.160469 0.378333 0.015938 0.035556 3 0.03476 0.116328 0.79 0.044844 0.077778 10 0.03186 0.8825 0.270833 0.235000 0.541667 7 0.025955 0.114063 0.783333 0.050938 0.088889 5 0.013222 0.117109 0.790556 0.042031 0.078889 5 0.011826 0.17 0.521667 0.050312 0.120000 1 0.010368 0.2375 0.660556 0.015625 0.033333 4 0.009483 0.108594 0.752778 0.057031 0.096667 4 0.008545 0.112812 0.779444 0.052188 0.100000 12 0.005959 0.47125 0.473889 0.061250 0.145556 1 0.005386 0.169102 0.933333 0.061172 0.113333 4 0.00502 0.109219 0.718889 0.054375 0.110000 2 0.004467 0.116563 0.791111 0.042344 0.080000 2 0.004433 0.131094 0.716111 0.018750 0.055556 12 0.004025 0.007104 0.499444 0.014189 0.278889 12 0.003235 0.120703 0.7 0.086094 0.137778 2 0.002935 0.34625 0.613889 0.013750 0.032222 1 0.002306 0.214688 0.831111 0.015625 0.048889 12 0.001987 0.005933 0.477222 0.011846 0.195556 1 0.001755 0.163906 0.926111 0.043125 0.088889 10 0.001741 0.007324 0.509444 0.014648 0.278889 12 0.001661 0.3725 0.385 0.036250 0.060000 0 0.001642 0.228438 0.804444 0.033125 0.051111 0 0.001053 0.824375 0.535278 0.017500 0.040556
CCTV10^20251112-220000-20251112-225959_006489,5 0.38501 0.439375 0.652778 0.038750 0.056667 1 0.352295 0.103359 0.747222 0.019531 0.048889 1 0.264404 0.229531 0.806667 0.019062 0.045556 3 0.24939 0.440625 0.652222 0.041250 0.057778 12 0.2323 0.891875 0.691111 0.073750 0.111111 3 0.165039 0.131406 0.683333 0.039062 0.064444 7 0.05542 0.142344 0.686111 0.063125 0.078889 4 0.054413 0.146094 0.693333 0.053125 0.091111 12 0.053589 0.143125 0.684444 0.069063 0.086667 10 0.040833 0.88625 0.27 0.227500 0.540000 12 0.028976 0.16 0.381111 0.016250 0.040000 1 0.008156 0.153437 0.696111 0.034688 0.088889 1 0.008156 0.233125 0.808889 0.028750 0.053333 0 0.006538 0.215 0.838889 0.016875 0.042222 4 0.004791 0.158125 0.696667 0.031250 0.086667 2 0.003376 0.34625 0.613333 0.013750 0.032222 12 0.003338 0.56375 0.503056 0.062500 0.202778 0 0.002632 0.145938 0.688333 0.074375 0.102222 1 0.00255 0.108594 0.733889 0.022500 0.054444 1 0.002216 0.100156 0.755556 0.023125 0.066667 3 0.001972 0.618437 0.661111 0.038125 0.044444 2 0.001861 0.68625 0.481667 0.020000 0.035556 2 0.001803 0.995625 0.913333 0.008750 0.133333 5 0.001687 0.167852 0.516667 0.043672 0.107778 2 0.00109 0.99625 0.493611 0.007500 0.033333 10 0.00109 0.016875 0.911667 0.033633 0.136667
CCTV10^20251112-220000-20251112-225959_006490,1 0.180054 0.230469 0.807778 0.020625 0.046667 10 0.038605 0.89 0.69 0.072500 0.108889 9 0.032593 0.89 0.691111 0.075000 0.111111 12 0.028107 0.88625 0.69 0.082500 0.107778 3 0.02298 0.4175 0.598889 0.022500 0.040000 12 0.018539 0.915625 0.905556 0.168750 0.188889 1 0.013588 0.863125 0.881111 0.023750 0.040000 2 0.012924 0.371875 0.393889 0.045000 0.075556 3 0.012627 0.34625 0.614444 0.014375 0.031111 12 0.01033 0.373125 0.392778 0.042500 0.073333 5 0.010292 0.169844 0.519722 0.049687 0.117222 1 0.009521 0.213438 0.838889 0.015000 0.042222 12 0.008514 0.944375 0.913333 0.111250 0.173333 9 0.00634 0.74 0.836667 0.147500 0.195556 12 0.005241 0.006411 0.487778 0.012764 0.233333 10 0.00481 0.87625 0.326389 0.245000 0.596111 3 0.002279 0.415 0.592222 0.030000 0.055556 12 0.00227 0.37625 0.398056 0.068750 0.092778 12 0.002234 0.603438 0.461667 0.033125 0.094444 2 0.002068 0.82375 0.553889 0.020000 0.050000 1 0.002058 0.86 0.881111 0.032500 0.051111 2 0.001789 0.685625 0.484167 0.021250 0.041667 2 0.0017 0.519375 0.3675 0.065000 0.091667 5 0.001554 0.370625 0.393889 0.048750 0.078889 2 0.001478 0.346875 0.611667 0.018750 0.036667 12 0.001472 0.550625 0.480556 0.038750 0.190000 12 0.001421 0.566875 0.488333 0.067500 0.191111 2 0.001134 0.68 0.503611 0.015000 0.031111 3 0.001134 0.34375 0.607778 0.020625 0.044444 10 0.001081 0.016816 0.915556 0.033555 0.146667 12 0.001073 0.62125 0.492222 0.092500 0.150000 12 0.001065 0.159688 0.379444 0.015000 0.038889 12 0.001044 0.005293 0.449722 0.010547 0.205000 10 0.001032 0.006934 0.939444 0.013867 0.121111
CCTV10^20251112-220000-20251112-225959_006491,10 0.760742 0.399062 0.755556 0.106875 0.173333 1 0.226807 0.230312 0.806667 0.020625 0.046667 12 0.008125 0.16 0.378889 0.015000 0.034444 12 0.006413 0.160313 0.372778 0.013437 0.024444 10 0.005512 0.900625 0.688333 0.053750 0.105556 12 0.003376 0.265938 0.690556 0.032187 0.043333 1 0.003111 0.400938 0.621111 0.016250 0.028889 10 0.002878 0.873125 0.328889 0.252500 0.600000 9 0.0028 0.774375 0.835556 0.142500 0.242222 12 0.002378 0.006948 0.529444 0.013896 0.263333 1 0.002323 0.213438 0.836667 0.015000 0.042222 12 0.002216 0.76875 0.843333 0.173750 0.313333 8 0.002157 0.885 0.686667 0.090000 0.113333 10 0.001965 0.007065 0.512222 0.014131 0.274444 3 0.001661 0.241875 0.63 0.017188 0.033333 5 0.001202 0.38125 0.390278 0.057500 0.073333 2 0.00104 0.52 0.367778 0.057500 0.085556
CCTV10^20251112-220000-20251112-225959_006492,1 0.163452 0.230156 0.807778 0.020625 0.044444 10 0.147095 0.328203 0.641111 0.063594 0.137778 12 0.147095 0.88875 0.69 0.080000 0.107778 1 0.092041 0.1275 0.706111 0.015000 0.034444 10 0.052826 0.330312 0.611111 0.070625 0.207778 12 0.029984 0.160781 0.373056 0.013750 0.025000 3 0.023239 0.327188 0.610556 0.079375 0.218889 1 0.020889 0.128516 0.698889 0.013594 0.033333 1 0.014839 0.1275 0.715556 0.017500 0.047778 10 0.009338 0.8825 0.258056 0.235000 0.516111 11 0.008545 0.87375 0.834444 0.252500 0.311111 0 0.008095 0.213594 0.837778 0.015313 0.040000 1 0.005688 0.233281 0.809445 0.029375 0.053333 10 0.004265 0.87125 0.83 0.257500 0.333333 3 0.002359 0.9025 0.847778 0.067500 0.080000 12 0.002108 0.92 0.903889 0.155000 0.192222 2 0.002028 0.52 0.367222 0.057500 0.085556 12 0.001741 0.005977 0.475833 0.011934 0.175000 12 0.001513 0.006787 0.501389 0.013574 0.266111 10 0.001399 0.007139 0.510556 0.014277 0.270000 4 0.001351 0.90625 0.878889 0.082500 0.137778 12 0.001134 0.329688 0.609444 0.074375 0.214444 10 0.001112 0.007178 0.938889 0.014355 0.122222
CCTV10^20251112-220000-20251112-225959_006493,1 0.299072 0.230938 0.806111 0.021250 0.046667 12 0.228149 0.89 0.690556 0.077500 0.111111 12 0.016922 0.160156 0.381111 0.015625 0.028333 12 0.015778 0.160664 0.372222 0.013672 0.023333 2 0.005665 0.7325 0.486944 0.032500 0.060000 10 0.004486 0.883125 0.326111 0.233750 0.592222 3 0.002867 0.345625 0.614444 0.016250 0.035556 12 0.002663 0.312813 0.607778 0.067500 0.184444 10 0.00214 0.316563 0.601111 0.035000 0.075556 3 0.002058 0.42875 0.550556 0.037500 0.056667 2 0.001831 0.2425 0.615 0.021250 0.055556 11 0.001727 0.310625 0.617639 0.064375 0.164722 1 0.001206 0.296719 0.622222 0.012188 0.033333 12 0.001134 0.521563 0.364444 0.061250 0.093333 3 0.001081 0.319375 0.608889 0.030625 0.060000
CCTV10^20251112-220000-20251112-225959_006494,12 0.265869 0.89 0.691111 0.077500 0.106667 1 0.204346 0.229844 0.806111 0.019688 0.044444 1 0.15918 0.242812 0.934445 0.028750 0.071111 12 0.015602 0.160938 0.373056 0.014063 0.023889 10 0.011642 0.285 0.587222 0.044375 0.108889 2 0.007462 0.346563 0.615 0.015000 0.033333 10 0.006004 0.88625 0.263056 0.227500 0.526111 1 0.004025 0.233125 0.808889 0.028750 0.051111 12 0.003052 0.101172 0.380556 0.013906 0.032222 12 0.002693 0.825625 0.575556 0.026250 0.073333 10 0.002493 0.319688 0.573333 0.026250 0.060000 10 0.001957 0.3475 0.608333 0.018750 0.046667 2 0.001356 0.52125 0.362222 0.058750 0.088889 1 0.001325 0.2375 0.935556 0.043750 0.086667 2 0.001161 0.565 0.434444 0.036250 0.055556 0 0.001116 0.214375 0.835556 0.015625 0.046667 3 0.001048 0.42875 0.550556 0.037500 0.057778
CCTV10^20251112-220000-20251112-225959_006495,12 0.375732 0.89 0.691111 0.075000 0.106667 1 0.128906 0.23 0.807778 0.021250 0.046667 10 0.009163 0.881875 0.251528 0.236250 0.503056 12 0.007935 0.16 0.388333 0.016875 0.042222 2 0.006123 0.346875 0.614444 0.015000 0.033333 12 0.00452 0.160313 0.373889 0.015312 0.025000 0 0.002714 0.346875 0.94 0.031875 0.053333 1 0.001957 0.295625 0.624444 0.018750 0.035556 5 0.001727 0.285938 0.59 0.045625 0.108889 11 0.00141 0.285625 0.587778 0.046875 0.114444 3 0.001192 0.42875 0.550556 0.037500 0.053333 1 0.00104 0.344688 0.935 0.031875 0.055556 1 0.001037 0.231875 0.806667 0.032500 0.051111
CCTV10^20251112-220000-20251112-225959_006496,12 0.830078 0.2025 0.895556 0.129375 0.200000 1 0.240723 0.230156 0.807778 0.020313 0.048889 10 0.033325 0.891875 0.692222 0.071250 0.106667 12 0.021698 0.89 0.691667 0.075000 0.104445 12 0.018982 0.16 0.388611 0.016250 0.041111 10 0.014503 0.88125 0.258056 0.237500 0.516111 3 0.00885 0.345625 0.614444 0.016250 0.033333 12 0.00729 0.160352 0.373333 0.014922 0.024444 0 0.00321 0.340625 0.935 0.035000 0.061111 1 0.003099 0.4575 0.81 0.040625 0.073333 3 0.00259 0.285 0.586667 0.046250 0.111111 1 0.00226 0.465312 0.807222 0.069375 0.084445 12 0.002003 0.101328 0.379167 0.014219 0.033889 1 0.001904 0.22875 0.810556 0.032500 0.053333 3 0.001714 0.468438 0.808333 0.078125 0.085556 3 0.001561 0.34375 0.606667 0.021250 0.051111 11 0.001501 0.285625 0.585 0.046875 0.115556 0 0.001444 0.342813 0.952778 0.041875 0.076667 10 0.001211 0.006772 0.516667 0.013545 0.263333 3 0.001156 0.42875 0.549028 0.037500 0.059722 0 0.001116 0.228125 0.807778 0.032500 0.053333 12 0.001116 0.338047 0.925 0.037656 0.061111 2 0.00104 0.82625 0.539028 0.018750 0.046389
CCTV10^20251112-220000-20251112-225959_006497,12 0.443604 0.1175 0.708333 0.053125 0.121111 12 0.295898 0.214375 0.926111 0.114375 0.147778 12 0.199341 0.89125 0.69 0.072500 0.108889 1 0.11438 0.23 0.805556 0.019375 0.046667 10 0.112427 0.88375 0.269444 0.232500 0.538889 9 0.102295 0.117109 0.71 0.050469 0.118889 3 0.091064 0.390625 0.661111 0.042500 0.051111 7 0.046539 0.116875 0.71 0.050937 0.117778 7 0.040833 0.208125 0.930556 0.100625 0.138889 9 0.02655 0.212813 0.934167 0.112188 0.131667 12 0.016922 0.160313 0.389167 0.015938 0.038333 12 0.011467 0.160625 0.3725 0.013750 0.022778 12 0.0112 0.5975 0.492222 0.057500 0.194444 2 0.007488 0.82375 0.577778 0.030000 0.082222 3 0.004005 0.375 0.593194 0.088750 0.193611 12 0.003855 0.520625 0.385 0.061250 0.118889 3 0.003511 0.429375 0.548889 0.036250 0.055556 3 0.003351 0.82375 0.576667 0.027500 0.080000 1 0.002182 0.232188 0.805556 0.030000 0.053333 3 0.001394 0.375938 0.631111 0.075625 0.117778 12 0.001107 0.585 0.901111 0.105000 0.197778 3 0.001065 0.285313 0.594444 0.043750 0.093333 1 0.001048 0.169375 0.681111 0.014375 0.037778
CCTV10^20251112-220000-20251112-225959_006498,12 0.642578 0.160938 0.872222 0.086250 0.155556 5 0.474609 0.531875 0.774444 0.049375 0.064444 3 0.300781 0.530625 0.774444 0.050000 0.070000 10 0.217285 0.87875 0.272222 0.240000 0.544444 12 0.176636 0.89125 0.688889 0.075000 0.111111 1 0.112 0.229063 0.805556 0.018750 0.046667 1 0.060303 0.271875 0.814444 0.031562 0.053333 0 0.059875 0.270938 0.813333 0.030000 0.053333 12 0.033325 0.160273 0.372778 0.013828 0.023333 2 0.012726 0.375 0.386944 0.035000 0.057222 12 0.011734 0.159766 0.378889 0.015469 0.027778 12 0.008987 0.595313 0.478889 0.048750 0.165556 3 0.005642 0.375313 0.3875 0.035000 0.057778 1 0.004791 0.4 0.618889 0.015000 0.031111 2 0.004433 0.346875 0.616667 0.013750 0.028889 4 0.003389 0.111719 0.783333 0.042500 0.065556 9 0.003016 0.111563 0.760556 0.051250 0.110000 10 0.002981 0.345625 0.611111 0.016875 0.037778 10 0.002867 0.348125 0.605556 0.021250 0.048889 3 0.00279 0.429063 0.549861 0.036250 0.055833 1 0.002342 0.402188 0.622778 0.015000 0.031111 0 0.00202 0.296563 0.622778 0.011875 0.030000 1 0.001824 0.102656 0.652222 0.018750 0.042222 10 0.001681 0.34375 0.608889 0.022500 0.051111 12 0.001467 0.616563 0.477222 0.021875 0.158889 5 0.001235 0.168906 0.530833 0.046250 0.135000 12 0.001124 0.5225 0.367778 0.057500 0.085556 2 0.001112 0.731875 0.492222 0.035000 0.067778 2 0.001081 0.12 0.78 0.029219 0.053333 3 0.001065 0.3475 0.615556 0.017500 0.028889 2 0.001048 0.34375 0.612222 0.021250 0.040000 2 0.001037 0.369375 0.600556 0.021250 0.041111
CCTV10^20251112-220000-20251112-225959_006499,12 0.598145 0.190352 0.918889 0.108047 0.161111 3 0.443604 0.45625 0.662222 0.036250 0.046667 9 0.269043 0.191914 0.916667 0.110547 0.165556 12 0.191895 0.115 0.704444 0.046250 0.083333 7 0.171021 0.19125 0.917222 0.107188 0.164444 1 0.118408 0.229063 0.805556 0.020000 0.050000 10 0.105591 0.88 0.274444 0.240000 0.548889 12 0.078613 0.89125 0.690556 0.075000 0.110000 4 0.04303 0.115 0.707778 0.041406 0.080000 12 0.037201 0.160586 0.371667 0.012578 0.022222 0 0.035004 0.254844 0.804444 0.029063 0.053333 1 0.026459 0.254688 0.804444 0.028125 0.053333 3 0.024338 0.115625 0.711111 0.042813 0.082222 12 0.012871 0.160156 0.380556 0.015000 0.024444 10 0.0121 0.896875 0.688889 0.061250 0.111111 2 0.009163 0.114844 0.712222 0.040937 0.080000 10 0.005688 0.45 0.668333 0.066250 0.088889 2 0.005554 0.346563 0.614444 0.015000 0.033333 5 0.004025 0.454375 0.658333 0.043750 0.056667 11 0.002705 0.133203 0.666667 0.058281 0.068889 5 0.002672 0.167539 0.536806 0.051797 0.148611 2 0.002621 0.825 0.556528 0.025000 0.055833 1 0.002571 0.333125 0.92 0.025000 0.046667 12 0.002199 0.120469 0.694444 0.078438 0.117778 1 0.002132 0.296406 0.621667 0.012812 0.031111 2 0.001636 0.82625 0.544583 0.020000 0.057500 7 0.001536 0.115937 0.707778 0.046250 0.084444 1 0.001525 0.227656 0.805556 0.031250 0.057778 12 0.001513 0.59625 0.473889 0.051250 0.156667 0 0.001421 0.121953 0.692222 0.078594 0.115556 12 0.001367 0.522813 0.366667 0.058125 0.086667 2 0.001289 0.344375 0.611111 0.021250 0.044444 11 0.001165 0.148594 0.662222 0.026875 0.046667
CCTV10^20251112-220000-20251112-225959_006500,1 0.363037 0.141016 0.881111 0.029062 0.060000 10 0.113586 0.878125 0.271667 0.242500 0.543333 9 0.082703 0.109531 0.738889 0.052188 0.113333 1 0.073181 0.229375 0.804444 0.018750 0.048889 0 0.042877 0.252187 0.803889 0.023750 0.048889 3 0.039795 0.420625 0.597778 0.021250 0.030000 12 0.037323 0.10875 0.737778 0.049688 0.113333 2 0.020493 0.346875 0.614444 0.015000 0.033333 11 0.02034 0.93375 0.673333 0.090000 0.151111 10 0.019867 0.539688 0.571111 0.038125 0.058889 2 0.016922 0.825 0.554583 0.025000 0.061944 12 0.015602 0.160156 0.393333 0.016250 0.044444 12 0.013069 0.160781 0.3725 0.014375 0.022778 1 0.012527 0.33 0.912778 0.020000 0.047778 1 0.008125 0.253125 0.805556 0.029375 0.052222 2 0.005512 0.730625 0.487778 0.032500 0.061111 0 0.005344 0.401563 0.621111 0.018125 0.030000 10 0.003075 0.89125 0.689444 0.067500 0.105556 0 0.002913 0.346875 0.616667 0.016250 0.038889 3 0.002632 0.170039 0.517222 0.048047 0.103333 2 0.002216 0.108281 0.763333 0.044063 0.080000 12 0.002083 0.112188 0.717778 0.062188 0.155556 12 0.001942 0.699375 0.407222 0.026250 0.062222 12 0.001875 0.89 0.69 0.072500 0.105556 2 0.001567 0.343438 0.611667 0.020625 0.044444 0 0.001455 0.296875 0.62 0.013125 0.032222 2 0.001378 0.8 0.501111 0.045000 0.082222 12 0.001367 0.101953 0.375 0.014375 0.032222 12 0.001255 0.3725 0.397222 0.061250 0.086667 12 0.001255 0.894063 0.835 0.211875 0.330000 12 0.001169 0.598125 0.481111 0.045000 0.131111 12 0.001124 0.5225 0.366667 0.059375 0.087778
CCTV10^20251112-220000-20251112-225959_006501,1 0.363037 0.105625 0.816667 0.024844 0.057778 10 0.256104 0.88625 0.269444 0.227500 0.538889 9 0.10968 0.575313 0.603333 0.044375 0.071111 1 0.09137 0.092656 0.738889 0.021875 0.041111 0 0.089111 0.401875 0.62 0.016250 0.031111 6 0.076416 0.575 0.604445 0.045000 0.072222 1 0.056244 0.229063 0.804444 0.020625 0.046667 11 0.046722 0.575625 0.604445 0.043750 0.068889 12 0.042572 0.8925 0.69 0.072500 0.108889 1 0.040527 0.36625 0.840556 0.021250 0.040000 2 0.0354 0.346875 0.613889 0.015000 0.034444 1 0.031494 0.253125 0.803333 0.025000 0.050000 10 0.025757 0.89625 0.69 0.065000 0.104444 12 0.023773 0.159961 0.386389 0.016328 0.041667 10 0.023071 0.575 0.604445 0.045625 0.070000 12 0.019791 0.160469 0.373611 0.014688 0.025556 2 0.018402 0.825 0.558889 0.025000 0.055556 4 0.012825 0.57625 0.603333 0.046250 0.075556 0 0.005959 0.296563 0.621667 0.013125 0.031111 1 0.005844 0.361563 0.848889 0.021875 0.033333 2 0.005798 0.096719 0.735556 0.032813 0.051111 12 0.004719 0.19375 0.577778 0.033750 0.076667 1 0.003944 0.095781 0.742222 0.030000 0.050000 2 0.003429 0.7 0.405556 0.025000 0.056111 2 0.002472 0.34375 0.612222 0.021250 0.044444 12 0.001661 0.91875 0.842222 0.160000 0.315556 12 0.001536 0.97125 0.835 0.057500 0.330000 0 0.00149 0.347188 0.616667 0.018125 0.040000 1 0.001372 0.35375 0.856667 0.017500 0.031111 0 0.001315 0.214219 0.841111 0.017500 0.046667
CCTV10^20251112-220000-20251112-225959_006502,1 0.581543 0.469063 0.748333 0.025625 0.043333 1 0.515625 0.110781 0.704444 0.015156 0.031111 12 0.194336 0.89 0.69 0.077500 0.106667 9 0.151001 0.63 0.657222 0.062500 0.090000 1 0.081787 0.229063 0.803889 0.018750 0.047778 1 0.06189 0.139219 0.646667 0.011875 0.026667 1 0.056458 0.253281 0.801111 0.025000 0.048889 12 0.043365 0.160156 0.381111 0.015625 0.033889 10 0.042877 0.88125 0.270556 0.237500 0.541111 0 0.041138 0.402187 0.620556 0.016250 0.030000 12 0.039337 0.160469 0.374444 0.014375 0.026667 11 0.02626 0.629375 0.656667 0.061250 0.086667 2 0.020248 0.346875 0.614444 0.015000 0.033333 1 0.00404 0.466875 0.753333 0.033750 0.055556 2 0.003824 0.344063 0.612222 0.021250 0.040000 2 0.003796 0.824375 0.556111 0.022500 0.052222 0 0.003052 0.346563 0.616667 0.015625 0.037778 0 0.00304 0.296719 0.621111 0.012500 0.031111 12 0.002462 0.62875 0.663889 0.066250 0.107778 12 0.001748 0.101562 0.38 0.013750 0.032222 1 0.001592 0.213594 0.84 0.016875 0.044444 4 0.001335 0.63125 0.659444 0.056250 0.086667 1 0.001235 0.23375 0.798889 0.032500 0.055556 1 0.001143 0.103125 0.655556 0.019531 0.037778 1 0.001134 0.224844 0.802778 0.031562 0.061111 5 0.001107 0.170273 0.520278 0.050703 0.110556 3 0.00106 0.428125 0.550972 0.038750 0.060278
CCTV10^20251112-220000-20251112-225959_006503,1 0.134766 0.229063 0.803333 0.018750 0.053333 12 0.115173 0.890625 0.687778 0.073750 0.111111 12 0.090088 0.740625 0.764444 0.063750 0.105556 0 0.061432 0.252187 0.803333 0.023750 0.051111 12 0.032349 0.160625 0.372778 0.013437 0.022778 10 0.030441 0.883125 0.260556 0.233750 0.521111 2 0.027176 0.346875 0.614444 0.014375 0.031111 0 0.024338 0.401563 0.62 0.016250 0.030000 12 0.018906 0.159961 0.379722 0.015078 0.025000 11 0.017914 0.74125 0.763333 0.065000 0.108889 1 0.008575 0.253594 0.804444 0.028438 0.053333 0 0.005913 0.296563 0.621667 0.012500 0.031111 12 0.004791 0.9175 0.645 0.036250 0.063333 12 0.004757 0.52375 0.366111 0.060000 0.100000 0 0.00399 0.213906 0.840556 0.017188 0.045556 1 0.003914 0.225781 0.802778 0.031250 0.063333 10 0.002878 0.735 0.761111 0.090000 0.133333 2 0.002747 0.34375 0.612222 0.021250 0.037778 3 0.00255 0.429375 0.54875 0.036875 0.051389 2 0.002512 0.5225 0.370556 0.058750 0.099444 1 0.002342 0.397188 0.61 0.016875 0.031111 0 0.002083 0.346875 0.616667 0.015000 0.037778 2 0.001748 0.81 0.490556 0.030000 0.048889 3 0.001495 0.3475 0.611111 0.018750 0.037778 5 0.00126 0.622813 0.501389 0.034375 0.112778 12 0.001081 0.101328 0.380556 0.013594 0.031111
CCTV10^20251112-220000-20251112-225959_006504,1 0.313965 0.625938 0.695556 0.021250 0.044444 1 0.102661 0.229375 0.806111 0.017500 0.045556 10 0.076416 0.89 0.688889 0.072500 0.106667 0 0.074524 0.251875 0.803333 0.023750 0.048889 0 0.027176 0.402187 0.62 0.016250 0.031111 12 0.025864 0.88875 0.688333 0.072500 0.106667 12 0.023514 0.160156 0.373333 0.014688 0.023333 2 0.018829 0.346563 0.613333 0.014375 0.033333 12 0.018188 0.159609 0.383333 0.015781 0.031111 1 0.014008 0.253125 0.805 0.028750 0.052222 2 0.011421 0.516875 0.383889 0.076250 0.136667 10 0.010818 0.88375 0.264444 0.232500 0.528889 1 0.01017 0.628125 0.7 0.028750 0.057778 12 0.006004 0.51625 0.383611 0.075000 0.132778 1 0.004719 0.213438 0.837778 0.015625 0.040000 2 0.003765 0.34375 0.611667 0.020625 0.038889 8 0.003197 0.9525 0.712778 0.072500 0.121111 1 0.002913 0.296563 0.621111 0.012500 0.030000 0 0.00201 0.34625 0.616111 0.015000 0.038889 3 0.001897 0.429063 0.550139 0.036250 0.055278 11 0.001444 0.873125 0.829444 0.253750 0.341111 12 0.001255 0.92 0.847222 0.157500 0.305556 12 0.001116 0.56125 0.583333 0.063750 0.121111 11 0.00109 0.99125 0.816667 0.017500 0.142222 1 0.001078 0.397188 0.612222 0.019375 0.035556 12 0.001004 0.80875 0.491667 0.025000 0.041667
CCTV10^20251112-220000-20251112-225959_006505,1 0.095032 0.229063 0.806111 0.017500 0.045556 0 0.035675 0.401875 0.62 0.015625 0.030000 12 0.0354 0.888125 0.688889 0.073750 0.104445 0 0.033844 0.253438 0.804444 0.022500 0.047778 2 0.027069 0.346875 0.614444 0.013750 0.031111 8 0.018188 0.975 0.776667 0.050000 0.144444 12 0.013901 0.878125 0.833889 0.243750 0.332222 12 0.012238 0.160586 0.372222 0.013828 0.021111 11 0.011963 0.9675 0.645556 0.065000 0.153333 9 0.008881 0.888125 0.687778 0.075000 0.105556 12 0.00729 0.159609 0.383889 0.015781 0.028889 1 0.006851 0.77625 0.767778 0.027500 0.050000 10 0.005344 0.887187 0.250556 0.225625 0.501111 2 0.004848 0.34375 0.611111 0.021875 0.044444 2 0.004574 0.518125 0.376944 0.069375 0.108333 1 0.004433 0.254375 0.805556 0.026563 0.048889 1 0.003855 0.21375 0.839445 0.015938 0.042222 12 0.003736 0.51875 0.370556 0.065625 0.100000 0 0.003679 0.296563 0.621111 0.012500 0.031111 1 0.002388 0.396875 0.612222 0.018750 0.035556 5 0.002378 0.61625 0.494167 0.021250 0.107222 12 0.002243 0.64875 0.645 0.116250 0.182222 5 0.002083 0.429063 0.551111 0.036875 0.054444 12 0.00202 0.66375 0.69 0.035000 0.077778 3 0.001987 0.59375 0.620556 0.036250 0.055556 0 0.001883 0.346563 0.616667 0.015000 0.037778 2 0.001531 0.769375 0.763889 0.031250 0.053333 3 0.001525 0.399687 0.614444 0.020625 0.037778 12 0.001525 0.670625 0.653889 0.081250 0.181111 12 0.001501 0.701875 0.66 0.127500 0.220000 12 0.001455 0.6625 0.659444 0.042500 0.117778 2 0.001274 0.6625 0.698889 0.035000 0.073333 10 0.001269 0.395938 0.578889 0.032500 0.080000 1 0.00123 0.225 0.803333 0.028750 0.057778
CCTV10^20251112-220000-20251112-225959_006506,12 0.297363 0.889375 0.688889 0.076250 0.104445 1 0.104858 0.23 0.805556 0.019062 0.044444 0 0.041931 0.402187 0.62 0.015625 0.031111 2 0.020889 0.346875 0.614444 0.013750 0.032222 12 0.015015 0.9575 0.831111 0.083750 0.337778 12 0.013741 0.160781 0.371944 0.013750 0.022778 2 0.010651 0.518125 0.378889 0.075000 0.122222 12 0.010651 0.889375 0.335278 0.213750 0.213889 12 0.005844 0.518125 0.370556 0.068750 0.105556 1 0.00528 0.252656 0.803889 0.023125 0.047778 0 0.00387 0.296563 0.621111 0.012500 0.031111 2 0.003429 0.34375 0.611111 0.021875 0.044444 12 0.003248 0.159844 0.384722 0.016250 0.034444 0 0.002855 0.2525 0.804444 0.024375 0.048889 12 0.002216 0.98875 0.724444 0.022500 0.128889 1 0.001912 0.213438 0.837778 0.016250 0.042222 2 0.001853 0.72875 0.752222 0.045000 0.101111 12 0.001824 0.765625 0.586667 0.031250 0.080000 11 0.001574 0.99125 0.717778 0.017500 0.111111 12 0.001525 0.618125 0.648889 0.100000 0.166667 0 0.001444 0.346563 0.616111 0.015000 0.038889 2 0.001305 0.8025 0.486389 0.040000 0.053889 3 0.001161 0.42875 0.549861 0.037500 0.053611 11 0.001073 0.89625 0.831667 0.207500 0.336667
CCTV10^20251112-220000-20251112-225959_006507,12 0.560059 0.8325 0.755556 0.107500 0.200000 12 0.435791 0.89125 0.692778 0.075000 0.114444 1 0.210815 0.229375 0.804444 0.018750 0.051111 12 0.079773 0.765625 0.586111 0.028750 0.072222 0 0.066589 0.252813 0.803333 0.025000 0.051111 0 0.048859 0.401875 0.62 0.016250 0.031111 12 0.040527 0.160469 0.373611 0.015000 0.025000 2 0.021942 0.346875 0.614444 0.013750 0.031111 1 0.021286 0.253906 0.804444 0.027813 0.051111 12 0.012573 0.159922 0.379722 0.016094 0.030000 1 0.005707 0.214219 0.838889 0.015937 0.043333 1 0.005619 0.226562 0.803333 0.030625 0.060000 2 0.004166 0.514063 0.386944 0.090625 0.141111 4 0.004135 0.635938 0.635 0.083125 0.112222 3 0.00399 0.428438 0.550556 0.038125 0.058889 12 0.003824 0.55375 0.607222 0.086250 0.132222 1 0.003736 0.86625 0.396667 0.023750 0.053333 12 0.002611 0.51375 0.374444 0.077500 0.116667 2 0.002359 0.347187 0.608889 0.018750 0.040000 12 0.002323 0.37875 0.617778 0.021250 0.037778 2 0.002226 0.37875 0.618889 0.022500 0.040000 2 0.001972 0.745 0.822778 0.075000 0.123333 1 0.001734 0.29625 0.621111 0.012500 0.031111 5 0.001531 0.636875 0.492222 0.065000 0.133333 1 0.00141 0.3975 0.613333 0.020000 0.037778 9 0.001325 0.5575 0.609444 0.095000 0.134444 12 0.001315 0.80125 0.486944 0.045000 0.057778
CCTV10^20251112-220000-20251112-225959_006508,12 0.529297 0.89125 0.690556 0.072500 0.107778 1 0.121704 0.229063 0.806667 0.018125 0.046667 0 0.079773 0.2525 0.803333 0.023750 0.048889 12 0.032837 0.160781 0.371667 0.013750 0.022222 12 0.030212 0.159844 0.387222 0.015937 0.032222 2 0.019501 0.346875 0.613333 0.013750 0.033333 1 0.015717 0.253438 0.804444 0.028437 0.051111 12 0.014839 0.556875 0.621667 0.046250 0.093333 2 0.013168 0.515625 0.387222 0.087500 0.146111 10 0.011597 0.885 0.259861 0.230000 0.519722 12 0.00956 0.766875 0.586667 0.026250 0.068889 0 0.006565 0.29625 0.621667 0.012500 0.031111 3 0.00639 0.429375 0.548889 0.036250 0.054444 1 0.004417 0.402187 0.62 0.014375 0.031111 12 0.004314 0.804375 0.485 0.035000 0.052778 1 0.004314 0.214062 0.838889 0.015625 0.041111 12 0.002846 0.515 0.392778 0.087500 0.147778 1 0.002705 0.225938 0.804444 0.029375 0.057778 3 0.002443 0.379375 0.614444 0.026250 0.046667 2 0.002359 0.34375 0.608889 0.020625 0.044444 0 0.002068 0.995625 0.936667 0.008750 0.124444 2 0.001839 0.995625 0.932222 0.008750 0.128889 12 0.00181 0.101328 0.379722 0.013750 0.032222 12 0.001467 0.379375 0.613333 0.024375 0.042222 12 0.00133 0.159531 0.398889 0.016562 0.037778 2 0.001325 0.335 0.581111 0.011250 0.024444 2 0.001184 0.294375 0.593333 0.022500 0.035556 1 0.001161 0.394375 0.611111 0.015000 0.033333
CCTV10^20251112-220000-20251112-225959_006509,2 0.759277 0.11125 0.746667 0.027188 0.055556 12 0.443604 0.8925 0.691111 0.070000 0.104444 3 0.370117 0.421875 0.683889 0.040000 0.051111 4 0.282959 0.421562 0.685556 0.039375 0.051111 10 0.204346 0.8775 0.267639 0.242500 0.535278 11 0.163452 0.5925 0.612778 0.057500 0.095556 1 0.104492 0.253125 0.801111 0.024062 0.053333 10 0.098083 0.592188 0.613333 0.055625 0.097778 1 0.078369 0.22875 0.805556 0.018125 0.045556 12 0.049225 0.5925 0.611111 0.053125 0.093333 12 0.043854 0.159688 0.383889 0.015625 0.028889 12 0.042572 0.160469 0.3725 0.014063 0.022222 3 0.009453 0.698125 0.615556 0.035000 0.048889 12 0.006145 0.599063 0.463333 0.043750 0.112222 5 0.006123 0.501875 0.465 0.083125 0.172222 2 0.005219 0.34625 0.611667 0.014375 0.033333 1 0.003914 0.9925 0.752222 0.015000 0.046667 2 0.003376 0.69875 0.616667 0.035000 0.053333 1 0.003124 0.400625 0.618889 0.016250 0.031111 12 0.002611 0.159375 0.399444 0.016562 0.036667 12 0.0021 0.5175 0.371944 0.076250 0.096111 9 0.001904 0.695 0.611111 0.042500 0.057778 0 0.001839 0.214062 0.835556 0.015625 0.042222 1 0.001432 0.296406 0.622222 0.012500 0.028889 1 0.001269 0.225625 0.803333 0.028125 0.055556 12 0.001202 0.101562 0.378333 0.013750 0.032222 3 0.001156 0.42875 0.548333 0.037500 0.057778
CCTV10^20251112-220000-20251112-225959_006510,12 0.363037 0.147656 0.917778 0.044062 0.084444 10 0.174438 0.875625 0.272778 0.246250 0.545556 12 0.148071 0.89125 0.690556 0.075000 0.107778 1 0.138916 0.229063 0.805556 0.018125 0.046667 1 0.113159 0.253281 0.801667 0.024375 0.051111 10 0.097046 0.8925 0.692222 0.072500 0.111111 0 0.089111 0.253281 0.801667 0.023438 0.051111 3 0.044525 0.686875 0.618889 0.037500 0.046667 2 0.041138 0.373125 0.602222 0.022500 0.037778 12 0.024048 0.16 0.374444 0.015937 0.025556 12 0.011162 0.760625 0.724445 0.161250 0.163333 2 0.010406 0.94375 0.938889 0.108750 0.118889 2 0.010208 0.346875 0.615 0.013750 0.030000 0 0.01017 0.40125 0.618889 0.017500 0.033333 1 0.006931 0.689375 0.568889 0.021250 0.034444 12 0.006824 0.159844 0.382222 0.016875 0.031111 0 0.006512 0.296563 0.621111 0.012500 0.031111 1 0.005062 0.40125 0.621667 0.017500 0.032222 3 0.0042 0.42875 0.548889 0.036250 0.055556 2 0.004135 0.86 0.907778 0.095000 0.157778 12 0.003664 0.602188 0.461944 0.038125 0.083889 12 0.003538 0.675 0.696111 0.096250 0.163333 12 0.003483 0.515 0.369167 0.077500 0.095556 0 0.003099 0.214062 0.837222 0.016250 0.046667 12 0.002935 0.825625 0.563333 0.017500 0.044444 12 0.0028 0.815625 0.718889 0.120000 0.128889 2 0.002642 0.34375 0.613333 0.020000 0.035556 3 0.002035 0.37375 0.602222 0.025000 0.036667 12 0.001957 0.858125 0.910556 0.093750 0.165556 1 0.001853 0.225938 0.803333 0.029375 0.057778 0 0.001561 0.096875 0.769444 0.021875 0.051111 12 0.001438 0.69 0.705556 0.050000 0.116667 2 0.001356 0.515 0.378333 0.076250 0.105556 11 0.001305 0.39625 0.572222 0.030000 0.071111 12 0.00109 0.161289 0.926667 0.074922 0.142222 2 0.001081 0.881875 0.926667 0.098750 0.135556
CCTV10^20251112-220000-20251112-225959_006511,3 0.235107 0.136875 0.868889 0.050625 0.075556 0 0.202393 0.25375 0.803333 0.023125 0.048889 0 0.169922 0.086563 0.75 0.024375 0.055556 10 0.141724 0.875 0.273333 0.248750 0.546667 12 0.070312 0.89 0.69 0.072500 0.105556 1 0.06189 0.23 0.807778 0.017500 0.044444 0 0.035278 0.401875 0.62 0.016250 0.031111 1 0.023514 0.254688 0.804444 0.026563 0.051111 2 0.018188 0.346875 0.613889 0.013750 0.031111 12 0.010986 0.160156 0.371667 0.014063 0.021667 5 0.00956 0.9325 0.678889 0.040000 0.068889 12 0.009087 0.91875 0.875 0.162500 0.250000 12 0.008476 0.9475 0.903056 0.105000 0.193889 12 0.008255 0.159375 0.383889 0.016562 0.030000 3 0.007786 0.7625 0.685556 0.037500 0.044444 9 0.00526 0.77 0.696667 0.050000 0.057778 3 0.005001 0.42875 0.549028 0.037500 0.055278 0 0.003172 0.29625 0.621667 0.012188 0.030000 12 0.00226 0.159219 0.4025 0.017188 0.041111 2 0.0021 0.34375 0.612222 0.020000 0.036667 12 0.001897 0.605937 0.463333 0.029375 0.078889 3 0.00181 0.348125 0.61 0.017500 0.035556 1 0.001367 0.397813 0.612778 0.020625 0.036667 3 0.001184 0.4 0.614444 0.021250 0.037778 12 0.001156 0.516875 0.371667 0.076250 0.098889
CCTV10^20251112-220000-20251112-225959_006512,1 0.548828 0.124609 0.822222 0.019062 0.051111 0 0.348633 0.25375 0.802778 0.025000 0.051111 12 0.175537 0.89125 0.690556 0.075000 0.108889 10 0.123352 0.87375 0.235417 0.250000 0.470833 1 0.071045 0.229219 0.805556 0.019375 0.047778 0 0.038025 0.40125 0.62 0.016250 0.028889 12 0.03775 0.160313 0.372222 0.014688 0.023333 12 0.02211 0.159766 0.379722 0.015781 0.025556 2 0.019272 0.346563 0.614444 0.014375 0.031111 1 0.013588 0.120625 0.812222 0.031250 0.080000 3 0.009338 0.375313 0.389722 0.044375 0.062222 1 0.009338 0.124219 0.658889 0.020000 0.042222 0 0.005386 0.213125 0.84 0.016562 0.044444 1 0.004398 0.125469 0.693333 0.015000 0.027778 12 0.004383 0.47375 0.476111 0.087500 0.157778 2 0.004364 0.115937 0.768889 0.030625 0.060000 3 0.00423 0.430625 0.552778 0.031875 0.043333 2 0.003622 0.343438 0.611667 0.020625 0.042222 0 0.003538 0.116875 0.760556 0.026563 0.060000 4 0.002924 0.400625 0.618333 0.017500 0.030000 2 0.002779 0.374375 0.389445 0.043750 0.060000 12 0.00227 0.101406 0.38 0.014844 0.033333 1 0.002182 0.254375 0.8 0.031250 0.055556 0 0.002003 0.296563 0.621111 0.012813 0.031111 12 0.00181 0.931875 0.896111 0.135000 0.207778 12 0.001768 0.515 0.371111 0.077500 0.094444 1 0.001567 0.118125 0.797778 0.038125 0.082222 1 0.001549 0.22625 0.804444 0.030625 0.060000 12 0.001432 0.159219 0.395556 0.016250 0.031111 2 0.001389 0.123594 0.657222 0.023125 0.045556 12 0.001315 0.9925 0.923889 0.015000 0.152222 12 0.001235 0.9875 0.918056 0.025000 0.163889 3 0.001197 0.4 0.613333 0.020000 0.035556 2 0.001107 0.354375 0.385 0.012500 0.034444
CCTV10^20251112-220000-20251112-225959_006513,1 0.153564 0.227187 0.799444 0.019375 0.050000 10 0.096375 0.87375 0.240278 0.252500 0.480556 0 0.085388 0.252813 0.802222 0.025000 0.051111 12 0.072876 0.89 0.690556 0.077500 0.110000 9 0.038757 0.67875 0.665556 0.070000 0.110000 0 0.032837 0.40125 0.620556 0.016250 0.028889 2 0.03067 0.346875 0.615 0.013750 0.030000 12 0.027374 0.159766 0.381667 0.016094 0.030000 2 0.025955 0.149844 0.665556 0.024062 0.053333 1 0.019943 0.25375 0.8 0.026875 0.054444 12 0.01799 0.160273 0.373611 0.015078 0.023889 3 0.016159 0.43 0.550556 0.033750 0.046667 3 0.010735 0.376563 0.392222 0.045625 0.065556 10 0.006168 0.78 0.74 0.280000 0.342222 10 0.003298 0.679375 0.665556 0.080000 0.117778 0 0.003248 0.296406 0.621111 0.012188 0.028889 12 0.002684 0.518125 0.371111 0.070000 0.092222 1 0.002632 0.214531 0.837222 0.018750 0.052222 12 0.002035 0.101562 0.38 0.014063 0.032222 10 0.001897 0.778906 0.281667 0.342187 0.563333 12 0.001796 0.4775 0.476111 0.086250 0.155556 2 0.001554 0.34375 0.613333 0.020000 0.035556 5 0.001472 0.47875 0.48 0.087500 0.160000 11 0.001169 0.678125 0.667222 0.081250 0.114444 2 0.001161 0.82375 0.561667 0.022500 0.061111
CCTV10^20251112-220000-20251112-225959_006514,12 0.300781 0.89125 0.69 0.075000 0.108889 10 0.286133 0.868125 0.222917 0.263750 0.445833 0 0.058136 0.237344 0.79 0.027500 0.055556 10 0.0401 0.873125 0.833333 0.253750 0.304445 12 0.036224 0.160625 0.374722 0.015313 0.026111 2 0.024231 0.346875 0.615 0.013750 0.031111 0 0.020966 0.402187 0.621111 0.015625 0.028889 12 0.019562 0.83875 0.935278 0.112500 0.129444 12 0.010696 0.471875 0.477222 0.066250 0.155556 1 0.008987 0.23375 0.783333 0.030625 0.068889 12 0.008217 0.806875 0.792222 0.120000 0.206667 3 0.008186 0.430313 0.550556 0.033125 0.047778 11 0.007206 0.87375 0.835556 0.252500 0.320000 12 0.006691 0.90625 0.861667 0.187500 0.276667 1 0.004738 0.402187 0.622222 0.016250 0.028889 3 0.003185 0.379063 0.391667 0.052500 0.066667 10 0.003027 0.794375 0.233333 0.318750 0.466667 1 0.002653 0.29625 0.621111 0.012500 0.030000 2 0.002522 0.8325 0.856667 0.038750 0.062222 12 0.002493 0.515938 0.3725 0.072500 0.091667 2 0.002199 0.34375 0.613333 0.020000 0.037778 0 0.00202 0.346875 0.617222 0.015000 0.036667 12 0.001675 0.101719 0.374722 0.014375 0.030556 10 0.001372 0.8775 0.316944 0.242500 0.592778 12 0.001335 0.88375 0.928333 0.210000 0.143333 4 0.001265 0.800625 0.490556 0.051250 0.066667
CCTV10^20251112-220000-20251112-225959_006515,10 0.283691 0.8775 0.271667 0.242500 0.543333 1 0.282959 0.209375 0.721111 0.019375 0.051111 12 0.245117 0.89125 0.690556 0.075000 0.108889 2 0.031982 0.346875 0.615556 0.013750 0.031111 12 0.026764 0.160156 0.382778 0.015625 0.024444 0 0.017715 0.401875 0.620556 0.015625 0.028889 12 0.017044 0.160625 0.373333 0.014688 0.023333 1 0.015427 0.206719 0.716111 0.029687 0.071111 1 0.005219 0.401563 0.621667 0.016250 0.030000 0 0.003885 0.296406 0.622222 0.012500 0.031111 3 0.003483 0.43 0.548889 0.035000 0.053333 2 0.002453 0.34375 0.612778 0.020000 0.037778 12 0.001796 0.476562 0.475556 0.053125 0.148889 12 0.001675 0.516875 0.370278 0.070000 0.091111 2 0.001579 0.3475 0.609444 0.017500 0.040000 2 0.001561 0.243125 0.617778 0.021875 0.051111 3 0.001561 0.37875 0.395556 0.067500 0.085556 5 0.001378 0.48 0.474444 0.044375 0.151111 2 0.001378 0.335625 0.579444 0.011250 0.025556 10 0.00106 0.756875 0.282778 0.338750 0.565556
CCTV10^20251112-220000-20251112-225959_006516,12 0.17334 0.8925 0.690556 0.075000 0.108889 11 0.112 0.54875 0.58 0.044375 0.072222 9 0.06781 0.54875 0.577222 0.045000 0.078889 10 0.052429 0.87625 0.232639 0.247500 0.465278 1 0.048676 0.217813 0.655556 0.015625 0.042222 12 0.024887 0.160586 0.372778 0.014453 0.023889 2 0.020721 0.346875 0.614444 0.013750 0.032222 0 0.016846 0.401563 0.62 0.017500 0.031111 12 0.01445 0.159688 0.38 0.016250 0.031667 10 0.0121 0.5475 0.575 0.041250 0.083333 3 0.010246 0.665 0.58 0.040000 0.055556 10 0.006641 0.655156 0.58 0.059687 0.077778 9 0.00518 0.66125 0.58 0.047500 0.057778 1 0.00407 0.401875 0.621111 0.018750 0.031111 3 0.003197 0.43 0.549444 0.035000 0.052222 12 0.0028 0.101406 0.376111 0.014844 0.032222 2 0.002174 0.34375 0.611111 0.021250 0.040000 5 0.001934 0.476562 0.4725 0.052500 0.149444 10 0.001741 0.8175 0.275278 0.312500 0.550556 0 0.001561 0.296406 0.621111 0.012812 0.028889 1 0.001325 0.397813 0.613333 0.017500 0.037778 12 0.001265 0.51625 0.369444 0.073750 0.092222 0 0.001265 0.212188 0.840556 0.015625 0.041111 12 0.00104 0.379063 0.616667 0.024375 0.040000 2 0.00102 0.379063 0.617778 0.025000 0.042222 1 0.001008 0.219688 0.666667 0.030625 0.064444
CCTV10^20251112-220000-20251112-225959_006517,11 0.517578 0.591875 0.619444 0.058750 0.087778 10 0.108215 0.87375 0.273333 0.250000 0.546667 10 0.106323 0.746875 0.654444 0.091250 0.106667 12 0.071594 0.8975 0.690556 0.062500 0.106667 12 0.042572 0.159922 0.379444 0.014844 0.023333 12 0.031494 0.160586 0.372222 0.013203 0.023333 10 0.027588 0.90125 0.691667 0.057500 0.104445 2 0.015076 0.346875 0.614444 0.013750 0.031111 10 0.00518 0.756094 0.283056 0.342813 0.566111 0 0.004906 0.40125 0.620556 0.017500 0.030000 11 0.00396 0.74875 0.655 0.087500 0.097778 3 0.003679 0.43 0.55 0.035000 0.050000 1 0.002502 0.40125 0.621667 0.018125 0.031111 2 0.002424 0.34375 0.611111 0.021250 0.040000 12 0.002035 0.51625 0.369444 0.077500 0.094444 2 0.001525 0.244219 0.621111 0.026563 0.046667 12 0.001478 0.467813 0.478056 0.073125 0.149444 10 0.001467 0.876563 0.822222 0.246875 0.355556 2 0.001325 0.78 0.804444 0.077500 0.116667 0 0.001081 0.212188 0.841667 0.016250 0.041111 12 0.001069 0.101328 0.376111 0.014844 0.033333 10 0.001028 0.74625 0.806667 0.290000 0.386667 3 0.001004 0.76 0.658889 0.065000 0.093333
CCTV10^20251112-220000-20251112-225959_006518,9 0.642578 0.676875 0.692222 0.091250 0.134444 11 0.604004 0.675625 0.695556 0.096250 0.131111 12 0.490234 0.443125 0.790556 0.087500 0.128889 10 0.29834 0.875625 0.265833 0.246250 0.531667 5 0.123352 0.443125 0.79 0.087500 0.130000 10 0.119202 0.445 0.791111 0.091250 0.130000 12 0.076416 0.901875 0.691111 0.052500 0.106667 12 0.050323 0.160625 0.372222 0.013750 0.022222 10 0.047424 0.944375 0.883333 0.111250 0.233333 12 0.024338 0.159844 0.388056 0.015937 0.032778 2 0.019943 0.346875 0.615 0.013750 0.031111 0 0.017639 0.401875 0.620556 0.016250 0.030000 3 0.011505 0.43 0.549444 0.035000 0.052222 10 0.00956 0.67625 0.697778 0.091250 0.133333 12 0.007694 0.467813 0.478889 0.071875 0.153333 12 0.003403 0.518125 0.372778 0.063125 0.092222 2 0.003223 0.34375 0.612778 0.021250 0.036667 1 0.002369 0.415 0.691111 0.012500 0.024444 10 0.002132 0.90375 0.691111 0.047500 0.104444 12 0.00202 0.456875 0.836667 0.035000 0.066667 9 0.001942 0.94375 0.885 0.111250 0.230000 12 0.001782 0.76625 0.587778 0.030000 0.070000 12 0.001616 0.101094 0.380556 0.014063 0.034444 1 0.001519 0.68625 0.564444 0.022500 0.035556 10 0.001372 0.96875 0.913889 0.062500 0.172222 12 0.001356 0.159688 0.398333 0.016875 0.034444 12 0.001197 0.47875 0.848889 0.038750 0.077778 12 0.001151 0.4575 0.862778 0.031250 0.054444 5 0.001017 0.285938 0.591111 0.044375 0.091111
CCTV10^20251112-220000-20251112-225959_006519,10 0.289307 0.8825 0.24375 0.233750 0.487500 12 0.106689 0.89 0.69 0.075000 0.108889 11 0.100891 0.37 0.7 0.070000 0.120000 12 0.028107 0.160586 0.373056 0.014453 0.023889 9 0.017181 0.375313 0.703333 0.083125 0.126667 10 0.015076 0.865625 0.87 0.268750 0.260000 12 0.011162 0.377813 0.735556 0.050000 0.082222 12 0.00605 0.16 0.378889 0.016250 0.027778 11 0.005959 0.910625 0.905556 0.117500 0.155556 12 0.005913 0.466875 0.4775 0.070000 0.150556 2 0.004848 0.34625 0.614444 0.015000 0.032222 12 0.004181 0.38625 0.766667 0.040000 0.088889 12 0.004166 0.4375 0.505 0.027500 0.087778 12 0.003975 0.396875 0.703889 0.066250 0.094444 3 0.003124 0.429063 0.548889 0.037500 0.056667 12 0.002855 0.518125 0.369167 0.070000 0.091111 2 0.002811 0.386563 0.775556 0.045000 0.110000 0 0.002512 0.401875 0.621111 0.016875 0.031111 12 0.002306 0.38625 0.756111 0.031250 0.065556 12 0.002003 0.101406 0.38 0.013750 0.031111 12 0.0017 0.406875 0.707778 0.038750 0.077778 11 0.001567 0.93375 0.923333 0.132500 0.153333 1 0.001549 0.401875 0.622222 0.016250 0.031111 2 0.001507 0.893125 0.885556 0.073750 0.121111 12 0.001432 0.923125 0.913333 0.153750 0.173333 12 0.001399 0.088125 0.385 0.014688 0.033889 2 0.00109 0.34375 0.611111 0.022500 0.044444 7 0.001044 0.3725 0.708889 0.058125 0.124444
CCTV10^20251112-220000-20251112-225959_006520,10 0.217285 0.88375 0.232917 0.231250 0.465833 3 0.135742 0.6725 0.575556 0.031250 0.044444 12 0.083008 0.890625 0.690556 0.077500 0.112222 12 0.017776 0.16 0.382778 0.016563 0.037778 12 0.016525 0.328047 0.633333 0.051406 0.086667 2 0.015488 0.157031 0.687778 0.027500 0.068889 4 0.011871 0.330938 0.638333 0.058125 0.087778 3 0.007668 0.429688 0.549444 0.035625 0.050000 2 0.003376 0.67875 0.506111 0.015000 0.028889 12 0.003363 0.76625 0.586667 0.032500 0.073333 12 0.003235 0.515312 0.373889 0.066875 0.092222 3 0.002378 0.329688 0.597917 0.068125 0.164167 0 0.002199 0.401875 0.62 0.015625 0.028889 0 0.0021 0.155938 0.682778 0.027188 0.067778 3 0.00198 0.48 0.515 0.043750 0.072222 2 0.001957 0.154688 0.704444 0.023125 0.060000 7 0.0017 0.329297 0.623333 0.055156 0.108889 2 0.0017 0.3475 0.612222 0.017500 0.035556 1 0.001179 0.401563 0.621111 0.016250 0.031111 0 0.001081 0.864375 0.398333 0.023750 0.053333
CCTV10^20251112-220000-20251112-225959_006521,2 0.694336 0.144297 0.901667 0.042969 0.081111 12 0.416748 0.89125 0.691111 0.072500 0.106667 3 0.300781 0.7075 0.615 0.052500 0.064444 10 0.181885 0.86 0.222222 0.280000 0.444444 0 0.027695 0.40125 0.62 0.017500 0.031111 2 0.024704 0.73125 0.481667 0.030000 0.045556 12 0.012054 0.159609 0.388611 0.017344 0.045000 0 0.011467 0.32125 0.643333 0.021875 0.062222 2 0.008186 0.995 0.9 0.010000 0.132222 2 0.008156 0.3475 0.614444 0.013750 0.032222 3 0.006958 0.429375 0.54875 0.036875 0.051389 3 0.006851 0.479375 0.511111 0.042500 0.074444 11 0.006615 0.7975 0.736667 0.123750 0.171111 2 0.006439 0.321875 0.641111 0.017500 0.051111 12 0.004025 0.159688 0.373889 0.016250 0.026111 12 0.003885 0.315938 0.577778 0.033125 0.093333 12 0.003765 0.51625 0.376667 0.075000 0.107222 1 0.003593 0.296563 0.623333 0.012187 0.033333 2 0.003111 0.994375 0.922222 0.011250 0.140000 2 0.003099 0.6875 0.478889 0.012500 0.025556 2 0.00297 0.515625 0.383889 0.075000 0.118889 2 0.002571 0.67875 0.508889 0.012500 0.025556 2 0.002003 0.7 0.407222 0.025000 0.056667 12 0.001926 0.101406 0.38 0.014063 0.032222 0 0.001741 0.375 0.386111 0.036250 0.051111 2 0.0017 0.990625 0.907778 0.018750 0.161111 10 0.001467 0.374375 0.390278 0.036250 0.049444 1 0.001438 0.76625 0.923333 0.015000 0.038889 3 0.001356 0.348125 0.611111 0.017500 0.038889 1 0.001216 0.346875 0.612222 0.013750 0.035556 0 0.001053 0.131875 0.702778 0.012812 0.025556
CCTV10^20251112-220000-20251112-225959_006522,2 0.596191 0.097969 0.742222 0.029219 0.055556 12 0.15979 0.89125 0.688333 0.072500 0.106667 0 0.039062 0.401875 0.62 0.017500 0.031111 12 0.026962 0.160313 0.372222 0.013125 0.023889 1 0.018692 0.296719 0.622222 0.013125 0.035556 8 0.010612 0.81875 0.904444 0.102500 0.180000 10 0.010567 0.88375 0.241111 0.230000 0.482222 2 0.008987 0.346875 0.613889 0.015000 0.035556 0 0.007668 0.151719 0.721667 0.018437 0.042222 12 0.007374 0.46875 0.478333 0.076250 0.154444 2 0.006512 0.151172 0.72 0.018281 0.044444 12 0.005062 0.81875 0.904444 0.105000 0.177778 0 0.004398 0.102813 0.735556 0.030938 0.055556 0 0.00428 0.148984 0.715 0.015156 0.042222 12 0.004166 0.155938 0.858889 0.070000 0.176667 2 0.003099 0.7 0.407222 0.025000 0.060000 12 0.0028 0.52125 0.370556 0.061250 0.088889 2 0.002632 0.344063 0.61 0.021875 0.045556 3 0.002502 0.43 0.549444 0.035000 0.054444 5 0.002398 0.479688 0.511111 0.039375 0.068889 5 0.002165 0.478125 0.49 0.045000 0.114444 2 0.001604 0.679375 0.507778 0.016250 0.033333 2 0.001346 0.518125 0.377778 0.067500 0.097778 12 0.00132 0.101484 0.379722 0.014219 0.032778
CCTV10^20251112-220000-20251112-225959_006523,10 0.286133 0.94875 0.895 0.102500 0.210000 0 0.265869 0.230938 0.905556 0.031250 0.077778 12 0.05014 0.89 0.69 0.077500 0.111111 2 0.026657 0.346875 0.614444 0.015000 0.034444 0 0.024796 0.401875 0.62 0.018125 0.031111 5 0.011642 0.474687 0.469444 0.056875 0.150000 0 0.011467 0.211875 0.838889 0.016250 0.040000 12 0.01017 0.16 0.390556 0.016875 0.046667 3 0.006931 0.42875 0.549444 0.037500 0.055556 2 0.006878 0.344063 0.611111 0.021250 0.043333 2 0.00502 0.519375 0.378333 0.070000 0.108889 10 0.004681 0.885 0.235278 0.230000 0.470556 3 0.004383 0.170039 0.526944 0.053047 0.136111 12 0.003975 0.764375 0.585556 0.032500 0.075556 12 0.003796 0.52 0.373333 0.068750 0.104444 2 0.003223 0.7 0.406389 0.025000 0.059444 2 0.002434 0.679375 0.507222 0.016250 0.033333 1 0.002323 0.296406 0.622222 0.013437 0.031111 12 0.002199 0.160586 0.373333 0.015078 0.023333 12 0.002199 0.430625 0.506667 0.045625 0.094444 4 0.002083 0.233437 0.916667 0.046250 0.101111 3 0.00141 0.400313 0.616111 0.023125 0.042222 10 0.001335 0.016064 0.908889 0.031855 0.123333 0 0.001197 0.207188 0.832222 0.015625 0.040000 3 0.001032 0.600625 0.548889 0.024375 0.036667
CCTV10^20251112-220000-20251112-225959_006524,10 0.203735 0.88 0.264861 0.240000 0.529722 12 0.191895 0.888125 0.688889 0.080000 0.106667 2 0.048126 0.346875 0.614444 0.014375 0.033333 0 0.017105 0.401563 0.62 0.016875 0.028889 12 0.015778 0.160781 0.372778 0.014687 0.023889 12 0.012527 0.160156 0.385 0.016250 0.034444 0 0.011826 0.338125 0.852222 0.027500 0.048889 12 0.01107 0.765 0.586667 0.028750 0.073333 0 0.007725 0.29625 0.621667 0.012500 0.031111 1 0.00729 0.335 0.85 0.023750 0.045556 0 0.005344 0.343125 0.86 0.042500 0.068889 2 0.004505 0.342813 0.862222 0.036250 0.068889 12 0.00428 0.518125 0.381667 0.081250 0.115556 3 0.004005 0.429063 0.549444 0.036875 0.055556 2 0.003593 0.34375 0.612778 0.020625 0.038889 3 0.003147 0.775 0.787222 0.060000 0.083333 2 0.00279 0.7775 0.791111 0.052500 0.093333 12 0.00205 0.159766 0.400833 0.016719 0.041667 3 0.001017 0.400625 0.614444 0.021250 0.037778
CCTV10^20251112-220000-20251112-225959_006525,12 0.30249 0.894375 0.691111 0.066250 0.104444 0 0.188354 0.234687 0.704444 0.021875 0.048889 1 0.15979 0.234063 0.703333 0.021875 0.048889 10 0.099121 0.8775 0.268333 0.242500 0.536667 2 0.031738 0.346875 0.613889 0.015000 0.034444 0 0.030212 0.401875 0.620556 0.017500 0.031111 12 0.024048 0.70625 0.687222 0.075000 0.114444 11 0.017578 0.705 0.685 0.077500 0.113333 9 0.016586 0.705 0.686111 0.076250 0.114444 2 0.013481 0.73125 0.482778 0.032500 0.058889 3 0.006565 0.694375 0.592222 0.030000 0.044444 12 0.006004 0.161406 0.371667 0.013125 0.022222 3 0.006004 0.429375 0.548889 0.036250 0.055556 1 0.005241 0.296563 0.621667 0.013125 0.031111 2 0.004166 0.67875 0.509444 0.012500 0.027778 0 0.00404 0.212344 0.84 0.015313 0.040000 12 0.003511 0.160313 0.378333 0.015000 0.021111 2 0.002632 0.34375 0.613333 0.021250 0.044444 0 0.002234 0.295938 0.624444 0.012500 0.033333 5 0.001741 0.47875 0.467778 0.073750 0.158889 12 0.001649 0.71125 0.722222 0.082500 0.171111 12 0.00126 0.47625 0.478333 0.086250 0.160000 10 0.001197 0.006592 0.521389 0.013184 0.220556 12 0.001099 0.101406 0.378333 0.014375 0.033333
CCTV10^20251112-220000-20251112-225959_006526,10 0.193115 0.874375 0.272222 0.248750 0.544444 12 0.146606 0.895625 0.69 0.062500 0.102222 0 0.028107 0.401563 0.620556 0.017500 0.031111 2 0.025085 0.346875 0.614444 0.014375 0.033333 3 0.010612 0.429375 0.549028 0.035000 0.053056 10 0.007175 0.896875 0.866667 0.206250 0.266667 1 0.006771 0.40125 0.621111 0.018750 0.032222 12 0.006462 0.159531 0.382778 0.016250 0.034444 1 0.006439 0.296563 0.621667 0.012500 0.031111 11 0.005619 0.923125 0.887778 0.133750 0.151111 12 0.004166 0.160352 0.372222 0.014922 0.022222 2 0.003429 0.243125 0.623333 0.021250 0.042222 2 0.003172 0.344063 0.612778 0.020625 0.040000 3 0.003124 0.7625 0.664445 0.055000 0.070000 12 0.003027 0.515 0.370833 0.078125 0.091667 2 0.002653 0.335 0.58 0.011250 0.027778 3 0.002571 0.3475 0.611667 0.018750 0.038889 12 0.00255 0.643906 0.516667 0.042188 0.077778 4 0.00227 0.400625 0.618889 0.018750 0.032222 3 0.002075 0.75125 0.655556 0.078750 0.090000 10 0.002075 0.758125 0.280556 0.336250 0.561111 10 0.002068 0.00666 0.524167 0.013320 0.215000 12 0.002028 0.76625 0.754444 0.102500 0.224444 12 0.001687 0.6275 0.496944 0.078750 0.127222 12 0.001597 0.627813 0.521667 0.049375 0.072222 12 0.00132 0.375 0.389445 0.036250 0.056667 0 0.001245 0.295938 0.624444 0.011875 0.031111
CCTV10^20251112-220000-20251112-225959_006527,10 0.277588 0.869375 0.260556 0.261250 0.521111 12 0.265869 0.896875 0.691111 0.062500 0.108889 2 0.016159 0.346875 0.613889 0.015000 0.032222 9 0.010406 0.910625 0.841667 0.176250 0.270000 0 0.008514 0.401875 0.62 0.016250 0.030000 12 0.007576 0.159844 0.385833 0.017813 0.047778 12 0.005936 0.159961 0.376111 0.016953 0.030000 1 0.003376 0.401875 0.621667 0.017500 0.030000 2 0.003172 0.514375 0.383333 0.089375 0.128889 1 0.003052 0.29625 0.622222 0.012500 0.031111 0 0.002132 0.211875 0.841111 0.016875 0.043333 12 0.002115 0.101328 0.376667 0.015156 0.034444 10 0.001912 0.80125 0.235833 0.312500 0.471667 3 0.001675 0.95375 0.949444 0.087500 0.101111 3 0.001335 0.429375 0.549444 0.036250 0.053333 3 0.001294 0.334688 0.58 0.010000 0.026667 12 0.001285 0.515 0.377778 0.092500 0.121111 2 0.001124 0.34375 0.611667 0.021250 0.043333 2 0.001103 0.944375 0.950556 0.068750 0.098889 10 0.001099 0.909375 0.842222 0.181250 0.315556
CCTV10^20251112-220000-20251112-225959_006528,12 0.195557 0.891875 0.690556 0.073750 0.110000 10 0.060089 0.7 0.548333 0.052500 0.070000 12 0.04068 0.161094 0.373333 0.013750 0.024444 12 0.022461 0.160352 0.383333 0.015547 0.029444 10 0.019348 0.881875 0.262361 0.235000 0.524722 2 0.017853 0.346875 0.613889 0.013750 0.031111 1 0.00255 0.29625 0.622222 0.012500 0.028889 12 0.002434 0.766875 0.587778 0.030000 0.075556 0 0.002209 0.4025 0.620556 0.015625 0.030000 12 0.001987 0.101406 0.38 0.013438 0.031111 3 0.001926 0.429375 0.548333 0.036875 0.056667 2 0.001853 0.3475 0.608889 0.018125 0.040000 2 0.001761 0.34375 0.612222 0.020000 0.037778 2 0.001675 0.515 0.386111 0.080000 0.127778 1 0.001661 0.4025 0.622222 0.016250 0.030000 12 0.001597 0.514375 0.379167 0.082500 0.117222
CCTV10^20251112-220000-20251112-225959_006529,12 0.319092 0.89125 0.691111 0.075000 0.111111 10 0.117554 0.88 0.264167 0.237500 0.528333 12 0.08728 0.160313 0.383333 0.016562 0.032222 12 0.042389 0.160625 0.375 0.015313 0.026667 12 0.03476 0.58875 0.904444 0.106250 0.191111 2 0.019791 0.346875 0.614444 0.013750 0.031111 4 0.018982 0.126094 0.794444 0.054688 0.100000 12 0.013588 0.48125 0.872222 0.107500 0.166667 10 0.006931 0.757656 0.2825 0.337187 0.565000 12 0.005447 0.16 0.400556 0.017188 0.038889 12 0.004963 0.539062 0.865 0.219375 0.270000 11 0.00297 0.849375 0.386111 0.058750 0.090000 1 0.002901 0.402187 0.62 0.016250 0.031111 1 0.002192 0.296563 0.623333 0.012500 0.031111 2 0.00215 0.34375 0.612222 0.020000 0.038889 2 0.001782 0.513125 0.382222 0.082500 0.116111 12 0.001531 0.515 0.37 0.077500 0.096667 10 0.001399 0.72625 0.562222 0.040000 0.090000 3 0.001378 0.429063 0.551667 0.036875 0.064444 0 0.001179 0.2125 0.841111 0.017500 0.042222 2 0.001017 0.158281 0.711111 0.022812 0.044444 10 0.001012 0.006929 0.509444 0.013857 0.253333
CCTV10^20251112-220000-20251112-225959_006530,12 0.515625 0.399375 0.76 0.083750 0.126667 9 0.470703 0.399375 0.76 0.080625 0.126667 12 0.352295 0.890625 0.69 0.076250 0.110000 3 0.101257 0.4925 0.759445 0.052500 0.081111 10 0.083008 0.88375 0.269722 0.232500 0.539444 4 0.06076 0.491875 0.761111 0.053750 0.082222 11 0.032227 0.492188 0.761667 0.054375 0.080000 2 0.021698 0.195625 0.863333 0.036875 0.084444 12 0.0149 0.160625 0.375 0.014375 0.026667 2 0.006218 0.34625 0.614444 0.015000 0.032222 2 0.004101 0.209023 0.937222 0.118203 0.124444 0 0.003944 0.196094 0.865556 0.037813 0.086667 2 0.003111 0.80125 0.488889 0.042500 0.054444 12 0.0028 0.101562 0.379167 0.013750 0.032222 10 0.002434 0.345625 0.61 0.016250 0.040000 10 0.002323 0.535 0.561111 0.041250 0.072222 12 0.002182 0.518438 0.370556 0.067500 0.092778 1 0.002125 0.194688 0.858333 0.038125 0.083333 11 0.001592 0.347188 0.604445 0.020000 0.052222 10 0.001574 0.34625 0.597778 0.023750 0.066667 1 0.001525 0.214687 0.841111 0.014375 0.040000 1 0.00149 0.401875 0.619444 0.014375 0.028889 3 0.001455 0.43 0.550139 0.035000 0.055278 4 0.001432 0.8 0.488333 0.046250 0.056667 4 0.001202 0.535625 0.563333 0.041250 0.075556 2 0.001179 0.344063 0.608889 0.021250 0.046667
