image_id,PredictionString
CCTV01^20260318-110000-20260318-120000_000061,3 0.896973 0.524219 0.879167 0.066563 0.197222 10 0.851074 0.193438 0.616944 0.167187 0.245 3 0.812988 0.64125 0.43875 0.03625 0.0775 10 0.808105 0.411719 0.387778 0.110937 0.127222 2 0.791992 0.191406 0.732222 0.050313 0.102222 0 0.779785 0.303047 0.941667 0.043906 0.102222 0 0.756348 0.141875 0.860833 0.061563 0.107222 0 0.725098 0.92625 0.6625 0.04125 0.089444 0 0.720215 0.783438 0.938611 0.049375 0.105 0 0.6875 0.317734 0.481389 0.025156 0.056111 3 0.6875 0.422656 0.503194 0.050312 0.066944 1 0.663574 0.8825 0.708333 0.03625 0.088889 0 0.624512 0.789688 0.477917 0.024375 0.063611 0 0.609375 0.864062 0.543472 0.026875 0.075278 3 0.600098 0.515313 0.383611 0.03125 0.048889 0 0.546875 0.811875 0.451806 0.02375 0.058611 1 0.517578 0.695938 0.452917 0.019375 0.0525 2 0.509766 0.283437 0.429306 0.024063 0.054722 10 0.496094 0.776875 0.73 0.15625 0.346667 0 0.490234 0.059189 0.686667 0.056934 0.096667 0 0.32251 0.907813 0.580833 0.023125 0.063889 1 0.30249 0.8575 0.746111 0.025 0.073333 3 0.281494 0.649375 0.402222 0.035 0.053889 10 0.205566 0.776875 0.728889 0.15625 0.346667 3 0.200562 0.647344 0.403056 0.035313 0.054444 10 0.194946 0.20043 0.443194 0.109141 0.149167 0 0.123352 0.258672 0.442083 0.028594 0.056389 3 0.107422 0.648906 0.400972 0.037188 0.051944 3 0.03833 0.641406 0.438889 0.037187 0.08 7 0.035675 0.96125 0.633056 0.0675 0.133889 4 0.034485 0.96125 0.633056 0.0675 0.133889 10 0.021698 0.672813 0.32375 0.046875 0.110278 1 0.020569 0.3075 0.454444 0.018125 0.044444 0 0.009338 0.908438 0.574444 0.018125 0.05 2 0.0056 0.96125 0.633056 0.0675 0.133889 1 0.004944 0.669375 0.388472 0.015 0.038611 0 0.00481 0.3075 0.454444 0.018125 0.044444 1 0.004772 0.714063 0.431111 0.015625 0.04 3 0.004116 0.65125 0.413611 0.0275 0.05 0 0.00399 0.227578 0.961389 0.043906 0.072778 1 0.003839 0.8825 0.711944 0.0675 0.112778 0 0.003338 0.059326 0.686389 0.056973 0.096111 1 0.002947 0.62 0.414167 0.0125 0.032778 9 0.002779 0.96125 0.633056 0.0675 0.133889 0 0.002672 0.994687 0.669722 0.010625 0.086111 1 0.002621 0.623438 0.405694 0.0125 0.036389 9 0.002581 0.020732 0.654722 0.041035 0.150556 0 0.002481 0.925938 0.6625 0.040625 0.088333 0 0.002443 0.695938 0.452917 0.019375 0.0525 0 0.002314 0.861563 0.541945 0.053125 0.085 1 0.002287 0.489375 0.397917 0.02125 0.045278 1 0.001957 0.882812 0.698889 0.068125 0.093333 0 0.001761 0.896563 0.535694 0.023125 0.0575 2 0.001714 0.994687 0.669722 0.010625 0.086111 4 0.0017 0.64125 0.43875 0.03625 0.0775 1 0.0017 0.6275 0.372917 0.013125 0.039167 2 0.001687 0.994687 0.681944 0.010625 0.086111 2 0.001574 0.8575 0.746111 0.025 0.073333 0 0.001513 0.283437 0.429306 0.024063 0.054722 1 0.001513 0.492656 0.392778 0.017188 0.043333 1 0.001467 0.669063 0.3925 0.016875 0.037778 4 0.001416 0.94 0.518889 0.05625 0.093333 1 0.001378 0.605781 0.517639 0.012187 0.040278 2 0.001367 0.059189 0.686667 0.056934 0.096667 0 0.001362 0.994687 0.681944 0.010625 0.086111 11 0.001346 0.020732 0.654722 0.041035 0.150556 0 0.001269 0.895938 0.543194 0.020625 0.056944 2 0.001151 0.992188 0.414028 0.015625 0.059167 1 0.001065 0.666875 0.389722 0.01875 0.042222 1 0.001008 0.49 0.394861 0.021875 0.0475
CCTV01^20260318-110000-20260318-120000_000065,3 0.893066 0.524219 0.878889 0.067812 0.197778 2 0.822266 0.244141 0.681111 0.046094 0.1 3 0.801758 0.73125 0.628056 0.065 0.106111 0 0.725098 0.313281 0.804444 0.040313 0.108889 1 0.710449 0.220625 0.801667 0.036875 0.094444 10 0.689453 0.699687 0.443333 0.069375 0.172222 10 0.675781 0.380313 0.435972 0.123125 0.153056 10 0.554688 0.2525 0.49625 0.159375 0.196389 0 0.529297 0.294141 0.536944 0.031094 0.070556 3 0.523438 0.642188 0.404167 0.030625 0.058889 4 0.484375 0.96 0.6325 0.07375 0.133889 0 0.42627 0.899063 0.567222 0.041875 0.085556 0 0.383057 0.939375 0.676389 0.04375 0.092778 2 0.229492 0.467813 0.452083 0.034375 0.061944 1 0.222656 0.389219 0.551944 0.025937 0.061667 1 0.153076 0.75 0.472361 0.01875 0.055278 1 0.142212 0.749688 0.473472 0.021875 0.059167 2 0.089478 0.78875 0.459583 0.0325 0.056944 10 0.072632 0.491563 0.335 0.079375 0.101111 2 0.056854 0.96 0.6325 0.07375 0.133889 7 0.042389 0.96 0.6325 0.07375 0.133889 0 0.018616 0.138594 0.639444 0.035625 0.065556 4 0.016846 0.095859 0.693611 0.094375 0.096111 12 0.010651 0.313281 0.804444 0.040313 0.108889 0 0.01001 0.389219 0.551944 0.025937 0.061667 10 0.008476 0.210078 0.4425 0.116719 0.145 2 0.005867 0.138594 0.639444 0.035625 0.065556 5 0.005219 0.526563 0.368472 0.03375 0.058611 4 0.004265 0.938437 0.513611 0.054375 0.089444 7 0.003136 0.095859 0.693611 0.094375 0.096111 2 0.002512 0.130234 0.548472 0.035156 0.069722 1 0.002493 0.387813 0.550139 0.03875 0.0675 9 0.001957 0.524219 0.878889 0.067812 0.197778 4 0.001883 0.73125 0.628056 0.065 0.106111 0 0.001824 0.96 0.6325 0.07375 0.133889 3 0.001727 0.96 0.6325 0.07375 0.133889 10 0.001649 0.201289 0.440972 0.107422 0.138056 0 0.001536 0.210078 0.4425 0.116719 0.145 2 0.001427 0.9925 0.412083 0.015 0.053056 0 0.001378 0.201289 0.440972 0.107422 0.138056 0 0.001351 0.887187 0.558889 0.053125 0.107778 0 0.001285 0.994375 0.668056 0.01125 0.092778 9 0.001274 0.2525 0.49625 0.159375 0.196389 2 0.001265 0.994375 0.5875 0.01125 0.150556 0 0.001245 0.00637 0.66 0.012651 0.098889 5 0.001161 0.524219 0.878889 0.067812 0.197778 0 0.001161 0.897188 0.548333 0.046875 0.086667 0 0.001086 0.886563 0.547778 0.049375 0.094444 0 0.001065 0.467813 0.452083 0.034375 0.061944 1 0.001 0.22125 0.818056 0.029375 0.063889
CCTV01^20260318-110000-20260318-120000_000069,3 0.888672 0.524219 0.878889 0.067812 0.196667 10 0.861328 0.8125 0.7975 0.155 0.400556 3 0.856934 0.70625 0.666389 0.05375 0.119444 0 0.728027 0.898125 0.689444 0.0425 0.096667 2 0.710449 0.970938 0.662778 0.056875 0.127778 0 0.666992 0.927188 0.663333 0.038125 0.101111 2 0.554688 0.2975 0.604445 0.035937 0.071111 3 0.550781 0.877188 0.786667 0.065625 0.137778 0 0.511719 0.405625 0.4725 0.024375 0.061667 1 0.482422 0.292266 0.659167 0.031094 0.060556 3 0.462891 0.755625 0.594722 0.055 0.079444 7 0.434082 0.202031 0.767222 0.12625 0.158889 0 0.42627 0.303438 0.514444 0.0325 0.057778 1 0.424316 0.634219 0.41 0.016563 0.046667 2 0.355713 0.338125 0.504444 0.035625 0.065556 0 0.313965 0.824063 0.498333 0.029375 0.06 9 0.299072 0.699063 0.433472 0.045625 0.079167 0 0.286133 0.864688 0.548194 0.028125 0.066944 0 0.210815 0.315781 0.56 0.024062 0.048889 7 0.146118 0.699063 0.433472 0.045625 0.079167 5 0.094666 0.348281 0.61 0.062188 0.106667 10 0.072876 0.4525 0.378472 0.09375 0.120278 9 0.064392 0.202031 0.767222 0.12625 0.158889 7 0.054993 0.19957 0.769167 0.124922 0.157222 10 0.050323 0.4525 0.374028 0.09375 0.118056 1 0.045349 0.6125 0.420833 0.01375 0.044444 4 0.036072 0.699063 0.433472 0.045625 0.079167 0 0.019867 0.098086 0.8875 0.042578 0.089444 10 0.015251 0.188047 0.635278 0.182031 0.273889 12 0.014061 0.202031 0.767222 0.12625 0.158889 10 0.013222 0.346094 0.425139 0.122187 0.1525 3 0.013023 0.348281 0.61 0.062188 0.106667 9 0.009125 0.348281 0.61 0.062188 0.106667 0 0.008514 0.92625 0.5625 0.0275 0.063889 0 0.008217 0.906875 0.546389 0.02 0.059444 4 0.007965 0.970938 0.662778 0.056875 0.127778 4 0.006218 0.9375 0.514861 0.05625 0.096944 0 0.004757 0.970938 0.662778 0.056875 0.127778 11 0.004101 0.699063 0.433472 0.045625 0.079167 0 0.003551 0.906875 0.555278 0.02 0.060556 1 0.002993 0.293672 0.951111 0.032031 0.092222 3 0.002981 0.699063 0.433472 0.045625 0.079167 4 0.002811 0.877188 0.786667 0.065625 0.137778 4 0.002226 0.348281 0.61 0.062188 0.106667 1 0.002192 0.484688 0.429167 0.030625 0.051667 9 0.002165 0.19957 0.769167 0.124922 0.157222 2 0.00205 0.994063 0.626944 0.011875 0.122778 6 0.001995 0.8125 0.7975 0.155 0.400556 9 0.001965 0.524219 0.878889 0.067812 0.196667 1 0.001727 0.288594 0.650278 0.045938 0.076111 3 0.001714 0.484688 0.429167 0.030625 0.051667 10 0.001543 0.758125 0.350833 0.055 0.119444 2 0.001501 0.991562 0.414028 0.016875 0.056944 3 0.001501 0.242031 0.493056 0.048438 0.041667 0 0.001478 0.820625 0.492639 0.04625 0.061944 4 0.001351 0.70625 0.666389 0.05375 0.119444 10 0.001294 0.70625 0.666389 0.05375 0.119444 12 0.00124 0.19957 0.769167 0.124922 0.157222 2 0.001206 0.864688 0.548194 0.028125 0.066944 2 0.001188 0.927188 0.663333 0.038125 0.101111 3 0.001169 0.054453 0.242569 0.022656 0.030972 1 0.001107 0.61125 0.4225 0.019375 0.050556 10 0.001107 0.202422 0.443056 0.112031 0.147222 10 0.001048 0.986875 0.626111 0.025 0.236667 5 0.001024 0.524219 0.878889 0.067812 0.196667
CCTV01^20260318-110000-20260318-120000_000073,3 0.885742 0.524375 0.878611 0.07 0.199445 10 0.803223 0.375 0.524028 0.13625 0.200833 3 0.799316 0.258438 0.693889 0.075 0.111111 1 0.533203 0.776563 0.658611 0.039375 0.086111 1 0.390381 0.665 0.447778 0.02125 0.057778 1 0.379395 0.136055 0.799167 0.039922 0.073889 10 0.370117 0.874375 0.602222 0.1325 0.273333 10 0.328613 0.104648 0.714445 0.208828 0.325556 0 0.303955 0.320391 0.790278 0.035469 0.093889 10 0.269043 0.241328 0.871111 0.127969 0.257778 0 0.217285 0.946563 0.685833 0.039375 0.097222 2 0.199341 0.805625 0.488611 0.0325 0.066667 7 0.188354 0.69875 0.443472 0.03875 0.074722 1 0.15918 0.260313 0.627778 0.02875 0.046667 4 0.108215 0.69875 0.443472 0.03875 0.074722 1 0.097046 0.2025 0.717222 0.029063 0.074444 1 0.083618 0.739062 0.473611 0.019375 0.054444 0 0.070068 0.2025 0.717222 0.029063 0.074444 12 0.060974 0.492188 0.228403 0.025 0.069861 6 0.056244 0.241328 0.871111 0.127969 0.257778 0 0.044525 0.314297 0.707778 0.035781 0.081111 6 0.034088 0.874375 0.602222 0.1325 0.273333 0 0.034088 0.320937 0.79 0.03625 0.093333 6 0.02298 0.855 0.881111 0.16125 0.237778 0 0.020645 0.317188 0.715833 0.03375 0.071667 0 0.018265 0.311094 0.697222 0.034063 0.077778 0 0.012009 0.994375 0.752222 0.01125 0.152222 1 0.011032 0.757812 0.474722 0.023125 0.055 10 0.009636 0.463438 0.367639 0.088125 0.119167 1 0.007755 0.7725 0.647778 0.06625 0.09 4 0.007637 0.938125 0.513056 0.0575 0.091667 9 0.007038 0.524375 0.878611 0.07 0.199445 0 0.005821 0.990313 0.751111 0.019375 0.168889 0 0.005798 0.244609 0.497778 0.137344 0.191111 0 0.005428 0.759688 0.474722 0.023125 0.051667 1 0.005081 0.780625 0.656389 0.05 0.093889 5 0.004963 0.750625 0.378333 0.035 0.07 9 0.004467 0.241328 0.871111 0.127969 0.257778 10 0.00433 0.244609 0.497778 0.137344 0.191111 1 0.004166 0.271875 0.565278 0.021875 0.035 9 0.003325 0.258438 0.693889 0.075 0.111111 1 0.002935 0.7325 0.457083 0.0475 0.079722 4 0.002663 0.785313 0.405278 0.034375 0.058333 1 0.002562 0.258828 0.624444 0.042344 0.055556 2 0.002323 0.994375 0.752222 0.01125 0.152222 3 0.002287 0.009009 0.261528 0.017607 0.0325 0 0.002108 0.136055 0.799167 0.039922 0.073889 5 0.00201 0.258438 0.693889 0.075 0.111111 5 0.001934 0.524375 0.878611 0.07 0.199445 0 0.001782 0.995313 0.734167 0.009375 0.155 1 0.001755 0.759688 0.474722 0.023125 0.051667 0 0.001611 0.757812 0.474722 0.023125 0.055 10 0.001561 0.345625 0.473611 0.135625 0.183889 1 0.001467 0.272266 0.549167 0.031094 0.065 2 0.001421 0.990313 0.751111 0.019375 0.168889 7 0.001389 0.241328 0.871111 0.127969 0.257778 3 0.001362 0.618437 0.4225 0.055625 0.045556 11 0.001356 0.241328 0.871111 0.127969 0.257778 1 0.001161 0.990313 0.751111 0.019375 0.168889 1 0.00106 0.317188 0.715833 0.03375 0.071667 9 0.00102 0.375 0.524028 0.13625 0.200833
CCTV01^20260318-110000-20260318-120000_000077,7 0.925781 0.925625 0.74 0.085 0.133333 3 0.881836 0.524063 0.878889 0.069375 0.197778 9 0.796875 0.827188 0.740833 0.109375 0.180556 1 0.747559 0.904375 0.838333 0.04 0.111111 2 0.716797 0.976875 0.672778 0.045 0.086667 3 0.686035 0.695938 0.531944 0.045625 0.083889 2 0.594727 0.984063 0.870833 0.031875 0.116111 3 0.57959 0.757188 0.617778 0.056875 0.131111 0 0.567871 0.318438 0.799167 0.048125 0.115 0 0.325928 0.304453 0.712222 0.040469 0.097778 1 0.267334 0.7425 0.476528 0.02625 0.055278 1 0.253906 0.770938 0.536667 0.025625 0.062222 2 0.242188 0.983125 0.774722 0.03375 0.091667 1 0.154053 0.889063 0.959445 0.036875 0.078889 4 0.130249 0.925625 0.74 0.085 0.133333 0 0.097412 0.983125 0.774722 0.03375 0.091667 5 0.051086 0.757188 0.617778 0.056875 0.131111 0 0.049408 0.827188 0.740833 0.109375 0.180556 1 0.047089 0.770625 0.538056 0.02625 0.065 4 0.04303 0.757188 0.617778 0.056875 0.131111 6 0.024231 0.440938 0.450694 0.085 0.121389 1 0.024048 0.904062 0.821389 0.091875 0.128333 1 0.021774 0.769375 0.526667 0.0525 0.068889 1 0.018402 0.737813 0.475139 0.043125 0.0625 0 0.0149 0.875937 0.518194 0.035625 0.060278 3 0.009453 0.626719 0.270417 0.020938 0.054722 9 0.008644 0.524063 0.878889 0.069375 0.197778 1 0.008446 0.631563 0.421528 0.015 0.044722 7 0.00528 0.827188 0.740833 0.109375 0.180556 9 0.00526 0.757188 0.617778 0.056875 0.131111 1 0.004963 0.630781 0.423333 0.020937 0.053333 0 0.004887 0.005554 0.6775 0.011079 0.131667 11 0.0047 0.827188 0.740833 0.109375 0.180556 4 0.004593 0.937188 0.513333 0.058125 0.091111 10 0.004505 0.128438 0.823889 0.215313 0.352222 0 0.004486 0.361094 0.596389 0.026563 0.049444 3 0.003593 0.054141 0.244792 0.023594 0.030972 4 0.003565 0.827188 0.740833 0.109375 0.180556 4 0.003311 0.695938 0.531944 0.045625 0.083889 0 0.003172 0.904375 0.838333 0.04 0.111111 5 0.002935 0.524063 0.878889 0.069375 0.197778 3 0.002472 0.8275 0.740556 0.11 0.181111 0 0.002443 0.366719 0.583611 0.036563 0.061667 0 0.00215 0.005549 0.667222 0.011089 0.13 0 0.00205 0.386719 0.434444 0.119688 0.158333 1 0.002003 0.736875 0.459167 0.04625 0.067778 0 0.001926 0.279687 0.478889 0.14375 0.185556 1 0.001867 0.985938 0.950556 0.028125 0.098889 7 0.001853 0.828438 0.741944 0.109375 0.177222 1 0.00181 0.76625 0.539722 0.0375 0.070556 1 0.001782 0.987813 0.969167 0.024375 0.061667 0 0.001649 0.204414 0.442222 0.102422 0.153333 0 0.001611 0.281406 0.499444 0.145937 0.166667 0 0.001389 0.005361 0.652222 0.010723 0.107778 0 0.001346 0.207305 0.447778 0.112266 0.163333 1 0.001235 0.980625 0.980833 0.03875 0.038333 0 0.001129 0.37125 0.583056 0.033125 0.058333 10 0.001124 0.241055 0.636806 0.235391 0.286389 12 0.001103 0.71 0.293611 0.02875 0.065556 5 0.001086 0.984063 0.870833 0.031875 0.116111 0 0.00104 0.241055 0.636806 0.235391 0.286389 1 0.001 0.993125 0.962778 0.01375 0.074444
CCTV01^20260318-110000-20260318-120000_000081,3 0.891113 0.524531 0.879167 0.068437 0.197222 3 0.878418 0.77125 0.880556 0.07125 0.167778 12 0.796875 0.817187 0.721389 0.065625 0.182778 1 0.67041 0.743438 0.678611 0.028125 0.082778 0 0.637207 0.278672 0.924167 0.056719 0.117222 0 0.613281 0.91875 0.734722 0.04875 0.106111 3 0.560059 0.305312 0.746944 0.060625 0.111667 12 0.511719 0.347734 0.929722 0.079531 0.138333 0 0.474609 0.362656 0.569722 0.047187 0.092778 3 0.432129 0.170977 0.958056 0.074922 0.081667 3 0.30249 0.848437 0.639444 0.054375 0.127778 0 0.279785 0.869063 0.517083 0.024375 0.064722 2 0.15564 0.044619 0.709722 0.073262 0.119444 10 0.090393 0.224844 0.7025 0.172813 0.371667 1 0.068298 0.742188 0.669722 0.061875 0.082778 10 0.035553 0.485 0.430139 0.094375 0.141944 7 0.032593 0.817187 0.721389 0.065625 0.182778 0 0.022293 0.903125 0.563472 0.03625 0.066389 4 0.021698 0.02209 0.904722 0.043711 0.141667 4 0.017181 0.044619 0.709722 0.073262 0.119444 8 0.014336 0.817187 0.721389 0.065625 0.182778 0 0.014008 0.896875 0.577222 0.035 0.071111 0 0.013481 0.327734 0.584167 0.027031 0.059444 3 0.013275 0.02209 0.904722 0.043711 0.141667 9 0.011032 0.817187 0.721389 0.065625 0.182778 3 0.009712 0.105645 0.896111 0.098711 0.165555 7 0.008415 0.044619 0.709722 0.073262 0.119444 4 0.007786 0.763125 0.405556 0.035 0.078333 10 0.007175 0.399844 0.46125 0.135937 0.161944 2 0.007149 0.763125 0.405556 0.035 0.078333 1 0.006264 0.82625 0.477222 0.01875 0.056111 0 0.006264 0.905313 0.535278 0.029375 0.060556 4 0.00605 0.848437 0.639444 0.054375 0.127778 0 0.00589 0.266719 0.488333 0.029375 0.059444 1 0.005844 0.740313 0.680278 0.050625 0.086111 0 0.005161 0.905 0.545556 0.0325 0.064444 7 0.004646 0.347734 0.929722 0.079531 0.138333 5 0.004055 0.023838 0.91 0.047559 0.18 2 0.003914 0.9925 0.412639 0.015 0.055278 0 0.00321 0.044619 0.709722 0.073262 0.119444 1 0.00316 0.810312 0.464167 0.020625 0.051667 2 0.002958 0.362656 0.569722 0.047187 0.092778 10 0.002867 0.217031 0.435 0.117188 0.148889 3 0.002747 0.103281 0.897222 0.091875 0.162222 10 0.002653 0.485469 0.430972 0.092812 0.1425 0 0.002481 0.812813 0.464444 0.021875 0.053889 0 0.002415 0.82625 0.477222 0.01875 0.056111 5 0.002108 0.524531 0.879167 0.068437 0.197222 2 0.001912 0.91875 0.734722 0.04875 0.106111 2 0.001875 0.896875 0.577222 0.035 0.071111 5 0.001734 0.848437 0.639444 0.054375 0.127778 9 0.00172 0.524531 0.879167 0.068437 0.197222 0 0.001687 0.900625 0.552083 0.03125 0.061389 0 0.001543 0.743438 0.678611 0.028125 0.082778 0 0.00149 0.810312 0.464167 0.020625 0.051667 1 0.00149 0.743438 0.692778 0.021875 0.054444 1 0.001405 0.738125 0.6575 0.0525 0.071667 0 0.001255 0.870313 0.510556 0.049375 0.073333 3 0.001161 0.225313 0.705556 0.174688 0.37 10 0.001134 0.182266 0.630833 0.217344 0.276111 3 0.00109 0.054531 0.243958 0.023438 0.029861 1 0.001 0.916562 0.76 0.039375 0.068889
CCTV01^20260318-110000-20260318-120000_000085,3 0.907227 0.524219 0.878889 0.067812 0.197778 2 0.830078 0.092793 0.798333 0.049102 0.107778 12 0.803223 0.299453 0.818333 0.084844 0.152222 0 0.769043 0.786875 0.658611 0.04125 0.092778 2 0.705566 0.697188 0.47625 0.031875 0.065833 2 0.629883 0.017612 0.858056 0.03501 0.120556 1 0.622559 0.842813 0.784445 0.038125 0.091111 3 0.598145 0.830938 0.933333 0.073125 0.128889 0 0.507812 0.265547 0.895 0.051406 0.092222 3 0.488281 0.180742 0.935556 0.076953 0.126667 10 0.474609 0.368594 0.483056 0.140313 0.175 0 0.430176 0.015625 0.668056 0.030742 0.077222 3 0.332764 0.102656 0.927778 0.094844 0.133333 0 0.271973 0.839688 0.493889 0.028125 0.069444 0 0.229492 0.005925 0.726945 0.011841 0.091667 10 0.19873 0.235313 0.678611 0.1775 0.358333 10 0.130249 0.489844 0.428611 0.085938 0.146111 0 0.115967 0.749063 0.451806 0.025625 0.056944 2 0.085083 0.097559 0.7175 0.047539 0.082778 0 0.068298 0.347578 0.9225 0.055469 0.092778 1 0.0401 0.844063 0.776945 0.073125 0.098333 3 0.025665 0.987188 0.913056 0.025625 0.173889 4 0.024048 0.767188 0.431389 0.038125 0.078889 1 0.021622 0.005925 0.726945 0.011841 0.091667 2 0.020645 0.767188 0.431389 0.038125 0.078889 0 0.012871 0.987188 0.913056 0.025625 0.173889 3 0.012871 0.277734 0.964167 0.107656 0.071667 7 0.011642 0.767188 0.431389 0.038125 0.078889 4 0.008781 0.937187 0.51375 0.053125 0.094722 2 0.007786 0.987188 0.913056 0.025625 0.173889 2 0.00634 0.005925 0.726945 0.011841 0.091667 3 0.004791 0.054336 0.244444 0.022891 0.031667 10 0.0047 0.490156 0.42875 0.084688 0.146944 3 0.004665 0.985625 0.858611 0.02875 0.282778 1 0.004574 0.206406 0.573056 0.027812 0.062778 0 0.004025 0.228281 0.466389 0.02875 0.050556 0 0.003416 0.003921 0.758056 0.007842 0.115 3 0.00326 0.307344 0.740278 0.060312 0.103889 10 0.002823 0.244219 0.410556 0.131563 0.137778 1 0.002737 0.987188 0.913056 0.025625 0.173889 2 0.002714 0.992813 0.413611 0.014375 0.054444 1 0.002531 0.84125 0.765 0.0675 0.081111 0 0.002333 0.840313 0.481667 0.050625 0.064444 4 0.002199 0.985938 0.842778 0.028125 0.314444 1 0.002157 0.841875 0.784444 0.0625 0.1 4 0.00202 0.985625 0.858611 0.02875 0.282778 1 0.001987 0.989688 0.64 0.020625 0.086667 0 0.001597 0.740938 0.441667 0.030625 0.062222 5 0.001585 0.985625 0.858611 0.02875 0.282778 1 0.001525 0.9925 0.637778 0.015 0.077778 3 0.001478 0.99 0.91 0.02 0.18 0 0.001472 0.99 0.91 0.02 0.18 1 0.001472 0.206641 0.573333 0.028906 0.063333 0 0.001341 0.225938 0.463611 0.031875 0.055556 2 0.001315 0.99 0.91 0.02 0.18 0 0.001265 0.767188 0.431389 0.038125 0.078889 1 0.001174 0.98875 0.649722 0.0225 0.093889 2 0.001169 0.277734 0.964167 0.107656 0.071667 2 0.001124 0.990625 0.906944 0.01875 0.178333 3 0.001069 0.985625 0.874167 0.02875 0.251667 4 0.001053 0.152109 0.773889 0.044844 0.102222 1 0.001 0.992813 0.648056 0.014375 0.088333
CCTV01^20260318-110000-20260318-120000_000089,3 0.90332 0.524375 0.878611 0.06875 0.198333 12 0.78125 0.293984 0.794444 0.081406 0.112222 2 0.746094 0.874688 0.910278 0.068125 0.175 0 0.733887 0.075547 0.838333 0.061406 0.112222 3 0.616699 0.387656 0.490556 0.052813 0.058333 1 0.588867 0.141094 0.823889 0.037188 0.09 3 0.541016 0.499219 0.439306 0.037813 0.053611 10 0.517578 0.449375 0.407361 0.08625 0.129722 1 0.492188 0.726562 0.542361 0.026875 0.071944 0 0.460938 0.854688 0.549167 0.030625 0.072778 0 0.455078 0.888437 0.542778 0.029375 0.068889 2 0.407227 0.80625 0.473056 0.03 0.070556 3 0.359375 0.455625 0.477917 0.0675 0.063611 3 0.348633 0.207578 0.834444 0.072656 0.127778 0 0.299072 0.751875 0.459167 0.025 0.060556 10 0.283691 0.284063 0.609306 0.15875 0.288056 2 0.200562 0.374219 0.403472 0.027813 0.0525 0 0.188354 0.076191 0.839722 0.061211 0.112778 3 0.125977 0.09832 0.959722 0.068672 0.076111 1 0.09668 0.903438 0.621111 0.030625 0.086667 2 0.093018 0.395313 0.433056 0.028125 0.055 3 0.084778 0.148281 0.706944 0.0825 0.099444 2 0.078369 0.035195 0.729722 0.053984 0.098333 0 0.072876 0.903438 0.621111 0.030625 0.086667 2 0.041931 0.345469 0.427778 0.031562 0.047778 1 0.039185 0.167266 0.776945 0.033281 0.077222 0 0.028549 0.77125 0.437083 0.0225 0.0575 2 0.025269 0.331875 0.44875 0.03625 0.035833 1 0.025177 0.982813 0.668056 0.034375 0.068333 10 0.020721 0.449687 0.405694 0.086875 0.131944 3 0.017044 0.229766 0.941944 0.127969 0.112778 0 0.015251 0.167266 0.776945 0.033281 0.077222 0 0.011688 0.352656 0.895833 0.043438 0.080556 0 0.011642 0.345469 0.427778 0.031562 0.047778 4 0.010094 0.97625 0.578333 0.04375 0.121111 0 0.009338 0.299922 0.880278 0.052031 0.086111 2 0.006538 0.903438 0.621111 0.030625 0.086667 1 0.005981 0.143867 0.848333 0.024453 0.054444 6 0.005512 0.874688 0.910278 0.068125 0.175 0 0.00452 0.924063 0.57 0.028125 0.062222 0 0.004417 0.928438 0.5875 0.031875 0.076111 0 0.003551 0.141094 0.823889 0.037188 0.09 10 0.003443 0.238906 0.540556 0.154062 0.203333 3 0.00321 0.308281 0.740556 0.061562 0.104444 0 0.003124 0.263125 0.889722 0.039688 0.073889 0 0.003111 0.874688 0.910278 0.068125 0.175 3 0.002632 0.053906 0.245139 0.023203 0.030278 0 0.002531 0.348594 0.434444 0.028437 0.041111 0 0.002453 0.318438 0.953333 0.04875 0.084444 3 0.002323 0.309219 0.739722 0.058438 0.099444 1 0.00205 0.142188 0.821667 0.066562 0.113333 0 0.001957 0.851875 0.542917 0.0575 0.079722 0 0.001934 0.931875 0.594722 0.0275 0.073889 1 0.001853 0.141094 0.819167 0.064062 0.102778 1 0.001824 0.731875 0.545417 0.04875 0.103611 12 0.001775 0.874688 0.910278 0.068125 0.175 8 0.001649 0.874688 0.910278 0.068125 0.175 1 0.001623 0.73625 0.4475 0.01875 0.045556 0 0.001561 0.310625 0.883333 0.03875 0.076667 0 0.001378 0.917813 0.566389 0.019375 0.056111 0 0.001274 0.298281 0.873889 0.059063 0.096667 1 0.001216 0.348594 0.434444 0.028437 0.041111 0 0.001151 0.355 0.902778 0.04 0.078889 3 0.001107 0.506719 0.405139 0.028437 0.041389 5 0.001103 0.524375 0.878611 0.06875 0.198333 1 0.001081 0.874688 0.910278 0.068125 0.175 0 0.001078 0.182109 0.972778 0.037344 0.047778 3 0.001065 0.008762 0.263125 0.017241 0.033194
CCTV01^20260318-110000-20260318-120000_000126,10 0.919434 0.353125 0.445833 0.11875 0.151667 3 0.916504 0.524531 0.878889 0.066563 0.195556 2 0.911133 0.317422 0.533194 0.036406 0.079167 2 0.900391 0.937813 0.860833 0.068125 0.121667 3 0.887207 0.209609 0.859722 0.086094 0.157222 3 0.88623 0.299531 0.611389 0.084063 0.089444 2 0.862305 0.84875 0.480833 0.0425 0.079444 2 0.851074 0.300469 0.65 0.034688 0.085556 1 0.839844 0.168828 0.713333 0.025469 0.072222 0 0.820801 0.274922 0.505417 0.027969 0.061389 0 0.820801 0.304922 0.894167 0.042031 0.108333 1 0.819824 0.263516 0.669444 0.021719 0.065556 0 0.813965 0.7625 0.921111 0.04 0.114444 0 0.812988 0.222188 0.688889 0.031875 0.087778 0 0.806641 0.188672 0.615278 0.026406 0.069444 0 0.785156 0.395781 0.926111 0.037188 0.091111 1 0.754883 0.151992 0.801944 0.031641 0.092778 0 0.753418 0.79625 0.544167 0.025 0.071667 1 0.728027 0.651563 0.466667 0.021875 0.052222 1 0.699219 0.192031 0.7325 0.025625 0.076111 1 0.690918 0.942187 0.688889 0.029375 0.075556 0 0.638672 0.196016 0.560556 0.027344 0.06 0 0.503906 0.016279 0.873056 0.031699 0.120556 0 0.457031 0.851875 0.594444 0.035 0.082222 4 0.432129 0.791875 0.489028 0.03375 0.075278 0 0.336426 0.260859 0.440972 0.024219 0.051389 0 0.303955 0.168047 0.505417 0.029844 0.055278 1 0.30249 0.958125 0.790278 0.04125 0.097222 1 0.217285 0.225469 0.461528 0.017188 0.043611 0 0.213379 0.89625 0.529722 0.02625 0.061667 0 0.157104 0.819375 0.476806 0.02 0.056389 3 0.134766 0.791875 0.489028 0.03375 0.075278 0 0.124207 0.820312 0.476111 0.019375 0.055556 2 0.085999 0.851875 0.594444 0.035 0.082222 0 0.055206 0.376719 0.575 0.026563 0.052222 1 0.052032 0.923438 0.963333 0.033125 0.07 0 0.045349 0.958125 0.790278 0.04125 0.097222 7 0.040833 0.791875 0.489028 0.03375 0.075278 1 0.034485 0.016279 0.873056 0.031699 0.120556 0 0.031982 0.192031 0.7325 0.025625 0.076111 1 0.028549 0.7625 0.470833 0.015 0.048889 0 0.025757 0.074824 0.696389 0.059414 0.089444 1 0.019791 0.494531 0.394306 0.014687 0.040833 1 0.018341 0.506563 0.385278 0.0175 0.038889 0 0.016922 0.225469 0.461528 0.017188 0.043611 0 0.015129 0.825937 0.57 0.016875 0.056667 0 0.014336 0.202813 0.479028 0.0175 0.038611 0 0.014114 0.005249 0.746667 0.010498 0.12 1 0.010292 0.15418 0.794167 0.067891 0.098333 2 0.008514 0.791875 0.489028 0.03375 0.075278 1 0.007347 0.825937 0.57 0.016875 0.056667 3 0.006668 0.143789 0.968333 0.082109 0.058889 5 0.005981 0.791875 0.489028 0.03375 0.075278 2 0.005936 0.074824 0.696389 0.059414 0.089444 0 0.00589 0.151992 0.801944 0.031641 0.092778 0 0.004593 0.121172 0.580833 0.040469 0.075 0 0.00404 0.84875 0.480833 0.0425 0.079444 0 0.003736 0.897188 0.5775 0.023125 0.060556 1 0.003063 0.151641 0.816944 0.028281 0.065 4 0.00289 0.975937 0.573611 0.043125 0.115 1 0.002502 0.942187 0.683056 0.060625 0.083889 7 0.002253 0.348438 0.377361 0.03 0.050278 1 0.002216 0.897188 0.5775 0.023125 0.060556 2 0.002192 0.016279 0.873056 0.031699 0.120556 1 0.00215 0.76375 0.462639 0.0175 0.050833 0 0.00205 0.791875 0.489028 0.03375 0.075278 1 0.001972 0.202813 0.479028 0.0175 0.038611 1 0.001912 0.494063 0.396806 0.015625 0.0475 1 0.0017 0.20875 0.57 0.015937 0.054444 0 0.001649 0.006021 0.686667 0.011689 0.097778 0 0.001629 0.006292 0.659722 0.012417 0.091667 0 0.001554 0.168828 0.713333 0.025469 0.072222 0 0.001525 0.7725 0.459861 0.02375 0.063611 0 0.001501 0.317422 0.533194 0.036406 0.079167 1 0.001378 0.151914 0.784167 0.060547 0.086111 1 0.00132 0.512031 0.386806 0.016563 0.0375 1 0.001279 0.395781 0.926111 0.037188 0.091111 1 0.001265 0.757812 0.459028 0.019375 0.0575 4 0.001225 0.348438 0.377361 0.03 0.050278 4 0.001169 0.074824 0.696389 0.059414 0.089444 0 0.001124 0.004414 0.711389 0.008584 0.100556 1 0.001073 0.517031 0.397222 0.012188 0.034444 2 0.001004 0.348438 0.377361 0.03 0.050278
CCTV01^20260318-110000-20260318-120000_000130,6 0.937012 0.92875 0.803611 0.12625 0.307222 10 0.922852 0.211797 0.654167 0.160781 0.262778 3 0.915039 0.524531 0.879444 0.066563 0.194444 2 0.901367 0.208672 0.920556 0.064219 0.132222 2 0.896484 0.789375 0.932778 0.0525 0.118889 7 0.884766 0.230469 0.798333 0.068438 0.141111 2 0.874023 0.8475 0.481389 0.04125 0.082222 2 0.868164 0.11375 0.953056 0.059063 0.088333 3 0.856934 0.442969 0.456389 0.047188 0.069444 3 0.837402 0.501406 0.406806 0.038438 0.055278 1 0.788086 0.727188 0.644167 0.025625 0.068333 0 0.78125 0.803125 0.575278 0.025 0.078333 1 0.769043 0.130273 0.840556 0.032891 0.087778 0 0.764648 0.270703 0.449722 0.027031 0.056667 1 0.744629 0.82625 0.699167 0.0275 0.077222 2 0.694336 0.19375 0.538472 0.027813 0.063056 3 0.690918 0.385469 0.569583 0.051563 0.074167 0 0.629883 0.287813 0.532361 0.024063 0.061944 2 0.550781 0.193672 0.538056 0.027656 0.062778 0 0.496094 0.850313 0.567778 0.030625 0.073333 0 0.492188 0.33375 0.396667 0.01875 0.045556 0 0.428223 0.77625 0.46875 0.0225 0.053611 0 0.424316 0.393281 0.387917 0.017188 0.0425 0 0.397949 0.79375 0.525833 0.0225 0.062778 0 0.375732 0.245937 0.72 0.031562 0.073333 1 0.2323 0.881563 0.641389 0.024375 0.063889 0 0.155029 0.228516 0.464444 0.022344 0.054444 1 0.119995 0.358438 0.396111 0.015 0.042222 0 0.094666 0.367812 0.380278 0.02375 0.043889 0 0.090088 0.165234 0.526111 0.022656 0.054444 0 0.086914 0.36625 0.381806 0.023125 0.045833 0 0.060303 0.203906 0.478333 0.015313 0.038333 2 0.057281 0.749063 0.397361 0.023125 0.051944 0 0.053986 0.982813 0.69 0.034375 0.097778 4 0.051453 0.4025 0.356111 0.03125 0.045556 1 0.05072 0.315313 0.406667 0.014375 0.041111 5 0.023605 0.385469 0.569583 0.051563 0.074167 0 0.017715 0.315313 0.406667 0.014375 0.041111 1 0.015015 0.835 0.566389 0.015 0.057222 1 0.012428 0.130391 0.841111 0.033281 0.088889 0 0.011963 0.814688 0.506667 0.021875 0.057778 3 0.01049 0.008909 0.262222 0.017612 0.032222 1 0.009674 0.36625 0.381806 0.023125 0.045833 1 0.00927 0.83625 0.576389 0.015 0.056111 0 0.008743 0.3675 0.378889 0.024375 0.046111 10 0.006931 0.685938 0.367917 0.056875 0.134167 4 0.006538 0.072813 0.681389 0.0375 0.056111 0 0.005753 0.130273 0.840556 0.032891 0.087778 1 0.00452 0.360313 0.394722 0.014375 0.039444 0 0.004166 0.814063 0.498194 0.023125 0.060833 8 0.004025 0.230469 0.798333 0.068438 0.141111 9 0.00326 0.230469 0.798333 0.068438 0.141111 0 0.003235 0.83625 0.576389 0.015 0.056111 1 0.002981 0.358906 0.392639 0.015313 0.041389 0 0.002924 0.072813 0.681389 0.0375 0.056111 0 0.002834 0.835 0.566389 0.015 0.057222 0 0.00255 0.8475 0.481389 0.04125 0.082222 4 0.00205 0.850313 0.567778 0.030625 0.073333 10 0.001995 0.491406 0.339722 0.074687 0.103333 0 0.001867 0.974063 0.6925 0.051875 0.103889 0 0.001818 0.7925 0.452917 0.01625 0.043056 2 0.001796 0.385469 0.569583 0.051563 0.074167 3 0.001574 0.054395 0.244792 0.02332 0.032639 1 0.001549 0.727188 0.631944 0.043125 0.066111 0 0.001513 0.791875 0.440972 0.01625 0.044167 1 0.001399 0.880313 0.632778 0.026875 0.074444 2 0.001197 0.072813 0.681389 0.0375 0.056111
CCTV01^20260318-110000-20260318-120000_000134,10 0.925293 0.815938 0.599583 0.148125 0.276389 11 0.921875 0.40875 0.494167 0.085625 0.129444 3 0.917969 0.524687 0.878889 0.06625 0.196667 2 0.884766 0.326562 0.820833 0.050625 0.118333 3 0.879883 0.15957 0.893611 0.083672 0.151667 2 0.876465 0.901875 0.575 0.05125 0.107778 2 0.873047 0.274922 0.823333 0.046719 0.117778 2 0.851074 0.321406 0.515972 0.037812 0.068056 0 0.806641 0.186172 0.643056 0.040156 0.080556 0 0.795898 0.375938 0.436806 0.019375 0.049722 0 0.792969 0.864688 0.923056 0.046875 0.116111 0 0.785156 0.134922 0.651667 0.033594 0.082222 7 0.774414 0.308594 0.476944 0.039062 0.074444 10 0.695801 0.482812 0.355556 0.076875 0.106111 0 0.503906 0.222422 0.521806 0.029531 0.058611 0 0.460938 0.843125 0.512083 0.02625 0.054722 4 0.451416 0.306016 0.713889 0.058594 0.12 2 0.126343 0.144414 0.5975 0.030859 0.069444 0 0.089478 0.144414 0.5975 0.030859 0.069444 2 0.071045 0.785 0.438889 0.02375 0.051667 0 0.053986 0.254297 0.436944 0.020781 0.048889 3 0.043854 0.306016 0.713889 0.058594 0.12 3 0.036499 0.322188 0.382917 0.055 0.045278 0 0.02887 0.425938 0.9725 0.039375 0.048333 10 0.026352 0.048516 0.87 0.097031 0.26 0 0.021042 0.421406 0.936667 0.046563 0.086667 1 0.020493 0.278906 0.467222 0.016563 0.046111 1 0.017715 0.279922 0.463889 0.017969 0.045556 7 0.015129 0.306016 0.713889 0.058594 0.12 0 0.014336 0.901875 0.575 0.05125 0.107778 2 0.013901 0.289609 0.436667 0.021406 0.045 0 0.0093 0.420625 0.946111 0.05125 0.093333 3 0.008812 0.008848 0.262014 0.017461 0.033194 2 0.006798 0.308594 0.476944 0.039062 0.074444 5 0.006413 0.322188 0.382917 0.055 0.045278 0 0.00639 0.2825 0.461667 0.018437 0.043889 2 0.006241 0.287969 0.439167 0.0225 0.05 2 0.004417 0.843125 0.512083 0.02625 0.054722 0 0.004398 0.279922 0.463889 0.017969 0.045556 6 0.00423 0.308594 0.476944 0.039062 0.074444 0 0.003929 0.422969 0.9525 0.049688 0.089444 9 0.00387 0.306016 0.713889 0.058594 0.12 0 0.003593 0.191328 0.494583 0.022031 0.045278 0 0.003483 0.188984 0.493472 0.019844 0.045278 0 0.003004 0.020664 0.711111 0.033359 0.075556 1 0.002913 0.2825 0.461667 0.018437 0.043889 0 0.002369 0.270703 0.423611 0.017031 0.038889 0 0.001942 0.210859 0.515 0.028906 0.05 1 0.0017 0.281094 0.466806 0.015937 0.044722 9 0.001694 0.40875 0.494167 0.085625 0.129444 1 0.001694 0.092852 0.96 0.022891 0.057778 1 0.001394 0.092344 0.9375 0.026562 0.097222 6 0.001335 0.253516 0.907778 0.148594 0.177778 0 0.001192 0.211016 0.520556 0.027031 0.048889 11 0.001053 0.306016 0.713889 0.058594 0.12
CCTV01^20260318-110000-20260318-120000_000138,3 0.922363 0.524531 0.879167 0.066563 0.196111 10 0.893066 0.391563 0.413333 0.108125 0.142222 3 0.891602 0.216094 0.785 0.063438 0.112222 3 0.891602 0.781875 0.780278 0.06875 0.143889 3 0.85498 0.712813 0.529028 0.044375 0.076389 2 0.837402 0.915313 0.740833 0.038125 0.103889 0 0.831055 0.96 0.795 0.0475 0.122222 0 0.829102 0.880625 0.7125 0.035 0.095 0 0.822266 0.853125 0.639444 0.03625 0.083333 1 0.818848 0.282656 0.618889 0.03 0.068889 0 0.812988 0.223516 0.686389 0.037031 0.080556 0 0.812988 0.141094 0.726945 0.034844 0.099444 0 0.794434 0.227266 0.575833 0.027969 0.076111 1 0.78125 0.929375 0.826944 0.035 0.085 9 0.753418 0.301641 0.846111 0.091719 0.202222 0 0.741699 0.334844 0.620833 0.029063 0.063889 6 0.405518 0.404063 0.488194 0.104375 0.1325 9 0.403564 0.81375 0.496389 0.06 0.117222 0 0.392334 0.208516 0.530278 0.023281 0.058333 0 0.383057 0.989688 0.760556 0.020625 0.095556 0 0.317383 0.7875 0.444583 0.0225 0.054167 0 0.181274 0.209531 0.530278 0.025312 0.060556 0 0.174438 0.988437 0.765 0.023125 0.098889 0 0.164551 0.901875 0.594167 0.035 0.073889 0 0.088196 0.190781 0.497639 0.021875 0.050278 0 0.062561 0.312578 0.405417 0.022969 0.049167 10 0.046021 0.404063 0.488194 0.104375 0.1325 7 0.034088 0.81375 0.496389 0.06 0.117222 11 0.024521 0.301641 0.846111 0.091719 0.202222 0 0.024139 0.130195 0.968333 0.060859 0.062222 0 0.019501 0.253984 0.432222 0.025469 0.037778 0 0.016846 0.77 0.418056 0.01875 0.048333 8 0.011375 0.81375 0.496389 0.06 0.117222 11 0.009933 0.81375 0.496389 0.06 0.117222 0 0.008949 0.11668 0.575833 0.046484 0.071667 0 0.006691 0.006123 0.830833 0.012246 0.091667 0 0.0051 0.004233 0.8475 0.008467 0.096111 1 0.004829 0.334844 0.620833 0.029063 0.063889 0 0.004681 0.254063 0.429722 0.026563 0.039444 3 0.004665 0.393281 0.569444 0.044687 0.058889 0 0.004646 0.769063 0.417917 0.020625 0.053056 0 0.003855 0.292578 0.409861 0.020781 0.044167 0 0.003496 0.929375 0.826944 0.035 0.085 0 0.003456 0.99375 0.782778 0.0125 0.078889 1 0.003416 0.664688 0.433194 0.018125 0.045833 4 0.00321 0.901875 0.594167 0.035 0.073889 0 0.003124 0.123516 0.966111 0.053281 0.063333 0 0.002846 0.006719 0.821111 0.013438 0.074444 7 0.002737 0.301641 0.846111 0.091719 0.202222 3 0.002502 0.525313 0.363472 0.02875 0.045833 0 0.002502 0.911875 0.550972 0.0225 0.059167 0 0.001957 0.8425 0.479583 0.01625 0.049167 2 0.001585 0.901875 0.594167 0.035 0.073889 0 0.001567 0.018296 0.91 0.036221 0.111111 0 0.001432 0.9125 0.568056 0.025 0.062778 7 0.001356 0.75375 0.382639 0.04125 0.073056 10 0.001356 0.985625 0.577222 0.0275 0.2 4 0.001216 0.11668 0.575833 0.046484 0.071667 0 0.001206 0.006494 0.875278 0.012832 0.103889 0 0.001129 0.301641 0.846111 0.091719 0.202222 0 0.001099 0.9 0.583889 0.0275 0.062222 4 0.001099 0.014346 0.91 0.028691 0.18 2 0.001 0.99375 0.782778 0.0125 0.078889
CCTV01^20260318-110000-20260318-120000_000142,3 0.913574 0.524687 0.879444 0.06625 0.195556 3 0.910645 0.251484 0.777222 0.059219 0.113333 10 0.909668 0.343594 0.536111 0.130313 0.191111 3 0.89502 0.314297 0.683333 0.060781 0.09 2 0.888184 0.308203 0.755833 0.039844 0.101667 3 0.861328 0.869687 0.6775 0.055625 0.123889 0 0.853027 0.8175 0.602222 0.0275 0.086667 0 0.847168 0.321016 0.845556 0.037969 0.096667 0 0.84082 0.177891 0.643889 0.029844 0.09 3 0.825684 0.899687 0.815833 0.103125 0.186111 3 0.804199 0.509844 0.398333 0.032813 0.045556 1 0.78125 0.720625 0.666945 0.02625 0.081667 1 0.774414 0.72 0.571111 0.02125 0.061111 0 0.770508 0.266484 0.879167 0.038281 0.103889 0 0.763672 0.893125 0.560833 0.02875 0.067222 1 0.733887 0.80625 0.512639 0.02 0.056944 0 0.732422 0.299141 0.424861 0.021094 0.049167 9 0.725098 0.449531 0.460694 0.055312 0.085278 0 0.71875 0.852813 0.490972 0.025625 0.063611 0 0.697754 0.787813 0.469306 0.021875 0.058056 3 0.651367 0.477812 0.427083 0.035625 0.053056 0 0.642578 0.363438 0.392083 0.0225 0.0475 1 0.633301 0.424219 0.418333 0.017188 0.041111 9 0.496094 0.747813 0.880833 0.075625 0.230556 0 0.411133 0.324609 0.9525 0.058281 0.089444 0 0.354004 0.243906 0.452639 0.025625 0.054167 0 0.299072 0.323984 0.951667 0.060156 0.09 0 0.269043 0.98125 0.653056 0.03625 0.086111 2 0.252441 0.031963 0.739167 0.06123 0.089444 1 0.213379 0.514219 0.420556 0.015312 0.041667 0 0.05835 0.218359 0.955278 0.048906 0.078333 7 0.05072 0.747813 0.880833 0.075625 0.230556 0 0.04068 0.392031 0.367639 0.020938 0.0425 0 0.031982 0.331172 0.399167 0.023906 0.046667 0 0.028336 0.22 0.956111 0.050625 0.076667 1 0.025665 0.720625 0.571389 0.02125 0.061667 3 0.021866 0.89875 0.815833 0.1 0.182778 0 0.021622 0.207734 0.475833 0.016719 0.038333 0 0.015251 0.830625 0.46 0.02 0.053333 7 0.011963 0.449531 0.460694 0.055312 0.085278 0 0.011421 0.1275 0.575556 0.02625 0.053333 0 0.009636 0.481719 0.386111 0.017812 0.039444 1 0.009232 0.514531 0.424583 0.012812 0.039722 0 0.006615 0.35625 0.368056 0.016875 0.035556 1 0.00589 0.481719 0.386111 0.017812 0.039444 0 0.005322 0.17125 0.514583 0.0175 0.039722 0 0.005302 0.758125 0.418333 0.02375 0.051667 1 0.004299 0.722813 0.6575 0.060625 0.078333 0 0.00423 0.45125 0.410556 0.018125 0.039444 2 0.00407 0.514219 0.420556 0.015312 0.041667 4 0.003855 0.899063 0.815833 0.101875 0.186111 0 0.003721 0.424219 0.418333 0.017188 0.041111 1 0.003469 0.224375 0.45875 0.015 0.0375 10 0.003456 0.985312 0.570278 0.029375 0.198333 3 0.003443 0.51 0.398194 0.03375 0.046389 10 0.003075 0.985625 0.593056 0.02875 0.215 1 0.002935 0.48 0.389445 0.020625 0.046667 1 0.002472 0.45125 0.410556 0.018125 0.039444 0 0.002398 0.312188 0.391667 0.01875 0.037222 3 0.00226 0.008855 0.261597 0.017485 0.031806 0 0.001919 0.312656 0.395278 0.019688 0.038333 0 0.001867 0.813125 0.457083 0.01375 0.050833 0 0.001846 0.514219 0.420556 0.015312 0.041667 1 0.001846 0.449063 0.410833 0.02 0.043889 0 0.001629 0.375156 0.563889 0.027813 0.062222 3 0.001513 0.054297 0.244514 0.023125 0.030972 2 0.001467 0.852813 0.490972 0.025625 0.063611 1 0.001467 0.446875 0.421389 0.021875 0.043333 7 0.001351 0.745313 0.889167 0.073125 0.218333 0 0.001335 0.80625 0.512639 0.02 0.056944 0 0.001294 0.48 0.389445 0.020625 0.046667 11 0.001279 0.343594 0.536111 0.130313 0.191111 1 0.001269 0.721875 0.665556 0.05375 0.085556 10 0.001255 0.98875 0.548056 0.0225 0.210556 1 0.001197 0.72125 0.563889 0.04625 0.054444 2 0.001161 0.869687 0.6775 0.055625 0.123889 6 0.001161 0.985312 0.570278 0.029375 0.198333 3 0.001103 0.615938 0.42 0.049375 0.039444
CCTV01^20260318-110000-20260318-120000_000146,3 0.91748 0.524531 0.878889 0.066563 0.195556 10 0.89502 0.431719 0.416806 0.083437 0.1275 3 0.888184 0.239219 0.688333 0.0575 0.094444 10 0.88623 0.156797 0.528611 0.090781 0.190556 3 0.884766 0.149297 0.855556 0.090156 0.145556 3 0.864258 0.493906 0.428333 0.031563 0.05 3 0.859863 0.465625 0.467222 0.04125 0.055 2 0.850098 0.280703 0.588889 0.037031 0.082222 0 0.847168 0.8875 0.8675 0.04125 0.119444 0 0.835449 0.353906 0.880278 0.056562 0.115 0 0.823242 0.311016 0.519722 0.025469 0.068333 0 0.819824 0.061602 0.864167 0.042891 0.113889 5 0.818848 0.338359 0.610556 0.067656 0.11 0 0.812988 0.363438 0.520694 0.02375 0.061944 0 0.796875 0.82125 0.502917 0.0225 0.059722 0 0.775879 0.122695 0.769444 0.047891 0.105556 1 0.767578 0.769375 0.452917 0.02 0.048611 2 0.73877 0.322656 0.423333 0.025938 0.047778 0 0.733887 0.796875 0.509861 0.02375 0.0625 1 0.730957 0.386562 0.510139 0.019375 0.053056 10 0.715332 0.676875 0.399306 0.0525 0.144722 0 0.680664 0.237266 0.868889 0.041406 0.126667 0 0.672363 0.356094 0.419028 0.023438 0.054167 2 0.660156 0.284688 0.437361 0.02375 0.051944 0 0.649414 0.266484 0.460278 0.023281 0.055 4 0.541016 0.295938 0.755833 0.063125 0.168333 0 0.484375 0.894063 0.586944 0.031875 0.073889 0 0.276611 0.977188 0.838611 0.043125 0.096111 0 0.273682 0.040122 0.925833 0.042881 0.095 0 0.242188 0.82125 0.465694 0.02 0.048056 1 0.209473 0.7825 0.57 0.0225 0.062222 7 0.196777 0.6825 0.509306 0.03875 0.070278 4 0.182373 0.6825 0.509306 0.03875 0.070278 1 0.178955 0.601562 0.448056 0.015625 0.042778 7 0.166626 0.958438 0.932778 0.083125 0.128889 1 0.154053 0.016899 0.873889 0.029443 0.074444 1 0.073669 0.63 0.387222 0.01375 0.046667 1 0.068542 0.85625 0.539445 0.015 0.062222 0 0.057495 0.934062 0.591667 0.034375 0.072222 0 0.049774 0.768438 0.4075 0.021875 0.051111 9 0.048859 0.958125 0.928056 0.08125 0.142778 1 0.037201 0.629687 0.388611 0.015625 0.048333 0 0.021942 0.601562 0.448056 0.015625 0.042778 9 0.016846 0.6825 0.509306 0.03875 0.070278 7 0.013847 0.958125 0.928056 0.08125 0.142778 3 0.012573 0.630938 0.290417 0.020625 0.049722 0 0.011826 0.016899 0.873889 0.029443 0.074444 2 0.0093 0.300938 0.385 0.03125 0.043889 4 0.006363 0.958438 0.932778 0.083125 0.128889 0 0.006313 0.82125 0.475417 0.0225 0.063056 0 0.005707 0.901563 0.575 0.026875 0.07 7 0.00547 0.295938 0.755833 0.063125 0.168333 0 0.004681 0.600938 0.447083 0.01875 0.048611 1 0.004166 0.600938 0.447083 0.01875 0.048611 11 0.00387 0.431719 0.416806 0.083437 0.1275 4 0.003824 0.98 0.875278 0.04 0.178333 0 0.003593 0.116797 0.751667 0.045156 0.073333 11 0.003565 0.958125 0.928056 0.08125 0.142778 1 0.003565 0.600156 0.448333 0.020313 0.047222 2 0.003325 0.768438 0.4075 0.021875 0.051111 0 0.003273 0.061309 0.862222 0.042852 0.111111 11 0.002981 0.156797 0.528611 0.090781 0.190556 1 0.002462 0.040122 0.925833 0.042881 0.095 0 0.002415 0.386562 0.510139 0.019375 0.053056 0 0.002043 0.119766 0.763333 0.057344 0.102222 9 0.00201 0.295938 0.755833 0.063125 0.168333 4 0.001748 0.338359 0.610556 0.067656 0.11 0 0.001668 0.85625 0.539445 0.015 0.062222 0 0.001649 0.991875 0.836667 0.01625 0.121111 0 0.001629 0.9275 0.578333 0.02875 0.058889 8 0.001561 0.958125 0.928056 0.08125 0.142778 0 0.001543 0.600156 0.448333 0.020313 0.047222 1 0.001367 0.705625 0.953056 0.02875 0.079444 0 0.001335 0.352969 0.399028 0.022812 0.038056 0 0.001179 0.300938 0.385 0.03125 0.043889 0 0.001134 0.284688 0.437361 0.02375 0.051944 3 0.001124 0.295938 0.755833 0.063125 0.168333 1 0.001099 0.603281 0.429167 0.016562 0.056111 1 0.001028 0.527656 0.417083 0.015312 0.035278
CCTV01^20260318-110000-20260318-120000_000150,3 0.915039 0.524531 0.879167 0.066563 0.196111 3 0.910645 0.285391 0.644444 0.066719 0.088889 3 0.902832 0.729688 0.639444 0.066875 0.112222 3 0.876465 0.899375 0.783889 0.08375 0.141111 3 0.867188 0.439063 0.420278 0.040625 0.051667 10 0.864258 0.192188 0.450556 0.085313 0.148889 0 0.848145 0.276484 0.553056 0.026406 0.072778 3 0.845703 0.485156 0.409167 0.035313 0.05 0 0.831055 0.862188 0.560972 0.026875 0.071389 1 0.79834 0.688125 0.7 0.02375 0.075556 0 0.789062 0.82 0.510278 0.02375 0.063889 0 0.782715 0.296328 0.499722 0.021406 0.052222 0 0.775879 0.953125 0.651945 0.03625 0.079444 10 0.774414 0.83 0.839722 0.1525 0.320556 0 0.757812 0.223516 0.504444 0.024531 0.055556 0 0.743164 0.98625 0.675556 0.0275 0.083333 0 0.660156 0.778125 0.456528 0.02375 0.053056 0 0.594727 0.270703 0.451111 0.022656 0.05 0 0.539062 0.299766 0.449583 0.023281 0.051389 0 0.53125 0.340313 0.406389 0.0225 0.050556 0 0.498047 0.299375 0.449028 0.024062 0.051944 0 0.480469 0.382188 0.401528 0.02 0.045833 0 0.472656 0.91375 0.628333 0.035 0.088889 1 0.416748 0.71875 0.883889 0.03375 0.11 10 0.291748 0.061094 0.769722 0.122188 0.320556 2 0.229492 0.91375 0.628333 0.035 0.088889 3 0.187134 0.045938 0.934444 0.091875 0.105556 2 0.148071 0.400469 0.381667 0.037812 0.046111 0 0.121704 0.928125 0.583056 0.0275 0.061667 0 0.090759 0.71875 0.883889 0.03375 0.11 0 0.062561 0.816875 0.444306 0.01875 0.0375 1 0.055206 0.829688 0.637222 0.024375 0.061111 0 0.045013 0.829688 0.637222 0.024375 0.061111 1 0.038452 0.678125 0.393194 0.0175 0.046944 1 0.031021 0.829375 0.637222 0.025 0.058889 0 0.028214 0.829375 0.637222 0.025 0.058889 3 0.009163 0.630469 0.294167 0.021562 0.050556 6 0.004055 0.192188 0.450556 0.085313 0.148889 1 0.002571 0.689375 0.684722 0.06 0.093889 3 0.002199 0.319453 0.349444 0.024219 0.040556 11 0.002043 0.192188 0.450556 0.085313 0.148889 1 0.00202 0.721875 0.909722 0.02875 0.077222 0 0.001897 0.296172 0.47625 0.018906 0.048056 0 0.001867 0.927813 0.578611 0.025625 0.055 0 0.001668 0.435937 0.966667 0.039375 0.06 1 0.00149 0.687813 0.700278 0.023125 0.076111 0 0.001478 0.425781 0.932222 0.028438 0.067778 0 0.001315 0.816875 0.44625 0.01875 0.038611 1 0.001225 0.992813 0.693889 0.013125 0.078889 6 0.001151 0.83 0.839722 0.1525 0.320556 1 0.00109 0.91375 0.628333 0.035 0.088889 0 0.001081 0.995938 0.645833 0.008125 0.112778
CCTV01^20260318-110000-20260318-120000_000154,3 0.915039 0.524687 0.878889 0.066875 0.195556 10 0.911621 0.375547 0.45 0.126406 0.161111 3 0.89502 0.389375 0.551389 0.0575 0.067222 10 0.884277 0.210547 0.432778 0.107656 0.136667 0 0.847168 0.203203 0.636389 0.036406 0.075 0 0.841797 0.923438 0.669444 0.043125 0.097778 0 0.841797 0.232813 0.779722 0.04 0.098333 0 0.831055 0.309297 0.685278 0.031406 0.089444 0 0.824219 0.129063 0.719444 0.044375 0.087778 0 0.81543 0.740625 0.706667 0.0325 0.098889 0 0.804199 0.277266 0.498194 0.028906 0.063056 0 0.803223 0.277422 0.876667 0.042344 0.135556 1 0.782715 0.149297 0.801944 0.035469 0.077222 0 0.773438 0.859375 0.635278 0.03375 0.079444 2 0.708984 0.149375 0.905 0.060312 0.13 0 0.6875 0.875938 0.578611 0.021875 0.059444 0 0.625977 0.320937 0.536667 0.0225 0.063333 0 0.600098 0.860625 0.513472 0.02375 0.065278 0 0.552734 0.627969 0.506111 0.026563 0.064444 1 0.46875 0.470781 0.466389 0.019688 0.051667 0 0.443604 0.022715 0.704722 0.039883 0.086111 1 0.388672 0.470781 0.466806 0.019062 0.051389 0 0.379395 0.988437 0.678056 0.023125 0.083889 0 0.357666 0.957187 0.648056 0.030625 0.076111 0 0.355713 0.177852 0.580556 0.035859 0.067778 0 0.267334 0.99 0.676389 0.02 0.080556 6 0.246582 0.8175 0.871111 0.10875 0.255556 10 0.226807 0.209805 0.43 0.106641 0.134444 0 0.119202 0.92875 0.584722 0.0275 0.062778 1 0.088196 0.627969 0.506111 0.026563 0.064444 0 0.083862 0.191953 0.540556 0.030156 0.064444 5 0.083862 0.267734 0.656944 0.078594 0.123889 0 0.067566 0.19 0.539028 0.0325 0.061944 9 0.066589 0.267734 0.656944 0.078594 0.123889 0 0.061646 0.896875 0.54 0.0275 0.051111 0 0.054413 0.860312 0.512917 0.024375 0.068611 0 0.05014 0.149375 0.905 0.060312 0.13 1 0.043213 0.896875 0.54 0.0275 0.051111 0 0.038452 0.320859 0.53875 0.023281 0.064722 10 0.026062 0.210703 0.431667 0.107969 0.137778 4 0.024429 0.267734 0.656944 0.078594 0.123889 7 0.022369 0.267734 0.656944 0.078594 0.123889 0 0.020966 0.36 0.525 0.02125 0.053333 1 0.014008 0.7425 0.746667 0.0225 0.048889 0 0.01297 0.360469 0.525694 0.020938 0.053056 0 0.012291 0.191172 0.5375 0.030781 0.061667 1 0.011597 0.074531 0.688056 0.029687 0.085 1 0.010094 0.630156 0.518056 0.020937 0.043889 2 0.007122 0.177852 0.580556 0.035859 0.067778 12 0.005219 0.267734 0.656944 0.078594 0.123889 0 0.004627 0.74125 0.730278 0.0275 0.079444 10 0.004539 0.8175 0.871111 0.10875 0.255556 0 0.003765 0.991563 0.691667 0.015625 0.073333 0 0.003721 0.074609 0.679444 0.029531 0.082222 0 0.00259 0.149297 0.801944 0.035469 0.077222 0 0.002234 0.274141 0.439722 0.018594 0.047778 0 0.002182 0.928125 0.591111 0.0275 0.065556 1 0.001934 0.003848 0.854722 0.007695 0.129444 1 0.001926 0.025908 0.726389 0.038184 0.068333 1 0.001861 0.257578 0.488889 0.015469 0.047222 0 0.001818 0.359531 0.520278 0.022187 0.050556 0 0.001668 0.00894 0.699444 0.017236 0.076667 1 0.001661 0.836563 0.735833 0.019375 0.047222 6 0.001531 0.267734 0.656944 0.078594 0.123889 0 0.001269 0.860938 0.505694 0.021875 0.061944 4 0.001206 0.936875 0.513194 0.05375 0.091389 2 0.001017 0.003962 0.840278 0.007925 0.147222
CCTV01^20260318-110000-20260318-120000_000158,3 0.918457 0.525 0.879167 0.06625 0.195 3 0.914062 0.325078 0.588333 0.067344 0.075556 3 0.908691 0.197578 0.745278 0.083906 0.125 10 0.900391 0.208047 0.432083 0.103906 0.136389 0 0.859863 0.895938 0.788889 0.044375 0.113333 2 0.839844 0.797188 0.468194 0.028125 0.058056 0 0.839844 0.704688 0.787222 0.039375 0.101111 0 0.835449 0.282109 0.541389 0.024219 0.070556 0 0.831055 0.236719 0.6575 0.037188 0.085 0 0.825684 0.300781 0.765278 0.033437 0.097222 0 0.81543 0.31 0.925833 0.053125 0.116111 1 0.795898 0.733125 0.634444 0.025 0.073333 0 0.785156 0.246563 0.517361 0.023125 0.060833 0 0.743164 0.8175 0.539583 0.02625 0.069722 0 0.732422 0.895 0.573056 0.02625 0.069444 0 0.730957 0.296797 0.463611 0.021406 0.052778 0 0.640625 0.825625 0.495417 0.025 0.060833 0 0.381104 0.311328 0.926944 0.054219 0.116111 1 0.357666 0.111797 0.752222 0.030156 0.084444 7 0.219971 0.803125 0.859722 0.06875 0.173889 10 0.122498 0.065586 0.746944 0.131172 0.309444 0 0.108948 0.7875 0.763333 0.03 0.084444 0 0.108215 0.930938 0.589444 0.029375 0.066667 4 0.086304 0.803125 0.859722 0.06875 0.173889 0 0.071045 0.799063 0.779167 0.058125 0.096111 0 0.057709 0.298281 0.416806 0.021875 0.045278 0 0.057495 0.390156 0.37375 0.022188 0.044167 0 0.05481 0.785625 0.433889 0.02 0.05 0 0.049408 0.390156 0.373611 0.020313 0.041667 0 0.034241 0.270313 0.429583 0.024688 0.046944 0 0.027802 0.111797 0.752222 0.030156 0.084444 10 0.025467 0.207578 0.43125 0.103906 0.135833 1 0.024338 0.7875 0.763333 0.03 0.084444 0 0.019272 0.785937 0.430556 0.018125 0.048889 9 0.014839 0.803125 0.859722 0.06875 0.173889 0 0.014557 0.299453 0.415 0.019531 0.041667 1 0.007038 0.7325 0.628333 0.06 0.074444 1 0.00433 0.356094 0.381944 0.013437 0.035 0 0.003235 0.8425 0.473611 0.01375 0.038889 0 0.003111 0.803125 0.859722 0.06875 0.173889 1 0.002306 0.734062 0.653333 0.019375 0.044444 0 0.002253 0.390313 0.956111 0.045 0.074444 0 0.002132 0.298281 0.414583 0.021875 0.044167 1 0.001972 0.731563 0.618333 0.060625 0.067778 3 0.001897 0.054141 0.245486 0.023359 0.031806 1 0.001824 0.132734 0.736667 0.023438 0.074444 11 0.001501 0.208047 0.432083 0.103906 0.136389 3 0.00149 0.803125 0.859722 0.06875 0.173889 4 0.001455 0.936563 0.510556 0.051875 0.092222 0 0.001421 0.733125 0.634444 0.025 0.073333 3 0.001383 0.065273 0.743611 0.130547 0.297222 0 0.001269 0.802813 0.7975 0.055625 0.080556 2 0.001255 0.993125 0.409861 0.01375 0.051944 0 0.001255 0.92875 0.581667 0.03 0.062222 1 0.001112 0.67375 0.357917 0.0175 0.049167 3 0.001017 0.009009 0.261528 0.017744 0.0325
CCTV01^20260318-110000-20260318-120000_000162,10 0.923828 0.153906 0.575139 0.155938 0.210833 3 0.92041 0.524844 0.879167 0.067188 0.195 3 0.912598 0.257578 0.846111 0.066719 0.127778 5 0.878418 0.674063 0.444583 0.039375 0.080278 2 0.86084 0.849375 0.491667 0.045 0.087778 0 0.845703 0.311094 0.894722 0.045937 0.119444 0 0.834473 0.894063 0.737778 0.050625 0.104444 0 0.833496 0.83875 0.927778 0.0425 0.117778 0 0.82666 0.766563 0.850833 0.035625 0.119444 0 0.818848 0.848125 0.64 0.03 0.085556 0 0.78418 0.80625 0.857778 0.03875 0.126667 2 0.771973 0.926562 0.721945 0.046875 0.093889 1 0.747559 0.778438 0.562778 0.023125 0.057778 1 0.73877 0.344688 0.560833 0.023125 0.048333 0 0.73584 0.335781 0.47 0.021563 0.048889 0 0.73584 0.871875 0.584444 0.0275 0.066667 0 0.723145 0.815313 0.505694 0.023125 0.058056 0 0.702637 0.334375 0.526945 0.0275 0.062778 0 0.673828 0.895 0.57 0.02375 0.066667 0 0.618652 0.326719 0.426667 0.019062 0.047222 10 0.611328 0.206602 0.427639 0.104297 0.128056 10 0.482422 0.207695 0.430833 0.101797 0.13 10 0.480469 0.042119 0.752778 0.084043 0.307778 0 0.449463 0.331406 0.384306 0.019062 0.041389 0 0.432129 0.797813 0.477361 0.020625 0.0575 0 0.29248 0.289062 0.423611 0.018438 0.046111 0 0.115967 0.311172 0.893889 0.047031 0.121111 4 0.107422 0.292344 0.670556 0.048125 0.123333 1 0.104492 0.334375 0.629444 0.025 0.065556 1 0.080933 0.291016 0.454722 0.018281 0.048333 1 0.049774 0.302188 0.601111 0.020625 0.056667 6 0.046722 0.042119 0.752778 0.084043 0.307778 0 0.032227 0.779063 0.417917 0.023125 0.054167 0 0.029648 0.799063 0.477778 0.019375 0.055556 0 0.026154 0.334375 0.629444 0.025 0.065556 0 0.023773 0.344688 0.560833 0.023125 0.048333 0 0.020966 0.293516 0.6275 0.036094 0.076111 0 0.017517 0.930625 0.585556 0.03 0.064444 0 0.0159 0.791563 0.447083 0.018125 0.049722 9 0.011642 0.292344 0.670556 0.048125 0.123333 0 0.008614 0.849375 0.491667 0.045 0.087778 0 0.007374 0.291016 0.454722 0.018281 0.048333 2 0.006905 0.331406 0.384306 0.019062 0.041389 0 0.005535 0.289453 0.434444 0.020781 0.06 0 0.003736 0.791563 0.453611 0.021875 0.052778 0 0.003708 0.778438 0.562778 0.023125 0.057778 1 0.003635 0.290234 0.454306 0.019844 0.053056 0 0.003136 0.797812 0.484306 0.019375 0.053056 2 0.002846 0.9925 0.413056 0.015 0.055 0 0.002443 0.290078 0.435694 0.018594 0.050833 1 0.002415 0.300391 0.595 0.019531 0.048889 1 0.002182 0.301875 0.594167 0.017188 0.045 4 0.001942 0.334375 0.526945 0.0275 0.062778 4 0.001926 0.674063 0.444583 0.039375 0.080278 0 0.001714 0.302578 0.640833 0.022344 0.070556 1 0.001611 0.318438 0.963889 0.03625 0.051111 1 0.001455 0.291563 0.460972 0.016875 0.040278 11 0.001048 0.042119 0.752778 0.084043 0.307778
CCTV01^20260318-110000-20260318-120000_000166,10 0.927734 0.208125 0.503056 0.124688 0.163889 3 0.91748 0.524687 0.879167 0.066875 0.193889 3 0.896973 0.322969 0.490556 0.045938 0.061111 5 0.881836 0.678438 0.555 0.051875 0.112222 5 0.874023 0.736562 0.724444 0.071875 0.162222 3 0.873047 0.401406 0.505694 0.055938 0.075278 3 0.85498 0.637187 0.423333 0.030625 0.057778 2 0.842773 0.77 0.874167 0.0525 0.133889 0 0.817383 0.310078 0.896667 0.049219 0.106667 0 0.813965 0.153984 0.687222 0.030781 0.085556 0 0.806641 0.943125 0.705 0.03375 0.09 0 0.803223 0.366719 0.451528 0.020938 0.055278 0 0.792969 0.262656 0.935278 0.04625 0.102778 0 0.786621 0.911563 0.666667 0.036875 0.08 0 0.763672 0.3225 0.439444 0.020625 0.048889 1 0.753418 0.10293 0.860833 0.031016 0.087222 1 0.743164 0.855313 0.69 0.029375 0.08 10 0.726562 0.206563 0.436944 0.106563 0.143333 0 0.668945 0.825 0.4825 0.025 0.057222 0 0.656738 0.895 0.570556 0.02375 0.065556 2 0.57959 0.864688 0.551944 0.040625 0.095 10 0.460938 0.2175 0.708056 0.090625 0.305 0 0.453369 0.847188 0.505694 0.020625 0.059167 10 0.42627 0.037031 0.731111 0.074063 0.301111 0 0.315674 0.259141 0.576389 0.029219 0.063889 0 0.300781 0.865 0.633333 0.0275 0.06 0 0.240723 0.92875 0.585 0.03125 0.065556 0 0.153076 0.789375 0.429444 0.02125 0.051111 0 0.103027 0.069531 0.640556 0.030469 0.062222 1 0.099487 0.297969 0.428056 0.018438 0.042778 6 0.065857 0.037031 0.731111 0.074063 0.301111 1 0.064392 0.865 0.633333 0.0275 0.06 5 0.060089 0.864688 0.551944 0.040625 0.095 1 0.025467 0.259141 0.576389 0.029219 0.063889 6 0.022797 0.2175 0.708056 0.090625 0.305 0 0.015671 0.297969 0.428056 0.018438 0.042778 10 0.012146 0.207734 0.432083 0.103281 0.138611 0 0.011467 0.77 0.874167 0.0525 0.133889 1 0.009087 0.360313 0.367083 0.0175 0.038056 1 0.007904 0.103477 0.881944 0.023047 0.052778 0 0.007874 0.855313 0.69 0.029375 0.08 4 0.006413 0.864688 0.551944 0.040625 0.095 1 0.00573 0.359688 0.3675 0.019375 0.040556 1 0.004486 0.995 0.908056 0.01 0.150556 0 0.003551 0.915938 0.598889 0.023125 0.048889 0 0.003185 0.995 0.908056 0.01 0.150556 1 0.00255 0.995938 0.892778 0.008125 0.151111 0 0.002493 0.864688 0.551944 0.040625 0.095 0 0.00202 0.10293 0.860833 0.031016 0.087222 12 0.00198 0.864688 0.551944 0.040625 0.095 4 0.001883 0.736562 0.724444 0.071875 0.162222 3 0.001839 0.990938 0.910833 0.018125 0.155 1 0.001768 0.103281 0.848056 0.068438 0.090556 1 0.001675 0.990938 0.910833 0.018125 0.155 0 0.001574 0.995938 0.892778 0.008125 0.151111 0 0.001484 0.994687 0.92 0.010625 0.16 11 0.001455 0.037031 0.731111 0.074063 0.301111 3 0.001274 0.054688 0.244861 0.023359 0.031389 2 0.001265 0.995 0.908056 0.01 0.150556 3 0.001235 0.736562 0.724444 0.071875 0.162222 0 0.001161 0.88375 0.562778 0.05 0.09 1 0.001048 0.855625 0.705833 0.0225 0.050556 4 0.00104 0.678438 0.555 0.051875 0.112222 1 0.001012 0.864062 0.6 0.018125 0.041111
CCTV01^20260318-110000-20260318-120000_000170,10 0.930176 0.74125 0.481111 0.09375 0.191111 10 0.922363 0.238438 0.466389 0.103125 0.155 3 0.916016 0.524844 0.879722 0.067188 0.195 5 0.892578 0.204531 0.8025 0.079062 0.162778 3 0.891602 0.765625 0.929167 0.06 0.132778 3 0.890137 0.231016 0.645556 0.063906 0.083333 2 0.888672 0.320547 0.768333 0.041406 0.105556 3 0.887207 0.461563 0.447083 0.036875 0.053611 2 0.882324 0.325703 0.580833 0.031094 0.079444 3 0.876465 0.400313 0.498472 0.0525 0.063056 3 0.868652 0.278906 0.656389 0.065313 0.100556 10 0.861328 0.36125 0.399306 0.079375 0.128056 0 0.849121 0.873125 0.733889 0.03875 0.096667 1 0.841797 0.3525 0.953889 0.03375 0.078889 1 0.819824 0.913125 0.7425 0.0275 0.083889 1 0.817383 0.718125 0.594722 0.02375 0.061667 0 0.810547 0.936875 0.695833 0.0325 0.093889 1 0.804199 0.764063 0.749167 0.029375 0.089444 0 0.796875 0.974688 0.816667 0.050625 0.114444 0 0.795898 0.289766 0.576944 0.027031 0.062778 0 0.764648 0.855313 0.559306 0.026875 0.076944 1 0.762207 0.663438 0.536667 0.020625 0.061111 10 0.725098 0.206406 0.435278 0.099063 0.143889 1 0.725098 0.655313 0.480278 0.019375 0.049444 0 0.72168 0.820625 0.501528 0.0225 0.063611 0 0.695801 0.272344 0.763889 0.034062 0.1 0 0.677246 0.272656 0.516528 0.029063 0.061389 1 0.660156 0.337656 0.654722 0.021563 0.061667 0 0.640625 0.8975 0.575556 0.0275 0.063333 0 0.620605 0.912813 0.625556 0.038125 0.071111 0 0.615234 0.982187 0.721667 0.035625 0.095556 0 0.596191 0.857188 0.492083 0.028125 0.056389 0 0.432129 0.234688 0.542083 0.030313 0.058056 1 0.424316 0.801562 0.491944 0.014375 0.049444 0 0.422607 0.156133 0.635833 0.026797 0.059444 1 0.397949 0.4425 0.397361 0.016875 0.043056 1 0.341553 0.485469 0.409583 0.027812 0.044722 1 0.242188 0.83875 0.600556 0.025 0.061111 10 0.117554 0.238906 0.465833 0.102813 0.155 1 0.112793 0.843125 0.605833 0.02875 0.066111 0 0.05835 0.820938 0.501528 0.021875 0.063056 10 0.047943 0.210977 0.43875 0.104609 0.144722 10 0.044006 0.018154 0.675 0.036309 0.243333 10 0.03186 0.021836 0.675 0.043672 0.261111 10 0.030563 0.020176 0.673333 0.039961 0.245556 12 0.020569 0.019082 0.673333 0.038164 0.251111 0 0.015076 0.337656 0.654722 0.021563 0.061667 1 0.013741 0.312188 0.457361 0.014687 0.043611 1 0.013023 0.599219 0.419583 0.015938 0.0475 1 0.011467 0.522188 0.402083 0.015625 0.039167 12 0.009377 0.021836 0.675 0.043672 0.261111 0 0.008286 0.801562 0.491944 0.014375 0.049444 0 0.007786 0.4425 0.397361 0.016875 0.043056 3 0.006538 0.52 0.374583 0.0325 0.046944 10 0.00518 0.7725 0.373333 0.055 0.111111 10 0.004757 0.982187 0.581111 0.035625 0.207778 1 0.003525 0.48125 0.406667 0.0275 0.046667 1 0.003286 0.663125 0.536667 0.02125 0.061111 0 0.003111 0.83875 0.600556 0.025 0.061111 1 0.00289 0.353438 0.973889 0.03 0.044444 0 0.002684 0.930937 0.585 0.028125 0.056667 2 0.002512 0.997188 0.770556 0.005625 0.116667 5 0.002462 0.278906 0.656389 0.065313 0.100556 11 0.002378 0.238438 0.466389 0.103125 0.155 3 0.002359 0.054844 0.245069 0.022656 0.031528 10 0.00227 0.019082 0.673333 0.038164 0.251111 0 0.002243 0.764063 0.749167 0.029375 0.089444 1 0.00205 0.353281 0.938611 0.064687 0.080556 0 0.001934 0.485469 0.409583 0.027812 0.044722 1 0.001875 0.912813 0.759722 0.023125 0.055 6 0.001831 0.36125 0.399306 0.079375 0.128056 0 0.001604 0.997188 0.770556 0.005625 0.116667 0 0.001574 0.522188 0.402083 0.015625 0.039167 10 0.001561 0.986563 0.556667 0.026875 0.216667 2 0.001536 0.522188 0.402083 0.015625 0.039167 1 0.001444 0.489219 0.410694 0.020938 0.038611 0 0.001346 0.910625 0.580556 0.05875 0.096667 1 0.00133 0.50375 0.40125 0.014375 0.039167 1 0.001294 0.842813 0.601945 0.026875 0.067222 11 0.001265 0.021836 0.675 0.043672 0.261111 10 0.001197 0.983125 0.6 0.03375 0.221111 1 0.001107 0.354219 0.947778 0.064688 0.087778 11 0.001081 0.019082 0.673333 0.038164 0.251111 1 0.001037 0.599844 0.418611 0.015313 0.047222
CCTV01^20260318-110000-20260318-120000_000174,10 0.925781 0.186016 0.606111 0.177969 0.242222 3 0.918945 0.524531 0.879722 0.066563 0.195 10 0.918945 0.254531 0.449444 0.113437 0.146667 3 0.907227 0.276563 0.662222 0.068438 0.086667 3 0.898926 0.339531 0.578889 0.048438 0.074444 2 0.875977 0.918125 0.791945 0.0625 0.101667 6 0.867188 0.828438 0.470556 0.071875 0.15 0 0.842773 0.248828 0.876389 0.042344 0.109444 0 0.837402 0.9525 0.8675 0.04 0.109444 1 0.835449 0.295 0.584444 0.021875 0.058889 1 0.823242 0.760938 0.752222 0.026875 0.086667 1 0.819824 0.300156 0.732778 0.025938 0.072222 0 0.818848 0.037158 0.920278 0.048652 0.113889 0 0.81543 0.98375 0.733889 0.0325 0.098889 0 0.803223 0.7675 0.605 0.02625 0.075556 0 0.78418 0.74125 0.5825 0.02625 0.061667 1 0.773438 0.476406 0.455694 0.017812 0.050278 2 0.771973 0.490312 0.425139 0.023125 0.054722 0 0.770508 0.334063 0.519722 0.0275 0.057222 0 0.757812 0.355625 0.411944 0.021875 0.047222 0 0.702637 0.324375 0.449444 0.02375 0.056111 3 0.679199 0.768125 0.459722 0.0325 0.060556 1 0.647949 0.714688 0.554444 0.019375 0.06 1 0.638672 0.793438 0.529861 0.018125 0.056944 0 0.609375 0.368437 0.457361 0.0225 0.055833 1 0.588867 0.708438 0.820278 0.030625 0.096111 0 0.581543 0.895625 0.519722 0.02375 0.060556 0 0.525391 0.185625 0.839445 0.036875 0.065556 0 0.496094 0.29 0.516389 0.027187 0.062778 10 0.453369 0.207461 0.43375 0.099766 0.138611 0 0.430176 0.377344 0.42625 0.023438 0.051944 0 0.416748 0.376719 0.426528 0.024062 0.053611 6 0.395996 0.828438 0.470972 0.070625 0.149167 5 0.38501 0.472813 0.381806 0.036875 0.054722 0 0.286133 0.191641 0.882778 0.034844 0.084444 10 0.283691 0.058984 0.829722 0.117969 0.307222 1 0.228149 0.40375 0.958889 0.036875 0.072222 1 0.193115 0.595938 0.466667 0.01625 0.036111 0 0.190674 0.93 0.588333 0.02875 0.065556 10 0.185303 0.210313 0.435139 0.104063 0.140278 0 0.175537 0.898438 0.58 0.025625 0.064444 0 0.164551 0.595938 0.466667 0.01625 0.036111 10 0.153076 0.020454 0.642222 0.040654 0.208889 10 0.097046 0.057773 0.837778 0.115547 0.324444 1 0.095703 0.432656 0.401528 0.025312 0.044167 3 0.090759 0.5075 0.39375 0.035625 0.051944 3 0.073181 0.472813 0.381806 0.036875 0.054722 1 0.060303 0.191641 0.882778 0.034844 0.084444 0 0.05835 0.708438 0.820278 0.030625 0.096111 10 0.054413 0.018291 0.698611 0.036582 0.317222 0 0.036499 0.360625 0.370278 0.015 0.034444 0 0.028015 0.184766 0.818889 0.035469 0.087778 0 0.018692 0.929062 0.587222 0.031875 0.068889 1 0.017441 0.1925 0.902778 0.025937 0.055556 1 0.016098 0.950938 0.763889 0.028125 0.088889 0 0.010567 0.938437 0.749722 0.045625 0.096111 1 0.008949 0.587344 0.434028 0.011562 0.030833 1 0.008415 0.524063 0.413056 0.016875 0.035 0 0.008217 0.378125 0.431806 0.0225 0.051389 2 0.007175 0.368437 0.457361 0.0225 0.055833 0 0.006905 0.714688 0.554444 0.019375 0.06 1 0.006744 0.403125 0.956667 0.035 0.073333 0 0.006588 0.793438 0.529861 0.018125 0.056944 4 0.006264 0.639531 0.388472 0.027187 0.059167 1 0.005119 0.592031 0.442778 0.014687 0.036111 12 0.003796 0.018291 0.698611 0.036582 0.317222 1 0.003708 0.182578 0.799167 0.026719 0.059444 10 0.003338 0.020508 0.826667 0.041016 0.346667 7 0.002913 0.368437 0.457361 0.0225 0.055833 7 0.0028 0.639531 0.388472 0.027187 0.059167 2 0.002602 0.985938 0.9275 0.028125 0.145 0 0.002502 0.935938 0.736389 0.038125 0.089444 1 0.002434 0.294219 0.601667 0.020313 0.043333 0 0.002323 0.40375 0.958889 0.036875 0.072222 0 0.002323 0.360469 0.371389 0.017813 0.039444 1 0.002234 0.476719 0.451528 0.015312 0.044167 0 0.002209 0.182578 0.799167 0.026719 0.059444 0 0.001957 0.9325 0.748056 0.04875 0.092778 2 0.001782 0.989375 0.9275 0.02125 0.145 1 0.001768 0.378125 0.431806 0.0225 0.051389 1 0.001636 0.404531 0.97 0.035937 0.051111 0 0.001531 0.476406 0.455694 0.017812 0.050278 0 0.001525 0.432656 0.401528 0.025312 0.044167 10 0.001455 0.022852 0.720833 0.045703 0.366111 1 0.001265 0.300703 0.746667 0.020156 0.045556 0 0.001255 0.99625 0.701667 0.0075 0.093333 11 0.001235 0.018291 0.698611 0.036582 0.317222 0 0.001235 0.998125 0.673333 0.00375 0.124444 0 0.001235 0.992813 0.901389 0.014375 0.108333 0 0.001165 0.928438 0.580833 0.030625 0.061667 3 0.001124 0.008242 0.263056 0.015898 0.034444 10 0.001121 0.983125 0.590833 0.0325 0.193889 1 0.001095 0.360625 0.370278 0.015 0.034444 0 0.001081 0.995 0.874444 0.01 0.142222 1 0.001073 0.29875 0.743056 0.02125 0.057222 1 0.001048 0.74125 0.5825 0.02625 0.061667
CCTV01^20260318-110000-20260318-120000_000178,6 0.932617 0.883125 0.594444 0.11125 0.213333 10 0.925781 0.308516 0.474028 0.106719 0.171944 10 0.918945 0.366328 0.49625 0.128594 0.183056 7 0.916504 0.096758 0.72 0.108359 0.126667 2 0.915527 0.313594 0.802778 0.050312 0.118889 3 0.915039 0.524531 0.879444 0.066563 0.196667 3 0.894043 0.245078 0.771945 0.076094 0.118333 2 0.876465 0.894375 0.725833 0.0575 0.091667 1 0.873047 0.810312 0.734722 0.035625 0.067222 0 0.86084 0.80125 0.624444 0.0275 0.084444 2 0.859863 0.046563 0.819444 0.060938 0.118889 0 0.808105 0.817813 0.801944 0.034375 0.103889 1 0.806641 0.156758 0.829167 0.034922 0.085 0 0.792969 0.275703 0.901389 0.048906 0.121667 3 0.789062 0.371094 0.595556 0.062812 0.066667 0 0.775879 0.034492 0.912778 0.044453 0.115555 0 0.690918 0.244453 0.685833 0.034531 0.068333 2 0.689453 0.763125 0.449861 0.025 0.053611 1 0.6875 0.647188 0.441806 0.028125 0.045278 10 0.605957 0.20793 0.430972 0.101328 0.134167 0 0.602051 0.930625 0.822778 0.055 0.118889 10 0.602051 0.039687 0.609306 0.079375 0.234722 0 0.537109 0.305859 0.72 0.033281 0.076667 10 0.490234 0.208594 0.43375 0.101875 0.140833 4 0.354004 0.771875 0.916667 0.0625 0.162222 1 0.203125 0.344844 0.771945 0.025312 0.065 7 0.140381 0.246875 0.611944 0.111875 0.140556 0 0.130249 0.344844 0.771945 0.025312 0.065 6 0.105957 0.246875 0.611944 0.111875 0.140556 1 0.088196 0.600469 0.425694 0.017188 0.043056 10 0.07135 0.439531 0.36875 0.120937 0.116944 1 0.057709 0.599844 0.426111 0.018438 0.046667 0 0.024338 0.78375 0.426528 0.02 0.050278 1 0.019791 0.191641 0.95 0.034844 0.082222 9 0.019638 0.771875 0.916667 0.0625 0.162222 6 0.016525 0.2475 0.613333 0.113125 0.141111 9 0.014671 0.246875 0.611944 0.111875 0.140556 0 0.010612 0.930625 0.822778 0.05625 0.118889 0 0.010094 0.897188 0.514444 0.023125 0.053333 0 0.009338 0.836563 0.493333 0.021875 0.061111 7 0.008575 0.2475 0.613333 0.113125 0.141111 1 0.007549 0.836563 0.493333 0.021875 0.061111 11 0.007122 0.2475 0.613333 0.113125 0.141111 3 0.00639 0.771875 0.916667 0.0625 0.162222 7 0.00573 0.771875 0.916667 0.0625 0.162222 5 0.00547 0.771875 0.916667 0.0625 0.162222 3 0.005199 0.422813 0.399583 0.035625 0.041389 9 0.004181 0.2475 0.613333 0.113125 0.141111 0 0.00415 0.357188 0.954722 0.04625 0.081667 0 0.003944 0.930313 0.585278 0.029375 0.069444 0 0.003363 0.156758 0.829167 0.034922 0.085 2 0.003311 0.246875 0.611944 0.111875 0.140556 0 0.003311 0.200547 0.577778 0.027656 0.056667 1 0.003286 0.969688 0.603056 0.028125 0.061667 4 0.003273 0.755938 0.421944 0.021875 0.051111 4 0.00304 0.936563 0.517222 0.058125 0.101111 12 0.002981 0.2475 0.613333 0.113125 0.141111 1 0.002924 0.599219 0.428194 0.018437 0.041944 0 0.002779 0.200938 0.562917 0.03125 0.058611 10 0.002199 0.984688 0.594583 0.029375 0.219722 12 0.002125 0.246875 0.611944 0.111875 0.140556 6 0.00198 0.096758 0.72 0.108359 0.126667 0 0.00172 0.201797 0.563889 0.027656 0.05 2 0.001675 0.992813 0.415278 0.014375 0.057778 2 0.001597 0.2475 0.613333 0.113125 0.141111 10 0.001561 0.438438 0.368611 0.12375 0.118333 1 0.001507 0.154883 0.821945 0.071797 0.093889 0 0.001389 0.928438 0.576389 0.031875 0.068333 10 0.001294 0.985 0.616667 0.03 0.231111 0 0.001255 0.004216 0.917222 0.008413 0.121111 4 0.001184 0.2475 0.613333 0.113125 0.141111 10 0.001169 0.989688 0.564306 0.020625 0.241389 0 0.001048 0.203438 0.546528 0.031875 0.061389
CCTV01^20260318-110000-20260318-120000_000182,6 0.933594 0.933125 0.680278 0.13125 0.263889 10 0.932129 0.708438 0.458611 0.083125 0.181667 3 0.91748 0.525 0.879167 0.065625 0.195 2 0.877441 0.329375 0.608889 0.04125 0.078889 3 0.876465 0.499063 0.415556 0.035 0.052222 1 0.858887 0.278359 0.671389 0.021094 0.065 10 0.841797 0.06457 0.559861 0.127109 0.196944 0 0.827637 0.859688 0.698611 0.035625 0.085 0 0.824219 0.903438 0.731111 0.038125 0.096667 0 0.812988 0.339219 0.915278 0.053437 0.121667 0 0.800781 0.393438 0.911944 0.0525 0.115 2 0.790527 0.340391 0.541667 0.057969 0.095556 4 0.779785 0.319609 0.742778 0.054531 0.131111 2 0.770508 0.418437 0.5075 0.031875 0.065 0 0.747559 0.840625 0.617222 0.0275 0.087778 10 0.744629 0.173359 0.794444 0.173281 0.36 1 0.728027 0.786875 0.500417 0.01625 0.054722 0 0.708984 0.295703 0.54375 0.024844 0.056944 0 0.70752 0.273359 0.529028 0.022344 0.058611 0 0.702637 0.807813 0.482222 0.020625 0.057778 0 0.702637 0.247031 0.593889 0.028437 0.064444 10 0.694336 0.207852 0.431389 0.102109 0.134444 10 0.673828 0.208359 0.433333 0.101719 0.137222 1 0.588867 0.7775 0.465833 0.015 0.044444 0 0.554688 0.80875 0.554306 0.025 0.079167 10 0.525391 0.412031 0.345694 0.072188 0.109167 0 0.5 0.80875 0.555694 0.025 0.079722 0 0.5 0.220078 0.591389 0.027344 0.053889 0 0.496094 0.355781 0.568333 0.025937 0.063333 0 0.492188 0.135195 0.664167 0.037578 0.073889 0 0.416748 0.014385 0.939444 0.02834 0.101111 0 0.332764 0.833125 0.447639 0.02375 0.056389 1 0.275146 0.777188 0.463333 0.015625 0.046111 0 0.246582 0.253281 0.495556 0.028125 0.059444 10 0.240112 0.033916 0.854167 0.067168 0.272778 0 0.194336 0.292734 0.432778 0.019844 0.047222 10 0.133423 0.173164 0.792222 0.172734 0.357778 0 0.115173 0.190234 0.587778 0.021094 0.052222 0 0.102295 0.301484 0.656944 0.028594 0.058333 1 0.086914 0.190234 0.587778 0.021094 0.052222 1 0.079773 0.354375 0.482222 0.018125 0.038889 1 0.076111 0.301484 0.656944 0.028594 0.058333 1 0.069519 0.257188 0.530139 0.016875 0.0475 1 0.059662 0.770625 0.432222 0.01625 0.043333 1 0.056458 0.303203 0.499306 0.020156 0.049167 1 0.056244 0.256172 0.537083 0.015469 0.045833 2 0.043365 0.833125 0.447639 0.02375 0.056389 1 0.035004 0.77 0.429722 0.01625 0.041111 1 0.032959 0.769063 0.429167 0.019375 0.043889 0 0.032715 0.803125 0.435972 0.02 0.049722 0 0.029755 0.220391 0.591111 0.027344 0.055556 0 0.027069 0.303203 0.499306 0.020156 0.049167 5 0.025558 0.340391 0.541667 0.057969 0.095556 0 0.015015 0.354375 0.482222 0.018125 0.038889 3 0.012192 0.319609 0.742778 0.054531 0.131111 2 0.010452 0.274687 0.409306 0.01875 0.041944 0 0.008644 0.007747 0.913333 0.015405 0.114444 0 0.006905 0.2925 0.430833 0.019375 0.044444 0 0.006718 0.802188 0.429583 0.020625 0.051944 1 0.00547 0.303047 0.504028 0.022031 0.051389 0 0.004848 0.859375 0.698611 0.035 0.086111 0 0.004791 0.299297 0.533333 0.023594 0.056667 6 0.004166 0.033916 0.854167 0.067168 0.272778 0 0.003651 0.293125 0.408472 0.020625 0.053611 0 0.003593 0.255313 0.459861 0.026563 0.045278 1 0.003551 0.281875 0.667778 0.022812 0.062222 0 0.003511 0.358125 0.565833 0.023125 0.058333 0 0.003273 0.303047 0.504028 0.022031 0.051389 0 0.003185 0.262344 0.461806 0.02125 0.036944 0 0.002811 0.184297 0.520556 0.023594 0.051111 0 0.002434 0.351562 0.564306 0.035 0.079167 1 0.00227 0.77 0.429583 0.01875 0.044167 3 0.002075 0.032109 0.823889 0.06375 0.195556 9 0.002003 0.033916 0.854167 0.067168 0.272778 0 0.001957 0.184219 0.518472 0.024062 0.050833 10 0.001867 0.010742 0.690556 0.021484 0.296667 0 0.001734 0.786875 0.500417 0.01625 0.054722 10 0.001714 0.008672 0.570972 0.017246 0.188056 0 0.001642 0.300234 0.520278 0.026406 0.075 10 0.001495 0.011064 0.624861 0.021387 0.244722 6 0.00149 0.340391 0.541667 0.057969 0.095556 4 0.001394 0.9375 0.514583 0.05375 0.095278 10 0.001372 0.009607 0.578889 0.019067 0.182222 1 0.001315 0.354844 0.484583 0.020937 0.041389 11 0.001285 0.708438 0.458611 0.083125 0.181667 0 0.001184 0.350469 0.552917 0.039687 0.085278 7 0.001174 0.319609 0.742778 0.054531 0.131111 1 0.001165 0.262344 0.461806 0.02125 0.036944 0 0.001032 0.302734 0.686111 0.031719 0.062222 0 0.001 0.241172 0.593611 0.044531 0.072778
CCTV01^20260318-110000-20260318-120000_000186,3 0.915039 0.524687 0.878889 0.066875 0.195556 10 0.908691 0.089219 0.524583 0.149062 0.178611 10 0.898438 0.41 0.449722 0.109375 0.158333 10 0.897461 0.332188 0.463333 0.120625 0.167778 2 0.872559 0.238516 0.735278 0.045156 0.107222 2 0.86084 0.205703 0.686111 0.035156 0.093333 1 0.853027 0.267422 0.901667 0.035781 0.078889 2 0.849121 0.859375 0.548333 0.035 0.065556 0 0.837402 0.777188 0.555694 0.024375 0.073056 0 0.82666 0.038696 0.756389 0.044326 0.092778 0 0.823242 0.86875 0.638889 0.0325 0.091111 0 0.816406 0.146797 0.700556 0.032656 0.08 0 0.813965 0.053477 0.689722 0.039531 0.080556 0 0.805664 0.192188 0.613611 0.037813 0.081667 0 0.790527 0.9175 0.668611 0.03625 0.088333 0 0.782715 0.2325 0.629444 0.02875 0.075556 0 0.78125 0.263203 0.586111 0.026406 0.073333 0 0.771973 0.7825 0.950278 0.0425 0.091667 1 0.725098 0.750313 0.528611 0.020625 0.065 3 0.715332 0.141445 0.942778 0.078672 0.113333 0 0.673828 0.24375 0.544444 0.026875 0.061111 4 0.615234 0.317656 0.799444 0.064687 0.136667 0 0.525391 0.258125 0.827222 0.038125 0.096667 1 0.515625 0.495469 0.438333 0.014688 0.05 1 0.515625 0.042637 0.898889 0.039961 0.107778 1 0.366699 0.637344 0.469167 0.025312 0.049444 0 0.324219 0.005994 0.721389 0.01188 0.080556 10 0.29248 0.207852 0.430139 0.102422 0.135278 1 0.270508 0.210859 0.564722 0.027031 0.051667 0 0.258301 0.008447 0.924167 0.016895 0.100556 0 0.253906 0.889688 0.528056 0.029375 0.068333 10 0.219971 0.208047 0.43125 0.101719 0.134722 2 0.129395 0.889688 0.528056 0.029375 0.068333 0 0.121704 0.210859 0.564722 0.027031 0.051667 0 0.119202 0.005769 0.715833 0.011411 0.088333 1 0.117981 0.461875 0.478472 0.018125 0.053611 1 0.074524 0.005994 0.721389 0.01188 0.080556 1 0.051666 0.820625 0.531667 0.01625 0.057778 3 0.035675 0.6575 0.37 0.03 0.056111 1 0.031372 0.005769 0.715833 0.011411 0.088333 0 0.028336 0.042637 0.898889 0.039961 0.107778 0 0.022293 0.005054 0.903611 0.009971 0.098333 0 0.020493 0.929375 0.581389 0.03125 0.066111 0 0.014786 0.930625 0.582222 0.02875 0.062222 10 0.013481 0.208242 0.432639 0.102266 0.133611 1 0.009636 0.042334 0.919722 0.030098 0.075 4 0.009232 0.9375 0.513333 0.0525 0.091111 3 0.008949 0.5175 0.376528 0.0325 0.049167 0 0.008095 0.929062 0.572778 0.029375 0.058889 1 0.007404 0.008447 0.924167 0.016895 0.100556 0 0.007038 0.989688 0.6625 0.020625 0.087222 1 0.006512 0.028159 0.714445 0.021064 0.053333 0 0.006264 0.820625 0.531667 0.01625 0.057778 1 0.006168 0.004202 0.740278 0.008403 0.096111 3 0.004791 0.984688 0.808611 0.030625 0.382778 0 0.004574 0.242656 0.505139 0.02 0.038056 0 0.00452 0.004202 0.740278 0.008403 0.096111 1 0.00415 0.005054 0.903611 0.009971 0.098333 4 0.00399 0.258125 0.827222 0.038125 0.096667 0 0.003824 0.989688 0.671111 0.020625 0.083333 0 0.003721 0.015112 0.7225 0.028525 0.111667 9 0.003496 0.317656 0.799444 0.064687 0.136667 3 0.00316 0.008447 0.924167 0.016895 0.100556 1 0.002878 0.217734 0.868611 0.030469 0.067222 0 0.0028 0.028159 0.714445 0.021064 0.053333 1 0.00259 0.749688 0.515 0.046875 0.056667 0 0.002462 0.988125 0.664722 0.02375 0.088333 0 0.002443 0.032979 0.711944 0.023105 0.048333 3 0.002323 0.985 0.802222 0.03 0.384444 0 0.002243 0.00332 0.877222 0.006572 0.118889 0 0.0021 0.317656 0.799444 0.064687 0.136667 1 0.001824 0.749375 0.525278 0.0425 0.061667 5 0.001741 0.984688 0.808611 0.030625 0.382778 0 0.001694 0.89625 0.582778 0.0275 0.052222 3 0.001623 0.984063 0.810278 0.031875 0.379444 4 0.001525 0.984688 0.808611 0.030625 0.382778 3 0.001444 0.005054 0.903611 0.009971 0.098333 10 0.001405 0.985 0.802222 0.03 0.384444 0 0.001383 0.988125 0.67 0.02375 0.08 4 0.001362 0.988125 0.800278 0.02375 0.201667 1 0.001325 0.00332 0.877222 0.006572 0.118889 4 0.001211 0.008447 0.924167 0.016895 0.100556 10 0.001192 0.984688 0.808611 0.030625 0.382778 3 0.001184 0.988125 0.800278 0.02375 0.201667 6 0.001107 0.984688 0.808611 0.030625 0.382778 0 0.001099 0.267422 0.901667 0.035781 0.078889 0 0.001057 0.991562 0.652222 0.016875 0.1 0 0.001037 0.894063 0.594444 0.029375 0.058889 6 0.00102 0.985 0.802222 0.03 0.384444 0 0.001 0.004167 0.686667 0.007642 0.086667
CCTV01^20260318-110000-20260318-120000_000190,7 0.922363 0.34875 0.517083 0.039375 0.083611 3 0.916016 0.524531 0.879167 0.066563 0.196111 3 0.912598 0.331328 0.599167 0.062344 0.080556 10 0.906738 0.453906 0.371389 0.084688 0.114444 10 0.905762 0.367031 0.398472 0.082188 0.130278 10 0.896973 0.207891 0.432361 0.104219 0.135278 10 0.896973 0.102461 0.519722 0.159766 0.180556 3 0.859863 0.260391 0.764167 0.074531 0.122778 2 0.852051 0.955938 0.689444 0.050625 0.085556 0 0.849121 0.162344 0.676111 0.035 0.083333 3 0.832031 0.4925 0.400556 0.039375 0.053333 0 0.82666 0.121055 0.716944 0.041172 0.093889 0 0.820801 0.221641 0.671111 0.035781 0.082222 0 0.812988 0.243516 0.936111 0.062344 0.107778 1 0.809082 0.317188 0.49125 0.0175 0.045278 0 0.716797 0.226875 0.509028 0.0275 0.056389 1 0.666992 0.266484 0.527361 0.020781 0.054167 2 0.615234 0.315391 0.437917 0.028594 0.053056 0 0.607422 0.278828 0.469167 0.022969 0.053889 0 0.474609 0.916563 0.57625 0.040625 0.083056 0 0.307373 0.821875 0.482083 0.01875 0.061944 0 0.284668 0.80875 0.460694 0.0225 0.0575 1 0.226807 0.901875 0.735556 0.03125 0.09 10 0.119995 0.207813 0.428194 0.104062 0.133611 0 0.062805 0.819063 0.483611 0.025625 0.066111 6 0.061432 0.34875 0.517083 0.039375 0.083611 1 0.059875 0.901875 0.734722 0.03125 0.090556 2 0.049774 0.9175 0.646111 0.03 0.078889 1 0.041779 0.994375 0.704444 0.01125 0.065556 0 0.038605 0.80875 0.466806 0.02125 0.056944 10 0.03186 0.207734 0.431111 0.103906 0.135556 0 0.030792 0.051357 0.689444 0.043848 0.075556 0 0.026352 0.81 0.462639 0.02125 0.059722 0 0.022293 0.994375 0.704444 0.01125 0.065556 0 0.018906 0.004912 0.708611 0.009746 0.086111 0 0.018402 0.266484 0.527361 0.020781 0.054167 0 0.016098 0.286406 0.428056 0.016875 0.036111 1 0.012054 0.061748 0.764722 0.062129 0.083889 2 0.010246 0.916563 0.57625 0.040625 0.083056 0 0.009636 0.9175 0.646111 0.03 0.078889 0 0.008446 0.524688 0.421667 0.025 0.050556 0 0.007965 0.383125 0.574722 0.02875 0.055 6 0.007374 0.060332 0.900278 0.120273 0.199444 0 0.007317 0.00436 0.701944 0.008574 0.092778 1 0.005844 0.388438 0.534445 0.015625 0.044444 0 0.005554 0.005081 0.716944 0.010112 0.080556 0 0.004982 0.061748 0.764722 0.062129 0.083889 0 0.004738 0.816562 0.478056 0.025625 0.068333 0 0.003298 0.384062 0.568889 0.026875 0.052222 0 0.003016 0.524531 0.414722 0.022813 0.045 1 0.0028 0.648281 0.430278 0.019688 0.05 1 0.002758 0.005081 0.716944 0.010112 0.080556 1 0.002342 0.265234 0.975556 0.036094 0.046667 0 0.002125 0.234922 0.931944 0.049844 0.096111 1 0.002035 0.9175 0.646111 0.03 0.078889 0 0.001949 0.317188 0.49125 0.0175 0.045278 10 0.001513 0.060332 0.900278 0.120273 0.199444 0 0.001495 0.303359 0.409722 0.017031 0.034444 0 0.001346 0.286172 0.431944 0.017031 0.035556 1 0.001285 0.990938 0.707222 0.018125 0.077778 1 0.001255 0.004504 0.7275 0.009009 0.083889 0 0.001225 0.809375 0.452917 0.0175 0.046389 0 0.001197 0.012847 0.711945 0.023877 0.097222 4 0.001188 0.934688 0.513333 0.055625 0.097778 1 0.001179 0.648281 0.428889 0.018438 0.047222 1 0.001134 0.004912 0.708611 0.009746 0.086111 2 0.001124 0.994063 0.684167 0.011875 0.101667 2 0.00102 0.994375 0.704444 0.01125 0.065556
CCTV01^20260318-110000-20260318-120000_000194,9 0.950195 0.794688 0.6675 0.066875 0.158333 10 0.93457 0.223945 0.779444 0.143359 0.356667 10 0.934082 0.180742 0.641389 0.148828 0.263889 3 0.915527 0.524375 0.879444 0.06625 0.195556 3 0.911621 0.7275 0.723611 0.05875 0.126111 3 0.903809 0.797813 0.915 0.079375 0.167778 5 0.89502 0.783437 0.479306 0.041875 0.090833 10 0.884766 0.103555 0.520972 0.161016 0.183611 2 0.85498 0.840938 0.570556 0.045625 0.106667 3 0.85498 0.905 0.720278 0.0675 0.127222 1 0.831055 0.3275 0.659722 0.021875 0.067222 0 0.824219 0.37375 0.925833 0.05875 0.135 3 0.805664 0.665 0.495972 0.03875 0.078056 0 0.803223 0.316094 0.507222 0.023438 0.063333 1 0.794434 0.8425 0.657778 0.025 0.078889 1 0.786621 0.745938 0.645 0.024375 0.072222 0 0.747559 0.341719 0.463056 0.032813 0.056667 0 0.747559 0.293906 0.6425 0.025938 0.076111 0 0.741699 0.264062 0.491944 0.025625 0.058889 0 0.726562 0.277813 0.591667 0.025625 0.061111 10 0.704102 0.207109 0.428194 0.104219 0.130833 2 0.697754 0.270391 0.95 0.053594 0.096667 1 0.665527 0.648438 0.428889 0.018125 0.044444 1 0.658203 0.707812 0.484722 0.018125 0.052222 10 0.57959 0.207227 0.430556 0.103672 0.132222 1 0.5 0.900313 0.632778 0.025625 0.06 1 0.364746 0.429063 0.484861 0.0175 0.0475 2 0.295898 0.366094 0.414722 0.026563 0.049444 0 0.165649 0.379063 0.439722 0.02375 0.045556 0 0.151978 0.02021 0.695556 0.040205 0.077778 0 0.09668 0.972812 0.668333 0.043125 0.088889 0 0.076111 0.906563 0.574444 0.021875 0.071111 3 0.075867 0.661563 0.371667 0.033125 0.061667 0 0.016342 0.90625 0.571944 0.02125 0.070556 6 0.013634 0.350313 0.375417 0.034375 0.054722 0 0.012825 0.80875 0.445972 0.0275 0.079167 4 0.012238 0.379063 0.439722 0.02375 0.045556 0 0.009338 0.995625 0.707778 0.00875 0.08 0 0.009163 0.995625 0.690833 0.00875 0.089444 0 0.00729 0.808438 0.434444 0.024375 0.063333 0 0.006718 0.808438 0.458056 0.024375 0.065 1 0.006145 0.899063 0.619722 0.051875 0.081667 0 0.005913 0.840938 0.570556 0.045625 0.106667 12 0.005619 0.350313 0.375417 0.034375 0.054722 2 0.005577 0.972812 0.668333 0.043125 0.088889 0 0.005512 0.809375 0.441667 0.02625 0.071111 7 0.004848 0.794688 0.6675 0.066875 0.158333 11 0.004265 0.350313 0.375417 0.034375 0.054722 1 0.002878 0.647188 0.426111 0.029375 0.043889 2 0.00259 0.995625 0.724167 0.00875 0.099444 1 0.002378 0.501563 0.401944 0.0175 0.043333 0 0.002333 0.487344 0.485694 0.021563 0.045278 0 0.002226 0.839375 0.441944 0.02 0.05 5 0.00214 0.661563 0.371667 0.033125 0.061667 0 0.002132 0.995625 0.724167 0.00875 0.099444 0 0.001867 0.839688 0.44125 0.018125 0.046389 4 0.001839 0.905 0.720278 0.0675 0.127222 0 0.001831 0.994687 0.673333 0.010625 0.093333 2 0.001694 0.995625 0.707778 0.00875 0.08 2 0.001585 0.341719 0.463056 0.032813 0.056667 1 0.001519 0.429531 0.484167 0.015937 0.043889 0 0.00141 0.809375 0.455833 0.02125 0.057222 1 0.001399 0.995625 0.707778 0.00875 0.08 11 0.001325 0.794688 0.6675 0.066875 0.158333 1 0.001309 0.89875 0.632778 0.03625 0.064444 2 0.001285 0.783437 0.479306 0.041875 0.090833 4 0.001124 0.350313 0.375417 0.034375 0.054722 0 0.001116 0.255 0.458333 0.016562 0.044444 1 0.001103 0.736563 0.633889 0.054375 0.071111 0 0.001095 0.994375 0.662222 0.01125 0.086667 7 0.001078 0.785625 0.454861 0.0625 0.129722 9 0.001044 0.223945 0.779444 0.143359 0.356667 1 0.001032 0.707188 0.481389 0.035625 0.053333
CCTV01^20260318-110000-20260318-120000_000198,10 0.920898 0.291875 0.505694 0.131875 0.179722 3 0.913574 0.524531 0.879722 0.066563 0.195 10 0.903809 0.102969 0.517222 0.159063 0.173333 3 0.896973 0.42 0.46625 0.04625 0.056389 3 0.896484 0.243594 0.740556 0.066562 0.096667 1 0.85498 0.296641 0.718889 0.023906 0.071111 0 0.849121 0.904688 0.8925 0.054375 0.123889 0 0.84375 0.769375 0.677222 0.0375 0.092222 1 0.837402 0.315469 0.626944 0.020938 0.066111 2 0.832031 0.476406 0.420278 0.024688 0.053333 0 0.827637 0.257656 0.648056 0.031562 0.086111 2 0.817383 0.940938 0.730833 0.069375 0.090556 0 0.81543 0.063828 0.831667 0.039063 0.115556 1 0.812988 0.826563 0.923333 0.036875 0.104444 0 0.800781 0.390313 0.512361 0.025 0.066389 0 0.786621 0.868438 0.656389 0.030625 0.086111 10 0.78125 0.206719 0.429444 0.102188 0.131111 0 0.779785 0.852188 0.558333 0.024375 0.067778 0 0.773438 0.9125 0.621389 0.03125 0.085 1 0.72168 0.715938 0.555694 0.021875 0.059722 0 0.668945 0.343906 0.635 0.035937 0.072222 1 0.666992 0.231406 0.640556 0.023438 0.066667 0 0.484375 0.214297 0.598333 0.030781 0.075556 0 0.458984 0.36 0.424306 0.021875 0.049722 0 0.275146 0.359375 0.424444 0.023125 0.051111 0 0.267334 0.952813 0.690556 0.048125 0.083333 0 0.132935 0.485313 0.483056 0.02125 0.045 0 0.125122 0.323594 0.385139 0.025312 0.0425 0 0.092041 0.373437 0.3725 0.02375 0.046111 10 0.086304 0.207188 0.431528 0.102812 0.133056 1 0.054199 0.580938 0.546111 0.02625 0.052222 1 0.052246 0.584375 0.553056 0.025625 0.048333 10 0.029419 0.6925 0.370833 0.05125 0.130556 4 0.022034 0.309766 0.934167 0.107344 0.129444 7 0.022034 0.320234 0.934722 0.124531 0.127222 2 0.021118 0.309766 0.934167 0.107344 0.129444 0 0.020416 0.580938 0.546111 0.02625 0.052222 1 0.020172 0.826875 0.911667 0.08375 0.11 3 0.017181 0.621562 0.390556 0.03 0.069444 7 0.016785 0.309766 0.934167 0.107344 0.129444 1 0.014954 0.995313 0.757778 0.009375 0.098889 4 0.014732 0.320234 0.934722 0.124531 0.127222 2 0.014282 0.940625 0.729445 0.07125 0.093333 1 0.012383 0.99625 0.746944 0.0075 0.098333 1 0.009056 0.83375 0.958333 0.025 0.056667 0 0.008125 0.231406 0.640556 0.023438 0.066667 0 0.005577 0.172969 0.579167 0.024063 0.057222 1 0.004829 0.589375 0.5575 0.01625 0.037222 0 0.004467 0.578594 0.542778 0.025312 0.052222 1 0.004433 0.696875 0.618889 0.02125 0.067778 0 0.004417 0.99625 0.746944 0.0075 0.098333 0 0.003351 0.216563 0.579444 0.030625 0.077778 1 0.002571 0.579219 0.549722 0.027812 0.052778 1 0.002522 0.915 0.943333 0.04875 0.061111 0 0.00227 0.997188 0.730833 0.005625 0.118333 10 0.00198 0.77125 0.369444 0.04375 0.1 1 0.001972 0.83 0.9425 0.02875 0.073889 1 0.001957 0.995 0.767778 0.01 0.084444 2 0.00181 0.997188 0.730833 0.005625 0.118333 0 0.001755 0.995313 0.757778 0.009375 0.098889 1 0.001755 0.997188 0.730833 0.005625 0.118333 1 0.001741 0.825625 0.904722 0.0775 0.100556 1 0.001579 0.578594 0.542778 0.025312 0.052222 1 0.001561 0.136523 0.636389 0.026016 0.045 0 0.001399 0.968125 0.663056 0.03375 0.065 3 0.001389 0.309766 0.934167 0.107344 0.129444 4 0.001335 0.311094 0.934445 0.117812 0.126667 1 0.001325 0.496094 0.464444 0.014063 0.050556 7 0.001309 0.311094 0.934445 0.117812 0.126667 0 0.001285 0.826563 0.923333 0.036875 0.104444 1 0.001279 0.909063 0.938611 0.053125 0.068333 1 0.001161 0.587969 0.551944 0.017812 0.042778 1 0.001103 0.336719 0.6575 0.020313 0.059444 5 0.00109 0.621562 0.390556 0.03 0.069444 2 0.001073 0.997188 0.714445 0.005625 0.13
CCTV01^20260318-110000-20260318-120000_000202,10 0.930664 0.730938 0.529167 0.115625 0.229444 9 0.92041 0.655469 0.550278 0.070312 0.141667 3 0.913574 0.763438 0.915 0.078125 0.17 3 0.912598 0.524375 0.88 0.066875 0.194444 10 0.905762 0.103477 0.517083 0.161172 0.174722 2 0.86084 0.812188 0.505556 0.030625 0.064444 0 0.834473 0.890313 0.680278 0.038125 0.092778 3 0.827637 0.625156 0.451945 0.032187 0.060556 0 0.812988 0.417031 0.445278 0.025312 0.058889 1 0.809082 0.704375 0.936389 0.03 0.093889 0 0.801758 0.296563 0.529306 0.028125 0.066944 1 0.786621 0.336094 0.496111 0.016563 0.050556 10 0.660156 0.207031 0.433194 0.102813 0.1375 0 0.631836 0.793125 0.4525 0.025 0.053333 0 0.62793 0.073281 0.939444 0.065625 0.108889 10 0.513672 0.206523 0.430556 0.102266 0.135 10 0.30249 0.965625 0.819722 0.06875 0.360556 0 0.240723 0.009878 0.921667 0.019756 0.094444 9 0.218628 0.364688 0.433889 0.051875 0.071667 1 0.105591 0.009878 0.921667 0.019756 0.094444 1 0.081238 0.759375 0.440694 0.02 0.0475 2 0.051666 0.65625 0.395694 0.02125 0.051944 10 0.048309 0.206875 0.432222 0.102813 0.137778 1 0.045685 0.703125 0.961944 0.025 0.061667 7 0.044342 0.364688 0.433889 0.051875 0.071667 0 0.042236 0.908438 0.579444 0.021875 0.068889 0 0.037201 0.393906 0.380278 0.022812 0.044444 1 0.025269 0.6675 0.421389 0.015 0.041667 4 0.024887 0.616719 0.378472 0.032188 0.0675 1 0.021118 0.760312 0.438194 0.019375 0.049167 6 0.012192 0.364688 0.433889 0.051875 0.071667 0 0.01107 0.6675 0.421389 0.015 0.041667 10 0.008415 0.693125 0.366111 0.05125 0.117778 0 0.005959 0.264141 0.441667 0.017656 0.042222 6 0.005386 0.965625 0.819722 0.06875 0.360556 10 0.004101 0.4925 0.349583 0.085 0.113056 1 0.004025 0.668125 0.425 0.015 0.039444 1 0.003622 0.136016 0.636944 0.024531 0.041667 0 0.002901 0.868437 0.588889 0.021875 0.066667 0 0.00259 0.670625 0.422222 0.01625 0.042778 0 0.002512 0.68375 0.975556 0.04375 0.047778 0 0.002398 0.812188 0.505556 0.030625 0.064444 0 0.002369 0.872188 0.585833 0.020625 0.065 7 0.001926 0.655469 0.550278 0.070312 0.141667 2 0.001687 0.364688 0.433889 0.051875 0.071667 0 0.001536 0.006499 0.7325 0.012998 0.075 3 0.00132 0.65625 0.395694 0.02125 0.051944 1 0.001255 0.872188 0.585833 0.020625 0.065 3 0.001221 0.009878 0.921667 0.019756 0.094444 0 0.001134 0.137383 0.623333 0.027578 0.047778 3 0.001017 0.528281 0.376667 0.030313 0.046111 3 0.001008 0.965 0.816944 0.07 0.366111
CCTV01^20260318-110000-20260318-120000_000206,9 0.922852 0.763438 0.885 0.104375 0.208889 3 0.915527 0.277266 0.719444 0.072656 0.118889 3 0.912598 0.524219 0.879167 0.066563 0.193889 10 0.908203 0.102344 0.516667 0.159688 0.174444 2 0.891113 0.245234 0.931389 0.067031 0.127222 2 0.878906 0.828125 0.740278 0.04125 0.102778 3 0.838867 0.463281 0.440139 0.042188 0.055278 10 0.830078 0.208086 0.432639 0.103203 0.133611 0 0.811523 0.687187 0.732778 0.031875 0.101111 3 0.785156 0.844375 0.509444 0.04625 0.071111 1 0.782715 0.015801 0.878611 0.031445 0.092778 1 0.764648 0.707812 0.549583 0.019375 0.060833 1 0.741699 0.764688 0.686667 0.023125 0.086667 2 0.740234 0.858438 0.951111 0.064375 0.094444 0 0.720215 0.821563 0.529444 0.026875 0.057778 0 0.695801 0.285391 0.484722 0.022031 0.053889 1 0.611328 0.235703 0.585278 0.021406 0.057222 10 0.474609 0.207617 0.429028 0.102891 0.130833 10 0.413086 0.922813 0.837222 0.153125 0.325556 0 0.354004 0.267891 0.472917 0.019531 0.054167 3 0.108582 0.626563 0.425556 0.028125 0.056667 0 0.083862 0.79 0.425833 0.02375 0.049444 1 0.068542 0.425313 0.422083 0.013125 0.0425 0 0.053589 0.005215 0.778333 0.01041 0.098889 0 0.047089 0.235703 0.585278 0.021406 0.057222 2 0.044006 0.920313 0.6575 0.085625 0.150556 0 0.040985 0.763438 0.885 0.104375 0.208889 1 0.033478 0.005215 0.778333 0.01041 0.098889 11 0.033203 0.763438 0.885 0.104375 0.208889 0 0.03186 0.82125 0.529167 0.02625 0.057222 10 0.026962 0.702187 0.396528 0.059375 0.143611 1 0.019867 0.995313 0.719167 0.009375 0.068333 6 0.010567 0.9125 0.650833 0.11125 0.161667 0 0.010094 0.015801 0.878611 0.031445 0.092778 1 0.008186 0.991875 0.706111 0.01625 0.102222 10 0.006771 0.207852 0.431528 0.103359 0.133611 1 0.006565 0.995625 0.706111 0.00875 0.094444 3 0.005707 0.629844 0.251875 0.017813 0.040139 0 0.003679 0.207031 0.497083 0.026563 0.053056 5 0.003273 0.844375 0.509444 0.04625 0.071111 0 0.003223 0.228203 0.530556 0.018281 0.051111 1 0.003147 0.015596 0.897222 0.027168 0.066667 1 0.003111 0.992188 0.721945 0.015625 0.079444 2 0.003027 0.6525 0.404167 0.02 0.051111 0 0.002621 0.005254 0.799167 0.010508 0.095 0 0.002602 0.365781 0.380556 0.023438 0.044444 0 0.002502 0.232969 0.549306 0.017812 0.054722 2 0.002306 0.005215 0.778333 0.01041 0.098889 1 0.002306 0.232969 0.549306 0.017812 0.054722 2 0.002287 0.9125 0.650833 0.11125 0.161667 1 0.002243 0.995625 0.695556 0.00875 0.125556 0 0.002075 0.530156 0.412222 0.019062 0.047222 0 0.002035 0.266484 0.482778 0.017656 0.049444 0 0.001867 0.529688 0.415833 0.018125 0.043333 0 0.001484 0.995313 0.719167 0.009375 0.068333 1 0.001455 0.991875 0.693056 0.01625 0.131667 1 0.001438 0.005254 0.799167 0.010508 0.095 1 0.001432 0.488125 0.391528 0.015 0.041389 3 0.001389 0.009055 0.262917 0.017866 0.034167 0 0.001372 0.229766 0.512361 0.014531 0.045278 0 0.001367 0.228516 0.51375 0.016719 0.048056 0 0.001325 0.995625 0.695556 0.00875 0.125556 4 0.001235 0.9125 0.650833 0.11125 0.161667 0 0.001179 0.764688 0.686667 0.023125 0.086667 0 0.001174 0.230781 0.531667 0.016562 0.051111 4 0.001024 0.937813 0.514861 0.049375 0.090278
CCTV01^20260318-110000-20260318-120000_000210,9 0.95752 0.323828 0.486944 0.042969 0.107222 9 0.9375 0.746562 0.641944 0.101875 0.220556 3 0.916504 0.524531 0.879444 0.066563 0.194444 10 0.90918 0.208008 0.432639 0.103984 0.134167 10 0.90332 0.103164 0.518333 0.159922 0.178889 3 0.900391 0.377344 0.570694 0.057813 0.076389 9 0.88623 0.230391 0.628333 0.064219 0.128889 2 0.883301 0.730313 0.860556 0.048125 0.128889 2 0.880859 0.814063 0.536111 0.028125 0.067778 3 0.874023 0.216719 0.864167 0.084063 0.145 3 0.868164 0.700938 0.505972 0.045625 0.066944 1 0.856934 0.074063 0.716667 0.038281 0.063333 2 0.837402 0.90125 0.545417 0.03625 0.065833 1 0.79834 0.35875 0.440556 0.0175 0.044444 0 0.759277 0.281484 0.502778 0.021719 0.058889 1 0.73584 0.266797 0.898056 0.033594 0.090556 0 0.71875 0.251406 0.517222 0.0225 0.055556 3 0.689453 0.9775 0.881389 0.045 0.133889 1 0.449463 0.795625 0.461667 0.01625 0.046111 0 0.432129 0.306641 0.435278 0.019844 0.043333 0 0.413086 0.343906 0.953333 0.062188 0.084444 0 0.319092 0.82625 0.479167 0.0225 0.046111 0 0.295898 0.258359 0.475139 0.017656 0.043056 1 0.104492 0.228984 0.508472 0.015156 0.050278 0 0.096008 0.987188 0.960278 0.025625 0.072778 2 0.092041 0.334844 0.389306 0.019063 0.0425 1 0.084167 0.770625 0.453472 0.01375 0.0475 1 0.077209 0.632812 0.407639 0.016875 0.040833 0 0.056641 0.008677 0.765278 0.017354 0.078333 10 0.042389 0.207578 0.431111 0.104844 0.132778 1 0.040253 0.229844 0.5125 0.014375 0.048333 0 0.022369 0.85375 0.743611 0.03625 0.059444 0 0.021942 0.010403 0.891944 0.02064 0.119444 0 0.012383 0.010684 0.765833 0.021367 0.081667 1 0.009521 0.341563 0.435694 0.0125 0.038056 1 0.008377 0.629219 0.407639 0.021562 0.046389 0 0.007462 0.854062 0.739167 0.035625 0.053889 0 0.007149 0.074063 0.716667 0.038281 0.063333 1 0.006588 0.987188 0.960278 0.025625 0.072778 11 0.006073 0.746562 0.641944 0.101875 0.220556 0 0.006073 0.993125 0.936667 0.01375 0.1 0 0.00605 0.282109 0.411111 0.025781 0.051667 11 0.005577 0.230391 0.628333 0.064219 0.128889 0 0.005363 0.82625 0.470556 0.02125 0.056667 1 0.00526 0.272422 0.463472 0.012344 0.035278 0 0.00518 0.825625 0.483333 0.02125 0.044444 0 0.004505 0.012744 0.753611 0.025488 0.112778 4 0.00404 0.780312 0.415 0.034375 0.056667 1 0.004025 0.328281 0.436389 0.015313 0.035556 3 0.00387 0.780312 0.415 0.034375 0.056667 1 0.00378 0.336719 0.436806 0.015937 0.039167 1 0.003593 0.230781 0.517639 0.013437 0.0425 4 0.003248 0.230391 0.628333 0.064219 0.128889 1 0.003197 0.008677 0.765278 0.017354 0.078333 0 0.0028 0.989062 0.961667 0.021875 0.072222 10 0.00255 0.873125 0.874444 0.15125 0.251111 2 0.002512 0.008677 0.765278 0.017354 0.078333 1 0.002472 0.75625 0.435417 0.0175 0.048056 0 0.002388 0.795625 0.461667 0.01625 0.046111 0 0.001919 0.262344 0.485833 0.019062 0.045556 4 0.001861 0.935 0.515694 0.05875 0.093056 0 0.001768 0.35875 0.440556 0.0175 0.044444 0 0.001629 0.293516 0.418472 0.025781 0.044167 0 0.001579 0.75625 0.435417 0.0175 0.048056 10 0.001561 0.323828 0.486944 0.042969 0.107222 0 0.001507 0.006187 0.908611 0.012373 0.110556 0 0.001501 0.266797 0.898056 0.033594 0.090556 11 0.00149 0.208008 0.432639 0.103984 0.134167 0 0.001467 0.272422 0.463472 0.012344 0.035278 1 0.001285 0.010684 0.765833 0.021367 0.081667 3 0.001285 0.008892 0.263611 0.017549 0.035556 0 0.00126 0.632812 0.407639 0.016875 0.040833 0 0.00124 0.261563 0.469583 0.01875 0.043611 1 0.001124 0.069258 0.7075 0.052734 0.065 0 0.001121 0.248047 0.454306 0.015469 0.041944 11 0.00106 0.323828 0.486944 0.042969 0.107222 7 0.001004 0.282109 0.411111 0.025781 0.051667
CCTV01^20260318-110000-20260318-120000_000214,10 0.913086 0.78 0.763056 0.155 0.399444 3 0.910645 0.524219 0.879722 0.066563 0.195 10 0.900391 0.103789 0.519444 0.162422 0.181111 3 0.878418 0.702812 0.45375 0.036875 0.061944 3 0.872559 0.66125 0.534028 0.04125 0.078611 2 0.868164 0.284688 0.782778 0.04125 0.105556 2 0.837402 0.970625 0.684167 0.04375 0.086111 1 0.836426 0.3725 0.520417 0.01625 0.0525 0 0.836426 0.174102 0.676389 0.037422 0.089444 2 0.833496 0.285938 0.655278 0.03375 0.089444 0 0.767578 0.085313 0.836667 0.050469 0.095556 0 0.762207 0.833438 0.501111 0.028125 0.063889 9 0.759277 0.936875 0.834167 0.125 0.265 2 0.756348 0.824687 0.449167 0.028125 0.054444 1 0.754883 0.398125 0.510278 0.01875 0.053889 1 0.743164 0.80625 0.592222 0.01875 0.066667 10 0.730957 0.640156 0.41 0.049687 0.117778 10 0.723145 0.206797 0.43125 0.102031 0.134722 0 0.712402 0.275234 0.498333 0.028906 0.056111 1 0.660156 0.35625 0.464861 0.0175 0.0475 0 0.651367 0.332344 0.456111 0.022812 0.053889 9 0.57373 0.936563 0.833333 0.124375 0.262222 0 0.563965 0.76 0.431944 0.02125 0.057222 9 0.556641 0.308906 0.433333 0.037812 0.069444 0 0.535156 0.928125 0.684722 0.035 0.067222 2 0.478516 0.877188 0.62 0.031875 0.072222 9 0.439697 0.309844 0.432639 0.037813 0.070278 0 0.204346 0.422188 0.489583 0.021875 0.058611 0 0.143188 0.877188 0.62 0.031875 0.072222 10 0.13208 0.207266 0.432917 0.102031 0.134722 1 0.081787 0.596406 0.417222 0.014063 0.045 10 0.062103 0.052305 0.797778 0.104609 0.326667 0 0.051453 0.874375 0.601389 0.0375 0.121667 0 0.024887 0.398125 0.510278 0.01875 0.053889 2 0.024796 0.50125 0.374306 0.02375 0.0475 1 0.017715 0.422188 0.489583 0.021875 0.058611 3 0.014175 0.450781 0.380139 0.022188 0.049167 0 0.012291 0.516563 0.40625 0.026875 0.054722 2 0.007206 0.004446 0.941667 0.008892 0.105556 7 0.005489 0.936875 0.834167 0.125 0.265 1 0.004906 0.596094 0.410139 0.015312 0.050278 2 0.004086 0.004617 0.932222 0.009233 0.13 2 0.00375 0.874375 0.601389 0.0375 0.121667 0 0.003456 0.35625 0.464861 0.0175 0.0475 1 0.002693 0.595781 0.42625 0.010937 0.033611 2 0.002562 0.00397 0.951945 0.007939 0.087222 5 0.002481 0.450781 0.380139 0.022188 0.049167 5 0.00235 0.285938 0.655278 0.03375 0.089444 1 0.002287 0.672813 0.436389 0.014375 0.04 1 0.00209 0.605 0.435417 0.009375 0.034167 1 0.001972 0.7025 0.572222 0.02 0.061111 2 0.001616 0.833438 0.501111 0.028125 0.063889 4 0.001574 0.874375 0.601389 0.0375 0.121667 0 0.001472 0.284688 0.782778 0.04125 0.105556 0 0.0013 0.596406 0.417222 0.014063 0.045 1 0.001294 0.581563 0.423194 0.01125 0.035833 4 0.001249 0.272188 0.442222 0.026563 0.046667 9 0.001206 0.640156 0.41 0.049687 0.117778 1 0.001206 0.467656 0.405417 0.010937 0.038056
CCTV01^20260318-110000-20260318-120000_000218,10 0.934082 0.097969 0.659861 0.195937 0.289167 10 0.921875 0.752188 0.772778 0.111875 0.33 10 0.919434 0.103965 0.524444 0.164883 0.192222 3 0.913086 0.524375 0.879444 0.066875 0.195556 3 0.896973 0.807187 0.781389 0.054375 0.147222 3 0.891602 0.772188 0.582222 0.051875 0.086667 3 0.887207 0.687813 0.640556 0.049375 0.1 3 0.865234 0.665625 0.478889 0.03875 0.062778 0 0.831055 0.857813 0.766944 0.041875 0.095 1 0.822266 0.894687 0.761111 0.026875 0.082222 0 0.819824 0.315313 0.934722 0.043125 0.110556 0 0.818848 0.257656 0.7925 0.039688 0.091667 0 0.792969 0.33875 0.465139 0.021875 0.049167 0 0.788086 0.65875 0.539167 0.03 0.069444 0 0.785156 0.250469 0.924167 0.050313 0.129444 10 0.716797 0.208164 0.4325 0.105859 0.137222 1 0.708984 0.266484 0.649444 0.022969 0.065556 2 0.625977 0.969375 0.651945 0.04625 0.085 3 0.583008 0.851875 0.943889 0.06875 0.106667 3 0.482422 0.505625 0.380278 0.035625 0.052222 0 0.299072 0.385 0.905278 0.036875 0.089444 1 0.222656 0.648438 0.442361 0.019375 0.041944 0 0.210815 0.598125 0.471111 0.030625 0.055 0 0.172119 0.373906 0.397778 0.019063 0.044444 0 0.172119 0.520938 0.405 0.0225 0.041667 0 0.168823 0.313906 0.419583 0.029687 0.0475 4 0.147095 0.598125 0.471111 0.030625 0.055 0 0.141235 0.786563 0.439583 0.021875 0.055278 10 0.13208 0.207891 0.430556 0.105469 0.136111 1 0.086609 0.385 0.905278 0.036875 0.089444 10 0.086609 0.207969 0.431528 0.105937 0.136944 0 0.075317 0.254922 0.456806 0.026094 0.0525 1 0.062317 0.890625 0.585556 0.025 0.067778 0 0.059662 0.890625 0.585556 0.025 0.067778 0 0.027588 0.336094 0.43875 0.020313 0.040278 0 0.026352 0.288359 0.424583 0.018906 0.0375 9 0.023331 0.414531 0.38375 0.037812 0.068056 0 0.02002 0.589531 0.457222 0.019062 0.04 0 0.019196 0.335469 0.424167 0.019687 0.040556 1 0.016159 0.645938 0.447778 0.015625 0.037222 1 0.010292 0.878125 0.5875 0.0175 0.059444 1 0.00956 0.383594 0.901945 0.066563 0.097222 0 0.007755 0.278672 0.419444 0.019531 0.040556 1 0.006798 0.868438 0.588056 0.016875 0.057222 0 0.006004 0.886875 0.585556 0.02375 0.064444 1 0.005775 0.290391 0.425972 0.016719 0.035833 2 0.00573 0.505625 0.380278 0.035625 0.052222 1 0.005577 0.665625 0.440278 0.02625 0.047222 0 0.00547 0.328047 0.434722 0.017656 0.037222 2 0.004963 0.345 0.405278 0.0225 0.042778 3 0.004555 0.986875 0.932778 0.02625 0.134444 7 0.004314 0.414531 0.38375 0.037812 0.068056 0 0.00399 0.800625 0.415694 0.01875 0.044722 0 0.003839 0.590938 0.450694 0.01625 0.028056 0 0.003456 0.321875 0.420556 0.02875 0.047222 1 0.003248 0.288359 0.424583 0.018906 0.0375 1 0.003088 0.3825 0.890556 0.06875 0.09 0 0.00304 0.290391 0.425972 0.016719 0.035833 0 0.002935 0.878125 0.5875 0.0175 0.059444 0 0.002714 0.648438 0.442361 0.019375 0.041944 0 0.002684 0.604688 0.466944 0.019375 0.047778 0 0.002443 0.602812 0.478194 0.020625 0.040833 4 0.002405 0.598281 0.476944 0.026563 0.049444 2 0.002306 0.590938 0.450694 0.01625 0.028056 4 0.002296 0.937187 0.515278 0.053125 0.088333 1 0.00227 0.616719 0.403056 0.011562 0.038333 1 0.002182 0.328047 0.434722 0.017656 0.037222 0 0.002132 0.344063 0.414861 0.01875 0.0375 0 0.001839 0.314063 0.427361 0.0225 0.038056 0 0.001748 0.6675 0.688889 0.0175 0.053333 0 0.001734 0.519219 0.407778 0.019062 0.037222 2 0.001694 0.851875 0.943889 0.06875 0.106667 1 0.001636 0.674375 0.435139 0.02 0.041389 1 0.001574 0.602812 0.478194 0.020625 0.040833 2 0.001567 0.589531 0.457222 0.019062 0.04 0 0.001536 0.593281 0.461528 0.024687 0.048056 0 0.001279 0.598281 0.476944 0.026563 0.049444 1 0.001245 0.665625 0.426111 0.01875 0.046667 6 0.001138 0.414531 0.38375 0.037812 0.068056 0 0.001004 0.33625 0.455 0.03125 0.047222
CCTV01^20260318-110000-20260318-120000_000222,10 0.943359 0.121875 0.625694 0.18625 0.264167 3 0.917969 0.524375 0.88 0.066875 0.195556 10 0.913574 0.105313 0.529167 0.165313 0.199444 3 0.895508 0.267969 0.638611 0.05125 0.082778 7 0.875977 0.852188 0.835278 0.061875 0.176111 3 0.875 0.41375 0.507778 0.046875 0.062222 2 0.864258 0.337266 0.628611 0.038594 0.088333 0 0.830078 0.138477 0.894722 0.043672 0.097222 0 0.818848 0.128867 0.803056 0.042891 0.099444 0 0.796875 0.9125 0.639167 0.03125 0.081667 0 0.777344 0.885625 0.566667 0.025 0.072222 1 0.728027 0.686563 0.450833 0.016875 0.048889 0 0.715332 0.795938 0.511528 0.021875 0.065833 0 0.649414 0.324844 0.458194 0.020313 0.046944 0 0.541016 0.366406 0.409444 0.028437 0.058889 10 0.535156 0.207852 0.430278 0.103672 0.132778 1 0.511719 0.235547 0.755 0.030469 0.073333 1 0.498047 0.352656 0.457639 0.017813 0.0425 10 0.434082 0.208008 0.432361 0.105234 0.135278 1 0.345215 0.821562 0.696667 0.021875 0.082222 1 0.343262 0.818125 0.474028 0.0225 0.0525 1 0.270508 0.122734 0.729722 0.038125 0.065 1 0.219971 0.120313 0.731667 0.035312 0.063333 0 0.180054 0.528438 0.404722 0.01875 0.043889 0 0.175537 0.821562 0.696667 0.021875 0.082222 0 0.10968 0.79625 0.660833 0.0175 0.060556 2 0.057495 0.366406 0.409444 0.028437 0.058889 0 0.049957 0.803125 0.465 0.02 0.048889 0 0.044678 0.235547 0.755 0.030469 0.073333 0 0.036896 0.315781 0.435 0.020313 0.051111 9 0.036224 0.852188 0.835278 0.061875 0.176111 1 0.02626 0.79625 0.660833 0.0175 0.060556 0 0.022797 0.315078 0.43125 0.021094 0.050278 0 0.018051 0.800937 0.465417 0.020625 0.0525 0 0.015076 0.818125 0.474028 0.0225 0.0525 1 0.011734 0.822812 0.581389 0.020625 0.061667 0 0.006641 0.518438 0.359028 0.019375 0.048611 0 0.004944 0.804688 0.472917 0.024375 0.061389 1 0.003975 0.803125 0.465 0.02 0.048889 1 0.003511 0.725 0.521111 0.015 0.044444 0 0.003223 0.352656 0.457639 0.017813 0.0425 9 0.002226 0.43375 0.385278 0.075 0.074444 10 0.001803 0.208086 0.433611 0.105078 0.136111 10 0.001796 0.982187 0.573472 0.035625 0.186389 0 0.001789 0.311797 0.435972 0.020781 0.050278 0 0.001478 0.91375 0.6275 0.06875 0.089444 1 0.001478 0.004314 0.933333 0.008628 0.128889 1 0.001432 0.352969 0.446389 0.015937 0.040556 1 0.001294 0.819063 0.474306 0.018125 0.0475 1 0.001156 0.716563 0.675833 0.024375 0.063889 1 0.001124 0.804688 0.472917 0.024375 0.061389 4 0.001057 0.976875 0.579306 0.04375 0.116944
CCTV01^20260318-110000-20260318-120000_000226,10 0.918945 0.142031 0.592639 0.175625 0.214722 10 0.918457 0.104004 0.525278 0.162305 0.190556 3 0.911133 0.524531 0.88 0.066563 0.195556 3 0.870605 0.439219 0.461111 0.040938 0.057778 0 0.852051 0.712813 0.637222 0.028125 0.083333 0 0.850098 0.802813 0.6725 0.028125 0.092778 2 0.831055 0.826563 0.510417 0.026875 0.0625 0 0.824219 0.334766 0.86 0.036094 0.101111 1 0.813965 0.266953 0.759445 0.025781 0.062222 0 0.810547 0.834063 0.619167 0.029375 0.090556 0 0.809082 0.80375 0.521667 0.0275 0.066667 0 0.792969 0.235 0.588889 0.032813 0.07 1 0.790527 0.71375 0.469028 0.01625 0.049167 0 0.73877 0.379219 0.426389 0.022812 0.052222 0 0.654785 0.517656 0.434444 0.020313 0.053333 10 0.640625 0.207188 0.430417 0.102188 0.1325 0 0.622559 0.253984 0.494028 0.025469 0.063611 0 0.598145 0.850937 0.491111 0.023125 0.056667 1 0.439697 0.366563 0.937222 0.033125 0.092222 6 0.40918 0.084453 0.796944 0.168906 0.308333 10 0.350342 0.207109 0.431111 0.103906 0.133333 2 0.281494 0.404063 0.391389 0.03375 0.044444 0 0.26123 0.305703 0.409583 0.020469 0.046389 0 0.151001 0.366563 0.937222 0.033125 0.092222 9 0.150024 0.304922 0.579167 0.054531 0.093889 1 0.09845 0.810312 0.444722 0.019375 0.046111 1 0.091736 0.821875 0.969722 0.03125 0.056111 0 0.086914 0.912813 0.559306 0.018125 0.051389 0 0.044189 0.823125 0.471389 0.02125 0.05 0 0.038757 0.286953 0.465556 0.016094 0.048333 1 0.03833 0.371719 0.961944 0.025937 0.059444 1 0.038177 0.67375 0.469583 0.02125 0.053611 4 0.035675 0.304922 0.579167 0.054531 0.093889 0 0.028336 0.822188 0.4675 0.019375 0.045 0 0.018127 0.810312 0.444722 0.019375 0.046111 0 0.016403 0.826563 0.510417 0.026875 0.0625 2 0.013275 0.235 0.588889 0.032813 0.07 3 0.012772 0.404063 0.391389 0.03375 0.044444 1 0.012772 0.8625 0.545417 0.0125 0.053611 0 0.010529 0.282891 0.440694 0.020156 0.051389 1 0.008987 0.678125 0.389583 0.01625 0.046944 0 0.008987 0.287109 0.459861 0.016094 0.049722 2 0.007755 0.084453 0.796944 0.168906 0.308333 0 0.005642 0.67375 0.469583 0.02125 0.053611 1 0.005577 0.912813 0.559306 0.018125 0.051389 1 0.002901 0.369063 0.956944 0.0275 0.066111 3 0.0028 0.630156 0.3275 0.027187 0.06 1 0.001839 0.286953 0.465556 0.016094 0.048333 1 0.001636 0.850937 0.491111 0.023125 0.056667 4 0.001513 0.977188 0.578611 0.041875 0.118333 7 0.001221 0.304922 0.579167 0.054531 0.093889 1 0.00104 0.536719 0.436806 0.017188 0.039167
CCTV01^20260318-110000-20260318-120000_000230,9 0.957031 0.685625 0.434583 0.0525 0.111944 6 0.949707 0.344609 0.469167 0.090156 0.136111 10 0.936523 0.148008 0.667917 0.193359 0.273056 3 0.922363 0.524375 0.88 0.06625 0.195556 10 0.92041 0.233594 0.495139 0.143438 0.171944 10 0.895508 0.102852 0.520833 0.161172 0.185 0 0.855957 0.251797 0.868611 0.046094 0.107222 1 0.799316 0.814688 0.731111 0.026875 0.078889 0 0.764648 0.87375 0.523056 0.025 0.070556 10 0.762207 0.207773 0.437917 0.106641 0.144167 0 0.756348 0.85 0.549722 0.025 0.066111 0 0.747559 0.510312 0.443889 0.0175 0.051667 0 0.746094 0.8075 0.454444 0.0225 0.056667 1 0.740234 0.862188 0.804722 0.030625 0.101667 0 0.71875 0.292734 0.608889 0.032656 0.074444 0 0.712402 0.311484 0.566111 0.024531 0.066667 0 0.704102 0.093496 0.831389 0.050195 0.092778 10 0.647949 0.206875 0.43375 0.104375 0.141389 0 0.647949 0.266953 0.540139 0.034531 0.066389 0 0.562012 0.286563 0.545972 0.025 0.055833 2 0.474609 0.97375 0.81 0.05125 0.146667 5 0.303955 0.775625 0.895 0.08125 0.201111 0 0.279785 0.820312 0.885 0.029375 0.092222 10 0.258301 0.036758 0.802778 0.073125 0.345556 2 0.167725 0.775625 0.895 0.08125 0.201111 5 0.119629 0.776563 0.897222 0.085625 0.204444 1 0.067566 0.5 0.389861 0.01875 0.061944 0 0.030441 0.985625 0.755 0.02875 0.133333 0 0.024521 0.288672 0.549028 0.024219 0.054167 6 0.022888 0.036758 0.802778 0.073125 0.345556 0 0.019424 0.9825 0.711389 0.02875 0.075 3 0.0149 0.775625 0.895 0.08125 0.201111 0 0.014839 0.992188 0.750556 0.015625 0.137778 0 0.014557 0.994687 0.728056 0.010625 0.092778 0 0.013847 0.97375 0.81 0.05125 0.146667 1 0.009483 0.865313 0.788333 0.078125 0.098889 0 0.008316 0.98375 0.726945 0.03 0.092778 1 0.008286 0.500313 0.389722 0.01625 0.057222 1 0.007755 0.500313 0.397639 0.013125 0.046389 10 0.005512 0.685625 0.434583 0.0525 0.111944 1 0.004982 0.820312 0.885 0.029375 0.092222 2 0.003325 0.993125 0.766389 0.01375 0.176111 11 0.00321 0.685625 0.434583 0.0525 0.111944 0 0.003052 0.985625 0.773889 0.02875 0.167778 10 0.002522 0.234609 0.495 0.143906 0.172222 2 0.002165 0.992188 0.750556 0.015625 0.137778 3 0.00205 0.993125 0.766389 0.01375 0.176111 1 0.001824 0.395156 0.569167 0.015313 0.047222 0 0.001694 0.993125 0.766389 0.01375 0.176111 10 0.001694 0.037559 0.808056 0.074648 0.346111 0 0.001687 0.995938 0.713333 0.008125 0.111111 1 0.001597 0.499687 0.395972 0.015 0.048056 0 0.001405 0.290703 0.537083 0.022031 0.048056 4 0.001235 0.776563 0.897222 0.085625 0.204444 0 0.001225 0.850625 0.534722 0.0475 0.057222 4 0.001143 0.985625 0.773889 0.02875 0.167778 0 0.001107 0.212188 0.965278 0.055625 0.063889 0 0.001057 0.509531 0.445556 0.017813 0.052222 9 0.00104 0.233594 0.495139 0.143438 0.171944 2 0.001012 0.994687 0.728056 0.010625 0.092778 1 0.001012 0.812187 0.720278 0.060625 0.072778 2 0.001004 0.344609 0.469167 0.090156 0.136111
CCTV01^20260318-110000-20260318-120000_000234,10 0.932617 0.47875 0.381667 0.0825 0.122222 10 0.930176 0.298906 0.453889 0.149687 0.158889 10 0.926758 0.810625 0.804444 0.15875 0.391111 3 0.925781 0.524375 0.879167 0.06625 0.195 10 0.920898 0.201523 0.587361 0.126328 0.223056 10 0.905273 0.103125 0.518333 0.161875 0.181111 3 0.90332 0.341641 0.608889 0.056094 0.082222 3 0.902832 0.668125 0.509861 0.04 0.073611 3 0.900391 0.718437 0.6 0.050625 0.088889 3 0.851074 0.6925 0.448611 0.035 0.061667 3 0.848145 0.777812 0.484028 0.035625 0.074167 0 0.830078 0.167148 0.941389 0.046641 0.108333 1 0.829102 0.303906 0.666389 0.025312 0.066111 3 0.829102 0.253047 0.695 0.061719 0.076667 0 0.816406 0.801875 0.576944 0.0325 0.081667 1 0.778809 0.473594 0.4675 0.020938 0.051111 7 0.762207 0.946563 0.822222 0.091875 0.191111 0 0.750488 0.855625 0.535556 0.02625 0.067778 10 0.708984 0.208906 0.429722 0.106875 0.130556 1 0.624512 0.290078 0.574167 0.021094 0.060556 0 0.507812 0.810313 0.477222 0.024375 0.053333 0 0.488281 0.127617 0.676944 0.029609 0.071667 1 0.395996 0.856875 0.751389 0.0225 0.058333 10 0.313232 0.271172 0.855 0.152031 0.287778 6 0.294189 0.074297 0.829444 0.148594 0.327778 7 0.259766 0.65375 0.403611 0.03 0.075 0 0.259766 0.809375 0.50875 0.02 0.0525 0 0.136597 0.382812 0.433611 0.019375 0.045556 0 0.126831 0.808125 0.511944 0.0225 0.061667 6 0.102661 0.271172 0.855 0.152031 0.287778 0 0.095337 0.800313 0.425972 0.019375 0.0425 10 0.072632 0.417344 0.396528 0.070938 0.099722 0 0.055603 0.779063 0.439306 0.020625 0.036944 10 0.042877 0.209531 0.43125 0.105937 0.128611 0 0.039337 0.8075 0.521111 0.0225 0.063333 0 0.035004 0.751563 0.398889 0.020625 0.051111 1 0.023773 0.155742 0.535 0.025078 0.046667 6 0.023697 0.417344 0.396528 0.070938 0.099722 4 0.02034 0.735938 0.937778 0.081875 0.124444 11 0.015839 0.271172 0.855 0.152031 0.287778 0 0.014954 0.810313 0.487222 0.021875 0.055556 4 0.011375 0.946563 0.822222 0.091875 0.191111 0 0.01049 0.855 0.535278 0.025 0.067222 0 0.008713 0.995313 0.711111 0.009375 0.08 1 0.008217 0.633438 0.373472 0.015625 0.044167 0 0.008217 0.809688 0.518611 0.019375 0.052778 9 0.007843 0.735938 0.937778 0.081875 0.124444 1 0.007095 0.289844 0.573611 0.02125 0.059444 1 0.006615 0.289766 0.573889 0.022031 0.062222 7 0.006588 0.735938 0.937778 0.081875 0.124444 5 0.00589 0.074297 0.829444 0.148594 0.327778 0 0.005322 0.996563 0.696944 0.006875 0.098333 1 0.004486 0.153594 0.534583 0.033125 0.050833 9 0.004181 0.271172 0.855 0.152031 0.287778 7 0.004025 0.271172 0.855 0.152031 0.287778 1 0.003901 0.290938 0.586389 0.015937 0.037222 0 0.003496 0.80875 0.494167 0.025 0.067222 2 0.003363 0.995313 0.711111 0.009375 0.08 1 0.003052 0.473281 0.478333 0.017188 0.033333 4 0.002443 0.65375 0.403611 0.03 0.075 10 0.002323 0.074297 0.829444 0.148594 0.327778 1 0.002253 0.995313 0.711111 0.009375 0.08 0 0.002199 0.664375 0.720278 0.02375 0.096111 4 0.002182 0.777812 0.484028 0.035625 0.074167 11 0.002115 0.47875 0.381667 0.0825 0.122222 0 0.001957 0.99125 0.697222 0.0175 0.112222 2 0.001867 0.996563 0.696944 0.006875 0.098333 0 0.001861 0.994687 0.718611 0.010625 0.091667 3 0.001803 0.074023 0.824722 0.148047 0.319444 0 0.001525 0.997812 0.675833 0.004375 0.143889 1 0.001501 0.735938 0.937778 0.081875 0.124444 3 0.00149 0.735938 0.937778 0.081875 0.124444 1 0.001421 0.996563 0.696944 0.006875 0.098333 1 0.001265 0.155664 0.535833 0.023984 0.046111 6 0.001235 0.208906 0.429722 0.106875 0.130556 0 0.001174 0.780313 0.438333 0.018125 0.034444 11 0.001143 0.208906 0.429722 0.106875 0.130556 1 0.001078 0.633594 0.375278 0.015312 0.045 0 0.001065 0.995313 0.730556 0.009375 0.116667 9 0.001057 0.946563 0.822222 0.091875 0.191111 0 0.001024 0.473594 0.4675 0.020938 0.051111 12 0.001 0.946563 0.822222 0.091875 0.191111
CCTV01^20260318-110000-20260318-120000_000238,6 0.935547 0.172969 0.675 0.199688 0.252222 3 0.916504 0.282266 0.711111 0.071406 0.098889 3 0.913574 0.524375 0.879722 0.06625 0.196111 10 0.908203 0.342266 0.431667 0.156719 0.146667 10 0.898926 0.102813 0.519306 0.162188 0.1825 3 0.893066 0.263984 0.832778 0.065781 0.123333 3 0.870605 0.91625 0.820278 0.0975 0.148333 0 0.842773 0.770312 0.858889 0.039375 0.112222 0 0.833496 0.4625 0.465139 0.025 0.070278 1 0.823242 0.236094 0.724445 0.025625 0.074444 0 0.822266 0.805 0.58 0.025 0.065556 0 0.809082 0.338281 0.585556 0.031562 0.072222 1 0.801758 0.690313 0.533472 0.018125 0.054167 1 0.789062 0.183672 0.801111 0.031094 0.078889 0 0.786621 0.356406 0.5275 0.027187 0.065 0 0.743164 0.783438 0.540139 0.025625 0.068611 0 0.741699 0.867188 0.517361 0.024375 0.063056 1 0.728027 0.395781 0.5475 0.018438 0.056111 0 0.715332 0.85875 0.598889 0.02875 0.081111 0 0.702637 0.895 0.566111 0.02875 0.084444 6 0.6875 0.289922 0.54625 0.054531 0.163056 2 0.637207 0.828125 0.457222 0.03 0.054444 10 0.609375 0.207109 0.430694 0.106406 0.133056 0 0.594727 0.779375 0.454306 0.02125 0.054167 10 0.586914 0.208672 0.533333 0.075781 0.164444 10 0.556641 0.209023 0.431528 0.106328 0.130278 0 0.445557 0.836563 0.480278 0.021875 0.061667 6 0.373779 0.442969 0.378472 0.088438 0.100833 1 0.295898 0.43125 0.480139 0.02 0.060278 2 0.169922 0.365 0.596389 0.038125 0.060556 7 0.156128 0.323438 0.909722 0.083125 0.166111 2 0.112427 0.323438 0.909722 0.083125 0.166111 10 0.057068 0.289922 0.54625 0.054531 0.163056 0 0.056854 0.834688 0.474306 0.023125 0.063611 10 0.056244 0.057461 0.770556 0.114922 0.362222 0 0.036346 0.78375 0.539167 0.02625 0.069444 3 0.021942 0.149453 0.965833 0.083906 0.063889 10 0.020493 0.06207 0.745 0.124141 0.307778 0 0.011375 0.836563 0.478472 0.019375 0.055833 2 0.011246 0.779375 0.454306 0.02125 0.054167 4 0.01001 0.323438 0.909722 0.083125 0.166111 2 0.007755 0.85875 0.598889 0.02875 0.081111 0 0.007404 0.183672 0.801111 0.031094 0.078889 1 0.005001 0.323438 0.909722 0.083125 0.166111 1 0.003929 0.235234 0.741667 0.017344 0.043333 3 0.002571 0.323438 0.909722 0.083125 0.166111 0 0.002481 0.655313 0.434861 0.019375 0.051389 3 0.001831 0.365 0.596389 0.038125 0.060556 0 0.001675 0.395781 0.5475 0.018438 0.056111 1 0.001636 0.257891 0.514861 0.013594 0.045833 1 0.001561 0.655313 0.434861 0.019375 0.051389 9 0.00149 0.323438 0.909722 0.083125 0.166111 2 0.001279 0.0225 0.984445 0.045 0.031111 4 0.001151 0.568906 0.430139 0.025313 0.054722 11 0.001037 0.102813 0.519306 0.162188 0.1825
CCTV01^20260318-110000-20260318-120000_000242,7 0.949707 0.388125 0.485139 0.035 0.0875 10 0.939453 0.138242 0.629861 0.235391 0.256944 10 0.928223 0.673438 0.493056 0.085625 0.198333 6 0.922852 0.307344 0.532778 0.116562 0.172222 3 0.90918 0.524688 0.879722 0.065625 0.196111 3 0.904785 0.176328 0.827778 0.077656 0.124444 10 0.902832 0.104121 0.528611 0.164258 0.202778 5 0.901855 0.274297 0.653333 0.069844 0.116667 3 0.898926 0.240547 0.931389 0.072969 0.133889 10 0.898926 0.413906 0.4025 0.126562 0.130556 2 0.878906 0.8775 0.579722 0.05 0.102778 5 0.868164 0.341094 0.630556 0.062813 0.114444 10 0.866211 0.249453 0.481389 0.108594 0.172778 0 0.865234 0.808438 0.808889 0.039375 0.097778 2 0.86084 0.199688 0.713889 0.050313 0.092222 2 0.849121 0.830938 0.629167 0.038125 0.090556 2 0.84375 0.821562 0.471944 0.028125 0.058889 0 0.834473 0.7575 0.906389 0.03875 0.100556 0 0.822266 0.963125 0.692222 0.03375 0.094444 1 0.804199 0.293516 0.710833 0.026719 0.065 0 0.804199 0.342344 0.8725 0.054688 0.128333 0 0.795898 0.309141 0.801667 0.034844 0.086667 0 0.789062 0.274844 0.777778 0.032187 0.087778 0 0.775879 0.796562 0.486389 0.025625 0.06 0 0.775879 0.139219 0.746389 0.045 0.095 1 0.730957 0.229063 0.7775 0.02875 0.078333 2 0.680664 0.985625 0.790556 0.02875 0.107778 10 0.665527 0.206758 0.432778 0.102109 0.137778 10 0.665527 0.207813 0.435833 0.10375 0.142222 1 0.640625 0.317109 0.713611 0.023281 0.063889 0 0.503906 0.9925 0.708056 0.015 0.079444 0 0.413086 0.041094 0.888333 0.068203 0.121111 0 0.394287 0.25125 0.732222 0.034688 0.074444 1 0.390381 0.402656 0.522778 0.021563 0.05 0 0.233765 0.231719 0.640833 0.029687 0.071667 0 0.115967 0.495313 0.397083 0.0225 0.049722 2 0.079773 0.830625 0.630278 0.0375 0.086111 0 0.056854 0.594844 0.421944 0.030937 0.052778 2 0.043365 0.495313 0.397083 0.0225 0.049722 6 0.04303 0.04873 0.825 0.09707 0.294444 2 0.034607 0.041094 0.888333 0.068203 0.121111 0 0.033966 0.866875 0.508056 0.0175 0.055 0 0.020889 0.85 0.482361 0.015 0.044167 6 0.017578 0.316328 0.454861 0.072344 0.1275 0 0.016724 0.8775 0.579722 0.05 0.102778 0 0.015839 0.85125 0.486111 0.0175 0.046111 10 0.015488 0.04873 0.825 0.09707 0.294444 0 0.012924 0.585938 0.428611 0.018125 0.038889 0 0.012924 0.910625 0.579444 0.0275 0.064444 0 0.012924 0.308906 0.960556 0.053437 0.071111 1 0.010208 0.401563 0.518194 0.021875 0.051389 1 0.009056 0.522969 0.402222 0.017188 0.041111 1 0.007233 0.52375 0.411667 0.015 0.040556 3 0.006668 0.523438 0.382083 0.02875 0.049722 0 0.005753 0.989375 0.711389 0.02125 0.095 10 0.005688 0.67375 0.337083 0.045 0.108056 0 0.005405 0.849375 0.482778 0.01625 0.048333 6 0.005199 0.388125 0.485139 0.035 0.0875 0 0.00518 0.997188 0.677778 0.005625 0.125556 2 0.00423 0.99375 0.745556 0.0125 0.124444 1 0.00404 0.208516 0.650833 0.022656 0.049444 0 0.003914 0.402969 0.939444 0.043438 0.096667 0 0.003693 0.317109 0.713611 0.023281 0.063889 0 0.003693 0.593594 0.425694 0.028437 0.0425 1 0.003664 0.585938 0.428611 0.018125 0.038889 2 0.003325 0.274297 0.653333 0.069844 0.116667 1 0.003136 0.399219 0.530278 0.017813 0.049444 1 0.0028 0.601719 0.426389 0.022188 0.040556 6 0.002672 0.307578 0.533333 0.117969 0.172222 1 0.002653 0.231172 0.795278 0.020781 0.047222 4 0.002632 0.041094 0.888333 0.068203 0.121111 10 0.002323 0.307344 0.532778 0.116562 0.172222 0 0.002157 0.906875 0.575278 0.02 0.058333 10 0.00214 0.983125 0.576111 0.03375 0.183333 2 0.001867 0.99375 0.818333 0.0125 0.144444 0 0.001796 0.86625 0.504722 0.015 0.047222 5 0.001675 0.04873 0.825 0.09707 0.294444 0 0.001611 0.229063 0.7775 0.02875 0.078333 4 0.001611 0.976562 0.581111 0.043125 0.124444 9 0.001574 0.388125 0.485139 0.035 0.0875 0 0.001567 0.907187 0.578611 0.023125 0.065 1 0.001561 0.286016 0.690833 0.038594 0.067222 12 0.001507 0.388125 0.485139 0.035 0.0875 0 0.001501 0.758438 0.388056 0.020625 0.048333 1 0.001421 0.041094 0.888333 0.068203 0.121111 0 0.001389 0.402656 0.522778 0.021563 0.05 1 0.001325 0.593594 0.425694 0.028437 0.0425 1 0.001265 0.291563 0.726111 0.019375 0.043333 2 0.001249 0.989062 0.803056 0.021875 0.130556 0 0.001147 0.964688 0.6825 0.066875 0.092778 6 0.001057 0.983125 0.576111 0.03375 0.183333 1 0.001057 0.321406 0.926111 0.024063 0.062222 0 0.001037 0.215 0.640556 0.027187 0.058889 3 0.001024 0.997188 0.677778 0.005625 0.125556
CCTV01^20260318-110000-20260318-120000_000246,7 0.94873 0.355938 0.8675 0.085 0.160556 6 0.939941 0.351562 0.481806 0.096875 0.1475 10 0.933105 0.189141 0.594722 0.214531 0.232778 3 0.920898 0.524531 0.879444 0.066563 0.194444 3 0.917969 0.230703 0.725556 0.063594 0.104444 10 0.914062 0.104648 0.522222 0.163828 0.186667 3 0.910645 0.292969 0.633333 0.064062 0.08 3 0.900391 0.275859 0.756944 0.058594 0.110556 2 0.883301 0.67625 0.475556 0.03 0.062778 2 0.867188 0.133672 0.86 0.052344 0.127778 2 0.858887 0.9175 0.641389 0.06875 0.142778 1 0.834473 0.185234 0.884445 0.032031 0.085556 0 0.831055 0.930625 0.7225 0.045 0.098333 0 0.824219 0.314375 0.915278 0.046875 0.119444 0 0.806641 0.171953 0.726667 0.041406 0.095556 0 0.79834 0.240234 0.818056 0.038906 0.086111 0 0.777344 0.394531 0.543333 0.030937 0.067778 1 0.775879 0.832187 0.669722 0.023125 0.076111 0 0.741699 0.444844 0.473333 0.020313 0.051667 2 0.737305 0.467969 0.433056 0.027812 0.052778 0 0.726562 0.290312 0.817778 0.035937 0.097778 0 0.716797 0.420938 0.496111 0.020625 0.058889 2 0.694336 0.989375 0.828611 0.02125 0.121667 0 0.686035 0.323281 0.693889 0.031562 0.083333 1 0.684082 0.319688 0.566667 0.021875 0.044444 1 0.651367 0.491406 0.462083 0.017812 0.048056 0 0.631836 0.327969 0.636111 0.034063 0.074444 0 0.584961 0.278672 0.590278 0.043281 0.068333 2 0.575684 0.407188 0.438194 0.0225 0.053611 10 0.560059 0.208125 0.431111 0.103438 0.136111 0 0.519531 0.830313 0.460556 0.020625 0.054444 3 0.437744 0.241172 0.931111 0.071719 0.135556 10 0.273682 0.307188 0.398472 0.06625 0.1275 1 0.219971 0.320156 0.565833 0.020313 0.043889 10 0.180664 0.208867 0.43125 0.106641 0.134167 0 0.176636 0.350156 0.554444 0.031562 0.068889 2 0.12085 0.988125 0.829722 0.02375 0.122778 1 0.065369 0.361875 0.585 0.021875 0.054444 0 0.045349 0.240547 0.8175 0.039219 0.085 0 0.044861 0.35 0.553889 0.03125 0.066667 10 0.035553 0.06875 0.818889 0.1375 0.362222 1 0.034607 0.362031 0.588333 0.019687 0.054444 5 0.032837 0.523594 0.368611 0.034062 0.061667 6 0.027802 0.352969 0.47875 0.097813 0.1425 0 0.026459 0.491406 0.462083 0.017812 0.048056 10 0.022293 0.465156 0.367778 0.094688 0.121111 0 0.021286 0.3625 0.394028 0.023125 0.046389 0 0.019119 0.350469 0.553611 0.030937 0.069444 0 0.014389 0.288594 0.583056 0.028125 0.051667 4 0.013954 0.9175 0.641389 0.06875 0.142778 0 0.012573 0.361875 0.585 0.021875 0.054444 1 0.009056 0.185234 0.900833 0.022656 0.058333 1 0.009018 0.444063 0.436806 0.018125 0.044722 1 0.008415 0.996875 0.697778 0.00625 0.081111 2 0.005981 0.241172 0.931111 0.071719 0.135556 0 0.00589 0.320156 0.565833 0.020313 0.043889 0 0.004215 0.996875 0.697778 0.00625 0.081111 1 0.0042 0.997188 0.684722 0.005625 0.109444 2 0.00415 0.278672 0.590278 0.043281 0.068333 10 0.00358 0.67375 0.338056 0.045 0.107778 1 0.003538 0.361562 0.6 0.01625 0.04 0 0.003483 0.444063 0.436806 0.018125 0.044722 0 0.003172 0.319688 0.566667 0.021875 0.044444 0 0.00316 0.997188 0.684722 0.005625 0.109444 1 0.00289 0.704375 0.395417 0.01875 0.044722 0 0.002846 0.369844 0.585278 0.032187 0.061667 6 0.0028 0.06875 0.818889 0.1375 0.362222 0 0.002779 0.42125 0.499722 0.019375 0.052778 0 0.002768 0.783438 0.961667 0.043125 0.071111 0 0.002684 0.42125 0.489444 0.0175 0.049444 0 0.002481 0.996563 0.716667 0.006875 0.132222 5 0.002226 0.133672 0.86 0.052344 0.127778 1 0.001987 0.996563 0.716667 0.006875 0.132222 2 0.001861 0.995313 0.849444 0.009375 0.132222 0 0.00181 0.9175 0.641389 0.06875 0.142778 3 0.001597 0.523594 0.368611 0.034062 0.061667 1 0.001513 0.288594 0.583056 0.028125 0.051667 5 0.001495 0.06875 0.818889 0.1375 0.362222 1 0.001367 0.32 0.569444 0.02 0.04 3 0.001289 0.068516 0.811111 0.137031 0.351111 3 0.001274 0.133672 0.86 0.052344 0.127778 4 0.001235 0.355938 0.8675 0.085 0.160556 0 0.001156 0.996563 0.737222 0.006875 0.133333 12 0.001147 0.355938 0.8675 0.085 0.160556 1 0.001121 0.996563 0.915278 0.006875 0.168333 1 0.001099 0.995313 0.928333 0.009375 0.141111 2 0.00109 0.997188 0.684722 0.005625 0.109444 0 0.001081 0.185234 0.884445 0.032031 0.085556 2 0.001024 0.996875 0.697778 0.00625 0.081111
CCTV01^20260318-110000-20260318-120000_000250,10 0.935059 0.845 0.653194 0.1725 0.283611 6 0.933594 0.409063 0.410556 0.078125 0.115556 3 0.92041 0.524375 0.88 0.066875 0.195556 3 0.902832 0.266328 0.754444 0.063594 0.116667 10 0.899902 0.103008 0.520556 0.160859 0.183333 3 0.898926 0.271875 0.888889 0.08 0.164444 6 0.888672 0.104922 0.831667 0.207656 0.298889 2 0.878418 0.242109 0.695 0.046094 0.091111 2 0.875 0.298672 0.651389 0.047031 0.087222 3 0.858887 0.489375 0.449028 0.034375 0.055278 10 0.827637 0.304844 0.51125 0.170937 0.193056 0 0.825684 0.400469 0.49625 0.030312 0.066944 2 0.771973 0.924375 0.645556 0.06 0.136667 0 0.770508 0.335469 0.854722 0.040313 0.103889 1 0.760742 0.646094 0.470556 0.015312 0.053889 0 0.756348 0.163438 0.875278 0.0475 0.107222 2 0.753418 0.229844 0.614444 0.031875 0.083333 7 0.715332 0.312969 0.585278 0.040312 0.082778 0 0.705566 0.320312 0.736111 0.030625 0.074444 1 0.665527 0.454844 0.444167 0.019063 0.051111 0 0.649414 0.323281 0.66 0.028437 0.07 0 0.635254 0.798438 0.452361 0.025625 0.061389 0 0.622559 0.266172 0.61 0.026719 0.063333 10 0.548828 0.104219 0.705 0.208438 0.294445 10 0.325928 0.206523 0.431944 0.101016 0.136667 10 0.257568 0.206328 0.435 0.101719 0.142222 10 0.141235 0.305234 0.511667 0.169531 0.192222 0 0.070068 0.214297 0.5825 0.034531 0.063889 5 0.063232 0.084902 0.9425 0.085508 0.111667 2 0.01001 0.798438 0.452361 0.025625 0.061389 0 0.008186 0.317578 0.711945 0.026094 0.069444 1 0.007347 0.996563 0.725833 0.006875 0.097222 0 0.006313 0.961875 0.640833 0.03125 0.070556 4 0.004757 0.924375 0.645556 0.06 0.136667 0 0.004738 0.996563 0.725833 0.006875 0.097222 1 0.004467 0.995 0.745 0.01 0.073333 0 0.003664 0.320469 0.708889 0.027813 0.062222 0 0.002737 0.924375 0.645556 0.06 0.136667 10 0.002714 0.483594 0.35 0.075938 0.116667 1 0.002653 0.629531 0.322222 0.018438 0.062222 2 0.002342 0.667188 0.385556 0.020625 0.048889 0 0.001714 0.229844 0.614444 0.031875 0.083333 7 0.001585 0.924375 0.645556 0.06 0.136667 1 0.001507 0.774688 0.44625 0.015625 0.048611 2 0.001467 0.996563 0.725833 0.006875 0.097222 1 0.001315 0.994063 0.634722 0.011875 0.060556 0 0.001289 0.210234 0.545972 0.022656 0.045833 5 0.001221 0.104922 0.831667 0.207656 0.298889 0 0.001099 0.213672 0.578056 0.030156 0.058333 0 0.001081 0.213359 0.545417 0.023281 0.049167 1 0.001008 0.453906 0.457083 0.017188 0.044167
CCTV01^20260318-110000-20260318-120000_000255,6 0.946777 0.397031 0.495556 0.100313 0.146667 10 0.935059 0.266719 0.543194 0.157812 0.204722 2 0.933105 0.919687 0.646944 0.066875 0.128333 3 0.913574 0.524687 0.879167 0.066875 0.195 3 0.902832 0.303281 0.696944 0.058437 0.115 3 0.900391 0.308047 0.814167 0.065156 0.126111 2 0.898438 0.199766 0.842778 0.048281 0.111111 10 0.896484 0.103086 0.52 0.162578 0.185556 2 0.882324 0.249531 0.691389 0.036875 0.088333 1 0.86084 0.908125 0.726389 0.04125 0.070556 1 0.854004 0.246641 0.798056 0.027969 0.091667 0 0.804199 0.253047 0.887222 0.040469 0.103333 1 0.794434 0.620781 0.471528 0.016563 0.051944 10 0.782715 0.206016 0.430694 0.101406 0.134167 0 0.766113 0.772813 0.489583 0.030625 0.058611 3 0.766113 0.73625 0.565556 0.0575 0.111111 0 0.757812 0.219141 0.736111 0.037344 0.098889 10 0.697754 0.4175 0.402083 0.09375 0.125278 1 0.695801 0.379531 0.846111 0.035312 0.074444 0 0.686035 0.183906 0.780556 0.034063 0.087778 0 0.631836 0.034893 0.695556 0.055605 0.083333 5 0.62793 0.298359 0.602222 0.079531 0.112222 3 0.62793 0.351406 0.942222 0.108438 0.115556 2 0.620605 0.470469 0.477083 0.030313 0.0525 4 0.605957 0.850313 0.630278 0.048125 0.118333 3 0.484375 0.490938 0.441944 0.036875 0.060556 0 0.332764 0.338594 0.615556 0.029687 0.06 1 0.315674 0.124375 0.7725 0.038125 0.072778 10 0.143677 0.056172 0.857222 0.112344 0.285556 0 0.140381 0.105488 0.723333 0.052773 0.09 10 0.135742 0.418906 0.399306 0.090938 0.118056 0 0.131226 0.450156 0.424722 0.021562 0.048333 0 0.105957 0.124375 0.7725 0.038125 0.072778 1 0.083862 0.99375 0.924722 0.0125 0.095 0 0.082703 0.99375 0.705556 0.0125 0.086667 0 0.069519 0.99375 0.924722 0.0125 0.095 2 0.05127 0.850313 0.630278 0.048125 0.118333 2 0.045197 0.512187 0.37125 0.0225 0.046944 7 0.044006 0.202695 0.9375 0.086484 0.117222 0 0.040833 0.469531 0.421944 0.019688 0.049444 1 0.036774 0.382969 0.866389 0.026563 0.042778 5 0.03125 0.850313 0.630278 0.048125 0.118333 9 0.029083 0.202695 0.9375 0.086484 0.117222 0 0.017776 0.379531 0.846111 0.035312 0.074444 5 0.01738 0.73625 0.565556 0.0575 0.111111 10 0.016159 0.291719 0.370417 0.073438 0.116389 0 0.012825 0.905 0.560278 0.02125 0.060556 0 0.012627 0.850313 0.630278 0.048125 0.118333 1 0.011871 0.990625 0.929722 0.01875 0.106111 2 0.0112 0.99375 0.924722 0.0125 0.095 0 0.010857 0.471562 0.423194 0.019375 0.049167 1 0.01049 0.996875 0.775278 0.00625 0.103889 0 0.008064 0.671875 0.381667 0.03 0.053889 4 0.006264 0.490938 0.441944 0.036875 0.060556 4 0.0056 0.73625 0.565556 0.0575 0.111111 4 0.004887 0.202695 0.9375 0.086484 0.117222 1 0.004574 0.995938 0.899167 0.008125 0.156111 2 0.00423 0.351406 0.942222 0.108438 0.115556 2 0.0042 0.995938 0.899167 0.008125 0.156111 2 0.00415 0.338594 0.615556 0.029687 0.06 0 0.004086 0.134414 0.9675 0.037422 0.061667 6 0.00378 0.298359 0.602222 0.079531 0.112222 0 0.00378 0.990625 0.929722 0.01875 0.106111 0 0.00375 0.448125 0.429444 0.020625 0.043889 0 0.003736 0.990625 0.706667 0.01875 0.088889 4 0.003721 0.977188 0.577222 0.041875 0.113333 7 0.003708 0.490938 0.441944 0.036875 0.060556 1 0.003622 0.378438 0.863889 0.029375 0.052222 0 0.003525 0.449531 0.430556 0.018437 0.04 0 0.003376 0.995938 0.899167 0.008125 0.156111 0 0.003363 0.90625 0.552778 0.02125 0.065556 6 0.003235 0.396563 0.493194 0.10125 0.1425 0 0.003075 0.241172 0.456806 0.017969 0.050833 3 0.002642 0.995938 0.899167 0.008125 0.156111 6 0.002611 0.056172 0.857222 0.112344 0.285556 1 0.00259 0.99625 0.79 0.0075 0.106667 0 0.002493 0.350313 0.420972 0.02375 0.049167 10 0.002333 0.985 0.590556 0.03 0.2 1 0.00227 0.99375 0.705556 0.0125 0.086667 0 0.00226 0.995313 0.681111 0.009375 0.126667 10 0.002192 0.207031 0.432222 0.102813 0.134444 3 0.002174 0.850313 0.630278 0.048125 0.118333 0 0.002115 0.996875 0.775278 0.00625 0.103889 9 0.001987 0.298359 0.602222 0.079531 0.112222 0 0.00181 0.997188 0.756667 0.005625 0.153333 0 0.001796 0.332031 0.588611 0.021563 0.053889 0 0.001748 0.471094 0.413333 0.019688 0.043889 10 0.001707 0.480781 0.354861 0.070937 0.0975 0 0.001561 0.004922 0.693611 0.009297 0.063889 1 0.001495 0.997188 0.756667 0.005625 0.153333 0 0.00145 0.919687 0.646944 0.066875 0.128333 10 0.001367 0.056602 0.858889 0.113203 0.282222 10 0.001305 0.98375 0.605694 0.0325 0.201944 0 0.001274 0.006055 0.709167 0.011738 0.090556 2 0.001269 0.997188 0.756667 0.005625 0.153333 0 0.001255 0.770312 0.492083 0.041875 0.060278 2 0.001245 0.350313 0.420972 0.02375 0.049167 11 0.001206 0.206016 0.430694 0.101406 0.134167 1 0.001169 0.917188 0.957222 0.025625 0.07 6 0.001169 0.3975 0.495 0.1 0.143333 0 0.001151 0.995 0.739444 0.01 0.143333 1 0.001151 0.990938 0.900556 0.016875 0.164444 2 0.001138 0.994687 0.940278 0.010625 0.112778 0 0.001116 0.908125 0.726389 0.04125 0.070556 0 0.001073 0.993125 0.6625 0.01375 0.112778 2 0.001048 0.990625 0.929722 0.01875 0.106111 2 0.001048 0.996875 0.775278 0.00625 0.103889 1 0.00104 0.551094 0.9825 0.015938 0.033889 3 0.001037 0.99 0.881111 0.02 0.236667 11 0.001008 0.103086 0.52 0.162578 0.185556
CCTV01^20260318-110000-20260318-120000_000259,3 0.923828 0.295156 0.633611 0.064062 0.086111 10 0.917969 0.07666 0.734167 0.147461 0.319445 3 0.91748 0.374688 0.591389 0.06375 0.070556 3 0.912598 0.524531 0.879722 0.066563 0.195 2 0.90918 0.921562 0.65 0.065625 0.132222 3 0.900391 0.266406 0.843056 0.06125 0.129444 2 0.896484 0.331328 0.758889 0.041719 0.101111 2 0.888672 0.284063 0.712778 0.039375 0.094444 10 0.888672 0.103262 0.519861 0.162227 0.183611 3 0.885742 0.506406 0.44125 0.036563 0.063056 2 0.883301 0.819063 0.7225 0.039375 0.099444 2 0.882324 0.81 0.552222 0.0275 0.071111 10 0.882324 0.418281 0.409861 0.099688 0.131389 3 0.875977 0.202187 0.769167 0.064375 0.130556 3 0.85498 0.452188 0.481667 0.045625 0.057222 1 0.845703 0.345 0.551667 0.02625 0.054444 10 0.79834 0.207617 0.43375 0.103516 0.1375 0 0.796875 0.755938 0.494583 0.025625 0.063611 0 0.767578 0.97875 0.842778 0.0425 0.123333 1 0.766113 0.291719 0.489444 0.014063 0.045 7 0.759277 0.25625 0.541111 0.044688 0.077778 0 0.754883 0.237734 0.614444 0.032031 0.073333 0 0.690918 0.321016 0.479167 0.023594 0.057222 0 0.645996 0.218359 0.579167 0.025781 0.061667 2 0.604004 0.433281 0.457917 0.038438 0.071389 1 0.583008 0.321172 0.660278 0.018281 0.056111 1 0.560059 0.345625 0.826944 0.02875 0.069444 0 0.496094 0.825313 0.449861 0.021875 0.054167 0 0.377441 0.058027 0.939167 0.058477 0.083889 0 0.373779 0.348281 0.421528 0.021563 0.0475 1 0.368408 0.877188 0.530139 0.020625 0.059722 1 0.250977 0.8175 0.503611 0.0175 0.051111 0 0.230957 0.275078 0.456389 0.019844 0.038889 0 0.145142 0.628281 0.563194 0.024687 0.059167 0 0.139404 0.173672 0.601389 0.022344 0.055 1 0.126831 0.36375 0.440833 0.016875 0.042222 2 0.122131 0.290703 0.435278 0.026094 0.049444 1 0.093323 0.907187 0.834167 0.030625 0.098333 10 0.086914 0.207227 0.4325 0.101484 0.137222 0 0.086914 0.20875 0.523611 0.0325 0.060556 1 0.071594 0.363906 0.445 0.017188 0.041111 4 0.05835 0.63875 0.375833 0.0275 0.065 0 0.044006 0.345625 0.826944 0.02875 0.069444 9 0.037048 0.25625 0.541111 0.044688 0.077778 1 0.032593 0.817813 0.501111 0.015625 0.047222 0 0.029984 0.995938 0.761111 0.008125 0.084444 1 0.02272 0.995938 0.761111 0.008125 0.084444 1 0.021118 0.173984 0.606667 0.021094 0.046667 0 0.017242 0.99625 0.78 0.0075 0.107778 2 0.016586 0.321016 0.479167 0.023594 0.057222 8 0.013901 0.304063 0.936111 0.11375 0.127778 10 0.013687 0.505156 0.375694 0.060313 0.091944 4 0.012291 0.967188 0.957778 0.063125 0.083333 1 0.0121 0.256328 0.4875 0.019219 0.042778 0 0.01133 0.628125 0.568889 0.025 0.06 0 0.010857 0.996875 0.741667 0.00625 0.113333 0 0.01017 0.36375 0.440833 0.016875 0.042222 0 0.010094 0.219141 0.575 0.022969 0.054444 7 0.009193 0.304063 0.936111 0.11375 0.127778 7 0.009193 0.967188 0.957778 0.063125 0.083333 3 0.008781 0.967188 0.957778 0.063125 0.083333 1 0.008614 0.99625 0.78 0.0075 0.107778 1 0.008446 0.995 0.695278 0.01 0.065 7 0.008255 0.295938 0.935833 0.098125 0.128333 1 0.008125 0.321016 0.479167 0.023594 0.057222 1 0.007755 0.967188 0.957778 0.063125 0.083333 0 0.007011 0.994375 0.708056 0.01125 0.090556 0 0.006027 0.8175 0.503611 0.0175 0.051111 1 0.005821 0.173672 0.601389 0.022344 0.055 0 0.005386 0.995 0.695278 0.01 0.065 0 0.005081 0.99625 0.801667 0.0075 0.133333 7 0.005039 0.63875 0.375833 0.0275 0.065 6 0.004982 0.505156 0.375694 0.060313 0.091944 1 0.004505 0.996875 0.741667 0.00625 0.113333 0 0.004452 0.877188 0.530139 0.020625 0.059722 2 0.004181 0.995938 0.761111 0.008125 0.084444 0 0.003855 0.217891 0.59 0.023906 0.055556 0 0.003565 0.275625 0.462222 0.020313 0.036667 2 0.003403 0.996875 0.741667 0.00625 0.113333 10 0.003286 0.417813 0.410417 0.099375 0.129722 1 0.002747 0.257656 0.482222 0.014063 0.037222 0 0.002726 0.627813 0.558889 0.021875 0.052222 0 0.002531 0.172969 0.593056 0.023438 0.060556 2 0.002453 0.99625 0.801667 0.0075 0.133333 0 0.002453 0.996875 0.674167 0.00625 0.099444 2 0.002434 0.99625 0.78 0.0075 0.107778 0 0.002424 0.276016 0.44875 0.021094 0.041389 0 0.002342 0.629219 0.562222 0.022813 0.056667 0 0.00202 0.995313 0.731389 0.009375 0.151667 1 0.001926 0.994375 0.708056 0.01125 0.090556 5 0.001796 0.202187 0.769167 0.064375 0.130556 0 0.001513 0.992188 0.765 0.015625 0.094444 3 0.001467 0.015518 0.763333 0.031035 0.128889 0 0.001461 0.345 0.551667 0.02625 0.054444 0 0.001378 0.629375 0.570278 0.0225 0.051667 1 0.001315 0.996875 0.674167 0.00625 0.099444 11 0.001265 0.207617 0.43375 0.103516 0.1375 3 0.001202 0.009014 0.763889 0.018027 0.127778 3 0.001197 0.996875 0.741667 0.00625 0.113333 1 0.001179 0.551094 0.981944 0.015938 0.036111 10 0.001169 0.493125 0.331528 0.065625 0.091389 0 0.001099 0.817813 0.501111 0.015625 0.047222 2 0.001073 0.97875 0.842778 0.0425 0.123333 0 0.001065 0.173984 0.606667 0.021094 0.046667 5 0.001024 0.659375 0.346528 0.02625 0.0625 1 0.001008 0.058027 0.939167 0.058477 0.083889
CCTV01^20260318-110000-20260318-120000_000263,6 0.962402 0.399375 0.456667 0.066875 0.09 4 0.959961 0.396406 0.535278 0.053438 0.085 9 0.929199 0.278984 0.644444 0.072969 0.14 4 0.925293 0.331641 0.912778 0.069844 0.15 10 0.923828 0.154844 0.586389 0.14 0.223889 3 0.920898 0.524531 0.879722 0.067188 0.196111 10 0.916504 0.106523 0.523333 0.165078 0.187778 3 0.900391 0.1775 0.801389 0.071562 0.120556 3 0.899902 0.254922 0.804444 0.066719 0.123333 3 0.854004 0.444063 0.480278 0.044375 0.054444 0 0.827637 0.735313 0.616667 0.025625 0.077778 0 0.82666 0.787188 0.720278 0.030625 0.092778 0 0.822266 0.7875 0.618611 0.02625 0.078333 1 0.817383 0.215625 0.655833 0.024375 0.066111 0 0.816406 0.857187 0.633611 0.029375 0.085 0 0.789062 0.263984 0.545278 0.027969 0.061667 0 0.788086 0.307031 0.484444 0.024688 0.058333 1 0.773438 0.353906 0.494444 0.019062 0.049444 0 0.686035 0.330156 0.649722 0.029063 0.075 2 0.663574 0.484688 0.44625 0.028125 0.055278 3 0.649414 0.509062 0.411944 0.030625 0.047222 7 0.598145 0.293672 0.449028 0.032969 0.063056 9 0.57959 0.924375 0.890833 0.135 0.215 3 0.552734 0.29 0.57 0.050625 0.056667 0 0.542969 0.905313 0.6425 0.031875 0.091667 10 0.490234 0.207031 0.431389 0.104375 0.130556 10 0.455078 0.207305 0.429444 0.103828 0.13 10 0.44165 0.495625 0.348333 0.0775 0.096667 1 0.424316 0.241563 0.606389 0.022813 0.058333 3 0.275146 0.016787 0.819722 0.033535 0.155 10 0.203735 0.025352 0.670972 0.050078 0.3025 1 0.201782 0.395156 0.391944 0.015937 0.039444 3 0.176636 0.472188 0.413056 0.043125 0.054444 0 0.151001 0.62625 0.563611 0.026875 0.059444 0 0.145142 0.901875 0.661111 0.02375 0.075556 0 0.13208 0.260547 0.483056 0.021094 0.04 7 0.128906 0.924375 0.890833 0.135 0.215 0 0.112793 0.258906 0.479444 0.023438 0.042222 0 0.107422 0.994687 0.715556 0.010625 0.086667 0 0.090088 0.241563 0.606389 0.022813 0.058333 1 0.076965 0.3725 0.424028 0.014375 0.036389 3 0.074768 0.121523 0.951945 0.093516 0.092778 10 0.074219 0.495781 0.347917 0.077813 0.096389 1 0.054199 0.437031 0.412778 0.024687 0.041111 0 0.049042 0.259453 0.482361 0.022344 0.0425 2 0.048676 0.2175 0.957222 0.072188 0.077778 4 0.037048 0.924375 0.890833 0.135 0.215 2 0.033081 0.993438 0.721389 0.013125 0.090556 2 0.032837 0.994687 0.715556 0.010625 0.086667 1 0.029541 0.824375 0.502361 0.01625 0.058056 1 0.028656 0.901875 0.661111 0.02375 0.075556 2 0.026764 0.993125 0.731944 0.01375 0.073889 0 0.023865 0.346563 0.388194 0.016875 0.036944 3 0.022888 0.2175 0.957222 0.072188 0.077778 0 0.018539 0.260391 0.48125 0.021406 0.039167 0 0.018051 0.626719 0.559444 0.024687 0.052222 2 0.017517 0.016787 0.819722 0.033535 0.155 7 0.015541 0.016787 0.819722 0.033535 0.155 4 0.014954 0.016787 0.819722 0.033535 0.155 0 0.0149 0.993438 0.721389 0.013125 0.090556 0 0.01445 0.924375 0.890833 0.135 0.215 1 0.013428 0.9025 0.672222 0.02 0.055556 0 0.010902 0.331641 0.912778 0.069844 0.15 0 0.010735 0.769688 0.409861 0.018125 0.049167 5 0.009743 0.472188 0.413056 0.043125 0.054444 1 0.00927 0.37 0.392639 0.0125 0.034167 0 0.008316 0.257031 0.459028 0.024688 0.050278 10 0.006905 0.018359 0.655139 0.036719 0.269722 4 0.006615 0.293672 0.449028 0.032969 0.063056 0 0.006565 0.989375 0.718611 0.02 0.095 0 0.005665 0.769375 0.410694 0.02 0.049722 0 0.005447 0.993125 0.731944 0.01375 0.073889 1 0.005138 0.436719 0.412222 0.024062 0.04 0 0.004982 0.996563 0.699167 0.006875 0.108333 10 0.004925 0.049609 0.683333 0.093906 0.214444 0 0.004467 0.437031 0.412778 0.024687 0.041111 10 0.004364 0.017422 0.853056 0.034844 0.259445 9 0.004299 0.293672 0.449028 0.032969 0.063056 2 0.004166 0.989375 0.724444 0.02125 0.09 1 0.004055 0.260547 0.483056 0.021094 0.04 4 0.003651 0.9775 0.581528 0.0425 0.121389 1 0.003551 0.994687 0.715556 0.010625 0.086667 2 0.003456 0.4825 0.420278 0.024375 0.036111 0 0.003147 0.906563 0.645556 0.026875 0.082222 0 0.00304 0.903125 0.651667 0.02875 0.087778 6 0.002846 0.016787 0.819722 0.033535 0.155 0 0.0028 0.395156 0.391944 0.015937 0.039444 0 0.0028 0.905625 0.618056 0.02875 0.079444 2 0.002779 0.989375 0.718611 0.02 0.095 1 0.002758 0.369844 0.396806 0.012812 0.0375 10 0.002672 0.022305 0.8575 0.044609 0.285 10 0.002642 0.659375 0.328056 0.04125 0.111111 2 0.002531 0.996563 0.699167 0.006875 0.108333 2 0.002453 0.989688 0.733333 0.020625 0.075556 0 0.002415 0.989375 0.724444 0.02125 0.09 1 0.002359 0.368906 0.391944 0.013438 0.035556 0 0.002234 0.980313 0.670278 0.019375 0.059444 10 0.002234 0.019004 0.673889 0.038008 0.288889 2 0.001942 0.994063 0.744444 0.011875 0.077778 10 0.001755 0.016602 0.860278 0.033203 0.279444 11 0.00172 0.154844 0.586389 0.14 0.223889 1 0.001714 0.736562 0.945556 0.021875 0.057778 1 0.001661 0.989688 0.733333 0.020625 0.075556 11 0.001649 0.924375 0.890833 0.135 0.215 0 0.001629 0.90625 0.632778 0.03125 0.09 1 0.001531 0.994063 0.744444 0.011875 0.077778 4 0.001399 0.484688 0.44625 0.028125 0.055278 3 0.001367 0.924688 0.89 0.135625 0.216667 0 0.001315 0.3725 0.424028 0.014375 0.036389 0 0.001235 0.994063 0.744444 0.011875 0.077778 1 0.001216 0.549844 0.979445 0.019688 0.041111 6 0.001206 0.017422 0.853056 0.034844 0.259445 1 0.001197 0.369844 0.399306 0.012812 0.0375 1 0.001197 0.551094 0.9825 0.015938 0.035 1 0.001184 0.993438 0.721389 0.013125 0.090556 0 0.001156 0.261094 0.460278 0.025312 0.048333 1 0.00109 0.993125 0.731944 0.01375 0.073889 0 0.00104 0.436719 0.412222 0.024062 0.04 10 0.001032 0.980938 0.582222 0.036875 0.186667 2 0.001024 0.472188 0.413056 0.043125 0.054444
CCTV01^20260318-110000-20260318-120000_000267,3 0.932617 0.367031 0.509583 0.063437 0.066389 10 0.928711 0.768438 0.600694 0.130625 0.260833 3 0.91748 0.311641 0.666945 0.066719 0.087222 3 0.912598 0.524531 0.879722 0.066563 0.196111 10 0.902832 0.253828 0.485278 0.146094 0.176111 10 0.892578 0.102188 0.520833 0.15875 0.182778 3 0.875 0.420781 0.462222 0.042812 0.056111 3 0.871582 0.6225 0.403333 0.031875 0.067222 3 0.816406 0.364375 0.439444 0.031875 0.048889 0 0.81543 0.249375 0.836667 0.036562 0.091111 0 0.806641 0.348906 0.923889 0.047188 0.105556 0 0.801758 0.234141 0.742778 0.032969 0.09 0 0.792969 0.859688 0.515278 0.024375 0.065 5 0.788086 0.305 0.583194 0.065 0.100278 1 0.782715 0.684062 0.611389 0.023125 0.069444 3 0.771973 0.763125 0.478889 0.03625 0.055556 3 0.767578 0.400938 0.532778 0.044375 0.064444 0 0.757812 0.795938 0.749167 0.034375 0.096111 1 0.756348 0.819687 0.9325 0.030625 0.100556 10 0.754883 0.20707 0.432639 0.102734 0.136944 0 0.750488 0.208125 0.678889 0.036875 0.07 0 0.692871 0.236875 0.631944 0.034063 0.068333 4 0.6875 0.455937 0.468333 0.048125 0.074444 2 0.677246 0.108945 0.819167 0.113672 0.156111 10 0.600098 0.098086 0.731111 0.195703 0.312222 0 0.59082 0.303828 0.510139 0.028281 0.058611 7 0.588867 0.744063 0.876389 0.068125 0.223889 10 0.588867 0.025469 0.700972 0.050938 0.354722 10 0.548828 0.207734 0.435833 0.101719 0.140556 2 0.535156 0.979063 0.725278 0.040625 0.095 3 0.451416 0.47875 0.43625 0.036875 0.051944 10 0.449463 0.671875 0.388889 0.05625 0.133889 2 0.449463 0.02687 0.907778 0.053057 0.123333 0 0.401611 0.174844 0.732778 0.04125 0.094444 9 0.381104 0.389688 0.385556 0.048125 0.081111 4 0.357666 0.361875 0.577083 0.048125 0.084722 10 0.284668 0.775313 0.400139 0.070625 0.121389 4 0.267334 0.845938 0.603333 0.035625 0.083333 0 0.210815 0.626719 0.563194 0.025937 0.056944 1 0.196777 0.27375 0.955556 0.021563 0.062222 0 0.044189 0.627031 0.559167 0.024062 0.050556 4 0.043365 0.744063 0.876389 0.068125 0.223889 3 0.039642 0.48 0.435694 0.034375 0.049167 0 0.024704 0.719375 0.440417 0.02 0.049722 0 0.024612 0.340781 0.420139 0.022187 0.050833 2 0.024231 0.518906 0.379028 0.023438 0.048056 1 0.018051 0.432188 0.424306 0.016875 0.038056 9 0.016922 0.744063 0.876389 0.068125 0.223889 4 0.013588 0.352031 0.569167 0.035937 0.086111 0 0.013374 0.432188 0.424306 0.016875 0.038056 3 0.012192 0.647188 0.284583 0.023125 0.051944 12 0.008545 0.389688 0.385556 0.048125 0.081111 0 0.007607 0.625781 0.572778 0.026563 0.062222 12 0.007488 0.744063 0.876389 0.068125 0.223889 3 0.006718 0.108945 0.819167 0.113672 0.156111 1 0.006313 0.274766 0.970833 0.022969 0.043889 3 0.004944 0.470625 0.445278 0.044375 0.061667 12 0.004665 0.305 0.583194 0.065 0.100278 9 0.004627 0.361875 0.577083 0.048125 0.084722 9 0.003796 0.455937 0.468333 0.048125 0.074444 3 0.003525 0.054395 0.243472 0.022852 0.031944 4 0.003124 0.365781 0.563194 0.042812 0.081389 1 0.003111 0.821562 0.9575 0.021875 0.052778 0 0.002737 0.993438 0.706111 0.013125 0.11 7 0.002653 0.361875 0.577083 0.048125 0.084722 5 0.002581 0.108945 0.819167 0.113672 0.156111 4 0.002481 0.174844 0.732778 0.04125 0.094444 1 0.00215 0.551094 0.981111 0.015938 0.037778 0 0.00214 0.72 0.440278 0.01875 0.046667 1 0.00214 0.680625 0.610833 0.04875 0.076111 1 0.002125 0.681875 0.598889 0.06 0.071111 0 0.001883 0.9125 0.565556 0.0125 0.048889 6 0.001741 0.305 0.583194 0.065 0.100278 3 0.001687 0.744063 0.876389 0.068125 0.223889 11 0.001675 0.253828 0.485278 0.146094 0.176111 4 0.001561 0.108945 0.819167 0.113672 0.156111 1 0.001531 0.819375 0.913056 0.075 0.108333 3 0.001495 0.097969 0.729445 0.195937 0.307778 1 0.00145 0.404063 0.554444 0.024375 0.058889 4 0.001421 0.11082 0.819722 0.118047 0.160556 1 0.001206 0.474531 0.482778 0.017812 0.045 1 0.00106 0.4725 0.473889 0.021875 0.054444 7 0.001012 0.845938 0.603333 0.035625 0.083333 0 0.001 0.432188 0.445833 0.0225 0.051667
CCTV01^20260318-110000-20260318-120000_000271,7 0.943848 0.230547 0.754167 0.057031 0.150556 10 0.928711 0.145781 0.645694 0.196562 0.271944 10 0.927246 0.344219 0.433194 0.140313 0.155278 6 0.915039 0.864062 0.539167 0.098125 0.186111 2 0.911621 0.347031 0.499444 0.048438 0.082222 3 0.910645 0.524375 0.879444 0.066875 0.196667 10 0.898926 0.818125 0.647222 0.16125 0.292222 10 0.896484 0.104648 0.525417 0.163828 0.193611 2 0.891113 0.437969 0.4625 0.027813 0.060556 3 0.888184 0.737813 0.895833 0.068125 0.165 3 0.887207 0.711875 0.605 0.05625 0.093333 3 0.876465 0.729375 0.494306 0.03875 0.076389 1 0.854004 0.305078 0.619722 0.029219 0.061667 3 0.853027 0.47375 0.435139 0.035625 0.049167 3 0.852051 0.471719 0.478472 0.039687 0.054722 1 0.842773 0.314922 0.960278 0.035781 0.075 0 0.837402 0.904062 0.9425 0.049375 0.105 1 0.836426 0.895938 0.861111 0.030625 0.093333 0 0.835449 0.305234 0.8525 0.037656 0.115 3 0.831055 0.387813 0.56375 0.051875 0.080278 0 0.824219 0.265547 0.573611 0.025156 0.059444 0 0.819824 0.257266 0.880833 0.042344 0.102778 9 0.808105 0.63125 0.418056 0.0375 0.105 0 0.78125 0.306797 0.537361 0.024531 0.058611 2 0.72168 0.809688 0.490278 0.026875 0.058889 2 0.604004 0.790312 0.455556 0.025625 0.055 2 0.59082 0.979062 0.726389 0.041875 0.087222 2 0.584961 0.021787 0.945 0.04252 0.09 1 0.464844 0.383594 0.516111 0.019062 0.038889 0 0.413086 0.764063 0.442639 0.021875 0.055833 1 0.38501 0.417344 0.452778 0.023438 0.042222 0 0.366699 0.258359 0.521389 0.025156 0.057222 10 0.314941 0.027676 0.680278 0.055352 0.315 10 0.287842 0.206953 0.429306 0.102969 0.138611 0 0.248047 0.629844 0.566944 0.022812 0.052778 3 0.246582 0.440938 0.387639 0.049375 0.044167 10 0.2323 0.207227 0.431944 0.104609 0.140556 0 0.204346 0.629531 0.567778 0.023438 0.055556 1 0.182373 0.68875 0.398889 0.01875 0.057222 1 0.085083 0.995625 0.791945 0.00875 0.078333 1 0.063477 0.77 0.471389 0.0175 0.05 10 0.05603 0.023164 0.846944 0.046328 0.303889 0 0.037476 0.4225 0.41875 0.02125 0.046944 4 0.036774 0.509688 0.395417 0.034375 0.059722 1 0.036072 0.770625 0.472778 0.015 0.043333 0 0.031982 0.435937 0.4175 0.019375 0.041667 1 0.031494 0.706563 0.415694 0.018125 0.048056 0 0.029083 0.277109 0.494444 0.026406 0.051111 0 0.02272 0.94875 0.605833 0.04 0.085 1 0.022202 0.990938 0.792222 0.018125 0.083333 2 0.019562 0.435937 0.4175 0.019375 0.041667 1 0.017578 0.9975 0.763889 0.005 0.112222 9 0.016785 0.509688 0.395417 0.034375 0.059722 1 0.014954 0.994687 0.803056 0.010625 0.070556 7 0.012924 0.509688 0.395417 0.034375 0.059722 1 0.011917 0.602031 0.412083 0.013438 0.0425 9 0.011826 0.230547 0.754167 0.057031 0.150556 2 0.011375 0.892813 0.584444 0.036875 0.08 11 0.010612 0.63125 0.418056 0.0375 0.105 1 0.009895 0.705625 0.411528 0.0175 0.051389 10 0.008743 0.019434 0.84 0.038867 0.28 1 0.007122 0.021787 0.945 0.04252 0.09 2 0.006439 0.440938 0.387639 0.049375 0.044167 6 0.006439 0.023164 0.846944 0.046328 0.303889 1 0.00634 0.435937 0.4175 0.019375 0.041667 0 0.005619 0.790312 0.455556 0.025625 0.055 10 0.00547 0.207656 0.433194 0.104062 0.138056 0 0.005386 0.417344 0.452778 0.023438 0.042222 4 0.00526 0.230547 0.754167 0.057031 0.150556 1 0.005039 0.418906 0.448889 0.027812 0.051111 2 0.004848 0.387813 0.56375 0.051875 0.080278 1 0.004574 0.990313 0.760556 0.018125 0.106667 10 0.004101 0.023398 0.848333 0.046797 0.303333 10 0.003885 0.020449 0.734722 0.040898 0.461667 1 0.003855 0.383281 0.52 0.024062 0.042222 8 0.003824 0.230547 0.754167 0.057031 0.150556 1 0.003765 0.599844 0.414167 0.014687 0.042778 6 0.003679 0.863125 0.539722 0.09875 0.186111 1 0.003651 0.679375 0.380694 0.02125 0.051389 0 0.003416 0.423125 0.446111 0.03 0.057222 0 0.003351 0.9975 0.763889 0.005 0.112222 1 0.003325 0.411563 0.443056 0.02375 0.043889 3 0.003311 0.509688 0.395417 0.034375 0.059722 9 0.003052 0.023164 0.846944 0.046328 0.303889 0 0.003027 0.62375 0.576389 0.035 0.065 2 0.002846 0.9975 0.763889 0.005 0.112222 0 0.002632 0.420312 0.427361 0.02875 0.060278 10 0.00255 0.018135 0.848611 0.03627 0.302778 11 0.002472 0.818125 0.647222 0.16125 0.292222 2 0.002342 0.417344 0.452778 0.023438 0.042222 2 0.00209 0.423125 0.446111 0.03 0.057222 9 0.002083 0.019941 0.801389 0.039453 0.185 1 0.002083 0.551094 0.981111 0.016563 0.037778 10 0.002083 0.026816 0.753333 0.053555 0.493333 2 0.00201 0.421875 0.409444 0.018125 0.033889 6 0.001957 0.019434 0.84 0.038867 0.28 3 0.001861 0.230547 0.754167 0.057031 0.150556 0 0.001839 0.421875 0.409444 0.018125 0.033889 0 0.001761 0.626875 0.568611 0.04 0.063889 8 0.001734 0.63125 0.418056 0.0375 0.105 0 0.001694 0.418906 0.448889 0.027812 0.051111 0 0.001592 0.347031 0.499444 0.048438 0.082222 0 0.001567 0.895938 0.861111 0.030625 0.093333 4 0.001507 0.766563 0.349167 0.035625 0.062222 1 0.00149 0.996563 0.818056 0.006875 0.133889 2 0.001399 0.995625 0.791945 0.00875 0.078333 0 0.001378 0.023252 0.690833 0.029902 0.071667 3 0.001356 0.019941 0.801389 0.039453 0.185 1 0.0013 0.31375 0.949444 0.0625 0.074444 1 0.001225 0.771875 0.479861 0.01875 0.0475 2 0.001179 0.764063 0.442639 0.021875 0.055833 0 0.001156 0.998125 0.671667 0.00375 0.112222 1 0.001151 0.380938 0.520139 0.02625 0.054167 10 0.001121 0.019277 0.766111 0.038555 0.411111 4 0.001112 0.423125 0.446111 0.03 0.057222 10 0.001107 0.024023 0.621667 0.048047 0.178889 10 0.001073 0.025469 0.776111 0.050391 0.414444 12 0.001065 0.230547 0.754167 0.057031 0.150556 9 0.00102 0.818125 0.647222 0.16125 0.292222 7 0.001017 0.019941 0.801389 0.039453 0.185 1 0.001008 0.996563 0.889444 0.006875 0.145556
CCTV01^20260318-110000-20260318-120000_000275,10 0.937012 0.251094 0.803889 0.139062 0.388889 6 0.931152 0.909688 0.6325 0.123125 0.239444 10 0.922852 0.229687 0.564167 0.185625 0.220556 6 0.913086 0.800313 0.716667 0.081875 0.22 3 0.911133 0.524531 0.879722 0.066563 0.196111 2 0.898926 0.862188 0.883611 0.050625 0.127222 10 0.888184 0.103828 0.521667 0.161719 0.186667 3 0.88623 0.667813 0.581111 0.041875 0.082222 3 0.884277 0.65875 0.519306 0.04875 0.069167 10 0.882324 0.207109 0.431528 0.104531 0.134722 10 0.878906 0.410938 0.395833 0.125625 0.132778 3 0.865234 0.49 0.431111 0.0375 0.052222 2 0.858887 0.359531 0.468472 0.034687 0.0725 2 0.85791 0.856875 0.509444 0.04375 0.083333 2 0.84375 0.920938 0.827778 0.049375 0.117778 9 0.771973 0.724063 0.6225 0.080625 0.179444 1 0.760742 0.753125 0.523472 0.0225 0.061944 0 0.759277 0.88875 0.710833 0.0475 0.089444 3 0.754883 0.430469 0.473056 0.051562 0.067778 0 0.732422 0.882812 0.817222 0.039375 0.102222 3 0.728027 0.816562 0.596389 0.041875 0.076111 0 0.72168 0.337266 0.836389 0.036719 0.112778 0 0.716797 0.34 0.612778 0.026875 0.071111 1 0.677246 0.326484 0.676389 0.020781 0.067222 0 0.666992 0.322891 0.488889 0.022344 0.050556 1 0.666992 0.690938 0.736111 0.024375 0.073333 10 0.59082 0.104375 0.840556 0.200625 0.318889 1 0.548828 0.316172 0.960833 0.033281 0.065 1 0.533203 0.395 0.548611 0.02375 0.059444 1 0.449463 0.78 0.587778 0.0225 0.062222 2 0.281494 0.83125 0.447083 0.02875 0.058056 2 0.141724 0.980938 0.801667 0.038125 0.092222 1 0.126831 0.308594 0.900556 0.025938 0.081111 0 0.125122 0.328047 0.439722 0.018906 0.050556 10 0.108948 0.20668 0.428611 0.102266 0.134444 1 0.06488 0.309297 0.898889 0.026406 0.076667 1 0.051666 0.830938 0.650556 0.019375 0.066667 10 0.049591 0.030898 0.705833 0.061328 0.317222 3 0.042236 0.631719 0.314167 0.024062 0.057778 0 0.041138 0.395 0.548611 0.02375 0.059444 0 0.028442 0.874375 0.781944 0.035 0.080556 5 0.021454 0.430469 0.473056 0.051562 0.067778 11 0.017441 0.724063 0.6225 0.080625 0.179444 1 0.01133 0.309375 0.910556 0.023125 0.066667 3 0.01017 0.514531 0.376667 0.030312 0.047778 1 0.00927 0.69125 0.747222 0.02 0.052222 10 0.008812 0.980938 0.895 0.038125 0.21 6 0.008377 0.980938 0.895 0.038125 0.21 6 0.007725 0.061426 0.777778 0.122305 0.322222 1 0.006565 0.307813 0.907222 0.023438 0.073333 1 0.006073 0.31375 0.9375 0.028125 0.060556 10 0.003538 0.061426 0.777778 0.122305 0.322222 1 0.003538 0.308828 0.925833 0.024844 0.066111 0 0.003185 0.359531 0.468472 0.034687 0.0725 10 0.003185 0.058086 0.787222 0.116172 0.341111 3 0.002878 0.9825 0.9025 0.03375 0.175 0 0.002684 0.874063 0.759722 0.031875 0.071667 0 0.002243 0.856875 0.509444 0.04375 0.083333 0 0.00215 0.993438 0.735278 0.013125 0.069444 10 0.001942 0.800313 0.716667 0.081875 0.22 3 0.001942 0.514375 0.3775 0.030625 0.047778 0 0.001867 0.78 0.587778 0.0225 0.062222 1 0.001824 0.692813 0.725556 0.064375 0.082222 9 0.0017 0.104375 0.840556 0.200625 0.318889 2 0.001513 0.995 0.762222 0.01 0.093333 1 0.001389 0.203828 0.735556 0.024219 0.07 3 0.001285 0.6475 0.256042 0.02125 0.047361 6 0.001197 0.104375 0.840556 0.200625 0.318889 0 0.001073 0.872813 0.796389 0.040625 0.108333 0 0.00106 0.870938 0.7625 0.035625 0.098333 10 0.001037 0.982813 0.871111 0.034375 0.257778
CCTV01^20260318-110000-20260318-120000_000279,10 0.937012 0.300469 0.640556 0.126563 0.267778 10 0.930664 0.174766 0.61625 0.204219 0.264167 10 0.92627 0.162188 0.777222 0.177187 0.373333 3 0.912598 0.769687 0.840833 0.063125 0.156111 3 0.90918 0.524531 0.879167 0.065938 0.196111 10 0.90918 0.10543 0.525 0.166016 0.192222 10 0.904785 0.363281 0.461389 0.129688 0.169444 3 0.895508 0.7325 0.705556 0.05625 0.12 11 0.893066 0.74625 0.531528 0.1 0.183611 3 0.859863 0.23875 0.9175 0.08 0.146111 10 0.856934 0.208438 0.430972 0.10625 0.134167 0 0.836426 0.060195 0.747222 0.043047 0.098889 0 0.831055 0.333047 0.869444 0.039531 0.086667 3 0.792969 0.74875 0.944167 0.0675 0.107222 0 0.769043 0.33 0.770556 0.034375 0.096667 2 0.766113 0.810313 0.457778 0.028125 0.062222 1 0.726562 0.306172 0.827778 0.029531 0.082222 3 0.72168 0.929375 0.877778 0.09375 0.171111 0 0.6875 0.904062 0.629167 0.038125 0.086111 1 0.654785 0.251875 0.805278 0.034375 0.081667 10 0.403564 0.4875 0.346389 0.083125 0.111667 1 0.359375 0.634062 0.415417 0.016875 0.049167 2 0.27832 0.013701 0.809445 0.027402 0.113333 3 0.223999 0.379219 0.942222 0.105312 0.112222 9 0.213379 0.8375 0.898333 0.10375 0.203333 10 0.09668 0.207813 0.429028 0.105625 0.134167 10 0.093018 0.953125 0.783889 0.09375 0.35 10 0.067078 0.679688 0.38125 0.055625 0.1325 1 0.041473 0.223438 0.814444 0.031562 0.073333 0 0.021942 0.881563 0.533056 0.019375 0.053889 7 0.02153 0.8375 0.898333 0.10375 0.203333 6 0.014282 0.953125 0.783889 0.09375 0.35 9 0.011826 0.74625 0.531528 0.1 0.183611 1 0.008675 0.225156 0.802222 0.037188 0.1 10 0.007965 0.952813 0.788889 0.094375 0.366667 10 0.007149 0.74625 0.531528 0.1 0.183611 3 0.00634 0.951875 0.7975 0.095 0.375 2 0.006168 0.904062 0.629167 0.038125 0.086111 0 0.00526 0.016992 0.7425 0.031172 0.077222 0 0.003809 0.306172 0.827778 0.029531 0.082222 1 0.002913 0.224844 0.803333 0.045313 0.112222 1 0.002823 0.43375 0.419306 0.018125 0.0425 1 0.002823 0.248906 0.792222 0.030937 0.08 4 0.002672 0.8375 0.898333 0.10375 0.203333 0 0.00259 0.294141 0.958611 0.060469 0.076111 5 0.002369 0.810313 0.457778 0.028125 0.062222 0 0.002359 0.225156 0.802222 0.037188 0.1 1 0.00227 0.250547 0.782778 0.027031 0.055556 5 0.00214 0.953125 0.783889 0.09375 0.35 0 0.002132 0.251875 0.805278 0.034375 0.081667 9 0.00205 0.162188 0.777222 0.177187 0.373333 4 0.001897 0.936875 0.512361 0.05625 0.095278 0 0.001889 0.225938 0.794722 0.039062 0.109445 3 0.001883 0.931875 0.876667 0.10125 0.171111 1 0.00181 0.305625 0.848889 0.020625 0.056667 1 0.001741 0.881563 0.533056 0.019375 0.053889 6 0.001335 0.952813 0.788889 0.094375 0.366667 11 0.00132 0.363281 0.461389 0.129688 0.169444 2 0.001197 0.74875 0.944167 0.0675 0.107222 0 0.001165 0.235234 0.800556 0.060469 0.112222 0 0.001156 0.248906 0.792222 0.030937 0.08 9 0.001151 0.953125 0.783889 0.09375 0.35 6 0.001124 0.015449 0.87 0.030898 0.256667
CCTV01^20260318-110000-20260318-120000_000283,10 0.928223 0.264766 0.602778 0.150469 0.256667 10 0.927734 0.816875 0.692083 0.15375 0.320278 3 0.913086 0.524531 0.879167 0.067188 0.197222 3 0.900391 0.270469 0.766944 0.077813 0.115 3 0.898926 0.326797 0.844722 0.075781 0.138333 10 0.892578 0.362188 0.457222 0.12625 0.165556 10 0.881836 0.104492 0.522778 0.162578 0.188889 10 0.861328 0.486719 0.402778 0.082813 0.133889 3 0.86084 0.36625 0.5925 0.066875 0.075 2 0.837402 0.949688 0.848889 0.054375 0.134445 0 0.831055 0.253984 0.890833 0.043281 0.115 2 0.804199 0.951875 0.663056 0.05 0.088333 3 0.78418 0.802188 0.504444 0.041875 0.081111 0 0.763672 0.309141 0.685556 0.031719 0.074444 2 0.743164 0.703438 0.471111 0.025625 0.062778 0 0.737305 0.984063 0.883333 0.031875 0.125556 10 0.694336 0.207422 0.4325 0.105156 0.133889 1 0.645996 0.392031 0.8475 0.030313 0.076111 2 0.575684 0.229063 0.953889 0.05125 0.085556 5 0.460938 0.375 0.927222 0.12625 0.141111 10 0.37207 0.093125 0.774722 0.18625 0.375 11 0.366699 0.670313 0.468472 0.056875 0.125278 3 0.361084 0.836563 0.926944 0.064375 0.129444 2 0.357666 0.903125 0.592778 0.0425 0.073333 0 0.339844 0.218672 0.838333 0.029844 0.081111 0 0.332764 0.354375 0.536806 0.025 0.056389 9 0.327637 0.670313 0.468472 0.056875 0.125278 1 0.262939 0.432031 0.471528 0.020937 0.056944 1 0.194336 0.218672 0.838333 0.029844 0.081111 10 0.093323 0.206641 0.42875 0.104219 0.134167 3 0.089111 0.903125 0.592778 0.0425 0.073333 0 0.083862 0.719063 0.426944 0.021875 0.047222 10 0.081238 0.094062 0.846667 0.188125 0.306667 0 0.061646 0.990625 0.734167 0.01875 0.087222 3 0.059875 0.16375 0.937222 0.084688 0.124444 3 0.044342 0.760625 0.965833 0.05875 0.060556 1 0.03186 0.98875 0.7375 0.0225 0.088333 1 0.03125 0.658437 0.390833 0.015625 0.041667 0 0.029312 0.338906 0.516944 0.025937 0.052778 10 0.027802 0.207383 0.431389 0.105859 0.135 0 0.022369 0.98875 0.7375 0.0225 0.088333 2 0.02034 0.949688 0.848611 0.054375 0.133889 1 0.018982 0.393906 0.865833 0.027188 0.050556 1 0.018188 0.208672 0.903889 0.035156 0.085556 1 0.01519 0.991875 0.746945 0.01625 0.079444 0 0.014503 0.989375 0.734722 0.02125 0.089444 0 0.01297 0.803438 0.428472 0.023125 0.058611 0 0.011917 0.989375 0.868889 0.02125 0.135556 1 0.009819 0.989375 0.734722 0.02125 0.089444 0 0.0093 0.703438 0.471111 0.025625 0.062778 4 0.008186 0.938125 0.516389 0.05625 0.092778 0 0.006824 0.352187 0.518333 0.0275 0.052222 1 0.006668 0.572656 0.43875 0.014687 0.044167 1 0.006363 0.212578 0.8975 0.027656 0.071667 1 0.005363 0.719063 0.426944 0.021875 0.047222 0 0.004829 0.991875 0.746945 0.01625 0.079444 1 0.004433 0.995625 0.758611 0.00875 0.079444 0 0.004364 0.718125 0.430972 0.02125 0.045833 0 0.004299 0.340625 0.515278 0.026875 0.051667 1 0.004116 0.207578 0.9125 0.034531 0.090556 0 0.004101 0.992813 0.847778 0.014375 0.114444 1 0.00387 0.337344 0.652222 0.019062 0.058889 4 0.003809 0.375 0.927222 0.12625 0.141111 0 0.003525 0.392031 0.8475 0.030313 0.076111 1 0.003389 0.219453 0.824722 0.067969 0.087222 1 0.003273 0.429688 0.468611 0.021875 0.053889 0 0.003273 0.990313 0.737222 0.019375 0.088889 1 0.002621 0.990625 0.734167 0.01875 0.087222 2 0.002378 0.375 0.927222 0.12625 0.141111 1 0.002378 0.334375 0.588056 0.015 0.040556 11 0.00227 0.264766 0.602778 0.150469 0.256667 1 0.002199 0.20625 0.923611 0.03 0.089444 1 0.002003 0.718125 0.430972 0.02125 0.045833 1 0.001972 0.338281 0.641667 0.021563 0.066667 1 0.001675 0.661875 0.398889 0.0175 0.035556 0 0.001668 0.006313 0.658611 0.012568 0.072778 1 0.001649 0.98875 0.745 0.0225 0.08 8 0.001616 0.670313 0.468472 0.056875 0.125278 1 0.001611 0.218906 0.894444 0.02 0.074444 1 0.001561 0.214609 0.879722 0.024844 0.063889 1 0.001543 0.703438 0.471111 0.025625 0.062778 2 0.001507 0.991562 0.958611 0.016875 0.082778 0 0.001467 0.949688 0.848889 0.054375 0.134445 0 0.001427 0.997188 0.811111 0.005625 0.13 1 0.001378 0.989375 0.718056 0.02125 0.116111 4 0.001346 0.903125 0.592778 0.0425 0.073333 0 0.001346 0.993125 0.716111 0.01375 0.107778 3 0.001305 0.949688 0.848889 0.054375 0.134445 7 0.001245 0.670313 0.468472 0.056875 0.125278 9 0.001235 0.816875 0.692083 0.15375 0.320278 1 0.001188 0.998125 0.780556 0.00375 0.146667 1 0.001134 0.34125 0.636667 0.02125 0.062222 9 0.001024 0.375 0.927222 0.12625 0.141111
CCTV01^20260318-110000-20260318-120000_000287,10 0.933594 0.171602 0.726389 0.197422 0.338333 10 0.927246 0.305 0.530139 0.175625 0.183056 2 0.91748 0.230312 0.868889 0.043438 0.127778 10 0.915039 0.462031 0.418472 0.105312 0.146389 3 0.903809 0.524375 0.879444 0.066875 0.196667 11 0.900391 0.740313 0.866111 0.121875 0.262222 3 0.898926 0.760625 0.680278 0.05375 0.123889 3 0.891113 0.315 0.678056 0.0525 0.093889 3 0.884766 0.250234 0.78 0.076094 0.123333 10 0.868652 0.103789 0.519167 0.160547 0.179444 3 0.856934 0.69375 0.470278 0.0425 0.066111 2 0.841797 0.900313 0.7125 0.063125 0.139444 0 0.811523 0.42625 0.893611 0.05875 0.113889 0 0.741699 0.373281 0.844722 0.042188 0.085 0 0.720215 0.795625 0.468194 0.025 0.0625 1 0.713867 0.199219 0.863611 0.030938 0.095 0 0.710449 0.95625 0.795833 0.04125 0.108333 1 0.654785 0.634375 0.424167 0.01625 0.049444 10 0.654785 0.208008 0.432222 0.105234 0.136667 5 0.638672 0.312344 0.824167 0.072812 0.160556 10 0.581543 0.20707 0.429306 0.103984 0.134722 0 0.529297 0.272734 0.6325 0.027031 0.066111 1 0.40918 0.786563 0.841111 0.035625 0.094444 2 0.329346 0.989375 0.735 0.02125 0.094444 1 0.291016 0.616563 0.424306 0.015625 0.045833 1 0.125977 0.207578 0.815556 0.033906 0.095556 10 0.119995 0.41875 0.419167 0.129375 0.146111 0 0.093323 0.786563 0.841111 0.035625 0.094444 2 0.091736 0.925625 0.607778 0.05125 0.075556 0 0.079773 0.616563 0.424306 0.015625 0.045833 0 0.068787 0.305781 0.425278 0.025312 0.056111 10 0.042389 0.070469 0.69 0.140938 0.293333 5 0.037201 0.093242 0.940278 0.117734 0.119444 1 0.03595 0.605 0.441389 0.011875 0.039444 10 0.03476 0.925625 0.885 0.1475 0.23 6 0.028549 0.31625 0.933889 0.14375 0.132222 3 0.023422 0.407969 0.540139 0.029687 0.0675 0 0.021622 0.872812 0.481111 0.023125 0.052222 3 0.019196 0.164297 0.958056 0.080156 0.080556 10 0.016663 0.015361 0.663333 0.030723 0.272222 2 0.016342 0.340937 0.4 0.021875 0.045 0 0.014839 0.845625 0.471667 0.02 0.049444 1 0.014229 0.605 0.444306 0.013125 0.041944 3 0.01178 0.047578 0.882222 0.087344 0.151111 3 0.010612 0.392812 0.940278 0.08125 0.099444 1 0.009674 0.196719 0.887222 0.023125 0.055556 10 0.008255 0.740313 0.866111 0.121875 0.262222 5 0.005821 0.312031 0.824445 0.072812 0.161111 9 0.005688 0.740313 0.866111 0.121875 0.262222 2 0.005447 0.987813 0.736389 0.024375 0.098333 1 0.004467 0.899063 0.540694 0.015625 0.0575 4 0.004383 0.900313 0.7125 0.063125 0.139444 0 0.00404 0.376094 0.862778 0.035312 0.067778 0 0.004005 0.365 0.823333 0.025625 0.064444 1 0.003607 0.407344 0.496111 0.019063 0.039444 0 0.003538 0.900313 0.7125 0.063125 0.139444 0 0.003052 0.024141 0.798611 0.046719 0.125 1 0.0028 0.204219 0.840556 0.032187 0.103333 1 0.002768 0.406563 0.504167 0.020625 0.048333 0 0.002747 0.634375 0.424167 0.01625 0.049444 1 0.002602 0.608281 0.427917 0.017188 0.050833 0 0.002562 0.616563 0.41875 0.01375 0.045833 1 0.002562 0.210234 0.804444 0.024219 0.072222 11 0.002531 0.462031 0.418472 0.105312 0.146389 1 0.002522 0.203203 0.806667 0.038281 0.093333 5 0.002472 0.014346 0.380139 0.027246 0.086389 6 0.002028 0.312344 0.824167 0.072812 0.160556 0 0.00201 0.99375 0.650556 0.0125 0.097778 3 0.002003 0.624219 0.245764 0.020313 0.054583 1 0.001904 0.203828 0.823333 0.047969 0.126667 0 0.001861 0.01137 0.845 0.022729 0.125556 0 0.001831 0.014922 0.837778 0.029844 0.093333 11 0.001687 0.900313 0.7125 0.063125 0.139444 5 0.001636 0.047578 0.882222 0.087344 0.151111 4 0.001597 0.093242 0.940278 0.117734 0.119444 0 0.001567 0.199219 0.863611 0.030938 0.095 0 0.001325 0.259453 0.898889 0.027656 0.077778 1 0.001206 0.900313 0.7125 0.063125 0.139444 1 0.001151 0.209297 0.811389 0.029531 0.086111 1 0.001151 0.200625 0.846945 0.034375 0.112778 2 0.001134 0.407969 0.540139 0.029687 0.0675 4 0.001065 0.312344 0.824167 0.072812 0.160556 12 0.001053 0.900313 0.7125 0.063125 0.139444 0 0.001044 0.021914 0.814167 0.042188 0.105
CCTV01^20260318-110000-20260318-120000_000291,10 0.922852 0.304063 0.568611 0.160625 0.225 10 0.915527 0.108203 0.621111 0.216406 0.258889 10 0.913574 0.10332 0.525694 0.165859 0.193056 3 0.906738 0.524219 0.879167 0.067188 0.195 10 0.905762 0.428281 0.443611 0.120313 0.150556 3 0.877441 0.844063 0.842222 0.093125 0.162222 3 0.875977 0.315859 0.835278 0.067656 0.126111 6 0.868164 0.28375 0.894444 0.12875 0.211111 5 0.848145 0.6775 0.445139 0.04125 0.081389 0 0.845703 0.96125 0.671667 0.03625 0.092222 0 0.84082 0.652188 0.8375 0.038125 0.129444 10 0.822266 0.207734 0.431667 0.104844 0.134444 3 0.819824 0.216094 0.85 0.07375 0.137778 3 0.816406 0.475781 0.4725 0.044063 0.057222 0 0.81543 0.312422 0.705556 0.034531 0.092222 2 0.785156 0.261094 0.705 0.042188 0.092222 0 0.782715 0.89375 0.658056 0.03625 0.089444 0 0.769043 0.794063 0.472778 0.020625 0.055 0 0.769043 0.345156 0.769722 0.037188 0.087222 0 0.750488 0.271953 0.749444 0.030469 0.074444 1 0.72168 0.841562 0.66 0.023125 0.084444 5 0.581543 0.219297 0.706111 0.068594 0.13 3 0.562012 0.144336 0.948333 0.076953 0.098889 1 0.550781 0.32625 0.621111 0.02875 0.065556 3 0.519531 0.497656 0.418889 0.030312 0.055556 3 0.40918 0.404687 0.942222 0.104375 0.113333 0 0.368408 0.814688 0.455 0.018125 0.051667 2 0.269043 0.259141 0.480278 0.023594 0.058889 5 0.191895 0.220234 0.706111 0.070469 0.131111 10 0.133911 0.20707 0.432083 0.105859 0.1375 0 0.126831 0.190703 0.638889 0.034219 0.072222 1 0.119995 0.659063 0.391944 0.015625 0.043889 10 0.09668 0.027725 0.639444 0.055176 0.24 10 0.091064 0.054375 0.871111 0.10875 0.257778 5 0.090088 0.376406 0.575833 0.065313 0.093889 12 0.054993 0.37625 0.574722 0.065 0.092778 10 0.032837 0.461094 0.365417 0.084688 0.104167 5 0.029755 0.37625 0.574722 0.065 0.092778 1 0.027908 0.814688 0.455 0.018125 0.051667 0 0.020172 0.187969 0.642222 0.034375 0.071111 10 0.019714 0.055 0.871667 0.11 0.256667 0 0.018265 0.261094 0.705 0.042188 0.092222 1 0.017914 0.239297 0.753889 0.019844 0.057778 0 0.015778 0.259141 0.480278 0.023594 0.058889 12 0.014229 0.376406 0.575833 0.065313 0.093889 1 0.006744 0.316406 0.649167 0.022187 0.055 2 0.004383 0.404687 0.942222 0.104375 0.113333 6 0.004364 0.055 0.871667 0.11 0.256667 9 0.004116 0.323438 0.476389 0.07375 0.090556 6 0.003901 0.054375 0.871111 0.10875 0.257778 2 0.003664 0.994063 0.948611 0.011875 0.086111 7 0.003565 0.37625 0.574722 0.065 0.092778 0 0.003525 0.784063 0.396528 0.020625 0.046944 2 0.003469 0.89375 0.658056 0.03625 0.089444 11 0.003376 0.207734 0.431667 0.104844 0.134444 11 0.003075 0.108203 0.621111 0.216406 0.258889 1 0.003004 0.338438 0.620833 0.0325 0.072778 1 0.00215 0.240703 0.7525 0.018906 0.052778 1 0.00205 0.842813 0.649444 0.059375 0.083333 4 0.001934 0.97625 0.578472 0.04375 0.120833 1 0.001926 0.329844 0.626111 0.027813 0.06 9 0.001919 0.37625 0.574722 0.065 0.092778 1 0.00149 0.746563 0.479861 0.021875 0.053056 0 0.001432 0.196797 0.639722 0.040781 0.076111 0 0.001405 0.746563 0.479861 0.021875 0.053056 0 0.001399 0.004756 0.728056 0.009512 0.132778 2 0.001285 0.6775 0.445139 0.04125 0.081389 1 0.001274 0.238984 0.759167 0.020156 0.053889 3 0.001225 0.05459 0.243472 0.022617 0.031389 10 0.001206 0.014668 0.811667 0.029336 0.298889 6 0.001147 0.376406 0.575833 0.065313 0.093889 9 0.001121 0.376406 0.575833 0.065313 0.093889 1 0.001116 0.654063 0.388889 0.025625 0.048333 1 0.001107 0.99 0.950556 0.02 0.087778 1 0.001024 0.340156 0.629722 0.021563 0.055 0 0.001017 0.841562 0.66 0.023125 0.084444 1 0.001017 0.994063 0.948611 0.011875 0.086111
CCTV01^20260318-110000-20260318-120000_000295,10 0.931641 0.140547 0.709167 0.187969 0.296111 6 0.922852 0.820312 0.64 0.076875 0.235556 10 0.91748 0.241016 0.518056 0.175469 0.188333 10 0.915527 0.34875 0.520278 0.13625 0.195 3 0.915039 0.524687 0.879167 0.066875 0.197222 2 0.908203 0.354531 0.943056 0.055313 0.105 10 0.90332 0.446719 0.43 0.108438 0.143333 2 0.901855 0.261797 0.6825 0.036094 0.091667 3 0.898438 0.302344 0.752778 0.053437 0.112222 3 0.897461 0.347891 0.858611 0.085469 0.129444 3 0.892578 0.154805 0.886389 0.071016 0.150556 10 0.888672 0.102461 0.521389 0.158516 0.186111 10 0.874023 0.207578 0.433194 0.105781 0.136944 6 0.864258 0.260469 0.863889 0.124688 0.265556 0 0.851074 0.653438 0.838611 0.038125 0.119444 3 0.834473 0.482344 0.464167 0.040938 0.058333 0 0.823242 0.756563 0.607222 0.026875 0.078889 5 0.820801 0.400156 0.541389 0.054688 0.087222 3 0.73877 0.051328 0.924444 0.102344 0.143333 0 0.726562 0.227969 0.688889 0.0275 0.077778 0 0.710449 0.815313 0.468056 0.025625 0.057778 5 0.704102 0.284141 0.620556 0.076719 0.1 0 0.662109 0.300625 0.661111 0.028437 0.074444 3 0.647949 0.05252 0.925556 0.103242 0.148889 0 0.515625 0.837188 0.500972 0.025625 0.055833 10 0.480469 0.206641 0.428056 0.104219 0.132778 0 0.439697 0.355 0.595833 0.030625 0.068333 10 0.216675 0.028516 0.695 0.057031 0.341111 0 0.122498 0.385938 0.575556 0.02625 0.056667 10 0.086304 0.037891 0.8375 0.075547 0.325 3 0.079773 0.984063 0.900278 0.031875 0.173889 3 0.077515 0.431875 0.473333 0.038125 0.053333 3 0.057068 0.428906 0.473611 0.039062 0.051111 2 0.054993 0.672813 0.388889 0.023125 0.053889 4 0.052612 0.984063 0.900278 0.031875 0.173889 0 0.051086 0.363438 0.560278 0.02125 0.043889 2 0.041626 0.284141 0.620556 0.076719 0.1 0 0.033081 0.386719 0.567222 0.025312 0.05 1 0.024521 0.345156 0.768611 0.021563 0.059444 3 0.014503 0.983438 0.896111 0.033125 0.207778 3 0.013794 0.118203 0.974444 0.066094 0.048889 2 0.01107 0.984063 0.900278 0.031875 0.173889 3 0.010735 0.054434 0.244792 0.023789 0.03375 3 0.010094 0.632344 0.327083 0.025313 0.054722 3 0.007347 0.450781 0.966944 0.071562 0.059445 3 0.006958 0.982813 0.8875 0.034375 0.223889 10 0.006824 0.495156 0.338472 0.070312 0.1025 3 0.005844 0.119062 0.973611 0.0575 0.042778 4 0.00573 0.982813 0.8875 0.034375 0.223889 0 0.005386 0.375 0.560556 0.025625 0.055556 4 0.004383 0.284141 0.620556 0.076719 0.1 3 0.003839 0.452031 0.4975 0.047187 0.048333 0 0.003679 0.384688 0.584167 0.02625 0.049444 3 0.002935 0.524687 0.376806 0.03 0.0525 0 0.002901 0.834375 0.520556 0.02625 0.051111 1 0.002758 0.685938 0.4425 0.019375 0.054444 4 0.002684 0.355 0.595833 0.030625 0.068333 10 0.002653 0.260469 0.863889 0.124688 0.265556 0 0.002581 0.358438 0.573889 0.02625 0.057778 1 0.002243 0.343125 0.782222 0.016875 0.041111 10 0.00215 0.031211 0.751111 0.062422 0.427778 0 0.002003 0.288828 0.650556 0.039219 0.066667 0 0.001919 0.794375 0.425556 0.0225 0.048889 1 0.001853 0.834375 0.520556 0.02625 0.051111 0 0.001748 0.357812 0.586389 0.023125 0.057222 6 0.001694 0.037891 0.8375 0.075547 0.325 0 0.001495 0.672813 0.388889 0.023125 0.053889 5 0.001421 0.983438 0.896111 0.033125 0.207778 3 0.001356 0.986563 0.908056 0.026875 0.183889 3 0.001325 0.985 0.895 0.03 0.21 1 0.001265 0.677188 0.614444 0.019375 0.064444 0 0.001197 0.392813 0.560278 0.03375 0.066111 1 0.001124 0.399062 0.385139 0.015625 0.034722 10 0.001103 0.820312 0.64 0.076875 0.235556 0 0.00109 0.345156 0.768611 0.021563 0.059444 5 0.00102 0.354531 0.943056 0.055313 0.105
CCTV01^20260318-110000-20260318-120000_000299,3 0.924805 0.327813 0.813611 0.075625 0.116111 10 0.922363 0.235742 0.58 0.152266 0.224444 5 0.916504 0.369063 0.519861 0.055 0.081389 3 0.90918 0.524531 0.88 0.067188 0.196667 5 0.904785 0.066777 0.853889 0.131133 0.196667 2 0.895508 0.259062 0.656944 0.034375 0.089444 10 0.89502 0.102715 0.521944 0.159883 0.189444 3 0.887207 0.158828 0.735833 0.081094 0.110556 3 0.885742 0.743437 0.81 0.061875 0.144444 3 0.885742 0.164687 0.841944 0.0675 0.136111 10 0.884766 0.207891 0.433333 0.107344 0.138889 3 0.881836 0.420156 0.928611 0.095938 0.133889 3 0.871582 0.479688 0.4675 0.043125 0.056111 2 0.871582 0.334844 0.883056 0.049687 0.093889 1 0.81543 0.690938 0.805556 0.025625 0.088889 6 0.813965 0.257188 0.856667 0.113438 0.266667 2 0.800781 0.357656 0.949445 0.054688 0.094444 0 0.799316 0.790938 0.565139 0.025625 0.075278 3 0.794434 0.95625 0.867222 0.0875 0.163333 0 0.791992 0.771875 0.687222 0.03125 0.091111 0 0.773438 0.869687 0.579167 0.026875 0.068333 3 0.757812 0.50375 0.429306 0.031875 0.050278 10 0.744629 0.354766 0.441944 0.127969 0.155 0 0.733887 0.650625 0.833056 0.03625 0.117222 0 0.726562 0.301016 0.636944 0.027656 0.077222 0 0.723145 0.228281 0.6775 0.029375 0.079444 0 0.695801 0.92875 0.916389 0.05625 0.127222 1 0.663574 0.89 0.638333 0.0225 0.072222 5 0.618652 0.42875 0.504167 0.0525 0.083889 0 0.565918 0.786563 0.443889 0.024375 0.057778 10 0.552734 0.425 0.431389 0.1025 0.133333 10 0.501953 0.079727 0.750278 0.159453 0.331667 0 0.432129 0.860313 0.539583 0.028125 0.060833 0 0.413086 0.857187 0.538472 0.024375 0.059722 0 0.377441 0.358281 0.593056 0.024687 0.059444 3 0.30249 0.300313 0.721389 0.049375 0.100556 0 0.269043 0.386406 0.541945 0.030938 0.063889 3 0.203125 0.116875 0.944444 0.068281 0.108889 0 0.185913 0.36 0.586389 0.02375 0.055 10 0.134277 0.425625 0.429444 0.10125 0.134444 0 0.129395 0.325938 0.617778 0.025 0.073333 10 0.107422 0.206953 0.430417 0.105469 0.134722 3 0.098083 0.300078 0.721389 0.049219 0.099444 1 0.055206 0.326797 0.624444 0.023281 0.062222 0 0.053802 0.323516 0.594444 0.025469 0.075556 1 0.052612 0.774687 0.623611 0.023125 0.062778 2 0.045685 0.92875 0.916389 0.05625 0.127222 0 0.033325 0.359375 0.590833 0.02375 0.057222 4 0.029984 0.770625 0.394167 0.03375 0.067222 0 0.024048 0.389688 0.536111 0.025625 0.056667 0 0.02002 0.984063 0.789445 0.031875 0.1 6 0.018616 0.848125 0.899722 0.0925 0.195 4 0.018188 0.066777 0.853889 0.131133 0.196667 0 0.012337 0.324609 0.606389 0.027031 0.087222 0 0.011467 0.385 0.5375 0.030625 0.061667 0 0.009193 0.774687 0.623611 0.023125 0.062778 10 0.008743 0.257188 0.856667 0.113438 0.266667 2 0.007607 0.786563 0.443889 0.024375 0.057778 1 0.007259 0.325938 0.617778 0.025 0.073333 3 0.006691 0.158555 0.735 0.081953 0.108889 1 0.006462 0.889375 0.638056 0.0225 0.073889 0 0.005959 0.363438 0.561111 0.024375 0.05 1 0.005577 0.991875 0.771667 0.01625 0.067778 0 0.005489 0.983125 0.826667 0.03375 0.148889 4 0.005428 0.9475 0.524028 0.0375 0.0775 0 0.004181 0.658906 0.833056 0.048438 0.106111 6 0.004101 0.066777 0.853889 0.131133 0.196667 0 0.004101 0.85 0.896667 0.09375 0.193333 9 0.00396 0.066777 0.853889 0.131133 0.196667 2 0.003483 0.987813 0.8225 0.024375 0.162778 2 0.003429 0.99125 0.839722 0.0175 0.159444 0 0.003027 0.326797 0.624444 0.023281 0.062222 0 0.002768 0.357188 0.562778 0.02 0.044444 3 0.002714 0.076016 0.779167 0.152031 0.355 0 0.002434 0.378906 0.552083 0.033437 0.066944 1 0.002323 0.325781 0.635833 0.019062 0.043889 10 0.002306 0.984375 0.581528 0.03125 0.205833 0 0.002243 0.991875 0.771667 0.01625 0.067778 0 0.002243 0.870938 0.553333 0.021875 0.062222 7 0.002192 0.770625 0.394167 0.03375 0.067222 4 0.002192 0.983125 0.826667 0.03375 0.148889 0 0.002182 0.89 0.638333 0.0225 0.072222 1 0.002132 0.685938 0.824444 0.021875 0.063333 10 0.00201 0.034258 0.802222 0.068516 0.393333 0 0.00198 0.354219 0.585833 0.034063 0.075 0 0.001897 0.772813 0.976945 0.040625 0.041667 0 0.00181 0.771875 0.977222 0.0425 0.044444 11 0.0017 0.207891 0.433333 0.107344 0.138889 0 0.0017 0.327734 0.604722 0.026406 0.081667 10 0.001681 0.013477 0.6825 0.026953 0.311667 1 0.001661 0.029688 0.930833 0.053828 0.101667 7 0.001623 0.257188 0.856667 0.113438 0.266667 0 0.001616 0.022295 0.924722 0.04416 0.105 2 0.001561 0.116875 0.944444 0.068281 0.108889 0 0.001519 0.327266 0.593889 0.023594 0.068889 1 0.001455 0.939375 0.742222 0.0325 0.091111 0 0.001432 0.656875 0.843333 0.0375 0.105556 0 0.001255 0.791563 0.550833 0.053125 0.065 0 0.00124 0.772188 0.669444 0.065625 0.096667 3 0.001235 0.066348 0.854167 0.128711 0.198333 0 0.001225 0.307656 0.612222 0.029062 0.068889 1 0.001169 0.94 0.741389 0.03 0.085 10 0.001151 0.012441 0.651389 0.024883 0.315 0 0.001134 0.378281 0.542917 0.036562 0.065278 0 0.001112 0.987813 0.8225 0.024375 0.162778 0 0.001107 0.384844 0.550556 0.027812 0.057778 1 0.001103 0.029053 0.924444 0.055723 0.11 1 0.00109 0.358281 0.593056 0.024687 0.059444 10 0.001086 0.424844 0.429722 0.100938 0.135 10 0.001044 0.9875 0.553889 0.025 0.218889
CCTV01^20260318-110000-20260318-120000_000303,6 0.9375 0.247031 0.771945 0.074062 0.216111 10 0.925781 0.152109 0.625278 0.202969 0.257222 10 0.922852 0.309453 0.499167 0.127344 0.182778 10 0.915527 0.105078 0.525833 0.162344 0.196111 3 0.911133 0.352109 0.823056 0.085156 0.126111 3 0.899902 0.208516 0.675278 0.082344 0.096111 3 0.897461 0.178164 0.788333 0.066172 0.123333 3 0.892578 0.525781 0.8775 0.065312 0.190556 3 0.880859 0.756875 0.929167 0.0625 0.136111 3 0.878906 0.123555 0.915833 0.070547 0.146111 2 0.868652 0.327969 0.622222 0.037812 0.086667 10 0.868164 0.208125 0.4325 0.106875 0.136667 3 0.865234 0.382188 0.513889 0.05125 0.064444 2 0.865234 0.310078 0.680556 0.039219 0.095556 3 0.856934 0.400469 0.543333 0.045313 0.074444 2 0.836426 0.268672 0.594444 0.035469 0.068889 0 0.824219 0.905 0.701111 0.04 0.097778 5 0.824219 0.128477 0.753056 0.096172 0.147222 0 0.790527 0.691875 0.856111 0.035 0.134444 0 0.770508 0.651406 0.839167 0.034687 0.132778 0 0.770508 0.306094 0.911667 0.037812 0.108889 1 0.749023 0.857187 0.793611 0.030625 0.093889 3 0.741699 0.269922 0.668611 0.061719 0.088333 0 0.73877 0.409063 0.887778 0.03875 0.106667 2 0.723145 0.97875 0.923333 0.0425 0.152222 5 0.680664 0.491563 0.428889 0.038125 0.066667 1 0.666992 0.127773 0.816111 0.034453 0.058889 0 0.640625 0.338438 0.876111 0.046875 0.104444 3 0.631836 0.227422 0.941667 0.070781 0.11 0 0.537109 0.302422 0.828333 0.031094 0.083333 0 0.496094 0.829688 0.488194 0.025625 0.058611 0 0.484375 0.846563 0.478889 0.024375 0.059444 10 0.478516 0.408594 0.397778 0.105313 0.128889 10 0.357666 0.024355 0.666111 0.048711 0.281111 0 0.332764 0.237656 0.606111 0.03125 0.051111 10 0.240723 0.025781 0.870556 0.051406 0.258889 5 0.237915 0.481406 0.394306 0.037813 0.055833 1 0.235107 0.625156 0.420695 0.017188 0.044167 10 0.155029 0.208242 0.430417 0.106328 0.135278 10 0.143677 0.408594 0.397222 0.105313 0.129444 0 0.101562 0.889375 0.591667 0.03 0.073333 10 0.080933 0.407656 0.395833 0.106562 0.127222 0 0.062561 0.411719 0.911945 0.035313 0.091667 3 0.05542 0.514375 0.404306 0.026875 0.045278 3 0.048309 0.632969 0.379167 0.031563 0.066111 0 0.045013 0.409688 0.908611 0.035 0.093889 0 0.044006 0.393906 0.471528 0.024688 0.038056 3 0.038452 0.491563 0.428889 0.038125 0.066667 0 0.021866 0.412344 0.925278 0.032812 0.073889 5 0.014671 0.129609 0.754167 0.095781 0.149444 0 0.013023 0.378281 0.458611 0.020313 0.043333 0 0.011688 0.376406 0.469861 0.019687 0.034722 0 0.011246 0.302422 0.835833 0.031094 0.078333 0 0.009598 0.817813 0.9425 0.038125 0.079444 10 0.008987 0.02209 0.616944 0.04418 0.158333 1 0.008217 0.633906 0.553611 0.022188 0.066111 4 0.008095 0.939375 0.521528 0.055 0.096944 1 0.007317 0.707188 0.616944 0.020625 0.060556 6 0.007259 0.025781 0.870556 0.051406 0.258889 1 0.006771 0.064375 0.820833 0.029922 0.071667 0 0.005913 0.633906 0.553611 0.022188 0.066111 0 0.005302 0.97875 0.923333 0.0425 0.152222 1 0.005219 0.8525 0.781667 0.07 0.097778 1 0.004681 0.063691 0.832778 0.022695 0.052222 0 0.004627 0.302422 0.807222 0.024531 0.07 0 0.00452 0.406719 0.861667 0.035938 0.074444 10 0.004505 0.020313 0.658889 0.040625 0.265556 0 0.003975 0.127773 0.816111 0.034453 0.058889 0 0.003975 0.303594 0.856667 0.029687 0.076667 0 0.003622 0.890313 0.5925 0.030625 0.076111 0 0.00279 0.83125 0.485833 0.0225 0.051667 0 0.002562 0.8125 0.47875 0.0225 0.053056 1 0.002522 0.127969 0.815278 0.034687 0.059444 5 0.002481 0.632969 0.379167 0.031563 0.066111 0 0.002388 0.389219 0.475694 0.029062 0.0425 3 0.002323 0.97875 0.923333 0.0425 0.152222 5 0.001655 0.97875 0.923333 0.0425 0.152222 1 0.001604 0.472188 0.477917 0.01875 0.049722 0 0.001597 0.393906 0.466806 0.024063 0.040833 2 0.001561 0.78125 0.399306 0.02375 0.053611 1 0.001467 0.020664 0.689444 0.02707 0.057778 1 0.001389 0.808125 0.474861 0.01875 0.050278 1 0.001048 0.634375 0.568333 0.0175 0.048889 1 0.001048 0.271719 0.965 0.032813 0.058889 0 0.001017 0.888125 0.581389 0.0225 0.055
CCTV01^20260318-110000-20260318-120000_000307,3 0.933594 0.257422 0.684444 0.080781 0.097778 10 0.930176 0.823125 0.665556 0.15875 0.312222 9 0.928711 0.658594 0.44625 0.054063 0.109722 10 0.915039 0.207305 0.584306 0.195391 0.233611 3 0.908691 0.39 0.56625 0.0675 0.085278 3 0.908203 0.524687 0.879167 0.06625 0.195 10 0.907227 0.336875 0.476667 0.130625 0.174444 3 0.901855 0.255547 0.763056 0.061719 0.107222 3 0.897461 0.157383 0.801389 0.072422 0.118333 3 0.889648 0.332266 0.647222 0.056094 0.084444 10 0.888672 0.104063 0.5225 0.164375 0.190556 3 0.881836 0.216484 0.893611 0.071094 0.175 3 0.878906 0.414531 0.481944 0.047187 0.062778 3 0.876465 0.816562 0.846945 0.091875 0.168333 5 0.866211 0.241172 0.637778 0.092031 0.117778 3 0.864258 0.382031 0.867222 0.099063 0.153333 2 0.854004 0.097266 0.761111 0.048594 0.105556 3 0.852051 0.138633 0.926111 0.078984 0.141111 1 0.824219 0.194375 0.711111 0.030938 0.065556 0 0.785156 0.309375 0.836389 0.04125 0.095 0 0.78125 0.903438 0.638333 0.036875 0.078889 2 0.775879 0.886875 0.563333 0.035 0.064444 0 0.775879 0.272813 0.858333 0.035937 0.113333 1 0.774414 0.707812 0.556389 0.018125 0.057222 1 0.699219 0.706563 0.503195 0.018125 0.054167 0 0.668945 0.316875 0.580833 0.04 0.060556 0 0.660156 0.304141 0.707778 0.030156 0.072222 0 0.645996 0.334297 0.745556 0.038281 0.086667 2 0.62793 0.329141 0.540139 0.041719 0.059722 10 0.62793 0.047822 0.78 0.095293 0.342222 1 0.57959 0.776875 0.475556 0.01875 0.046667 0 0.509766 0.828125 0.461944 0.0225 0.058889 1 0.505859 0.157813 0.706667 0.044687 0.077778 0 0.503906 0.309219 0.926389 0.039062 0.088333 0 0.416748 0.385 0.507083 0.023125 0.053056 0 0.373779 0.286719 0.781944 0.026875 0.076111 10 0.348633 0.465313 0.355139 0.09375 0.105833 10 0.341553 0.206602 0.430694 0.103359 0.136944 2 0.204346 0.328359 0.542083 0.039531 0.061389 10 0.187744 0.207227 0.4325 0.103672 0.135 0 0.157104 0.369844 0.9475 0.048438 0.092778 3 0.139404 0.630938 0.375694 0.030625 0.058056 7 0.126831 0.454844 0.421667 0.037813 0.093333 10 0.123352 0.028047 0.683333 0.056094 0.313333 0 0.107422 0.369844 0.956111 0.045938 0.078889 0 0.106689 0.454219 0.893056 0.033437 0.063889 6 0.062805 0.454844 0.421667 0.037813 0.093333 0 0.048309 0.304688 0.733611 0.025625 0.061667 0 0.033722 0.332734 0.700556 0.029531 0.063333 0 0.032837 0.906563 0.537639 0.039375 0.071389 0 0.031143 0.309687 0.835556 0.040625 0.092222 1 0.028015 0.385 0.507083 0.023125 0.053056 9 0.026062 0.454844 0.421667 0.037813 0.093333 0 0.024521 0.735938 0.871945 0.079375 0.110556 0 0.021942 0.735313 0.870833 0.076875 0.106111 0 0.016342 0.347969 0.911667 0.037812 0.074444 2 0.012924 0.454844 0.421667 0.037813 0.093333 0 0.012672 0.332891 0.966389 0.037344 0.057222 10 0.010452 0.207227 0.43 0.106797 0.133889 0 0.010208 0.367812 0.936945 0.049375 0.091667 0 0.008949 0.337656 0.887222 0.029063 0.078889 0 0.008545 0.337031 0.761944 0.033438 0.067222 2 0.007607 0.330078 0.540556 0.039219 0.061111 10 0.007347 0.022305 0.695833 0.044609 0.300556 6 0.006565 0.047822 0.78 0.095293 0.342222 2 0.00639 0.748125 0.96 0.0625 0.075556 5 0.005798 0.630938 0.375694 0.030625 0.058056 2 0.005619 0.735313 0.870833 0.076875 0.106111 0 0.005554 0.425313 0.9575 0.043125 0.070556 0 0.004944 0.332266 0.69 0.027344 0.055556 1 0.004314 0.68125 0.37375 0.02 0.048611 0 0.00428 0.306172 0.750556 0.026406 0.063333 1 0.004215 0.779688 0.447639 0.016875 0.050833 1 0.00378 0.315547 0.770556 0.023281 0.06 1 0.003708 0.681563 0.371944 0.015625 0.042778 0 0.003525 0.454844 0.421667 0.037813 0.093333 4 0.003511 0.241172 0.637778 0.092031 0.117778 1 0.003456 0.779688 0.450833 0.019375 0.057778 10 0.002737 0.454844 0.421667 0.037813 0.093333 0 0.002737 0.360313 0.928889 0.055625 0.095556 10 0.002684 0.983125 0.593333 0.03375 0.185556 1 0.002663 0.778438 0.460278 0.044375 0.069444 1 0.002653 0.170898 0.703056 0.060078 0.076111 0 0.002611 0.465938 0.911111 0.05125 0.103333 0 0.002388 0.157813 0.706667 0.044687 0.077778 0 0.002369 0.284922 0.805 0.021094 0.072222 1 0.002333 0.169102 0.6925 0.045234 0.075 7 0.002314 0.658594 0.44625 0.054063 0.109722 10 0.00226 0.98375 0.575556 0.0325 0.175556 4 0.00209 0.944687 0.520417 0.036875 0.081389 0 0.001995 0.311563 0.913611 0.03 0.069444 0 0.001824 0.364688 0.921945 0.048125 0.079444 0 0.001755 0.304141 0.547083 0.018906 0.039167 1 0.001687 0.706875 0.547917 0.03125 0.066389 3 0.001642 0.043672 0.784444 0.086875 0.325556 0 0.001567 0.385938 0.486528 0.020625 0.055278 0 0.001432 0.346094 0.944444 0.050938 0.09 9 0.001405 0.047822 0.78 0.095293 0.342222 10 0.001399 0.019063 0.663194 0.038125 0.286944 11 0.001372 0.658594 0.44625 0.054063 0.109722 10 0.001335 0.658594 0.44625 0.054063 0.109722 3 0.001143 0.046855 0.778333 0.093477 0.341111 4 0.001107 0.97625 0.575972 0.04375 0.1225 0 0.001053 0.899688 0.635278 0.051875 0.076111
CCTV01^20260318-110000-20260318-120000_000311,10 0.932129 0.094844 0.660833 0.189688 0.268333 3 0.921387 0.524687 0.879444 0.066875 0.196667 3 0.917969 0.260391 0.661945 0.086406 0.108333 10 0.913086 0.310313 0.495139 0.144375 0.186389 3 0.909668 0.307188 0.589722 0.073125 0.076111 3 0.902832 0.760938 0.853056 0.076875 0.168333 3 0.901367 0.245234 0.766944 0.071406 0.145 10 0.898926 0.103477 0.527917 0.163047 0.198611 3 0.890137 0.171172 0.779167 0.072344 0.116111 11 0.881836 0.863125 0.6375 0.13375 0.212778 2 0.875 0.745625 0.604722 0.0375 0.078333 10 0.85791 0.40125 0.422778 0.1 0.156667 10 0.845703 0.207031 0.432778 0.103438 0.136667 0 0.818848 0.301563 0.800833 0.041875 0.090556 1 0.805664 0.837813 0.908889 0.035625 0.097778 0 0.804199 0.350781 0.907778 0.044688 0.104444 0 0.803223 0.305313 0.903333 0.04375 0.106667 0 0.79834 0.265938 0.827778 0.040625 0.113333 0 0.785156 0.324688 0.665 0.0325 0.076667 0 0.775879 0.7625 0.534306 0.025 0.069167 1 0.774414 0.833438 0.795556 0.030625 0.088889 0 0.749023 0.400938 0.929167 0.04125 0.091667 5 0.744629 0.466875 0.463194 0.041875 0.071389 0 0.71875 0.98 0.713333 0.04 0.09 0 0.682617 0.361719 0.535 0.029687 0.06 0 0.675781 0.876563 0.5475 0.033125 0.067222 3 0.656738 0.487656 0.430417 0.034688 0.050833 0 0.656738 0.36125 0.833333 0.043125 0.084444 0 0.644043 0.359844 0.54 0.031563 0.061111 0 0.642578 0.84875 0.524167 0.025 0.053889 1 0.615234 0.400156 0.529306 0.028438 0.055833 0 0.604004 0.775937 0.445694 0.023125 0.059722 0 0.602051 0.824375 0.467222 0.02625 0.059444 9 0.598145 0.935 0.932222 0.1275 0.131111 0 0.507812 0.361094 0.537778 0.030938 0.06 0 0.486328 0.416719 0.479583 0.025938 0.056944 3 0.418701 0.360781 0.607778 0.057813 0.08 0 0.370117 0.394219 0.474306 0.019688 0.0525 3 0.327637 0.322813 0.748611 0.069375 0.105 3 0.269043 0.423906 0.465972 0.036562 0.058056 0 0.187134 0.5125 0.442083 0.020625 0.054167 1 0.134766 0.249531 0.588611 0.028437 0.053889 2 0.090393 0.3625 0.498194 0.02875 0.053056 10 0.085388 0.025713 0.671389 0.050918 0.298333 0 0.060516 0.759063 0.407917 0.021875 0.053611 3 0.059418 0.466875 0.463194 0.041875 0.071389 7 0.044006 0.935 0.932222 0.1275 0.131111 1 0.041779 0.712187 0.775278 0.024375 0.081667 0 0.038177 0.390156 0.846111 0.034688 0.081111 10 0.034882 0.019355 0.669722 0.038711 0.288333 10 0.034363 0.206719 0.429444 0.103125 0.135 9 0.034088 0.863125 0.6375 0.13375 0.212778 0 0.029984 0.333203 0.851111 0.030469 0.07 2 0.029419 0.394219 0.474306 0.019688 0.0525 3 0.027588 0.98625 0.939167 0.02625 0.121667 4 0.026855 0.360781 0.607778 0.057813 0.08 0 0.017776 0.979688 0.710833 0.039375 0.089444 1 0.017303 0.375313 0.559722 0.021875 0.043889 0 0.017303 0.397188 0.822778 0.044375 0.073333 10 0.017303 0.039834 0.837222 0.079395 0.325556 0 0.015305 0.400156 0.529306 0.028438 0.055833 0 0.012627 0.3975 0.861389 0.04125 0.091667 2 0.010902 0.98625 0.939167 0.02625 0.121667 0 0.008575 0.392344 0.831944 0.045938 0.089444 10 0.008255 0.509688 0.333194 0.086875 0.104722 1 0.008217 0.835 0.784445 0.075 0.097778 0 0.007904 0.249531 0.588611 0.028437 0.053889 6 0.007519 0.036602 0.907222 0.073047 0.185556 0 0.007175 0.994687 0.698889 0.010625 0.096667 0 0.007095 0.326719 0.967222 0.047813 0.056667 0 0.006878 0.407188 0.4675 0.02125 0.052778 10 0.006489 0.027344 0.6825 0.054688 0.311667 0 0.006413 0.352187 0.530833 0.029375 0.057222 0 0.006264 0.394375 0.469306 0.019375 0.0475 2 0.005554 0.423906 0.465972 0.036562 0.058056 0 0.005554 0.394531 0.486944 0.019688 0.052222 1 0.005428 0.8325 0.778333 0.0725 0.095556 0 0.005081 0.327891 0.848889 0.028594 0.074444 0 0.004925 0.712187 0.775278 0.024375 0.081667 6 0.004719 0.039834 0.837222 0.079395 0.325556 0 0.004608 0.870938 0.56 0.034375 0.066667 1 0.004383 0.834063 0.815278 0.023125 0.050556 3 0.00433 0.989062 0.933889 0.021875 0.132222 10 0.003901 0.020273 0.627361 0.040547 0.185278 0 0.003708 0.362188 0.507222 0.02875 0.057778 1 0.003693 0.399844 0.529444 0.027813 0.057778 0 0.003389 0.99 0.709167 0.02 0.091667 1 0.003223 0.390469 0.510833 0.023437 0.072778 3 0.003088 0.3625 0.498194 0.02875 0.053056 1 0.003075 0.834063 0.779722 0.025625 0.069444 2 0.002434 0.322813 0.748611 0.069375 0.105 0 0.00226 0.3625 0.498194 0.02875 0.053056 11 0.002216 0.862813 0.6375 0.134375 0.211667 2 0.002115 0.989062 0.933889 0.021875 0.132222 0 0.00202 0.396563 0.846111 0.03875 0.081111 5 0.001897 0.98625 0.939167 0.02625 0.121667 1 0.001687 0.352187 0.530833 0.029375 0.057222 0 0.001661 0.336641 0.868611 0.036719 0.081667 0 0.001604 0.863125 0.6375 0.13375 0.212778 0 0.001604 0.389844 0.803333 0.043437 0.07 3 0.001513 0.99125 0.933889 0.0175 0.132222 0 0.001444 0.375625 0.790556 0.02625 0.051111 0 0.001367 0.413438 0.479306 0.031875 0.064722 10 0.001325 0.036602 0.907222 0.073047 0.185556 0 0.00126 0.349063 0.801389 0.028125 0.051667 1 0.001216 0.83375 0.783333 0.03375 0.081111 4 0.001202 0.466875 0.463194 0.041875 0.071389 3 0.001197 0.989375 0.9375 0.02125 0.125 0 0.001143 0.338594 0.830833 0.031562 0.073889 3 0.001124 0.008567 0.261944 0.016929 0.035 10 0.001112 0.206914 0.431667 0.103984 0.137222 0 0.001044 0.762813 0.526389 0.055625 0.063889 1 0.00104 0.3975 0.861389 0.04125 0.091667 10 0.001 0.863125 0.6375 0.13375 0.212778
CCTV01^20260318-110000-20260318-120000_000315,3 0.921875 0.524531 0.878889 0.067188 0.197778 10 0.921387 0.129453 0.598611 0.165469 0.228333 3 0.915527 0.305469 0.580833 0.070937 0.071667 3 0.913574 0.343516 0.605833 0.080469 0.092778 2 0.904785 0.810625 0.677778 0.0375 0.095556 10 0.899902 0.367188 0.439583 0.111875 0.158056 3 0.897461 0.307734 0.693889 0.049531 0.114444 3 0.896484 0.230859 0.801944 0.066094 0.119444 10 0.895508 0.122266 0.798889 0.241094 0.386667 3 0.892578 0.252656 0.915833 0.074063 0.147222 3 0.862305 0.448438 0.474722 0.0425 0.054444 0 0.831055 0.975 0.767778 0.04625 0.11 3 0.824219 0.656719 0.465833 0.035313 0.073889 3 0.818848 0.485 0.482639 0.0475 0.050278 3 0.81543 0.495 0.445 0.035 0.048333 0 0.809082 0.355781 0.947222 0.039688 0.087778 0 0.806641 0.878438 0.895556 0.043125 0.107778 0 0.79834 0.309766 0.933056 0.049844 0.108333 0 0.773438 0.280625 0.801944 0.034063 0.086111 1 0.756348 0.749687 0.489722 0.023125 0.059444 0 0.747559 0.86625 0.805 0.05125 0.115556 0 0.720215 0.254375 0.604445 0.02875 0.068889 0 0.699219 0.359688 0.534028 0.03 0.058611 0 0.644043 0.807187 0.475 0.026875 0.065556 0 0.629883 0.415625 0.47125 0.025 0.059167 0 0.618652 0.911563 0.602222 0.031875 0.085556 0 0.57373 0.351875 0.795556 0.05125 0.073333 10 0.563965 0.206836 0.429306 0.104766 0.135833 10 0.523438 0.443906 0.378194 0.086563 0.126389 3 0.519531 0.176875 0.943611 0.06 0.107222 0 0.488281 0.282188 0.532778 0.024062 0.061111 10 0.488281 0.103867 0.528472 0.164141 0.1975 0 0.37207 0.246328 0.562917 0.028594 0.056389 0 0.361084 0.985625 0.717222 0.02875 0.092222 5 0.346924 0.497031 0.404167 0.039688 0.055 10 0.336426 0.207109 0.431806 0.105156 0.136389 0 0.313965 0.394688 0.476111 0.02 0.05 3 0.309082 0.404375 0.541945 0.045625 0.083889 0 0.267334 0.254219 0.528611 0.02375 0.050556 10 0.24585 0.024102 0.697222 0.048203 0.344444 0 0.19812 0.237188 0.635 0.034062 0.08 2 0.112 0.855625 0.589444 0.035 0.083333 10 0.085693 0.206602 0.430972 0.105234 0.1375 1 0.065125 0.284141 0.739722 0.035156 0.081667 5 0.060516 0.404375 0.541945 0.045625 0.083889 3 0.044189 0.497031 0.404167 0.039688 0.055 3 0.042389 0.855625 0.589444 0.035 0.083333 1 0.040833 0.667188 0.402083 0.016875 0.045833 0 0.036499 0.250938 0.547917 0.02625 0.045278 1 0.032959 0.283828 0.729167 0.031094 0.075 3 0.032104 0.652188 0.380694 0.029375 0.051389 1 0.029984 0.749688 0.489722 0.021875 0.058889 0 0.020172 0.288047 0.458472 0.021094 0.050278 2 0.020172 0.362344 0.496667 0.024063 0.039444 2 0.016281 0.269141 0.491667 0.026406 0.055556 1 0.015778 0.337187 0.760278 0.02625 0.059444 0 0.013954 0.778125 0.416944 0.02375 0.056111 0 0.009712 0.2475 0.557083 0.029062 0.049167 0 0.00956 0.269141 0.491667 0.026406 0.055556 0 0.006771 0.249375 0.587778 0.03375 0.08 0 0.006489 0.855625 0.589444 0.035 0.083333 0 0.006313 0.355469 0.794167 0.045313 0.065 0 0.005447 0.991875 0.745556 0.01625 0.125556 4 0.00518 0.855625 0.589444 0.035 0.083333 1 0.005161 0.751563 0.476111 0.056875 0.060556 0 0.004398 0.395156 0.468333 0.022187 0.047778 3 0.004314 0.425469 0.451389 0.029063 0.047778 0 0.003496 0.255156 0.522639 0.020625 0.041389 2 0.003376 0.394688 0.476111 0.02 0.05 0 0.003298 0.243594 0.578611 0.030625 0.069444 10 0.003004 0.020293 0.685 0.040586 0.316667 1 0.002768 0.280547 0.718333 0.020156 0.055556 3 0.002621 0.522969 0.361944 0.030312 0.045 1 0.002571 0.394688 0.476111 0.02 0.05 10 0.002434 0.103008 0.530139 0.162109 0.196389 0 0.002279 0.419531 0.455139 0.028438 0.055833 2 0.002182 0.358281 0.499306 0.030937 0.046944 1 0.002165 0.351875 0.795556 0.05125 0.073333 3 0.002132 0.121406 0.795556 0.236563 0.394444 1 0.00202 0.529844 0.403333 0.026563 0.050556 10 0.001818 0.020488 0.629861 0.040977 0.190278 0 0.001768 0.284141 0.739722 0.035156 0.081667 2 0.001649 0.425469 0.451389 0.029063 0.047778 0 0.001604 0.223359 0.539583 0.021406 0.050833 0 0.001592 0.222969 0.534722 0.0225 0.055 0 0.001592 0.286719 0.965 0.03625 0.056667 3 0.001525 0.319219 0.577222 0.047188 0.062222 0 0.001315 0.362344 0.496667 0.024063 0.039444 2 0.001249 0.485 0.482639 0.0475 0.050278 1 0.001211 0.338438 0.770278 0.030625 0.066111 2 0.001206 0.995 0.803333 0.01 0.095556 3 0.001124 0.523438 0.361806 0.030625 0.043611 9 0.001081 0.122266 0.798889 0.241094 0.386667 0 0.001024 0.350156 0.776667 0.055938 0.087778
CCTV01^20260318-110000-20260318-120000_000319,10 0.941406 0.234805 0.640278 0.187891 0.277222 10 0.933594 0.795938 0.746389 0.143125 0.365 3 0.913574 0.524375 0.878333 0.066875 0.194444 3 0.911621 0.248906 0.808333 0.05625 0.121111 10 0.901367 0.100625 0.524028 0.155 0.189722 3 0.900391 0.697812 0.728333 0.060625 0.132222 10 0.884766 0.2075 0.430833 0.106563 0.130556 3 0.878906 0.18625 0.879722 0.063125 0.141667 3 0.871582 0.136836 0.838611 0.090703 0.137222 10 0.871582 0.156016 0.57 0.150781 0.22 3 0.868652 0.299062 0.682778 0.069375 0.103333 3 0.865234 0.412031 0.479028 0.045313 0.058056 3 0.859863 0.447344 0.478194 0.047187 0.064722 0 0.81543 0.932188 0.659167 0.034375 0.079444 1 0.808105 0.645 0.465278 0.02625 0.047778 0 0.808105 0.980938 0.800556 0.038125 0.104444 3 0.803223 0.483281 0.436944 0.038438 0.057778 3 0.790527 0.509375 0.399028 0.034375 0.048056 0 0.753418 0.868125 0.56625 0.02625 0.078611 3 0.750488 0.420625 0.434583 0.03375 0.049722 0 0.740234 0.228906 0.927778 0.045313 0.112222 2 0.725098 0.074258 0.858333 0.066484 0.123333 10 0.668945 0.22875 0.560417 0.164063 0.2125 0 0.651367 0.309766 0.715278 0.030469 0.069444 0 0.594727 0.2675 0.872222 0.02875 0.097778 1 0.53125 0.921875 0.759167 0.03 0.086111 0 0.498047 0.14168 0.738889 0.039766 0.081111 0 0.488281 0.378281 0.410833 0.022813 0.051667 10 0.478516 0.465938 0.363611 0.0925 0.118333 0 0.44165 0.482344 0.474306 0.024062 0.056389 0 0.430176 0.289141 0.820556 0.031406 0.08 1 0.366699 0.322578 0.437222 0.017969 0.041667 3 0.27832 0.420469 0.433889 0.031563 0.047222 0 0.275146 0.232813 0.889722 0.03375 0.085 0 0.195557 0.325391 0.679722 0.032344 0.072778 0 0.141235 0.312969 0.783611 0.044063 0.085 1 0.129395 0.365625 0.52125 0.023125 0.053056 2 0.101257 0.312969 0.783611 0.044063 0.085 2 0.101257 0.028174 0.859445 0.055215 0.141111 1 0.038605 0.364375 0.520833 0.02125 0.053889 10 0.03125 0.20625 0.428472 0.104375 0.134167 0 0.027176 0.355 0.597222 0.026875 0.053333 11 0.027069 0.028174 0.859445 0.055215 0.141111 0 0.025085 0.3475 0.410278 0.02125 0.038333 1 0.023956 0.355 0.597222 0.026875 0.053333 10 0.020798 0.025264 0.678194 0.050098 0.329167 0 0.017639 0.78 0.408472 0.0225 0.055833 3 0.014503 0.128828 0.956944 0.086406 0.081667 1 0.010612 0.3775 0.54 0.03 0.06 0 0.008987 0.38375 0.543889 0.030625 0.06 0 0.008476 0.091289 0.7775 0.049609 0.071667 10 0.007874 0.017959 0.661944 0.035918 0.290556 7 0.007725 0.030098 0.8475 0.059727 0.191667 0 0.006798 0.365 0.583333 0.02625 0.056667 0 0.006413 0.374375 0.565278 0.02625 0.052778 4 0.006241 0.030098 0.8475 0.059727 0.191667 0 0.006191 0.371406 0.576944 0.023438 0.050556 2 0.005753 0.301719 0.419167 0.024062 0.045556 11 0.005535 0.029687 0.848889 0.058203 0.127778 4 0.00518 0.028174 0.859445 0.055215 0.141111 0 0.004135 0.78 0.40875 0.02125 0.054167 0 0.00404 0.328594 0.680278 0.027187 0.066111 1 0.003622 0.374375 0.565278 0.02625 0.052778 0 0.003565 0.384063 0.558056 0.0325 0.063889 0 0.00316 0.292969 0.803333 0.026875 0.062222 3 0.003099 0.420938 0.433333 0.03125 0.046111 0 0.002846 0.921875 0.759167 0.03 0.086111 0 0.002758 0.645 0.465278 0.02625 0.047778 10 0.002705 0.055918 0.728889 0.111602 0.246667 3 0.002672 0.028174 0.859445 0.055215 0.141111 0 0.00255 0.356094 0.592222 0.025937 0.051111 1 0.002522 0.028174 0.859445 0.055215 0.141111 3 0.002493 0.530781 0.362361 0.026563 0.044167 2 0.002359 0.029687 0.848889 0.058203 0.127778 12 0.00235 0.028174 0.859445 0.055215 0.141111 0 0.002253 0.349375 0.415139 0.019375 0.0375 0 0.002226 0.932813 0.651389 0.063125 0.089444 1 0.002209 0.371406 0.576944 0.023438 0.050556 2 0.001875 0.017744 0.886667 0.033887 0.093333 0 0.001831 0.288672 0.810278 0.027656 0.066111 1 0.001824 0.359844 0.592778 0.027187 0.054444 10 0.00181 0.382188 0.904444 0.216875 0.191111 0 0.001796 0.3775 0.54 0.03 0.06 3 0.001782 0.017744 0.886667 0.033887 0.093333 1 0.001755 0.357656 0.44875 0.012812 0.036944 1 0.001741 0.369844 0.522917 0.021563 0.050833 1 0.001727 0.025913 0.942222 0.051455 0.106667 11 0.00172 0.024941 0.866111 0.049883 0.151111 3 0.001694 0.014526 0.886945 0.028799 0.113889 1 0.001675 0.356094 0.592222 0.025937 0.051111 1 0.001655 0.37 0.569722 0.02375 0.053889 0 0.001554 0.085703 0.816944 0.057656 0.103889 2 0.001421 0.011438 0.906111 0.022827 0.087778 1 0.001378 0.026641 0.938889 0.052969 0.105556 6 0.001279 0.028174 0.859445 0.055215 0.141111 0 0.001274 0.316328 0.692222 0.035469 0.078889 2 0.001216 0.014526 0.886945 0.028799 0.113889 0 0.001151 0.030098 0.8475 0.059727 0.191667 3 0.001143 0.027051 0.8625 0.054023 0.176111 1 0.001124 0.414844 0.440694 0.029687 0.046389 1 0.001032 0.297734 0.7575 0.022031 0.063889
CCTV01^20260318-110000-20260318-120000_000323,10 0.923828 0.685625 0.470278 0.08375 0.197222 10 0.918457 0.186172 0.527361 0.127031 0.176389 3 0.916504 0.524687 0.879167 0.066875 0.197222 10 0.911621 0.334375 0.524444 0.1325 0.205556 3 0.905762 0.208203 0.928056 0.070781 0.130556 3 0.890137 0.206563 0.748056 0.05875 0.105 3 0.888672 0.262031 0.721389 0.054062 0.090556 5 0.873047 0.751875 0.822778 0.08125 0.196667 2 0.871582 0.89375 0.915278 0.06875 0.150556 3 0.84082 0.498125 0.44 0.04 0.063889 3 0.833496 0.151172 0.866944 0.072656 0.152778 10 0.813965 0.10332 0.525972 0.163359 0.194722 3 0.777344 0.448281 0.482222 0.045937 0.048889 10 0.762207 0.205625 0.432639 0.10375 0.134722 3 0.756348 0.260078 0.653056 0.066094 0.087222 0 0.746094 0.834375 0.578333 0.02375 0.077778 0 0.740234 0.206563 0.816667 0.038125 0.1 0 0.702637 0.299531 0.637778 0.025937 0.083333 10 0.656738 0.080625 0.809722 0.16125 0.333889 1 0.640625 0.815625 0.927778 0.0325 0.091111 2 0.631836 0.262266 0.536528 0.029219 0.071389 0 0.618652 0.198906 0.672222 0.040312 0.075556 0 0.588867 0.248906 0.820833 0.035937 0.095 10 0.558105 0.352812 0.874722 0.18625 0.250556 0 0.501953 0.234375 0.595278 0.032188 0.072778 10 0.458984 0.433594 0.412361 0.112187 0.149722 1 0.457031 0.7925 0.44125 0.01875 0.051389 5 0.160278 0.300781 0.392917 0.052813 0.066944 10 0.135742 0.205547 0.427917 0.102656 0.131389 5 0.125977 0.300781 0.3925 0.053437 0.067222 3 0.107056 0.26 0.653889 0.066875 0.088889 1 0.065369 0.815938 0.929167 0.033125 0.091667 2 0.063721 0.329766 0.641111 0.025469 0.068889 0 0.047791 0.234609 0.776945 0.032344 0.067222 9 0.040527 0.151172 0.866944 0.072656 0.152778 2 0.036072 0.515781 0.381528 0.030313 0.055278 10 0.031982 0.128438 0.627222 0.165 0.19 10 0.031143 0.143281 0.624722 0.141563 0.187222 0 0.027267 0.261719 0.769167 0.03 0.063889 10 0.026764 0.025029 0.685417 0.049707 0.350278 0 0.019058 0.329766 0.641111 0.025469 0.068889 3 0.017242 0.329766 0.641111 0.025469 0.068889 0 0.010368 0.238281 0.790833 0.037188 0.081667 0 0.010094 0.472031 0.434444 0.022812 0.055 10 0.009163 0.026992 0.710833 0.053984 0.380556 3 0.008675 0.447969 0.482222 0.046562 0.048889 0 0.008614 0.252578 0.966667 0.039531 0.057778 1 0.007095 0.329766 0.641111 0.025469 0.068889 10 0.006905 0.10625 0.657778 0.2125 0.274444 10 0.00528 0.110977 0.6375 0.199297 0.218333 3 0.004719 0.300781 0.3925 0.053437 0.067222 6 0.00404 0.352812 0.874722 0.18625 0.250556 5 0.00387 0.151172 0.866944 0.072656 0.152778 0 0.003855 0.8325 0.573611 0.025 0.075 11 0.003483 0.685625 0.470278 0.08375 0.197222 3 0.002867 0.079844 0.810278 0.159688 0.320556 7 0.00279 0.329766 0.641111 0.025469 0.068889 10 0.002571 0.018262 0.668611 0.036523 0.311667 0 0.002279 0.815625 0.927778 0.0325 0.091111 4 0.001995 0.329766 0.641111 0.025469 0.068889 0 0.001972 0.830313 0.565556 0.046875 0.067778 0 0.001789 0.242344 0.782222 0.040313 0.076667 6 0.001655 0.080625 0.809722 0.16125 0.333889 0 0.001335 0.233203 0.770556 0.028906 0.064444 4 0.001245 0.751875 0.822778 0.08125 0.196667 3 0.001179 0.300781 0.392917 0.052813 0.066944 10 0.001124 0.018936 0.701389 0.037871 0.361667
CCTV01^20260318-110000-20260318-120000_000327,10 0.932129 0.78625 0.741111 0.16375 0.383333 3 0.898438 0.524531 0.878889 0.067812 0.197778 10 0.892578 0.253711 0.542778 0.192578 0.206667 3 0.874023 0.294609 0.5875 0.070781 0.076111 3 0.870605 0.220938 0.883056 0.075 0.142778 3 0.794434 0.14168 0.943889 0.073516 0.112222 0 0.770508 0.235156 0.7725 0.037812 0.089444 2 0.759277 0.9075 0.915833 0.06625 0.130556 3 0.757812 0.066758 0.94 0.104141 0.12 0 0.750488 0.250859 0.735833 0.038594 0.086111 0 0.732422 0.282188 0.933611 0.044062 0.112778 3 0.720215 0.177773 0.782778 0.081641 0.147778 0 0.644043 0.92375 0.732778 0.05 0.094444 6 0.604004 0.323438 0.788333 0.114375 0.298889 1 0.571777 0.701875 0.881944 0.03125 0.110556 0 0.552734 0.258281 0.908056 0.042188 0.106111 10 0.494141 0.402656 0.452917 0.105312 0.168611 10 0.480469 0.024756 0.69125 0.049473 0.363056 10 0.478516 0.105625 0.788889 0.210625 0.402222 2 0.383057 0.798438 0.465694 0.039375 0.089167 0 0.379395 0.224219 0.665833 0.030938 0.077222 9 0.357666 0.177773 0.782778 0.081641 0.147778 0 0.319092 0.327891 0.606389 0.028594 0.063889 1 0.299072 0.842813 0.685556 0.028125 0.082222 10 0.287842 0.101504 0.522778 0.159492 0.191111 1 0.273682 0.697188 0.46 0.030625 0.058333 3 0.2323 0.261719 0.68 0.037812 0.082222 1 0.150024 0.77875 0.492778 0.02 0.058889 10 0.129395 0.207656 0.435556 0.104375 0.136667 0 0.118408 0.297188 0.6125 0.02875 0.058333 7 0.096375 0.323438 0.788333 0.114375 0.298889 3 0.091064 0.460156 0.479583 0.045937 0.058056 2 0.085083 0.951875 0.654167 0.04625 0.089444 3 0.04068 0.460625 0.478611 0.045625 0.057778 0 0.03833 0.203203 0.956111 0.052344 0.081111 0 0.0354 0.933125 0.686111 0.045 0.085556 5 0.031738 0.177773 0.782778 0.081641 0.147778 1 0.027695 0.839063 0.6825 0.051875 0.086111 0 0.027069 0.7475 0.531667 0.02625 0.051111 1 0.021286 0.702812 0.875278 0.066875 0.118333 0 0.020721 0.836563 0.505694 0.030625 0.0675 1 0.019058 0.705625 0.867778 0.08375 0.123333 3 0.015778 0.785 0.938611 0.0775 0.120556 0 0.015671 0.798438 0.465694 0.039375 0.089167 1 0.012054 0.612656 0.422778 0.017813 0.056111 10 0.010857 0.323438 0.788333 0.114375 0.298889 1 0.01033 0.702812 0.907222 0.024375 0.062222 4 0.00956 0.177773 0.782778 0.081641 0.147778 0 0.009018 0.852812 0.494028 0.028125 0.061389 0 0.007317 0.938125 0.681111 0.035 0.072222 3 0.006027 0.105469 0.783889 0.210938 0.394444 1 0.005707 0.611406 0.421111 0.024688 0.060556 1 0.00481 0.613438 0.43 0.015625 0.038333 1 0.00481 0.877188 0.954444 0.028125 0.075556 2 0.004593 0.7475 0.531667 0.02625 0.051111 0 0.00428 0.93 0.682222 0.04625 0.08 5 0.003511 0.504219 0.398194 0.031563 0.051389 12 0.003338 0.798438 0.465694 0.039375 0.089167 0 0.00289 0.701875 0.881944 0.03125 0.110556 2 0.002663 0.066758 0.94 0.104141 0.12 1 0.002642 0.840938 0.674722 0.068125 0.092778 9 0.00259 0.220938 0.883056 0.075 0.142778 3 0.002287 0.504219 0.398194 0.031563 0.051389 0 0.002243 0.77875 0.492778 0.02 0.058889 0 0.001949 0.929688 0.696111 0.050625 0.106667 2 0.001875 0.297188 0.6125 0.02875 0.058333 4 0.001831 0.937813 0.514028 0.058125 0.108611 9 0.001782 0.323438 0.788333 0.114375 0.298889 3 0.00172 0.008669 0.261875 0.017192 0.034583 10 0.001707 0.207227 0.431944 0.101172 0.138889 5 0.001629 0.524531 0.878889 0.067812 0.197778 10 0.00145 0.220938 0.883056 0.075 0.142778 4 0.001341 0.975937 0.577778 0.043125 0.126667 0 0.001285 0.922812 0.680278 0.036875 0.075 0 0.001274 0.938125 0.696667 0.035 0.077778 1 0.00123 0.84375 0.703889 0.0225 0.048889 10 0.001202 0.177773 0.782778 0.081641 0.147778 5 0.001156 0.9075 0.915833 0.06625 0.130556 4 0.001121 0.798438 0.465694 0.039375 0.089167 0 0.001099 0.281953 0.955833 0.042031 0.079444 9 0.001057 0.105625 0.788889 0.210625 0.402222 9 0.001053 0.524531 0.878889 0.067812 0.197778
CCTV01^20260318-110000-20260318-120000_000331,10 0.932617 0.7925 0.751667 0.17875 0.396667 3 0.892578 0.524375 0.878056 0.069375 0.197222 3 0.858887 0.11168 0.871111 0.078359 0.134445 3 0.847168 0.323672 0.637222 0.066406 0.085556 3 0.809082 0.170391 0.860833 0.081406 0.135 0 0.750488 0.247266 0.851389 0.036094 0.097222 9 0.715332 0.221953 0.719167 0.093906 0.121667 10 0.668945 0.159766 0.676667 0.228594 0.291111 10 0.629883 0.02623 0.6625 0.052227 0.303889 3 0.602051 0.313203 0.8025 0.061719 0.113889 3 0.581543 0.666875 0.435278 0.03875 0.067778 0 0.537109 0.256406 0.754167 0.039062 0.098333 0 0.537109 0.222656 0.805278 0.05 0.116111 0 0.535156 0.285547 0.892778 0.042969 0.1 8 0.37207 0.350469 0.887222 0.094063 0.186667 2 0.364746 0.37625 0.818611 0.06 0.105 5 0.284668 0.221953 0.719167 0.093906 0.121667 0 0.282959 0.701875 0.937222 0.05125 0.12 3 0.242188 0.221953 0.719167 0.093906 0.121667 1 0.101562 0.37625 0.818611 0.06 0.105 8 0.095337 0.350781 0.886111 0.094688 0.186667 0 0.081543 0.329141 0.678611 0.032969 0.075 4 0.079224 0.221953 0.719167 0.093906 0.121667 0 0.077515 0.865625 0.575694 0.04 0.085278 3 0.072632 0.274687 0.968889 0.0775 0.06 10 0.059662 0.208945 0.430556 0.103984 0.146667 0 0.039642 0.982187 0.7025 0.035625 0.095 10 0.036774 0.662188 0.301944 0.038125 0.102222 10 0.036774 0.364922 0.470556 0.153906 0.176667 10 0.03595 0.447969 0.469028 0.102187 0.139722 0 0.034088 0.80375 0.510694 0.03125 0.070833 2 0.033081 0.449219 0.965278 0.074687 0.066111 10 0.030914 0.102617 0.523611 0.164141 0.192778 1 0.028763 0.602344 0.427361 0.022188 0.051944 10 0.026154 0.938437 0.860556 0.123125 0.278889 0 0.014786 0.891563 0.664722 0.040625 0.096111 10 0.014389 0.294766 0.449722 0.132344 0.159444 2 0.006145 0.891563 0.758889 0.040625 0.101111 9 0.006096 0.221328 0.718611 0.096094 0.121667 10 0.005405 0.221953 0.719167 0.093906 0.121667 9 0.005344 0.524375 0.878056 0.069375 0.197222 12 0.005199 0.329141 0.678611 0.032969 0.075 0 0.004433 0.910625 0.636944 0.03375 0.087222 2 0.00378 0.155 0.949167 0.056875 0.092778 0 0.003593 0.809688 0.44625 0.029375 0.069167 0 0.003004 0.8925 0.658333 0.0675 0.115556 9 0.002653 0.170391 0.860833 0.081406 0.135 2 0.00259 0.222656 0.805278 0.05 0.116111 3 0.002512 0.701875 0.937222 0.05125 0.12 3 0.002398 0.160078 0.675556 0.235469 0.298889 0 0.002253 0.294219 0.446806 0.132188 0.160833 4 0.002132 0.701875 0.937222 0.05125 0.12 5 0.001965 0.524375 0.878056 0.069375 0.197222 8 0.001965 0.221953 0.719167 0.093906 0.121667 4 0.001912 0.938125 0.514722 0.05625 0.098333 3 0.001727 0.982187 0.7025 0.035625 0.095 5 0.001649 0.221328 0.718611 0.096094 0.121667 3 0.001478 0.221328 0.718611 0.096094 0.121667 9 0.00141 0.11168 0.871111 0.078359 0.134445 9 0.001372 0.159766 0.676667 0.228594 0.291111 3 0.001346 0.222656 0.805278 0.05 0.116111 10 0.001285 0.01957 0.705278 0.039141 0.419444 7 0.001161 0.701875 0.937222 0.05125 0.12 3 0.001129 0.787188 0.9425 0.083125 0.111667 2 0.001107 0.323672 0.637222 0.066406 0.085556 0 0.001048 0.030918 0.748333 0.058555 0.09 0 0.001017 0.208945 0.430556 0.103984 0.146667
CCTV01^20260318-110000-20260318-120000_000335,10 0.92627 0.813125 0.783056 0.2025 0.413889 3 0.909668 0.16625 0.745 0.073438 0.112222 3 0.888184 0.524375 0.878889 0.06875 0.197778 11 0.875 0.391094 0.897222 0.132188 0.204444 3 0.86084 0.236953 0.868889 0.061094 0.138889 3 0.829102 0.211563 0.761111 0.071875 0.105556 10 0.81543 0.355703 0.500694 0.148594 0.195278 2 0.79834 0.709375 0.562778 0.035 0.078889 8 0.791992 0.300938 0.909167 0.128125 0.176111 2 0.788086 0.289531 0.765833 0.047813 0.106111 8 0.786621 0.293828 0.673056 0.052344 0.107222 3 0.694336 0.887188 0.686111 0.060625 0.12 2 0.624512 0.338281 0.750556 0.050938 0.102222 0 0.581543 0.253125 0.700833 0.030625 0.065 2 0.46875 0.218594 0.655556 0.036875 0.084444 10 0.397949 0.94875 0.822778 0.1025 0.354444 10 0.294189 0.08207 0.689722 0.163984 0.329444 0 0.072388 0.82125 0.504722 0.03375 0.073889 4 0.057495 0.165625 0.651667 0.080312 0.115556 3 0.045349 0.478125 0.460417 0.0425 0.045833 0 0.044861 0.303828 0.805556 0.026719 0.064444 3 0.038177 0.46375 0.484722 0.05 0.048333 0 0.033478 0.322891 0.811389 0.036094 0.075 7 0.022888 0.165625 0.651667 0.080312 0.115556 0 0.018906 0.218594 0.655556 0.036875 0.084444 10 0.018768 0.068633 0.853056 0.137109 0.282778 4 0.015427 0.887188 0.686111 0.060625 0.12 3 0.012482 0.317734 0.634722 0.050156 0.086111 0 0.01178 0.313906 0.802222 0.043438 0.074444 6 0.010986 0.068633 0.853056 0.137109 0.282778 9 0.010292 0.165625 0.651667 0.080312 0.115556 11 0.008675 0.248203 0.590833 0.093281 0.109444 0 0.008347 0.303594 0.799444 0.0275 0.06 0 0.006851 0.194922 0.892778 0.044219 0.096667 0 0.005775 0.323281 0.820556 0.035312 0.072222 0 0.005302 0.317266 0.810833 0.049844 0.085 10 0.00528 0.102227 0.516806 0.160859 0.181944 9 0.004486 0.524375 0.878889 0.06875 0.197778 0 0.00425 0.296094 0.446944 0.127813 0.156111 3 0.003635 0.218594 0.655556 0.036875 0.084444 9 0.00304 0.16625 0.745 0.073438 0.112222 10 0.003027 0.016045 0.661944 0.03209 0.303889 0 0.00279 0.318438 0.820833 0.040625 0.077222 2 0.002632 0.171055 0.804444 0.051953 0.062222 5 0.002541 0.524375 0.878889 0.06875 0.197778 0 0.002415 0.303672 0.815833 0.024219 0.052778 0 0.00235 0.213672 0.430139 0.107031 0.144167 1 0.002234 0.709375 0.562778 0.035 0.078889 9 0.001995 0.391094 0.897222 0.132188 0.204444 3 0.001949 0.948438 0.821667 0.101875 0.356667 1 0.001761 0.289531 0.765833 0.047813 0.106111 10 0.001687 0.672188 0.381111 0.055625 0.14 4 0.001649 0.975625 0.577778 0.045 0.118889 5 0.001525 0.629687 0.355139 0.026875 0.066389 1 0.001513 0.338281 0.750556 0.050938 0.102222 5 0.001455 0.887188 0.686111 0.060625 0.12 3 0.001438 0.289531 0.765833 0.047813 0.106111 10 0.00141 0.50625 0.393333 0.05625 0.107778 11 0.001405 0.293828 0.673056 0.052344 0.107222 10 0.001383 0.391094 0.897222 0.132188 0.204444 0 0.001285 0.322969 0.798889 0.035937 0.071111 10 0.001225 0.296094 0.446944 0.127813 0.156111 3 0.001206 0.629687 0.355139 0.026875 0.066389 9 0.001174 0.211563 0.761111 0.071875 0.105556 10 0.001138 0.213672 0.430139 0.107031 0.144167 9 0.001134 0.248203 0.590833 0.093281 0.109444 4 0.001129 0.289531 0.765833 0.047813 0.106111 1 0.001121 0.550469 0.977778 0.021563 0.044444 9 0.001057 0.887188 0.686111 0.060625 0.12 4 0.001032 0.16625 0.745 0.073438 0.112222 10 0.001017 0.236953 0.868889 0.061094 0.138889
CCTV01^20260318-110000-20260318-120000_000339,3 0.90332 0.219844 0.744167 0.076562 0.106111 3 0.892578 0.197344 0.700556 0.074375 0.097778 3 0.878418 0.524531 0.878056 0.070937 0.198333 3 0.875 0.236406 0.847778 0.063438 0.131111 8 0.868164 0.296797 0.647778 0.053906 0.106667 3 0.867188 0.738438 0.7325 0.069375 0.168333 8 0.844727 0.300156 0.909167 0.128438 0.177222 7 0.84375 0.363906 0.521528 0.080313 0.094722 10 0.757812 0.901875 0.741111 0.19625 0.392222 2 0.665527 0.281406 0.731944 0.045313 0.079445 0 0.638672 0.279375 0.786111 0.045937 0.09 1 0.462891 0.788438 0.671667 0.033125 0.088889 10 0.42627 0.166523 0.575278 0.222578 0.237222 10 0.370117 0.9025 0.741111 0.195 0.384444 11 0.368408 0.364844 0.850556 0.116563 0.21 9 0.363037 0.290234 0.559583 0.082656 0.099722 0 0.334473 0.685625 0.697222 0.02875 0.087778 11 0.281494 0.364531 0.852778 0.119062 0.216667 2 0.233765 0.901563 0.876111 0.065625 0.128889 2 0.199341 0.320625 0.713056 0.046875 0.073889 0 0.142212 0.252656 0.674722 0.033438 0.059444 10 0.137573 0.321797 0.426944 0.145781 0.164444 7 0.119995 0.290234 0.559583 0.082656 0.099722 3 0.119202 0.477031 0.469861 0.049062 0.063056 10 0.110107 0.432031 0.43 0.110937 0.158889 1 0.104492 0.685625 0.697222 0.02875 0.087778 0 0.085083 0.788438 0.671667 0.033125 0.088889 8 0.082703 0.299062 0.911667 0.1275 0.173333 8 0.075317 0.15793 0.630556 0.100078 0.117778 10 0.074219 0.092031 0.828889 0.182188 0.338889 10 0.039795 0.026582 0.6475 0.052305 0.269444 9 0.021118 0.524531 0.878056 0.070937 0.198333 3 0.019943 0.325547 0.614167 0.050781 0.090556 10 0.019562 0.322813 0.429167 0.148125 0.159444 12 0.011871 0.685625 0.697222 0.02875 0.087778 0 0.010292 0.323906 0.758333 0.036562 0.066667 10 0.009415 0.84 0.853889 0.16375 0.292222 11 0.009163 0.014678 0.839445 0.029355 0.305556 0 0.008186 0.41875 0.835 0.058125 0.107778 9 0.006851 0.363906 0.521528 0.080313 0.094722 1 0.006512 0.281406 0.731944 0.045313 0.079445 3 0.006073 0.281406 0.731944 0.045313 0.079445 3 0.005936 0.363906 0.521528 0.080313 0.094722 4 0.005867 0.363906 0.521528 0.080313 0.094722 1 0.005707 0.320625 0.713056 0.046875 0.073889 2 0.005447 0.477031 0.469861 0.049062 0.063056 3 0.00526 0.320625 0.713056 0.046875 0.073889 5 0.004299 0.524531 0.878056 0.070937 0.198333 5 0.00425 0.500469 0.433611 0.037188 0.053889 8 0.004215 0.014678 0.839445 0.029355 0.305556 1 0.00387 0.64875 0.454444 0.02625 0.067222 10 0.003511 0.019688 0.679167 0.039375 0.333889 1 0.003338 0.789688 0.694444 0.019375 0.037778 4 0.003185 0.290234 0.559583 0.082656 0.099722 4 0.002823 0.197344 0.700556 0.074375 0.097778 10 0.0028 0.245859 0.549306 0.116406 0.184722 8 0.002768 0.016599 0.808611 0.033091 0.201667 1 0.002481 0.901563 0.876111 0.065625 0.128889 12 0.00205 0.011318 0.829444 0.022637 0.233333 1 0.001934 0.78625 0.688333 0.025 0.054444 0 0.001919 0.319844 0.768889 0.033438 0.074444 10 0.001755 0.096523 0.528611 0.148828 0.201667 10 0.001668 0.236406 0.847778 0.063438 0.131111 10 0.001525 0.026865 0.648889 0.053457 0.264444 4 0.001519 0.281406 0.731944 0.045313 0.079445 8 0.001421 0.019355 0.818889 0.038711 0.211111 9 0.001399 0.236406 0.847778 0.063438 0.131111 3 0.001362 0.167773 0.575278 0.211953 0.238333 0 0.001346 0.096523 0.528611 0.148828 0.201667 5 0.001341 0.477031 0.469861 0.049062 0.063056 9 0.001325 0.166523 0.575278 0.222578 0.237222 9 0.0013 0.901875 0.741111 0.19625 0.392222 0 0.001294 0.324219 0.768333 0.038438 0.076667 9 0.00126 0.197344 0.700556 0.074375 0.097778 6 0.001245 0.092031 0.828889 0.182188 0.338889 2 0.001216 0.738438 0.7325 0.069375 0.168333 0 0.001211 0.091641 0.52625 0.141719 0.198611 8 0.001206 0.290234 0.559583 0.082656 0.099722 6 0.001188 0.901875 0.741111 0.19625 0.392222 9 0.001134 0.014678 0.839445 0.029355 0.305556 1 0.001065 0.679063 0.699167 0.049375 0.098333
CCTV01^20260318-110000-20260318-120000_000343,11 0.929199 0.362969 0.841389 0.122187 0.207222 3 0.918457 0.239297 0.709167 0.072969 0.116111 10 0.89502 0.246953 0.527778 0.204844 0.208889 3 0.875 0.236641 0.838611 0.061094 0.118333 3 0.867188 0.524688 0.878333 0.071875 0.198889 8 0.854004 0.316172 0.611389 0.068906 0.122778 2 0.827637 0.319219 0.678889 0.037813 0.078889 8 0.825684 0.298906 0.908056 0.130312 0.176111 3 0.796875 0.7575 0.805833 0.07875 0.189444 8 0.740234 0.170937 0.6275 0.110312 0.127222 2 0.73584 0.282734 0.704167 0.045469 0.093889 10 0.658203 0.346094 0.417222 0.155937 0.142222 3 0.635254 0.225703 0.6625 0.085781 0.101667 0 0.629883 0.973125 0.890833 0.05375 0.151667 2 0.259766 0.19 0.763889 0.054688 0.101111 8 0.20813 0.300156 0.906111 0.131563 0.181111 8 0.172119 0.053047 0.725278 0.105781 0.221667 10 0.110107 0.092813 0.824722 0.185625 0.342778 7 0.097412 0.412031 0.505694 0.051563 0.073056 0 0.095337 0.311641 0.739167 0.039219 0.082778 10 0.060516 0.026035 0.708611 0.05207 0.387222 9 0.028656 0.524688 0.878333 0.071875 0.198889 1 0.021118 0.821875 0.6325 0.03375 0.079444 1 0.020966 0.319219 0.678889 0.037813 0.078889 11 0.016586 0.053047 0.725278 0.105781 0.221667 5 0.014008 0.7575 0.805833 0.07875 0.189444 7 0.012482 0.416563 0.462639 0.065625 0.071389 0 0.012383 0.267422 0.777778 0.047031 0.098889 1 0.007812 0.82125 0.6325 0.0575 0.091667 9 0.007259 0.225703 0.6625 0.085781 0.101667 10 0.005512 0.246719 0.526111 0.202813 0.206667 0 0.005447 0.900625 0.581389 0.0325 0.067222 3 0.005363 0.635 0.304722 0.025 0.054444 5 0.00518 0.524688 0.878333 0.071875 0.198889 0 0.005119 0.899687 0.579444 0.034375 0.072222 4 0.0047 0.7575 0.805833 0.07875 0.189444 1 0.004486 0.820938 0.621944 0.060625 0.085 10 0.003607 0.494219 0.377361 0.089063 0.129722 8 0.003538 0.166289 0.6275 0.106797 0.123889 3 0.003443 0.335313 0.566806 0.05 0.075278 5 0.003389 0.19 0.763889 0.054688 0.101111 0 0.00289 0.995313 0.6875 0.009375 0.127222 1 0.002287 0.19 0.763889 0.054688 0.101111 10 0.002234 0.239297 0.709167 0.072969 0.116111 9 0.002216 0.346094 0.417222 0.155937 0.142222 0 0.00201 0.834375 0.496111 0.02875 0.073333 3 0.001965 0.054668 0.753056 0.108633 0.268333 3 0.001714 0.416563 0.462639 0.065625 0.071389 3 0.001623 0.170937 0.6275 0.110312 0.127222 10 0.001574 0.019658 0.704028 0.039316 0.365278 10 0.001427 0.236641 0.838611 0.061094 0.118333 0 0.001427 0.99125 0.690833 0.0175 0.151667 2 0.001405 0.899687 0.579444 0.034375 0.072222 0 0.001356 0.99625 0.668333 0.0075 0.156667 10 0.001341 0.014023 0.809444 0.028047 0.381111 0 0.001335 0.780625 0.5175 0.0325 0.070556 6 0.001294 0.092813 0.824722 0.185625 0.342778 1 0.001225 0.282734 0.704167 0.045469 0.093889 4 0.00109 0.412031 0.505694 0.051563 0.073056 11 0.001069 0.316172 0.611389 0.068906 0.122778 4 0.001069 0.267422 0.777778 0.047031 0.098889 11 0.001069 0.014023 0.809444 0.028047 0.381111 10 0.001024 0.524688 0.878333 0.071875 0.198889 0 0.001017 0.779063 0.513889 0.053125 0.085556
CCTV01^20260318-110000-20260318-120000_000347,11 0.925781 0.359844 0.84 0.132188 0.207778 3 0.900391 0.841875 0.917222 0.07625 0.165556 10 0.894043 0.750938 0.506944 0.109375 0.217222 8 0.883301 0.278203 0.546944 0.101094 0.130556 3 0.858887 0.524375 0.878056 0.071875 0.199444 3 0.855957 0.250625 0.753333 0.065625 0.122222 10 0.844727 0.421719 0.424028 0.132812 0.163056 7 0.811523 0.690313 0.587083 0.065625 0.129167 8 0.785156 0.301875 0.9025 0.131875 0.189444 3 0.764648 0.83125 0.641944 0.06125 0.119444 3 0.684082 0.303594 0.603611 0.089687 0.099444 10 0.644043 0.107188 0.79 0.214375 0.393333 8 0.539062 0.199531 0.548194 0.092813 0.144722 0 0.428223 0.871875 0.718056 0.05875 0.112778 3 0.375732 0.346563 0.527778 0.04375 0.075556 2 0.300781 0.232656 0.663889 0.046563 0.087778 0 0.102295 0.952188 0.744167 0.053125 0.111667 8 0.094666 0.959375 0.886667 0.08125 0.173333 7 0.079773 0.959375 0.886667 0.08125 0.173333 9 0.07135 0.107188 0.79 0.214375 0.393333 4 0.055817 0.690313 0.587083 0.065625 0.129167 12 0.054596 0.270391 0.661389 0.034219 0.088333 4 0.054199 0.959375 0.886667 0.08125 0.173333 10 0.052826 0.070898 0.720278 0.141641 0.368333 9 0.051086 0.524375 0.878056 0.071875 0.199444 11 0.048126 0.199531 0.548194 0.092813 0.144722 0 0.043518 0.300625 0.661111 0.036875 0.085556 2 0.040527 0.303594 0.603611 0.089687 0.099444 1 0.025558 0.810625 0.563611 0.025 0.062778 3 0.020416 0.959375 0.886667 0.08125 0.173333 0 0.018478 0.270391 0.661389 0.034219 0.088333 10 0.014389 0.499844 0.342917 0.094062 0.114722 2 0.014336 0.250625 0.753333 0.065625 0.122222 7 0.013847 0.630781 0.382083 0.033437 0.080833 5 0.010612 0.524375 0.878056 0.071875 0.199444 12 0.010529 0.630781 0.382083 0.033437 0.080833 9 0.006363 0.690313 0.587083 0.065625 0.129167 5 0.006218 0.232656 0.663889 0.046563 0.087778 9 0.006027 0.959375 0.886667 0.08125 0.173333 0 0.005344 0.991562 0.808333 0.016875 0.151111 2 0.004887 0.346563 0.527778 0.04375 0.075556 0 0.003721 0.992813 0.791667 0.014375 0.13 4 0.003363 0.83125 0.641944 0.06125 0.119444 9 0.002993 0.250625 0.753333 0.065625 0.122222 9 0.002571 0.070898 0.720278 0.141641 0.368333 2 0.002481 0.512969 0.391667 0.026563 0.055 11 0.002453 0.959375 0.886667 0.08125 0.173333 3 0.002342 0.991562 0.808333 0.016875 0.151111 3 0.002174 0.99 0.794722 0.02 0.156111 5 0.002115 0.250625 0.753333 0.065625 0.122222 1 0.002083 0.232656 0.663889 0.046563 0.087778 0 0.001755 0.99 0.794722 0.02 0.156111 2 0.001727 0.992813 0.791667 0.014375 0.13 2 0.001455 0.991562 0.808333 0.016875 0.151111 3 0.001367 0.054473 0.24375 0.024336 0.033056 2 0.001351 0.99 0.794722 0.02 0.156111 3 0.001346 0.992813 0.791667 0.014375 0.13 2 0.001315 0.871875 0.718056 0.05875 0.112778 11 0.001206 0.98875 0.836111 0.0225 0.327778 4 0.001017 0.250625 0.753333 0.065625 0.122222 10 0.001004 0.524375 0.878056 0.071875 0.199444
CCTV01^20260318-110000-20260318-120000_000351,11 0.927246 0.359922 0.839445 0.132031 0.206667 8 0.909668 0.72875 0.7525 0.0625 0.173889 10 0.908691 0.745 0.559306 0.12875 0.246944 10 0.888184 0.303906 0.630833 0.152187 0.261667 3 0.877441 0.524375 0.877778 0.07125 0.2 10 0.863281 0.15543 0.707778 0.217891 0.337778 8 0.825684 0.301016 0.904444 0.131719 0.185556 0 0.527344 0.173633 0.931944 0.045859 0.116111 3 0.492188 0.073203 0.938333 0.115938 0.123333 0 0.476562 0.223594 0.925556 0.050312 0.111111 7 0.331055 0.034092 0.906667 0.068066 0.186667 7 0.313965 0.74625 0.913056 0.07625 0.170556 8 0.300781 0.451719 0.424028 0.064062 0.101389 1 0.182373 0.919687 0.865 0.043125 0.103333 3 0.172119 0.480469 0.460556 0.045313 0.064444 4 0.157104 0.034092 0.906667 0.068066 0.186667 0 0.140381 0.918125 0.69 0.05125 0.095556 3 0.114746 0.982813 0.911111 0.034375 0.177778 3 0.070068 0.072031 0.936389 0.121719 0.127222 10 0.024994 0.024521 0.664028 0.048066 0.296389 0 0.020416 0.173906 0.958889 0.038125 0.073333 9 0.018692 0.524375 0.877778 0.07125 0.2 10 0.018051 0.025713 0.668333 0.050762 0.304444 3 0.01799 0.982187 0.918333 0.035625 0.163333 2 0.017181 0.073203 0.938333 0.115938 0.123333 2 0.014671 0.909375 0.958611 0.07625 0.079444 0 0.014229 0.183594 0.883611 0.045937 0.083889 10 0.012192 0.15625 0.708611 0.22 0.338333 3 0.011292 0.034092 0.906667 0.068066 0.186667 0 0.011032 0.181484 0.893333 0.045469 0.09 0 0.010292 0.187344 0.863889 0.050937 0.102222 1 0.010208 0.895312 0.805833 0.049375 0.106111 0 0.009598 0.216406 0.743056 0.055 0.099444 0 0.009453 0.919687 0.865 0.043125 0.103333 5 0.008812 0.524375 0.877778 0.07125 0.2 3 0.008743 0.663125 0.389583 0.03125 0.0575 5 0.008217 0.505 0.410556 0.031875 0.052778 5 0.007637 0.982813 0.911111 0.034375 0.177778 0 0.007462 0.943438 0.7725 0.049375 0.100556 10 0.006905 0.116406 0.630694 0.205625 0.271944 8 0.006718 0.327031 0.402917 0.060313 0.104167 9 0.006668 0.15543 0.707778 0.217891 0.337778 9 0.006191 0.303906 0.630833 0.152187 0.261667 3 0.005554 0.505 0.410556 0.031875 0.052778 2 0.005447 0.480469 0.460556 0.045313 0.064444 1 0.004887 0.648438 0.465694 0.040625 0.065278 2 0.004486 0.663125 0.389583 0.03125 0.0575 0 0.00428 0.213359 0.493333 0.154844 0.174444 0 0.00399 0.415156 0.386806 0.117188 0.1275 2 0.003351 0.524375 0.877778 0.07125 0.2 4 0.003338 0.982813 0.911111 0.034375 0.177778 9 0.003248 0.74625 0.913056 0.07625 0.170556 3 0.002571 0.98125 0.8975 0.0375 0.205 1 0.00227 0.648281 0.467361 0.024688 0.061944 5 0.00202 0.981875 0.888611 0.03625 0.222778 3 0.001995 0.987813 0.908056 0.024375 0.183889 7 0.001782 0.447344 0.406111 0.070312 0.126111 1 0.001675 0.9125 0.847222 0.06 0.103333 10 0.001668 0.732813 0.311389 0.039375 0.093333 0 0.001513 0.9875 0.881389 0.025 0.143889 12 0.001507 0.919687 0.865 0.043125 0.103333 0 0.001478 0.215703 0.753611 0.055469 0.083889 6 0.001432 0.981875 0.888611 0.03625 0.222778 1 0.001432 0.921563 0.89 0.030625 0.06 11 0.001367 0.72875 0.7525 0.0625 0.173889 9 0.001346 0.981875 0.888611 0.03625 0.222778 10 0.001335 0.981875 0.888611 0.03625 0.222778 12 0.00132 0.216406 0.743056 0.055 0.099444 0 0.001249 0.989688 0.858056 0.020625 0.149445 0 0.001169 0.890312 0.581944 0.034375 0.068333 2 0.001138 0.982813 0.911111 0.034375 0.177778 7 0.001103 0.300703 0.513333 0.067969 0.088889 0 0.001086 0.895312 0.805833 0.049375 0.106111 5 0.00106 0.663125 0.389583 0.03125 0.0575 0 0.001032 0.895 0.583611 0.03125 0.061667 2 0.001017 0.505 0.410556 0.031875 0.052778 3 0.001017 0.98875 0.905556 0.0225 0.188889
CCTV01^20260318-110000-20260318-120000_000355,8 0.924316 0.729375 0.771667 0.06125 0.184444 10 0.896484 0.330859 0.511806 0.154531 0.205278 10 0.88623 0.74125 0.563889 0.12 0.263333 3 0.875 0.524219 0.877778 0.072188 0.2 3 0.863281 0.819063 0.849722 0.089375 0.172778 11 0.858887 0.308047 0.659445 0.061406 0.152222 3 0.839844 0.184219 0.783611 0.09 0.122778 3 0.771973 0.167305 0.915556 0.102266 0.153333 8 0.741699 0.2575 0.738611 0.08 0.160556 3 0.607422 0.350156 0.834722 0.087188 0.165 3 0.556641 0.090527 0.913611 0.107539 0.166111 7 0.470703 0.315313 0.878611 0.184375 0.242778 0 0.383057 0.964375 0.8325 0.06625 0.138333 4 0.309082 0.05 0.829444 0.1 0.166667 0 0.256836 0.418281 0.889444 0.068438 0.131111 10 0.23938 0.025928 0.632639 0.051582 0.230278 4 0.236572 0.048672 0.823889 0.097344 0.145556 7 0.223999 0.048672 0.823889 0.097344 0.145556 11 0.167725 0.875 0.784167 0.1125 0.230556 7 0.137573 0.244375 0.625278 0.08625 0.121667 8 0.136108 0.875 0.784167 0.1125 0.230556 6 0.130249 0.315313 0.878611 0.184375 0.242778 9 0.085083 0.875 0.784167 0.1125 0.230556 6 0.078064 0.798438 0.456389 0.071875 0.150556 0 0.060974 0.932187 0.647778 0.048125 0.102222 7 0.051666 0.05 0.829444 0.1 0.166667 0 0.044342 0.903438 0.945278 0.056875 0.103889 0 0.034485 0.969063 0.635556 0.044375 0.082222 9 0.033844 0.524219 0.877778 0.072188 0.2 10 0.022293 0.455469 0.414444 0.078438 0.137778 7 0.020721 0.741563 0.916945 0.078125 0.158333 1 0.017853 0.025205 0.938056 0.032559 0.063889 0 0.016586 0.139492 0.707778 0.050391 0.088889 3 0.013847 0.66875 0.499306 0.04625 0.090278 0 0.011116 0.066865 0.679722 0.059863 0.087222 3 0.011032 0.091875 0.912778 0.109687 0.162222 9 0.009521 0.244375 0.625278 0.08625 0.121667 8 0.009125 0.875 0.785 0.11 0.222222 5 0.008881 0.66875 0.499306 0.04625 0.090278 3 0.007965 0.874375 0.786111 0.11125 0.22 9 0.007725 0.05 0.829444 0.1 0.166667 1 0.007519 0.028105 0.917222 0.046133 0.103333 10 0.007374 0.798438 0.456389 0.071875 0.150556 0 0.007233 0.895312 0.578611 0.034375 0.075 2 0.006512 0.969063 0.635556 0.044375 0.082222 3 0.006168 0.875 0.785 0.11 0.222222 2 0.005753 0.637813 0.404444 0.023125 0.057778 3 0.00518 0.051953 0.835556 0.102344 0.178889 5 0.004738 0.524219 0.877778 0.072188 0.2 11 0.003914 0.875 0.785 0.11 0.222222 0 0.003736 0.861875 0.570694 0.03 0.070833 4 0.003273 0.184219 0.783611 0.09 0.122778 3 0.002621 0.418281 0.889444 0.068438 0.131111 11 0.002571 0.05 0.829444 0.1 0.166667 9 0.002234 0.875 0.785 0.11 0.222222 0 0.001897 0.861875 0.573333 0.03 0.072222 7 0.001853 0.875 0.784167 0.1125 0.230556 10 0.001748 0.184219 0.783611 0.09 0.122778 10 0.001714 0.315313 0.878611 0.184375 0.242778 3 0.001681 0.028105 0.917222 0.046133 0.103333 4 0.001649 0.875 0.784167 0.1125 0.230556 4 0.001574 0.028105 0.917222 0.046133 0.103333 0 0.001478 0.028105 0.917222 0.046133 0.103333 7 0.001432 0.2575 0.738611 0.08 0.160556 9 0.001378 0.308047 0.659445 0.061406 0.152222 10 0.001305 0.819063 0.849722 0.089375 0.172778 2 0.001289 0.066865 0.679722 0.059863 0.087222 9 0.001245 0.167305 0.915556 0.102266 0.153333 10 0.001116 0.985625 0.615833 0.0275 0.242778 0 0.001073 0.144844 0.705833 0.052812 0.082778 4 0.001048 0.819063 0.849722 0.089375 0.172778 2 0.001048 0.653438 0.345556 0.026875 0.057778 0 0.001024 0.107422 0.690833 0.050938 0.103889 10 0.001012 0.524219 0.877778 0.072188 0.2 0 0.001012 0.266016 0.49375 0.134219 0.181389
CCTV01^20260318-110000-20260318-120000_000359,3 0.919434 0.181484 0.7575 0.090781 0.141667 3 0.898926 0.250156 0.672222 0.076563 0.095556 8 0.898438 0.7325 0.823611 0.06625 0.193889 10 0.894043 0.8125 0.724722 0.1775 0.380556 3 0.863281 0.524063 0.8775 0.0725 0.199445 3 0.666992 0.096094 0.8625 0.105781 0.153889 8 0.596191 0.320781 0.595556 0.077187 0.155556 2 0.541016 0.428438 0.9125 0.064375 0.137222 6 0.464844 0.300156 0.853056 0.149688 0.291667 2 0.418701 0.881563 0.591111 0.038125 0.087778 4 0.331055 0.201484 0.868333 0.067969 0.171111 3 0.310791 0.305469 0.705278 0.059687 0.095 2 0.300781 0.709688 0.683889 0.040625 0.1 7 0.299072 0.300156 0.853056 0.149688 0.291667 10 0.237915 0.024629 0.693889 0.049258 0.355556 0 0.221313 0.131836 0.880556 0.056953 0.107778 3 0.195557 0.196875 0.631944 0.079375 0.109444 3 0.168823 0.220469 0.779444 0.045625 0.1 0 0.136597 0.382031 0.833056 0.044688 0.102778 10 0.114746 0.371719 0.438333 0.149688 0.168889 0 0.106689 0.699687 0.608333 0.033125 0.085556 10 0.093018 0.099063 0.775833 0.198125 0.391667 6 0.09137 0.955938 0.847222 0.088125 0.291111 12 0.078613 0.382031 0.833056 0.044688 0.102778 3 0.077209 0.030322 0.956667 0.060527 0.086667 10 0.062805 0.810312 0.476111 0.081875 0.163333 5 0.051849 0.955938 0.847222 0.088125 0.291111 10 0.046387 0.955938 0.847222 0.088125 0.291111 9 0.038452 0.524063 0.8775 0.0725 0.199445 9 0.032349 0.955938 0.847222 0.088125 0.291111 9 0.027069 0.201484 0.868333 0.067969 0.171111 4 0.026855 0.258594 0.595556 0.066875 0.101111 0 0.026764 0.341719 0.8275 0.041562 0.100556 11 0.020096 0.352734 0.526111 0.066406 0.107778 7 0.012825 0.320781 0.595556 0.077187 0.155556 1 0.01107 0.428438 0.9125 0.064375 0.137222 7 0.010406 0.258594 0.595556 0.066875 0.101111 9 0.009598 0.196875 0.631944 0.079375 0.109444 7 0.008286 0.955938 0.847222 0.088125 0.291111 0 0.008255 0.132812 0.879444 0.05625 0.11 1 0.007233 0.709688 0.683889 0.040625 0.1 3 0.007233 0.099531 0.774167 0.199063 0.393889 10 0.006264 0.261094 0.464722 0.135313 0.179444 4 0.005981 0.955938 0.847222 0.088125 0.291111 0 0.005363 0.327656 0.765278 0.054688 0.097222 0 0.005344 0.379844 0.928611 0.065938 0.126111 3 0.004791 0.201484 0.868333 0.067969 0.171111 5 0.00452 0.524063 0.8775 0.0725 0.199445 4 0.004364 0.305469 0.705278 0.059687 0.095 9 0.0042 0.096094 0.8625 0.105781 0.153889 3 0.0042 0.861563 0.960278 0.078125 0.076111 0 0.004116 0.952188 0.650833 0.044375 0.083889 0 0.003765 0.261094 0.464722 0.135313 0.179444 3 0.003635 0.428438 0.9125 0.064375 0.137222 2 0.003052 0.709688 0.683889 0.040625 0.1 9 0.003004 0.8125 0.724722 0.1775 0.380556 3 0.002913 0.054219 0.242639 0.023281 0.031944 0 0.002405 0.1375 0.868889 0.055625 0.108889 3 0.002279 0.956875 0.847222 0.08625 0.29 9 0.002108 0.099063 0.775833 0.198125 0.391667 6 0.002043 0.810312 0.476111 0.081875 0.163333 0 0.001623 0.389844 0.938333 0.040312 0.093333 5 0.001519 0.196875 0.631944 0.079375 0.109444 5 0.001335 0.428438 0.9125 0.064375 0.137222 10 0.001305 0.250156 0.672222 0.076563 0.095556 8 0.001279 0.152969 0.94 0.057813 0.107778 0 0.001255 0.9625 0.699167 0.0425 0.058333 10 0.001216 0.524063 0.8775 0.0725 0.199445 9 0.001197 0.371719 0.438333 0.149688 0.168889 10 0.001124 0.181484 0.7575 0.090781 0.141667 0 0.001124 0.201484 0.868333 0.067969 0.171111 0 0.001065 0.45875 0.432222 0.024375 0.058333 5 0.00104 0.220469 0.779444 0.045625 0.1 3 0.001008 0.352734 0.526111 0.066406 0.107778 5 0.001 0.099063 0.775833 0.198125 0.391667
CCTV01^20260318-110000-20260318-120000_000363,6 0.908691 0.280391 0.786944 0.106094 0.283889 8 0.893066 0.739688 0.871945 0.074375 0.192778 10 0.873047 0.707188 0.526945 0.114375 0.233889 3 0.868164 0.524531 0.8775 0.071562 0.199445 10 0.854004 0.191094 0.623333 0.219688 0.277778 3 0.819824 0.08832 0.836944 0.102734 0.137222 2 0.811523 0.179258 0.874167 0.063359 0.150556 3 0.794434 0.76 0.687778 0.0575 0.121111 2 0.78418 0.680938 0.93 0.053125 0.13 0 0.507812 0.353125 0.913056 0.07625 0.133889 3 0.494141 0.169648 0.736111 0.089141 0.127778 10 0.476562 0.881875 0.816111 0.23375 0.367778 7 0.470703 0.8275 0.557222 0.06 0.096667 0 0.336426 0.015547 0.886111 0.031094 0.111111 10 0.332764 0.03874 0.754444 0.076895 0.275556 1 0.225464 0.671875 0.645833 0.025 0.065 3 0.142212 0.499688 0.416667 0.0375 0.061667 8 0.127686 0.121563 0.876389 0.049688 0.116111 1 0.108948 0.348125 0.780833 0.035 0.077222 0 0.092712 0.67875 0.823333 0.045 0.115556 0 0.066589 0.342344 0.591944 0.028437 0.072778 0 0.042236 0.236406 0.909722 0.050938 0.100556 4 0.040527 0.064395 0.806667 0.091055 0.111111 10 0.036499 0.026641 0.660278 0.052656 0.299444 2 0.028763 0.764375 0.807778 0.05625 0.107778 9 0.028015 0.524531 0.8775 0.071562 0.199445 3 0.027908 0.464844 0.460556 0.040938 0.062222 3 0.025177 0.064395 0.806667 0.091055 0.111111 3 0.023773 0.250469 0.655556 0.075 0.092222 12 0.018829 0.015547 0.886111 0.031094 0.111111 9 0.008476 0.8275 0.557222 0.06 0.096667 0 0.006931 0.145625 0.818056 0.045625 0.108333 3 0.006313 0.015547 0.886111 0.031094 0.111111 5 0.005844 0.773438 0.430833 0.043125 0.083889 6 0.00502 0.03874 0.754444 0.076895 0.275556 10 0.004757 0.033789 0.730556 0.067578 0.386667 5 0.004738 0.499688 0.416667 0.0375 0.061667 4 0.004539 0.310156 0.596667 0.034063 0.093333 2 0.00425 0.319844 0.6875 0.046563 0.105 3 0.004181 0.985625 0.943611 0.02875 0.112778 1 0.00415 0.329609 0.745833 0.029531 0.076111 3 0.00407 0.038926 0.748333 0.076836 0.258889 1 0.003565 0.88875 0.709444 0.0575 0.132222 8 0.003551 0.369063 0.4625 0.05875 0.095 7 0.003429 0.280391 0.786944 0.106094 0.283889 5 0.003325 0.524531 0.8775 0.071562 0.199445 1 0.003248 0.764375 0.807778 0.05625 0.107778 10 0.003147 0.038789 0.773611 0.076797 0.337222 9 0.003075 0.03874 0.754444 0.076895 0.275556 3 0.002867 0.310156 0.596667 0.034063 0.093333 0 0.002571 0.179258 0.874167 0.063359 0.150556 9 0.002531 0.881875 0.816111 0.23375 0.367778 1 0.002434 0.332813 0.758333 0.03 0.065556 1 0.002415 0.891562 0.702222 0.036875 0.092222 3 0.002359 0.990313 0.938611 0.019375 0.122778 1 0.00235 0.348125 0.796389 0.03125 0.057222 12 0.002132 0.353125 0.913056 0.07625 0.133889 5 0.001883 0.03874 0.754444 0.076895 0.275556 9 0.001861 0.08832 0.836944 0.102734 0.137222 0 0.001782 0.310156 0.596667 0.034063 0.093333 10 0.001741 0.08832 0.836944 0.102734 0.137222 10 0.001668 0.024082 0.775 0.048164 0.356667 1 0.001554 0.352031 0.799444 0.029687 0.05 1 0.001525 0.6725 0.658333 0.02 0.044444 7 0.001507 0.827188 0.557222 0.059375 0.097778 9 0.001472 0.169648 0.736111 0.089141 0.127778 1 0.001455 0.330703 0.746667 0.027344 0.07 1 0.001389 0.680938 0.93 0.053125 0.13 0 0.001362 0.016709 0.87 0.033184 0.096667 1 0.001346 0.825625 0.616944 0.03 0.070556 9 0.00133 0.371406 0.524028 0.070313 0.088611 12 0.001274 0.67875 0.823333 0.045 0.115556 4 0.00126 0.324531 0.480694 0.035937 0.059722 3 0.001255 0.191797 0.621667 0.212656 0.283333 8 0.001249 0.368906 0.463472 0.062188 0.098611 1 0.001143 0.667188 0.646389 0.043125 0.072778 4 0.001143 0.084727 0.753611 0.069453 0.110556 1 0.001099 0.888437 0.699167 0.054375 0.109444 3 0.001095 0.212422 0.386111 0.031094 0.043333 0 0.001073 0.350625 0.386667 0.1 0.134444 3 0.00104 0.006296 0.922778 0.01229 0.151111 3 0.001032 0.005591 0.839167 0.011025 0.150556 10 0.001024 0.76 0.687778 0.0575 0.121111
CCTV01^20260318-110000-20260318-120000_000367,8 0.880859 0.74125 0.877222 0.07375 0.191111 3 0.861328 0.523438 0.877222 0.074375 0.2 6 0.86084 0.278047 0.71 0.100156 0.253333 2 0.836426 0.184258 0.738889 0.064609 0.131111 3 0.766113 0.368594 0.883333 0.106562 0.148889 3 0.751953 0.752188 0.657222 0.069375 0.121111 2 0.728027 0.68125 0.930278 0.055 0.130556 5 0.690918 0.818125 0.6225 0.06375 0.136111 10 0.602051 0.88375 0.838333 0.2325 0.323333 10 0.521484 0.026328 0.642917 0.0525 0.254167 0 0.395996 0.10125 0.735 0.05 0.101111 4 0.289307 0.189297 0.645278 0.084844 0.121667 0 0.279785 0.080625 0.773333 0.04625 0.104444 2 0.279785 0.2525 0.943611 0.074688 0.112778 1 0.248047 0.638594 0.871945 0.032813 0.099445 0 0.2323 0.177539 0.868889 0.055859 0.132222 0 0.206909 0.226797 0.758056 0.042969 0.105 0 0.199341 0.679375 0.818889 0.04375 0.115556 3 0.151001 0.047188 0.904444 0.082187 0.142222 3 0.135742 0.04748 0.903889 0.079414 0.138889 10 0.063965 0.253438 0.526806 0.16 0.184167 2 0.054596 0.009817 0.881111 0.019565 0.14 6 0.05014 0.253438 0.526806 0.16 0.184167 8 0.040253 0.049375 0.737778 0.048203 0.106667 3 0.035675 0.483594 0.4825 0.055312 0.050556 9 0.025955 0.523438 0.877222 0.074375 0.2 0 0.025558 0.028936 0.819722 0.047129 0.095 4 0.021042 0.049375 0.737778 0.048203 0.106667 8 0.020493 0.189297 0.645278 0.084844 0.121667 2 0.018692 0.368594 0.883333 0.106562 0.148889 3 0.018265 0.507188 0.395556 0.036875 0.068889 1 0.01738 0.764063 0.530972 0.025625 0.069167 0 0.016525 0.948438 0.719167 0.063125 0.113889 2 0.014954 0.015928 0.876667 0.03084 0.14 1 0.01445 0.693438 0.51125 0.026875 0.0675 11 0.014114 0.967188 0.905833 0.064375 0.188333 0 0.013794 0.008472 0.740833 0.016943 0.158333 1 0.013741 0.352344 0.600278 0.027813 0.062778 2 0.010986 0.967188 0.905833 0.064375 0.188333 1 0.010857 0.650625 0.499167 0.0275 0.064444 3 0.010368 0.008689 0.8525 0.016997 0.149445 3 0.009712 0.343125 0.960833 0.09375 0.078333 0 0.008919 0.215234 0.8425 0.040781 0.085 2 0.006958 0.948438 0.719167 0.063125 0.113889 4 0.006744 0.752188 0.657222 0.069375 0.121111 7 0.006744 0.189297 0.645278 0.084844 0.121667 6 0.006145 0.967188 0.905833 0.064375 0.188333 2 0.005867 0.008689 0.8525 0.016997 0.149445 2 0.005844 0.008721 0.87 0.017246 0.125556 5 0.005642 0.507188 0.395556 0.036875 0.068889 10 0.005344 0.022363 0.628889 0.044727 0.203333 7 0.004906 0.278047 0.71 0.100156 0.253333 9 0.004555 0.368594 0.883333 0.106562 0.148889 0 0.004486 0.006763 0.751667 0.013525 0.166667 3 0.00407 0.177539 0.868889 0.055859 0.132222 0 0.003975 0.258437 0.881389 0.04875 0.087222 0 0.00378 0.243203 0.87 0.068281 0.106667 4 0.00375 0.316641 0.541945 0.062344 0.116111 0 0.003593 0.213828 0.835 0.041719 0.087778 4 0.003496 0.818125 0.6225 0.06375 0.136111 11 0.003429 0.362344 0.560833 0.055313 0.145 0 0.003376 0.00812 0.722222 0.01624 0.124444 2 0.003298 0.818125 0.6225 0.06375 0.136111 1 0.00326 0.64875 0.494722 0.04875 0.072778 0 0.003248 0.253281 0.891111 0.072813 0.092222 0 0.003099 0.080781 0.7725 0.046094 0.105 10 0.003004 0.410625 0.443056 0.113125 0.162778 4 0.00297 0.310234 0.548611 0.070781 0.115 11 0.002935 0.9675 0.895 0.065 0.21 9 0.002924 0.9675 0.895 0.065 0.21 3 0.00289 0.006763 0.751667 0.013525 0.166667 4 0.00279 0.310625 0.565278 0.0625 0.075 5 0.002779 0.523438 0.877222 0.074375 0.2 3 0.002705 0.184258 0.738889 0.064609 0.131111 12 0.002562 0.679375 0.818889 0.04375 0.115556 1 0.002531 0.637969 0.865833 0.074062 0.127222 3 0.002415 0.007363 0.761389 0.014531 0.151667 8 0.002388 0.967188 0.905833 0.064375 0.188333 1 0.002323 0.2525 0.943611 0.074688 0.112778 5 0.002296 0.752188 0.657222 0.069375 0.121111 7 0.002209 0.177539 0.868889 0.055859 0.132222 4 0.002157 0.967188 0.905833 0.064375 0.188333 3 0.00214 0.015049 0.900833 0.030098 0.198333 3 0.002132 0.014512 0.751667 0.029023 0.213333 4 0.002068 0.9675 0.895 0.065 0.21 1 0.001972 0.64 0.890556 0.02 0.058889 8 0.001883 0.316641 0.541945 0.062344 0.116111 3 0.001796 0.818125 0.6225 0.06375 0.136111 0 0.001782 0.007363 0.761389 0.014531 0.151667 11 0.001775 0.107695 0.901111 0.128359 0.197778 12 0.001761 0.080625 0.773333 0.04625 0.104444 10 0.001755 0.278047 0.71 0.100156 0.253333 12 0.001741 0.967188 0.905833 0.064375 0.188333 0 0.001707 0.011709 0.735556 0.023418 0.163333 1 0.0017 0.675625 0.479861 0.0475 0.080278 5 0.001655 0.184258 0.738889 0.064609 0.131111 2 0.001623 0.870938 0.535972 0.040625 0.0725 5 0.001604 0.68125 0.930278 0.055 0.130556 3 0.001585 0.012144 0.825278 0.023994 0.172778 8 0.001554 0.349688 0.415972 0.053125 0.098611 0 0.001356 0.008733 0.772778 0.017183 0.124444 12 0.001305 0.258437 0.881389 0.04875 0.087222 1 0.001235 0.68125 0.930278 0.055 0.130556 9 0.001211 0.967188 0.905833 0.064375 0.188333 3 0.001188 0.011184 0.794722 0.022007 0.148333 0 0.001143 0.410625 0.443056 0.113125 0.162778 0 0.001143 0.962188 0.693889 0.051875 0.103333 2 0.001138 0.019272 0.864167 0.036924 0.147222 0 0.001124 0.184258 0.738889 0.064609 0.131111 3 0.001124 0.014707 0.893056 0.029414 0.213889 1 0.001116 0.678438 0.482083 0.025625 0.058056 0 0.001112 0.352344 0.600278 0.027813 0.062778 3 0.001107 0.008472 0.740833 0.016943 0.158333 2 0.001107 0.006763 0.751667 0.013525 0.166667 10 0.001095 0.523438 0.877222 0.074375 0.2 3 0.00109 0.008733 0.772778 0.017183 0.124444 3 0.001073 0.080625 0.773333 0.04625 0.104444 1 0.001032 0.009817 0.881111 0.019565 0.14
CCTV01^20260318-110000-20260318-120000_000371,8 0.935547 0.332813 0.778333 0.09625 0.18 3 0.852051 0.524531 0.8775 0.073438 0.201667 3 0.835449 0.246875 0.600556 0.059687 0.095556 3 0.830078 0.319922 0.641944 0.067031 0.105 5 0.812988 0.854375 0.8675 0.09 0.225 10 0.744629 0.147109 0.797778 0.181406 0.404444 0 0.596191 0.255 0.913889 0.05875 0.151111 3 0.563965 0.054512 0.904444 0.068477 0.154444 5 0.439697 0.263047 0.786945 0.082031 0.163889 0 0.388672 0.69375 0.879444 0.0575 0.132222 5 0.352295 0.854375 0.863333 0.09625 0.228889 0 0.242188 0.360625 0.927222 0.051875 0.137778 12 0.209473 0.945938 0.690278 0.108125 0.266111 9 0.168823 0.945938 0.690278 0.108125 0.266111 9 0.147095 0.263047 0.786945 0.082031 0.163889 8 0.128052 0.945938 0.690278 0.108125 0.266111 10 0.126831 0.263047 0.786945 0.082031 0.163889 3 0.089111 0.476562 0.4575 0.05875 0.067222 9 0.078064 0.147109 0.797778 0.181406 0.404444 6 0.071045 0.324062 0.496528 0.0725 0.155833 3 0.070801 0.251719 0.541111 0.064687 0.085556 12 0.046021 0.214219 0.951667 0.049063 0.094444 10 0.035156 0.025801 0.627917 0.050898 0.230833 11 0.033722 0.945938 0.690278 0.108125 0.266111 9 0.03186 0.524531 0.8775 0.073438 0.201667 8 0.031372 0.332422 0.776389 0.105156 0.183889 1 0.022293 0.695938 0.568611 0.028125 0.078333 4 0.01799 0.360625 0.927222 0.051875 0.137778 10 0.017853 0.854375 0.8675 0.09 0.225 4 0.017441 0.263047 0.786945 0.082031 0.163889 0 0.017441 0.214219 0.951667 0.049063 0.094444 1 0.017242 0.6625 0.929444 0.03875 0.087778 3 0.016663 0.305312 0.938889 0.054375 0.115556 2 0.012573 0.476562 0.4575 0.05875 0.067222 10 0.01107 0.421562 0.417917 0.13 0.130833 8 0.010246 0.255 0.913889 0.05875 0.151111 9 0.008156 0.054512 0.904444 0.068477 0.154444 6 0.007904 0.263047 0.786945 0.082031 0.163889 3 0.007843 0.360625 0.927222 0.051875 0.137778 3 0.007374 0.660625 0.470833 0.0475 0.082222 1 0.007175 0.725 0.551389 0.03125 0.082778 7 0.007149 0.945938 0.690278 0.108125 0.266111 12 0.006718 0.69375 0.879444 0.0575 0.132222 2 0.006615 0.319922 0.641944 0.067031 0.105 12 0.005936 0.255 0.913889 0.05875 0.151111 10 0.004982 0.324062 0.496528 0.0725 0.155833 2 0.004791 0.255 0.913889 0.05875 0.151111 5 0.004757 0.660625 0.470833 0.0475 0.082222 5 0.004681 0.054512 0.904444 0.068477 0.154444 2 0.00433 0.305312 0.938889 0.054375 0.115556 3 0.00415 0.263047 0.786945 0.082031 0.163889 2 0.003914 0.263047 0.786945 0.082031 0.163889 4 0.003765 0.246875 0.600556 0.059687 0.095556 0 0.003664 0.225938 0.847222 0.046563 0.134444 3 0.003197 0.259922 0.541111 0.076406 0.091111 4 0.003099 0.854375 0.8675 0.09 0.225 9 0.003063 0.854375 0.863333 0.09625 0.228889 5 0.003027 0.524531 0.8775 0.073438 0.201667 4 0.003027 0.854375 0.863333 0.09625 0.228889 7 0.002878 0.360625 0.927222 0.051875 0.137778 2 0.0028 0.054512 0.904444 0.068477 0.154444 10 0.002531 0.945938 0.690278 0.108125 0.266111 4 0.002512 0.76625 0.386528 0.03625 0.070833 7 0.002472 0.101602 0.651667 0.103359 0.154444 2 0.002287 0.060049 0.736667 0.066465 0.1 4 0.002068 0.054512 0.904444 0.068477 0.154444 9 0.001942 0.360625 0.927222 0.051875 0.137778 1 0.001824 0.305312 0.938889 0.054375 0.115556 3 0.00181 0.114727 0.65 0.134297 0.188889 11 0.001761 0.332813 0.778333 0.09625 0.18 3 0.001642 0.225938 0.847222 0.046563 0.134444 10 0.001636 0.01917 0.6425 0.03834 0.251667 0 0.001525 0.300391 0.842778 0.052344 0.102222 12 0.001421 0.360625 0.927222 0.051875 0.137778 9 0.001416 0.319922 0.641944 0.067031 0.105 3 0.001394 0.00626 0.7675 0.01252 0.146111 10 0.001341 0.524531 0.8775 0.073438 0.201667 3 0.001279 0.006045 0.780278 0.01209 0.178333 2 0.001255 0.246875 0.600556 0.059687 0.095556 2 0.001235 0.69625 0.398611 0.0275 0.060556 4 0.00123 0.319922 0.641944 0.067031 0.105 12 0.001221 0.225938 0.847222 0.046563 0.134444 3 0.001116 0.255 0.913889 0.05875 0.151111 10 0.001065 0.246875 0.600556 0.059687 0.095556 6 0.001065 0.854375 0.863333 0.09625 0.228889 6 0.001032 0.421562 0.417917 0.13 0.130833 10 0.001 0.02625 0.641528 0.0525 0.243611
CCTV01^20260318-110000-20260318-120000_000375,3 0.870605 0.524375 0.878333 0.071875 0.201111 3 0.86084 0.120117 0.749722 0.095391 0.126111 0 0.766113 0.230078 0.798333 0.052969 0.132222 5 0.741699 0.67875 0.521111 0.0575 0.118889 4 0.728027 0.367031 0.885 0.105313 0.207778 2 0.725098 0.315313 0.605556 0.04875 0.105556 10 0.713867 0.359219 0.494306 0.147813 0.195833 3 0.705566 0.117051 0.92 0.122148 0.157778 2 0.665527 0.288906 0.8175 0.052188 0.128333 4 0.660156 0.366719 0.883611 0.102187 0.199444 5 0.620605 0.278516 0.715 0.074531 0.143333 0 0.42627 0.180742 0.782222 0.046641 0.12 2 0.390381 0.222578 0.693056 0.055781 0.103889 1 0.242188 0.288906 0.8175 0.052188 0.128333 1 0.175537 0.203672 0.903333 0.030469 0.064444 10 0.15918 0.067891 0.733056 0.135781 0.293889 0 0.126831 0.802188 0.7025 0.051875 0.110556 3 0.125122 0.270078 0.946111 0.073594 0.105556 1 0.108948 0.203828 0.880833 0.039844 0.107222 9 0.082703 0.278516 0.715 0.074531 0.143333 1 0.05899 0.730313 0.596111 0.034375 0.083333 4 0.058777 0.278516 0.715 0.074531 0.143333 0 0.036072 0.142305 0.786389 0.045703 0.107222 7 0.025269 0.269609 0.533194 0.073594 0.114722 10 0.024704 0.025693 0.660833 0.050645 0.306111 1 0.023422 0.730937 0.585833 0.060625 0.081667 9 0.020721 0.524375 0.878333 0.071875 0.201111 3 0.019501 0.367188 0.885278 0.105 0.205 5 0.019196 0.03458 0.8925 0.068652 0.215 10 0.018982 0.278516 0.715 0.074531 0.143333 3 0.018539 0.648906 0.307639 0.025938 0.053611 1 0.016922 0.302578 0.877778 0.034531 0.093333 7 0.012337 0.367031 0.885 0.105313 0.207778 0 0.010132 0.315313 0.605556 0.04875 0.105556 10 0.009636 0.03458 0.8925 0.068652 0.215 0 0.009598 0.203828 0.880833 0.039844 0.107222 2 0.009125 0.308125 0.758611 0.04375 0.107222 3 0.008286 0.278516 0.715 0.074531 0.143333 0 0.007149 0.308125 0.758611 0.04375 0.107222 12 0.007038 0.142305 0.786389 0.045703 0.107222 3 0.00629 0.116836 0.920556 0.118203 0.154444 0 0.006123 0.225391 0.715 0.040156 0.075556 1 0.005959 0.222578 0.693056 0.055781 0.103889 3 0.005642 0.628906 0.326111 0.027187 0.058889 0 0.005554 0.366719 0.883611 0.102187 0.199444 1 0.005386 0.77375 0.647222 0.03625 0.073333 3 0.0051 0.066484 0.733889 0.132969 0.285556 9 0.004906 0.120117 0.749722 0.095391 0.126111 9 0.004906 0.479688 0.432639 0.050625 0.084722 0 0.004848 0.82875 0.541667 0.03625 0.074444 0 0.00423 0.230547 0.798611 0.052969 0.129444 0 0.003525 0.7225 0.956944 0.05375 0.075 5 0.002935 0.222578 0.693056 0.055781 0.103889 5 0.002901 0.524375 0.878333 0.071875 0.201111 2 0.0028 0.270078 0.946111 0.073594 0.105556 8 0.002779 0.315313 0.605556 0.04875 0.105556 9 0.002779 0.03458 0.8925 0.068652 0.215 10 0.002405 0.120117 0.749722 0.095391 0.126111 2 0.002398 0.120117 0.749722 0.095391 0.126111 3 0.002216 0.222578 0.693056 0.055781 0.103889 3 0.002182 0.288906 0.8175 0.052188 0.128333 1 0.0021 0.300938 0.890278 0.04125 0.099444 2 0.002035 0.841875 0.463472 0.04625 0.079167 6 0.001926 0.315313 0.605556 0.04875 0.105556 4 0.001926 0.841875 0.463472 0.04625 0.079167 1 0.001867 0.302969 0.891667 0.03375 0.081111 0 0.001824 0.367031 0.885 0.105313 0.207778 1 0.001824 0.771875 0.631944 0.04 0.080556 12 0.001803 0.230078 0.798333 0.052969 0.132222 3 0.001796 0.366719 0.883611 0.102187 0.199444 6 0.001687 0.03458 0.8925 0.068652 0.215 2 0.001623 0.908125 0.633889 0.04625 0.096667 9 0.001574 0.367031 0.885 0.105313 0.207778 3 0.001543 0.035273 0.894167 0.069922 0.211667 3 0.00132 0.142305 0.786389 0.045703 0.107222 12 0.001294 0.841875 0.463472 0.04625 0.079167 2 0.001269 0.278516 0.715 0.074531 0.143333 2 0.001245 0.117344 0.921389 0.12125 0.157222 11 0.001165 0.315313 0.605556 0.04875 0.105556 11 0.001151 0.479688 0.432639 0.050625 0.084722 9 0.00104 0.067891 0.733056 0.135781 0.293889
CCTV01^20260318-110000-20260318-120000_000379,4 0.898926 0.323203 0.736667 0.079844 0.171111 3 0.881836 0.240781 0.725278 0.086563 0.117222 3 0.867188 0.524375 0.877778 0.071875 0.198889 10 0.85498 0.151094 0.604722 0.225313 0.252778 3 0.832031 0.754375 0.664167 0.07125 0.129444 3 0.82666 0.308594 0.585556 0.077813 0.095556 3 0.81543 0.900937 0.823889 0.123125 0.174444 2 0.813965 0.802813 0.909445 0.058125 0.154444 3 0.779785 0.326797 0.921111 0.080156 0.157778 3 0.594727 0.143516 0.889167 0.104844 0.178333 0 0.449463 0.229453 0.885 0.051719 0.103333 0 0.2323 0.28375 0.825278 0.0375 0.096111 5 0.154053 0.498281 0.407361 0.041563 0.066389 10 0.126831 0.081094 0.820556 0.162188 0.352222 0 0.115173 0.228047 0.829444 0.035156 0.063333 0 0.11438 0.249453 0.801111 0.043281 0.107778 3 0.044861 0.141602 0.888056 0.104297 0.176111 3 0.042877 0.175859 0.960556 0.082656 0.076667 3 0.036346 0.323203 0.736667 0.079844 0.171111 9 0.028336 0.524375 0.877778 0.071875 0.198889 3 0.022888 0.308281 0.585278 0.078438 0.097222 0 0.020493 0.982813 0.846667 0.034375 0.164444 2 0.017853 0.402969 0.431111 0.028437 0.061111 4 0.015671 0.841875 0.465 0.04625 0.082222 2 0.013123 0.469219 0.460972 0.035313 0.070833 2 0.010696 0.326797 0.921111 0.080156 0.157778 0 0.008575 0.214219 0.806389 0.034687 0.078333 10 0.008377 0.89375 0.66125 0.2125 0.295278 1 0.007462 0.348594 0.589444 0.034063 0.072222 9 0.007404 0.081094 0.820556 0.162188 0.352222 0 0.006191 0.85 0.541389 0.035 0.075 0 0.00605 0.212891 0.795556 0.032031 0.077778 12 0.00547 0.249453 0.801111 0.043281 0.107778 5 0.005161 0.754375 0.664167 0.07125 0.129444 2 0.005138 0.308594 0.585556 0.077813 0.095556 4 0.005081 0.754375 0.664167 0.07125 0.129444 5 0.004486 0.524375 0.877778 0.071875 0.198889 1 0.004314 0.255391 0.643889 0.048906 0.08 3 0.003679 0.079922 0.821945 0.159844 0.351667 2 0.003496 0.229453 0.885 0.051719 0.103333 9 0.003338 0.141602 0.888056 0.104297 0.176111 3 0.003273 0.982813 0.846667 0.034375 0.164444 1 0.002958 0.283906 0.848611 0.027813 0.057222 3 0.002287 0.498281 0.407361 0.041563 0.066389 9 0.002216 0.151094 0.604722 0.225313 0.252778 2 0.002125 0.754375 0.664167 0.07125 0.129444 3 0.0021 0.899375 0.824167 0.12 0.175 2 0.002028 0.240781 0.725278 0.086563 0.117222 9 0.001942 0.308594 0.585556 0.077813 0.095556 9 0.00181 0.754375 0.664167 0.07125 0.129444 1 0.001636 0.212891 0.795556 0.032031 0.077778 9 0.001597 0.240781 0.725278 0.086563 0.117222 10 0.001597 0.240781 0.725278 0.086563 0.117222 2 0.001579 0.899375 0.824167 0.12 0.175 3 0.001561 0.229453 0.885 0.051719 0.103333 3 0.001549 0.9825 0.870833 0.035 0.258333 12 0.001525 0.89375 0.66125 0.2125 0.295278 3 0.001455 0.981875 0.876944 0.03625 0.246111 10 0.001427 0.025439 0.651528 0.049746 0.283611 1 0.001416 0.802813 0.909445 0.058125 0.154444 9 0.001378 0.900313 0.825556 0.123125 0.173333 0 0.001289 0.802813 0.909445 0.058125 0.154444 1 0.001206 0.214219 0.806389 0.034687 0.078333 0 0.001206 0.849375 0.532917 0.06 0.085278 1 0.001099 0.603125 0.422639 0.014375 0.041944 11 0.00109 0.89375 0.66125 0.2125 0.295278 10 0.001057 0.524375 0.877778 0.071875 0.198889 10 0.001057 0.308594 0.585556 0.077813 0.095556 10 0.001012 0.754375 0.664167 0.07125 0.129444 1 0.001 0.982813 0.846667 0.034375 0.164444
CCTV01^20260318-110000-20260318-120000_000383,3 0.888184 0.253203 0.753056 0.082031 0.113889 3 0.868652 0.304297 0.595 0.078906 0.094444 10 0.867188 0.16 0.67125 0.200625 0.299722 3 0.866211 0.524531 0.877778 0.072813 0.2 3 0.851074 0.305078 0.815278 0.061719 0.120556 3 0.803223 0.320781 0.661667 0.061562 0.091111 2 0.754883 0.329063 0.725833 0.05875 0.106111 9 0.476562 0.239453 0.679444 0.092031 0.137778 5 0.472656 0.239453 0.679444 0.092031 0.137778 5 0.466797 0.184805 0.871945 0.106953 0.193889 9 0.178955 0.184805 0.871945 0.106953 0.193889 3 0.122498 0.239453 0.679444 0.092031 0.137778 5 0.079224 0.185625 0.868889 0.10625 0.181111 1 0.070312 0.065322 0.917222 0.056387 0.113333 4 0.060516 0.295703 0.885 0.057344 0.124444 0 0.045013 0.295703 0.885 0.057344 0.124444 9 0.034882 0.524531 0.877778 0.072813 0.2 4 0.032349 0.239453 0.679444 0.092031 0.137778 4 0.024231 0.84375 0.469167 0.0425 0.083889 9 0.019943 0.185625 0.868889 0.10625 0.181111 0 0.018341 0.877813 0.634167 0.043125 0.100556 3 0.017242 0.250625 0.959167 0.074375 0.073889 10 0.014229 0.185625 0.868889 0.10625 0.181111 5 0.013741 0.023574 0.881944 0.047148 0.236111 9 0.008987 0.253203 0.753056 0.082031 0.113889 10 0.008316 0.024707 0.650139 0.048711 0.2875 5 0.008064 0.81125 0.513333 0.04875 0.084444 3 0.007755 0.81125 0.513333 0.04875 0.084444 3 0.006439 0.184336 0.873333 0.108203 0.193333 5 0.004772 0.524531 0.877778 0.072813 0.2 0 0.004757 0.256484 0.822778 0.030469 0.085556 0 0.004486 0.065322 0.917222 0.056387 0.113333 10 0.004452 0.253203 0.753056 0.082031 0.113889 4 0.003929 0.320781 0.661667 0.061562 0.091111 10 0.003914 0.406406 0.437917 0.129688 0.174167 10 0.003839 0.239453 0.679444 0.092031 0.137778 10 0.003679 0.184805 0.871945 0.106953 0.193889 2 0.003483 0.877813 0.634167 0.043125 0.100556 4 0.003443 0.184805 0.871945 0.106953 0.193889 9 0.003063 0.305078 0.815278 0.061719 0.120556 9 0.002705 0.304297 0.595 0.078906 0.094444 5 0.002705 0.496875 0.414722 0.03625 0.057778 9 0.00255 0.16 0.67125 0.200625 0.299722 10 0.002493 0.024727 0.674167 0.049453 0.328333 4 0.002424 0.185625 0.868889 0.10625 0.181111 5 0.002415 0.329063 0.725833 0.05875 0.106111 3 0.001789 0.02 0.868889 0.04 0.156667 10 0.0017 0.305078 0.815278 0.061719 0.120556 10 0.001525 0.320781 0.661667 0.061562 0.091111 3 0.001525 0.295703 0.885 0.057344 0.124444 2 0.001495 0.84375 0.469167 0.0425 0.083889 3 0.00141 0.019678 0.873333 0.039355 0.171111 6 0.001399 0.184805 0.871945 0.106953 0.193889 3 0.001394 0.018086 0.887222 0.036172 0.225556 4 0.001372 0.253203 0.753056 0.082031 0.113889 1 0.001169 0.989688 0.649722 0.020625 0.122778 2 0.001143 0.253203 0.753056 0.082031 0.113889 1 0.001143 0.989688 0.668056 0.020625 0.107222 10 0.001112 0.024746 0.690278 0.049492 0.349444 1 0.001078 0.329063 0.725833 0.05875 0.106111 10 0.001032 0.524531 0.877778 0.072813 0.2 1 0.001024 0.025977 0.962778 0.044063 0.074444
CCTV01^20260318-110000-20260318-120000_000387,3 0.870605 0.172305 0.814722 0.082891 0.130556 3 0.870605 0.259766 0.910833 0.072031 0.158333 3 0.862305 0.524063 0.878056 0.071875 0.199444 3 0.861328 0.316875 0.691389 0.059375 0.103889 3 0.84375 0.318906 0.619167 0.063438 0.086111 3 0.684082 0.166992 0.926667 0.107266 0.146667 0 0.672363 0.350156 0.806111 0.054063 0.113333 5 0.668945 0.252187 0.703611 0.08375 0.141667 3 0.611328 0.273281 0.535972 0.068438 0.083611 5 0.554688 0.671875 0.474167 0.04875 0.097778 3 0.411133 0.087422 0.927222 0.105469 0.14 3 0.381104 0.165977 0.927222 0.108047 0.145556 1 0.346924 0.730625 0.838611 0.035 0.101667 0 0.236572 0.277656 0.7975 0.043125 0.109445 9 0.194336 0.252187 0.703611 0.08375 0.141667 3 0.17334 0.085586 0.921389 0.113203 0.156111 4 0.085083 0.9525 0.8825 0.09375 0.231667 2 0.07782 0.96875 0.760278 0.0625 0.167222 4 0.031494 0.952188 0.886111 0.095625 0.227778 9 0.027588 0.524063 0.878056 0.071875 0.199444 3 0.027588 0.061563 0.804444 0.123125 0.327778 10 0.027267 0.865313 0.845556 0.215625 0.308889 10 0.02626 0.356719 0.477222 0.132188 0.181111 10 0.019058 0.061797 0.802778 0.123594 0.336667 4 0.013794 0.252187 0.703611 0.08375 0.141667 9 0.012238 0.318906 0.619167 0.063438 0.086111 2 0.009743 0.875937 0.577778 0.044375 0.084444 2 0.008446 0.273281 0.535972 0.068438 0.083611 5 0.008125 0.061797 0.802778 0.123594 0.336667 10 0.007965 0.252187 0.703611 0.08375 0.141667 3 0.006798 0.475 0.4725 0.0475 0.058333 1 0.006241 0.153516 0.728056 0.037969 0.081667 3 0.005913 0.252187 0.703611 0.08375 0.141667 4 0.005535 0.671875 0.474167 0.04875 0.097778 4 0.004829 0.9525 0.881667 0.095 0.196667 2 0.004627 0.318906 0.619167 0.063438 0.086111 0 0.004181 0.153516 0.728056 0.037969 0.081667 5 0.00396 0.524063 0.878056 0.071875 0.199444 6 0.003944 0.061797 0.802778 0.123594 0.336667 1 0.003809 0.72875 0.841944 0.04875 0.112778 1 0.003693 0.732188 0.825 0.068125 0.104444 5 0.003607 0.431875 0.46625 0.058125 0.076944 5 0.002993 0.475 0.4725 0.0475 0.058333 4 0.0028 0.431875 0.46625 0.058125 0.076944 9 0.002398 0.431875 0.46625 0.058125 0.076944 7 0.002287 0.9525 0.8825 0.09375 0.231667 0 0.002279 0.730625 0.838611 0.035 0.101667 4 0.002174 0.213281 0.648889 0.059063 0.113333 3 0.0021 0.671875 0.474167 0.04875 0.097778 7 0.002003 0.9525 0.881667 0.095 0.196667 9 0.001987 0.273281 0.535972 0.068438 0.083611 12 0.001957 0.9525 0.8825 0.09375 0.231667 4 0.001796 0.316875 0.691389 0.059375 0.103889 10 0.001461 0.318906 0.619167 0.063438 0.086111 2 0.001362 0.166992 0.926667 0.107266 0.146667 4 0.001346 0.318906 0.619167 0.063438 0.086111 3 0.001285 0.431875 0.46625 0.058125 0.076944 10 0.001265 0.524063 0.878056 0.071875 0.199444 5 0.001249 0.318906 0.619167 0.063438 0.086111 12 0.001197 0.952188 0.886111 0.095625 0.227778 10 0.001174 0.172305 0.814722 0.082891 0.130556 9 0.001147 0.061797 0.802778 0.123594 0.336667 12 0.001116 0.350156 0.806111 0.054063 0.113333 0 0.001095 0.257656 0.774167 0.028125 0.080556 3 0.001073 0.954688 0.886111 0.090625 0.227778 0 0.001065 0.875937 0.577778 0.044375 0.084444 0 0.001037 0.108438 0.521667 0.16375 0.226667
CCTV01^20260318-110000-20260318-120000_000391,3 0.884277 0.524844 0.878333 0.073438 0.2 3 0.86084 0.226562 0.766389 0.079062 0.145 3 0.82666 0.270469 0.83 0.071563 0.127778 3 0.81543 0.235 0.638611 0.0725 0.105 3 0.773438 0.167695 0.921945 0.093047 0.153889 3 0.692871 0.308125 0.539445 0.055625 0.073333 10 0.692871 0.172813 0.599445 0.176875 0.272222 5 0.686035 0.169492 0.748056 0.095391 0.157222 9 0.57373 0.313047 0.614722 0.083281 0.112778 3 0.569824 0.787813 0.608333 0.073125 0.118889 5 0.565918 0.313047 0.614722 0.083281 0.112778 8 0.303955 0.309375 0.924722 0.085625 0.150556 3 0.273682 0.225781 0.945278 0.076563 0.108333 0 0.259766 0.310781 0.736389 0.037188 0.096111 4 0.164551 0.313047 0.614722 0.083281 0.112778 9 0.115967 0.169492 0.748056 0.095391 0.157222 3 0.110107 0.340469 0.554306 0.050937 0.070278 9 0.098755 0.235 0.638611 0.0725 0.105 0 0.090088 0.276406 0.735833 0.037188 0.093889 5 0.057922 0.787813 0.608333 0.073125 0.118889 10 0.05542 0.063711 0.818333 0.127422 0.353333 7 0.049591 0.680313 0.441111 0.046875 0.093333 9 0.046387 0.787813 0.608333 0.073125 0.118889 3 0.039185 0.313047 0.614722 0.083281 0.112778 1 0.037201 0.837188 0.719167 0.039375 0.097222 4 0.02626 0.787813 0.608333 0.073125 0.118889 1 0.024048 0.8375 0.741667 0.03 0.064444 4 0.020889 0.680313 0.441111 0.046875 0.093333 10 0.019272 0.313047 0.614722 0.083281 0.112778 4 0.019119 0.169492 0.748056 0.095391 0.157222 2 0.017578 0.858125 0.560417 0.03875 0.081389 9 0.017044 0.226562 0.766389 0.079062 0.145 0 0.016922 0.837188 0.719167 0.039375 0.097222 9 0.015488 0.524844 0.878333 0.073438 0.2 0 0.015488 0.948438 0.628889 0.040625 0.081111 0 0.011963 0.318438 0.686667 0.045625 0.094444 0 0.010406 0.315313 0.712222 0.040625 0.088889 2 0.008064 0.35875 0.487639 0.04625 0.074722 3 0.008034 0.169492 0.748056 0.095391 0.157222 0 0.007935 0.858125 0.560417 0.03875 0.081389 4 0.006771 0.235 0.638611 0.0725 0.105 5 0.006264 0.235 0.638611 0.0725 0.105 4 0.005913 0.309375 0.924722 0.085625 0.150556 0 0.005219 0.321172 0.701667 0.035156 0.088889 1 0.0047 0.8325 0.716111 0.08375 0.121111 10 0.004215 0.169492 0.748056 0.095391 0.157222 4 0.003551 0.276406 0.735833 0.037188 0.093889 0 0.003416 0.308672 0.714722 0.032031 0.068333 5 0.002913 0.524844 0.878333 0.073438 0.2 3 0.002901 0.680313 0.441111 0.046875 0.093333 6 0.002834 0.313047 0.614722 0.083281 0.112778 2 0.002693 0.787813 0.608333 0.073125 0.118889 1 0.002472 0.808125 0.567639 0.025 0.064722 4 0.002462 0.975937 0.580833 0.044375 0.128333 8 0.002378 0.313047 0.614722 0.083281 0.112778 3 0.002199 0.512187 0.410278 0.035625 0.053333 4 0.002182 0.270469 0.83 0.071563 0.127778 7 0.002115 0.404531 0.42125 0.055313 0.091944 3 0.0021 0.061484 0.817778 0.122969 0.342222 10 0.00209 0.235 0.638611 0.0725 0.105 4 0.002068 0.226562 0.766389 0.079062 0.145 3 0.00202 0.403438 0.421389 0.0425 0.061667 10 0.001734 0.226562 0.766389 0.079062 0.145 5 0.001554 0.226562 0.766389 0.079062 0.145 5 0.001549 0.512187 0.410278 0.035625 0.053333 0 0.001536 0.112188 0.520833 0.173438 0.216111 12 0.001444 0.837188 0.719167 0.039375 0.097222 1 0.001421 0.453438 0.449861 0.023125 0.054167 4 0.001383 0.308125 0.539445 0.055625 0.073333 4 0.001346 0.938437 0.515556 0.055625 0.1 3 0.001216 0.276406 0.735833 0.037188 0.093889 10 0.001179 0.787813 0.608333 0.073125 0.118889 1 0.001169 0.841562 0.721667 0.061875 0.117778 1 0.001134 0.841562 0.745833 0.026875 0.057222 0 0.001065 0.315156 0.671389 0.040937 0.070556
CCTV01^20260318-110000-20260318-120000_000395,8 0.892578 0.303438 0.803056 0.0625 0.151667 3 0.875 0.524375 0.878889 0.07 0.2 3 0.867188 0.241719 0.92 0.076875 0.153333 3 0.866211 0.266172 0.760833 0.083594 0.147222 10 0.790527 0.16293 0.754444 0.240391 0.375556 0 0.728027 0.8225 0.806667 0.04625 0.126667 4 0.705566 0.9525 0.795 0.095 0.164444 3 0.629883 0.323672 0.653889 0.062656 0.09 3 0.560059 0.154922 0.936389 0.094844 0.123889 9 0.464844 0.716563 0.606111 0.071875 0.152222 0 0.346924 0.754063 0.56 0.036875 0.064444 7 0.083862 0.716563 0.606111 0.071875 0.152222 2 0.069031 0.783438 0.478333 0.030625 0.066111 3 0.065369 0.370625 0.450278 0.038125 0.071111 2 0.049225 0.806563 0.511528 0.034375 0.073611 0 0.033722 0.345469 0.581944 0.035937 0.081667 10 0.029541 0.08125 0.678333 0.1625 0.29 3 0.020645 0.9525 0.795 0.095 0.164444 10 0.018051 0.221563 0.590417 0.209375 0.244722 5 0.01799 0.370625 0.450278 0.038125 0.071111 9 0.016098 0.524375 0.878889 0.07 0.2 5 0.015129 0.9525 0.795 0.095 0.164444 5 0.013374 0.48625 0.420972 0.0425 0.065833 11 0.012772 0.716563 0.606111 0.071875 0.152222 5 0.011375 0.439063 0.454028 0.055625 0.075833 3 0.009125 0.48625 0.420972 0.0425 0.065833 9 0.006027 0.16293 0.754444 0.240391 0.375556 3 0.005001 0.164219 0.750556 0.241563 0.367778 5 0.004646 0.524375 0.878889 0.07 0.2 3 0.0042 0.439063 0.454028 0.055625 0.075833 3 0.00375 0.344453 0.946389 0.116094 0.107222 3 0.002747 0.303438 0.803056 0.0625 0.151667 4 0.00255 0.716563 0.606111 0.071875 0.152222 2 0.002359 0.8225 0.806667 0.04625 0.126667 7 0.002342 0.9525 0.795 0.095 0.164444 9 0.002132 0.08125 0.678333 0.1625 0.29 0 0.001957 0.221563 0.590417 0.209375 0.244722 10 0.001919 0.6475 0.314722 0.04125 0.110556 10 0.001741 0.276719 0.4825 0.139687 0.162778 2 0.001727 0.754063 0.56 0.036875 0.064444 0 0.001649 0.08125 0.678333 0.1625 0.29 5 0.001611 0.401406 0.382361 0.032812 0.044722 10 0.001421 0.016523 0.6675 0.033047 0.302778 9 0.001255 0.439063 0.454028 0.055625 0.075833 9 0.001053 0.9525 0.795 0.095 0.164444 11 0.00104 0.303438 0.803056 0.0625 0.151667
CCTV01^20260318-110000-20260318-120000_000399,3 0.884277 0.768438 0.847222 0.079375 0.166667 3 0.868164 0.524375 0.878056 0.07125 0.200556 3 0.854004 0.216797 0.7675 0.075781 0.133889 5 0.823242 0.305469 0.907222 0.120313 0.185556 2 0.791992 0.272188 0.724167 0.051562 0.113889 2 0.695801 0.36 0.818333 0.060625 0.13 2 0.689453 0.809062 0.7725 0.046875 0.125 8 0.631836 0.302578 0.778056 0.065469 0.131667 10 0.625977 0.92 0.818333 0.16 0.363333 10 0.31665 0.353281 0.526389 0.149688 0.225 10 0.256104 0.128906 0.605278 0.209063 0.266111 3 0.136597 0.505313 0.418472 0.0375 0.0625 10 0.113586 0.281641 0.521528 0.155469 0.2125 9 0.027481 0.524375 0.878056 0.07125 0.200556 3 0.021774 0.471719 0.472222 0.047813 0.066111 9 0.020416 0.305469 0.907222 0.120313 0.185556 2 0.019943 0.866562 0.55 0.041875 0.08 4 0.016983 0.305469 0.907222 0.120313 0.185556 1 0.016342 0.228438 0.646111 0.043438 0.082222 3 0.0159 0.809062 0.7725 0.046875 0.125 1 0.015671 0.809062 0.7725 0.046875 0.125 1 0.014389 0.159688 0.8675 0.0425 0.106111 0 0.012428 0.194375 0.866389 0.039688 0.087222 0 0.012192 0.159688 0.8675 0.0425 0.106111 10 0.0093 0.428594 0.415694 0.107813 0.145833 3 0.007694 0.170469 0.949722 0.105313 0.100556 10 0.004791 0.031641 0.854167 0.063281 0.291667 1 0.004772 0.227734 0.654167 0.038906 0.065 3 0.004574 0.054277 0.245 0.024336 0.034444 3 0.00425 0.168867 0.950833 0.101016 0.098333 9 0.0042 0.128906 0.605278 0.209063 0.266111 5 0.003809 0.524375 0.878056 0.07125 0.200556 5 0.002993 0.36 0.818333 0.060625 0.13 9 0.002747 0.92 0.818333 0.16 0.363333 10 0.002621 0.022676 0.616111 0.044648 0.23 6 0.002493 0.305469 0.907222 0.120313 0.185556 0 0.002115 0.091074 0.523611 0.142852 0.193889 9 0.00205 0.353281 0.526389 0.149688 0.225 1 0.00202 0.272188 0.724167 0.051562 0.113889 4 0.001949 0.216797 0.7675 0.075781 0.133889 3 0.001831 0.305156 0.905833 0.120313 0.187222 0 0.001824 0.174844 0.8625 0.109063 0.138333 4 0.001687 0.768438 0.847222 0.079375 0.166667 3 0.001531 0.919688 0.819444 0.159375 0.361111 2 0.001507 0.505313 0.418472 0.0375 0.0625 10 0.001427 0.768438 0.847222 0.079375 0.166667 5 0.001416 0.471719 0.472222 0.047813 0.066111 10 0.001383 0.216797 0.7675 0.075781 0.133889 9 0.001211 0.281641 0.521528 0.155469 0.2125 0 0.001134 0.228438 0.646111 0.043438 0.082222 10 0.001112 0.524375 0.878056 0.07125 0.200556 3 0.00109 0.128984 0.601944 0.208594 0.270556 5 0.001017 0.272188 0.724167 0.051562 0.113889
CCTV01^20260318-110000-20260318-120000_000403,3 0.870605 0.524531 0.877778 0.072188 0.201111 3 0.854004 0.14793 0.930278 0.083516 0.136111 10 0.808105 0.233086 0.64 0.201328 0.282222 3 0.805664 0.74 0.695278 0.065 0.116111 3 0.791992 0.313125 0.653889 0.07625 0.101111 5 0.751953 0.26375 0.785 0.09125 0.165556 5 0.675781 0.257734 0.908889 0.120156 0.182222 5 0.65332 0.760313 0.852222 0.086875 0.22 3 0.609375 0.846875 0.718611 0.06375 0.137222 0 0.527344 0.364375 0.927222 0.05 0.127778 3 0.505859 0.78125 0.570833 0.04875 0.093889 5 0.355713 0.078828 0.768611 0.157656 0.256111 3 0.329346 0.724688 0.523889 0.054375 0.087778 2 0.256836 0.052695 0.865833 0.088359 0.148333 0 0.199341 0.832812 0.864444 0.054375 0.147778 10 0.194946 0.286016 0.468333 0.150469 0.175556 9 0.133423 0.078828 0.768611 0.157656 0.256111 10 0.102295 0.26375 0.785 0.09125 0.165556 5 0.096008 0.846875 0.718611 0.06375 0.137222 10 0.042572 0.078828 0.768611 0.157656 0.256111 5 0.038605 0.760312 0.850556 0.088125 0.22 10 0.035828 0.940313 0.856667 0.119375 0.286667 3 0.033966 0.052695 0.865833 0.088359 0.148333 9 0.027802 0.524531 0.877778 0.072188 0.201111 0 0.027802 0.164766 0.811389 0.070781 0.120556 4 0.026459 0.760313 0.852222 0.086875 0.22 12 0.024796 0.832812 0.864444 0.054375 0.147778 3 0.021042 0.07707 0.765833 0.154141 0.258333 5 0.019196 0.724688 0.523889 0.054375 0.087778 9 0.017044 0.313125 0.653889 0.07625 0.101111 6 0.015488 0.078828 0.768611 0.157656 0.256111 1 0.013901 0.052695 0.865833 0.088359 0.148333 4 0.013847 0.257734 0.908889 0.120156 0.182222 4 0.013428 0.846875 0.718611 0.06375 0.137222 3 0.012726 0.032783 0.961111 0.065215 0.077778 9 0.011162 0.257734 0.908889 0.120156 0.182222 9 0.009193 0.14793 0.930278 0.083516 0.136111 9 0.009125 0.26375 0.785 0.09125 0.165556 9 0.008575 0.233086 0.64 0.201328 0.282222 5 0.008545 0.313125 0.653889 0.07625 0.101111 2 0.008255 0.313125 0.653889 0.07625 0.101111 3 0.007812 0.502344 0.442361 0.035313 0.061389 9 0.007149 0.760313 0.852222 0.086875 0.22 9 0.006798 0.846875 0.718611 0.06375 0.137222 1 0.006489 0.341719 0.520278 0.022187 0.055 12 0.00629 0.364375 0.927222 0.05 0.127778 10 0.005821 0.471094 0.402917 0.095312 0.1525 5 0.005619 0.502344 0.442361 0.035313 0.061389 6 0.005489 0.26375 0.785 0.09125 0.165556 3 0.005322 0.054375 0.244097 0.02375 0.03125 3 0.00528 0.257812 0.908889 0.119375 0.182222 12 0.004982 0.788438 0.468611 0.039375 0.087778 10 0.004719 0.404063 0.413611 0.100625 0.157222 0 0.004417 0.294531 0.733333 0.047187 0.093333 10 0.004025 0.760313 0.852222 0.086875 0.22 4 0.004025 0.078828 0.768611 0.157656 0.256111 3 0.004005 0.739375 0.695278 0.06375 0.117222 2 0.003914 0.257734 0.908889 0.120156 0.182222 0 0.003796 0.404063 0.413611 0.100625 0.157222 5 0.003538 0.524531 0.877778 0.072188 0.201111 5 0.003351 0.052695 0.865833 0.088359 0.148333 4 0.003311 0.26375 0.785 0.09125 0.165556 3 0.003223 0.760313 0.852222 0.086875 0.22 4 0.003185 0.724688 0.523889 0.054375 0.087778 4 0.002867 0.78125 0.570833 0.04875 0.093889 10 0.002621 0.043203 0.767778 0.086406 0.422222 10 0.002611 0.258281 0.911111 0.119063 0.177778 9 0.002192 0.286016 0.468333 0.150469 0.175556 0 0.002157 0.987188 0.777778 0.025625 0.148889 10 0.002003 0.015986 0.675417 0.031973 0.338056 10 0.001861 0.985 0.836111 0.03 0.327778 2 0.001761 0.78125 0.570833 0.04875 0.093889 4 0.001694 0.052695 0.865833 0.088359 0.148333 8 0.001668 0.832812 0.864444 0.054375 0.147778 2 0.001649 0.14793 0.930278 0.083516 0.136111 10 0.001649 0.14793 0.930278 0.083516 0.136111 4 0.001604 0.313125 0.653889 0.07625 0.101111 2 0.001501 0.846875 0.718611 0.06375 0.137222 3 0.001438 0.941563 0.860278 0.115625 0.279444 5 0.001279 0.78125 0.570833 0.04875 0.093889 1 0.001216 0.341719 0.531667 0.018438 0.038889 10 0.001192 0.524531 0.877778 0.072188 0.201111 4 0.001174 0.14793 0.930278 0.083516 0.136111 3 0.001151 0.164766 0.811389 0.070781 0.120556 2 0.001143 0.078828 0.768611 0.157656 0.256111 9 0.001069 0.724688 0.523889 0.054375 0.087778 5 0.001065 0.258281 0.911111 0.119063 0.177778 0 0.001057 0.989688 0.774722 0.020625 0.155 9 0.001044 0.985 0.836111 0.03 0.327778
CCTV01^20260318-110000-20260318-120000_000407,3 0.856934 0.524375 0.877222 0.073125 0.202222 3 0.84375 0.166641 0.845833 0.078594 0.142778 11 0.822266 0.146211 0.680833 0.139141 0.190556 3 0.794434 0.685938 0.58625 0.059375 0.118611 8 0.756348 0.297891 0.7325 0.067969 0.138333 3 0.699219 0.065391 0.896389 0.12 0.171667 5 0.651367 0.234453 0.766944 0.064219 0.163889 5 0.609375 0.285391 0.645 0.079844 0.127778 0 0.592773 0.75125 0.8025 0.045 0.125 9 0.449463 0.285391 0.645 0.079844 0.127778 4 0.289307 0.286328 0.883611 0.101094 0.215 9 0.250977 0.234453 0.766944 0.064219 0.163889 11 0.214722 0.274687 0.575556 0.116875 0.161111 2 0.176636 0.089375 0.789167 0.057344 0.127222 12 0.127686 0.795938 0.926944 0.068125 0.146111 4 0.100891 0.221406 0.942778 0.068125 0.113333 0 0.09137 0.175391 0.949722 0.052344 0.095 10 0.086609 0.087187 0.660833 0.174375 0.293889 4 0.079224 0.287656 0.880556 0.099062 0.218889 3 0.049774 0.409688 0.930556 0.13 0.138889 10 0.037598 0.285391 0.645 0.079844 0.127778 3 0.037598 0.287656 0.880556 0.099062 0.218889 5 0.036072 0.790312 0.528889 0.044375 0.095556 7 0.03186 0.287656 0.880556 0.099062 0.218889 4 0.031738 0.285391 0.645 0.079844 0.127778 0 0.031616 0.78125 0.675833 0.03625 0.101667 3 0.031616 0.095742 0.946389 0.098828 0.107222 3 0.031494 0.064531 0.897222 0.115469 0.162222 9 0.030441 0.287656 0.880556 0.099062 0.218889 10 0.029541 0.234453 0.766944 0.064219 0.163889 1 0.028656 0.008354 0.941111 0.016709 0.107778 9 0.025375 0.524375 0.877222 0.073125 0.202222 10 0.02153 0.406719 0.470417 0.121563 0.186944 11 0.021454 0.795938 0.926944 0.068125 0.146111 0 0.021454 0.75375 0.701389 0.04 0.096111 3 0.020569 0.005269 0.850833 0.010537 0.157222 8 0.019058 0.287656 0.880556 0.099062 0.218889 8 0.01445 0.795938 0.926944 0.068125 0.146111 9 0.013901 0.146211 0.680833 0.139141 0.190556 3 0.013794 0.405625 0.930556 0.11875 0.136667 4 0.013329 0.234453 0.766944 0.064219 0.163889 0 0.013123 0.008354 0.941111 0.016709 0.107778 0 0.01001 0.91125 0.6825 0.055 0.105 3 0.007874 0.285391 0.645 0.079844 0.127778 9 0.007812 0.065918 0.893889 0.117852 0.174444 3 0.007812 0.286563 0.883333 0.10125 0.213333 8 0.007431 0.274687 0.575556 0.116875 0.161111 3 0.007011 0.903438 0.941944 0.083125 0.116111 3 0.006985 0.007317 0.864444 0.014409 0.181111 3 0.006931 0.234453 0.766944 0.064219 0.163889 7 0.006931 0.844688 0.570833 0.040625 0.088333 0 0.005913 0.967188 0.7025 0.054375 0.102778 9 0.005062 0.087187 0.660833 0.174375 0.293889 3 0.005062 0.005508 0.8325 0.011016 0.171667 4 0.005001 0.166641 0.845833 0.078594 0.142778 3 0.004665 0.974375 0.911667 0.05125 0.176667 3 0.004555 0.008066 0.914722 0.016133 0.153889 1 0.004486 0.089375 0.789167 0.057344 0.127222 10 0.004433 0.017529 0.658611 0.035059 0.299444 4 0.004417 0.065918 0.893889 0.117852 0.174444 9 0.004364 0.166641 0.845833 0.078594 0.142778 11 0.003651 0.287656 0.880556 0.099062 0.218889 3 0.003538 0.012871 0.887778 0.025742 0.224444 3 0.003511 0.146406 0.678056 0.139375 0.188333 4 0.003429 0.795938 0.926944 0.068125 0.146111 0 0.003429 0.005269 0.850833 0.010537 0.157222 2 0.003403 0.005269 0.850833 0.010537 0.157222 4 0.003325 0.685938 0.58625 0.059375 0.118611 3 0.003223 0.008354 0.941111 0.016709 0.107778 3 0.003052 0.080703 0.6625 0.161094 0.290556 5 0.002947 0.524375 0.877222 0.073125 0.202222 1 0.002901 0.798438 0.625556 0.031875 0.078889 3 0.002846 0.790312 0.528889 0.044375 0.095556 5 0.002693 0.685938 0.58625 0.059375 0.118611 0 0.002653 0.287656 0.880556 0.099062 0.218889 10 0.002642 0.97 0.9025 0.06 0.195 2 0.002472 0.005508 0.8325 0.011016 0.171667 7 0.002434 0.286328 0.883611 0.101094 0.215 4 0.002388 0.012871 0.887778 0.025742 0.224444 3 0.002314 0.410156 0.931389 0.112187 0.132778 9 0.002279 0.685938 0.58625 0.059375 0.118611 10 0.002253 0.090547 0.635695 0.165781 0.251944 3 0.002199 0.010544 0.877222 0.020669 0.192222 3 0.002132 0.220625 0.534306 0.051875 0.075833 0 0.001995 0.007317 0.864444 0.014409 0.181111 7 0.00198 0.221406 0.942778 0.068125 0.113333 5 0.001965 0.089375 0.789167 0.057344 0.127222 3 0.001897 0.012666 0.897778 0.025332 0.204444 3 0.001853 0.012334 0.899167 0.024668 0.191667 1 0.001846 0.221406 0.942778 0.068125 0.113333 10 0.001839 0.101641 0.594583 0.149844 0.164167 10 0.001768 0.166641 0.845833 0.078594 0.142778 3 0.001761 0.013477 0.849444 0.026953 0.203333 2 0.001741 0.285391 0.645 0.079844 0.127778 5 0.001741 0.005269 0.850833 0.010537 0.157222 10 0.001714 0.027871 0.681944 0.055742 0.343889 9 0.001661 0.274687 0.575556 0.116875 0.161111 12 0.001623 0.287656 0.880556 0.099062 0.218889 5 0.001579 0.97 0.9025 0.06 0.195 10 0.001561 0.146211 0.680833 0.139141 0.190556 5 0.001513 0.974375 0.911667 0.05125 0.176667 3 0.001501 0.275703 0.576806 0.112969 0.159722 3 0.001467 0.089375 0.789167 0.057344 0.127222 12 0.001405 0.91125 0.6825 0.055 0.105 8 0.001389 0.146211 0.680833 0.139141 0.190556 2 0.0013 0.758438 0.488611 0.035625 0.075 11 0.001289 0.286328 0.883611 0.101094 0.215 0 0.001289 0.406719 0.470417 0.121563 0.186944 5 0.001245 0.166641 0.845833 0.078594 0.142778 0 0.00124 0.992188 0.680833 0.015625 0.091667 0 0.001197 0.991875 0.669167 0.01625 0.091667 5 0.001161 0.065918 0.893889 0.117852 0.174444 0 0.001161 0.005508 0.8325 0.011016 0.171667 10 0.001138 0.524375 0.877222 0.073125 0.202222 1 0.001078 0.782188 0.692222 0.029375 0.071111 2 0.001065 0.008354 0.941111 0.016709 0.107778 10 0.00104 0.685938 0.58625 0.059375 0.118611 3 0.00102 0.016865 0.866111 0.033066 0.181111
CCTV01^20260318-110000-20260318-120000_000412,10 0.890137 0.749375 0.655833 0.1425 0.320556 3 0.864258 0.524531 0.877778 0.070937 0.2 3 0.845703 0.196563 0.769722 0.074687 0.127222 3 0.836426 0.140273 0.877222 0.101953 0.137778 3 0.762207 0.136445 0.778333 0.086484 0.132222 5 0.741699 0.335234 0.817778 0.092031 0.183333 3 0.740234 0.035806 0.901667 0.071592 0.161111 8 0.635254 0.290469 0.632778 0.053125 0.121111 5 0.486328 0.232109 0.646667 0.051719 0.115556 0 0.457031 0.437656 0.911111 0.061563 0.116667 5 0.416748 0.323984 0.568611 0.070781 0.108333 7 0.395996 0.24 0.849444 0.06875 0.165556 4 0.27832 0.161797 0.671667 0.086406 0.134444 9 0.233765 0.323984 0.568611 0.070781 0.108333 1 0.165649 0.759688 0.894167 0.053125 0.117222 9 0.147095 0.232109 0.646667 0.051719 0.115556 5 0.099487 0.649375 0.38875 0.0375 0.075278 4 0.057068 0.260625 0.725556 0.06375 0.151111 4 0.049957 0.24 0.849444 0.06875 0.165556 10 0.047943 0.914375 0.841667 0.17125 0.316667 1 0.043518 0.437656 0.911111 0.061563 0.116667 3 0.043365 0.323984 0.568611 0.070781 0.108333 4 0.040833 0.323984 0.568611 0.070781 0.108333 1 0.038605 0.654063 0.516111 0.025625 0.076667 7 0.031143 0.161797 0.671667 0.086406 0.134444 9 0.028976 0.524531 0.877778 0.070937 0.2 2 0.022629 0.035806 0.901667 0.071592 0.161111 3 0.019867 0.808438 0.6625 0.058125 0.130556 0 0.019791 0.759688 0.894167 0.053125 0.117222 3 0.018188 0.626563 0.306111 0.0225 0.053889 10 0.017853 0.0825 0.664167 0.165 0.292778 0 0.017242 0.260625 0.725556 0.06375 0.151111 7 0.017242 0.260625 0.725556 0.06375 0.151111 2 0.016663 0.336172 0.945 0.065781 0.11 0 0.016098 0.176563 0.92 0.049688 0.1 2 0.015251 0.140273 0.877222 0.101953 0.137778 10 0.015076 0.335234 0.817778 0.092031 0.183333 10 0.013794 0.232109 0.646667 0.051719 0.115556 3 0.0121 0.161797 0.671667 0.086406 0.134444 11 0.011467 0.296641 0.528611 0.089844 0.125 12 0.010948 0.759688 0.894167 0.053125 0.117222 3 0.009415 0.232109 0.646667 0.051719 0.115556 11 0.008446 0.396094 0.483472 0.094688 0.114167 9 0.008286 0.035806 0.901667 0.071592 0.161111 4 0.008186 0.237813 0.778611 0.039062 0.090556 3 0.008156 0.136797 0.776945 0.087969 0.132778 9 0.007694 0.335234 0.817778 0.092031 0.183333 1 0.007317 0.757812 0.921389 0.036875 0.066111 3 0.006985 0.649375 0.38875 0.0375 0.075278 2 0.006641 0.232109 0.646667 0.051719 0.115556 3 0.006264 0.664688 0.334444 0.025625 0.055 9 0.006123 0.140273 0.877222 0.101953 0.137778 9 0.005535 0.196563 0.769722 0.074687 0.127222 4 0.0051 0.196563 0.769722 0.074687 0.127222 4 0.004887 0.232109 0.646667 0.051719 0.115556 0 0.004383 0.375156 0.925556 0.066562 0.123333 10 0.004364 0.016289 0.660556 0.032578 0.292222 10 0.003796 0.323984 0.568611 0.070781 0.108333 5 0.003708 0.524531 0.877778 0.070937 0.2 3 0.003551 0.054102 0.244306 0.023828 0.033056 7 0.003456 0.226953 0.48875 0.033906 0.071389 3 0.003172 0.375156 0.925556 0.066562 0.123333 0 0.00316 0.49875 0.437083 0.024375 0.061389 4 0.002924 0.375156 0.925556 0.066562 0.123333 4 0.002571 0.335234 0.817778 0.092031 0.183333 7 0.00255 0.176563 0.92 0.049688 0.1 5 0.002462 0.808438 0.6625 0.058125 0.130556 10 0.002369 0.140273 0.877222 0.101953 0.137778 0 0.002323 0.068662 0.739722 0.069395 0.111667 10 0.00214 0.196563 0.769722 0.074687 0.127222 3 0.002132 0.260625 0.725556 0.06375 0.151111 4 0.001957 0.808438 0.6625 0.058125 0.130556 5 0.001775 0.226953 0.48875 0.033906 0.071389 9 0.001755 0.749375 0.655833 0.1425 0.320556 2 0.001755 0.161797 0.671667 0.086406 0.134444 10 0.001741 0.035806 0.901667 0.071592 0.161111 3 0.001741 0.005039 0.842778 0.010078 0.193333 9 0.001694 0.260625 0.725556 0.06375 0.151111 4 0.001694 0.830313 0.460556 0.040625 0.087778 2 0.001687 0.24 0.849444 0.06875 0.165556 3 0.001636 0.068662 0.739722 0.069395 0.111667 4 0.001592 0.136445 0.778333 0.086484 0.132222 0 0.001549 0.089863 0.793889 0.040586 0.09 0 0.001536 0.344375 0.452083 0.029375 0.066389 1 0.001507 0.24 0.849444 0.06875 0.165556 3 0.001478 0.226953 0.48875 0.033906 0.071389 3 0.001455 0.005796 0.823056 0.011592 0.191667 3 0.001216 0.335234 0.817778 0.092031 0.183333 0 0.001216 0.0825 0.664167 0.165 0.292778 5 0.001211 0.196563 0.769722 0.074687 0.127222 10 0.001188 0.524531 0.877778 0.070937 0.2 6 0.001184 0.323984 0.568611 0.070781 0.108333 2 0.001124 0.290469 0.888056 0.050625 0.140556 3 0.001112 0.018545 0.844722 0.03709 0.226111 12 0.001099 0.830313 0.460556 0.040625 0.087778 1 0.001073 0.237813 0.778611 0.039062 0.090556
CCTV01^20260318-110000-20260318-120000_000420,3 0.869629 0.524531 0.878056 0.071562 0.200556 3 0.850098 0.251641 0.840833 0.068594 0.141667 10 0.806641 0.921875 0.7825 0.15625 0.425 10 0.747559 0.9225 0.783611 0.155 0.428333 2 0.733887 0.106641 0.858333 0.081406 0.145556 5 0.694336 0.165898 0.764444 0.096953 0.138889 0 0.560059 0.298906 0.909167 0.058437 0.143889 3 0.373779 0.171406 0.941667 0.072188 0.116667 0 0.319092 0.171641 0.836667 0.050156 0.108889 3 0.23938 0.167422 0.699722 0.094531 0.100556 2 0.223999 0.798125 0.4875 0.03375 0.067222 2 0.200562 0.31875 0.649722 0.06375 0.110556 10 0.199951 0.288594 0.509861 0.156562 0.2225 0 0.12085 0.300156 0.741944 0.039062 0.105 0 0.102295 0.262578 0.716667 0.040469 0.098889 10 0.091064 0.128203 0.596945 0.201094 0.249444 9 0.090759 0.165898 0.764444 0.096953 0.138889 1 0.082092 0.799688 0.680833 0.036875 0.100556 4 0.072083 0.165898 0.764444 0.096953 0.138889 3 0.053009 0.479375 0.411528 0.0425 0.059722 3 0.03595 0.31875 0.649722 0.06375 0.110556 0 0.029541 0.814688 0.530278 0.030625 0.073889 5 0.028442 0.518125 0.365694 0.03375 0.063056 10 0.02272 0.024775 0.654444 0.048652 0.29 9 0.019638 0.524531 0.878056 0.071562 0.200556 3 0.011467 0.300156 0.741944 0.039062 0.105 10 0.010948 0.165898 0.764444 0.096953 0.138889 9 0.010735 0.251641 0.840833 0.068594 0.141667 1 0.008003 0.798438 0.681111 0.049375 0.106667 3 0.007637 0.298906 0.909167 0.058437 0.143889 9 0.00629 0.128203 0.596945 0.201094 0.249444 3 0.006218 0.647813 0.401806 0.034375 0.061389 7 0.005798 0.300156 0.741944 0.039062 0.105 3 0.00528 0.449687 0.491944 0.04875 0.047778 3 0.005119 0.165898 0.764444 0.096953 0.138889 0 0.004925 0.227891 0.730556 0.044844 0.111111 3 0.00452 0.634375 0.259931 0.0225 0.052361 10 0.004166 0.01959 0.689861 0.03918 0.331389 4 0.003855 0.31875 0.649722 0.06375 0.110556 9 0.003538 0.288594 0.509861 0.156562 0.2225 5 0.003363 0.647813 0.401806 0.034375 0.061389 3 0.003147 0.130078 0.592222 0.199531 0.254444 5 0.003088 0.524531 0.878056 0.071562 0.200556 7 0.0028 0.298906 0.909167 0.058437 0.143889 10 0.002502 0.251641 0.840833 0.068594 0.141667 5 0.002502 0.106641 0.858333 0.081406 0.145556 2 0.002493 0.165898 0.764444 0.096953 0.138889 3 0.002253 0.247578 0.837222 0.060156 0.132222 1 0.001987 0.106641 0.858333 0.081406 0.145556 1 0.001972 0.799063 0.679167 0.056875 0.107222 10 0.001926 0.024844 0.67875 0.049219 0.334722 3 0.001883 0.171641 0.836667 0.050156 0.108889 0 0.00181 0.247578 0.716389 0.107344 0.149445 3 0.001782 0.9225 0.783611 0.15375 0.407222 5 0.001748 0.31875 0.649722 0.06375 0.110556 5 0.001655 0.479375 0.411528 0.0425 0.059722 0 0.001579 0.31875 0.649722 0.06375 0.110556 0 0.001507 0.09207 0.523611 0.141797 0.193889 8 0.00149 0.300156 0.741944 0.039062 0.105 8 0.00141 0.298906 0.909167 0.058437 0.143889 12 0.001405 0.171641 0.836667 0.050156 0.108889 3 0.001399 0.008472 0.262778 0.016729 0.035556 3 0.001399 0.451094 0.494028 0.049687 0.050278 4 0.001325 0.397031 0.358056 0.035312 0.060556 5 0.0013 0.128203 0.596945 0.201094 0.249444 10 0.001274 0.024961 0.68875 0.049922 0.346944 5 0.001255 0.251641 0.840833 0.068594 0.141667 0 0.001255 0.242578 0.728611 0.087656 0.130556 3 0.001197 0.518125 0.365694 0.03375 0.063056 2 0.001188 0.879375 0.548194 0.03625 0.079167 4 0.001184 0.298906 0.909167 0.058437 0.143889 0 0.001151 0.799688 0.680833 0.036875 0.100556 2 0.001147 0.227891 0.730556 0.044844 0.111111 12 0.001057 0.300156 0.741944 0.039062 0.105 3 0.001057 0.006514 0.858056 0.013027 0.125 10 0.001044 0.018975 0.652778 0.037949 0.276667 3 0.001032 0.288984 0.509861 0.157656 0.2225 10 0.001024 0.034639 0.890278 0.068848 0.219444 6 0.001017 0.034639 0.890278 0.068848 0.219444 10 0.001012 0.524531 0.878056 0.071562 0.200556
CCTV01^20260318-110000-20260318-120000_000424,3 0.879883 0.7725 0.841389 0.08 0.170556 3 0.870605 0.276172 0.700278 0.085469 0.105 3 0.866211 0.7775 0.686111 0.085 0.121111 3 0.864258 0.321875 0.817778 0.07625 0.146667 3 0.862305 0.524219 0.8775 0.072188 0.200556 3 0.859863 0.685 0.574167 0.055 0.099444 3 0.84082 0.177344 0.846667 0.075938 0.145556 4 0.78125 0.247422 0.786111 0.065781 0.155556 5 0.694336 0.268047 0.630556 0.082344 0.11 2 0.6875 0.332656 0.588611 0.049688 0.085 11 0.537109 0.165078 0.626528 0.209844 0.234722 10 0.375732 0.025879 0.653333 0.051523 0.266667 4 0.332764 0.280234 0.879444 0.068281 0.123333 2 0.325928 0.9725 0.791945 0.055 0.125 10 0.270508 0.775313 0.550694 0.119375 0.219722 0 0.193115 0.101172 0.771945 0.052344 0.109444 1 0.142212 0.967813 0.935556 0.046875 0.106667 3 0.104126 0.280234 0.879444 0.068281 0.123333 6 0.100891 0.775313 0.550694 0.119375 0.219722 0 0.09137 0.899688 0.943889 0.054375 0.112222 11 0.087891 0.165 0.62875 0.21125 0.235833 2 0.072083 0.344063 0.520417 0.045 0.073611 10 0.046906 0.237734 0.495972 0.172031 0.1525 1 0.040253 0.327031 0.641389 0.027812 0.063889 0 0.040253 0.894063 0.716389 0.051875 0.118333 10 0.036072 0.034482 0.852222 0.067285 0.295556 10 0.031494 0.165078 0.626528 0.209844 0.234722 7 0.030563 0.280234 0.879444 0.068281 0.123333 9 0.027176 0.524219 0.8775 0.072188 0.200556 0 0.020569 0.280234 0.879444 0.068281 0.123333 9 0.01445 0.268047 0.630556 0.082344 0.11 7 0.013222 0.247422 0.786111 0.065781 0.155556 9 0.012291 0.280234 0.879444 0.068281 0.123333 12 0.010132 0.165078 0.626528 0.209844 0.234722 2 0.008949 0.441563 0.407917 0.03125 0.073056 12 0.008575 0.101172 0.771945 0.052344 0.109444 6 0.007812 0.034482 0.852222 0.067285 0.295556 4 0.007149 0.268047 0.630556 0.082344 0.11 3 0.005512 0.421562 0.490417 0.06 0.065833 9 0.004486 0.177344 0.846667 0.075938 0.145556 5 0.004417 0.034482 0.852222 0.067285 0.295556 12 0.00404 0.894063 0.716389 0.051875 0.118333 1 0.00399 0.105703 0.814444 0.03625 0.062222 8 0.003975 0.391094 0.548056 0.060313 0.100556 5 0.003456 0.524219 0.8775 0.072188 0.200556 8 0.00326 0.280234 0.879444 0.068281 0.123333 3 0.00279 0.964063 0.675278 0.066875 0.108333 11 0.002632 0.165313 0.628056 0.21125 0.246111 4 0.00259 0.7775 0.686111 0.085 0.121111 0 0.002434 0.237734 0.495972 0.172031 0.1525 10 0.002342 0.268047 0.630556 0.082344 0.11 3 0.002323 0.034014 0.856111 0.067207 0.287778 5 0.002296 0.332656 0.588611 0.049688 0.085 1 0.00214 0.344063 0.520417 0.045 0.073611 10 0.00205 0.685 0.574167 0.055 0.099444 4 0.002028 0.685 0.574167 0.055 0.099444 9 0.001972 0.034482 0.852222 0.067285 0.295556 4 0.001755 0.321875 0.817778 0.07625 0.146667 1 0.001579 0.967188 0.958056 0.039375 0.075 2 0.001561 0.276172 0.700278 0.085469 0.105 6 0.001543 0.934063 0.601389 0.063125 0.110556 3 0.001507 0.247422 0.786111 0.065781 0.155556 10 0.001432 0.7775 0.686111 0.085 0.121111 5 0.001362 0.177344 0.846667 0.075938 0.145556 10 0.001325 0.7725 0.841389 0.08 0.170556 10 0.001249 0.524219 0.8775 0.072188 0.200556 0 0.001235 0.003765 0.822222 0.007529 0.167778 4 0.001202 0.7725 0.841389 0.08 0.170556 2 0.001188 0.177344 0.846667 0.075938 0.145556 3 0.001134 0.268047 0.630556 0.082344 0.11 10 0.001121 0.321875 0.817778 0.07625 0.146667 4 0.001107 0.335 0.443333 0.025625 0.053889 5 0.001095 0.9725 0.791945 0.055 0.125 0 0.001073 0.003979 0.839167 0.007959 0.179444 0 0.001048 0.003552 0.805 0.007104 0.147778 10 0.001012 0.020898 0.714445 0.041797 0.417778
CCTV01^20260318-110000-20260318-120000_000428,3 0.872559 0.242031 0.696111 0.073438 0.114444 3 0.858887 0.524375 0.878333 0.07125 0.2 3 0.832031 0.267188 0.9075 0.079063 0.162778 3 0.812988 0.17457 0.908333 0.097109 0.167778 10 0.770508 0.117266 0.632083 0.211719 0.249167 5 0.733887 0.281094 0.743333 0.082813 0.154444 3 0.732422 0.336562 0.562361 0.0725 0.079722 3 0.704102 0.259375 0.539861 0.044062 0.081389 0 0.397949 0.744375 0.7675 0.0425 0.112778 0 0.313965 0.338594 0.773056 0.040313 0.098333 1 0.217285 0.167539 0.673056 0.050234 0.077222 0 0.175537 0.217344 0.917778 0.042813 0.113333 1 0.17334 0.714375 0.831667 0.03 0.096667 1 0.151001 0.194141 0.708611 0.035156 0.079444 10 0.136108 0.035303 0.834444 0.069629 0.331111 1 0.125122 0.96875 0.951111 0.05875 0.097778 6 0.072876 0.035303 0.834444 0.069629 0.331111 5 0.063232 0.035303 0.834444 0.069629 0.331111 10 0.057068 0.339844 0.446389 0.140937 0.161667 9 0.053406 0.281094 0.743333 0.082813 0.154444 3 0.036346 0.493594 0.443194 0.038438 0.065278 9 0.024796 0.524375 0.878333 0.07125 0.2 10 0.019867 0.024395 0.641111 0.047695 0.26 9 0.017441 0.17457 0.908333 0.097109 0.167778 4 0.016098 0.281094 0.743333 0.082813 0.154444 0 0.016098 0.300391 0.644444 0.041719 0.082222 3 0.014671 0.300391 0.644444 0.041719 0.082222 12 0.012291 0.470156 0.38375 0.072813 0.126389 2 0.011505 0.93375 0.604722 0.06625 0.115 9 0.008713 0.035303 0.834444 0.069629 0.331111 5 0.008446 0.493594 0.443194 0.038438 0.065278 10 0.008064 0.281094 0.743333 0.082813 0.154444 9 0.007843 0.117266 0.632083 0.211719 0.249167 6 0.006668 0.93375 0.604722 0.06625 0.115 1 0.00634 0.714688 0.853056 0.024375 0.065 3 0.005428 0.338594 0.773056 0.040313 0.098333 3 0.0051 0.034775 0.833333 0.069043 0.333333 4 0.004738 0.035303 0.834444 0.069629 0.331111 2 0.004539 0.17457 0.908333 0.097109 0.167778 5 0.004005 0.524375 0.878333 0.07125 0.2 1 0.003839 0.708438 0.823056 0.080625 0.125 5 0.003311 0.17457 0.908333 0.097109 0.167778 2 0.002378 0.242031 0.696111 0.073438 0.114444 2 0.002333 0.336562 0.562361 0.0725 0.079722 12 0.002279 0.744375 0.7675 0.0425 0.112778 3 0.00205 0.281094 0.743333 0.082813 0.154444 4 0.002003 0.259375 0.539861 0.044062 0.081389 0 0.001987 0.337266 0.622222 0.037969 0.084444 5 0.001965 0.417344 0.39 0.035937 0.056667 3 0.001889 0.339922 0.445 0.141406 0.167778 1 0.001782 0.744375 0.7675 0.0425 0.112778 12 0.001707 0.338594 0.773056 0.040313 0.098333 0 0.001687 0.228984 0.57 0.031719 0.066667 1 0.001574 0.992813 0.95 0.014375 0.096667 10 0.001346 0.242031 0.696111 0.073438 0.114444 4 0.00132 0.267188 0.9075 0.079063 0.162778 10 0.001255 0.524375 0.878333 0.07125 0.2 8 0.001216 0.470156 0.38375 0.072813 0.126389 4 0.001156 0.242031 0.696111 0.073438 0.114444 12 0.001134 0.300391 0.644444 0.041719 0.082222 1 0.001116 0.217344 0.940556 0.035625 0.073333 3 0.00109 0.035127 0.831111 0.06998 0.335556 2 0.001073 0.259375 0.539861 0.044062 0.081389 3 0.001069 0.236797 0.695556 0.065156 0.111111 1 0.001048 0.248984 0.621944 0.033281 0.069444 1 0.001048 0.220937 0.9425 0.030938 0.062778 1 0.001032 0.991875 0.963889 0.01625 0.072222 3 0.001024 0.791563 0.972778 0.074375 0.051111 10 0.001017 0.025596 0.646389 0.050215 0.265 1 0.001012 0.193594 0.725833 0.02625 0.046111 9 0.001004 0.259375 0.539861 0.044062 0.081389
CCTV01^20260318-110000-20260318-120000_000432,3 0.896973 0.241094 0.692222 0.067188 0.104444 3 0.870605 0.524375 0.878056 0.07125 0.198333 3 0.868652 0.258203 0.821945 0.070156 0.129444 3 0.854004 0.326094 0.558472 0.065937 0.083056 6 0.79834 0.862188 0.604028 0.100625 0.236389 10 0.789062 0.129141 0.693472 0.184844 0.324167 3 0.635254 0.291719 0.700833 0.073438 0.133889 3 0.523438 0.223359 0.936667 0.084844 0.126667 2 0.46875 0.84875 0.727222 0.0775 0.166667 10 0.379395 0.053262 0.673611 0.105039 0.271667 10 0.209473 0.441563 0.427639 0.095625 0.1375 9 0.161377 0.291719 0.700833 0.073438 0.133889 4 0.160278 0.309844 0.858056 0.058437 0.125 0 0.147095 0.793437 0.601945 0.031875 0.093889 1 0.147095 0.175234 0.786111 0.039844 0.096667 5 0.11676 0.291719 0.700833 0.073438 0.133889 0 0.115173 0.309844 0.858056 0.058437 0.125 4 0.108948 0.291719 0.700833 0.073438 0.133889 3 0.108582 0.309844 0.858056 0.058437 0.125 1 0.07135 0.320391 0.730556 0.029219 0.078889 3 0.067566 0.362812 0.602222 0.065625 0.081111 1 0.054413 0.320469 0.748056 0.021563 0.046111 0 0.053802 0.316563 0.955833 0.0475 0.081667 4 0.049957 0.84875 0.727222 0.0775 0.166667 3 0.049957 0.403594 0.516806 0.057813 0.078611 3 0.049408 0.123027 0.964167 0.092383 0.071667 9 0.047241 0.053262 0.673611 0.105039 0.271667 10 0.038757 0.441406 0.429028 0.092813 0.136389 5 0.035156 0.497656 0.441111 0.038438 0.065 10 0.029541 0.023428 0.866944 0.046816 0.266111 1 0.027908 0.175156 0.796667 0.034688 0.073333 3 0.027695 0.644375 0.394306 0.0325 0.061944 9 0.026855 0.129141 0.693472 0.184844 0.324167 12 0.02034 0.84875 0.727222 0.0775 0.166667 9 0.018478 0.524375 0.878056 0.07125 0.198333 3 0.018051 0.647188 0.301528 0.025625 0.058056 0 0.01622 0.175234 0.786111 0.039844 0.096667 2 0.013794 0.223359 0.936667 0.084844 0.126667 7 0.013687 0.84875 0.727222 0.0775 0.166667 1 0.011551 0.71 0.497361 0.02625 0.066944 5 0.010292 0.023428 0.866944 0.046816 0.266111 6 0.010094 0.023428 0.866944 0.046816 0.266111 6 0.008614 0.441406 0.429028 0.092813 0.136389 3 0.008286 0.497656 0.441111 0.038438 0.065 4 0.008095 0.316563 0.955833 0.0475 0.081667 1 0.007874 0.275234 0.9575 0.035469 0.078333 6 0.007812 0.933438 0.600833 0.065625 0.133889 5 0.007668 0.84875 0.727222 0.0775 0.166667 9 0.007259 0.023428 0.866944 0.046816 0.266111 3 0.005707 0.024023 0.865556 0.048047 0.268889 3 0.005688 0.017139 0.853611 0.034004 0.199445 2 0.0056 0.326094 0.558472 0.065937 0.083056 10 0.005219 0.017832 0.657639 0.035664 0.275833 1 0.004791 0.707188 0.493472 0.043125 0.071389 0 0.004665 0.320391 0.730556 0.029219 0.078889 9 0.004555 0.326094 0.558472 0.065937 0.083056 4 0.00399 0.937813 0.516111 0.059375 0.101111 3 0.00378 0.84875 0.727222 0.0775 0.166667 2 0.003456 0.291719 0.700833 0.073438 0.133889 10 0.003429 0.019336 0.87 0.038672 0.26 9 0.003052 0.84875 0.727222 0.0775 0.166667 2 0.003027 0.258203 0.821945 0.070156 0.129444 0 0.003004 0.275234 0.9575 0.035469 0.078333 6 0.002867 0.441563 0.427639 0.095625 0.1375 11 0.002779 0.84875 0.727222 0.0775 0.166667 6 0.002693 0.84875 0.727222 0.0775 0.166667 5 0.002571 0.524375 0.878056 0.07125 0.198333 10 0.00255 0.019121 0.864722 0.038242 0.270556 1 0.002398 0.318906 0.744444 0.027187 0.064444 8 0.002075 0.84875 0.727222 0.0775 0.166667 7 0.002068 0.862188 0.604028 0.100625 0.236389 1 0.001926 0.175 0.812222 0.02875 0.057778 5 0.001867 0.019336 0.87 0.038672 0.26 3 0.001839 0.129141 0.694028 0.187969 0.321944 6 0.001824 0.053262 0.673611 0.105039 0.271667 0 0.001741 0.792813 0.593333 0.068125 0.098889 2 0.001687 0.017139 0.853611 0.034004 0.199445 1 0.001687 0.179063 0.802778 0.027812 0.056667 1 0.001636 0.265156 0.590833 0.03 0.072778 6 0.001561 0.019336 0.87 0.038672 0.26 3 0.001467 0.161914 0.709167 0.103047 0.150556 4 0.001432 0.161914 0.709167 0.103047 0.150556 3 0.001405 0.056152 0.673056 0.110508 0.269444 10 0.001255 0.524375 0.878056 0.07125 0.198333 7 0.00124 0.316563 0.955833 0.0475 0.081667 10 0.001197 0.326094 0.558472 0.065937 0.083056 7 0.001179 0.309844 0.858056 0.058437 0.125 1 0.001165 0.316563 0.955833 0.0475 0.081667 9 0.001156 0.309844 0.858056 0.058437 0.125 3 0.001143 0.01873 0.868611 0.037461 0.262778 10 0.001134 0.258203 0.821945 0.070156 0.129444 2 0.001121 0.241094 0.692222 0.067188 0.104444 3 0.001116 0.008708 0.262292 0.017271 0.035972 10 0.001081 0.862188 0.604028 0.100625 0.236389 10 0.001069 0.291719 0.700833 0.073438 0.133889 0 0.00102 0.84875 0.727222 0.0775 0.166667 1 0.001008 0.223359 0.936667 0.084844 0.126667
CCTV01^20260318-110000-20260318-120000_000605,10 0.928223 0.316172 0.564722 0.118281 0.206111 5 0.921387 0.524063 0.880278 0.0675 0.197222 10 0.893066 0.75 0.8075 0.16 0.385 3 0.861328 0.258516 0.713056 0.072031 0.101667 10 0.855957 0.246719 0.562917 0.137188 0.210833 3 0.785156 0.313438 0.715 0.048125 0.092222 2 0.760742 0.294453 0.773611 0.043281 0.111667 3 0.756348 0.440938 0.456111 0.04375 0.041111 10 0.744629 0.631875 0.474167 0.06625 0.189444 10 0.737305 0.798438 0.687083 0.173125 0.334722 3 0.725098 0.469531 0.474444 0.044063 0.046667 10 0.716797 0.481094 0.344861 0.119688 0.128056 3 0.629883 0.396719 0.499444 0.044688 0.058333 10 0.515625 0.631875 0.471389 0.0675 0.189444 2 0.494141 0.368125 0.429167 0.0225 0.052778 2 0.46875 0.915 0.704722 0.07 0.139444 3 0.407227 0.49 0.438333 0.038125 0.046667 3 0.319092 0.331406 0.443889 0.037188 0.042222 10 0.161865 0.80625 0.576111 0.145 0.25 1 0.141235 0.242422 0.796944 0.020469 0.041667 10 0.134766 0.124844 0.560556 0.169687 0.22 10 0.113586 0.916563 0.583472 0.153125 0.253056 2 0.099792 0.869375 0.952778 0.0525 0.093333 10 0.072632 0.024238 0.689444 0.048398 0.33 0 0.06189 0.200156 0.798333 0.035625 0.084444 6 0.056641 0.062969 0.776389 0.125938 0.280556 10 0.049042 0.72 0.473611 0.08 0.161667 3 0.047943 0.467187 0.425139 0.03875 0.043056 1 0.040527 0.240703 0.7775 0.028281 0.076111 1 0.037048 0.9225 0.932778 0.03625 0.091111 1 0.034607 0.240781 0.777778 0.03 0.077778 2 0.028336 0.952188 0.865 0.063125 0.12 10 0.018478 0.062969 0.776389 0.125938 0.280556 1 0.017715 0.203828 0.821389 0.024844 0.051667 7 0.015671 0.700313 0.57 0.045625 0.088889 3 0.015015 0.504063 0.406806 0.031875 0.044722 1 0.010612 0.241641 0.784722 0.025469 0.062778 6 0.010094 0.66125 0.400694 0.04375 0.098056 0 0.008217 0.240703 0.7775 0.028281 0.076111 10 0.008156 0.719688 0.471667 0.083125 0.155556 1 0.007317 0.906875 0.882222 0.02375 0.067778 0 0.006413 0.919687 0.826667 0.035625 0.078889 0 0.006096 0.240781 0.777778 0.03 0.077778 0 0.005913 0.993438 0.826389 0.013125 0.072778 3 0.005428 0.660156 0.588611 0.047188 0.091667 0 0.005161 0.149844 0.695 0.035937 0.092222 2 0.004906 0.914688 0.704722 0.070625 0.141667 3 0.004887 0.427969 0.501528 0.042812 0.049722 3 0.004791 0.432344 0.493472 0.044063 0.036389 2 0.004265 0.7675 0.394028 0.02625 0.049722 10 0.003511 0.019912 0.678333 0.039824 0.307778 9 0.003443 0.75 0.8075 0.16 0.385 0 0.003286 0.994063 0.811667 0.011875 0.085556 0 0.003273 0.978125 0.813333 0.03125 0.055556 6 0.002296 0.113281 0.891111 0.192812 0.216667 4 0.002243 0.915 0.704722 0.07 0.139444 0 0.002234 0.994375 0.838056 0.01125 0.113889 1 0.0021 0.200938 0.806111 0.032188 0.075556 1 0.001727 0.978125 0.813333 0.03125 0.055556 10 0.001636 0.019355 0.615 0.038711 0.172222 0 0.001525 0.915 0.704722 0.07 0.139444 1 0.001525 0.200156 0.798333 0.035625 0.084444 2 0.001525 0.994063 0.811667 0.011875 0.085556 1 0.001525 0.905938 0.8925 0.019375 0.056111 3 0.00149 0.994375 0.838056 0.01125 0.113889 10 0.001399 0.113281 0.891111 0.192812 0.216667 9 0.001225 0.246719 0.562917 0.137188 0.210833 3 0.001211 0.008633 0.260069 0.016738 0.032083 2 0.001179 0.993438 0.826389 0.013125 0.072778 2 0.001143 0.296484 0.441667 0.031406 0.042222 3 0.001065 0.915 0.704722 0.07 0.139444 0 0.001008 0.916563 0.583472 0.153125 0.253056
CCTV01^20260318-110000-20260318-120000_000609,10 0.930176 0.691406 0.635972 0.128438 0.294722 5 0.924316 0.524219 0.881389 0.067188 0.197222 10 0.924316 0.823125 0.599722 0.14875 0.249444 11 0.918945 0.274062 0.772778 0.106875 0.216667 7 0.898926 0.789688 0.729722 0.071875 0.126111 10 0.898926 0.729375 0.485417 0.08375 0.171389 3 0.897461 0.734375 0.8675 0.075 0.151667 10 0.894043 0.227148 0.700833 0.155078 0.296111 10 0.891602 0.417188 0.450278 0.105625 0.159444 10 0.831055 0.632188 0.487222 0.074375 0.2 10 0.803223 0.903125 0.834444 0.1925 0.328889 3 0.756348 0.505 0.417917 0.03125 0.0525 3 0.740234 0.3525 0.561389 0.06625 0.066111 10 0.730957 0.614531 0.338889 0.039687 0.102778 5 0.690918 0.325078 0.926389 0.083594 0.147222 2 0.67041 0.335313 0.630556 0.0425 0.088889 10 0.558105 0.184883 0.608889 0.163359 0.207778 3 0.527344 0.753438 0.400694 0.036875 0.054722 10 0.519531 0.969063 0.782778 0.061875 0.35 3 0.505859 0.479375 0.410139 0.028125 0.043056 0 0.503906 0.343906 0.771111 0.035313 0.076667 6 0.332764 0.298438 0.492778 0.105625 0.138889 10 0.27832 0.904688 0.835 0.189375 0.33 6 0.248047 0.666875 0.429861 0.04375 0.103056 3 0.175537 0.234844 0.960556 0.062813 0.073333 10 0.100891 0.076289 0.857778 0.152578 0.284444 10 0.080933 0.666875 0.429861 0.04375 0.103056 9 0.06781 0.184883 0.608889 0.163359 0.207778 4 0.063721 0.325078 0.926389 0.083594 0.147222 10 0.043365 0.023857 0.674722 0.047676 0.300556 10 0.039337 0.124922 0.564722 0.170156 0.218333 0 0.036896 0.182422 0.953056 0.031406 0.083889 3 0.026352 0.506719 0.35375 0.031562 0.039167 4 0.025177 0.789688 0.729722 0.071875 0.126111 10 0.019562 0.447188 0.373333 0.095 0.103889 10 0.017639 0.678438 0.3675 0.034375 0.081111 10 0.017242 0.019775 0.67125 0.039551 0.288611 10 0.015251 0.728125 0.486389 0.0825 0.168333 9 0.014336 0.789688 0.729722 0.071875 0.126111 1 0.009483 0.182422 0.953056 0.031406 0.083889 1 0.006958 0.182187 0.976389 0.025 0.040556 10 0.006798 0.298438 0.492778 0.105625 0.138889 6 0.005959 0.076289 0.857778 0.152578 0.284444 0 0.005619 0.137734 0.942778 0.041094 0.094444 0 0.005322 0.124922 0.564722 0.170156 0.218333 10 0.004467 0.018623 0.615556 0.037246 0.173333 10 0.003824 0.979062 0.806667 0.041875 0.386667 11 0.002993 0.289453 0.416944 0.047344 0.075 0 0.002342 0.7925 0.433333 0.0225 0.052222 1 0.002165 0.138164 0.9575 0.033516 0.075 6 0.001875 0.325078 0.926389 0.083594 0.147222 7 0.001818 0.076289 0.857778 0.152578 0.284444 9 0.001525 0.969063 0.782778 0.061875 0.35 5 0.001513 0.753438 0.400694 0.036875 0.054722 9 0.001478 0.227148 0.700833 0.155078 0.296111 11 0.001467 0.729688 0.961945 0.078125 0.075 5 0.001432 0.644531 0.363472 0.028438 0.056944 1 0.00141 0.218203 0.903889 0.031094 0.075556 6 0.001325 0.458281 0.285278 0.035313 0.058889 12 0.001285 0.325078 0.926389 0.083594 0.147222 9 0.001188 0.124922 0.564722 0.170156 0.218333 9 0.001143 0.903125 0.834444 0.1925 0.328889 1 0.001143 0.140664 0.961111 0.030547 0.064444 1 0.001081 0.217656 0.913333 0.026563 0.057778 0 0.001053 0.005278 0.845556 0.010498 0.15
CCTV01^20260318-110000-20260318-120000_000613,10 0.944824 0.620781 0.424722 0.052187 0.151667 5 0.930176 0.524219 0.880556 0.067812 0.196667 10 0.928223 0.84875 0.667778 0.145 0.315556 10 0.927734 0.136094 0.720556 0.196563 0.317778 10 0.916016 0.355312 0.521111 0.13 0.181111 10 0.901855 0.432969 0.395417 0.071563 0.103056 10 0.899902 0.749687 0.518472 0.091875 0.188611 3 0.882324 0.197266 0.818056 0.067031 0.126111 5 0.880859 0.323516 0.914167 0.074219 0.171667 3 0.871582 0.237344 0.946389 0.067813 0.107222 11 0.868164 0.277422 0.762778 0.098281 0.216667 5 0.829102 0.652656 0.420556 0.033437 0.084444 3 0.829102 0.634688 0.518056 0.040625 0.078333 3 0.733887 0.480313 0.4225 0.030625 0.046667 3 0.71875 0.825 0.496111 0.05125 0.063333 10 0.692871 0.297578 0.514722 0.129219 0.172778 6 0.682617 0.761563 0.328611 0.038125 0.083889 10 0.607422 0.781875 0.88 0.17375 0.24 3 0.594727 0.79625 0.786389 0.07875 0.149444 0 0.59082 0.344375 0.775 0.035 0.075556 2 0.539062 0.953438 0.855556 0.068125 0.17 10 0.424316 0.968438 0.813056 0.063125 0.373889 10 0.364746 0.068867 0.704722 0.137734 0.272778 6 0.307373 0.693125 0.588056 0.08875 0.180556 10 0.290283 0.026885 0.669167 0.053262 0.285 5 0.265869 0.67875 0.357917 0.03 0.059167 1 0.245117 0.683438 0.835 0.021875 0.041111 6 0.230957 0.68375 0.449167 0.04 0.104444 1 0.206909 0.763438 0.641667 0.021875 0.044444 10 0.180054 0.68375 0.449167 0.04 0.104444 10 0.10968 0.525781 0.327639 0.067812 0.100278 10 0.094666 0.9775 0.812778 0.045 0.374444 1 0.076965 0.7625 0.634167 0.02375 0.059444 2 0.076416 0.7625 0.418889 0.025 0.048333 2 0.060516 0.108828 0.89 0.066875 0.116667 1 0.048676 0.710625 0.753611 0.0225 0.047222 1 0.047089 0.6825 0.817778 0.0275 0.071111 0 0.046204 0.6825 0.817778 0.0275 0.071111 0 0.044678 0.219063 0.708889 0.035625 0.072222 11 0.025375 0.245625 0.371528 0.056875 0.084722 2 0.020172 0.497031 0.434722 0.022188 0.047222 1 0.018692 0.708125 0.756667 0.0275 0.064444 6 0.016022 0.6925 0.59 0.0875 0.182222 1 0.015305 0.21625 0.725 0.023125 0.045556 4 0.014557 0.323516 0.914167 0.074219 0.171667 1 0.014229 0.710313 0.776945 0.021875 0.051667 10 0.010857 0.662813 0.307083 0.035625 0.088611 10 0.009895 0.38375 0.370694 0.041875 0.088611 1 0.008881 0.709688 0.739167 0.025625 0.055 1 0.007206 0.219063 0.711111 0.03375 0.067778 10 0.007175 0.126641 0.544167 0.173906 0.189444 12 0.005867 0.057109 0.953889 0.113594 0.092222 11 0.005798 0.277187 0.7625 0.098125 0.216111 5 0.005642 0.79625 0.786389 0.07875 0.149444 0 0.0056 0.709688 0.739167 0.025625 0.055 1 0.005138 0.708438 0.780833 0.026875 0.066111 1 0.0042 0.221563 0.726667 0.022813 0.036667 5 0.00396 0.634688 0.518056 0.040625 0.078333 0 0.003551 0.7625 0.634167 0.02375 0.059444 10 0.003389 0.020352 0.614722 0.040703 0.170556 3 0.00326 0.515938 0.396111 0.02625 0.045 10 0.002958 0.980313 0.824444 0.038125 0.351111 10 0.002846 0.979375 0.8125 0.04125 0.375 3 0.002672 0.480781 0.422778 0.030312 0.046667 2 0.002453 0.237344 0.946389 0.067813 0.107222 6 0.002216 0.457188 0.285 0.034375 0.062222 0 0.002115 0.327578 0.386389 0.021719 0.040556 11 0.00205 0.057109 0.953889 0.113594 0.092222 1 0.002043 0.219063 0.708889 0.035625 0.072222 10 0.002035 0.761563 0.328611 0.038125 0.083889 9 0.001883 0.956875 0.921667 0.08375 0.155556 9 0.001839 0.955 0.93 0.0875 0.138889 10 0.0017 0.979688 0.851111 0.039375 0.297778 9 0.001694 0.344375 0.775 0.035 0.075556 2 0.001687 0.903125 0.513194 0.0325 0.069167 1 0.001636 0.697812 0.769722 0.024375 0.061667 7 0.001585 0.057109 0.953889 0.113594 0.092222 6 0.001574 0.297578 0.514722 0.129219 0.172778 11 0.001472 0.68375 0.449167 0.04 0.104444 6 0.001461 0.057109 0.953889 0.113594 0.092222 5 0.001438 0.057109 0.953889 0.113594 0.092222 1 0.001255 0.7075 0.788611 0.0225 0.063889 7 0.001211 0.956563 0.95 0.086875 0.098889 1 0.001206 0.71125 0.788889 0.0225 0.056667 10 0.001202 0.022075 0.611111 0.043975 0.153333 10 0.001169 0.985625 0.716944 0.02875 0.256111 2 0.001151 0.93625 0.153333 0.01125 0.026111 11 0.001081 0.953438 0.855556 0.068125 0.17 0 0.00102 0.7075 0.788611 0.0225 0.063889
CCTV01^20260318-110000-20260318-120000_000617,5 0.938965 0.524375 0.881111 0.0675 0.195556 10 0.93457 0.856563 0.680556 0.149375 0.323333 10 0.929199 0.618594 0.424306 0.050312 0.1625 10 0.920898 0.257422 0.512083 0.156406 0.186944 3 0.918457 0.724063 0.715556 0.066875 0.128889 10 0.896484 0.659219 0.545278 0.099062 0.227222 5 0.888184 0.314922 0.664722 0.060781 0.122778 5 0.883301 0.698125 0.425833 0.03375 0.073889 10 0.880859 0.3975 0.428194 0.096875 0.138056 2 0.873047 0.245859 0.781111 0.043594 0.107778 10 0.871582 0.12793 0.811944 0.174141 0.367222 3 0.868652 0.323359 0.898056 0.095156 0.142778 12 0.829102 0.254219 0.666111 0.059375 0.134444 10 0.818848 0.46625 0.358889 0.07625 0.102222 2 0.812988 0.956875 0.895556 0.075 0.184444 6 0.785156 0.743437 0.59625 0.081875 0.1675 6 0.6875 0.760625 0.327778 0.0375 0.083333 2 0.644043 0.065195 0.754167 0.039609 0.082778 3 0.611328 0.417969 0.492917 0.054688 0.050833 3 0.594727 0.783438 0.840278 0.064375 0.126111 2 0.567871 0.306719 0.961667 0.060313 0.074444 3 0.348633 0.395781 0.551944 0.050938 0.075 3 0.325928 0.842188 0.523611 0.049375 0.075 1 0.324219 0.322188 0.749444 0.0225 0.051111 10 0.294189 0.67625 0.360139 0.04625 0.111944 10 0.171021 0.536719 0.332778 0.057813 0.109444 11 0.167725 0.469063 0.414306 0.055625 0.089722 0 0.148071 0.350781 0.5975 0.028437 0.052778 1 0.097046 0.322344 0.735278 0.027187 0.077222 10 0.096375 0.025586 0.627639 0.051172 0.194722 10 0.086609 0.123906 0.558889 0.169063 0.215556 7 0.064392 0.221875 0.907778 0.095 0.18 9 0.064392 0.221875 0.907778 0.095 0.18 8 0.062561 0.221875 0.907778 0.095 0.18 1 0.053009 0.322969 0.761944 0.019062 0.042778 3 0.046722 0.728125 0.352083 0.02625 0.045833 10 0.037048 0.636094 0.336528 0.042813 0.111389 7 0.03067 0.935938 0.733611 0.030625 0.102778 0 0.028214 0.322344 0.735278 0.027187 0.077222 0 0.027588 0.313125 0.577222 0.031875 0.052222 0 0.022293 0.331797 0.532639 0.034531 0.0625 7 0.015541 0.974375 0.739722 0.05 0.167222 2 0.014282 0.993438 0.843611 0.013125 0.106111 1 0.013428 0.313125 0.577222 0.031875 0.052222 0 0.012009 0.993438 0.843611 0.013125 0.106111 12 0.010246 0.221875 0.907778 0.095 0.18 9 0.007149 0.469063 0.414306 0.055625 0.089722 1 0.006123 0.038242 0.692222 0.037266 0.054444 1 0.005428 0.993438 0.843611 0.013125 0.106111 10 0.00526 0.760625 0.327778 0.0375 0.083333 5 0.004963 0.395781 0.551944 0.050938 0.075 1 0.004665 0.245859 0.781111 0.043594 0.107778 0 0.004116 0.764688 0.395556 0.019375 0.047222 0 0.003443 0.995313 0.878889 0.009375 0.156667 2 0.003429 0.345313 0.497778 0.02875 0.058889 0 0.003235 0.003 0.793056 0.005825 0.080556 11 0.003223 0.221875 0.907778 0.095 0.18 0 0.003172 0.993125 0.857778 0.01375 0.122222 10 0.003027 0.396875 0.425556 0.095 0.132778 10 0.0028 0.756875 0.525278 0.08875 0.176111 1 0.002333 0.312969 0.586389 0.027812 0.038333 0 0.002323 0.004026 0.780278 0.008042 0.106111 2 0.00227 0.395781 0.551944 0.050938 0.075 0 0.00226 0.99 0.865278 0.02 0.136111 4 0.002132 0.99125 0.85 0.0175 0.122222 12 0.002083 0.322344 0.735278 0.027187 0.077222 3 0.002003 0.004026 0.780278 0.008042 0.106111 11 0.001957 0.956875 0.895556 0.075 0.184444 1 0.001919 0.003 0.793056 0.005825 0.080556 2 0.001904 0.993125 0.857778 0.01375 0.122222 1 0.001867 0.032397 0.820556 0.029971 0.077778 10 0.001768 0.659219 0.545278 0.099062 0.229444 2 0.001687 0.008647 0.917222 0.017275 0.114444 3 0.001649 0.314922 0.664722 0.060781 0.122778 3 0.001597 0.424219 0.49 0.042812 0.04 0 0.001536 0.103164 0.680556 0.038203 0.075556 12 0.001467 0.719375 0.298889 0.02625 0.058333 0 0.00141 0.99 0.879444 0.02 0.163333 0 0.001356 0.99125 0.85 0.0175 0.122222 2 0.001315 0.99125 0.85 0.0175 0.122222 2 0.001285 0.004026 0.780278 0.008042 0.106111 4 0.001225 0.221875 0.907778 0.095 0.18 11 0.001188 0.12793 0.811944 0.174141 0.367222 10 0.001151 0.013975 0.691806 0.027949 0.320833 0 0.001112 0.065195 0.754167 0.039609 0.082778 1 0.001099 0.387188 0.493194 0.018125 0.035278 10 0.00109 0.012412 0.888333 0.024824 0.223333 5 0.001048 0.783438 0.840278 0.064375 0.126111 9 0.001 0.12793 0.811944 0.174141 0.367222
CCTV01^20260318-110000-20260318-120000_000621,10 0.933105 0.7075 0.6725 0.1275 0.310556 5 0.932617 0.524375 0.880556 0.0675 0.196667 5 0.928711 0.705938 0.452778 0.035625 0.082222 10 0.92627 0.884062 0.728333 0.184375 0.353333 10 0.914062 0.452813 0.374444 0.078125 0.109444 6 0.913086 0.760625 0.328611 0.0375 0.082778 10 0.909668 0.630469 0.480694 0.071562 0.195278 10 0.888672 0.313047 0.525833 0.155781 0.187222 12 0.888184 0.307344 0.634167 0.079062 0.146111 3 0.881836 0.301328 0.871111 0.067344 0.141111 6 0.879883 0.791875 0.705 0.095 0.218889 5 0.869629 0.209141 0.837778 0.085469 0.175556 5 0.812988 0.501563 0.396389 0.036875 0.061111 3 0.806641 0.140977 0.77 0.077109 0.116667 10 0.794434 0.769375 0.549861 0.09625 0.186944 3 0.733887 0.249688 0.676111 0.050625 0.088889 3 0.726562 0.131367 0.890556 0.082578 0.142222 12 0.665527 0.456406 0.421944 0.045313 0.076111 2 0.658203 0.287188 0.753889 0.0425 0.103333 3 0.600098 0.843438 0.528056 0.051875 0.076111 2 0.544922 0.963125 0.917222 0.0725 0.165556 10 0.476562 0.04625 0.855278 0.091875 0.289444 10 0.331055 0.512656 0.320417 0.065312 0.090278 2 0.259766 0.243828 0.738056 0.042344 0.090556 2 0.184814 0.400625 0.472083 0.033125 0.059722 10 0.181274 0.334531 0.434722 0.115937 0.128889 10 0.110474 0.617344 0.311806 0.034688 0.0975 10 0.076416 0.125391 0.560972 0.167344 0.2225 3 0.075317 0.878125 0.950278 0.08125 0.096111 0 0.065125 0.055391 0.965833 0.039062 0.066111 10 0.045868 0.024434 0.638194 0.048867 0.2325 10 0.04303 0.660313 0.289167 0.034375 0.082778 5 0.032715 0.843438 0.528056 0.051875 0.076111 3 0.028015 0.187266 0.970556 0.077656 0.055556 2 0.025085 0.287266 0.754722 0.042969 0.106111 3 0.019058 0.915 0.609722 0.06625 0.095 5 0.018127 0.878125 0.950278 0.08125 0.096111 4 0.015602 0.209141 0.837778 0.085469 0.175556 3 0.012482 0.501563 0.396389 0.036875 0.061111 3 0.006363 0.356719 0.590556 0.039062 0.065556 10 0.005386 0.021445 0.616667 0.042891 0.18 10 0.004101 0.688125 0.377639 0.055 0.110278 2 0.00387 0.98875 0.685556 0.0225 0.097778 10 0.003839 0.336016 0.432083 0.114219 0.128611 0 0.00358 0.201797 0.724167 0.031719 0.068333 10 0.003565 0.791875 0.705 0.095 0.218889 3 0.003429 0.045332 0.860556 0.090273 0.278889 10 0.003063 0.760625 0.328611 0.0375 0.082778 5 0.002165 0.400625 0.472083 0.033125 0.059722 10 0.002165 0.630469 0.479167 0.072813 0.192778 1 0.001714 0.963125 0.917222 0.0725 0.165556 11 0.001585 0.630469 0.480694 0.071562 0.195278 11 0.00149 0.963125 0.917222 0.0725 0.165556 9 0.001467 0.884062 0.728333 0.184375 0.353333 1 0.001399 0.055391 0.965833 0.039062 0.066111 10 0.001378 0.65625 0.402917 0.06 0.146389 3 0.001245 0.054355 0.242917 0.022539 0.030833 2 0.001143 0.986563 0.688611 0.026875 0.102778 10 0.001129 0.022305 0.613333 0.044609 0.165556 10 0.001124 0.040586 0.833333 0.081172 0.333333 6 0.001073 0.04625 0.855278 0.091875 0.289444 2 0.001073 0.9075 0.539722 0.0325 0.073889 3 0.001017 0.008665 0.261042 0.016831 0.032917
CCTV01^20260318-110000-20260318-120000_000625,5 0.936523 0.524531 0.880833 0.067812 0.197222 10 0.928711 0.660937 0.565833 0.114375 0.255 10 0.928223 0.757188 0.817778 0.164375 0.364444 3 0.917969 0.3075 0.700556 0.055625 0.1 10 0.91748 0.896875 0.746945 0.2025 0.351667 3 0.912598 0.182578 0.798889 0.072344 0.118889 2 0.899902 0.12043 0.811389 0.058359 0.116111 10 0.899902 0.102695 0.741667 0.202734 0.338889 10 0.898926 0.408594 0.445278 0.117813 0.150556 5 0.898438 0.259531 0.674167 0.065 0.123889 10 0.89502 0.665313 0.324722 0.040625 0.102778 10 0.891602 0.778125 0.572778 0.1025 0.216667 3 0.873047 0.279219 0.896111 0.073438 0.148889 3 0.869629 0.229297 0.835278 0.074844 0.150556 2 0.864258 0.279844 0.567222 0.032813 0.072222 10 0.839844 0.619063 0.344722 0.040625 0.113889 3 0.697754 0.10293 0.944722 0.091328 0.110556 3 0.577637 0.3025 0.5175 0.05375 0.062778 10 0.494141 0.447813 0.368889 0.09625 0.097222 10 0.413086 0.52625 0.315694 0.06125 0.093611 3 0.352295 0.237969 0.630833 0.058125 0.079444 6 0.305664 0.760938 0.328056 0.038125 0.085 1 0.276611 0.292891 0.784722 0.025781 0.057222 12 0.189575 0.348594 0.586806 0.088438 0.135278 10 0.093323 0.124258 0.551111 0.171484 0.2 10 0.082397 0.024404 0.673056 0.04877 0.288333 1 0.080627 0.58 0.49375 0.019375 0.056389 1 0.070557 0.193047 0.7175 0.035156 0.059444 2 0.042389 0.846875 0.558611 0.0325 0.060556 10 0.037323 0.679688 0.468889 0.083125 0.192222 2 0.031494 0.327422 0.437222 0.022656 0.048889 3 0.031143 0.165586 0.956667 0.084453 0.084444 1 0.025177 0.597188 0.526667 0.019375 0.055556 10 0.024231 0.732813 0.434167 0.106875 0.157222 1 0.021118 0.291328 0.77 0.030156 0.081111 0 0.017044 0.290703 0.765556 0.030469 0.082222 1 0.015717 0.3325 0.747778 0.0225 0.047778 9 0.011917 0.229297 0.835278 0.074844 0.150556 0 0.008987 0.272891 0.489167 0.028594 0.057778 10 0.007668 0.02127 0.615278 0.042539 0.178333 1 0.006565 0.597188 0.533194 0.01875 0.045833 1 0.00639 0.290703 0.765556 0.030469 0.082222 9 0.006027 0.348594 0.586806 0.088438 0.135278 1 0.005753 0.581094 0.5025 0.015937 0.040556 10 0.005707 0.020469 0.666389 0.040938 0.280556 0 0.005302 0.291328 0.77 0.030156 0.081111 2 0.005302 0.967813 0.939444 0.061875 0.121111 10 0.005219 0.988125 0.607917 0.02375 0.220833 10 0.005161 0.681563 0.46375 0.080625 0.176944 5 0.004665 0.229297 0.835278 0.074844 0.150556 0 0.004555 0.993438 0.703889 0.013125 0.092222 1 0.00428 0.196875 0.716944 0.025313 0.050556 1 0.00428 0.331953 0.74 0.024844 0.065556 1 0.00423 0.295391 0.796389 0.021406 0.043889 11 0.003679 0.408594 0.445278 0.117813 0.150556 1 0.003338 0.198047 0.705556 0.027656 0.053333 4 0.003325 0.259531 0.674167 0.065 0.123889 1 0.003124 0.597031 0.522361 0.017188 0.050833 5 0.002935 0.279219 0.896111 0.073438 0.148889 10 0.002243 0.988125 0.575139 0.02375 0.184167 10 0.0021 0.990938 0.643056 0.018125 0.267222 1 0.001782 0.1875 0.730278 0.030625 0.048333 1 0.001623 0.186406 0.724444 0.03875 0.064444 3 0.001611 0.259531 0.674167 0.065 0.123889 0 0.00149 0.990313 0.711389 0.019375 0.108333 3 0.00141 0.98125 0.760833 0.0375 0.135 0 0.001225 0.995313 0.680833 0.009375 0.127222 2 0.001202 0.279219 0.896111 0.073438 0.148889 9 0.001179 0.896875 0.746945 0.2025 0.351667 1 0.001143 0.191875 0.714445 0.042188 0.072222 0 0.001116 0.597188 0.526667 0.019375 0.055556
CCTV01^20260318-110000-20260318-120000_000629,5 0.936523 0.524531 0.880833 0.066563 0.197222 10 0.933594 0.898125 0.752222 0.20125 0.364444 6 0.931152 0.794688 0.415139 0.051875 0.116389 10 0.930176 0.667969 0.585 0.117812 0.265556 10 0.924316 0.297969 0.508611 0.141562 0.176111 10 0.924316 0.774687 0.844444 0.171875 0.311111 10 0.918945 0.6225 0.374444 0.0475 0.131667 3 0.901855 0.210313 0.709444 0.064063 0.093333 3 0.891602 0.325391 0.653611 0.059219 0.087222 5 0.888672 0.295469 0.761944 0.060313 0.137222 3 0.884277 0.323672 0.564722 0.058281 0.070556 10 0.875 0.78 0.581389 0.09875 0.217222 3 0.865234 0.272188 0.918889 0.07 0.162222 3 0.837402 0.148555 0.836111 0.085391 0.116667 3 0.82666 0.212656 0.856944 0.082813 0.141667 3 0.803223 0.253203 0.728056 0.069531 0.122778 3 0.789062 0.372344 0.546389 0.045937 0.059444 2 0.785156 0.214687 0.612222 0.03375 0.081111 2 0.699219 0.174219 0.675278 0.043438 0.090556 5 0.689453 0.410781 0.471111 0.060313 0.071111 10 0.682617 0.500156 0.359306 0.078438 0.104167 12 0.637207 0.484531 0.431528 0.045938 0.085833 10 0.635254 0.681563 0.376528 0.060625 0.1375 9 0.609375 0.345937 0.901389 0.0725 0.158333 10 0.457031 0.02418 0.648889 0.048359 0.247778 10 0.439697 0.125078 0.556389 0.164531 0.208333 3 0.345215 0.462188 0.486944 0.040625 0.035 0 0.078064 0.004841 0.838889 0.009585 0.122222 3 0.039642 0.410781 0.471111 0.060313 0.071111 10 0.030334 0.696562 0.494722 0.091875 0.198333 0 0.028656 0.84625 0.868333 0.04125 0.07 0 0.027802 0.895312 0.566806 0.036875 0.070833 0 0.023422 0.005613 0.856667 0.011157 0.148889 11 0.023239 0.345937 0.901389 0.0725 0.158333 10 0.01622 0.012637 0.871667 0.025273 0.256667 0 0.013428 0.007354 0.870833 0.014707 0.157222 9 0.012627 0.007354 0.870833 0.014707 0.157222 4 0.009018 0.410781 0.471111 0.060313 0.071111 3 0.008812 0.007561 0.819167 0.015015 0.133889 0 0.007607 0.005659 0.8275 0.011221 0.135 10 0.007122 0.743438 0.255833 0.040625 0.077222 6 0.006489 0.012637 0.871667 0.025273 0.256667 2 0.005913 0.969375 0.939444 0.05875 0.121111 9 0.0056 0.007515 0.881667 0.015029 0.145556 11 0.004944 0.906563 0.953333 0.095625 0.093333 10 0.0047 0.021367 0.62 0.042734 0.172222 10 0.004539 0.012568 0.871111 0.025137 0.257778 5 0.004486 0.253203 0.728056 0.069531 0.122778 0 0.004166 0.007561 0.819167 0.015015 0.133889 10 0.004025 0.794688 0.415139 0.051875 0.116389 3 0.003944 0.00845 0.260625 0.01646 0.030972 10 0.003538 0.022559 0.615833 0.045117 0.163889 4 0.002981 0.007354 0.870833 0.014707 0.157222 1 0.002823 0.004841 0.838889 0.009585 0.122222 0 0.002621 0.00938 0.840556 0.01876 0.172222 2 0.002541 0.814063 0.83 0.029375 0.097778 7 0.002323 0.007354 0.870833 0.014707 0.157222 5 0.00226 0.272188 0.918889 0.07 0.162222 0 0.002234 0.007515 0.881667 0.015029 0.145556 3 0.002234 0.010723 0.826667 0.021289 0.153333 2 0.002174 0.844063 0.924722 0.038125 0.108333 0 0.00215 0.010723 0.826667 0.021289 0.153333 7 0.001995 0.007515 0.881667 0.015029 0.145556 10 0.001768 0.01248 0.861111 0.024961 0.243333 4 0.001755 0.007515 0.881667 0.015029 0.145556 10 0.001675 0.007354 0.870833 0.014707 0.157222 3 0.001561 0.05416 0.24375 0.024023 0.031389 8 0.001525 0.007515 0.881667 0.015029 0.145556 0 0.001513 0.006523 0.891667 0.013047 0.133333 3 0.001507 0.005659 0.8275 0.011221 0.135 2 0.001501 0.007561 0.819167 0.015015 0.133889 6 0.001351 0.012568 0.871111 0.025137 0.257778 2 0.00132 0.906563 0.953333 0.095625 0.093333 3 0.0013 0.432656 0.433472 0.036562 0.039167 5 0.0013 0.141074 0.944167 0.131602 0.105 6 0.001188 0.01248 0.861111 0.024961 0.243333 0 0.001143 0.003091 0.748056 0.006182 0.095 2 0.001134 0.005659 0.8275 0.011221 0.135 3 0.001129 0.264375 0.681389 0.044375 0.055 3 0.001086 0.007354 0.870833 0.014707 0.157222 2 0.001024 0.004841 0.838889 0.009585 0.122222
CCTV01^20260318-110000-20260318-120000_000633,5 0.938477 0.524531 0.881111 0.067188 0.196667 10 0.927246 0.896875 0.77 0.20375 0.395556 10 0.923828 0.626563 0.396389 0.053125 0.142778 12 0.908203 0.248672 0.661111 0.089219 0.147778 10 0.907227 0.696719 0.685833 0.135313 0.336111 3 0.893066 0.24625 0.893611 0.067188 0.145 3 0.890137 0.343594 0.473611 0.043438 0.053889 3 0.885742 0.870625 0.901111 0.09125 0.17 3 0.881836 0.311797 0.536806 0.055781 0.061944 5 0.876465 0.464063 0.422361 0.04375 0.060833 3 0.875977 0.332266 0.577222 0.060469 0.075556 3 0.868164 0.379063 0.502361 0.045625 0.054167 10 0.867188 0.12625 0.844444 0.176875 0.311111 3 0.86084 0.393281 0.448889 0.029062 0.049444 9 0.848145 0.297031 0.780556 0.072813 0.132222 3 0.812988 0.31375 0.689444 0.064375 0.105556 3 0.789062 0.494219 0.443889 0.034687 0.05 3 0.782715 0.419219 0.484583 0.042812 0.054167 5 0.782715 0.374844 0.583889 0.070938 0.086667 5 0.771973 0.746875 0.916667 0.07375 0.166667 3 0.756348 0.4675 0.477083 0.048125 0.055833 10 0.737305 0.464063 0.367639 0.081875 0.103056 10 0.638672 0.071133 0.736389 0.141953 0.326111 10 0.622559 0.72375 0.439167 0.1175 0.195 2 0.609375 0.819687 0.944444 0.056875 0.11 6 0.515625 0.859062 0.53 0.090625 0.17 10 0.5 0.719688 0.560278 0.105625 0.246111 10 0.325928 0.674375 0.357361 0.04875 0.114167 0 0.259766 0.258594 0.515556 0.025 0.057778 6 0.213379 0.857813 0.525278 0.093125 0.169444 10 0.107788 0.78875 0.583333 0.08375 0.217778 3 0.045685 0.628906 0.524583 0.033437 0.068611 10 0.042084 0.026563 0.69625 0.053125 0.339722 6 0.039642 0.4575 0.284861 0.030625 0.059722 10 0.022461 0.125234 0.554028 0.166719 0.208611 2 0.016663 0.738438 0.33875 0.018125 0.0375 3 0.01519 0.331953 0.5775 0.060469 0.077222 5 0.014175 0.628906 0.524583 0.033437 0.068611 10 0.010208 0.536094 0.330556 0.057813 0.105 10 0.0093 0.743437 0.258542 0.038125 0.075694 10 0.008514 0.859062 0.53 0.090625 0.17 2 0.006668 0.718437 0.318889 0.018125 0.035 11 0.00605 0.297031 0.780556 0.072813 0.132222 2 0.004539 0.360938 0.379028 0.023125 0.051389 4 0.004383 0.746875 0.916667 0.07375 0.166667 5 0.00425 0.819687 0.944444 0.056875 0.11 3 0.003483 0.464063 0.422361 0.04375 0.060833 2 0.003403 0.360625 0.377639 0.02375 0.049722 10 0.003311 0.020745 0.614167 0.041479 0.179444 4 0.002834 0.374844 0.583889 0.070938 0.086667 11 0.00255 0.696719 0.685833 0.135313 0.336111 1 0.002531 0.333906 0.390278 0.018438 0.050556 0 0.002035 0.360938 0.379028 0.023125 0.051389 5 0.001649 0.248672 0.661111 0.089219 0.147778 10 0.00149 0.4575 0.284861 0.030625 0.059722 4 0.001484 0.464063 0.422361 0.04375 0.060833 5 0.001269 0.24625 0.893611 0.067188 0.145
CCTV01^20260318-110000-20260318-120000_000637,5 0.933594 0.524531 0.880278 0.067812 0.196111 10 0.930176 0.827812 0.774722 0.200625 0.390556 10 0.920898 0.655156 0.503889 0.080938 0.194444 12 0.919434 0.331563 0.527917 0.080625 0.109722 3 0.908203 0.278359 0.713333 0.061094 0.098889 3 0.832031 0.39125 0.495417 0.0475 0.055833 10 0.832031 0.329219 0.443889 0.104062 0.147222 5 0.823242 0.750625 0.539861 0.05125 0.091389 12 0.804199 0.716875 0.846667 0.06375 0.173333 10 0.775879 0.732188 0.454028 0.111875 0.179722 3 0.767578 0.49 0.444306 0.03875 0.060278 10 0.740234 0.115586 0.850556 0.215703 0.298889 3 0.679199 0.708125 0.730556 0.05625 0.107778 12 0.67041 0.721875 0.619722 0.04625 0.126111 5 0.649414 0.265781 0.896389 0.080312 0.165 3 0.613281 0.345313 0.625278 0.0525 0.088333 3 0.432129 0.437031 0.455833 0.039062 0.055556 3 0.418701 0.454375 0.48875 0.04625 0.038056 10 0.368408 0.945312 0.825833 0.108125 0.303889 3 0.334473 0.514219 0.40625 0.027812 0.045833 10 0.270508 0.147969 0.732222 0.209063 0.283333 2 0.245117 0.255938 0.527361 0.030625 0.068611 10 0.115967 0.6775 0.359444 0.05875 0.127778 3 0.111267 0.392031 0.457222 0.044062 0.047778 1 0.104492 0.660313 0.823056 0.024375 0.051667 5 0.10376 0.487344 0.389583 0.032813 0.054722 1 0.092041 0.659375 0.821389 0.025 0.053889 0 0.083862 0.261328 0.785556 0.037344 0.067778 10 0.067078 0.901875 0.610278 0.15625 0.248333 3 0.060089 0.439531 0.421528 0.037188 0.039722 1 0.05603 0.659688 0.8175 0.026875 0.060556 3 0.044189 0.265781 0.896389 0.080312 0.165 1 0.044006 0.261328 0.785556 0.037344 0.067778 1 0.041779 0.672188 0.9275 0.021875 0.045 10 0.0401 0.131602 0.615556 0.195547 0.246667 1 0.031738 0.262266 0.65 0.026094 0.046667 1 0.030563 0.257266 0.800833 0.026094 0.047222 0 0.02887 0.659688 0.8175 0.026875 0.060556 5 0.025757 0.750938 0.540417 0.051875 0.091389 3 0.013588 0.446094 0.393333 0.042188 0.043333 3 0.011871 0.612344 0.397778 0.026563 0.055 10 0.011826 0.025586 0.635278 0.050156 0.216111 9 0.011688 0.299609 0.608056 0.058281 0.093889 1 0.011597 0.672188 0.919722 0.025625 0.055 3 0.010452 0.391094 0.452917 0.042812 0.0475 1 0.009857 0.258203 0.648333 0.022344 0.047778 3 0.009674 0.39625 0.458472 0.035625 0.040833 12 0.007519 0.659688 0.8175 0.026875 0.060556 4 0.006512 0.265781 0.896389 0.080312 0.165 3 0.006462 0.447656 0.421667 0.032813 0.035556 1 0.006145 0.66 0.817222 0.02625 0.058889 3 0.004116 0.640938 0.350556 0.023125 0.047222 11 0.00399 0.754687 0.941944 0.081875 0.113889 7 0.003721 0.437031 0.455833 0.039062 0.055556 0 0.003416 0.67125 0.881667 0.0275 0.063333 0 0.002867 0.66 0.817222 0.02625 0.058889 2 0.002434 0.98125 0.968056 0.03625 0.062778 0 0.002035 0.262266 0.65 0.026094 0.046667 1 0.001839 0.268906 0.651667 0.025938 0.041111 5 0.001782 0.612344 0.397778 0.026563 0.055 0 0.001775 0.672188 0.919722 0.025625 0.055 5 0.00172 0.75125 0.540694 0.0525 0.090833 7 0.001707 0.716875 0.846667 0.06375 0.173333 6 0.001579 0.901875 0.610278 0.15625 0.248333 0 0.001567 0.268906 0.651667 0.025938 0.041111 0 0.001549 0.659375 0.821389 0.025 0.053889 5 0.001525 0.406094 0.544861 0.052813 0.086944 7 0.001467 0.721875 0.619722 0.04625 0.126111 0 0.001325 0.670938 0.874444 0.025625 0.062222 1 0.001188 0.657813 0.79 0.025625 0.067778 5 0.001156 0.49 0.444306 0.03875 0.060278 5 0.001099 0.331563 0.527917 0.080625 0.109722 1 0.001081 0.670938 0.910278 0.031875 0.070556 3 0.001048 0.05416 0.243333 0.023711 0.03 6 0.00102 0.455781 0.285556 0.030312 0.057222
CCTV01^20260318-110000-20260318-120000_000641,5 0.935059 0.524063 0.879167 0.068125 0.195 10 0.930664 0.838125 0.789445 0.20625 0.401111 10 0.922852 0.700313 0.684861 0.115625 0.319167 10 0.916504 0.220469 0.705556 0.169688 0.303333 5 0.912598 0.293672 0.734722 0.073906 0.142778 12 0.905273 0.391094 0.466667 0.068438 0.096667 10 0.786621 0.695625 0.414167 0.06625 0.161667 5 0.737305 0.479375 0.454583 0.04125 0.070833 5 0.642578 0.344688 0.624444 0.055 0.103333 5 0.622559 0.729688 0.511806 0.063125 0.089722 0 0.488281 0.361094 0.9225 0.037188 0.088333 3 0.443604 0.749063 0.396528 0.030625 0.058056 3 0.338135 0.515938 0.3925 0.03125 0.048889 10 0.338135 0.422188 0.374722 0.10375 0.111667 3 0.175537 0.631406 0.49 0.034688 0.069444 3 0.139404 0.632656 0.446667 0.030938 0.05 3 0.123352 0.620781 0.409722 0.028437 0.053889 3 0.120422 0.440938 0.447222 0.043125 0.051667 10 0.101929 0.026035 0.684722 0.051836 0.322778 10 0.098755 0.821562 0.535278 0.123125 0.200556 1 0.066589 0.361562 0.945556 0.033125 0.054444 12 0.06189 0.779375 0.382778 0.03 0.062778 12 0.05835 0.779688 0.382917 0.029375 0.060833 3 0.05835 0.5 0.422639 0.03 0.044167 3 0.05603 0.66875 0.483195 0.03875 0.071944 10 0.054199 0.935 0.76 0.13 0.393333 5 0.037476 0.244766 0.904167 0.106406 0.191667 5 0.027267 0.765938 0.583472 0.051875 0.098611 10 0.023865 0.068652 0.798889 0.135195 0.307778 3 0.02002 0.490781 0.388472 0.031563 0.040278 3 0.01738 0.729688 0.511806 0.063125 0.089722 3 0.012291 0.479375 0.454583 0.04125 0.070833 7 0.009598 0.779375 0.382778 0.03 0.062778 3 0.008949 0.487969 0.386806 0.031562 0.036944 1 0.008919 0.360313 0.945833 0.035625 0.058333 3 0.008545 0.652344 0.417222 0.030312 0.064444 10 0.008377 0.629219 0.309167 0.034062 0.101667 6 0.007965 0.244766 0.904167 0.106406 0.191667 2 0.007668 0.779688 0.382917 0.029375 0.060833 1 0.00629 0.324219 0.820833 0.025312 0.046111 10 0.00605 0.211914 0.606944 0.177734 0.255 4 0.005959 0.779688 0.382917 0.029375 0.060833 7 0.005535 0.779688 0.382917 0.029375 0.060833 0 0.0047 0.112773 0.566944 0.146953 0.216111 2 0.004486 0.779375 0.382778 0.03 0.062778 4 0.003147 0.779375 0.382778 0.03 0.062778 10 0.00289 0.321094 0.498333 0.082188 0.14 4 0.002855 0.244766 0.904167 0.106406 0.191667 6 0.002182 0.779375 0.382778 0.03 0.062778 3 0.002165 0.47 0.4075 0.039375 0.038333 1 0.001972 0.323828 0.816944 0.027969 0.055 5 0.001554 0.515938 0.3925 0.03125 0.048889 3 0.001249 0.008474 0.260347 0.016431 0.030972 6 0.001112 0.779688 0.382917 0.029375 0.060833 3 0.001008 0.344688 0.624444 0.055 0.103333
CCTV01^20260318-110000-20260318-120000_000645,5 0.9375 0.524219 0.880556 0.067188 0.198889 10 0.930664 0.698125 0.434167 0.05375 0.171667 10 0.929199 0.835938 0.791389 0.211875 0.405 10 0.906738 0.263516 0.634028 0.158594 0.240833 3 0.90332 0.668437 0.625278 0.045625 0.093889 10 0.901367 0.628125 0.37875 0.04375 0.150833 3 0.894043 0.715312 0.837778 0.066875 0.156667 5 0.890137 0.332422 0.650833 0.070781 0.123889 3 0.887207 0.707812 0.566667 0.051875 0.087778 5 0.874023 0.486094 0.440694 0.038437 0.064722 10 0.867188 0.134297 0.837778 0.196406 0.323333 3 0.854004 0.650156 0.554722 0.045938 0.079444 10 0.847168 0.490938 0.329583 0.074375 0.0875 6 0.834473 0.255703 0.863056 0.103594 0.272778 12 0.732422 0.422031 0.435 0.063437 0.095556 12 0.689453 0.344609 0.839167 0.067656 0.146111 3 0.642578 0.644844 0.50875 0.042812 0.069167 3 0.642578 0.744375 0.531944 0.05 0.088333 10 0.59082 0.333281 0.469167 0.110313 0.152778 5 0.505859 0.369375 0.564583 0.046875 0.0875 5 0.5 0.710625 0.669444 0.05125 0.123333 10 0.496094 0.83375 0.561944 0.12875 0.222778 10 0.484375 0.023633 0.648333 0.047266 0.248889 3 0.476562 0.765625 0.480278 0.0325 0.065 3 0.46875 0.463906 0.4825 0.050312 0.049444 3 0.12854 0.710625 0.669444 0.05125 0.123333 12 0.05835 0.041445 0.821111 0.082891 0.177778 10 0.034088 0.942813 0.753611 0.113125 0.357222 3 0.033478 0.647969 0.463194 0.032813 0.053611 3 0.023148 0.46375 0.482639 0.051875 0.050278 10 0.019501 0.944375 0.768056 0.11125 0.385 3 0.015015 0.486094 0.440694 0.038437 0.064722 5 0.015015 0.744375 0.531944 0.05 0.088333 3 0.012009 0.476094 0.3925 0.045937 0.046111 11 0.011505 0.041445 0.821111 0.082891 0.177778 12 0.01107 0.031416 0.821667 0.062012 0.17 3 0.007488 0.369375 0.564583 0.046875 0.0875 3 0.007404 0.524063 0.38 0.035 0.05 5 0.005554 0.255703 0.863056 0.103594 0.272778 2 0.0051 0.463906 0.4825 0.050312 0.049444 10 0.004791 0.021055 0.615556 0.042109 0.176667 4 0.004383 0.710625 0.669444 0.05125 0.123333 2 0.00407 0.738125 0.372917 0.02 0.041944 5 0.00375 0.715312 0.837778 0.066875 0.156667 3 0.003273 0.504844 0.414306 0.027812 0.041944 4 0.002684 0.486094 0.440694 0.038437 0.064722 5 0.002684 0.7675 0.583611 0.05 0.088333 10 0.002378 0.937813 0.799444 0.123125 0.321111 11 0.002068 0.490938 0.329583 0.074375 0.0875 10 0.001972 0.152734 0.659583 0.206406 0.285278 10 0.001972 0.016758 0.691667 0.033516 0.316667 10 0.001949 0.022617 0.611806 0.045234 0.161944 3 0.001853 0.00874 0.260694 0.016973 0.030833 10 0.001755 0.255703 0.863056 0.103594 0.272778 0 0.001325 0.7725 0.435972 0.02 0.049167 6 0.001174 0.457031 0.284444 0.030937 0.056667 0 0.001012 0.314766 0.955278 0.029219 0.062778
CCTV01^20260318-110000-20260318-120000_000649,5 0.9375 0.524687 0.88 0.06625 0.2 3 0.929199 0.727812 0.850556 0.074375 0.155556 10 0.928223 0.839375 0.789445 0.20625 0.405556 10 0.869629 0.382188 0.496806 0.12 0.1775 6 0.867188 0.294922 0.697222 0.087031 0.211111 10 0.851074 0.635469 0.503611 0.056563 0.201667 3 0.850098 0.68375 0.680556 0.05375 0.118889 12 0.782715 0.332344 0.815278 0.075937 0.138333 3 0.73584 0.249609 0.940833 0.070156 0.118333 3 0.682617 0.464219 0.482639 0.045938 0.046389 3 0.640625 0.728125 0.646389 0.04125 0.111667 2 0.563965 0.038936 0.798611 0.064629 0.108333 3 0.558105 0.169961 0.948333 0.079141 0.103333 10 0.556641 0.199219 0.72 0.155312 0.333333 10 0.554688 0.635469 0.50125 0.057813 0.199722 10 0.470703 0.695938 0.493333 0.054375 0.206667 3 0.407227 0.490469 0.445 0.038438 0.059444 10 0.373779 0.025234 0.679583 0.050469 0.313056 5 0.284668 0.50375 0.40625 0.035 0.056389 3 0.181274 0.745313 0.532083 0.051875 0.093611 10 0.166626 0.9625 0.812222 0.07375 0.375556 3 0.138428 0.765938 0.4875 0.033125 0.072222 10 0.112793 0.843437 0.584444 0.128125 0.237778 3 0.088806 0.468125 0.424583 0.035 0.060278 10 0.082092 0.695 0.490417 0.05875 0.209167 0 0.031616 0.312656 0.920833 0.041563 0.091667 10 0.029877 0.312656 0.50375 0.150312 0.179167 10 0.025467 0.198906 0.721944 0.154063 0.331667 5 0.023148 0.745313 0.532083 0.051875 0.093611 5 0.015671 0.728125 0.646389 0.04125 0.111667 5 0.0112 0.294922 0.697222 0.087031 0.211111 10 0.010368 0.018574 0.709444 0.037148 0.344444 3 0.010056 0.37 0.964445 0.06125 0.066667 9 0.009125 0.312656 0.920833 0.041563 0.091667 0 0.008987 0.009177 0.968056 0.018286 0.061667 3 0.007843 0.50375 0.40625 0.035 0.056389 0 0.007374 0.006199 0.940278 0.012368 0.119444 5 0.006565 0.468125 0.424583 0.035 0.060278 1 0.004829 0.272969 0.839722 0.024688 0.046111 5 0.003693 0.68375 0.680556 0.05375 0.118889 0 0.003403 0.272734 0.834445 0.027344 0.056667 2 0.003136 0.249609 0.940833 0.070156 0.118333 1 0.003111 0.009177 0.968056 0.018286 0.061667 10 0.002737 0.413281 0.394306 0.084062 0.106389 6 0.002512 0.457031 0.284861 0.034062 0.056389 3 0.002424 0.006199 0.940278 0.012368 0.119444 4 0.002398 0.50375 0.40625 0.035 0.056389 9 0.002216 0.9625 0.812222 0.07375 0.375556 1 0.001875 0.737188 0.470278 0.021875 0.047222 10 0.001467 0.457031 0.284861 0.034062 0.056389 10 0.001455 0.990938 0.604028 0.018125 0.188611 0 0.001274 0.272969 0.821389 0.029687 0.076111 10 0.001249 0.99125 0.661111 0.0175 0.253333 3 0.001211 0.009177 0.968056 0.018286 0.061667 2 0.001134 0.490469 0.445 0.038438 0.059444 1 0.00109 0.271172 0.840278 0.027031 0.052778 10 0.001048 0.020957 0.618333 0.041836 0.184444
CCTV01^20260318-110000-20260318-120000_000654,5 0.939941 0.524375 0.881111 0.0675 0.196667 10 0.936035 0.840938 0.790833 0.205625 0.409444 10 0.923828 0.288203 0.591944 0.166094 0.232778 10 0.910645 0.74125 0.808611 0.1625 0.382778 3 0.904785 0.255391 0.87 0.061719 0.131111 10 0.875 0.703125 0.51625 0.07375 0.224167 3 0.824219 0.160703 0.903611 0.075156 0.157222 3 0.811523 0.221641 0.766111 0.061094 0.105556 3 0.79834 0.33 0.836389 0.07125 0.135 10 0.778809 0.64125 0.464306 0.05 0.138056 5 0.73584 0.484375 0.446389 0.04125 0.069444 12 0.085083 0.293516 0.732222 0.065469 0.127778 11 0.07782 0.059688 0.817778 0.119219 0.237778 9 0.054596 0.059688 0.817778 0.119219 0.237778 10 0.036499 0.455781 0.409861 0.085313 0.124722 5 0.025558 0.221719 0.956667 0.079375 0.086667 3 0.015717 0.757188 0.52125 0.036875 0.074167 8 0.007904 0.059688 0.817778 0.119219 0.237778 10 0.007347 0.124727 0.563333 0.169297 0.226667 10 0.006851 0.959063 0.891111 0.080625 0.217778 10 0.004868 0.66375 0.337083 0.04 0.1075 2 0.004314 0.154297 0.683611 0.060469 0.096111 9 0.003538 0.74125 0.808611 0.1625 0.382778 8 0.003416 0.293516 0.732222 0.065469 0.127778 6 0.003075 0.221719 0.956667 0.079375 0.086667 4 0.003016 0.221719 0.956667 0.079375 0.086667 5 0.002901 0.33 0.836389 0.07125 0.135 0 0.002693 0.124727 0.563333 0.169297 0.226667 6 0.001768 0.769063 0.386111 0.054375 0.113889 10 0.001362 0.921563 0.746111 0.156875 0.314444 3 0.001294 0.484375 0.446389 0.04125 0.069444 6 0.001008 0.41125 0.505139 0.084375 0.131944
CCTV01^20260318-110000-20260318-120000_000658,5 0.937988 0.524219 0.881111 0.067188 0.195556 10 0.93457 0.838437 0.789445 0.210625 0.406667 10 0.913086 0.105547 0.790278 0.211094 0.370556 3 0.904785 0.257656 0.777778 0.054375 0.108889 10 0.901367 0.384375 0.495833 0.130625 0.179444 10 0.893066 0.70125 0.521667 0.0625 0.23 5 0.766113 0.233516 0.905833 0.077031 0.182778 3 0.668945 0.184727 0.810833 0.072422 0.128333 3 0.631836 0.314766 0.722222 0.049219 0.114444 1 0.548828 0.785625 0.963333 0.03875 0.068889 10 0.541016 0.64125 0.465556 0.05 0.141111 3 0.325928 0.249766 0.686944 0.062344 0.086111 11 0.230957 0.255156 0.566667 0.117188 0.145556 5 0.201782 0.493437 0.433194 0.039375 0.068056 3 0.09845 0.493437 0.433194 0.039375 0.068056 0 0.077209 0.357344 0.942778 0.052813 0.092222 10 0.068787 0.92625 0.798611 0.1475 0.398333 3 0.060974 0.249609 0.686389 0.062031 0.085 12 0.048492 0.302344 0.625833 0.045313 0.098333 5 0.042084 0.314766 0.722222 0.049219 0.114444 10 0.038452 0.81375 0.47 0.0675 0.148889 10 0.033478 0.700938 0.523333 0.063125 0.235556 6 0.026352 0.233516 0.905833 0.077031 0.182778 11 0.022202 0.256406 0.564583 0.114063 0.150833 0 0.006878 0.360313 0.958333 0.04875 0.076667 4 0.004086 0.314766 0.722222 0.049219 0.114444 0 0.003824 0.361406 0.958056 0.047813 0.077222 12 0.003708 0.255156 0.566667 0.117188 0.145556 10 0.002306 0.024033 0.694722 0.047402 0.330556 6 0.001597 0.81375 0.47 0.0675 0.148889 10 0.001579 0.663125 0.338611 0.0425 0.112778 2 0.001367 0.314766 0.722222 0.049219 0.114444 2 0.001325 0.935938 0.153472 0.011875 0.025278 0 0.001309 0.126719 0.562222 0.161875 0.225556 9 0.001269 0.314766 0.722222 0.049219 0.114444 11 0.001206 0.70125 0.521667 0.0625 0.23
CCTV01^20260318-110000-20260318-120000_000662,5 0.9375 0.524063 0.880556 0.066875 0.194444 10 0.921387 0.180625 0.680417 0.244688 0.296944 10 0.908691 0.88125 0.821944 0.2325 0.356111 5 0.893066 0.7725 0.600556 0.0525 0.116667 10 0.893066 0.700625 0.524167 0.0625 0.231667 10 0.863281 0.45125 0.425556 0.100625 0.144444 5 0.823242 0.257969 0.798333 0.068125 0.165556 10 0.763672 0.641094 0.467361 0.050312 0.139722 3 0.72168 0.363281 0.8575 0.098438 0.132778 3 0.602051 0.335078 0.640833 0.064844 0.083889 3 0.523438 0.804688 0.52875 0.036875 0.075833 3 0.252441 0.748125 0.666389 0.06625 0.111667 0 0.139404 0.31125 0.760278 0.035625 0.070556 3 0.077515 0.75625 0.525694 0.03375 0.0675 3 0.048492 0.376563 0.569444 0.05625 0.072222 11 0.0336 0.354922 0.489306 0.087656 0.119167 4 0.024994 0.041016 0.890833 0.082031 0.197222 10 0.020645 0.95375 0.828333 0.0925 0.327778 11 0.016022 0.041016 0.890833 0.082031 0.197222 7 0.010696 0.307813 0.926944 0.126875 0.139444 4 0.008316 0.041563 0.894444 0.082813 0.2 7 0.007935 0.041016 0.890833 0.082031 0.197222 11 0.007904 0.041563 0.894444 0.082813 0.2 5 0.005386 0.748125 0.666389 0.06625 0.111667 2 0.004467 0.363281 0.8575 0.098438 0.132778 0 0.004265 0.296719 0.799167 0.022187 0.067222 8 0.003975 0.041016 0.890833 0.082031 0.197222 9 0.003708 0.041016 0.890833 0.082031 0.197222 9 0.002405 0.307813 0.926944 0.126875 0.139444 0 0.002083 0.127773 0.566111 0.166953 0.234444 8 0.001912 0.041563 0.894444 0.082813 0.2 12 0.001883 0.041016 0.890833 0.082031 0.197222 6 0.001853 0.257969 0.798333 0.068125 0.165556 10 0.001853 0.88 0.593889 0.115 0.21 9 0.001824 0.041563 0.894444 0.082813 0.2 0 0.00181 0.297734 0.816944 0.027969 0.085 11 0.001782 0.700625 0.524167 0.0625 0.231667 8 0.0017 0.307813 0.926944 0.126875 0.139444 0 0.001636 0.007046 0.763889 0.014092 0.077778 7 0.001623 0.041563 0.894444 0.082813 0.2 0 0.001549 0.00625 0.771667 0.0125 0.078889 10 0.001525 0.389844 0.381806 0.097813 0.114167 3 0.001484 0.231484 0.971945 0.076094 0.046111 4 0.001341 0.769688 0.482083 0.034375 0.075278 4 0.001341 0.039053 0.877222 0.076504 0.143333 6 0.001309 0.88 0.593889 0.115 0.21 10 0.001279 0.451875 0.423056 0.10125 0.136667 5 0.001169 0.041563 0.894444 0.082813 0.2 7 0.001138 0.307031 0.9275 0.128438 0.139444 5 0.001129 0.804688 0.52875 0.036875 0.075833 0 0.001107 0.05791 0.737778 0.029883 0.072222 12 0.00109 0.041563 0.894444 0.082813 0.2 1 0.00106 0.74875 0.745 0.0225 0.042222
CCTV01^20260318-110000-20260318-120000_000666,5 0.936523 0.524375 0.880833 0.066875 0.196111 5 0.899902 0.266641 0.76 0.063594 0.147778 5 0.894043 0.785937 0.664722 0.056875 0.139444 10 0.892578 0.333906 0.545556 0.164063 0.21 10 0.622559 0.721875 0.680694 0.11125 0.3475 3 0.565918 0.342344 0.823611 0.088438 0.110556 10 0.494141 0.722188 0.681667 0.110625 0.345556 6 0.472656 0.649219 0.515278 0.055312 0.152778 10 0.44165 0.905625 0.865278 0.18375 0.269444 3 0.422607 0.048906 0.842778 0.097813 0.141111 3 0.386719 0.484531 0.457778 0.040312 0.053889 7 0.269043 0.276563 0.893333 0.120625 0.147778 3 0.229492 0.503281 0.407639 0.035312 0.054167 9 0.092346 0.276563 0.893333 0.120625 0.147778 3 0.036499 0.816875 0.641389 0.03875 0.099444 5 0.017242 0.88125 0.707222 0.06625 0.116667 10 0.01107 0.883438 0.602778 0.115625 0.216667 2 0.009598 0.484531 0.457778 0.040312 0.053889 5 0.009018 0.816875 0.641389 0.03875 0.099444 10 0.008575 0.953125 0.835833 0.09375 0.328333 4 0.008156 0.276563 0.893333 0.120625 0.147778 6 0.007755 0.953125 0.835833 0.09375 0.328333 10 0.005642 0.024531 0.655556 0.047656 0.226667 4 0.005119 0.185195 0.815 0.097734 0.157778 10 0.00481 0.66625 0.348056 0.04375 0.122222 10 0.004467 0.016689 0.681111 0.033379 0.237778 10 0.003914 0.128125 0.561806 0.161875 0.219722 11 0.003403 0.276563 0.893333 0.120625 0.147778 0 0.003376 0.128125 0.561806 0.161875 0.219722 10 0.003376 0.320312 0.465 0.138125 0.165556 6 0.003099 0.080781 0.896945 0.161563 0.206111 8 0.002714 0.276563 0.893333 0.120625 0.147778 10 0.002388 0.905938 0.865278 0.186875 0.269444 10 0.002378 0.014434 0.721944 0.028867 0.317222 3 0.002323 0.88125 0.707222 0.06625 0.116667 7 0.002314 0.080781 0.896945 0.161563 0.206111 12 0.002253 0.185195 0.815 0.097734 0.157778 3 0.002234 0.004907 0.773333 0.009814 0.151111 2 0.001957 0.503281 0.407639 0.035312 0.054167 3 0.001824 0.004922 0.791111 0.009844 0.145556 11 0.001796 0.433281 0.425139 0.075312 0.111389 5 0.001761 0.503281 0.407639 0.035312 0.054167 1 0.001734 0.311484 0.741389 0.020781 0.058333 2 0.001597 0.78625 0.534583 0.03 0.071944 2 0.001305 0.048906 0.842778 0.097813 0.141111 1 0.001294 0.83625 0.687222 0.025 0.068889 3 0.001279 0.277188 0.891389 0.121875 0.148333 10 0.001161 0.649219 0.515278 0.055312 0.152778 10 0.001073 0.433281 0.425139 0.075312 0.111389 0 0.001017 0.154883 0.646667 0.029609 0.07
CCTV01^20260318-110000-20260318-120000_000670,5 0.931641 0.524687 0.879722 0.06625 0.193889 10 0.890137 0.788438 0.823889 0.208125 0.352222 10 0.874023 0.162266 0.718333 0.174844 0.31 5 0.851074 0.315469 0.639444 0.077188 0.114444 6 0.839844 0.674688 0.584583 0.079375 0.185278 5 0.600098 0.88625 0.73 0.06875 0.155556 2 0.196777 0.946875 0.803333 0.0625 0.153333 3 0.149048 0.830625 0.693889 0.05 0.111111 3 0.108582 0.420781 0.903333 0.069062 0.13 4 0.053406 0.830625 0.693889 0.05 0.111111 3 0.048859 0.88625 0.73 0.06875 0.155556 2 0.030563 0.420781 0.903333 0.069062 0.13 6 0.022537 0.675 0.583889 0.08125 0.193333 5 0.020645 0.830625 0.693889 0.05 0.111111 10 0.017044 0.6675 0.357639 0.0475 0.131389 5 0.01622 0.420781 0.903333 0.069062 0.13 1 0.014175 0.005405 0.886111 0.010811 0.092222 12 0.010612 0.946875 0.803333 0.0625 0.153333 0 0.009636 0.005405 0.886111 0.010811 0.092222 8 0.009232 0.306563 0.516944 0.085 0.108333 7 0.008286 0.242734 0.831111 0.070156 0.135556 5 0.007874 0.806875 0.749444 0.06125 0.167778 8 0.007347 0.946875 0.803333 0.0625 0.153333 4 0.006798 0.420781 0.903333 0.069062 0.13 12 0.006264 0.744063 0.574861 0.038125 0.095833 6 0.005936 0.77625 0.534583 0.03625 0.0975 4 0.005554 0.315469 0.639444 0.077188 0.114444 1 0.004055 0.063828 0.8125 0.023203 0.049444 11 0.003975 0.946875 0.803333 0.0625 0.153333 10 0.003824 0.882187 0.605556 0.116875 0.225556 1 0.00378 0.063223 0.7925 0.031914 0.082778 4 0.003679 0.88625 0.73 0.06875 0.155556 0 0.003607 0.063223 0.7925 0.031914 0.082778 3 0.003376 0.303359 0.724722 0.053281 0.081667 3 0.003325 0.515938 0.394306 0.031875 0.0525 12 0.003223 0.77625 0.534583 0.03625 0.0975 4 0.003124 0.744063 0.574861 0.038125 0.095833 9 0.002779 0.242734 0.831111 0.070156 0.135556 10 0.002768 0.455156 0.425417 0.095312 0.141944 12 0.00227 0.067422 0.928056 0.103125 0.143889 1 0.002253 0.061406 0.786111 0.060625 0.094444 0 0.002253 0.685625 0.938889 0.04375 0.104444 0 0.001861 0.333125 0.797778 0.035 0.066667 1 0.001694 0.420781 0.903333 0.069062 0.13 10 0.001611 0.955625 0.92 0.0875 0.16 6 0.001574 0.955625 0.92 0.0875 0.16 0 0.001513 0.004446 0.908611 0.008892 0.140555 3 0.001367 0.382344 0.586111 0.059688 0.065556 0 0.001351 0.995 0.841389 0.01 0.086111 4 0.00124 0.2925 0.577778 0.0475 0.085556 6 0.001143 0.882187 0.605556 0.116875 0.225556 1 0.001134 0.313594 0.858611 0.028437 0.061667 11 0.001086 0.788438 0.823889 0.208125 0.352222 9 0.001037 0.162266 0.718333 0.174844 0.31
CCTV01^20260318-110000-20260318-120000_000674,5 0.931641 0.524375 0.882778 0.066875 0.196667 6 0.879883 0.696875 0.645556 0.0925 0.217778 5 0.873047 0.319219 0.636944 0.073438 0.116111 10 0.822266 0.20043 0.65125 0.168828 0.253056 3 0.785156 0.721563 0.881111 0.063125 0.173333 7 0.642578 0.88625 0.708333 0.045 0.097778 3 0.537109 0.88 0.855 0.0725 0.16 10 0.414795 0.473125 0.404583 0.09375 0.130833 0 0.395996 0.960625 0.831111 0.055 0.128889 10 0.350342 0.668125 0.366667 0.04125 0.131667 3 0.295898 0.065801 0.951111 0.067461 0.096667 6 0.286133 0.943125 0.733056 0.1125 0.293889 4 0.092041 0.88625 0.708333 0.045 0.097778 2 0.021698 0.819063 0.466667 0.036875 0.083333 3 0.019501 0.389688 0.575556 0.048125 0.064444 10 0.015366 0.06748 0.7425 0.134258 0.307222 10 0.012146 0.200938 0.651389 0.168125 0.253889 2 0.010986 0.796875 0.600556 0.0475 0.11 10 0.009743 0.024658 0.670556 0.048652 0.334444 6 0.008987 0.819063 0.466667 0.036875 0.083333 0 0.008255 0.352969 0.769722 0.035312 0.071667 12 0.007755 0.374375 0.46875 0.0725 0.1025 11 0.007347 0.374375 0.46875 0.0725 0.1025 2 0.007175 0.93125 0.952222 0.0775 0.095556 9 0.007065 0.374375 0.46875 0.0725 0.1025 5 0.006565 0.786563 0.526667 0.041875 0.094444 3 0.005428 0.82 0.802778 0.07125 0.123333 3 0.005322 0.435469 0.9125 0.044688 0.081667 4 0.005199 0.859375 0.733056 0.04 0.083889 2 0.005161 0.592813 0.444306 0.02125 0.055833 5 0.004349 0.721563 0.881111 0.063125 0.173333 0 0.004215 0.859375 0.733056 0.04 0.083889 12 0.002993 0.819063 0.466667 0.036875 0.083333 3 0.002935 0.697188 0.525139 0.040625 0.066389 10 0.002935 0.025547 0.708611 0.051016 0.380556 12 0.0021 0.615781 0.454861 0.034062 0.094167 0 0.001987 0.993125 0.8425 0.01375 0.095 2 0.001782 0.995625 0.9325 0.00875 0.133889 6 0.001741 0.796875 0.600556 0.0475 0.11 8 0.001675 0.374375 0.46875 0.0725 0.1025 0 0.001661 0.06748 0.7425 0.134258 0.307222 0 0.001513 0.387969 0.519722 0.037188 0.060556 1 0.001501 0.995625 0.9325 0.00875 0.133889 3 0.001478 0.88625 0.708333 0.045 0.097778 7 0.001416 0.280781 0.778333 0.038437 0.103333 4 0.001351 0.761563 0.758056 0.039375 0.120556 3 0.001335 0.995625 0.9325 0.00875 0.133889 3 0.001188 0.280781 0.778333 0.038437 0.103333 4 0.001138 0.741563 0.584167 0.046875 0.149444 1 0.001107 0.618125 0.55375 0.0225 0.060278 0 0.001099 0.914688 0.828333 0.043125 0.097778 3 0.00106 0.859375 0.733056 0.04 0.083889 2 0.001057 0.993125 0.8425 0.01375 0.095 8 0.001048 0.100488 0.816389 0.079961 0.167222
CCTV01^20260318-110000-20260318-120000_000725,3 0.898438 0.714063 0.869722 0.070625 0.160556 10 0.889648 0.625625 0.319722 0.035 0.095 3 0.889648 0.242812 0.747222 0.08625 0.114444 3 0.877441 0.686875 0.652778 0.05375 0.098889 3 0.876465 0.315938 0.671111 0.060625 0.088889 3 0.868652 0.732813 0.581944 0.045625 0.081667 10 0.868652 0.428438 0.405139 0.101875 0.130833 3 0.868164 0.74375 0.673333 0.06 0.111111 3 0.85791 0.356719 0.593056 0.069063 0.076111 4 0.85791 0.78375 0.648333 0.05 0.107778 10 0.85498 0.233984 0.610556 0.185781 0.26 10 0.850098 0.675625 0.352639 0.04875 0.123611 3 0.839844 0.257031 0.919444 0.077813 0.152222 10 0.834473 0.335 0.469722 0.146875 0.159444 3 0.799316 0.186641 0.893056 0.086719 0.141667 3 0.778809 0.522969 0.876389 0.070937 0.197222 2 0.771973 0.653906 0.56 0.033437 0.075556 0 0.763672 0.303125 0.786389 0.045 0.089444 3 0.743164 0.733438 0.508333 0.043125 0.084444 2 0.682617 0.703438 0.729722 0.049375 0.106111 10 0.57959 0.063008 0.835 0.125703 0.33 5 0.571777 0.691563 0.515 0.054375 0.1 2 0.552734 0.86625 0.543194 0.035 0.076944 0 0.523438 0.924688 0.6975 0.045625 0.103889 4 0.503906 0.691563 0.515 0.054375 0.1 0 0.435791 0.164336 0.780278 0.036328 0.080556 0 0.329346 0.76125 0.808056 0.0375 0.126111 0 0.300781 0.78875 0.7525 0.04125 0.088333 0 0.129395 0.248281 0.809445 0.030938 0.082222 10 0.111633 0.882187 0.849722 0.175625 0.300556 0 0.105225 0.973125 0.910833 0.0525 0.136111 3 0.101562 0.420156 0.498056 0.047187 0.053333 2 0.093018 0.885 0.529722 0.03375 0.071667 0 0.088196 0.373437 0.956389 0.03875 0.076111 0 0.083862 0.98625 0.834722 0.0275 0.091667 3 0.080383 0.490781 0.419028 0.034062 0.0425 1 0.061188 0.992813 0.707778 0.014375 0.073333 1 0.060516 0.164336 0.780278 0.036328 0.080556 0 0.060516 0.400469 0.5275 0.024688 0.052778 3 0.056244 0.691563 0.515 0.054375 0.1 5 0.053192 0.522969 0.876389 0.070937 0.197222 1 0.033478 0.40125 0.918056 0.034375 0.089444 0 0.032593 0.78875 0.521806 0.02875 0.074167 9 0.030334 0.675625 0.352639 0.04875 0.123611 1 0.029419 0.248281 0.809445 0.030938 0.082222 2 0.02887 0.992813 0.707778 0.014375 0.073333 2 0.024521 0.51875 0.396111 0.02 0.047222 9 0.023514 0.691563 0.515 0.054375 0.1 1 0.023422 0.703438 0.729722 0.049375 0.106111 0 0.023331 0.835625 0.46625 0.0275 0.061389 0 0.02272 0.401875 0.527639 0.02625 0.053611 0 0.022293 0.372031 0.936667 0.044062 0.092222 0 0.021286 0.86625 0.543194 0.035 0.076944 1 0.019791 0.249609 0.821389 0.026094 0.060556 0 0.018692 0.808125 0.49625 0.02375 0.0675 1 0.018478 0.251797 0.8325 0.019844 0.036111 0 0.018402 0.992813 0.707778 0.014375 0.073333 5 0.017853 0.733438 0.508333 0.043125 0.084444 1 0.016159 0.989375 0.708333 0.02125 0.078889 1 0.010735 0.247656 0.831111 0.025 0.056667 2 0.009819 0.989375 0.708333 0.02125 0.078889 4 0.009674 0.733438 0.508333 0.043125 0.084444 7 0.009636 0.78375 0.648333 0.05 0.107778 0 0.009232 0.703438 0.729722 0.049375 0.106111 1 0.008125 0.653906 0.56 0.033437 0.075556 0 0.007965 0.779688 0.763889 0.055625 0.103333 0 0.007874 0.40125 0.918056 0.034375 0.089444 10 0.006641 0.040703 0.778056 0.081406 0.421667 0 0.006489 0.940938 0.841389 0.031875 0.089444 3 0.006241 0.992813 0.707778 0.014375 0.073333 3 0.006218 0.460781 0.483472 0.060313 0.051944 9 0.005981 0.733438 0.508333 0.043125 0.084444 4 0.005936 0.703438 0.729722 0.049375 0.106111 3 0.005707 0.456875 0.445833 0.04875 0.051111 3 0.005577 0.996875 0.673056 0.00625 0.129444 3 0.00547 0.465 0.45 0.068125 0.058333 0 0.00526 0.402812 0.532222 0.025625 0.05 1 0.005241 0.400469 0.5275 0.024688 0.052778 0 0.005138 0.988437 0.858611 0.023125 0.156111 0 0.005062 0.37 0.927778 0.041875 0.085556 1 0.004887 0.402812 0.532222 0.025625 0.05 3 0.00452 0.989375 0.708333 0.02125 0.078889 0 0.004349 0.784688 0.745556 0.073125 0.118889 0 0.003679 0.786563 0.762778 0.041875 0.081111 0 0.003416 0.991562 0.865833 0.016875 0.173889 3 0.003197 0.703438 0.729722 0.049375 0.106111 9 0.003136 0.522969 0.876389 0.070937 0.197222 0 0.003052 0.394688 0.9225 0.075 0.115 0 0.003004 0.985625 0.867222 0.02875 0.155556 5 0.002993 0.703438 0.729722 0.049375 0.106111 12 0.002958 0.164336 0.780278 0.036328 0.080556 11 0.00289 0.882187 0.849722 0.175625 0.300556 12 0.0028 0.882187 0.849722 0.175625 0.300556 1 0.002768 0.400781 0.5325 0.025938 0.051667 3 0.002693 0.78375 0.648333 0.05 0.107778 2 0.00259 0.996875 0.673056 0.00625 0.129444 0 0.002253 0.753125 0.40125 0.02125 0.053056 0 0.002165 0.985625 0.858611 0.02875 0.138333 0 0.0021 0.995938 0.805556 0.008125 0.096667 0 0.00205 0.385781 0.935278 0.062188 0.110556 0 0.002043 0.989375 0.708333 0.02125 0.078889 1 0.002028 0.994375 0.728889 0.01125 0.1 2 0.002003 0.191719 0.436806 0.018125 0.041389 0 0.00198 0.805938 0.502083 0.024375 0.0625 0 0.00198 0.2 0.736944 0.030312 0.068333 0 0.001867 0.199844 0.7375 0.0325 0.070556 12 0.001714 0.691563 0.515 0.054375 0.1 0 0.001714 0.996875 0.673056 0.00625 0.129444 2 0.001661 0.136758 0.526806 0.041484 0.079722 4 0.001649 0.493906 0.394028 0.026563 0.0475 1 0.001623 0.164102 0.775 0.073359 0.097778 1 0.001585 0.98625 0.834722 0.0275 0.091667 1 0.001525 0.163984 0.794444 0.026406 0.05 2 0.001495 0.717813 0.317917 0.019375 0.040278 9 0.001455 0.335 0.469722 0.146875 0.159444 10 0.001421 0.98625 0.591667 0.0275 0.156667 4 0.001367 0.76125 0.808056 0.0375 0.126111 3 0.001356 0.997812 0.779722 0.004375 0.116111 1 0.001346 0.76125 0.808056 0.0375 0.126111 0 0.001346 0.398125 0.915556 0.066875 0.105556 3 0.001294 0.994687 0.879167 0.010625 0.153889 10 0.00123 0.023262 0.769444 0.046523 0.396667 0 0.001206 0.790938 0.735556 0.035625 0.074444 3 0.001179 0.991562 0.865833 0.016875 0.173889 4 0.001057 0.74375 0.673333 0.06 0.111111 0 0.001057 0.997812 0.779722 0.004375 0.116111 0 0.001044 0.994687 0.879167 0.010625 0.153889 11 0.001004 0.703438 0.729722 0.049375 0.106111
CCTV01^20260318-110000-20260318-120000_000729,10 0.920898 0.633438 0.366389 0.051875 0.118333 10 0.916504 0.270469 0.585 0.181562 0.233333 3 0.908691 0.736562 0.9175 0.078125 0.163889 10 0.899902 0.385625 0.435694 0.12125 0.1525 3 0.895508 0.284375 0.805 0.065625 0.113333 3 0.887207 0.277344 0.926667 0.072813 0.144444 3 0.880859 0.522031 0.876389 0.074063 0.198333 3 0.878906 0.269063 0.708056 0.07125 0.100556 10 0.877441 0.685938 0.376528 0.058125 0.138611 2 0.877441 0.69875 0.790556 0.04625 0.112222 3 0.874023 0.189258 0.782222 0.072109 0.125556 3 0.868652 0.912188 0.841667 0.099375 0.165556 3 0.858887 0.822812 0.690833 0.083125 0.146111 4 0.849121 0.819063 0.778333 0.059375 0.116667 3 0.849121 0.149883 0.930556 0.088047 0.138889 10 0.841797 0.077695 0.802222 0.152578 0.395556 3 0.832031 0.342734 0.619167 0.062031 0.073889 0 0.774414 0.704688 0.638056 0.030625 0.093889 2 0.753418 0.883438 0.705278 0.055625 0.099445 2 0.665527 0.228828 0.8175 0.047344 0.115 10 0.604004 0.469219 0.368056 0.085938 0.109444 10 0.546875 0.058105 0.684583 0.114727 0.320833 3 0.455078 0.465625 0.436528 0.036875 0.049167 3 0.445557 0.835312 0.912222 0.098125 0.166667 2 0.345215 0.980625 0.673611 0.03875 0.088333 4 0.286133 0.759062 0.680556 0.074375 0.153333 0 0.26123 0.211484 0.934167 0.043281 0.099445 3 0.242188 0.392969 0.564167 0.047187 0.066111 5 0.218628 0.759062 0.680556 0.074375 0.153333 0 0.218628 0.939375 0.621111 0.03875 0.09 3 0.214722 0.493125 0.457639 0.04125 0.069722 0 0.178955 0.964688 0.741944 0.041875 0.080556 9 0.127686 0.759062 0.680556 0.074375 0.153333 0 0.121704 0.807813 0.510278 0.028125 0.060556 0 0.058563 0.321484 0.717222 0.037656 0.085556 3 0.027374 0.834375 0.911389 0.09875 0.169444 4 0.027069 0.493125 0.457639 0.04125 0.069722 5 0.024994 0.493125 0.457639 0.04125 0.069722 12 0.022034 0.759062 0.680556 0.074375 0.153333 0 0.020645 0.875625 0.608889 0.04 0.085556 4 0.019424 0.211484 0.934167 0.043281 0.099445 3 0.018906 0.819063 0.778333 0.059375 0.116667 3 0.018692 0.228828 0.8175 0.047344 0.115 1 0.017776 0.69875 0.790556 0.04625 0.112222 3 0.017441 0.211484 0.934167 0.043281 0.099445 0 0.015839 0.871875 0.588056 0.02875 0.063889 0 0.01519 0.8625 0.521389 0.03375 0.065 2 0.013329 0.493125 0.457639 0.04125 0.069722 3 0.013069 0.453438 0.494722 0.05375 0.035 0 0.013023 0.992188 0.847778 0.015625 0.077778 1 0.01178 0.964688 0.741944 0.041875 0.080556 0 0.011505 0.852813 0.629444 0.024375 0.07 3 0.009781 0.516406 0.384861 0.034062 0.045278 0 0.00885 0.989688 0.850278 0.020625 0.081667 3 0.008095 0.991562 0.7725 0.016875 0.100556 8 0.007755 0.759062 0.680556 0.074375 0.153333 3 0.006878 0.759062 0.680556 0.074375 0.153333 0 0.006798 0.322734 0.7275 0.032656 0.065 4 0.006615 0.7375 0.359028 0.02625 0.046389 3 0.006004 0.993125 0.800556 0.01375 0.165556 1 0.005241 0.853438 0.640278 0.020625 0.047222 7 0.005062 0.759062 0.680556 0.074375 0.153333 0 0.004868 0.703438 0.627222 0.074375 0.094444 0 0.004608 0.991562 0.7725 0.016875 0.100556 0 0.004555 0.228828 0.8175 0.047344 0.115 0 0.004265 0.3175 0.695833 0.039375 0.083889 4 0.004025 0.822812 0.690833 0.083125 0.146111 0 0.004005 0.868438 0.564861 0.026875 0.061389 1 0.00399 0.852813 0.629444 0.024375 0.07 6 0.003809 0.759062 0.680556 0.074375 0.153333 3 0.003635 0.992813 0.755556 0.014375 0.09 0 0.003607 0.9875 0.772222 0.025 0.105556 0 0.003565 0.992813 0.755556 0.014375 0.09 0 0.003325 0.993125 0.800556 0.01375 0.165556 1 0.003311 0.883438 0.705278 0.055625 0.099445 12 0.003147 0.964688 0.741944 0.041875 0.080556 3 0.002935 0.9875 0.772222 0.025 0.105556 3 0.002846 0.995 0.808333 0.01 0.167778 9 0.002834 0.685938 0.376528 0.058125 0.138611 3 0.002663 0.997188 0.72 0.005625 0.137778 7 0.002562 0.7375 0.359028 0.02625 0.046389 2 0.002434 0.995 0.808333 0.01 0.167778 10 0.002434 0.024688 0.711528 0.049375 0.408056 4 0.002378 0.993125 0.800556 0.01375 0.165556 3 0.002296 0.833438 0.912778 0.096875 0.166667 0 0.002243 0.9925 0.857778 0.015 0.084444 0 0.002174 0.990625 0.831111 0.01875 0.113333 0 0.002035 0.995 0.808333 0.01 0.167778 4 0.001995 0.989062 0.815278 0.021875 0.176111 10 0.00198 0.990938 0.819167 0.018125 0.206111 4 0.001926 0.988437 0.799167 0.023125 0.147222 5 0.001861 0.822812 0.690833 0.083125 0.146111 2 0.001846 0.316328 0.68 0.036094 0.063333 5 0.001748 0.980625 0.673611 0.03875 0.088333 1 0.001727 0.228828 0.8175 0.047344 0.115 3 0.00172 0.989062 0.815278 0.021875 0.176111 3 0.001661 0.7375 0.359028 0.02625 0.046389 0 0.001554 0.987813 0.780833 0.023125 0.118333 2 0.001536 0.342734 0.619167 0.062031 0.073889 0 0.001525 0.376094 0.58 0.024063 0.045556 3 0.00145 0.883438 0.705278 0.055625 0.099445 10 0.001438 0.912188 0.841667 0.099375 0.165556 2 0.00141 0.992188 0.847778 0.015625 0.077778 4 0.00141 0.942187 0.520139 0.039375 0.085278 0 0.001367 0.624844 0.414306 0.020937 0.041389 7 0.001249 0.819063 0.778333 0.059375 0.116667 9 0.001225 0.211484 0.934167 0.043281 0.099445 0 0.001184 0.988437 0.799167 0.023125 0.147222 2 0.001151 0.3175 0.695833 0.039375 0.083889 0 0.001147 0.335781 0.666945 0.022187 0.052778 10 0.001134 0.992188 0.780833 0.015625 0.193889 1 0.001124 0.432344 0.474722 0.028438 0.045 1 0.001124 0.989062 0.858056 0.021875 0.086111 0 0.001116 0.862813 0.5925 0.045625 0.103889 0 0.001103 0.772813 0.42125 0.023125 0.0575 3 0.001095 0.987813 0.780833 0.023125 0.118333 10 0.001037 0.984688 0.6275 0.029375 0.202778 9 0.00102 0.822812 0.690833 0.083125 0.146111
CCTV01^20260318-110000-20260318-120000_000733,10 0.927246 0.288516 0.497222 0.148594 0.181111 10 0.907227 0.735938 0.540139 0.144375 0.2175 10 0.902832 0.071719 0.628333 0.142813 0.255556 3 0.899902 0.274766 0.630556 0.082344 0.096667 2 0.896484 0.350859 0.923889 0.063281 0.134445 3 0.884277 0.313047 0.687222 0.061406 0.077778 3 0.881836 0.213047 0.64 0.072344 0.087778 3 0.877441 0.346875 0.609722 0.055 0.078333 3 0.854004 0.176094 0.846389 0.091563 0.155 2 0.819824 0.151484 0.699722 0.045156 0.101667 2 0.81543 0.720313 0.926667 0.055625 0.126667 3 0.792969 0.240625 0.918889 0.069062 0.16 10 0.767578 0.452344 0.410139 0.090312 0.135833 0 0.754883 0.710938 0.796667 0.039375 0.122222 2 0.704102 0.332578 0.753056 0.051719 0.106111 5 0.640625 0.821562 0.811389 0.110625 0.188333 4 0.622559 0.7775 0.693333 0.065 0.1 3 0.588867 0.522813 0.875833 0.071875 0.198333 3 0.550781 0.396875 0.503194 0.05625 0.063056 0 0.439697 0.214688 0.704167 0.042188 0.102778 0 0.355713 0.644688 0.877778 0.033125 0.105556 3 0.352295 0.920625 0.918889 0.08375 0.162222 4 0.336426 0.795937 0.915278 0.066875 0.157222 5 0.279785 0.522813 0.875833 0.071875 0.198333 3 0.270508 0.493906 0.439028 0.037187 0.049167 2 0.256836 0.37625 0.456806 0.02625 0.054167 0 0.134766 0.307266 0.548889 0.031094 0.068889 3 0.13208 0.516563 0.397222 0.031875 0.045556 11 0.127686 0.294297 0.788889 0.062656 0.137778 3 0.123352 0.469375 0.477083 0.05125 0.054167 0 0.123352 0.980938 0.846111 0.038125 0.13 5 0.104492 0.920625 0.918889 0.08375 0.162222 4 0.100159 0.980938 0.846111 0.038125 0.13 4 0.099121 0.821562 0.811389 0.110625 0.188333 7 0.074768 0.7775 0.693333 0.065 0.1 9 0.069519 0.920625 0.918889 0.08375 0.162222 0 0.067078 0.85125 0.535139 0.02875 0.069722 7 0.053406 0.294297 0.788889 0.062656 0.137778 10 0.051453 0.718437 0.43125 0.089375 0.150833 4 0.045349 0.920625 0.918889 0.08375 0.162222 11 0.042725 0.63375 0.462778 0.045 0.144444 0 0.042236 0.357188 0.841389 0.044375 0.095 6 0.040833 0.294297 0.788889 0.062656 0.137778 3 0.040527 0.980938 0.846111 0.038125 0.13 0 0.035675 0.991562 0.693333 0.016875 0.103333 10 0.029648 0.63375 0.462778 0.045 0.144444 10 0.027481 0.481563 0.3425 0.074375 0.095556 2 0.027069 0.294297 0.788889 0.062656 0.137778 7 0.025085 0.795937 0.915278 0.066875 0.157222 8 0.023697 0.214531 0.485278 0.050313 0.088333 10 0.020096 0.453594 0.409306 0.088438 0.136389 8 0.01738 0.294297 0.788889 0.062656 0.137778 9 0.016724 0.7775 0.693333 0.065 0.1 9 0.015488 0.821562 0.811389 0.110625 0.188333 3 0.01445 0.795937 0.915278 0.066875 0.157222 5 0.013168 0.7775 0.693333 0.065 0.1 3 0.012627 0.7775 0.693333 0.065 0.1 5 0.01178 0.720313 0.926667 0.055625 0.126667 3 0.01049 0.821875 0.811389 0.11125 0.188333 3 0.010452 0.106602 0.969722 0.078047 0.057222 5 0.010406 0.795937 0.915278 0.066875 0.157222 12 0.010406 0.294297 0.788889 0.062656 0.137778 0 0.010094 0.98875 0.695556 0.0225 0.106667 3 0.009819 0.307656 0.377917 0.049688 0.044722 0 0.009193 0.988125 0.702222 0.02375 0.088889 12 0.008949 0.357188 0.841389 0.044375 0.095 1 0.007904 0.151484 0.699722 0.045156 0.101667 9 0.007637 0.795937 0.915278 0.066875 0.157222 12 0.007462 0.795937 0.915278 0.066875 0.157222 12 0.007347 0.7775 0.693333 0.065 0.1 0 0.006985 0.892188 0.593889 0.041875 0.083333 6 0.006668 0.821562 0.811389 0.110625 0.188333 1 0.006668 0.644688 0.877778 0.033125 0.105556 9 0.006565 0.63375 0.462778 0.045 0.144444 0 0.005981 0.990313 0.688611 0.019375 0.105 0 0.00502 0.824688 0.518194 0.024375 0.0625 3 0.004681 0.151484 0.699722 0.045156 0.101667 2 0.004608 0.469375 0.477083 0.05125 0.054167 2 0.0042 0.991562 0.693333 0.016875 0.103333 12 0.004101 0.710938 0.796667 0.039375 0.122222 1 0.00378 0.720313 0.926667 0.055625 0.126667 2 0.003736 0.274766 0.630556 0.082344 0.096667 1 0.003443 0.302422 0.636944 0.025469 0.047222 8 0.003429 0.7775 0.693333 0.065 0.1 1 0.00321 0.350859 0.923889 0.063281 0.134445 11 0.003088 0.071719 0.628333 0.142813 0.255556 2 0.002958 0.396875 0.503194 0.05625 0.063056 5 0.002867 0.307656 0.377917 0.049688 0.044722 0 0.002653 0.991875 0.712778 0.01625 0.081111 0 0.002632 0.57875 0.560139 0.026875 0.051944 0 0.002522 0.988437 0.711944 0.023125 0.070556 3 0.001995 0.720313 0.926667 0.055625 0.126667 0 0.001949 0.985 0.818889 0.03 0.086667 10 0.001883 0.7175 0.429444 0.09 0.155556 0 0.001846 0.989688 0.831389 0.020625 0.132778 2 0.001824 0.990313 0.688611 0.019375 0.105 1 0.001623 0.302188 0.646111 0.027813 0.043333 0 0.001597 0.907813 0.678889 0.043125 0.083333 2 0.001525 0.213047 0.64 0.072344 0.087778 4 0.001525 0.975937 0.579722 0.044375 0.128333 0 0.001472 0.712813 0.783889 0.074375 0.127778 5 0.001325 0.307891 0.378333 0.047344 0.043889 4 0.00126 0.720313 0.926667 0.055625 0.126667 0 0.001216 0.886875 0.579444 0.02875 0.057778 1 0.001188 0.644063 0.8875 0.028125 0.089444 2 0.001161 0.920625 0.918889 0.08375 0.162222 9 0.001151 0.522813 0.875833 0.071875 0.198333 2 0.001107 0.240625 0.918889 0.069062 0.16 5 0.001099 0.332578 0.753056 0.051719 0.106111 8 0.001069 0.795937 0.915278 0.066875 0.157222 9 0.001053 0.718437 0.43125 0.089375 0.150833 1 0.001032 0.297656 0.648333 0.029375 0.052222 7 0.001017 0.98125 0.867222 0.0375 0.211111 3 0.001004 0.408906 0.494306 0.036562 0.044167
CCTV01^20260318-110000-20260318-120000_000737,11 0.910645 0.745625 0.640278 0.12 0.203889 3 0.901367 0.294297 0.711945 0.070781 0.108333 3 0.897461 0.276797 0.636667 0.077656 0.111111 3 0.892578 0.522813 0.875278 0.073125 0.199444 10 0.891602 0.411719 0.397361 0.114688 0.1425 3 0.866211 0.312344 0.836667 0.079687 0.145556 10 0.866211 0.898125 0.799167 0.1975 0.401667 3 0.84375 0.656719 0.605 0.054063 0.096667 2 0.806641 0.338516 0.633056 0.043594 0.087222 5 0.788086 0.235703 0.795278 0.076406 0.158333 10 0.785156 0.78875 0.562778 0.13125 0.256667 3 0.715332 0.36 0.544583 0.06375 0.0775 4 0.713867 0.633281 0.505833 0.039687 0.087222 3 0.675781 0.082988 0.938056 0.093711 0.123889 0 0.67041 0.219688 0.891389 0.054688 0.117222 4 0.598145 0.78875 0.450139 0.035 0.058056 3 0.57373 0.484688 0.448611 0.039375 0.059444 3 0.541016 0.639688 0.468611 0.044375 0.068333 3 0.402588 0.76 0.819444 0.095 0.23 10 0.399902 0.077266 0.793889 0.154531 0.3 3 0.395996 0.39 0.475 0.0475 0.057222 0 0.343262 0.148984 0.907778 0.041719 0.101111 1 0.32251 0.186953 0.843889 0.028281 0.082222 3 0.294189 0.37875 0.590556 0.060625 0.061111 10 0.279053 0.080195 0.586667 0.155078 0.217778 3 0.273682 0.690938 0.426944 0.035625 0.062778 4 0.252441 0.192617 0.742778 0.072891 0.146667 0 0.213379 0.290156 0.931667 0.066562 0.114444 0 0.191895 0.141445 0.806667 0.035391 0.102222 2 0.189575 0.36 0.544583 0.06375 0.0775 1 0.183594 0.141445 0.806667 0.035391 0.102222 3 0.182373 0.4625 0.485972 0.053125 0.045833 9 0.160278 0.077266 0.793889 0.154531 0.3 1 0.146118 0.34625 0.775833 0.034375 0.076111 0 0.125977 0.215156 0.548056 0.034375 0.075 11 0.122498 0.322813 0.458472 0.039375 0.074167 0 0.12085 0.983438 0.746389 0.033125 0.098333 1 0.096008 0.224141 0.615278 0.033906 0.069444 4 0.093323 0.759688 0.817778 0.096875 0.23 3 0.088806 0.509844 0.407083 0.034687 0.051944 0 0.086304 0.186953 0.843889 0.028281 0.082222 3 0.073669 0.082969 0.937222 0.092813 0.125556 1 0.06781 0.693438 0.475556 0.020625 0.06 0 0.061646 0.286797 0.486667 0.025156 0.062222 6 0.05127 0.077266 0.793889 0.154531 0.3 0 0.044189 0.224141 0.615278 0.033906 0.069444 9 0.037598 0.759688 0.817778 0.096875 0.23 1 0.037201 0.701875 0.87 0.02125 0.062222 3 0.036499 0.718125 0.493889 0.03375 0.072222 9 0.035675 0.192617 0.742778 0.072891 0.146667 0 0.034241 0.34625 0.775833 0.034375 0.076111 1 0.0336 0.257891 0.5675 0.026094 0.057222 6 0.027588 0.322813 0.458472 0.039375 0.074167 3 0.025955 0.759375 0.818889 0.09375 0.231111 2 0.02272 0.414062 0.489028 0.0375 0.055833 12 0.02002 0.322813 0.458472 0.039375 0.074167 4 0.019424 0.235703 0.795278 0.076406 0.158333 1 0.017105 0.693438 0.4825 0.018125 0.045 12 0.015961 0.141445 0.806667 0.035391 0.102222 0 0.013168 0.70125 0.849722 0.02875 0.101667 8 0.012924 0.322813 0.458472 0.039375 0.074167 1 0.012726 0.70125 0.849722 0.02875 0.101667 3 0.012482 0.461875 0.425139 0.03375 0.049167 3 0.010651 0.192617 0.742778 0.072891 0.146667 7 0.010368 0.322813 0.458472 0.039375 0.074167 4 0.009972 0.79 0.45 0.0325 0.055556 0 0.0093 0.290547 0.933611 0.066406 0.113889 12 0.008575 0.34625 0.775833 0.034375 0.076111 9 0.007874 0.898125 0.799167 0.1975 0.401667 7 0.007431 0.633281 0.505833 0.039687 0.087222 1 0.007259 0.141523 0.8175 0.029453 0.076111 12 0.007011 0.219688 0.891389 0.054688 0.117222 4 0.007011 0.759063 0.817778 0.095625 0.231111 3 0.006241 0.417969 0.964445 0.086563 0.067778 3 0.006096 0.380469 0.589445 0.055937 0.058889 2 0.005535 0.082988 0.938056 0.093711 0.123889 3 0.005344 0.224141 0.615278 0.033906 0.069444 2 0.004593 0.656719 0.605 0.054063 0.096667 9 0.004505 0.080195 0.586667 0.155078 0.217778 2 0.004467 0.484688 0.448611 0.039375 0.059444 0 0.004116 0.991562 0.834722 0.016875 0.105 3 0.004025 0.148984 0.907778 0.041719 0.101111 1 0.003551 0.338516 0.633056 0.043594 0.087222 1 0.003511 0.148984 0.907778 0.041719 0.101111 0 0.003456 0.89375 0.615 0.04 0.09 9 0.003325 0.745625 0.640278 0.12 0.203889 9 0.003273 0.235703 0.795278 0.076406 0.158333 3 0.003063 0.181797 0.973333 0.069844 0.053333 3 0.003027 0.181719 0.973889 0.062187 0.047778 7 0.002737 0.192617 0.742778 0.072891 0.146667 0 0.002737 0.257891 0.5675 0.026094 0.057222 3 0.002602 0.1875 0.972222 0.0625 0.048889 2 0.002342 0.329922 0.399306 0.022656 0.0475 0 0.002075 0.262656 0.445417 0.023125 0.055833 3 0.00205 0.677813 0.362917 0.029375 0.059167 12 0.002003 0.290156 0.931667 0.066562 0.114444 9 0.001796 0.522813 0.875278 0.073125 0.199444 10 0.001789 0.745625 0.640278 0.12 0.203889 0 0.001789 0.989375 0.83 0.02125 0.114444 1 0.001768 0.297422 0.968056 0.056406 0.058333 7 0.001748 0.759688 0.817778 0.096875 0.23 0 0.001748 0.988125 0.842778 0.02375 0.134444 0 0.001734 0.9925 0.821667 0.015 0.084444 10 0.001642 0.017642 0.60625 0.035029 0.168611 1 0.001636 0.989375 0.83 0.02125 0.114444 2 0.001611 0.276797 0.636667 0.077656 0.111111 5 0.001574 0.718125 0.493889 0.03375 0.072222 11 0.001536 0.759688 0.817778 0.096875 0.23 2 0.001478 0.639688 0.468611 0.044375 0.068333 5 0.001399 0.522813 0.875278 0.073125 0.199444 1 0.001378 0.202734 0.854445 0.032031 0.085556 2 0.001362 0.312344 0.836667 0.079687 0.145556 12 0.001346 0.186953 0.843889 0.028281 0.082222 0 0.001346 0.693438 0.475556 0.020625 0.06 10 0.00126 0.522813 0.875278 0.073125 0.199444 10 0.001235 0.016309 0.708333 0.032617 0.347778 10 0.001216 0.987188 0.605833 0.025625 0.168333 2 0.001169 0.434844 0.453194 0.037812 0.0475 10 0.001161 0.987813 0.629444 0.024375 0.188889 9 0.001099 0.36 0.544583 0.06375 0.0775 2 0.00109 0.522813 0.875278 0.073125 0.199444 7 0.00109 0.077266 0.793889 0.154531 0.3 1 0.001086 0.349688 0.798889 0.02375 0.045556 3 0.001073 0.434844 0.453194 0.037812 0.0475 1 0.00104 0.258281 0.574167 0.022188 0.045 9 0.00102 0.759063 0.817778 0.095625 0.231111 4 0.001008 0.639688 0.468611 0.044375 0.068333
CCTV01^20260318-110000-20260318-120000_000741,10 0.916504 0.217188 0.529444 0.154688 0.211111 10 0.903809 0.8075 0.596667 0.135 0.273333 3 0.895508 0.199883 0.726945 0.088672 0.116111 3 0.880859 0.522969 0.875833 0.072813 0.199445 3 0.877441 0.263125 0.615833 0.064375 0.081667 3 0.872559 0.750938 0.673333 0.059375 0.106667 3 0.869629 0.770625 0.793889 0.0675 0.137778 4 0.862305 0.697188 0.743333 0.054375 0.136667 4 0.858887 0.6725 0.588056 0.0575 0.106111 3 0.855957 0.305937 0.809167 0.070625 0.141667 3 0.794434 0.381719 0.901667 0.100312 0.161111 10 0.774414 0.079414 0.590833 0.148984 0.222778 3 0.770508 0.068828 0.871667 0.114531 0.157778 10 0.73584 0.356563 0.449722 0.093125 0.133889 3 0.725098 0.475469 0.472778 0.046563 0.055556 10 0.708984 0.905625 0.819722 0.18875 0.359444 0 0.625977 0.161328 0.846389 0.057656 0.101667 3 0.620605 0.187344 0.946111 0.06875 0.107778 10 0.594727 0.476719 0.359167 0.103438 0.130556 5 0.552734 0.285156 0.678333 0.080938 0.132222 3 0.511719 0.301172 0.936667 0.076406 0.126667 3 0.474609 0.229453 0.779167 0.047969 0.115 2 0.434082 0.695625 0.463611 0.0475 0.066111 3 0.403564 0.596563 0.420556 0.041875 0.062222 3 0.375732 0.103672 0.945556 0.084219 0.108889 4 0.370117 0.022305 0.8 0.044609 0.106667 3 0.345215 0.696875 0.948056 0.07125 0.103889 4 0.264404 0.285156 0.678333 0.080938 0.132222 0 0.253906 0.32875 0.599722 0.0225 0.066111 9 0.141235 0.859062 0.910556 0.144375 0.178889 1 0.134766 0.32875 0.599722 0.0225 0.066111 2 0.133911 0.229453 0.779167 0.047969 0.115 0 0.11676 0.096797 0.761944 0.049844 0.081667 12 0.096375 0.859062 0.910556 0.144375 0.178889 9 0.096008 0.285156 0.678333 0.080938 0.132222 0 0.081543 0.042539 0.735278 0.057578 0.098333 6 0.080933 0.356563 0.449722 0.093125 0.133889 9 0.078613 0.614844 0.478333 0.045313 0.101111 3 0.066833 0.448438 0.452917 0.04875 0.058056 1 0.063232 0.329531 0.607778 0.017813 0.051111 2 0.054596 0.417188 0.503333 0.03625 0.061111 3 0.051666 0.38375 0.581944 0.055 0.079444 1 0.045685 0.373281 0.517778 0.028437 0.057778 10 0.037323 0.66375 0.354861 0.05875 0.120278 3 0.026962 0.619844 0.371944 0.027187 0.054444 3 0.026657 0.285156 0.678333 0.080938 0.132222 0 0.026062 0.149688 0.796111 0.039688 0.075556 11 0.024048 0.128359 0.668611 0.078906 0.116111 10 0.022369 0.015 0.688889 0.03 0.313333 10 0.022293 0.079531 0.590139 0.148594 0.221944 3 0.02121 0.068945 0.871945 0.114297 0.165 1 0.020569 0.229453 0.779167 0.047969 0.115 2 0.015961 0.495625 0.427361 0.034375 0.051389 10 0.015602 0.614844 0.478333 0.045313 0.101111 9 0.015541 0.356563 0.449722 0.093125 0.133889 7 0.015427 0.859062 0.910556 0.144375 0.178889 0 0.013741 0.155742 0.682778 0.049141 0.088889 2 0.013588 0.201016 0.641944 0.048594 0.081667 2 0.013535 0.301172 0.936667 0.076406 0.126667 3 0.013329 0.022305 0.8 0.044609 0.106667 6 0.013168 0.128359 0.668611 0.078906 0.116111 3 0.012192 0.495625 0.427361 0.034375 0.051389 2 0.011642 0.696875 0.948056 0.07125 0.103889 9 0.011292 0.905625 0.819722 0.18875 0.359444 6 0.01107 0.66375 0.354861 0.05875 0.120278 10 0.010056 0.015254 0.618056 0.030508 0.238333 3 0.009415 0.614844 0.478333 0.045313 0.101111 3 0.009087 0.697188 0.743333 0.054375 0.136667 2 0.008217 0.199883 0.726945 0.088672 0.116111 7 0.008156 0.614844 0.478333 0.045313 0.101111 8 0.007404 0.859062 0.910556 0.144375 0.178889 7 0.006588 0.963125 0.666389 0.05 0.095 1 0.006462 0.328438 0.605278 0.020625 0.057222 1 0.006413 0.362656 0.508333 0.027813 0.055556 9 0.00634 0.522969 0.875833 0.072813 0.199445 2 0.006264 0.305937 0.809167 0.070625 0.141667 9 0.006145 0.128359 0.668611 0.078906 0.116111 0 0.00589 0.160586 0.811389 0.046328 0.082778 12 0.005798 0.32875 0.599722 0.0225 0.066111 3 0.005707 0.462969 0.414861 0.044062 0.045278 5 0.005062 0.522969 0.875833 0.072813 0.199445 3 0.004963 0.6725 0.588056 0.0575 0.106111 1 0.004944 0.301172 0.936667 0.076406 0.126667 7 0.004791 0.6725 0.588056 0.0575 0.106111 0 0.004055 0.167813 0.865278 0.047813 0.081667 10 0.003901 0.47625 0.356667 0.1025 0.12 7 0.003885 0.022305 0.8 0.044609 0.106667 5 0.003839 0.619844 0.371944 0.027187 0.054444 2 0.00375 0.522969 0.875833 0.072813 0.199445 2 0.003736 0.448438 0.452917 0.04875 0.058056 2 0.003693 0.068945 0.871945 0.114297 0.165 2 0.003651 0.381719 0.901667 0.100312 0.161111 12 0.003538 0.128359 0.668611 0.078906 0.116111 10 0.003538 0.015234 0.645694 0.030469 0.259722 8 0.003286 0.128359 0.668611 0.078906 0.116111 2 0.003172 0.187344 0.946111 0.06875 0.107778 7 0.003075 0.856875 0.526945 0.04 0.072778 9 0.002924 0.381719 0.901667 0.100312 0.161111 0 0.002901 0.373281 0.517778 0.028437 0.057778 7 0.002855 0.697188 0.743333 0.054375 0.136667 9 0.002855 0.305937 0.809167 0.070625 0.141667 10 0.002768 0.017874 0.613194 0.035542 0.175833 3 0.002747 0.096797 0.761944 0.049844 0.081667 2 0.00255 0.38375 0.581944 0.055 0.079444 1 0.002415 0.695625 0.463611 0.0475 0.066111 1 0.002115 0.372969 0.531944 0.024063 0.040556 10 0.002108 0.476094 0.360139 0.104063 0.131944 0 0.0021 0.156719 0.81 0.052813 0.094444 10 0.001957 0.015 0.718333 0.03 0.356667 3 0.001926 0.149688 0.796111 0.039688 0.075556 8 0.00172 0.024678 0.7775 0.046895 0.152778 12 0.001714 0.043604 0.6675 0.053262 0.066111 5 0.001636 0.305937 0.809167 0.070625 0.141667 2 0.001597 0.263125 0.615833 0.064375 0.081667 4 0.001549 0.963125 0.666389 0.05 0.095 6 0.001495 0.614844 0.478333 0.045313 0.101111 4 0.001467 0.305937 0.809167 0.070625 0.141667 2 0.001455 0.997188 0.816944 0.005625 0.147222 4 0.001444 0.614844 0.478333 0.045313 0.101111 3 0.001444 0.99625 0.836111 0.0075 0.127778 5 0.001399 0.495625 0.427361 0.034375 0.051389 9 0.001372 0.8075 0.596667 0.135 0.273333 11 0.001289 0.614844 0.478333 0.045313 0.101111 1 0.001225 0.305937 0.809167 0.070625 0.141667 2 0.001202 0.475469 0.472778 0.046563 0.055556 7 0.001188 0.672656 0.569444 0.068437 0.145556 7 0.001184 0.201016 0.641944 0.048594 0.081667 3 0.001161 0.997188 0.816944 0.005625 0.147222 9 0.001124 0.079414 0.590833 0.148984 0.222778 10 0.00109 0.522969 0.875833 0.072813 0.199445 10 0.001069 0.750938 0.673333 0.059375 0.106667 12 0.001037 0.285156 0.678333 0.080938 0.132222 4 0.001024 0.096797 0.761944 0.049844 0.081667
CCTV01^20260318-110000-20260318-120000_000745,10 0.915527 0.898125 0.776667 0.20125 0.406667 10 0.904785 0.347344 0.411944 0.121563 0.140556 3 0.90332 0.205703 0.735278 0.081406 0.117222 10 0.901367 0.786563 0.522222 0.124375 0.211111 3 0.891602 0.7925 0.876944 0.0725 0.167222 3 0.871582 0.522969 0.875 0.073438 0.201111 3 0.861328 0.31 0.677222 0.075 0.114444 3 0.847168 0.683125 0.555278 0.05125 0.092778 3 0.84082 0.294609 0.617222 0.070781 0.083333 3 0.838867 0.285156 0.564861 0.063125 0.086944 3 0.827637 0.038682 0.782778 0.074512 0.113333 3 0.827637 0.029458 0.855833 0.058818 0.115 3 0.81543 0.6975 0.723889 0.0625 0.181111 4 0.786621 0.243047 0.794444 0.065156 0.148889 5 0.665527 0.131836 0.841944 0.083203 0.175 3 0.638672 0.366719 0.504028 0.050937 0.068611 9 0.583008 0.6475 0.464167 0.05625 0.128333 3 0.550781 0.374844 0.564583 0.064062 0.091944 9 0.397949 0.334688 0.8725 0.118125 0.232778 3 0.307373 0.243047 0.794444 0.065156 0.148889 3 0.248047 0.048379 0.952778 0.082617 0.092222 4 0.246582 0.334688 0.8725 0.118125 0.232778 1 0.178955 0.194766 0.660556 0.039219 0.072222 4 0.160278 0.131836 0.841944 0.083203 0.175 10 0.136597 0.701563 0.395556 0.061875 0.141111 3 0.101562 0.18875 0.843889 0.046875 0.111111 3 0.100159 0.476562 0.471528 0.045 0.051944 9 0.087585 0.131836 0.841944 0.083203 0.175 10 0.086609 0.08418 0.584583 0.151328 0.223056 0 0.083862 0.08043 0.815 0.053203 0.104444 4 0.051453 0.142461 0.943611 0.080391 0.112778 10 0.051086 0.084141 0.583889 0.151719 0.221111 3 0.045197 0.420938 0.418333 0.045 0.051667 5 0.044861 0.374844 0.564583 0.064062 0.091944 3 0.043854 0.334688 0.871944 0.116875 0.230556 0 0.041779 0.194766 0.660556 0.039219 0.072222 1 0.039948 0.08043 0.815 0.053203 0.104444 3 0.030441 0.502031 0.431806 0.038438 0.054167 0 0.030441 0.971563 0.746667 0.054375 0.124444 3 0.02626 0.309766 0.678056 0.076719 0.117222 11 0.026062 0.6475 0.464167 0.05625 0.128333 4 0.023148 0.18875 0.843889 0.046875 0.111111 0 0.023148 0.014854 0.928611 0.029707 0.110556 9 0.02211 0.285156 0.564861 0.063125 0.086944 8 0.02121 0.279844 0.485417 0.051562 0.080278 9 0.014732 0.6975 0.723889 0.0625 0.181111 11 0.013687 0.334688 0.8725 0.118125 0.232778 10 0.012482 0.131836 0.841944 0.083203 0.175 9 0.01078 0.374844 0.564583 0.064062 0.091944 5 0.01049 0.6975 0.723889 0.0625 0.181111 4 0.010368 0.014854 0.928611 0.029707 0.110556 3 0.010292 0.131836 0.841944 0.083203 0.175 4 0.009895 0.374844 0.564583 0.064062 0.091944 2 0.009338 0.366719 0.504028 0.050937 0.068611 2 0.008347 0.971563 0.746667 0.054375 0.124444 7 0.008064 0.334688 0.8725 0.118125 0.232778 9 0.007935 0.522969 0.875 0.073438 0.201111 12 0.007935 0.194766 0.660556 0.039219 0.072222 3 0.007904 0.238125 0.525694 0.035625 0.068611 3 0.007065 0.014854 0.928611 0.029707 0.110556 2 0.006691 0.238125 0.525694 0.035625 0.068611 0 0.006565 0.142461 0.943611 0.080391 0.112778 2 0.006264 0.891875 0.544167 0.04625 0.069444 3 0.005936 0.431406 0.472222 0.057187 0.077222 1 0.005447 0.193438 0.663611 0.062187 0.091667 0 0.00528 0.237188 0.628611 0.040625 0.080556 10 0.004417 0.644844 0.375417 0.055312 0.116389 4 0.00433 0.6975 0.723889 0.0625 0.181111 4 0.004166 0.744375 0.350833 0.02875 0.056111 3 0.003511 0.142461 0.943611 0.080391 0.112778 9 0.003416 0.243047 0.794444 0.065156 0.148889 1 0.003338 0.194453 0.648333 0.070469 0.093333 7 0.003286 0.243047 0.794444 0.065156 0.148889 3 0.003223 0.566875 0.469306 0.033125 0.076389 2 0.003185 0.029458 0.855833 0.058818 0.115 5 0.00316 0.431406 0.472222 0.057187 0.077222 10 0.00289 0.015977 0.6375 0.031953 0.233889 0 0.002747 0.334688 0.8725 0.118125 0.232778 12 0.002621 0.18875 0.843889 0.046875 0.111111 5 0.002611 0.566875 0.469306 0.033125 0.076389 1 0.002405 0.794375 0.966111 0.04875 0.058889 0 0.002359 0.18875 0.843889 0.046875 0.111111 1 0.002323 0.142461 0.943611 0.080391 0.112778 4 0.002253 0.285156 0.564861 0.063125 0.086944 10 0.002182 0.014277 0.692083 0.028555 0.314722 7 0.002132 0.302656 0.506944 0.072812 0.126111 12 0.001987 0.237188 0.628611 0.040625 0.080556 10 0.001972 0.285156 0.564861 0.063125 0.086944 10 0.001942 0.6975 0.723889 0.0625 0.181111 7 0.001934 0.6475 0.464167 0.05625 0.128333 10 0.001824 0.522969 0.875 0.073438 0.201111 9 0.001824 0.701563 0.395556 0.061875 0.141111 9 0.001796 0.31 0.677222 0.075 0.114444 7 0.001796 0.014854 0.928611 0.029707 0.110556 2 0.001768 0.9875 0.849167 0.025 0.096111 5 0.001748 0.285156 0.564861 0.063125 0.086944 0 0.001748 0.994687 0.741389 0.010625 0.138333 2 0.001636 0.374844 0.564583 0.064062 0.091944 5 0.001592 0.522969 0.875 0.073438 0.201111 9 0.001495 0.014854 0.928611 0.029707 0.110556 2 0.001455 0.994063 0.755556 0.011875 0.154445 7 0.001405 0.238125 0.525694 0.035625 0.068611 10 0.001378 0.038682 0.782778 0.074512 0.113333 9 0.001372 0.898125 0.776667 0.20125 0.406667 4 0.001372 0.9025 0.615833 0.05125 0.106111 2 0.001367 0.6975 0.723889 0.0625 0.181111 2 0.001346 0.7925 0.876944 0.0725 0.167222 8 0.00133 0.243047 0.794444 0.065156 0.148889 10 0.001305 0.029458 0.855833 0.058818 0.115 2 0.00123 0.990313 0.846389 0.019375 0.088333 4 0.001197 0.178516 0.596111 0.034219 0.07 3 0.001107 0.015625 0.886389 0.03125 0.130556 9 0.00109 0.431406 0.472222 0.057187 0.077222 2 0.001057 0.294609 0.617222 0.070781 0.083333 10 0.00104 0.7925 0.876944 0.0725 0.167222 9 0.00104 0.084141 0.583889 0.151719 0.221111 0 0.001017 0.983125 0.717222 0.03375 0.106667
CCTV01^20260318-110000-20260318-120000_000749,3 0.889648 0.14332 0.700556 0.087734 0.096667 10 0.887207 0.775313 0.795833 0.145625 0.408333 3 0.88623 0.116758 0.798056 0.084766 0.117222 10 0.872559 0.110156 0.563889 0.146563 0.227778 10 0.870605 0.389375 0.384861 0.119375 0.1225 3 0.861328 0.523125 0.875 0.073125 0.198889 3 0.855957 0.2 0.917778 0.068125 0.162222 3 0.851074 0.240938 0.7725 0.074688 0.118333 10 0.84082 0.751563 0.513056 0.083125 0.203889 4 0.82666 0.271875 0.852222 0.061875 0.156667 3 0.810547 0.127539 0.9075 0.108047 0.148333 3 0.806641 0.660781 0.534583 0.043438 0.078611 3 0.790527 0.296563 0.696111 0.055 0.094444 3 0.741699 0.63375 0.454167 0.0375 0.078889 3 0.720215 0.668437 0.641944 0.064375 0.123889 3 0.622559 0.385469 0.532917 0.067188 0.069722 5 0.607422 0.324219 0.778333 0.067812 0.156667 3 0.607422 0.345391 0.951111 0.071719 0.095556 3 0.596191 0.211172 0.503333 0.035469 0.062222 10 0.594727 0.048604 0.786944 0.097168 0.278333 4 0.583008 0.258047 0.620833 0.049219 0.102778 3 0.554688 0.682187 0.475833 0.035625 0.066111 10 0.539062 0.915313 0.823333 0.166875 0.353333 5 0.521484 0.328281 0.535 0.069688 0.092222 4 0.458984 0.189141 0.7375 0.074844 0.136111 3 0.428223 0.189141 0.7375 0.074844 0.136111 9 0.368408 0.344609 0.600278 0.088281 0.136111 4 0.334473 0.668437 0.641944 0.064375 0.123889 3 0.313965 0.258047 0.620833 0.049219 0.102778 4 0.303955 0.328281 0.535 0.069688 0.092222 4 0.2323 0.324219 0.778333 0.067812 0.156667 10 0.168823 0.633594 0.362639 0.042812 0.119722 0 0.145142 0.025996 0.891667 0.051992 0.12 10 0.129395 0.028047 0.672917 0.056094 0.314167 3 0.078369 0.328281 0.535 0.069688 0.092222 9 0.076965 0.189141 0.7375 0.074844 0.136111 3 0.075867 0.344609 0.600278 0.088281 0.136111 0 0.060089 0.215859 0.653333 0.036719 0.076667 10 0.058563 0.876563 0.628889 0.180625 0.262222 9 0.057495 0.328281 0.535 0.069688 0.092222 4 0.049957 0.68625 0.408472 0.03375 0.068056 3 0.048309 0.302422 0.501944 0.035781 0.077222 3 0.03125 0.271875 0.852222 0.061875 0.156667 0 0.020493 0.233047 0.558611 0.034844 0.060556 11 0.01738 0.344609 0.600278 0.088281 0.136111 1 0.015839 0.211562 0.586944 0.035312 0.061667 3 0.014229 0.324219 0.778333 0.067812 0.156667 9 0.013535 0.523125 0.875 0.073125 0.198889 5 0.009598 0.439688 0.470833 0.048125 0.061111 5 0.009483 0.523125 0.875 0.073125 0.198889 9 0.009125 0.324219 0.778333 0.067812 0.156667 2 0.008949 0.14332 0.700556 0.087734 0.096667 4 0.008377 0.344609 0.600278 0.088281 0.136111 12 0.008186 0.68625 0.408472 0.03375 0.068056 7 0.007843 0.189141 0.7375 0.074844 0.136111 2 0.007637 0.127539 0.9075 0.108047 0.148333 3 0.007488 0.439688 0.470833 0.048125 0.061111 12 0.006958 0.025996 0.891667 0.051992 0.12 4 0.006878 0.837813 0.483472 0.051875 0.080278 3 0.005821 0.512344 0.407778 0.030312 0.052222 5 0.005554 0.566719 0.470972 0.033437 0.075833 7 0.005302 0.68625 0.408472 0.03375 0.068056 2 0.004887 0.240938 0.7725 0.074688 0.118333 0 0.004539 0.240547 0.534583 0.028281 0.059722 3 0.004505 0.025996 0.891667 0.051992 0.12 0 0.004398 0.239219 0.534722 0.032188 0.061667 8 0.004135 0.344609 0.600278 0.088281 0.136111 11 0.00407 0.68625 0.408472 0.03375 0.068056 3 0.003855 0.475469 0.476528 0.040313 0.050833 4 0.003651 0.025996 0.891667 0.051992 0.12 5 0.003525 0.63375 0.454167 0.0375 0.078889 10 0.003124 0.048594 0.7775 0.097188 0.267222 0 0.002924 0.263281 0.486111 0.028437 0.070556 2 0.002531 0.296563 0.696111 0.055 0.094444 2 0.002306 0.116758 0.798056 0.084766 0.117222 11 0.002306 0.315859 0.440972 0.043281 0.070278 7 0.00227 0.335313 0.461111 0.0325 0.053889 2 0.002234 0.68625 0.408472 0.03375 0.068056 4 0.002182 0.345391 0.951111 0.071719 0.095556 2 0.0021 0.385469 0.532917 0.067188 0.069722 3 0.0021 0.215859 0.653333 0.036719 0.076667 2 0.00209 0.475469 0.476528 0.040313 0.050833 6 0.00202 0.048604 0.786944 0.097168 0.278333 9 0.001957 0.775313 0.795833 0.145625 0.408333 4 0.001957 0.984375 0.736111 0.03125 0.103333 4 0.001942 0.335313 0.461111 0.0325 0.053889 0 0.001919 0.211562 0.586944 0.035312 0.061667 1 0.001853 0.2175 0.570278 0.03 0.050556 4 0.001796 0.211172 0.503333 0.035469 0.062222 9 0.0017 0.048604 0.786944 0.097168 0.278333 2 0.001611 0.2 0.917778 0.068125 0.162222 1 0.001611 0.213125 0.590556 0.034687 0.057778 4 0.001597 0.63375 0.454167 0.0375 0.078889 3 0.001543 0.494531 0.442639 0.035313 0.051389 12 0.001536 0.324219 0.778333 0.067812 0.156667 10 0.001501 0.523125 0.875 0.073125 0.198889 9 0.00149 0.110156 0.563889 0.146563 0.227778 2 0.00141 0.523125 0.875 0.073125 0.198889 12 0.001372 0.215859 0.653333 0.036719 0.076667 2 0.001255 0.660781 0.534583 0.043438 0.078611 8 0.001197 0.010791 0.875833 0.021543 0.121667 10 0.001147 0.390313 0.382639 0.115625 0.121389 3 0.001121 0.048369 0.782222 0.09623 0.268889 3 0.00109 0.133711 0.698889 0.065391 0.091111 0 0.00104 0.238281 0.545694 0.030938 0.060833 5 0.001032 0.2 0.917778 0.068125 0.162222 7 0.001008 0.344609 0.600278 0.088281 0.136111
CCTV01^20260318-110000-20260318-120000_000753,10 0.933594 0.135781 0.628889 0.195938 0.264444 10 0.913574 0.809375 0.635139 0.15125 0.2875 3 0.904785 0.211562 0.656111 0.080625 0.097778 3 0.903809 0.130703 0.800556 0.088594 0.132222 3 0.901367 0.230938 0.796667 0.07875 0.127778 3 0.900391 0.269688 0.582778 0.073125 0.077778 3 0.889648 0.316484 0.781667 0.062656 0.115556 4 0.884766 0.273125 0.678611 0.051875 0.122778 3 0.884766 0.713437 0.751944 0.069375 0.163889 0 0.877441 0.799375 0.835278 0.0325 0.097222 3 0.877441 0.267031 0.914445 0.082187 0.164444 3 0.865234 0.293828 0.611944 0.061719 0.078333 3 0.862305 0.523438 0.874445 0.071875 0.2 3 0.84375 0.157266 0.864167 0.084844 0.138333 3 0.794434 0.343047 0.930556 0.074531 0.137778 2 0.746094 0.68375 0.638056 0.03875 0.090556 3 0.672363 0.17168 0.949445 0.102266 0.1 10 0.666992 0.915 0.821667 0.16875 0.356667 5 0.658203 0.339531 0.625556 0.067188 0.116667 3 0.605957 0.3575 0.530972 0.0475 0.068056 7 0.455078 0.713437 0.572917 0.050625 0.094167 10 0.416748 0.112324 0.553611 0.149727 0.207222 10 0.373779 0.414375 0.368194 0.11125 0.1175 10 0.266602 0.024844 0.676111 0.049688 0.327778 3 0.245117 0.360938 0.483611 0.043125 0.055 4 0.168823 0.339531 0.625556 0.067188 0.116667 1 0.12854 0.68375 0.638056 0.03875 0.090556 5 0.12854 0.453906 0.451667 0.045937 0.061667 3 0.105225 0.339531 0.625556 0.067188 0.116667 10 0.089111 0.665312 0.477222 0.075625 0.187778 10 0.083862 0.665156 0.479444 0.074687 0.181111 12 0.069031 0.799375 0.835278 0.0325 0.097222 0 0.06781 0.075313 0.791667 0.051875 0.107778 0 0.06781 0.026475 0.943611 0.050566 0.098333 3 0.057068 0.453906 0.451667 0.045937 0.061667 2 0.03891 0.343047 0.930556 0.074531 0.137778 0 0.038757 0.010811 0.869722 0.021426 0.085 4 0.027374 0.302109 0.472917 0.033281 0.074167 4 0.02626 0.74125 0.490278 0.05 0.085 2 0.021866 0.17168 0.949445 0.102266 0.1 3 0.021866 0.228906 0.435833 0.034375 0.051111 7 0.020416 0.302109 0.472917 0.033281 0.074167 0 0.015778 0.166406 0.707222 0.039688 0.098889 10 0.013535 0.020195 0.670833 0.040391 0.308333 0 0.013069 0.313203 0.539167 0.031719 0.058333 0 0.0121 0.008318 0.901111 0.016567 0.126667 3 0.010452 0.490938 0.452361 0.038125 0.059167 2 0.01001 0.490938 0.452361 0.038125 0.059167 5 0.009895 0.523438 0.874445 0.071875 0.2 2 0.009895 0.3575 0.530972 0.0475 0.068056 9 0.00956 0.339531 0.625556 0.067188 0.116667 9 0.009232 0.523438 0.874445 0.071875 0.2 3 0.008919 0.713437 0.572917 0.050625 0.094167 3 0.008156 0.075313 0.791667 0.051875 0.107778 4 0.008095 0.713437 0.572917 0.050625 0.094167 1 0.006691 0.313203 0.539167 0.031719 0.058333 1 0.006363 0.010811 0.869722 0.021426 0.085 5 0.005936 0.567187 0.468472 0.031875 0.075833 0 0.005688 0.011592 0.919167 0.023184 0.141667 2 0.005363 0.157266 0.864167 0.084844 0.138333 1 0.004738 0.799375 0.835278 0.0325 0.097222 9 0.004646 0.915 0.821667 0.16875 0.356667 7 0.004593 0.286641 0.444444 0.056719 0.103889 7 0.004555 0.273281 0.442778 0.065313 0.098889 0 0.004398 0.011299 0.870278 0.022598 0.073889 0 0.004314 0.026182 0.783056 0.046309 0.103889 1 0.004101 0.026475 0.943611 0.050566 0.098333 2 0.004086 0.453906 0.451667 0.045937 0.061667 2 0.00375 0.360938 0.483611 0.043125 0.055 3 0.003708 0.50625 0.415694 0.0325 0.050833 3 0.003664 0.39375 0.538333 0.0825 0.116667 3 0.003273 0.302109 0.472917 0.033281 0.074167 2 0.003004 0.006631 0.815556 0.013125 0.068889 3 0.002981 0.567187 0.468472 0.031875 0.075833 7 0.002846 0.284063 0.42375 0.034375 0.065278 4 0.00279 0.453906 0.451667 0.045937 0.061667 0 0.00279 0.010996 0.878611 0.021992 0.096111 3 0.002693 0.011592 0.919167 0.023184 0.141667 3 0.002602 0.273125 0.678611 0.051875 0.122778 9 0.002602 0.39375 0.538333 0.0825 0.116667 7 0.002453 0.3025 0.448333 0.073125 0.124444 7 0.002453 0.349453 0.444861 0.059844 0.109722 7 0.002342 0.285234 0.432778 0.056719 0.107222 7 0.002199 0.3925 0.538194 0.0875 0.121389 0 0.002192 0.043975 0.848333 0.046582 0.094444 7 0.00209 0.334297 0.443472 0.068906 0.114167 8 0.002083 0.341641 0.426667 0.044219 0.085556 2 0.00202 0.267031 0.914445 0.082187 0.164444 3 0.001987 0.459688 0.484306 0.059375 0.049722 1 0.001934 0.027832 0.956667 0.046914 0.086667 0 0.001919 0.012588 0.851945 0.024902 0.096111 10 0.001883 0.018203 0.699722 0.036406 0.351667 12 0.001875 0.075313 0.791667 0.051875 0.107778 1 0.001796 0.011299 0.870278 0.022598 0.073889 12 0.001741 0.010811 0.869722 0.021426 0.085 3 0.00172 0.008318 0.901111 0.016567 0.126667 8 0.001687 0.39375 0.538333 0.0825 0.116667 7 0.001675 0.362031 0.453194 0.062812 0.105833 7 0.001649 0.273672 0.430139 0.063906 0.103056 3 0.001629 0.166406 0.707222 0.039688 0.098889 11 0.001629 0.39375 0.538333 0.0825 0.116667 7 0.001574 0.392969 0.541111 0.089063 0.12 2 0.001554 0.006929 0.833611 0.013857 0.103889 3 0.001531 0.313203 0.539167 0.031719 0.058333 5 0.001478 0.490938 0.452361 0.038125 0.059167 2 0.001432 0.293828 0.611944 0.061719 0.078333 0 0.00141 0.006929 0.833611 0.013857 0.103889 4 0.001351 0.888125 0.549444 0.0425 0.087778 7 0.001305 0.347422 0.426389 0.063281 0.121667 1 0.001269 0.008318 0.901111 0.016567 0.126667 4 0.00126 0.284063 0.42375 0.034375 0.065278 3 0.001235 0.018877 0.943056 0.037754 0.113889 3 0.001197 0.026182 0.783056 0.046309 0.103889 10 0.001184 0.523438 0.874445 0.071875 0.2 9 0.001169 0.809375 0.635139 0.15125 0.2875 2 0.001169 0.005852 0.801667 0.011577 0.103333 0 0.001134 0.006631 0.815556 0.013125 0.068889 0 0.001099 0.016436 0.9 0.03166 0.112222 2 0.001095 0.713437 0.751944 0.069375 0.163889 2 0.001065 0.523438 0.874445 0.071875 0.2 7 0.001048 0.228125 0.419444 0.054375 0.092778 1 0.001037 0.343047 0.930556 0.074531 0.137778 0 0.001008 0.018877 0.943056 0.037754 0.113889
CCTV01^20260318-110000-20260318-120000_000757,10 0.914062 0.835938 0.676667 0.174375 0.324444 3 0.913574 0.260938 0.705 0.065937 0.105556 10 0.913574 0.3575 0.443056 0.140625 0.163333 3 0.913086 0.316016 0.539861 0.065469 0.074722 3 0.895508 0.323594 0.665556 0.062812 0.104444 3 0.892578 0.232813 0.800833 0.068438 0.119444 3 0.892578 0.315469 0.799722 0.068438 0.135 3 0.891602 0.136211 0.7825 0.073203 0.129444 3 0.888184 0.203203 0.713611 0.063594 0.105 10 0.884766 0.764688 0.816111 0.176875 0.367778 11 0.880859 0.64375 0.451806 0.04625 0.141944 4 0.875977 0.290859 0.614167 0.048281 0.102778 3 0.873047 0.213359 0.638056 0.055469 0.090556 3 0.863281 0.523281 0.875556 0.072187 0.201111 3 0.847168 0.15957 0.920556 0.076797 0.157778 3 0.836426 0.263125 0.593889 0.058125 0.085556 10 0.820801 0.110547 0.542222 0.148281 0.186667 3 0.816406 0.376094 0.574861 0.052813 0.079167 3 0.812988 0.244063 0.911944 0.080938 0.155 10 0.79834 0.701563 0.543194 0.070625 0.2325 2 0.744629 0.046104 0.816944 0.065762 0.125 10 0.57373 0.065117 0.715556 0.130234 0.295556 3 0.527344 0.431406 0.469861 0.047188 0.060833 2 0.432129 0.968125 0.748056 0.0625 0.163889 10 0.196777 0.70125 0.543056 0.07125 0.236111 3 0.127686 0.512031 0.404167 0.032188 0.06 4 0.090088 0.486875 0.375833 0.043125 0.057222 10 0.089478 0.033174 0.659167 0.065918 0.295 3 0.078613 0.126172 0.702222 0.071094 0.096667 11 0.066589 0.478281 0.447917 0.059062 0.090278 3 0.065857 0.456563 0.41375 0.04375 0.049722 0 0.05603 0.094004 0.755 0.042148 0.094444 8 0.054596 0.64375 0.451806 0.04625 0.141944 2 0.054413 0.244063 0.911944 0.080938 0.155 5 0.049774 0.486875 0.375833 0.043125 0.057222 1 0.045197 0.046104 0.816944 0.065762 0.125 4 0.034088 0.126172 0.702222 0.071094 0.096667 3 0.032715 0.158281 0.810556 0.04125 0.083333 3 0.023697 0.486875 0.375833 0.043125 0.057222 0 0.023239 0.265313 0.494722 0.03 0.066667 7 0.020493 0.126172 0.702222 0.071094 0.096667 9 0.018982 0.478281 0.447917 0.059062 0.090278 9 0.016464 0.523281 0.875556 0.072187 0.201111 10 0.015671 0.934063 0.866944 0.131875 0.266111 5 0.015076 0.046104 0.816944 0.065762 0.125 0 0.0149 0.069785 0.963889 0.065586 0.07 1 0.014557 0.193984 0.772778 0.033281 0.08 3 0.012527 0.478281 0.447917 0.059062 0.090278 2 0.012238 0.376094 0.574861 0.052813 0.079167 5 0.010094 0.523281 0.875556 0.072187 0.201111 10 0.009933 0.504844 0.321111 0.079062 0.096111 8 0.009018 0.478281 0.447917 0.059062 0.090278 3 0.009018 0.566563 0.468194 0.0325 0.079167 10 0.007038 0.065156 0.717222 0.130313 0.283333 1 0.005981 0.158281 0.810556 0.04125 0.083333 0 0.005665 0.158281 0.810556 0.04125 0.083333 0 0.004135 0.193984 0.772778 0.033281 0.08 9 0.004101 0.110547 0.542222 0.148281 0.186667 11 0.003855 0.968125 0.748056 0.0625 0.163889 1 0.003622 0.199766 0.756111 0.040781 0.084444 12 0.003607 0.968125 0.748056 0.0625 0.163889 8 0.003607 0.126172 0.702222 0.071094 0.096667 2 0.003565 0.431406 0.469861 0.047188 0.060833 9 0.003511 0.065117 0.715556 0.130234 0.295556 2 0.003075 0.263125 0.593889 0.058125 0.085556 9 0.00297 0.835938 0.676667 0.174375 0.324444 9 0.002621 0.764688 0.816111 0.176875 0.367778 7 0.002571 0.224609 0.495417 0.052344 0.140278 2 0.002541 0.512031 0.404167 0.032188 0.06 4 0.002424 0.158281 0.810556 0.04125 0.083333 1 0.002342 0.196016 0.760833 0.037344 0.082778 9 0.002306 0.244063 0.911944 0.080938 0.155 5 0.00209 0.228828 0.433611 0.035156 0.058889 2 0.00205 0.523281 0.875556 0.072187 0.201111 2 0.00202 0.323594 0.665556 0.062812 0.104444 4 0.00181 0.478281 0.447917 0.059062 0.090278 4 0.001768 0.150508 0.635556 0.038047 0.077778 3 0.001579 0.065156 0.717222 0.130313 0.283333 7 0.001574 0.222969 0.517083 0.055 0.141389 5 0.001472 0.244063 0.911944 0.080938 0.155 1 0.001455 0.190391 0.775 0.033281 0.082222 3 0.001444 0.451094 0.491944 0.040938 0.047222 10 0.001416 0.523281 0.875556 0.072187 0.201111 9 0.001394 0.126172 0.702222 0.071094 0.096667 7 0.001346 0.2125 0.521111 0.056875 0.15 0 0.001235 0.196016 0.760833 0.037344 0.082778 6 0.001121 0.065117 0.715556 0.130234 0.295556 1 0.001116 0.244063 0.911944 0.080938 0.155 1 0.001044 0.968125 0.748056 0.0625 0.163889 2 0.001017 0.005862 0.854167 0.01146 0.166111 2 0.001 0.136211 0.7825 0.073203 0.129444
CCTV01^20260318-110000-20260318-120000_000761,11 0.937988 0.732188 0.698333 0.100625 0.253333 10 0.912598 0.890938 0.7575 0.218125 0.379444 10 0.905273 0.158242 0.579722 0.169766 0.219444 10 0.891113 0.432813 0.39375 0.11 0.135833 3 0.884766 0.270391 0.826111 0.078594 0.145556 3 0.873047 0.324609 0.642222 0.060781 0.094444 3 0.871582 0.174414 0.799167 0.069922 0.128333 4 0.871582 0.380781 0.916389 0.098438 0.162778 2 0.866211 0.765 0.944167 0.06875 0.111667 4 0.864258 0.315781 0.530972 0.043438 0.084722 3 0.863281 0.522969 0.874722 0.072813 0.201667 3 0.850098 0.358125 0.477083 0.064375 0.064722 3 0.842773 0.262656 0.569583 0.054375 0.078611 3 0.836426 0.256328 0.729167 0.067969 0.111667 5 0.811523 0.477031 0.457083 0.049062 0.075278 3 0.805664 0.301484 0.501944 0.042031 0.061667 3 0.803223 0.387187 0.534583 0.058125 0.0775 0 0.796875 0.3525 0.785278 0.045625 0.105 3 0.753418 0.217812 0.921111 0.074375 0.157778 3 0.729492 0.262109 0.64 0.070781 0.094444 0 0.710449 0.800313 0.85 0.035625 0.108889 10 0.660156 0.664219 0.5125 0.086563 0.215 3 0.602051 0.098711 0.9375 0.070078 0.125 3 0.563965 0.413125 0.470278 0.055 0.062222 2 0.498047 0.045469 0.749722 0.063594 0.108333 4 0.458984 0.096758 0.763889 0.066484 0.112222 0 0.455078 0.662813 0.864167 0.046875 0.151667 2 0.325928 0.267422 0.4925 0.034219 0.069444 0 0.297363 0.320312 0.713889 0.03625 0.09 4 0.235107 0.018711 0.839445 0.037031 0.125556 1 0.200562 0.800313 0.85 0.035625 0.108889 0 0.19812 0.17582 0.698333 0.049609 0.083333 0 0.171021 0.318438 0.859167 0.04625 0.097222 7 0.155029 0.018711 0.839445 0.037031 0.125556 2 0.062103 0.262109 0.64 0.070781 0.094444 4 0.061432 0.477031 0.457083 0.049062 0.075278 10 0.056458 0.108379 0.541389 0.14793 0.176111 10 0.048309 0.735625 0.544861 0.09 0.219167 10 0.045685 0.814063 0.491389 0.074375 0.162778 1 0.04068 0.218281 0.637222 0.030313 0.07 4 0.03891 0.217812 0.921111 0.074375 0.157778 2 0.032471 0.256328 0.729167 0.067969 0.111667 12 0.029877 0.800313 0.85 0.035625 0.108889 7 0.029312 0.217812 0.921111 0.074375 0.157778 0 0.028015 0.218281 0.637222 0.030313 0.07 6 0.02655 0.814063 0.491389 0.074375 0.162778 3 0.025864 0.662813 0.864167 0.046875 0.151667 4 0.023865 0.381719 0.914445 0.102813 0.162222 9 0.020889 0.522969 0.874722 0.072813 0.201667 0 0.018768 0.340313 0.541667 0.02125 0.057778 2 0.017517 0.151992 0.675 0.051641 0.095556 3 0.016922 0.096758 0.763889 0.066484 0.112222 2 0.016525 0.387187 0.534583 0.058125 0.0775 0 0.015076 0.291406 0.931944 0.097187 0.127222 2 0.014954 0.270391 0.826111 0.078594 0.145556 12 0.014336 0.662813 0.864167 0.046875 0.151667 5 0.013687 0.045469 0.749722 0.063594 0.108333 8 0.012291 0.662813 0.864167 0.046875 0.151667 10 0.011642 0.113711 0.544306 0.146953 0.179167 10 0.011467 0.025723 0.635972 0.051367 0.268056 3 0.010529 0.380781 0.916389 0.098438 0.162778 3 0.010208 0.018711 0.839445 0.037031 0.125556 3 0.01017 0.368281 0.47375 0.044687 0.049722 2 0.009453 0.368281 0.47375 0.044687 0.049722 3 0.009193 0.17582 0.698333 0.049609 0.083333 2 0.008614 0.413125 0.470278 0.055 0.062222 1 0.007755 0.599844 0.479028 0.021563 0.058056 2 0.007725 0.324609 0.642222 0.060781 0.094444 3 0.007694 0.291406 0.931944 0.097187 0.127222 9 0.007576 0.096758 0.763889 0.066484 0.112222 1 0.007175 0.21625 0.6525 0.0225 0.046111 2 0.007149 0.098711 0.9375 0.070078 0.125 5 0.007065 0.522969 0.874722 0.072813 0.201667 7 0.006588 0.096758 0.763889 0.066484 0.112222 9 0.005844 0.217812 0.921111 0.074375 0.157778 3 0.005798 0.045469 0.749722 0.063594 0.108333 1 0.005577 0.34 0.551806 0.018125 0.040833 2 0.005138 0.358125 0.477083 0.064375 0.064722 1 0.005062 0.338906 0.549722 0.018438 0.048333 4 0.004719 0.781875 0.37625 0.0325 0.061389 0 0.004593 0.221172 0.5775 0.038281 0.069444 0 0.00452 0.29125 0.928611 0.0925 0.123889 10 0.004433 0.621094 0.311528 0.041563 0.111944 3 0.003914 0.477031 0.457083 0.049062 0.075278 10 0.003914 0.709688 0.419861 0.096875 0.155278 9 0.003855 0.890938 0.7575 0.218125 0.379444 2 0.003855 0.522969 0.874722 0.072813 0.201667 3 0.003796 0.315781 0.530972 0.043438 0.084722 2 0.003511 0.662813 0.864167 0.046875 0.151667 1 0.003496 0.340313 0.541667 0.02125 0.057778 1 0.003403 0.217812 0.921111 0.074375 0.157778 11 0.002846 0.217812 0.921111 0.074375 0.157778 0 0.002453 0.340313 0.421806 0.02875 0.0525 4 0.002405 0.379531 0.915278 0.100312 0.160556 7 0.002165 0.381719 0.914445 0.102813 0.162222 3 0.001987 0.151992 0.675 0.051641 0.095556 3 0.001942 0.444375 0.493889 0.0525 0.05 0 0.001926 0.8 0.850278 0.035 0.110556 0 0.001846 0.365313 0.5025 0.0225 0.047778 12 0.001796 0.17582 0.698333 0.049609 0.083333 9 0.001775 0.158242 0.579722 0.169766 0.219444 0 0.001681 0.155234 0.886111 0.040781 0.107778 10 0.001531 0.522969 0.874722 0.072813 0.201667 0 0.001531 0.096758 0.763889 0.066484 0.112222 10 0.001513 0.017002 0.805278 0.034004 0.358333 1 0.001467 0.765 0.944167 0.06875 0.111667 2 0.001467 0.301484 0.501944 0.042031 0.061667 3 0.001455 0.255703 0.640556 0.058906 0.094444 10 0.001421 0.977188 0.910833 0.044375 0.178333 1 0.001405 0.99625 0.689722 0.0075 0.095 0 0.001356 0.996875 0.67 0.00625 0.113333 8 0.001325 0.096758 0.763889 0.066484 0.112222 1 0.001325 0.611563 0.424444 0.0175 0.053889 1 0.0013 0.662813 0.864167 0.046875 0.151667 7 0.001285 0.267422 0.4925 0.034219 0.069444 3 0.001279 0.004568 0.871389 0.00894 0.115 0 0.00126 0.99625 0.689722 0.0075 0.095 4 0.001245 0.88625 0.543611 0.05375 0.089444 10 0.001225 0.270391 0.826111 0.078594 0.145556 12 0.001216 0.218281 0.637222 0.030313 0.07 3 0.001188 0.566406 0.46875 0.032188 0.079167 5 0.001169 0.566406 0.46875 0.032188 0.079167 3 0.001165 0.005215 0.928611 0.01043 0.142778 9 0.001161 0.664219 0.5125 0.086563 0.215 9 0.001143 0.045469 0.749722 0.063594 0.108333 0 0.001107 0.267422 0.4925 0.034219 0.069444 1 0.001107 0.996875 0.67 0.00625 0.113333 1 0.001095 0.339531 0.543056 0.025938 0.069444 11 0.001065 0.294375 0.935 0.098125 0.128889 8 0.001028 0.018711 0.839445 0.037031 0.125556 12 0.001008 0.318438 0.859167 0.04625 0.097222
CCTV01^20260318-110000-20260318-120000_000765,10 0.916504 0.266406 0.457778 0.122187 0.161111 10 0.916016 0.717813 0.72 0.136875 0.355556 3 0.894043 0.222578 0.647778 0.068906 0.085556 3 0.887207 0.290781 0.698333 0.062812 0.111111 3 0.867188 0.522969 0.874167 0.072813 0.199444 10 0.84375 0.881875 0.827222 0.23625 0.345556 3 0.841797 0.356094 0.525278 0.051562 0.069444 10 0.817383 0.119258 0.549722 0.158359 0.211667 5 0.774414 0.490156 0.440972 0.045937 0.071944 3 0.747559 0.339141 0.611111 0.066719 0.086667 3 0.704102 0.389062 0.553472 0.058125 0.073056 3 0.692871 0.308125 0.825 0.095 0.154444 10 0.686035 0.712813 0.5025 0.116875 0.213889 9 0.668945 0.051836 0.881389 0.103672 0.215 3 0.439697 0.2975 0.588333 0.068125 0.111111 10 0.434082 0.482344 0.358889 0.090938 0.121111 4 0.414795 0.2975 0.588333 0.068125 0.111111 4 0.388672 0.236641 0.701667 0.055469 0.101111 2 0.332764 0.232188 0.569583 0.06875 0.091944 0 0.312256 0.159414 0.708056 0.040859 0.099445 3 0.279785 0.410625 0.497222 0.045625 0.058889 4 0.264404 0.285313 0.520278 0.06125 0.082778 7 0.262939 0.051836 0.881389 0.103672 0.215 2 0.233765 0.339141 0.611111 0.066719 0.086667 3 0.229492 0.453594 0.483056 0.050312 0.047778 3 0.223999 0.285313 0.520278 0.06125 0.082778 3 0.169922 0.428125 0.453889 0.050625 0.051667 2 0.164551 0.057383 0.736667 0.110703 0.134444 2 0.096008 0.410625 0.497222 0.045625 0.058889 3 0.072876 0.236641 0.701667 0.055469 0.101111 7 0.071594 0.2975 0.588333 0.068125 0.111111 12 0.062805 0.159414 0.708056 0.040859 0.099445 5 0.056244 0.232188 0.569583 0.06875 0.091944 4 0.053406 0.308125 0.825 0.095 0.154444 0 0.052032 0.226562 0.764722 0.0625 0.099445 3 0.043518 0.129688 0.955556 0.093125 0.088889 4 0.0354 0.226562 0.764722 0.0625 0.099445 7 0.024048 0.226562 0.764722 0.0625 0.099445 4 0.023071 0.051836 0.881389 0.103672 0.215 4 0.021286 0.490156 0.440972 0.045937 0.071944 3 0.020569 0.057383 0.736667 0.110703 0.134444 3 0.019348 0.232188 0.569583 0.06875 0.091944 7 0.019058 0.285313 0.520278 0.06125 0.082778 3 0.017517 0.226562 0.764722 0.0625 0.099445 2 0.016022 0.428125 0.453889 0.050625 0.051667 0 0.015251 0.339844 0.46875 0.031562 0.060833 9 0.014061 0.051523 0.883056 0.103047 0.215 6 0.013428 0.835 0.550278 0.085 0.198333 2 0.010094 0.389062 0.553472 0.058125 0.073056 11 0.009933 0.051836 0.881389 0.103672 0.215 2 0.009636 0.522969 0.874167 0.072813 0.199444 3 0.00956 0.566094 0.467778 0.028437 0.07 10 0.008713 0.032383 0.695833 0.064766 0.270556 4 0.008675 0.232188 0.569583 0.06875 0.091944 7 0.008644 0.236641 0.701667 0.055469 0.101111 2 0.008034 0.129688 0.955556 0.093125 0.088889 9 0.007755 0.522969 0.874167 0.072813 0.199444 0 0.006718 0.262109 0.629167 0.029219 0.062778 2 0.00634 0.222578 0.647778 0.068906 0.085556 3 0.00518 0.159414 0.708056 0.040859 0.099445 3 0.004906 0.641719 0.269097 0.021562 0.04625 9 0.004738 0.119258 0.549722 0.158359 0.211667 8 0.004646 0.236641 0.701667 0.055469 0.101111 7 0.004555 0.051523 0.883056 0.103047 0.215 8 0.004055 0.226562 0.764722 0.0625 0.099445 3 0.004055 0.130703 0.670278 0.042969 0.069444 9 0.003975 0.236641 0.701667 0.055469 0.101111 3 0.003901 0.353906 0.393333 0.034687 0.039444 0 0.003765 0.006338 0.784167 0.012676 0.109444 5 0.003736 0.522969 0.874167 0.072813 0.199444 0 0.003607 0.236641 0.701667 0.055469 0.101111 5 0.003496 0.057383 0.736667 0.110703 0.134444 3 0.003363 0.051602 0.881667 0.103203 0.212222 2 0.002947 0.356094 0.525278 0.051562 0.069444 9 0.002855 0.226562 0.764722 0.0625 0.099445 9 0.002571 0.285313 0.520278 0.06125 0.082778 0 0.002415 0.130703 0.670278 0.042969 0.069444 10 0.002287 0.835 0.550278 0.085 0.198333 9 0.002174 0.717813 0.72 0.136875 0.355556 4 0.002083 0.130703 0.670278 0.042969 0.069444 8 0.001995 0.285313 0.520278 0.06125 0.082778 4 0.001972 0.899375 0.568194 0.0575 0.108056 1 0.001741 0.262266 0.64 0.027344 0.047778 7 0.001727 0.130703 0.670278 0.042969 0.069444 2 0.001649 0.785937 0.577222 0.039375 0.083333 9 0.001519 0.2975 0.588333 0.068125 0.111111 10 0.001438 0.949688 0.857778 0.100625 0.284444 12 0.001372 0.226562 0.764722 0.0625 0.099445 7 0.001367 0.308125 0.825 0.095 0.154444 1 0.001325 0.308125 0.825 0.095 0.154444 0 0.001216 0.051836 0.881389 0.103672 0.215 0 0.001161 0.006445 0.801667 0.012891 0.147778 7 0.001138 0.057383 0.736667 0.110703 0.134444 8 0.001124 0.051836 0.881389 0.103672 0.215 4 0.00109 0.339844 0.46875 0.031562 0.060833 9 0.001044 0.048047 0.883056 0.096094 0.217222 0 0.001008 0.645312 0.584167 0.026875 0.069444 10 0.001004 0.021621 0.595694 0.043242 0.169722
CCTV01^20260318-110000-20260318-120000_000769,10 0.896484 0.317109 0.415139 0.124531 0.1375 3 0.872559 0.292812 0.720278 0.08 0.110556 3 0.862305 0.523125 0.874167 0.07375 0.198333 3 0.855957 0.271563 0.895 0.075313 0.143333 10 0.817383 0.137793 0.530556 0.171602 0.192222 3 0.816406 0.269922 0.609722 0.064844 0.090556 3 0.805664 0.205312 0.870556 0.090937 0.151111 10 0.803223 0.7825 0.590278 0.16 0.262778 10 0.769043 0.87875 0.828889 0.2425 0.342222 2 0.70752 0.300156 0.618333 0.042188 0.091111 2 0.679199 0.687813 0.68 0.040625 0.104444 3 0.677246 0.754687 0.739722 0.041875 0.123889 3 0.658203 0.093555 0.95 0.073516 0.1 2 0.562012 0.717813 0.838056 0.049375 0.117222 10 0.548828 0.061836 0.782222 0.123672 0.31 2 0.529297 0.388438 0.497361 0.056875 0.088611 3 0.509766 0.35375 0.603056 0.061875 0.089444 4 0.416748 0.218359 0.539028 0.056094 0.090833 2 0.383057 0.72375 0.940556 0.0525 0.114444 9 0.320801 0.204805 0.713056 0.122266 0.156111 0 0.281494 0.676875 0.8525 0.0375 0.120556 3 0.2323 0.218359 0.539028 0.056094 0.090833 2 0.2323 0.670938 0.517639 0.031875 0.074722 3 0.200562 0.449375 0.489444 0.05875 0.065 10 0.190674 0.649687 0.363333 0.051875 0.136667 1 0.188354 0.717813 0.838056 0.049375 0.117222 3 0.113159 0.316953 0.495556 0.037344 0.081111 9 0.103027 0.203242 0.712222 0.126641 0.155556 1 0.096008 0.687813 0.68 0.040625 0.104444 1 0.077515 0.676875 0.8525 0.0375 0.120556 3 0.06076 0.50125 0.424583 0.039375 0.059722 11 0.055206 0.203242 0.712222 0.126641 0.155556 3 0.051086 0.402812 0.540278 0.044375 0.079444 2 0.048492 0.390625 0.424028 0.045625 0.068611 12 0.033203 0.203242 0.712222 0.126641 0.155556 0 0.026657 0.277813 0.530833 0.03 0.070556 3 0.023605 0.44125 0.446944 0.0475 0.060556 9 0.02121 0.7825 0.590278 0.16 0.262778 10 0.02121 0.761875 0.472917 0.12875 0.203056 2 0.020569 0.292812 0.720278 0.08 0.110556 2 0.017441 0.402812 0.540278 0.044375 0.079444 2 0.016342 0.35375 0.603056 0.061875 0.089444 1 0.015961 0.300156 0.618333 0.042188 0.091111 7 0.01519 0.670938 0.517639 0.031875 0.074722 4 0.013374 0.316953 0.495556 0.037344 0.081111 7 0.012428 0.203242 0.712222 0.126641 0.155556 2 0.0121 0.269922 0.609722 0.064844 0.090556 4 0.011963 0.670938 0.517639 0.031875 0.074722 9 0.011375 0.523125 0.874167 0.07375 0.198333 7 0.010818 0.204805 0.713056 0.122266 0.156111 3 0.009781 0.06082 0.781111 0.121641 0.295556 5 0.008255 0.72375 0.940556 0.0525 0.114444 3 0.007935 0.390625 0.424028 0.045625 0.068611 2 0.006668 0.523125 0.874167 0.07375 0.198333 12 0.006512 0.670938 0.517639 0.031875 0.074722 1 0.00634 0.670938 0.517639 0.031875 0.074722 7 0.006145 0.218359 0.539028 0.056094 0.090833 3 0.006123 0.438281 0.445556 0.049062 0.061667 3 0.005577 0.67375 0.455278 0.03375 0.081667 1 0.005302 0.677188 0.870833 0.029375 0.085 4 0.004772 0.300156 0.618333 0.042188 0.091111 5 0.004719 0.67375 0.455278 0.03375 0.081667 10 0.004646 0.929375 0.7225 0.13875 0.272778 6 0.004433 0.203242 0.712222 0.126641 0.155556 5 0.004364 0.566094 0.469028 0.032188 0.078056 7 0.004101 0.316953 0.495556 0.037344 0.081111 2 0.003736 0.566094 0.469028 0.032188 0.078056 1 0.003622 0.72375 0.940556 0.0525 0.114444 3 0.003483 0.566094 0.469028 0.032188 0.078056 2 0.003456 0.205312 0.870556 0.090937 0.151111 3 0.003351 0.300156 0.618333 0.042188 0.091111 0 0.003298 0.483594 0.440833 0.024062 0.053889 3 0.00304 0.188594 0.643889 0.050937 0.061111 9 0.002672 0.137793 0.530556 0.171602 0.192222 2 0.002672 0.188594 0.643889 0.050937 0.061111 3 0.002632 0.058281 0.784167 0.116563 0.296111 5 0.002621 0.50125 0.424583 0.039375 0.059722 2 0.002611 0.50125 0.424583 0.039375 0.059722 12 0.002571 0.676875 0.8525 0.0375 0.120556 5 0.002342 0.203242 0.712222 0.126641 0.155556 5 0.002108 0.523125 0.874167 0.07375 0.198333 0 0.002035 0.362656 0.424306 0.029687 0.053611 5 0.001995 0.670938 0.517639 0.031875 0.074722 11 0.001912 0.332422 0.941111 0.157656 0.117778 2 0.001768 0.271563 0.895 0.075313 0.143333 10 0.001741 0.98625 0.629306 0.0275 0.290278 9 0.001707 0.649687 0.363333 0.051875 0.136667 5 0.001597 0.388438 0.497361 0.056875 0.088611 10 0.00149 0.271563 0.895 0.075313 0.143333 11 0.001478 0.369688 0.944444 0.2 0.111111 9 0.001455 0.269922 0.609722 0.064844 0.090556 5 0.001455 0.390625 0.424028 0.045625 0.068611 8 0.001389 0.203242 0.712222 0.126641 0.155556 10 0.001356 0.3175 0.41625 0.124375 0.139167 3 0.001335 0.004385 0.928889 0.00877 0.142222 0 0.001245 0.594531 0.409028 0.023438 0.051389 6 0.001225 0.061836 0.782222 0.123672 0.31 10 0.001206 0.523125 0.874167 0.07375 0.198333 9 0.001065 0.271563 0.895 0.075313 0.143333 3 0.001065 0.670938 0.517639 0.031875 0.074722 3 0.001057 0.434688 0.442639 0.048125 0.059722 9 0.00104 0.061836 0.782222 0.123672 0.31 0 0.001008 0.761875 0.472917 0.12875 0.203056
CCTV01^20260318-110000-20260318-120000_000773,9 0.94873 0.345703 0.554306 0.082969 0.110278 11 0.943359 0.176719 0.7375 0.096562 0.235 10 0.928223 0.244375 0.567917 0.190625 0.234167 10 0.912598 0.362812 0.393333 0.12875 0.133889 2 0.910645 0.2475 0.825 0.051562 0.118889 10 0.897461 0.784063 0.601945 0.160625 0.269444 3 0.89502 0.285469 0.748611 0.058125 0.116111 3 0.88623 0.272578 0.645833 0.079219 0.097222 3 0.88623 0.523438 0.874167 0.07125 0.196111 3 0.868164 0.718125 0.750833 0.06375 0.141667 10 0.862305 0.213047 0.490833 0.177656 0.189444 10 0.853027 0.677188 0.4625 0.083125 0.195 3 0.847168 0.334531 0.648889 0.070937 0.088889 3 0.770508 0.057578 0.876944 0.115156 0.161667 3 0.762207 0.490469 0.453194 0.044062 0.056389 3 0.594727 0.508125 0.421667 0.034375 0.047222 2 0.525391 0.779062 0.879444 0.050625 0.134445 3 0.513672 0.480625 0.408056 0.040625 0.043889 1 0.403564 0.130586 0.870278 0.049297 0.097222 3 0.294189 0.241094 0.956667 0.070937 0.084444 10 0.281494 0.054277 0.645556 0.107695 0.213333 1 0.203125 0.112852 0.702222 0.027734 0.074444 3 0.199951 0.05832 0.876389 0.116641 0.168333 3 0.175537 0.567031 0.469722 0.027813 0.070556 3 0.119202 0.460781 0.490833 0.052187 0.042222 3 0.117981 0.525469 0.375 0.032813 0.05 1 0.101562 0.614844 0.463611 0.018437 0.048333 10 0.09845 0.932187 0.658333 0.131875 0.265556 2 0.073669 0.415781 0.472917 0.052188 0.078611 2 0.072876 0.779062 0.88 0.050625 0.135556 3 0.056641 0.456406 0.447361 0.037187 0.046944 3 0.05481 0.005493 0.866111 0.010967 0.125556 3 0.053986 0.459688 0.49125 0.05375 0.043611 0 0.031143 0.130586 0.870278 0.049297 0.097222 10 0.029877 0.91625 0.898056 0.16375 0.203889 3 0.027695 0.480625 0.4075 0.040625 0.043333 0 0.025864 0.841875 0.488889 0.0325 0.065556 0 0.023773 0.005415 0.778056 0.01083 0.080556 3 0.021362 0.615 0.413472 0.02875 0.073056 1 0.021362 0.094648 0.873611 0.039922 0.081667 1 0.019943 0.110312 0.698611 0.05125 0.083889 10 0.019791 0.956875 0.876111 0.08625 0.247778 1 0.019272 0.095195 0.868056 0.043516 0.088333 1 0.016724 0.2475 0.825 0.051562 0.118889 1 0.015717 0.005415 0.778056 0.01083 0.080556 2 0.013023 0.490469 0.453194 0.044062 0.056389 7 0.012527 0.615 0.413472 0.02875 0.073056 2 0.0112 0.241094 0.956667 0.070937 0.084444 6 0.009232 0.345703 0.554306 0.082969 0.110278 3 0.008949 0.377969 0.516111 0.048437 0.055556 1 0.007095 0.093516 0.887778 0.031094 0.057778 2 0.007065 0.052305 0.876389 0.104609 0.159444 10 0.006905 0.784063 0.6025 0.160625 0.273889 2 0.006718 0.058398 0.878889 0.116797 0.166667 1 0.0047 0.112266 0.725 0.018906 0.045556 3 0.004627 0.370781 0.520278 0.063438 0.067222 1 0.004215 0.131211 0.887778 0.035078 0.067778 5 0.004135 0.523438 0.874167 0.07125 0.196111 2 0.004116 0.272578 0.645833 0.079219 0.097222 3 0.004005 0.005415 0.778056 0.01083 0.080556 3 0.003809 0.004014 0.815833 0.008027 0.171667 3 0.003708 0.381719 0.515278 0.041563 0.051667 0 0.003593 0.112852 0.702222 0.027734 0.074444 3 0.003511 0.004004 0.842778 0.007939 0.141111 11 0.003416 0.345703 0.554306 0.082969 0.110278 3 0.002947 0.009011 0.876667 0.017837 0.16 1 0.00259 0.101836 0.866944 0.059766 0.098333 12 0.002522 0.345703 0.554306 0.082969 0.110278 1 0.002216 0.779062 0.879444 0.050625 0.134445 9 0.002108 0.523438 0.874167 0.07125 0.196111 3 0.002075 0.007305 0.751389 0.014609 0.133889 11 0.001995 0.615 0.413472 0.02875 0.073056 10 0.001934 0.011758 0.728889 0.023516 0.29 7 0.001755 0.345703 0.554306 0.082969 0.110278 3 0.001741 0.760938 0.972778 0.069375 0.052222 2 0.001661 0.005415 0.778056 0.01083 0.080556 1 0.001616 0.128555 0.888056 0.037578 0.071667 4 0.001467 0.615 0.413472 0.02875 0.073056 0 0.001399 0.009033 0.783611 0.018066 0.129444 0 0.001378 0.797813 0.496111 0.029375 0.052778 5 0.001351 0.718125 0.750833 0.06375 0.141667 2 0.001255 0.004014 0.815833 0.008027 0.171667 0 0.001188 0.004014 0.815833 0.008027 0.171667 3 0.001134 0.011445 0.7675 0.022891 0.131667 1 0.001124 0.009033 0.783611 0.018066 0.129444 6 0.001112 0.956875 0.876111 0.08625 0.247778 1 0.001112 0.121211 0.861944 0.054922 0.108333 3 0.001081 0.054336 0.659167 0.108516 0.189444 9 0.00104 0.784063 0.601945 0.160625 0.269444 9 0.001 0.057578 0.876944 0.115156 0.161667 0 0.001 0.011445 0.7675 0.022891 0.131667
CCTV01^20260318-110000-20260318-120000_000777,2 0.970215 0.52375 0.873889 0.073125 0.198889 11 0.962402 0.394531 0.51125 0.072813 0.096389 2 0.939941 0.198437 0.709167 0.1 0.127222 2 0.925293 0.279063 0.743889 0.060625 0.113333 2 0.924316 0.260234 0.868056 0.072656 0.153889 2 0.919434 0.634375 0.527917 0.0475 0.079722 3 0.915039 0.68625 0.666945 0.0625 0.123889 9 0.895508 0.715938 0.565694 0.110625 0.264167 9 0.875977 0.855 0.690556 0.2025 0.336667 2 0.865234 0.344844 0.572778 0.076563 0.072222 2 0.861328 0.342031 0.628889 0.067188 0.091111 9 0.855957 0.420312 0.402639 0.103125 0.144167 0 0.744629 0.288906 0.659444 0.030313 0.071111 9 0.729492 0.322813 0.424444 0.15125 0.142778 2 0.710449 0.497031 0.446667 0.044063 0.062222 9 0.67041 0.187617 0.614167 0.159766 0.205 2 0.620605 0.629844 0.42375 0.035312 0.068056 1 0.46875 0.730625 0.885278 0.055 0.148333 0 0.443604 0.05001 0.914445 0.069043 0.106667 2 0.430176 0.565938 0.471111 0.035 0.08 2 0.392334 0.730625 0.885278 0.055 0.148333 9 0.386719 0.057305 0.804167 0.114609 0.263889 1 0.327637 0.290078 0.583611 0.039219 0.080556 12 0.327637 0.154453 0.783333 0.064844 0.103333 12 0.255371 0.100938 0.804444 0.062031 0.128889 0 0.209473 0.327031 0.520833 0.034688 0.056111 0 0.193115 0.359688 0.94 0.05625 0.118889 2 0.172119 0.4775 0.48375 0.050625 0.051389 0 0.137573 0.100938 0.804444 0.062031 0.128889 12 0.13208 0.05001 0.914445 0.069043 0.106667 0 0.108215 0.154453 0.783333 0.064844 0.103333 10 0.105957 0.187617 0.614167 0.159766 0.205 0 0.07135 0.33375 0.523056 0.04 0.061667 1 0.06488 0.801875 0.95 0.0425 0.095556 0 0.050903 0.3325 0.518333 0.03625 0.056667 3 0.03476 0.154453 0.783333 0.064844 0.103333 2 0.03125 0.290078 0.583611 0.039219 0.080556 10 0.025757 0.855 0.690556 0.2025 0.336667 2 0.025375 0.451562 0.439583 0.0425 0.069167 3 0.024612 0.497031 0.446667 0.044063 0.062222 9 0.024612 0.323203 0.425556 0.152344 0.146111 9 0.021942 0.984375 0.798889 0.03125 0.311111 1 0.021866 0.279063 0.743889 0.060625 0.113333 9 0.020096 0.057695 0.791389 0.115078 0.247222 0 0.019714 0.801875 0.95 0.0425 0.095556 9 0.018402 0.394531 0.51125 0.072813 0.096389 0 0.0149 0.338438 0.525278 0.03 0.049444 1 0.014061 0.260234 0.868056 0.072656 0.153889 10 0.013069 0.057305 0.804167 0.114609 0.263889 3 0.012192 0.198437 0.709167 0.1 0.127222 3 0.011162 0.4775 0.48375 0.050625 0.051389 12 0.010948 0.288906 0.659444 0.030313 0.071111 5 0.009453 0.451562 0.439583 0.0425 0.069167 10 0.008095 0.420312 0.402639 0.103125 0.144167 3 0.006851 0.05001 0.914445 0.069043 0.106667 12 0.006851 0.33375 0.523056 0.04 0.061667 1 0.006824 0.629844 0.42375 0.035312 0.068056 10 0.006691 0.960312 0.886111 0.079375 0.227778 1 0.006413 0.327031 0.520833 0.034688 0.056111 1 0.006218 0.154453 0.783333 0.064844 0.103333 10 0.006191 0.715938 0.565694 0.110625 0.264167 3 0.006073 0.359688 0.94 0.05625 0.118889 9 0.006027 0.960312 0.886111 0.079375 0.227778 3 0.005688 0.344844 0.572778 0.076563 0.072222 11 0.005322 0.68625 0.666945 0.0625 0.123889 10 0.00528 0.984375 0.798889 0.03125 0.311111 8 0.00528 0.240781 0.490139 0.0725 0.130833 7 0.005161 0.057305 0.804167 0.114609 0.263889 3 0.004719 0.342031 0.628889 0.067188 0.091111 10 0.004665 0.322813 0.424444 0.15125 0.142778 9 0.004627 0.68625 0.666945 0.0625 0.123889 4 0.004505 0.451562 0.439583 0.0425 0.069167 8 0.00433 0.154453 0.783333 0.064844 0.103333 9 0.004166 0.981875 0.821389 0.03625 0.357222 4 0.004025 0.154453 0.783333 0.064844 0.103333 11 0.003944 0.240781 0.490139 0.0725 0.130833 2 0.003929 0.422344 0.477361 0.049062 0.051944 10 0.003765 0.923125 0.904167 0.15125 0.191667 12 0.003565 0.338438 0.525278 0.03 0.049444 1 0.003511 0.05001 0.914445 0.069043 0.106667 12 0.003483 0.359688 0.94 0.05625 0.118889 12 0.003376 0.327031 0.520833 0.034688 0.056111 1 0.003363 0.359688 0.94 0.05625 0.118889 6 0.003273 0.057305 0.804167 0.114609 0.263889 3 0.002811 0.260234 0.868056 0.072656 0.153889 9 0.002779 0.979375 0.822778 0.04125 0.354444 3 0.002462 0.52375 0.873889 0.073125 0.198889 2 0.002068 0.501406 0.408611 0.024688 0.035556 1 0.00205 0.634375 0.527917 0.0475 0.079722 9 0.00205 0.988125 0.750278 0.02375 0.248333 3 0.00202 0.279063 0.743889 0.060625 0.113333 10 0.001972 0.981875 0.821389 0.03625 0.357222 7 0.001889 0.68625 0.666945 0.0625 0.123889 8 0.001768 0.394531 0.51125 0.072813 0.096389 3 0.001761 0.055742 0.804167 0.111484 0.260556 12 0.001755 0.3325 0.518333 0.03625 0.056667 6 0.00172 0.187617 0.614167 0.159766 0.205 6 0.001707 0.394531 0.51125 0.072813 0.096389 5 0.001604 0.260234 0.868056 0.072656 0.153889 3 0.001585 0.100938 0.804444 0.062031 0.128889 3 0.001574 0.51875 0.389306 0.02875 0.049167 1 0.00141 0.291328 0.678056 0.023281 0.043889 3 0.001399 0.054844 0.242778 0.023438 0.032222 1 0.001362 0.288906 0.659444 0.030313 0.071111 4 0.001255 0.51875 0.389306 0.02875 0.049167 0 0.001221 0.730625 0.885278 0.055 0.148333 2 0.001134 0.500156 0.412083 0.029687 0.045278 0 0.00109 0.330547 0.498194 0.028906 0.045833 10 0.001053 0.979375 0.822778 0.04125 0.354444 1 0.001017 0.338438 0.525278 0.03 0.049444
CCTV01^20260318-110000-20260318-120000_000781,2 0.971191 0.523594 0.872778 0.072812 0.2 2 0.947754 0.300156 0.683056 0.069688 0.107222 9 0.944824 0.232227 0.580833 0.152422 0.181667 9 0.936523 0.814375 0.764722 0.20625 0.409444 9 0.924805 0.109219 0.740833 0.218438 0.278333 1 0.917969 0.334531 0.814722 0.052187 0.120556 11 0.915527 0.455156 0.445139 0.053437 0.076944 2 0.908691 0.343516 0.551667 0.071719 0.082222 9 0.891113 0.322344 0.490972 0.116563 0.150278 2 0.890137 0.670938 0.581389 0.051875 0.091667 2 0.871582 0.415781 0.502222 0.057813 0.065556 2 0.871582 0.726562 0.928611 0.070625 0.140556 1 0.836426 0.684062 0.815278 0.049375 0.137222 9 0.823242 0.152109 0.836944 0.180156 0.326111 3 0.808105 0.380469 0.901667 0.122187 0.194444 0 0.777344 0.24 0.861389 0.03375 0.106111 2 0.704102 0.273438 0.788611 0.060625 0.162778 2 0.59082 0.489531 0.467361 0.042812 0.056944 4 0.482422 0.273438 0.788611 0.060625 0.162778 2 0.348633 0.488438 0.468056 0.04375 0.056111 2 0.242188 0.56625 0.470556 0.03375 0.077778 2 0.216064 0.267031 0.945833 0.071563 0.106111 9 0.209473 0.434219 0.391806 0.095312 0.138056 12 0.100159 0.711563 0.761111 0.038125 0.114444 3 0.05542 0.803438 0.936389 0.093125 0.125 0 0.046722 0.711563 0.761111 0.038125 0.114444 12 0.044342 0.276953 0.611667 0.053281 0.088889 2 0.040985 0.500469 0.437361 0.034687 0.054167 12 0.03833 0.317031 0.733889 0.034687 0.105556 1 0.030334 0.670938 0.581389 0.051875 0.091667 1 0.029083 0.726562 0.928611 0.070625 0.140556 2 0.027481 0.510156 0.40375 0.035313 0.054722 2 0.026062 0.465938 0.490278 0.050625 0.041667 3 0.022293 0.054238 0.242778 0.023477 0.031667 9 0.021454 0.435937 0.389444 0.096875 0.133333 12 0.02121 0.684062 0.815278 0.049375 0.137222 5 0.017715 0.273438 0.788611 0.060625 0.162778 0 0.017639 0.276953 0.611667 0.053281 0.088889 12 0.015366 0.328828 0.593889 0.046719 0.073333 3 0.012825 0.276953 0.611667 0.053281 0.088889 3 0.010735 0.273438 0.788611 0.060625 0.162778 12 0.008644 0.699375 0.673611 0.03875 0.097222 3 0.008255 0.80375 0.937222 0.095 0.121111 2 0.007576 0.334531 0.814722 0.052187 0.120556 3 0.006512 0.670938 0.581389 0.051875 0.091667 10 0.00629 0.152109 0.836944 0.180156 0.326111 3 0.00526 0.317031 0.733889 0.034687 0.105556 0 0.004944 0.328828 0.593889 0.046719 0.073333 2 0.004627 0.684062 0.815278 0.049375 0.137222 1 0.004433 0.267031 0.945833 0.071563 0.106111 7 0.004166 0.803438 0.936389 0.093125 0.125 12 0.004166 0.7 0.670556 0.035 0.073333 1 0.003885 0.012656 0.9375 0.025313 0.108333 3 0.003664 0.500469 0.437361 0.034687 0.054167 3 0.002913 0.373125 0.895 0.1025 0.182222 0 0.00235 0.317031 0.733889 0.034687 0.105556 11 0.00227 0.803438 0.936389 0.093125 0.125 10 0.002199 0.322344 0.490972 0.116563 0.150278 11 0.00215 0.273438 0.788611 0.060625 0.162778 5 0.00209 0.629687 0.274514 0.023125 0.055417 0 0.001853 0.357031 0.595 0.031562 0.064444 1 0.001478 0.273438 0.788611 0.060625 0.162778 12 0.001467 0.700938 0.649167 0.038125 0.109444 12 0.001461 0.012656 0.9375 0.025313 0.108333 9 0.00145 0.803438 0.936389 0.093125 0.125 4 0.00141 0.013164 0.885278 0.026328 0.229444 0 0.001394 0.012656 0.9375 0.025313 0.108333 3 0.001315 0.013164 0.885278 0.026328 0.229444 3 0.001188 0.523594 0.872778 0.072812 0.2 3 0.001188 0.726562 0.928611 0.070625 0.140556 10 0.001188 0.434219 0.391806 0.095312 0.138056 11 0.001179 0.013164 0.885278 0.026328 0.229444 2 0.001165 0.41625 0.500972 0.0575 0.064722 10 0.001161 0.924063 0.905556 0.151875 0.188889 3 0.001143 0.629687 0.274514 0.023125 0.055417 9 0.001134 0.975937 0.901945 0.048125 0.196111 9 0.001121 0.337422 0.419028 0.131406 0.140833 11 0.001099 0.012686 0.873333 0.025371 0.252222 12 0.001081 0.24 0.861389 0.03375 0.106111 3 0.001065 0.007822 0.745 0.015645 0.151111 3 0.001028 0.300156 0.683056 0.069688 0.107222 3 0.001024 0.267031 0.945833 0.071563 0.106111
CCTV01^20260318-110000-20260318-120000_000785,2 0.970703 0.523594 0.873611 0.072812 0.199444 2 0.961914 0.385313 0.51375 0.06375 0.078056 11 0.958008 0.675625 0.546944 0.0475 0.112778 2 0.942383 0.692813 0.698611 0.058125 0.129445 9 0.942383 0.259375 0.615278 0.186875 0.215 2 0.931641 0.283437 0.701944 0.063125 0.142778 2 0.927734 0.443125 0.466667 0.050625 0.057778 9 0.925293 0.083281 0.754167 0.166562 0.287222 9 0.925293 0.81875 0.774722 0.20375 0.413889 9 0.924805 0.155273 0.828611 0.183203 0.342778 2 0.875977 0.494375 0.461944 0.04625 0.063889 11 0.865234 0.472813 0.417917 0.0425 0.076389 9 0.84375 0.347969 0.474306 0.119063 0.126944 0 0.841797 0.259531 0.780556 0.03 0.105556 3 0.795898 0.347813 0.827778 0.1075 0.174444 2 0.713867 0.269219 0.902222 0.066875 0.153333 2 0.550781 0.565938 0.471111 0.03375 0.078889 3 0.462891 0.349141 0.824167 0.105469 0.165 2 0.361084 0.506406 0.428194 0.036563 0.046389 2 0.327637 0.269297 0.902222 0.067031 0.153333 12 0.135742 0.045518 0.845833 0.072559 0.122778 2 0.073425 0.383438 0.576944 0.061875 0.081667 0 0.060303 0.045518 0.845833 0.072559 0.122778 0 0.052612 0.017144 0.958056 0.032822 0.081667 1 0.032349 0.314609 0.758333 0.047656 0.105556 12 0.026062 0.102344 0.792778 0.062344 0.124444 2 0.019638 0.512344 0.400417 0.032188 0.043611 0 0.013222 0.75125 0.929167 0.0575 0.131667 9 0.011688 0.352031 0.4225 0.138438 0.149444 3 0.008316 0.054492 0.241875 0.022734 0.030139 3 0.008064 0.045518 0.845833 0.072559 0.122778 3 0.007786 0.75125 0.929167 0.0575 0.131667 1 0.007637 0.692813 0.698611 0.058125 0.129445 4 0.006824 0.283437 0.701944 0.063125 0.142778 8 0.006744 0.675625 0.546944 0.0475 0.112778 9 0.006313 0.351719 0.413194 0.139688 0.131389 3 0.004505 0.283437 0.701944 0.063125 0.142778 5 0.003525 0.283437 0.701944 0.063125 0.142778 0 0.003403 0.102344 0.792778 0.062344 0.124444 2 0.003389 0.508281 0.43 0.033437 0.046111 12 0.003248 0.017144 0.958056 0.032822 0.081667 12 0.003185 0.331719 0.6425 0.033437 0.097222 3 0.002947 0.494375 0.461944 0.04625 0.063889 1 0.002378 0.283437 0.701944 0.063125 0.142778 2 0.002378 0.314609 0.758333 0.047656 0.105556 8 0.002306 0.75125 0.929167 0.0575 0.131667 9 0.002253 0.975937 0.895278 0.048125 0.209444 1 0.00202 0.045518 0.845833 0.072559 0.122778 7 0.00202 0.75125 0.929167 0.0575 0.131667 9 0.00198 0.016182 0.794444 0.032129 0.31 3 0.001636 0.995313 0.695278 0.009375 0.147222 3 0.001549 0.008352 0.260069 0.016226 0.030417 10 0.001455 0.351719 0.413194 0.139688 0.131389 2 0.001432 0.507031 0.378611 0.035937 0.048889 12 0.00141 0.75125 0.929167 0.0575 0.131667 2 0.001389 0.347813 0.827778 0.1075 0.174444 2 0.001383 0.995313 0.695278 0.009375 0.147222 0 0.001346 0.012681 0.936667 0.024678 0.126667 10 0.001315 0.467344 0.358611 0.087187 0.112778 10 0.001285 0.92625 0.903333 0.1475 0.193333 3 0.001216 0.385313 0.51375 0.06375 0.078056 10 0.001202 0.975937 0.895278 0.048125 0.209444 10 0.001099 0.155273 0.828611 0.183203 0.342778 1 0.001057 0.017144 0.958056 0.032822 0.081667 3 0.001044 0.523594 0.873611 0.072812 0.199444 3 0.001032 0.99125 0.701389 0.0175 0.166111
CCTV01^20260318-110000-20260318-120000_000789,11 0.972168 0.702812 0.694722 0.060625 0.156111 2 0.953613 0.523906 0.873889 0.072187 0.201111 2 0.949707 0.726875 0.847222 0.08 0.166667 2 0.94873 0.505313 0.435139 0.039375 0.056944 2 0.946777 0.273281 0.836389 0.060625 0.141667 9 0.932617 0.243125 0.571806 0.15875 0.189722 9 0.930664 0.819688 0.773889 0.205625 0.407778 0 0.929199 0.315156 0.886944 0.031562 0.110556 3 0.925781 0.313281 0.663056 0.064062 0.140556 9 0.923828 0.181953 0.779722 0.163594 0.355 2 0.895508 0.47875 0.480417 0.049375 0.056944 1 0.879883 0.319844 0.745 0.049688 0.097778 9 0.849121 0.064648 0.755278 0.128672 0.281667 12 0.848145 0.348438 0.865556 0.038125 0.136667 9 0.773438 0.373672 0.500556 0.115781 0.153333 0 0.753418 0.389688 0.846945 0.03375 0.100556 3 0.747559 0.655937 0.464167 0.041875 0.099444 0 0.728027 0.288906 0.896667 0.032187 0.107778 2 0.544922 0.478438 0.421389 0.03875 0.059444 2 0.503906 0.690625 0.463889 0.0375 0.07 12 0.496094 0.318828 0.8125 0.037344 0.115 2 0.453369 0.56625 0.468333 0.035 0.081111 2 0.401611 0.512969 0.404722 0.030938 0.049444 2 0.397949 0.442344 0.449306 0.039062 0.056389 9 0.383057 0.373359 0.500694 0.115781 0.154167 2 0.107788 0.566563 0.469028 0.035625 0.081944 0 0.042389 0.421719 0.936667 0.064688 0.11 0 0.025757 0.389531 0.846111 0.033437 0.098889 12 0.023148 0.421719 0.936667 0.064688 0.11 12 0.02034 0.389688 0.846945 0.03375 0.100556 3 0.018127 0.421719 0.936667 0.064688 0.11 1 0.017578 0.273281 0.836389 0.060625 0.141667 3 0.013535 0.312656 0.663889 0.063438 0.136667 4 0.012337 0.313281 0.663056 0.064062 0.140556 1 0.009415 0.726875 0.847222 0.08 0.166667 0 0.007462 0.315859 0.905 0.025156 0.07 3 0.006191 0.523906 0.873889 0.072187 0.201111 10 0.0056 0.064648 0.755278 0.128672 0.281667 3 0.004963 0.478438 0.421389 0.03875 0.059444 3 0.004791 0.377813 0.58375 0.066875 0.103611 2 0.004555 0.655937 0.464167 0.041875 0.099444 3 0.004025 0.56625 0.468333 0.035 0.081111 1 0.003765 0.523906 0.873889 0.072187 0.201111 10 0.003565 0.373672 0.500556 0.115781 0.153333 3 0.003286 0.726875 0.847222 0.08 0.166667 12 0.003286 0.288906 0.896667 0.032187 0.107778 4 0.003286 0.421719 0.936667 0.064688 0.11 10 0.002981 0.243125 0.571806 0.15875 0.189722 1 0.002758 0.752813 0.963333 0.035625 0.067778 9 0.002443 0.182891 0.778333 0.163906 0.352222 3 0.002415 0.778438 0.522083 0.049375 0.0725 12 0.002287 0.315156 0.886944 0.031562 0.110556 2 0.002253 0.377813 0.58375 0.066875 0.103611 9 0.002165 0.434375 0.4025 0.07375 0.101111 2 0.001957 0.253828 0.96 0.070156 0.078889 0 0.001897 0.348438 0.865556 0.038125 0.136667 3 0.001549 0.47875 0.480417 0.049375 0.056944 0 0.001405 0.425469 0.954167 0.055938 0.081667 0 0.001367 0.315469 0.867222 0.033438 0.124444 10 0.001279 0.313281 0.663056 0.064062 0.140556 4 0.001274 0.655937 0.464167 0.041875 0.099444 3 0.001255 0.622813 0.238056 0.018125 0.048333 3 0.001216 0.273281 0.836389 0.060625 0.141667 10 0.001206 0.926562 0.904722 0.146875 0.190556 3 0.001197 0.064355 0.754444 0.127852 0.28 12 0.001192 0.118672 0.777222 0.057656 0.116667 3 0.001174 0.018879 0.966389 0.037476 0.067222 3 0.001134 0.690625 0.463889 0.0375 0.07 8 0.001095 0.702812 0.694722 0.060625 0.156111 12 0.001048 0.121445 0.774167 0.056797 0.109444
CCTV01^20260318-110000-20260318-120000_000793,2 0.972656 0.277422 0.813333 0.066094 0.135556 2 0.96875 0.52375 0.873056 0.0725 0.198333 2 0.962891 0.7475 0.918611 0.09125 0.162778 11 0.962402 0.720937 0.758889 0.071875 0.17 9 0.927734 0.233281 0.530417 0.155937 0.194722 9 0.927246 0.820312 0.775 0.200625 0.407778 2 0.921387 0.480937 0.465139 0.048125 0.071389 9 0.898926 0.193984 0.748056 0.160781 0.338333 0 0.871582 0.297891 0.864722 0.032031 0.098333 2 0.858887 0.505 0.430833 0.034375 0.053333 3 0.844727 0.690313 0.5925 0.058125 0.135 1 0.728027 0.2975 0.644444 0.039688 0.104444 0 0.607422 0.315156 0.820556 0.031562 0.098889 2 0.533203 0.477812 0.409444 0.043125 0.058889 2 0.46875 0.517813 0.3875 0.035625 0.051111 12 0.392334 0.671875 0.738889 0.03125 0.072222 2 0.338135 0.566094 0.47 0.034687 0.081111 1 0.313965 0.333125 0.565556 0.0325 0.077778 9 0.310791 0.407188 0.466111 0.099375 0.141111 12 0.309082 0.325313 0.744722 0.038125 0.107222 12 0.164551 0.343281 0.922778 0.071563 0.135556 1 0.074768 0.297734 0.645833 0.038281 0.102778 12 0.057495 0.372344 0.846389 0.051562 0.118333 3 0.022629 0.343281 0.922778 0.071563 0.135556 0 0.021362 0.671875 0.738889 0.03125 0.072222 0 0.018829 0.310703 0.6975 0.032344 0.082778 3 0.018402 0.517813 0.3875 0.035625 0.051111 12 0.016785 0.341875 0.816667 0.03875 0.104444 9 0.01178 0.407031 0.465278 0.097187 0.140556 12 0.010292 0.367969 0.776667 0.047187 0.102222 2 0.010208 0.2575 0.946945 0.07 0.105 5 0.009933 0.05457 0.830833 0.108828 0.278333 9 0.009483 0.05457 0.830833 0.108828 0.278333 9 0.009483 0.407031 0.466528 0.100312 0.139167 9 0.007755 0.194141 0.746667 0.161094 0.335556 2 0.007233 0.2975 0.644444 0.039688 0.104444 2 0.007175 0.690313 0.5925 0.058125 0.135 0 0.007122 0.310937 0.696944 0.035 0.082778 0 0.006168 0.343281 0.922778 0.071563 0.135556 2 0.004555 0.333125 0.565556 0.0325 0.077778 10 0.004299 0.233281 0.530417 0.155937 0.194722 12 0.00358 0.310937 0.696944 0.035 0.082778 8 0.003389 0.343281 0.922778 0.071563 0.135556 10 0.003223 0.05457 0.830833 0.108828 0.278333 12 0.003197 0.396094 0.93 0.050312 0.128889 1 0.002369 0.7475 0.918611 0.09125 0.162778 8 0.002306 0.720937 0.758889 0.071875 0.17 3 0.001972 0.52375 0.873056 0.0725 0.198333 12 0.001965 0.344063 0.922778 0.070625 0.136667 4 0.001661 0.854062 0.555139 0.064375 0.1175 10 0.001636 0.407188 0.466111 0.099375 0.141111 0 0.001585 0.323047 0.801389 0.038281 0.113889 10 0.001574 0.925625 0.905 0.14875 0.19 12 0.001501 0.315156 0.820556 0.031562 0.098889 3 0.001372 0.055078 0.825833 0.110156 0.258333 0 0.001335 0.367969 0.776667 0.047187 0.102222 4 0.00133 0.215781 0.444444 0.029375 0.05 6 0.001325 0.05457 0.830833 0.108828 0.278333 10 0.001294 0.407031 0.465278 0.097187 0.140556 0 0.001294 0.315313 0.842778 0.029375 0.103333 12 0.001143 0.310703 0.6975 0.032344 0.082778 12 0.001099 0.297891 0.864722 0.032031 0.098333 3 0.001078 0.344063 0.922778 0.070625 0.136667 4 0.001073 0.690313 0.5925 0.058125 0.135 1 0.001017 0.52375 0.873056 0.0725 0.198333
CCTV01^20260318-110000-20260318-120000_000797,2 0.974121 0.523281 0.873333 0.073438 0.2 11 0.964355 0.725313 0.769167 0.073125 0.173889 2 0.959473 0.399844 0.509444 0.060937 0.065556 2 0.955078 0.750313 0.923889 0.089375 0.152222 9 0.938965 0.226758 0.678333 0.152109 0.292222 9 0.93457 0.818125 0.774444 0.205 0.406667 3 0.882324 0.690938 0.597778 0.060625 0.141111 12 0.868164 0.365625 0.898611 0.041875 0.122778 12 0.866211 0.387344 0.827222 0.037188 0.106667 2 0.790527 0.287422 0.75 0.058906 0.101111 12 0.733887 0.65625 0.762778 0.03625 0.121111 12 0.666992 0.312656 0.869167 0.041563 0.127222 0 0.640625 0.327031 0.591944 0.029063 0.080556 9 0.523438 0.248672 0.535833 0.163906 0.198333 12 0.368408 0.326719 0.949444 0.043438 0.098889 12 0.310791 0.325313 0.666389 0.033125 0.106111 2 0.214722 0.565156 0.468889 0.031563 0.076111 2 0.212036 0.498125 0.425556 0.041875 0.066667 2 0.153076 0.985938 0.829722 0.028125 0.165 2 0.131592 0.252422 0.928056 0.079219 0.143889 9 0.108215 0.375313 0.407778 0.106875 0.137778 3 0.089783 0.985938 0.829722 0.028125 0.165 3 0.086914 0.459844 0.468194 0.062188 0.069167 8 0.06189 0.108887 0.721111 0.124102 0.153333 4 0.047424 0.498125 0.425556 0.041875 0.066667 12 0.044006 0.633594 0.779722 0.022813 0.078333 5 0.042236 0.498125 0.425556 0.041875 0.066667 2 0.035675 0.690938 0.597778 0.060625 0.141111 1 0.034882 0.287422 0.75 0.058906 0.101111 2 0.031616 0.398281 0.555 0.045312 0.064444 3 0.031372 0.675313 0.485 0.053125 0.093889 2 0.022629 0.675313 0.485 0.053125 0.093889 3 0.019791 0.498125 0.425556 0.041875 0.066667 2 0.017914 0.988437 0.828333 0.023125 0.173333 10 0.01738 0.375313 0.407778 0.106875 0.137778 5 0.017044 0.985938 0.829722 0.028125 0.165 2 0.016159 0.3775 0.461806 0.028125 0.061389 9 0.0159 0.775313 0.477917 0.115625 0.151944 10 0.012924 0.775313 0.477917 0.115625 0.151944 0 0.01001 0.65625 0.762778 0.03625 0.121111 9 0.009163 0.375625 0.408333 0.105625 0.138889 12 0.007374 0.349688 0.856944 0.03875 0.097222 9 0.006668 0.461406 0.397917 0.074062 0.104167 3 0.006538 0.988437 0.828333 0.023125 0.173333 8 0.006439 0.725313 0.769167 0.073125 0.173889 9 0.006313 0.985938 0.8625 0.028125 0.275 12 0.005959 0.291563 0.816667 0.055625 0.108889 1 0.005302 0.750313 0.923889 0.089375 0.152222 12 0.004757 0.327031 0.591944 0.029063 0.080556 10 0.004314 0.248672 0.535833 0.163906 0.198333 4 0.00404 0.985938 0.829722 0.028125 0.165 3 0.003809 0.565156 0.468889 0.031563 0.076111 11 0.003607 0.108887 0.721111 0.124102 0.153333 9 0.003607 0.9875 0.8475 0.025 0.280556 0 0.003538 0.633594 0.779722 0.022813 0.078333 0 0.003456 0.326719 0.949444 0.043438 0.098889 4 0.003338 0.817187 0.4325 0.036875 0.067778 1 0.003248 0.252422 0.928056 0.079219 0.143889 12 0.002855 0.332188 0.786389 0.053125 0.117222 6 0.002834 0.775313 0.477917 0.115625 0.151944 9 0.002693 0.690938 0.597778 0.060625 0.141111 3 0.002653 0.054551 0.241944 0.024102 0.031111 3 0.002571 0.985938 0.8625 0.028125 0.275 2 0.002424 0.515156 0.393056 0.036562 0.059444 3 0.002279 0.252422 0.928056 0.079219 0.143889 5 0.00214 0.985938 0.8625 0.028125 0.275 9 0.002058 0.982187 0.864444 0.035625 0.271111 3 0.001987 0.287422 0.75 0.058906 0.101111 0 0.001934 0.312656 0.869167 0.041563 0.127222 9 0.001934 0.985938 0.829722 0.028125 0.165 5 0.001824 0.690938 0.597778 0.060625 0.141111 9 0.001707 0.109414 0.723889 0.126172 0.15 3 0.001636 0.982187 0.864444 0.035625 0.271111 2 0.001611 0.725938 0.595278 0.038125 0.089444 0 0.001585 0.325313 0.666389 0.033125 0.106111 4 0.001432 0.690938 0.597778 0.060625 0.141111 12 0.001383 0.350781 0.856667 0.039062 0.095556 0 0.001289 0.365625 0.898611 0.041875 0.122778 9 0.001265 0.990313 0.811389 0.019375 0.322778 1 0.001255 0.3775 0.461806 0.028125 0.061389 10 0.001169 0.690938 0.597778 0.060625 0.141111 0 0.001129 0.329297 0.58 0.033906 0.096667 3 0.001065 0.99 0.910556 0.02 0.178889 10 0.001017 0.461406 0.397917 0.074062 0.104167 5 0.001 0.988437 0.828333 0.023125 0.173333
CCTV01^20260318-110000-20260318-120000_000801,2 0.96875 0.523594 0.873611 0.072812 0.198333 11 0.95752 0.725 0.769444 0.07375 0.173333 2 0.95459 0.75 0.923889 0.08875 0.152222 9 0.937988 0.266172 0.613056 0.151406 0.253889 9 0.934082 0.81875 0.773611 0.20375 0.410556 9 0.907227 0.42625 0.412361 0.11125 0.141389 2 0.905273 0.275156 0.8375 0.088438 0.180556 12 0.901367 0.335938 0.823611 0.04 0.106111 9 0.888672 0.088164 0.789167 0.175547 0.373889 2 0.865234 0.498125 0.437361 0.036875 0.050833 9 0.84375 0.172422 0.815 0.181406 0.37 2 0.824219 0.509844 0.403472 0.032188 0.049722 3 0.824219 0.690625 0.592222 0.06 0.126667 12 0.733887 0.657031 0.756944 0.035937 0.106111 2 0.392334 0.565469 0.468333 0.032188 0.073889 12 0.250977 0.332969 0.7525 0.036562 0.100556 12 0.250977 0.328672 0.924722 0.051406 0.123889 2 0.177856 0.565781 0.469444 0.032813 0.075556 2 0.083008 0.519688 0.377639 0.035625 0.040278 3 0.079224 0.328672 0.924722 0.051406 0.123889 12 0.064636 0.623125 0.791389 0.023125 0.077222 1 0.061188 0.275156 0.8375 0.088438 0.180556 0 0.043518 0.623125 0.791389 0.023125 0.077222 3 0.040253 0.690625 0.5925 0.06 0.128333 4 0.027695 0.328672 0.924722 0.051406 0.123889 12 0.021698 0.301797 0.68 0.036094 0.101111 3 0.02034 0.69375 0.511111 0.05875 0.091111 1 0.017639 0.328672 0.924722 0.051406 0.123889 9 0.017044 0.265781 0.611944 0.152188 0.253889 10 0.015961 0.42625 0.412361 0.11125 0.141389 0 0.014282 0.335938 0.823611 0.04 0.106111 2 0.012192 0.690625 0.592222 0.06 0.126667 1 0.009712 0.498125 0.437361 0.036875 0.050833 8 0.007549 0.725 0.769444 0.07375 0.173333 12 0.006771 0.321797 0.688611 0.031406 0.087222 2 0.006512 0.509531 0.403611 0.031563 0.049444 0 0.006462 0.328672 0.924722 0.051406 0.123889 4 0.006241 0.690625 0.592222 0.06 0.126667 7 0.005981 0.328672 0.924722 0.051406 0.123889 1 0.005821 0.75 0.923889 0.08875 0.152222 3 0.0051 0.275156 0.8375 0.088438 0.180556 3 0.004086 0.345469 0.4875 0.072813 0.076111 4 0.004055 0.82375 0.492917 0.03875 0.056389 9 0.004025 0.690625 0.592222 0.06 0.126667 3 0.003708 0.054375 0.242917 0.022656 0.029722 10 0.003443 0.172422 0.815 0.181406 0.37 0 0.003016 0.657031 0.756944 0.035937 0.106111 5 0.002779 0.690625 0.592222 0.06 0.126667 3 0.002684 0.615313 0.152778 0.009375 0.017222 4 0.002035 0.970938 0.623056 0.058125 0.132778 10 0.001995 0.088164 0.789167 0.175547 0.373889 0 0.001942 0.332969 0.7525 0.036562 0.100556 3 0.001597 0.523594 0.873611 0.072812 0.198333 10 0.001536 0.266172 0.613056 0.151406 0.253889 3 0.001455 0.340781 0.482639 0.070312 0.0725 10 0.001444 0.690625 0.592222 0.06 0.126667 2 0.001444 0.506406 0.410417 0.039062 0.055278 10 0.001255 0.92625 0.907222 0.1475 0.185556 12 0.001174 0.364531 0.538472 0.025313 0.0475 1 0.001169 0.523594 0.873611 0.072812 0.198333 8 0.001161 0.340781 0.482639 0.070312 0.0725 3 0.001008 0.498125 0.437361 0.036875 0.050833 10 0.001008 0.7675 0.395556 0.0775 0.138889
CCTV01^20260318-110000-20260318-120000_000805,2 0.972656 0.524063 0.873333 0.071875 0.2 11 0.958496 0.725313 0.771111 0.074375 0.172222 2 0.950684 0.750625 0.923889 0.0875 0.152222 9 0.94873 0.312188 0.549583 0.148125 0.210833 9 0.937988 0.81875 0.773611 0.20625 0.413889 9 0.932129 0.151016 0.655833 0.212031 0.299444 3 0.925293 0.69125 0.596389 0.06 0.140556 9 0.917969 0.217422 0.738333 0.187344 0.354444 2 0.913086 0.65375 0.538056 0.0475 0.082778 2 0.858887 0.461563 0.473333 0.055625 0.064444 1 0.756348 0.210234 0.917222 0.057344 0.13 0 0.700684 0.675313 0.688889 0.029375 0.095556 3 0.666992 0.494375 0.414306 0.06 0.075278 2 0.635254 0.744063 0.454722 0.049375 0.083333 2 0.53125 0.665312 0.470278 0.045625 0.082778 0 0.529297 0.672813 0.7625 0.028125 0.095 12 0.430176 0.312266 0.702778 0.052344 0.13 0 0.354004 0.660469 0.910556 0.042812 0.144444 3 0.27832 0.694063 0.507361 0.056875 0.103056 2 0.088806 0.565781 0.467778 0.031563 0.073889 12 0.049957 0.660469 0.910556 0.042812 0.144444 3 0.041931 0.644375 0.291944 0.02125 0.041111 2 0.03949 0.045283 0.784445 0.065684 0.131111 10 0.039337 0.502031 0.356111 0.089687 0.112222 0 0.039337 0.259141 0.878889 0.044219 0.113333 3 0.029083 0.312266 0.702778 0.052344 0.13 2 0.027176 0.967188 0.775278 0.064375 0.176111 12 0.018188 0.259141 0.878889 0.044219 0.113333 2 0.018127 0.494375 0.414306 0.06 0.075278 2 0.014732 0.69125 0.596389 0.06 0.140556 0 0.014389 0.672188 0.833333 0.035625 0.097778 3 0.007488 0.054434 0.242431 0.023242 0.030694 4 0.006462 0.910625 0.608056 0.04 0.075 3 0.006218 0.638594 0.24 0.016563 0.035 3 0.006027 0.319063 0.925556 0.07375 0.146667 12 0.005821 0.365156 0.583056 0.035937 0.080556 1 0.005241 0.750625 0.923889 0.0875 0.152222 8 0.005219 0.725313 0.771111 0.074375 0.172222 0 0.004398 0.644844 0.599722 0.027812 0.076111 3 0.004215 0.967188 0.775278 0.064375 0.176111 4 0.004116 0.967188 0.775278 0.064375 0.176111 10 0.003679 0.151016 0.655833 0.212031 0.299444 2 0.003456 0.210234 0.917222 0.057344 0.13 4 0.003389 0.312266 0.702778 0.052344 0.13 4 0.003136 0.69125 0.596389 0.06 0.140556 12 0.003052 0.672813 0.7625 0.028125 0.095 6 0.002878 0.823438 0.505972 0.111875 0.203611 7 0.002811 0.494375 0.414306 0.06 0.075278 9 0.0028 0.69125 0.596389 0.06 0.140556 0 0.002726 0.319063 0.925556 0.07375 0.146667 10 0.002663 0.097891 0.889444 0.191094 0.221111 3 0.002541 0.565781 0.467778 0.031563 0.073889 4 0.002378 0.494375 0.414306 0.06 0.075278 2 0.002234 0.006521 0.910278 0.012935 0.165 2 0.002157 0.694063 0.507361 0.056875 0.103056 3 0.001965 0.461563 0.473333 0.055625 0.064444 10 0.001831 0.217422 0.738333 0.187344 0.354444 1 0.001789 0.045283 0.784445 0.065684 0.131111 10 0.001554 0.81875 0.773611 0.20625 0.413889 3 0.001525 0.996563 0.885833 0.006875 0.175 12 0.001501 0.319063 0.925556 0.07375 0.146667 7 0.001432 0.910625 0.608056 0.04 0.075 0 0.001325 0.673125 0.821111 0.03 0.083333 1 0.00124 0.65375 0.538056 0.0475 0.082778 8 0.001143 0.319063 0.925556 0.07375 0.146667 10 0.001103 0.69125 0.596389 0.06 0.140556 3 0.001017 0.995 0.906389 0.01 0.151667
CCTV01^20260318-110000-20260318-120000_000809,2 0.958984 0.750313 0.924167 0.089375 0.151667 11 0.955078 0.725313 0.771389 0.074375 0.169444 1 0.954102 0.216094 0.891111 0.0525 0.126667 2 0.953125 0.523594 0.872778 0.072188 0.2 2 0.941406 0.617656 0.508056 0.059687 0.096111 9 0.937988 0.818438 0.7725 0.204375 0.410556 3 0.937012 0.691563 0.598889 0.059375 0.134444 2 0.917969 0.65625 0.547917 0.04625 0.079722 9 0.880859 0.233437 0.535833 0.1425 0.201667 9 0.855957 0.163984 0.799722 0.207656 0.382778 2 0.788086 0.733437 0.518611 0.040625 0.093889 1 0.660156 0.315078 0.773056 0.046719 0.115 3 0.62793 0.689063 0.513472 0.064375 0.094167 10 0.519531 0.033408 0.779444 0.066777 0.343333 10 0.490234 0.417969 0.485694 0.104688 0.193056 0 0.395996 0.653906 0.925556 0.038438 0.118889 3 0.375732 0.139844 0.669722 0.056875 0.090556 2 0.364746 0.315078 0.773056 0.046719 0.115 10 0.228149 0.354609 0.491528 0.107031 0.185833 0 0.19812 0.690625 0.878889 0.04 0.115556 2 0.115967 0.669688 0.486111 0.038125 0.06 2 0.074768 0.7125 0.437917 0.05 0.055278 2 0.068054 0.098438 0.761944 0.055937 0.087222 10 0.049957 0.163984 0.799722 0.207656 0.382778 3 0.045197 0.782813 0.476944 0.043125 0.091667 1 0.041626 0.028013 0.93 0.046006 0.096667 0 0.032471 0.313281 0.696667 0.035937 0.086667 0 0.024338 0.067559 0.917222 0.05707 0.128889 5 0.021454 0.139844 0.669722 0.056875 0.090556 9 0.020721 0.033408 0.779444 0.066777 0.343333 10 0.017105 0.233437 0.535833 0.1425 0.201667 9 0.016785 0.417969 0.485694 0.104688 0.193056 9 0.014732 0.354609 0.491528 0.107031 0.185833 5 0.013741 0.314922 0.415694 0.038906 0.059167 10 0.012726 0.444531 0.370139 0.105937 0.131944 2 0.01017 0.216094 0.891111 0.0525 0.126667 9 0.009933 0.139844 0.669722 0.056875 0.090556 2 0.009712 0.139844 0.669722 0.056875 0.090556 2 0.009483 0.08957 0.729445 0.062109 0.1 8 0.009453 0.265547 0.868333 0.054844 0.131111 8 0.007637 0.725313 0.771389 0.074375 0.169444 2 0.007404 0.689063 0.513472 0.064375 0.094167 10 0.006905 0.098203 0.595833 0.121406 0.218333 12 0.005386 0.265547 0.868333 0.054844 0.131111 12 0.005199 0.315078 0.773056 0.046719 0.115 1 0.00452 0.65375 0.941389 0.0325 0.081667 6 0.004265 0.033408 0.779444 0.066777 0.343333 2 0.0042 0.96875 0.775278 0.06125 0.177222 4 0.004101 0.96875 0.775278 0.06125 0.177222 3 0.00407 0.523594 0.872778 0.072188 0.2 3 0.003635 0.313281 0.696667 0.035937 0.086667 12 0.003635 0.313281 0.696667 0.035937 0.086667 3 0.003635 0.566094 0.464722 0.029063 0.069444 6 0.003622 0.925625 0.906389 0.14875 0.187222 0 0.003551 0.280703 0.694167 0.034219 0.093889 1 0.003389 0.750313 0.924167 0.089375 0.151667 2 0.003111 0.566094 0.464722 0.029063 0.069444 0 0.003016 0.322109 0.653333 0.029531 0.073333 1 0.002878 0.098438 0.761944 0.055937 0.087222 0 0.002823 0.235547 0.940556 0.055781 0.118889 1 0.002174 0.025674 0.953889 0.033184 0.061111 4 0.002058 0.782813 0.476944 0.043125 0.091667 11 0.00198 0.315078 0.773056 0.046719 0.115 3 0.001972 0.96875 0.775278 0.06125 0.177222 3 0.001972 0.715313 0.476528 0.040625 0.060278 1 0.001942 0.65625 0.547917 0.04625 0.079722 4 0.001675 0.689063 0.513472 0.064375 0.094167 3 0.001649 0.280703 0.694167 0.034219 0.093889 4 0.001543 0.691563 0.598889 0.059375 0.134444 4 0.001394 0.139844 0.669722 0.056875 0.090556 1 0.001378 0.653906 0.925556 0.038438 0.118889 1 0.001362 0.02916 0.946111 0.034648 0.061111 0 0.001356 0.098203 0.595833 0.121406 0.218333 9 0.001335 0.691563 0.598889 0.059375 0.134444 1 0.001216 0.523594 0.872778 0.072188 0.2 1 0.001179 0.08957 0.729445 0.062109 0.1 3 0.001151 0.314922 0.415694 0.038906 0.059167 2 0.001147 0.691563 0.598889 0.059375 0.134444 8 0.001099 0.315078 0.773056 0.046719 0.115 10 0.001073 0.818438 0.7725 0.204375 0.410556 0 0.001053 0.079258 0.597083 0.153359 0.2225 3 0.001037 0.991875 0.751389 0.01625 0.221667 1 0.00102 0.031084 0.956667 0.029395 0.047778
CCTV01^20260318-110000-20260318-120000_000954,7 0.943848 0.329609 0.803889 0.060156 0.138889 3 0.835449 0.695312 0.829444 0.053125 0.142222 11 0.832031 0.70375 0.648611 0.06625 0.183889 0 0.78125 0.987188 0.743611 0.025625 0.087222 2 0.740234 0.487031 0.432361 0.026563 0.050833 2 0.730957 0.250078 0.635556 0.035469 0.074444 0 0.694336 0.345781 0.569444 0.026563 0.067778 0 0.666992 0.315 0.636389 0.034375 0.073889 3 0.663574 0.658125 0.594444 0.03375 0.081111 0 0.637207 0.232578 0.689444 0.034531 0.087778 0 0.535156 0.38 0.535556 0.025 0.061111 0 0.525391 0.317266 0.475972 0.029219 0.0625 11 0.515625 0.278281 0.564861 0.081562 0.103611 3 0.496094 0.436563 0.475833 0.054375 0.052778 0 0.472656 0.275859 0.645278 0.031719 0.075 0 0.460938 0.405781 0.816667 0.039687 0.058889 11 0.458984 0.766562 0.522361 0.075625 0.114167 3 0.377441 0.350703 0.952222 0.092344 0.094444 3 0.341553 0.566563 0.465278 0.024375 0.063333 3 0.325928 0.740938 0.921945 0.076875 0.156111 0 0.32251 0.009172 0.751389 0.018218 0.103889 3 0.217285 0.506094 0.392778 0.031562 0.050556 1 0.196777 0.675938 0.972778 0.028125 0.05 0 0.181274 0.396875 0.414167 0.02 0.049444 11 0.180054 0.769375 0.523056 0.08 0.120556 3 0.175537 0.289062 0.751389 0.06125 0.101667 3 0.15918 0.827812 0.640556 0.040625 0.09 3 0.149048 0.961875 0.968056 0.07 0.062778 0 0.146118 0.213906 0.613889 0.030313 0.067778 3 0.143188 0.705938 0.504167 0.028125 0.062778 0 0.104492 0.242969 0.694444 0.054688 0.092222 3 0.100159 0.818125 0.549722 0.02875 0.058333 0 0.090759 0.32875 0.514722 0.015625 0.043889 11 0.087891 0.906875 0.741667 0.11625 0.212222 10 0.086609 0.829375 0.884167 0.09875 0.231667 3 0.081238 0.134609 0.946945 0.077969 0.096111 0 0.080933 0.244297 0.699167 0.051406 0.088333 6 0.078064 0.278281 0.564861 0.081562 0.103611 3 0.074219 0.243984 0.920556 0.072969 0.147778 8 0.070557 0.278281 0.564861 0.081562 0.103611 11 0.059875 0.77125 0.751111 0.0725 0.238889 0 0.050323 0.201719 0.64 0.023438 0.051111 1 0.041626 0.842188 0.568611 0.015625 0.051667 11 0.040985 0.772188 0.750278 0.071875 0.237222 0 0.039062 0.328438 0.519306 0.01625 0.043611 7 0.038757 0.061914 0.666389 0.074609 0.119444 0 0.038605 0.200391 0.648611 0.024219 0.051667 1 0.034363 0.406094 0.826667 0.035313 0.053333 1 0.029877 0.259688 0.7 0.025312 0.062222 11 0.024796 0.664062 0.475972 0.064375 0.154722 0 0.023148 0.254609 0.694722 0.035469 0.078333 3 0.02121 0.940938 0.642222 0.080625 0.098889 4 0.018829 0.16582 0.75 0.075859 0.135556 3 0.014229 0.362031 0.467917 0.033438 0.0575 9 0.013275 0.278281 0.564861 0.081562 0.103611 3 0.012238 0.16582 0.75 0.075859 0.135556 0 0.010612 0.007266 0.780833 0.014531 0.163889 0 0.009857 0.838125 0.577222 0.01875 0.056667 4 0.009781 0.061914 0.666389 0.074609 0.119444 0 0.009232 0.329844 0.516806 0.014063 0.041944 0 0.009193 0.324453 0.579167 0.020469 0.052778 3 0.008644 0.44625 0.474028 0.036875 0.041944 7 0.008614 0.334688 0.42625 0.03375 0.074167 2 0.007374 0.506094 0.392778 0.031562 0.050556 1 0.006798 0.405781 0.816667 0.039687 0.058889 3 0.00629 0.789062 0.56375 0.044375 0.065833 1 0.006073 0.254609 0.694722 0.035469 0.078333 3 0.0056 0.565469 0.480833 0.019688 0.050556 9 0.005489 0.906875 0.741667 0.11625 0.212222 2 0.005241 0.317266 0.475972 0.029219 0.0625 1 0.005241 0.260547 0.687222 0.024219 0.067778 3 0.005138 0.207656 0.8175 0.072812 0.129444 4 0.004452 0.861875 0.511389 0.02875 0.066111 0 0.00415 0.583594 0.454583 0.015312 0.0475 0 0.00415 0.875625 0.580278 0.02625 0.058333 0 0.004086 0.992188 0.761389 0.015625 0.086111 10 0.004055 0.482969 0.358333 0.082187 0.108889 0 0.00404 0.842188 0.568611 0.015625 0.051667 0 0.003469 0.2 0.643889 0.025 0.053333 3 0.003389 0.16793 0.648611 0.045703 0.067222 1 0.00326 0.32875 0.514722 0.015625 0.043889 0 0.003248 0.839063 0.571667 0.020625 0.06 7 0.003063 0.278281 0.564861 0.081562 0.103611 1 0.003004 0.328438 0.519306 0.01625 0.043611 4 0.003004 0.476875 0.9625 0.045 0.063889 1 0.002935 0.57375 0.484306 0.01625 0.044722 1 0.002846 0.583594 0.454583 0.015312 0.0475 0 0.002846 0.82375 0.575556 0.01625 0.043333 3 0.002602 0.35375 0.514444 0.031875 0.067778 0 0.002522 0.212891 0.628056 0.028594 0.060556 2 0.002493 0.627031 0.425694 0.019062 0.0475 1 0.002434 0.614688 0.418472 0.014375 0.035278 0 0.002405 0.359688 0.527361 0.023125 0.043056 0 0.002342 0.324922 0.568333 0.021406 0.057778 0 0.002314 0.376406 0.407639 0.018438 0.0475 2 0.002296 0.92 0.570556 0.03375 0.053333 9 0.002226 0.70375 0.648611 0.06625 0.183889 1 0.002209 0.324453 0.579167 0.020469 0.052778 10 0.00215 0.043457 0.882778 0.085586 0.234444 4 0.001972 0.329609 0.803889 0.060156 0.138889 3 0.001934 0.206875 0.807222 0.06625 0.115555 1 0.001883 0.245781 0.710833 0.04125 0.069444 8 0.001839 0.906875 0.741667 0.11625 0.212222 0 0.001818 0.476875 0.9625 0.045 0.063889 0 0.001818 0.880625 0.580833 0.02625 0.057222 0 0.00181 0.006055 0.720833 0.012109 0.138333 5 0.00172 0.940938 0.642222 0.080625 0.098889 0 0.001694 0.836875 0.590833 0.0175 0.050556 0 0.001574 0.380625 0.549583 0.02125 0.048611 1 0.001549 0.324922 0.568333 0.021406 0.057778 0 0.001501 0.278047 0.631111 0.032031 0.067778 9 0.001455 0.329609 0.803889 0.060156 0.138889 0 0.001416 0.330625 0.520139 0.015625 0.044167 0 0.001389 0.874688 0.595556 0.029375 0.063333 2 0.001346 0.292813 0.605556 0.034375 0.051111 4 0.0013 0.506094 0.392778 0.031562 0.050556 1 0.001285 0.329844 0.516806 0.014063 0.041944 0 0.00126 0.004639 0.665 0.009277 0.07 0 0.001255 0.003955 0.689167 0.00791 0.118333 9 0.001221 0.16582 0.75 0.075859 0.135556 3 0.001216 0.635781 0.469028 0.017188 0.043611 0 0.001143 0.745938 0.541945 0.029375 0.060556 3 0.001116 0.875625 0.580278 0.02625 0.058333 0 0.00109 0.875313 0.572222 0.023125 0.047778 0 0.001081 0.583438 0.445417 0.013125 0.036944 0 0.001078 0.005952 0.8 0.011904 0.155556 0 0.001065 0.895 0.579444 0.01625 0.046667 4 0.001053 0.477344 0.952778 0.046562 0.081111 1 0.001048 0.393438 0.816389 0.031875 0.075 3 0.00104 0.57375 0.484306 0.01625 0.044722 2 0.001037 0.82375 0.575556 0.01625 0.043333 0 0.001024 0.224141 0.673056 0.040469 0.073889 4 0.001017 0.350703 0.952222 0.092344 0.094444 0 0.001017 0.393438 0.816389 0.031875 0.075 1 0.001008 0.594688 0.4125 0.01375 0.031667
CCTV01^20260318-110000-20260318-120000_000966,3 0.881836 0.699688 0.841111 0.053125 0.141111 1 0.810547 0.890313 0.708889 0.025625 0.077778 1 0.794434 0.67125 0.95 0.0325 0.088889 2 0.746094 0.86875 0.760278 0.05125 0.100556 11 0.71875 0.709063 0.663056 0.071875 0.188333 11 0.700684 0.774688 0.793056 0.074375 0.257222 1 0.660156 0.156719 0.748333 0.026563 0.071111 3 0.640625 0.64875 0.609167 0.05375 0.100556 1 0.624512 0.856563 0.6925 0.024375 0.056111 3 0.598145 0.625 0.422361 0.02875 0.0525 2 0.594727 0.19 0.738056 0.04 0.087222 3 0.584961 0.743437 0.497222 0.044375 0.062222 0 0.525391 0.8725 0.6575 0.0325 0.073889 3 0.517578 0.47875 0.451806 0.043125 0.066389 3 0.494141 0.742813 0.566944 0.049375 0.068333 3 0.478516 0.84 0.932778 0.0575 0.123333 3 0.37207 0.757188 0.453472 0.031875 0.050278 11 0.334473 0.800313 0.574722 0.054375 0.130556 11 0.313965 0.709688 0.664167 0.071875 0.187222 3 0.307373 0.511563 0.391806 0.033125 0.063056 3 0.29248 0.716563 0.504167 0.034375 0.059444 10 0.282959 0.809375 0.455694 0.055 0.131944 2 0.204346 0.025015 0.788056 0.049658 0.133889 3 0.183594 0.737813 0.929444 0.074375 0.133333 2 0.149536 0.342187 0.605278 0.04 0.071667 10 0.140869 0.416875 0.42125 0.095625 0.148611 1 0.101257 0.156406 0.746945 0.0275 0.073889 4 0.093323 0.763438 0.41125 0.025625 0.043611 1 0.072388 0.633594 0.547222 0.015312 0.033333 3 0.069031 0.434688 0.494028 0.04 0.029167 3 0.062103 0.265 0.834167 0.06625 0.119444 3 0.047241 0.206094 0.97 0.071563 0.056667 3 0.043701 0.71625 0.431944 0.04125 0.07 3 0.041473 0.645156 0.504583 0.020937 0.0525 9 0.0354 0.800313 0.574722 0.054375 0.130556 1 0.03186 0.651563 0.400694 0.015625 0.033056 2 0.018616 0.190703 0.738056 0.039844 0.087222 3 0.015251 0.025015 0.788056 0.049658 0.133889 3 0.012238 0.204453 0.667778 0.072969 0.081111 3 0.009598 0.236016 0.731667 0.067031 0.132222 3 0.008743 0.635938 0.451389 0.020625 0.053333 3 0.008614 0.900937 0.580833 0.033125 0.051667 0 0.008217 0.856563 0.6925 0.024375 0.056111 3 0.007038 0.397969 0.549167 0.052813 0.078333 3 0.006191 0.100332 0.72 0.118242 0.162222 2 0.005867 0.8725 0.6575 0.0325 0.073889 0 0.005844 0.890313 0.708889 0.025625 0.077778 6 0.005707 0.800313 0.574722 0.054375 0.130556 2 0.005219 0.847188 0.547361 0.021875 0.0475 7 0.005001 0.84 0.932778 0.0575 0.123333 8 0.004772 0.800313 0.574722 0.054375 0.130556 1 0.0047 0.784063 0.49375 0.015625 0.0425 4 0.004646 0.47875 0.451806 0.043125 0.066389 3 0.004646 0.435469 0.500417 0.045937 0.040833 3 0.004166 0.098008 0.846667 0.090547 0.124444 1 0.004086 0.585938 0.41 0.015625 0.037222 1 0.00404 0.590781 0.409167 0.014688 0.038889 3 0.003721 0.304141 0.688056 0.056719 0.092778 1 0.00358 0.762187 0.541389 0.019375 0.051667 2 0.003511 0.645156 0.504583 0.020937 0.0525 9 0.003496 0.774688 0.793056 0.074375 0.257222 3 0.003443 0.800313 0.574722 0.054375 0.130556 3 0.003376 0.84875 0.818333 0.0775 0.131111 1 0.003172 0.148906 0.725278 0.035 0.086111 11 0.003124 0.680625 0.504167 0.06875 0.161667 1 0.003099 0.649375 0.401111 0.01875 0.038889 2 0.00297 0.850625 0.543472 0.02125 0.041944 0 0.002958 0.025015 0.788056 0.049658 0.133889 3 0.00289 0.682187 0.419861 0.031875 0.044167 1 0.00289 0.630469 0.545278 0.015938 0.037222 4 0.002714 0.025015 0.788056 0.049658 0.133889 4 0.002663 0.626094 0.385417 0.026563 0.049722 1 0.002602 0.519531 0.431111 0.015312 0.036667 5 0.002562 0.511563 0.391806 0.033125 0.063056 4 0.002512 0.760312 0.417222 0.025625 0.042222 0 0.002462 0.004197 0.660278 0.008394 0.081667 3 0.002453 0.74625 0.516389 0.04 0.061667 2 0.002415 0.845625 0.555556 0.015 0.036667 1 0.002306 0.150156 0.714722 0.025 0.072778 1 0.00227 0.16125 0.739444 0.02875 0.076667 3 0.001972 0.285156 0.473194 0.045937 0.055278 3 0.001957 0.635312 0.443056 0.020625 0.050556 1 0.001942 0.591563 0.406111 0.014375 0.039444 1 0.001824 0.672188 0.974722 0.025625 0.043889 0 0.001789 0.519531 0.431111 0.015312 0.036667 10 0.001768 0.315859 0.539861 0.156406 0.209167 1 0.001585 0.891562 0.725833 0.020625 0.052778 0 0.001579 0.19 0.738056 0.04 0.087222 0 0.001554 0.014531 0.682222 0.02375 0.07 1 0.001531 0.76125 0.534167 0.0175 0.047222 11 0.001461 0.682187 0.5 0.074375 0.155556 4 0.001367 0.862813 0.457639 0.036875 0.0825 3 0.001346 0.626094 0.385417 0.026563 0.049722 3 0.001346 0.094863 0.846389 0.102305 0.137222 3 0.001325 0.097109 0.843889 0.097969 0.132222 4 0.001216 0.635938 0.451389 0.020625 0.053333 4 0.001206 0.645156 0.504583 0.020937 0.0525 4 0.001192 0.682187 0.419861 0.031875 0.044167 1 0.001134 0.855938 0.680556 0.038125 0.065556 4 0.001121 0.800313 0.574722 0.054375 0.130556 3 0.001095 0.66625 0.445972 0.04875 0.066944 1 0.001095 0.858438 0.691111 0.020625 0.055556 2 0.001081 0.004812 0.646667 0.009556 0.092222 0 0.001057 0.784063 0.49375 0.015625 0.0425 3 0.001024 0.868125 0.586944 0.035 0.065
CCTV01^20260318-110000-20260318-120000_000970,3 0.879883 0.700938 0.853333 0.053125 0.141111 10 0.877441 0.82 0.515833 0.06125 0.163889 11 0.854004 0.779375 0.800833 0.08 0.268333 2 0.833496 0.902188 0.789722 0.063125 0.090556 4 0.818848 0.277891 0.541528 0.096094 0.110278 1 0.810547 0.845 0.789445 0.03 0.081111 1 0.791992 0.671875 0.950833 0.0325 0.089444 2 0.782715 0.87625 0.669722 0.04 0.088333 1 0.741699 0.601562 0.458056 0.016875 0.049444 3 0.733887 0.497031 0.449306 0.034688 0.053611 11 0.65332 0.711563 0.676111 0.068125 0.193333 3 0.638672 0.6525 0.616389 0.0525 0.107222 11 0.501953 0.77375 0.554444 0.05 0.114444 4 0.486328 0.761875 0.473611 0.02875 0.051111 1 0.486328 0.575625 0.52625 0.015 0.045278 3 0.466797 0.901563 0.886945 0.090625 0.152778 3 0.464844 0.738125 0.937222 0.06625 0.12 3 0.439697 0.625313 0.4225 0.030625 0.054444 11 0.414795 0.711563 0.676389 0.068125 0.193889 3 0.411133 0.780313 0.643611 0.050625 0.061667 3 0.397949 0.113984 0.961944 0.087969 0.070556 3 0.386719 0.271406 0.633333 0.039062 0.076667 3 0.373779 0.82625 0.6525 0.055 0.091667 3 0.352295 0.865625 0.968889 0.06 0.057778 3 0.325928 0.256563 0.821945 0.075 0.133889 10 0.279785 0.481875 0.385139 0.085 0.123611 11 0.269043 0.943438 0.678611 0.109375 0.159444 2 0.212036 0.5175 0.409167 0.02125 0.047222 4 0.196777 0.725938 0.523056 0.038125 0.088333 3 0.168823 0.725313 0.472917 0.036875 0.054167 1 0.149048 0.810312 0.968056 0.025625 0.058333 1 0.145142 0.604219 0.404444 0.014063 0.048889 3 0.121704 0.459844 0.473056 0.045313 0.053333 10 0.101257 0.030088 0.768889 0.059902 0.315556 3 0.095703 0.320078 0.655833 0.063594 0.106111 3 0.085083 0.780313 0.644722 0.049375 0.062778 3 0.076416 0.425781 0.474444 0.043437 0.054444 9 0.041626 0.943438 0.678611 0.109375 0.159444 10 0.039337 0.154063 0.732778 0.173438 0.332222 1 0.027481 0.600781 0.459028 0.019688 0.053611 6 0.027374 0.972812 0.893611 0.054375 0.212778 1 0.020645 0.581719 0.414583 0.016563 0.041389 1 0.019943 0.603281 0.41125 0.011563 0.043611 11 0.016922 0.682187 0.5075 0.069375 0.150556 1 0.013741 0.635312 0.557917 0.019375 0.0475 11 0.012146 0.973437 0.888611 0.053125 0.208333 3 0.0112 0.77375 0.554444 0.05 0.114444 8 0.010094 0.77375 0.554444 0.05 0.114444 3 0.01001 0.645 0.505694 0.02125 0.054722 11 0.009743 0.972812 0.893611 0.054375 0.212778 11 0.009193 0.972188 0.891944 0.055625 0.216111 2 0.009125 0.645 0.505694 0.02125 0.054722 9 0.007259 0.973437 0.888611 0.053125 0.208333 3 0.007175 0.635156 0.453889 0.020937 0.055556 7 0.007038 0.972188 0.891944 0.055625 0.216111 2 0.006958 0.992813 0.691389 0.014375 0.062778 0 0.006905 0.604219 0.404444 0.014063 0.048889 3 0.006824 0.725938 0.523056 0.038125 0.088333 9 0.006145 0.972188 0.891944 0.055625 0.216111 7 0.005867 0.761875 0.473611 0.02875 0.051111 1 0.005707 0.635 0.555278 0.0175 0.043889 7 0.005554 0.972812 0.893611 0.054375 0.212778 1 0.005302 0.603438 0.446806 0.014375 0.046389 6 0.005199 0.77375 0.554444 0.05 0.114444 2 0.004944 0.725938 0.523056 0.038125 0.088333 9 0.004944 0.972812 0.893611 0.054375 0.212778 0 0.004925 0.326406 0.541111 0.028437 0.053333 11 0.004539 0.725938 0.523056 0.038125 0.088333 4 0.004398 0.972812 0.893611 0.054375 0.212778 4 0.00423 0.972188 0.891944 0.055625 0.216111 10 0.0042 0.972812 0.893611 0.054375 0.212778 0 0.003796 0.601562 0.458056 0.016875 0.049444 9 0.003511 0.77375 0.554444 0.05 0.114444 1 0.003223 0.60125 0.463472 0.015 0.039722 11 0.002846 0.71125 0.676944 0.0675 0.191667 3 0.002811 0.277891 0.541528 0.096094 0.110278 0 0.00279 0.328594 0.539722 0.025313 0.048333 2 0.002726 0.994063 0.699167 0.011875 0.063889 2 0.002369 0.856875 0.552639 0.02125 0.056944 7 0.002306 0.725938 0.523056 0.038125 0.088333 0 0.00227 0.326641 0.535972 0.029219 0.046944 4 0.002157 0.901563 0.886945 0.090625 0.152778 0 0.00209 0.885312 0.581111 0.018125 0.042222 10 0.002068 0.711563 0.676111 0.068125 0.193333 2 0.001714 0.761875 0.473611 0.02875 0.051111 4 0.001655 0.225859 0.394722 0.028594 0.053889 7 0.001636 0.973437 0.888611 0.053125 0.208333 0 0.001616 0.785 0.458194 0.02 0.045833 11 0.001399 0.975313 0.890556 0.049375 0.218889 0 0.001346 0.845 0.789445 0.03 0.081111 2 0.001325 0.972812 0.893611 0.054375 0.212778 0 0.001325 0.635312 0.557917 0.019375 0.0475 7 0.001315 0.683438 0.499861 0.074375 0.159167 3 0.001289 0.761875 0.473611 0.02875 0.051111 10 0.001269 0.943438 0.678611 0.109375 0.159444 1 0.001245 0.599688 0.417083 0.015625 0.061944 7 0.001206 0.943438 0.678611 0.109375 0.159444 9 0.001151 0.82 0.515833 0.06125 0.163889 4 0.001112 0.973437 0.888611 0.053125 0.208333 7 0.00109 0.651563 0.396111 0.028125 0.052222 1 0.00109 0.578125 0.418472 0.0175 0.0425 4 0.001086 0.62625 0.388056 0.02875 0.055 12 0.001073 0.972812 0.893611 0.054375 0.212778 2 0.00102 0.636094 0.466528 0.017813 0.036944 3 0.001008 0.128438 0.962222 0.064375 0.067778
CCTV01^20260318-110000-20260318-120000_000974,3 0.878906 0.700938 0.851945 0.053125 0.142778 11 0.872559 0.77875 0.802778 0.0775 0.263333 1 0.84082 0.673125 0.953333 0.0325 0.086667 3 0.838867 0.659063 0.620556 0.040625 0.09 0 0.692871 0.051465 0.808056 0.055898 0.110556 3 0.656738 0.625 0.423333 0.029375 0.055 11 0.59082 0.712187 0.679444 0.070625 0.192222 3 0.558105 0.381094 0.576667 0.058438 0.073333 4 0.519531 0.872188 0.921945 0.070625 0.156111 11 0.515625 0.711875 0.681944 0.0675 0.191667 3 0.511719 0.743125 0.555417 0.04 0.081389 1 0.503906 0.955313 0.804167 0.031875 0.068333 0 0.420654 0.989375 0.808889 0.02125 0.091111 1 0.395996 0.64625 0.56375 0.02 0.058056 4 0.339844 0.783438 0.552361 0.039375 0.070833 3 0.309082 0.738438 0.937778 0.066875 0.117778 1 0.279785 0.625938 0.573889 0.025 0.068889 4 0.273682 0.459844 0.434306 0.054688 0.076389 3 0.258301 0.226875 0.805 0.084375 0.108889 3 0.242188 0.847813 0.799722 0.065625 0.131667 3 0.236572 0.321094 0.443333 0.046563 0.053333 0 0.2323 0.268594 0.469444 0.025312 0.056667 3 0.222656 0.96125 0.918333 0.075 0.163333 0 0.209473 0.99 0.805278 0.02 0.086111 3 0.177856 0.976875 0.691389 0.04625 0.093889 5 0.158203 0.500781 0.399444 0.035313 0.058889 0 0.151978 0.007427 0.8425 0.014834 0.098333 1 0.150024 0.007427 0.8425 0.014834 0.098333 1 0.119995 0.626094 0.573056 0.024687 0.067222 3 0.11676 0.17457 0.972778 0.078047 0.052222 10 0.11438 0.821875 0.4775 0.06875 0.186111 1 0.111633 0.95875 0.751944 0.025 0.052778 3 0.104858 0.795625 0.618889 0.0525 0.07 2 0.09137 0.007427 0.8425 0.014834 0.098333 3 0.090393 0.648125 0.515278 0.02375 0.058333 4 0.082703 0.636563 0.452083 0.021875 0.059167 10 0.078613 0.8225 0.47625 0.06625 0.183056 4 0.073669 0.791563 0.653889 0.071875 0.123333 1 0.065613 0.958125 0.748333 0.025 0.057778 3 0.055603 0.500781 0.399444 0.035313 0.058889 1 0.052032 0.02313 0.770556 0.032725 0.066667 1 0.051666 0.958438 0.750833 0.021875 0.049444 3 0.047089 0.960625 0.916389 0.0775 0.166111 1 0.041779 0.651563 0.557361 0.019375 0.051944 10 0.036896 0.886875 0.650556 0.11625 0.25 5 0.035278 0.96125 0.918333 0.075 0.163333 3 0.035278 0.738125 0.937222 0.065 0.118889 1 0.035156 0.647031 0.545139 0.022188 0.076389 3 0.033722 0.143477 0.700833 0.079297 0.111667 3 0.031143 0.783438 0.552361 0.039375 0.070833 3 0.021042 0.300391 0.686944 0.068594 0.100556 3 0.018616 0.636563 0.452083 0.021875 0.059167 10 0.01738 0.960625 0.918056 0.0775 0.163889 9 0.015427 0.872188 0.921945 0.070625 0.156111 4 0.014008 0.625781 0.384444 0.025938 0.05 3 0.012573 0.247422 0.896945 0.076719 0.139444 1 0.012383 0.652812 0.544583 0.020625 0.061944 3 0.012009 0.680625 0.487639 0.06375 0.094167 7 0.011734 0.872188 0.921945 0.070625 0.156111 1 0.011734 0.644844 0.5725 0.017812 0.050556 3 0.011551 0.131875 0.852222 0.080312 0.128889 0 0.011246 0.952188 0.698056 0.026875 0.066111 2 0.01107 0.648125 0.515278 0.02375 0.058333 5 0.009781 0.960625 0.918056 0.0775 0.163889 1 0.008949 0.625156 0.586667 0.020313 0.048889 10 0.008713 0.029336 0.636667 0.058047 0.261111 3 0.008377 0.795625 0.608333 0.045 0.055556 0 0.008377 0.029883 0.711944 0.042969 0.098333 2 0.008255 0.00635 0.811944 0.012261 0.132778 3 0.008095 0.791563 0.653889 0.071875 0.123333 9 0.008034 0.96125 0.918333 0.075 0.163333 2 0.007843 0.9525 0.604445 0.04375 0.073333 0 0.007488 0.037021 0.774445 0.065957 0.094444 0 0.007038 0.992813 0.838889 0.014375 0.106667 11 0.006538 0.680625 0.487639 0.06375 0.094167 2 0.006462 0.222656 0.487083 0.044375 0.061389 3 0.006439 0.36125 0.390833 0.0375 0.047222 0 0.006145 0.989688 0.821111 0.020625 0.092222 0 0.005707 0.345625 0.50625 0.02125 0.055278 1 0.005688 0.629375 0.571667 0.025 0.063333 0 0.005512 0.034727 0.762778 0.057578 0.084445 7 0.00526 0.783438 0.552361 0.039375 0.070833 2 0.00526 0.36125 0.390833 0.0375 0.047222 0 0.0051 0.950313 0.700556 0.030625 0.074444 1 0.004738 0.023291 0.761667 0.032637 0.057778 2 0.004681 0.791563 0.653889 0.071875 0.123333 5 0.004627 0.976875 0.691389 0.04625 0.093889 1 0.004417 0.021255 0.7725 0.032451 0.069444 0 0.004364 0.012886 0.841389 0.025283 0.101667 0 0.0042 0.988125 0.809445 0.02375 0.091111 11 0.004101 0.872188 0.921945 0.070625 0.156111 10 0.003664 0.82125 0.476111 0.0675 0.184444 1 0.003511 0.00635 0.811944 0.012261 0.132778 11 0.003443 0.687813 0.525556 0.076875 0.121111 0 0.003429 0.041797 0.7925 0.066328 0.107222 1 0.003273 0.663438 0.555139 0.019375 0.051944 10 0.003273 0.437656 0.394167 0.105938 0.130556 3 0.003235 0.7725 0.444306 0.0275 0.065278 1 0.00316 0.004905 0.860278 0.00978 0.096111 1 0.003052 0.806875 0.981389 0.02375 0.033889 1 0.003016 0.023833 0.785278 0.029717 0.065 0 0.002823 0.053828 0.791667 0.051875 0.106667 1 0.002779 0.635156 0.558611 0.024687 0.073889 0 0.002747 0.955313 0.804167 0.031875 0.068333 9 0.002726 0.960625 0.918056 0.0775 0.163889 0 0.002672 0.992188 0.795278 0.015625 0.081667 1 0.002632 0.592031 0.567222 0.014063 0.04 2 0.002621 0.996563 0.644444 0.006875 0.081111 0 0.002562 0.047412 0.785556 0.062441 0.113333 4 0.002398 0.96125 0.918333 0.075 0.163333 0 0.002314 0.056182 0.800556 0.047402 0.106667 0 0.002279 0.996563 0.644444 0.006875 0.081111 0 0.002192 0.00635 0.811944 0.012261 0.132778 10 0.002115 0.723125 0.425833 0.08375 0.163889 3 0.002115 0.99625 0.663056 0.0075 0.102778 0 0.002028 0.996563 0.730556 0.006875 0.068889 10 0.002003 0.712187 0.679444 0.070625 0.192222 0 0.001934 0.64625 0.56375 0.02 0.058056 5 0.001897 0.36125 0.390833 0.0375 0.047222 1 0.001883 0.9575 0.802778 0.03 0.065556 10 0.001883 0.723437 0.424722 0.081875 0.162222 9 0.001853 0.143477 0.700833 0.079297 0.111667 9 0.001831 0.783438 0.552361 0.039375 0.070833 2 0.001761 0.665 0.545278 0.0225 0.061667 0 0.001761 0.95 0.697778 0.03 0.071111 0 0.001687 0.032861 0.739167 0.04334 0.066111 1 0.001661 0.609688 0.565278 0.0425 0.069444 2 0.001649 0.992813 0.838889 0.014375 0.106667 2 0.001636 0.012886 0.841389 0.025283 0.101667 6 0.001629 0.960625 0.918056 0.0775 0.163889 2 0.001574 0.321094 0.443333 0.046563 0.053333 10 0.00149 0.641563 0.341111 0.043125 0.11 0 0.00149 0.89625 0.566111 0.02125 0.04 0 0.001467 0.791563 0.653889 0.071875 0.123333 0 0.00145 0.02313 0.770556 0.032725 0.066667 1 0.001389 0.872188 0.921945 0.070625 0.156111 3 0.001383 0.00635 0.811944 0.012261 0.132778 4 0.001367 0.960625 0.918056 0.0775 0.163889 2 0.001335 0.996563 0.730556 0.006875 0.068889 3 0.001305 0.872188 0.921945 0.070625 0.156111 3 0.001274 0.996563 0.644444 0.006875 0.081111 0 0.001265 0.987813 0.819444 0.024375 0.09 0 0.001245 0.625938 0.573889 0.025 0.068889 0 0.001225 0.996875 0.625 0.00625 0.085556 0 0.001216 0.652812 0.544583 0.020625 0.061944 1 0.001197 0.809062 0.981111 0.023125 0.033333 0 0.001188 0.9775 0.807222 0.045 0.097778 0 0.001121 0.996875 0.764722 0.00625 0.128333 0 0.00109 0.651563 0.557361 0.019375 0.051944 2 0.001081 0.99625 0.663056 0.0075 0.102778 1 0.001069 0.625156 0.56125 0.037187 0.070833 5 0.001053 0.872188 0.921945 0.070625 0.156111 1 0.001044 0.791563 0.653889 0.071875 0.123333 0 0.001008 0.665 0.545278 0.0225 0.061667 2 0.001004 0.996875 0.625 0.00625 0.085556
CCTV01^20260318-110000-20260318-120000_000978,3 0.875 0.701563 0.855 0.051875 0.142222 11 0.870605 0.779375 0.807778 0.08 0.265556 0 0.84082 0.109687 0.725278 0.04625 0.086111 1 0.810547 0.674063 0.957222 0.033125 0.081111 3 0.806641 0.658906 0.620833 0.040938 0.088333 2 0.79834 0.220781 0.584444 0.0375 0.077778 1 0.70752 0.625938 0.574444 0.025 0.066667 11 0.647949 0.711875 0.679722 0.06875 0.193889 3 0.625977 0.300156 0.487361 0.040313 0.055278 3 0.613281 0.631719 0.43875 0.031562 0.054722 1 0.569824 0.646719 0.560556 0.022813 0.06 0 0.541016 0.163984 0.655556 0.044531 0.083333 1 0.511719 0.67125 0.898333 0.035 0.08 11 0.476562 0.711875 0.678333 0.07125 0.195556 4 0.474609 0.82875 0.719722 0.0425 0.090556 3 0.445557 0.738438 0.937778 0.064375 0.117778 0 0.430176 0.186875 0.58 0.03125 0.071111 3 0.379395 0.796875 0.620556 0.04875 0.082222 1 0.276611 0.273594 0.525972 0.029687 0.054722 0 0.269043 0.255625 0.5125 0.031562 0.058333 3 0.191895 0.493906 0.434722 0.030313 0.051111 2 0.188354 0.986563 0.701111 0.026875 0.085556 3 0.174438 0.468594 0.468472 0.043438 0.049722 2 0.15979 0.667813 0.556111 0.031875 0.061111 4 0.149048 0.869687 0.921667 0.069375 0.154444 0 0.148071 0.273594 0.525972 0.029687 0.054722 3 0.133911 0.82875 0.719722 0.0425 0.090556 2 0.125977 0.669063 0.554861 0.030625 0.058056 4 0.10968 0.670938 0.430139 0.038125 0.063056 3 0.105957 0.364375 0.47625 0.035 0.054167 3 0.10376 0.240625 0.859167 0.07875 0.168333 9 0.080383 0.869687 0.921667 0.069375 0.154444 3 0.048126 0.344453 0.600278 0.058594 0.086111 3 0.040375 0.877813 0.836111 0.081875 0.128889 0 0.039062 0.229687 0.506389 0.030312 0.057222 3 0.035156 0.50625 0.396806 0.03625 0.045278 3 0.028442 0.316953 0.574861 0.066094 0.091389 11 0.025467 0.869687 0.921667 0.069375 0.154444 1 0.024231 0.995 0.936389 0.01 0.106111 4 0.020172 0.240625 0.859167 0.07875 0.168333 11 0.02002 0.709375 0.526945 0.08625 0.098333 2 0.019943 0.995 0.936389 0.01 0.106111 3 0.019058 0.618906 0.392361 0.032187 0.048056 9 0.018906 0.240625 0.859167 0.07875 0.168333 10 0.018829 0.76375 0.481944 0.105 0.178333 7 0.017303 0.869687 0.921667 0.069375 0.154444 5 0.016724 0.240625 0.859167 0.07875 0.168333 2 0.0159 0.997188 0.788333 0.005625 0.084444 3 0.015129 0.283828 0.729722 0.061406 0.097222 2 0.014671 0.993438 0.715556 0.013125 0.074444 3 0.013687 0.14418 0.897778 0.095703 0.156667 3 0.012428 0.399688 0.522778 0.053125 0.058889 1 0.011292 0.614375 0.415139 0.018125 0.041389 6 0.0112 0.709375 0.526945 0.08625 0.098333 1 0.010948 0.672188 0.887778 0.043125 0.11 0 0.010246 0.67125 0.898333 0.035 0.08 2 0.01001 0.997812 0.7725 0.004375 0.108333 1 0.009933 0.994687 0.945833 0.010625 0.100556 2 0.009895 0.332734 0.430417 0.033906 0.060278 3 0.009781 0.14625 0.895 0.089375 0.146667 2 0.008316 0.994687 0.945833 0.010625 0.100556 1 0.007694 0.997188 0.788333 0.005625 0.084444 0 0.007347 0.997188 0.788333 0.005625 0.084444 1 0.006718 0.602969 0.41 0.020937 0.046111 2 0.006489 0.995 0.726667 0.01 0.064444 1 0.005688 0.625469 0.586111 0.020937 0.05 7 0.005219 0.670938 0.430139 0.038125 0.063056 1 0.004925 0.664688 0.906389 0.031875 0.078333 0 0.004887 0.995 0.936389 0.01 0.106111 1 0.004887 0.631406 0.570556 0.025937 0.062222 3 0.004868 0.164727 0.725833 0.070859 0.095 1 0.004757 0.675625 0.884445 0.0325 0.095556 4 0.004681 0.332734 0.430417 0.033906 0.060278 2 0.004593 0.66875 0.555278 0.03125 0.060556 2 0.004574 0.670938 0.430139 0.038125 0.063056 1 0.00452 0.669063 0.894444 0.056875 0.1 7 0.004433 0.332734 0.430417 0.033906 0.060278 3 0.00425 0.332734 0.430417 0.033906 0.060278 0 0.00423 0.251563 0.452917 0.02875 0.054722 2 0.004086 0.990625 0.938056 0.01875 0.101667 1 0.00404 0.598437 0.41 0.01625 0.046667 8 0.00375 0.869687 0.921667 0.069375 0.154444 1 0.003693 0.626875 0.564444 0.021875 0.055556 2 0.003635 0.995313 0.925833 0.009375 0.115 3 0.00358 0.709375 0.526945 0.08625 0.098333 1 0.003416 0.990625 0.938056 0.01875 0.101667 0 0.00316 0.625938 0.574444 0.025 0.066667 2 0.003147 0.997188 0.798889 0.005625 0.1 0 0.003111 0.202656 0.544444 0.025937 0.057778 12 0.002981 0.869687 0.921667 0.069375 0.154444 1 0.002947 0.995313 0.925833 0.009375 0.115 1 0.002855 0.990625 0.927778 0.01875 0.106667 0 0.002693 0.646719 0.560556 0.022813 0.06 0 0.002632 0.997812 0.7725 0.004375 0.108333 3 0.002531 0.399062 0.520972 0.050625 0.056944 2 0.002453 0.650313 0.469444 0.020625 0.043889 2 0.002378 0.093633 0.58 0.027109 0.048889 0 0.002369 0.201406 0.536944 0.02625 0.045 0 0.00227 0.154531 0.599722 0.045625 0.080556 3 0.002253 0.059258 0.904444 0.099609 0.152222 3 0.002182 0.995 0.936389 0.01 0.106111 2 0.002174 0.990625 0.927778 0.01875 0.106667 10 0.002132 0.711875 0.678333 0.07125 0.195556 10 0.001972 0.655625 0.364167 0.0625 0.116111 10 0.001972 0.914375 0.674722 0.14625 0.321667 6 0.001965 0.240625 0.859167 0.07875 0.168333 1 0.001919 0.65125 0.559028 0.02125 0.055278 1 0.001831 0.997812 0.7725 0.004375 0.108333 3 0.001824 0.990625 0.938056 0.01875 0.101667 11 0.001761 0.670938 0.430139 0.038125 0.063056 3 0.001741 0.144688 0.893889 0.094375 0.161111 1 0.001707 0.679375 0.896945 0.02375 0.070556 3 0.001687 0.997188 0.788333 0.005625 0.084444 1 0.001687 0.997188 0.798889 0.005625 0.1 3 0.001681 0.990625 0.927778 0.01875 0.106667 2 0.001661 0.368906 0.429167 0.029063 0.048333 12 0.001616 0.670938 0.430139 0.038125 0.063056 0 0.001616 0.995313 0.925833 0.009375 0.115 3 0.001561 0.997188 0.798889 0.005625 0.1 0 0.001531 0.997188 0.798889 0.005625 0.1 2 0.001531 0.586875 0.908611 0.04625 0.082778 1 0.001484 0.255625 0.5125 0.031562 0.058333 3 0.001484 0.670938 0.430139 0.038125 0.063056 0 0.001455 0.994687 0.945833 0.010625 0.100556 3 0.001432 0.205859 0.7425 0.072969 0.111667 0 0.001389 0.164141 0.584722 0.032656 0.063889 0 0.001356 0.602969 0.41 0.020937 0.046111 3 0.00133 0.586875 0.908611 0.04625 0.082778 1 0.00132 0.990938 0.9475 0.018125 0.098333 3 0.001294 0.997812 0.7725 0.004375 0.108333 1 0.001294 0.672813 0.913611 0.030625 0.067222 1 0.001274 0.654375 0.531111 0.01625 0.038889 1 0.001274 0.640625 0.561667 0.03375 0.066667 1 0.001265 0.869687 0.921667 0.069375 0.154444 0 0.001225 0.198516 0.539167 0.032969 0.055 1 0.001165 0.648594 0.538889 0.021562 0.052222 2 0.001124 0.649219 0.46875 0.021562 0.043056 2 0.001116 0.368281 0.432222 0.027813 0.050556 1 0.001081 0.678438 0.940278 0.029375 0.073889 2 0.001073 0.995313 0.952222 0.009375 0.095556 0 0.001069 0.828125 0.603889 0.02375 0.06
CCTV01^20260318-110000-20260318-120000_000982,10 0.901367 0.945938 0.811111 0.106875 0.373333 11 0.884277 0.778438 0.808056 0.079375 0.266111 3 0.871582 0.701563 0.853889 0.051875 0.143333 3 0.841797 0.624063 0.432222 0.029375 0.059444 3 0.819824 0.658906 0.619444 0.042188 0.09 1 0.795898 0.673438 0.954444 0.034375 0.084445 2 0.786621 0.159766 0.688333 0.049219 0.093333 3 0.728027 0.625625 0.5075 0.03625 0.061667 3 0.637207 0.66125 0.495833 0.04125 0.057222 2 0.605957 0.65875 0.546667 0.03125 0.061111 4 0.581543 0.684375 0.454028 0.035 0.068056 3 0.567871 0.425625 0.419306 0.04 0.045833 4 0.546875 0.843125 0.841667 0.055 0.132222 11 0.544922 0.712188 0.678611 0.071875 0.192778 4 0.533203 0.8725 0.918611 0.06875 0.161667 1 0.480469 0.220313 0.644722 0.03125 0.091667 11 0.476562 0.712187 0.679722 0.069375 0.189444 1 0.466797 0.596563 0.424861 0.015625 0.046389 3 0.460938 0.738125 0.938056 0.06625 0.117222 3 0.437744 0.428281 0.482222 0.040938 0.036111 1 0.413086 0.62625 0.575556 0.025625 0.066667 3 0.399902 0.469531 0.483056 0.042812 0.032222 3 0.392334 0.427656 0.483472 0.040312 0.038056 3 0.295898 0.298516 0.495694 0.050469 0.070833 3 0.256836 0.503438 0.420278 0.03125 0.050556 3 0.252441 0.083008 0.947222 0.088359 0.103333 3 0.218628 0.481719 0.4525 0.037188 0.042222 3 0.210815 0.704063 0.495 0.033125 0.04 1 0.180054 0.665625 0.896111 0.03125 0.085556 3 0.176636 0.373906 0.50875 0.049687 0.066944 1 0.07135 0.665938 0.913333 0.029375 0.063333 3 0.05835 0.480625 0.449861 0.036875 0.043056 4 0.054993 0.018345 0.837778 0.036162 0.138889 3 0.051849 0.374531 0.584167 0.051563 0.049444 1 0.041931 0.402031 0.8875 0.024688 0.079444 3 0.041779 0.283516 0.758889 0.064531 0.141111 1 0.034241 0.643906 0.572778 0.019687 0.054444 3 0.029205 0.470781 0.480417 0.042188 0.034722 3 0.024338 0.684375 0.454028 0.035 0.068056 3 0.022293 0.72375 0.454861 0.03 0.055278 1 0.021286 0.673438 0.920556 0.021875 0.048889 3 0.02002 0.153789 0.781667 0.082422 0.111111 3 0.018478 0.240078 0.930556 0.074219 0.132222 1 0.018265 0.647656 0.560556 0.025938 0.061111 10 0.018051 0.663281 0.384861 0.064687 0.131944 1 0.017914 0.630938 0.571389 0.031875 0.066111 3 0.013329 0.054902 0.242083 0.023086 0.031389 3 0.009598 0.437969 0.484444 0.029063 0.025 0 0.00956 0.596563 0.424861 0.015625 0.046389 0 0.009338 0.630938 0.571389 0.031875 0.066111 3 0.009125 0.018345 0.837778 0.036162 0.138889 3 0.009018 0.173359 0.903611 0.081094 0.142778 0 0.008446 0.665625 0.896111 0.03125 0.085556 3 0.007935 0.87875 0.589445 0.03375 0.062222 3 0.006824 0.330156 0.561667 0.064062 0.058889 3 0.006413 0.321172 0.653611 0.064531 0.107222 1 0.006004 0.625 0.570556 0.03125 0.067778 1 0.005619 0.399375 0.455556 0.014375 0.047222 3 0.005322 0.23125 0.74 0.066562 0.112222 2 0.00481 0.268672 0.439722 0.025156 0.050556 2 0.004738 0.018345 0.837778 0.036162 0.138889 3 0.0047 0.482656 0.450417 0.035937 0.041944 6 0.004593 0.283516 0.758889 0.064531 0.141111 3 0.004555 0.281406 0.570556 0.053437 0.055556 3 0.003914 0.472969 0.478611 0.041563 0.034444 3 0.00387 0.754375 0.403056 0.03125 0.047222 1 0.00378 0.219922 0.642222 0.029219 0.085556 5 0.003635 0.611094 0.369861 0.028438 0.065278 3 0.003511 0.282813 0.6325 0.06375 0.097222 3 0.003416 0.843125 0.841667 0.055 0.132222 5 0.003311 0.4875 0.394306 0.04 0.0575 0 0.003197 0.01812 0.763333 0.035479 0.074444 3 0.00304 0.624219 0.431944 0.029687 0.059444 0 0.003027 0.268672 0.439722 0.025156 0.050556 1 0.003027 0.627344 0.548472 0.027812 0.069722 3 0.002913 0.408906 0.522083 0.030938 0.044722 7 0.002855 0.843125 0.841667 0.055 0.132222 0 0.002581 0.018345 0.837778 0.036162 0.138889 3 0.002453 0.473906 0.457083 0.032813 0.035278 9 0.002314 0.283516 0.758889 0.064531 0.141111 3 0.002003 0.695312 0.575556 0.043125 0.044444 3 0.001897 0.48 0.454028 0.04 0.0425 0 0.001782 0.62625 0.575556 0.025625 0.066667 1 0.001741 0.660937 0.910833 0.026875 0.072778 3 0.001707 0.7575 0.587083 0.08125 0.116944 3 0.001655 0.876875 0.6625 0.05125 0.097222 10 0.001616 0.712188 0.678611 0.071875 0.192778 3 0.001574 0.4875 0.45125 0.02625 0.039167 1 0.001549 0.8725 0.918611 0.06875 0.161667 2 0.001525 0.684375 0.454028 0.035 0.068056 1 0.001478 0.570469 0.432361 0.012187 0.039167 1 0.00141 0.669063 0.891944 0.026875 0.083889 7 0.001383 0.8725 0.918611 0.06875 0.161667 3 0.001216 0.337422 0.563889 0.047031 0.058889 1 0.001197 0.596719 0.414028 0.012812 0.039722 9 0.001147 0.658906 0.619444 0.042188 0.09 1 0.001143 0.663125 0.929167 0.0375 0.077222 12 0.00106 0.684375 0.454028 0.035 0.068056 7 0.00106 0.314375 0.640278 0.07375 0.127222
CCTV01^20260318-110000-20260318-120000_000986,10 0.888672 0.945312 0.809167 0.108125 0.377222 11 0.88623 0.783125 0.831944 0.0825 0.271667 3 0.852051 0.70375 0.870278 0.0525 0.149445 1 0.830078 0.677813 0.967222 0.033125 0.06 3 0.763672 0.660781 0.6225 0.045937 0.093889 3 0.651367 0.665 0.505833 0.0425 0.056667 1 0.618652 0.622656 0.563472 0.025313 0.070833 3 0.584961 0.629063 0.512083 0.039375 0.059167 11 0.583008 0.723437 0.691667 0.076875 0.196667 3 0.57373 0.639688 0.460278 0.038125 0.055556 1 0.558105 0.674063 0.916667 0.033125 0.081111 2 0.548828 0.6625 0.555278 0.0325 0.055 4 0.449463 0.871875 0.918333 0.06625 0.161111 3 0.437744 0.736563 0.952778 0.061875 0.09 3 0.300781 0.2675 0.5825 0.049688 0.072778 3 0.297363 0.70875 0.505278 0.0325 0.040556 4 0.182373 0.843125 0.847222 0.05125 0.118889 4 0.180054 0.685625 0.456389 0.03625 0.068889 1 0.131226 0.61 0.442222 0.016875 0.041111 3 0.056244 0.505156 0.434722 0.032813 0.048333 3 0.046021 0.379844 0.461528 0.040313 0.051944 1 0.039337 0.594531 0.435833 0.012813 0.041111 1 0.0354 0.612813 0.442917 0.01875 0.040833 3 0.034882 0.46375 0.452083 0.03875 0.061389 3 0.034882 0.402812 0.481389 0.05375 0.071667 3 0.033722 0.211406 0.680833 0.067813 0.077222 0 0.03067 0.622656 0.563472 0.025313 0.070833 11 0.028656 0.193203 0.851111 0.073281 0.13 1 0.028107 0.612969 0.446806 0.018438 0.038611 3 0.028015 0.333359 0.51875 0.058281 0.073611 3 0.02298 0.685625 0.456389 0.03625 0.068889 1 0.02002 0.624063 0.5825 0.019375 0.047222 0 0.019424 0.885625 0.666389 0.0325 0.069444 9 0.016922 0.193203 0.851111 0.073281 0.13 3 0.015778 0.297891 0.624167 0.051719 0.070556 3 0.014114 0.251875 0.709167 0.063125 0.088333 11 0.012291 0.245625 0.931389 0.081875 0.132778 3 0.011871 0.418906 0.419722 0.034688 0.041111 3 0.011505 0.097422 0.855278 0.089375 0.109444 3 0.01107 0.07957 0.955556 0.099609 0.086667 3 0.009819 0.463906 0.399583 0.037812 0.046389 9 0.007519 0.245625 0.931389 0.081875 0.132778 3 0.007122 0.699063 0.591667 0.043125 0.063333 3 0.007065 0.245625 0.931389 0.081875 0.132778 1 0.006985 0.647344 0.574444 0.015313 0.042222 0 0.006413 0.612813 0.442917 0.01875 0.040833 2 0.006168 0.885625 0.666389 0.0325 0.069444 3 0.004829 0.492813 0.410278 0.029375 0.038333 3 0.004608 0.8775 0.582778 0.0425 0.062222 3 0.004539 0.355156 0.545417 0.047188 0.060278 4 0.004486 0.245625 0.931389 0.081875 0.132778 10 0.003679 0.035684 0.855 0.070664 0.286667 1 0.00358 0.61 0.445417 0.018125 0.040278 0 0.003443 0.612969 0.446806 0.018438 0.038611 3 0.003403 0.393906 0.553333 0.051562 0.076667 3 0.00326 0.485781 0.416667 0.025938 0.038889 3 0.002935 0.331641 0.640833 0.061719 0.108333 3 0.002913 0.725313 0.460278 0.030625 0.055 2 0.002768 0.685625 0.456389 0.03625 0.068889 3 0.002493 0.268516 0.813611 0.064219 0.115 11 0.002415 0.720938 0.689444 0.074375 0.192222 5 0.002243 0.245625 0.931389 0.081875 0.132778 1 0.002243 0.651406 0.560833 0.024688 0.056111 1 0.002115 0.5725 0.471111 0.010625 0.044444 0 0.002075 0.674063 0.916667 0.033125 0.081111 6 0.001904 0.245625 0.931389 0.081875 0.132778 3 0.001883 0.35875 0.540278 0.0425 0.052778 3 0.00181 0.771563 0.609167 0.105625 0.140556 9 0.001289 0.660781 0.6225 0.045937 0.093889 2 0.001255 0.690313 0.551389 0.030625 0.055 1 0.001188 0.6625 0.555278 0.0325 0.055 1 0.001124 0.582812 0.434444 0.014375 0.041111 0 0.001099 0.994687 0.616111 0.010625 0.065556 1 0.001057 0.593594 0.446389 0.016563 0.045 0 0.001024 0.205781 0.634167 0.048125 0.091667
CCTV01^20260318-110000-20260318-120000_000990,11 0.897461 0.783438 0.833333 0.081875 0.271111 1 0.888672 0.069209 0.910278 0.062207 0.095 10 0.884766 0.948125 0.816111 0.1025 0.36 3 0.862305 0.706563 0.886944 0.055625 0.151667 1 0.779785 0.677188 0.965278 0.031875 0.062778 3 0.672363 0.660937 0.623611 0.048125 0.096111 2 0.672363 0.267891 0.910833 0.049844 0.128333 1 0.658203 0.658125 0.8625 0.03125 0.098333 2 0.620605 0.213047 0.915278 0.051719 0.128333 11 0.411133 0.7225 0.692778 0.075 0.2 3 0.357666 0.736875 0.953889 0.06125 0.088889 4 0.307373 0.871875 0.919167 0.065 0.160556 3 0.255371 0.332188 0.641111 0.06125 0.106667 1 0.243652 0.659688 0.7925 0.028125 0.075 3 0.235107 0.666875 0.508889 0.04 0.056667 4 0.15918 0.843125 0.849722 0.0475 0.112778 3 0.114746 0.130117 0.951667 0.096641 0.091111 3 0.084167 0.269297 0.689444 0.062031 0.083333 4 0.060974 0.68875 0.462083 0.035 0.073056 3 0.05835 0.634219 0.52625 0.040313 0.0675 2 0.052612 0.666875 0.558056 0.02875 0.055 3 0.05127 0.225938 0.677222 0.0675 0.087778 3 0.037903 0.640938 0.464722 0.038125 0.058889 3 0.036499 0.710313 0.5075 0.031875 0.038889 3 0.030563 0.283203 0.800556 0.062031 0.105556 3 0.021622 0.129375 0.954444 0.09625 0.087778 0 0.019791 0.994375 0.695278 0.01125 0.083889 4 0.010612 0.023379 0.865556 0.045586 0.104444 3 0.008545 0.68875 0.462083 0.035 0.073056 3 0.008255 0.370625 0.550833 0.05375 0.059444 1 0.007347 0.65625 0.885833 0.0225 0.057222 3 0.006718 0.390156 0.461944 0.040938 0.042222 3 0.005707 0.354844 0.505278 0.060938 0.073889 3 0.005001 0.429844 0.453472 0.041562 0.045833 0 0.004505 0.069209 0.910278 0.062207 0.095 4 0.004486 0.308594 0.587778 0.065313 0.087778 1 0.003944 0.166133 0.728889 0.034297 0.068889 0 0.003607 0.023379 0.865556 0.045586 0.104444 0 0.00321 0.166133 0.728889 0.034297 0.068889 0 0.003088 0.02269 0.868056 0.043994 0.102778 0 0.002642 0.994063 0.708333 0.011875 0.107778 3 0.002502 0.772813 0.609444 0.104375 0.141111 3 0.002323 0.729688 0.463889 0.038125 0.062222 1 0.002306 0.660625 0.888333 0.02125 0.047778 0 0.002279 0.658125 0.8625 0.03125 0.098333 3 0.00227 0.13875 0.837778 0.08125 0.123333 1 0.002234 0.659063 0.795556 0.044375 0.083333 0 0.00209 0.99125 0.699445 0.0175 0.091111 9 0.00205 0.332188 0.641111 0.06125 0.106667 5 0.001987 0.332188 0.641111 0.06125 0.106667 2 0.001853 0.994375 0.695278 0.01125 0.083889 0 0.001853 0.995625 0.685278 0.00875 0.088333 2 0.001585 0.041113 0.711945 0.043789 0.075 3 0.001579 0.054805 0.242639 0.023984 0.031389 3 0.001549 0.479219 0.455278 0.042188 0.068333 3 0.001531 0.439219 0.487222 0.045938 0.042778 1 0.001478 0.66125 0.768889 0.01875 0.066667 2 0.001455 0.023379 0.865556 0.045586 0.104444 3 0.001427 0.402969 0.499861 0.044688 0.051944 1 0.001335 0.994375 0.695278 0.01125 0.083889 0 0.001315 0.99125 0.688333 0.01625 0.096667 4 0.001143 0.02269 0.868056 0.043994 0.102778 11 0.001103 0.720937 0.686111 0.078125 0.188889 3 0.001008 0.905313 0.630833 0.048125 0.085
CCTV01^20260318-110000-20260318-120000_000994,11 0.892578 0.784063 0.839167 0.081875 0.277222 10 0.867188 0.950937 0.826111 0.094375 0.337778 1 0.82666 0.212031 0.829167 0.049063 0.086111 3 0.813965 0.705938 0.886389 0.055625 0.152778 1 0.741699 0.676562 0.964445 0.031875 0.064444 2 0.677246 0.300078 0.691389 0.035781 0.092778 2 0.635254 0.268828 0.751111 0.039844 0.077778 1 0.622559 0.650156 0.862778 0.034688 0.087778 2 0.609375 0.247266 0.698056 0.046094 0.092778 1 0.405518 0.671875 0.756111 0.02875 0.09 1 0.357666 0.6575 0.798889 0.0275 0.075556 1 0.297363 0.327109 0.734167 0.030781 0.080556 1 0.20813 0.178984 0.695 0.027031 0.072222 11 0.183594 0.72875 0.696944 0.0825 0.197222 2 0.181274 0.299844 0.690833 0.035937 0.093889 4 0.163452 0.8725 0.919444 0.0675 0.161111 0 0.156128 0.178984 0.695 0.027031 0.072222 3 0.130249 0.735938 0.953889 0.059375 0.087778 1 0.117981 0.326953 0.745833 0.026719 0.060556 3 0.115967 0.485313 0.47625 0.03875 0.044167 3 0.077209 0.382031 0.543889 0.050938 0.057778 0 0.057495 0.327109 0.734167 0.030781 0.080556 1 0.026764 0.675313 0.737778 0.029375 0.093333 3 0.02272 0.644219 0.472083 0.037812 0.061944 3 0.02121 0.710938 0.507222 0.033125 0.04 1 0.018692 0.671875 0.767778 0.02625 0.078889 4 0.017441 0.841875 0.848333 0.04375 0.112222 1 0.017303 0.655 0.836389 0.03 0.076111 3 0.014389 0.669063 0.513194 0.040625 0.058056 0 0.013535 0.650156 0.862778 0.034688 0.087778 3 0.012054 0.230078 0.665278 0.063906 0.083889 3 0.011375 0.640469 0.541667 0.040313 0.067778 4 0.009781 0.687813 0.461528 0.036875 0.0725 0 0.008949 0.212031 0.829167 0.049063 0.086111 11 0.008919 0.728438 0.696111 0.083125 0.192222 3 0.008003 0.111328 0.843333 0.106719 0.17 1 0.007549 0.672813 0.781389 0.023125 0.069444 1 0.007095 0.329688 0.750556 0.02125 0.048889 3 0.005936 0.152539 0.920556 0.093047 0.141111 5 0.005554 0.111172 0.841389 0.108594 0.163889 1 0.004925 0.659375 0.822778 0.02625 0.071111 0 0.004791 0.012019 0.952222 0.02397 0.075556 0 0.00428 0.374531 0.497778 0.021563 0.041667 3 0.003914 0.345625 0.628333 0.05 0.07 2 0.003248 0.012019 0.952222 0.02397 0.075556 1 0.002672 0.667969 0.765833 0.057813 0.112778 3 0.00259 0.269609 0.844167 0.072656 0.118333 0 0.002182 0.327813 0.688056 0.0225 0.058333 1 0.001585 0.326172 0.759167 0.021406 0.046111 2 0.001561 0.99625 0.814167 0.0075 0.137222 1 0.001536 0.65875 0.781111 0.05 0.084444 0 0.001356 0.675313 0.737778 0.029375 0.093333 1 0.001099 0.374531 0.497778 0.021563 0.041667 2 0.001048 0.99625 0.798333 0.0075 0.158889
CCTV01^20260318-110000-20260318-120000_000998,11 0.880859 0.784375 0.838611 0.08125 0.277222 10 0.862305 0.951875 0.827778 0.0925 0.336667 3 0.811523 0.706563 0.886944 0.055625 0.150556 2 0.79834 0.257734 0.644444 0.042969 0.088889 1 0.786621 0.650937 0.865 0.033125 0.092222 1 0.775879 0.297266 0.559306 0.022656 0.061389 2 0.716797 0.185703 0.695278 0.046719 0.093889 0 0.647949 0.081836 0.727222 0.036172 0.085556 1 0.567871 0.697812 0.782778 0.026875 0.08 1 0.490234 0.657813 0.7975 0.026875 0.081667 1 0.411133 0.677188 0.963889 0.030625 0.066667 1 0.395996 0.673438 0.757222 0.033125 0.088889 3 0.30249 0.098379 0.8175 0.117305 0.125 3 0.291016 0.100625 0.815833 0.109844 0.119444 0 0.163452 0.00678 0.841667 0.013511 0.113333 4 0.147095 0.871875 0.917222 0.06625 0.162222 3 0.140381 0.73625 0.954167 0.06 0.088333 11 0.117981 0.73 0.698056 0.08125 0.199444 4 0.026459 0.77375 0.524028 0.03625 0.064167 3 0.021866 0.480313 0.468889 0.039375 0.046667 3 0.018341 0.093047 0.979445 0.067344 0.041111 3 0.016846 0.466719 0.485694 0.034062 0.031944 3 0.016724 0.356719 0.559028 0.072188 0.088611 5 0.016586 0.738438 0.473333 0.044375 0.065556 1 0.015366 0.665312 0.77 0.043125 0.097778 3 0.009895 0.096445 0.9775 0.061797 0.040556 4 0.009674 0.843437 0.846944 0.046875 0.119444 3 0.00927 0.640313 0.542083 0.040625 0.069167 4 0.008919 0.844063 0.841111 0.048125 0.127778 1 0.008881 0.654688 0.829444 0.025625 0.062222 3 0.008217 0.221875 0.931389 0.09375 0.130556 10 0.007843 0.030439 0.754722 0.060605 0.317222 1 0.007206 0.679063 0.749444 0.033125 0.082222 3 0.007206 0.280547 0.812222 0.063594 0.122222 11 0.006168 0.728125 0.695 0.08125 0.191111 1 0.006123 0.650625 0.856389 0.0575 0.099445 3 0.006073 0.6025 0.464306 0.0325 0.081944 3 0.005867 0.296016 0.690556 0.072344 0.086667 0 0.005219 0.006416 0.858889 0.012832 0.144444 1 0.004848 0.665625 0.7525 0.04625 0.093889 1 0.004665 0.670625 0.743333 0.03 0.084444 1 0.004265 0.65875 0.781667 0.0475 0.083333 1 0.00399 0.672813 0.782778 0.026875 0.085556 1 0.00396 0.675313 0.740833 0.029375 0.082778 1 0.003693 0.690313 0.752222 0.029375 0.082222 4 0.003679 0.69125 0.468889 0.03375 0.067222 1 0.003679 0.648906 0.8675 0.047187 0.102778 5 0.003185 0.221875 0.931389 0.09375 0.130556 3 0.002924 0.669375 0.514028 0.0425 0.060833 3 0.002632 0.088574 0.978611 0.072539 0.042778 3 0.002306 0.054375 0.241597 0.022656 0.030694 11 0.002296 0.334844 0.485833 0.046562 0.072778 1 0.002279 0.366563 0.932778 0.03125 0.077778 0 0.002253 0.005313 0.873889 0.010625 0.156667 3 0.0021 0.097793 0.979445 0.062539 0.041111 3 0.00202 0.69125 0.468889 0.03375 0.067222 3 0.001987 0.738438 0.473333 0.044375 0.065556 1 0.001965 0.290703 0.490694 0.016406 0.053056 1 0.001867 0.681563 0.740278 0.033125 0.077222 0 0.001818 0.673438 0.757222 0.033125 0.088889 3 0.001796 0.194063 0.818889 0.079687 0.122222 6 0.001741 0.221875 0.931389 0.09375 0.130556 3 0.001597 0.71375 0.511111 0.0325 0.036667 5 0.001574 0.356719 0.559028 0.072188 0.088611 0 0.001519 0.437813 0.8375 0.039375 0.088333 1 0.00145 0.7 0.774722 0.025 0.073889 1 0.001399 0.00678 0.841667 0.013511 0.113333 1 0.001399 0.67375 0.711944 0.01875 0.042778 0 0.001356 0.010439 0.846945 0.02084 0.138333 5 0.001245 0.6025 0.464306 0.0325 0.081944 2 0.001216 0.995 0.807222 0.01 0.163333 0 0.001188 0.297266 0.559306 0.022656 0.061389 0 0.00109 0.697812 0.782778 0.026875 0.08 1 0.001078 0.66125 0.791389 0.02625 0.082778 0 0.001065 0.99625 0.643611 0.0075 0.075 3 0.001053 0.295547 0.683889 0.068906 0.074444 2 0.00104 0.00678 0.841667 0.013511 0.113333
CCTV01^20260318-110000-20260318-120000_001002,11 0.878418 0.784063 0.839722 0.080625 0.277222 10 0.863281 0.952188 0.827222 0.091875 0.337778 3 0.804199 0.70625 0.886945 0.05625 0.152778 1 0.779785 0.651875 0.863889 0.03375 0.086667 2 0.775879 0.169336 0.794722 0.051953 0.115 1 0.751953 0.206406 0.710556 0.0275 0.074444 1 0.539062 0.67625 0.965 0.03125 0.065556 1 0.515625 0.657813 0.801111 0.026875 0.077778 1 0.46875 0.698438 0.78 0.028125 0.082222 1 0.424316 0.669063 0.755278 0.031875 0.082778 0 0.196777 0.223438 0.528056 0.031875 0.062778 3 0.193115 0.285703 0.745556 0.064844 0.133333 10 0.187134 0.031611 0.776667 0.062871 0.37 1 0.175537 0.1425 0.901945 0.047188 0.083889 3 0.11676 0.735938 0.954722 0.059375 0.087222 11 0.113159 0.728438 0.6975 0.078125 0.196111 1 0.105225 0.319063 0.561528 0.024375 0.058056 1 0.10376 0.318906 0.561528 0.024062 0.056944 4 0.05542 0.691875 0.467917 0.03375 0.069722 1 0.052826 0.670625 0.702778 0.02 0.05 1 0.050507 0.143125 0.925278 0.034688 0.048333 4 0.046539 0.853438 0.877222 0.055625 0.118889 1 0.037476 0.137383 0.925278 0.031953 0.056111 1 0.033844 0.670625 0.769722 0.0275 0.079444 11 0.029205 0.726562 0.696111 0.079375 0.188889 3 0.018616 0.613125 0.387361 0.02875 0.050833 1 0.018127 0.163828 0.955278 0.030469 0.052778 1 0.018051 0.670313 0.705 0.024375 0.056667 3 0.016785 0.477344 0.490278 0.042188 0.030556 3 0.016403 0.644375 0.553056 0.04125 0.070556 2 0.014954 0.35875 0.407361 0.02875 0.054167 3 0.014336 0.245391 0.890833 0.081094 0.138333 5 0.013374 0.73875 0.474028 0.045 0.065833 3 0.013023 0.713125 0.513333 0.035 0.037778 1 0.012192 0.174961 0.970556 0.049141 0.055556 3 0.011162 0.612656 0.486528 0.040312 0.0825 0 0.010406 0.1425 0.901945 0.047188 0.083889 1 0.009163 0.171211 0.971389 0.050391 0.055 10 0.008514 0.67375 0.403889 0.0675 0.137222 10 0.007374 0.090703 0.7975 0.172656 0.400556 11 0.006668 0.259688 0.651111 0.084375 0.146667 11 0.00589 0.411094 0.417639 0.039688 0.066389 1 0.004925 0.651094 0.853611 0.060313 0.102778 1 0.004574 0.655312 0.831667 0.028125 0.078889 1 0.004055 0.67 0.695 0.02375 0.056667 1 0.00404 0.670625 0.692222 0.01875 0.047778 1 0.00378 0.145938 0.915278 0.038125 0.056111 3 0.003443 0.604375 0.43875 0.02875 0.043611 1 0.003197 0.650625 0.864722 0.0525 0.106111 0 0.003147 0.669063 0.755278 0.031875 0.082778 0 0.002867 0.206406 0.710556 0.0275 0.074444 1 0.002779 0.670938 0.7275 0.025625 0.065 3 0.002684 0.73875 0.474028 0.045 0.065833 3 0.002522 0.845938 0.7325 0.079375 0.136111 10 0.002443 0.0196 0.786389 0.039199 0.403889 1 0.002398 0.659063 0.788889 0.026875 0.075556 3 0.002306 0.67 0.515417 0.04 0.060278 1 0.002174 0.146211 0.897222 0.042266 0.067778 3 0.00214 0.05459 0.242708 0.022852 0.03125 0 0.002132 0.651875 0.863889 0.03375 0.086667 1 0.002132 0.6725 0.785278 0.02625 0.081667 0 0.00202 0.218125 0.526389 0.04375 0.060556 3 0.001972 0.646406 0.474861 0.038438 0.066944 3 0.001972 0.785937 0.618056 0.106875 0.145 1 0.001883 0.161406 0.945556 0.02375 0.038889 5 0.001861 0.245391 0.890833 0.081094 0.138333 2 0.001846 0.223438 0.528056 0.031875 0.062778 1 0.0017 0.656875 0.780556 0.0425 0.078889 2 0.001636 0.387031 0.455139 0.022812 0.049722 3 0.001501 0.327031 0.647222 0.054688 0.08 3 0.001467 0.691875 0.467917 0.03375 0.069722 3 0.001399 0.245625 0.884722 0.0825 0.151667 0 0.001389 0.698438 0.78 0.028125 0.082222 1 0.00133 0.66625 0.765556 0.0425 0.103333 1 0.001325 0.161445 0.954167 0.030859 0.058333 9 0.001206 0.285703 0.745556 0.064844 0.133333 3 0.001202 0.7525 0.56125 0.07125 0.0775 0 0.001116 0.174961 0.970556 0.049141 0.055556 2 0.001017 0.995625 0.8175 0.00875 0.156111
CCTV01^20260318-110000-20260318-120000_001122,10 0.904785 0.661719 0.502083 0.102812 0.200278 3 0.901855 0.696562 0.838611 0.061875 0.152778 2 0.854004 0.041514 0.850833 0.060566 0.119444 3 0.825684 0.85375 0.793889 0.07875 0.122222 3 0.810547 0.75375 0.703056 0.05875 0.105 5 0.782715 0.699687 0.704722 0.051875 0.118333 3 0.771973 0.194453 0.958611 0.063281 0.080556 3 0.767578 0.280313 0.946667 0.06875 0.105556 3 0.73584 0.854375 0.657222 0.06625 0.105556 3 0.67041 0.7925 0.802778 0.06125 0.124444 1 0.662109 0.093027 0.862222 0.041758 0.08 5 0.660156 0.810625 0.680556 0.08625 0.138889 2 0.548828 0.422813 0.493056 0.03125 0.065556 3 0.548828 0.369844 0.586667 0.064687 0.073333 3 0.535156 0.924375 0.739167 0.095 0.137222 3 0.523438 0.675313 0.635833 0.048125 0.103889 0 0.437744 0.046025 0.954167 0.043105 0.079444 10 0.345215 0.327344 0.52 0.150312 0.188889 11 0.300781 0.88375 0.925278 0.0725 0.149444 2 0.27832 0.474219 0.429444 0.027187 0.056111 3 0.248047 0.304375 0.693333 0.0575 0.108889 3 0.203125 0.341406 0.827222 0.068438 0.161111 0 0.144165 0.330156 0.415139 0.020937 0.050833 2 0.127197 0.898438 0.648056 0.043125 0.077222 4 0.126831 0.810625 0.680556 0.08625 0.138889 3 0.118774 0.817813 0.5575 0.051875 0.120556 5 0.105957 0.252813 0.810833 0.069688 0.155 4 0.090088 0.817813 0.5575 0.051875 0.120556 3 0.07782 0.369063 0.394167 0.026875 0.046111 10 0.076111 0.194805 0.715278 0.173516 0.318333 2 0.072632 0.92125 0.847778 0.045 0.095556 1 0.069031 0.5175 0.823056 0.060625 0.057222 8 0.058777 0.88375 0.925278 0.0725 0.149444 2 0.049225 0.285156 0.402361 0.025 0.044722 4 0.046722 0.924375 0.739167 0.095 0.137222 5 0.039642 0.341406 0.827222 0.068438 0.161111 10 0.03949 0.75 0.540556 0.1025 0.223333 12 0.038605 0.88375 0.925278 0.0725 0.149444 5 0.038177 0.369063 0.394167 0.026875 0.046111 7 0.031021 0.817813 0.5575 0.051875 0.120556 0 0.029648 0.069023 0.734444 0.046641 0.097778 1 0.027908 0.984063 0.781944 0.031875 0.081667 0 0.027267 0.093027 0.862222 0.041758 0.08 9 0.026764 0.810625 0.680556 0.08625 0.138889 1 0.022202 0.098828 0.778889 0.032813 0.063333 3 0.019867 0.252813 0.810833 0.069688 0.155 10 0.019272 0.628281 0.41625 0.059688 0.165278 6 0.017776 0.252813 0.810833 0.069688 0.155 0 0.016983 0.984063 0.669167 0.031875 0.071667 0 0.01622 0.5175 0.823056 0.060625 0.057222 10 0.015839 0.777188 0.408333 0.055625 0.125556 11 0.014503 0.744375 0.919722 0.12625 0.160556 4 0.012192 0.341406 0.827222 0.068438 0.161111 4 0.009636 0.88375 0.925278 0.0725 0.149444 5 0.00927 0.369531 0.394861 0.025938 0.044167 5 0.007965 0.924375 0.739167 0.095 0.137222 3 0.007935 0.810625 0.680556 0.08625 0.138889 3 0.007065 0.990938 0.911944 0.018125 0.148333 0 0.006958 0.974063 0.860556 0.043125 0.081111 6 0.006691 0.699687 0.704722 0.051875 0.118333 0 0.006073 0.291563 0.455278 0.022187 0.045 4 0.005688 0.986563 0.921389 0.026875 0.156111 9 0.005619 0.924375 0.739167 0.095 0.137222 3 0.005619 0.5175 0.823056 0.060625 0.057222 0 0.005512 0.003015 0.755 0.005923 0.072222 3 0.005241 0.369531 0.394861 0.025938 0.044167 1 0.005001 0.093359 0.881667 0.028906 0.053333 10 0.004925 0.750938 0.542361 0.101875 0.223056 5 0.004738 0.92125 0.847778 0.045 0.095556 9 0.004608 0.744375 0.919722 0.12625 0.160556 0 0.004398 0.003794 0.745833 0.007568 0.100556 6 0.004166 0.88375 0.925278 0.0725 0.149444 4 0.004005 0.5175 0.823056 0.060625 0.057222 4 0.003525 0.699687 0.704722 0.051875 0.118333 0 0.003456 0.984063 0.781944 0.031875 0.081667 11 0.003325 0.661719 0.502083 0.102812 0.200278 3 0.00326 0.990938 0.919444 0.018125 0.161111 0 0.00304 0.987188 0.677778 0.025625 0.092222 0 0.003016 0.002957 0.766389 0.005884 0.082778 1 0.002758 0.549688 0.901945 0.01375 0.053889 3 0.002693 0.984375 0.911667 0.03125 0.147778 9 0.002632 0.341406 0.827222 0.068438 0.161111 10 0.00259 0.198867 0.512639 0.107891 0.178056 3 0.002531 0.984063 0.781944 0.031875 0.081667 5 0.002472 0.990938 0.911944 0.018125 0.148333 1 0.002359 0.046025 0.954167 0.043105 0.079444 0 0.002314 0.980938 0.668889 0.036875 0.075556 2 0.00227 0.990938 0.911944 0.018125 0.148333 0 0.00209 0.291719 0.447639 0.020313 0.045833 4 0.002035 0.989688 0.923056 0.020625 0.153889 10 0.00198 0.656563 0.381667 0.088125 0.150556 0 0.001919 0.983125 0.678056 0.03375 0.083889 1 0.001796 0.089121 0.860556 0.064258 0.105556 1 0.001782 0.5225 0.822222 0.05 0.051111 0 0.00172 0.290859 0.457361 0.025781 0.053611 4 0.0017 0.36625 0.351806 0.024375 0.043056 4 0.001681 0.984375 0.911667 0.03125 0.147778 1 0.001585 0.592031 0.46875 0.015937 0.050833 2 0.001501 0.977813 0.6975 0.035625 0.075 1 0.00141 0.003794 0.745833 0.007568 0.100556 0 0.00141 0.054941 0.673056 0.033086 0.062778 3 0.001294 0.92125 0.847778 0.045 0.095556 0 0.001294 0.1025 0.741944 0.033125 0.071667 0 0.001274 0.004355 0.729445 0.008613 0.106667 1 0.001225 0.003015 0.755 0.005923 0.072222 5 0.001174 0.675313 0.635833 0.048125 0.103889 2 0.001151 0.003015 0.755 0.005923 0.072222 0 0.001134 0.947188 0.697222 0.050625 0.094444 5 0.001107 0.015571 0.384861 0.029717 0.104722 0 0.001099 0.747188 0.791945 0.036875 0.085 2 0.00109 0.003794 0.745833 0.007568 0.100556 0 0.001078 0.99625 0.715278 0.0075 0.087222 3 0.001057 0.986563 0.921389 0.026875 0.156111 1 0.001024 0.551406 0.900556 0.012188 0.046667
CCTV02^20260511-140000-20260511-142440_002414,1 0.85791 0.547656 0.337222 0.015938 0.053889 2 0.647949 0.291797 0.669722 0.037344 0.087222 2 0.535156 0.181523 0.791667 0.053203 0.102222 10 0.388672 0.325391 0.260069 0.030469 0.080417 2 0.279785 0.775937 0.451667 0.029375 0.067222 9 0.230957 0.623125 0.637778 0.0575 0.13 2 0.199341 0.293125 0.404167 0.035 0.051667 2 0.146118 0.465938 0.240625 0.016875 0.037083 2 0.088501 0.495156 0.222569 0.012812 0.032361 2 0.03476 0.376406 0.210486 0.017813 0.030972 2 0.033081 0.354531 0.215486 0.015313 0.03125 2 0.017105 0.977813 0.682222 0.041875 0.086667 2 0.009232 0.354063 0.213958 0.015625 0.028472 2 0.006588 0.994375 0.742222 0.01125 0.152222 0 0.006512 0.293125 0.404167 0.035 0.051667 2 0.004265 0.494063 0.211528 0.01375 0.030278 3 0.003443 0.463125 0.207361 0.024375 0.0325 0 0.003185 0.7175 0.502639 0.025 0.048611 2 0.001824 0.994687 0.755556 0.010625 0.144444 2 0.001727 0.871875 0.54875 0.03625 0.078056 0 0.001432 0.775937 0.451667 0.029375 0.067222 11 0.001416 0.623125 0.637778 0.0575 0.13 2 0.001346 0.378438 0.210139 0.016875 0.026944 2 0.001008 0.485625 0.207569 0.011875 0.025417
CCTV02^20260511-140000-20260511-142440_002417,10 0.809082 0.213945 0.852778 0.150547 0.294444 9 0.760742 0.464844 0.435556 0.048438 0.142222 0 0.754883 0.809063 0.504028 0.024375 0.068611 2 0.741699 0.615313 0.341944 0.024375 0.048889 2 0.624512 0.36625 0.305972 0.02 0.048056 10 0.53125 0.387813 0.388194 0.04625 0.131389 10 0.407227 0.325547 0.260694 0.030156 0.080833 2 0.315674 0.776875 0.471389 0.025 0.048889 2 0.287842 0.777188 0.460972 0.028125 0.071389 2 0.177856 0.777813 0.455694 0.028125 0.074167 2 0.141724 0.855625 0.669167 0.0325 0.069444 2 0.121704 0.293359 0.40375 0.035156 0.051389 1 0.070801 0.3875 0.220903 0.011875 0.031806 2 0.068298 0.368281 0.21625 0.017188 0.039722 2 0.019058 0.977813 0.682778 0.041875 0.087778 2 0.018478 0.244453 0.580556 0.028281 0.076667 0 0.013741 0.293359 0.40375 0.035156 0.051389 0 0.004719 0.36625 0.305972 0.02 0.048056 1 0.00404 0.509062 0.244514 0.013125 0.02875 2 0.004025 0.995 0.743611 0.01 0.149444 0 0.002993 0.271484 0.479861 0.024219 0.039167 1 0.002405 0.510781 0.247222 0.012188 0.025 0 0.001824 0.268359 0.485139 0.031406 0.050278 2 0.001623 0.870938 0.468472 0.036875 0.061944 2 0.00149 0.36875 0.217569 0.01625 0.037361 12 0.00145 0.464844 0.435556 0.048438 0.142222 0 0.001416 0.776875 0.471389 0.025 0.048889 8 0.001362 0.464844 0.435556 0.048438 0.142222 2 0.001161 0.995938 0.099861 0.008125 0.046944 2 0.001151 0.778438 0.454583 0.026875 0.071389 12 0.001069 0.030225 0.642778 0.060098 0.18 2 0.00102 0.996875 0.158889 0.00625 0.0525
CCTV02^20260511-140000-20260511-142440_002421,2 0.750488 0.72 0.451667 0.03125 0.067222 2 0.710449 0.562344 0.323472 0.023438 0.049722 2 0.662109 0.349063 0.463472 0.026875 0.069722 10 0.5 0.412031 0.3525 0.040938 0.111667 2 0.498047 0.3375 0.360972 0.020625 0.054722 10 0.480469 0.325234 0.260556 0.032031 0.085 1 0.451416 0.751563 0.494167 0.026875 0.054444 2 0.430176 0.373906 0.259167 0.017188 0.042778 3 0.379395 0.7075 0.830833 0.07125 0.165 1 0.291016 0.736563 0.4875 0.020625 0.046111 3 0.221313 0.362188 0.563056 0.0475 0.095 2 0.205566 0.501563 0.248125 0.01875 0.03375 1 0.149048 0.746875 0.503194 0.0275 0.054722 1 0.114746 0.746875 0.495833 0.03375 0.063333 1 0.071045 0.38375 0.218194 0.011875 0.034444 2 0.065125 0.9375 0.665556 0.04 0.087778 2 0.063477 0.562344 0.323056 0.022813 0.047222 2 0.057709 0.471562 0.213125 0.015 0.027917 3 0.05603 0.436875 0.312222 0.025 0.058333 2 0.055817 0.471406 0.214722 0.014687 0.029167 3 0.047943 0.657031 0.918333 0.073438 0.155556 9 0.045013 0.391563 0.196181 0.035625 0.072083 4 0.03186 0.436875 0.312222 0.025 0.058333 2 0.022369 0.980625 0.682778 0.0375 0.09 2 0.020416 0.736563 0.4875 0.020625 0.046111 10 0.017914 0.391563 0.196181 0.035625 0.072083 5 0.016281 0.362188 0.563056 0.0475 0.095 1 0.012924 0.751875 0.502361 0.02625 0.0525 7 0.0112 0.436875 0.312222 0.025 0.058333 5 0.010132 0.436875 0.312222 0.025 0.058333 4 0.009972 0.7075 0.830833 0.07125 0.165 1 0.009674 0.57125 0.29625 0.0125 0.028611 0 0.00927 0.3375 0.360972 0.020625 0.054722 3 0.008919 0.445156 0.225556 0.018438 0.030833 0 0.008675 0.9375 0.665556 0.04 0.087778 2 0.005959 0.293203 0.402778 0.033906 0.050556 0 0.005302 0.373906 0.259167 0.017188 0.042778 1 0.004925 0.746562 0.513194 0.025625 0.050278 2 0.004887 0.436875 0.312222 0.025 0.058333 2 0.004467 0.995938 0.102361 0.008125 0.041944 3 0.004166 0.656875 0.895 0.0775 0.2 2 0.003679 0.751563 0.494167 0.026875 0.054444 2 0.003111 0.979375 0.682778 0.03875 0.092222 6 0.002726 0.412031 0.3525 0.040938 0.111667 2 0.002663 0.744063 0.458333 0.030625 0.049444 1 0.00255 0.739375 0.500278 0.02125 0.050556 4 0.002378 0.657031 0.918333 0.073438 0.155556 2 0.002342 0.497813 0.227569 0.019375 0.030139 2 0.002216 0.994687 0.743889 0.010625 0.146667 2 0.001972 0.500469 0.247083 0.022187 0.038611 1 0.001636 0.744375 0.485417 0.0325 0.0575 3 0.001604 0.744063 0.458333 0.030625 0.049444 2 0.001579 0.744375 0.485417 0.0325 0.0575 4 0.001549 0.362188 0.563056 0.0475 0.095 2 0.001536 0.750938 0.454583 0.021875 0.038056 1 0.001356 0.388125 0.209306 0.02125 0.045 0 0.001325 0.501563 0.248125 0.01875 0.03375 2 0.00132 0.773125 0.469167 0.025 0.04 2 0.001294 0.483281 0.204236 0.013438 0.024861 1 0.001216 0.569375 0.290833 0.014375 0.028889 1 0.001202 0.490625 0.244236 0.0175 0.032639 2 0.001134 0.388125 0.209306 0.02125 0.045 2 0.001103 0.470625 0.21625 0.016875 0.033611 12 0.001099 0.996875 0.156944 0.00625 0.052222 2 0.00109 0.735 0.482083 0.01875 0.0375 9 0.001 0.412031 0.3525 0.040938 0.111667
CCTV02^20260511-140000-20260511-142440_002425,2 0.774414 0.59625 0.368889 0.023125 0.051667 2 0.749023 0.644063 0.37375 0.025625 0.050833 9 0.743164 0.494375 0.292292 0.041875 0.095417 1 0.737305 0.442969 0.4825 0.017812 0.059444 2 0.716797 0.694063 0.437917 0.028125 0.0625 2 0.680664 0.720625 0.451945 0.02875 0.061667 2 0.680664 0.327422 0.581111 0.036406 0.078889 3 0.629883 0.372344 0.53 0.035937 0.07 2 0.562012 0.385 0.271042 0.016875 0.044028 2 0.42627 0.559219 0.2825 0.022813 0.043889 2 0.332764 0.376094 0.240417 0.012812 0.0325 2 0.264404 0.362031 0.219306 0.012188 0.031111 10 0.236572 0.324844 0.2625 0.030313 0.085556 2 0.203125 0.352187 0.251042 0.015 0.044028 2 0.040833 0.465312 0.205208 0.01375 0.027639 2 0.032471 0.362188 0.214306 0.011875 0.029722 2 0.02626 0.376563 0.230556 0.010625 0.0275 0 0.018906 0.385 0.271042 0.016875 0.044028 0 0.017715 0.972188 0.900833 0.051875 0.136111 11 0.008377 0.494375 0.292292 0.041875 0.095417 2 0.007549 0.9775 0.683056 0.0425 0.089444 2 0.007259 0.995938 0.102396 0.008125 0.039375 2 0.00528 0.155664 0.673333 0.032734 0.067778 2 0.00415 0.35125 0.250764 0.01625 0.048472 2 0.00387 0.360469 0.222847 0.014063 0.034306 2 0.003809 0.373594 0.202431 0.015313 0.035139 2 0.00378 0.447813 0.205069 0.016875 0.030694 2 0.003197 0.560156 0.283889 0.024062 0.042778 0 0.002878 0.352187 0.251042 0.015 0.044028 3 0.002855 0.334844 0.179931 0.014687 0.024306 2 0.002846 0.292031 0.403472 0.035312 0.051389 0 0.002388 0.376094 0.240417 0.012812 0.0325 2 0.002043 0.860625 0.607222 0.04125 0.085556 4 0.001934 0.385 0.271042 0.016875 0.044028 2 0.001585 0.997188 0.157361 0.005625 0.051667 3 0.001405 0.335156 0.178333 0.013438 0.021667 2 0.001151 0.3325 0.313611 0.01125 0.034444
CCTV02^20260511-140000-20260511-142440_002429,2 0.753418 0.620156 0.403611 0.024688 0.05 1 0.744629 0.533594 0.412222 0.017188 0.061111 2 0.730957 0.54375 0.360833 0.020625 0.048333 2 0.715332 0.690938 0.418889 0.026875 0.055 2 0.684082 0.650156 0.426111 0.029687 0.058889 2 0.656738 0.715625 0.47125 0.03 0.061389 2 0.65332 0.372031 0.263819 0.020937 0.044583 2 0.637207 0.77 0.470694 0.04375 0.058611 10 0.633301 0.302891 0.466944 0.088594 0.170556 2 0.560059 0.558281 0.282083 0.022187 0.0425 2 0.490234 0.506719 0.260208 0.017812 0.042917 2 0.357666 0.254453 0.812222 0.046094 0.118889 2 0.348633 0.812813 0.483611 0.031875 0.058333 2 0.270508 0.581719 0.35875 0.022187 0.046389 2 0.157104 0.813125 0.483333 0.0325 0.058333 2 0.09137 0.592969 0.405694 0.018437 0.060278 2 0.090088 0.566094 0.39 0.014063 0.046667 9 0.072632 0.451719 0.400417 0.035312 0.083056 1 0.070557 0.566094 0.39 0.014063 0.046667 2 0.062561 0.468281 0.218889 0.018437 0.032778 10 0.043365 0.325 0.256042 0.03 0.069583 1 0.042572 0.592969 0.405694 0.018437 0.060278 1 0.025864 0.565781 0.394028 0.014688 0.053056 2 0.016586 0.342969 0.202639 0.012812 0.03 3 0.015076 0.3175 0.324028 0.035 0.040278 2 0.01297 0.977188 0.684167 0.043125 0.089444 0 0.011826 0.862188 0.497778 0.026875 0.041667 2 0.008034 0.453281 0.205694 0.011563 0.025833 2 0.007668 0.485156 0.205347 0.012187 0.026528 2 0.006691 0.34125 0.297222 0.018125 0.038333 0 0.005363 0.34125 0.297222 0.018125 0.038333 3 0.005322 0.983125 0.874722 0.03375 0.240556 0 0.004868 0.566094 0.39 0.014063 0.046667 2 0.00404 0.9 0.546389 0.03375 0.063889 1 0.003538 0.485313 0.223542 0.0125 0.026806 4 0.00297 0.451719 0.400417 0.035312 0.083056 2 0.002693 0.338125 0.21125 0.0125 0.027222 0 0.002531 0.372031 0.263819 0.020937 0.044583 1 0.002424 0.602656 0.347778 0.014063 0.038333 2 0.002174 0.995 0.734167 0.01 0.122778 2 0.002083 0.3375 0.300139 0.02375 0.043611 2 0.002068 0.647031 0.44125 0.025937 0.053056 1 0.001926 0.53375 0.394028 0.014375 0.0475 11 0.001818 0.451719 0.400417 0.035312 0.083056 2 0.001592 0.862188 0.497778 0.026875 0.041667 3 0.001554 0.983438 0.917778 0.031875 0.164444 2 0.001467 0.565781 0.394028 0.014688 0.053056 7 0.001309 0.451719 0.400417 0.035312 0.083056 1 0.001057 0.565 0.409583 0.014375 0.055833
CCTV02^20260511-140000-20260511-142440_002433,2 0.766113 0.691563 0.417222 0.025625 0.05 2 0.741699 0.674063 0.453472 0.031875 0.061389 2 0.699219 0.602656 0.360139 0.022813 0.045278 2 0.682617 0.360781 0.328333 0.018438 0.046111 2 0.644043 0.92375 0.652778 0.05 0.092222 2 0.596191 0.53875 0.321806 0.023125 0.046944 2 0.583008 0.378594 0.2775 0.017188 0.04 2 0.550781 0.628125 0.353472 0.019375 0.046944 2 0.490234 0.796563 0.501111 0.043125 0.063889 10 0.300781 0.371875 0.208333 0.025 0.06 2 0.276611 0.560625 0.284167 0.021875 0.038333 3 0.219971 0.421406 0.28625 0.021562 0.046944 10 0.20813 0.325469 0.259444 0.030312 0.078889 2 0.136108 0.377969 0.249236 0.015313 0.034306 2 0.136108 0.628281 0.354028 0.019063 0.044167 2 0.10968 0.488438 0.222431 0.01625 0.034583 5 0.090088 0.421406 0.28625 0.021562 0.046944 2 0.072876 0.539219 0.321944 0.022188 0.045556 4 0.057068 0.437813 0.614444 0.041875 0.084444 3 0.041779 0.437813 0.614444 0.041875 0.084444 3 0.032715 0.570469 0.561944 0.039062 0.083889 2 0.025864 0.541875 0.296389 0.015625 0.028333 2 0.022461 0.421406 0.28625 0.021562 0.046944 4 0.017578 0.570469 0.561944 0.039062 0.083889 2 0.016663 0.297656 0.417778 0.022813 0.043889 2 0.015305 0.628125 0.358611 0.01875 0.046111 4 0.012054 0.421406 0.28625 0.021562 0.046944 2 0.010696 0.539688 0.301111 0.019375 0.033889 1 0.010132 0.99375 0.547361 0.0125 0.0575 2 0.009781 0.855625 0.640556 0.02875 0.072222 2 0.008781 0.994063 0.458194 0.011875 0.0675 2 0.006985 0.995 0.730556 0.01 0.107778 2 0.00639 0.379063 0.248681 0.015 0.031528 2 0.0051 0.80125 0.554583 0.02875 0.056389 2 0.004265 0.977188 0.684722 0.043125 0.090556 2 0.004215 0.799063 0.548194 0.030625 0.051389 2 0.00404 0.79875 0.555139 0.0325 0.060833 7 0.003929 0.7275 0.790278 0.0725 0.148333 3 0.002323 0.317891 0.314028 0.026094 0.039722 0 0.00198 0.796563 0.501111 0.043125 0.063889 2 0.001912 0.994375 0.713611 0.01125 0.092778 2 0.001839 0.234609 0.564444 0.032031 0.056667 2 0.001478 0.488281 0.214236 0.015938 0.03375 0 0.001467 0.99375 0.547361 0.0125 0.0575 0 0.001461 0.274453 0.482917 0.021719 0.041944 2 0.00141 0.489219 0.212847 0.015938 0.032639 2 0.001235 0.995938 0.746667 0.008125 0.085556 0 0.001202 0.360781 0.328333 0.018438 0.046111 7 0.001165 0.570469 0.561944 0.039062 0.083889 2 0.001037 0.994063 0.466806 0.011875 0.055833 2 0.001 0.995938 0.101875 0.008125 0.041528
CCTV02^20260511-140000-20260511-142440_002437,2 0.747559 0.623281 0.3575 0.024688 0.046111 2 0.70752 0.703438 0.491111 0.030625 0.062222 0 0.70752 0.801875 0.504167 0.02375 0.065 2 0.67041 0.665312 0.418056 0.025625 0.052222 2 0.654785 0.525469 0.28 0.017188 0.036667 2 0.654785 0.92375 0.651945 0.05 0.096111 2 0.629883 0.691563 0.417778 0.024375 0.052778 2 0.622559 0.742813 0.480694 0.033125 0.0625 2 0.428223 0.3575 0.310556 0.018125 0.047222 2 0.407227 0.51 0.257917 0.01625 0.039722 2 0.336426 0.349063 0.344722 0.019375 0.05 4 0.299072 0.505156 0.320556 0.029063 0.052222 10 0.250977 0.325469 0.257847 0.030312 0.075417 2 0.09436 0.487656 0.220972 0.015312 0.027778 2 0.079773 0.8575 0.542083 0.0375 0.073611 0 0.072876 0.349063 0.344722 0.019375 0.05 3 0.053986 0.505156 0.320556 0.029063 0.052222 3 0.049408 0.46875 0.265694 0.02375 0.043611 2 0.048126 0.510156 0.256667 0.014687 0.036111 2 0.038757 0.400938 0.230069 0.021875 0.040972 0 0.036224 0.272969 0.490556 0.026875 0.060556 7 0.029648 0.46875 0.265694 0.02375 0.043611 2 0.028549 0.801875 0.504167 0.02375 0.065 10 0.02298 0.568438 0.465556 0.073125 0.183333 9 0.021698 0.400938 0.230069 0.021875 0.040972 7 0.021622 0.505156 0.320556 0.029063 0.052222 2 0.021286 0.46375 0.220486 0.0125 0.02875 2 0.018829 0.450156 0.213542 0.012187 0.025417 0 0.017517 0.291797 0.406389 0.032344 0.053889 2 0.015602 0.291797 0.406389 0.032344 0.053889 0 0.015076 0.946875 0.821667 0.05375 0.107778 1 0.01445 0.7725 0.468472 0.02125 0.0425 2 0.011871 0.97 0.771945 0.05625 0.109444 2 0.01107 0.487969 0.213472 0.016563 0.030556 3 0.010857 0.469219 0.266319 0.023438 0.042917 10 0.010651 0.400938 0.230069 0.021875 0.040972 2 0.008812 0.449219 0.216875 0.010937 0.024861 2 0.006985 0.490781 0.223264 0.013437 0.024861 1 0.006264 0.465156 0.249167 0.017188 0.03 2 0.005489 0.995625 0.102569 0.00875 0.040972 2 0.004887 0.763125 0.459861 0.03625 0.058056 0 0.004681 0.97625 0.936111 0.04625 0.11 2 0.004627 0.46375 0.212639 0.0125 0.0275 4 0.00452 0.470313 0.269653 0.02125 0.039028 0 0.00433 0.274766 0.499722 0.028281 0.066111 0 0.004314 0.3575 0.310556 0.018125 0.047222 2 0.0042 0.991875 0.766389 0.01625 0.135 2 0.003929 0.991562 0.7725 0.016875 0.123889 2 0.003708 0.992813 0.786667 0.014375 0.116667 2 0.003551 0.995625 0.840278 0.00875 0.102778 3 0.003525 0.317734 0.314306 0.027031 0.039722 4 0.002779 0.46875 0.265694 0.02375 0.043611 2 0.002768 0.234609 0.561389 0.031406 0.055 2 0.002512 0.510469 0.255208 0.015938 0.032917 7 0.002481 0.469219 0.266319 0.023438 0.042917 2 0.002462 0.995 0.82 0.01 0.111111 5 0.002306 0.400938 0.230069 0.021875 0.040972 2 0.001782 0.756563 0.452083 0.033125 0.050278 4 0.001775 0.991875 0.628611 0.01625 0.121667 2 0.001734 0.272969 0.490556 0.026875 0.060556 0 0.001661 0.976562 0.936111 0.046875 0.114444 2 0.001585 0.484219 0.235903 0.012812 0.027917 2 0.001531 0.997188 0.156458 0.005625 0.054028 3 0.001513 0.432969 0.220486 0.017188 0.030417 2 0.001513 0.993438 0.752222 0.013125 0.145556 2 0.001472 0.995313 0.866111 0.009375 0.093333 3 0.001341 0.470313 0.269653 0.02125 0.039028 1 0.001294 0.771563 0.464722 0.023125 0.047778 2 0.001294 0.994375 0.803333 0.01125 0.108889 2 0.001285 0.995 0.107813 0.01 0.047986 4 0.001165 0.976562 0.936111 0.046875 0.114444 4 0.001107 0.469219 0.266319 0.023438 0.042917 2 0.00109 0.97625 0.936111 0.04625 0.11 2 0.001008 0.449375 0.213889 0.011875 0.025
CCTV02^20260511-140000-20260511-142440_002441,2 0.782715 0.297031 0.494722 0.027187 0.062778 2 0.72168 0.908438 0.675556 0.053125 0.098889 2 0.713867 0.256328 0.730278 0.043594 0.095 1 0.699219 0.549219 0.318889 0.015938 0.048889 7 0.665527 0.4275 0.301389 0.02875 0.062778 2 0.662109 0.603594 0.355278 0.025312 0.049444 2 0.640625 0.757188 0.551667 0.038125 0.077778 2 0.605957 0.374844 0.267639 0.017813 0.043611 2 0.569824 0.798438 0.526111 0.029375 0.064444 2 0.558105 0.706875 0.459306 0.03375 0.060278 2 0.488281 0.67625 0.398889 0.02625 0.054444 2 0.486328 0.959688 0.781389 0.058125 0.111667 3 0.44165 0.553438 0.495694 0.035 0.074722 2 0.37207 0.481563 0.23875 0.013125 0.031389 9 0.357666 0.4275 0.301389 0.02875 0.062778 2 0.329346 0.679688 0.498333 0.030625 0.062222 10 0.309082 0.325703 0.259306 0.029219 0.0775 2 0.30249 0.67625 0.456528 0.02625 0.048611 1 0.228149 0.549688 0.318889 0.014375 0.046667 2 0.221313 0.466406 0.247014 0.014687 0.034306 2 0.078064 0.494219 0.223611 0.012188 0.028333 2 0.070557 0.516563 0.254444 0.01375 0.035 2 0.060974 0.517031 0.247292 0.014063 0.033194 2 0.05542 0.765938 0.456806 0.030625 0.059167 3 0.050507 0.634219 0.565278 0.052813 0.118333 3 0.017517 0.673281 0.786667 0.067188 0.124444 2 0.010902 0.549219 0.318889 0.015938 0.048889 3 0.009972 0.679688 0.937778 0.070625 0.11 2 0.009521 0.994687 0.919444 0.010625 0.158889 2 0.009163 0.994687 0.927778 0.010625 0.126667 2 0.008446 0.872813 0.5125 0.028125 0.071667 5 0.008125 0.634219 0.565278 0.052813 0.118333 0 0.006588 0.798438 0.526111 0.029375 0.064444 2 0.005428 0.977188 0.683333 0.043125 0.086667 2 0.0051 0.281875 0.556667 0.020938 0.05 2 0.004925 0.447969 0.200417 0.012813 0.027778 2 0.0047 0.482344 0.235903 0.013438 0.027361 7 0.00358 0.673281 0.786667 0.067188 0.124444 2 0.003483 0.515 0.234028 0.01375 0.027778 2 0.003429 0.49375 0.2125 0.01375 0.030556 2 0.002958 0.794375 0.472778 0.02375 0.050556 3 0.002823 0.994687 0.919444 0.010625 0.158889 2 0.002434 0.9925 0.826111 0.015 0.103333 4 0.002398 0.466406 0.247014 0.014687 0.034306 2 0.002314 0.993438 0.813333 0.013125 0.116667 3 0.002306 0.677813 0.938056 0.073125 0.113889 0 0.00214 0.994687 0.919444 0.010625 0.158889 1 0.002132 0.994687 0.927778 0.010625 0.126667 3 0.002132 0.989375 0.923889 0.02125 0.152222 2 0.001987 0.995 0.904722 0.01 0.190556 2 0.001796 0.995 0.740278 0.01 0.113889 4 0.001755 0.673281 0.786667 0.067188 0.124444 1 0.001727 0.994687 0.919444 0.010625 0.158889 2 0.001642 0.992813 0.834444 0.014375 0.105556 2 0.001585 0.506563 0.227986 0.0125 0.02375 4 0.001561 0.634219 0.565278 0.052813 0.118333 2 0.001561 0.99375 0.941667 0.0125 0.115556 2 0.001501 0.989375 0.923889 0.02125 0.152222 3 0.001495 0.317891 0.314583 0.026094 0.038611 0 0.001315 0.516563 0.254444 0.01375 0.035 0 0.001305 0.994687 0.927778 0.010625 0.126667 0 0.001249 0.375781 0.201806 0.017188 0.037778 0 0.001197 0.9925 0.826111 0.015 0.103333 3 0.001169 0.987188 0.909445 0.025625 0.181111 2 0.001107 0.466094 0.25 0.015313 0.032778 2 0.00109 0.466094 0.204722 0.010937 0.025556
CCTV02^20260511-140000-20260511-142440_002445,2 0.786621 0.366563 0.371111 0.02375 0.060556 9 0.73584 0.439063 0.504861 0.04625 0.106944 2 0.692871 0.679063 0.435833 0.026875 0.054444 2 0.690918 0.7225 0.514722 0.0325 0.066111 2 0.689453 0.808125 0.534028 0.02625 0.060833 2 0.647949 0.553906 0.291806 0.020313 0.041389 2 0.637207 0.704375 0.458611 0.0275 0.053889 2 0.59082 0.8975 0.686389 0.05 0.088333 2 0.588867 0.266953 0.559306 0.032656 0.0725 2 0.478516 0.578281 0.327917 0.019063 0.046389 10 0.460938 0.413906 0.264306 0.035313 0.0875 2 0.44165 0.509375 0.268194 0.018125 0.043056 2 0.430176 0.676562 0.393333 0.024375 0.042778 2 0.403564 0.730313 0.453194 0.025625 0.054722 2 0.175537 0.356094 0.227569 0.014688 0.037083 7 0.118408 0.439063 0.504861 0.04625 0.106944 10 0.067566 0.325313 0.259375 0.029375 0.077361 2 0.066833 0.773438 0.458056 0.026875 0.052222 2 0.065125 0.4775 0.243542 0.01875 0.035694 0 0.059662 0.853125 0.545833 0.02375 0.069444 9 0.049591 0.520312 0.353194 0.041875 0.093056 2 0.03891 0.48 0.242847 0.019375 0.036528 2 0.031738 0.237578 0.557917 0.026719 0.053056 2 0.016159 0.995313 0.734722 0.009375 0.099444 2 0.009483 0.994687 0.720278 0.010625 0.101667 2 0.006588 0.994063 0.8675 0.011875 0.142778 3 0.005363 0.48 0.242847 0.019375 0.036528 2 0.005138 0.993125 0.885278 0.01375 0.119444 2 0.004166 0.483438 0.251042 0.015 0.032361 2 0.003721 0.356094 0.181319 0.017188 0.035417 0 0.003338 0.808125 0.534028 0.02625 0.060833 2 0.002981 0.99625 0.746389 0.0075 0.091667 9 0.002663 0.413906 0.264306 0.035313 0.0875 0 0.002611 0.809062 0.473889 0.023125 0.050556 2 0.002323 0.853125 0.545833 0.02375 0.069444 4 0.002226 0.48 0.242847 0.019375 0.036528 2 0.002192 0.7725 0.585833 0.03625 0.090556 4 0.00202 0.9925 0.628056 0.015 0.113889 4 0.001995 0.7725 0.585833 0.03625 0.090556 0 0.001889 0.356094 0.227569 0.014688 0.037083 2 0.001839 0.465625 0.204792 0.011875 0.024583 0 0.001789 0.773438 0.458056 0.026875 0.052222 2 0.001623 0.994375 0.853056 0.01125 0.169444 2 0.001597 0.995625 0.103194 0.00875 0.040833 0 0.001378 0.81 0.472917 0.02125 0.049167 2 0.001378 0.9925 0.903611 0.015 0.128333 2 0.001169 0.99375 0.704722 0.0125 0.116111 3 0.00109 0.317891 0.314444 0.026094 0.041667 0 0.001065 0.271641 0.485417 0.025781 0.048056 2 0.001008 0.990625 0.868333 0.01875 0.17
CCTV02^20260511-140000-20260511-142440_002449,3 0.835449 0.406094 0.310972 0.020312 0.038056 2 0.766113 0.639219 0.385556 0.027812 0.049444 2 0.733887 0.329609 0.456667 0.025156 0.064444 1 0.713867 0.647969 0.482778 0.019063 0.055 2 0.529297 0.68125 0.471806 0.0275 0.0625 2 0.46875 0.706563 0.460972 0.030625 0.061944 2 0.354004 0.871875 0.534167 0.025 0.063889 1 0.276611 0.835 0.502917 0.015 0.050833 1 0.193115 0.806563 0.545972 0.018125 0.054722 2 0.181274 0.752188 0.537361 0.035625 0.060833 3 0.150024 0.577969 0.441667 0.039687 0.058889 2 0.101929 0.954688 0.83 0.063125 0.111111 2 0.100159 0.928438 0.663333 0.044375 0.088889 2 0.05603 0.5625 0.334306 0.02375 0.041944 2 0.05542 0.771875 0.524444 0.03 0.062222 2 0.044342 0.751875 0.469306 0.0325 0.056389 2 0.032104 0.287188 0.49625 0.036562 0.064722 10 0.026855 0.324844 0.258194 0.029687 0.071944 2 0.026459 0.792188 0.48875 0.023125 0.049167 0 0.021866 0.792188 0.48875 0.023125 0.049167 3 0.021362 0.553125 0.358333 0.030625 0.051667 4 0.012825 0.577969 0.441667 0.039687 0.058889 2 0.011917 0.950313 0.705833 0.056875 0.085 2 0.008949 0.237969 0.561667 0.030937 0.056667 2 0.008675 0.995625 0.737222 0.00875 0.111111 3 0.006691 0.335938 0.174583 0.014375 0.03 2 0.00605 0.467344 0.202917 0.014688 0.029722 4 0.0051 0.7025 0.55125 0.06125 0.091944 2 0.005062 0.980313 0.685 0.038125 0.094444 7 0.00378 0.7025 0.55125 0.06125 0.091944 2 0.003721 0.994375 0.841389 0.01125 0.106111 2 0.003027 0.99625 0.754167 0.0075 0.105 0 0.002834 0.994687 0.810556 0.010625 0.108889 2 0.002571 0.8725 0.527778 0.02625 0.061111 5 0.002359 0.406094 0.310972 0.020312 0.038056 2 0.002306 0.994063 0.858333 0.011875 0.093333 2 0.002296 0.376406 0.199167 0.018438 0.030556 2 0.00227 0.454375 0.204167 0.0175 0.031944 2 0.002216 0.995313 0.718333 0.009375 0.104444 2 0.00215 0.995938 0.771945 0.008125 0.129444 2 0.001942 0.454375 0.198403 0.016875 0.030694 2 0.001897 0.994375 0.8275 0.01125 0.117222 12 0.001592 0.995625 0.105069 0.00875 0.039583 4 0.001536 0.991875 0.63 0.01625 0.111111 3 0.001519 0.318672 0.314583 0.024531 0.0425 2 0.001389 0.995625 0.790833 0.00875 0.132778 0 0.001378 0.994375 0.8275 0.01125 0.117222 0 0.00132 0.995625 0.790833 0.00875 0.132778 1 0.001211 0.83375 0.499722 0.025 0.057222 4 0.00109 0.553125 0.358333 0.030625 0.051667 2 0.001024 0.995938 0.910556 0.008125 0.165556
CCTV02^20260511-140000-20260511-142440_002453,2 0.766113 0.329219 0.567778 0.030313 0.075556 2 0.716797 0.116172 0.738333 0.050313 0.09 2 0.602051 0.893125 0.756389 0.045 0.106111 2 0.583008 0.704063 0.435417 0.030625 0.056389 2 0.575684 0.900625 0.678889 0.04875 0.086667 2 0.517578 0.862188 0.535833 0.035625 0.069444 1 0.44751 0.51625 0.284583 0.013125 0.044722 10 0.368408 0.4275 0.278542 0.039375 0.093472 2 0.275146 0.3575 0.323889 0.018125 0.052778 2 0.168823 0.379219 0.250347 0.017813 0.044861 2 0.161865 0.98625 0.795278 0.0275 0.108333 3 0.098083 0.034863 0.739722 0.067383 0.090556 2 0.093323 0.787813 0.519444 0.031875 0.053333 10 0.082703 0.325391 0.258333 0.029219 0.075556 2 0.06189 0.478906 0.241944 0.015938 0.033889 7 0.054199 0.48625 0.2875 0.02625 0.057222 2 0.052032 0.813125 0.484722 0.0225 0.049444 2 0.049957 0.788437 0.522917 0.031875 0.053056 2 0.042236 0.98875 0.792222 0.0225 0.107778 2 0.036774 0.9775 0.682778 0.0425 0.087778 4 0.03186 0.48625 0.2875 0.02625 0.057222 0 0.016464 0.3575 0.323889 0.018125 0.052778 1 0.013847 0.995625 0.549583 0.00875 0.048611 9 0.012527 0.48625 0.2875 0.02625 0.057222 3 0.01133 0.78 0.653889 0.08375 0.094444 0 0.008919 0.104727 0.916667 0.039609 0.11 2 0.007965 0.486406 0.212431 0.014063 0.02875 2 0.005867 0.237266 0.562083 0.032656 0.061389 3 0.004829 0.983125 0.935833 0.03375 0.128333 1 0.00423 0.328438 0.363194 0.011875 0.036944 0 0.004181 0.813125 0.484722 0.0225 0.049444 2 0.003765 0.485469 0.217639 0.014063 0.028333 2 0.003538 0.51625 0.284583 0.013125 0.044722 2 0.003538 0.774375 0.460139 0.025 0.048611 1 0.00297 0.510625 0.285278 0.021875 0.05 3 0.00289 0.379219 0.250347 0.017813 0.044861 2 0.002672 0.769063 0.449167 0.026875 0.051111 2 0.002472 0.994375 0.818333 0.01125 0.141111 5 0.002243 0.379219 0.250347 0.017813 0.044861 1 0.001926 0.514844 0.285972 0.012813 0.045833 0 0.001889 0.51625 0.284583 0.013125 0.044722 2 0.001734 0.995625 0.102153 0.00875 0.041528 1 0.0017 0.995938 0.554306 0.008125 0.044722 1 0.001611 0.99625 0.537083 0.0075 0.075833 2 0.001478 0.995 0.445694 0.01 0.073611 3 0.001444 0.773125 0.47125 0.02625 0.041389 1 0.001421 0.520312 0.281667 0.014375 0.041667 2 0.001274 0.855 0.661667 0.03 0.065556 2 0.001221 0.992813 0.630556 0.014375 0.107778 9 0.001134 0.582969 0.489861 0.069687 0.173611 2 0.001099 0.994375 0.452222 0.01125 0.068333
CCTV02^20260511-140000-20260511-142440_002457,3 0.86084 0.370781 0.466389 0.034688 0.062778 2 0.705566 0.332969 0.54625 0.030312 0.071944 2 0.679199 0.025181 0.8725 0.049482 0.118333 2 0.67041 0.578281 0.33125 0.020313 0.0475 2 0.624512 0.390313 0.305278 0.01875 0.046111 2 0.586914 0.706563 0.433611 0.025625 0.053333 2 0.472656 0.77375 0.464444 0.0275 0.063333 2 0.435791 0.862188 0.537083 0.034375 0.070278 2 0.324219 0.527812 0.287083 0.02 0.045833 7 0.300781 0.453594 0.549444 0.038438 0.095556 10 0.243652 0.649687 0.403194 0.073125 0.124722 1 0.15918 0.30875 0.420417 0.014375 0.048611 4 0.142212 0.392656 0.615 0.060313 0.136667 2 0.138428 0.89875 0.763889 0.0425 0.103333 2 0.127686 0.527812 0.288889 0.02 0.046111 2 0.11676 0.503906 0.235694 0.016563 0.035833 4 0.111267 0.453594 0.549444 0.038438 0.095556 2 0.102295 0.961875 0.799722 0.05625 0.123889 2 0.08728 0.419844 0.270556 0.020937 0.038333 2 0.07666 0.419375 0.268681 0.020625 0.035417 10 0.062317 0.325625 0.259444 0.03 0.077222 9 0.033844 0.398438 0.220347 0.023125 0.045417 2 0.03186 0.862188 0.536944 0.033125 0.069444 0 0.028656 0.77375 0.635 0.0275 0.076667 3 0.02211 0.419375 0.268681 0.020625 0.035417 2 0.018829 0.39 0.304028 0.01875 0.044722 2 0.018692 0.237422 0.559028 0.029844 0.055278 1 0.009972 0.308984 0.422639 0.013281 0.0475 1 0.009483 0.77375 0.635 0.0275 0.076667 3 0.0093 0.419844 0.270556 0.020937 0.038333 5 0.007462 0.419844 0.270556 0.020937 0.038333 2 0.006878 0.203906 0.958889 0.11 0.082222 2 0.006145 0.855625 0.457639 0.02625 0.054722 2 0.006027 0.503906 0.233819 0.015938 0.032083 9 0.005119 0.453594 0.549444 0.038438 0.095556 2 0.004906 0.419688 0.267639 0.01875 0.034722 2 0.004627 0.995313 0.784445 0.009375 0.148889 2 0.003839 0.995313 0.768611 0.009375 0.128333 0 0.003593 0.994063 0.828056 0.011875 0.152778 10 0.00321 0.398438 0.220347 0.023125 0.045417 5 0.002846 0.419375 0.268681 0.020625 0.035417 2 0.002512 0.995313 0.803333 0.009375 0.155556 0 0.002398 0.989375 0.826389 0.02125 0.162778 2 0.002287 0.39 0.304028 0.02 0.046944 2 0.002209 0.887813 0.499167 0.035625 0.041667 0 0.002174 0.994375 0.820833 0.01125 0.157222 3 0.002157 0.370313 0.46625 0.034375 0.064167 2 0.00215 0.345625 0.202639 0.014375 0.034722 2 0.002075 0.978438 0.683333 0.039375 0.088889 3 0.002068 0.419688 0.267639 0.01875 0.034722 2 0.001782 0.398438 0.220347 0.023125 0.045417 2 0.001755 0.77375 0.635 0.0275 0.076667 2 0.001755 0.995625 0.744444 0.00875 0.136667 1 0.00172 0.571719 0.299583 0.012188 0.026944 2 0.001616 0.994375 0.820833 0.01125 0.157222 3 0.001561 0.453594 0.549444 0.038438 0.095556 0 0.001549 0.988437 0.835556 0.023125 0.133333 2 0.001536 0.994063 0.828056 0.011875 0.152778 1 0.001378 0.308594 0.427222 0.017188 0.054444 0 0.001305 0.906563 0.652778 0.039375 0.092222 7 0.001289 0.392656 0.615 0.060313 0.136667 0 0.001245 0.993125 0.836111 0.01375 0.136667 0 0.001216 0.961875 0.799722 0.05625 0.123889 2 0.001169 0.571719 0.299583 0.012188 0.026944 2 0.001156 0.989375 0.826389 0.02125 0.162778 0 0.001028 0.390313 0.305278 0.01875 0.046111 0 0.001012 0.995313 0.803333 0.009375 0.155556
CCTV02^20260511-140000-20260511-142440_002461,2 0.756348 0.357969 0.491944 0.028437 0.068333 2 0.744629 0.310781 0.499583 0.028437 0.069167 7 0.692871 0.422969 0.309861 0.026563 0.060833 3 0.633301 0.516563 0.358889 0.028125 0.053889 2 0.600098 0.023984 0.873333 0.047188 0.114444 2 0.577637 0.292969 0.816667 0.046875 0.117778 2 0.546875 0.273047 0.630556 0.045469 0.083333 4 0.476562 0.403438 0.567639 0.0425 0.104722 2 0.420654 0.380156 0.260069 0.014687 0.038194 2 0.343262 0.523906 0.266875 0.018438 0.035139 2 0.329346 0.861563 0.537639 0.035625 0.069167 2 0.265869 0.818125 0.547222 0.03375 0.063333 2 0.185913 0.363125 0.250417 0.015 0.035833 9 0.166626 0.422969 0.309861 0.026563 0.060833 2 0.154541 0.363438 0.251528 0.015625 0.0375 2 0.069824 0.68375 0.404306 0.02375 0.038611 2 0.052246 0.41625 0.261111 0.02 0.037222 10 0.039062 0.325703 0.257778 0.029219 0.075 7 0.037323 0.403438 0.567639 0.0425 0.104722 2 0.034363 0.379531 0.261111 0.017188 0.042222 2 0.026764 0.976875 0.686389 0.04375 0.095 2 0.026459 0.524063 0.268472 0.019375 0.038056 0 0.015671 0.380156 0.260069 0.014687 0.038194 2 0.012772 0.383906 0.223333 0.020938 0.040833 10 0.01133 0.710625 0.498611 0.0825 0.170556 9 0.006538 0.424687 0.335278 0.029375 0.078333 3 0.005081 0.364375 0.187708 0.018125 0.027639 4 0.004627 0.516563 0.358889 0.028125 0.053889 7 0.003901 0.406563 0.55625 0.055625 0.138611 2 0.003635 0.995625 0.736389 0.00875 0.118333 2 0.003136 0.364375 0.187708 0.018125 0.027639 2 0.00255 0.365781 0.198889 0.017812 0.037222 2 0.0021 0.995313 0.714445 0.009375 0.09 0 0.00205 0.363125 0.250417 0.015 0.035833 0 0.001741 0.363438 0.251528 0.015625 0.0375 2 0.0017 0.785313 0.462222 0.035625 0.061111 0 0.001579 0.379531 0.261111 0.017188 0.042222 2 0.001472 0.995938 0.756944 0.008125 0.108333 3 0.001399 0.332969 0.181667 0.012188 0.021111 2 0.001346 0.238047 0.563333 0.031719 0.058889 2 0.001143 0.995938 0.102361 0.008125 0.040556 2 0.001107 0.995 0.776389 0.01 0.136111 9 0.001103 0.423594 0.322361 0.028438 0.081389 4 0.001037 0.422969 0.309861 0.026563 0.060833 3 0.001024 0.344531 0.1675 0.017812 0.028611
CCTV02^20260511-140000-20260511-142440_002465,2 0.81543 0.370156 0.370417 0.021563 0.0575 2 0.770508 0.403594 0.290972 0.015937 0.044167 2 0.704102 0.862188 0.537083 0.033125 0.070278 2 0.686035 0.3875 0.297917 0.015625 0.040833 2 0.596191 0.924375 0.658056 0.045 0.089444 2 0.577637 0.021768 0.873889 0.042715 0.114444 2 0.503906 0.609531 0.382361 0.025937 0.051389 2 0.472656 0.38625 0.255278 0.015 0.037222 2 0.451416 0.705313 0.440556 0.026875 0.047222 10 0.422607 0.74125 0.571389 0.0925 0.205 7 0.355713 0.494375 0.306528 0.03 0.068611 2 0.346924 0.565469 0.365556 0.016563 0.045 2 0.295898 0.369063 0.253958 0.014375 0.03875 4 0.145142 0.408594 0.743611 0.051562 0.130556 2 0.126831 0.364531 0.216458 0.012187 0.029306 2 0.089783 0.386406 0.253542 0.013438 0.032917 3 0.089783 0.457344 0.248958 0.019063 0.03375 2 0.075562 0.363906 0.214167 0.012188 0.026111 4 0.040253 0.494375 0.306528 0.03 0.068611 10 0.033081 0.325781 0.259722 0.027813 0.075556 2 0.031372 0.977188 0.683889 0.043125 0.09 2 0.024796 0.369688 0.251389 0.0125 0.032778 2 0.023605 0.375625 0.192986 0.015 0.02875 2 0.018341 0.375469 0.197847 0.012813 0.027917 9 0.014061 0.494375 0.306528 0.03 0.068611 2 0.012238 0.480625 0.220278 0.014375 0.030556 2 0.012192 0.980938 0.844167 0.036875 0.139444 2 0.010452 0.370156 0.254653 0.013437 0.036806 2 0.009819 0.775 0.452778 0.02875 0.051111 10 0.009125 0.508125 0.230556 0.034375 0.056667 2 0.008064 0.142266 0.661111 0.054219 0.073333 2 0.007317 0.99375 0.773333 0.0125 0.158889 2 0.007233 0.237813 0.559583 0.0275 0.053056 2 0.006512 0.993125 0.791667 0.01375 0.162222 0 0.00629 0.852813 0.467083 0.020625 0.055833 0 0.00547 0.980938 0.844167 0.036875 0.139444 4 0.004738 0.980938 0.844167 0.036875 0.139444 2 0.004608 0.571719 0.358472 0.017812 0.045278 2 0.004086 0.479531 0.220417 0.014687 0.030278 3 0.003651 0.980938 0.844167 0.036875 0.139444 2 0.003052 0.665 0.378194 0.025 0.033611 2 0.003027 0.852813 0.467083 0.020625 0.055833 2 0.002958 0.37 0.370556 0.021875 0.058333 10 0.002199 0.985 0.826389 0.03 0.342778 5 0.002108 0.665 0.378194 0.025 0.033611 3 0.001926 0.386406 0.253542 0.013438 0.032917 5 0.001755 0.664062 0.37625 0.024375 0.0325 2 0.001755 0.994375 0.749722 0.01125 0.169444 2 0.001727 0.387188 0.286528 0.013125 0.038056 7 0.001513 0.457344 0.248958 0.019063 0.03375 2 0.001461 0.460781 0.207986 0.013438 0.025972 2 0.001394 0.992813 0.811111 0.014375 0.198889 10 0.001346 0.983125 0.837222 0.03375 0.325556 3 0.0013 0.318438 0.31375 0.025 0.038611 4 0.001289 0.992813 0.629444 0.014375 0.116667 0 0.001279 0.403594 0.290972 0.015937 0.044167 2 0.001161 0.989688 0.795833 0.020625 0.162778 6 0.001099 0.985 0.826389 0.03 0.342778 2 0.001053 0.685313 0.401944 0.021875 0.031667
CCTV02^20260511-140000-20260511-142440_002469,7 0.837402 0.518594 0.364722 0.032188 0.074444 0 0.788086 0.267188 0.635 0.0425 0.087778 2 0.705566 0.924375 0.656944 0.045 0.089444 2 0.686035 0.8625 0.534722 0.03375 0.070556 2 0.624512 0.020122 0.873056 0.039521 0.117222 2 0.622559 0.68375 0.411944 0.02625 0.05 4 0.413086 0.836563 0.475417 0.036875 0.070278 2 0.361084 0.537188 0.309861 0.019375 0.038056 2 0.319092 0.163008 0.922222 0.060859 0.126667 2 0.281494 0.663438 0.385278 0.025625 0.048333 2 0.279785 0.377344 0.231111 0.016563 0.036389 2 0.088196 0.564844 0.312639 0.014687 0.039722 2 0.060516 0.98125 0.765833 0.0375 0.090556 3 0.054199 0.544375 0.472083 0.0375 0.084722 2 0.047607 0.538281 0.286806 0.015938 0.025833 2 0.040375 0.57875 0.332917 0.016875 0.035278 3 0.026352 0.4575 0.235833 0.013125 0.022778 3 0.026062 0.98375 0.931111 0.03125 0.137778 0 0.025864 0.163008 0.922222 0.060859 0.126667 9 0.016159 0.518594 0.364722 0.032188 0.074444 10 0.015541 0.325625 0.258681 0.029375 0.075417 10 0.00927 0.61 0.420139 0.07 0.151944 2 0.006985 0.9775 0.68 0.04125 0.081111 7 0.005512 0.544375 0.472083 0.0375 0.084722 2 0.004719 0.279609 0.559167 0.031719 0.059444 4 0.003736 0.518594 0.364722 0.032188 0.074444 2 0.002632 0.267188 0.635 0.0425 0.087778 3 0.002571 0.987813 0.927778 0.024375 0.144444 3 0.002541 0.462344 0.232431 0.014687 0.01875 3 0.002434 0.317969 0.313056 0.026563 0.039444 4 0.00227 0.544375 0.472083 0.0375 0.084722 7 0.002216 0.836563 0.475417 0.036875 0.070278 2 0.001741 0.995625 0.101076 0.00875 0.044514 2 0.001734 0.982813 0.733889 0.034375 0.132222 4 0.001372 0.9925 0.626667 0.015 0.116667 2 0.001179 0.989375 0.747222 0.02125 0.123333 2 0.001103 0.99375 0.725278 0.0125 0.153889 0 0.001099 0.537188 0.309861 0.019375 0.038056 9 0.001095 0.9925 0.626667 0.015 0.116667 2 0.001073 0.279531 0.556111 0.03 0.053333
CCTV02^20260511-140000-20260511-142440_002473,3 0.853027 0.4025 0.4025 0.025 0.051111 2 0.804199 0.59125 0.369583 0.02375 0.048611 2 0.746094 0.524219 0.335139 0.019688 0.044722 2 0.715332 0.648594 0.455 0.029062 0.055556 0 0.672363 0.304766 0.429444 0.020469 0.060556 2 0.662109 0.924063 0.658056 0.043125 0.088333 2 0.658203 0.271016 0.582222 0.037969 0.075556 3 0.62793 0.385625 0.323333 0.02125 0.044444 2 0.556641 0.020479 0.873333 0.040371 0.114444 1 0.550781 0.399688 0.352361 0.0125 0.035278 2 0.53125 0.665938 0.386944 0.023125 0.047222 1 0.373779 0.674688 0.483611 0.019375 0.057778 1 0.273682 0.605156 0.7 0.024062 0.072222 2 0.264404 0.776563 0.633611 0.044375 0.076111 2 0.243652 0.495781 0.263472 0.015313 0.035833 1 0.167725 0.398906 0.350556 0.012812 0.036111 2 0.114746 0.355156 0.282639 0.015938 0.043056 2 0.103027 0.723125 0.45625 0.03625 0.054722 1 0.096375 0.400938 0.358195 0.014375 0.038611 3 0.09436 0.715 0.546667 0.0525 0.077778 4 0.069519 0.432344 0.327222 0.027812 0.056667 1 0.068787 0.400156 0.35625 0.015313 0.043611 3 0.049957 0.98375 0.936667 0.0325 0.126667 2 0.046906 0.528594 0.300278 0.016563 0.033333 7 0.030563 0.432344 0.327222 0.027812 0.056667 1 0.028549 0.670313 0.434861 0.015625 0.046389 3 0.023422 0.470156 0.273194 0.015937 0.030278 2 0.014786 0.526094 0.276528 0.014063 0.029167 2 0.014008 0.237578 0.558889 0.027344 0.055556 2 0.012825 0.48625 0.223889 0.011875 0.0275 0 0.012627 0.398906 0.350556 0.012812 0.036111 3 0.012482 0.468906 0.272778 0.017813 0.030556 5 0.010818 0.385625 0.323333 0.02125 0.044444 9 0.010132 0.432344 0.327222 0.027812 0.056667 2 0.009895 0.473906 0.243403 0.012812 0.027083 2 0.009087 0.670313 0.434861 0.015625 0.046389 2 0.008125 0.508906 0.237569 0.013438 0.029861 2 0.007874 0.994687 0.733611 0.010625 0.108333 3 0.006512 0.442031 0.229444 0.018438 0.029167 2 0.00589 0.432344 0.327222 0.027812 0.056667 2 0.00573 0.977813 0.684167 0.041875 0.087222 2 0.005512 0.511406 0.236944 0.014063 0.028889 2 0.00547 0.845938 0.559167 0.023125 0.053889 0 0.004417 0.399688 0.352361 0.0125 0.035278 2 0.004364 0.529688 0.301667 0.015 0.032222 4 0.00428 0.774375 0.543611 0.035 0.069444 4 0.004265 0.433594 0.356806 0.022813 0.051944 4 0.003679 0.385625 0.323333 0.02125 0.044444 2 0.003389 0.399688 0.352361 0.0125 0.035278 3 0.003351 0.40125 0.239792 0.015625 0.025972 2 0.003197 0.774375 0.543611 0.035 0.069444 2 0.002935 0.398906 0.350556 0.012812 0.036111 2 0.002342 0.470156 0.273194 0.015937 0.030278 2 0.002306 0.471875 0.223472 0.01125 0.024167 10 0.002075 0.325781 0.258681 0.028437 0.075417 2 0.001912 0.994375 0.715556 0.01125 0.102222 1 0.001561 0.669063 0.43625 0.015625 0.043056 2 0.001478 0.53 0.305 0.01375 0.032778 2 0.00141 0.995625 0.75 0.00875 0.081111 3 0.001378 0.888438 0.601667 0.040625 0.066667 2 0.001197 0.511406 0.234236 0.014687 0.027917 2 0.001169 0.864062 0.536528 0.031875 0.070278 1 0.001161 0.671875 0.453194 0.01625 0.044722 2 0.001134 0.995938 0.101528 0.008125 0.040556 3 0.001116 0.318359 0.314028 0.023906 0.038056 2 0.001057 0.669063 0.43625 0.015625 0.043056 1 0.001 0.670313 0.425 0.015625 0.047778
CCTV02^20260511-140000-20260511-142440_002476,0 0.81543 0.320391 0.43625 0.021094 0.054167 2 0.81543 0.346719 0.485833 0.027188 0.065 2 0.743164 0.727188 0.455972 0.035625 0.0575 2 0.730957 0.648438 0.463472 0.030625 0.054167 2 0.725098 0.01957 0.870833 0.038789 0.116111 2 0.720215 0.635625 0.364583 0.02375 0.045833 2 0.715332 0.087754 0.739167 0.066367 0.082778 2 0.680664 0.285234 0.582222 0.034219 0.075556 2 0.673828 0.684688 0.510139 0.034375 0.064167 2 0.620605 0.51 0.314722 0.018125 0.042222 2 0.560059 0.538438 0.33375 0.01875 0.041944 4 0.525391 0.459219 0.444861 0.037188 0.084722 3 0.352295 0.524687 0.377639 0.026875 0.059722 2 0.334473 0.359219 0.308194 0.016562 0.043611 2 0.300781 0.358281 0.30875 0.017188 0.044167 2 0.270508 0.861875 0.531528 0.03375 0.0725 1 0.212036 0.474219 0.267778 0.012187 0.035 2 0.196777 0.653594 0.427778 0.027813 0.046667 4 0.185913 0.571719 0.575556 0.038438 0.085556 0 0.158203 0.653594 0.427778 0.027813 0.046667 9 0.11438 0.389375 0.52375 0.060625 0.126944 2 0.079224 0.542188 0.290139 0.016875 0.038611 10 0.060974 0.410938 0.270347 0.03625 0.085972 0 0.048126 0.341875 0.310972 0.015 0.040278 2 0.043518 0.758438 0.590833 0.040625 0.093889 2 0.037598 0.894687 0.698333 0.044375 0.084444 2 0.037201 0.341875 0.310972 0.015 0.040278 2 0.023773 0.955 0.723333 0.06 0.087778 3 0.023331 0.524531 0.3775 0.027812 0.059444 1 0.022537 0.473906 0.270903 0.012812 0.039861 3 0.021866 0.319375 0.3125 0.0225 0.038333 8 0.018478 0.389375 0.52375 0.060625 0.126944 2 0.017776 0.743437 0.771667 0.031875 0.06 2 0.015541 0.237656 0.559722 0.027813 0.053889 9 0.012482 0.459219 0.444861 0.037188 0.084722 4 0.011467 0.524687 0.377639 0.026875 0.059722 2 0.0112 0.995313 0.7375 0.009375 0.082778 7 0.010696 0.571719 0.575556 0.038438 0.085556 4 0.010208 0.590469 0.384583 0.030312 0.058056 4 0.010056 0.825625 0.50875 0.03875 0.078056 0 0.009636 0.459219 0.444861 0.037188 0.084722 2 0.008743 0.979062 0.881944 0.041875 0.135 2 0.007904 0.509688 0.315278 0.01875 0.043889 7 0.007786 0.459219 0.444861 0.037188 0.084722 7 0.006538 0.590469 0.384583 0.030312 0.058056 0 0.005001 0.785625 0.465694 0.03625 0.061944 2 0.004719 0.541875 0.288333 0.016875 0.036111 2 0.004539 0.777188 0.475833 0.031875 0.046111 11 0.003651 0.459219 0.444861 0.037188 0.084722 2 0.003607 0.485469 0.223889 0.016563 0.038333 2 0.003456 0.995938 0.100729 0.008125 0.039097 2 0.003273 0.995313 0.719722 0.009375 0.087222 7 0.002924 0.590156 0.383611 0.031563 0.061111 2 0.002472 0.99625 0.748889 0.0075 0.072222 2 0.002434 0.590469 0.384583 0.030312 0.058056 2 0.002398 0.785625 0.465694 0.03625 0.061944 0 0.002306 0.789375 0.466944 0.02625 0.051667 4 0.002216 0.590156 0.383611 0.031563 0.061111 3 0.001995 0.758438 0.590833 0.040625 0.093889 2 0.001861 0.780625 0.466389 0.03625 0.059444 3 0.001818 0.979062 0.881944 0.041875 0.135 2 0.001741 0.569375 0.295694 0.014375 0.034722 11 0.001681 0.389375 0.52375 0.060625 0.126944 0 0.001567 0.75625 0.625 0.035 0.072222 2 0.001484 0.581094 0.338194 0.022813 0.035833 3 0.001421 0.571719 0.575556 0.038438 0.085556 6 0.001235 0.389375 0.52375 0.060625 0.126944 4 0.001235 0.524531 0.3775 0.027812 0.059444
CCTV02^20260511-140000-20260511-142440_002480,9 0.824219 0.797188 0.459306 0.053125 0.100833 1 0.764648 0.404375 0.3375 0.01375 0.047222 2 0.700684 0.371563 0.324028 0.0175 0.0425 2 0.620605 0.711875 0.470556 0.0375 0.060556 2 0.584961 0.355156 0.377778 0.022813 0.054444 2 0.535156 0.019434 0.874444 0.038008 0.115556 2 0.11676 0.738125 0.459167 0.02625 0.055 2 0.093689 0.979688 0.683611 0.039375 0.088333 10 0.085693 0.30375 0.555556 0.064375 0.222222 2 0.069031 0.485469 0.228472 0.011562 0.025556 2 0.060516 0.896875 0.751111 0.0525 0.102222 2 0.055603 0.70375 0.428611 0.02625 0.043333 1 0.030441 0.405313 0.353056 0.013125 0.048333 2 0.025955 0.73875 0.459306 0.025 0.0525 2 0.021454 0.979375 0.831944 0.04125 0.119444 2 0.012672 0.238516 0.56125 0.026719 0.056389 2 0.010735 0.368906 0.222778 0.015937 0.037222 10 0.010246 0.325703 0.258333 0.029844 0.073889 0 0.01001 0.355156 0.377778 0.022813 0.054444 2 0.007755 0.473125 0.217153 0.01375 0.029306 2 0.005344 0.485469 0.232778 0.012813 0.026111 2 0.00415 0.995313 0.735556 0.009375 0.102222 2 0.003901 0.046758 0.500972 0.031172 0.078056 4 0.002234 0.9925 0.628056 0.015 0.105 1 0.002199 0.694375 0.489028 0.02125 0.044722 9 0.00202 0.9925 0.628056 0.015 0.105 2 0.001987 0.995938 0.760833 0.008125 0.118333 0 0.001867 0.772813 0.639444 0.036875 0.09 4 0.001839 0.355156 0.377778 0.022813 0.054444 2 0.001768 0.995313 0.716944 0.009375 0.106111 1 0.001727 0.691875 0.490833 0.02125 0.045556 1 0.001681 0.995938 0.553056 0.008125 0.055 3 0.001623 0.318047 0.313194 0.025156 0.039722 2 0.001525 0.995938 0.102014 0.008125 0.038194 2 0.001444 0.492344 0.225 0.012187 0.023333 2 0.001099 0.473438 0.215625 0.01375 0.02875 3 0.001028 0.473125 0.217153 0.01375 0.029306
CCTV02^20260511-140000-20260511-142440_002484,3 0.804199 0.536563 0.409167 0.030625 0.06 2 0.605957 0.540469 0.296528 0.020313 0.0425 3 0.529297 0.464688 0.444028 0.0275 0.054167 2 0.527344 0.206172 0.900833 0.061094 0.131667 2 0.515625 0.021318 0.874444 0.041895 0.115556 10 0.329346 0.435625 0.339444 0.03875 0.097778 2 0.297363 0.310781 0.528194 0.031562 0.068056 2 0.269043 0.713125 0.469167 0.03625 0.057222 2 0.1427 0.958438 0.723611 0.056875 0.087222 2 0.124634 0.343906 0.290972 0.014687 0.039167 2 0.10376 0.765 0.481528 0.02125 0.049722 4 0.076965 0.775 0.694167 0.0525 0.127222 2 0.028336 0.980625 0.791111 0.03875 0.096667 7 0.020966 0.775 0.694167 0.0525 0.127222 2 0.020721 0.485781 0.224583 0.012812 0.031389 2 0.013023 0.738125 0.459167 0.02625 0.056667 3 0.012238 0.660625 0.469583 0.04875 0.089722 2 0.01001 0.2375 0.558611 0.028437 0.057222 2 0.008514 0.738125 0.459028 0.02625 0.051944 2 0.007317 0.7625 0.499444 0.02 0.044444 10 0.006489 0.40875 0.244097 0.031875 0.073472 2 0.006363 0.760625 0.529167 0.0225 0.046111 2 0.005775 0.473125 0.2175 0.01375 0.030556 3 0.003565 0.987813 0.926944 0.024375 0.146111 10 0.003429 0.325859 0.256806 0.027031 0.070278 2 0.003429 0.807813 0.633889 0.025625 0.051111 9 0.003376 0.435625 0.339444 0.03875 0.097778 2 0.003248 0.360156 0.193403 0.012188 0.025139 2 0.00304 0.9925 0.774722 0.015 0.107222 4 0.002125 0.660625 0.469583 0.04875 0.089722 11 0.002108 0.435625 0.339444 0.03875 0.097778 0 0.002075 0.765 0.481528 0.02125 0.049722 1 0.001839 0.99625 0.555278 0.0075 0.055 2 0.001707 0.9925 0.628333 0.015 0.113333 2 0.001636 0.356406 0.191736 0.012188 0.026528 9 0.001574 0.380781 0.203958 0.017188 0.037917 2 0.001574 0.473281 0.215833 0.013438 0.029722 3 0.001325 0.791562 0.504306 0.023125 0.061389 2 0.001179 0.99625 0.101806 0.0075 0.037222 2 0.001179 0.740625 0.467639 0.02125 0.045278 2 0.001008 0.99375 0.910278 0.0125 0.138333
CCTV02^20260511-140000-20260511-142440_002488,2 0.794434 0.286016 0.513194 0.027656 0.064722 2 0.794434 0.085859 0.728611 0.0675 0.085 2 0.774414 0.687187 0.514167 0.029375 0.070556 3 0.73877 0.41875 0.300694 0.02125 0.040833 2 0.708984 0.930313 0.822222 0.061875 0.12 2 0.598145 0.020947 0.871945 0.04123 0.112778 2 0.478516 0.527188 0.283333 0.01875 0.039444 2 0.458984 0.378281 0.320972 0.019688 0.044722 2 0.390381 0.617969 0.346667 0.018437 0.043333 2 0.262939 0.7175 0.467083 0.0375 0.0525 7 0.209473 0.775 0.701111 0.05375 0.12 2 0.188354 0.79375 0.492917 0.02375 0.053056 4 0.149048 0.775 0.701111 0.05375 0.12 2 0.120422 0.991875 0.787778 0.01625 0.113333 0 0.066101 0.832187 0.519444 0.024375 0.061111 2 0.058777 0.505469 0.245556 0.016563 0.038889 1 0.024994 0.919063 0.666667 0.030625 0.068889 1 0.015671 0.920938 0.664445 0.025625 0.06 1 0.014114 0.328125 0.531667 0.029375 0.05 2 0.01133 0.72375 0.511528 0.03875 0.049167 2 0.009674 0.775 0.701111 0.05375 0.12 2 0.009636 0.754687 0.473333 0.029375 0.056667 4 0.006824 0.861563 0.699444 0.081875 0.126667 2 0.006264 0.989688 0.791945 0.020625 0.122778 1 0.006145 0.920313 0.653611 0.030625 0.071667 2 0.004574 0.9925 0.808333 0.015 0.114444 3 0.003914 0.72375 0.511528 0.03875 0.049167 2 0.003622 0.2375 0.559167 0.028125 0.052778 2 0.003593 0.995625 0.102361 0.00875 0.039167 0 0.003456 0.914688 0.639444 0.046875 0.09 1 0.00316 0.913125 0.645 0.045 0.082222 2 0.003124 0.617344 0.361806 0.016562 0.0425 2 0.003099 0.974688 0.682778 0.046875 0.09 1 0.003004 0.328359 0.521667 0.032656 0.057778 2 0.002855 0.914688 0.639444 0.046875 0.09 3 0.002855 0.751563 0.560278 0.080625 0.110556 3 0.002684 0.991875 0.787778 0.01625 0.113333 2 0.00255 0.774063 0.459306 0.021875 0.045833 0 0.002434 0.9925 0.808333 0.015 0.114444 2 0.002434 0.994375 0.695833 0.01125 0.086111 4 0.002369 0.914688 0.639444 0.046875 0.09 5 0.002209 0.869375 0.4725 0.055 0.066111 0 0.00202 0.286016 0.513194 0.027656 0.064722 10 0.001912 0.323125 0.40625 0.05125 0.139722 2 0.001796 0.994375 0.715278 0.01125 0.088333 1 0.001636 0.99625 0.552778 0.0075 0.05 0 0.001561 0.991875 0.787778 0.01625 0.113333 2 0.001367 0.362656 0.231042 0.016563 0.040139 2 0.00132 0.992188 0.683333 0.015625 0.103333 1 0.0013 0.991875 0.787778 0.01625 0.113333 2 0.001265 0.994375 0.748889 0.01125 0.146667 7 0.00123 0.914688 0.639444 0.046875 0.09 2 0.001169 0.876875 0.507778 0.03125 0.052222 2 0.001057 0.994375 0.817778 0.01125 0.104444 12 0.001017 0.994375 0.817778 0.01125 0.104444
CCTV02^20260511-140000-20260511-142440_002492,3 0.849121 0.436875 0.455972 0.0275 0.059167 2 0.763672 0.717188 0.475 0.038125 0.067222 2 0.754883 0.660937 0.4775 0.029375 0.061667 2 0.751953 0.380938 0.392361 0.021875 0.053611 2 0.728027 0.687187 0.443194 0.023125 0.056389 7 0.723145 0.590469 0.651945 0.047813 0.132778 2 0.704102 0.757188 0.556528 0.039375 0.076944 2 0.700684 0.360781 0.392778 0.019062 0.049444 2 0.654785 0.281719 0.686667 0.039687 0.085556 2 0.523438 0.022207 0.873333 0.043555 0.114444 2 0.490234 0.884688 0.694444 0.041875 0.084444 2 0.264404 0.525781 0.287639 0.017188 0.038611 9 0.2323 0.557187 0.505278 0.045 0.128333 2 0.078918 0.93625 0.713611 0.05 0.092778 7 0.029083 0.557187 0.505278 0.045 0.128333 2 0.025757 0.372969 0.27625 0.017813 0.041944 10 0.022537 0.600469 0.323056 0.065313 0.092778 2 0.012871 0.983125 0.735833 0.03375 0.096111 0 0.007549 0.757188 0.556528 0.039375 0.076944 9 0.006641 0.590469 0.651945 0.047813 0.132778 10 0.005844 0.492656 0.273611 0.044688 0.086667 12 0.004593 0.590469 0.651945 0.047813 0.132778 12 0.00358 0.557187 0.505278 0.045 0.128333 6 0.003376 0.557187 0.505278 0.045 0.128333 8 0.003273 0.557187 0.505278 0.045 0.128333 2 0.003197 0.238125 0.563194 0.032813 0.059167 3 0.002958 0.318047 0.312917 0.024531 0.038611 2 0.002333 0.995938 0.101944 0.008125 0.0375 10 0.001867 0.659219 0.7425 0.087812 0.210556 2 0.001623 0.466719 0.225625 0.013438 0.029861 11 0.001245 0.600469 0.323056 0.065313 0.092778 2 0.001197 0.995313 0.825833 0.009375 0.122778 2 0.001134 0.827813 0.547361 0.026875 0.065278
CCTV02^20260511-140000-20260511-142440_002496,2 0.773438 0.288281 0.588333 0.037812 0.076667 3 0.760742 0.435625 0.358472 0.025625 0.050833 2 0.725098 0.379531 0.413472 0.022812 0.056944 2 0.710449 0.587656 0.389306 0.024063 0.050278 2 0.660156 0.627813 0.415694 0.026875 0.054167 2 0.635254 0.379688 0.41375 0.0225 0.055278 2 0.615234 0.511563 0.311389 0.016875 0.037778 2 0.546875 0.804375 0.615 0.04375 0.08 2 0.537109 0.258203 0.846389 0.051094 0.122778 2 0.535156 0.92375 0.770556 0.055 0.112222 2 0.509766 0.556094 0.383333 0.022187 0.049444 2 0.509766 0.022739 0.873333 0.044521 0.113333 10 0.496094 0.668281 0.375139 0.070937 0.099722 2 0.424316 0.503281 0.288194 0.015938 0.031944 2 0.297363 0.534531 0.321806 0.016562 0.035833 9 0.286133 0.469219 0.453611 0.042812 0.116111 2 0.196777 0.72 0.473472 0.0375 0.061944 2 0.176636 0.694063 0.433056 0.034375 0.050556 2 0.14856 0.559219 0.330694 0.020313 0.039722 2 0.142212 0.719688 0.473056 0.038125 0.061667 2 0.085388 0.534844 0.318889 0.017188 0.036667 2 0.080627 0.503438 0.290417 0.015625 0.033611 2 0.064392 0.565781 0.345972 0.016562 0.034722 2 0.046387 0.965938 0.894444 0.063125 0.12 2 0.025757 0.546875 0.310556 0.015 0.032222 2 0.025558 0.99375 0.827778 0.0125 0.094444 10 0.024139 0.659375 0.804722 0.15125 0.380556 2 0.017639 0.991562 0.859722 0.016875 0.106111 2 0.017517 0.56125 0.334167 0.02125 0.039444 2 0.015717 0.904375 0.662778 0.045 0.09 2 0.014954 0.237891 0.562361 0.030156 0.0575 2 0.012238 0.556563 0.345 0.014375 0.032222 4 0.011597 0.435625 0.358472 0.025625 0.050833 2 0.009819 0.9925 0.843889 0.015 0.122222 2 0.008919 0.522188 0.253125 0.015 0.032083 2 0.007095 0.989375 0.868056 0.02125 0.116111 4 0.00433 0.989688 0.851111 0.020625 0.122222 2 0.00425 0.522188 0.251389 0.015625 0.03 10 0.003483 0.323281 0.401667 0.051562 0.138889 2 0.003052 0.546562 0.304861 0.01625 0.0325 2 0.003004 0.53375 0.298056 0.015625 0.03 4 0.001912 0.9925 0.843889 0.015 0.122222 5 0.001681 0.435625 0.358472 0.025625 0.050833 3 0.001649 0.9925 0.843889 0.015 0.122222 2 0.001574 0.8125 0.628333 0.03375 0.06 2 0.001561 0.991562 0.873611 0.016875 0.135 7 0.001427 0.469219 0.453611 0.042812 0.116111 2 0.001394 0.995938 0.103229 0.008125 0.041597 3 0.001378 0.99375 0.827778 0.0125 0.094444 2 0.001116 0.538281 0.257847 0.016563 0.029861 2 0.001012 0.990938 0.834167 0.018125 0.113889
CCTV02^20260511-140000-20260511-142440_002500,3 0.834473 0.421094 0.355278 0.023438 0.05 10 0.829102 0.668594 0.376389 0.071563 0.101667 2 0.782715 0.345781 0.465972 0.028438 0.064167 3 0.751953 0.494375 0.319583 0.024375 0.044167 2 0.713867 0.741563 0.555417 0.036875 0.068056 2 0.682617 0.705313 0.465 0.039375 0.053889 10 0.629883 0.550156 0.371528 0.062187 0.136944 2 0.577637 0.765625 0.535972 0.03375 0.063611 2 0.482422 0.022158 0.873611 0.043496 0.113889 2 0.399902 0.734063 0.452361 0.028125 0.051944 2 0.341553 0.5325 0.270694 0.01875 0.036389 2 0.327637 0.608125 0.407639 0.020625 0.059167 4 0.297363 0.430625 0.476667 0.03875 0.085 2 0.273682 0.937813 0.715 0.051875 0.092222 2 0.240723 0.326641 0.339861 0.017344 0.048056 2 0.147583 0.88 0.6875 0.0425 0.085 7 0.145142 0.430625 0.476667 0.03875 0.085 2 0.104126 0.975313 0.861111 0.048125 0.118889 10 0.056641 0.550938 0.371944 0.063125 0.137222 2 0.033325 0.473438 0.218056 0.0175 0.035833 2 0.019714 0.565781 0.41875 0.030937 0.044722 10 0.019562 0.358281 0.307917 0.039062 0.098611 3 0.016586 0.318203 0.3125 0.022969 0.037222 2 0.014671 0.820625 0.777778 0.04125 0.08 2 0.013428 0.576406 0.417639 0.017812 0.041944 2 0.013275 0.375 0.208681 0.013125 0.030417 2 0.006668 0.776875 0.446528 0.02375 0.051389 0 0.006439 0.608125 0.407639 0.020625 0.059167 1 0.005959 0.576406 0.417639 0.017812 0.041944 2 0.005959 0.237422 0.561111 0.029844 0.056667 4 0.005619 0.494375 0.319583 0.024375 0.044167 2 0.005554 0.8125 0.461667 0.02875 0.048889 2 0.005081 0.556563 0.421389 0.021875 0.037778 9 0.003635 0.430625 0.476667 0.03875 0.085 10 0.003593 0.325469 0.258333 0.029063 0.071111 2 0.003429 0.88 0.686667 0.0425 0.084444 1 0.003351 0.608125 0.407639 0.020625 0.059167 2 0.002541 0.566563 0.429167 0.034375 0.060556 2 0.002512 0.812188 0.5725 0.033125 0.072778 5 0.002502 0.421094 0.355278 0.023438 0.05 2 0.002234 0.995625 0.101354 0.00875 0.038681 2 0.001824 0.994063 0.895 0.011875 0.128889 0 0.001636 0.766875 0.479583 0.03125 0.041944 2 0.001525 0.82125 0.788333 0.03625 0.067778 11 0.001341 0.668594 0.376389 0.071563 0.101667 2 0.001099 0.766875 0.479583 0.03125 0.041944
CCTV02^20260511-140000-20260511-142440_002504,10 0.767578 0.667969 0.375139 0.071562 0.099167 2 0.699219 0.689063 0.441667 0.033125 0.056111 2 0.663574 0.535625 0.293611 0.02125 0.042222 2 0.550781 0.736563 0.457222 0.031875 0.055 2 0.542969 0.022432 0.873611 0.044043 0.113889 3 0.521484 0.476562 0.275139 0.0225 0.039167 3 0.20813 0.318438 0.312778 0.021875 0.036667 2 0.146118 0.80375 0.50875 0.02375 0.040833 2 0.132568 0.858438 0.465 0.029375 0.064444 2 0.117554 0.299375 0.395556 0.02 0.048889 0 0.088806 0.80375 0.50875 0.02375 0.040833 2 0.071594 0.9075 0.708611 0.0525 0.086111 0 0.037476 0.9275 0.848056 0.0525 0.108333 10 0.03595 0.325938 0.258681 0.028125 0.073194 2 0.027374 0.472656 0.216944 0.012813 0.0275 2 0.016586 0.9275 0.848056 0.0525 0.108333 10 0.015961 0.856563 0.844444 0.209375 0.311111 10 0.015717 0.363281 0.183333 0.020937 0.053889 2 0.012527 0.237734 0.560972 0.030469 0.054722 2 0.01107 0.378594 0.215625 0.014687 0.034861 2 0.010368 0.379375 0.215903 0.014375 0.032917 2 0.009232 0.299766 0.39625 0.020156 0.049167 4 0.008781 0.80375 0.50875 0.02375 0.040833 2 0.008614 0.485625 0.220556 0.01125 0.028333 2 0.008064 0.473594 0.215139 0.012813 0.026667 2 0.006264 0.980313 0.716389 0.039375 0.088333 4 0.005161 0.9275 0.848056 0.0525 0.108333 3 0.005039 0.80375 0.50875 0.02375 0.040833 2 0.004868 0.379219 0.213889 0.014688 0.030278 0 0.004772 0.805 0.485833 0.025 0.045 2 0.004181 0.805 0.485833 0.025 0.045 2 0.003511 0.462656 0.219653 0.012813 0.02625 2 0.003351 0.995625 0.8175 0.00875 0.093889 0 0.003185 0.994687 0.828889 0.010625 0.08 2 0.003124 0.377969 0.214028 0.014063 0.033056 1 0.002867 0.994687 0.828889 0.010625 0.08 0 0.002779 0.8775 0.779167 0.035 0.081667 0 0.002541 0.995625 0.8175 0.00875 0.093889 2 0.002522 0.925625 0.651944 0.0425 0.075 2 0.002068 0.994687 0.828889 0.010625 0.08 2 0.001897 0.992188 0.815278 0.015625 0.108333 1 0.001649 0.991875 0.8275 0.01625 0.083889 2 0.001636 0.996875 0.796667 0.00625 0.134444 1 0.001525 0.995625 0.8175 0.00875 0.093889 2 0.001346 0.454531 0.220833 0.018438 0.0325 0 0.001151 0.880938 0.775833 0.039375 0.091667 0 0.001048 0.991875 0.8275 0.01625 0.083889 2 0.001017 0.485625 0.212708 0.01125 0.026806
CCTV02^20260511-140000-20260511-142440_002508,9 0.954102 0.604219 0.402778 0.050313 0.081111 2 0.855957 0.620313 0.567361 0.0325 0.078611 10 0.854004 0.668125 0.377083 0.0725 0.109167 1 0.763672 0.544375 0.453889 0.014375 0.046111 2 0.757812 0.6975 0.470972 0.03375 0.061389 2 0.633301 0.925625 0.6575 0.04375 0.086111 2 0.556641 0.024854 0.875278 0.048887 0.115 2 0.476562 0.573594 0.432361 0.017813 0.049167 2 0.458984 0.971875 0.794167 0.05375 0.102778 2 0.375732 0.651563 0.410278 0.029375 0.044444 9 0.30249 0.394844 0.204097 0.028438 0.059028 2 0.27832 0.564531 0.432361 0.014687 0.049722 1 0.235107 0.291953 0.688333 0.022656 0.068889 0 0.229492 0.803438 0.523056 0.024375 0.056111 5 0.213379 0.582344 0.291944 0.024062 0.044444 3 0.175537 0.318516 0.311667 0.022344 0.038333 0 0.146118 0.774375 0.461111 0.025 0.058333 2 0.086914 0.85625 0.464583 0.03 0.061944 2 0.040833 0.859375 0.533611 0.04 0.070556 5 0.035828 0.579531 0.290556 0.030312 0.05 1 0.034607 0.564531 0.432361 0.014687 0.049722 2 0.029648 0.472969 0.217083 0.015312 0.031944 3 0.024887 0.60375 0.35875 0.02 0.028611 2 0.023148 0.78375 0.620278 0.03625 0.067222 10 0.017044 0.394844 0.204097 0.028438 0.059028 4 0.010368 0.795625 0.590278 0.055 0.091667 0 0.008781 0.564531 0.432361 0.014687 0.049722 2 0.008446 0.774375 0.461111 0.025 0.058333 2 0.007812 0.749375 0.393194 0.02625 0.040278 10 0.007637 0.325781 0.258472 0.029063 0.074167 0 0.007149 0.573594 0.432361 0.017813 0.049167 3 0.006851 0.985 0.926389 0.02875 0.121667 2 0.006824 0.237344 0.5575 0.028125 0.055 2 0.006588 0.573281 0.430417 0.019062 0.050278 3 0.005867 0.34125 0.163611 0.0125 0.021389 11 0.005428 0.604219 0.402778 0.050313 0.081111 2 0.004005 0.282188 0.387222 0.018125 0.046111 3 0.003975 0.582344 0.291944 0.024062 0.044444 2 0.00378 0.803438 0.523056 0.024375 0.056111 2 0.003721 0.749687 0.393333 0.025625 0.039444 10 0.003063 0.604219 0.402778 0.050313 0.081111 12 0.003016 0.394844 0.204097 0.028438 0.059028 3 0.002846 0.604844 0.362917 0.024063 0.035833 3 0.002581 0.34125 0.161806 0.013125 0.022222 2 0.002083 0.78375 0.611111 0.04125 0.085556 1 0.001987 0.573594 0.432361 0.017813 0.049167 2 0.001597 0.784688 0.61 0.035625 0.073333 2 0.00141 0.981563 0.680556 0.036875 0.09 7 0.001389 0.795625 0.590278 0.055 0.091667 4 0.001383 0.859375 0.533611 0.04 0.070556 6 0.001367 0.394844 0.204097 0.028438 0.059028 7 0.00132 0.859375 0.533611 0.04 0.070556 2 0.001305 0.172852 0.7525 0.060547 0.136111 0 0.001179 0.544375 0.453889 0.014375 0.046111 1 0.001161 0.563906 0.440972 0.013438 0.039722 0 0.001107 0.760938 0.454583 0.036875 0.068056
CCTV02^20260511-140000-20260511-142440_002512,10 0.916504 0.434531 0.387222 0.040938 0.126667 5 0.853027 0.632344 0.348056 0.026563 0.055 10 0.829102 0.671875 0.379583 0.0625 0.103056 2 0.777344 0.747188 0.530694 0.034375 0.069722 2 0.754883 0.355781 0.468472 0.029687 0.0625 2 0.624512 0.69875 0.444722 0.03125 0.059444 2 0.605957 0.022627 0.875 0.04459 0.115556 2 0.422607 0.925625 0.656389 0.0425 0.083889 3 0.388672 0.31875 0.313194 0.021875 0.0375 2 0.329346 0.882187 0.642778 0.031875 0.063333 2 0.204346 0.81125 0.548611 0.02875 0.072778 2 0.201782 0.375938 0.283056 0.018125 0.046111 2 0.15564 0.794375 0.486667 0.02375 0.060556 2 0.092712 0.876563 0.555833 0.033125 0.067222 4 0.072083 0.939375 0.828889 0.12 0.205556 9 0.065369 0.939375 0.828889 0.12 0.205556 0 0.062561 0.355469 0.295417 0.015937 0.045278 7 0.022202 0.939375 0.828889 0.12 0.205556 0 0.020248 0.939375 0.828889 0.12 0.205556 2 0.017914 0.485625 0.226736 0.016875 0.033472 0 0.016464 0.794375 0.486667 0.02375 0.060556 2 0.012009 0.238438 0.558889 0.029375 0.056667 1 0.009018 0.325078 0.466806 0.017344 0.070278 2 0.006565 0.847188 0.558611 0.028125 0.068333 2 0.006073 0.645469 0.415972 0.015312 0.040278 2 0.00518 0.355469 0.295417 0.015937 0.045278 10 0.004299 0.325625 0.258611 0.02875 0.073889 1 0.002693 0.324141 0.461111 0.016719 0.064444 0 0.002684 0.375938 0.283056 0.018125 0.046111 11 0.002398 0.939375 0.828889 0.12 0.205556 2 0.00227 0.632344 0.348056 0.026563 0.055 2 0.00227 0.979688 0.684722 0.039375 0.088333 2 0.001987 0.751875 0.487222 0.0275 0.043889 2 0.001942 0.994687 0.731389 0.010625 0.089444
CCTV02^20260511-140000-20260511-142440_002813,10 0.909668 0.294688 0.5875 0.101875 0.230556 2 0.90332 0.160313 0.685556 0.044375 0.084444 10 0.877441 0.559531 0.364583 0.059688 0.121389 2 0.856934 0.316094 0.386806 0.019688 0.049167 3 0.836426 0.319219 0.311944 0.022813 0.036667 2 0.827637 0.737813 0.487083 0.036875 0.064167 2 0.811523 0.678438 0.484444 0.031875 0.060556 5 0.767578 0.635938 0.348333 0.034375 0.055556 3 0.746094 0.50875 0.298472 0.02375 0.035833 3 0.730957 0.761875 0.687778 0.07 0.107778 2 0.70752 0.630313 0.383611 0.026875 0.046667 2 0.677246 0.924688 0.648333 0.046875 0.083333 3 0.645996 0.502813 0.340694 0.02875 0.054722 2 0.464844 0.873125 0.547778 0.04625 0.067778 2 0.336426 0.630313 0.383611 0.025625 0.047222 2 0.264404 0.232344 0.641944 0.031875 0.063889 2 0.210815 0.97875 0.684444 0.0425 0.085556 3 0.165649 0.976875 0.787778 0.04625 0.133333 2 0.038452 0.834688 0.542361 0.023125 0.0675 0 0.036896 0.834688 0.542361 0.023125 0.0675 3 0.036499 0.50875 0.298472 0.0225 0.035278 3 0.030106 0.468594 0.268264 0.022187 0.037361 1 0.021362 0.853438 0.645556 0.021875 0.055556 2 0.017441 0.808125 0.459028 0.025 0.051944 4 0.016342 0.493437 0.254375 0.019375 0.039028 2 0.015488 0.995 0.900556 0.01 0.121111 3 0.012482 0.318984 0.3125 0.022031 0.036667 2 0.010406 0.978438 0.684167 0.041875 0.083889 2 0.009743 0.995938 0.885833 0.008125 0.126111 5 0.008743 0.63625 0.346944 0.035 0.055 0 0.005363 0.678438 0.484444 0.031875 0.060556 2 0.004055 0.994063 0.924722 0.011875 0.122778 5 0.003975 0.502813 0.340694 0.02875 0.054722 4 0.003551 0.839688 0.647778 0.045625 0.084444 2 0.003351 0.996875 0.87 0.00625 0.154444 2 0.003124 0.994375 0.913889 0.01125 0.116667 2 0.002653 0.976875 0.787778 0.04625 0.133333 2 0.002434 0.493437 0.254375 0.019375 0.039028 2 0.002342 0.9925 0.889167 0.015 0.141667 2 0.002279 0.991562 0.902778 0.016875 0.125556 3 0.002192 0.873125 0.547778 0.04625 0.067778 3 0.002068 0.99125 0.873333 0.0175 0.253333 0 0.002035 0.995938 0.885833 0.008125 0.126111 2 0.001926 0.156602 0.436111 0.017422 0.051667 1 0.001867 0.995938 0.885833 0.008125 0.126111 0 0.00172 0.570938 0.295 0.0175 0.043333 2 0.001714 0.842188 0.563611 0.034375 0.078333 0 0.001681 0.995 0.900556 0.01 0.121111 2 0.001649 0.57625 0.40875 0.020625 0.0425 1 0.001649 0.857813 0.598889 0.026875 0.057778 1 0.001611 0.570938 0.295 0.0175 0.043333 2 0.001325 0.853438 0.645556 0.021875 0.055556 1 0.001289 0.848437 0.646667 0.033125 0.071111 7 0.001269 0.502813 0.340694 0.02875 0.054722 2 0.001269 0.845 0.577222 0.0375 0.072222 2 0.001197 0.848437 0.646667 0.033125 0.071111 10 0.001147 0.502813 0.340694 0.02875 0.054722 2 0.001107 0.635938 0.348333 0.034375 0.055556 2 0.00109 0.99375 0.933889 0.0125 0.114444 1 0.001081 0.995 0.900556 0.01 0.121111 2 0.001032 0.839688 0.647778 0.045625 0.084444
CCTV02^20260511-140000-20260511-142440_002817,4 0.94873 0.550938 0.409861 0.03 0.061944 10 0.924805 0.646406 0.575278 0.104688 0.231667 2 0.895508 0.160625 0.685556 0.044062 0.084444 5 0.889648 0.63625 0.346944 0.035 0.058333 2 0.85498 0.267969 0.570278 0.029687 0.062778 2 0.831055 0.345625 0.562917 0.03125 0.068611 2 0.789062 0.315859 0.385972 0.019531 0.046944 2 0.786621 0.172891 0.933611 0.059844 0.119444 3 0.774414 0.318516 0.312222 0.022344 0.036667 2 0.769043 0.71375 0.443611 0.02875 0.057778 2 0.757812 0.929062 0.698889 0.049375 0.092222 2 0.744629 0.296406 0.523056 0.039375 0.053889 2 0.73877 0.853438 0.531389 0.034375 0.065 2 0.694336 0.337187 0.507083 0.026875 0.059167 10 0.680664 0.392031 0.297222 0.033438 0.095556 2 0.67041 0.882812 0.555556 0.038125 0.064444 2 0.414795 0.306719 0.496667 0.029063 0.052222 10 0.414795 0.64625 0.574444 0.105 0.232222 1 0.405518 0.046729 0.758333 0.04709 0.058889 3 0.324219 0.767812 0.433194 0.040625 0.054167 4 0.221313 0.329531 0.914445 0.083438 0.122222 3 0.133911 0.329531 0.914445 0.083438 0.122222 2 0.045868 0.979375 0.6825 0.03875 0.092778 0 0.032349 0.306719 0.496667 0.029063 0.052222 5 0.030792 0.329531 0.914445 0.083438 0.122222 2 0.020721 0.925625 0.640833 0.04625 0.069444 2 0.018539 0.98 0.830556 0.04 0.114444 4 0.007755 0.548594 0.380417 0.022812 0.040833 0 0.007519 0.302969 0.513333 0.035937 0.056667 2 0.007149 0.302969 0.513333 0.035937 0.056667 0 0.007011 0.337187 0.507083 0.026875 0.059167 2 0.006931 0.548594 0.380417 0.022812 0.040833 0 0.0051 0.046729 0.758333 0.04709 0.058889 2 0.00399 0.307734 0.5075 0.028281 0.055 2 0.002611 0.995938 0.548333 0.008125 0.046667 0 0.002388 0.98 0.830556 0.04 0.114444 2 0.002234 0.63625 0.346944 0.035 0.058333 5 0.002199 0.767812 0.433194 0.040625 0.054167 9 0.002068 0.329531 0.914445 0.083438 0.122222 7 0.001875 0.550938 0.409861 0.03 0.061944 2 0.001325 0.99625 0.557361 0.0075 0.051944 0 0.001073 0.992813 0.624444 0.014375 0.086667
CCTV02^20260511-140000-20260511-142440_002821,2 0.901367 0.160547 0.686111 0.044844 0.083333 5 0.893066 0.636563 0.347222 0.033125 0.054444 2 0.885742 0.810312 0.529306 0.026875 0.059167 2 0.856934 0.729375 0.548056 0.035 0.075 3 0.852051 0.775 0.5075 0.05125 0.069444 4 0.851074 0.435313 0.379444 0.0225 0.051111 2 0.805664 0.315625 0.386806 0.019375 0.048611 2 0.799316 0.295234 0.526667 0.037656 0.06 2 0.78418 0.609688 0.369583 0.02375 0.045278 3 0.78125 0.318828 0.312222 0.022969 0.037778 2 0.78125 0.714063 0.44375 0.029375 0.0575 2 0.746094 0.924688 0.648889 0.044375 0.085556 1 0.73584 0.349219 0.36 0.013438 0.036667 2 0.660156 0.978438 0.684444 0.041875 0.087778 2 0.562012 0.8825 0.555556 0.03875 0.066667 2 0.550781 0.268047 0.571389 0.029219 0.059444 2 0.492188 0.367344 0.314167 0.016563 0.033889 0 0.414795 0.377187 0.339722 0.016875 0.043333 10 0.300781 0.649687 0.488611 0.080625 0.155 2 0.286133 0.267969 0.571389 0.029687 0.060556 2 0.172119 0.99125 0.807778 0.0175 0.095556 2 0.133911 0.377187 0.339722 0.016875 0.043333 2 0.065125 0.506094 0.26375 0.015937 0.031944 2 0.057281 0.609688 0.369167 0.023125 0.045 2 0.0354 0.989688 0.808611 0.020625 0.093889 0 0.027588 0.435313 0.379444 0.0225 0.051111 0 0.016342 0.855 0.565833 0.025 0.058333 9 0.016098 0.649687 0.488611 0.080625 0.155 2 0.013901 0.989375 0.815556 0.02125 0.104444 2 0.012146 0.852813 0.518333 0.024375 0.051111 0 0.008713 0.99125 0.807778 0.0175 0.095556 3 0.007404 0.99125 0.807778 0.0175 0.095556 4 0.005981 0.99125 0.807778 0.0175 0.095556 4 0.005039 0.989688 0.808611 0.020625 0.093889 2 0.004398 0.855 0.565833 0.025 0.058333 2 0.003511 0.636563 0.347222 0.033125 0.054444 2 0.003511 0.435313 0.379444 0.0225 0.051111 3 0.003389 0.989688 0.808611 0.020625 0.093889 0 0.003088 0.992188 0.618889 0.015625 0.08 3 0.002481 0.318828 0.311944 0.022969 0.037222 2 0.002453 0.515781 0.257083 0.013437 0.0275 2 0.002434 0.992188 0.826667 0.015625 0.122222 0 0.002388 0.995313 0.6375 0.009375 0.100556 3 0.002253 0.990625 0.860556 0.01875 0.23 2 0.0021 0.9925 0.948056 0.015 0.103889 2 0.001995 0.995313 0.6375 0.009375 0.100556 3 0.001755 0.99 0.795556 0.01875 0.097778 0 0.001597 0.989688 0.808611 0.020625 0.093889 2 0.001579 0.99375 0.936389 0.0125 0.121667 0 0.001574 0.295234 0.526667 0.037656 0.06 2 0.001561 0.99 0.795556 0.01875 0.097778 2 0.001549 0.99625 0.734167 0.0075 0.117222 2 0.001455 0.99625 0.103021 0.0075 0.045903 7 0.001389 0.435313 0.379444 0.0225 0.051111 1 0.001389 0.99125 0.807778 0.0175 0.095556 1 0.001378 0.349375 0.359861 0.011875 0.035278 2 0.001372 0.995938 0.769167 0.008125 0.125 0 0.001335 0.854062 0.551667 0.023125 0.058889 3 0.001285 0.995938 0.769167 0.008125 0.125 3 0.001216 0.852813 0.518333 0.024375 0.051111 2 0.001188 0.995 0.711944 0.01 0.078333 2 0.001188 0.992813 0.958611 0.014375 0.082778 0 0.001151 0.315625 0.386806 0.019375 0.048611 1 0.001112 0.855 0.565833 0.025 0.058333 2 0.001081 0.854062 0.551667 0.023125 0.058889 3 0.001073 0.993438 0.833611 0.013125 0.216111
CCTV02^20260511-140000-20260511-142440_002825,10 0.94043 0.538125 0.346111 0.055625 0.125556 5 0.888672 0.636406 0.348056 0.034687 0.057222 2 0.875 0.268281 0.570556 0.029687 0.061111 2 0.872559 0.16375 0.681667 0.049688 0.074444 2 0.86084 0.294609 0.525972 0.037344 0.055833 3 0.854004 0.742188 0.515278 0.071875 0.063889 9 0.852051 0.579688 0.504444 0.053125 0.105556 2 0.823242 0.315859 0.386528 0.018906 0.045833 3 0.813965 0.318828 0.312917 0.021719 0.035278 3 0.804199 0.141992 0.752222 0.111016 0.094444 2 0.792969 0.66 0.403472 0.02875 0.0475 2 0.777344 0.794688 0.488611 0.040625 0.051111 2 0.757812 0.665938 0.470278 0.031875 0.055556 2 0.744629 0.9325 0.663889 0.0425 0.088889 2 0.654785 0.882812 0.554306 0.041875 0.069167 2 0.611328 0.841875 0.570278 0.03375 0.061667 0 0.345215 0.970625 0.922222 0.05625 0.115556 2 0.177856 0.991562 0.802778 0.016875 0.086667 4 0.155029 0.497656 0.283472 0.022813 0.036389 7 0.118408 0.579688 0.504444 0.053125 0.105556 2 0.070312 0.734062 0.475972 0.041875 0.043056 2 0.045013 0.970625 0.922222 0.05625 0.115556 2 0.036224 0.99 0.803889 0.02 0.085556 2 0.033325 0.978438 0.683056 0.040625 0.091667 2 0.032349 0.497656 0.283472 0.022813 0.036389 0 0.012726 0.991562 0.802778 0.016875 0.086667 4 0.01033 0.991562 0.802778 0.016875 0.086667 3 0.008446 0.991562 0.802778 0.016875 0.086667 4 0.008347 0.579688 0.504444 0.053125 0.105556 2 0.007668 0.877188 0.511944 0.028125 0.051667 4 0.006588 0.99 0.803889 0.02 0.085556 3 0.006413 0.497656 0.283472 0.022813 0.036389 2 0.0056 0.993438 0.819444 0.013125 0.103333 2 0.004772 0.636406 0.348056 0.034687 0.057222 3 0.004383 0.318906 0.312639 0.022187 0.035278 2 0.00289 0.995 0.713611 0.01 0.082778 2 0.002846 0.995625 0.738056 0.00875 0.121667 3 0.002823 0.99 0.803889 0.02 0.085556 1 0.00202 0.991562 0.802778 0.016875 0.086667 2 0.001949 0.995625 0.767778 0.00875 0.131111 0 0.001707 0.497656 0.283472 0.022813 0.036389 0 0.001549 0.99 0.803889 0.02 0.085556 3 0.001543 0.841875 0.570278 0.03375 0.061667 3 0.001421 0.995625 0.767778 0.00875 0.131111 0 0.00141 0.66 0.403472 0.02875 0.0475 2 0.001315 0.990625 0.791111 0.01875 0.095556 2 0.001249 0.995938 0.548333 0.008125 0.053333 1 0.001156 0.841875 0.570278 0.03375 0.061667 3 0.001143 0.990625 0.791111 0.01875 0.095556 4 0.00106 0.535156 0.255903 0.019063 0.033194 3 0.001048 0.579688 0.504444 0.053125 0.105556
CCTV02^20260511-140000-20260511-142440_002829,4 0.949707 0.674375 0.466111 0.04125 0.081667 2 0.896484 0.160273 0.686667 0.043828 0.084444 5 0.891113 0.636406 0.348333 0.034687 0.056667 3 0.875977 0.745 0.514444 0.07375 0.063333 2 0.870605 0.268125 0.571389 0.03 0.061667 2 0.865234 0.294688 0.525278 0.037188 0.055 2 0.849121 0.827813 0.536667 0.026875 0.066667 2 0.820801 0.315781 0.386389 0.018438 0.047222 2 0.812988 0.564063 0.373333 0.02 0.044444 3 0.792969 0.31875 0.313056 0.021875 0.036667 2 0.733887 0.918125 0.648056 0.04375 0.087222 2 0.658203 0.705938 0.447083 0.033125 0.059167 2 0.558105 0.989375 0.951667 0.02125 0.093333 2 0.405518 0.860625 0.576111 0.03 0.071111 2 0.259766 0.991562 0.803889 0.016875 0.092222 2 0.204346 0.881875 0.556806 0.04125 0.0675 3 0.082703 0.383437 0.273472 0.018125 0.034167 0 0.069519 0.705938 0.447083 0.033125 0.059167 2 0.057709 0.979062 0.685 0.041875 0.096667 2 0.046539 0.99 0.805278 0.02 0.095 4 0.045349 0.836563 0.689444 0.081875 0.115556 4 0.026352 0.738438 0.836111 0.075625 0.181111 9 0.020798 0.736875 0.821111 0.09125 0.208889 4 0.015778 0.741875 0.826389 0.0875 0.202778 0 0.015251 0.991562 0.803889 0.016875 0.092222 7 0.01133 0.741875 0.826389 0.0875 0.202778 2 0.007175 0.636406 0.348333 0.034687 0.056667 2 0.007095 0.876875 0.511528 0.0275 0.049167 3 0.005665 0.991562 0.803889 0.016875 0.092222 1 0.004791 0.991562 0.803889 0.016875 0.092222 2 0.004486 0.9925 0.818056 0.015 0.101667 2 0.004265 0.99625 0.735556 0.0075 0.101111 7 0.004135 0.736875 0.821111 0.09125 0.208889 0 0.003607 0.860625 0.576111 0.03 0.071111 0 0.003469 0.736875 0.821111 0.09125 0.208889 4 0.003389 0.991562 0.803889 0.016875 0.092222 9 0.003351 0.740938 0.820278 0.095625 0.211667 2 0.002714 0.995625 0.77 0.00875 0.128889 7 0.002642 0.738438 0.836111 0.075625 0.181111 4 0.002369 0.860625 0.576111 0.03 0.071111 7 0.002342 0.836563 0.689444 0.081875 0.115556 7 0.002068 0.836563 0.679167 0.078125 0.135 2 0.001912 0.995625 0.712778 0.00875 0.077778 3 0.001796 0.99 0.805278 0.02 0.095 1 0.001649 0.99 0.805278 0.02 0.095 3 0.001585 0.995625 0.77 0.00875 0.128889 2 0.001478 0.989375 0.81 0.02125 0.097778 4 0.00141 0.99 0.805278 0.02 0.095 0 0.001325 0.99 0.805278 0.02 0.095 0 0.001315 0.740938 0.820278 0.095625 0.211667 4 0.001289 0.535313 0.254792 0.02125 0.037083 0 0.001095 0.836563 0.679167 0.078125 0.135 7 0.001057 0.743437 0.816389 0.099375 0.209444
CCTV02^20260511-140000-20260511-142440_002833,4 0.915527 0.355312 0.523889 0.038125 0.077778 2 0.90332 0.162734 0.686667 0.050781 0.083333 3 0.902832 0.742813 0.508056 0.074375 0.061667 2 0.888672 0.895938 0.669722 0.048125 0.088333 5 0.88623 0.63625 0.348056 0.035 0.057778 2 0.872559 0.268359 0.57 0.029219 0.061111 2 0.866211 0.811563 0.502361 0.028125 0.066389 2 0.85498 0.294141 0.525278 0.037031 0.057222 2 0.853027 0.396875 0.377083 0.020625 0.0475 4 0.827637 0.643125 0.619167 0.055 0.102778 2 0.817383 0.315781 0.386806 0.019688 0.0475 2 0.796875 0.682187 0.498333 0.031875 0.060556 3 0.791992 0.318828 0.312917 0.021719 0.035833 2 0.57373 0.979375 0.685 0.04125 0.094444 2 0.399902 0.880625 0.581111 0.03625 0.074444 2 0.191895 0.991562 0.805833 0.016875 0.092778 2 0.05127 0.926562 0.651111 0.036875 0.084444 2 0.031372 0.99 0.8075 0.02 0.093889 3 0.017044 0.318906 0.312639 0.022187 0.035833 7 0.012383 0.643125 0.619167 0.055 0.102778 2 0.007874 0.516563 0.254653 0.014375 0.031806 3 0.007259 0.991562 0.805833 0.016875 0.092778 0 0.007149 0.991562 0.805833 0.016875 0.092778 2 0.006985 0.992188 0.828056 0.015625 0.129444 2 0.006615 0.992813 0.943611 0.014375 0.112778 2 0.00629 0.993125 0.934445 0.01375 0.131111 4 0.004627 0.991562 0.805833 0.016875 0.092778 2 0.004433 0.993438 0.922222 0.013125 0.155556 2 0.003248 0.63625 0.348056 0.035 0.057778 3 0.002924 0.990313 0.859167 0.019375 0.240556 2 0.002758 0.989688 0.813333 0.020625 0.101111 2 0.00235 0.993125 0.955 0.01375 0.09 2 0.002323 0.882812 0.532917 0.044375 0.066389 4 0.00226 0.99 0.8075 0.02 0.093889 2 0.002209 0.995938 0.547778 0.008125 0.045556 2 0.0021 0.994375 0.910556 0.01125 0.165556 3 0.00198 0.99 0.8075 0.02 0.093889 2 0.001919 0.99625 0.734722 0.0075 0.121667 9 0.001734 0.643125 0.619167 0.055 0.102778 1 0.001727 0.991562 0.805833 0.016875 0.092778 0 0.001694 0.994375 0.638056 0.01125 0.106111 2 0.001629 0.995625 0.768889 0.00875 0.136667 3 0.00141 0.995625 0.768889 0.00875 0.136667 3 0.001367 0.992813 0.83 0.014375 0.24 0 0.001356 0.992188 0.618611 0.015625 0.077222 2 0.001265 0.990625 0.792778 0.01875 0.101111
CCTV02^20260511-140000-20260511-142440_002836,2 0.907227 0.16125 0.686111 0.045625 0.084444 3 0.897461 0.86125 0.549861 0.05 0.088056 5 0.888184 0.636094 0.348056 0.034062 0.057222 2 0.888184 0.897188 0.675 0.044375 0.085556 3 0.875 0.68125 0.525 0.055 0.067778 2 0.867188 0.268359 0.57 0.029844 0.062222 2 0.852051 0.294844 0.52625 0.037188 0.0575 2 0.839844 0.246563 0.751944 0.044375 0.092778 2 0.836426 0.651719 0.413889 0.027812 0.051111 2 0.823242 0.315703 0.387222 0.019219 0.048889 3 0.812988 0.318828 0.312639 0.021719 0.0375 2 0.770508 0.982813 0.8675 0.034375 0.110556 10 0.699219 0.325469 0.734722 0.118437 0.332778 2 0.677246 0.949688 0.748056 0.044375 0.092778 2 0.394287 0.815938 0.515 0.026875 0.072222 2 0.168823 0.979062 0.685 0.041875 0.098889 2 0.094666 0.979062 0.684444 0.041875 0.093333 9 0.071594 0.383906 0.293472 0.029687 0.068611 2 0.059204 0.537188 0.287083 0.01875 0.033611 4 0.056244 0.473594 0.262986 0.021562 0.035139 11 0.039062 0.383906 0.293472 0.029687 0.068611 0 0.025375 0.815938 0.515 0.026875 0.072222 2 0.011292 0.99125 0.795556 0.0175 0.073333 2 0.010651 0.537031 0.284722 0.018437 0.034444 3 0.007122 0.99125 0.795556 0.0175 0.073333 10 0.005535 0.383906 0.293472 0.029687 0.068611 4 0.004181 0.815938 0.515 0.026875 0.072222 7 0.003551 0.473594 0.262986 0.021562 0.035139 0 0.002846 0.99125 0.795556 0.0175 0.073333 2 0.002693 0.995938 0.733333 0.008125 0.093333 2 0.002653 0.995313 0.7625 0.009375 0.112778 3 0.002562 0.989375 0.784167 0.02125 0.086111 2 0.00235 0.636094 0.348056 0.034062 0.057222 3 0.001919 0.995313 0.7625 0.009375 0.112778 11 0.001912 0.325469 0.734722 0.118437 0.332778 0 0.001768 0.993438 0.532083 0.013125 0.068056 2 0.001748 0.878438 0.515972 0.025625 0.060278 2 0.001604 0.989062 0.821389 0.021875 0.107222 2 0.001467 0.995313 0.714167 0.009375 0.066111 2 0.001372 0.9925 0.816667 0.015 0.122222 2 0.001269 0.989688 0.795556 0.020625 0.075556 3 0.001024 0.402969 0.230278 0.019062 0.031389 0 0.001012 0.994063 0.538056 0.011875 0.066111
CCTV02^20260511-140000-20260511-142440_002840,10 0.927246 0.347344 0.405278 0.045937 0.131667 3 0.908691 0.861875 0.564722 0.05125 0.095 10 0.901367 0.67625 0.617639 0.1325 0.288056 2 0.896484 0.160898 0.686111 0.042578 0.08 5 0.888672 0.636094 0.347778 0.034062 0.056667 2 0.887207 0.306875 0.544167 0.02875 0.061667 3 0.865234 0.31875 0.313194 0.021875 0.035833 2 0.859863 0.315391 0.386667 0.017969 0.046667 2 0.842773 0.268203 0.57 0.029219 0.061111 2 0.812988 0.247813 0.6575 0.04375 0.077222 3 0.771973 0.5975 0.363333 0.03 0.045556 4 0.640625 0.781563 0.631111 0.070625 0.096667 2 0.635254 0.7675 0.45625 0.03875 0.058056 3 0.59082 0.870625 0.743056 0.07875 0.115 9 0.472656 0.577812 0.512222 0.050625 0.111111 2 0.462891 0.977813 0.683889 0.043125 0.091111 9 0.453369 0.539375 0.38625 0.050625 0.096389 0 0.355713 0.981563 0.889444 0.036875 0.125556 2 0.320801 0.878125 0.513333 0.02625 0.056667 12 0.307373 0.0875 0.727778 0.073281 0.1 3 0.281494 0.589219 0.470972 0.033438 0.055833 2 0.206909 0.781563 0.536806 0.030625 0.076389 2 0.136108 0.981563 0.889444 0.036875 0.125556 2 0.100891 0.780937 0.537361 0.030625 0.0775 2 0.092712 0.291406 0.521667 0.031562 0.047778 4 0.076965 0.577812 0.512222 0.050625 0.111111 2 0.063965 0.133047 0.737222 0.046406 0.092222 11 0.05835 0.539375 0.38625 0.050625 0.096389 3 0.047241 0.58875 0.470694 0.033125 0.055278 7 0.039062 0.577812 0.512222 0.050625 0.111111 2 0.037903 0.99125 0.801944 0.0175 0.088333 9 0.03595 0.013428 0.890278 0.026855 0.185 4 0.035553 0.011848 0.891389 0.023491 0.159444 2 0.034241 0.918438 0.582778 0.038125 0.074444 11 0.028336 0.013428 0.890278 0.026855 0.185 2 0.019424 0.132656 0.733611 0.04625 0.088333 0 0.014786 0.701875 0.7875 0.03875 0.089444 3 0.013535 0.781563 0.631111 0.070625 0.096667 4 0.013374 0.99 0.801944 0.02 0.087222 2 0.01297 0.133945 0.752778 0.040078 0.061111 4 0.012627 0.99125 0.801944 0.0175 0.088333 2 0.012482 0.131406 0.733056 0.047031 0.090556 1 0.012337 0.855 0.615556 0.025 0.057778 3 0.01178 0.99125 0.801944 0.0175 0.088333 0 0.011467 0.99125 0.801944 0.0175 0.088333 3 0.009453 0.588125 0.472778 0.035 0.059444 2 0.008377 0.99 0.801944 0.02 0.087222 4 0.007431 0.013428 0.890278 0.026855 0.185 2 0.006905 0.995 0.8275 0.01 0.155 7 0.005981 0.105781 0.735556 0.110937 0.108889 3 0.005665 0.99 0.801944 0.02 0.087222 0 0.005642 0.21 0.650833 0.024063 0.053889 2 0.005363 0.011848 0.891389 0.023491 0.159444 7 0.005219 0.011848 0.891389 0.023491 0.159444 11 0.004608 0.013447 0.900556 0.026895 0.198889 2 0.004265 0.636094 0.347778 0.034062 0.056667 12 0.00399 0.105781 0.735556 0.110937 0.108889 7 0.003622 0.013428 0.890278 0.026855 0.185 2 0.003622 0.995625 0.738889 0.00875 0.12 1 0.003235 0.850313 0.605556 0.028125 0.073333 0 0.003235 0.994375 0.921944 0.01125 0.113889 2 0.002878 0.995313 0.713056 0.009375 0.081667 0 0.0028 0.99 0.801944 0.02 0.087222 9 0.0028 0.022285 0.890278 0.04457 0.195 8 0.002684 0.0875 0.727778 0.073281 0.1 2 0.002611 0.995 0.7725 0.01 0.137222 9 0.002398 0.013447 0.900556 0.026895 0.198889 9 0.002323 0.011848 0.891389 0.023491 0.159444 7 0.002253 0.0875 0.727778 0.073281 0.1 2 0.002165 0.992188 0.906389 0.015625 0.137222 1 0.001965 0.855313 0.605556 0.029375 0.064444 1 0.001867 0.8525 0.6175 0.0325 0.070556 0 0.001803 0.011848 0.891389 0.023491 0.159444 2 0.001636 0.855 0.615556 0.025 0.057778 4 0.001536 0.013447 0.900556 0.026895 0.198889 9 0.001472 0.105781 0.735556 0.110937 0.108889 3 0.00145 0.577812 0.512222 0.050625 0.111111 9 0.001438 0.0875 0.727778 0.073281 0.1 3 0.001399 0.990313 0.790278 0.019375 0.101667 10 0.001367 0.539375 0.38625 0.050625 0.096389 2 0.001335 0.301719 0.365556 0.023438 0.041111 2 0.001285 0.701875 0.7875 0.03875 0.089444 3 0.001255 0.995 0.7725 0.01 0.137222 11 0.001235 0.011848 0.891389 0.023491 0.159444 4 0.00123 0.01144 0.897778 0.022822 0.163333 1 0.001216 0.541719 0.360694 0.028438 0.053611 11 0.001151 0.022285 0.890278 0.04457 0.195 1 0.001124 0.994375 0.921944 0.01125 0.113889 10 0.001065 0.013428 0.890278 0.026855 0.185 2 0.001065 0.012104 0.883333 0.023799 0.142222 0 0.00102 0.022285 0.890278 0.04457 0.195 0 0.001004 0.995 0.939444 0.01 0.092222
CCTV02^20260511-140000-20260511-142440_002844,10 0.934082 0.347188 0.404722 0.045625 0.131111 10 0.92041 0.308594 0.675 0.106562 0.272222 2 0.893066 0.160547 0.686389 0.046094 0.082778 5 0.880859 0.63625 0.348333 0.03375 0.056667 3 0.868164 0.593125 0.590278 0.04875 0.090556 2 0.861328 0.314219 0.388472 0.019688 0.048611 2 0.861328 0.268281 0.57 0.029687 0.062222 2 0.856934 0.934375 0.672222 0.04625 0.091111 3 0.839844 0.92625 0.811389 0.07875 0.139444 3 0.837402 0.318438 0.313194 0.0225 0.0375 4 0.785156 0.753125 0.563472 0.06625 0.105278 2 0.726562 0.236094 0.943056 0.061562 0.113889 2 0.715332 0.595781 0.362361 0.027187 0.053056 2 0.677246 0.918125 0.583333 0.03875 0.075556 2 0.672363 0.384062 0.329167 0.01625 0.037222 4 0.32251 0.397188 0.347361 0.02125 0.054167 2 0.299072 0.306016 0.537778 0.027656 0.051111 3 0.144165 0.425625 0.27875 0.02 0.0325 2 0.126343 0.991562 0.804167 0.016875 0.089444 2 0.108215 0.292188 0.523889 0.032813 0.052222 7 0.107422 0.397188 0.347361 0.02125 0.054167 2 0.057068 0.979688 0.683333 0.040625 0.094444 5 0.046722 0.425625 0.27875 0.02 0.0325 3 0.036896 0.991562 0.804167 0.016875 0.089444 2 0.018188 0.571875 0.32875 0.019375 0.045278 2 0.016983 0.990313 0.806389 0.019375 0.093889 9 0.01445 0.397188 0.347361 0.02125 0.054167 2 0.009819 0.993125 0.944167 0.01375 0.106111 3 0.009743 0.990313 0.806389 0.019375 0.093889 2 0.009483 0.397188 0.347361 0.02125 0.054167 2 0.00518 0.383906 0.327361 0.016562 0.034167 2 0.004738 0.992813 0.824167 0.014375 0.122778 4 0.004452 0.991562 0.804167 0.016875 0.089444 0 0.004166 0.831563 0.589722 0.024375 0.059444 2 0.004005 0.993125 0.933889 0.01375 0.112222 0 0.003885 0.991562 0.804167 0.016875 0.089444 5 0.003197 0.539219 0.261319 0.020313 0.037917 2 0.003124 0.396875 0.354444 0.019375 0.045556 7 0.002935 0.753125 0.563472 0.06625 0.105278 2 0.002878 0.994375 0.915833 0.01125 0.132778 2 0.002823 0.63625 0.348333 0.03375 0.056667 0 0.002737 0.994375 0.643611 0.01125 0.108333 2 0.002602 0.994063 0.954444 0.011875 0.091111 1 0.002415 0.991562 0.804167 0.016875 0.089444 0 0.002125 0.992813 0.824167 0.014375 0.122778 2 0.002083 0.993125 0.927222 0.01375 0.141111 0 0.001942 0.993125 0.626111 0.01375 0.083333 4 0.001846 0.990313 0.806389 0.019375 0.093889 3 0.001789 0.397188 0.347361 0.02125 0.054167 0 0.0017 0.571875 0.32875 0.019375 0.045278 2 0.001675 0.99625 0.551944 0.0075 0.045 0 0.001623 0.99625 0.551944 0.0075 0.045 3 0.001536 0.994375 0.915833 0.01125 0.132778 2 0.00141 0.989375 0.928056 0.02125 0.132778 2 0.001341 0.995313 0.735278 0.009375 0.110556 2 0.001315 0.994687 0.711945 0.010625 0.071667 5 0.001274 0.539844 0.261111 0.019688 0.037222 2 0.001235 0.995 0.767222 0.01 0.141111 4 0.001221 0.989375 0.928056 0.02125 0.132778 3 0.001174 0.995 0.767222 0.01 0.141111 4 0.001107 0.396875 0.354444 0.019375 0.045556 3 0.001032 0.990313 0.856111 0.019375 0.23
CCTV02^20260511-140000-20260511-142440_002848,4 0.941406 0.632812 0.414722 0.036875 0.058333 10 0.905273 0.341641 0.561667 0.093594 0.207778 10 0.904785 0.347031 0.404444 0.045937 0.132222 2 0.891113 0.658125 0.565833 0.03125 0.075 5 0.878418 0.635938 0.347917 0.034375 0.056944 3 0.842773 0.31875 0.312778 0.021875 0.037222 2 0.838867 0.159727 0.685833 0.043984 0.085 2 0.827637 0.957188 0.707222 0.053125 0.091111 2 0.819824 0.314297 0.388889 0.020781 0.050556 2 0.804199 0.395313 0.336111 0.019375 0.042778 3 0.803223 0.456406 0.578889 0.039062 0.071111 2 0.79834 0.639844 0.474167 0.030312 0.055 2 0.788086 0.268516 0.570833 0.029531 0.061667 2 0.763672 0.9175 0.583889 0.03625 0.076667 0 0.759277 0.243516 0.635556 0.037969 0.07 2 0.746094 0.68625 0.466944 0.03375 0.06 4 0.57959 0.964688 0.874722 0.069375 0.193889 9 0.492188 0.45875 0.375694 0.035 0.0775 2 0.199341 0.291875 0.521806 0.033125 0.048611 2 0.149048 0.302734 0.541389 0.023594 0.057222 7 0.09668 0.45875 0.375694 0.035 0.0775 2 0.078613 0.159453 0.686111 0.044219 0.083333 2 0.0354 0.685938 0.466806 0.033125 0.059167 7 0.028763 0.964688 0.874722 0.069375 0.193889 0 0.013847 0.302734 0.541389 0.023594 0.057222 2 0.01017 0.991562 0.807778 0.016875 0.093333 3 0.006004 0.991562 0.807778 0.016875 0.093333 2 0.005642 0.996563 0.76 0.006875 0.098889 4 0.005619 0.45875 0.375694 0.035 0.0775 0 0.004665 0.68625 0.466944 0.03375 0.06 2 0.004555 0.995313 0.736389 0.009375 0.071667 2 0.004383 0.988125 0.826944 0.02375 0.129444 2 0.00407 0.635938 0.347917 0.034375 0.056944 3 0.003944 0.964688 0.874722 0.069375 0.193889 5 0.00375 0.964688 0.874722 0.069375 0.193889 0 0.002935 0.395313 0.336111 0.019375 0.042778 9 0.002571 0.964688 0.874722 0.069375 0.193889 3 0.002165 0.988125 0.826944 0.02375 0.129444 2 0.002165 0.995 0.720833 0.01 0.066111 3 0.001611 0.989375 0.813889 0.02125 0.104444 2 0.00149 0.994063 0.833056 0.011875 0.178333 0 0.001478 0.832188 0.591111 0.028125 0.064444 2 0.001416 0.989375 0.813889 0.02125 0.104444 3 0.001362 0.99 0.796111 0.02 0.101111 3 0.001269 0.996563 0.76 0.006875 0.098889 4 0.001121 0.989375 0.813889 0.02125 0.104444
CCTV02^20260511-140000-20260511-142440_002852,10 0.918457 0.346875 0.404167 0.046875 0.131667 5 0.901367 0.63625 0.347917 0.035 0.0575 2 0.898926 0.3075 0.544028 0.028125 0.063056 2 0.898926 0.160078 0.685278 0.045156 0.085 3 0.884277 0.2875 0.740833 0.0975 0.093889 2 0.877441 0.957188 0.708333 0.053125 0.09 2 0.875 0.272969 0.556111 0.030938 0.063333 2 0.870605 0.384531 0.437917 0.023438 0.053611 2 0.849121 0.313984 0.38875 0.020156 0.050278 3 0.824219 0.318828 0.312639 0.022344 0.038611 2 0.820801 0.2575 0.666667 0.051875 0.084444 2 0.796875 0.375938 0.491667 0.025 0.055 3 0.779785 0.414531 0.675278 0.052813 0.088333 2 0.767578 0.9175 0.583056 0.0375 0.075 10 0.749023 0.414844 0.304583 0.033438 0.096389 2 0.243652 0.8025 0.462778 0.02875 0.055 2 0.043518 0.991875 0.805278 0.01625 0.086111 0 0.041779 0.991875 0.805278 0.01625 0.086111 4 0.028107 0.48 0.281111 0.021875 0.036667 7 0.025955 0.455469 0.378056 0.034062 0.073889 3 0.009521 0.480781 0.284028 0.019688 0.031944 2 0.008644 0.292266 0.395694 0.016094 0.038611 2 0.00729 0.99625 0.544583 0.0075 0.0475 0 0.005554 0.384531 0.437917 0.023438 0.053611 2 0.005302 0.989688 0.812778 0.020625 0.096667 2 0.004887 0.992813 0.822778 0.014375 0.111111 2 0.004627 0.996875 0.530278 0.00625 0.078333 2 0.00433 0.990313 0.808056 0.019375 0.090556 1 0.004055 0.991875 0.805278 0.01625 0.086111 9 0.003839 0.455469 0.378056 0.034062 0.073889 0 0.00297 0.990313 0.808056 0.019375 0.090556 2 0.002846 0.993125 0.948333 0.01375 0.1 0 0.00279 0.235547 0.636667 0.034531 0.06 0 0.002705 0.99625 0.544583 0.0075 0.0475 2 0.002388 0.99625 0.734167 0.0075 0.077222 2 0.002342 0.995313 0.716944 0.009375 0.068333 0 0.002243 0.989688 0.812778 0.020625 0.096667 0 0.00215 0.992813 0.822778 0.014375 0.111111 2 0.001987 0.994063 0.700833 0.011875 0.080556 2 0.001883 0.996563 0.762778 0.006875 0.112222 2 0.001883 0.994375 0.933611 0.01125 0.121667 2 0.001824 0.2875 0.740833 0.0975 0.093889 3 0.001714 0.990625 0.857222 0.01875 0.245556 3 0.001661 0.48 0.281111 0.021875 0.036667 0 0.001549 0.9925 0.627222 0.015 0.086667 7 0.001543 0.48 0.281111 0.021875 0.036667 2 0.001501 0.993125 0.956944 0.01375 0.086111 0 0.001432 0.99375 0.643889 0.0125 0.115556 2 0.001421 0.997188 0.515417 0.005625 0.095833 2 0.00141 0.995313 0.91 0.009375 0.18 1 0.001289 0.990313 0.808056 0.019375 0.090556 4 0.001245 0.479375 0.280833 0.0225 0.037778 11 0.001129 0.044082 0.200694 0.030586 0.044444 2 0.00109 0.995313 0.918056 0.009375 0.163889 3 0.001073 0.989688 0.878889 0.020625 0.242222 2 0.001032 0.996563 0.5575 0.006875 0.061667 2 0.001017 0.63625 0.347917 0.035 0.0575
CCTV02^20260511-140000-20260511-142440_002856,10 0.925781 0.347188 0.405139 0.04625 0.131389 2 0.898438 0.272734 0.557639 0.031719 0.063611 2 0.891113 0.308984 0.540556 0.028906 0.063333 2 0.890137 0.160313 0.685556 0.044375 0.083333 5 0.875977 0.636719 0.34875 0.034062 0.059722 2 0.873047 0.956875 0.708333 0.05375 0.091111 3 0.872559 0.446406 0.405833 0.025313 0.048333 3 0.859863 0.318594 0.312639 0.021563 0.038056 2 0.854004 0.314063 0.388472 0.019375 0.049167 2 0.853027 0.340781 0.561389 0.034063 0.068333 2 0.827637 0.781563 0.559167 0.034375 0.066111 0 0.819824 0.237578 0.643056 0.039844 0.075 2 0.749023 0.917813 0.583611 0.038125 0.076111 2 0.668945 0.596094 0.344861 0.018437 0.0475 2 0.53125 0.384219 0.302083 0.019062 0.036944 4 0.189575 0.417656 0.299722 0.022813 0.053889 10 0.172119 0.497188 0.276806 0.038125 0.076389 2 0.099487 0.991875 0.806944 0.01625 0.091667 2 0.012573 0.636719 0.34875 0.034062 0.059722 0 0.010986 0.991875 0.806944 0.01625 0.091667 2 0.009377 0.292812 0.397639 0.01625 0.038056 1 0.006123 0.765938 0.5775 0.019375 0.058333 2 0.005936 0.990313 0.809445 0.019375 0.095556 11 0.005512 0.497188 0.276806 0.038125 0.076389 2 0.00378 0.9925 0.826111 0.015 0.125556 3 0.003679 0.991875 0.806944 0.01625 0.091667 2 0.003651 0.989688 0.816944 0.020625 0.107222 4 0.003593 0.991875 0.806944 0.01625 0.091667 2 0.003273 0.9925 0.953889 0.015 0.085556 1 0.003223 0.765 0.586667 0.01875 0.055556 4 0.002811 0.990313 0.809445 0.019375 0.095556 2 0.002684 0.993125 0.961389 0.01375 0.077222 10 0.0021 0.417656 0.299722 0.022813 0.053889 3 0.001972 0.99 0.858333 0.02 0.256667 2 0.001942 0.990313 0.7925 0.019375 0.101667 2 0.001926 0.994687 0.718056 0.010625 0.060556 4 0.001883 0.446406 0.405833 0.025313 0.048333 2 0.001824 0.99625 0.737222 0.0075 0.083333 2 0.00181 0.99625 0.532083 0.0075 0.079167 7 0.0017 0.417656 0.299722 0.022813 0.053889 2 0.001668 0.99625 0.544861 0.0075 0.049167 0 0.001567 0.99625 0.544861 0.0075 0.049167 4 0.001495 0.990313 0.7925 0.019375 0.101667 3 0.001444 0.417656 0.299722 0.022813 0.053889 2 0.001405 0.277656 0.519167 0.031875 0.037222 1 0.001294 0.991875 0.806944 0.01625 0.091667 0 0.001269 0.596094 0.344861 0.018437 0.0475 3 0.001197 0.990313 0.7925 0.019375 0.101667 9 0.001138 0.417656 0.299722 0.022813 0.053889 2 0.001134 0.99375 0.924167 0.0125 0.151667 2 0.001103 0.996875 0.517222 0.00625 0.1 2 0.001053 0.996563 0.765556 0.006875 0.106667 2 0.001024 0.99625 0.8375 0.0075 0.163889
CCTV02^20260511-140000-20260511-142440_002860,10 0.932129 0.346875 0.405 0.045 0.132222 2 0.897461 0.159922 0.686111 0.044219 0.083333 5 0.880859 0.636094 0.347639 0.034062 0.0575 3 0.855957 0.318672 0.3125 0.022031 0.037222 2 0.845703 0.385625 0.38875 0.01875 0.044722 2 0.845703 0.41375 0.39625 0.019375 0.046389 2 0.845703 0.9575 0.7075 0.055 0.090556 2 0.844727 0.314219 0.387917 0.019062 0.048611 2 0.829102 0.899063 0.724444 0.044375 0.106667 2 0.82666 0.588281 0.392917 0.023438 0.0475 2 0.792969 0.615781 0.389583 0.023438 0.046389 2 0.792969 0.2825 0.53375 0.04125 0.063611 2 0.782715 0.2825 0.6325 0.04125 0.081667 2 0.760742 0.255391 0.744722 0.048906 0.089444 2 0.73877 0.655 0.456806 0.02875 0.056389 2 0.729492 0.5525 0.317917 0.019375 0.0425 0 0.666992 0.239219 0.6375 0.035625 0.073889 2 0.654785 0.795938 0.6025 0.040625 0.072778 2 0.588867 0.91875 0.583611 0.03875 0.075 2 0.544922 0.387813 0.323056 0.018125 0.036667 2 0.317383 0.872188 0.632222 0.034375 0.092222 2 0.313965 0.845 0.579444 0.03 0.064444 2 0.253906 0.991562 0.802778 0.016875 0.081111 0 0.105957 0.872188 0.632222 0.034375 0.092222 0 0.041321 0.991562 0.802778 0.016875 0.081111 2 0.02002 0.99 0.805 0.02 0.085556 2 0.0121 0.387812 0.322222 0.01875 0.036111 0 0.010818 0.845 0.579444 0.03 0.064444 2 0.005821 0.786563 0.469861 0.025625 0.0475 1 0.005642 0.991562 0.802778 0.016875 0.081111 2 0.005512 0.993125 0.824445 0.01375 0.122222 1 0.005199 0.845 0.579444 0.03 0.064444 9 0.004452 0.872188 0.632222 0.034375 0.092222 4 0.003809 0.872188 0.632222 0.034375 0.092222 0 0.003664 0.387813 0.323056 0.018125 0.036667 2 0.003075 0.301797 0.365278 0.023594 0.043333 1 0.00279 0.255391 0.744722 0.048906 0.089444 2 0.002672 0.995 0.721111 0.01 0.075556 0 0.002621 0.655 0.456806 0.02875 0.056389 2 0.002369 0.99625 0.738611 0.0075 0.079444 3 0.002253 0.845 0.579444 0.03 0.064444 1 0.00214 0.318281 0.465972 0.011563 0.039722 2 0.001926 0.996563 0.765278 0.006875 0.105 3 0.001707 0.991562 0.802778 0.016875 0.081111 0 0.001694 0.41375 0.39625 0.019375 0.046389 2 0.001687 0.994375 0.703333 0.01125 0.083333 0 0.001604 0.795938 0.6025 0.040625 0.072778 2 0.001597 0.9925 0.9575 0.015 0.085 4 0.001501 0.41375 0.39625 0.019375 0.046389 0 0.001495 0.99 0.805 0.02 0.085556 4 0.00132 0.655 0.456806 0.02875 0.056389 2 0.0013 0.996563 0.546528 0.006875 0.050278 2 0.001274 0.9925 0.948333 0.015 0.1 1 0.001216 0.99 0.805 0.02 0.085556 2 0.001184 0.292969 0.396389 0.01625 0.04 2 0.001161 0.9975 0.514167 0.005 0.093889 2 0.001151 0.996875 0.530278 0.00625 0.087222 3 0.001138 0.99 0.853333 0.02 0.255556 2 0.001107 0.636094 0.347639 0.034062 0.0575 4 0.001086 0.991562 0.802778 0.016875 0.081111 4 0.001044 0.795938 0.6025 0.040625 0.072778 2 0.001004 0.993438 0.6325 0.013125 0.092778
CCTV02^20260511-140000-20260511-142440_002864,10 0.925293 0.347344 0.404306 0.045937 0.129722 2 0.895508 0.915938 0.7475 0.045625 0.100556 2 0.891113 0.9525 0.850278 0.05875 0.113889 3 0.885742 0.512656 0.332917 0.026563 0.040833 5 0.880859 0.636875 0.346528 0.03375 0.056389 3 0.86084 0.318906 0.312639 0.022187 0.0375 3 0.852051 0.578438 0.428333 0.034375 0.060556 2 0.850098 0.314453 0.389583 0.019844 0.0525 2 0.823242 0.311641 0.683333 0.037969 0.085556 2 0.810547 0.957187 0.706944 0.051875 0.087222 2 0.773438 0.621406 0.366528 0.022188 0.044722 2 0.713867 0.161289 0.684444 0.044922 0.084444 2 0.558105 0.918438 0.5825 0.039375 0.076111 2 0.507812 0.193594 0.689722 0.042813 0.071667 2 0.458984 0.530937 0.270972 0.0175 0.031389 3 0.307373 0.473906 0.273611 0.020313 0.033889 2 0.281494 0.831563 0.508195 0.021875 0.064722 1 0.222656 0.778125 0.464167 0.01875 0.045 2 0.206909 0.980313 0.818333 0.038125 0.106667 2 0.175537 0.8625 0.635278 0.04 0.095 2 0.104492 0.507656 0.265694 0.015313 0.030278 0 0.034607 0.831563 0.508195 0.021875 0.064722 4 0.021454 0.831563 0.508195 0.021875 0.064722 2 0.005959 0.292266 0.397083 0.017031 0.039167 2 0.003664 0.995 0.949722 0.01 0.093889 2 0.003429 0.99625 0.865833 0.0075 0.096111 2 0.003298 0.198672 0.698333 0.031719 0.052222 2 0.003286 0.301719 0.566667 0.037188 0.057778 1 0.003223 0.831563 0.508195 0.021875 0.064722 2 0.002846 0.778125 0.464167 0.01875 0.045 4 0.002405 0.8625 0.635278 0.04 0.095 2 0.002398 0.994375 0.96 0.01125 0.08 2 0.00205 0.19 0.694167 0.049375 0.070556 2 0.001942 0.302109 0.3675 0.023281 0.043889 2 0.001265 0.996563 0.930833 0.006875 0.127222 0 0.001255 0.993438 0.628056 0.013125 0.083889 2 0.001174 0.173945 0.696944 0.056797 0.068333 2 0.001169 0.636875 0.346528 0.03375 0.056389 2 0.001143 0.992188 0.838889 0.015625 0.077778 2 0.001107 0.994375 0.700556 0.01125 0.072222
CCTV02^20260511-140000-20260511-142440_002868,10 0.924316 0.347344 0.404583 0.045313 0.130833 2 0.898438 0.160391 0.686389 0.045781 0.083889 5 0.888184 0.636406 0.347917 0.034687 0.058611 2 0.876465 0.957188 0.708333 0.053125 0.092222 2 0.855957 0.314297 0.38875 0.019531 0.049722 3 0.845703 0.588125 0.415139 0.03375 0.053611 3 0.839844 0.46875 0.559444 0.035625 0.065556 3 0.835449 0.318672 0.312083 0.021406 0.0375 2 0.833496 0.393594 0.347639 0.019062 0.039722 2 0.796875 0.7025 0.4325 0.0275 0.050556 1 0.689453 0.600313 0.371111 0.01375 0.038889 9 0.656738 0.40625 0.430833 0.031875 0.076667 2 0.550781 0.299609 0.544861 0.028281 0.069167 9 0.519531 0.511094 0.291389 0.035937 0.055 2 0.346924 0.854062 0.548056 0.036875 0.069444 2 0.221313 0.918125 0.583611 0.0375 0.075 3 0.209473 0.3375 0.914445 0.071875 0.151111 1 0.164551 0.6 0.372361 0.01625 0.043056 5 0.153076 0.3375 0.914445 0.071875 0.151111 2 0.118774 0.991562 0.804444 0.016875 0.084445 11 0.11676 0.511094 0.291389 0.035937 0.055 0 0.100891 0.299609 0.544861 0.028281 0.069167 7 0.059662 0.40625 0.430833 0.031875 0.076667 0 0.042725 0.991562 0.804444 0.016875 0.084445 2 0.031738 0.293281 0.39625 0.017188 0.038611 1 0.014061 0.991562 0.804444 0.016875 0.084445 9 0.011467 0.3375 0.914445 0.071875 0.151111 4 0.007206 0.511094 0.291389 0.035937 0.055 4 0.006931 0.854062 0.548056 0.036875 0.069444 2 0.006744 0.994687 0.923611 0.010625 0.142778 2 0.006691 0.99 0.806667 0.02 0.086667 2 0.004925 0.993125 0.934167 0.01375 0.127222 2 0.004574 0.992188 0.947222 0.015625 0.098889 12 0.003855 0.40625 0.430833 0.031875 0.076667 2 0.003796 0.303281 0.368472 0.020937 0.040833 2 0.002737 0.989688 0.811111 0.020625 0.093333 2 0.002714 0.99625 0.7375 0.0075 0.076111 2 0.002388 0.991875 0.961667 0.01625 0.076667 2 0.002199 0.995313 0.719167 0.009375 0.063889 2 0.002199 0.995938 0.907778 0.008125 0.14 2 0.002083 0.996563 0.764444 0.006875 0.1 1 0.002003 0.99 0.806667 0.02 0.086667 2 0.001853 0.636406 0.347917 0.034687 0.058611 1 0.001831 0.599375 0.3775 0.015 0.041667 0 0.001789 0.393594 0.347639 0.019062 0.039722 2 0.001775 0.98125 0.685833 0.03625 0.099445 3 0.001727 0.991562 0.804444 0.016875 0.084445 2 0.001519 0.995938 0.544444 0.008125 0.047778 0 0.001432 0.99 0.806667 0.02 0.086667 2 0.001421 0.996563 0.534444 0.006875 0.067778 4 0.0013 0.588125 0.415139 0.03375 0.053611 2 0.001265 0.994687 0.703056 0.010625 0.073889 3 0.001206 0.990313 0.860833 0.019375 0.238333 2 0.001179 0.992188 0.821111 0.015625 0.104444 7 0.001174 0.511094 0.291389 0.035937 0.055 1 0.00109 0.872188 0.589444 0.019375 0.044444
CCTV02^20260511-140000-20260511-142440_002872,10 0.935547 0.3475 0.404306 0.045625 0.130278 2 0.914062 0.956875 0.708889 0.05375 0.091111 2 0.906738 0.160234 0.686389 0.044531 0.081667 2 0.898926 0.268281 0.585278 0.030938 0.071667 5 0.892578 0.636094 0.347361 0.034062 0.056944 10 0.872559 0.613438 0.509583 0.086875 0.194167 2 0.864258 0.314063 0.388194 0.019375 0.049722 3 0.854004 0.318672 0.313056 0.021406 0.037222 2 0.775879 0.7025 0.432222 0.0275 0.051667 3 0.637207 0.524219 0.358472 0.028438 0.056389 2 0.620605 0.881875 0.528333 0.0325 0.064444 2 0.110107 0.9925 0.800278 0.015 0.087222 5 0.090759 0.524219 0.358472 0.028438 0.056389 2 0.065125 0.791562 0.45875 0.025625 0.054722 0 0.05127 0.202734 0.854722 0.047344 0.118333 1 0.038452 0.9925 0.800278 0.015 0.087222 0 0.029419 0.9925 0.800278 0.015 0.087222 3 0.020721 0.9925 0.800278 0.015 0.087222 3 0.015366 0.022363 0.785556 0.044258 0.077778 2 0.012337 0.48125 0.250694 0.01875 0.031389 2 0.008316 0.994063 0.932778 0.011875 0.116667 2 0.007576 0.918438 0.582778 0.038125 0.074444 2 0.007065 0.994375 0.926389 0.01125 0.140556 2 0.006824 0.995313 0.915 0.009375 0.131111 2 0.006073 0.995938 0.766944 0.008125 0.129444 2 0.005199 0.995625 0.744444 0.00875 0.103333 2 0.004574 0.995 0.7225 0.01 0.077222 2 0.004055 0.292266 0.396389 0.016094 0.038333 3 0.003901 0.990313 0.7825 0.018125 0.125 3 0.003298 0.995938 0.766944 0.008125 0.129444 2 0.00316 0.99375 0.941667 0.0125 0.116667 2 0.003016 0.994687 0.703889 0.010625 0.081111 2 0.002287 0.636094 0.347361 0.034062 0.056944 2 0.002216 0.990625 0.801389 0.01875 0.091667 1 0.002174 0.334219 0.314444 0.009063 0.029444 2 0.002157 0.990313 0.7825 0.018125 0.125 0 0.001755 0.99375 0.815 0.0125 0.071111 0 0.001714 0.994063 0.643889 0.011875 0.128889 1 0.001561 0.990625 0.801389 0.01875 0.091667 2 0.001399 0.989375 0.9275 0.02125 0.138333 0 0.001346 0.994375 0.926389 0.01125 0.140556 3 0.001346 0.990625 0.801389 0.01875 0.091667 2 0.001335 0.994375 0.953333 0.01125 0.093333 2 0.001294 0.992813 0.689722 0.014375 0.106111 0 0.001188 0.994063 0.932778 0.011875 0.116667 0 0.001151 0.995313 0.915 0.009375 0.131111 0 0.001095 0.988125 0.628056 0.02375 0.092778 0 0.001081 0.991562 0.628611 0.016875 0.095 2 0.001048 0.990938 0.917778 0.018125 0.137778
CCTV02^20260511-140000-20260511-142440_002876,10 0.933594 0.347188 0.404722 0.045625 0.130556 2 0.911621 0.391406 0.438611 0.024063 0.048889 2 0.908203 0.9575 0.709722 0.0525 0.090556 2 0.896484 0.160039 0.686667 0.044609 0.082222 5 0.877441 0.635781 0.347917 0.033437 0.0575 2 0.876465 0.270391 0.584722 0.035156 0.070556 2 0.871582 0.314219 0.387639 0.019062 0.048611 10 0.868652 0.571406 0.325139 0.064062 0.106944 2 0.864258 0.909063 0.653333 0.043125 0.087778 3 0.829102 0.318672 0.312778 0.022031 0.037778 2 0.818848 0.702813 0.433472 0.028125 0.051389 2 0.744629 0.880938 0.529028 0.030625 0.059722 3 0.708984 0.416094 0.29125 0.020313 0.034167 2 0.533203 0.802813 0.508889 0.023125 0.067778 0 0.168823 0.802813 0.508889 0.023125 0.067778 2 0.105957 0.9925 0.798889 0.015 0.087778 3 0.062805 0.9925 0.798889 0.015 0.087778 0 0.036499 0.360625 0.311944 0.014375 0.032222 1 0.014786 0.9925 0.798889 0.015 0.087778 0 0.009819 0.9925 0.798889 0.015 0.087778 2 0.009377 0.994063 0.814444 0.011875 0.068889 1 0.007462 0.360625 0.310972 0.01625 0.036389 2 0.006958 0.995938 0.740833 0.008125 0.098333 2 0.006931 0.635781 0.347917 0.033437 0.0575 2 0.006096 0.995 0.718333 0.01 0.075556 2 0.005447 0.99625 0.764444 0.0075 0.126667 2 0.00526 0.995 0.911667 0.01 0.143333 1 0.005241 0.360625 0.311944 0.014375 0.032222 0 0.004299 0.360625 0.310972 0.01625 0.036389 3 0.003351 0.990625 0.800556 0.01875 0.091111 3 0.0028 0.990625 0.780833 0.0175 0.117222 0 0.00279 0.994063 0.814444 0.011875 0.068889 4 0.002758 0.9925 0.798889 0.015 0.087778 3 0.002398 0.99625 0.764444 0.0075 0.126667 2 0.002035 0.994063 0.701667 0.011875 0.08 2 0.001995 0.993438 0.923889 0.013125 0.152222 2 0.001755 0.990625 0.780833 0.0175 0.117222 2 0.001741 0.99125 0.933333 0.0175 0.133333 2 0.001734 0.990625 0.800556 0.01875 0.091111 2 0.001611 0.99125 0.941944 0.0175 0.116111 2 0.001378 0.985938 0.933056 0.028125 0.133889 6 0.001184 0.571406 0.325139 0.064062 0.106944 2 0.001107 0.99625 0.536528 0.0075 0.066944 2 0.001069 0.982187 0.686389 0.035625 0.099444 2 0.00102 0.992188 0.957778 0.015625 0.084444
CCTV02^20260511-140000-20260511-142440_002880,10 0.930664 0.347031 0.404861 0.045313 0.129722 9 0.925781 0.467031 0.411389 0.035937 0.096667 3 0.899902 0.179883 0.754722 0.107734 0.102778 5 0.887207 0.636094 0.348056 0.034062 0.058333 2 0.869629 0.314063 0.38875 0.019375 0.050833 2 0.86084 0.909375 0.6525 0.045 0.092778 2 0.853027 0.160469 0.681944 0.044375 0.069444 3 0.848145 0.419844 0.389444 0.024687 0.041667 3 0.837402 0.318516 0.313194 0.021719 0.036944 2 0.743164 0.779063 0.46625 0.034375 0.055833 2 0.571777 0.38625 0.370556 0.021875 0.043333 11 0.558105 0.335938 0.841389 0.185625 0.317222 2 0.484375 0.919375 0.583333 0.04125 0.075556 2 0.458984 0.97875 0.684722 0.04 0.095 2 0.357666 0.978438 0.684167 0.040625 0.092778 2 0.12854 0.9925 0.798056 0.015 0.091667 0 0.085693 0.38625 0.370556 0.021875 0.043333 10 0.081787 0.335938 0.841389 0.185625 0.317222 2 0.065125 0.810938 0.468889 0.026875 0.048889 3 0.050323 0.9925 0.798056 0.015 0.091667 2 0.024994 0.160156 0.681944 0.044062 0.068333 0 0.015671 0.991562 0.618889 0.016875 0.08 3 0.015305 0.38625 0.370556 0.021875 0.043333 2 0.015251 0.292578 0.39625 0.016719 0.040833 1 0.013847 0.9925 0.798056 0.015 0.091667 4 0.008446 0.38625 0.370556 0.021875 0.043333 2 0.008186 0.995 0.770556 0.01 0.143333 2 0.006744 0.995625 0.740833 0.00875 0.122778 0 0.005775 0.9925 0.798056 0.015 0.091667 3 0.005642 0.995 0.770556 0.01 0.143333 2 0.00528 0.994063 0.814167 0.011875 0.068333 2 0.004772 0.636094 0.348056 0.034062 0.058333 2 0.004398 0.991562 0.618889 0.016875 0.08 0 0.003944 0.995938 0.545139 0.008125 0.046389 2 0.003824 0.9925 0.950278 0.015 0.091667 2 0.003693 0.994063 0.936944 0.011875 0.106111 2 0.003538 0.419844 0.389444 0.024687 0.041667 12 0.002571 0.335938 0.841389 0.185625 0.317222 2 0.002453 0.995313 0.715 0.009375 0.083333 10 0.002369 0.467031 0.411389 0.035937 0.096667 2 0.002359 0.995625 0.925556 0.00875 0.14 4 0.00226 0.9925 0.798056 0.015 0.091667 3 0.002226 0.99125 0.797778 0.0175 0.098889 0 0.002165 0.988437 0.621389 0.023125 0.082778 2 0.001949 0.996563 0.535556 0.006875 0.064444 0 0.001942 0.994063 0.814167 0.011875 0.068333 2 0.001904 0.995938 0.545139 0.008125 0.046389 2 0.001883 0.87375 0.470556 0.03 0.055 2 0.00181 0.99125 0.797778 0.0175 0.098889 2 0.001636 0.809063 0.466111 0.030625 0.057778 0 0.001579 0.993125 0.639167 0.01375 0.122778 2 0.001513 0.993125 0.639167 0.01375 0.122778 3 0.001432 0.995625 0.740833 0.00875 0.122778 5 0.001235 0.419844 0.389444 0.024687 0.041667 2 0.001216 0.995938 0.559444 0.008125 0.067778 4 0.001169 0.419844 0.389444 0.024687 0.041667 2 0.001134 0.9925 0.960833 0.015 0.076111
CCTV02^20260511-140000-20260511-142440_002884,4 0.974609 0.412187 0.397917 0.026875 0.055278 10 0.924316 0.347344 0.404722 0.045937 0.131111 5 0.879883 0.636094 0.347778 0.034062 0.057778 2 0.878418 0.159648 0.686389 0.044141 0.080556 2 0.872559 0.314063 0.388889 0.02 0.050556 3 0.852051 0.318672 0.312917 0.022031 0.039167 2 0.729492 0.9175 0.582778 0.0375 0.073333 2 0.663574 0.217344 0.693333 0.057188 0.081111 2 0.535156 0.978125 0.685556 0.0425 0.092222 0 0.484375 0.323516 0.663611 0.036094 0.086111 10 0.42627 0.685 0.697222 0.14 0.316667 2 0.262939 0.794063 0.470278 0.029375 0.054444 2 0.259766 0.872188 0.705278 0.045625 0.085 0 0.233765 0.872188 0.705278 0.045625 0.085 0 0.199341 0.987188 0.907222 0.025625 0.09 2 0.181274 0.767812 0.433611 0.021875 0.045 2 0.167725 0.9925 0.798611 0.015 0.089444 1 0.110107 0.987188 0.907222 0.025625 0.09 0 0.108215 0.98875 0.906389 0.0225 0.088333 5 0.067566 0.420938 0.260139 0.020625 0.038611 3 0.049957 0.9925 0.798611 0.015 0.089444 4 0.031982 0.323516 0.663611 0.036094 0.086111 2 0.027374 0.323516 0.663611 0.036094 0.086111 0 0.021774 0.794063 0.470278 0.029375 0.054444 1 0.019272 0.98875 0.906389 0.0225 0.088333 2 0.019058 0.291641 0.398333 0.016406 0.038889 1 0.010696 0.9925 0.798611 0.015 0.089444 2 0.007874 0.995313 0.768889 0.009375 0.152222 2 0.007576 0.995625 0.740278 0.00875 0.125 3 0.00547 0.995313 0.768889 0.009375 0.152222 2 0.003796 0.994063 0.814722 0.011875 0.072778 2 0.00316 0.995 0.714445 0.01 0.084444 2 0.002846 0.9925 0.627222 0.015 0.095556 11 0.0028 0.042832 0.202083 0.029883 0.048056 2 0.002726 0.995938 0.545278 0.008125 0.047222 2 0.00259 0.636094 0.347778 0.034062 0.057778 2 0.002571 0.996563 0.534445 0.006875 0.066667 0 0.002323 0.9925 0.798611 0.015 0.089444 2 0.00201 0.159531 0.686944 0.044063 0.079444 0 0.001942 0.995938 0.545278 0.008125 0.047222 2 0.001926 0.9825 0.516111 0.02 0.052222 3 0.001897 0.389688 0.271806 0.019375 0.036389 3 0.001831 0.990625 0.798056 0.01875 0.096111 2 0.00181 0.994375 0.643333 0.01125 0.127778 3 0.001616 0.420938 0.260139 0.020625 0.038611 2 0.001611 0.990625 0.798056 0.01875 0.096111 2 0.001525 0.98875 0.906389 0.0225 0.088333 4 0.001519 0.872188 0.705278 0.045625 0.085 2 0.001467 0.995938 0.556944 0.008125 0.061667 11 0.001421 0.685 0.697222 0.14 0.316667 1 0.001294 0.995938 0.545278 0.008125 0.047222 2 0.001294 0.033721 0.317917 0.02834 0.049722 3 0.001285 0.995625 0.740278 0.00875 0.125 2 0.001161 0.987188 0.907222 0.025625 0.09 0 0.001124 0.9925 0.627222 0.015 0.095556 4 0.001112 0.9925 0.798611 0.015 0.089444 0 0.001099 0.412187 0.397917 0.026875 0.055278
CCTV02^20260511-140000-20260511-142440_002888,10 0.931641 0.347031 0.404861 0.045313 0.129722 10 0.907227 0.711719 0.703333 0.144063 0.32 2 0.897461 0.160156 0.685278 0.044375 0.083889 3 0.89502 0.579063 0.485833 0.038125 0.061667 5 0.892578 0.63625 0.348056 0.035 0.057222 3 0.880859 0.601562 0.577778 0.05 0.08 3 0.871582 0.530938 0.364028 0.028125 0.044167 2 0.858887 0.314297 0.388056 0.018906 0.048333 2 0.831055 0.356719 0.585556 0.032188 0.068889 3 0.818848 0.31875 0.3125 0.021875 0.037778 2 0.767578 0.916875 0.582222 0.03625 0.073333 2 0.708984 0.977813 0.686389 0.043125 0.093889 0 0.577637 0.75375 0.465139 0.02625 0.060833 2 0.226807 0.380313 0.293056 0.015625 0.039444 2 0.223999 0.9925 0.801667 0.015 0.092222 2 0.177856 0.75375 0.465139 0.02625 0.060833 0 0.03891 0.852188 0.477917 0.020625 0.0425 2 0.031738 0.365313 0.279444 0.013125 0.03 3 0.031021 0.9925 0.801667 0.015 0.092222 2 0.017105 0.526406 0.264514 0.018438 0.03375 1 0.016159 0.9925 0.801667 0.015 0.092222 2 0.014389 0.292344 0.397778 0.015625 0.038333 2 0.011597 0.995313 0.770833 0.009375 0.152778 2 0.010612 0.995625 0.740833 0.00875 0.122778 0 0.010132 0.380313 0.293056 0.015625 0.039444 0 0.006958 0.850313 0.479167 0.025625 0.049444 0 0.004681 0.9925 0.801667 0.015 0.092222 3 0.004665 0.995313 0.770833 0.009375 0.152778 2 0.00415 0.99625 0.544028 0.0075 0.046389 2 0.004116 0.63625 0.348056 0.035 0.057222 2 0.003824 0.996563 0.532917 0.006875 0.065278 2 0.003796 0.302891 0.367222 0.020781 0.040556 2 0.003693 0.990625 0.803333 0.01875 0.097778 0 0.003124 0.841562 0.478333 0.023125 0.045556 2 0.00289 0.995313 0.641111 0.009375 0.11 0 0.002684 0.99625 0.544028 0.0075 0.046389 2 0.002234 0.995313 0.933333 0.009375 0.131111 2 0.002003 0.9925 0.626389 0.015 0.093889 2 0.001636 0.995313 0.912222 0.009375 0.118889 2 0.001585 0.993438 0.815278 0.013125 0.077222 3 0.001531 0.990625 0.803333 0.01875 0.097778 2 0.001444 0.995313 0.925833 0.009375 0.148333 3 0.00141 0.9925 0.808333 0.015 0.214444 2 0.001399 0.99625 0.555556 0.0075 0.055556 2 0.001383 0.994687 0.714445 0.010625 0.074444 3 0.001305 0.992188 0.840833 0.015625 0.266111 0 0.001156 0.995313 0.641111 0.009375 0.11 3 0.001124 0.995625 0.740833 0.00875 0.122778 4 0.001032 0.530938 0.364028 0.028125 0.044167
CCTV02^20260511-140000-20260511-142440_002892,10 0.933105 0.347188 0.404444 0.045625 0.130556 2 0.898438 0.403125 0.398056 0.02 0.047222 3 0.884766 0.536719 0.405 0.033437 0.058889 5 0.880859 0.636094 0.348056 0.034062 0.057222 2 0.872559 0.160625 0.685 0.043125 0.081111 3 0.866211 0.445625 0.550833 0.035 0.066111 2 0.85791 0.314141 0.389167 0.019219 0.051111 2 0.838867 0.710938 0.448472 0.029375 0.055833 3 0.816406 0.318516 0.312361 0.021094 0.038056 2 0.779785 0.917813 0.583889 0.038125 0.074444 2 0.759277 0.388125 0.370278 0.019375 0.041667 5 0.715332 0.45625 0.384722 0.026875 0.056111 2 0.684082 0.784688 0.467083 0.023125 0.0525 2 0.649414 0.814375 0.475556 0.02625 0.054444 2 0.602051 0.754063 0.463889 0.025625 0.06 6 0.567871 0.622969 0.474167 0.061562 0.108889 3 0.565918 0.499063 0.315278 0.028125 0.048333 2 0.498047 0.978125 0.685278 0.0425 0.092778 3 0.380371 0.109141 0.7525 0.129219 0.111667 10 0.350342 0.424687 0.296528 0.033125 0.0725 5 0.253906 0.499063 0.315278 0.028125 0.048333 2 0.188354 0.992188 0.800556 0.015625 0.092222 0 0.082703 0.754063 0.463889 0.025625 0.06 3 0.051666 0.45625 0.384722 0.026875 0.056111 9 0.046021 0.622969 0.474167 0.061562 0.108889 3 0.043365 0.992188 0.800556 0.015625 0.092222 4 0.027802 0.109316 0.746944 0.130117 0.120556 2 0.025558 0.45625 0.384722 0.026875 0.056111 4 0.025269 0.45625 0.384722 0.026875 0.056111 1 0.025177 0.992188 0.800556 0.015625 0.092222 10 0.024994 0.622969 0.474167 0.061562 0.108889 1 0.018768 0.336094 0.31625 0.010313 0.0275 2 0.008316 0.995 0.773056 0.01 0.150556 9 0.007755 0.424687 0.296528 0.033125 0.0725 0 0.007576 0.992188 0.800556 0.015625 0.092222 9 0.006615 0.109316 0.746944 0.130117 0.120556 5 0.005138 0.109316 0.746944 0.130117 0.120556 3 0.004925 0.995 0.773056 0.01 0.150556 6 0.004608 0.109316 0.746944 0.130117 0.120556 2 0.00423 0.995625 0.741111 0.00875 0.133333 2 0.004181 0.992188 0.948611 0.015625 0.092778 10 0.003839 0.109316 0.746944 0.130117 0.120556 2 0.003565 0.99625 0.54375 0.0075 0.044722 2 0.003456 0.992813 0.933333 0.014375 0.12 0 0.003185 0.388125 0.370278 0.019375 0.041667 2 0.002867 0.636094 0.348056 0.034062 0.057222 2 0.002571 0.994063 0.92 0.011875 0.152222 2 0.002493 0.990625 0.801667 0.01875 0.098889 0 0.002296 0.99375 0.815 0.0125 0.073333 3 0.001995 0.388125 0.370278 0.019375 0.041667 2 0.001957 0.996875 0.53375 0.00625 0.061389 0 0.001775 0.991875 0.624444 0.01625 0.09 0 0.00172 0.005332 0.691944 0.010664 0.069444 2 0.0017 0.99375 0.815 0.0125 0.073333 5 0.001579 0.622969 0.474167 0.061562 0.108889 2 0.001567 0.992813 0.957778 0.014375 0.084444 9 0.001525 0.45625 0.384722 0.026875 0.056111 4 0.001519 0.992188 0.800556 0.015625 0.092222 1 0.001444 0.336719 0.322639 0.011562 0.0275 2 0.001372 0.995313 0.905 0.009375 0.154444 3 0.001305 0.990625 0.801667 0.01875 0.098889 4 0.001285 0.499063 0.315278 0.028125 0.048333 0 0.001255 0.99625 0.54375 0.0075 0.044722 0 0.001161 0.403125 0.398056 0.02 0.047222 2 0.001099 0.109316 0.746944 0.130117 0.120556 1 0.001057 0.99375 0.815 0.0125 0.073333 3 0.001017 0.995625 0.741111 0.00875 0.133333 2 0.001004 0.996563 0.555972 0.006875 0.055833
CCTV02^20260511-140000-20260511-142440_002896,10 0.930176 0.347031 0.40375 0.045313 0.131389 2 0.898438 0.160273 0.686667 0.045078 0.082222 3 0.890137 0.436563 0.3925 0.024375 0.043333 5 0.879883 0.636094 0.347917 0.034062 0.056389 2 0.859863 0.39125 0.39875 0.021875 0.048056 2 0.845703 0.314375 0.387361 0.02 0.050833 2 0.84082 0.919687 0.766111 0.045625 0.101111 3 0.823242 0.31875 0.3125 0.021875 0.037222 2 0.822266 0.922812 0.678333 0.038125 0.083333 2 0.809082 0.596875 0.3625 0.021875 0.047222 2 0.73877 0.8225 0.505694 0.02625 0.065278 2 0.6875 0.324688 0.618889 0.030625 0.073333 2 0.684082 0.979062 0.685 0.041875 0.092222 4 0.405518 0.765312 0.484028 0.048125 0.061944 2 0.303955 0.765312 0.484028 0.048125 0.061944 2 0.193115 0.413594 0.296667 0.021562 0.037222 0 0.178955 0.283906 0.482778 0.01625 0.040556 2 0.171021 0.9175 0.5825 0.0375 0.073889 2 0.086914 0.992813 0.795833 0.014375 0.099444 4 0.071594 0.85875 0.583056 0.035 0.077222 3 0.041138 0.992813 0.795833 0.014375 0.099444 2 0.037048 0.85875 0.583056 0.035 0.077222 0 0.036072 0.324688 0.618889 0.030625 0.073333 0 0.0336 0.283359 0.480278 0.016406 0.035556 1 0.024338 0.319141 0.365139 0.011094 0.034167 9 0.021454 0.765312 0.484028 0.048125 0.061944 0 0.016983 0.8225 0.505694 0.02625 0.065278 3 0.015671 0.85875 0.583056 0.035 0.077222 2 0.013954 0.994687 0.770833 0.010625 0.145 3 0.011375 0.413594 0.296667 0.021562 0.037222 1 0.00885 0.992813 0.795833 0.014375 0.099444 7 0.008781 0.765312 0.484028 0.048125 0.061944 2 0.008575 0.993438 0.925 0.013125 0.127778 2 0.008575 0.992813 0.931944 0.014375 0.128333 2 0.006168 0.995625 0.740833 0.00875 0.128333 2 0.00589 0.994375 0.815278 0.01125 0.077222 3 0.00502 0.994687 0.770833 0.010625 0.145 3 0.004646 0.990938 0.780278 0.018125 0.130556 2 0.004539 0.636094 0.347917 0.034062 0.056389 2 0.003796 0.992813 0.943889 0.014375 0.106667 0 0.003679 0.992813 0.795833 0.014375 0.099444 0 0.003286 0.995938 0.544861 0.008125 0.049167 2 0.00304 0.919687 0.765833 0.045625 0.098333 2 0.002611 0.995 0.910833 0.01 0.112778 3 0.002531 0.990938 0.796111 0.018125 0.104444 1 0.002398 0.317813 0.358472 0.011875 0.029167 2 0.002306 0.991562 0.622222 0.016875 0.071111 2 0.002182 0.99375 0.641389 0.0125 0.107222 0 0.002132 0.991562 0.622222 0.016875 0.071111 0 0.002028 0.39125 0.39875 0.021875 0.048056 2 0.00202 0.990938 0.780278 0.018125 0.130556 4 0.001818 0.413594 0.296667 0.021562 0.037222 0 0.001761 0.989688 0.623056 0.020625 0.071667 0 0.001675 0.99375 0.641389 0.0125 0.107222 0 0.001561 0.765312 0.484028 0.048125 0.061944 2 0.001543 0.304141 0.37 0.018594 0.041111 0 0.001531 0.994375 0.815278 0.01125 0.077222 2 0.001399 0.995938 0.544861 0.008125 0.049167 2 0.001341 0.990938 0.796111 0.018125 0.104444 4 0.001294 0.992813 0.795833 0.014375 0.099444 3 0.001225 0.995625 0.740833 0.00875 0.128333 2 0.001147 0.995313 0.713611 0.009375 0.071667 2 0.001116 0.996563 0.534583 0.006875 0.068611 2 0.001112 0.989375 0.927778 0.02125 0.13 2 0.001086 0.283906 0.482778 0.01625 0.040556 2 0.001008 0.292344 0.400694 0.015937 0.035833
CCTV07^20260116-060000-20260116-065959_003584,12 0.899902 0.140273 0.766944 0.053828 0.183889 3 0.868652 0.633906 0.748333 0.064687 0.073333 12 0.788086 0.128945 0.649167 0.031484 0.061667 5 0.690918 0.793125 0.850278 0.09 0.123889 12 0.533203 0.292344 0.469861 0.023438 0.045833 5 0.418701 0.405781 0.555556 0.027187 0.034444 3 0.359375 0.405156 0.555278 0.027813 0.033889 3 0.24939 0.405781 0.555556 0.027187 0.034444 5 0.080933 0.405156 0.555278 0.027813 0.033889 11 0.079224 0.292344 0.469861 0.023438 0.045833 6 0.051453 0.793125 0.850278 0.09 0.123889 9 0.049591 0.292344 0.469861 0.023438 0.045833 5 0.038452 0.140273 0.766944 0.053828 0.183889 5 0.021362 0.128945 0.649167 0.031484 0.061667 10 0.011551 0.793125 0.850278 0.09 0.123889 9 0.010208 0.405781 0.555556 0.027187 0.034444 10 0.005959 0.292344 0.469861 0.023438 0.045833 9 0.005775 0.405156 0.555278 0.027813 0.033889 9 0.004593 0.793125 0.850278 0.09 0.123889 4 0.00304 0.793125 0.850278 0.09 0.123889 2 0.002684 0.163516 0.571389 0.010781 0.023889 3 0.002068 0.793125 0.850278 0.09 0.123889 12 0.001789 0.793125 0.850278 0.09 0.123889 3 0.001245 0.192266 0.425694 0.009531 0.015278 2 0.001206 0.164805 0.574722 0.014141 0.030556 11 0.001188 0.793125 0.850278 0.09 0.123889 3 0.001188 0.192109 0.429306 0.007344 0.011389 12 0.001081 0.192266 0.425694 0.009531 0.015278
CCTV07^20260116-060000-20260116-065959_003588,12 0.911621 0.140469 0.766667 0.052813 0.183333 12 0.882324 0.256484 0.555 0.023594 0.043333 12 0.800781 0.129023 0.65 0.031328 0.06 12 0.645996 0.63 0.738333 0.1375 0.197778 5 0.025085 0.140469 0.766667 0.052813 0.183333 5 0.021286 0.129023 0.65 0.031328 0.06 11 0.02034 0.63 0.738333 0.1375 0.197778 10 0.01297 0.194375 0.421944 0.014375 0.022222 9 0.006744 0.256484 0.555 0.023594 0.043333 10 0.005554 0.63 0.738333 0.1375 0.197778 5 0.004539 0.194375 0.421944 0.014375 0.022222 7 0.003914 0.256484 0.555 0.023594 0.043333 11 0.003885 0.256484 0.555 0.023594 0.043333 2 0.001727 0.455781 0.504444 0.013438 0.025556 9 0.001432 0.63 0.738333 0.1375 0.197778 3 0.001216 0.194375 0.421944 0.014375 0.022222
CCTV07^20260116-060000-20260116-065959_003592,12 0.908203 0.140547 0.766944 0.053281 0.183889 12 0.800781 0.128945 0.649722 0.031172 0.059444 3 0.689453 0.4125 0.554167 0.02625 0.032778 5 0.185913 0.376094 0.55 0.024063 0.037778 3 0.115967 0.376094 0.55 0.024063 0.037778 5 0.025665 0.4125 0.554167 0.02625 0.032778 5 0.020645 0.140547 0.766944 0.053281 0.183889 3 0.02002 0.412344 0.554444 0.025938 0.034444 5 0.019638 0.128945 0.649722 0.031172 0.059444 11 0.017715 0.376094 0.55 0.024063 0.037778 3 0.007637 0.188438 0.44375 0.009688 0.018056 1 0.007149 0.202578 0.440833 0.008281 0.013333 10 0.004829 0.376094 0.55 0.024063 0.037778 9 0.004025 0.376094 0.55 0.024063 0.037778 3 0.003664 0.191016 0.444167 0.009219 0.012778 6 0.002846 0.376094 0.55 0.024063 0.037778 1 0.002642 0.190938 0.445972 0.0075 0.010833 12 0.00235 0.188438 0.44375 0.009688 0.018056 12 0.001995 0.376094 0.55 0.024063 0.037778 3 0.00109 0.37875 0.558056 0.020625 0.029444 5 0.001032 0.412344 0.554444 0.025938 0.034444
CCTV07^20260116-060000-20260116-065959_003596,12 0.913574 0.140234 0.767222 0.052969 0.183333 12 0.790527 0.128945 0.649722 0.031172 0.060556 12 0.763672 0.211484 0.468333 0.020156 0.037778 3 0.034363 0.320625 0.504444 0.020625 0.032222 5 0.023422 0.140234 0.767222 0.052969 0.183333 5 0.019272 0.128945 0.649722 0.031172 0.060556 3 0.015717 0.230703 0.477778 0.011406 0.015556 11 0.014671 0.218359 0.4425 0.012969 0.021111 11 0.0093 0.320625 0.504444 0.020625 0.032222 5 0.008377 0.320625 0.504444 0.020625 0.032222 1 0.008003 0.230703 0.477778 0.011406 0.015556 9 0.007431 0.320625 0.504444 0.020625 0.032222 3 0.0047 0.320703 0.501389 0.019844 0.029444 12 0.004055 0.218359 0.4425 0.012969 0.021111 3 0.003824 0.319063 0.500556 0.020625 0.031667 11 0.00289 0.264297 0.434167 0.019219 0.030556 2 0.002693 0.175625 0.593333 0.014375 0.033333 2 0.002611 0.174531 0.588611 0.01375 0.030556 1 0.001883 0.227266 0.47875 0.009531 0.010278 3 0.001755 0.229063 0.4775 0.01125 0.017222 7 0.001501 0.320625 0.504444 0.020625 0.032222 12 0.001444 0.264297 0.434167 0.019219 0.030556 10 0.001383 0.264297 0.434167 0.019219 0.030556 12 0.001265 0.320625 0.504444 0.020625 0.032222 1 0.001134 0.320625 0.504444 0.020625 0.032222
CCTV07^20260116-060000-20260116-065959_003600,12 0.909668 0.140234 0.766944 0.052969 0.183889 11 0.884766 0.226328 0.48875 0.027031 0.056389 3 0.866211 0.49625 0.652222 0.04125 0.05 12 0.78418 0.129102 0.65 0.031328 0.06 4 0.364746 0.447656 0.531528 0.032188 0.040278 10 0.15918 0.651563 0.695 0.103125 0.147778 2 0.158203 0.447656 0.531528 0.032188 0.040278 3 0.041779 0.274766 0.459167 0.015781 0.027222 5 0.028336 0.140234 0.766944 0.052969 0.183889 12 0.027695 0.178828 0.413056 0.012969 0.024444 5 0.024231 0.129102 0.65 0.031328 0.06 9 0.020645 0.447656 0.531528 0.032188 0.040278 12 0.0121 0.179531 0.410972 0.013125 0.024722 2 0.011963 0.455313 0.511667 0.01625 0.028889 7 0.011162 0.447656 0.531528 0.032188 0.040278 12 0.010056 0.651563 0.695 0.103125 0.147778 2 0.009972 0.156289 0.482778 0.010859 0.018333 12 0.008156 0.179609 0.409306 0.015469 0.030833 11 0.006668 0.651563 0.695 0.103125 0.147778 3 0.004025 0.447656 0.531528 0.032188 0.040278 3 0.003839 0.253984 0.434306 0.015156 0.028056 12 0.002434 0.179922 0.409028 0.015469 0.029167 2 0.002323 0.156445 0.483195 0.010234 0.018611 0 0.002035 0.156289 0.482778 0.010859 0.018333 2 0.001501 0.160547 0.480972 0.007969 0.015278 12 0.001335 0.226328 0.48875 0.027031 0.056389 12 0.001134 0.156289 0.482778 0.010859 0.018333 0 0.001 0.156445 0.483195 0.010234 0.018611
CCTV07^20260116-060000-20260116-065959_003604,12 0.924316 0.311328 0.565833 0.043594 0.082778 12 0.911133 0.140313 0.766389 0.053437 0.183889 3 0.882324 0.345313 0.7125 0.03875 0.053889 11 0.803223 0.205234 0.454444 0.016406 0.032222 12 0.800781 0.128867 0.65 0.031484 0.06 2 0.72168 0.169141 0.535833 0.012969 0.025 12 0.168823 0.4175 0.564444 0.044375 0.085556 2 0.030441 0.354688 0.478056 0.0125 0.018889 3 0.030212 0.354688 0.478056 0.0125 0.018889 5 0.02211 0.140313 0.766389 0.053437 0.183889 12 0.019424 0.181328 0.417083 0.013594 0.028056 5 0.019272 0.128867 0.65 0.031484 0.06 11 0.017914 0.181328 0.417083 0.013594 0.028056 9 0.017303 0.4175 0.564444 0.044375 0.085556 11 0.011734 0.4175 0.564444 0.044375 0.085556 0 0.004757 0.169141 0.535833 0.012969 0.025 3 0.004539 0.266563 0.450833 0.011875 0.02 0 0.002642 0.174375 0.475 0.007187 0.019444 1 0.002611 0.174375 0.475 0.007187 0.019444 10 0.002443 0.4175 0.564444 0.044375 0.085556 3 0.00227 0.266328 0.448056 0.010781 0.017222 2 0.001687 0.168906 0.536667 0.013437 0.025556 9 0.001525 0.311328 0.565833 0.043594 0.082778 2 0.001478 0.174375 0.475 0.007187 0.019444 7 0.001405 0.205234 0.454444 0.016406 0.032222 12 0.001383 0.205234 0.454444 0.016406 0.032222 1 0.001305 0.354688 0.478056 0.0125 0.018889 0 0.001143 0.354688 0.478056 0.0125 0.018889
CCTV07^20260116-060000-20260116-065959_003608,12 0.914062 0.140391 0.766389 0.053281 0.183889 3 0.808105 0.354375 0.651111 0.0325 0.043333 12 0.800781 0.128984 0.649444 0.03125 0.061111 3 0.399902 0.320937 0.603333 0.02625 0.034444 9 0.307373 0.624844 0.751667 0.089063 0.105556 5 0.194336 0.320937 0.603333 0.02625 0.034444 9 0.160278 0.315859 0.658889 0.041406 0.066667 11 0.12085 0.315859 0.658889 0.041406 0.066667 11 0.094666 0.624844 0.751667 0.089063 0.105556 7 0.073181 0.315859 0.658889 0.041406 0.066667 12 0.030914 0.205391 0.459861 0.012969 0.024722 5 0.027069 0.140391 0.766389 0.053281 0.183889 5 0.020569 0.128984 0.649444 0.03125 0.061111 5 0.013634 0.205391 0.459861 0.012969 0.024722 2 0.012238 0.205391 0.459861 0.012969 0.024722 12 0.007347 0.200313 0.433889 0.011563 0.015556 12 0.005577 0.20125 0.437083 0.011563 0.016944 9 0.003027 0.320937 0.603333 0.02625 0.034444 7 0.002512 0.624844 0.751667 0.089063 0.105556 12 0.002216 0.199375 0.428611 0.01375 0.021667 11 0.001934 0.205391 0.459861 0.012969 0.024722 12 0.001934 0.200312 0.429583 0.014375 0.026944 3 0.001867 0.205391 0.459861 0.012969 0.024722 12 0.001399 0.624844 0.751667 0.089063 0.105556 10 0.001367 0.205391 0.459861 0.012969 0.024722 11 0.001356 0.624219 0.750833 0.087813 0.107222 12 0.001265 0.315859 0.658889 0.041406 0.066667 3 0.001265 0.200313 0.433889 0.011563 0.015556 1 0.00126 0.189063 0.521528 0.00875 0.026389 9 0.001073 0.205391 0.459861 0.012969 0.024722 3 0.001008 0.20125 0.437083 0.011563 0.016944
CCTV07^20260116-060000-20260116-065959_003612,12 0.915039 0.140234 0.766944 0.052656 0.181667 3 0.85498 0.255625 0.551667 0.020313 0.027778 12 0.799316 0.129023 0.650833 0.030703 0.059444 12 0.108948 0.187188 0.433056 0.010937 0.023889 11 0.077515 0.279531 0.543889 0.024375 0.033333 9 0.045685 0.279531 0.543889 0.024375 0.033333 5 0.037048 0.279531 0.543889 0.024375 0.033333 2 0.026657 0.155703 0.485139 0.013594 0.0225 7 0.025269 0.279531 0.543889 0.024375 0.033333 5 0.022293 0.140234 0.766944 0.052656 0.181667 5 0.019272 0.129023 0.650833 0.030703 0.059444 3 0.018692 0.279531 0.543889 0.024375 0.033333 2 0.016342 0.15457 0.483889 0.013984 0.021111 4 0.011917 0.279531 0.543889 0.024375 0.033333 12 0.011292 0.279531 0.543889 0.024375 0.033333 12 0.005642 0.186641 0.422778 0.010156 0.018333 3 0.003197 0.279844 0.538611 0.025625 0.040556 0 0.002453 0.155703 0.485139 0.013594 0.0225 1 0.002388 0.354219 0.489722 0.008438 0.012778 10 0.001831 0.187188 0.433056 0.010937 0.023889 0 0.00181 0.15457 0.483889 0.013984 0.021111 5 0.001727 0.155703 0.485139 0.013594 0.0225 11 0.001636 0.187188 0.433056 0.010937 0.023889 6 0.001309 0.279531 0.543889 0.024375 0.033333 10 0.001279 0.279531 0.543889 0.024375 0.033333 3 0.001004 0.186641 0.422778 0.010156 0.018333
CCTV07^20260116-060000-20260116-065959_003627,12 0.90918 0.140234 0.7675 0.053281 0.183889 12 0.794434 0.128984 0.65 0.030938 0.06 12 0.066589 0.150273 0.418194 0.009922 0.019722 1 0.036346 0.283828 0.459722 0.008594 0.015 5 0.019058 0.128984 0.65 0.030938 0.06 5 0.018768 0.140234 0.7675 0.053281 0.183889 11 0.008987 0.202266 0.465417 0.013906 0.0275 12 0.003124 0.15 0.4175 0.011094 0.021667 3 0.001949 0.184375 0.414306 0.009063 0.014722 11 0.00172 0.150273 0.418194 0.009922 0.019722 12 0.001461 0.202266 0.465417 0.013906 0.0275 11 0.001081 0.202266 0.464722 0.014219 0.027778
CCTV07^20260116-060000-20260116-065959_003631,12 0.910645 0.140273 0.766389 0.052891 0.181667 3 0.817383 0.572656 0.721944 0.057188 0.072778 12 0.813965 0.129141 0.65 0.030781 0.06 12 0.658203 0.274844 0.567778 0.040313 0.076667 2 0.658203 0.199766 0.705556 0.018906 0.056667 10 0.552734 0.40375 0.778611 0.1125 0.210556 0 0.140381 0.199766 0.705556 0.018906 0.056667 7 0.087585 0.349531 0.51 0.017188 0.033889 7 0.054199 0.349063 0.510139 0.01875 0.034722 9 0.041473 0.349531 0.51 0.017188 0.033889 11 0.024231 0.274844 0.567778 0.040313 0.076667 5 0.020645 0.140273 0.766389 0.052891 0.181667 5 0.019943 0.129141 0.65 0.030781 0.06 9 0.014954 0.349063 0.510139 0.01875 0.034722 9 0.012383 0.274844 0.567778 0.040313 0.076667 11 0.008003 0.349531 0.51 0.017188 0.033889 3 0.005322 0.349531 0.51 0.017188 0.033889 11 0.004772 0.40375 0.778611 0.1125 0.210556 3 0.003565 0.349063 0.510139 0.01875 0.034722 1 0.003223 0.349063 0.510139 0.01875 0.034722 1 0.003172 0.349531 0.51 0.017188 0.033889 5 0.0028 0.572656 0.721944 0.057188 0.072778 2 0.002108 0.455625 0.50375 0.013125 0.024722 11 0.002003 0.349063 0.510139 0.01875 0.034722 12 0.001748 0.349531 0.51 0.017188 0.033889 1 0.001687 0.351875 0.517917 0.015625 0.0275
CCTV07^20260116-060000-20260116-065959_003635,12 0.908691 0.140469 0.766111 0.052813 0.183333 12 0.799316 0.129141 0.650556 0.030781 0.058889 12 0.771973 0.192266 0.434861 0.020156 0.041389 11 0.741699 0.255156 0.545694 0.032813 0.061944 1 0.613281 0.277969 0.542083 0.01 0.024722 1 0.150024 0.222188 0.470278 0.008125 0.013889 12 0.034363 0.255156 0.545694 0.032813 0.061944 5 0.024429 0.140469 0.766111 0.052813 0.183333 5 0.023865 0.129141 0.650556 0.030781 0.058889 2 0.016785 0.156016 0.482222 0.011094 0.020556 1 0.013275 0.278359 0.544583 0.007969 0.018611 1 0.013222 0.22125 0.470139 0.009375 0.014167 2 0.003248 0.156719 0.48375 0.010312 0.020833 1 0.002924 0.277109 0.540139 0.008906 0.024167 0 0.002834 0.370781 0.486528 0.013438 0.023611 2 0.002434 0.370781 0.486528 0.013438 0.023611 0 0.001853 0.156719 0.48375 0.010312 0.020833 0 0.001513 0.156016 0.482222 0.011094 0.020556 9 0.001221 0.255156 0.545694 0.032813 0.061944 3 0.001188 0.217891 0.417222 0.011406 0.018889 7 0.001099 0.255156 0.545694 0.032813 0.061944
CCTV07^20260116-060000-20260116-065959_003639,12 0.909668 0.14043 0.766667 0.052891 0.182222 12 0.906738 0.307969 0.630833 0.049062 0.092778 12 0.79834 0.128984 0.65 0.030781 0.06 9 0.413086 0.405 0.698611 0.046875 0.071667 0 0.229492 0.611719 0.619167 0.029063 0.043889 11 0.209473 0.405 0.698611 0.046875 0.071667 2 0.191895 0.178438 0.499167 0.009375 0.020556 0 0.151978 0.178438 0.499167 0.009375 0.020556 1 0.115967 0.314297 0.484722 0.011094 0.018333 7 0.083313 0.405 0.698611 0.046875 0.071667 1 0.080627 0.313359 0.48125 0.010156 0.0175 5 0.023697 0.14043 0.766667 0.052891 0.182222 5 0.020798 0.128984 0.65 0.030781 0.06 4 0.014618 0.405 0.698611 0.046875 0.071667 11 0.007668 0.307969 0.630833 0.049062 0.092778 0 0.003839 0.179844 0.502917 0.009375 0.019167 4 0.003721 0.611719 0.619167 0.029063 0.043889 3 0.003496 0.313359 0.48125 0.010156 0.0175 0 0.003403 0.179922 0.498194 0.009219 0.020833 0 0.003351 0.17875 0.500833 0.009687 0.019444 12 0.003248 0.405 0.698611 0.046875 0.071667 9 0.00297 0.307969 0.630833 0.049062 0.092778 2 0.002481 0.179922 0.498194 0.009219 0.020833 12 0.001995 0.183672 0.425417 0.012031 0.0225 3 0.001972 0.183672 0.425417 0.012031 0.0225 2 0.001796 0.455781 0.504028 0.013438 0.025833 11 0.001611 0.183672 0.425417 0.012031 0.0225 3 0.001597 0.184531 0.428472 0.01 0.018611 7 0.001472 0.307969 0.630833 0.049062 0.092778 1 0.001346 0.311016 0.47875 0.011094 0.018056 1 0.001192 0.178438 0.499167 0.009375 0.020556 1 0.001017 0.235156 0.429444 0.010313 0.020556
CCTV07^20260116-060000-20260116-065959_003688,12 0.91748 0.140664 0.765556 0.052734 0.184444 11 0.875 0.304141 0.556528 0.034844 0.070278 12 0.813965 0.128789 0.650278 0.030391 0.058333 3 0.647949 0.218594 0.486806 0.014063 0.021944 12 0.633301 0.154492 0.449861 0.014766 0.031389 12 0.226807 0.554688 0.926389 0.169375 0.146111 12 0.095337 0.15457 0.448889 0.015234 0.031667 3 0.046539 0.194219 0.43 0.008125 0.014444 3 0.037598 0.193672 0.426667 0.009531 0.017222 11 0.036774 0.554688 0.926389 0.169375 0.146111 5 0.021942 0.128789 0.650278 0.030391 0.058333 5 0.015076 0.140664 0.765556 0.052734 0.184444 5 0.00481 0.218594 0.486806 0.014063 0.021944 2 0.00428 0.45625 0.502639 0.013125 0.024722 9 0.004025 0.554688 0.926389 0.169375 0.146111 10 0.003538 0.554688 0.926389 0.169375 0.146111 2 0.002632 0.152617 0.477361 0.009297 0.016944 5 0.002132 0.154492 0.449861 0.014766 0.031389 12 0.001796 0.152617 0.477361 0.009297 0.016944 2 0.001057 0.152773 0.483194 0.008359 0.018056 0 0.001048 0.152773 0.483194 0.008359 0.018056
CCTV07^20260116-060000-20260116-065959_003692,12 0.915039 0.140547 0.766111 0.052656 0.182222 12 0.892578 0.217812 0.47875 0.02375 0.0475 12 0.878418 0.321562 0.662778 0.050625 0.096667 12 0.808105 0.129063 0.650833 0.030781 0.058333 12 0.782715 0.490469 0.785 0.114063 0.187778 2 0.775879 0.162305 0.513889 0.011328 0.023333 1 0.741699 0.36625 0.693056 0.015 0.038333 9 0.563965 0.419531 0.585 0.033437 0.048889 11 0.205566 0.201563 0.430694 0.012813 0.024167 3 0.17334 0.300625 0.4775 0.015937 0.018333 1 0.056458 0.366719 0.696667 0.014688 0.032222 11 0.029984 0.419531 0.585 0.033437 0.048889 5 0.026764 0.129063 0.650833 0.030781 0.058333 5 0.023239 0.140547 0.766111 0.052656 0.182222 12 0.01519 0.419531 0.585 0.033437 0.048889 7 0.014175 0.419531 0.585 0.033437 0.048889 0 0.006096 0.162305 0.513889 0.011328 0.023333 11 0.00481 0.200547 0.430556 0.012656 0.02 4 0.003855 0.419531 0.585 0.033437 0.048889 5 0.003147 0.490469 0.785 0.114063 0.187778 10 0.003075 0.201563 0.430694 0.012813 0.024167 2 0.002672 0.150898 0.480417 0.010703 0.018611 12 0.002571 0.201563 0.430694 0.012813 0.024167 3 0.002035 0.185 0.424306 0.00875 0.0125 3 0.001675 0.302344 0.480417 0.015937 0.018611 2 0.001549 0.454844 0.503472 0.014063 0.024722 3 0.001525 0.29875 0.478472 0.014063 0.019167 0 0.001032 0.150898 0.480417 0.010703 0.018611
CCTV07^20260116-060000-20260116-065959_003696,12 0.915527 0.140664 0.766389 0.052109 0.183889 12 0.901367 0.234844 0.470278 0.022813 0.043333 12 0.809082 0.129102 0.650278 0.030547 0.057222 3 0.708984 0.432031 0.57 0.027812 0.038889 2 0.690918 0.167187 0.536667 0.011875 0.023333 12 0.651367 0.201719 0.459028 0.016875 0.029722 2 0.155029 0.163633 0.4625 0.010547 0.021667 12 0.040253 0.181953 0.421389 0.012656 0.022778 2 0.027374 0.167344 0.537222 0.012187 0.023333 2 0.024521 0.162578 0.463889 0.009219 0.02 5 0.024231 0.129102 0.650278 0.030547 0.057222 5 0.02272 0.140664 0.766389 0.052109 0.183889 5 0.018051 0.432031 0.57 0.027812 0.038889 12 0.00279 0.163633 0.4625 0.010547 0.021667 11 0.002632 0.201719 0.459028 0.016875 0.029722 3 0.002621 0.163633 0.4625 0.010547 0.021667 2 0.002287 0.455625 0.502917 0.01375 0.024167 4 0.001309 0.163633 0.4625 0.010547 0.021667
CCTV07^20260116-060000-20260116-065959_003700,12 0.91748 0.140508 0.767222 0.052109 0.183333 2 0.819824 0.188359 0.679722 0.020469 0.047222 12 0.796875 0.129141 0.650278 0.030469 0.058333 12 0.749023 0.22375 0.673889 0.0275 0.067778 4 0.405518 0.3625 0.478889 0.023125 0.026111 12 0.097412 0.194453 0.415972 0.015469 0.0325 7 0.067566 0.22375 0.673889 0.0275 0.067778 3 0.047424 0.287344 0.476667 0.016875 0.027222 5 0.022797 0.129141 0.650278 0.030469 0.058333 5 0.019867 0.140508 0.767222 0.052109 0.183333 3 0.018478 0.289297 0.477222 0.015469 0.022778 9 0.01622 0.22375 0.673889 0.0275 0.067778 2 0.014671 0.153242 0.44875 0.007422 0.014167 11 0.012527 0.3625 0.478889 0.023125 0.026111 2 0.01049 0.22375 0.673889 0.0275 0.067778 2 0.00956 0.455625 0.503056 0.015 0.026667 2 0.007965 0.198984 0.57 0.011406 0.028889 0 0.007637 0.153242 0.44875 0.007422 0.014167 3 0.006004 0.176328 0.413056 0.009219 0.015556 5 0.005913 0.22375 0.673889 0.0275 0.067778 3 0.005665 0.3625 0.478889 0.023125 0.026111 1 0.005619 0.321641 0.509028 0.012344 0.0175 2 0.005428 0.153516 0.447361 0.007187 0.015278 4 0.00433 0.363125 0.479444 0.021875 0.023889 0 0.00423 0.198984 0.57 0.011406 0.028889 1 0.003901 0.153242 0.44875 0.007422 0.014167 2 0.00387 0.200938 0.576667 0.012812 0.036667 2 0.003483 0.188516 0.679444 0.019844 0.045556 2 0.002758 0.456563 0.499444 0.011875 0.022778 5 0.002726 0.287344 0.476667 0.016875 0.027222 10 0.002672 0.3625 0.478889 0.023125 0.026111 6 0.002663 0.22375 0.673889 0.0275 0.067778 2 0.002493 0.151719 0.478611 0.009375 0.018333 12 0.002443 0.176328 0.413056 0.009219 0.015556 1 0.002434 0.291172 0.480833 0.012969 0.02 0 0.002115 0.153516 0.447361 0.007187 0.015278 11 0.002075 0.287344 0.476667 0.016875 0.027222 3 0.002043 0.223984 0.415 0.009531 0.017222 12 0.001934 0.287344 0.476667 0.016875 0.027222 12 0.001861 0.175547 0.410417 0.010781 0.018056 11 0.001839 0.289297 0.477222 0.015469 0.022778 1 0.001668 0.289297 0.477222 0.015469 0.022778 9 0.001604 0.289297 0.477222 0.015469 0.022778 2 0.00132 0.2 0.570278 0.01125 0.030556 9 0.001147 0.3625 0.478889 0.023125 0.026111 7 0.001116 0.287344 0.476667 0.016875 0.027222 9 0.001103 0.287344 0.476667 0.016875 0.027222
CCTV07^20260116-060000-20260116-065959_003704,12 0.918945 0.140469 0.766667 0.051875 0.182222 12 0.806641 0.129141 0.650833 0.030156 0.057222 1 0.42627 0.636563 0.745833 0.025625 0.037222 5 0.023331 0.129141 0.650833 0.030156 0.057222 5 0.019058 0.140469 0.766667 0.051875 0.182222 9 0.018692 0.709375 0.678333 0.06875 0.081111 2 0.015366 0.153281 0.474444 0.01375 0.025556 2 0.007549 0.455625 0.502639 0.015 0.025278 1 0.006313 0.316875 0.472917 0.008125 0.014722 4 0.003376 0.709375 0.678333 0.06875 0.081111 12 0.002571 0.153281 0.474444 0.01375 0.025556 3 0.002323 0.719688 0.682222 0.051875 0.068889 2 0.001561 0.956875 0.790556 0.03 0.042222 1 0.001174 0.32125 0.508056 0.011875 0.016667
CCTV07^20260116-060000-20260116-065959_003708,12 0.918945 0.140508 0.766667 0.051797 0.183333 12 0.810547 0.12918 0.651111 0.030391 0.056667 2 0.558105 0.576875 0.618333 0.024375 0.044444 2 0.058777 0.159531 0.48875 0.009688 0.018056 3 0.042572 0.313438 0.48 0.009063 0.015556 0 0.023956 0.576875 0.618333 0.024375 0.044444 2 0.022202 0.15875 0.488194 0.010937 0.020833 5 0.020416 0.12918 0.651111 0.030391 0.056667 5 0.01799 0.140508 0.766667 0.051797 0.183333 1 0.014786 0.313438 0.48 0.009063 0.015556 2 0.012291 0.455937 0.502361 0.01375 0.024167 2 0.00518 0.156875 0.485278 0.010937 0.021667 1 0.002663 0.313828 0.482917 0.010156 0.016389 12 0.00209 0.15875 0.488194 0.010937 0.020833 4 0.001831 0.576875 0.618333 0.024375 0.044444 2 0.001727 0.45625 0.499583 0.01125 0.021389 0 0.001065 0.15875 0.488194 0.010937 0.020833 2 0.001017 0.412187 0.493056 0.013125 0.026667
CCTV07^20260116-060000-20260116-065959_003712,12 0.91748 0.14043 0.766389 0.052578 0.183889 12 0.813965 0.129063 0.651111 0.030313 0.057778 1 0.763672 0.405313 0.559722 0.011875 0.018333 0 0.028976 0.875937 0.768333 0.031875 0.057778 1 0.025558 0.323516 0.504167 0.009844 0.016667 5 0.023071 0.129063 0.651111 0.030313 0.057778 5 0.019348 0.14043 0.766389 0.052578 0.183889 12 0.004467 0.151875 0.479306 0.010156 0.019167 2 0.003664 0.455625 0.502222 0.013125 0.023889 2 0.002663 0.151875 0.479306 0.010156 0.019167 1 0.002287 0.323516 0.500139 0.010469 0.020278 2 0.001839 0.456563 0.498889 0.01 0.021667 0 0.001245 0.873125 0.770278 0.0425 0.071667 2 0.001134 0.957187 0.789167 0.029375 0.040555
CCTV07^20260116-060000-20260116-065959_003716,12 0.927246 0.296328 0.54875 0.039844 0.073611 12 0.911621 0.14043 0.766944 0.052266 0.183889 2 0.837402 0.169922 0.550833 0.014219 0.028333 3 0.789062 0.3975 0.565278 0.02625 0.032778 12 0.788086 0.128945 0.650556 0.030547 0.057778 1 0.061188 0.320156 0.488611 0.019687 0.027222 3 0.05835 0.320156 0.488611 0.019687 0.027222 5 0.026657 0.128945 0.650556 0.030547 0.057778 5 0.024796 0.14043 0.766944 0.052266 0.183889 1 0.018829 0.376875 0.50875 0.009375 0.015278 3 0.006565 0.678125 0.763889 0.0625 0.074444 2 0.002981 0.169766 0.550556 0.013281 0.025556 3 0.002726 0.31875 0.485417 0.019375 0.026389 9 0.002472 0.320156 0.488611 0.019687 0.027222 5 0.002378 0.320156 0.488611 0.019687 0.027222 2 0.001649 0.455625 0.501944 0.013125 0.023889 2 0.001616 0.17125 0.473472 0.009688 0.021944 0 0.001274 0.169922 0.550833 0.014219 0.028333 1 0.001274 0.322266 0.499444 0.016719 0.022222 1 0.001028 0.678125 0.765278 0.06125 0.072778
CCTV07^20260116-060000-20260116-065959_003720,12 0.913574 0.140508 0.766944 0.051797 0.182778 12 0.813965 0.129063 0.651111 0.030156 0.057778 2 0.796875 0.181016 0.653333 0.017656 0.045556 5 0.092712 0.224141 0.4675 0.012969 0.02 3 0.071838 0.224141 0.4675 0.012969 0.02 5 0.038452 0.195937 0.448056 0.018125 0.028333 5 0.024994 0.129063 0.651111 0.030156 0.057778 5 0.018265 0.140508 0.766944 0.051797 0.182778 10 0.017044 0.195937 0.448056 0.018125 0.028333 3 0.014557 0.195937 0.448056 0.018125 0.028333 12 0.010735 0.229063 0.415278 0.011562 0.020556 0 0.009193 0.181016 0.653333 0.017656 0.045556 2 0.004944 0.455313 0.5025 0.013125 0.023889 2 0.004467 0.26375 0.801667 0.029375 0.052222 2 0.002693 0.264062 0.8 0.029687 0.052222 12 0.002083 0.229219 0.413194 0.013437 0.025278 10 0.001274 0.224141 0.4675 0.012969 0.02 2 0.001081 0.151992 0.480139 0.009609 0.019167
CCTV07^20260116-060000-20260116-065959_003724,12 0.915527 0.140547 0.766667 0.052031 0.183333 12 0.817383 0.12918 0.651111 0.029922 0.056667 12 0.790527 0.283203 0.450139 0.018906 0.034722 1 0.702637 0.384844 0.542778 0.009688 0.018889 3 0.519531 0.249844 0.502361 0.015937 0.020833 11 0.373779 0.382656 0.7375 0.069062 0.140556 1 0.201782 0.22875 0.517917 0.0075 0.0175 1 0.184814 0.230703 0.513889 0.009844 0.015 10 0.180054 0.382656 0.7375 0.069062 0.140556 3 0.174438 0.249219 0.502361 0.015625 0.020278 1 0.138428 0.229531 0.515278 0.007812 0.017778 1 0.138428 0.230469 0.516806 0.008125 0.013056 3 0.108582 0.214609 0.481389 0.013281 0.023889 3 0.096375 0.249609 0.5025 0.014844 0.021111 1 0.065613 0.403438 0.788333 0.01625 0.042222 3 0.053802 0.218438 0.4625 0.011562 0.017222 5 0.039062 0.214922 0.479583 0.014219 0.025278 10 0.037048 0.214922 0.479583 0.014219 0.025278 2 0.036774 0.154727 0.482639 0.010859 0.020278 3 0.032959 0.214922 0.479583 0.014219 0.025278 3 0.02655 0.220469 0.461944 0.011562 0.016111 5 0.023773 0.12918 0.651111 0.029922 0.056667 5 0.019272 0.140547 0.766667 0.052031 0.183333 0 0.018982 0.230703 0.513889 0.009844 0.015 1 0.016464 0.402969 0.781389 0.017187 0.046111 0 0.014839 0.229531 0.515278 0.007812 0.017778 9 0.013901 0.214609 0.481389 0.013281 0.023889 2 0.011734 0.156211 0.484306 0.010391 0.021389 5 0.01049 0.218438 0.4625 0.011562 0.017222 5 0.009712 0.214609 0.481389 0.013281 0.023889 11 0.008446 0.220469 0.461944 0.011562 0.016111 11 0.005344 0.218438 0.4625 0.011562 0.017222 0 0.005062 0.156211 0.484306 0.010391 0.021389 0 0.004452 0.154727 0.482639 0.010859 0.020278 9 0.003855 0.214922 0.479583 0.014219 0.025278 10 0.003635 0.220469 0.461944 0.011562 0.016111 2 0.003593 0.230703 0.513889 0.009844 0.015 3 0.00358 0.249922 0.502778 0.015156 0.021111 10 0.003525 0.214609 0.481389 0.013281 0.023889 5 0.003223 0.249609 0.5025 0.014844 0.021111 1 0.002993 0.320937 0.507222 0.011875 0.016667 2 0.002846 0.229531 0.515278 0.007812 0.017778 11 0.002672 0.214922 0.479583 0.014219 0.025278 5 0.002502 0.220469 0.461944 0.011562 0.016111 4 0.002493 0.214609 0.481389 0.013281 0.023889 10 0.002253 0.218438 0.4625 0.011562 0.017222 11 0.001875 0.283203 0.450139 0.018906 0.034722 5 0.001853 0.249844 0.502361 0.015937 0.020833 1 0.001741 0.396094 0.775278 0.025312 0.059445 7 0.001444 0.214609 0.481389 0.013281 0.023889 10 0.001095 0.283203 0.450139 0.018906 0.034722
CCTV07^20260116-060000-20260116-065959_003728,12 0.916504 0.140508 0.766667 0.052109 0.183333 12 0.878418 0.490156 0.593056 0.059062 0.098333 12 0.823242 0.128984 0.651111 0.029844 0.056667 2 0.584961 0.172422 0.569722 0.014531 0.026111 3 0.5 0.302656 0.480556 0.019062 0.023333 1 0.199341 0.460313 0.615833 0.016875 0.032778 11 0.167725 0.195312 0.444444 0.014687 0.032222 12 0.085083 0.195312 0.444444 0.014687 0.032222 1 0.081787 0.461094 0.615556 0.015938 0.032222 3 0.041473 0.302578 0.482222 0.017656 0.023889 0 0.037323 0.172422 0.569722 0.014531 0.026111 5 0.023071 0.140508 0.766667 0.052109 0.183333 5 0.018127 0.128984 0.651111 0.029844 0.056667 3 0.017639 0.300312 0.482778 0.015625 0.024444 2 0.004829 0.45625 0.50375 0.014375 0.025278 2 0.00399 0.172422 0.571944 0.014844 0.028333 9 0.002388 0.490156 0.593056 0.059062 0.098333 1 0.001853 0.172422 0.569722 0.014531 0.026111 10 0.001668 0.490156 0.593056 0.059062 0.098333 2 0.001636 0.17125 0.572222 0.02 0.035556 3 0.001592 0.172422 0.569722 0.014531 0.026111 11 0.001405 0.317422 0.50375 0.015781 0.020833 12 0.001202 0.143828 0.611944 0.014531 0.027222 2 0.001151 0.172656 0.554583 0.015 0.039722 1 0.001057 0.266016 0.556111 0.006094 0.011111
CCTV07^20260116-060000-20260116-065959_003732,12 0.915039 0.140625 0.766389 0.052188 0.183889 12 0.809082 0.129063 0.650833 0.030625 0.057222 5 0.02298 0.129063 0.650833 0.030625 0.057222 5 0.018906 0.140625 0.766389 0.052188 0.183889 2 0.010818 0.45625 0.501806 0.015 0.025833 1 0.005081 0.151133 0.441389 0.007422 0.013889 12 0.004299 0.151133 0.441389 0.007422 0.013889 2 0.00375 0.152188 0.478333 0.01 0.020556 3 0.003416 0.151133 0.441389 0.007422 0.013889 2 0.001636 0.456563 0.498056 0.011875 0.022778 2 0.001265 0.95625 0.784722 0.0275 0.042778 0 0.001255 0.151133 0.441389 0.007422 0.013889 0 0.001255 0.152188 0.478333 0.01 0.020556 12 0.001197 0.150078 0.441806 0.007969 0.014722 2 0.001017 0.151133 0.441389 0.007422 0.013889
CCTV07^20260116-060000-20260116-065959_003736,12 0.918945 0.140469 0.766944 0.051875 0.182778 12 0.805664 0.128906 0.651111 0.030156 0.057778 1 0.744629 0.311094 0.725 0.015 0.031111 9 0.529297 0.627813 0.714167 0.068125 0.079444 1 0.210815 0.238281 0.515694 0.009687 0.020833 7 0.181274 0.627813 0.714167 0.068125 0.079444 2 0.154053 0.399687 0.502083 0.013125 0.021389 2 0.073669 0.4 0.501667 0.0125 0.021111 2 0.067078 0.400938 0.499722 0.01375 0.021111 1 0.059418 0.309922 0.726667 0.017969 0.035556 2 0.053802 0.399844 0.499583 0.013438 0.0225 11 0.042084 0.627813 0.714167 0.068125 0.079444 1 0.02887 0.238594 0.516944 0.00875 0.019444 4 0.024704 0.627813 0.714167 0.068125 0.079444 5 0.021698 0.128906 0.651111 0.030156 0.057778 5 0.02002 0.140469 0.766944 0.051875 0.182778 10 0.018051 0.494844 0.8025 0.090938 0.146111 12 0.01738 0.494844 0.8025 0.090938 0.146111 1 0.017044 0.310859 0.729167 0.014219 0.026111 12 0.008064 0.627813 0.714167 0.068125 0.079444 12 0.007904 0.151758 0.480278 0.010391 0.019444 11 0.006771 0.494844 0.8025 0.090938 0.146111 4 0.005386 0.399687 0.502083 0.013125 0.021389 2 0.003885 0.151758 0.480278 0.010391 0.019444 2 0.003429 0.455781 0.50125 0.015312 0.0275 0 0.003063 0.400938 0.499722 0.01375 0.021111 0 0.002226 0.4 0.501667 0.0125 0.021111 4 0.002083 0.632344 0.733611 0.046562 0.046111 3 0.002003 0.184141 0.425 0.006719 0.015 0 0.001942 0.399687 0.502083 0.013125 0.021389 1 0.001867 0.308906 0.732778 0.015313 0.034444 12 0.001789 0.219922 0.416667 0.012344 0.019444 4 0.001668 0.399844 0.499583 0.013438 0.0225 3 0.001478 0.627813 0.714167 0.068125 0.079444 3 0.001184 0.220156 0.418194 0.012188 0.018611 12 0.001121 0.220156 0.418194 0.012188 0.018611 3 0.001107 0.184531 0.431806 0.00625 0.014722
CCTV07^20260116-060000-20260116-065959_003740,12 0.923828 0.140625 0.766111 0.051875 0.183333 12 0.796875 0.128906 0.650278 0.030313 0.057222 1 0.747559 0.310937 0.723889 0.015625 0.033333 2 0.413086 0.775 0.715278 0.0375 0.063889 3 0.129395 0.390156 0.740833 0.042188 0.058333 0 0.049957 0.775 0.715278 0.0375 0.063889 2 0.0401 0.173594 0.478056 0.007812 0.017778 3 0.035278 0.188047 0.435417 0.010469 0.0175 11 0.034363 0.216328 0.45375 0.016094 0.025278 1 0.024231 0.31 0.725 0.018438 0.037778 5 0.023605 0.128906 0.650278 0.030313 0.057222 0 0.02298 0.173594 0.478056 0.007812 0.017778 3 0.021286 0.216328 0.45375 0.016094 0.025278 5 0.016403 0.140625 0.766111 0.051875 0.183333 1 0.012825 0.390156 0.740833 0.042188 0.058333 1 0.009743 0.310781 0.729167 0.014063 0.025 3 0.008377 0.265156 0.452361 0.012188 0.019722 12 0.006439 0.188047 0.435417 0.010469 0.0175 1 0.005959 0.173594 0.478056 0.007812 0.017778 5 0.004574 0.390156 0.740833 0.042188 0.058333 9 0.003765 0.390156 0.740833 0.042188 0.058333 3 0.002901 0.264141 0.447917 0.011719 0.016944 10 0.00279 0.216328 0.45375 0.016094 0.025278 2 0.002434 0.390156 0.740833 0.042188 0.058333 11 0.002434 0.188047 0.435417 0.010469 0.0175 12 0.001727 0.188359 0.432222 0.010469 0.021667 12 0.001623 0.216328 0.45375 0.016094 0.025278 2 0.001597 0.956875 0.7875 0.03 0.041667 3 0.001513 0.245547 0.439444 0.008906 0.016111
CCTV07^20260116-060000-20260116-065959_003744,12 0.888184 0.140977 0.758889 0.051797 0.176667 10 0.839844 0.262422 0.544444 0.038906 0.072222 12 0.82666 0.128203 0.648056 0.028594 0.050556 1 0.740234 0.310937 0.724444 0.015313 0.032222 3 0.486328 0.216641 0.459028 0.011719 0.018611 9 0.228149 0.551562 0.680278 0.080625 0.116111 11 0.070068 0.551562 0.680278 0.080625 0.116111 12 0.069519 0.551562 0.680278 0.080625 0.116111 1 0.041138 0.309922 0.726389 0.018281 0.037222 2 0.026855 0.201484 0.576944 0.013281 0.033889 5 0.021866 0.128203 0.648056 0.028594 0.050556 4 0.019943 0.551562 0.680278 0.080625 0.116111 5 0.012726 0.140977 0.758889 0.051797 0.176667 1 0.012383 0.310703 0.729722 0.013906 0.023889 2 0.011826 0.199219 0.573056 0.012813 0.030556 7 0.005619 0.551562 0.680278 0.080625 0.116111 10 0.005199 0.551562 0.680278 0.080625 0.116111 0 0.005062 0.165625 0.456528 0.006875 0.018611 1 0.004944 0.165625 0.456528 0.006875 0.018611 2 0.00425 0.200859 0.573056 0.012656 0.030556 2 0.004086 0.165625 0.456528 0.006875 0.018611 5 0.003483 0.216641 0.459028 0.011719 0.018611 2 0.003027 0.198906 0.578611 0.015 0.038333 2 0.002913 0.455937 0.502778 0.014375 0.023333 8 0.002522 0.551562 0.680278 0.080625 0.116111 11 0.002493 0.262422 0.544444 0.038906 0.072222 12 0.002434 0.625625 0.907778 0.165 0.184444 12 0.001478 0.262422 0.544444 0.038906 0.072222 6 0.001315 0.262422 0.544444 0.038906 0.072222
CCTV07^20260116-060000-20260116-065959_003748,12 0.913086 0.142852 0.729445 0.058984 0.158889 1 0.730957 0.311094 0.724722 0.015313 0.032778 7 0.697754 0.3325 0.672778 0.033125 0.08 12 0.690918 0.127031 0.6375 0.027813 0.039444 3 0.544922 0.211797 0.477083 0.013594 0.021944 12 0.407227 0.209766 0.440556 0.014844 0.03 1 0.174438 0.31 0.725833 0.017188 0.036111 5 0.090088 0.211797 0.477083 0.013594 0.021944 11 0.061432 0.209766 0.440556 0.014844 0.03 12 0.035553 0.210156 0.440972 0.014375 0.028056 3 0.021042 0.272422 0.452639 0.014844 0.019722 11 0.017441 0.3325 0.672778 0.033125 0.08 11 0.011826 0.210156 0.440972 0.014375 0.028056 5 0.011292 0.127031 0.6375 0.027813 0.039444 1 0.010948 0.310781 0.729722 0.014375 0.028333 5 0.009483 0.142852 0.729445 0.058984 0.158889 9 0.006489 0.3325 0.672778 0.033125 0.08 2 0.006096 0.3325 0.672778 0.033125 0.08 2 0.00433 0.956563 0.788056 0.029375 0.041667 2 0.00407 0.202969 0.585 0.010938 0.027778 2 0.004055 0.455938 0.502083 0.015625 0.025833 12 0.002867 0.3325 0.672778 0.033125 0.08 3 0.001867 0.173828 0.404028 0.010781 0.019722 2 0.00141 0.95625 0.786111 0.02875 0.044444 0 0.001346 0.3325 0.672778 0.033125 0.08 1 0.001225 0.321484 0.508195 0.012656 0.016389 1 0.00109 0.309844 0.721667 0.015 0.036667
CCTV07^20260116-060000-20260116-065959_003752,12 0.900391 0.143008 0.722778 0.065859 0.152222 2 0.811523 0.163828 0.524306 0.012344 0.0225 1 0.744629 0.310937 0.723889 0.015313 0.033333 3 0.675781 0.228906 0.478333 0.011875 0.018333 12 0.324219 0.127148 0.636111 0.028984 0.038889 2 0.045685 0.400938 0.502222 0.013125 0.021111 2 0.024704 0.4 0.504028 0.01375 0.019167 2 0.012825 0.456094 0.501667 0.014687 0.025556 1 0.010902 0.310937 0.729445 0.014063 0.024444 2 0.010094 0.402031 0.500139 0.014687 0.020833 11 0.007607 0.191328 0.44375 0.012344 0.024722 5 0.005753 0.143008 0.722778 0.065859 0.152222 2 0.004646 0.400313 0.500556 0.014375 0.021111 12 0.003351 0.191328 0.44375 0.012344 0.024722 1 0.003099 0.31 0.725833 0.018125 0.037222 0 0.00202 0.163828 0.524306 0.012344 0.0225 5 0.001904 0.127148 0.636111 0.028984 0.038889 5 0.001875 0.228906 0.478333 0.011875 0.018333 2 0.001875 0.456563 0.497778 0.011875 0.022778 1 0.001861 0.321172 0.508472 0.012031 0.016944 12 0.001285 0.151719 0.479583 0.010156 0.018611 4 0.00104 0.4 0.504028 0.01375 0.019167
CCTV07^20260116-060000-20260116-065959_003756,10 0.882324 0.297344 0.570278 0.052812 0.086111 12 0.873047 0.205781 0.790833 0.059375 0.173889 3 0.831055 0.264219 0.521944 0.015937 0.023333 12 0.824219 0.133711 0.699722 0.093203 0.142778 1 0.733887 0.310234 0.721944 0.015156 0.030556 2 0.654785 0.167187 0.506944 0.01125 0.021667 1 0.413086 0.235625 0.535 0.00875 0.017778 2 0.319092 0.948438 0.808056 0.051875 0.077222 1 0.242188 0.309453 0.722778 0.017031 0.033333 3 0.176636 0.205078 0.443056 0.010469 0.015556 1 0.145142 0.235234 0.539028 0.007969 0.016389 0 0.134766 0.47375 0.565 0.01875 0.035556 4 0.084473 0.948438 0.808056 0.051875 0.077222 2 0.041473 0.47375 0.565 0.01875 0.035556 4 0.035675 0.365781 0.490417 0.021563 0.025278 2 0.033203 0.172422 0.588889 0.015781 0.035556 0 0.019867 0.948438 0.808056 0.051875 0.077222 5 0.018692 0.365781 0.490417 0.021563 0.025278 0 0.015015 0.167187 0.506944 0.01125 0.021667 9 0.013794 0.948438 0.808056 0.051875 0.077222 11 0.012192 0.297344 0.570278 0.052812 0.086111 5 0.008781 0.133711 0.699722 0.093203 0.142778 1 0.007935 0.229141 0.54375 0.007031 0.019167 12 0.006439 0.150977 0.441389 0.007578 0.013333 3 0.005688 0.150977 0.441389 0.007578 0.013333 2 0.005302 0.171875 0.591667 0.016562 0.035556 12 0.004982 0.365781 0.490417 0.021563 0.025278 3 0.004791 0.326328 0.454028 0.013594 0.025278 5 0.004757 0.205781 0.790833 0.059375 0.173889 10 0.004505 0.365781 0.490417 0.021563 0.025278 3 0.004116 0.365781 0.490417 0.021563 0.025278 12 0.004055 0.167187 0.506944 0.01125 0.021667 12 0.00399 0.14832 0.441667 0.009297 0.015 2 0.003944 0.365781 0.490417 0.021563 0.025278 12 0.003679 0.133359 0.700833 0.090469 0.136111 3 0.00316 0.206016 0.444722 0.009219 0.011667 2 0.003016 0.169766 0.590556 0.018594 0.041111 2 0.003004 0.473438 0.569722 0.019375 0.032778 2 0.002342 0.151992 0.479306 0.009609 0.019167 2 0.002216 0.455781 0.503194 0.014063 0.025278 3 0.002165 0.263984 0.521528 0.015469 0.021389 1 0.001987 0.47375 0.565 0.01875 0.035556 3 0.001965 0.262813 0.520833 0.019062 0.030556 9 0.001889 0.365781 0.490417 0.021563 0.025278 4 0.001761 0.47375 0.565 0.01875 0.035556 2 0.001525 0.168281 0.592778 0.0175 0.036667 12 0.001225 0.579063 0.939444 0.164375 0.121111 12 0.001221 0.297344 0.570278 0.052812 0.086111 1 0.001134 0.310859 0.728056 0.014844 0.023889 6 0.001024 0.365781 0.490417 0.021563 0.025278
CCTV07^20260116-060000-20260116-065959_003760,12 0.908203 0.141875 0.854445 0.085 0.211111 12 0.855957 0.204453 0.783333 0.062656 0.168889 12 0.818848 0.127656 0.694444 0.095938 0.132222 12 0.700684 0.204375 0.653333 0.029063 0.061111 12 0.689453 0.215156 0.475 0.0225 0.043333 11 0.638672 0.247578 0.491944 0.021094 0.046111 1 0.331055 0.217188 0.5175 0.010313 0.021667 4 0.167725 0.84375 0.751944 0.065 0.088333 9 0.118408 0.84375 0.751944 0.065 0.088333 2 0.095032 0.216953 0.516528 0.010781 0.020833 12 0.061646 0.127773 0.694722 0.095078 0.129444 1 0.049225 0.216953 0.516528 0.010781 0.020833 12 0.037048 0.247578 0.491944 0.021094 0.046111 12 0.034088 0.84375 0.751944 0.065 0.088333 5 0.032837 0.84375 0.751944 0.065 0.088333 0 0.022629 0.216953 0.516528 0.010781 0.020833 3 0.021118 0.176328 0.4125 0.011094 0.015556 11 0.015076 0.84375 0.751944 0.065 0.088333 3 0.012627 0.84375 0.751944 0.065 0.088333 7 0.009598 0.84375 0.751944 0.065 0.088333 5 0.009377 0.204375 0.653333 0.029063 0.061111 2 0.008675 0.150977 0.475972 0.014766 0.028056 1 0.007786 0.218984 0.521667 0.009844 0.018333 5 0.007694 0.127656 0.694444 0.095938 0.132222 5 0.005219 0.141875 0.854445 0.085 0.211111 2 0.003736 0.956875 0.788889 0.03 0.041111 3 0.003248 0.175938 0.41 0.012187 0.018889 2 0.002779 0.455781 0.502639 0.014063 0.026389 12 0.002684 0.150977 0.475972 0.014766 0.028056 3 0.002296 0.216953 0.516528 0.010781 0.020833 6 0.002125 0.84375 0.751944 0.065 0.088333 0 0.002028 0.217188 0.5175 0.010313 0.021667
CCTV07^20260116-060000-20260116-065959_003764,12 0.882324 0.136055 0.796389 0.063516 0.168333 3 0.822266 0.253594 0.544583 0.019688 0.029722 12 0.810547 0.205625 0.782778 0.058438 0.171111 12 0.733887 0.15457 0.697778 0.124297 0.127778 2 0.704102 0.82125 0.7475 0.0425 0.063889 3 0.615234 0.781563 0.843611 0.080625 0.097222 5 0.363037 0.336875 0.500417 0.021875 0.031389 3 0.343262 0.368906 0.550556 0.024062 0.03 12 0.329346 0.159492 0.495556 0.014141 0.03 5 0.273682 0.368906 0.550556 0.024062 0.03 12 0.201782 0.179297 0.418056 0.011719 0.022778 2 0.057281 0.159492 0.495556 0.014141 0.03 3 0.044861 0.336875 0.500417 0.021875 0.031389 5 0.01799 0.781563 0.843611 0.080625 0.097222 6 0.017441 0.336875 0.500417 0.021875 0.031389 10 0.013634 0.336875 0.500417 0.021875 0.031389 5 0.012428 0.253594 0.544583 0.019688 0.029722 12 0.008881 0.336875 0.500417 0.021875 0.031389 9 0.004025 0.336875 0.500417 0.021875 0.031389 9 0.003363 0.781563 0.843611 0.080625 0.097222 9 0.003351 0.368906 0.550556 0.024062 0.03 12 0.003325 0.180312 0.416944 0.01125 0.022778 3 0.003325 0.369219 0.550139 0.024062 0.031944 5 0.002758 0.369219 0.550139 0.024062 0.031944 7 0.002642 0.159492 0.495556 0.014141 0.03 5 0.002472 0.15457 0.697778 0.124297 0.127778 11 0.00209 0.336875 0.500417 0.021875 0.031389 4 0.002075 0.336875 0.500417 0.021875 0.031389 5 0.001987 0.159492 0.495556 0.014141 0.03 5 0.001803 0.136055 0.796389 0.063516 0.168333 2 0.001727 0.455 0.503889 0.01625 0.026667 2 0.001661 0.956875 0.79 0.03 0.041111 3 0.001455 0.181953 0.437222 0.008281 0.017222 10 0.001356 0.368906 0.550556 0.024062 0.03 9 0.001004 0.159492 0.495556 0.014141 0.03
CCTV10^20251112-170000-20251112-175959_004127,11 0.743164 0.830313 0.663889 0.078125 0.112222 2 0.644043 0.107656 0.711389 0.02875 0.058333 12 0.439697 0.357656 0.716944 0.082187 0.132778 2 0.348633 0.128984 0.665556 0.024531 0.053333 3 0.229492 0.331875 0.619167 0.030625 0.051667 9 0.219971 0.357656 0.716944 0.082187 0.132778 10 0.027267 0.830313 0.663889 0.078125 0.112222 3 0.006691 0.371875 0.575278 0.02125 0.037222 1 0.00205 0.798438 0.683056 0.021875 0.048333 5 0.00181 0.331875 0.619167 0.030625 0.051667 0 0.001536 0.128984 0.665556 0.024531 0.053333 0 0.001335 0.107656 0.711389 0.02875 0.058333 3 0.001235 0.99625 0.68 0.0075 0.107778 1 0.001225 0.990625 0.797222 0.01875 0.054444
CCTV10^20251112-170000-20251112-175959_004130,3 0.803223 0.591719 0.935 0.083437 0.11 11 0.770508 0.829688 0.661389 0.080625 0.112778 1 0.759277 0.840625 0.745833 0.03125 0.062778 2 0.085388 0.123945 0.665278 0.024297 0.053889 10 0.025085 0.829688 0.661389 0.080625 0.112778 0 0.020096 0.123945 0.665278 0.024297 0.053889 5 0.007374 0.544844 0.573056 0.034062 0.056111 0 0.00149 0.840625 0.745833 0.03125 0.062778
CCTV10^20251112-170000-20251112-175959_004134,2 0.88623 0.192969 0.943889 0.049062 0.093333 2 0.878906 0.136055 0.880556 0.037266 0.078889 10 0.870605 0.465938 0.837778 0.150625 0.245556 2 0.773438 0.105391 0.805556 0.032031 0.064444 0 0.760742 0.165586 0.808611 0.032578 0.072778 11 0.732422 0.83 0.664445 0.0825 0.116667 2 0.455078 0.139883 0.826389 0.034609 0.062778 2 0.368408 0.137852 0.656111 0.026016 0.05 7 0.259766 0.109023 0.746945 0.042109 0.079444 2 0.199341 0.140273 0.826667 0.035391 0.065555 11 0.082703 0.109023 0.746945 0.042109 0.079444 6 0.042389 0.109023 0.746945 0.042109 0.079444 0 0.035278 0.178906 0.901111 0.02875 0.064444 10 0.03125 0.83 0.664445 0.0825 0.116667 0 0.026855 0.079355 0.739167 0.024883 0.059444 2 0.023331 0.079355 0.739167 0.024883 0.059444 1 0.02034 0.178906 0.901111 0.02875 0.064444 2 0.003914 0.165586 0.808611 0.032578 0.072778 1 0.003901 0.079355 0.739167 0.024883 0.059444 0 0.002621 0.105391 0.805556 0.032031 0.064444 12 0.001987 0.109023 0.746945 0.042109 0.079444 1 0.001531 0.192969 0.943889 0.049062 0.093333 1 0.001143 0.136055 0.880556 0.037266 0.078889 8 0.001057 0.109023 0.746945 0.042109 0.079444
CCTV10^20251112-170000-20251112-175959_004138,2 0.795898 0.12332 0.720278 0.030859 0.060556 11 0.749023 0.83 0.662778 0.08125 0.117778 3 0.658203 0.399219 0.637222 0.035937 0.051111 5 0.613281 0.84375 0.838611 0.0825 0.112778 3 0.083618 0.84375 0.838611 0.0825 0.112778 10 0.028763 0.83 0.662778 0.08125 0.117778 4 0.020096 0.84375 0.838611 0.0825 0.112778 5 0.007233 0.399219 0.637222 0.035937 0.051111 9 0.00639 0.84375 0.838611 0.0825 0.112778 6 0.005707 0.84375 0.838611 0.0825 0.112778
CCTV10^20251112-170000-20251112-175959_004142,10 0.950195 0.710625 0.642778 0.07625 0.12 2 0.841797 0.154844 0.850556 0.0425 0.078889 5 0.820801 0.66625 0.945556 0.0925 0.108889 2 0.78418 0.115273 0.761667 0.028516 0.058889 11 0.716797 0.830313 0.662778 0.075625 0.115556 2 0.697754 0.122344 0.711389 0.027344 0.061667 10 0.651367 0.753125 0.638056 0.07 0.119444 0 0.602051 0.106758 0.815278 0.033047 0.070556 0 0.392334 0.093359 0.715833 0.025625 0.056111 2 0.140381 0.106758 0.815278 0.033047 0.070556 2 0.084473 0.093359 0.715833 0.025625 0.056111 10 0.018906 0.830313 0.662778 0.075625 0.115556 6 0.015778 0.66625 0.945556 0.0925 0.108889 7 0.013481 0.980938 0.707222 0.036875 0.076667 7 0.006851 0.979688 0.706111 0.036875 0.078889 4 0.006439 0.66625 0.945556 0.0925 0.108889 9 0.005688 0.753125 0.638056 0.07 0.119444 0 0.005405 0.122344 0.711389 0.027344 0.061667 11 0.002684 0.837187 0.664167 0.065625 0.106111 9 0.002279 0.980938 0.707222 0.036875 0.076667 3 0.001957 0.980938 0.707222 0.036875 0.076667 4 0.001761 0.980938 0.707222 0.036875 0.076667 12 0.001655 0.66625 0.945556 0.0925 0.108889 3 0.001427 0.979688 0.706111 0.036875 0.078889 6 0.001389 0.753125 0.638056 0.07 0.119444 11 0.001285 0.710625 0.642778 0.07625 0.12 5 0.001269 0.154844 0.850556 0.0425 0.078889 4 0.001255 0.979688 0.706111 0.036875 0.078889 3 0.00123 0.99125 0.694444 0.0175 0.111111
CCTV10^20251112-170000-20251112-175959_004146,10 0.902832 0.458438 0.770556 0.124375 0.185556 0 0.859863 0.171875 0.919722 0.048438 0.092778 3 0.835449 0.60625 0.646389 0.045625 0.057222 11 0.771973 0.83 0.663333 0.08125 0.115556 2 0.5 0.130508 0.723056 0.023203 0.061667 1 0.354004 0.800313 0.700278 0.024375 0.055 0 0.174438 0.113828 0.740278 0.019844 0.051667 1 0.132935 0.113828 0.740278 0.019844 0.051667 2 0.041321 0.97375 0.703056 0.03 0.055 12 0.029984 0.130508 0.723056 0.023203 0.061667 10 0.025269 0.83 0.663333 0.08125 0.115556 1 0.014175 0.799375 0.694167 0.04375 0.062778 1 0.004467 0.114063 0.735 0.01875 0.052222 1 0.00404 0.143711 0.7375 0.014141 0.042778 11 0.002287 0.458438 0.770556 0.124375 0.185556 1 0.001755 0.796875 0.7025 0.0375 0.063889 3 0.001604 0.995 0.698056 0.01 0.049444 2 0.001389 0.113828 0.740278 0.019844 0.051667 5 0.001341 0.97375 0.703056 0.03 0.055 11 0.001211 0.836875 0.665278 0.0675 0.108333
CCTV10^20251112-170000-20251112-175959_004150,11 0.757812 0.83 0.663056 0.08125 0.115 1 0.673828 0.378594 0.661667 0.024687 0.053333 2 0.588867 0.124727 0.782222 0.037422 0.071111 4 0.544922 0.68625 0.909167 0.08375 0.113889 3 0.523438 0.810625 0.777778 0.06625 0.093333 3 0.517578 0.594063 0.5975 0.036875 0.051667 1 0.401611 0.396719 0.900278 0.037188 0.085 1 0.294189 0.249062 0.697222 0.0225 0.047778 5 0.092712 0.810625 0.777778 0.06625 0.093333 0 0.09137 0.124727 0.782222 0.037422 0.071111 2 0.07782 0.123203 0.676667 0.027656 0.055556 10 0.022461 0.83 0.663056 0.08125 0.115 0 0.016983 0.123203 0.676667 0.027656 0.055556 5 0.011032 0.594063 0.5975 0.036875 0.051667 1 0.010696 0.393438 0.893056 0.048125 0.098333 4 0.007694 0.810625 0.777778 0.06625 0.093333 7 0.00634 0.68625 0.909167 0.08375 0.113889 1 0.004944 0.377656 0.659722 0.037812 0.062778 1 0.003483 0.995625 0.828333 0.00875 0.085556 1 0.00205 0.393594 0.899444 0.042813 0.09 1 0.001346 0.995 0.836945 0.01 0.075 3 0.001315 0.68625 0.909167 0.08375 0.113889 1 0.001309 0.392656 0.906389 0.040937 0.080556
CCTV10^20251112-170000-20251112-175959_004153,5 0.88623 0.598906 0.595833 0.039062 0.057222 2 0.816406 0.116055 0.772778 0.034766 0.071111 10 0.750488 0.391406 0.623889 0.047813 0.094444 11 0.750488 0.83 0.663333 0.08125 0.117778 1 0.743164 0.142695 0.851389 0.030547 0.066111 3 0.373779 0.563594 0.662222 0.042188 0.062222 10 0.028763 0.83 0.663333 0.08125 0.117778 1 0.003809 0.139766 0.849167 0.046094 0.068333 9 0.003664 0.391406 0.623889 0.047813 0.094444 0 0.003111 0.142695 0.851389 0.030547 0.066111 2 0.002075 0.142695 0.851389 0.030547 0.066111 5 0.001642 0.931875 0.665556 0.02625 0.05 0 0.001611 0.116055 0.772778 0.034766 0.071111 1 0.001549 0.081641 0.790556 0.017813 0.058889 2 0.001151 0.931875 0.665556 0.02625 0.05 11 0.001134 0.391406 0.623889 0.047813 0.094444 3 0.001004 0.558281 0.661389 0.064062 0.072778
CCTV10^20251112-170000-20251112-175959_004157,2 0.85498 0.150078 0.801111 0.039219 0.075556 3 0.852051 0.855 0.8975 0.085 0.103889 11 0.759277 0.829688 0.663056 0.081875 0.119444 0 0.730957 0.201406 0.866111 0.036875 0.073333 0 0.690918 0.200938 0.865556 0.0375 0.074444 3 0.642578 0.627969 0.6025 0.047813 0.058333 0 0.401611 0.253594 0.932222 0.04375 0.095556 4 0.370117 0.556563 0.661111 0.055 0.086667 2 0.108948 0.12957 0.659444 0.024609 0.051111 1 0.061432 0.088164 0.710556 0.016953 0.045556 3 0.029419 0.953125 0.676389 0.04125 0.060556 10 0.022629 0.829688 0.663056 0.081875 0.119444 0 0.007843 0.12957 0.659444 0.024609 0.051111 7 0.007233 0.952813 0.675278 0.045625 0.067222 3 0.006958 0.952813 0.675278 0.045625 0.067222 3 0.003363 0.995313 0.709444 0.009375 0.123333 2 0.003298 0.129492 0.659167 0.026484 0.051667 3 0.002314 0.556563 0.661111 0.055 0.086667 5 0.002234 0.627969 0.6025 0.047813 0.058333 11 0.002132 0.556563 0.661111 0.055 0.086667 11 0.001934 0.83625 0.665 0.0675 0.11 10 0.001579 0.556563 0.661111 0.055 0.086667 3 0.001211 0.9925 0.730556 0.015 0.057778 3 0.001202 0.995938 0.688056 0.008125 0.126111 2 0.001124 0.257266 0.900556 0.040781 0.083333
CCTV10^20251112-170000-20251112-175959_004161,5 0.820801 0.769375 0.763333 0.07375 0.105556 2 0.770508 0.129453 0.866944 0.041406 0.088333 11 0.762207 0.830313 0.663889 0.081875 0.113333 3 0.673828 0.433437 0.625 0.03125 0.041111 3 0.299072 0.972188 0.702222 0.041875 0.06 1 0.101257 0.248828 0.698056 0.025469 0.049444 6 0.037048 0.769375 0.763333 0.07375 0.105556 0 0.026855 0.248828 0.698056 0.025469 0.049444 10 0.021362 0.830313 0.663889 0.081875 0.113333 4 0.00481 0.129453 0.866944 0.041406 0.088333 4 0.004005 0.769375 0.763333 0.07375 0.105556 10 0.002192 0.769375 0.763333 0.07375 0.105556 1 0.001116 0.129453 0.866944 0.041406 0.088333
CCTV10^20251112-170000-20251112-175959_004165,10 0.919434 0.691563 0.621944 0.069375 0.116111 2 0.825684 0.208672 0.872778 0.047969 0.097778 11 0.771973 0.829688 0.663333 0.080625 0.117778 5 0.631836 0.624687 0.594444 0.035625 0.057778 12 0.233765 0.991562 0.72 0.016875 0.116667 12 0.042084 0.989375 0.725833 0.02125 0.129444 2 0.035675 0.993438 0.953056 0.013125 0.088333 2 0.018188 0.989688 0.954167 0.020625 0.087222 10 0.011688 0.829688 0.663333 0.080625 0.117778 0 0.009377 0.993438 0.953056 0.013125 0.088333 7 0.008881 0.989375 0.725833 0.02125 0.129444 7 0.007404 0.991562 0.72 0.016875 0.116667 1 0.00729 0.993438 0.953056 0.013125 0.088333 6 0.005844 0.991562 0.72 0.016875 0.116667 5 0.005428 0.991562 0.72 0.016875 0.116667 1 0.005428 0.989688 0.954167 0.020625 0.087222 3 0.005344 0.624687 0.594444 0.035625 0.057778 2 0.005199 0.994375 0.942222 0.01125 0.106667 9 0.004299 0.989375 0.725833 0.02125 0.129444 3 0.003469 0.989688 0.954167 0.020625 0.087222 11 0.003429 0.835625 0.663889 0.0675 0.106667 6 0.003403 0.989375 0.725833 0.02125 0.129444 0 0.002901 0.989688 0.954167 0.020625 0.087222 9 0.002779 0.991562 0.72 0.016875 0.116667 3 0.002522 0.991562 0.72 0.016875 0.116667 3 0.002493 0.993438 0.953056 0.013125 0.088333 0 0.002398 0.994375 0.942222 0.01125 0.106667 3 0.001803 0.985 0.75 0.03 0.191111 3 0.001561 0.99125 0.746667 0.0175 0.187778 2 0.001536 0.993438 0.960833 0.013125 0.075 8 0.001525 0.991562 0.72 0.016875 0.116667 0 0.001467 0.208672 0.872778 0.047969 0.097778 1 0.001389 0.994375 0.942222 0.01125 0.106667 5 0.001356 0.989375 0.725833 0.02125 0.129444 2 0.001161 0.995625 0.926667 0.00875 0.13 3 0.001032 0.989375 0.725833 0.02125 0.129444
CCTV10^20251112-170000-20251112-175959_004431,9 0.890137 0.299063 0.653056 0.046875 0.067222 1 0.694336 0.231953 0.691667 0.024531 0.053333 10 0.533203 0.865625 0.779444 0.14625 0.23 6 0.118408 0.865625 0.779444 0.14625 0.23 1 0.068787 0.994375 0.901667 0.01125 0.116667 2 0.049591 0.946875 0.66 0.0275 0.051111 1 0.036896 0.989688 0.915 0.020625 0.113333 1 0.025757 0.99375 0.912222 0.0125 0.112222 2 0.023865 0.989688 0.915 0.020625 0.113333 2 0.023422 0.99375 0.912222 0.0125 0.112222 0 0.022034 0.994375 0.901667 0.01125 0.116667 7 0.021286 0.299063 0.653056 0.046875 0.067222 0 0.017639 0.99375 0.912222 0.0125 0.112222 2 0.016586 0.994375 0.901667 0.01125 0.116667 3 0.013794 0.99125 0.873611 0.0175 0.182778 3 0.010696 0.989688 0.915 0.020625 0.113333 1 0.00885 0.227734 0.687778 0.036094 0.062222 3 0.007843 0.995625 0.873333 0.00875 0.162222 0 0.007755 0.989688 0.915 0.020625 0.113333 3 0.004452 0.99375 0.912222 0.0125 0.112222 4 0.004398 0.299063 0.653056 0.046875 0.067222 3 0.004116 0.994375 0.901667 0.01125 0.116667 2 0.004055 0.995625 0.873333 0.00875 0.162222 1 0.003901 0.994687 0.889167 0.010625 0.143889 9 0.003403 0.865625 0.779444 0.14625 0.23 1 0.003235 0.995625 0.873333 0.00875 0.162222 12 0.002855 0.299063 0.653056 0.046875 0.067222 12 0.002405 0.99375 0.912222 0.0125 0.112222 1 0.002342 0.99125 0.873611 0.0175 0.182778 12 0.002165 0.994375 0.901667 0.01125 0.116667 12 0.002125 0.989688 0.915 0.020625 0.113333 0 0.002058 0.995625 0.873333 0.00875 0.162222 1 0.001957 0.99375 0.923333 0.0125 0.104444 2 0.001741 0.994687 0.889167 0.010625 0.143889 2 0.001574 0.99375 0.923333 0.0125 0.104444 2 0.00141 0.99125 0.873611 0.0175 0.182778 4 0.001184 0.99125 0.873611 0.0175 0.182778 0 0.001179 0.994687 0.889167 0.010625 0.143889 5 0.001138 0.99125 0.873611 0.0175 0.182778 4 0.001103 0.989688 0.915 0.020625 0.113333 12 0.001008 0.995625 0.873333 0.00875 0.162222
CCTV10^20251112-170000-20251112-175959_004435,2 0.816406 0.134727 0.771111 0.035859 0.071111 1 0.65332 0.238828 0.693611 0.024219 0.049444 1 0.615234 0.80375 0.69 0.02375 0.053333 2 0.394287 0.142109 0.678333 0.021562 0.05 3 0.363037 0.959688 0.937778 0.080625 0.124444 1 0.08728 0.222891 0.655833 0.019219 0.042778 1 0.068542 0.403594 0.917222 0.032188 0.054444 2 0.036499 0.972812 0.691389 0.029375 0.057222 0 0.023148 0.142109 0.678333 0.021562 0.05 1 0.02298 0.402656 0.912778 0.048438 0.071111 1 0.021362 0.403125 0.890556 0.036875 0.074444 1 0.008812 0.796875 0.686667 0.03625 0.058889 5 0.007011 0.959688 0.937778 0.080625 0.124444 1 0.006538 0.399375 0.890556 0.046875 0.094444 3 0.006218 0.371719 0.5775 0.020938 0.039444 1 0.005039 0.396719 0.897222 0.053437 0.104444 2 0.001461 0.959688 0.937778 0.080625 0.124444 1 0.00141 0.41 0.900556 0.045 0.084444 0 0.001024 0.134727 0.771111 0.035859 0.071111
CCTV10^20251112-170000-20251112-175959_004439,10 0.938477 0.294297 0.700833 0.089531 0.151667 2 0.84375 0.134102 0.868611 0.043516 0.089444 0 0.513672 0.111172 0.689722 0.024688 0.067222 11 0.451416 0.230313 0.929444 0.134375 0.141111 11 0.195557 0.649063 0.594167 0.045625 0.063889 4 0.181274 0.649063 0.594167 0.045625 0.063889 12 0.04068 0.230313 0.929444 0.134375 0.141111 9 0.026657 0.649063 0.594167 0.045625 0.063889 10 0.00885 0.230313 0.929444 0.134375 0.141111 10 0.008644 0.649063 0.594167 0.045625 0.063889 9 0.004349 0.230313 0.929444 0.134375 0.141111 2 0.001649 0.111172 0.689722 0.024688 0.067222 11 0.001611 0.294297 0.700833 0.089531 0.151667 1 0.001501 0.107109 0.683056 0.043125 0.072778 0 0.001372 0.134102 0.868611 0.043516 0.089444
CCTV10^20251112-170000-20251112-175959_004442,1 0.695801 0.12168 0.792778 0.023359 0.054444 0 0.554688 0.096992 0.714445 0.023984 0.056667 2 0.517578 0.126563 0.726389 0.029062 0.058333 2 0.27832 0.142383 0.659722 0.023672 0.048333 1 0.205566 0.730938 0.607222 0.015625 0.04 11 0.171021 0.961563 0.899167 0.076875 0.189444 11 0.115173 0.963437 0.900556 0.073125 0.167778 9 0.113159 0.961563 0.899167 0.076875 0.189444 1 0.022461 0.730625 0.606111 0.02 0.047778 1 0.016724 0.117227 0.793611 0.036328 0.060556 5 0.013374 0.126563 0.726389 0.029062 0.058333 10 0.010368 0.961563 0.899167 0.076875 0.189444 0 0.007206 0.961563 0.899167 0.076875 0.189444 3 0.006191 0.126563 0.726389 0.029062 0.058333 1 0.005512 0.731563 0.606667 0.015625 0.041111 10 0.005039 0.963437 0.900556 0.073125 0.167778 9 0.004848 0.963437 0.900556 0.073125 0.167778 1 0.004398 0.745 0.597778 0.0175 0.048889 3 0.00433 0.961875 0.897222 0.07625 0.184444 4 0.003456 0.126563 0.726389 0.029062 0.058333 4 0.002768 0.961563 0.899167 0.076875 0.189444 11 0.002642 0.964688 0.877778 0.070625 0.13 1 0.00259 0.73 0.608056 0.0225 0.049444 1 0.002253 0.117266 0.78 0.038906 0.057778 1 0.001245 0.731563 0.597222 0.028125 0.064444 3 0.001065 0.963437 0.900556 0.073125 0.167778
CCTV10^20251112-170000-20251112-175959_004447,3 0.84082 0.655938 0.940833 0.084375 0.102778 3 0.829102 0.80375 0.84 0.08 0.102222 1 0.672363 0.80375 0.723056 0.0275 0.059444 1 0.635254 0.08832 0.764722 0.024297 0.053889 0 0.432129 0.178281 0.952222 0.047813 0.088889 2 0.327637 0.117695 0.817778 0.033672 0.062222 4 0.281494 0.175938 0.833333 0.061563 0.102222 5 0.243652 0.117539 0.679722 0.038047 0.065 11 0.219971 0.391875 0.714722 0.075 0.117222 2 0.205566 0.178281 0.952222 0.047813 0.088889 9 0.183594 0.391875 0.714722 0.075 0.117222 3 0.181274 0.117695 0.817778 0.033672 0.062222 7 0.144165 0.126641 0.866944 0.038437 0.083889 12 0.085083 0.391875 0.714722 0.075 0.117222 7 0.075867 0.175938 0.833333 0.061563 0.102222 0 0.05542 0.08832 0.764722 0.024297 0.053889 1 0.041138 0.978125 0.705 0.0225 0.058889 2 0.039795 0.126641 0.866944 0.038437 0.083889 9 0.037598 0.175938 0.833333 0.061563 0.102222 1 0.035828 0.798125 0.721389 0.0425 0.066111 6 0.033844 0.117539 0.679722 0.038047 0.065 11 0.022369 0.175938 0.833333 0.061563 0.102222 4 0.009712 0.126641 0.866944 0.038437 0.083889 2 0.008545 0.117539 0.679722 0.038047 0.065 7 0.007843 0.391875 0.714722 0.075 0.117222 10 0.006073 0.117539 0.679722 0.038047 0.065 3 0.005753 0.117539 0.679722 0.038047 0.065 1 0.005577 0.087324 0.765278 0.037227 0.066111 8 0.004608 0.391875 0.714722 0.075 0.117222 1 0.004166 0.126641 0.866944 0.038437 0.083889 12 0.003901 0.126641 0.866944 0.038437 0.083889 4 0.00358 0.117539 0.679722 0.038047 0.065 4 0.002714 0.80375 0.84 0.08 0.102222 5 0.002434 0.117695 0.817778 0.033672 0.062222 0 0.002003 0.140781 0.638056 0.016875 0.039444 0 0.001861 0.117695 0.817778 0.033672 0.062222 12 0.001513 0.08832 0.764722 0.024297 0.053889 2 0.00149 0.140781 0.638056 0.016875 0.039444 1 0.00133 0.117695 0.817778 0.033672 0.062222 5 0.001211 0.80375 0.84 0.08 0.102222 1 0.001073 0.974375 0.708611 0.03375 0.076111
CCTV10^20251112-170000-20251112-175959_004452,11 0.90918 0.45875 0.757222 0.07875 0.138889 1 0.78418 0.300391 0.8425 0.036406 0.062778 1 0.773438 0.247656 0.7125 0.028125 0.049444 3 0.622559 0.575156 0.607778 0.035937 0.053333 3 0.613281 0.631406 0.591667 0.029687 0.043333 2 0.076965 0.133672 0.651111 0.024844 0.053333 10 0.016342 0.45875 0.757222 0.07875 0.138889 0 0.013069 0.133672 0.651111 0.024844 0.053333 9 0.01049 0.45875 0.757222 0.07875 0.138889 10 0.008812 0.564531 0.539028 0.040937 0.079722 5 0.001824 0.575156 0.607778 0.035937 0.053333
CCTV10^20251112-170000-20251112-175959_004456,3 0.770508 0.5925 0.626389 0.044375 0.068333 10 0.710449 0.500938 0.883333 0.181875 0.233333 10 0.325928 0.932187 0.866667 0.135625 0.266667 1 0.009415 0.922188 0.715556 0.024375 0.053333 1 0.00528 0.921875 0.715833 0.0325 0.067222 1 0.004166 0.921875 0.714167 0.025 0.059444 11 0.003593 0.500938 0.883333 0.181875 0.233333 3 0.001325 0.931875 0.865556 0.13625 0.264444
CCTV10^20251112-170000-20251112-175959_004461,0 0.82666 0.11875 0.853056 0.0325 0.071667 0 0.819824 0.171602 0.834722 0.037109 0.081667 0 0.563965 0.133281 0.722778 0.024063 0.061111 1 0.130249 0.256406 0.938889 0.039687 0.088889 0 0.115967 0.111406 0.675833 0.021563 0.051667 0 0.087585 0.256406 0.938889 0.039687 0.088889 2 0.011375 0.133281 0.722778 0.024063 0.061111 5 0.009232 0.147813 0.632222 0.031563 0.055556 1 0.007786 0.2525 0.935556 0.068125 0.107778 2 0.006313 0.111406 0.675833 0.021563 0.051667
CCTV10^20251112-170000-20251112-175959_004465,0 0.62793 0.142852 0.773056 0.026328 0.069444 2 0.424316 0.229766 0.898056 0.052969 0.093889 11 0.303955 0.10418 0.736111 0.046328 0.152222 10 0.144165 0.10418 0.736111 0.046328 0.152222 0 0.125977 0.229766 0.898056 0.052969 0.093889 0 0.123352 0.137109 0.711944 0.020781 0.062778 9 0.020889 0.10418 0.736111 0.046328 0.152222 0 0.00573 0.138555 0.703333 0.019141 0.055556 1 0.004452 0.152891 0.669167 0.013125 0.038333 0 0.001846 0.141055 0.699167 0.017109 0.051667 1 0.001687 0.35625 0.831667 0.04375 0.064444 1 0.001655 0.357344 0.831667 0.039688 0.06 5 0.001367 0.229766 0.898056 0.052969 0.093889
CCTV10^20251112-170000-20251112-175959_004468,10 0.892578 0.360781 0.728611 0.097187 0.163889 2 0.271973 0.106875 0.693611 0.030625 0.067222 0 0.248047 0.190781 0.961944 0.048125 0.076111 0 0.049957 0.106875 0.693611 0.030625 0.067222 0 0.014503 0.190313 0.961667 0.04625 0.075556 10 0.009125 0.361406 0.728333 0.095937 0.17 2 0.005512 0.190781 0.961944 0.048125 0.076111
CCTV10^20251112-170000-20251112-175959_004476,1 0.728027 0.123867 0.868611 0.033672 0.067222 2 0.399902 0.137734 0.681389 0.025156 0.059444 1 0.008064 0.122813 0.865278 0.060937 0.080556 10 0.004539 0.643438 0.55625 0.039375 0.069722 0 0.002174 0.137734 0.681389 0.025156 0.059444
CCTV10^20251112-170000-20251112-175959_004480,2 0.453369 0.112422 0.691389 0.028594 0.063889
CCTV10^20251112-170000-20251112-175959_004484,10 0.94873 0.411094 0.670278 0.072812 0.143889 2 0.833496 0.160703 0.910556 0.057656 0.091111 2 0.312256 0.133359 0.712222 0.023906 0.056667 2 0.137085 0.148867 0.667778 0.022891 0.047778 0 0.057709 0.133359 0.712222 0.023906 0.056667 0 0.001305 0.160703 0.910556 0.057656 0.091111
CCTV10^20251112-170000-20251112-175959_004488,10 0.905273 0.338594 0.645833 0.065937 0.121667 3 0.803223 0.43625 0.701111 0.0425 0.061111 3 0.729492 0.502969 0.711945 0.046563 0.069444 1 0.728027 0.265938 0.752778 0.02625 0.054444 1 0.656738 0.242422 0.7075 0.027969 0.047222 1 0.629883 0.116016 0.716111 0.017031 0.043333 2 0.245117 0.125156 0.675 0.021562 0.05 0 0.142212 0.143672 0.683611 0.017969 0.047222 1 0.011551 0.113438 0.710278 0.023594 0.052778 2 0.010056 0.143672 0.683611 0.017969 0.047222 1 0.010056 0.923438 0.7125 0.025625 0.059444 1 0.001824 0.143672 0.683611 0.017969 0.047222 5 0.001351 0.422188 0.586667 0.02625 0.053333 10 0.001249 0.422188 0.586667 0.02625 0.053333
CCTV10^20251112-170000-20251112-175959_004492,1 0.695801 0.213359 0.714445 0.025156 0.054444 3 0.501953 0.427344 0.604722 0.027812 0.041667 5 0.46875 0.984688 0.713889 0.030625 0.081111 3 0.029312 0.984688 0.713889 0.030625 0.081111 1 0.001972 0.208437 0.706389 0.047187 0.069444 4 0.001372 0.984688 0.713889 0.030625 0.081111 5 0.001099 0.427344 0.604722 0.027812 0.041667
CCTV10^20251112-170000-20251112-175959_004497,0 0.702637 0.136055 0.766389 0.033359 0.076111 2 0.684082 0.127734 0.856667 0.037031 0.077778 2 0.605957 0.089043 0.741944 0.027539 0.065 0 0.57373 0.099609 0.7925 0.028125 0.059444 0 0.26123 0.127734 0.856667 0.037031 0.077778 2 0.065125 0.992813 0.718611 0.014375 0.075 2 0.027069 0.099609 0.7925 0.028125 0.059444 2 0.019867 0.136055 0.766389 0.033359 0.076111 2 0.017776 0.99375 0.713889 0.0125 0.07 10 0.016922 0.275781 0.598333 0.037812 0.113333 2 0.014229 0.990313 0.726389 0.019375 0.092778 3 0.01001 0.992813 0.718611 0.014375 0.075 3 0.008095 0.990313 0.726389 0.019375 0.092778 3 0.007347 0.99375 0.713889 0.0125 0.07 5 0.00629 0.089043 0.741944 0.027539 0.065 5 0.005707 0.990313 0.726389 0.019375 0.092778 2 0.002323 0.990313 0.715 0.019375 0.088889 11 0.00215 0.99125 0.668889 0.0175 0.125556 5 0.001919 0.992813 0.718611 0.014375 0.075 11 0.001904 0.993438 0.661667 0.013125 0.107778 5 0.001853 0.99375 0.713889 0.0125 0.07 3 0.001513 0.990313 0.715 0.019375 0.088889 1 0.001455 0.945625 0.754167 0.02 0.048333 3 0.00133 0.995 0.693333 0.01 0.145556 12 0.001169 0.127734 0.856667 0.037031 0.077778 1 0.001081 0.127734 0.856667 0.037031 0.077778 1 0.001017 0.992813 0.718611 0.014375 0.075
CCTV10^20251112-170000-20251112-175959_004500,10 0.914062 0.634062 0.62 0.070625 0.102222 3 0.833496 0.836875 0.870833 0.08375 0.092778 1 0.785156 0.265547 0.754444 0.029531 0.058889 5 0.388672 0.852188 0.78 0.080625 0.097778 10 0.196777 0.328672 0.616111 0.049531 0.113333 2 0.180054 0.980313 0.708889 0.033125 0.062222 2 0.112 0.98 0.708889 0.03375 0.058889 4 0.067566 0.852188 0.78 0.080625 0.097778 3 0.060974 0.852188 0.78 0.080625 0.097778 11 0.003124 0.634062 0.62 0.070625 0.102222 6 0.001942 0.852188 0.78 0.080625 0.097778 1 0.001188 0.259766 0.754722 0.048906 0.073889
CCTV10^20251112-170000-20251112-175959_004504,10 0.875 0.819687 0.74 0.135625 0.2 2 0.486328 0.182773 0.953889 0.050703 0.088889 0 0.078064 0.182773 0.953889 0.050703 0.088889 11 0.0336 0.819687 0.74 0.135625 0.2
CCTV10^20251112-170000-20251112-175959_004509,3 0.740234 0.577813 0.609444 0.040625 0.063333 0 0.715332 0.242734 0.911667 0.048906 0.09 2 0.67041 0.131484 0.711667 0.027656 0.057778 3 0.062317 0.5775 0.609722 0.040625 0.063889 2 0.028442 0.110117 0.686111 0.024766 0.06 10 0.024521 0.987188 0.748056 0.025625 0.168333 0 0.019501 0.110117 0.686111 0.024766 0.06 10 0.008987 0.98875 0.731389 0.0225 0.131667 2 0.00481 0.242734 0.911667 0.048906 0.09 0 0.004383 0.111016 0.681389 0.022344 0.053889 10 0.003197 0.989688 0.748889 0.020625 0.171111 2 0.002068 0.111016 0.681389 0.022344 0.053889 0 0.00201 0.111133 0.685833 0.023203 0.055 5 0.001531 0.987188 0.748056 0.025625 0.168333 10 0.001156 0.990938 0.727222 0.018125 0.122222 5 0.001103 0.98875 0.731389 0.0225 0.131667 10 0.001099 0.989688 0.755278 0.020625 0.195
CCTV10^20251112-170000-20251112-175959_004513,1 0.690918 0.295938 0.803889 0.030625 0.06 1 0.57959 0.333281 0.785556 0.028438 0.053333 0 0.501953 0.104375 0.715833 0.02625 0.056111 2 0.051086 0.104375 0.715833 0.02625 0.056111 1 0.001265 0.328203 0.779444 0.051094 0.07
CCTV10^20251112-170000-20251112-175959_004517,10 0.871582 0.432344 0.596389 0.050313 0.093889 10 0.85791 0.468906 0.7775 0.108438 0.182778 3 0.816406 0.722813 0.741389 0.061875 0.079444 1 0.656738 0.850625 0.743889 0.03 0.061111 2 0.281494 0.144844 0.675833 0.025469 0.052778 11 0.016464 0.468906 0.7775 0.108438 0.182778 1 0.003004 0.85 0.732222 0.055 0.068889 5 0.0021 0.144844 0.675833 0.025469 0.052778
CCTV10^20251112-170000-20251112-175959_004521,10 0.903809 0.299219 0.677778 0.066563 0.121111 2 0.484375 0.116641 0.703611 0.028906 0.060556 2 0.049225 0.137656 0.641111 0.02125 0.051111 12 0.016922 0.116641 0.703611 0.028906 0.060556 7 0.01445 0.116641 0.703611 0.028906 0.060556 4 0.004452 0.116641 0.703611 0.028906 0.060556 3 0.003099 0.321953 0.598889 0.022969 0.048889 5 0.002125 0.321953 0.598889 0.022969 0.048889 9 0.001897 0.116641 0.703611 0.028906 0.060556 0 0.001592 0.137656 0.641111 0.02125 0.051111 11 0.001099 0.299219 0.677778 0.066563 0.121111
CCTV10^20251112-170000-20251112-175959_004524,3 0.789062 0.784063 0.756389 0.064375 0.085 3 0.741699 0.659688 0.614444 0.036875 0.051111 0 0.712402 0.114766 0.723056 0.030313 0.058333 2 0.258301 0.985625 0.713611 0.02875 0.063889 1 0.12085 0.68625 0.589722 0.0175 0.036111 1 0.102661 0.68625 0.588889 0.015 0.033333 5 0.0354 0.985625 0.713611 0.02875 0.063889 5 0.0093 0.784063 0.756389 0.064375 0.085 3 0.005428 0.985625 0.713611 0.02875 0.063889 2 0.0028 0.114766 0.723056 0.030313 0.058333 0 0.00133 0.117813 0.7125 0.026563 0.053889
CCTV10^20251112-170000-20251112-175959_004528,10 0.899902 0.334453 0.655556 0.064219 0.124444 1 0.757812 0.357969 0.783889 0.027187 0.058889 1 0.740234 0.176172 0.921667 0.037656 0.071111 0 0.702637 0.113867 0.715278 0.028672 0.071667 2 0.003565 0.113867 0.715278 0.028672 0.071667 1 0.003429 0.170078 0.918333 0.054531 0.08
CCTV10^20251112-170000-20251112-175959_004532,3 0.849121 0.562187 0.955278 0.07375 0.087222 10 0.699219 0.628438 0.566944 0.050625 0.086111 2 0.692871 0.096641 0.783056 0.030781 0.065 5 0.615234 0.64125 0.920556 0.085 0.124444 0 0.594727 0.143516 0.788889 0.030469 0.071111 2 0.494141 0.09875 0.726667 0.025781 0.053333 2 0.10968 0.13625 0.688333 0.02375 0.056667 0 0.098083 0.133633 0.749167 0.023359 0.051667 1 0.060303 0.133633 0.749167 0.023359 0.051667 12 0.05542 0.10918 0.681944 0.033672 0.063889 1 0.047089 0.791875 0.652222 0.01625 0.044444 2 0.045868 0.143516 0.788889 0.030469 0.071111 6 0.040833 0.64125 0.920556 0.085 0.124444 4 0.025375 0.64125 0.920556 0.085 0.124444 1 0.013634 0.79125 0.654167 0.02375 0.057222 6 0.011467 0.10918 0.681944 0.033672 0.063889 11 0.010406 0.10918 0.681944 0.033672 0.063889 7 0.009857 0.096641 0.783056 0.030781 0.065 12 0.008987 0.64125 0.920556 0.085 0.124444 9 0.007843 0.64125 0.920556 0.085 0.124444 7 0.005665 0.949688 0.672778 0.041875 0.066667 0 0.005642 0.096641 0.783056 0.030781 0.065 3 0.00528 0.64125 0.920556 0.085 0.124444 0 0.00502 0.134609 0.752778 0.024531 0.054444 1 0.004555 0.134609 0.752778 0.024531 0.054444 3 0.002747 0.949688 0.672778 0.041875 0.066667 0 0.002415 0.13625 0.688333 0.02375 0.056667 4 0.001919 0.949688 0.672778 0.041875 0.066667 2 0.001897 0.791875 0.652222 0.01625 0.044444 2 0.001853 0.562187 0.955278 0.07375 0.087222 7 0.001309 0.951875 0.672778 0.03625 0.062222 2 0.001294 0.949688 0.672778 0.041875 0.066667 4 0.001161 0.951875 0.672778 0.03625 0.062222 7 0.001 0.64125 0.920556 0.085 0.124444
CCTV10^20251112-170000-20251112-175959_004536,5 0.834473 0.88125 0.833056 0.0975 0.123889 1 0.720215 0.238047 0.695556 0.023594 0.05 10 0.503906 0.705938 0.616667 0.050625 0.078889 6 0.334473 0.705938 0.616667 0.050625 0.078889 2 0.309082 0.139414 0.684722 0.022422 0.053889 2 0.282959 0.973437 0.697222 0.029375 0.056667 2 0.270508 0.183438 0.961389 0.046875 0.073889 0 0.269043 0.183438 0.961389 0.046875 0.073889 2 0.047089 0.12625 0.652222 0.023125 0.044444 9 0.036224 0.705938 0.616667 0.050625 0.078889 5 0.024994 0.378281 0.593056 0.025312 0.048333 0 0.018402 0.087148 0.813056 0.021797 0.061667 6 0.014114 0.88125 0.833056 0.0975 0.123889 3 0.009377 0.378281 0.593056 0.025312 0.048333 1 0.006641 0.087148 0.813056 0.021797 0.061667 4 0.004627 0.88125 0.833056 0.0975 0.123889
CCTV10^20251112-170000-20251112-175959_004540,2 0.607422 0.141172 0.783611 0.036094 0.075 10 0.373779 0.58125 0.554722 0.04625 0.079444 3 0.029205 0.994063 0.728611 0.011875 0.065 0 0.02298 0.141172 0.783611 0.036094 0.075 1 0.018616 0.994063 0.728611 0.011875 0.065 2 0.016663 0.141484 0.783333 0.033594 0.067778 1 0.015717 0.133203 0.7425 0.025469 0.048333 3 0.013741 0.99375 0.743056 0.0125 0.088333 3 0.010696 0.99125 0.732222 0.0175 0.08 0 0.00927 0.133203 0.7425 0.025469 0.048333 2 0.006512 0.994063 0.728611 0.011875 0.065 3 0.00589 0.995 0.711944 0.01 0.092778 3 0.00547 0.99 0.754722 0.02 0.125 10 0.002867 0.581563 0.555278 0.045 0.079444 1 0.002541 0.99125 0.732222 0.0175 0.08 2 0.002323 0.99375 0.743056 0.0125 0.088333 2 0.002058 0.995 0.711944 0.01 0.092778 1 0.001216 0.99375 0.743056 0.0125 0.088333 5 0.001103 0.995 0.711944 0.01 0.092778 0 0.001073 0.994063 0.728611 0.011875 0.065 3 0.00104 0.99125 0.714167 0.0175 0.113889 3 0.00104 0.994375 0.765278 0.01125 0.168333 0 0.001 0.132227 0.753611 0.033047 0.072778
CCTV10^20251112-170000-20251112-175959_004544,3 0.845703 0.5925 0.645556 0.051875 0.063333 3 0.616699 0.6825 0.628611 0.04 0.053889 3 0.611328 0.558906 0.588056 0.032813 0.056111 5 0.014786 0.6825 0.628611 0.04 0.053889 4 0.004738 0.6825 0.628611 0.04 0.053889
CCTV10^20251112-170000-20251112-175959_004548,0 0.686035 0.132109 0.719444 0.026406 0.06 2 0.001561 0.132109 0.719444 0.026406 0.06
CCTV10^20251112-170000-20251112-175959_004551,10 0.92627 0.315078 0.779722 0.139219 0.172778 5 0.168823 0.726562 0.930278 0.136875 0.137222 4 0.028656 0.726562 0.930278 0.136875 0.137222 2 0.003235 0.726562 0.930278 0.136875 0.137222 6 0.002453 0.726562 0.930278 0.136875 0.137222 9 0.001623 0.726562 0.930278 0.136875 0.137222 3 0.001086 0.727188 0.933333 0.130625 0.133333
CCTV10^20251112-170000-20251112-175959_004555,10 0.909668 0.567344 0.583611 0.051562 0.089444 10 0.872559 0.339063 0.703333 0.099375 0.134444 0 0.695801 0.116836 0.832778 0.039141 0.08 1 0.694336 0.176641 0.829444 0.029844 0.065555 0 0.437744 0.12082 0.670556 0.021484 0.055556 1 0.401611 0.272031 0.956111 0.04 0.071111 0 0.151001 0.326875 0.885 0.028125 0.067778 2 0.075867 0.116836 0.832778 0.039141 0.08 1 0.038177 0.326875 0.885 0.028125 0.067778 2 0.008476 0.12082 0.670556 0.021484 0.055556 11 0.006691 0.339063 0.703333 0.099375 0.134444 2 0.004555 0.272031 0.956111 0.04 0.071111 1 0.003351 0.326562 0.883611 0.045625 0.078333 1 0.002846 0.270156 0.945278 0.054062 0.078333 10 0.00279 0.320703 0.592222 0.029844 0.088889 9 0.001597 0.339063 0.703333 0.099375 0.134444 11 0.001249 0.567344 0.583611 0.051562 0.089444 0 0.001032 0.176641 0.829444 0.029844 0.065555
CCTV10^20251112-170000-20251112-175959_004559,5 0.847168 0.494063 0.745556 0.05 0.088889 1 0.779785 0.458906 0.662222 0.032813 0.045556 1 0.73877 0.373125 0.764167 0.0275 0.057222 1 0.694336 0.231406 0.683611 0.034063 0.050556 5 0.007812 0.418125 0.575833 0.024375 0.042778 6 0.00547 0.494063 0.745556 0.05 0.088889 1 0.0051 0.370313 0.761389 0.046875 0.060556 1 0.004265 0.230625 0.678056 0.048125 0.059444 3 0.002823 0.494063 0.745556 0.05 0.088889 3 0.001883 0.371875 0.588889 0.021875 0.041111 10 0.001668 0.494063 0.745556 0.05 0.088889 4 0.001378 0.494063 0.745556 0.05 0.088889
CCTV10^20251112-170000-20251112-175959_004563,10 0.881836 0.289766 0.628889 0.066719 0.103333 5 0.851074 0.631094 0.62 0.045313 0.07 2 0.824219 0.118008 0.8175 0.043047 0.071667 0 0.712402 0.176328 0.828056 0.037969 0.077222 0 0.611328 0.136563 0.685556 0.021875 0.057778 2 0.018982 0.176328 0.828056 0.037969 0.077222 2 0.006413 0.136563 0.685556 0.021875 0.057778 3 0.003736 0.631094 0.62 0.045313 0.07 11 0.001531 0.289766 0.628889 0.066719 0.103333
CCTV10^20251112-170000-20251112-175959_004568,4 0.90918 0.409219 0.663333 0.040937 0.061111 2 0.819824 0.163047 0.925 0.054219 0.1 1 0.67041 0.398594 0.931944 0.037813 0.072778 3 0.519531 0.616406 0.583611 0.037187 0.046111 1 0.355713 0.137305 0.747778 0.018984 0.055556 1 0.004925 0.995938 0.726945 0.008125 0.089444 5 0.002279 0.163047 0.925 0.054219 0.1 1 0.00104 0.995625 0.744167 0.00875 0.111667
CCTV10^20251112-170000-20251112-175959_004572,3 0.507812 0.830625 0.673889 0.04625 0.067778 1 0.375732 0.215703 0.662778 0.021094 0.045556 2 0.158203 0.97875 0.695278 0.03 0.057222 3 0.06781 0.830625 0.673056 0.045 0.066111 2 0.00227 0.995 0.698056 0.01 0.057222 2 0.001897 0.994375 0.689444 0.01125 0.078889 1 0.001012 0.215781 0.662222 0.020625 0.044444
CCTV10^20251112-170000-20251112-175959_004575,3 0.810547 0.65625 0.688056 0.04875 0.065 2 0.598145 0.132305 0.876944 0.043047 0.087222 3 0.552734 0.830313 0.673611 0.045625 0.067222 0 0.039948 0.132305 0.876944 0.043047 0.087222 2 0.002287 0.279141 0.975556 0.047031 0.048889
CCTV10^20251112-170000-20251112-175959_004579,1 0.733887 0.101055 0.728611 0.019141 0.055 3 0.571777 0.830625 0.673333 0.045 0.065556 2 0.245117 0.124688 0.676111 0.023906 0.058889 2 0.021698 0.150781 0.67 0.021563 0.052222 3 0.01297 0.830313 0.674167 0.045625 0.066111 6 0.001883 0.124688 0.676111 0.023906 0.058889 2 0.001107 0.15043 0.6725 0.025391 0.061667
CCTV10^20251112-170000-20251112-175959_004583,2 0.786621 0.097031 0.7775 0.035625 0.079444 3 0.430176 0.830625 0.673611 0.04375 0.065 1 0.199341 0.686563 0.585556 0.019375 0.043333
CCTV10^20251112-170000-20251112-175959_004587,10 0.912598 0.679688 0.622778 0.071875 0.11 5 0.795898 0.450781 0.743056 0.050938 0.079445 2 0.725098 0.132031 0.73 0.02375 0.06 2 0.600098 0.218359 0.960278 0.054844 0.078333 1 0.577637 0.122031 0.69 0.020313 0.055556 3 0.392334 0.830938 0.674167 0.045625 0.067222 2 0.320801 0.274297 0.951389 0.051094 0.083889 0 0.190674 0.105508 0.678056 0.021797 0.055 3 0.139404 0.830625 0.673056 0.045 0.066111 3 0.021866 0.450781 0.743056 0.050938 0.079445 6 0.003403 0.450781 0.743056 0.050938 0.079445 2 0.002132 0.105508 0.678056 0.021797 0.055 5 0.001399 0.274297 0.951389 0.051094 0.083889 11 0.001221 0.9925 0.6575 0.015 0.093889 11 0.001121 0.679688 0.622778 0.071875 0.11 5 0.001065 0.132031 0.73 0.02375 0.06 11 0.00106 0.989375 0.660833 0.02125 0.095
CCTV10^20251112-170000-20251112-175959_004591,3 0.831055 0.284141 0.661111 0.031094 0.046667 2 0.827637 0.129531 0.826667 0.039687 0.072222 1 0.778809 0.714688 0.614722 0.020625 0.045 2 0.416748 0.112109 0.695556 0.034531 0.072222 3 0.381104 0.830625 0.673056 0.04375 0.063889 4 0.064636 0.978125 0.966944 0.04375 0.066111 3 0.057922 0.830625 0.673889 0.045 0.065556 2 0.045868 0.978125 0.966944 0.04375 0.066111 3 0.033966 0.585938 0.566944 0.026875 0.040556 6 0.027176 0.112109 0.695556 0.034531 0.072222 2 0.004848 0.975 0.971111 0.05 0.057778 7 0.003708 0.978125 0.966944 0.04375 0.066111 5 0.003016 0.284141 0.661111 0.031094 0.046667 0 0.002855 0.129531 0.826667 0.039687 0.072222 3 0.002234 0.323438 0.595556 0.021875 0.036667 12 0.001432 0.142266 0.664722 0.023281 0.051667
CCTV10^20251112-170000-20251112-175959_004595,5 0.713867 0.584531 0.613056 0.043437 0.067222 2 0.550781 0.184453 0.920556 0.048906 0.087778 3 0.40918 0.830625 0.672778 0.04375 0.064444 5 0.334473 0.697188 0.588333 0.046875 0.064444 6 0.252441 0.697188 0.588333 0.046875 0.064444 0 0.041321 0.184453 0.920556 0.048906 0.087778 10 0.037048 0.697188 0.588333 0.046875 0.064444 3 0.026459 0.584531 0.613056 0.043437 0.067222 3 0.018692 0.830625 0.673889 0.045 0.065556 12 0.003496 0.697188 0.588333 0.046875 0.064444
CCTV10^20251112-170000-20251112-175959_004599,2 0.760742 0.139297 0.761667 0.028125 0.058889 2 0.702637 0.108945 0.760833 0.028203 0.052778 0 0.584961 0.103945 0.804444 0.028203 0.057778 3 0.386719 0.830313 0.673056 0.044375 0.065 3 0.276611 0.589844 0.580833 0.029063 0.042778 3 0.26123 0.830625 0.674167 0.045 0.066111 0 0.073975 0.092969 0.745278 0.020625 0.045 0 0.045349 0.140117 0.688056 0.020391 0.046111 0 0.036499 0.140234 0.688056 0.017656 0.041667 3 0.020966 0.590156 0.580556 0.029687 0.042222 2 0.020645 0.140234 0.688056 0.017656 0.041667 2 0.019272 0.133437 0.648611 0.023125 0.053889 2 0.017181 0.140117 0.688056 0.020391 0.046111 0 0.009483 0.139297 0.761667 0.028125 0.058889 0 0.00425 0.091289 0.7525 0.022578 0.052778 1 0.003796 0.678438 0.582222 0.016875 0.034444 2 0.003273 0.092969 0.745278 0.020625 0.045 0 0.002378 0.104609 0.814722 0.025469 0.047222 0 0.001818 0.091953 0.746945 0.023281 0.050556 0 0.001285 0.108945 0.760833 0.028203 0.052778 1 0.001008 0.092969 0.745278 0.020625 0.045
CCTV10^20251112-170000-20251112-175959_004602,10 0.921875 0.692813 0.625556 0.076875 0.108889 2 0.84082 0.100703 0.761944 0.032656 0.065 0 0.827637 0.143984 0.896667 0.034844 0.08 3 0.809082 0.404531 0.642222 0.035313 0.047778 4 0.774414 0.606406 0.633611 0.041562 0.055 3 0.399902 0.830625 0.672778 0.04375 0.063333 12 0.190063 0.593281 0.900278 0.099687 0.172778 9 0.057922 0.592656 0.903056 0.095937 0.158333 12 0.050323 0.592656 0.903056 0.095937 0.158333 11 0.032227 0.593281 0.900278 0.099687 0.172778 7 0.013687 0.606406 0.633611 0.041562 0.055 9 0.006985 0.606406 0.633611 0.041562 0.055 11 0.00639 0.9875 0.651389 0.025 0.075 8 0.005039 0.592656 0.903056 0.095937 0.158333 11 0.00502 0.99 0.651667 0.02 0.076667 7 0.003565 0.592656 0.903056 0.095937 0.158333 10 0.003429 0.593281 0.900278 0.099687 0.172778 11 0.002068 0.592656 0.903056 0.095937 0.158333 11 0.0013 0.692813 0.625556 0.076875 0.108889 0 0.001274 0.142305 0.887222 0.065391 0.09 9 0.001116 0.593281 0.900278 0.099687 0.172778
CCTV10^20251112-170000-20251112-175959_004606,11 0.861328 0.444219 0.628889 0.043438 0.077778 2 0.850098 0.169375 0.834167 0.047813 0.078333 2 0.841797 0.233125 0.915833 0.04875 0.089444 3 0.82666 0.483125 0.680278 0.038125 0.047222 3 0.808105 0.68375 0.702222 0.04625 0.067778 0 0.679199 0.101914 0.711667 0.025703 0.061111 10 0.546875 0.355781 0.700556 0.079062 0.136667 3 0.428223 0.830625 0.6725 0.04375 0.063889 10 0.413086 0.355312 0.700833 0.080625 0.138333 3 0.037048 0.830938 0.673611 0.044375 0.065 2 0.031616 0.301719 0.970278 0.045937 0.053889 10 0.014282 0.444219 0.628889 0.043438 0.077778 0 0.002779 0.301719 0.970278 0.045937 0.053889 1 0.002453 0.101914 0.711667 0.025703 0.061111 11 0.001934 0.301719 0.970278 0.045937 0.053889 1 0.001549 0.098242 0.708056 0.042109 0.065
CCTV10^20251112-170000-20251112-175959_004610,0 0.786621 0.245156 0.926667 0.04875 0.087778 3 0.665527 0.667188 0.631667 0.035625 0.053333 3 0.422607 0.830625 0.673889 0.045 0.066667 3 0.265869 0.830625 0.673333 0.04375 0.065556
CCTV10^20251112-170000-20251112-175959_004614,0 0.662109 0.236016 0.91 0.040469 0.077778 3 0.596191 0.615 0.600278 0.033125 0.050556 5 0.59082 0.71125 0.652778 0.04 0.07 3 0.503906 0.830938 0.673611 0.044375 0.065 4 0.168823 0.71125 0.652778 0.04 0.07 1 0.004906 0.231562 0.910556 0.060938 0.107778 9 0.002834 0.71125 0.652778 0.04 0.07 11 0.002632 0.993125 0.656111 0.01375 0.101111
CCTV10^20251112-170000-20251112-175959_004618,10 0.914062 0.845625 0.765278 0.13125 0.189444 3 0.264404 0.830938 0.671944 0.043125 0.060556 5 0.209473 0.125234 0.678056 0.032344 0.056111 2 0.051453 0.125234 0.678056 0.032344 0.056111 3 0.030563 0.125234 0.678056 0.032344 0.056111 4 0.009453 0.125234 0.678056 0.032344 0.056111 5 0.001129 0.830938 0.671944 0.043125 0.060556
CCTV10^20251112-170000-20251112-175959_004622,1 0.725098 0.725938 0.618333 0.019375 0.044444 0 0.59082 0.127344 0.6975 0.026406 0.061667 5 0.490234 0.703438 0.7225 0.048125 0.075 5 0.366699 0.719375 0.691111 0.0475 0.071111 3 0.345215 0.830625 0.673611 0.04375 0.065 4 0.062317 0.719375 0.691111 0.0475 0.071111 12 0.048126 0.703438 0.7225 0.048125 0.075 3 0.042389 0.719375 0.691111 0.0475 0.071111 2 0.024139 0.127344 0.6975 0.026406 0.061667 4 0.020798 0.703438 0.7225 0.048125 0.075 6 0.014618 0.719375 0.691111 0.0475 0.071111 9 0.011917 0.719375 0.691111 0.0475 0.071111 6 0.007843 0.703438 0.7225 0.048125 0.075 3 0.007462 0.703438 0.7225 0.048125 0.075 12 0.002216 0.719375 0.691111 0.0475 0.071111 7 0.002068 0.703438 0.7225 0.048125 0.075 9 0.001668 0.703438 0.7225 0.048125 0.075
CCTV10^20251112-170000-20251112-175959_004626,5 0.624512 0.564219 0.596111 0.037813 0.062222 11 0.605957 0.795625 0.738889 0.10125 0.147778 2 0.443604 0.105078 0.689722 0.027344 0.055 1 0.397949 0.850625 0.725 0.02125 0.047778 0 0.359375 0.187422 0.961111 0.044219 0.072222 5 0.182373 0.68125 0.707222 0.05125 0.078889 3 0.171021 0.68125 0.707222 0.05125 0.078889 10 0.071045 0.795625 0.738889 0.10125 0.147778 4 0.044678 0.68125 0.707222 0.05125 0.078889 3 0.032227 0.832187 0.670278 0.039375 0.053889 4 0.017578 0.378906 0.616944 0.027187 0.050556 12 0.008713 0.795625 0.738889 0.10125 0.147778 6 0.008186 0.564219 0.596111 0.037813 0.062222 1 0.006931 0.685938 0.578056 0.015625 0.037222 9 0.006313 0.68125 0.707222 0.05125 0.078889 2 0.005512 0.187422 0.961111 0.044219 0.072222 1 0.004681 0.187422 0.961111 0.044219 0.072222 4 0.00433 0.564219 0.596111 0.037813 0.062222 3 0.004135 0.378906 0.616944 0.027187 0.050556 6 0.002779 0.105078 0.689722 0.027344 0.055 1 0.00227 0.85 0.726389 0.025 0.052778 1 0.00109 0.131367 0.6625 0.014766 0.042778 0 0.001044 0.105078 0.689722 0.027344 0.055 5 0.001008 0.832187 0.670278 0.039375 0.053889 1 0.001004 0.130898 0.667222 0.019922 0.053333
CCTV10^20251112-220000-20251112-225959_006480,12 0.775879 0.509688 0.820278 0.123125 0.170556 5 0.480469 0.195547 0.9425 0.071094 0.105 1 0.044861 0.230547 0.809722 0.023281 0.055 12 0.041779 0.94625 0.868889 0.10375 0.235556 2 0.0354 0.195547 0.9425 0.071094 0.105 3 0.018616 0.195547 0.9425 0.071094 0.105 4 0.017044 0.195547 0.9425 0.071094 0.105 12 0.003679 0.515156 0.359028 0.102187 0.180833 5 0.003664 0.509688 0.820278 0.123125 0.170556 9 0.003147 0.509688 0.820278 0.123125 0.170556 3 0.002653 0.660937 0.672222 0.038125 0.046667 12 0.002632 0.946875 0.877778 0.10375 0.227778 10 0.001561 0.329141 0.6275 0.031094 0.053889 11 0.001549 0.383906 0.61 0.030313 0.06 1 0.001549 0.232031 0.818889 0.02 0.044444 9 0.001461 0.195547 0.9425 0.071094 0.105 0 0.00109 0.230547 0.809722 0.023281 0.055 12 0.00104 0.9325 0.807222 0.12875 0.332222
CCTV10^20251112-220000-20251112-225959_006481,5 0.633301 0.114102 0.718611 0.029453 0.058333 12 0.151001 0.396406 0.681111 0.067812 0.106667 3 0.107788 0.114102 0.718611 0.029453 0.058333 11 0.049225 0.396406 0.681111 0.067812 0.106667 9 0.018906 0.396406 0.681111 0.067812 0.106667 1 0.015671 0.230469 0.809722 0.0225 0.052778 7 0.009163 0.942813 0.934445 0.113125 0.126667 12 0.0051 0.515625 0.358889 0.095625 0.171111 1 0.003693 0.232031 0.819167 0.019688 0.042778 10 0.002958 0.396406 0.681111 0.067812 0.106667 1 0.00289 0.228906 0.807222 0.02125 0.048889 4 0.002243 0.114102 0.718611 0.029453 0.058333 9 0.001655 0.114102 0.718611 0.029453 0.058333 7 0.001597 0.937813 0.933056 0.120625 0.130556
CCTV10^20251112-220000-20251112-225959_006482,12 0.024612 0.945938 0.871667 0.105625 0.232222 4 0.013023 0.440156 0.838056 0.053438 0.082778 12 0.006462 0.515625 0.360556 0.098125 0.169444 9 0.00639 0.440156 0.838056 0.053438 0.082778 1 0.006264 0.230312 0.809445 0.023125 0.054444 11 0.004791 0.616563 0.5825 0.133125 0.198333 4 0.004417 0.434688 0.830556 0.05 0.081111 12 0.002758 0.946563 0.878611 0.104375 0.229444 3 0.002571 0.431094 0.821111 0.048438 0.077778 11 0.002434 0.440156 0.838056 0.053438 0.082778 10 0.002216 0.785313 0.7775 0.268125 0.403889 11 0.001478 0.270469 0.35 0.068438 0.122222 1 0.001421 0.434688 0.830556 0.05 0.081111 1 0.001389 0.440156 0.838056 0.053438 0.082778 1 0.00102 0.231484 0.819444 0.020469 0.043333
CCTV10^20251112-220000-20251112-225959_006483,4 0.069031 0.343438 0.713889 0.034375 0.064444 9 0.064209 0.343438 0.713889 0.034375 0.064444 1 0.042877 0.340781 0.721111 0.029063 0.054444 11 0.017776 0.343438 0.713889 0.034375 0.064444 12 0.0093 0.947812 0.866944 0.100625 0.236111 1 0.009018 0.739375 0.660833 0.0175 0.036111 1 0.008614 0.230391 0.808889 0.023906 0.056667 1 0.007347 0.338438 0.729722 0.018125 0.037222 12 0.005707 0.513906 0.363472 0.100938 0.170278 7 0.004627 0.343438 0.713889 0.034375 0.064444 1 0.004215 0.341875 0.727222 0.020625 0.037778 3 0.003765 0.343438 0.713889 0.034375 0.064444 3 0.00321 0.340781 0.721111 0.029063 0.054444 0 0.003172 0.343438 0.713889 0.034375 0.064444 12 0.00215 0.948438 0.8775 0.100625 0.227222 11 0.001629 0.270078 0.35125 0.073906 0.1275 1 0.001567 0.329297 0.701111 0.022031 0.04 3 0.001399 0.338672 0.701667 0.038906 0.053333 1 0.001221 0.231875 0.818889 0.020313 0.043333 2 0.001151 0.327891 0.694167 0.016719 0.028333 5 0.001129 0.343438 0.713889 0.034375 0.064444
CCTV10^20251112-220000-20251112-225959_006484,9 0.12085 0.28625 0.640833 0.030625 0.046111 4 0.057495 0.28625 0.640833 0.030625 0.046111 7 0.021118 0.28625 0.640833 0.030625 0.046111 2 0.011505 0.28625 0.640833 0.030625 0.046111 1 0.010208 0.230078 0.81 0.022344 0.054444 12 0.008812 0.51375 0.363611 0.096875 0.168333 10 0.005913 0.28625 0.640833 0.030625 0.046111 0 0.00502 0.28625 0.640833 0.030625 0.046111 11 0.001507 0.28625 0.640833 0.030625 0.046111 0 0.001008 0.283828 0.654722 0.024844 0.041667
CCTV10^20251112-220000-20251112-225959_006485,3 0.523438 0.74 0.689722 0.04125 0.053889 11 0.209473 0.879063 0.841944 0.240625 0.311667 1 0.123352 0.230625 0.81 0.022813 0.052222 0 0.003721 0.273672 0.590556 0.017031 0.037778 2 0.003429 0.273672 0.590556 0.017031 0.037778 12 0.003376 0.512813 0.356667 0.104375 0.177778 0 0.001265 0.295625 0.626389 0.013437 0.028333 4 0.00124 0.243516 0.627778 0.020469 0.035556 11 0.001188 0.800625 0.805 0.26125 0.363333 10 0.001161 0.800625 0.805 0.26125 0.363333
CCTV10^20251112-220000-20251112-225959_006486,1 0.081787 0.387031 0.7875 0.024688 0.049444 1 0.066589 0.387031 0.787778 0.025937 0.051111 1 0.018341 0.230469 0.812778 0.023438 0.047778 12 0.002737 0.511719 0.356111 0.112813 0.176667 1 0.001536 0.229297 0.809167 0.024219 0.052778 1 0.001394 0.231094 0.82 0.02125 0.04 3 0.001341 0.973437 0.926389 0.053125 0.143889
CCTV10^20251112-220000-20251112-225959_006487,12 0.341553 0.142617 0.833611 0.083828 0.152778 12 0.143188 0.147617 0.869167 0.091953 0.229444 11 0.085693 0.142617 0.833611 0.083828 0.152778 1 0.034363 0.317031 0.728056 0.024063 0.040556 1 0.030106 0.319453 0.733611 0.022344 0.033889 1 0.020798 0.260781 0.679444 0.016562 0.034444 1 0.019424 0.107578 0.781667 0.018125 0.041111 1 0.01622 0.318438 0.728056 0.020625 0.036111 7 0.010857 0.142617 0.833611 0.083828 0.152778 12 0.008316 0.889688 0.690556 0.075625 0.113333 1 0.007904 0.106328 0.785278 0.0175 0.039444 3 0.007404 0.317031 0.728056 0.024063 0.040556 1 0.003839 0.260234 0.671944 0.018281 0.052778 1 0.003796 0.259531 0.679444 0.01875 0.043333 1 0.002768 0.317656 0.731111 0.025938 0.042222 9 0.002443 0.142617 0.833611 0.083828 0.152778 1 0.00226 0.101875 0.776667 0.026719 0.053333 1 0.002165 0.228984 0.808056 0.020156 0.050556 1 0.002068 0.109883 0.779444 0.018516 0.04 0 0.001883 0.260234 0.671944 0.018281 0.052778 5 0.001883 0.220703 0.953333 0.073281 0.084444 9 0.001846 0.147617 0.869167 0.091953 0.229444 1 0.00181 0.106211 0.770556 0.027734 0.052222 8 0.001649 0.147617 0.869167 0.091953 0.229444 8 0.001636 0.142617 0.833611 0.083828 0.152778 1 0.001561 0.229844 0.810278 0.020937 0.049444 3 0.001501 0.220703 0.953333 0.073281 0.084444 3 0.001356 0.260234 0.671944 0.018281 0.052778 0 0.001356 0.347344 0.613889 0.014063 0.032222 1 0.001294 0.315547 0.729445 0.033281 0.047778 4 0.001289 0.220703 0.953333 0.073281 0.084444 3 0.001179 0.260781 0.679444 0.016562 0.034444 12 0.001179 0.272578 0.35625 0.078594 0.165278 1 0.001017 0.259766 0.6725 0.021406 0.057222
CCTV10^20251112-220000-20251112-225959_006488,5 0.684082 0.48625 0.778056 0.04625 0.081667 1 0.176636 0.2375 0.658889 0.015625 0.032222 10 0.034607 0.48625 0.778056 0.04625 0.081667 1 0.034485 0.22875 0.807222 0.019375 0.047778 11 0.031616 0.115313 0.784167 0.050313 0.097222 1 0.026352 0.229844 0.81 0.020313 0.046667 12 0.021622 0.115313 0.784167 0.050313 0.097222 1 0.021362 0.159609 0.920833 0.030469 0.053889 12 0.018265 0.889688 0.689722 0.074375 0.109444 11 0.012527 0.108125 0.717222 0.05 0.118889 1 0.010857 0.237656 0.656667 0.014687 0.036667 6 0.01078 0.48625 0.778056 0.04625 0.081667 9 0.007694 0.108125 0.717222 0.05 0.118889 7 0.007065 0.115313 0.784167 0.050313 0.097222 0 0.0051 0.237656 0.656667 0.014687 0.036667 2 0.004944 0.108125 0.717222 0.05 0.118889 7 0.004868 0.108125 0.717222 0.05 0.118889 12 0.002935 0.113086 0.748889 0.059922 0.173333 2 0.002493 0.237656 0.656667 0.014687 0.036667 1 0.002157 0.238906 0.661111 0.015 0.028889 12 0.002028 0.108125 0.717222 0.05 0.118889 12 0.001867 0.48625 0.778056 0.04625 0.081667 3 0.001694 0.48625 0.778056 0.04625 0.081667 1 0.001661 0.231484 0.819444 0.017969 0.038889 3 0.00149 0.115313 0.784167 0.050313 0.097222 9 0.001378 0.113086 0.748889 0.059922 0.173333 11 0.001315 0.113086 0.748889 0.059922 0.173333 2 0.001274 0.115313 0.784167 0.050313 0.097222 4 0.001255 0.108125 0.717222 0.05 0.118889 10 0.001156 0.108125 0.717222 0.05 0.118889
CCTV10^20251112-220000-20251112-225959_006489,5 0.276611 0.439375 0.653056 0.03625 0.053889 3 0.246582 0.439375 0.653056 0.03625 0.053889 0 0.101562 0.104492 0.7475 0.019609 0.049444 1 0.093323 0.104492 0.7475 0.019609 0.049444 2 0.092346 0.104492 0.7475 0.019609 0.049444 1 0.089111 0.229844 0.810833 0.02 0.046111 1 0.033844 0.228516 0.807222 0.018594 0.044444 4 0.027481 0.243594 0.626944 0.020938 0.036111 12 0.015015 0.888437 0.689722 0.076875 0.110556 9 0.013023 0.150859 0.682222 0.075781 0.11 10 0.010857 0.439375 0.653056 0.03625 0.053889 9 0.00927 0.439375 0.653056 0.03625 0.053889 4 0.006824 0.129844 0.6825 0.035 0.063889 4 0.005688 0.131406 0.682778 0.039688 0.065556 11 0.005062 0.439375 0.653056 0.03625 0.053889 6 0.004314 0.439375 0.653056 0.03625 0.053889 12 0.004025 0.439375 0.653056 0.03625 0.053889 1 0.002562 0.231016 0.819444 0.018906 0.037778 9 0.002359 0.129844 0.6825 0.035 0.063889 12 0.002287 0.150859 0.682222 0.075781 0.11 7 0.001501 0.439375 0.653056 0.03625 0.053889 7 0.001438 0.129844 0.6825 0.035 0.063889 4 0.001362 0.439375 0.653056 0.03625 0.053889 9 0.001112 0.141094 0.681944 0.058438 0.080556
CCTV10^20251112-220000-20251112-225959_006490,1 0.056244 0.230391 0.811667 0.021719 0.048889 11 0.005844 0.271172 0.355833 0.066719 0.132778 12 0.004963 0.515938 0.367222 0.09125 0.170556 11 0.00289 0.368906 0.395139 0.059687 0.085278 12 0.002058 0.208047 0.6375 0.019219 0.036111 10 0.001853 0.571563 0.861111 0.296875 0.277778 12 0.001649 0.273203 0.362083 0.072969 0.164167 12 0.001567 0.888437 0.688333 0.075625 0.105556 2 0.001225 0.682813 0.489306 0.023125 0.054167 12 0.001057 0.106836 0.658611 0.018984 0.039444
CCTV10^20251112-220000-20251112-225959_006491,10 0.804199 0.4 0.758333 0.1125 0.165556 12 0.098755 0.8875 0.688889 0.07625 0.108889 11 0.071045 0.4 0.758333 0.1125 0.165556 2 0.022797 0.137344 0.706389 0.028125 0.052778 11 0.010651 0.270547 0.353194 0.067969 0.131944 10 0.006538 0.957812 0.811667 0.083125 0.323333 1 0.005062 0.230469 0.810278 0.023125 0.053889 0 0.004135 0.230469 0.810278 0.023125 0.053889 1 0.002182 0.231641 0.818889 0.020781 0.045556 12 0.002132 0.273203 0.358611 0.074219 0.163889 12 0.002083 0.393281 0.398056 0.100937 0.095 11 0.001629 0.910625 0.761389 0.135 0.196111 12 0.001513 0.890625 0.698611 0.0875 0.147222 12 0.001174 0.910625 0.761389 0.135 0.196111 11 0.001024 0.270703 0.364444 0.066719 0.153889
CCTV10^20251112-220000-20251112-225959_006492,10 0.072632 0.328594 0.615139 0.084062 0.201944 12 0.057922 0.888437 0.689444 0.076875 0.106667 10 0.039948 0.329688 0.653056 0.064375 0.111667 1 0.034882 0.128398 0.715278 0.023516 0.058333 1 0.03476 0.230078 0.808889 0.023281 0.055556 1 0.012146 0.127695 0.718333 0.024609 0.06 0 0.011116 0.127695 0.718333 0.024609 0.06 2 0.006489 0.127695 0.718333 0.024609 0.06 2 0.006264 0.129141 0.711667 0.019531 0.048889 0 0.005775 0.129141 0.711667 0.019531 0.048889 11 0.005302 0.271172 0.356528 0.067969 0.135278 2 0.004829 0.128398 0.715278 0.023516 0.058333 1 0.00425 0.129141 0.711667 0.019531 0.048889 0 0.003944 0.128398 0.715278 0.023516 0.058333 12 0.002571 0.513281 0.375833 0.096562 0.186111 11 0.00235 0.33625 0.669444 0.06375 0.077778 10 0.002323 0.330859 0.6375 0.081406 0.155 11 0.002043 0.330859 0.6375 0.081406 0.155 1 0.001839 0.128828 0.719167 0.020313 0.051667 1 0.001727 0.143281 0.7225 0.013281 0.049444 0 0.001525 0.128828 0.719167 0.020313 0.051667 2 0.001432 0.128828 0.719167 0.020313 0.051667 3 0.00109 0.329609 0.683333 0.042656 0.048889 12 0.001032 0.272422 0.360278 0.074531 0.165556
CCTV10^20251112-220000-20251112-225959_006493,1 0.036072 0.230391 0.809445 0.022969 0.053333 12 0.006851 0.889375 0.690278 0.07625 0.108333 12 0.001912 0.514688 0.371528 0.094375 0.175833
CCTV10^20251112-220000-20251112-225959_006494,1 0.315674 0.244375 0.938333 0.03125 0.08 0 0.132935 0.244375 0.938333 0.03125 0.08 1 0.016464 0.230312 0.811389 0.0225 0.048333 1 0.013428 0.22875 0.8075 0.02125 0.048333 12 0.01017 0.889063 0.690833 0.075625 0.108333 1 0.002481 0.231328 0.819167 0.021094 0.040556 1 0.002359 0.239453 0.934445 0.059844 0.102222 1 0.001501 0.240313 0.926111 0.05875 0.09
CCTV10^20251112-220000-20251112-225959_006495,12 0.129395 0.889375 0.690833 0.0725 0.108333 1 0.018051 0.230313 0.811944 0.021875 0.046111 12 0.017914 0.509688 0.354722 0.105625 0.17 1 0.014175 0.23125 0.819444 0.020313 0.037778 1 0.013222 0.229219 0.808333 0.0225 0.05 12 0.00387 0.426719 0.209236 0.126563 0.219306 0 0.001112 0.230313 0.811944 0.021875 0.046111
CCTV10^20251112-220000-20251112-225959_006496,12 0.370117 0.201055 0.900833 0.128828 0.197222 12 0.089478 0.90375 0.692222 0.04 0.094444 1 0.086914 0.230625 0.814444 0.023438 0.043333 9 0.079224 0.463281 0.806111 0.062187 0.087778 1 0.070801 0.443125 0.806389 0.01875 0.049444 11 0.067078 0.463281 0.806111 0.062187 0.087778 12 0.053192 0.201875 0.901389 0.128125 0.196111 1 0.045685 0.439375 0.800833 0.015 0.047222 4 0.044189 0.463281 0.806111 0.062187 0.087778 1 0.043518 0.23125 0.819722 0.024375 0.037222 12 0.035004 0.89 0.6925 0.07625 0.108333 1 0.031982 0.229375 0.808333 0.022813 0.048889 7 0.024994 0.463281 0.806111 0.062187 0.087778 1 0.016403 0.439844 0.805833 0.016563 0.049444 11 0.015076 0.201055 0.900833 0.128828 0.197222 10 0.012383 0.466094 0.808056 0.067188 0.111667 10 0.01078 0.201055 0.900833 0.128828 0.197222 1 0.009338 0.229922 0.806667 0.020469 0.043333 11 0.008781 0.201875 0.901389 0.128125 0.196111 3 0.0051 0.463281 0.806111 0.062187 0.087778 12 0.004791 0.511406 0.356389 0.109063 0.177222 12 0.003565 0.466094 0.808056 0.067188 0.111667 1 0.003111 0.461719 0.820278 0.029063 0.051667 1 0.003052 0.457344 0.825 0.022813 0.045556 1 0.002958 0.460625 0.809167 0.0525 0.085 11 0.002768 0.466094 0.808056 0.067188 0.111667 10 0.001957 0.201875 0.901389 0.128125 0.196111 1 0.001484 0.227734 0.815 0.035469 0.053333 1 0.001444 0.463281 0.806111 0.062187 0.087778 1 0.001073 0.230938 0.803056 0.046562 0.052778
CCTV10^20251112-220000-20251112-225959_006497,12 0.842773 0.116523 0.711667 0.048984 0.116667 11 0.287842 0.387969 0.659167 0.036562 0.047222 12 0.039948 0.889688 0.689722 0.074375 0.107222 9 0.031021 0.387969 0.659167 0.036562 0.047222 12 0.025375 0.215352 0.929167 0.111797 0.140556 3 0.016098 0.387969 0.659167 0.036562 0.047222 7 0.013901 0.387969 0.659167 0.036562 0.047222 1 0.012146 0.231875 0.819444 0.021563 0.04 4 0.011734 0.387969 0.659167 0.036562 0.047222 1 0.008415 0.23 0.805833 0.02 0.043889 11 0.007874 0.215781 0.93 0.110625 0.14 12 0.007404 0.510156 0.362083 0.109062 0.180833 1 0.007347 0.230859 0.811945 0.022344 0.047222 12 0.00729 0.215781 0.93 0.110625 0.14 10 0.004574 0.387969 0.659167 0.036562 0.047222 11 0.00433 0.215352 0.929167 0.111797 0.140556 0 0.002993 0.230859 0.811945 0.022344 0.047222 9 0.001156 0.215781 0.93 0.110625 0.14 9 0.001112 0.215352 0.929167 0.111797 0.140556 1 0.001069 0.403906 0.879722 0.019062 0.052778
CCTV10^20251112-220000-20251112-225959_006498,11 0.864258 0.113047 0.7575 0.052344 0.110556 1 0.420654 0.270938 0.814167 0.03125 0.051667 12 0.405518 0.162344 0.875833 0.085 0.158333 1 0.171021 0.228672 0.803889 0.018281 0.045556 3 0.07135 0.529844 0.770278 0.052812 0.065 12 0.053009 0.88875 0.690278 0.07625 0.106111 11 0.029419 0.529844 0.770278 0.052812 0.065 11 0.028763 0.162344 0.875833 0.085 0.158333 0 0.02034 0.270938 0.814167 0.03125 0.051667 11 0.017303 0.512656 0.748056 0.096562 0.119444 9 0.010056 0.529844 0.770278 0.052812 0.065 9 0.009018 0.113047 0.7575 0.052344 0.110556 10 0.008713 0.529844 0.770278 0.052812 0.065 4 0.00634 0.529844 0.770278 0.052812 0.065 5 0.005386 0.529844 0.770278 0.052812 0.065 9 0.00528 0.162344 0.875833 0.085 0.158333 12 0.004215 0.529844 0.770278 0.052812 0.065 12 0.003607 0.507188 0.357778 0.116875 0.185556 12 0.003496 0.113047 0.7575 0.052344 0.110556 7 0.003376 0.529844 0.770278 0.052812 0.065 1 0.002705 0.228906 0.802222 0.015937 0.04 12 0.002342 0.512656 0.748056 0.096562 0.119444 10 0.002182 0.512656 0.748056 0.096562 0.119444 7 0.001707 0.113047 0.7575 0.052344 0.110556 10 0.001687 0.113047 0.7575 0.052344 0.110556 3 0.001574 0.270938 0.814167 0.03125 0.051667
CCTV10^20251112-220000-20251112-225959_006499,3 0.679199 0.455313 0.661389 0.035 0.043889 11 0.130737 0.197031 0.918889 0.113438 0.16 1 0.105591 0.255156 0.806944 0.025938 0.050556 12 0.078613 0.889063 0.689444 0.074375 0.11 12 0.073181 0.197031 0.918889 0.113438 0.16 1 0.07135 0.228359 0.8025 0.017031 0.039444 9 0.060516 0.197031 0.918889 0.113438 0.16 1 0.047791 0.254922 0.805278 0.025781 0.051667 11 0.027374 0.12457 0.696389 0.062734 0.109444 12 0.025955 0.12457 0.696389 0.062734 0.109444 12 0.016724 0.127422 0.675556 0.074219 0.124444 10 0.015015 0.197031 0.918889 0.113438 0.16 7 0.011551 0.12457 0.696389 0.062734 0.109444 2 0.009232 0.373906 0.383611 0.046562 0.058333 9 0.006771 0.12457 0.696389 0.062734 0.109444 0 0.006096 0.374688 0.380278 0.046875 0.057222 5 0.004681 0.455313 0.661389 0.035 0.043889 3 0.002672 0.455 0.661389 0.035625 0.043889 12 0.002443 0.912813 0.64 0.024375 0.041111 9 0.002287 0.193281 0.924167 0.104062 0.139444 12 0.002253 0.514063 0.359028 0.096875 0.179722 1 0.001942 0.255703 0.816667 0.022031 0.037778 8 0.001912 0.197031 0.918889 0.113438 0.16 0 0.001853 0.372813 0.388194 0.049375 0.063056 3 0.001495 0.12457 0.696389 0.062734 0.109444 12 0.001461 0.125117 0.656389 0.065234 0.093889 0 0.001367 0.373906 0.383611 0.046562 0.058333 7 0.001073 0.197031 0.918889 0.113438 0.16 2 0.001048 0.374688 0.380278 0.046875 0.057222
CCTV10^20251112-220000-20251112-225959_006500,11 0.515625 0.9275 0.860833 0.14125 0.267222 11 0.105957 0.110391 0.730556 0.055469 0.113333 1 0.069824 0.228203 0.8025 0.016094 0.039444 1 0.064209 0.254219 0.806111 0.02375 0.048889 0 0.037903 0.252891 0.804722 0.025781 0.050556 12 0.028214 0.88875 0.69 0.07375 0.105556 0 0.027695 0.254219 0.806111 0.02375 0.048889 1 0.024994 0.144023 0.883056 0.023203 0.050556 10 0.018127 0.540625 0.570833 0.03375 0.055 1 0.015961 0.252891 0.804722 0.025781 0.050556 11 0.009193 0.900625 0.837222 0.1925 0.301111 7 0.009056 0.110391 0.730556 0.055469 0.113333 11 0.008949 0.9475 0.673611 0.07375 0.098333 11 0.008217 0.955938 0.755278 0.086875 0.253889 10 0.004364 0.955938 0.755278 0.086875 0.253889 11 0.004101 0.890313 0.821945 0.211875 0.323889 12 0.003765 0.955938 0.755278 0.086875 0.253889 9 0.003351 0.110391 0.730556 0.055469 0.113333 1 0.002913 0.255313 0.816111 0.018125 0.034444 3 0.002415 0.733125 0.582222 0.0375 0.074444 3 0.001972 0.419375 0.598333 0.02125 0.032222 0 0.001942 0.347656 0.614722 0.013438 0.031667 3 0.001399 0.252891 0.804722 0.025781 0.050556 3 0.001245 0.420469 0.596944 0.019687 0.028333 1 0.001188 0.229531 0.802222 0.015 0.037778 12 0.001116 0.424687 0.204375 0.143125 0.243472 12 0.001048 0.111406 0.729445 0.057344 0.141111
CCTV10^20251112-220000-20251112-225959_006501,10 0.680664 0.575 0.598889 0.0425 0.068889 1 0.618652 0.106992 0.815278 0.024141 0.055 1 0.498047 0.094141 0.740833 0.019531 0.043889 11 0.414795 0.935625 0.858611 0.12625 0.277222 1 0.324219 0.366875 0.839445 0.021875 0.045556 1 0.092346 0.36625 0.839722 0.02 0.041667 11 0.075317 0.575 0.598889 0.0425 0.068889 12 0.071045 0.889063 0.689722 0.073125 0.107222 1 0.068298 0.254766 0.805 0.024219 0.052222 1 0.048676 0.228125 0.802778 0.017188 0.043333 1 0.010818 0.092188 0.742778 0.026563 0.056667 12 0.008743 0.96 0.771944 0.07875 0.272778 11 0.006413 0.96 0.771944 0.07875 0.272778 1 0.00528 0.365781 0.840556 0.034687 0.056667 0 0.005081 0.106992 0.815278 0.024141 0.055 1 0.00425 0.098008 0.740278 0.021641 0.043889 12 0.003885 0.575 0.598889 0.0425 0.068889 9 0.003796 0.575 0.598889 0.0425 0.068889 0 0.002602 0.254766 0.805 0.024219 0.052222 0 0.002512 0.295234 0.625833 0.014844 0.028333 4 0.002453 0.243906 0.628056 0.0225 0.039444 0 0.00226 0.3475 0.613333 0.014375 0.033333 1 0.00198 0.229531 0.802222 0.015937 0.04 1 0.001867 0.255547 0.815556 0.018594 0.037778 10 0.001472 0.96 0.771944 0.07875 0.272778 12 0.001432 0.4225 0.205417 0.135 0.228056 1 0.001216 0.127188 0.666389 0.012969 0.035 10 0.001202 0.935625 0.858611 0.12625 0.277222 11 0.001143 0.893438 0.830278 0.204375 0.323889
CCTV10^20251112-220000-20251112-225959_006502,11 0.870605 0.631406 0.656389 0.054688 0.086111 1 0.759277 0.467031 0.746945 0.024062 0.040556 1 0.212036 0.110625 0.702778 0.015156 0.043333 12 0.140381 0.889063 0.689167 0.073125 0.108333 1 0.11438 0.228516 0.802222 0.016719 0.042222 9 0.057495 0.631406 0.656389 0.054688 0.086111 1 0.032104 0.253672 0.803056 0.026094 0.052778 1 0.023773 0.11 0.705556 0.019219 0.053333 4 0.012482 0.631406 0.656389 0.054688 0.086111 0 0.009377 0.253672 0.803056 0.026094 0.052778 10 0.005981 0.631406 0.656389 0.054688 0.086111 1 0.00573 0.255547 0.815278 0.020156 0.038333 1 0.00502 0.229297 0.801389 0.015156 0.039444 12 0.002035 0.421875 0.199931 0.134375 0.244028 7 0.001734 0.631406 0.656389 0.054688 0.086111 0 0.001432 0.3475 0.614444 0.01375 0.032222 10 0.00104 0.9375 0.852778 0.125 0.294444
CCTV10^20251112-220000-20251112-225959_006503,1 0.281494 0.5525 0.678889 0.02125 0.036667 1 0.147095 0.228281 0.800833 0.015 0.046111 1 0.056854 0.252891 0.803333 0.025156 0.05 12 0.053406 0.888437 0.688056 0.074375 0.110556 10 0.018478 0.95375 0.796389 0.0925 0.288333 0 0.015488 0.252891 0.803333 0.025156 0.05 1 0.012825 0.552813 0.68 0.021875 0.034444 0 0.004467 0.347656 0.614444 0.013438 0.031111 12 0.004299 0.95375 0.796389 0.0925 0.288333 1 0.003351 0.550938 0.679722 0.026875 0.042778 1 0.002867 0.229609 0.801111 0.013906 0.043333 1 0.002632 0.550938 0.681944 0.025625 0.038333 12 0.002522 0.913437 0.644722 0.049375 0.063889 12 0.002035 0.423906 0.198194 0.127813 0.244722 1 0.001972 0.254922 0.814444 0.020156 0.036667 12 0.001818 0.91875 0.641667 0.035 0.048889 0 0.001761 0.295391 0.625 0.013594 0.026667 12 0.001579 0.92 0.646389 0.02875 0.041667 12 0.001554 0.917813 0.648056 0.035625 0.059444 11 0.001461 0.739688 0.762778 0.065625 0.124444 12 0.001315 0.392188 0.403194 0.099375 0.101944 10 0.001206 0.935625 0.863889 0.12875 0.272222 0 0.001161 0.29625 0.623056 0.014063 0.027222
CCTV10^20251112-220000-20251112-225959_006504,11 0.521484 0.93625 0.843056 0.125 0.305 1 0.228149 0.626563 0.696389 0.01875 0.040556 11 0.213379 0.955313 0.743056 0.088125 0.187222 12 0.161377 0.888125 0.691667 0.0725 0.105556 0 0.146118 0.253516 0.804444 0.027656 0.054444 1 0.106689 0.228672 0.802778 0.017344 0.043333 10 0.005428 0.955313 0.743056 0.088125 0.187222 12 0.004646 0.955313 0.743056 0.088125 0.187222 9 0.004627 0.955313 0.743056 0.088125 0.187222 1 0.003914 0.624687 0.698611 0.029375 0.055 1 0.003901 0.229375 0.802222 0.015625 0.04 1 0.00326 0.253516 0.804444 0.027656 0.054444 0 0.002359 0.347188 0.613056 0.015 0.033889 1 0.002314 0.628594 0.701389 0.017188 0.035
CCTV10^20251112-220000-20251112-225959_006505,12 0.383057 0.88875 0.689722 0.0725 0.107222 1 0.121704 0.228203 0.802778 0.016719 0.042222 1 0.050903 0.254453 0.805556 0.024844 0.051111 11 0.025467 0.936875 0.844444 0.12375 0.311111 12 0.020798 0.94625 0.642222 0.03625 0.052222 12 0.010132 0.930937 0.635278 0.034375 0.049444 11 0.008415 0.937188 0.847778 0.124375 0.304444 12 0.004925 0.947188 0.645833 0.035625 0.058333 11 0.004486 0.8875 0.832222 0.215 0.325556 0 0.003736 0.347656 0.614444 0.013438 0.031111 1 0.003016 0.229531 0.802778 0.015313 0.038889 7 0.002758 0.97125 0.768333 0.05375 0.143333 12 0.002571 0.424844 0.215 0.129063 0.243889 0 0.002541 0.295156 0.626111 0.014375 0.028889 0 0.00181 0.254453 0.805556 0.024844 0.051111 12 0.001636 0.974688 0.781111 0.049375 0.17 7 0.001169 0.974688 0.781111 0.049375 0.17
CCTV10^20251112-220000-20251112-225959_006506,11 0.184814 0.937813 0.8325 0.121875 0.330556 12 0.142212 0.889375 0.688889 0.0725 0.106667 1 0.10968 0.254766 0.806944 0.023906 0.051667 11 0.056641 0.607813 0.619167 0.06125 0.097222 1 0.036621 0.229219 0.803333 0.018438 0.044444 1 0.006123 0.230234 0.801667 0.016406 0.038889 12 0.005821 0.426094 0.216111 0.129688 0.261111 12 0.005405 0.95625 0.822222 0.08625 0.341111 9 0.003298 0.607813 0.619167 0.06125 0.097222 1 0.002758 0.228672 0.805 0.017656 0.045556 12 0.001889 0.678438 0.506806 0.015625 0.035278 12 0.001383 0.508906 0.362361 0.108437 0.190833 10 0.001057 0.937813 0.8325 0.121875 0.330556
CCTV10^20251112-220000-20251112-225959_006507,12 0.615234 0.835 0.752778 0.10125 0.181111 1 0.32251 0.22875 0.800833 0.01625 0.045 12 0.115967 0.89 0.691111 0.07375 0.113333 1 0.042236 0.253125 0.803333 0.024375 0.051111 1 0.006313 0.254688 0.805556 0.024375 0.051111 9 0.005081 0.835 0.752778 0.10125 0.181111 1 0.003765 0.249375 0.803889 0.022187 0.045556 0 0.003565 0.347656 0.615 0.013438 0.03 0 0.003063 0.253125 0.803333 0.024375 0.051111 1 0.002378 0.255938 0.815556 0.019063 0.036667 5 0.001824 0.835 0.752778 0.10125 0.181111 1 0.001782 0.224062 0.801389 0.02875 0.052778
CCTV10^20251112-220000-20251112-225959_006508,1 0.295898 0.228203 0.802778 0.015781 0.042222 12 0.0354 0.89 0.690556 0.0725 0.107778 0 0.014786 0.253203 0.803889 0.025156 0.051111 1 0.007206 0.229219 0.802778 0.014063 0.038889 1 0.006363 0.255625 0.815556 0.019375 0.036667 1 0.004829 0.253203 0.803889 0.025156 0.051111 0 0.002621 0.295 0.625556 0.014687 0.027778 0 0.002199 0.939375 0.912222 0.06125 0.097778 1 0.001184 0.224688 0.8025 0.030312 0.052778 0 0.001143 0.940313 0.912222 0.060625 0.096667 3 0.001121 0.995938 0.941111 0.008125 0.117778
CCTV10^20251112-220000-20251112-225959_006509,11 0.607422 0.5925 0.608056 0.046875 0.087222 2 0.562012 0.11293 0.745278 0.029766 0.055 1 0.361084 0.228047 0.802778 0.016719 0.04 4 0.324219 0.422344 0.684444 0.040937 0.048889 3 0.2323 0.422344 0.684444 0.040937 0.048889 3 0.188354 0.6975 0.623611 0.03375 0.053889 1 0.116333 0.253359 0.802778 0.024219 0.052222 10 0.04303 0.5925 0.608056 0.046875 0.087222 5 0.033966 0.422344 0.684444 0.040937 0.048889 1 0.007812 0.229063 0.803056 0.014375 0.036111 1 0.004887 0.256094 0.816111 0.019062 0.036667 5 0.00297 0.6975 0.623611 0.03375 0.053889 0 0.002653 0.11293 0.745278 0.029766 0.055 1 0.002359 0.250625 0.804444 0.025 0.048889 1 0.001592 0.224766 0.8025 0.030156 0.050556 9 0.00123 0.902813 0.690556 0.043125 0.094444 0 0.001065 0.253359 0.802778 0.024219 0.052222
CCTV10^20251112-220000-20251112-225959_006510,2 0.206909 0.147656 0.914445 0.044062 0.085556 7 0.183594 0.147656 0.914445 0.044062 0.085556 12 0.137573 0.8875 0.693333 0.07625 0.111111 1 0.127686 0.253828 0.803611 0.023906 0.051667 1 0.110107 0.228438 0.803611 0.016875 0.042778 12 0.020248 0.147656 0.914445 0.044062 0.085556 1 0.019058 0.255859 0.816111 0.018594 0.034444 0 0.011963 0.253828 0.803611 0.023906 0.051667 9 0.00956 0.899375 0.909444 0.1825 0.177778 9 0.008949 0.680937 0.701389 0.061875 0.129445 11 0.007122 0.899375 0.909444 0.1825 0.177778 9 0.006145 0.147656 0.914445 0.044062 0.085556 1 0.005753 0.229375 0.803056 0.015312 0.038333 9 0.004791 0.89125 0.910278 0.1675 0.176111 0 0.0047 0.295156 0.624722 0.014688 0.029444 10 0.004665 0.680937 0.701389 0.061875 0.129445 0 0.00428 0.3475 0.613889 0.014375 0.032222 0 0.004086 0.147656 0.914445 0.044062 0.085556 11 0.00387 0.680937 0.701389 0.061875 0.129445 4 0.003622 0.147656 0.914445 0.044062 0.085556 12 0.002502 0.680937 0.701389 0.061875 0.129445 11 0.002083 0.147656 0.914445 0.044062 0.085556 4 0.001912 0.899375 0.909444 0.1825 0.177778 2 0.001687 0.3475 0.613889 0.014375 0.032222 11 0.001661 0.89125 0.910278 0.1675 0.176111 0 0.001561 0.899375 0.909444 0.1825 0.177778 0 0.001399 0.295938 0.623056 0.015 0.028333 12 0.001399 0.430312 0.211181 0.139375 0.283194 12 0.001315 0.435 0.234931 0.126875 0.260139
CCTV10^20251112-220000-20251112-225959_006511,3 0.492188 0.137422 0.869722 0.051094 0.080556 1 0.299072 0.228594 0.802778 0.015938 0.04 0 0.144165 0.087559 0.748889 0.026289 0.073333 1 0.138428 0.254844 0.805833 0.024062 0.051667 0 0.110474 0.087266 0.749444 0.025625 0.07 2 0.09845 0.087559 0.748889 0.026289 0.073333 2 0.030106 0.087266 0.749444 0.025625 0.07 12 0.012146 0.888437 0.69 0.075625 0.108889 9 0.01017 0.770938 0.708889 0.044375 0.082222 1 0.007549 0.229063 0.8025 0.014063 0.037222 0 0.006241 0.254844 0.805833 0.024062 0.051667 1 0.0021 0.255703 0.816111 0.019219 0.035556 4 0.001904 0.087266 0.749444 0.025625 0.07 12 0.001853 0.087559 0.748889 0.026289 0.073333 12 0.001741 0.433125 0.236875 0.124375 0.255694 7 0.0017 0.087559 0.748889 0.026289 0.073333 3 0.001597 0.087266 0.749444 0.025625 0.07 1 0.001561 0.087266 0.749444 0.025625 0.07 0 0.001525 0.229375 0.934445 0.086875 0.124444 4 0.001467 0.087559 0.748889 0.026289 0.073333 0 0.001165 0.399844 0.612778 0.022813 0.043333 4 0.001161 0.231875 0.943889 0.09 0.111111 9 0.001112 0.087266 0.749444 0.025625 0.07 0 0.00109 0.295078 0.625556 0.014531 0.027778 3 0.001 0.087559 0.748889 0.026289 0.073333
CCTV10^20251112-220000-20251112-225959_006512,1 0.368408 0.124453 0.821667 0.020156 0.045556 0 0.332764 0.253359 0.803333 0.025781 0.052222 1 0.139404 0.228516 0.802778 0.017344 0.043333 1 0.122498 0.124258 0.820833 0.017891 0.043889 1 0.005642 0.229141 0.802222 0.015156 0.04 1 0.004181 0.124063 0.821945 0.031562 0.062778 0 0.003914 0.347344 0.613889 0.014063 0.032222 1 0.003016 0.253359 0.803333 0.025781 0.052222 1 0.0028 0.255391 0.815278 0.019219 0.036111 4 0.002642 0.126055 0.658611 0.020391 0.045 0 0.00215 0.125664 0.662778 0.020391 0.044444 2 0.001926 0.113398 0.769722 0.034453 0.055 2 0.001846 0.347344 0.613889 0.014063 0.032222 2 0.001399 0.114531 0.762222 0.032187 0.057778 0 0.001346 0.126055 0.658611 0.020391 0.045 12 0.001073 0.429063 0.227986 0.1425 0.229583
CCTV10^20251112-220000-20251112-225959_006513,1 0.59082 0.227344 0.798333 0.018438 0.046667 1 0.026657 0.253594 0.803611 0.025 0.052778 0 0.020798 0.253594 0.803611 0.025 0.052778 12 0.004791 0.889063 0.690556 0.076875 0.111111 0 0.003363 0.227344 0.798333 0.018438 0.046667 1 0.002502 0.255781 0.815278 0.01875 0.038333 10 0.002035 0.845938 0.813333 0.304375 0.37 0 0.001315 0.347656 0.614444 0.013438 0.03 4 0.001161 0.243906 0.628056 0.022187 0.039444 3 0.001073 0.227344 0.798333 0.018438 0.046667
CCTV10^20251112-220000-20251112-225959_006514,12 0.00927 0.889063 0.689444 0.075625 0.11 0 0.007347 0.347656 0.614167 0.014063 0.031667 1 0.00423 0.237188 0.788889 0.0225 0.051111 12 0.00255 0.432813 0.242014 0.12375 0.245972 11 0.001188 0.81 0.79 0.10875 0.185556 0 0.001151 0.237188 0.788889 0.0225 0.051111 11 0.001143 0.882188 0.93 0.221875 0.137778
CCTV10^20251112-220000-20251112-225959_006515,1 0.185913 0.208828 0.7225 0.020469 0.048333 12 0.01033 0.889688 0.689167 0.074375 0.107222 2 0.007462 0.384063 0.395139 0.06375 0.079722 0 0.001748 0.347813 0.614167 0.01375 0.031667 1 0.001073 0.205703 0.721389 0.031719 0.057222
CCTV10^20251112-220000-20251112-225959_006516,12 0.004005 0.891875 0.689167 0.07125 0.108333 0 0.002243 0.218516 0.652778 0.018281 0.041111 11 0.001574 0.548438 0.574722 0.041875 0.071667
CCTV10^20251112-220000-20251112-225959_006517,11 0.37207 0.594219 0.6225 0.047813 0.071667 11 0.259766 0.59125 0.620833 0.056875 0.079444 11 0.049408 0.858438 0.855556 0.283125 0.286667 11 0.020966 0.813125 0.861944 0.16625 0.249444 10 0.004055 0.594219 0.6225 0.047813 0.071667 9 0.002157 0.594219 0.6225 0.047813 0.071667 11 0.00209 0.749375 0.656667 0.08875 0.096667 10 0.001889 0.59125 0.620833 0.056875 0.079444 10 0.001768 0.748438 0.662778 0.093125 0.122222 10 0.001714 0.749375 0.656667 0.08875 0.096667 11 0.001668 0.598281 0.623056 0.039687 0.062778 4 0.001554 0.594219 0.6225 0.047813 0.071667 4 0.001495 0.243828 0.625 0.020469 0.037778 12 0.001484 0.889063 0.689722 0.079375 0.110556 4 0.001346 0.244375 0.620833 0.02125 0.042778 10 0.00123 0.858438 0.855556 0.283125 0.286667 11 0.001216 0.804688 0.859722 0.144375 0.243889
CCTV10^20251112-220000-20251112-225959_006518,11 0.166626 0.676562 0.698333 0.086875 0.131111 9 0.040833 0.676562 0.698333 0.086875 0.131111 10 0.032104 0.676562 0.698333 0.086875 0.131111 11 0.03186 0.447969 0.803056 0.103438 0.151667 12 0.03186 0.447969 0.803056 0.103438 0.151667 10 0.030441 0.944688 0.878889 0.109375 0.24 11 0.013428 0.446094 0.799722 0.099687 0.149445 10 0.005062 0.447969 0.803056 0.103438 0.151667 12 0.004608 0.446094 0.799722 0.099687 0.149445 10 0.004433 0.676094 0.699722 0.089063 0.148333 12 0.003693 0.889375 0.69 0.0775 0.111111 12 0.00316 0.425469 0.198681 0.138438 0.248194 2 0.002581 0.9475 0.838056 0.105 0.141667 12 0.0021 0.676094 0.699722 0.089063 0.148333 12 0.001681 0.426563 0.220694 0.131875 0.238611 10 0.001478 0.945312 0.880556 0.109375 0.238889 11 0.001225 0.676094 0.699722 0.089063 0.148333 0 0.001151 0.347344 0.613611 0.015312 0.032778
CCTV10^20251112-220000-20251112-225959_006519,11 0.029984 0.369063 0.701389 0.06625 0.118333 9 0.012146 0.369063 0.701389 0.06625 0.118333 0 0.009453 0.399844 0.613333 0.022187 0.044444 12 0.007233 0.373906 0.720833 0.069688 0.156111 12 0.006565 0.88875 0.69 0.07625 0.111111 10 0.005138 0.369063 0.701389 0.06625 0.118333 0 0.003483 0.347031 0.614167 0.016563 0.032778 12 0.001687 0.369063 0.701389 0.06625 0.118333
CCTV10^20251112-220000-20251112-225959_006520,12 0.004646 0.88875 0.688889 0.07625 0.11 12 0.00289 0.514375 0.355694 0.108125 0.184167 3 0.001225 0.67375 0.577778 0.02875 0.045556 3 0.001107 0.675 0.575833 0.02875 0.046111 3 0.001107 0.324297 0.648611 0.038281 0.061667
CCTV10^20251112-220000-20251112-225959_006521,2 0.847168 0.14332 0.900278 0.046797 0.080556 12 0.044342 0.88875 0.688889 0.07375 0.105556 4 0.034241 0.705313 0.617222 0.061875 0.074444 0 0.032715 0.373906 0.384722 0.040312 0.058333 2 0.012527 0.373906 0.384722 0.040312 0.058333 7 0.0047 0.130742 0.728889 0.024297 0.062222 3 0.002867 0.705313 0.617222 0.061875 0.074444 1 0.001315 0.373906 0.384722 0.040312 0.058333
CCTV10^20251112-220000-20251112-225959_006522,2 0.78418 0.09625 0.7425 0.030469 0.061667 12 0.336426 0.887813 0.688889 0.074375 0.102222 12 0.008949 0.513125 0.357778 0.101875 0.174444 1 0.004791 0.373281 0.386944 0.043438 0.057778 2 0.001897 0.373125 0.382639 0.045625 0.056944 1 0.001235 0.373125 0.382639 0.045625 0.056944 12 0.001161 0.415312 0.196806 0.150625 0.251389 12 0.001057 0.358828 0.186667 0.166094 0.314444 0 0.001024 0.373125 0.382639 0.045625 0.056944
CCTV10^20251112-220000-20251112-225959_006523,3 0.112427 0.625156 0.641111 0.044687 0.062222 0 0.090759 0.230234 0.905556 0.032656 0.073333 10 0.024612 0.946563 0.878611 0.106875 0.242778 11 0.002481 0.246719 0.969722 0.052188 0.053889 0 0.001421 0.229531 0.905 0.033125 0.073333 6 0.001294 0.946563 0.878611 0.106875 0.242778 9 0.001037 0.9025 0.690833 0.04625 0.100556 12 0.001008 0.417344 0.195417 0.155313 0.251389
CCTV10^20251112-220000-20251112-225959_006524,11 0.133423 0.83625 0.900556 0.2125 0.196667 1 0.03775 0.333125 0.850556 0.021875 0.05 1 0.019424 0.331563 0.853611 0.02625 0.055 0 0.00433 0.347813 0.614444 0.013125 0.033333 12 0.003679 0.635 0.558611 0.02625 0.056111 4 0.001965 0.244062 0.626944 0.021875 0.039444 0 0.001755 0.400156 0.612778 0.021563 0.042222 2 0.001513 0.347813 0.614444 0.013125 0.033333
CCTV10^20251112-220000-20251112-225959_006525,1 0.629883 0.235078 0.706944 0.020156 0.040556 1 0.019501 0.235938 0.713333 0.019375 0.031111 12 0.0149 0.89 0.690278 0.07375 0.110556 9 0.007317 0.705625 0.694167 0.07 0.118333 0 0.0042 0.347188 0.614722 0.01375 0.031667 12 0.003389 0.69375 0.588056 0.0275 0.056111 2 0.002493 0.347188 0.614722 0.01375 0.031667 0 0.002333 0.399687 0.613333 0.020625 0.042222 11 0.001444 0.69375 0.588056 0.0275 0.056111 0 0.001315 0.69375 0.588056 0.0275 0.056111 3 0.00124 0.235078 0.706944 0.020156 0.040556 2 0.001169 0.69375 0.588056 0.0275 0.056111 0 0.001129 0.235078 0.706944 0.020156 0.040556 4 0.001044 0.69375 0.588056 0.0275 0.056111 0 0.001017 0.295234 0.625556 0.013906 0.027778
CCTV10^20251112-220000-20251112-225959_006526,12 0.072083 0.888437 0.691389 0.076875 0.108333 11 0.006718 0.748125 0.656389 0.09125 0.112778 0 0.00396 0.3475 0.614444 0.01375 0.033333 11 0.003721 0.8775 0.883889 0.2425 0.232222 0 0.00215 0.400156 0.612778 0.022812 0.044444 0 0.001734 0.295469 0.625278 0.014063 0.028333 12 0.001225 0.748125 0.656389 0.09125 0.112778 2 0.001211 0.3475 0.614444 0.01375 0.033333 10 0.00104 0.748125 0.656389 0.09125 0.112778
CCTV10^20251112-220000-20251112-225959_006527,1 0.113586 0.854688 0.826389 0.036875 0.092778 12 0.009018 0.889375 0.691111 0.07375 0.11 0 0.005688 0.3475 0.613889 0.01375 0.032222 1 0.003248 0.854062 0.827778 0.044375 0.107778 4 0.001012 0.243594 0.6275 0.02125 0.039444
CCTV10^20251112-220000-20251112-225959_006528,12 0.028549 0.889375 0.689167 0.075 0.108333 4 0.020096 0.138711 0.706111 0.043203 0.078889 12 0.011421 0.637344 0.920556 0.181562 0.158889 9 0.00729 0.138711 0.706111 0.043203 0.078889
CCTV10^20251112-220000-20251112-225959_006529,12 0.119202 0.889688 0.69 0.074375 0.108889 12 0.026154 0.530781 0.8825 0.228438 0.235 11 0.02298 0.530781 0.8825 0.228438 0.235 12 0.022888 0.479688 0.870556 0.10375 0.178889 10 0.012009 0.530781 0.8825 0.228438 0.235 10 0.011917 0.479688 0.870556 0.10375 0.178889 12 0.00433 0.525469 0.887222 0.217812 0.225556 11 0.003511 0.479688 0.870556 0.10375 0.178889 11 0.001346 0.525469 0.887222 0.217812 0.225556 10 0.001188 0.525469 0.887222 0.217812 0.225556
CCTV10^20251112-220000-20251112-225959_006530,10 0.457031 0.399375 0.762222 0.080625 0.125556 11 0.193115 0.399375 0.762222 0.080625 0.125556 3 0.059875 0.493281 0.765833 0.051562 0.070556 12 0.040253 0.399375 0.762222 0.080625 0.125556 12 0.029541 0.889688 0.689444 0.073125 0.107778 0 0.0121 0.195547 0.860556 0.036406 0.076667 1 0.005959 0.199219 0.873611 0.029687 0.053889 11 0.002779 0.200859 0.971945 0.060781 0.051667 3 0.002359 0.374375 0.379028 0.044375 0.056944 0 0.001707 0.374375 0.379028 0.044375 0.056944 3 0.0017 0.374063 0.38 0.041875 0.054444 9 0.001143 0.399375 0.762222 0.080625 0.125556 1 0.001081 0.195547 0.860556 0.036406 0.076667 2 0.00106 0.374063 0.38 0.041875 0.054444
